source_dataset,catalog_index,image_set,category,image_name,width,height,expected_has_oil,scene_id,scene_source,ID_3,ID_2,split
DARTIS_2019,5444,nc,no_oil_coast,nc-0281-04-000002.jpg,640,640,0,S1A_IW_GRDH_1SDV_20190105T035928_20190105T035953_025337_02CDDA_E728.SAFE,ID_3,S1A_IW_GRDH_1SDV_20190105T035928_20190105T035953_025337_02CDDA_E728.SAFE,S1_20190105_035928_040108_VV_7,external_test
DARTIS_2019,5241,nc,no_oil_coast,nc-0078-01-000002.jpg,640,640,0,S1A_IW_GRDH_1SDV_20190111T154836_20190111T154901_025432_02D14A_E884.SAFE,ID_3,S1A_IW_GRDH_1SDV_20190111T154836_20190111T154901_025432_02D14A_E884.SAFE,S1_20190111_154836_155016_VV_27,external_test
DARTIS_2019,5166,nc,no_oil_coast,nc-0003-00-000003.jpg,640,640,0,S1A_IW_GRDH_1SDV_20190119T034323_20190119T034348_025541_02D53C_8F34.SAFE,ID_3,S1A_IW_GRDH_1SDV_20190119T034323_20190119T034348_025541_02D53C_8F34.SAFE,S1_20190119_034258_034438_VV_67,external_test
DARTIS_2019,5329,nc,no_oil_coast,nc-0166-02-000006.jpg,640,640,0,S1A_IW_GRDH_1SDV_20190205T035231_20190205T035258_025789_02DE41_06AE.SAFE,ID_3,S1A_IW_GRDH_1SDV_20190205T035231_20190205T035258_025789_02DE41_06AE.SAFE,S1_20190205_035116_035258_VV_63,external_test
DARTIS_2019,5249,nc,no_oil_coast,nc-0086-01-000010.jpg,640,640,0,S1A_IW_GRDH_1SDV_20190315T033454_20190315T033519_026343_02F229_357D.SAFE,ID_3,S1A_IW_GRDH_1SDV_20190315T033454_20190315T033519_026343_02F229_357D.SAFE,S1_20190315_033454_033634_VV_4,external_test
DARTIS_2019,5339,nc,no_oil_coast,nc-0176-02-000016.jpg,640,640,0,S1A_IW_GRDH_1SDV_20190324T154951_20190324T155016_026482_02F74C_6262.SAFE,ID_3,S1A_IW_GRDH_1SDV_20190324T154951_20190324T155016_026482_02F74C_6262.SAFE,S1_20190324_154836_155016_VV_100,external_test
DARTIS_2019,5253,nc,no_oil_coast,nc-0090-01-000014.jpg,640,640,0,S1A_IW_GRDH_1SDV_20190406T035117_20190406T035142_026664_02FE02_C5A5.SAFE,ID_3,S1A_IW_GRDH_1SDV_20190406T035117_20190406T035142_026664_02FE02_C5A5.SAFE,S1_20190406_035117_035258_VV_208,external_test
DARTIS_2019,5254,nc,no_oil_coast,nc-0091-01-000015.jpg,640,640,0,S1A_IW_GRDH_1SDV_20190406T035117_20190406T035142_026664_02FE02_C5A5.SAFE,ID_3,S1A_IW_GRDH_1SDV_20190406T035117_20190406T035142_026664_02FE02_C5A5.SAFE,S1_20190406_035117_035258_VV_48,external_test
DARTIS_2019,5345,nc,no_oil_coast,nc-0182-02-000022.jpg,640,640,0,S1A_IW_GRDH_1SDV_20190413T034322_20190413T034347_026766_0301B4_A868.SAFE,ID_3,S1A_IW_GRDH_1SDV_20190413T034322_20190413T034347_026766_0301B4_A868.SAFE,S1_20190413_034257_034437_VV_104,external_test
DARTIS_2019,5467,nc,no_oil_coast,nc-0304-04-000025.jpg,640,640,0,S1A_IW_GRDH_1SDV_20190507T034258_20190507T034323_027116_030E69_363D.SAFE,ID_3,S1A_IW_GRDH_1SDV_20190507T034258_20190507T034323_027116_030E69_363D.SAFE,S1_20190507_034258_034438_VV_38,external_test
DARTIS_2019,5351,nc,no_oil_coast,nc-0188-02-000028.jpg,640,640,0,S1A_IW_GRDH_1SDV_20190511T154927_20190511T154952_027182_031070_998B.SAFE,ID_3,S1A_IW_GRDH_1SDV_20190511T154927_20190511T154952_027182_031070_998B.SAFE,S1_20190511_154837_155017_VV_174,external_test
DARTIS_2019,5194,nc,no_oil_coast,nc-0031-00-000031.jpg,640,640,0,S1A_IW_GRDH_1SDV_20190530T154125_20190530T154150_027459_031913_1260.SAFE,ID_3,S1A_IW_GRDH_1SDV_20190530T154125_20190530T154150_027459_031913_1260.SAFE,S1_20190530_154010_154150_VV_102,external_test
DARTIS_2019,5417,nc,no_oil_coast,nc-0254-03-000019.jpg,640,640,0,S1A_IW_GRDH_1SDV_20190530T154125_20190530T154150_027459_031913_1260.SAFE,ID_3,S1A_IW_GRDH_1SDV_20190530T154125_20190530T154150_027459_031913_1260.SAFE,S1_20190530_154010_154150_VV_40,external_test
DARTIS_2019,5265,nc,no_oil_coast,nc-0102-01-000026.jpg,640,640,0,S1A_IW_GRDH_1SDV_20190531T034300_20190531T034325_027466_031954_5014.SAFE,ID_3,S1A_IW_GRDH_1SDV_20190531T034300_20190531T034325_027466_031954_5014.SAFE,S1_20190531_034300_034440_VV_200,external_test
DARTIS_2019,5202,nc,no_oil_coast,nc-0039-00-000039.jpg,640,640,0,S1A_IW_GRDH_1SDV_20190711T035121_20190711T035146_028064_032B5E_8132.SAFE,ID_3,S1A_IW_GRDH_1SDV_20190711T035121_20190711T035146_028064_032B5E_8132.SAFE,S1_20190711_035121_035303_VV_37,external_test
DARTIS_2019,5277,nc,no_oil_coast,nc-0114-01-000038.jpg,640,640,0,S1A_IW_GRDH_1SDV_20190725T033525_20190725T033550_028268_03317E_4073.SAFE,ID_3,S1A_IW_GRDH_1SDV_20190725T033525_20190725T033550_028268_03317E_4073.SAFE,S1_20190725_033500_033640_VV_35,external_test
DARTIS_2019,5476,nc,no_oil_coast,nc-0313-04-000034.jpg,640,640,0,S1A_IW_GRDH_1SDV_20190728T035933_20190728T035958_028312_0332E7_D8BB.SAFE,ID_3,S1A_IW_GRDH_1SDV_20190728T035933_20190728T035958_028312_0332E7_D8BB.SAFE,S1_20190728_035933_040113_VV_16,external_test
DARTIS_2019,5361,nc,no_oil_coast,nc-0198-02-000038.jpg,640,640,0,S1A_IW_GRDH_1SDV_20190730T034303_20190730T034328_028341_0333D2_2F03.SAFE,ID_3,S1A_IW_GRDH_1SDV_20190730T034303_20190730T034328_028341_0333D2_2F03.SAFE,S1_20190730_034303_034443_VV_47,external_test
DARTIS_2019,5424,nc,no_oil_coast,nc-0261-03-000026.jpg,640,640,0,S1A_IW_GRDH_1SDV_20190730T034303_20190730T034328_028341_0333D2_2F03.SAFE,ID_3,S1A_IW_GRDH_1SDV_20190730T034303_20190730T034328_028341_0333D2_2F03.SAFE,S1_20190730_034303_034443_VV_26,external_test
DARTIS_2019,5209,nc,no_oil_coast,nc-0046-00-000046.jpg,640,640,0,S1A_IW_GRDH_1SDV_20190809T040049_20190809T040114_028487_03384A_86C8.SAFE,ID_3,S1A_IW_GRDH_1SDV_20190809T040049_20190809T040114_028487_03384A_86C8.SAFE,S1_20190809_035934_040114_VV_47,external_test
DARTIS_2019,5283,nc,no_oil_coast,nc-0120-01-000044.jpg,640,640,0,S1A_IW_GRDH_1SDV_20190815T154958_20190815T155023_028582_033B99_BECB.SAFE,ID_3,S1A_IW_GRDH_1SDV_20190815T154958_20190815T155023_028582_033B99_BECB.SAFE,S1_20190815_154843_155023_VV_95,external_test
DARTIS_2019,5287,nc,no_oil_coast,nc-0124-01-000048.jpg,640,640,0,S1A_IW_GRDH_1SDV_20190827T154843_20190827T154908_028757_0341B2_CC65.SAFE,ID_3,S1A_IW_GRDH_1SDV_20190827T154843_20190827T154908_028757_0341B2_CC65.SAFE,S1_20190827_154843_155023_VV_44,external_test
DARTIS_2019,5213,nc,no_oil_coast,nc-0050-00-000050.jpg,640,640,0,S1A_IW_GRDH_1SDV_20190902T035935_20190902T040000_028837_03447B_7C6D.SAFE,ID_3,S1A_IW_GRDH_1SDV_20190902T035935_20190902T040000_028837_03447B_7C6D.SAFE,S1_20190902_035935_040115_VV_16,external_test
DARTIS_2019,5427,nc,no_oil_coast,nc-0264-03-000029.jpg,640,640,0,S1A_IW_GRDH_1SDV_20190904T034355_20190904T034420_028866_034579_B50C.SAFE,ID_3,S1A_IW_GRDH_1SDV_20190904T034355_20190904T034420_028866_034579_B50C.SAFE,S1_20190904_034305_034445_VV_77,external_test
DARTIS_2019,5219,nc,no_oil_coast,nc-0056-00-000056.jpg,640,640,0,S1A_IW_GRDH_1SDV_20190920T154844_20190920T154909_029107_034DCE_58F5.SAFE,ID_3,S1A_IW_GRDH_1SDV_20190920T154844_20190920T154909_029107_034DCE_58F5.SAFE,S1_20190920_154844_155024_VV_18,external_test
DARTIS_2019,5293,nc,no_oil_coast,nc-0130-01-000054.jpg,640,640,0,S1A_IW_GRDH_1SDV_20190920T154844_20190920T154909_029107_034DCE_58F5.SAFE,ID_3,S1A_IW_GRDH_1SDV_20190920T154844_20190920T154909_029107_034DCE_58F5.SAFE,S1_20190920_154844_155024_VV_23,external_test
DARTIS_2019,5492,nc,no_oil_coast,nc-0329-04-000050.jpg,640,640,0,S1A_IW_GRDH_1SDV_20190920T154844_20190920T154909_029107_034DCE_58F5.SAFE,ID_3,S1A_IW_GRDH_1SDV_20190920T154844_20190920T154909_029107_034DCE_58F5.SAFE,S1_20190920_154844_155024_VV_35,external_test
DARTIS_2019,5296,nc,no_oil_coast,nc-0133-01-000057.jpg,640,640,0,S1A_IW_GRDH_1SDV_20191010T034331_20191010T034356_029391_035788_7CA8.SAFE,ID_3,S1A_IW_GRDH_1SDV_20191010T034331_20191010T034356_029391_035788_7CA8.SAFE,S1_20191010_034306_034446_VV_50,external_test
DARTIS_2019,5298,nc,no_oil_coast,nc-0135-01-000059.jpg,640,640,0,S1A_IW_GRDH_1SDV_20191014T155000_20191014T155025_029457_0359DE_FB77.SAFE,ID_3,S1A_IW_GRDH_1SDV_20191014T155000_20191014T155025_029457_0359DE_FB77.SAFE,S1_20191014_154845_155025_VV_107,external_test
DARTIS_2019,5373,nc,no_oil_coast,nc-0210-02-000050.jpg,640,640,0,S1A_IW_GRDH_1SDV_20191014T155000_20191014T155025_029457_0359DE_FB77.SAFE,ID_3,S1A_IW_GRDH_1SDV_20191014T155000_20191014T155025_029457_0359DE_FB77.SAFE,S1_20191014_154845_155025_VV_106,external_test
DARTIS_2019,5493,nc,no_oil_coast,nc-0330-04-000051.jpg,640,640,0,S1A_IW_GRDH_1SDV_20191014T155000_20191014T155025_029457_0359DE_FB77.SAFE,ID_3,S1A_IW_GRDH_1SDV_20191014T155000_20191014T155025_029457_0359DE_FB77.SAFE,S1_20191014_154845_155025_VV_101,external_test
DARTIS_2019,5302,nc,no_oil_coast,nc-0139-01-000063.jpg,640,640,0,S1A_IW_GRDH_1SDV_20191026T154845_20191026T154910_029632_035FDD_29A5.SAFE,ID_3,S1A_IW_GRDH_1SDV_20191026T154845_20191026T154910_029632_035FDD_29A5.SAFE,S1_20191026_154845_155025_VV_6,external_test
DARTIS_2019,5379,nc,no_oil_coast,nc-0216-02-000056.jpg,640,640,0,S1A_IW_GRDH_1SDV_20191026T154845_20191026T154910_029632_035FDD_29A5.SAFE,ID_3,S1A_IW_GRDH_1SDV_20191026T154845_20191026T154910_029632_035FDD_29A5.SAFE,S1_20191026_154845_155025_VV_54,external_test
DARTIS_2019,5227,nc,no_oil_coast,nc-0064-00-000064.jpg,640,640,0,S1A_IW_GRDH_1SDV_20191108T035126_20191108T035151_029814_03664C_FCC5.SAFE,ID_3,S1A_IW_GRDH_1SDV_20191108T035126_20191108T035151_029814_03664C_FCC5.SAFE,S1_20191108_035126_035307_VV_22,external_test
DARTIS_2019,5231,nc,no_oil_coast,nc-0068-00-000068.jpg,640,640,0,S1A_IW_GRDH_1SDV_20191120T035126_20191120T035151_029989_036C5B_1AC3.SAFE,ID_3,S1A_IW_GRDH_1SDV_20191120T035126_20191120T035151_029989_036C5B_1AC3.SAFE,S1_20191120_035126_035307_VV_31,external_test
DARTIS_2019,5501,nc,no_oil_coast,nc-0338-04-000059.jpg,640,640,0,S1A_IW_GRDH_1SDV_20191120T035126_20191120T035151_029989_036C5B_1AC3.SAFE,ID_3,S1A_IW_GRDH_1SDV_20191120T035126_20191120T035151_029989_036C5B_1AC3.SAFE,S1_20191120_035126_035307_VV_0,external_test
DARTIS_2019,5314,nc,no_oil_coast,nc-0151-01-000075.jpg,640,640,0,S1A_IW_GRDH_1SDV_20191213T154844_20191213T154909_030332_03783C_3747.SAFE,ID_3,S1A_IW_GRDH_1SDV_20191213T154844_20191213T154909_030332_03783C_3747.SAFE,S1_20191213_154844_155024_VV_105,external_test
DARTIS_2019,5507,nc,no_oil_coast,nc-0344-04-000065.jpg,640,640,0,S1A_IW_GRDH_1SDV_20191213T154844_20191213T154909_030332_03783C_3747.SAFE,ID_3,S1A_IW_GRDH_1SDV_20191213T154844_20191213T154909_030332_03783C_3747.SAFE,S1_20191213_154844_155024_VV_101,external_test
DARTIS_2019,5392,nc,no_oil_coast,nc-0229-02-000069.jpg,640,640,0,S1A_IW_GRDH_1SDV_20191214T035125_20191214T035150_030339_037875_3C8E.SAFE,ID_3,S1A_IW_GRDH_1SDV_20191214T035125_20191214T035150_030339_037875_3C8E.SAFE,S1_20191214_035125_035306_VV_47,external_test
DARTIS_2019,5508,nc,no_oil_coast,nc-0345-04-000066.jpg,640,640,0,S1A_IW_GRDH_1SDV_20191214T035125_20191214T035150_030339_037875_3C8E.SAFE,ID_3,S1A_IW_GRDH_1SDV_20191214T035125_20191214T035150_030339_037875_3C8E.SAFE,S1_20191214_035125_035306_VV_70,external_test
DARTIS_2019,5391,nc,no_oil_coast,nc-0228-02-000068.jpg,640,640,0,S1A_IW_GRDH_1SDV_20191214T035240_20191214T035306_030339_037875_300E.SAFE,ID_3,S1A_IW_GRDH_1SDV_20191214T035240_20191214T035306_030339_037875_300E.SAFE,S1_20191214_035125_035306_VV_131,external_test
DARTIS_2019,5239,nc,no_oil_coast,nc-0076-00-000076.jpg,640,640,0,S1A_IW_GRDH_1SDV_20191216T033527_20191216T033552_030368_037971_A81F.SAFE,ID_3,S1A_IW_GRDH_1SDV_20191216T033527_20191216T033552_030368_037971_A81F.SAFE,S1_20191216_033502_033642_VV_134,external_test
DARTIS_2019,5316,nc,no_oil_coast,nc-0153-01-000077.jpg,640,640,0,S1A_IW_GRDH_1SDV_20191216T033527_20191216T033552_030368_037971_A81F.SAFE,ID_3,S1A_IW_GRDH_1SDV_20191216T033527_20191216T033552_030368_037971_A81F.SAFE,S1_20191216_033502_033642_VV_153,external_test
DARTIS_2019,5318,nc,no_oil_coast,nc-0155-01-000079.jpg,640,640,0,S1A_IW_GRDH_1SDV_20191220T154130_20191220T154155_030434_037BB3_2D8A.SAFE,ID_3,S1A_IW_GRDH_1SDV_20191220T154130_20191220T154155_030434_037BB3_2D8A.SAFE,S1_20191220_154015_154155_VV_258,external_test
DARTIS_2019,5240,nc,no_oil_coast,nc-0077-01-000001.jpg,640,640,0,S1B_IW_GRDH_1SDV_20190101T034235_20190101T034300_014295_01A97E_458A.SAFE,ID_3,S1B_IW_GRDH_1SDV_20190101T034235_20190101T034300_014295_01A97E_458A.SAFE,S1_20190101_034235_034350_VV_15,external_test
DARTIS_2019,5324,nc,no_oil_coast,nc-0161-02-000001.jpg,640,640,0,S1B_IW_GRDH_1SDV_20190101T034235_20190101T034300_014295_01A97E_458A.SAFE,ID_3,S1B_IW_GRDH_1SDV_20190101T034235_20190101T034300_014295_01A97E_458A.SAFE,S1_20190101_034235_034350_VV_68,external_test
DARTIS_2019,5326,nc,no_oil_coast,nc-0163-02-000003.jpg,640,640,0,S1B_IW_GRDH_1SDV_20190113T034235_20190113T034300_014470_01AF20_B0E8.SAFE,ID_3,S1B_IW_GRDH_1SDV_20190113T034235_20190113T034300_014470_01AF20_B0E8.SAFE,S1_20190113_034235_034350_VV_25,external_test
DARTIS_2019,5400,nc,no_oil_coast,nc-0237-03-000002.jpg,640,640,0,S1B_IW_GRDH_1SDV_20190120T033409_20190120T033434_014572_01B258_3D3D.SAFE,ID_3,S1B_IW_GRDH_1SDV_20190120T033409_20190120T033434_014572_01B258_3D3D.SAFE,S1_20190120_033409_033549_VV_4,external_test
DARTIS_2019,5173,nc,no_oil_coast,nc-0010-00-000010.jpg,640,640,0,S1B_IW_GRDH_1SDV_20190222T154900_20190222T154925_015061_01C24C_2830.SAFE,ID_3,S1B_IW_GRDH_1SDV_20190222T154900_20190222T154925_015061_01C24C_2830.SAFE,S1_20190222_154745_154925_VV_230,external_test
DARTIS_2019,5174,nc,no_oil_coast,nc-0011-00-000011.jpg,640,640,0,S1B_IW_GRDH_1SDV_20190223T035130_20190223T035155_015068_01C287_0DC8.SAFE,ID_3,S1B_IW_GRDH_1SDV_20190223T035130_20190223T035155_015068_01C287_0DC8.SAFE,S1_20190223_035040_035219_VV_255,external_test
DARTIS_2019,5405,nc,no_oil_coast,nc-0242-03-000007.jpg,640,640,0,S1B_IW_GRDH_1SDV_20190225T033433_20190225T033458_015097_01C374_2456.SAFE,ID_3,S1B_IW_GRDH_1SDV_20190225T033433_20190225T033458_015097_01C374_2456.SAFE,S1_20190225_033408_033548_VV_33,external_test
DARTIS_2019,5185,nc,no_oil_coast,nc-0022-00-000022.jpg,640,640,0,S1B_IW_GRDH_1SDV_20190407T034324_20190407T034349_015695_01D728_35B4.SAFE,ID_3,S1B_IW_GRDH_1SDV_20190407T034324_20190407T034349_015695_01D728_35B4.SAFE,S1_20190407_034234_034349_VV_109,external_test
DARTIS_2019,5256,nc,no_oil_coast,nc-0093-01-000017.jpg,640,640,0,S1B_IW_GRDH_1SDV_20190407T034324_20190407T034349_015695_01D728_35B4.SAFE,ID_3,S1B_IW_GRDH_1SDV_20190407T034324_20190407T034349_015695_01D728_35B4.SAFE,S1_20190407_034234_034349_VV_98,external_test
DARTIS_2019,5342,nc,no_oil_coast,nc-0179-02-000019.jpg,640,640,0,S1B_IW_GRDH_1SDV_20190407T034324_20190407T034349_015695_01D728_35B4.SAFE,ID_3,S1B_IW_GRDH_1SDV_20190407T034324_20190407T034349_015695_01D728_35B4.SAFE,S1_20190407_034234_034349_VV_70,external_test
DARTIS_2019,5193,nc,no_oil_coast,nc-0030-00-000030.jpg,640,640,0,S1B_IW_GRDH_1SDV_20190525T034335_20190525T034400_016395_01EDD2_0888.SAFE,ID_3,S1B_IW_GRDH_1SDV_20190525T034335_20190525T034400_016395_01EDD2_0888.SAFE,S1_20190525_034220_034400_VV_51,external_test
DARTIS_2019,5416,nc,no_oil_coast,nc-0253-03-000018.jpg,640,640,0,S1B_IW_GRDH_1SDV_20190529T154903_20190529T154928_016461_01EFC4_CD23.SAFE,ID_3,S1B_IW_GRDH_1SDV_20190529T154903_20190529T154928_016461_01EFC4_CD23.SAFE,S1_20190529_154748_154928_VV_50,external_test
DARTIS_2019,5469,nc,no_oil_coast,nc-0306-04-000027.jpg,640,640,0,S1B_IW_GRDH_1SDV_20190529T154903_20190529T154928_016461_01EFC4_CD23.SAFE,ID_3,S1B_IW_GRDH_1SDV_20190529T154903_20190529T154928_016461_01EFC4_CD23.SAFE,S1_20190529_154748_154928_VV_62,external_test
DARTIS_2019,5474,nc,no_oil_coast,nc-0311-04-000032.jpg,640,640,0,S1B_IW_GRDH_1SDV_20190622T154904_20190622T154929_016811_01FA2F_B265.SAFE,ID_3,S1B_IW_GRDH_1SDV_20190622T154904_20190622T154929_016811_01FA2F_B265.SAFE,S1_20190622_154749_154929_VV_72,external_test
DARTIS_2019,5363,nc,no_oil_coast,nc-0200-02-000040.jpg,640,640,0,S1B_IW_GRDH_1SDV_20190805T034249_20190805T034314_017445_020CF7_94B6.SAFE,ID_3,S1B_IW_GRDH_1SDV_20190805T034249_20190805T034314_017445_020CF7_94B6.SAFE,S1_20190805_034224_034404_VV_58,external_test
DARTIS_2019,5214,nc,no_oil_coast,nc-0051-00-000051.jpg,640,640,0,S1B_IW_GRDH_1SDV_20190903T035138_20190903T035203_017868_021A04_85C3.SAFE,ID_3,S1B_IW_GRDH_1SDV_20190903T035138_20190903T035203_017868_021A04_85C3.SAFE,S1_20190903_035048_035227_VV_59,external_test
DARTIS_2019,5290,nc,no_oil_coast,nc-0127-01-000051.jpg,640,640,0,S1B_IW_GRDH_1SDV_20190905T033441_20190905T033506_017897_021AE1_97C9.SAFE,ID_3,S1B_IW_GRDH_1SDV_20190905T033441_20190905T033506_017897_021AE1_97C9.SAFE,S1_20190905_033416_033556_VV_38,external_test
DARTIS_2019,5368,nc,no_oil_coast,nc-0205-02-000045.jpg,640,640,0,S1B_IW_GRDH_1SDV_20190905T033441_20190905T033506_017897_021AE1_97C9.SAFE,ID_3,S1B_IW_GRDH_1SDV_20190905T033441_20190905T033506_017897_021AE1_97C9.SAFE,S1_20190905_033416_033556_VV_28,external_test
DARTIS_2019,5217,nc,no_oil_coast,nc-0054-00-000054.jpg,640,640,0,S1B_IW_GRDH_1SDV_20190915T035049_20190915T035114_018043_021F77_F12E.SAFE,ID_3,S1B_IW_GRDH_1SDV_20190915T035049_20190915T035114_018043_021F77_F12E.SAFE,S1_20190915_035049_035228_VV_42,external_test
DARTIS_2019,5299,nc,no_oil_coast,nc-0136-01-000060.jpg,640,640,0,S1B_IW_GRDH_1SDV_20191016T034227_20191016T034252_018495_022D96_DFD2.SAFE,ID_3,S1B_IW_GRDH_1SDV_20191016T034227_20191016T034252_018495_022D96_DFD2.SAFE,S1_20191016_034227_034407_VV_61,external_test
DARTIS_2019,5375,nc,no_oil_coast,nc-0212-02-000052.jpg,640,640,0,S1B_IW_GRDH_1SDV_20191016T034227_20191016T034252_018495_022D96_DFD2.SAFE,ID_3,S1B_IW_GRDH_1SDV_20191016T034227_20191016T034252_018495_022D96_DFD2.SAFE,S1_20191016_034227_034407_VV_39,external_test
DARTIS_2019,5376,nc,no_oil_coast,nc-0213-02-000053.jpg,640,640,0,S1B_IW_GRDH_1SDV_20191021T035139_20191021T035204_018568_022FC0_7FCF.SAFE,ID_3,S1B_IW_GRDH_1SDV_20191021T035139_20191021T035204_018568_022FC0_7FCF.SAFE,S1_20191021_035049_035228_VV_187,external_test
DARTIS_2019,5439,nc,no_oil_coast,nc-0276-03-000041.jpg,640,640,0,S1B_IW_GRDH_1SDV_20191109T034252_20191109T034317_018845_0238A3_587D.SAFE,ID_3,S1B_IW_GRDH_1SDV_20191109T034252_20191109T034317_018845_0238A3_587D.SAFE,S1_20191109_034227_034407_VV_54,external_test
DARTIS_2019,5306,nc,no_oil_coast,nc-0143-01-000067.jpg,640,640,0,S1B_IW_GRDH_1SDV_20191121T034317_20191121T034342_019020_023E45_5CFB.SAFE,ID_3,S1B_IW_GRDH_1SDV_20191121T034317_20191121T034342_019020_023E45_5CFB.SAFE,S1_20191121_034227_034407_VV_175,external_test
DARTIS_2019,5503,nc,no_oil_coast,nc-0340-04-000061.jpg,640,640,0,S1B_IW_GRDH_1SDV_20191205T160438_20191205T160503_019232_0244F5_5369.SAFE,ID_3,S1B_IW_GRDH_1SDV_20191205T160438_20191205T160503_019232_0244F5_5369.SAFE,S1_20191205_160413_160553_VV_135,external_test
DARTIS_2019,5393,nc,no_oil_coast,nc-0230-02-000070.jpg,640,640,0,S1B_IW_GRDH_1SDV_20191220T035048_20191220T035113_019443_024BA5_28B4.SAFE,ID_3,S1B_IW_GRDH_1SDV_20191220T035048_20191220T035113_019443_024BA5_28B4.SAFE,S1_20191220_035048_035227_VV_43,external_test
DARTIS_2019,5395,nc,no_oil_coast,nc-0232-02-000072.jpg,640,640,0,S1B_IW_GRDH_1SDV_20191225T035948_20191225T040013_019516_024E03_FD65.SAFE,ID_3,S1B_IW_GRDH_1SDV_20191225T035948_20191225T040013_019516_024E03_FD65.SAFE,S1_20191225_035858_040037_VV_45,external_test
DARTIS_2019,3729,nw,no_oil_water,nw-0505-03-000002.jpg,640,640,0,S1A_IW_GRDH_1SDV_20190105T035928_20190105T035953_025337_02CDDA_E728.SAFE,ID_3,S1A_IW_GRDH_1SDV_20190105T035928_20190105T035953_025337_02CDDA_E728.SAFE,S1_20190105_035928_040108_VV_32,external_test
DARTIS_2019,3730,nw,no_oil_water,nw-0506-03-000003.jpg,640,640,0,S1A_IW_GRDH_1SDV_20190105T035928_20190105T035953_025337_02CDDA_E728.SAFE,ID_3,S1A_IW_GRDH_1SDV_20190105T035928_20190105T035953_025337_02CDDA_E728.SAFE,S1_20190105_035928_040108_VV_43,external_test
DARTIS_2019,4650,nw,no_oil_water,nw-1426-09-000002.jpg,640,640,0,S1A_IW_GRDH_1SDV_20190105T035928_20190105T035953_025337_02CDDA_E728.SAFE,ID_3,S1A_IW_GRDH_1SDV_20190105T035928_20190105T035953_025337_02CDDA_E728.SAFE,S1_20190105_035928_040108_VV_17,external_test
DARTIS_2019,4651,nw,no_oil_water,nw-1427-09-000003.jpg,640,640,0,S1A_IW_GRDH_1SDV_20190105T035928_20190105T035953_025337_02CDDA_E728.SAFE,ID_3,S1A_IW_GRDH_1SDV_20190105T035928_20190105T035953_025337_02CDDA_E728.SAFE,S1_20190105_035928_040108_VV_31,external_test
DARTIS_2019,3232,nw,no_oil_water,nw-0008-00-000008.jpg,640,640,0,S1A_IW_GRDH_1SDV_20190111T154836_20190111T154901_025432_02D14A_E884.SAFE,ID_3,S1A_IW_GRDH_1SDV_20190111T154836_20190111T154901_025432_02D14A_E884.SAFE,S1_20190111_154836_155016_VV_22,external_test
DARTIS_2019,3233,nw,no_oil_water,nw-0009-00-000009.jpg,640,640,0,S1A_IW_GRDH_1SDV_20190111T154836_20190111T154901_025432_02D14A_E884.SAFE,ID_3,S1A_IW_GRDH_1SDV_20190111T154836_20190111T154901_025432_02D14A_E884.SAFE,S1_20190111_154836_155016_VV_23,external_test
DARTIS_2019,3234,nw,no_oil_water,nw-0010-00-000010.jpg,640,640,0,S1A_IW_GRDH_1SDV_20190111T154836_20190111T154901_025432_02D14A_E884.SAFE,ID_3,S1A_IW_GRDH_1SDV_20190111T154836_20190111T154901_025432_02D14A_E884.SAFE,S1_20190111_154836_155016_VV_30,external_test
DARTIS_2019,3235,nw,no_oil_water,nw-0011-00-000011.jpg,640,640,0,S1A_IW_GRDH_1SDV_20190111T154836_20190111T154901_025432_02D14A_E884.SAFE,ID_3,S1A_IW_GRDH_1SDV_20190111T154836_20190111T154901_025432_02D14A_E884.SAFE,S1_20190111_154836_155016_VV_55,external_test
DARTIS_2019,4484,nw,no_oil_water,nw-1260-08-000011.jpg,640,640,0,S1A_IW_GRDH_1SDV_20190111T154836_20190111T154901_025432_02D14A_E884.SAFE,ID_3,S1A_IW_GRDH_1SDV_20190111T154836_20190111T154901_025432_02D14A_E884.SAFE,S1_20190111_154836_155016_VV_37,external_test
DARTIS_2019,4822,nw,no_oil_water,nw-1598-10-000006.jpg,640,640,0,S1A_IW_GRDH_1SDV_20190111T154836_20190111T154901_025432_02D14A_E884.SAFE,ID_3,S1A_IW_GRDH_1SDV_20190111T154836_20190111T154901_025432_02D14A_E884.SAFE,S1_20190111_154836_155016_VV_54,external_test
DARTIS_2019,3249,nw,no_oil_water,nw-0025-00-000025.jpg,640,640,0,S1A_IW_GRDH_1SDV_20190118T154123_20190118T154148_025534_02D4F3_FFE7.SAFE;S1A_IW_GRDH_1SDV_20190118T154058_20190118T154123_025534_02D4F3_3A0C.SAFE,ID_3,S1A_IW_GRDH_1SDV_20190118T154123_20190118T154148_025534_02D4F3_FFE7.SAFE;S1A_IW_GRDH_1SDV_20190118T154058_20190118T154123_025534_02D4F3_3A0C.SAFE,S1_20190118_154008_154148_VV_87,external_test
DARTIS_2019,3408,nw,no_oil_water,nw-0184-01-000012.jpg,640,640,0,S1A_IW_GRDH_1SDV_20190119T034323_20190119T034348_025541_02D53C_8F34.SAFE,ID_3,S1A_IW_GRDH_1SDV_20190119T034323_20190119T034348_025541_02D53C_8F34.SAFE,S1_20190119_034258_034438_VV_77,external_test
DARTIS_2019,4657,nw,no_oil_water,nw-1433-09-000009.jpg,640,640,0,S1A_IW_GRDH_1SDV_20190119T034323_20190119T034348_025541_02D53C_8F34.SAFE,ID_3,S1A_IW_GRDH_1SDV_20190119T034323_20190119T034348_025541_02D53C_8F34.SAFE,S1_20190119_034258_034438_VV_57,external_test
DARTIS_2019,4994,nw,no_oil_water,nw-1770-11-000004.jpg,640,640,0,S1A_IW_GRDH_1SDV_20190119T034323_20190119T034348_025541_02D53C_8F34.SAFE,ID_3,S1A_IW_GRDH_1SDV_20190119T034323_20190119T034348_025541_02D53C_8F34.SAFE,S1_20190119_034258_034438_VV_147,external_test
DARTIS_2019,3980,nw,no_oil_water,nw-0756-05-000010.jpg,640,640,0,S1A_IW_GRDH_1SDV_20190121T160604_20190121T160629_025578_02D6AC_EE9B.SAFE,ID_3,S1A_IW_GRDH_1SDV_20190121T160604_20190121T160629_025578_02D6AC_EE9B.SAFE,S1_20190121_160449_160629_VV_59,external_test
DARTIS_2019,3984,nw,no_oil_water,nw-0760-05-000014.jpg,640,640,0,S1A_IW_GRDH_1SDV_20190130T154057_20190130T154122_025709_02DB59_C98B.SAFE,ID_3,S1A_IW_GRDH_1SDV_20190130T154057_20190130T154122_025709_02DB59_C98B.SAFE,S1_20190130_154007_154147_VV_70,external_test
DARTIS_2019,3734,nw,no_oil_water,nw-0510-03-000007.jpg,640,640,0,S1A_IW_GRDH_1SDV_20190130T154122_20190130T154147_025709_02DB59_6E7F.SAFE,ID_3,S1A_IW_GRDH_1SDV_20190130T154122_20190130T154147_025709_02DB59_6E7F.SAFE,S1_20190130_154007_154147_VV_86,external_test
DARTIS_2019,3259,nw,no_oil_water,nw-0035-00-000035.jpg,640,640,0,S1A_IW_GRDH_1SDV_20190217T035141_20190217T035206_025964_02E473_41AA.SAFE,ID_3,S1A_IW_GRDH_1SDV_20190217T035141_20190217T035206_025964_02E473_41AA.SAFE,S1_20190217_035116_035258_VV_71,external_test
DARTIS_2019,3260,nw,no_oil_water,nw-0036-00-000036.jpg,640,640,0,S1A_IW_GRDH_1SDV_20190217T035141_20190217T035206_025964_02E473_41AA.SAFE,ID_3,S1A_IW_GRDH_1SDV_20190217T035141_20190217T035206_025964_02E473_41AA.SAFE,S1_20190217_035116_035258_VV_73,external_test
DARTIS_2019,3591,nw,no_oil_water,nw-0367-02-000024.jpg,640,640,0,S1A_IW_GRDH_1SDV_20190217T035141_20190217T035206_025964_02E473_41AA.SAFE,ID_3,S1A_IW_GRDH_1SDV_20190217T035141_20190217T035206_025964_02E473_41AA.SAFE,S1_20190217_035116_035258_VV_70,external_test
DARTIS_2019,3743,nw,no_oil_water,nw-0519-03-000016.jpg,640,640,0,S1A_IW_GRDH_1SDV_20190217T035141_20190217T035206_025964_02E473_41AA.SAFE,ID_3,S1A_IW_GRDH_1SDV_20190217T035141_20190217T035206_025964_02E473_41AA.SAFE,S1_20190217_035116_035258_VV_62,external_test
DARTIS_2019,3744,nw,no_oil_water,nw-0520-03-000017.jpg,640,640,0,S1A_IW_GRDH_1SDV_20190217T035141_20190217T035206_025964_02E473_41AA.SAFE,ID_3,S1A_IW_GRDH_1SDV_20190217T035141_20190217T035206_025964_02E473_41AA.SAFE,S1_20190217_035116_035258_VV_77,external_test
DARTIS_2019,4499,nw,no_oil_water,nw-1275-08-000026.jpg,640,640,0,S1A_IW_GRDH_1SDV_20190217T035141_20190217T035206_025964_02E473_41AA.SAFE,ID_3,S1A_IW_GRDH_1SDV_20190217T035141_20190217T035206_025964_02E473_41AA.SAFE,S1_20190217_035116_035258_VV_49,external_test
DARTIS_2019,4500,nw,no_oil_water,nw-1276-08-000027.jpg,640,640,0,S1A_IW_GRDH_1SDV_20190217T035141_20190217T035206_025964_02E473_41AA.SAFE,ID_3,S1A_IW_GRDH_1SDV_20190217T035141_20190217T035206_025964_02E473_41AA.SAFE,S1_20190217_035116_035258_VV_79,external_test
DARTIS_2019,4832,nw,no_oil_water,nw-1608-10-000016.jpg,640,640,0,S1A_IW_GRDH_1SDV_20190217T035141_20190217T035206_025964_02E473_41AA.SAFE,ID_3,S1A_IW_GRDH_1SDV_20190217T035141_20190217T035206_025964_02E473_41AA.SAFE,S1_20190217_035116_035258_VV_64,external_test
DARTIS_2019,3268,nw,no_oil_water,nw-0044-00-000044.jpg,640,640,0,S1A_IW_GRDH_1SDV_20190222T035926_20190222T035951_026037_02E70F_1C4A.SAFE,ID_3,S1A_IW_GRDH_1SDV_20190222T035926_20190222T035951_026037_02E70F_1C4A.SAFE,S1_20190222_035926_040106_VV_31,external_test
DARTIS_2019,3598,nw,no_oil_water,nw-0374-02-000031.jpg,640,640,0,S1A_IW_GRDH_1SDV_20190222T035926_20190222T035951_026037_02E70F_1C4A.SAFE,ID_3,S1A_IW_GRDH_1SDV_20190222T035926_20190222T035951_026037_02E70F_1C4A.SAFE,S1_20190222_035926_040106_VV_78,external_test
DARTIS_2019,3750,nw,no_oil_water,nw-0526-03-000023.jpg,640,640,0,S1A_IW_GRDH_1SDV_20190222T035926_20190222T035951_026037_02E70F_1C4A.SAFE,ID_3,S1A_IW_GRDH_1SDV_20190222T035926_20190222T035951_026037_02E70F_1C4A.SAFE,S1_20190222_035926_040106_VV_186,external_test
DARTIS_2019,3752,nw,no_oil_water,nw-0528-03-000025.jpg,640,640,0,S1A_IW_GRDH_1SDV_20190222T035926_20190222T035951_026037_02E70F_1C4A.SAFE,ID_3,S1A_IW_GRDH_1SDV_20190222T035926_20190222T035951_026037_02E70F_1C4A.SAFE,S1_20190222_035926_040106_VV_62,external_test
DARTIS_2019,3895,nw,no_oil_water,nw-0671-04-000006.jpg,640,640,0,S1A_IW_GRDH_1SDV_20190222T035926_20190222T035951_026037_02E70F_1C4A.SAFE,ID_3,S1A_IW_GRDH_1SDV_20190222T035926_20190222T035951_026037_02E70F_1C4A.SAFE,S1_20190222_035926_040106_VV_176,external_test
DARTIS_2019,4509,nw,no_oil_water,nw-1285-08-000036.jpg,640,640,0,S1A_IW_GRDH_1SDV_20190222T035926_20190222T035951_026037_02E70F_1C4A.SAFE,ID_3,S1A_IW_GRDH_1SDV_20190222T035926_20190222T035951_026037_02E70F_1C4A.SAFE,S1_20190222_035926_040106_VV_26,external_test
DARTIS_2019,4670,nw,no_oil_water,nw-1446-09-000022.jpg,640,640,0,S1A_IW_GRDH_1SDV_20190222T035926_20190222T035951_026037_02E70F_1C4A.SAFE,ID_3,S1A_IW_GRDH_1SDV_20190222T035926_20190222T035951_026037_02E70F_1C4A.SAFE,S1_20190222_035926_040106_VV_98,external_test
DARTIS_2019,5008,nw,no_oil_water,nw-1784-11-000018.jpg,640,640,0,S1A_IW_GRDH_1SDV_20190222T035926_20190222T035951_026037_02E70F_1C4A.SAFE,ID_3,S1A_IW_GRDH_1SDV_20190222T035926_20190222T035951_026037_02E70F_1C4A.SAFE,S1_20190222_035926_040106_VV_194,external_test
DARTIS_2019,5009,nw,no_oil_water,nw-1785-11-000019.jpg,640,640,0,S1A_IW_GRDH_1SDV_20190222T035926_20190222T035951_026037_02E70F_1C4A.SAFE,ID_3,S1A_IW_GRDH_1SDV_20190222T035926_20190222T035951_026037_02E70F_1C4A.SAFE,S1_20190222_035926_040106_VV_195,external_test
DARTIS_2019,5010,nw,no_oil_water,nw-1786-11-000020.jpg,640,640,0,S1A_IW_GRDH_1SDV_20190222T035926_20190222T035951_026037_02E70F_1C4A.SAFE,ID_3,S1A_IW_GRDH_1SDV_20190222T035926_20190222T035951_026037_02E70F_1C4A.SAFE,S1_20190222_035926_040106_VV_86,external_test
DARTIS_2019,3900,nw,no_oil_water,nw-0676-04-000011.jpg,640,640,0,S1A_IW_GRDH_1SDV_20190312T154900_20190312T154925_026307_02F0D5_5A39.SAFE,ID_3,S1A_IW_GRDH_1SDV_20190312T154900_20190312T154925_026307_02F0D5_5A39.SAFE,S1_20190312_154835_155015_VV_189,external_test
DARTIS_2019,3901,nw,no_oil_water,nw-0677-04-000012.jpg,640,640,0,S1A_IW_GRDH_1SDV_20190312T154900_20190312T154925_026307_02F0D5_5A39.SAFE,ID_3,S1A_IW_GRDH_1SDV_20190312T154900_20190312T154925_026307_02F0D5_5A39.SAFE,S1_20190312_154835_155015_VV_199,external_test
DARTIS_2019,4001,nw,no_oil_water,nw-0777-05-000031.jpg,640,640,0,S1A_IW_GRDH_1SDV_20190312T154900_20190312T154925_026307_02F0D5_5A39.SAFE,ID_3,S1A_IW_GRDH_1SDV_20190312T154900_20190312T154925_026307_02F0D5_5A39.SAFE,S1_20190312_154835_155015_VV_155,external_test
DARTIS_2019,4159,nw,no_oil_water,nw-0935-06-000023.jpg,640,640,0,S1A_IW_GRDH_1SDV_20190312T154900_20190312T154925_026307_02F0D5_5A39.SAFE,ID_3,S1A_IW_GRDH_1SDV_20190312T154900_20190312T154925_026307_02F0D5_5A39.SAFE,S1_20190312_154835_155015_VV_165,external_test
DARTIS_2019,4160,nw,no_oil_water,nw-0936-06-000024.jpg,640,640,0,S1A_IW_GRDH_1SDV_20190312T154900_20190312T154925_026307_02F0D5_5A39.SAFE,ID_3,S1A_IW_GRDH_1SDV_20190312T154900_20190312T154925_026307_02F0D5_5A39.SAFE,S1_20190312_154835_155015_VV_208,external_test
DARTIS_2019,4337,nw,no_oil_water,nw-1113-07-000035.jpg,640,640,0,S1A_IW_GRDH_1SDV_20190312T154900_20190312T154925_026307_02F0D5_5A39.SAFE,ID_3,S1A_IW_GRDH_1SDV_20190312T154900_20190312T154925_026307_02F0D5_5A39.SAFE,S1_20190312_154835_155015_VV_180,external_test
DARTIS_2019,5027,nw,no_oil_water,nw-1803-11-000037.jpg,640,640,0,S1A_IW_GRDH_1SDV_20190312T154900_20190312T154925_026307_02F0D5_5A39.SAFE,ID_3,S1A_IW_GRDH_1SDV_20190312T154900_20190312T154925_026307_02F0D5_5A39.SAFE,S1_20190312_154835_155015_VV_170,external_test
DARTIS_2019,5028,nw,no_oil_water,nw-1804-11-000038.jpg,640,640,0,S1A_IW_GRDH_1SDV_20190312T154900_20190312T154925_026307_02F0D5_5A39.SAFE,ID_3,S1A_IW_GRDH_1SDV_20190312T154900_20190312T154925_026307_02F0D5_5A39.SAFE,S1_20190312_154835_155015_VV_172,external_test
DARTIS_2019,3441,nw,no_oil_water,nw-0217-01-000045.jpg,640,640,0,S1A_IW_GRDH_1SDV_20190324T154951_20190324T155016_026482_02F74C_6262.SAFE,ID_3,S1A_IW_GRDH_1SDV_20190324T154951_20190324T155016_026482_02F74C_6262.SAFE,S1_20190324_154836_155016_VV_59,external_test
DARTIS_2019,3615,nw,no_oil_water,nw-0391-02-000048.jpg,640,640,0,S1A_IW_GRDH_1SDV_20190324T154951_20190324T155016_026482_02F74C_6262.SAFE,ID_3,S1A_IW_GRDH_1SDV_20190324T154951_20190324T155016_026482_02F74C_6262.SAFE,S1_20190324_154836_155016_VV_70,external_test
DARTIS_2019,4343,nw,no_oil_water,nw-1119-07-000041.jpg,640,640,0,S1A_IW_GRDH_1SDV_20190324T154951_20190324T155016_026482_02F74C_6262.SAFE,ID_3,S1A_IW_GRDH_1SDV_20190324T154951_20190324T155016_026482_02F74C_6262.SAFE,S1_20190324_154836_155016_VV_53,external_test
DARTIS_2019,4344,nw,no_oil_water,nw-1120-07-000042.jpg,640,640,0,S1A_IW_GRDH_1SDV_20190324T154951_20190324T155016_026482_02F74C_6262.SAFE,ID_3,S1A_IW_GRDH_1SDV_20190324T154951_20190324T155016_026482_02F74C_6262.SAFE,S1_20190324_154836_155016_VV_58,external_test
DARTIS_2019,4528,nw,no_oil_water,nw-1304-08-000055.jpg,640,640,0,S1A_IW_GRDH_1SDV_20190324T154951_20190324T155016_026482_02F74C_6262.SAFE,ID_3,S1A_IW_GRDH_1SDV_20190324T154951_20190324T155016_026482_02F74C_6262.SAFE,S1_20190324_154836_155016_VV_57,external_test
DARTIS_2019,4345,nw,no_oil_water,nw-1121-07-000043.jpg,640,640,0,S1A_IW_GRDH_1SDV_20190325T035142_20190325T035207_026489_02F78B_D467.SAFE;S1A_IW_GRDH_1SDV_20190325T035117_20190325T035142_026489_02F78B_9B72.SAFE,ID_3,S1A_IW_GRDH_1SDV_20190325T035142_20190325T035207_026489_02F78B_D467.SAFE;S1A_IW_GRDH_1SDV_20190325T035117_20190325T035142_026489_02F78B_9B72.SAFE,S1_20190325_035117_035258_VV_55,external_test
DARTIS_2019,5040,nw,no_oil_water,nw-1816-11-000050.jpg,640,640,0,S1A_IW_GRDH_1SDV_20190405T154836_20190405T154901_026657_02FDC3_95CA.SAFE,ID_3,S1A_IW_GRDH_1SDV_20190405T154836_20190405T154901_026657_02FDC3_95CA.SAFE,S1_20190405_154836_155016_VV_173,external_test
DARTIS_2019,3908,nw,no_oil_water,nw-0684-04-000019.jpg,640,640,0,S1A_IW_GRDH_1SDV_20190406T035117_20190406T035142_026664_02FE02_C5A5.SAFE,ID_3,S1A_IW_GRDH_1SDV_20190406T035117_20190406T035142_026664_02FE02_C5A5.SAFE,S1_20190406_035117_035258_VV_180,external_test
DARTIS_2019,3911,nw,no_oil_water,nw-0687-04-000022.jpg,640,640,0,S1A_IW_GRDH_1SDV_20190406T035117_20190406T035142_026664_02FE02_C5A5.SAFE,ID_3,S1A_IW_GRDH_1SDV_20190406T035117_20190406T035142_026664_02FE02_C5A5.SAFE,S1_20190406_035117_035258_VV_81,external_test
DARTIS_2019,4347,nw,no_oil_water,nw-1123-07-000045.jpg,640,640,0,S1A_IW_GRDH_1SDV_20190406T035117_20190406T035142_026664_02FE02_C5A5.SAFE,ID_3,S1A_IW_GRDH_1SDV_20190406T035117_20190406T035142_026664_02FE02_C5A5.SAFE,S1_20190406_035117_035258_VV_51,external_test
DARTIS_2019,4348,nw,no_oil_water,nw-1124-07-000046.jpg,640,640,0,S1A_IW_GRDH_1SDV_20190406T035117_20190406T035142_026664_02FE02_C5A5.SAFE,ID_3,S1A_IW_GRDH_1SDV_20190406T035117_20190406T035142_026664_02FE02_C5A5.SAFE,S1_20190406_035117_035258_VV_77,external_test
DARTIS_2019,4686,nw,no_oil_water,nw-1462-09-000038.jpg,640,640,0,S1A_IW_GRDH_1SDV_20190406T035117_20190406T035142_026664_02FE02_C5A5.SAFE,ID_3,S1A_IW_GRDH_1SDV_20190406T035117_20190406T035142_026664_02FE02_C5A5.SAFE,S1_20190406_035117_035258_VV_76,external_test
DARTIS_2019,5047,nw,no_oil_water,nw-1823-11-000057.jpg,640,640,0,S1A_IW_GRDH_1SDV_20190406T035117_20190406T035142_026664_02FE02_C5A5.SAFE,ID_3,S1A_IW_GRDH_1SDV_20190406T035117_20190406T035142_026664_02FE02_C5A5.SAFE,S1_20190406_035117_035258_VV_35,external_test
DARTIS_2019,5048,nw,no_oil_water,nw-1824-11-000058.jpg,640,640,0,S1A_IW_GRDH_1SDV_20190406T035117_20190406T035142_026664_02FE02_C5A5.SAFE,ID_3,S1A_IW_GRDH_1SDV_20190406T035117_20190406T035142_026664_02FE02_C5A5.SAFE,S1_20190406_035117_035258_VV_42,external_test
DARTIS_2019,5049,nw,no_oil_water,nw-1825-11-000059.jpg,640,640,0,S1A_IW_GRDH_1SDV_20190406T035117_20190406T035142_026664_02FE02_C5A5.SAFE,ID_3,S1A_IW_GRDH_1SDV_20190406T035117_20190406T035142_026664_02FE02_C5A5.SAFE,S1_20190406_035117_035258_VV_44,external_test
DARTIS_2019,3907,nw,no_oil_water,nw-0683-04-000018.jpg,640,640,0,S1A_IW_GRDH_1SDV_20190406T035142_20190406T035207_026664_02FE02_BB0A.SAFE,ID_3,S1A_IW_GRDH_1SDV_20190406T035142_20190406T035207_026664_02FE02_BB0A.SAFE,S1_20190406_035117_035258_VV_140,external_test
DARTIS_2019,3910,nw,no_oil_water,nw-0686-04-000021.jpg,640,640,0,S1A_IW_GRDH_1SDV_20190406T035142_20190406T035207_026664_02FE02_BB0A.SAFE,ID_3,S1A_IW_GRDH_1SDV_20190406T035142_20190406T035207_026664_02FE02_BB0A.SAFE,S1_20190406_035117_035258_VV_253,external_test
DARTIS_2019,4013,nw,no_oil_water,nw-0789-05-000043.jpg,640,640,0,S1A_IW_GRDH_1SDV_20190406T035142_20190406T035207_026664_02FE02_BB0A.SAFE,ID_3,S1A_IW_GRDH_1SDV_20190406T035142_20190406T035207_026664_02FE02_BB0A.SAFE,S1_20190406_035117_035258_VV_102,external_test
DARTIS_2019,4171,nw,no_oil_water,nw-0947-06-000035.jpg,640,640,0,S1A_IW_GRDH_1SDV_20190406T035142_20190406T035207_026664_02FE02_BB0A.SAFE,ID_3,S1A_IW_GRDH_1SDV_20190406T035142_20190406T035207_026664_02FE02_BB0A.SAFE,S1_20190406_035117_035258_VV_130,external_test
DARTIS_2019,4172,nw,no_oil_water,nw-0948-06-000036.jpg,640,640,0,S1A_IW_GRDH_1SDV_20190406T035142_20190406T035207_026664_02FE02_BB0A.SAFE,ID_3,S1A_IW_GRDH_1SDV_20190406T035142_20190406T035207_026664_02FE02_BB0A.SAFE,S1_20190406_035117_035258_VV_215,external_test
DARTIS_2019,4173,nw,no_oil_water,nw-0949-06-000037.jpg,640,640,0,S1A_IW_GRDH_1SDV_20190406T035142_20190406T035207_026664_02FE02_BB0A.SAFE,ID_3,S1A_IW_GRDH_1SDV_20190406T035142_20190406T035207_026664_02FE02_BB0A.SAFE,S1_20190406_035117_035258_VV_232,external_test
DARTIS_2019,4174,nw,no_oil_water,nw-0950-06-000038.jpg,640,640,0,S1A_IW_GRDH_1SDV_20190406T035142_20190406T035207_026664_02FE02_BB0A.SAFE,ID_3,S1A_IW_GRDH_1SDV_20190406T035142_20190406T035207_026664_02FE02_BB0A.SAFE,S1_20190406_035117_035258_VV_238,external_test
DARTIS_2019,4175,nw,no_oil_water,nw-0951-06-000039.jpg,640,640,0,S1A_IW_GRDH_1SDV_20190406T035142_20190406T035207_026664_02FE02_BB0A.SAFE,ID_3,S1A_IW_GRDH_1SDV_20190406T035142_20190406T035207_026664_02FE02_BB0A.SAFE,S1_20190406_035117_035258_VV_255,external_test
DARTIS_2019,5042,nw,no_oil_water,nw-1818-11-000052.jpg,640,640,0,S1A_IW_GRDH_1SDV_20190406T035142_20190406T035207_026664_02FE02_BB0A.SAFE,ID_3,S1A_IW_GRDH_1SDV_20190406T035142_20190406T035207_026664_02FE02_BB0A.SAFE,S1_20190406_035117_035258_VV_113,external_test
DARTIS_2019,5043,nw,no_oil_water,nw-1819-11-000053.jpg,640,640,0,S1A_IW_GRDH_1SDV_20190406T035142_20190406T035207_026664_02FE02_BB0A.SAFE,ID_3,S1A_IW_GRDH_1SDV_20190406T035142_20190406T035207_026664_02FE02_BB0A.SAFE,S1_20190406_035117_035258_VV_217,external_test
DARTIS_2019,5044,nw,no_oil_water,nw-1820-11-000054.jpg,640,640,0,S1A_IW_GRDH_1SDV_20190406T035142_20190406T035207_026664_02FE02_BB0A.SAFE,ID_3,S1A_IW_GRDH_1SDV_20190406T035142_20190406T035207_026664_02FE02_BB0A.SAFE,S1_20190406_035117_035258_VV_254,external_test
DARTIS_2019,5045,nw,no_oil_water,nw-1821-11-000055.jpg,640,640,0,S1A_IW_GRDH_1SDV_20190406T035142_20190406T035207_026664_02FE02_BB0A.SAFE,ID_3,S1A_IW_GRDH_1SDV_20190406T035142_20190406T035207_026664_02FE02_BB0A.SAFE,S1_20190406_035117_035258_VV_265,external_test
DARTIS_2019,5046,nw,no_oil_water,nw-1822-11-000056.jpg,640,640,0,S1A_IW_GRDH_1SDV_20190406T035142_20190406T035207_026664_02FE02_BB0A.SAFE,ID_3,S1A_IW_GRDH_1SDV_20190406T035142_20190406T035207_026664_02FE02_BB0A.SAFE,S1_20190406_035117_035258_VV_277,external_test
DARTIS_2019,3623,nw,no_oil_water,nw-0399-02-000056.jpg,640,640,0,S1A_IW_GRDH_1SDV_20190413T034322_20190413T034347_026766_0301B4_A868.SAFE,ID_3,S1A_IW_GRDH_1SDV_20190413T034322_20190413T034347_026766_0301B4_A868.SAFE,S1_20190413_034257_034437_VV_92,external_test
DARTIS_2019,3779,nw,no_oil_water,nw-0555-03-000052.jpg,640,640,0,S1A_IW_GRDH_1SDV_20190413T034322_20190413T034347_026766_0301B4_A868.SAFE,ID_3,S1A_IW_GRDH_1SDV_20190413T034322_20190413T034347_026766_0301B4_A868.SAFE,S1_20190413_034257_034437_VV_120,external_test
DARTIS_2019,4017,nw,no_oil_water,nw-0793-05-000047.jpg,640,640,0,S1A_IW_GRDH_1SDV_20190413T034322_20190413T034347_026766_0301B4_A868.SAFE,ID_3,S1A_IW_GRDH_1SDV_20190413T034322_20190413T034347_026766_0301B4_A868.SAFE,S1_20190413_034257_034437_VV_111,external_test
DARTIS_2019,4019,nw,no_oil_water,nw-0795-05-000049.jpg,640,640,0,S1A_IW_GRDH_1SDV_20190413T034322_20190413T034347_026766_0301B4_A868.SAFE,ID_3,S1A_IW_GRDH_1SDV_20190413T034322_20190413T034347_026766_0301B4_A868.SAFE,S1_20190413_034257_034437_VV_88,external_test
DARTIS_2019,3780,nw,no_oil_water,nw-0556-03-000053.jpg,640,640,0,S1A_IW_GRDH_1SDV_20190413T034347_20190413T034412_026766_0301B4_092E.SAFE,ID_3,S1A_IW_GRDH_1SDV_20190413T034347_20190413T034412_026766_0301B4_092E.SAFE,S1_20190413_034257_034437_VV_133,external_test
DARTIS_2019,3626,nw,no_oil_water,nw-0402-02-000059.jpg,640,640,0,S1A_IW_GRDH_1SDV_20190424T154033_20190424T154058_026934_0307C2_2896.SAFE,ID_3,S1A_IW_GRDH_1SDV_20190424T154033_20190424T154058_026934_0307C2_2896.SAFE,S1_20190424_154008_154148_VV_78,external_test
DARTIS_2019,3783,nw,no_oil_water,nw-0559-03-000056.jpg,640,640,0,S1A_IW_GRDH_1SDV_20190424T154033_20190424T154058_026934_0307C2_2896.SAFE,ID_3,S1A_IW_GRDH_1SDV_20190424T154033_20190424T154058_026934_0307C2_2896.SAFE,S1_20190424_154008_154148_VV_11,external_test
DARTIS_2019,4711,nw,no_oil_water,nw-1487-09-000063.jpg,640,640,0,S1A_IW_GRDH_1SDV_20190507T034258_20190507T034323_027116_030E69_363D.SAFE,ID_3,S1A_IW_GRDH_1SDV_20190507T034258_20190507T034323_027116_030E69_363D.SAFE,S1_20190507_034258_034438_VV_5,external_test
DARTIS_2019,3297,nw,no_oil_water,nw-0073-00-000073.jpg,640,640,0,S1A_IW_GRDH_1SDV_20190511T154927_20190511T154952_027182_031070_998B.SAFE,ID_3,S1A_IW_GRDH_1SDV_20190511T154927_20190511T154952_027182_031070_998B.SAFE,S1_20190511_154837_155017_VV_33,external_test
DARTIS_2019,3796,nw,no_oil_water,nw-0572-03-000069.jpg,640,640,0,S1A_IW_GRDH_1SDV_20190511T154927_20190511T154952_027182_031070_998B.SAFE,ID_3,S1A_IW_GRDH_1SDV_20190511T154927_20190511T154952_027182_031070_998B.SAFE,S1_20190511_154837_155017_VV_70,external_test
DARTIS_2019,5078,nw,no_oil_water,nw-1854-11-000088.jpg,640,640,0,S1A_IW_GRDH_1SDV_20190511T154927_20190511T154952_027182_031070_998B.SAFE,ID_3,S1A_IW_GRDH_1SDV_20190511T154927_20190511T154952_027182_031070_998B.SAFE,S1_20190511_154837_155017_VV_16,external_test
DARTIS_2019,5079,nw,no_oil_water,nw-1855-11-000089.jpg,640,640,0,S1A_IW_GRDH_1SDV_20190511T154927_20190511T154952_027182_031070_998B.SAFE,ID_3,S1A_IW_GRDH_1SDV_20190511T154927_20190511T154952_027182_031070_998B.SAFE,S1_20190511_154837_155017_VV_59,external_test
DARTIS_2019,4209,nw,no_oil_water,nw-0985-06-000073.jpg,640,640,0,S1A_IW_GRDH_1SDV_20190511T154927_20190511T154952_027182_031070_998B.SAFE;S1A_IW_GRDH_1SDV_20190511T154902_20190511T154927_027182_031070_D831.SAFE,ID_3,S1A_IW_GRDH_1SDV_20190511T154927_20190511T154952_027182_031070_998B.SAFE;S1A_IW_GRDH_1SDV_20190511T154902_20190511T154927_027182_031070_D831.SAFE,S1_20190511_154837_155017_VV_156,external_test
DARTIS_2019,3650,nw,no_oil_water,nw-0426-02-000083.jpg,640,640,0,S1A_IW_GRDH_1SDV_20190529T040019_20190529T040044_027437_031860_421A.SAFE,ID_3,S1A_IW_GRDH_1SDV_20190529T040019_20190529T040044_027437_031860_421A.SAFE,S1_20190529_035929_040109_VV_55,external_test
DARTIS_2019,3651,nw,no_oil_water,nw-0427-02-000084.jpg,640,640,0,S1A_IW_GRDH_1SDV_20190529T040019_20190529T040044_027437_031860_421A.SAFE,ID_3,S1A_IW_GRDH_1SDV_20190529T040019_20190529T040044_027437_031860_421A.SAFE,S1_20190529_035929_040109_VV_67,external_test
DARTIS_2019,3803,nw,no_oil_water,nw-0579-03-000076.jpg,640,640,0,S1A_IW_GRDH_1SDV_20190529T040019_20190529T040044_027437_031860_421A.SAFE,ID_3,S1A_IW_GRDH_1SDV_20190529T040019_20190529T040044_027437_031860_421A.SAFE,S1_20190529_035929_040109_VV_91,external_test
DARTIS_2019,4243,nw,no_oil_water,nw-1019-06-000107.jpg,640,640,0,S1A_IW_GRDH_1SDV_20190529T040019_20190529T040044_027437_031860_421A.SAFE,ID_3,S1A_IW_GRDH_1SDV_20190529T040019_20190529T040044_027437_031860_421A.SAFE,S1_20190529_035929_040109_VV_89,external_test
DARTIS_2019,4729,nw,no_oil_water,nw-1505-09-000081.jpg,640,640,0,S1A_IW_GRDH_1SDV_20190529T040019_20190529T040044_027437_031860_421A.SAFE,ID_3,S1A_IW_GRDH_1SDV_20190529T040019_20190529T040044_027437_031860_421A.SAFE,S1_20190529_035929_040109_VV_57,external_test
DARTIS_2019,4730,nw,no_oil_water,nw-1506-09-000082.jpg,640,640,0,S1A_IW_GRDH_1SDV_20190529T040019_20190529T040044_027437_031860_421A.SAFE,ID_3,S1A_IW_GRDH_1SDV_20190529T040019_20190529T040044_027437_031860_421A.SAFE,S1_20190529_035929_040109_VV_71,external_test
DARTIS_2019,4731,nw,no_oil_water,nw-1507-09-000083.jpg,640,640,0,S1A_IW_GRDH_1SDV_20190529T040019_20190529T040044_027437_031860_421A.SAFE,ID_3,S1A_IW_GRDH_1SDV_20190529T040019_20190529T040044_027437_031860_421A.SAFE,S1_20190529_035929_040109_VV_90,external_test
DARTIS_2019,5094,nw,no_oil_water,nw-1870-11-000104.jpg,640,640,0,S1A_IW_GRDH_1SDV_20190529T040019_20190529T040044_027437_031860_421A.SAFE,ID_3,S1A_IW_GRDH_1SDV_20190529T040019_20190529T040044_027437_031860_421A.SAFE,S1_20190529_035929_040109_VV_110,external_test
DARTIS_2019,5097,nw,no_oil_water,nw-1873-11-000107.jpg,640,640,0,S1A_IW_GRDH_1SDV_20190529T040019_20190529T040044_027437_031860_421A.SAFE,ID_3,S1A_IW_GRDH_1SDV_20190529T040019_20190529T040044_027437_031860_421A.SAFE,S1_20190529_035929_040109_VV_80,external_test
DARTIS_2019,4740,nw,no_oil_water,nw-1516-09-000092.jpg,640,640,0,S1A_IW_GRDH_1SDV_20190530T154100_20190530T154125_027459_031913_DA3E.SAFE,ID_3,S1A_IW_GRDH_1SDV_20190530T154100_20190530T154125_027459_031913_DA3E.SAFE,S1_20190530_154010_154150_VV_21,external_test
DARTIS_2019,3805,nw,no_oil_water,nw-0581-03-000078.jpg,640,640,0,S1A_IW_GRDH_1SDV_20190530T154125_20190530T154150_027459_031913_1260.SAFE,ID_3,S1A_IW_GRDH_1SDV_20190530T154125_20190530T154150_027459_031913_1260.SAFE,S1_20190530_154010_154150_VV_114,external_test
DARTIS_2019,3806,nw,no_oil_water,nw-0582-03-000079.jpg,640,640,0,S1A_IW_GRDH_1SDV_20190530T154125_20190530T154150_027459_031913_1260.SAFE,ID_3,S1A_IW_GRDH_1SDV_20190530T154125_20190530T154150_027459_031913_1260.SAFE,S1_20190530_154010_154150_VV_122,external_test
DARTIS_2019,4376,nw,no_oil_water,nw-1152-07-000074.jpg,640,640,0,S1A_IW_GRDH_1SDV_20190530T154125_20190530T154150_027459_031913_1260.SAFE,ID_3,S1A_IW_GRDH_1SDV_20190530T154125_20190530T154150_027459_031913_1260.SAFE,S1_20190530_154010_154150_VV_92,external_test
DARTIS_2019,4552,nw,no_oil_water,nw-1328-08-000079.jpg,640,640,0,S1A_IW_GRDH_1SDV_20190530T154125_20190530T154150_027459_031913_1260.SAFE,ID_3,S1A_IW_GRDH_1SDV_20190530T154125_20190530T154150_027459_031913_1260.SAFE,S1_20190530_154010_154150_VV_84,external_test
DARTIS_2019,4553,nw,no_oil_water,nw-1329-08-000080.jpg,640,640,0,S1A_IW_GRDH_1SDV_20190530T154125_20190530T154150_027459_031913_1260.SAFE,ID_3,S1A_IW_GRDH_1SDV_20190530T154125_20190530T154150_027459_031913_1260.SAFE,S1_20190530_154010_154150_VV_86,external_test
DARTIS_2019,5098,nw,no_oil_water,nw-1874-11-000108.jpg,640,640,0,S1A_IW_GRDH_1SDV_20190530T154125_20190530T154150_027459_031913_1260.SAFE,ID_3,S1A_IW_GRDH_1SDV_20190530T154125_20190530T154150_027459_031913_1260.SAFE,S1_20190530_154010_154150_VV_123,external_test
DARTIS_2019,5099,nw,no_oil_water,nw-1875-11-000109.jpg,640,640,0,S1A_IW_GRDH_1SDV_20190530T154125_20190530T154150_027459_031913_1260.SAFE,ID_3,S1A_IW_GRDH_1SDV_20190530T154125_20190530T154150_027459_031913_1260.SAFE,S1_20190530_154010_154150_VV_43,external_test
DARTIS_2019,3654,nw,no_oil_water,nw-0430-02-000087.jpg,640,640,0,S1A_IW_GRDH_1SDV_20190531T034300_20190531T034325_027466_031954_5014.SAFE,ID_3,S1A_IW_GRDH_1SDV_20190531T034300_20190531T034325_027466_031954_5014.SAFE,S1_20190531_034300_034440_VV_62,external_test
DARTIS_2019,3807,nw,no_oil_water,nw-0583-03-000080.jpg,640,640,0,S1A_IW_GRDH_1SDV_20190531T034300_20190531T034325_027466_031954_5014.SAFE,ID_3,S1A_IW_GRDH_1SDV_20190531T034300_20190531T034325_027466_031954_5014.SAFE,S1_20190531_034300_034440_VV_52,external_test
DARTIS_2019,4554,nw,no_oil_water,nw-1330-08-000081.jpg,640,640,0,S1A_IW_GRDH_1SDV_20190531T034300_20190531T034325_027466_031954_5014.SAFE,ID_3,S1A_IW_GRDH_1SDV_20190531T034300_20190531T034325_027466_031954_5014.SAFE,S1_20190531_034300_034440_VV_20,external_test
DARTIS_2019,4555,nw,no_oil_water,nw-1331-08-000082.jpg,640,640,0,S1A_IW_GRDH_1SDV_20190531T034300_20190531T034325_027466_031954_5014.SAFE,ID_3,S1A_IW_GRDH_1SDV_20190531T034300_20190531T034325_027466_031954_5014.SAFE,S1_20190531_034300_034440_VV_41,external_test
DARTIS_2019,5100,nw,no_oil_water,nw-1876-11-000110.jpg,640,640,0,S1A_IW_GRDH_1SDV_20190531T034300_20190531T034325_027466_031954_5014.SAFE,ID_3,S1A_IW_GRDH_1SDV_20190531T034300_20190531T034325_027466_031954_5014.SAFE,S1_20190531_034300_034440_VV_11,external_test
DARTIS_2019,3300,nw,no_oil_water,nw-0076-00-000076.jpg,640,640,0,S1A_IW_GRDH_1SDV_20190609T155730_20190609T155755_027605_031D91_51DD.SAFE,ID_3,S1A_IW_GRDH_1SDV_20190609T155730_20190609T155755_027605_031D91_51DD.SAFE,S1_20190609_155640_155820_VV_177,external_test
DARTIS_2019,3301,nw,no_oil_water,nw-0077-00-000077.jpg,640,640,0,S1A_IW_GRDH_1SDV_20190609T155730_20190609T155755_027605_031D91_51DD.SAFE,ID_3,S1A_IW_GRDH_1SDV_20190609T155730_20190609T155755_027605_031D91_51DD.SAFE,S1_20190609_155640_155820_VV_31,external_test
DARTIS_2019,3302,nw,no_oil_water,nw-0078-00-000078.jpg,640,640,0,S1A_IW_GRDH_1SDV_20190609T155730_20190609T155755_027605_031D91_51DD.SAFE,ID_3,S1A_IW_GRDH_1SDV_20190609T155730_20190609T155755_027605_031D91_51DD.SAFE,S1_20190609_155640_155820_VV_36,external_test
DARTIS_2019,3657,nw,no_oil_water,nw-0433-02-000090.jpg,640,640,0,S1A_IW_GRDH_1SDV_20190609T155730_20190609T155755_027605_031D91_51DD.SAFE,ID_3,S1A_IW_GRDH_1SDV_20190609T155730_20190609T155755_027605_031D91_51DD.SAFE,S1_20190609_155640_155820_VV_89,external_test
DARTIS_2019,3808,nw,no_oil_water,nw-0584-03-000081.jpg,640,640,0,S1A_IW_GRDH_1SDV_20190609T155730_20190609T155755_027605_031D91_51DD.SAFE,ID_3,S1A_IW_GRDH_1SDV_20190609T155730_20190609T155755_027605_031D91_51DD.SAFE,S1_20190609_155640_155820_VV_83,external_test
DARTIS_2019,4040,nw,no_oil_water,nw-0816-05-000070.jpg,640,640,0,S1A_IW_GRDH_1SDV_20190609T155730_20190609T155755_027605_031D91_51DD.SAFE,ID_3,S1A_IW_GRDH_1SDV_20190609T155730_20190609T155755_027605_031D91_51DD.SAFE,S1_20190609_155640_155820_VV_34,external_test
DARTIS_2019,4041,nw,no_oil_water,nw-0817-05-000071.jpg,640,640,0,S1A_IW_GRDH_1SDV_20190609T155730_20190609T155755_027605_031D91_51DD.SAFE,ID_3,S1A_IW_GRDH_1SDV_20190609T155730_20190609T155755_027605_031D91_51DD.SAFE,S1_20190609_155640_155820_VV_69,external_test
DARTIS_2019,4246,nw,no_oil_water,nw-1022-06-000110.jpg,640,640,0,S1A_IW_GRDH_1SDV_20190609T155730_20190609T155755_027605_031D91_51DD.SAFE,ID_3,S1A_IW_GRDH_1SDV_20190609T155730_20190609T155755_027605_031D91_51DD.SAFE,S1_20190609_155640_155820_VV_178,external_test
DARTIS_2019,4379,nw,no_oil_water,nw-1155-07-000077.jpg,640,640,0,S1A_IW_GRDH_1SDV_20190609T155730_20190609T155755_027605_031D91_51DD.SAFE,ID_3,S1A_IW_GRDH_1SDV_20190609T155730_20190609T155755_027605_031D91_51DD.SAFE,S1_20190609_155640_155820_VV_81,external_test
DARTIS_2019,4871,nw,no_oil_water,nw-1647-10-000055.jpg,640,640,0,S1A_IW_GRDH_1SDV_20190609T155730_20190609T155755_027605_031D91_51DD.SAFE,ID_3,S1A_IW_GRDH_1SDV_20190609T155730_20190609T155755_027605_031D91_51DD.SAFE,S1_20190609_155640_155820_VV_23,external_test
DARTIS_2019,4872,nw,no_oil_water,nw-1648-10-000056.jpg,640,640,0,S1A_IW_GRDH_1SDV_20190609T155730_20190609T155755_027605_031D91_51DD.SAFE,ID_3,S1A_IW_GRDH_1SDV_20190609T155730_20190609T155755_027605_031D91_51DD.SAFE,S1_20190609_155640_155820_VV_92,external_test
DARTIS_2019,3466,nw,no_oil_water,nw-0242-01-000070.jpg,640,640,0,S1A_IW_GRDH_1SDV_20190617T035145_20190617T035210_027714_0320D5_4009.SAFE,ID_3,S1A_IW_GRDH_1SDV_20190617T035145_20190617T035210_027714_0320D5_4009.SAFE,S1_20190617_035120_035301_VV_159,external_test
DARTIS_2019,4391,nw,no_oil_water,nw-1167-07-000089.jpg,640,640,0,S1A_IW_GRDH_1SDV_20190617T035145_20190617T035210_027714_0320D5_4009.SAFE,ID_3,S1A_IW_GRDH_1SDV_20190617T035145_20190617T035210_027714_0320D5_4009.SAFE,S1_20190617_035120_035301_VV_62,external_test
DARTIS_2019,4392,nw,no_oil_water,nw-1168-07-000090.jpg,640,640,0,S1A_IW_GRDH_1SDV_20190617T035145_20190617T035210_027714_0320D5_4009.SAFE,ID_3,S1A_IW_GRDH_1SDV_20190617T035145_20190617T035210_027714_0320D5_4009.SAFE,S1_20190617_035120_035301_VV_63,external_test
DARTIS_2019,4754,nw,no_oil_water,nw-1530-09-000106.jpg,640,640,0,S1A_IW_GRDH_1SDV_20190617T035145_20190617T035210_027714_0320D5_4009.SAFE,ID_3,S1A_IW_GRDH_1SDV_20190617T035145_20190617T035210_027714_0320D5_4009.SAFE,S1_20190617_035120_035301_VV_83,external_test
DARTIS_2019,4888,nw,no_oil_water,nw-1664-10-000072.jpg,640,640,0,S1A_IW_GRDH_1SDV_20190617T035145_20190617T035210_027714_0320D5_4009.SAFE,ID_3,S1A_IW_GRDH_1SDV_20190617T035145_20190617T035210_027714_0320D5_4009.SAFE,S1_20190617_035120_035301_VV_65,external_test
DARTIS_2019,4889,nw,no_oil_water,nw-1665-10-000073.jpg,640,640,0,S1A_IW_GRDH_1SDV_20190617T035145_20190617T035210_027714_0320D5_4009.SAFE,ID_3,S1A_IW_GRDH_1SDV_20190617T035145_20190617T035210_027714_0320D5_4009.SAFE,S1_20190617_035120_035301_VV_67,external_test
DARTIS_2019,3669,nw,no_oil_water,nw-0445-02-000102.jpg,640,640,0,S1A_IW_GRDH_1SDV_20190711T035121_20190711T035146_028064_032B5E_8132.SAFE,ID_3,S1A_IW_GRDH_1SDV_20190711T035121_20190711T035146_028064_032B5E_8132.SAFE,S1_20190711_035121_035303_VV_22,external_test
DARTIS_2019,3670,nw,no_oil_water,nw-0446-02-000103.jpg,640,640,0,S1A_IW_GRDH_1SDV_20190711T035121_20190711T035146_028064_032B5E_8132.SAFE,ID_3,S1A_IW_GRDH_1SDV_20190711T035121_20190711T035146_028064_032B5E_8132.SAFE,S1_20190711_035121_035303_VV_33,external_test
DARTIS_2019,4055,nw,no_oil_water,nw-0831-05-000085.jpg,640,640,0,S1A_IW_GRDH_1SDV_20190711T035121_20190711T035146_028064_032B5E_8132.SAFE,ID_3,S1A_IW_GRDH_1SDV_20190711T035121_20190711T035146_028064_032B5E_8132.SAFE,S1_20190711_035121_035303_VV_125,external_test
DARTIS_2019,4396,nw,no_oil_water,nw-1172-07-000094.jpg,640,640,0,S1A_IW_GRDH_1SDV_20190711T035121_20190711T035146_028064_032B5E_8132.SAFE,ID_3,S1A_IW_GRDH_1SDV_20190711T035121_20190711T035146_028064_032B5E_8132.SAFE,S1_20190711_035121_035303_VV_29,external_test
DARTIS_2019,4759,nw,no_oil_water,nw-1535-09-000111.jpg,640,640,0,S1A_IW_GRDH_1SDV_20190711T035121_20190711T035146_028064_032B5E_8132.SAFE,ID_3,S1A_IW_GRDH_1SDV_20190711T035121_20190711T035146_028064_032B5E_8132.SAFE,S1_20190711_035121_035303_VV_30,external_test
DARTIS_2019,5117,nw,no_oil_water,nw-1893-11-000127.jpg,640,640,0,S1A_IW_GRDH_1SDV_20190711T035121_20190711T035146_028064_032B5E_8132.SAFE,ID_3,S1A_IW_GRDH_1SDV_20190711T035121_20190711T035146_028064_032B5E_8132.SAFE,S1_20190711_035121_035303_VV_56,external_test
DARTIS_2019,4057,nw,no_oil_water,nw-0833-05-000087.jpg,640,640,0,S1A_IW_GRDH_1SDV_20190713T033459_20190713T033524_028093_032C37_1DCD.SAFE,ID_3,S1A_IW_GRDH_1SDV_20190713T033459_20190713T033524_028093_032C37_1DCD.SAFE,S1_20190713_033459_033639_VV_2,external_test
DARTIS_2019,3473,nw,no_oil_water,nw-0249-01-000077.jpg,640,640,0,S1A_IW_GRDH_1SDV_20190718T034418_20190718T034443_028166_032E76_B00A.SAFE,ID_3,S1A_IW_GRDH_1SDV_20190718T034418_20190718T034443_028166_032E76_B00A.SAFE,S1_20190718_034303_034443_VV_108,external_test
DARTIS_2019,4761,nw,no_oil_water,nw-1537-09-000113.jpg,640,640,0,S1A_IW_GRDH_1SDV_20190718T034418_20190718T034443_028166_032E76_B00A.SAFE,ID_3,S1A_IW_GRDH_1SDV_20190718T034418_20190718T034443_028166_032E76_B00A.SAFE,S1_20190718_034303_034443_VV_63,external_test
DARTIS_2019,3824,nw,no_oil_water,nw-0600-03-000097.jpg,640,640,0,S1A_IW_GRDH_1SDV_20190728T035933_20190728T035958_028312_0332E7_D8BB.SAFE,ID_3,S1A_IW_GRDH_1SDV_20190728T035933_20190728T035958_028312_0332E7_D8BB.SAFE,S1_20190728_035933_040113_VV_10,external_test
DARTIS_2019,3825,nw,no_oil_water,nw-0601-03-000098.jpg,640,640,0,S1A_IW_GRDH_1SDV_20190728T035933_20190728T035958_028312_0332E7_D8BB.SAFE,ID_3,S1A_IW_GRDH_1SDV_20190728T035933_20190728T035958_028312_0332E7_D8BB.SAFE,S1_20190728_035933_040113_VV_29,external_test
DARTIS_2019,3317,nw,no_oil_water,nw-0093-00-000093.jpg,640,640,0,S1A_IW_GRDH_1SDV_20190730T034303_20190730T034328_028341_0333D2_2F03.SAFE,ID_3,S1A_IW_GRDH_1SDV_20190730T034303_20190730T034328_028341_0333D2_2F03.SAFE,S1_20190730_034303_034443_VV_28,external_test
DARTIS_2019,4896,nw,no_oil_water,nw-1672-10-000080.jpg,640,640,0,S1A_IW_GRDH_1SDV_20190730T034303_20190730T034328_028341_0333D2_2F03.SAFE,ID_3,S1A_IW_GRDH_1SDV_20190730T034303_20190730T034328_028341_0333D2_2F03.SAFE,S1_20190730_034303_034443_VV_48,external_test
DARTIS_2019,3316,nw,no_oil_water,nw-0092-00-000092.jpg,640,640,0,S1A_IW_GRDH_1SDV_20190730T034353_20190730T034418_028341_0333D2_2D41.SAFE,ID_3,S1A_IW_GRDH_1SDV_20190730T034353_20190730T034418_028341_0333D2_2D41.SAFE,S1_20190730_034303_034443_VV_163,external_test
DARTIS_2019,4899,nw,no_oil_water,nw-1675-10-000083.jpg,640,640,0,S1A_IW_GRDH_1SDV_20190811T034419_20190811T034444_028516_03394F_C4A3.SAFE;S1A_IW_GRDH_1SDV_20190811T034354_20190811T034419_028516_03394F_EA40.SAFE,ID_3,S1A_IW_GRDH_1SDV_20190811T034419_20190811T034444_028516_03394F_C4A3.SAFE;S1A_IW_GRDH_1SDV_20190811T034354_20190811T034419_028516_03394F_EA40.SAFE,S1_20190811_034304_034444_VV_62,external_test
DARTIS_2019,4072,nw,no_oil_water,nw-0848-05-000102.jpg,640,640,0,S1A_IW_GRDH_1SDV_20190827T154843_20190827T154908_028757_0341B2_CC65.SAFE,ID_3,S1A_IW_GRDH_1SDV_20190827T154843_20190827T154908_028757_0341B2_CC65.SAFE,S1_20190827_154843_155023_VV_14,external_test
DARTIS_2019,3324,nw,no_oil_water,nw-0100-00-000100.jpg,640,640,0,S1A_IW_GRDH_1SDV_20190902T035935_20190902T040000_028837_03447B_7C6D.SAFE,ID_3,S1A_IW_GRDH_1SDV_20190902T035935_20190902T040000_028837_03447B_7C6D.SAFE,S1_20190902_035935_040115_VV_48,external_test
DARTIS_2019,3487,nw,no_oil_water,nw-0263-01-000091.jpg,640,640,0,S1A_IW_GRDH_1SDV_20190902T035935_20190902T040000_028837_03447B_7C6D.SAFE,ID_3,S1A_IW_GRDH_1SDV_20190902T035935_20190902T040000_028837_03447B_7C6D.SAFE,S1_20190902_035935_040115_VV_29,external_test
DARTIS_2019,3488,nw,no_oil_water,nw-0264-01-000092.jpg,640,640,0,S1A_IW_GRDH_1SDV_20190902T035935_20190902T040000_028837_03447B_7C6D.SAFE,ID_3,S1A_IW_GRDH_1SDV_20190902T035935_20190902T040000_028837_03447B_7C6D.SAFE,S1_20190902_035935_040115_VV_35,external_test
DARTIS_2019,3684,nw,no_oil_water,nw-0460-02-000117.jpg,640,640,0,S1A_IW_GRDH_1SDV_20190902T035935_20190902T040000_028837_03447B_7C6D.SAFE,ID_3,S1A_IW_GRDH_1SDV_20190902T035935_20190902T040000_028837_03447B_7C6D.SAFE,S1_20190902_035935_040115_VV_28,external_test
DARTIS_2019,4564,nw,no_oil_water,nw-1340-08-000091.jpg,640,640,0,S1A_IW_GRDH_1SDV_20190902T035935_20190902T040000_028837_03447B_7C6D.SAFE,ID_3,S1A_IW_GRDH_1SDV_20190902T035935_20190902T040000_028837_03447B_7C6D.SAFE,S1_20190902_035935_040115_VV_27,external_test
DARTIS_2019,4905,nw,no_oil_water,nw-1681-10-000089.jpg,640,640,0,S1A_IW_GRDH_1SDV_20190902T035935_20190902T040000_028837_03447B_7C6D.SAFE,ID_3,S1A_IW_GRDH_1SDV_20190902T035935_20190902T040000_028837_03447B_7C6D.SAFE,S1_20190902_035935_040115_VV_1,external_test
DARTIS_2019,3494,nw,no_oil_water,nw-0270-01-000098.jpg,640,640,0,S1A_IW_GRDH_1SDV_20190904T034355_20190904T034420_028866_034579_B50C.SAFE,ID_3,S1A_IW_GRDH_1SDV_20190904T034355_20190904T034420_028866_034579_B50C.SAFE,S1_20190904_034305_034445_VV_98,external_test
DARTIS_2019,3685,nw,no_oil_water,nw-0461-02-000118.jpg,640,640,0,S1A_IW_GRDH_1SDV_20190904T034355_20190904T034420_028866_034579_B50C.SAFE,ID_3,S1A_IW_GRDH_1SDV_20190904T034355_20190904T034420_028866_034579_B50C.SAFE,S1_20190904_034305_034445_VV_76,external_test
DARTIS_2019,3836,nw,no_oil_water,nw-0612-03-000109.jpg,640,640,0,S1A_IW_GRDH_1SDV_20190904T034355_20190904T034420_028866_034579_B50C.SAFE,ID_3,S1A_IW_GRDH_1SDV_20190904T034355_20190904T034420_028866_034579_B50C.SAFE,S1_20190904_034305_034445_VV_79,external_test
DARTIS_2019,4567,nw,no_oil_water,nw-1343-08-000094.jpg,640,640,0,S1A_IW_GRDH_1SDV_20190904T034355_20190904T034420_028866_034579_B50C.SAFE,ID_3,S1A_IW_GRDH_1SDV_20190904T034355_20190904T034420_028866_034579_B50C.SAFE,S1_20190904_034305_034445_VV_157,external_test
DARTIS_2019,3837,nw,no_oil_water,nw-0613-03-000110.jpg,640,640,0,S1A_IW_GRDH_1SDV_20190913T155801_20190913T155826_029005_034A50_C207.SAFE,ID_3,S1A_IW_GRDH_1SDV_20190913T155801_20190913T155826_029005_034A50_C207.SAFE,S1_20190913_155646_155826_VV_35,external_test
DARTIS_2019,4417,nw,no_oil_water,nw-1193-07-000115.jpg,640,640,0,S1A_IW_GRDH_1SDV_20190916T034306_20190916T034331_029041_034B8F_685E.SAFE,ID_3,S1A_IW_GRDH_1SDV_20190916T034306_20190916T034331_029041_034B8F_685E.SAFE,S1_20190916_034306_034446_VV_21,external_test
DARTIS_2019,4418,nw,no_oil_water,nw-1194-07-000116.jpg,640,640,0,S1A_IW_GRDH_1SDV_20190920T154844_20190920T154909_029107_034DCE_58F5.SAFE,ID_3,S1A_IW_GRDH_1SDV_20190920T154844_20190920T154909_029107_034DCE_58F5.SAFE,S1_20190920_154844_155024_VV_25,external_test
DARTIS_2019,3512,nw,no_oil_water,nw-0288-01-000116.jpg,640,640,0,S1A_IW_GRDH_1SDV_20191002T154910_20191002T154935_029282_0353D1_55BD.SAFE,ID_3,S1A_IW_GRDH_1SDV_20191002T154910_20191002T154935_029282_0353D1_55BD.SAFE,S1_20191002_154845_155025_VV_24,external_test
DARTIS_2019,3356,nw,no_oil_water,nw-0132-00-000132.jpg,640,640,0,S1A_IW_GRDH_1SDV_20191010T034331_20191010T034356_029391_035788_7CA8.SAFE,ID_3,S1A_IW_GRDH_1SDV_20191010T034331_20191010T034356_029391_035788_7CA8.SAFE,S1_20191010_034306_034446_VV_54,external_test
DARTIS_2019,3357,nw,no_oil_water,nw-0133-00-000133.jpg,640,640,0,S1A_IW_GRDH_1SDV_20191010T034331_20191010T034356_029391_035788_7CA8.SAFE,ID_3,S1A_IW_GRDH_1SDV_20191010T034331_20191010T034356_029391_035788_7CA8.SAFE,S1_20191010_034306_034446_VV_57,external_test
DARTIS_2019,3518,nw,no_oil_water,nw-0294-01-000122.jpg,640,640,0,S1A_IW_GRDH_1SDV_20191010T034331_20191010T034356_029391_035788_7CA8.SAFE,ID_3,S1A_IW_GRDH_1SDV_20191010T034331_20191010T034356_029391_035788_7CA8.SAFE,S1_20191010_034306_034446_VV_61,external_test
DARTIS_2019,4094,nw,no_oil_water,nw-0870-05-000124.jpg,640,640,0,S1A_IW_GRDH_1SDV_20191010T034331_20191010T034356_029391_035788_7CA8.SAFE,ID_3,S1A_IW_GRDH_1SDV_20191010T034331_20191010T034356_029391_035788_7CA8.SAFE,S1_20191010_034306_034446_VV_85,external_test
DARTIS_2019,4938,nw,no_oil_water,nw-1714-10-000122.jpg,640,640,0,S1A_IW_GRDH_1SDV_20191010T034331_20191010T034356_029391_035788_7CA8.SAFE,ID_3,S1A_IW_GRDH_1SDV_20191010T034331_20191010T034356_029391_035788_7CA8.SAFE,S1_20191010_034306_034446_VV_63,external_test
DARTIS_2019,5141,nw,no_oil_water,nw-1917-11-000151.jpg,640,640,0,S1A_IW_GRDH_1SDV_20191010T034331_20191010T034356_029391_035788_7CA8.SAFE,ID_3,S1A_IW_GRDH_1SDV_20191010T034331_20191010T034356_029391_035788_7CA8.SAFE,S1_20191010_034306_034446_VV_44,external_test
DARTIS_2019,3695,nw,no_oil_water,nw-0471-02-000128.jpg,640,640,0,S1A_IW_GRDH_1SDV_20191014T155000_20191014T155025_029457_0359DE_FB77.SAFE,ID_3,S1A_IW_GRDH_1SDV_20191014T155000_20191014T155025_029457_0359DE_FB77.SAFE,S1_20191014_154845_155025_VV_179,external_test
DARTIS_2019,4781,nw,no_oil_water,nw-1557-09-000133.jpg,640,640,0,S1A_IW_GRDH_1SDV_20191014T155000_20191014T155025_029457_0359DE_FB77.SAFE,ID_3,S1A_IW_GRDH_1SDV_20191014T155000_20191014T155025_029457_0359DE_FB77.SAFE,S1_20191014_154845_155025_VV_110,external_test
DARTIS_2019,4782,nw,no_oil_water,nw-1558-09-000134.jpg,640,640,0,S1A_IW_GRDH_1SDV_20191014T155000_20191014T155025_029457_0359DE_FB77.SAFE,ID_3,S1A_IW_GRDH_1SDV_20191014T155000_20191014T155025_029457_0359DE_FB77.SAFE,S1_20191014_154845_155025_VV_120,external_test
DARTIS_2019,3698,nw,no_oil_water,nw-0474-02-000131.jpg,640,640,0,S1A_IW_GRDH_1SDV_20191015T035216_20191015T035241_029464_035A19_207B.SAFE,ID_3,S1A_IW_GRDH_1SDV_20191015T035216_20191015T035241_029464_035A19_207B.SAFE,S1_20191015_035126_035307_VV_47,external_test
DARTIS_2019,3851,nw,no_oil_water,nw-0627-03-000124.jpg,640,640,0,S1A_IW_GRDH_1SDV_20191015T035216_20191015T035241_029464_035A19_207B.SAFE,ID_3,S1A_IW_GRDH_1SDV_20191015T035216_20191015T035241_029464_035A19_207B.SAFE,S1_20191015_035126_035307_VV_167,external_test
DARTIS_2019,3852,nw,no_oil_water,nw-0628-03-000125.jpg,640,640,0,S1A_IW_GRDH_1SDV_20191015T035216_20191015T035241_029464_035A19_207B.SAFE,ID_3,S1A_IW_GRDH_1SDV_20191015T035216_20191015T035241_029464_035A19_207B.SAFE,S1_20191015_035126_035307_VV_57,external_test
DARTIS_2019,3958,nw,no_oil_water,nw-0734-04-000069.jpg,640,640,0,S1A_IW_GRDH_1SDV_20191015T035216_20191015T035241_029464_035A19_207B.SAFE,ID_3,S1A_IW_GRDH_1SDV_20191015T035216_20191015T035241_029464_035A19_207B.SAFE,S1_20191015_035126_035307_VV_169,external_test
DARTIS_2019,4097,nw,no_oil_water,nw-0873-05-000127.jpg,640,640,0,S1A_IW_GRDH_1SDV_20191015T035216_20191015T035241_029464_035A19_207B.SAFE,ID_3,S1A_IW_GRDH_1SDV_20191015T035216_20191015T035241_029464_035A19_207B.SAFE,S1_20191015_035126_035307_VV_52,external_test
DARTIS_2019,4285,nw,no_oil_water,nw-1061-06-000149.jpg,640,640,0,S1A_IW_GRDH_1SDV_20191015T035216_20191015T035241_029464_035A19_207B.SAFE,ID_3,S1A_IW_GRDH_1SDV_20191015T035216_20191015T035241_029464_035A19_207B.SAFE,S1_20191015_035126_035307_VV_165,external_test
DARTIS_2019,4286,nw,no_oil_water,nw-1062-06-000150.jpg,640,640,0,S1A_IW_GRDH_1SDV_20191015T035216_20191015T035241_029464_035A19_207B.SAFE,ID_3,S1A_IW_GRDH_1SDV_20191015T035216_20191015T035241_029464_035A19_207B.SAFE,S1_20191015_035126_035307_VV_82,external_test
DARTIS_2019,4586,nw,no_oil_water,nw-1362-08-000113.jpg,640,640,0,S1A_IW_GRDH_1SDV_20191015T035216_20191015T035241_029464_035A19_207B.SAFE,ID_3,S1A_IW_GRDH_1SDV_20191015T035216_20191015T035241_029464_035A19_207B.SAFE,S1_20191015_035126_035307_VV_61,external_test
DARTIS_2019,5143,nw,no_oil_water,nw-1919-11-000153.jpg,640,640,0,S1A_IW_GRDH_1SDV_20191015T035216_20191015T035241_029464_035A19_207B.SAFE,ID_3,S1A_IW_GRDH_1SDV_20191015T035216_20191015T035241_029464_035A19_207B.SAFE,S1_20191015_035126_035307_VV_163,external_test
DARTIS_2019,5144,nw,no_oil_water,nw-1920-11-000154.jpg,640,640,0,S1A_IW_GRDH_1SDV_20191015T035216_20191015T035241_029464_035A19_207B.SAFE,ID_3,S1A_IW_GRDH_1SDV_20191015T035216_20191015T035241_029464_035A19_207B.SAFE,S1_20191015_035126_035307_VV_83,external_test
DARTIS_2019,4947,nw,no_oil_water,nw-1723-10-000131.jpg,640,640,0,S1A_IW_GRDH_1SDV_20191026T154845_20191026T154910_029632_035FDD_29A5.SAFE,ID_3,S1A_IW_GRDH_1SDV_20191026T154845_20191026T154910_029632_035FDD_29A5.SAFE,S1_20191026_154845_155025_VV_9,external_test
DARTIS_2019,3360,nw,no_oil_water,nw-0136-00-000136.jpg,640,640,0,S1A_IW_GRDH_1SDV_20191027T035126_20191027T035151_029639_036018_5E0C.SAFE,ID_3,S1A_IW_GRDH_1SDV_20191027T035126_20191027T035151_029639_036018_5E0C.SAFE,S1_20191027_035126_035307_VV_29,external_test
DARTIS_2019,3859,nw,no_oil_water,nw-0635-03-000132.jpg,640,640,0,S1A_IW_GRDH_1SDV_20191027T035126_20191027T035151_029639_036018_5E0C.SAFE,ID_3,S1A_IW_GRDH_1SDV_20191027T035126_20191027T035151_029639_036018_5E0C.SAFE,S1_20191027_035126_035307_VV_88,external_test
DARTIS_2019,3702,nw,no_oil_water,nw-0478-02-000135.jpg,640,640,0,S1A_IW_GRDH_1SDV_20191108T035126_20191108T035151_029814_03664C_FCC5.SAFE,ID_3,S1A_IW_GRDH_1SDV_20191108T035126_20191108T035151_029814_03664C_FCC5.SAFE,S1_20191108_035126_035307_VV_9,external_test
DARTIS_2019,4111,nw,no_oil_water,nw-0887-05-000141.jpg,640,640,0,S1A_IW_GRDH_1SDV_20191108T035126_20191108T035151_029814_03664C_FCC5.SAFE,ID_3,S1A_IW_GRDH_1SDV_20191108T035126_20191108T035151_029814_03664C_FCC5.SAFE,S1_20191108_035126_035307_VV_12,external_test
DARTIS_2019,4112,nw,no_oil_water,nw-0888-05-000142.jpg,640,640,0,S1A_IW_GRDH_1SDV_20191108T035126_20191108T035151_029814_03664C_FCC5.SAFE,ID_3,S1A_IW_GRDH_1SDV_20191108T035126_20191108T035151_029814_03664C_FCC5.SAFE,S1_20191108_035126_035307_VV_8,external_test
DARTIS_2019,3863,nw,no_oil_water,nw-0639-03-000136.jpg,640,640,0,S1A_IW_GRDH_1SDV_20191114T154132_20191114T154157_029909_03698D_5D14.SAFE,ID_3,S1A_IW_GRDH_1SDV_20191114T154132_20191114T154157_029909_03698D_5D14.SAFE,S1_20191114_154017_154157_VV_44,external_test
DARTIS_2019,3864,nw,no_oil_water,nw-0640-03-000137.jpg,640,640,0,S1A_IW_GRDH_1SDV_20191114T154132_20191114T154157_029909_03698D_5D14.SAFE,ID_3,S1A_IW_GRDH_1SDV_20191114T154132_20191114T154157_029909_03698D_5D14.SAFE,S1_20191114_154017_154157_VV_67,external_test
DARTIS_2019,3963,nw,no_oil_water,nw-0739-04-000074.jpg,640,640,0,S1A_IW_GRDH_1SDV_20191114T154132_20191114T154157_029909_03698D_5D14.SAFE,ID_3,S1A_IW_GRDH_1SDV_20191114T154132_20191114T154157_029909_03698D_5D14.SAFE,S1_20191114_154017_154157_VV_107,external_test
DARTIS_2019,3964,nw,no_oil_water,nw-0740-04-000075.jpg,640,640,0,S1A_IW_GRDH_1SDV_20191114T154132_20191114T154157_029909_03698D_5D14.SAFE,ID_3,S1A_IW_GRDH_1SDV_20191114T154132_20191114T154157_029909_03698D_5D14.SAFE,S1_20191114_154017_154157_VV_119,external_test
DARTIS_2019,4453,nw,no_oil_water,nw-1229-07-000151.jpg,640,640,0,S1A_IW_GRDH_1SDV_20191114T154132_20191114T154157_029909_03698D_5D14.SAFE,ID_3,S1A_IW_GRDH_1SDV_20191114T154132_20191114T154157_029909_03698D_5D14.SAFE,S1_20191114_154017_154157_VV_45,external_test
DARTIS_2019,4603,nw,no_oil_water,nw-1379-08-000130.jpg,640,640,0,S1A_IW_GRDH_1SDV_20191114T154132_20191114T154157_029909_03698D_5D14.SAFE,ID_3,S1A_IW_GRDH_1SDV_20191114T154132_20191114T154157_029909_03698D_5D14.SAFE,S1_20191114_154017_154157_VV_130,external_test
DARTIS_2019,3366,nw,no_oil_water,nw-0142-00-000142.jpg,640,640,0,S1A_IW_GRDH_1SDV_20191120T035126_20191120T035151_029989_036C5B_1AC3.SAFE,ID_3,S1A_IW_GRDH_1SDV_20191120T035126_20191120T035151_029989_036C5B_1AC3.SAFE,S1_20191120_035126_035307_VV_16,external_test
DARTIS_2019,3367,nw,no_oil_water,nw-0143-00-000143.jpg,640,640,0,S1A_IW_GRDH_1SDV_20191120T035126_20191120T035151_029989_036C5B_1AC3.SAFE,ID_3,S1A_IW_GRDH_1SDV_20191120T035126_20191120T035151_029989_036C5B_1AC3.SAFE,S1_20191120_035126_035307_VV_38,external_test
DARTIS_2019,3368,nw,no_oil_water,nw-0144-00-000144.jpg,640,640,0,S1A_IW_GRDH_1SDV_20191120T035126_20191120T035151_029989_036C5B_1AC3.SAFE,ID_3,S1A_IW_GRDH_1SDV_20191120T035126_20191120T035151_029989_036C5B_1AC3.SAFE,S1_20191120_035126_035307_VV_68,external_test
DARTIS_2019,4956,nw,no_oil_water,nw-1732-10-000140.jpg,640,640,0,S1A_IW_GRDH_1SDV_20191120T035126_20191120T035151_029989_036C5B_1AC3.SAFE,ID_3,S1A_IW_GRDH_1SDV_20191120T035126_20191120T035151_029989_036C5B_1AC3.SAFE,S1_20191120_035126_035307_VV_7,external_test
DARTIS_2019,3538,nw,no_oil_water,nw-0314-01-000142.jpg,640,640,0,S1A_IW_GRDH_1SDV_20191120T035151_20191120T035216_029989_036C5B_72B9.SAFE,ID_3,S1A_IW_GRDH_1SDV_20191120T035151_20191120T035216_029989_036C5B_72B9.SAFE,S1_20191120_035126_035307_VV_97,external_test
DARTIS_2019,5155,nw,no_oil_water,nw-1931-11-000165.jpg,640,640,0,S1A_IW_GRDH_1SDV_20191120T035151_20191120T035216_029989_036C5B_72B9.SAFE,ID_3,S1A_IW_GRDH_1SDV_20191120T035151_20191120T035216_029989_036C5B_72B9.SAFE,S1_20191120_035126_035307_VV_82,external_test
DARTIS_2019,4118,nw,no_oil_water,nw-0894-05-000148.jpg,640,640,0,S1A_IW_GRDH_1SDV_20191121T153319_20191121T153344_030011_036D0E_A76F.SAFE,ID_3,S1A_IW_GRDH_1SDV_20191121T153319_20191121T153344_030011_036D0E_A76F.SAFE,S1_20191121_153229_153344_VV_191,external_test
DARTIS_2019,4799,nw,no_oil_water,nw-1575-09-000151.jpg,640,640,0,S1A_IW_GRDH_1SDV_20191213T154909_20191213T154934_030332_03783C_EB60.SAFE,ID_3,S1A_IW_GRDH_1SDV_20191213T154909_20191213T154934_030332_03783C_EB60.SAFE,S1_20191213_154844_155024_VV_133,external_test
DARTIS_2019,3719,nw,no_oil_water,nw-0495-02-000152.jpg,640,640,0,S1A_IW_GRDH_1SDV_20191214T035125_20191214T035150_030339_037875_3C8E.SAFE,ID_3,S1A_IW_GRDH_1SDV_20191214T035125_20191214T035150_030339_037875_3C8E.SAFE,S1_20191214_035125_035306_VV_67,external_test
DARTIS_2019,3874,nw,no_oil_water,nw-0650-03-000147.jpg,640,640,0,S1A_IW_GRDH_1SDV_20191214T035125_20191214T035150_030339_037875_3C8E.SAFE,ID_3,S1A_IW_GRDH_1SDV_20191214T035125_20191214T035150_030339_037875_3C8E.SAFE,S1_20191214_035125_035306_VV_281,external_test
DARTIS_2019,3875,nw,no_oil_water,nw-0651-03-000148.jpg,640,640,0,S1A_IW_GRDH_1SDV_20191214T035125_20191214T035150_030339_037875_3C8E.SAFE,ID_3,S1A_IW_GRDH_1SDV_20191214T035125_20191214T035150_030339_037875_3C8E.SAFE,S1_20191214_035125_035306_VV_294,external_test
DARTIS_2019,4464,nw,no_oil_water,nw-1240-07-000162.jpg,640,640,0,S1A_IW_GRDH_1SDV_20191214T035125_20191214T035150_030339_037875_3C8E.SAFE,ID_3,S1A_IW_GRDH_1SDV_20191214T035125_20191214T035150_030339_037875_3C8E.SAFE,S1_20191214_035125_035306_VV_11,external_test
DARTIS_2019,4800,nw,no_oil_water,nw-1576-09-000152.jpg,640,640,0,S1A_IW_GRDH_1SDV_20191214T035125_20191214T035150_030339_037875_3C8E.SAFE,ID_3,S1A_IW_GRDH_1SDV_20191214T035125_20191214T035150_030339_037875_3C8E.SAFE,S1_20191214_035125_035306_VV_5,external_test
DARTIS_2019,4128,nw,no_oil_water,nw-0904-05-000158.jpg,640,640,0,S1A_IW_GRDH_1SDV_20191216T033527_20191216T033552_030368_037971_A81F.SAFE,ID_3,S1A_IW_GRDH_1SDV_20191216T033527_20191216T033552_030368_037971_A81F.SAFE,S1_20191216_033502_033642_VV_216,external_test
DARTIS_2019,4468,nw,no_oil_water,nw-1244-07-000166.jpg,640,640,0,S1A_IW_GRDH_1SDV_20191219T035935_20191219T040000_030412_037AF3_6AFD.SAFE,ID_3,S1A_IW_GRDH_1SDV_20191219T035935_20191219T040000_030412_037AF3_6AFD.SAFE,S1_20191219_035935_040115_VV_55,external_test
DARTIS_2019,4469,nw,no_oil_water,nw-1245-07-000167.jpg,640,640,0,S1A_IW_GRDH_1SDV_20191219T035935_20191219T040000_030412_037AF3_6AFD.SAFE,ID_3,S1A_IW_GRDH_1SDV_20191219T035935_20191219T040000_030412_037AF3_6AFD.SAFE,S1_20191219_035935_040115_VV_64,external_test
DARTIS_2019,4470,nw,no_oil_water,nw-1246-07-000168.jpg,640,640,0,S1A_IW_GRDH_1SDV_20191219T035935_20191219T040000_030412_037AF3_6AFD.SAFE,ID_3,S1A_IW_GRDH_1SDV_20191219T035935_20191219T040000_030412_037AF3_6AFD.SAFE,S1_20191219_035935_040115_VV_9,external_test
DARTIS_2019,4974,nw,no_oil_water,nw-1750-10-000158.jpg,640,640,0,S1A_IW_GRDH_1SDV_20191219T035935_20191219T040000_030412_037AF3_6AFD.SAFE,ID_3,S1A_IW_GRDH_1SDV_20191219T035935_20191219T040000_030412_037AF3_6AFD.SAFE,S1_20191219_035935_040115_VV_18,external_test
DARTIS_2019,4975,nw,no_oil_water,nw-1751-10-000159.jpg,640,640,0,S1A_IW_GRDH_1SDV_20191219T035935_20191219T040000_030412_037AF3_6AFD.SAFE,ID_3,S1A_IW_GRDH_1SDV_20191219T035935_20191219T040000_030412_037AF3_6AFD.SAFE,S1_20191219_035935_040115_VV_42,external_test
DARTIS_2019,4976,nw,no_oil_water,nw-1752-10-000160.jpg,640,640,0,S1A_IW_GRDH_1SDV_20191219T035935_20191219T040000_030412_037AF3_6AFD.SAFE,ID_3,S1A_IW_GRDH_1SDV_20191219T035935_20191219T040000_030412_037AF3_6AFD.SAFE,S1_20191219_035935_040115_VV_54,external_test
DARTIS_2019,4977,nw,no_oil_water,nw-1753-10-000161.jpg,640,640,0,S1A_IW_GRDH_1SDV_20191219T035935_20191219T040000_030412_037AF3_6AFD.SAFE,ID_3,S1A_IW_GRDH_1SDV_20191219T035935_20191219T040000_030412_037AF3_6AFD.SAFE,S1_20191219_035935_040115_VV_57,external_test
DARTIS_2019,3390,nw,no_oil_water,nw-0166-00-000166.jpg,640,640,0,S1A_IW_GRDH_1SDV_20191220T154130_20191220T154155_030434_037BB3_2D8A.SAFE,ID_3,S1A_IW_GRDH_1SDV_20191220T154130_20191220T154155_030434_037BB3_2D8A.SAFE,S1_20191220_154015_154155_VV_222,external_test
DARTIS_2019,3391,nw,no_oil_water,nw-0167-00-000167.jpg,640,640,0,S1A_IW_GRDH_1SDV_20191220T154130_20191220T154155_030434_037BB3_2D8A.SAFE,ID_3,S1A_IW_GRDH_1SDV_20191220T154130_20191220T154155_030434_037BB3_2D8A.SAFE,S1_20191220_154015_154155_VV_239,external_test
DARTIS_2019,3392,nw,no_oil_water,nw-0168-00-000168.jpg,640,640,0,S1A_IW_GRDH_1SDV_20191220T154130_20191220T154155_030434_037BB3_2D8A.SAFE,ID_3,S1A_IW_GRDH_1SDV_20191220T154130_20191220T154155_030434_037BB3_2D8A.SAFE,S1_20191220_154015_154155_VV_260,external_test
DARTIS_2019,3560,nw,no_oil_water,nw-0336-01-000164.jpg,640,640,0,S1A_IW_GRDH_1SDV_20191220T154130_20191220T154155_030434_037BB3_2D8A.SAFE,ID_3,S1A_IW_GRDH_1SDV_20191220T154130_20191220T154155_030434_037BB3_2D8A.SAFE,S1_20191220_154015_154155_VV_237,external_test
DARTIS_2019,4301,nw,no_oil_water,nw-1077-06-000165.jpg,640,640,0,S1A_IW_GRDH_1SDV_20191220T154130_20191220T154155_030434_037BB3_2D8A.SAFE,ID_3,S1A_IW_GRDH_1SDV_20191220T154130_20191220T154155_030434_037BB3_2D8A.SAFE,S1_20191220_154015_154155_VV_398,external_test
DARTIS_2019,4985,nw,no_oil_water,nw-1761-10-000169.jpg,640,640,0,S1A_IW_GRDH_1SDV_20191220T154130_20191220T154155_030434_037BB3_2D8A.SAFE,ID_3,S1A_IW_GRDH_1SDV_20191220T154130_20191220T154155_030434_037BB3_2D8A.SAFE,S1_20191220_154015_154155_VV_219,external_test
DARTIS_2019,4986,nw,no_oil_water,nw-1762-10-000170.jpg,640,640,0,S1A_IW_GRDH_1SDV_20191220T154130_20191220T154155_030434_037BB3_2D8A.SAFE,ID_3,S1A_IW_GRDH_1SDV_20191220T154130_20191220T154155_030434_037BB3_2D8A.SAFE,S1_20191220_154015_154155_VV_241,external_test
DARTIS_2019,4474,nw,no_oil_water,nw-1250-08-000001.jpg,640,640,0,S1B_IW_GRDH_1SDV_20190101T034235_20190101T034300_014295_01A97E_458A.SAFE,ID_3,S1B_IW_GRDH_1SDV_20190101T034235_20190101T034300_014295_01A97E_458A.SAFE,S1_20190101_034235_034350_VV_6,external_test
DARTIS_2019,4649,nw,no_oil_water,nw-1425-09-000001.jpg,640,640,0,S1B_IW_GRDH_1SDV_20190101T034235_20190101T034300_014295_01A97E_458A.SAFE,ID_3,S1B_IW_GRDH_1SDV_20190101T034235_20190101T034300_014295_01A97E_458A.SAFE,S1_20190101_034235_034350_VV_24,external_test
DARTIS_2019,3397,nw,no_oil_water,nw-0173-01-000001.jpg,640,640,0,S1B_IW_GRDH_1SDV_20190101T034300_20190101T034325_014295_01A97E_39B8.SAFE;S1B_IW_GRDH_1SDV_20190101T034235_20190101T034300_014295_01A97E_458A.SAFE,ID_3,S1B_IW_GRDH_1SDV_20190101T034300_20190101T034325_014295_01A97E_39B8.SAFE;S1B_IW_GRDH_1SDV_20190101T034235_20190101T034300_014295_01A97E_458A.SAFE,S1_20190101_034235_034350_VV_29,external_test
DARTIS_2019,3398,nw,no_oil_water,nw-0174-01-000002.jpg,640,640,0,S1B_IW_GRDH_1SDV_20190101T034300_20190101T034325_014295_01A97E_39B8.SAFE;S1B_IW_GRDH_1SDV_20190101T034235_20190101T034300_014295_01A97E_458A.SAFE,ID_3,S1B_IW_GRDH_1SDV_20190101T034300_20190101T034325_014295_01A97E_39B8.SAFE;S1B_IW_GRDH_1SDV_20190101T034235_20190101T034300_014295_01A97E_458A.SAFE,S1_20190101_034235_034350_VV_30,external_test
DARTIS_2019,3975,nw,no_oil_water,nw-0751-05-000005.jpg,640,640,0,S1B_IW_GRDH_1SDV_20190112T153943_20190112T154008_014463_01AEE6_1C23.SAFE,ID_3,S1B_IW_GRDH_1SDV_20190112T153943_20190112T154008_014463_01AEE6_1C23.SAFE,S1_20190112_153943_154058_VV_18,external_test
DARTIS_2019,4654,nw,no_oil_water,nw-1430-09-000006.jpg,640,640,0,S1B_IW_GRDH_1SDV_20190112T154008_20190112T154033_014463_01AEE6_BC6A.SAFE;S1B_IW_GRDH_1SDV_20190112T153943_20190112T154008_014463_01AEE6_1C23.SAFE,ID_3,S1B_IW_GRDH_1SDV_20190112T154008_20190112T154033_014463_01AEE6_BC6A.SAFE;S1B_IW_GRDH_1SDV_20190112T153943_20190112T154008_014463_01AEE6_1C23.SAFE,S1_20190112_153943_154058_VV_129,external_test
DARTIS_2019,3240,nw,no_oil_water,nw-0016-00-000016.jpg,640,640,0,S1B_IW_GRDH_1SDV_20190113T034235_20190113T034300_014470_01AF20_B0E8.SAFE,ID_3,S1B_IW_GRDH_1SDV_20190113T034235_20190113T034300_014470_01AF20_B0E8.SAFE,S1_20190113_034235_034350_VV_79,external_test
DARTIS_2019,3976,nw,no_oil_water,nw-0752-05-000006.jpg,640,640,0,S1B_IW_GRDH_1SDV_20190113T034235_20190113T034300_014470_01AF20_B0E8.SAFE,ID_3,S1B_IW_GRDH_1SDV_20190113T034235_20190113T034300_014470_01AF20_B0E8.SAFE,S1_20190113_034235_034350_VV_73,external_test
DARTIS_2019,4488,nw,no_oil_water,nw-1264-08-000015.jpg,640,640,0,S1B_IW_GRDH_1SDV_20190113T034235_20190113T034300_014470_01AF20_B0E8.SAFE,ID_3,S1B_IW_GRDH_1SDV_20190113T034235_20190113T034300_014470_01AF20_B0E8.SAFE,S1_20190113_034235_034350_VV_38,external_test
DARTIS_2019,3577,nw,no_oil_water,nw-0353-02-000010.jpg,640,640,0,S1B_IW_GRDH_1SDV_20190120T033409_20190120T033434_014572_01B258_3D3D.SAFE,ID_3,S1B_IW_GRDH_1SDV_20190120T033409_20190120T033434_014572_01B258_3D3D.SAFE,S1_20190120_033409_033549_VV_35,external_test
DARTIS_2019,4665,nw,no_oil_water,nw-1441-09-000017.jpg,640,640,0,S1B_IW_GRDH_1SDV_20190208T160520_20190208T160545_014857_01BBA6_32E4.SAFE;S1B_IW_GRDH_1SDV_20190208T160455_20190208T160520_014857_01BBA6_B1A4.SAFE,ID_3,S1B_IW_GRDH_1SDV_20190208T160520_20190208T160545_014857_01BBA6_32E4.SAFE;S1B_IW_GRDH_1SDV_20190208T160455_20190208T160520_014857_01BBA6_B1A4.SAFE,S1_20190208_160405_160545_VV_48,external_test
DARTIS_2019,3588,nw,no_oil_water,nw-0364-02-000021.jpg,640,640,0,S1B_IW_GRDH_1SDV_20190216T035850_20190216T035915_014966_01BF36_326E.SAFE,ID_3,S1B_IW_GRDH_1SDV_20190216T035850_20190216T035915_014966_01BF36_326E.SAFE,S1_20190216_035850_040029_VV_14,external_test
DARTIS_2019,3589,nw,no_oil_water,nw-0365-02-000022.jpg,640,640,0,S1B_IW_GRDH_1SDV_20190216T035850_20190216T035915_014966_01BF36_326E.SAFE,ID_3,S1B_IW_GRDH_1SDV_20190216T035850_20190216T035915_014966_01BF36_326E.SAFE,S1_20190216_035850_040029_VV_68,external_test
DARTIS_2019,3590,nw,no_oil_water,nw-0366-02-000023.jpg,640,640,0,S1B_IW_GRDH_1SDV_20190216T035850_20190216T035915_014966_01BF36_326E.SAFE,ID_3,S1B_IW_GRDH_1SDV_20190216T035850_20190216T035915_014966_01BF36_326E.SAFE,S1_20190216_035850_040029_VV_78,external_test
DARTIS_2019,3739,nw,no_oil_water,nw-0515-03-000012.jpg,640,640,0,S1B_IW_GRDH_1SDV_20190216T035850_20190216T035915_014966_01BF36_326E.SAFE,ID_3,S1B_IW_GRDH_1SDV_20190216T035850_20190216T035915_014966_01BF36_326E.SAFE,S1_20190216_035850_040029_VV_63,external_test
DARTIS_2019,3740,nw,no_oil_water,nw-0516-03-000013.jpg,640,640,0,S1B_IW_GRDH_1SDV_20190216T035850_20190216T035915_014966_01BF36_326E.SAFE,ID_3,S1B_IW_GRDH_1SDV_20190216T035850_20190216T035915_014966_01BF36_326E.SAFE,S1_20190216_035850_040029_VV_66,external_test
DARTIS_2019,3989,nw,no_oil_water,nw-0765-05-000019.jpg,640,640,0,S1B_IW_GRDH_1SDV_20190216T035850_20190216T035915_014966_01BF36_326E.SAFE,ID_3,S1B_IW_GRDH_1SDV_20190216T035850_20190216T035915_014966_01BF36_326E.SAFE,S1_20190216_035850_040029_VV_80,external_test
DARTIS_2019,4497,nw,no_oil_water,nw-1273-08-000024.jpg,640,640,0,S1B_IW_GRDH_1SDV_20190216T035850_20190216T035915_014966_01BF36_326E.SAFE,ID_3,S1B_IW_GRDH_1SDV_20190216T035850_20190216T035915_014966_01BF36_326E.SAFE,S1_20190216_035850_040029_VV_25,external_test
DARTIS_2019,3600,nw,no_oil_water,nw-0376-02-000033.jpg,640,640,0,S1B_IW_GRDH_1SDV_20190222T154900_20190222T154925_015061_01C24C_2830.SAFE,ID_3,S1B_IW_GRDH_1SDV_20190222T154900_20190222T154925_015061_01C24C_2830.SAFE,S1_20190222_154745_154925_VV_213,external_test
DARTIS_2019,3601,nw,no_oil_water,nw-0377-02-000034.jpg,640,640,0,S1B_IW_GRDH_1SDV_20190222T154900_20190222T154925_015061_01C24C_2830.SAFE,ID_3,S1B_IW_GRDH_1SDV_20190222T154900_20190222T154925_015061_01C24C_2830.SAFE,S1_20190222_154745_154925_VV_217,external_test
DARTIS_2019,3753,nw,no_oil_water,nw-0529-03-000026.jpg,640,640,0,S1B_IW_GRDH_1SDV_20190222T154900_20190222T154925_015061_01C24C_2830.SAFE,ID_3,S1B_IW_GRDH_1SDV_20190222T154900_20190222T154925_015061_01C24C_2830.SAFE,S1_20190222_154745_154925_VV_234,external_test
DARTIS_2019,3754,nw,no_oil_water,nw-0530-03-000027.jpg,640,640,0,S1B_IW_GRDH_1SDV_20190222T154900_20190222T154925_015061_01C24C_2830.SAFE,ID_3,S1B_IW_GRDH_1SDV_20190222T154900_20190222T154925_015061_01C24C_2830.SAFE,S1_20190222_154745_154925_VV_243,external_test
DARTIS_2019,4511,nw,no_oil_water,nw-1287-08-000038.jpg,640,640,0,S1B_IW_GRDH_1SDV_20190222T154900_20190222T154925_015061_01C24C_2830.SAFE,ID_3,S1B_IW_GRDH_1SDV_20190222T154900_20190222T154925_015061_01C24C_2830.SAFE,S1_20190222_154745_154925_VV_214,external_test
DARTIS_2019,4512,nw,no_oil_water,nw-1288-08-000039.jpg,640,640,0,S1B_IW_GRDH_1SDV_20190222T154900_20190222T154925_015061_01C24C_2830.SAFE,ID_3,S1B_IW_GRDH_1SDV_20190222T154900_20190222T154925_015061_01C24C_2830.SAFE,S1_20190222_154745_154925_VV_232,external_test
DARTIS_2019,4841,nw,no_oil_water,nw-1617-10-000025.jpg,640,640,0,S1B_IW_GRDH_1SDV_20190222T154900_20190222T154925_015061_01C24C_2830.SAFE,ID_3,S1B_IW_GRDH_1SDV_20190222T154900_20190222T154925_015061_01C24C_2830.SAFE,S1_20190222_154745_154925_VV_279,external_test
DARTIS_2019,5013,nw,no_oil_water,nw-1789-11-000023.jpg,640,640,0,S1B_IW_GRDH_1SDV_20190222T154900_20190222T154925_015061_01C24C_2830.SAFE,ID_3,S1B_IW_GRDH_1SDV_20190222T154900_20190222T154925_015061_01C24C_2830.SAFE,S1_20190222_154745_154925_VV_212,external_test
DARTIS_2019,5014,nw,no_oil_water,nw-1790-11-000024.jpg,640,640,0,S1B_IW_GRDH_1SDV_20190222T154900_20190222T154925_015061_01C24C_2830.SAFE,ID_3,S1B_IW_GRDH_1SDV_20190222T154900_20190222T154925_015061_01C24C_2830.SAFE,S1_20190222_154745_154925_VV_261,external_test
DARTIS_2019,5015,nw,no_oil_water,nw-1791-11-000025.jpg,640,640,0,S1B_IW_GRDH_1SDV_20190222T154900_20190222T154925_015061_01C24C_2830.SAFE,ID_3,S1B_IW_GRDH_1SDV_20190222T154900_20190222T154925_015061_01C24C_2830.SAFE,S1_20190222_154745_154925_VV_272,external_test
DARTIS_2019,3269,nw,no_oil_water,nw-0045-00-000045.jpg,640,640,0,S1B_IW_GRDH_1SDV_20190223T035040_20190223T035105_015068_01C287_5EB6.SAFE,ID_3,S1B_IW_GRDH_1SDV_20190223T035040_20190223T035105_015068_01C287_5EB6.SAFE,S1_20190223_035040_035219_VV_18,external_test
DARTIS_2019,3424,nw,no_oil_water,nw-0200-01-000028.jpg,640,640,0,S1B_IW_GRDH_1SDV_20190223T035040_20190223T035105_015068_01C287_5EB6.SAFE,ID_3,S1B_IW_GRDH_1SDV_20190223T035040_20190223T035105_015068_01C287_5EB6.SAFE,S1_20190223_035040_035219_VV_2,external_test
DARTIS_2019,3603,nw,no_oil_water,nw-0379-02-000036.jpg,640,640,0,S1B_IW_GRDH_1SDV_20190223T035040_20190223T035105_015068_01C287_5EB6.SAFE,ID_3,S1B_IW_GRDH_1SDV_20190223T035040_20190223T035105_015068_01C287_5EB6.SAFE,S1_20190223_035040_035219_VV_12,external_test
DARTIS_2019,3604,nw,no_oil_water,nw-0380-02-000037.jpg,640,640,0,S1B_IW_GRDH_1SDV_20190223T035040_20190223T035105_015068_01C287_5EB6.SAFE,ID_3,S1B_IW_GRDH_1SDV_20190223T035040_20190223T035105_015068_01C287_5EB6.SAFE,S1_20190223_035040_035219_VV_281,external_test
DARTIS_2019,3757,nw,no_oil_water,nw-0533-03-000030.jpg,640,640,0,S1B_IW_GRDH_1SDV_20190223T035040_20190223T035105_015068_01C287_5EB6.SAFE,ID_3,S1B_IW_GRDH_1SDV_20190223T035040_20190223T035105_015068_01C287_5EB6.SAFE,S1_20190223_035040_035219_VV_62,external_test
DARTIS_2019,4328,nw,no_oil_water,nw-1104-07-000026.jpg,640,640,0,S1B_IW_GRDH_1SDV_20190223T035040_20190223T035105_015068_01C287_5EB6.SAFE,ID_3,S1B_IW_GRDH_1SDV_20190223T035040_20190223T035105_015068_01C287_5EB6.SAFE,S1_20190223_035040_035219_VV_10,external_test
DARTIS_2019,4671,nw,no_oil_water,nw-1447-09-000023.jpg,640,640,0,S1B_IW_GRDH_1SDV_20190223T035040_20190223T035105_015068_01C287_5EB6.SAFE,ID_3,S1B_IW_GRDH_1SDV_20190223T035040_20190223T035105_015068_01C287_5EB6.SAFE,S1_20190223_035040_035219_VV_20,external_test
DARTIS_2019,4847,nw,no_oil_water,nw-1623-10-000031.jpg,640,640,0,S1B_IW_GRDH_1SDV_20190223T035105_20190223T035130_015068_01C287_AE93.SAFE;S1B_IW_GRDH_1SDV_20190223T035040_20190223T035105_015068_01C287_5EB6.SAFE,ID_3,S1B_IW_GRDH_1SDV_20190223T035105_20190223T035130_015068_01C287_AE93.SAFE;S1B_IW_GRDH_1SDV_20190223T035040_20190223T035105_015068_01C287_5EB6.SAFE,S1_20190223_035040_035219_VV_78,external_test
DARTIS_2019,3270,nw,no_oil_water,nw-0046-00-000046.jpg,640,640,0,S1B_IW_GRDH_1SDV_20190223T035130_20190223T035155_015068_01C287_0DC8.SAFE,ID_3,S1B_IW_GRDH_1SDV_20190223T035130_20190223T035155_015068_01C287_0DC8.SAFE,S1_20190223_035040_035219_VV_205,external_test
DARTIS_2019,3271,nw,no_oil_water,nw-0047-00-000047.jpg,640,640,0,S1B_IW_GRDH_1SDV_20190223T035130_20190223T035155_015068_01C287_0DC8.SAFE,ID_3,S1B_IW_GRDH_1SDV_20190223T035130_20190223T035155_015068_01C287_0DC8.SAFE,S1_20190223_035040_035219_VV_212,external_test
DARTIS_2019,3756,nw,no_oil_water,nw-0532-03-000029.jpg,640,640,0,S1B_IW_GRDH_1SDV_20190223T035130_20190223T035155_015068_01C287_0DC8.SAFE,ID_3,S1B_IW_GRDH_1SDV_20190223T035130_20190223T035155_015068_01C287_0DC8.SAFE,S1_20190223_035040_035219_VV_224,external_test
DARTIS_2019,4329,nw,no_oil_water,nw-1105-07-000027.jpg,640,640,0,S1B_IW_GRDH_1SDV_20190223T035130_20190223T035155_015068_01C287_0DC8.SAFE,ID_3,S1B_IW_GRDH_1SDV_20190223T035130_20190223T035155_015068_01C287_0DC8.SAFE,S1_20190223_035040_035219_VV_294,external_test
DARTIS_2019,4513,nw,no_oil_water,nw-1289-08-000040.jpg,640,640,0,S1B_IW_GRDH_1SDV_20190223T035130_20190223T035155_015068_01C287_0DC8.SAFE,ID_3,S1B_IW_GRDH_1SDV_20190223T035130_20190223T035155_015068_01C287_0DC8.SAFE,S1_20190223_035040_035219_VV_193,external_test
DARTIS_2019,4845,nw,no_oil_water,nw-1621-10-000029.jpg,640,640,0,S1B_IW_GRDH_1SDV_20190223T035130_20190223T035155_015068_01C287_0DC8.SAFE,ID_3,S1B_IW_GRDH_1SDV_20190223T035130_20190223T035155_015068_01C287_0DC8.SAFE,S1_20190223_035040_035219_VV_195,external_test
DARTIS_2019,4846,nw,no_oil_water,nw-1622-10-000030.jpg,640,640,0,S1B_IW_GRDH_1SDV_20190223T035130_20190223T035155_015068_01C287_0DC8.SAFE,ID_3,S1B_IW_GRDH_1SDV_20190223T035130_20190223T035155_015068_01C287_0DC8.SAFE,S1_20190223_035040_035219_VV_211,external_test
DARTIS_2019,4000,nw,no_oil_water,nw-0776-05-000030.jpg,640,640,0,S1B_IW_GRDH_1SDV_20190312T035939_20190312T040004_015316_01CAB5_09EE.SAFE,ID_3,S1B_IW_GRDH_1SDV_20190312T035939_20190312T040004_015316_01CAB5_09EE.SAFE,S1_20190312_035849_040029_VV_59,external_test
DARTIS_2019,4156,nw,no_oil_water,nw-0932-06-000020.jpg,640,640,0,S1B_IW_GRDH_1SDV_20190312T035939_20190312T040004_015316_01CAB5_09EE.SAFE,ID_3,S1B_IW_GRDH_1SDV_20190312T035939_20190312T040004_015316_01CAB5_09EE.SAFE,S1_20190312_035849_040029_VV_155,external_test
DARTIS_2019,4157,nw,no_oil_water,nw-0933-06-000021.jpg,640,640,0,S1B_IW_GRDH_1SDV_20190312T035939_20190312T040004_015316_01CAB5_09EE.SAFE,ID_3,S1B_IW_GRDH_1SDV_20190312T035939_20190312T040004_015316_01CAB5_09EE.SAFE,S1_20190312_035849_040029_VV_161,external_test
DARTIS_2019,4158,nw,no_oil_water,nw-0934-06-000022.jpg,640,640,0,S1B_IW_GRDH_1SDV_20190312T035939_20190312T040004_015316_01CAB5_09EE.SAFE,ID_3,S1B_IW_GRDH_1SDV_20190312T035939_20190312T040004_015316_01CAB5_09EE.SAFE,S1_20190312_035849_040029_VV_93,external_test
DARTIS_2019,4336,nw,no_oil_water,nw-1112-07-000034.jpg,640,640,0,S1B_IW_GRDH_1SDV_20190312T035939_20190312T040004_015316_01CAB5_09EE.SAFE,ID_3,S1B_IW_GRDH_1SDV_20190312T035939_20190312T040004_015316_01CAB5_09EE.SAFE,S1_20190312_035849_040029_VV_48,external_test
DARTIS_2019,4675,nw,no_oil_water,nw-1451-09-000027.jpg,640,640,0,S1B_IW_GRDH_1SDV_20190312T035939_20190312T040004_015316_01CAB5_09EE.SAFE,ID_3,S1B_IW_GRDH_1SDV_20190312T035939_20190312T040004_015316_01CAB5_09EE.SAFE,S1_20190312_035849_040029_VV_64,external_test
DARTIS_2019,5025,nw,no_oil_water,nw-1801-11-000035.jpg,640,640,0,S1B_IW_GRDH_1SDV_20190312T035939_20190312T040004_015316_01CAB5_09EE.SAFE,ID_3,S1B_IW_GRDH_1SDV_20190312T035939_20190312T040004_015316_01CAB5_09EE.SAFE,S1_20190312_035849_040029_VV_101,external_test
DARTIS_2019,3773,nw,no_oil_water,nw-0549-03-000046.jpg,640,640,0,S1B_IW_GRDH_1SDV_20190330T154810_20190330T154835_015586_01D376_907A.SAFE,ID_3,S1B_IW_GRDH_1SDV_20190330T154810_20190330T154835_015586_01D376_907A.SAFE,S1_20190330_154745_154925_VV_36,external_test
DARTIS_2019,4007,nw,no_oil_water,nw-0783-05-000037.jpg,640,640,0,S1B_IW_GRDH_1SDV_20190330T154810_20190330T154835_015586_01D376_907A.SAFE,ID_3,S1B_IW_GRDH_1SDV_20190330T154810_20190330T154835_015586_01D376_907A.SAFE,S1_20190330_154745_154925_VV_9,external_test
DARTIS_2019,3617,nw,no_oil_water,nw-0393-02-000050.jpg,640,640,0,S1B_IW_GRDH_1SDV_20190407T034324_20190407T034349_015695_01D728_35B4.SAFE,ID_3,S1B_IW_GRDH_1SDV_20190407T034324_20190407T034349_015695_01D728_35B4.SAFE,S1_20190407_034234_034349_VV_67,external_test
DARTIS_2019,4688,nw,no_oil_water,nw-1464-09-000040.jpg,640,640,0,S1B_IW_GRDH_1SDV_20190407T034324_20190407T034349_015695_01D728_35B4.SAFE,ID_3,S1B_IW_GRDH_1SDV_20190407T034324_20190407T034349_015695_01D728_35B4.SAFE,S1_20190407_034234_034349_VV_64,external_test
DARTIS_2019,5051,nw,no_oil_water,nw-1827-11-000061.jpg,640,640,0,S1B_IW_GRDH_1SDV_20190407T034324_20190407T034349_015695_01D728_35B4.SAFE,ID_3,S1B_IW_GRDH_1SDV_20190407T034324_20190407T034349_015695_01D728_35B4.SAFE,S1_20190407_034234_034349_VV_102,external_test
DARTIS_2019,5052,nw,no_oil_water,nw-1828-11-000062.jpg,640,640,0,S1B_IW_GRDH_1SDV_20190407T034324_20190407T034349_015695_01D728_35B4.SAFE,ID_3,S1B_IW_GRDH_1SDV_20190407T034324_20190407T034349_015695_01D728_35B4.SAFE,S1_20190407_034234_034349_VV_106,external_test
DARTIS_2019,3289,nw,no_oil_water,nw-0065-00-000065.jpg,640,640,0,S1B_IW_GRDH_1SDV_20190412T035040_20190412T035105_015768_01D985_9F88.SAFE,ID_3,S1B_IW_GRDH_1SDV_20190412T035040_20190412T035105_015768_01D985_9F88.SAFE,S1_20190412_035040_035219_VV_15,external_test
DARTIS_2019,3618,nw,no_oil_water,nw-0394-02-000051.jpg,640,640,0,S1B_IW_GRDH_1SDV_20190412T035040_20190412T035105_015768_01D985_9F88.SAFE,ID_3,S1B_IW_GRDH_1SDV_20190412T035040_20190412T035105_015768_01D985_9F88.SAFE,S1_20190412_035040_035219_VV_150,external_test
DARTIS_2019,3619,nw,no_oil_water,nw-0395-02-000052.jpg,640,640,0,S1B_IW_GRDH_1SDV_20190412T035040_20190412T035105_015768_01D985_9F88.SAFE,ID_3,S1B_IW_GRDH_1SDV_20190412T035040_20190412T035105_015768_01D985_9F88.SAFE,S1_20190412_035040_035219_VV_85,external_test
DARTIS_2019,3620,nw,no_oil_water,nw-0396-02-000053.jpg,640,640,0,S1B_IW_GRDH_1SDV_20190412T035040_20190412T035105_015768_01D985_9F88.SAFE,ID_3,S1B_IW_GRDH_1SDV_20190412T035040_20190412T035105_015768_01D985_9F88.SAFE,S1_20190412_035040_035219_VV_88,external_test
DARTIS_2019,3777,nw,no_oil_water,nw-0553-03-000050.jpg,640,640,0,S1B_IW_GRDH_1SDV_20190412T035040_20190412T035105_015768_01D985_9F88.SAFE,ID_3,S1B_IW_GRDH_1SDV_20190412T035040_20190412T035105_015768_01D985_9F88.SAFE,S1_20190412_035040_035219_VV_12,external_test
DARTIS_2019,3778,nw,no_oil_water,nw-0554-03-000051.jpg,640,640,0,S1B_IW_GRDH_1SDV_20190412T035040_20190412T035105_015768_01D985_9F88.SAFE,ID_3,S1B_IW_GRDH_1SDV_20190412T035040_20190412T035105_015768_01D985_9F88.SAFE,S1_20190412_035040_035219_VV_27,external_test
DARTIS_2019,4351,nw,no_oil_water,nw-1127-07-000049.jpg,640,640,0,S1B_IW_GRDH_1SDV_20190412T035040_20190412T035105_015768_01D985_9F88.SAFE,ID_3,S1B_IW_GRDH_1SDV_20190412T035040_20190412T035105_015768_01D985_9F88.SAFE,S1_20190412_035040_035219_VV_6,external_test
DARTIS_2019,4352,nw,no_oil_water,nw-1128-07-000050.jpg,640,640,0,S1B_IW_GRDH_1SDV_20190412T035040_20190412T035105_015768_01D985_9F88.SAFE,ID_3,S1B_IW_GRDH_1SDV_20190412T035040_20190412T035105_015768_01D985_9F88.SAFE,S1_20190412_035040_035219_VV_63,external_test
DARTIS_2019,4353,nw,no_oil_water,nw-1129-07-000051.jpg,640,640,0,S1B_IW_GRDH_1SDV_20190412T035040_20190412T035105_015768_01D985_9F88.SAFE,ID_3,S1B_IW_GRDH_1SDV_20190412T035040_20190412T035105_015768_01D985_9F88.SAFE,S1_20190412_035040_035219_VV_80,external_test
DARTIS_2019,4181,nw,no_oil_water,nw-0957-06-000045.jpg,640,640,0,S1B_IW_GRDH_1SDV_20190412T035130_20190412T035155_015768_01D985_E914.SAFE;S1B_IW_GRDH_1SDV_20190412T035105_20190412T035130_015768_01D985_01C9.SAFE,ID_3,S1B_IW_GRDH_1SDV_20190412T035130_20190412T035155_015768_01D985_E914.SAFE;S1B_IW_GRDH_1SDV_20190412T035105_20190412T035130_015768_01D985_01C9.SAFE,S1_20190412_035040_035219_VV_182,external_test
DARTIS_2019,4535,nw,no_oil_water,nw-1311-08-000062.jpg,640,640,0,S1B_IW_GRDH_1SDV_20190416T155710_20190416T155735_015834_01DBB3_443C.SAFE,ID_3,S1B_IW_GRDH_1SDV_20190416T155710_20190416T155735_015834_01DBB3_443C.SAFE,S1_20190416_155641_155735_VV_13,external_test
DARTIS_2019,3290,nw,no_oil_water,nw-0066-00-000066.jpg,640,640,0,S1B_IW_GRDH_1SDV_20190429T035941_20190429T040006_016016_01E1C8_58C8.SAFE,ID_3,S1B_IW_GRDH_1SDV_20190429T035941_20190429T040006_016016_01E1C8_58C8.SAFE,S1_20190429_035851_040030_VV_57,external_test
DARTIS_2019,3291,nw,no_oil_water,nw-0067-00-000067.jpg,640,640,0,S1B_IW_GRDH_1SDV_20190429T035941_20190429T040006_016016_01E1C8_58C8.SAFE,ID_3,S1B_IW_GRDH_1SDV_20190429T035941_20190429T040006_016016_01E1C8_58C8.SAFE,S1_20190429_035851_040030_VV_58,external_test
DARTIS_2019,4542,nw,no_oil_water,nw-1318-08-000069.jpg,640,640,0,S1B_IW_GRDH_1SDV_20190506T035106_20190506T035131_016118_01E530_B2A0.SAFE,ID_3,S1B_IW_GRDH_1SDV_20190506T035106_20190506T035131_016118_01E530_B2A0.SAFE,S1_20190506_035041_035220_VV_32,external_test
DARTIS_2019,4709,nw,no_oil_water,nw-1485-09-000061.jpg,640,640,0,S1B_IW_GRDH_1SDV_20190506T035106_20190506T035131_016118_01E530_B2A0.SAFE,ID_3,S1B_IW_GRDH_1SDV_20190506T035106_20190506T035131_016118_01E530_B2A0.SAFE,S1_20190506_035041_035220_VV_33,external_test
DARTIS_2019,3798,nw,no_oil_water,nw-0574-03-000071.jpg,640,640,0,S1B_IW_GRDH_1SDV_20190522T155712_20190522T155737_016359_01ECA7_BEBC.SAFE,ID_3,S1B_IW_GRDH_1SDV_20190522T155712_20190522T155737_016359_01ECA7_BEBC.SAFE,S1_20190522_155643_155737_VV_289,external_test
DARTIS_2019,4212,nw,no_oil_water,nw-0988-06-000076.jpg,640,640,0,S1B_IW_GRDH_1SDV_20190522T155712_20190522T155737_016359_01ECA7_BEBC.SAFE,ID_3,S1B_IW_GRDH_1SDV_20190522T155712_20190522T155737_016359_01ECA7_BEBC.SAFE,S1_20190522_155643_155737_VV_127,external_test
DARTIS_2019,4213,nw,no_oil_water,nw-0989-06-000077.jpg,640,640,0,S1B_IW_GRDH_1SDV_20190522T155712_20190522T155737_016359_01ECA7_BEBC.SAFE,ID_3,S1B_IW_GRDH_1SDV_20190522T155712_20190522T155737_016359_01ECA7_BEBC.SAFE,S1_20190522_155643_155737_VV_135,external_test
DARTIS_2019,4214,nw,no_oil_water,nw-0990-06-000078.jpg,640,640,0,S1B_IW_GRDH_1SDV_20190522T155712_20190522T155737_016359_01ECA7_BEBC.SAFE,ID_3,S1B_IW_GRDH_1SDV_20190522T155712_20190522T155737_016359_01ECA7_BEBC.SAFE,S1_20190522_155643_155737_VV_140,external_test
DARTIS_2019,4218,nw,no_oil_water,nw-0994-06-000082.jpg,640,640,0,S1B_IW_GRDH_1SDV_20190522T155712_20190522T155737_016359_01ECA7_BEBC.SAFE,ID_3,S1B_IW_GRDH_1SDV_20190522T155712_20190522T155737_016359_01ECA7_BEBC.SAFE,S1_20190522_155643_155737_VV_252,external_test
DARTIS_2019,5081,nw,no_oil_water,nw-1857-11-000091.jpg,640,640,0,S1B_IW_GRDH_1SDV_20190522T155712_20190522T155737_016359_01ECA7_BEBC.SAFE,ID_3,S1B_IW_GRDH_1SDV_20190522T155712_20190522T155737_016359_01ECA7_BEBC.SAFE,S1_20190522_155643_155737_VV_145,external_test
DARTIS_2019,5082,nw,no_oil_water,nw-1858-11-000092.jpg,640,640,0,S1B_IW_GRDH_1SDV_20190522T155712_20190522T155737_016359_01ECA7_BEBC.SAFE,ID_3,S1B_IW_GRDH_1SDV_20190522T155712_20190522T155737_016359_01ECA7_BEBC.SAFE,S1_20190522_155643_155737_VV_158,external_test
DARTIS_2019,5083,nw,no_oil_water,nw-1859-11-000093.jpg,640,640,0,S1B_IW_GRDH_1SDV_20190522T155712_20190522T155737_016359_01ECA7_BEBC.SAFE,ID_3,S1B_IW_GRDH_1SDV_20190522T155712_20190522T155737_016359_01ECA7_BEBC.SAFE,S1_20190522_155643_155737_VV_177,external_test
DARTIS_2019,5084,nw,no_oil_water,nw-1860-11-000094.jpg,640,640,0,S1B_IW_GRDH_1SDV_20190522T155712_20190522T155737_016359_01ECA7_BEBC.SAFE,ID_3,S1B_IW_GRDH_1SDV_20190522T155712_20190522T155737_016359_01ECA7_BEBC.SAFE,S1_20190522_155643_155737_VV_285,external_test
DARTIS_2019,3801,nw,no_oil_water,nw-0577-03-000074.jpg,640,640,0,S1B_IW_GRDH_1SDV_20190527T160522_20190527T160547_016432_01EEE6_9F08.SAFE,ID_3,S1B_IW_GRDH_1SDV_20190527T160522_20190527T160547_016432_01EEE6_9F08.SAFE,S1_20190527_160407_160547_VV_89,external_test
DARTIS_2019,4238,nw,no_oil_water,nw-1014-06-000102.jpg,640,640,0,S1B_IW_GRDH_1SDV_20190527T160522_20190527T160547_016432_01EEE6_9F08.SAFE,ID_3,S1B_IW_GRDH_1SDV_20190527T160522_20190527T160547_016432_01EEE6_9F08.SAFE,S1_20190527_160407_160547_VV_188,external_test
DARTIS_2019,4239,nw,no_oil_water,nw-1015-06-000103.jpg,640,640,0,S1B_IW_GRDH_1SDV_20190527T160522_20190527T160547_016432_01EEE6_9F08.SAFE,ID_3,S1B_IW_GRDH_1SDV_20190527T160522_20190527T160547_016432_01EEE6_9F08.SAFE,S1_20190527_160407_160547_VV_59,external_test
DARTIS_2019,4373,nw,no_oil_water,nw-1149-07-000071.jpg,640,640,0,S1B_IW_GRDH_1SDV_20190527T160522_20190527T160547_016432_01EEE6_9F08.SAFE,ID_3,S1B_IW_GRDH_1SDV_20190527T160522_20190527T160547_016432_01EEE6_9F08.SAFE,S1_20190527_160407_160547_VV_204,external_test
DARTIS_2019,5090,nw,no_oil_water,nw-1866-11-000100.jpg,640,640,0,S1B_IW_GRDH_1SDV_20190527T160522_20190527T160547_016432_01EEE6_9F08.SAFE,ID_3,S1B_IW_GRDH_1SDV_20190527T160522_20190527T160547_016432_01EEE6_9F08.SAFE,S1_20190527_160407_160547_VV_194,external_test
DARTIS_2019,5091,nw,no_oil_water,nw-1867-11-000101.jpg,640,640,0,S1B_IW_GRDH_1SDV_20190527T160522_20190527T160547_016432_01EEE6_9F08.SAFE,ID_3,S1B_IW_GRDH_1SDV_20190527T160522_20190527T160547_016432_01EEE6_9F08.SAFE,S1_20190527_160407_160547_VV_64,external_test
DARTIS_2019,5092,nw,no_oil_water,nw-1868-11-000102.jpg,640,640,0,S1B_IW_GRDH_1SDV_20190527T160522_20190527T160547_016432_01EEE6_9F08.SAFE,ID_3,S1B_IW_GRDH_1SDV_20190527T160522_20190527T160547_016432_01EEE6_9F08.SAFE,S1_20190527_160407_160547_VV_65,external_test
DARTIS_2019,5093,nw,no_oil_water,nw-1869-11-000103.jpg,640,640,0,S1B_IW_GRDH_1SDV_20190527T160522_20190527T160547_016432_01EEE6_9F08.SAFE,ID_3,S1B_IW_GRDH_1SDV_20190527T160522_20190527T160547_016432_01EEE6_9F08.SAFE,S1_20190527_160407_160547_VV_86,external_test
DARTIS_2019,4549,nw,no_oil_water,nw-1325-08-000076.jpg,640,640,0,S1B_IW_GRDH_1SDV_20190529T154903_20190529T154928_016461_01EFC4_CD23.SAFE,ID_3,S1B_IW_GRDH_1SDV_20190529T154903_20190529T154928_016461_01EFC4_CD23.SAFE,S1_20190529_154748_154928_VV_27,external_test
DARTIS_2019,4733,nw,no_oil_water,nw-1509-09-000085.jpg,640,640,0,S1B_IW_GRDH_1SDV_20190529T154903_20190529T154928_016461_01EFC4_CD23.SAFE,ID_3,S1B_IW_GRDH_1SDV_20190529T154903_20190529T154928_016461_01EFC4_CD23.SAFE,S1_20190529_154748_154928_VV_56,external_test
DARTIS_2019,4734,nw,no_oil_water,nw-1510-09-000086.jpg,640,640,0,S1B_IW_GRDH_1SDV_20190529T154903_20190529T154928_016461_01EFC4_CD23.SAFE,ID_3,S1B_IW_GRDH_1SDV_20190529T154903_20190529T154928_016461_01EFC4_CD23.SAFE,S1_20190529_154748_154928_VV_69,external_test
DARTIS_2019,4551,nw,no_oil_water,nw-1327-08-000078.jpg,640,640,0,S1B_IW_GRDH_1SDV_20190530T035042_20190530T035107_016468_01EFFB_06B2.SAFE,ID_3,S1B_IW_GRDH_1SDV_20190530T035042_20190530T035107_016468_01EFFB_06B2.SAFE,S1_20190530_035042_035221_VV_19,external_test
DARTIS_2019,4739,nw,no_oil_water,nw-1515-09-000091.jpg,640,640,0,S1B_IW_GRDH_1SDV_20190530T035042_20190530T035107_016468_01EFFB_06B2.SAFE,ID_3,S1B_IW_GRDH_1SDV_20190530T035042_20190530T035107_016468_01EFFB_06B2.SAFE,S1_20190530_035042_035221_VV_39,external_test
DARTIS_2019,4878,nw,no_oil_water,nw-1654-10-000062.jpg,640,640,0,S1B_IW_GRDH_1SDV_20190611T035133_20190611T035158_016643_01F530_8193.SAFE;S1B_IW_GRDH_1SDV_20190611T035108_20190611T035133_016643_01F530_8AD0.SAFE,ID_3,S1B_IW_GRDH_1SDV_20190611T035133_20190611T035158_016643_01F530_8193.SAFE;S1B_IW_GRDH_1SDV_20190611T035108_20190611T035133_016643_01F530_8AD0.SAFE,S1_20190611_035043_035222_VV_84,external_test
DARTIS_2019,3467,nw,no_oil_water,nw-0243-01-000071.jpg,640,640,0,S1B_IW_GRDH_1SDV_20190618T034311_20190618T034336_016745_01F848_5E80.SAFE,ID_3,S1B_IW_GRDH_1SDV_20190618T034311_20190618T034336_016745_01F848_5E80.SAFE,S1_20190618_034221_034401_VV_64,external_test
DARTIS_2019,4254,nw,no_oil_water,nw-1030-06-000118.jpg,640,640,0,S1B_IW_GRDH_1SDV_20190622T154904_20190622T154929_016811_01FA2F_B265.SAFE,ID_3,S1B_IW_GRDH_1SDV_20190622T154904_20190622T154929_016811_01FA2F_B265.SAFE,S1_20190622_154749_154929_VV_24,external_test
DARTIS_2019,3308,nw,no_oil_water,nw-0084-00-000084.jpg,640,640,0,S1B_IW_GRDH_1SDV_20190623T035134_20190623T035159_016818_01FA62_D8E1.SAFE,ID_3,S1B_IW_GRDH_1SDV_20190623T035134_20190623T035159_016818_01FA62_D8E1.SAFE,S1_20190623_035044_035223_VV_134,external_test
DARTIS_2019,3309,nw,no_oil_water,nw-0085-00-000085.jpg,640,640,0,S1B_IW_GRDH_1SDV_20190623T035134_20190623T035159_016818_01FA62_D8E1.SAFE,ID_3,S1B_IW_GRDH_1SDV_20190623T035134_20190623T035159_016818_01FA62_D8E1.SAFE,S1_20190623_035044_035223_VV_141,external_test
DARTIS_2019,3310,nw,no_oil_water,nw-0086-00-000086.jpg,640,640,0,S1B_IW_GRDH_1SDV_20190623T035134_20190623T035159_016818_01FA62_D8E1.SAFE,ID_3,S1B_IW_GRDH_1SDV_20190623T035134_20190623T035159_016818_01FA62_D8E1.SAFE,S1_20190623_035044_035223_VV_158,external_test
DARTIS_2019,3664,nw,no_oil_water,nw-0440-02-000097.jpg,640,640,0,S1B_IW_GRDH_1SDV_20190623T035134_20190623T035159_016818_01FA62_D8E1.SAFE,ID_3,S1B_IW_GRDH_1SDV_20190623T035134_20190623T035159_016818_01FA62_D8E1.SAFE,S1_20190623_035044_035223_VV_122,external_test
DARTIS_2019,3665,nw,no_oil_water,nw-0441-02-000098.jpg,640,640,0,S1B_IW_GRDH_1SDV_20190623T035134_20190623T035159_016818_01FA62_D8E1.SAFE,ID_3,S1B_IW_GRDH_1SDV_20190623T035134_20190623T035159_016818_01FA62_D8E1.SAFE,S1_20190623_035044_035223_VV_130,external_test
DARTIS_2019,4890,nw,no_oil_water,nw-1666-10-000074.jpg,640,640,0,S1B_IW_GRDH_1SDV_20190623T035134_20190623T035159_016818_01FA62_D8E1.SAFE,ID_3,S1B_IW_GRDH_1SDV_20190623T035134_20190623T035159_016818_01FA62_D8E1.SAFE,S1_20190623_035044_035223_VV_128,external_test
DARTIS_2019,4893,nw,no_oil_water,nw-1669-10-000077.jpg,640,640,0,S1B_IW_GRDH_1SDV_20190623T035134_20190623T035159_016818_01FA62_D8E1.SAFE,ID_3,S1B_IW_GRDH_1SDV_20190623T035134_20190623T035159_016818_01FA62_D8E1.SAFE,S1_20190623_035044_035223_VV_98,external_test
DARTIS_2019,4051,nw,no_oil_water,nw-0827-05-000081.jpg,640,640,0,S1B_IW_GRDH_1SDV_20190707T033438_20190707T033503_017022_02005E_E3D4.SAFE;S1B_IW_GRDH_1SDV_20190707T033413_20190707T033438_017022_02005E_80F1.SAFE,ID_3,S1B_IW_GRDH_1SDV_20190707T033438_20190707T033503_017022_02005E_E3D4.SAFE;S1B_IW_GRDH_1SDV_20190707T033413_20190707T033438_017022_02005E_80F1.SAFE,S1_20190707_033413_033553_VV_21,external_test
DARTIS_2019,3471,nw,no_oil_water,nw-0247-01-000075.jpg,640,640,0,S1B_IW_GRDH_1SDV_20190709T155715_20190709T155740_017059_020187_FF25.SAFE,ID_3,S1B_IW_GRDH_1SDV_20190709T155715_20190709T155740_017059_020187_FF25.SAFE,S1_20190709_155646_155740_VV_32,external_test
DARTIS_2019,3819,nw,no_oil_water,nw-0595-03-000092.jpg,640,640,0,S1B_IW_GRDH_1SDV_20190709T155715_20190709T155740_017059_020187_FF25.SAFE,ID_3,S1B_IW_GRDH_1SDV_20190709T155715_20190709T155740_017059_020187_FF25.SAFE,S1_20190709_155646_155740_VV_17,external_test
DARTIS_2019,3820,nw,no_oil_water,nw-0596-03-000093.jpg,640,640,0,S1B_IW_GRDH_1SDV_20190709T155715_20190709T155740_017059_020187_FF25.SAFE,ID_3,S1B_IW_GRDH_1SDV_20190709T155715_20190709T155740_017059_020187_FF25.SAFE,S1_20190709_155646_155740_VV_60,external_test
DARTIS_2019,4052,nw,no_oil_water,nw-0828-05-000082.jpg,640,640,0,S1B_IW_GRDH_1SDV_20190709T155715_20190709T155740_017059_020187_FF25.SAFE,ID_3,S1B_IW_GRDH_1SDV_20190709T155715_20190709T155740_017059_020187_FF25.SAFE,S1_20190709_155646_155740_VV_27,external_test
DARTIS_2019,4053,nw,no_oil_water,nw-0829-05-000083.jpg,640,640,0,S1B_IW_GRDH_1SDV_20190709T155715_20190709T155740_017059_020187_FF25.SAFE,ID_3,S1B_IW_GRDH_1SDV_20190709T155715_20190709T155740_017059_020187_FF25.SAFE,S1_20190709_155646_155740_VV_54,external_test
DARTIS_2019,4258,nw,no_oil_water,nw-1034-06-000122.jpg,640,640,0,S1B_IW_GRDH_1SDV_20190709T155715_20190709T155740_017059_020187_FF25.SAFE,ID_3,S1B_IW_GRDH_1SDV_20190709T155715_20190709T155740_017059_020187_FF25.SAFE,S1_20190709_155646_155740_VV_9,external_test
DARTIS_2019,4395,nw,no_oil_water,nw-1171-07-000093.jpg,640,640,0,S1B_IW_GRDH_1SDV_20190709T155715_20190709T155740_017059_020187_FF25.SAFE,ID_3,S1B_IW_GRDH_1SDV_20190709T155715_20190709T155740_017059_020187_FF25.SAFE,S1_20190709_155646_155740_VV_39,external_test
DARTIS_2019,4056,nw,no_oil_water,nw-0832-05-000086.jpg,640,640,0,S1B_IW_GRDH_1SDV_20190712T034338_20190712T034403_017095_02029D_4A64.SAFE,ID_3,S1B_IW_GRDH_1SDV_20190712T034338_20190712T034403_017095_02029D_4A64.SAFE,S1_20190712_034223_034403_VV_50,external_test
DARTIS_2019,4560,nw,no_oil_water,nw-1336-08-000087.jpg,640,640,0,S1B_IW_GRDH_1SDV_20190817T034340_20190817T034405_017620_021260_79A2.SAFE;S1B_IW_GRDH_1SDV_20190817T034315_20190817T034340_017620_021260_CC88.SAFE,ID_3,S1B_IW_GRDH_1SDV_20190817T034340_20190817T034405_017620_021260_79A2.SAFE;S1B_IW_GRDH_1SDV_20190817T034315_20190817T034340_017620_021260_CC88.SAFE,S1_20190817_034225_034405_VV_52,external_test
DARTIS_2019,3323,nw,no_oil_water,nw-0099-00-000099.jpg,640,640,0,S1B_IW_GRDH_1SDV_20190828T154040_20190828T154105_017788_02179A_9F35.SAFE,ID_3,S1B_IW_GRDH_1SDV_20190828T154040_20190828T154105_017788_02179A_9F35.SAFE,S1_20190828_153950_154105_VV_47,external_test
DARTIS_2019,3486,nw,no_oil_water,nw-0262-01-000090.jpg,640,640,0,S1B_IW_GRDH_1SDV_20190828T154040_20190828T154105_017788_02179A_9F35.SAFE,ID_3,S1B_IW_GRDH_1SDV_20190828T154040_20190828T154105_017788_02179A_9F35.SAFE,S1_20190828_153950_154105_VV_74,external_test
DARTIS_2019,3683,nw,no_oil_water,nw-0459-02-000116.jpg,640,640,0,S1B_IW_GRDH_1SDV_20190828T154040_20190828T154105_017788_02179A_9F35.SAFE,ID_3,S1B_IW_GRDH_1SDV_20190828T154040_20190828T154105_017788_02179A_9F35.SAFE,S1_20190828_153950_154105_VV_54,external_test
DARTIS_2019,4073,nw,no_oil_water,nw-0849-05-000103.jpg,640,640,0,S1B_IW_GRDH_1SDV_20190828T154040_20190828T154105_017788_02179A_9F35.SAFE,ID_3,S1B_IW_GRDH_1SDV_20190828T154040_20190828T154105_017788_02179A_9F35.SAFE,S1_20190828_153950_154105_VV_95,external_test
DARTIS_2019,4904,nw,no_oil_water,nw-1680-10-000088.jpg,640,640,0,S1B_IW_GRDH_1SDV_20190828T154040_20190828T154105_017788_02179A_9F35.SAFE,ID_3,S1B_IW_GRDH_1SDV_20190828T154040_20190828T154105_017788_02179A_9F35.SAFE,S1_20190828_153950_154105_VV_56,external_test
DARTIS_2019,5129,nw,no_oil_water,nw-1905-11-000139.jpg,640,640,0,S1B_IW_GRDH_1SDV_20190828T154040_20190828T154105_017788_02179A_9F35.SAFE,ID_3,S1B_IW_GRDH_1SDV_20190828T154040_20190828T154105_017788_02179A_9F35.SAFE,S1_20190828_153950_154105_VV_90,external_test
DARTIS_2019,5130,nw,no_oil_water,nw-1906-11-000140.jpg,640,640,0,S1B_IW_GRDH_1SDV_20190828T154040_20190828T154105_017788_02179A_9F35.SAFE,ID_3,S1B_IW_GRDH_1SDV_20190828T154040_20190828T154105_017788_02179A_9F35.SAFE,S1_20190828_153950_154105_VV_91,external_test
DARTIS_2019,3490,nw,no_oil_water,nw-0266-01-000094.jpg,640,640,0,S1B_IW_GRDH_1SDV_20190903T035138_20190903T035203_017868_021A04_85C3.SAFE,ID_3,S1B_IW_GRDH_1SDV_20190903T035138_20190903T035203_017868_021A04_85C3.SAFE,S1_20190903_035048_035227_VV_56,external_test
DARTIS_2019,3491,nw,no_oil_water,nw-0267-01-000095.jpg,640,640,0,S1B_IW_GRDH_1SDV_20190903T035138_20190903T035203_017868_021A04_85C3.SAFE,ID_3,S1B_IW_GRDH_1SDV_20190903T035138_20190903T035203_017868_021A04_85C3.SAFE,S1_20190903_035048_035227_VV_57,external_test
DARTIS_2019,4566,nw,no_oil_water,nw-1342-08-000093.jpg,640,640,0,S1B_IW_GRDH_1SDV_20190903T035138_20190903T035203_017868_021A04_85C3.SAFE;S1B_IW_GRDH_1SDV_20190903T035113_20190903T035138_017868_021A04_3E95.SAFE,ID_3,S1B_IW_GRDH_1SDV_20190903T035138_20190903T035203_017868_021A04_85C3.SAFE;S1B_IW_GRDH_1SDV_20190903T035113_20190903T035138_017868_021A04_3E95.SAFE,S1_20190903_035048_035227_VV_108,external_test
DARTIS_2019,3838,nw,no_oil_water,nw-0614-03-000111.jpg,640,640,0,S1B_IW_GRDH_1SDV_20190915T035049_20190915T035114_018043_021F77_F12E.SAFE,ID_3,S1B_IW_GRDH_1SDV_20190915T035049_20190915T035114_018043_021F77_F12E.SAFE,S1_20190915_035049_035228_VV_32,external_test
DARTIS_2019,4416,nw,no_oil_water,nw-1192-07-000114.jpg,640,640,0,S1B_IW_GRDH_1SDV_20190915T035049_20190915T035114_018043_021F77_F12E.SAFE,ID_3,S1B_IW_GRDH_1SDV_20190915T035049_20190915T035114_018043_021F77_F12E.SAFE,S1_20190915_035049_035228_VV_97,external_test
DARTIS_2019,4573,nw,no_oil_water,nw-1349-08-000100.jpg,640,640,0,S1B_IW_GRDH_1SDV_20190915T035049_20190915T035114_018043_021F77_F12E.SAFE,ID_3,S1B_IW_GRDH_1SDV_20190915T035049_20190915T035114_018043_021F77_F12E.SAFE,S1_20190915_035049_035228_VV_91,external_test
DARTIS_2019,4574,nw,no_oil_water,nw-1350-08-000101.jpg,640,640,0,S1B_IW_GRDH_1SDV_20190915T035049_20190915T035114_018043_021F77_F12E.SAFE,ID_3,S1B_IW_GRDH_1SDV_20190915T035049_20190915T035114_018043_021F77_F12E.SAFE,S1_20190915_035049_035228_VV_98,external_test
DARTIS_2019,4778,nw,no_oil_water,nw-1554-09-000130.jpg,640,640,0,S1B_IW_GRDH_1SDV_20190915T035049_20190915T035114_018043_021F77_F12E.SAFE,ID_3,S1B_IW_GRDH_1SDV_20190915T035049_20190915T035114_018043_021F77_F12E.SAFE,S1_20190915_035049_035228_VV_69,external_test
DARTIS_2019,3497,nw,no_oil_water,nw-0273-01-000101.jpg,640,640,0,S1B_IW_GRDH_1SDV_20190921T154041_20190921T154106_018138_022283_3509.SAFE,ID_3,S1B_IW_GRDH_1SDV_20190921T154041_20190921T154106_018138_022283_3509.SAFE,S1_20190921_153951_154106_VV_32,external_test
DARTIS_2019,3943,nw,no_oil_water,nw-0719-04-000054.jpg,640,640,0,S1B_IW_GRDH_1SDV_20190921T154041_20190921T154106_018138_022283_3509.SAFE,ID_3,S1B_IW_GRDH_1SDV_20190921T154041_20190921T154106_018138_022283_3509.SAFE,S1_20190921_153951_154106_VV_82,external_test
DARTIS_2019,3944,nw,no_oil_water,nw-0720-04-000055.jpg,640,640,0,S1B_IW_GRDH_1SDV_20190921T154041_20190921T154106_018138_022283_3509.SAFE,ID_3,S1B_IW_GRDH_1SDV_20190921T154041_20190921T154106_018138_022283_3509.SAFE,S1_20190921_153951_154106_VV_83,external_test
DARTIS_2019,4079,nw,no_oil_water,nw-0855-05-000109.jpg,640,640,0,S1B_IW_GRDH_1SDV_20190921T154041_20190921T154106_018138_022283_3509.SAFE,ID_3,S1B_IW_GRDH_1SDV_20190921T154041_20190921T154106_018138_022283_3509.SAFE,S1_20190921_153951_154106_VV_28,external_test
DARTIS_2019,4907,nw,no_oil_water,nw-1683-10-000091.jpg,640,640,0,S1B_IW_GRDH_1SDV_20190921T154041_20190921T154106_018138_022283_3509.SAFE,ID_3,S1B_IW_GRDH_1SDV_20190921T154041_20190921T154106_018138_022283_3509.SAFE,S1_20190921_153951_154106_VV_50,external_test
DARTIS_2019,4908,nw,no_oil_water,nw-1684-10-000092.jpg,640,640,0,S1B_IW_GRDH_1SDV_20190921T154041_20190921T154106_018138_022283_3509.SAFE,ID_3,S1B_IW_GRDH_1SDV_20190921T154041_20190921T154106_018138_022283_3509.SAFE,S1_20190921_153951_154106_VV_53,external_test
DARTIS_2019,5132,nw,no_oil_water,nw-1908-11-000142.jpg,640,640,0,S1B_IW_GRDH_1SDV_20190921T154041_20190921T154106_018138_022283_3509.SAFE,ID_3,S1B_IW_GRDH_1SDV_20190921T154041_20190921T154106_018138_022283_3509.SAFE,S1_20190921_153951_154106_VV_77,external_test
DARTIS_2019,3841,nw,no_oil_water,nw-0617-03-000114.jpg,640,640,0,S1B_IW_GRDH_1SDV_20190927T035139_20190927T035204_018218_0224DC_E6A4.SAFE,ID_3,S1B_IW_GRDH_1SDV_20190927T035139_20190927T035204_018218_0224DC_E6A4.SAFE,S1_20190927_035049_035228_VV_71,external_test
DARTIS_2019,4426,nw,no_oil_water,nw-1202-07-000124.jpg,640,640,0,S1B_IW_GRDH_1SDV_20190927T035139_20190927T035204_018218_0224DC_E6A4.SAFE,ID_3,S1B_IW_GRDH_1SDV_20190927T035139_20190927T035204_018218_0224DC_E6A4.SAFE,S1_20190927_035049_035228_VV_74,external_test
DARTIS_2019,4914,nw,no_oil_water,nw-1690-10-000098.jpg,640,640,0,S1B_IW_GRDH_1SDV_20190927T035139_20190927T035204_018218_0224DC_E6A4.SAFE,ID_3,S1B_IW_GRDH_1SDV_20190927T035139_20190927T035204_018218_0224DC_E6A4.SAFE,S1_20190927_035049_035228_VV_65,external_test
DARTIS_2019,4915,nw,no_oil_water,nw-1691-10-000099.jpg,640,640,0,S1B_IW_GRDH_1SDV_20190927T035139_20190927T035204_018218_0224DC_E6A4.SAFE,ID_3,S1B_IW_GRDH_1SDV_20190927T035139_20190927T035204_018218_0224DC_E6A4.SAFE,S1_20190927_035049_035228_VV_80,external_test
DARTIS_2019,4916,nw,no_oil_water,nw-1692-10-000100.jpg,640,640,0,S1B_IW_GRDH_1SDV_20190927T035139_20190927T035204_018218_0224DC_E6A4.SAFE,ID_3,S1B_IW_GRDH_1SDV_20190927T035139_20190927T035204_018218_0224DC_E6A4.SAFE,S1_20190927_035049_035228_VV_84,external_test
DARTIS_2019,4917,nw,no_oil_water,nw-1693-10-000101.jpg,640,640,0,S1B_IW_GRDH_1SDV_20190927T035139_20190927T035204_018218_0224DC_E6A4.SAFE,ID_3,S1B_IW_GRDH_1SDV_20190927T035139_20190927T035204_018218_0224DC_E6A4.SAFE,S1_20190927_035049_035228_VV_89,external_test
DARTIS_2019,4918,nw,no_oil_water,nw-1694-10-000102.jpg,640,640,0,S1B_IW_GRDH_1SDV_20190927T035139_20190927T035204_018218_0224DC_E6A4.SAFE,ID_3,S1B_IW_GRDH_1SDV_20190927T035139_20190927T035204_018218_0224DC_E6A4.SAFE,S1_20190927_035049_035228_VV_92,external_test
DARTIS_2019,3339,nw,no_oil_water,nw-0115-00-000115.jpg,640,640,0,S1B_IW_GRDH_1SDV_20191002T035949_20191002T040014_018291_022738_5054.SAFE,ID_3,S1B_IW_GRDH_1SDV_20191002T035949_20191002T040014_018291_022738_5054.SAFE,S1_20191002_035859_040038_VV_112,external_test
DARTIS_2019,3342,nw,no_oil_water,nw-0118-00-000118.jpg,640,640,0,S1B_IW_GRDH_1SDV_20191002T035949_20191002T040014_018291_022738_5054.SAFE,ID_3,S1B_IW_GRDH_1SDV_20191002T035949_20191002T040014_018291_022738_5054.SAFE,S1_20191002_035859_040038_VV_80,external_test
DARTIS_2019,3343,nw,no_oil_water,nw-0119-00-000119.jpg,640,640,0,S1B_IW_GRDH_1SDV_20191002T035949_20191002T040014_018291_022738_5054.SAFE,ID_3,S1B_IW_GRDH_1SDV_20191002T035949_20191002T040014_018291_022738_5054.SAFE,S1_20191002_035859_040038_VV_96,external_test
DARTIS_2019,3509,nw,no_oil_water,nw-0285-01-000113.jpg,640,640,0,S1B_IW_GRDH_1SDV_20191002T035949_20191002T040014_018291_022738_5054.SAFE,ID_3,S1B_IW_GRDH_1SDV_20191002T035949_20191002T040014_018291_022738_5054.SAFE,S1_20191002_035859_040038_VV_242,external_test
DARTIS_2019,3510,nw,no_oil_water,nw-0286-01-000114.jpg,640,640,0,S1B_IW_GRDH_1SDV_20191002T035949_20191002T040014_018291_022738_5054.SAFE,ID_3,S1B_IW_GRDH_1SDV_20191002T035949_20191002T040014_018291_022738_5054.SAFE,S1_20191002_035859_040038_VV_272,external_test
DARTIS_2019,3511,nw,no_oil_water,nw-0287-01-000115.jpg,640,640,0,S1B_IW_GRDH_1SDV_20191002T035949_20191002T040014_018291_022738_5054.SAFE,ID_3,S1B_IW_GRDH_1SDV_20191002T035949_20191002T040014_018291_022738_5054.SAFE,S1_20191002_035859_040038_VV_85,external_test
DARTIS_2019,4578,nw,no_oil_water,nw-1354-08-000105.jpg,640,640,0,S1B_IW_GRDH_1SDV_20191002T035949_20191002T040014_018291_022738_5054.SAFE,ID_3,S1B_IW_GRDH_1SDV_20191002T035949_20191002T040014_018291_022738_5054.SAFE,S1_20191002_035859_040038_VV_258,external_test
DARTIS_2019,4579,nw,no_oil_water,nw-1355-08-000106.jpg,640,640,0,S1B_IW_GRDH_1SDV_20191002T035949_20191002T040014_018291_022738_5054.SAFE,ID_3,S1B_IW_GRDH_1SDV_20191002T035949_20191002T040014_018291_022738_5054.SAFE,S1_20191002_035859_040038_VV_93,external_test
DARTIS_2019,3347,nw,no_oil_water,nw-0123-00-000123.jpg,640,640,0,S1B_IW_GRDH_1SDV_20191004T034317_20191004T034342_018320_02282B_4A6D.SAFE,ID_3,S1B_IW_GRDH_1SDV_20191004T034317_20191004T034342_018320_02282B_4A6D.SAFE,S1_20191004_034227_034407_VV_119,external_test
DARTIS_2019,3348,nw,no_oil_water,nw-0124-00-000124.jpg,640,640,0,S1B_IW_GRDH_1SDV_20191004T034317_20191004T034342_018320_02282B_4A6D.SAFE,ID_3,S1B_IW_GRDH_1SDV_20191004T034317_20191004T034342_018320_02282B_4A6D.SAFE,S1_20191004_034227_034407_VV_153,external_test
DARTIS_2019,3349,nw,no_oil_water,nw-0125-00-000125.jpg,640,640,0,S1B_IW_GRDH_1SDV_20191004T034317_20191004T034342_018320_02282B_4A6D.SAFE,ID_3,S1B_IW_GRDH_1SDV_20191004T034317_20191004T034342_018320_02282B_4A6D.SAFE,S1_20191004_034227_034407_VV_156,external_test
DARTIS_2019,3350,nw,no_oil_water,nw-0126-00-000126.jpg,640,640,0,S1B_IW_GRDH_1SDV_20191004T034317_20191004T034342_018320_02282B_4A6D.SAFE,ID_3,S1B_IW_GRDH_1SDV_20191004T034317_20191004T034342_018320_02282B_4A6D.SAFE,S1_20191004_034227_034407_VV_170,external_test
DARTIS_2019,4086,nw,no_oil_water,nw-0862-05-000116.jpg,640,640,0,S1B_IW_GRDH_1SDV_20191004T034317_20191004T034342_018320_02282B_4A6D.SAFE,ID_3,S1B_IW_GRDH_1SDV_20191004T034317_20191004T034342_018320_02282B_4A6D.SAFE,S1_20191004_034227_034407_VV_155,external_test
DARTIS_2019,4924,nw,no_oil_water,nw-1700-10-000108.jpg,640,640,0,S1B_IW_GRDH_1SDV_20191004T034317_20191004T034342_018320_02282B_4A6D.SAFE,ID_3,S1B_IW_GRDH_1SDV_20191004T034317_20191004T034342_018320_02282B_4A6D.SAFE,S1_20191004_034227_034407_VV_127,external_test
DARTIS_2019,4925,nw,no_oil_water,nw-1701-10-000109.jpg,640,640,0,S1B_IW_GRDH_1SDV_20191004T034317_20191004T034342_018320_02282B_4A6D.SAFE,ID_3,S1B_IW_GRDH_1SDV_20191004T034317_20191004T034342_018320_02282B_4A6D.SAFE,S1_20191004_034227_034407_VV_152,external_test
DARTIS_2019,4926,nw,no_oil_water,nw-1702-10-000110.jpg,640,640,0,S1B_IW_GRDH_1SDV_20191004T034317_20191004T034342_018320_02282B_4A6D.SAFE,ID_3,S1B_IW_GRDH_1SDV_20191004T034317_20191004T034342_018320_02282B_4A6D.SAFE,S1_20191004_034227_034407_VV_167,external_test
DARTIS_2019,4927,nw,no_oil_water,nw-1703-10-000111.jpg,640,640,0,S1B_IW_GRDH_1SDV_20191004T034317_20191004T034342_018320_02282B_4A6D.SAFE,ID_3,S1B_IW_GRDH_1SDV_20191004T034317_20191004T034342_018320_02282B_4A6D.SAFE,S1_20191004_034227_034407_VV_179,external_test
DARTIS_2019,3355,nw,no_oil_water,nw-0131-00-000131.jpg,640,640,0,S1B_IW_GRDH_1SDV_20191009T035114_20191009T035139_018393_022A5F_B79F.SAFE,ID_3,S1B_IW_GRDH_1SDV_20191009T035114_20191009T035139_018393_022A5F_B79F.SAFE,S1_20191009_035049_035228_VV_32,external_test
DARTIS_2019,3848,nw,no_oil_water,nw-0624-03-000121.jpg,640,640,0,S1B_IW_GRDH_1SDV_20191014T035859_20191014T035924_018466_022CAA_0B81.SAFE,ID_3,S1B_IW_GRDH_1SDV_20191014T035859_20191014T035924_018466_022CAA_0B81.SAFE,S1_20191014_035859_040038_VV_10,external_test
DARTIS_2019,4780,nw,no_oil_water,nw-1556-09-000132.jpg,640,640,0,S1B_IW_GRDH_1SDV_20191014T035859_20191014T035924_018466_022CAA_0B81.SAFE,ID_3,S1B_IW_GRDH_1SDV_20191014T035859_20191014T035924_018466_022CAA_0B81.SAFE,S1_20191014_035859_040038_VV_0,external_test
DARTIS_2019,3853,nw,no_oil_water,nw-0629-03-000126.jpg,640,640,0,S1B_IW_GRDH_1SDV_20191016T034227_20191016T034252_018495_022D96_DFD2.SAFE,ID_3,S1B_IW_GRDH_1SDV_20191016T034227_20191016T034252_018495_022D96_DFD2.SAFE,S1_20191016_034227_034407_VV_13,external_test
DARTIS_2019,4098,nw,no_oil_water,nw-0874-05-000128.jpg,640,640,0,S1B_IW_GRDH_1SDV_20191016T034227_20191016T034252_018495_022D96_DFD2.SAFE,ID_3,S1B_IW_GRDH_1SDV_20191016T034227_20191016T034252_018495_022D96_DFD2.SAFE,S1_20191016_034227_034407_VV_52,external_test
DARTIS_2019,4099,nw,no_oil_water,nw-0875-05-000129.jpg,640,640,0,S1B_IW_GRDH_1SDV_20191016T034227_20191016T034252_018495_022D96_DFD2.SAFE,ID_3,S1B_IW_GRDH_1SDV_20191016T034227_20191016T034252_018495_022D96_DFD2.SAFE,S1_20191016_034227_034407_VV_7,external_test
DARTIS_2019,4438,nw,no_oil_water,nw-1214-07-000136.jpg,640,640,0,S1B_IW_GRDH_1SDV_20191016T034227_20191016T034252_018495_022D96_DFD2.SAFE,ID_3,S1B_IW_GRDH_1SDV_20191016T034227_20191016T034252_018495_022D96_DFD2.SAFE,S1_20191016_034227_034407_VV_18,external_test
DARTIS_2019,4786,nw,no_oil_water,nw-1562-09-000138.jpg,640,640,0,S1B_IW_GRDH_1SDV_20191016T034227_20191016T034252_018495_022D96_DFD2.SAFE,ID_3,S1B_IW_GRDH_1SDV_20191016T034227_20191016T034252_018495_022D96_DFD2.SAFE,S1_20191016_034227_034407_VV_22,external_test
DARTIS_2019,4587,nw,no_oil_water,nw-1363-08-000114.jpg,640,640,0,S1B_IW_GRDH_1SDV_20191016T034252_20191016T034317_018495_022D96_AE2A.SAFE;S1B_IW_GRDH_1SDV_20191016T034227_20191016T034252_018495_022D96_DFD2.SAFE,ID_3,S1B_IW_GRDH_1SDV_20191016T034252_20191016T034317_018495_022D96_AE2A.SAFE;S1B_IW_GRDH_1SDV_20191016T034227_20191016T034252_018495_022D96_DFD2.SAFE,S1_20191016_034227_034407_VV_66,external_test
DARTIS_2019,4289,nw,no_oil_water,nw-1065-06-000153.jpg,640,640,0,S1B_IW_GRDH_1SDV_20191020T154820_20191020T154845_018561_022F8C_E7C6.SAFE,ID_3,S1B_IW_GRDH_1SDV_20191020T154820_20191020T154845_018561_022F8C_E7C6.SAFE,S1_20191020_154755_154935_VV_1,external_test
DARTIS_2019,3960,nw,no_oil_water,nw-0736-04-000071.jpg,640,640,0,S1B_IW_GRDH_1SDV_20191021T035139_20191021T035204_018568_022FC0_7FCF.SAFE,ID_3,S1B_IW_GRDH_1SDV_20191021T035139_20191021T035204_018568_022FC0_7FCF.SAFE,S1_20191021_035049_035228_VV_172,external_test
DARTIS_2019,3704,nw,no_oil_water,nw-0480-02-000137.jpg,640,640,0,S1B_IW_GRDH_1SDV_20191109T034252_20191109T034317_018845_0238A3_587D.SAFE,ID_3,S1B_IW_GRDH_1SDV_20191109T034252_20191109T034317_018845_0238A3_587D.SAFE,S1_20191109_034227_034407_VV_108,external_test
DARTIS_2019,3862,nw,no_oil_water,nw-0638-03-000135.jpg,640,640,0,S1B_IW_GRDH_1SDV_20191109T034252_20191109T034317_018845_0238A3_587D.SAFE,ID_3,S1B_IW_GRDH_1SDV_20191109T034252_20191109T034317_018845_0238A3_587D.SAFE,S1_20191109_034227_034407_VV_41,external_test
DARTIS_2019,4113,nw,no_oil_water,nw-0889-05-000143.jpg,640,640,0,S1B_IW_GRDH_1SDV_20191109T034252_20191109T034317_018845_0238A3_587D.SAFE,ID_3,S1B_IW_GRDH_1SDV_20191109T034252_20191109T034317_018845_0238A3_587D.SAFE,S1_20191109_034227_034407_VV_50,external_test
DARTIS_2019,4953,nw,no_oil_water,nw-1729-10-000137.jpg,640,640,0,S1B_IW_GRDH_1SDV_20191109T034252_20191109T034317_018845_0238A3_587D.SAFE,ID_3,S1B_IW_GRDH_1SDV_20191109T034252_20191109T034317_018845_0238A3_587D.SAFE,S1_20191109_034227_034407_VV_65,external_test
DARTIS_2019,4116,nw,no_oil_water,nw-0892-05-000146.jpg,640,640,0,S1B_IW_GRDH_1SDV_20191116T033417_20191116T033442_018947_023BCF_D85D.SAFE,ID_3,S1B_IW_GRDH_1SDV_20191116T033417_20191116T033442_018947_023BCF_D85D.SAFE,S1_20191116_033417_033557_VV_5,external_test
DARTIS_2019,3373,nw,no_oil_water,nw-0149-00-000149.jpg,640,640,0,S1B_IW_GRDH_1SDV_20191123T160439_20191123T160504_019057_023F6D_FB3B.SAFE,ID_3,S1B_IW_GRDH_1SDV_20191123T160439_20191123T160504_019057_023F6D_FB3B.SAFE,S1_20191123_160414_160554_VV_43,external_test
DARTIS_2019,4455,nw,no_oil_water,nw-1231-07-000153.jpg,640,640,0,S1B_IW_GRDH_1SDV_20191123T160439_20191123T160504_019057_023F6D_FB3B.SAFE,ID_3,S1B_IW_GRDH_1SDV_20191123T160439_20191123T160504_019057_023F6D_FB3B.SAFE,S1_20191123_160414_160554_VV_4,external_test
DARTIS_2019,3388,nw,no_oil_water,nw-0164-00-000164.jpg,640,640,0,S1B_IW_GRDH_1SDV_20191219T154908_20191219T154933_019436_024B6B_E2BB.SAFE,ID_3,S1B_IW_GRDH_1SDV_20191219T154908_20191219T154933_019436_024B6B_E2BB.SAFE,S1_20191219_154753_154933_VV_243,external_test
DARTIS_2019,3720,nw,no_oil_water,nw-0496-02-000153.jpg,640,640,0,S1B_IW_GRDH_1SDV_20191219T154908_20191219T154933_019436_024B6B_E2BB.SAFE,ID_3,S1B_IW_GRDH_1SDV_20191219T154908_20191219T154933_019436_024B6B_E2BB.SAFE,S1_20191219_154753_154933_VV_231,external_test
DARTIS_2019,3879,nw,no_oil_water,nw-0655-03-000152.jpg,640,640,0,S1B_IW_GRDH_1SDV_20191219T154908_20191219T154933_019436_024B6B_E2BB.SAFE,ID_3,S1B_IW_GRDH_1SDV_20191219T154908_20191219T154933_019436_024B6B_E2BB.SAFE,S1_20191219_154753_154933_VV_215,external_test
DARTIS_2019,4978,nw,no_oil_water,nw-1754-10-000162.jpg,640,640,0,S1B_IW_GRDH_1SDV_20191219T154908_20191219T154933_019436_024B6B_E2BB.SAFE,ID_3,S1B_IW_GRDH_1SDV_20191219T154908_20191219T154933_019436_024B6B_E2BB.SAFE,S1_20191219_154753_154933_VV_166,external_test
DARTIS_2019,4979,nw,no_oil_water,nw-1755-10-000163.jpg,640,640,0,S1B_IW_GRDH_1SDV_20191219T154908_20191219T154933_019436_024B6B_E2BB.SAFE,ID_3,S1B_IW_GRDH_1SDV_20191219T154908_20191219T154933_019436_024B6B_E2BB.SAFE,S1_20191219_154753_154933_VV_208,external_test
DARTIS_2019,5160,nw,no_oil_water,nw-1936-11-000170.jpg,640,640,0,S1B_IW_GRDH_1SDV_20191219T154908_20191219T154933_019436_024B6B_E2BB.SAFE,ID_3,S1B_IW_GRDH_1SDV_20191219T154908_20191219T154933_019436_024B6B_E2BB.SAFE,S1_20191219_154753_154933_VV_221,external_test
DARTIS_2019,5161,nw,no_oil_water,nw-1937-11-000171.jpg,640,640,0,S1B_IW_GRDH_1SDV_20191219T154908_20191219T154933_019436_024B6B_E2BB.SAFE,ID_3,S1B_IW_GRDH_1SDV_20191219T154908_20191219T154933_019436_024B6B_E2BB.SAFE,S1_20191219_154753_154933_VV_240,external_test
DARTIS_2019,5163,nw,no_oil_water,nw-1939-11-000173.jpg,640,640,0,S1B_IW_GRDH_1SDV_20191219T154908_20191219T154933_019436_024B6B_E2BB.SAFE,ID_3,S1B_IW_GRDH_1SDV_20191219T154908_20191219T154933_019436_024B6B_E2BB.SAFE,S1_20191219_154753_154933_VV_319,external_test
DARTIS_2019,3389,nw,no_oil_water,nw-0165-00-000165.jpg,640,640,0,S1B_IW_GRDH_1SDV_20191220T035048_20191220T035113_019443_024BA5_28B4.SAFE,ID_3,S1B_IW_GRDH_1SDV_20191220T035048_20191220T035113_019443_024BA5_28B4.SAFE,S1_20191220_035048_035227_VV_101,external_test
DARTIS_2019,3880,nw,no_oil_water,nw-0656-03-000153.jpg,640,640,0,S1B_IW_GRDH_1SDV_20191220T035048_20191220T035113_019443_024BA5_28B4.SAFE,ID_3,S1B_IW_GRDH_1SDV_20191220T035048_20191220T035113_019443_024BA5_28B4.SAFE,S1_20191220_035048_035227_VV_25,external_test
DARTIS_2019,3967,nw,no_oil_water,nw-0743-04-000078.jpg,640,640,0,S1B_IW_GRDH_1SDV_20191220T035048_20191220T035113_019443_024BA5_28B4.SAFE,ID_3,S1B_IW_GRDH_1SDV_20191220T035048_20191220T035113_019443_024BA5_28B4.SAFE,S1_20191220_035048_035227_VV_263,external_test
DARTIS_2019,4300,nw,no_oil_water,nw-1076-06-000164.jpg,640,640,0,S1B_IW_GRDH_1SDV_20191220T035048_20191220T035113_019443_024BA5_28B4.SAFE,ID_3,S1B_IW_GRDH_1SDV_20191220T035048_20191220T035113_019443_024BA5_28B4.SAFE,S1_20191220_035048_035227_VV_262,external_test
DARTIS_2019,4980,nw,no_oil_water,nw-1756-10-000164.jpg,640,640,0,S1B_IW_GRDH_1SDV_20191220T035048_20191220T035113_019443_024BA5_28B4.SAFE,ID_3,S1B_IW_GRDH_1SDV_20191220T035048_20191220T035113_019443_024BA5_28B4.SAFE,S1_20191220_035048_035227_VV_15,external_test
DARTIS_2019,4981,nw,no_oil_water,nw-1757-10-000165.jpg,640,640,0,S1B_IW_GRDH_1SDV_20191220T035048_20191220T035113_019443_024BA5_28B4.SAFE,ID_3,S1B_IW_GRDH_1SDV_20191220T035048_20191220T035113_019443_024BA5_28B4.SAFE,S1_20191220_035048_035227_VV_39,external_test
DARTIS_2019,4982,nw,no_oil_water,nw-1758-10-000166.jpg,640,640,0,S1B_IW_GRDH_1SDV_20191220T035048_20191220T035113_019443_024BA5_28B4.SAFE,ID_3,S1B_IW_GRDH_1SDV_20191220T035048_20191220T035113_019443_024BA5_28B4.SAFE,S1_20191220_035048_035227_VV_74,external_test
DARTIS_2019,4983,nw,no_oil_water,nw-1759-10-000167.jpg,640,640,0,S1B_IW_GRDH_1SDV_20191220T035048_20191220T035113_019443_024BA5_28B4.SAFE,ID_3,S1B_IW_GRDH_1SDV_20191220T035048_20191220T035113_019443_024BA5_28B4.SAFE,S1_20191220_035048_035227_VV_84,external_test
DARTIS_2019,4984,nw,no_oil_water,nw-1760-10-000168.jpg,640,640,0,S1B_IW_GRDH_1SDV_20191220T035048_20191220T035113_019443_024BA5_28B4.SAFE,ID_3,S1B_IW_GRDH_1SDV_20191220T035048_20191220T035113_019443_024BA5_28B4.SAFE,S1_20191220_035048_035227_VV_91,external_test
DARTIS_2019,4131,nw,no_oil_water,nw-0907-05-000161.jpg,640,640,0,S1B_IW_GRDH_1SDV_20191222T033441_20191222T033506_019472_024C83_324E.SAFE;S1B_IW_GRDH_1SDV_20191222T033416_20191222T033441_019472_024C83_6FC8.SAFE,ID_3,S1B_IW_GRDH_1SDV_20191222T033441_20191222T033506_019472_024C83_324E.SAFE;S1B_IW_GRDH_1SDV_20191222T033416_20191222T033441_019472_024C83_6FC8.SAFE,S1_20191222_033416_033556_VV_102,external_test
DARTIS_2019,3883,nw,no_oil_water,nw-0659-03-000156.jpg,640,640,0,S1B_IW_GRDH_1SDV_20191225T035948_20191225T040013_019516_024E03_FD65.SAFE,ID_3,S1B_IW_GRDH_1SDV_20191225T035948_20191225T040013_019516_024E03_FD65.SAFE,S1_20191225_035858_040037_VV_31,external_test
DARTIS_2019,4804,nw,no_oil_water,nw-1580-09-000156.jpg,640,640,0,S1B_IW_GRDH_1SDV_20191225T035948_20191225T040013_019516_024E03_FD65.SAFE,ID_3,S1B_IW_GRDH_1SDV_20191225T035948_20191225T040013_019516_024E03_FD65.SAFE,S1_20191225_035858_040037_VV_18,external_test
DARTIS_2019,4809,nw,no_oil_water,nw-1585-09-000161.jpg,640,640,0,S1B_IW_GRDH_1SDV_20191225T035948_20191225T040013_019516_024E03_FD65.SAFE,ID_3,S1B_IW_GRDH_1SDV_20191225T035948_20191225T040013_019516_024E03_FD65.SAFE,S1_20191225_035858_040037_VV_202,external_test
DARTIS_2019,4810,nw,no_oil_water,nw-1586-09-000162.jpg,640,640,0,S1B_IW_GRDH_1SDV_20191225T035948_20191225T040013_019516_024E03_FD65.SAFE,ID_3,S1B_IW_GRDH_1SDV_20191225T035948_20191225T040013_019516_024E03_FD65.SAFE,S1_20191225_035858_040037_VV_203,external_test
DARTIS_2019,3564,nw,no_oil_water,nw-0340-01-000168.jpg,640,640,0,S1B_IW_GRDH_1SDV_20191229T160527_20191229T160552_019582_02501D_988D.SAFE,ID_3,S1B_IW_GRDH_1SDV_20191229T160527_20191229T160552_019582_02501D_988D.SAFE,S1_20191229_160412_160552_VV_226,external_test
DARTIS_2019,3565,nw,no_oil_water,nw-0341-01-000169.jpg,640,640,0,S1B_IW_GRDH_1SDV_20191229T160527_20191229T160552_019582_02501D_988D.SAFE,ID_3,S1B_IW_GRDH_1SDV_20191229T160527_20191229T160552_019582_02501D_988D.SAFE,S1_20191229_160412_160552_VV_231,external_test
DARTIS_2019,3726,nw,no_oil_water,nw-0502-02-000159.jpg,640,640,0,S1B_IW_GRDH_1SDV_20191229T160527_20191229T160552_019582_02501D_988D.SAFE,ID_3,S1B_IW_GRDH_1SDV_20191229T160527_20191229T160552_019582_02501D_988D.SAFE,S1_20191229_160412_160552_VV_197,external_test
DARTIS_2019,4135,nw,no_oil_water,nw-0911-05-000165.jpg,640,640,0,S1B_IW_GRDH_1SDV_20191229T160527_20191229T160552_019582_02501D_988D.SAFE,ID_3,S1B_IW_GRDH_1SDV_20191229T160527_20191229T160552_019582_02501D_988D.SAFE,S1_20191229_160412_160552_VV_214,external_test
DARTIS_2019,4641,nw,no_oil_water,nw-1417-08-000168.jpg,640,640,0,S1B_IW_GRDH_1SDV_20191229T160527_20191229T160552_019582_02501D_988D.SAFE,ID_3,S1B_IW_GRDH_1SDV_20191229T160527_20191229T160552_019582_02501D_988D.SAFE,S1_20191229_160412_160552_VV_177,external_test
DARTIS_2019,4642,nw,no_oil_water,nw-1418-08-000169.jpg,640,640,0,S1B_IW_GRDH_1SDV_20191229T160527_20191229T160552_019582_02501D_988D.SAFE,ID_3,S1B_IW_GRDH_1SDV_20191229T160527_20191229T160552_019582_02501D_988D.SAFE,S1_20191229_160412_160552_VV_187,external_test
DARTIS_2019,4643,nw,no_oil_water,nw-1419-08-000170.jpg,640,640,0,S1B_IW_GRDH_1SDV_20191229T160527_20191229T160552_019582_02501D_988D.SAFE,ID_3,S1B_IW_GRDH_1SDV_20191229T160527_20191229T160552_019582_02501D_988D.SAFE,S1_20191229_160412_160552_VV_206,external_test
DARTIS_2019,4644,nw,no_oil_water,nw-1420-08-000171.jpg,640,640,0,S1B_IW_GRDH_1SDV_20191229T160527_20191229T160552_019582_02501D_988D.SAFE,ID_3,S1B_IW_GRDH_1SDV_20191229T160527_20191229T160552_019582_02501D_988D.SAFE,S1_20191229_160412_160552_VV_208,external_test
DARTIS_2019,4645,nw,no_oil_water,nw-1421-08-000172.jpg,640,640,0,S1B_IW_GRDH_1SDV_20191229T160527_20191229T160552_019582_02501D_988D.SAFE,ID_3,S1B_IW_GRDH_1SDV_20191229T160527_20191229T160552_019582_02501D_988D.SAFE,S1_20191229_160412_160552_VV_281,external_test
DARTIS_2019,4815,nw,no_oil_water,nw-1591-09-000167.jpg,640,640,0,S1B_IW_GRDH_1SDV_20191229T160527_20191229T160552_019582_02501D_988D.SAFE,ID_3,S1B_IW_GRDH_1SDV_20191229T160527_20191229T160552_019582_02501D_988D.SAFE,S1_20191229_160412_160552_VV_198,external_test
DARTIS_2019,4136,nw,no_oil_water,nw-0912-05-000166.jpg,640,640,0,S1B_IW_GRDH_1SDV_20191231T154818_20191231T154843_019611_025103_9D8D.SAFE;S1B_IW_GRDH_1SDV_20191231T154753_20191231T154818_019611_025103_D6A6.SAFE,ID_3,S1B_IW_GRDH_1SDV_20191231T154818_20191231T154843_019611_025103_9D8D.SAFE;S1B_IW_GRDH_1SDV_20191231T154753_20191231T154818_019611_025103_D6A6.SAFE,S1_20191231_154753_154933_VV_116,external_test
DARTIS_2019,5327,nc,no_oil_coast,nc-0164-02-000004.jpg,640,640,0,S1A_IW_GRDH_1SDV_20190124T035117_20190124T035142_025614_02D7E5_2D5A.SAFE,ID_3,S1A_IW_GRDH_1SDV_20190124T035117_20190124T035142_025614_02D7E5_2D5A.SAFE,S1_20190124_035117_035258_VV_6,hard_negative_train
DARTIS_2019,5449,nc,no_oil_coast,nc-0286-04-000007.jpg,640,640,0,S1A_IW_GRDH_1SDV_20190124T035117_20190124T035142_025614_02D7E5_2D5A.SAFE,ID_3,S1A_IW_GRDH_1SDV_20190124T035117_20190124T035142_025614_02D7E5_2D5A.SAFE,S1_20190124_035117_035258_VV_0,hard_negative_train
DARTIS_2019,5167,nc,no_oil_coast,nc-0004-00-000004.jpg,640,640,0,S1A_IW_GRDH_1SDV_20190124T035232_20190124T035258_025614_02D7E5_9158.SAFE,ID_3,S1A_IW_GRDH_1SDV_20190124T035232_20190124T035258_025614_02D7E5_9158.SAFE,S1_20190124_035117_035258_VV_16,hard_negative_train
DARTIS_2019,5450,nc,no_oil_coast,nc-0287-04-000008.jpg,640,640,0,S1A_IW_GRDH_1SDV_20190128T155703_20190128T155728_025680_02DA53_C5E0.SAFE,ID_3,S1A_IW_GRDH_1SDV_20190128T155703_20190128T155728_025680_02DA53_C5E0.SAFE,S1_20190128_155638_155818_VV_15,hard_negative_train
DARTIS_2019,5451,nc,no_oil_coast,nc-0288-04-000009.jpg,640,640,0,S1A_IW_GRDH_1SDV_20190129T040042_20190129T040107_025687_02DA92_3072.SAFE,ID_3,S1A_IW_GRDH_1SDV_20190129T040042_20190129T040107_025687_02DA92_3072.SAFE,S1_20190129_035927_040107_VV_29,hard_negative_train
DARTIS_2019,5171,nc,no_oil_coast,nc-0008-00-000008.jpg,640,640,0,S1A_IW_GRDH_1SDV_20190210T040041_20190210T040106_025862_02E0DD_EBDC.SAFE,ID_3,S1A_IW_GRDH_1SDV_20190210T040041_20190210T040106_025862_02E0DD_EBDC.SAFE,S1_20190210_035926_040106_VV_61,hard_negative_train
DARTIS_2019,5245,nc,no_oil_coast,nc-0082-01-000006.jpg,640,640,0,S1A_IW_GRDH_1SDV_20190210T040041_20190210T040106_025862_02E0DD_EBDC.SAFE;S1A_IW_GRDH_1SDV_20190210T040016_20190210T040041_025862_02E0DD_BBED.SAFE,ID_3,S1A_IW_GRDH_1SDV_20190210T040041_20190210T040106_025862_02E0DD_EBDC.SAFE;S1A_IW_GRDH_1SDV_20190210T040016_20190210T040041_025862_02E0DD_BBED.SAFE,S1_20190210_035926_040106_VV_57,hard_negative_train
DARTIS_2019,5403,nc,no_oil_coast,nc-0240-03-000005.jpg,640,640,0,S1A_IW_GRDH_1SDV_20190216T154950_20190216T155015_025957_02E43B_182C.SAFE,ID_3,S1A_IW_GRDH_1SDV_20190216T154950_20190216T155015_025957_02E43B_182C.SAFE,S1_20190216_154835_155015_VV_34,hard_negative_train
DARTIS_2019,5332,nc,no_oil_coast,nc-0169-02-000009.jpg,640,640,0,S1A_IW_GRDH_1SDV_20190218T153310_20190218T153335_025986_02E530_36A3.SAFE,ID_3,S1A_IW_GRDH_1SDV_20190218T153310_20190218T153335_025986_02E530_36A3.SAFE,S1_20190218_153220_153335_VV_209,hard_negative_train
DARTIS_2019,5246,nc,no_oil_coast,nc-0083-01-000007.jpg,640,640,0,S1A_IW_GRDH_1SDV_20190219T033454_20190219T033519_025993_02E57A_9BA8.SAFE,ID_3,S1A_IW_GRDH_1SDV_20190219T033454_20190219T033519_025993_02E57A_9BA8.SAFE,S1_20190219_033454_033634_VV_18,hard_negative_train
DARTIS_2019,5247,nc,no_oil_coast,nc-0084-01-000008.jpg,640,640,0,S1A_IW_GRDH_1SDV_20190219T033454_20190219T033519_025993_02E57A_9BA8.SAFE,ID_3,S1A_IW_GRDH_1SDV_20190219T033454_20190219T033519_025993_02E57A_9BA8.SAFE,S1_20190219_033454_033634_VV_22,hard_negative_train
DARTIS_2019,5175,nc,no_oil_coast,nc-0012-00-000012.jpg,640,640,0,S1A_IW_GRDH_1SDV_20190224T034322_20190224T034347_026066_02E816_1321.SAFE,ID_3,S1A_IW_GRDH_1SDV_20190224T034322_20190224T034347_026066_02E816_1321.SAFE,S1_20190224_034257_034437_VV_102,hard_negative_train
DARTIS_2019,5406,nc,no_oil_coast,nc-0243-03-000008.jpg,640,640,0,S1A_IW_GRDH_1SDV_20190228T154950_20190228T155015_026132_02EA77_063D.SAFE,ID_3,S1A_IW_GRDH_1SDV_20190228T154950_20190228T155015_026132_02EA77_063D.SAFE,S1_20190228_154835_155015_VV_79,hard_negative_train
DARTIS_2019,5455,nc,no_oil_coast,nc-0292-04-000013.jpg,640,640,0,S1A_IW_GRDH_1SDV_20190307T154057_20190307T154122_026234_02EE1A_1E1A.SAFE,ID_3,S1A_IW_GRDH_1SDV_20190307T154057_20190307T154122_026234_02EE1A_1E1A.SAFE,S1_20190307_154007_154147_VV_59,hard_negative_train
DARTIS_2019,5407,nc,no_oil_coast,nc-0244-03-000009.jpg,640,640,0,S1A_IW_GRDH_1SDV_20190308T034257_20190308T034322_026241_02EE61_4F36.SAFE,ID_3,S1A_IW_GRDH_1SDV_20190308T034257_20190308T034322_026241_02EE61_4F36.SAFE,S1_20190308_034257_034437_VV_43,hard_negative_train
DARTIS_2019,5177,nc,no_oil_coast,nc-0014-00-000014.jpg,640,640,0,S1A_IW_GRDH_1SDV_20190308T034412_20190308T034437_026241_02EE61_2777.SAFE,ID_3,S1A_IW_GRDH_1SDV_20190308T034412_20190308T034437_026241_02EE61_2777.SAFE,S1_20190308_034257_034437_VV_115,hard_negative_train
DARTIS_2019,5336,nc,no_oil_coast,nc-0173-02-000013.jpg,640,640,0,S1A_IW_GRDH_1SDV_20190313T035116_20190313T035141_026314_02F112_0450.SAFE,ID_3,S1A_IW_GRDH_1SDV_20190313T035116_20190313T035141_026314_02F112_0450.SAFE,S1_20190313_035116_035258_VV_23,hard_negative_train
DARTIS_2019,5408,nc,no_oil_coast,nc-0245-03-000010.jpg,640,640,0,S1A_IW_GRDH_1SDV_20190313T035116_20190313T035141_026314_02F112_0450.SAFE,ID_3,S1A_IW_GRDH_1SDV_20190313T035116_20190313T035141_026314_02F112_0450.SAFE,S1_20190313_035116_035258_VV_7,hard_negative_train
DARTIS_2019,5180,nc,no_oil_coast,nc-0017-00-000017.jpg,640,640,0,S1A_IW_GRDH_1SDV_20190320T034412_20190320T034437_026416_02F4D4_1A96.SAFE,ID_3,S1A_IW_GRDH_1SDV_20190320T034412_20190320T034437_026416_02F4D4_1A96.SAFE,S1_20190320_034257_034437_VV_129,hard_negative_train
DARTIS_2019,5251,nc,no_oil_coast,nc-0088-01-000012.jpg,640,640,0,S1A_IW_GRDH_1SDV_20190325T035117_20190325T035142_026489_02F78B_9B72.SAFE,ID_3,S1A_IW_GRDH_1SDV_20190325T035117_20190325T035142_026489_02F78B_9B72.SAFE,S1_20190325_035117_035258_VV_83,hard_negative_train
DARTIS_2019,5182,nc,no_oil_coast,nc-0019-00-000019.jpg,640,640,0,S1A_IW_GRDH_1SDV_20190331T154007_20190331T154032_026584_02FB04_8FAA.SAFE,ID_3,S1A_IW_GRDH_1SDV_20190331T154007_20190331T154032_026584_02FB04_8FAA.SAFE,S1_20190331_154007_154147_VV_109,hard_negative_train
DARTIS_2019,5257,nc,no_oil_coast,nc-0094-01-000018.jpg,640,640,0,S1A_IW_GRDH_1SDV_20190408T033454_20190408T033519_026693_02FF08_729E.SAFE,ID_3,S1A_IW_GRDH_1SDV_20190408T033454_20190408T033519_026693_02FF08_729E.SAFE,S1_20190408_033454_033634_VV_13,hard_negative_train
DARTIS_2019,5460,nc,no_oil_coast,nc-0297-04-000018.jpg,640,640,0,S1A_IW_GRDH_1SDV_20190411T035927_20190411T035952_026737_0300A0_9A6C.SAFE,ID_3,S1A_IW_GRDH_1SDV_20190411T035927_20190411T035952_026737_0300A0_9A6C.SAFE,S1_20190411_035927_040107_VV_0,hard_negative_train
DARTIS_2019,5344,nc,no_oil_coast,nc-0181-02-000021.jpg,640,640,0,S1A_IW_GRDH_1SDV_20190412T154058_20190412T154123_026759_03016C_594E.SAFE,ID_3,S1A_IW_GRDH_1SDV_20190412T154058_20190412T154123_026759_03016C_594E.SAFE,S1_20190412_154008_154148_VV_23,hard_negative_train
DARTIS_2019,5462,nc,no_oil_coast,nc-0299-04-000020.jpg,640,640,0,S1A_IW_GRDH_1SDV_20190423T035928_20190423T035953_026912_0306F7_0E0A.SAFE,ID_3,S1A_IW_GRDH_1SDV_20190423T035928_20190423T035953_026912_0306F7_0E0A.SAFE,S1_20190423_035928_040108_VV_12,hard_negative_train
DARTIS_2019,5347,nc,no_oil_coast,nc-0184-02-000024.jpg,640,640,0,S1A_IW_GRDH_1SDV_20190425T034348_20190425T034413_026941_030806_FC8B.SAFE,ID_3,S1A_IW_GRDH_1SDV_20190425T034348_20190425T034413_026941_030806_FC8B.SAFE,S1_20190425_034258_034438_VV_100,hard_negative_train
DARTIS_2019,5189,nc,no_oil_coast,nc-0026-00-000026.jpg,640,640,0,S1A_IW_GRDH_1SDV_20190429T154837_20190429T154902_027007_030A73_8C50.SAFE,ID_3,S1A_IW_GRDH_1SDV_20190429T154837_20190429T154902_027007_030A73_8C50.SAFE,S1_20190429_154837_155017_VV_195,hard_negative_train
DARTIS_2019,5261,nc,no_oil_coast,nc-0098-01-000022.jpg,640,640,0,S1A_IW_GRDH_1SDV_20190512T035118_20190512T035143_027189_0310AB_EEF7.SAFE,ID_3,S1A_IW_GRDH_1SDV_20190512T035118_20190512T035143_027189_0310AB_EEF7.SAFE,S1_20190512_035118_035259_VV_49,hard_negative_train
DARTIS_2019,5414,nc,no_oil_coast,nc-0251-03-000016.jpg,640,640,0,S1A_IW_GRDH_1SDV_20190513T153312_20190513T153337_027211_03114D_1AE8.SAFE,ID_3,S1A_IW_GRDH_1SDV_20190513T153312_20190513T153337_027211_03114D_1AE8.SAFE,S1_20190513_153222_153337_VV_210,hard_negative_train
DARTIS_2019,5263,nc,no_oil_coast,nc-0100-01-000024.jpg,640,640,0,S1A_IW_GRDH_1SDV_20190523T154838_20190523T154903_027357_0315EA_5427.SAFE,ID_3,S1A_IW_GRDH_1SDV_20190523T154838_20190523T154903_027357_0315EA_5427.SAFE,S1_20190523_154838_155018_VV_22,hard_negative_train
DARTIS_2019,5191,nc,no_oil_coast,nc-0028-00-000028.jpg,640,640,0,S1A_IW_GRDH_1SDV_20190524T035119_20190524T035144_027364_031625_69C6.SAFE,ID_3,S1A_IW_GRDH_1SDV_20190524T035119_20190524T035144_027364_031625_69C6.SAFE,S1_20190524_035119_035300_VV_13,hard_negative_train
DARTIS_2019,5354,nc,no_oil_coast,nc-0191-02-000031.jpg,640,640,0,S1A_IW_GRDH_1SDV_20190524T035119_20190524T035144_027364_031625_69C6.SAFE,ID_3,S1A_IW_GRDH_1SDV_20190524T035119_20190524T035144_027364_031625_69C6.SAFE,S1_20190524_035119_035300_VV_61,hard_negative_train
DARTIS_2019,5264,nc,no_oil_coast,nc-0101-01-000025.jpg,640,640,0,S1A_IW_GRDH_1SDV_20190528T155705_20190528T155730_027430_03182C_0E32.SAFE,ID_3,S1A_IW_GRDH_1SDV_20190528T155705_20190528T155730_027430_03182C_0E32.SAFE,S1_20190528_155640_155820_VV_4,hard_negative_train
DARTIS_2019,5355,nc,no_oil_coast,nc-0192-02-000032.jpg,640,640,0,S1A_IW_GRDH_1SDV_20190604T154953_20190604T155018_027532_031B5A_8B9B.SAFE,ID_3,S1A_IW_GRDH_1SDV_20190604T154953_20190604T155018_027532_031B5A_8B9B.SAFE,S1_20190604_154838_155018_VV_91,hard_negative_train
DARTIS_2019,5473,nc,no_oil_coast,nc-0310-04-000031.jpg,640,640,0,S1A_IW_GRDH_1SDV_20190614T160517_20190614T160542_027678_031FC6_6583.SAFE;S1A_IW_GRDH_1SDV_20190614T160452_20190614T160517_027678_031FC6_B592.SAFE,ID_3,S1A_IW_GRDH_1SDV_20190614T160517_20190614T160542_027678_031FC6_6583.SAFE;S1A_IW_GRDH_1SDV_20190614T160452_20190614T160517_027678_031FC6_B592.SAFE,S1_20190614_160452_160632_VV_17,hard_negative_train
DARTIS_2019,5267,nc,no_oil_coast,nc-0104-01-000028.jpg,640,640,0,S1A_IW_GRDH_1SDV_20190616T154839_20190616T154904_027707_0320A3_5FB2.SAFE,ID_3,S1A_IW_GRDH_1SDV_20190616T154839_20190616T154904_027707_0320A3_5FB2.SAFE,S1_20190616_154839_155019_VV_107,hard_negative_train
DARTIS_2019,5197,nc,no_oil_coast,nc-0034-00-000034.jpg,640,640,0,S1A_IW_GRDH_1SDV_20190619T033457_20190619T033522_027743_0321AE_AA16.SAFE,ID_3,S1A_IW_GRDH_1SDV_20190619T033457_20190619T033522_027743_0321AE_AA16.SAFE,S1_20190619_033457_033637_VV_16,hard_negative_train
DARTIS_2019,5198,nc,no_oil_coast,nc-0035-00-000035.jpg,640,640,0,S1A_IW_GRDH_1SDV_20190619T033457_20190619T033522_027743_0321AE_AA16.SAFE,ID_3,S1A_IW_GRDH_1SDV_20190619T033457_20190619T033522_027743_0321AE_AA16.SAFE,S1_20190619_033457_033637_VV_27,hard_negative_train
DARTIS_2019,5268,nc,no_oil_coast,nc-0105-01-000029.jpg,640,640,0,S1A_IW_GRDH_1SDV_20190701T033523_20190701T033548_027918_0326E9_06FF.SAFE,ID_3,S1A_IW_GRDH_1SDV_20190701T033523_20190701T033548_027918_0326E9_06FF.SAFE,S1_20190701_033458_033638_VV_50,hard_negative_train
DARTIS_2019,5199,nc,no_oil_coast,nc-0036-00-000036.jpg,640,640,0,S1A_IW_GRDH_1SDV_20190704T040046_20190704T040111_027962_032842_2F14.SAFE;S1A_IW_GRDH_1SDV_20190704T040021_20190704T040046_027962_032842_407B.SAFE,ID_3,S1A_IW_GRDH_1SDV_20190704T040046_20190704T040111_027962_032842_2F14.SAFE;S1A_IW_GRDH_1SDV_20190704T040021_20190704T040046_027962_032842_407B.SAFE,S1_20190704_035931_040111_VV_70,hard_negative_train
DARTIS_2019,5201,nc,no_oil_coast,nc-0038-00-000038.jpg,640,640,0,S1A_IW_GRDH_1SDV_20190705T154102_20190705T154127_027984_0328EF_8C32.SAFE,ID_3,S1A_IW_GRDH_1SDV_20190705T154102_20190705T154127_027984_0328EF_8C32.SAFE,S1_20190705_154012_154152_VV_31,hard_negative_train
DARTIS_2019,5475,nc,no_oil_coast,nc-0312-04-000033.jpg,640,640,0,S1A_IW_GRDH_1SDV_20190705T154127_20190705T154152_027984_0328EF_A372.SAFE,ID_3,S1A_IW_GRDH_1SDV_20190705T154127_20190705T154152_027984_0328EF_A372.SAFE,S1_20190705_154012_154152_VV_50,hard_negative_train
DARTIS_2019,5272,nc,no_oil_coast,nc-0109-01-000033.jpg,640,640,0,S1A_IW_GRDH_1SDV_20190708T160518_20190708T160543_028028_032A54_46E6.SAFE;S1A_IW_GRDH_1SDV_20190708T160453_20190708T160518_028028_032A54_0D21.SAFE,ID_3,S1A_IW_GRDH_1SDV_20190708T160518_20190708T160543_028028_032A54_46E6.SAFE;S1A_IW_GRDH_1SDV_20190708T160453_20190708T160518_028028_032A54_0D21.SAFE,S1_20190708_160453_160633_VV_4,hard_negative_train
DARTIS_2019,5422,nc,no_oil_coast,nc-0259-03-000024.jpg,640,640,0,S1A_IW_GRDH_1SDV_20190710T154955_20190710T155020_028057_032B2E_84B8.SAFE,ID_3,S1A_IW_GRDH_1SDV_20190710T154955_20190710T155020_028057_032B2E_84B8.SAFE,S1_20190710_154840_155020_VV_24,hard_negative_train
DARTIS_2019,5423,nc,no_oil_coast,nc-0260-03-000025.jpg,640,640,0,S1A_IW_GRDH_1SDV_20190712T153315_20190712T153340_028086_032BFC_F83C.SAFE,ID_3,S1A_IW_GRDH_1SDV_20190712T153315_20190712T153340_028086_032BFC_F83C.SAFE,S1_20190712_153225_153340_VV_218,hard_negative_train
DARTIS_2019,5275,nc,no_oil_coast,nc-0112-01-000036.jpg,640,640,0,S1A_IW_GRDH_1SDV_20190718T034303_20190718T034328_028166_032E76_1ACD.SAFE,ID_3,S1A_IW_GRDH_1SDV_20190718T034303_20190718T034328_028166_032E76_1ACD.SAFE,S1_20190718_034303_034443_VV_27,hard_negative_train
DARTIS_2019,5276,nc,no_oil_coast,nc-0113-01-000037.jpg,640,640,0,S1A_IW_GRDH_1SDV_20190722T154841_20190722T154906_028232_033073_EB9B.SAFE,ID_3,S1A_IW_GRDH_1SDV_20190722T154841_20190722T154906_028232_033073_EB9B.SAFE,S1_20190722_154841_155021_VV_9,hard_negative_train
DARTIS_2019,5359,nc,no_oil_coast,nc-0196-02-000036.jpg,640,640,0,S1A_IW_GRDH_1SDV_20190725T033500_20190725T033525_028268_03317E_1B90.SAFE,ID_3,S1A_IW_GRDH_1SDV_20190725T033500_20190725T033525_028268_03317E_1B90.SAFE,S1_20190725_033500_033640_VV_17,hard_negative_train
DARTIS_2019,5278,nc,no_oil_coast,nc-0115-01-000039.jpg,640,640,0,S1A_IW_GRDH_1SDV_20190728T040048_20190728T040113_028312_0332E7_4BE5.SAFE;S1A_IW_GRDH_1SDV_20190728T040023_20190728T040048_028312_0332E7_D2BD.SAFE,ID_3,S1A_IW_GRDH_1SDV_20190728T040048_20190728T040113_028312_0332E7_4BE5.SAFE;S1A_IW_GRDH_1SDV_20190728T040023_20190728T040048_028312_0332E7_D2BD.SAFE,S1_20190728_035933_040113_VV_39,hard_negative_train
DARTIS_2019,5477,nc,no_oil_coast,nc-0314-04-000035.jpg,640,640,0,S1A_IW_GRDH_1SDV_20190730T034328_20190730T034353_028341_0333D2_4C47.SAFE;S1A_IW_GRDH_1SDV_20190730T034303_20190730T034328_028341_0333D2_2F03.SAFE,ID_3,S1A_IW_GRDH_1SDV_20190730T034328_20190730T034353_028341_0333D2_4C47.SAFE;S1A_IW_GRDH_1SDV_20190730T034303_20190730T034328_028341_0333D2_2F03.SAFE,S1_20190730_034303_034443_VV_59,hard_negative_train
DARTIS_2019,5425,nc,no_oil_coast,nc-0262-03-000027.jpg,640,640,0,S1A_IW_GRDH_1SDV_20190803T154957_20190803T155022_028407_0335C8_509F.SAFE,ID_3,S1A_IW_GRDH_1SDV_20190803T154957_20190803T155022_028407_0335C8_509F.SAFE,S1_20190803_154842_155022_VV_17,hard_negative_train
DARTIS_2019,5279,nc,no_oil_coast,nc-0116-01-000040.jpg,640,640,0,S1A_IW_GRDH_1SDV_20190804T035123_20190804T035148_028414_0335FE_853E.SAFE,ID_3,S1A_IW_GRDH_1SDV_20190804T035123_20190804T035148_028414_0335FE_853E.SAFE,S1_20190804_035123_035304_VV_22,hard_negative_train
DARTIS_2019,5364,nc,no_oil_coast,nc-0201-02-000041.jpg,640,640,0,S1A_IW_GRDH_1SDV_20190806T033526_20190806T033551_028443_0336DB_14D4.SAFE,ID_3,S1A_IW_GRDH_1SDV_20190806T033526_20190806T033551_028443_0336DB_14D4.SAFE,S1_20190806_033501_033641_VV_38,hard_negative_train
DARTIS_2019,5478,nc,no_oil_coast,nc-0315-04-000036.jpg,640,640,0,S1A_IW_GRDH_1SDV_20190809T035934_20190809T035959_028487_03384A_CBB4.SAFE,ID_3,S1A_IW_GRDH_1SDV_20190809T035934_20190809T035959_028487_03384A_CBB4.SAFE,S1_20190809_035934_040114_VV_7,hard_negative_train
DARTIS_2019,5479,nc,no_oil_coast,nc-0316-04-000037.jpg,640,640,0,S1A_IW_GRDH_1SDV_20190811T034329_20190811T034354_028516_03394F_7B91.SAFE,ID_3,S1A_IW_GRDH_1SDV_20190811T034329_20190811T034354_028516_03394F_7B91.SAFE,S1_20190811_034304_034444_VV_34,hard_negative_train
DARTIS_2019,5210,nc,no_oil_coast,nc-0047-00-000047.jpg,640,640,0,S1A_IW_GRDH_1SDV_20190815T154843_20190815T154908_028582_033B99_BA95.SAFE,ID_3,S1A_IW_GRDH_1SDV_20190815T154843_20190815T154908_028582_033B99_BA95.SAFE,S1_20190815_154843_155023_VV_2,hard_negative_train
DARTIS_2019,5282,nc,no_oil_coast,nc-0119-01-000043.jpg,640,640,0,S1A_IW_GRDH_1SDV_20190815T154843_20190815T154908_028582_033B99_BA95.SAFE,ID_3,S1A_IW_GRDH_1SDV_20190815T154843_20190815T154908_028582_033B99_BA95.SAFE,S1_20190815_154843_155023_VV_63,hard_negative_train
DARTIS_2019,5482,nc,no_oil_coast,nc-0319-04-000040.jpg,640,640,0,S1A_IW_GRDH_1SDV_20190820T155710_20190820T155735_028655_033E24_AFFA.SAFE,ID_3,S1A_IW_GRDH_1SDV_20190820T155710_20190820T155735_028655_033E24_AFFA.SAFE,S1_20190820_155645_155825_VV_18,hard_negative_train
DARTIS_2019,5483,nc,no_oil_coast,nc-0320-04-000041.jpg,640,640,0,S1A_IW_GRDH_1SDV_20190820T155710_20190820T155735_028655_033E24_AFFA.SAFE,ID_3,S1A_IW_GRDH_1SDV_20190820T155710_20190820T155735_028655_033E24_AFFA.SAFE,S1_20190820_155645_155825_VV_49,hard_negative_train
DARTIS_2019,5426,nc,no_oil_coast,nc-0263-03-000028.jpg,640,640,0,S1A_IW_GRDH_1SDV_20190822T154105_20190822T154130_028684_033F1B_0C45.SAFE,ID_3,S1A_IW_GRDH_1SDV_20190822T154105_20190822T154130_028684_033F1B_0C45.SAFE,S1_20190822_154015_154155_VV_27,hard_negative_train
DARTIS_2019,5212,nc,no_oil_coast,nc-0049-00-000049.jpg,640,640,0,S1A_IW_GRDH_1SDV_20190828T035239_20190828T035306_028764_0341F0_E062.SAFE,ID_3,S1A_IW_GRDH_1SDV_20190828T035239_20190828T035306_028764_0341F0_E062.SAFE,S1_20190828_035124_035306_VV_129,hard_negative_train
DARTIS_2019,5288,nc,no_oil_coast,nc-0125-01-000049.jpg,640,640,0,S1A_IW_GRDH_1SDV_20190830T033527_20190830T033552_028793_0342F2_73EE.SAFE,ID_3,S1A_IW_GRDH_1SDV_20190830T033527_20190830T033552_028793_0342F2_73EE.SAFE,S1_20190830_033502_033642_VV_45,hard_negative_train
DARTIS_2019,5367,nc,no_oil_coast,nc-0204-02-000044.jpg,640,640,0,S1A_IW_GRDH_1SDV_20190904T034305_20190904T034330_028866_034579_1C4E.SAFE,ID_3,S1A_IW_GRDH_1SDV_20190904T034305_20190904T034330_028866_034579_1C4E.SAFE,S1_20190904_034305_034445_VV_35,hard_negative_train
DARTIS_2019,5292,nc,no_oil_coast,nc-0129-01-000053.jpg,640,640,0,S1A_IW_GRDH_1SDV_20190909T035240_20190909T035306_028939_034806_3EC4.SAFE,ID_3,S1A_IW_GRDH_1SDV_20190909T035240_20190909T035306_028939_034806_3EC4.SAFE,S1_20190909_035125_035306_VV_81,hard_negative_train
DARTIS_2019,5428,nc,no_oil_coast,nc-0265-03-000030.jpg,640,640,0,S1A_IW_GRDH_1SDV_20190911T033502_20190911T033527_028968_034906_67B4.SAFE,ID_3,S1A_IW_GRDH_1SDV_20190911T033502_20190911T033527_028968_034906_67B4.SAFE,S1_20190911_033502_033642_VV_14,hard_negative_train
DARTIS_2019,5216,nc,no_oil_coast,nc-0053-00-000053.jpg,640,640,0,S1A_IW_GRDH_1SDV_20190911T033527_20190911T033552_028968_034906_3DA3.SAFE,ID_3,S1A_IW_GRDH_1SDV_20190911T033527_20190911T033552_028968_034906_3DA3.SAFE,S1_20190911_033502_033642_VV_37,hard_negative_train
DARTIS_2019,5491,nc,no_oil_coast,nc-0328-04-000049.jpg,640,640,0,S1A_IW_GRDH_1SDV_20190913T155711_20190913T155736_029005_034A50_BA8D.SAFE,ID_3,S1A_IW_GRDH_1SDV_20190913T155711_20190913T155736_029005_034A50_BA8D.SAFE,S1_20190913_155646_155826_VV_20,hard_negative_train
DARTIS_2019,5369,nc,no_oil_coast,nc-0206-02-000046.jpg,640,640,0,S1A_IW_GRDH_1SDV_20190916T034421_20190916T034446_029041_034B8F_8FE6.SAFE,ID_3,S1A_IW_GRDH_1SDV_20190916T034421_20190916T034446_029041_034B8F_8FE6.SAFE,S1_20190916_034306_034446_VV_69,hard_negative_train
DARTIS_2019,5294,nc,no_oil_coast,nc-0131-01-000055.jpg,640,640,0,S1A_IW_GRDH_1SDV_20190921T035125_20190921T035150_029114_034E08_0160.SAFE,ID_3,S1A_IW_GRDH_1SDV_20190921T035125_20190921T035150_029114_034E08_0160.SAFE,S1_20190921_035125_035307_VV_60,hard_negative_train
DARTIS_2019,5429,nc,no_oil_coast,nc-0266-03-000031.jpg,640,640,0,S1A_IW_GRDH_1SDV_20190926T040051_20190926T040116_029187_035080_972D.SAFE,ID_3,S1A_IW_GRDH_1SDV_20190926T040051_20190926T040116_029187_035080_972D.SAFE,S1_20190926_035936_040116_VV_166,hard_negative_train
DARTIS_2019,5221,nc,no_oil_coast,nc-0058-00-000058.jpg,640,640,0,S1A_IW_GRDH_1SDV_20191002T154845_20191002T154910_029282_0353D1_FBA2.SAFE,ID_3,S1A_IW_GRDH_1SDV_20191002T154845_20191002T154910_029282_0353D1_FBA2.SAFE,S1_20191002_154845_155025_VV_12,hard_negative_train
DARTIS_2019,5222,nc,no_oil_coast,nc-0059-00-000059.jpg,640,640,0,S1A_IW_GRDH_1SDV_20191002T155000_20191002T155025_029282_0353D1_CB12.SAFE,ID_3,S1A_IW_GRDH_1SDV_20191002T155000_20191002T155025_029282_0353D1_CB12.SAFE,S1_20191002_154845_155025_VV_79,hard_negative_train
DARTIS_2019,5223,nc,no_oil_coast,nc-0060-00-000060.jpg,640,640,0,S1A_IW_GRDH_1SDV_20191005T033503_20191005T033528_029318_035507_57C3.SAFE,ID_3,S1A_IW_GRDH_1SDV_20191005T033503_20191005T033528_029318_035507_57C3.SAFE,S1_20191005_033503_033643_VV_34,hard_negative_train
DARTIS_2019,5431,nc,no_oil_coast,nc-0268-03-000033.jpg,640,640,0,S1A_IW_GRDH_1SDV_20191005T033528_20191005T033553_029318_035507_EA56.SAFE,ID_3,S1A_IW_GRDH_1SDV_20191005T033528_20191005T033553_029318_035507_EA56.SAFE,S1_20191005_033503_033643_VV_51,hard_negative_train
DARTIS_2019,5432,nc,no_oil_coast,nc-0269-03-000034.jpg,640,640,0,S1A_IW_GRDH_1SDV_20191009T154106_20191009T154131_029384_035749_F128.SAFE,ID_3,S1A_IW_GRDH_1SDV_20191009T154106_20191009T154131_029384_035749_F128.SAFE,S1_20191009_154016_154156_VV_8,hard_negative_train
DARTIS_2019,5372,nc,no_oil_coast,nc-0209-02-000049.jpg,640,640,0,S1A_IW_GRDH_1SDV_20191009T154131_20191009T154156_029384_035749_9F6C.SAFE,ID_3,S1A_IW_GRDH_1SDV_20191009T154131_20191009T154156_029384_035749_9F6C.SAFE,S1_20191009_154016_154156_VV_43,hard_negative_train
DARTIS_2019,5374,nc,no_oil_coast,nc-0211-02-000051.jpg,640,640,0,S1A_IW_GRDH_1SDV_20191014T154935_20191014T155000_029457_0359DE_42F0.SAFE,ID_3,S1A_IW_GRDH_1SDV_20191014T154935_20191014T155000_029457_0359DE_42F0.SAFE,S1_20191014_154845_155025_VV_73,hard_negative_train
DARTIS_2019,5433,nc,no_oil_coast,nc-0270-03-000035.jpg,640,640,0,S1A_IW_GRDH_1SDV_20191020T035936_20191020T040001_029537_035C98_C027.SAFE,ID_3,S1A_IW_GRDH_1SDV_20191020T035936_20191020T040001_029537_035C98_C027.SAFE,S1_20191020_035936_040116_VV_8,hard_negative_train
DARTIS_2019,5377,nc,no_oil_coast,nc-0214-02-000054.jpg,640,640,0,S1A_IW_GRDH_1SDV_20191022T034306_20191022T034331_029566_035D93_C722.SAFE,ID_3,S1A_IW_GRDH_1SDV_20191022T034306_20191022T034331_029566_035D93_C722.SAFE,S1_20191022_034306_034446_VV_22,hard_negative_train
DARTIS_2019,5301,nc,no_oil_coast,nc-0138-01-000062.jpg,640,640,0,S1A_IW_GRDH_1SDV_20191022T034331_20191022T034356_029566_035D93_9262.SAFE,ID_3,S1A_IW_GRDH_1SDV_20191022T034331_20191022T034356_029566_035D93_9262.SAFE,S1_20191022_034306_034446_VV_58,hard_negative_train
DARTIS_2019,5378,nc,no_oil_coast,nc-0215-02-000055.jpg,640,640,0,S1A_IW_GRDH_1SDV_20191022T034331_20191022T034356_029566_035D93_9262.SAFE,ID_3,S1A_IW_GRDH_1SDV_20191022T034331_20191022T034356_029566_035D93_9262.SAFE,S1_20191022_034306_034446_VV_62,hard_negative_train
DARTIS_2019,5494,nc,no_oil_coast,nc-0331-04-000052.jpg,640,640,0,S1A_IW_GRDH_1SDV_20191029T033548_20191029T033613_029668_036124_E7A8.SAFE,ID_3,S1A_IW_GRDH_1SDV_20191029T033548_20191029T033613_029668_036124_E7A8.SAFE,S1_20191029_033458_033638_VV_87,hard_negative_train
DARTIS_2019,5435,nc,no_oil_coast,nc-0272-03-000037.jpg,640,640,0,S1A_IW_GRDH_1SDV_20191102T154107_20191102T154132_029734_036369_FE5F.SAFE,ID_3,S1A_IW_GRDH_1SDV_20191102T154107_20191102T154132_029734_036369_FE5F.SAFE,S1_20191102_154017_154157_VV_24,hard_negative_train
DARTIS_2019,5437,nc,no_oil_coast,nc-0274-03-000039.jpg,640,640,0,S1A_IW_GRDH_1SDV_20191107T154935_20191107T155000_029807_03660E_C039.SAFE,ID_3,S1A_IW_GRDH_1SDV_20191107T154935_20191107T155000_029807_03660E_C039.SAFE,S1_20191107_154845_155025_VV_11,hard_negative_train
DARTIS_2019,5438,nc,no_oil_coast,nc-0275-03-000040.jpg,640,640,0,S1A_IW_GRDH_1SDV_20191107T154935_20191107T155000_029807_03660E_C039.SAFE,ID_3,S1A_IW_GRDH_1SDV_20191107T154935_20191107T155000_029807_03660E_C039.SAFE,S1_20191107_154845_155025_VV_6,hard_negative_train
DARTIS_2019,5381,nc,no_oil_coast,nc-0218-02-000058.jpg,640,640,0,S1A_IW_GRDH_1SDV_20191109T153320_20191109T153345_029836_036704_C1E1.SAFE,ID_3,S1A_IW_GRDH_1SDV_20191109T153320_20191109T153345_029836_036704_C1E1.SAFE,S1_20191109_153230_153345_VV_189,hard_negative_train
DARTIS_2019,5229,nc,no_oil_coast,nc-0066-00-000066.jpg,640,640,0,S1A_IW_GRDH_1SDV_20191113T040051_20191113T040116_029887_0368D2_0CDF.SAFE,ID_3,S1A_IW_GRDH_1SDV_20191113T040051_20191113T040116_029887_0368D2_0CDF.SAFE,S1_20191113_035936_040116_VV_35,hard_negative_train
DARTIS_2019,5230,nc,no_oil_coast,nc-0067-00-000067.jpg,640,640,0,S1A_IW_GRDH_1SDV_20191115T034306_20191115T034331_029916_0369D3_7586.SAFE,ID_3,S1A_IW_GRDH_1SDV_20191115T034306_20191115T034331_029916_0369D3_7586.SAFE,S1_20191115_034306_034446_VV_63,hard_negative_train
DARTIS_2019,5440,nc,no_oil_coast,nc-0277-03-000042.jpg,640,640,0,S1A_IW_GRDH_1SDV_20191115T034306_20191115T034331_029916_0369D3_7586.SAFE,ID_3,S1A_IW_GRDH_1SDV_20191115T034306_20191115T034331_029916_0369D3_7586.SAFE,S1_20191115_034306_034446_VV_13,hard_negative_train
DARTIS_2019,5383,nc,no_oil_coast,nc-0220-02-000060.jpg,640,640,0,S1A_IW_GRDH_1SDV_20191115T034331_20191115T034356_029916_0369D3_4DBE.SAFE,ID_3,S1A_IW_GRDH_1SDV_20191115T034331_20191115T034356_029916_0369D3_4DBE.SAFE,S1_20191115_034306_034446_VV_25,hard_negative_train
DARTIS_2019,5441,nc,no_oil_coast,nc-0278-03-000043.jpg,640,640,0,S1A_IW_GRDH_1SDV_20191120T035241_20191120T035307_029989_036C5B_5AE1.SAFE,ID_3,S1A_IW_GRDH_1SDV_20191120T035241_20191120T035307_029989_036C5B_5AE1.SAFE,S1_20191120_035126_035307_VV_119,hard_negative_train
DARTIS_2019,5385,nc,no_oil_coast,nc-0222-02-000062.jpg,640,640,0,S1A_IW_GRDH_1SDV_20191127T034306_20191127T034331_030091_036FE7_8035.SAFE,ID_3,S1A_IW_GRDH_1SDV_20191127T034306_20191127T034331_030091_036FE7_8035.SAFE,S1_20191127_034306_034446_VV_41,hard_negative_train
DARTIS_2019,5502,nc,no_oil_coast,nc-0339-04-000060.jpg,640,640,0,S1A_IW_GRDH_1SDV_20191127T034331_20191127T034356_030091_036FE7_55A3.SAFE,ID_3,S1A_IW_GRDH_1SDV_20191127T034331_20191127T034356_030091_036FE7_55A3.SAFE,S1_20191127_034306_034446_VV_57,hard_negative_train
DARTIS_2019,5309,nc,no_oil_coast,nc-0146-01-000070.jpg,640,640,0,S1A_IW_GRDH_1SDV_20191204T033527_20191204T033552_030193_037365_FE53.SAFE,ID_3,S1A_IW_GRDH_1SDV_20191204T033527_20191204T033552_030193_037365_FE53.SAFE,S1_20191204_033502_033642_VV_186,hard_negative_train
DARTIS_2019,5233,nc,no_oil_coast,nc-0070-00-000070.jpg,640,640,0,S1A_IW_GRDH_1SDV_20191206T155646_20191206T155711_030230_0374B1_9DB1.SAFE,ID_3,S1A_IW_GRDH_1SDV_20191206T155646_20191206T155711_030230_0374B1_9DB1.SAFE,S1_20191206_155646_155826_VV_0,hard_negative_train
DARTIS_2019,5235,nc,no_oil_coast,nc-0072-00-000072.jpg,640,640,0,S1A_IW_GRDH_1SDV_20191209T034421_20191209T034446_030266_0375E5_4268.SAFE,ID_3,S1A_IW_GRDH_1SDV_20191209T034421_20191209T034446_030266_0375E5_4268.SAFE,S1_20191209_034306_034446_VV_288,hard_negative_train
DARTIS_2019,5511,nc,no_oil_coast,nc-0348-04-000069.jpg,640,640,0,S1A_IW_GRDH_1SDV_20191218T155645_20191218T155710_030405_037AC0_57F0.SAFE,ID_3,S1A_IW_GRDH_1SDV_20191218T155645_20191218T155710_030405_037AC0_57F0.SAFE,S1_20191218_155645_155825_VV_46,hard_negative_train
DARTIS_2019,5317,nc,no_oil_coast,nc-0154-01-000078.jpg,640,640,0,S1A_IW_GRDH_1SDV_20191218T155710_20191218T155735_030405_037AC0_C384.SAFE,ID_3,S1A_IW_GRDH_1SDV_20191218T155710_20191218T155735_030405_037AC0_C384.SAFE,S1_20191218_155645_155825_VV_75,hard_negative_train
DARTIS_2019,5512,nc,no_oil_coast,nc-0349-04-000070.jpg,640,640,0,S1A_IW_GRDH_1SDV_20191219T040050_20191219T040115_030412_037AF3_9162.SAFE,ID_3,S1A_IW_GRDH_1SDV_20191219T040050_20191219T040115_030412_037AF3_9162.SAFE,S1_20191219_035935_040115_VV_199,hard_negative_train
DARTIS_2019,5321,nc,no_oil_coast,nc-0158-01-000082.jpg,640,640,0,S1A_IW_GRDH_1SDV_20191228T033527_20191228T033552_030543_037F75_6668.SAFE,ID_3,S1A_IW_GRDH_1SDV_20191228T033527_20191228T033552_030543_037F75_6668.SAFE,S1_20191228_033502_033642_VV_136,hard_negative_train
DARTIS_2019,5322,nc,no_oil_coast,nc-0159-01-000083.jpg,640,640,0,S1A_IW_GRDH_1SDV_20191228T033527_20191228T033552_030543_037F75_6668.SAFE,ID_3,S1A_IW_GRDH_1SDV_20191228T033527_20191228T033552_030543_037F75_6668.SAFE,S1_20191228_033502_033642_VV_152,hard_negative_train
DARTIS_2019,5323,nc,no_oil_coast,nc-0160-01-000084.jpg,640,640,0,S1A_IW_GRDH_1SDV_20191230T155710_20191230T155735_030580_0380C4_976A.SAFE,ID_3,S1A_IW_GRDH_1SDV_20191230T155710_20191230T155735_030580_0380C4_976A.SAFE,S1_20191230_155645_155825_VV_198,hard_negative_train
DARTIS_2019,5398,nc,no_oil_coast,nc-0235-02-000075.jpg,640,640,0,S1A_IW_GRDH_1SDV_20191231T035934_20191231T035959_030587_038100_BDB9.SAFE,ID_3,S1A_IW_GRDH_1SDV_20191231T035934_20191231T035959_030587_038100_BDB9.SAFE,S1_20191231_035934_040114_VV_22,hard_negative_train
DARTIS_2019,5443,nc,no_oil_coast,nc-0280-04-000001.jpg,640,640,0,S1B_IW_GRDH_1SDV_20190103T160431_20190103T160456_014332_01AAA9_8798.SAFE,ID_3,S1B_IW_GRDH_1SDV_20190103T160431_20190103T160456_014332_01AAA9_8798.SAFE,S1_20190103_160406_160546_VV_6,hard_negative_train
DARTIS_2019,5164,nc,no_oil_coast,nc-0001-00-000001.jpg,640,640,0,S1B_IW_GRDH_1SDV_20190105T154901_20190105T154926_014361_01AB8D_D7A0.SAFE,ID_3,S1B_IW_GRDH_1SDV_20190105T154901_20190105T154926_014361_01AB8D_D7A0.SAFE,S1_20190105_154746_154926_VV_86,hard_negative_train
DARTIS_2019,5446,nc,no_oil_coast,nc-0283-04-000004.jpg,640,640,0,S1B_IW_GRDH_1SDV_20190117T154901_20190117T154926_014536_01B131_70CE.SAFE,ID_3,S1B_IW_GRDH_1SDV_20190117T154901_20190117T154926_014536_01B131_70CE.SAFE,S1_20190117_154746_154926_VV_71,hard_negative_train
DARTIS_2019,5165,nc,no_oil_coast,nc-0002-00-000002.jpg,640,640,0,S1B_IW_GRDH_1SDV_20190118T035130_20190118T035155_014543_01B170_BFCE.SAFE,ID_3,S1B_IW_GRDH_1SDV_20190118T035130_20190118T035155_014543_01B170_BFCE.SAFE,S1_20190118_035040_035219_VV_89,hard_negative_train
DARTIS_2019,5243,nc,no_oil_coast,nc-0080-01-000004.jpg,640,640,0,S1B_IW_GRDH_1SDV_20190129T154746_20190129T154811_014711_01B6D1_4094.SAFE,ID_3,S1B_IW_GRDH_1SDV_20190129T154746_20190129T154811_014711_01B6D1_4094.SAFE,S1_20190129_154746_154926_VV_2,hard_negative_train
DARTIS_2019,5452,nc,no_oil_coast,nc-0289-04-000010.jpg,640,640,0,S1B_IW_GRDH_1SDV_20190129T154746_20190129T154811_014711_01B6D1_4094.SAFE,ID_3,S1B_IW_GRDH_1SDV_20190129T154746_20190129T154811_014711_01B6D1_4094.SAFE,S1_20190129_154746_154926_VV_7,hard_negative_train
DARTIS_2019,5328,nc,no_oil_coast,nc-0165-02-000005.jpg,640,640,0,S1B_IW_GRDH_1SDV_20190129T154901_20190129T154926_014711_01B6D1_9644.SAFE,ID_3,S1B_IW_GRDH_1SDV_20190129T154901_20190129T154926_014711_01B6D1_9644.SAFE,S1_20190129_154746_154926_VV_80,hard_negative_train
DARTIS_2019,5402,nc,no_oil_coast,nc-0239-03-000004.jpg,640,640,0,S1B_IW_GRDH_1SDV_20190201T033433_20190201T033458_014747_01B7F6_1FCC.SAFE,ID_3,S1B_IW_GRDH_1SDV_20190201T033433_20190201T033458_014747_01B7F6_1FCC.SAFE,S1_20190201_033408_033548_VV_26,hard_negative_train
DARTIS_2019,5453,nc,no_oil_coast,nc-0290-04-000011.jpg,640,640,0,S1B_IW_GRDH_1SDV_20190205T154032_20190205T154057_014813_01BA3E_F9F0.SAFE,ID_3,S1B_IW_GRDH_1SDV_20190205T154032_20190205T154057_014813_01BA3E_F9F0.SAFE,S1_20190205_153942_154057_VV_60,hard_negative_train
DARTIS_2019,5169,nc,no_oil_coast,nc-0006-00-000006.jpg,640,640,0,S1B_IW_GRDH_1SDV_20190206T034234_20190206T034259_014820_01BA76_DF73.SAFE,ID_3,S1B_IW_GRDH_1SDV_20190206T034234_20190206T034259_014820_01BA76_DF73.SAFE,S1_20190206_034234_034349_VV_2,hard_negative_train
DARTIS_2019,5170,nc,no_oil_coast,nc-0007-00-000007.jpg,640,640,0,S1B_IW_GRDH_1SDV_20190206T034259_20190206T034324_014820_01BA76_B371.SAFE,ID_3,S1B_IW_GRDH_1SDV_20190206T034259_20190206T034324_014820_01BA76_B371.SAFE,S1_20190206_034234_034349_VV_31,hard_negative_train
DARTIS_2019,5330,nc,no_oil_coast,nc-0167-02-000007.jpg,640,640,0,S1B_IW_GRDH_1SDV_20190206T034324_20190206T034349_014820_01BA76_500C.SAFE,ID_3,S1B_IW_GRDH_1SDV_20190206T034324_20190206T034349_014820_01BA76_500C.SAFE,S1_20190206_034234_034349_VV_38,hard_negative_train
DARTIS_2019,5331,nc,no_oil_coast,nc-0168-02-000008.jpg,640,640,0,S1B_IW_GRDH_1SDV_20190211T035040_20190211T035105_014893_01BCCD_3B74.SAFE,ID_3,S1B_IW_GRDH_1SDV_20190211T035040_20190211T035105_014893_01BCCD_3B74.SAFE,S1_20190211_035040_035219_VV_40,hard_negative_train
DARTIS_2019,5172,nc,no_oil_coast,nc-0009-00-000009.jpg,640,640,0,S1B_IW_GRDH_1SDV_20190216T035940_20190216T040005_014966_01BF36_8C52.SAFE,ID_3,S1B_IW_GRDH_1SDV_20190216T035940_20190216T040005_014966_01BF36_8C52.SAFE,S1_20190216_035850_040029_VV_87,hard_negative_train
DARTIS_2019,5333,nc,no_oil_coast,nc-0170-02-000010.jpg,640,640,0,S1B_IW_GRDH_1SDV_20190222T154745_20190222T154810_015061_01C24C_A9EC.SAFE,ID_3,S1B_IW_GRDH_1SDV_20190222T154745_20190222T154810_015061_01C24C_A9EC.SAFE,S1_20190222_154745_154925_VV_0,hard_negative_train
DARTIS_2019,5454,nc,no_oil_coast,nc-0291-04-000012.jpg,640,640,0,S1B_IW_GRDH_1SDV_20190307T035039_20190307T035104_015243_01C850_B7FD.SAFE,ID_3,S1B_IW_GRDH_1SDV_20190307T035039_20190307T035104_015243_01C850_B7FD.SAFE,S1_20190307_035039_035218_VV_12,hard_negative_train
DARTIS_2019,5176,nc,no_oil_coast,nc-0013-00-000013.jpg,640,640,0,S1B_IW_GRDH_1SDV_20190307T035129_20190307T035154_015243_01C850_97F9.SAFE,ID_3,S1B_IW_GRDH_1SDV_20190307T035129_20190307T035154_015243_01C850_97F9.SAFE,S1_20190307_035039_035218_VV_93,hard_negative_train
DARTIS_2019,5335,nc,no_oil_coast,nc-0172-02-000012.jpg,640,640,0,S1B_IW_GRDH_1SDV_20190308T153242_20190308T153307_015265_01C8FF_79CB.SAFE,ID_3,S1B_IW_GRDH_1SDV_20190308T153242_20190308T153307_015265_01C8FF_79CB.SAFE,S1_20190308_153127_153307_VV_384,hard_negative_train
DARTIS_2019,5178,nc,no_oil_coast,nc-0015-00-000015.jpg,640,640,0,S1B_IW_GRDH_1SDV_20190309T033433_20190309T033458_015272_01C939_A199.SAFE;S1B_IW_GRDH_1SDV_20190309T033408_20190309T033433_015272_01C939_E524.SAFE,ID_3,S1B_IW_GRDH_1SDV_20190309T033433_20190309T033458_015272_01C939_A199.SAFE;S1B_IW_GRDH_1SDV_20190309T033408_20190309T033433_015272_01C939_E524.SAFE,S1_20190309_033408_033548_VV_41,hard_negative_train
DARTIS_2019,5179,nc,no_oil_coast,nc-0016-00-000016.jpg,640,640,0,S1B_IW_GRDH_1SDV_20190319T035039_20190319T035104_015418_01CDFB_172B.SAFE,ID_3,S1B_IW_GRDH_1SDV_20190319T035039_20190319T035104_015418_01CDFB_172B.SAFE,S1_20190319_035039_035218_VV_27,hard_negative_train
DARTIS_2019,5456,nc,no_oil_coast,nc-0293-04-000014.jpg,640,640,0,S1B_IW_GRDH_1SDV_20190319T035129_20190319T035154_015418_01CDFB_0728.SAFE,ID_3,S1B_IW_GRDH_1SDV_20190319T035129_20190319T035154_015418_01CDFB_0728.SAFE,S1_20190319_035039_035218_VV_127,hard_negative_train
DARTIS_2019,5337,nc,no_oil_coast,nc-0174-02-000014.jpg,640,640,0,S1B_IW_GRDH_1SDV_20190320T153217_20190320T153242_015440_01CEAD_0499.SAFE,ID_3,S1B_IW_GRDH_1SDV_20190320T153217_20190320T153242_015440_01CEAD_0499.SAFE,S1_20190320_153127_153307_VV_344,hard_negative_train
DARTIS_2019,5181,nc,no_oil_coast,nc-0018-00-000018.jpg,640,640,0,S1B_IW_GRDH_1SDV_20190321T033408_20190321T033433_015447_01CEE6_0635.SAFE,ID_3,S1B_IW_GRDH_1SDV_20190321T033408_20190321T033433_015447_01CEE6_0635.SAFE,S1_20190321_033408_033548_VV_9,hard_negative_train
DARTIS_2019,5338,nc,no_oil_coast,nc-0175-02-000015.jpg,640,640,0,S1B_IW_GRDH_1SDV_20190321T033408_20190321T033433_015447_01CEE6_0635.SAFE,ID_3,S1B_IW_GRDH_1SDV_20190321T033408_20190321T033433_015447_01CEE6_0635.SAFE,S1_20190321_033408_033548_VV_25,hard_negative_train
DARTIS_2019,5250,nc,no_oil_coast,nc-0087-01-000011.jpg,640,640,0,S1B_IW_GRDH_1SDV_20190321T033458_20190321T033523_015447_01CEE6_6D57.SAFE;S1B_IW_GRDH_1SDV_20190321T033433_20190321T033458_015447_01CEE6_D58A.SAFE,ID_3,S1B_IW_GRDH_1SDV_20190321T033458_20190321T033523_015447_01CEE6_6D57.SAFE;S1B_IW_GRDH_1SDV_20190321T033433_20190321T033458_015447_01CEE6_D58A.SAFE,S1_20190321_033408_033548_VV_48,hard_negative_train
DARTIS_2019,5457,nc,no_oil_coast,nc-0294-04-000015.jpg,640,640,0,S1B_IW_GRDH_1SDV_20190401T153217_20190401T153242_015615_01D46B_9048.SAFE,ID_3,S1B_IW_GRDH_1SDV_20190401T153217_20190401T153242_015615_01D46B_9048.SAFE,S1_20190401_153127_153307_VV_352,hard_negative_train
DARTIS_2019,5458,nc,no_oil_coast,nc-0295-04-000016.jpg,640,640,0,S1B_IW_GRDH_1SDV_20190402T033458_20190402T033523_015622_01D4A4_26AF.SAFE,ID_3,S1B_IW_GRDH_1SDV_20190402T033458_20190402T033523_015622_01D4A4_26AF.SAFE,S1_20190402_033408_033548_VV_51,hard_negative_train
DARTIS_2019,5459,nc,no_oil_coast,nc-0296-04-000017.jpg,640,640,0,S1B_IW_GRDH_1SDV_20190404T155610_20190404T155635_015659_01D5E2_CCBC.SAFE,ID_3,S1B_IW_GRDH_1SDV_20190404T155610_20190404T155635_015659_01D5E2_CCBC.SAFE,S1_20190404_155610_155635_VV_19,hard_negative_train
DARTIS_2019,5255,nc,no_oil_coast,nc-0092-01-000016.jpg,640,640,0,S1B_IW_GRDH_1SDV_20190407T034259_20190407T034324_015695_01D728_6F12.SAFE,ID_3,S1B_IW_GRDH_1SDV_20190407T034259_20190407T034324_015695_01D728_6F12.SAFE,S1_20190407_034234_034349_VV_29,hard_negative_train
DARTIS_2019,5343,nc,no_oil_coast,nc-0180-02-000020.jpg,640,640,0,S1B_IW_GRDH_1SDV_20190411T154901_20190411T154926_015761_01D947_4210.SAFE,ID_3,S1B_IW_GRDH_1SDV_20190411T154901_20190411T154926_015761_01D947_4210.SAFE,S1_20190411_154746_154926_VV_110,hard_negative_train
DARTIS_2019,5461,nc,no_oil_coast,nc-0298-04-000019.jpg,640,640,0,S1B_IW_GRDH_1SDV_20190412T035130_20190412T035155_015768_01D985_E914.SAFE,ID_3,S1B_IW_GRDH_1SDV_20190412T035130_20190412T035155_015768_01D985_E914.SAFE,S1_20190412_035040_035219_VV_196,hard_negative_train
DARTIS_2019,5187,nc,no_oil_coast,nc-0024-00-000024.jpg,640,640,0,S1B_IW_GRDH_1SDV_20190424T035156_20190424T035220_015943_01DF52_F8F9.SAFE,ID_3,S1B_IW_GRDH_1SDV_20190424T035156_20190424T035220_015943_01DF52_F8F9.SAFE,S1_20190424_035041_035220_VV_105,hard_negative_train
DARTIS_2019,5346,nc,no_oil_coast,nc-0183-02-000023.jpg,640,640,0,S1B_IW_GRDH_1SDV_20190424T035156_20190424T035220_015943_01DF52_F8F9.SAFE,ID_3,S1B_IW_GRDH_1SDV_20190424T035156_20190424T035220_015943_01DF52_F8F9.SAFE,S1_20190424_035041_035220_VV_107,hard_negative_train
DARTIS_2019,5349,nc,no_oil_coast,nc-0186-02-000026.jpg,640,640,0,S1B_IW_GRDH_1SDV_20190506T035041_20190506T035106_016118_01E530_502E.SAFE,ID_3,S1B_IW_GRDH_1SDV_20190506T035041_20190506T035106_016118_01E530_502E.SAFE,S1_20190506_035041_035220_VV_104,hard_negative_train
DARTIS_2019,5466,nc,no_oil_coast,nc-0303-04-000024.jpg,640,640,0,S1B_IW_GRDH_1SDV_20190506T035041_20190506T035106_016118_01E530_502E.SAFE,ID_3,S1B_IW_GRDH_1SDV_20190506T035041_20190506T035106_016118_01E530_502E.SAFE,S1_20190506_035041_035220_VV_19,hard_negative_train
DARTIS_2019,5413,nc,no_oil_coast,nc-0250-03-000015.jpg,640,640,0,S1B_IW_GRDH_1SDV_20190512T154033_20190512T154058_016213_01E833_AEAB.SAFE,ID_3,S1B_IW_GRDH_1SDV_20190512T154033_20190512T154058_016213_01E833_AEAB.SAFE,S1_20190512_153943_154058_VV_37,hard_negative_train
DARTIS_2019,5262,nc,no_oil_coast,nc-0099-01-000023.jpg,640,640,0,S1B_IW_GRDH_1SDV_20190518T035042_20190518T035107_016293_01EAA1_8EE8.SAFE,ID_3,S1B_IW_GRDH_1SDV_20190518T035042_20190518T035107_016293_01EAA1_8EE8.SAFE,S1_20190518_035042_035221_VV_0,hard_negative_train
DARTIS_2019,5352,nc,no_oil_coast,nc-0189-02-000029.jpg,640,640,0,S1B_IW_GRDH_1SDV_20190518T035042_20190518T035107_016293_01EAA1_8EE8.SAFE,ID_3,S1B_IW_GRDH_1SDV_20190518T035042_20190518T035107_016293_01EAA1_8EE8.SAFE,S1_20190518_035042_035221_VV_1,hard_negative_train
DARTIS_2019,5190,nc,no_oil_coast,nc-0027-00-000027.jpg,640,640,0,S1B_IW_GRDH_1SDV_20190523T035942_20190523T040007_016366_01ECE8_9951.SAFE,ID_3,S1B_IW_GRDH_1SDV_20190523T035942_20190523T040007_016366_01ECE8_9951.SAFE,S1_20190523_035852_040031_VV_33,hard_negative_train
DARTIS_2019,5192,nc,no_oil_coast,nc-0029-00-000029.jpg,640,640,0,S1B_IW_GRDH_1SDV_20190525T034220_20190525T034245_016395_01EDD2_8B9B.SAFE,ID_3,S1B_IW_GRDH_1SDV_20190525T034220_20190525T034245_016395_01EDD2_8B9B.SAFE,S1_20190525_034220_034400_VV_10,hard_negative_train
DARTIS_2019,5468,nc,no_oil_coast,nc-0305-04-000026.jpg,640,640,0,S1B_IW_GRDH_1SDV_20190525T034220_20190525T034245_016395_01EDD2_8B9B.SAFE,ID_3,S1B_IW_GRDH_1SDV_20190525T034220_20190525T034245_016395_01EDD2_8B9B.SAFE,S1_20190525_034220_034400_VV_63,hard_negative_train
DARTIS_2019,5470,nc,no_oil_coast,nc-0307-04-000028.jpg,640,640,0,S1B_IW_GRDH_1SDV_20190529T154748_20190529T154813_016461_01EFC4_EB6A.SAFE,ID_3,S1B_IW_GRDH_1SDV_20190529T154748_20190529T154813_016461_01EFC4_EB6A.SAFE,S1_20190529_154748_154928_VV_85,hard_negative_train
DARTIS_2019,5471,nc,no_oil_coast,nc-0308-04-000029.jpg,640,640,0,S1B_IW_GRDH_1SDV_20190530T035157_20190530T035221_016468_01EFFB_DEAB.SAFE,ID_3,S1B_IW_GRDH_1SDV_20190530T035157_20190530T035221_016468_01EFFB_DEAB.SAFE,S1_20190530_035042_035221_VV_202,hard_negative_train
DARTIS_2019,5266,nc,no_oil_coast,nc-0103-01-000027.jpg,640,640,0,S1B_IW_GRDH_1SDV_20190601T033411_20190601T033436_016497_01F0CE_60B6.SAFE,ID_3,S1B_IW_GRDH_1SDV_20190601T033411_20190601T033436_016497_01F0CE_60B6.SAFE,S1_20190601_033411_033551_VV_13,hard_negative_train
DARTIS_2019,5195,nc,no_oil_coast,nc-0032-00-000032.jpg,640,640,0,S1B_IW_GRDH_1SDV_20190604T035943_20190604T040008_016541_01F237_0933.SAFE,ID_3,S1B_IW_GRDH_1SDV_20190604T035943_20190604T040008_016541_01F237_0933.SAFE,S1_20190604_035853_040032_VV_4,hard_negative_train
DARTIS_2019,5418,nc,no_oil_coast,nc-0255-03-000020.jpg,640,640,0,S1B_IW_GRDH_1SDV_20190610T154748_20190610T154813_016636_01F4FD_BBE4.SAFE,ID_3,S1B_IW_GRDH_1SDV_20190610T154748_20190610T154813_016636_01F4FD_BBE4.SAFE,S1_20190610_154748_154928_VV_2,hard_negative_train
DARTIS_2019,5356,nc,no_oil_coast,nc-0193-02-000033.jpg,640,640,0,S1B_IW_GRDH_1SDV_20190610T154903_20190610T154928_016636_01F4FD_9997.SAFE,ID_3,S1B_IW_GRDH_1SDV_20190610T154903_20190610T154928_016636_01F4FD_9997.SAFE,S1_20190610_154748_154928_VV_82,hard_negative_train
DARTIS_2019,5421,nc,no_oil_coast,nc-0258-03-000023.jpg,640,640,0,S1B_IW_GRDH_1SDV_20190623T035044_20190623T035109_016818_01FA62_8090.SAFE,ID_3,S1B_IW_GRDH_1SDV_20190623T035044_20190623T035109_016818_01FA62_8090.SAFE,S1_20190623_035044_035223_VV_9,hard_negative_train
DARTIS_2019,5357,nc,no_oil_coast,nc-0194-02-000034.jpg,640,640,0,S1B_IW_GRDH_1SDV_20190702T160434_20190702T160459_016957_01FE80_B1B5.SAFE,ID_3,S1B_IW_GRDH_1SDV_20190702T160434_20190702T160459_016957_01FE80_B1B5.SAFE,S1_20190702_160409_160549_VV_2,hard_negative_train
DARTIS_2019,5269,nc,no_oil_coast,nc-0106-01-000030.jpg,640,640,0,S1B_IW_GRDH_1SDV_20190704T154905_20190704T154930_016986_01FF5D_CF02.SAFE,ID_3,S1B_IW_GRDH_1SDV_20190704T154905_20190704T154930_016986_01FF5D_CF02.SAFE,S1_20190704_154750_154930_VV_23,hard_negative_train
DARTIS_2019,5200,nc,no_oil_coast,nc-0037-00-000037.jpg,640,640,0,S1B_IW_GRDH_1SDV_20190705T035135_20190705T035200_016993_01FF91_128D.SAFE,ID_3,S1B_IW_GRDH_1SDV_20190705T035135_20190705T035200_016993_01FF91_128D.SAFE,S1_20190705_035045_035224_VV_56,hard_negative_train
DARTIS_2019,5270,nc,no_oil_coast,nc-0107-01-000031.jpg,640,640,0,S1B_IW_GRDH_1SDV_20190705T035200_20190705T035224_016993_01FF91_24F8.SAFE,ID_3,S1B_IW_GRDH_1SDV_20190705T035200_20190705T035224_016993_01FF91_24F8.SAFE,S1_20190705_035045_035224_VV_100,hard_negative_train
DARTIS_2019,5271,nc,no_oil_coast,nc-0108-01-000032.jpg,640,640,0,S1B_IW_GRDH_1SDV_20190707T033413_20190707T033438_017022_02005E_80F1.SAFE,ID_3,S1B_IW_GRDH_1SDV_20190707T033413_20190707T033438_017022_02005E_80F1.SAFE,S1_20190707_033413_033553_VV_0,hard_negative_train
DARTIS_2019,5203,nc,no_oil_coast,nc-0040-00-000040.jpg,640,640,0,S1B_IW_GRDH_1SDV_20190712T034223_20190712T034248_017095_02029D_48B8.SAFE,ID_3,S1B_IW_GRDH_1SDV_20190712T034223_20190712T034248_017095_02029D_48B8.SAFE,S1_20190712_034223_034403_VV_11,hard_negative_train
DARTIS_2019,5273,nc,no_oil_coast,nc-0110-01-000034.jpg,640,640,0,S1B_IW_GRDH_1SDV_20190712T034248_20190712T034313_017095_02029D_F9A6.SAFE;S1B_IW_GRDH_1SDV_20190712T034223_20190712T034248_017095_02029D_48B8.SAFE,ID_3,S1B_IW_GRDH_1SDV_20190712T034248_20190712T034313_017095_02029D_F9A6.SAFE;S1B_IW_GRDH_1SDV_20190712T034223_20190712T034248_017095_02029D_48B8.SAFE,S1_20190712_034223_034403_VV_30,hard_negative_train
DARTIS_2019,5274,nc,no_oil_coast,nc-0111-01-000035.jpg,640,640,0,S1B_IW_GRDH_1SDV_20190716T154906_20190716T154931_017161_020487_E890.SAFE,ID_3,S1B_IW_GRDH_1SDV_20190716T154906_20190716T154931_017161_020487_E890.SAFE,S1_20190716_154751_154931_VV_47,hard_negative_train
DARTIS_2019,5362,nc,no_oil_coast,nc-0199-02-000039.jpg,640,640,0,S1B_IW_GRDH_1SDV_20190730T153223_20190730T153248_017365_020A74_A71C.SAFE,ID_3,S1B_IW_GRDH_1SDV_20190730T153223_20190730T153248_017365_020A74_A71C.SAFE,S1_20190730_153133_153313_VV_491,hard_negative_train
DARTIS_2019,5281,nc,no_oil_coast,nc-0118-01-000042.jpg,640,640,0,S1B_IW_GRDH_1SDV_20190812T033440_20190812T033505_017547_020FFE_79B0.SAFE,ID_3,S1B_IW_GRDH_1SDV_20190812T033440_20190812T033505_017547_020FFE_79B0.SAFE,S1_20190812_033415_033555_VV_32,hard_negative_train
DARTIS_2019,5480,nc,no_oil_coast,nc-0317-04-000038.jpg,640,640,0,S1B_IW_GRDH_1SDV_20190816T154039_20190816T154104_017613_02122C_F471.SAFE,ID_3,S1B_IW_GRDH_1SDV_20190816T154039_20190816T154104_017613_02122C_F471.SAFE,S1_20190816_153949_154104_VV_47,hard_negative_train
DARTIS_2019,5481,nc,no_oil_coast,nc-0318-04-000039.jpg,640,640,0,S1B_IW_GRDH_1SDV_20190817T034225_20190817T034250_017620_021260_4222.SAFE,ID_3,S1B_IW_GRDH_1SDV_20190817T034225_20190817T034250_017620_021260_4222.SAFE,S1_20190817_034225_034405_VV_0,hard_negative_train
DARTIS_2019,5284,nc,no_oil_coast,nc-0121-01-000045.jpg,640,640,0,S1B_IW_GRDH_1SDV_20190817T034315_20190817T034340_017620_021260_CC88.SAFE,ID_3,S1B_IW_GRDH_1SDV_20190817T034315_20190817T034340_017620_021260_CC88.SAFE,S1_20190817_034225_034405_VV_41,hard_negative_train
DARTIS_2019,5211,nc,no_oil_coast,nc-0048-00-000048.jpg,640,640,0,S1B_IW_GRDH_1SDV_20190817T034340_20190817T034405_017620_021260_79A2.SAFE,ID_3,S1B_IW_GRDH_1SDV_20190817T034340_20190817T034405_017620_021260_79A2.SAFE,S1_20190817_034225_034405_VV_71,hard_negative_train
DARTIS_2019,5484,nc,no_oil_coast,nc-0321-04-000042.jpg,640,640,0,S1B_IW_GRDH_1SDV_20190821T154908_20190821T154933_017686_021461_D50E.SAFE,ID_3,S1B_IW_GRDH_1SDV_20190821T154908_20190821T154933_017686_021461_D50E.SAFE,S1_20190821_154753_154933_VV_21,hard_negative_train
DARTIS_2019,5485,nc,no_oil_coast,nc-0322-04-000043.jpg,640,640,0,S1B_IW_GRDH_1SDV_20190822T035047_20190822T035112_017693_021497_D54D.SAFE,ID_3,S1B_IW_GRDH_1SDV_20190822T035047_20190822T035112_017693_021497_D54D.SAFE,S1_20190822_035047_035226_VV_20,hard_negative_train
DARTIS_2019,5486,nc,no_oil_coast,nc-0323-04-000044.jpg,640,640,0,S1B_IW_GRDH_1SDV_20190822T035202_20190822T035226_017693_021497_FA4C.SAFE,ID_3,S1B_IW_GRDH_1SDV_20190822T035202_20190822T035226_017693_021497_FA4C.SAFE,S1_20190822_035047_035226_VV_83,hard_negative_train
DARTIS_2019,5365,nc,no_oil_coast,nc-0202-02-000042.jpg,640,640,0,S1B_IW_GRDH_1SDV_20190828T154015_20190828T154040_017788_02179A_FD13.SAFE,ID_3,S1B_IW_GRDH_1SDV_20190828T154015_20190828T154040_017788_02179A_FD13.SAFE,S1_20190828_153950_154105_VV_24,hard_negative_train
DARTIS_2019,5289,nc,no_oil_coast,nc-0126-01-000050.jpg,640,640,0,S1B_IW_GRDH_1SDV_20190902T154818_20190902T154843_017861_0219CE_E6A5.SAFE,ID_3,S1B_IW_GRDH_1SDV_20190902T154818_20190902T154843_017861_0219CE_E6A5.SAFE,S1_20190902_154753_154933_VV_17,hard_negative_train
DARTIS_2019,5487,nc,no_oil_coast,nc-0324-04-000045.jpg,640,640,0,S1B_IW_GRDH_1SDV_20190908T035948_20190908T040013_017941_021C58_528D.SAFE,ID_3,S1B_IW_GRDH_1SDV_20190908T035948_20190908T040013_017941_021C58_528D.SAFE,S1_20190908_035858_040037_VV_4,hard_negative_train
DARTIS_2019,5490,nc,no_oil_coast,nc-0327-04-000048.jpg,640,640,0,S1B_IW_GRDH_1SDV_20190910T034226_20190910T034251_017970_021D4F_6F7A.SAFE,ID_3,S1B_IW_GRDH_1SDV_20190910T034226_20190910T034251_017970_021D4F_6F7A.SAFE,S1_20190910_034226_034406_VV_32,hard_negative_train
DARTIS_2019,5218,nc,no_oil_coast,nc-0055-00-000055.jpg,640,640,0,S1B_IW_GRDH_1SDV_20190920T040014_20190920T040038_018116_0221CA_2BF9.SAFE,ID_3,S1B_IW_GRDH_1SDV_20190920T040014_20190920T040038_018116_0221CA_2BF9.SAFE,S1_20190920_035859_040038_VV_69,hard_negative_train
DARTIS_2019,5297,nc,no_oil_coast,nc-0134-01-000058.jpg,640,640,0,S1B_IW_GRDH_1SDV_20191011T033417_20191011T033442_018422_022B37_2023.SAFE,ID_3,S1B_IW_GRDH_1SDV_20191011T033417_20191011T033442_018422_022B37_2023.SAFE,S1_20191011_033417_033557_VV_53,hard_negative_train
DARTIS_2019,5224,nc,no_oil_coast,nc-0061-00-000061.jpg,640,640,0,S1B_IW_GRDH_1SDV_20191016T034252_20191016T034317_018495_022D96_AE2A.SAFE,ID_3,S1B_IW_GRDH_1SDV_20191016T034252_20191016T034317_018495_022D96_AE2A.SAFE,S1_20191016_034227_034407_VV_100,hard_negative_train
DARTIS_2019,5300,nc,no_oil_coast,nc-0137-01-000061.jpg,640,640,0,S1B_IW_GRDH_1SDV_20191016T034252_20191016T034317_018495_022D96_AE2A.SAFE,ID_3,S1B_IW_GRDH_1SDV_20191016T034252_20191016T034317_018495_022D96_AE2A.SAFE,S1_20191016_034227_034407_VV_90,hard_negative_train
DARTIS_2019,5225,nc,no_oil_coast,nc-0062-00-000062.jpg,640,640,0,S1B_IW_GRDH_1SDV_20191021T035204_20191021T035228_018568_022FC0_BD0E.SAFE,ID_3,S1B_IW_GRDH_1SDV_20191021T035204_20191021T035228_018568_022FC0_BD0E.SAFE,S1_20191021_035049_035228_VV_195,hard_negative_train
DARTIS_2019,5226,nc,no_oil_coast,nc-0063-00-000063.jpg,640,640,0,S1B_IW_GRDH_1SDV_20191028T034227_20191028T034252_018670_0232F7_69C9.SAFE,ID_3,S1B_IW_GRDH_1SDV_20191028T034227_20191028T034252_018670_0232F7_69C9.SAFE,S1_20191028_034227_034407_VV_37,hard_negative_train
DARTIS_2019,5304,nc,no_oil_coast,nc-0141-01-000065.jpg,640,640,0,S1B_IW_GRDH_1SDV_20191028T034227_20191028T034252_018670_0232F7_69C9.SAFE,ID_3,S1B_IW_GRDH_1SDV_20191028T034227_20191028T034252_018670_0232F7_69C9.SAFE,S1_20191028_034227_034407_VV_69,hard_negative_train
DARTIS_2019,5436,nc,no_oil_coast,nc-0273-03-000038.jpg,640,640,0,S1B_IW_GRDH_1SDV_20191104T033442_20191104T033507_018772_02361B_B144.SAFE,ID_3,S1B_IW_GRDH_1SDV_20191104T033442_20191104T033507_018772_02361B_B144.SAFE,S1_20191104_033417_033557_VV_67,hard_negative_train
DARTIS_2019,5496,nc,no_oil_coast,nc-0333-04-000054.jpg,640,640,0,S1B_IW_GRDH_1SDV_20191109T034227_20191109T034252_018845_0238A3_55F3.SAFE,ID_3,S1B_IW_GRDH_1SDV_20191109T034227_20191109T034252_018845_0238A3_55F3.SAFE,S1_20191109_034227_034407_VV_0,hard_negative_train
DARTIS_2019,5228,nc,no_oil_coast,nc-0065-00-000065.jpg,640,640,0,S1B_IW_GRDH_1SDV_20191109T034342_20191109T034407_018845_0238A3_42C2.SAFE,ID_3,S1B_IW_GRDH_1SDV_20191109T034342_20191109T034407_018845_0238A3_42C2.SAFE,S1_20191109_034227_034407_VV_82,hard_negative_train
DARTIS_2019,5497,nc,no_oil_coast,nc-0334-04-000055.jpg,640,640,0,S1B_IW_GRDH_1SDV_20191113T154820_20191113T154845_018911_023AAD_38BC.SAFE;S1B_IW_GRDH_1SDV_20191113T154755_20191113T154820_018911_023AAD_92E8.SAFE,ID_3,S1B_IW_GRDH_1SDV_20191113T154820_20191113T154845_018911_023AAD_38BC.SAFE;S1B_IW_GRDH_1SDV_20191113T154755_20191113T154820_018911_023AAD_92E8.SAFE,S1_20191113_154755_154935_VV_15,hard_negative_train
DARTIS_2019,5499,nc,no_oil_coast,nc-0336-04-000057.jpg,640,640,0,S1B_IW_GRDH_1SDV_20191118T155619_20191118T155644_018984_023D0A_7060.SAFE,ID_3,S1B_IW_GRDH_1SDV_20191118T155619_20191118T155644_018984_023D0A_7060.SAFE,S1_20191118_155619_155644_VV_12,hard_negative_train
DARTIS_2019,5500,nc,no_oil_coast,nc-0337-04-000058.jpg,640,640,0,S1B_IW_GRDH_1SDV_20191118T155619_20191118T155644_018984_023D0A_7060.SAFE,ID_3,S1B_IW_GRDH_1SDV_20191118T155619_20191118T155644_018984_023D0A_7060.SAFE,S1_20191118_155619_155644_VV_38,hard_negative_train
DARTIS_2019,5232,nc,no_oil_coast,nc-0069-00-000069.jpg,640,640,0,S1B_IW_GRDH_1SDV_20191121T034342_20191121T034407_019020_023E45_2D19.SAFE,ID_3,S1B_IW_GRDH_1SDV_20191121T034342_20191121T034407_019020_023E45_2D19.SAFE,S1_20191121_034227_034407_VV_180,hard_negative_train
DARTIS_2019,5384,nc,no_oil_coast,nc-0221-02-000061.jpg,640,640,0,S1B_IW_GRDH_1SDV_20191125T154754_20191125T154819_019086_02404F_B4BC.SAFE,ID_3,S1B_IW_GRDH_1SDV_20191125T154754_20191125T154819_019086_02404F_B4BC.SAFE,S1_20191125_154754_154934_VV_124,hard_negative_train
DARTIS_2019,5307,nc,no_oil_coast,nc-0144-01-000068.jpg,640,640,0,S1B_IW_GRDH_1SDV_20191126T035049_20191126T035114_019093_024085_A0F3.SAFE,ID_3,S1B_IW_GRDH_1SDV_20191126T035049_20191126T035114_019093_024085_A0F3.SAFE,S1_20191126_035049_035228_VV_44,hard_negative_train
DARTIS_2019,5386,nc,no_oil_coast,nc-0223-02-000063.jpg,640,640,0,S1B_IW_GRDH_1SDV_20191127T153251_20191127T153316_019115_024136_DAF8.SAFE,ID_3,S1B_IW_GRDH_1SDV_20191127T153251_20191127T153316_019115_024136_DAF8.SAFE,S1_20191127_153136_153316_VV_437,hard_negative_train
DARTIS_2019,5387,nc,no_oil_coast,nc-0224-02-000064.jpg,640,640,0,S1B_IW_GRDH_1SDV_20191127T153251_20191127T153316_019115_024136_DAF8.SAFE,ID_3,S1B_IW_GRDH_1SDV_20191127T153251_20191127T153316_019115_024136_DAF8.SAFE,S1_20191127_153136_153316_VV_516,hard_negative_train
DARTIS_2019,5388,nc,no_oil_coast,nc-0225-02-000065.jpg,640,640,0,S1B_IW_GRDH_1SDV_20191128T033417_20191128T033442_019122_024166_7868.SAFE,ID_3,S1B_IW_GRDH_1SDV_20191128T033417_20191128T033442_019122_024166_7868.SAFE,S1_20191128_033417_033557_VV_73,hard_negative_train
DARTIS_2019,5442,nc,no_oil_coast,nc-0279-03-000044.jpg,640,640,0,S1B_IW_GRDH_1SDV_20191128T033442_20191128T033507_019122_024166_116F.SAFE,ID_3,S1B_IW_GRDH_1SDV_20191128T033442_20191128T033507_019122_024166_116F.SAFE,S1_20191128_033417_033557_VV_594,hard_negative_train
DARTIS_2019,5308,nc,no_oil_coast,nc-0145-01-000069.jpg,640,640,0,S1B_IW_GRDH_1SDV_20191201T035949_20191201T040014_019166_0242DD_8737.SAFE,ID_3,S1B_IW_GRDH_1SDV_20191201T035949_20191201T040014_019166_0242DD_8737.SAFE,S1_20191201_035859_040038_VV_27,hard_negative_train
DARTIS_2019,5310,nc,no_oil_coast,nc-0147-01-000071.jpg,640,640,0,S1B_IW_GRDH_1SDV_20191207T154754_20191207T154819_019261_0245D7_1E9F.SAFE,ID_3,S1B_IW_GRDH_1SDV_20191207T154754_20191207T154819_019261_0245D7_1E9F.SAFE,S1_20191207_154754_154934_VV_115,hard_negative_train
DARTIS_2019,5311,nc,no_oil_coast,nc-0148-01-000072.jpg,640,640,0,S1B_IW_GRDH_1SDV_20191207T154754_20191207T154819_019261_0245D7_1E9F.SAFE,ID_3,S1B_IW_GRDH_1SDV_20191207T154754_20191207T154819_019261_0245D7_1E9F.SAFE,S1_20191207_154754_154934_VV_51,hard_negative_train
DARTIS_2019,5504,nc,no_oil_coast,nc-0341-04-000062.jpg,640,640,0,S1B_IW_GRDH_1SDV_20191207T154819_20191207T154844_019261_0245D7_02A3.SAFE;S1B_IW_GRDH_1SDV_20191207T154754_20191207T154819_019261_0245D7_1E9F.SAFE,ID_3,S1B_IW_GRDH_1SDV_20191207T154819_20191207T154844_019261_0245D7_02A3.SAFE;S1B_IW_GRDH_1SDV_20191207T154754_20191207T154819_019261_0245D7_1E9F.SAFE,S1_20191207_154754_154934_VV_120,hard_negative_train
DARTIS_2019,5234,nc,no_oil_coast,nc-0071-00-000071.jpg,640,640,0,S1B_IW_GRDH_1SDV_20191208T035048_20191208T035113_019268_02460F_78B1.SAFE,ID_3,S1B_IW_GRDH_1SDV_20191208T035048_20191208T035113_019268_02460F_78B1.SAFE,S1_20191208_035048_035227_VV_36,hard_negative_train
DARTIS_2019,5390,nc,no_oil_coast,nc-0227-02-000067.jpg,640,640,0,S1B_IW_GRDH_1SDV_20191208T035048_20191208T035113_019268_02460F_78B1.SAFE,ID_3,S1B_IW_GRDH_1SDV_20191208T035048_20191208T035113_019268_02460F_78B1.SAFE,S1_20191208_035048_035227_VV_16,hard_negative_train
DARTIS_2019,5505,nc,no_oil_coast,nc-0342-04-000063.jpg,640,640,0,S1B_IW_GRDH_1SDV_20191209T153226_20191209T153251_019290_0246C0_89B6.SAFE,ID_3,S1B_IW_GRDH_1SDV_20191209T153226_20191209T153251_019290_0246C0_89B6.SAFE,S1_20191209_153136_153316_VV_459,hard_negative_train
DARTIS_2019,5312,nc,no_oil_coast,nc-0149-01-000073.jpg,640,640,0,S1B_IW_GRDH_1SDV_20191210T033417_20191210T033442_019297_0246F2_3699.SAFE,ID_3,S1B_IW_GRDH_1SDV_20191210T033417_20191210T033442_019297_0246F2_3699.SAFE,S1_20191210_033417_033557_VV_112,hard_negative_train
DARTIS_2019,5313,nc,no_oil_coast,nc-0150-01-000074.jpg,640,640,0,S1B_IW_GRDH_1SDV_20191210T033417_20191210T033442_019297_0246F2_3699.SAFE,ID_3,S1B_IW_GRDH_1SDV_20191210T033417_20191210T033442_019297_0246F2_3699.SAFE,S1_20191210_033417_033557_VV_66,hard_negative_train
DARTIS_2019,5238,nc,no_oil_coast,nc-0075-00-000075.jpg,640,640,0,S1B_IW_GRDH_1SDV_20191212T155618_20191212T155643_019334_02482D_8FCC.SAFE,ID_3,S1B_IW_GRDH_1SDV_20191212T155618_20191212T155643_019334_02482D_8FCC.SAFE,S1_20191212_155618_155643_VV_144,hard_negative_train
DARTIS_2019,5506,nc,no_oil_coast,nc-0343-04-000064.jpg,640,640,0,S1B_IW_GRDH_1SDV_20191212T155618_20191212T155643_019334_02482D_8FCC.SAFE,ID_3,S1B_IW_GRDH_1SDV_20191212T155618_20191212T155643_019334_02482D_8FCC.SAFE,S1_20191212_155618_155643_VV_172,hard_negative_train
DARTIS_2019,5509,nc,no_oil_coast,nc-0346-04-000067.jpg,640,640,0,S1B_IW_GRDH_1SDV_20191214T154040_20191214T154105_019363_02492E_2DD8.SAFE,ID_3,S1B_IW_GRDH_1SDV_20191214T154040_20191214T154105_019363_02492E_2DD8.SAFE,S1_20191214_153950_154105_VV_233,hard_negative_train
DARTIS_2019,5315,nc,no_oil_coast,nc-0152-01-000076.jpg,640,640,0,S1B_IW_GRDH_1SDV_20191215T034251_20191215T034316_019370_024965_FD00.SAFE,ID_3,S1B_IW_GRDH_1SDV_20191215T034251_20191215T034316_019370_024965_FD00.SAFE,S1_20191215_034226_034406_VV_69,hard_negative_train
DARTIS_2019,5510,nc,no_oil_coast,nc-0347-04-000068.jpg,640,640,0,S1B_IW_GRDH_1SDV_20191215T034341_20191215T034406_019370_024965_2ED6.SAFE,ID_3,S1B_IW_GRDH_1SDV_20191215T034341_20191215T034406_019370_024965_2ED6.SAFE,S1_20191215_034226_034406_VV_174,hard_negative_train
DARTIS_2019,5319,nc,no_oil_coast,nc-0156-01-000080.jpg,640,640,0,S1B_IW_GRDH_1SDV_20191222T033416_20191222T033441_019472_024C83_6FC8.SAFE,ID_3,S1B_IW_GRDH_1SDV_20191222T033416_20191222T033441_019472_024C83_6FC8.SAFE,S1_20191222_033416_033556_VV_33,hard_negative_train
DARTIS_2019,5396,nc,no_oil_coast,nc-0233-02-000073.jpg,640,640,0,S1B_IW_GRDH_1SDV_20191227T034340_20191227T034405_019545_024EF5_DB60.SAFE,ID_3,S1B_IW_GRDH_1SDV_20191227T034340_20191227T034405_019545_024EF5_DB60.SAFE,S1_20191227_034225_034405_VV_167,hard_negative_train
DARTIS_2019,5514,nc,no_oil_coast,nc-0351-04-000072.jpg,640,640,0,S1B_IW_GRDH_1SDV_20191231T154753_20191231T154818_019611_025103_D6A6.SAFE,ID_3,S1B_IW_GRDH_1SDV_20191231T154753_20191231T154818_019611_025103_D6A6.SAFE,S1_20191231_154753_154933_VV_13,hard_negative_train
DARTIS_2019,3226,nw,no_oil_water,nw-0002-00-000002.jpg,640,640,0,S1A_IW_GRDH_1SDV_20190104T155728_20190104T155753_025330_02CD9D_B67E.SAFE,ID_3,S1A_IW_GRDH_1SDV_20190104T155728_20190104T155753_025330_02CD9D_B67E.SAFE,S1_20190104_155638_155818_VV_85,hard_negative_train
DARTIS_2019,3568,nw,no_oil_water,nw-0344-02-000001.jpg,640,640,0,S1A_IW_GRDH_1SDV_20190104T155728_20190104T155753_025330_02CD9D_B67E.SAFE,ID_3,S1A_IW_GRDH_1SDV_20190104T155728_20190104T155753_025330_02CD9D_B67E.SAFE,S1_20190104_155638_155818_VV_58,hard_negative_train
DARTIS_2019,4476,nw,no_oil_water,nw-1252-08-000003.jpg,640,640,0,S1A_IW_GRDH_1SDV_20190104T155728_20190104T155753_025330_02CD9D_B67E.SAFE,ID_3,S1A_IW_GRDH_1SDV_20190104T155728_20190104T155753_025330_02CD9D_B67E.SAFE,S1_20190104_155638_155818_VV_75,hard_negative_train
DARTIS_2019,4477,nw,no_oil_water,nw-1253-08-000004.jpg,640,640,0,S1A_IW_GRDH_1SDV_20190104T155728_20190104T155753_025330_02CD9D_B67E.SAFE,ID_3,S1A_IW_GRDH_1SDV_20190104T155728_20190104T155753_025330_02CD9D_B67E.SAFE,S1_20190104_155638_155818_VV_82,hard_negative_train
DARTIS_2019,3399,nw,no_oil_water,nw-0175-01-000003.jpg,640,640,0,S1A_IW_GRDH_1SDV_20190104T155753_20190104T155818_025330_02CD9D_5240.SAFE,ID_3,S1A_IW_GRDH_1SDV_20190104T155753_20190104T155818_025330_02CD9D_5240.SAFE,S1_20190104_155638_155818_VV_121,hard_negative_train
DARTIS_2019,4303,nw,no_oil_water,nw-1079-07-000001.jpg,640,640,0,S1A_IW_GRDH_1SDV_20190104T155753_20190104T155818_025330_02CD9D_5240.SAFE,ID_3,S1A_IW_GRDH_1SDV_20190104T155753_20190104T155818_025330_02CD9D_5240.SAFE,S1_20190104_155638_155818_VV_131,hard_negative_train
DARTIS_2019,4475,nw,no_oil_water,nw-1251-08-000002.jpg,640,640,0,S1A_IW_GRDH_1SDV_20190104T155753_20190104T155818_025330_02CD9D_5240.SAFE,ID_3,S1A_IW_GRDH_1SDV_20190104T155753_20190104T155818_025330_02CD9D_5240.SAFE,S1_20190104_155638_155818_VV_158,hard_negative_train
DARTIS_2019,4991,nw,no_oil_water,nw-1767-11-000001.jpg,640,640,0,S1A_IW_GRDH_1SDV_20190104T155753_20190104T155818_025330_02CD9D_5240.SAFE,ID_3,S1A_IW_GRDH_1SDV_20190104T155753_20190104T155818_025330_02CD9D_5240.SAFE,S1_20190104_155638_155818_VV_120,hard_negative_train
DARTIS_2019,3227,nw,no_oil_water,nw-0003-00-000003.jpg,640,640,0,S1A_IW_GRDH_1SDV_20190104T155753_20190104T155818_025330_02CD9D_5240.SAFE;S1A_IW_GRDH_1SDV_20190104T155728_20190104T155753_025330_02CD9D_B67E.SAFE,ID_3,S1A_IW_GRDH_1SDV_20190104T155753_20190104T155818_025330_02CD9D_5240.SAFE;S1A_IW_GRDH_1SDV_20190104T155728_20190104T155753_025330_02CD9D_B67E.SAFE,S1_20190104_155638_155818_VV_87,hard_negative_train
DARTIS_2019,4478,nw,no_oil_water,nw-1254-08-000005.jpg,640,640,0,S1A_IW_GRDH_1SDV_20190104T155753_20190104T155818_025330_02CD9D_5240.SAFE;S1A_IW_GRDH_1SDV_20190104T155728_20190104T155753_025330_02CD9D_B67E.SAFE,ID_3,S1A_IW_GRDH_1SDV_20190104T155753_20190104T155818_025330_02CD9D_5240.SAFE;S1A_IW_GRDH_1SDV_20190104T155728_20190104T155753_025330_02CD9D_B67E.SAFE,S1_20190104_155638_155818_VV_94,hard_negative_train
DARTIS_2019,4304,nw,no_oil_water,nw-1080-07-000002.jpg,640,640,0,S1A_IW_GRDH_1SDV_20190105T035953_20190105T040018_025337_02CDDA_4FB0.SAFE,ID_3,S1A_IW_GRDH_1SDV_20190105T035953_20190105T040018_025337_02CDDA_4FB0.SAFE,S1_20190105_035928_040108_VV_119,hard_negative_train
DARTIS_2019,4479,nw,no_oil_water,nw-1255-08-000006.jpg,640,640,0,S1A_IW_GRDH_1SDV_20190105T035953_20190105T040018_025337_02CDDA_4FB0.SAFE,ID_3,S1A_IW_GRDH_1SDV_20190105T035953_20190105T040018_025337_02CDDA_4FB0.SAFE,S1_20190105_035928_040108_VV_60,hard_negative_train
DARTIS_2019,3972,nw,no_oil_water,nw-0748-05-000002.jpg,640,640,0,S1A_IW_GRDH_1SDV_20190105T040043_20190105T040108_025337_02CDDA_FAEC.SAFE;S1A_IW_GRDH_1SDV_20190105T040018_20190105T040043_025337_02CDDA_D60A.SAFE,ID_3,S1A_IW_GRDH_1SDV_20190105T040043_20190105T040108_025337_02CDDA_FAEC.SAFE;S1A_IW_GRDH_1SDV_20190105T040018_20190105T040043_025337_02CDDA_D60A.SAFE,S1_20190105_035928_040108_VV_93,hard_negative_train
DARTIS_2019,3400,nw,no_oil_water,nw-0176-01-000004.jpg,640,640,0,S1A_IW_GRDH_1SDV_20190107T034258_20190107T034323_025366_02CEEB_0BC0.SAFE,ID_3,S1A_IW_GRDH_1SDV_20190107T034258_20190107T034323_025366_02CEEB_0BC0.SAFE,S1_20190107_034258_034438_VV_10,hard_negative_train
DARTIS_2019,3401,nw,no_oil_water,nw-0177-01-000005.jpg,640,640,0,S1A_IW_GRDH_1SDV_20190107T034258_20190107T034323_025366_02CEEB_0BC0.SAFE,ID_3,S1A_IW_GRDH_1SDV_20190107T034258_20190107T034323_025366_02CEEB_0BC0.SAFE,S1_20190107_034258_034438_VV_50,hard_negative_train
DARTIS_2019,4652,nw,no_oil_water,nw-1428-09-000004.jpg,640,640,0,S1A_IW_GRDH_1SDV_20190107T034258_20190107T034323_025366_02CEEB_0BC0.SAFE,ID_3,S1A_IW_GRDH_1SDV_20190107T034258_20190107T034323_025366_02CEEB_0BC0.SAFE,S1_20190107_034258_034438_VV_32,hard_negative_train
DARTIS_2019,3570,nw,no_oil_water,nw-0346-02-000003.jpg,640,640,0,S1A_IW_GRDH_1SDV_20190107T034348_20190107T034413_025366_02CEEB_2047.SAFE,ID_3,S1A_IW_GRDH_1SDV_20190107T034348_20190107T034413_025366_02CEEB_2047.SAFE,S1_20190107_034258_034438_VV_103,hard_negative_train
DARTIS_2019,4481,nw,no_oil_water,nw-1257-08-000008.jpg,640,640,0,S1A_IW_GRDH_1SDV_20190107T034348_20190107T034413_025366_02CEEB_2047.SAFE,ID_3,S1A_IW_GRDH_1SDV_20190107T034348_20190107T034413_025366_02CEEB_2047.SAFE,S1_20190107_034258_034438_VV_104,hard_negative_train
DARTIS_2019,4482,nw,no_oil_water,nw-1258-08-000009.jpg,640,640,0,S1A_IW_GRDH_1SDV_20190107T034348_20190107T034413_025366_02CEEB_2047.SAFE,ID_3,S1A_IW_GRDH_1SDV_20190107T034348_20190107T034413_025366_02CEEB_2047.SAFE,S1_20190107_034258_034438_VV_107,hard_negative_train
DARTIS_2019,3236,nw,no_oil_water,nw-0012-00-000012.jpg,640,640,0,S1A_IW_GRDH_1SDV_20190111T154926_20190111T154951_025432_02D14A_113A.SAFE,ID_3,S1A_IW_GRDH_1SDV_20190111T154926_20190111T154951_025432_02D14A_113A.SAFE,S1_20190111_154836_155016_VV_69,hard_negative_train
DARTIS_2019,4485,nw,no_oil_water,nw-1261-08-000012.jpg,640,640,0,S1A_IW_GRDH_1SDV_20190111T154926_20190111T154951_025432_02D14A_113A.SAFE,ID_3,S1A_IW_GRDH_1SDV_20190111T154926_20190111T154951_025432_02D14A_113A.SAFE,S1_20190111_154836_155016_VV_75,hard_negative_train
DARTIS_2019,4653,nw,no_oil_water,nw-1429-09-000005.jpg,640,640,0,S1A_IW_GRDH_1SDV_20190111T154926_20190111T154951_025432_02D14A_113A.SAFE,ID_3,S1A_IW_GRDH_1SDV_20190111T154926_20190111T154951_025432_02D14A_113A.SAFE,S1_20190111_154836_155016_VV_76,hard_negative_train
DARTIS_2019,3237,nw,no_oil_water,nw-0013-00-000013.jpg,640,640,0,S1A_IW_GRDH_1SDV_20190111T154951_20190111T155016_025432_02D14A_C237.SAFE,ID_3,S1A_IW_GRDH_1SDV_20190111T154951_20190111T155016_025432_02D14A_C237.SAFE,S1_20190111_154836_155016_VV_88,hard_negative_train
DARTIS_2019,4305,nw,no_oil_water,nw-1081-07-000003.jpg,640,640,0,S1A_IW_GRDH_1SDV_20190111T154951_20190111T155016_025432_02D14A_C237.SAFE,ID_3,S1A_IW_GRDH_1SDV_20190111T154951_20190111T155016_025432_02D14A_C237.SAFE,S1_20190111_154836_155016_VV_141,hard_negative_train
DARTIS_2019,4487,nw,no_oil_water,nw-1263-08-000014.jpg,640,640,0,S1A_IW_GRDH_1SDV_20190111T154951_20190111T155016_025432_02D14A_C237.SAFE,ID_3,S1A_IW_GRDH_1SDV_20190111T154951_20190111T155016_025432_02D14A_C237.SAFE,S1_20190111_154836_155016_VV_96,hard_negative_train
DARTIS_2019,4486,nw,no_oil_water,nw-1262-08-000013.jpg,640,640,0,S1A_IW_GRDH_1SDV_20190111T154951_20190111T155016_025432_02D14A_C237.SAFE;S1A_IW_GRDH_1SDV_20190111T154926_20190111T154951_025432_02D14A_113A.SAFE,ID_3,S1A_IW_GRDH_1SDV_20190111T154951_20190111T155016_025432_02D14A_C237.SAFE;S1A_IW_GRDH_1SDV_20190111T154926_20190111T154951_025432_02D14A_113A.SAFE,S1_20190111_154836_155016_VV_80,hard_negative_train
DARTIS_2019,3402,nw,no_oil_water,nw-0178-01-000006.jpg,640,640,0,S1A_IW_GRDH_1SDV_20190112T035207_20190112T035232_025439_02D183_4040.SAFE,ID_3,S1A_IW_GRDH_1SDV_20190112T035207_20190112T035232_025439_02D183_4040.SAFE,S1_20190112_035117_035259_VV_104,hard_negative_train
DARTIS_2019,3974,nw,no_oil_water,nw-0750-05-000004.jpg,640,640,0,S1A_IW_GRDH_1SDV_20190112T035207_20190112T035232_025439_02D183_4040.SAFE,ID_3,S1A_IW_GRDH_1SDV_20190112T035207_20190112T035232_025439_02D183_4040.SAFE,S1_20190112_035117_035259_VV_58,hard_negative_train
DARTIS_2019,4823,nw,no_oil_water,nw-1599-10-000007.jpg,640,640,0,S1A_IW_GRDH_1SDV_20190112T035207_20190112T035232_025439_02D183_4040.SAFE,ID_3,S1A_IW_GRDH_1SDV_20190112T035207_20190112T035232_025439_02D183_4040.SAFE,S1_20190112_035117_035259_VV_126,hard_negative_train
DARTIS_2019,4824,nw,no_oil_water,nw-1600-10-000008.jpg,640,640,0,S1A_IW_GRDH_1SDV_20190112T035207_20190112T035232_025439_02D183_4040.SAFE,ID_3,S1A_IW_GRDH_1SDV_20190112T035207_20190112T035232_025439_02D183_4040.SAFE,S1_20190112_035117_035259_VV_72,hard_negative_train
DARTIS_2019,4309,nw,no_oil_water,nw-1085-07-000007.jpg,640,640,0,S1A_IW_GRDH_1SDV_20190118T154058_20190118T154123_025534_02D4F3_3A0C.SAFE;S1A_IW_GRDH_1SDV_20190118T154033_20190118T154058_025534_02D4F3_C962.SAFE,ID_3,S1A_IW_GRDH_1SDV_20190118T154058_20190118T154123_025534_02D4F3_3A0C.SAFE;S1A_IW_GRDH_1SDV_20190118T154033_20190118T154058_025534_02D4F3_C962.SAFE,S1_20190118_154008_154148_VV_79,hard_negative_train
DARTIS_2019,3248,nw,no_oil_water,nw-0024-00-000024.jpg,640,640,0,S1A_IW_GRDH_1SDV_20190118T154123_20190118T154148_025534_02D4F3_FFE7.SAFE,ID_3,S1A_IW_GRDH_1SDV_20190118T154123_20190118T154148_025534_02D4F3_FFE7.SAFE,S1_20190118_154008_154148_VV_62,hard_negative_train
DARTIS_2019,3250,nw,no_oil_water,nw-0026-00-000026.jpg,640,640,0,S1A_IW_GRDH_1SDV_20190118T154123_20190118T154148_025534_02D4F3_FFE7.SAFE,ID_3,S1A_IW_GRDH_1SDV_20190118T154123_20190118T154148_025534_02D4F3_FFE7.SAFE,S1_20190118_154008_154148_VV_97,hard_negative_train
DARTIS_2019,4310,nw,no_oil_water,nw-1086-07-000008.jpg,640,640,0,S1A_IW_GRDH_1SDV_20190119T034348_20190119T034413_025541_02D53C_EE42.SAFE,ID_3,S1A_IW_GRDH_1SDV_20190119T034348_20190119T034413_025541_02D53C_EE42.SAFE,S1_20190119_034258_034438_VV_171,hard_negative_train
DARTIS_2019,4995,nw,no_oil_water,nw-1771-11-000005.jpg,640,640,0,S1A_IW_GRDH_1SDV_20190119T034348_20190119T034413_025541_02D53C_EE42.SAFE,ID_3,S1A_IW_GRDH_1SDV_20190119T034348_20190119T034413_025541_02D53C_EE42.SAFE,S1_20190119_034258_034438_VV_89,hard_negative_train
DARTIS_2019,4996,nw,no_oil_water,nw-1772-11-000006.jpg,640,640,0,S1A_IW_GRDH_1SDV_20190119T034348_20190119T034413_025541_02D53C_EE42.SAFE,ID_3,S1A_IW_GRDH_1SDV_20190119T034348_20190119T034413_025541_02D53C_EE42.SAFE,S1_20190119_034258_034438_VV_90,hard_negative_train
DARTIS_2019,4312,nw,no_oil_water,nw-1088-07-000010.jpg,640,640,0,S1A_IW_GRDH_1SDV_20190121T160514_20190121T160539_025578_02D6AC_7E52.SAFE,ID_3,S1A_IW_GRDH_1SDV_20190121T160514_20190121T160539_025578_02D6AC_7E52.SAFE,S1_20190121_160449_160629_VV_4,hard_negative_train
DARTIS_2019,3409,nw,no_oil_water,nw-0185-01-000013.jpg,640,640,0,S1A_IW_GRDH_1SDV_20190121T160539_20190121T160604_025578_02D6AC_F0BF.SAFE,ID_3,S1A_IW_GRDH_1SDV_20190121T160539_20190121T160604_025578_02D6AC_F0BF.SAFE,S1_20190121_160449_160629_VV_22,hard_negative_train
DARTIS_2019,3410,nw,no_oil_water,nw-0186-01-000014.jpg,640,640,0,S1A_IW_GRDH_1SDV_20190121T160539_20190121T160604_025578_02D6AC_F0BF.SAFE,ID_3,S1A_IW_GRDH_1SDV_20190121T160539_20190121T160604_025578_02D6AC_F0BF.SAFE,S1_20190121_160449_160629_VV_42,hard_negative_train
DARTIS_2019,3890,nw,no_oil_water,nw-0666-04-000001.jpg,640,640,0,S1A_IW_GRDH_1SDV_20190121T160539_20190121T160604_025578_02D6AC_F0BF.SAFE,ID_3,S1A_IW_GRDH_1SDV_20190121T160539_20190121T160604_025578_02D6AC_F0BF.SAFE,S1_20190121_160449_160629_VV_77,hard_negative_train
DARTIS_2019,3412,nw,no_oil_water,nw-0188-01-000016.jpg,640,640,0,S1A_IW_GRDH_1SDV_20190123T154951_20190123T155016_025607_02D7AD_28B7.SAFE,ID_3,S1A_IW_GRDH_1SDV_20190123T154951_20190123T155016_025607_02D7AD_28B7.SAFE,S1_20190123_154836_155016_VV_10,hard_negative_train
DARTIS_2019,3253,nw,no_oil_water,nw-0029-00-000029.jpg,640,640,0,S1A_IW_GRDH_1SDV_20190202T160539_20190202T160604_025753_02DD0D_1EB4.SAFE,ID_3,S1A_IW_GRDH_1SDV_20190202T160539_20190202T160604_025753_02DD0D_1EB4.SAFE,S1_20190202_160449_160629_VV_61,hard_negative_train
DARTIS_2019,3414,nw,no_oil_water,nw-0190-01-000018.jpg,640,640,0,S1A_IW_GRDH_1SDV_20190202T160539_20190202T160604_025753_02DD0D_1EB4.SAFE,ID_3,S1A_IW_GRDH_1SDV_20190202T160539_20190202T160604_025753_02DD0D_1EB4.SAFE,S1_20190202_160449_160629_VV_20,hard_negative_train
DARTIS_2019,3581,nw,no_oil_water,nw-0357-02-000014.jpg,640,640,0,S1A_IW_GRDH_1SDV_20190202T160539_20190202T160604_025753_02DD0D_1EB4.SAFE,ID_3,S1A_IW_GRDH_1SDV_20190202T160539_20190202T160604_025753_02DD0D_1EB4.SAFE,S1_20190202_160449_160629_VV_36,hard_negative_train
DARTIS_2019,5000,nw,no_oil_water,nw-1776-11-000010.jpg,640,640,0,S1A_IW_GRDH_1SDV_20190202T160539_20190202T160604_025753_02DD0D_1EB4.SAFE,ID_3,S1A_IW_GRDH_1SDV_20190202T160539_20190202T160604_025753_02DD0D_1EB4.SAFE,S1_20190202_160449_160629_VV_16,hard_negative_train
DARTIS_2019,3413,nw,no_oil_water,nw-0189-01-000017.jpg,640,640,0,S1A_IW_GRDH_1SDV_20190202T160604_20190202T160629_025753_02DD0D_834D.SAFE,ID_3,S1A_IW_GRDH_1SDV_20190202T160604_20190202T160629_025753_02DD0D_834D.SAFE,S1_20190202_160449_160629_VV_127,hard_negative_train
DARTIS_2019,3580,nw,no_oil_water,nw-0356-02-000013.jpg,640,640,0,S1A_IW_GRDH_1SDV_20190202T160604_20190202T160629_025753_02DD0D_834D.SAFE,ID_3,S1A_IW_GRDH_1SDV_20190202T160604_20190202T160629_025753_02DD0D_834D.SAFE,S1_20190202_160449_160629_VV_124,hard_negative_train
DARTIS_2019,4318,nw,no_oil_water,nw-1094-07-000016.jpg,640,640,0,S1A_IW_GRDH_1SDV_20190204T154950_20190204T155015_025782_02DE08_D834.SAFE;S1A_IW_GRDH_1SDV_20190204T154925_20190204T154950_025782_02DE08_E4AA.SAFE,ID_3,S1A_IW_GRDH_1SDV_20190204T154950_20190204T155015_025782_02DE08_D834.SAFE;S1A_IW_GRDH_1SDV_20190204T154925_20190204T154950_025782_02DE08_E4AA.SAFE,S1_20190204_154835_155015_VV_48,hard_negative_train
DARTIS_2019,3986,nw,no_oil_water,nw-0762-05-000016.jpg,640,640,0,S1A_IW_GRDH_1SDV_20190205T035116_20190205T035141_025789_02DE41_13F2.SAFE,ID_3,S1A_IW_GRDH_1SDV_20190205T035116_20190205T035141_025789_02DE41_13F2.SAFE,S1_20190205_035116_035258_VV_3,hard_negative_train
DARTIS_2019,4319,nw,no_oil_water,nw-1095-07-000017.jpg,640,640,0,S1A_IW_GRDH_1SDV_20190205T035116_20190205T035141_025789_02DE41_13F2.SAFE,ID_3,S1A_IW_GRDH_1SDV_20190205T035116_20190205T035141_025789_02DE41_13F2.SAFE,S1_20190205_035116_035258_VV_48,hard_negative_train
DARTIS_2019,3987,nw,no_oil_water,nw-0763-05-000017.jpg,640,640,0,S1A_IW_GRDH_1SDV_20190207T033454_20190207T033519_025818_02DF3B_8839.SAFE,ID_3,S1A_IW_GRDH_1SDV_20190207T033454_20190207T033519_025818_02DF3B_8839.SAFE,S1_20190207_033454_033634_VV_22,hard_negative_train
DARTIS_2019,4663,nw,no_oil_water,nw-1439-09-000015.jpg,640,640,0,S1A_IW_GRDH_1SDV_20190207T033454_20190207T033519_025818_02DF3B_8839.SAFE,ID_3,S1A_IW_GRDH_1SDV_20190207T033454_20190207T033519_025818_02DF3B_8839.SAFE,S1_20190207_033454_033634_VV_10,hard_negative_train
DARTIS_2019,4664,nw,no_oil_water,nw-1440-09-000016.jpg,640,640,0,S1A_IW_GRDH_1SDV_20190207T033454_20190207T033519_025818_02DF3B_8839.SAFE,ID_3,S1A_IW_GRDH_1SDV_20190207T033454_20190207T033519_025818_02DF3B_8839.SAFE,S1_20190207_033454_033634_VV_15,hard_negative_train
DARTIS_2019,3584,nw,no_oil_water,nw-0360-02-000017.jpg,640,640,0,S1A_IW_GRDH_1SDV_20190210T035926_20190210T035951_025862_02E0DD_F8D7.SAFE,ID_3,S1A_IW_GRDH_1SDV_20190210T035926_20190210T035951_025862_02E0DD_F8D7.SAFE,S1_20190210_035926_040106_VV_4,hard_negative_train
DARTIS_2019,3585,nw,no_oil_water,nw-0361-02-000018.jpg,640,640,0,S1A_IW_GRDH_1SDV_20190210T035926_20190210T035951_025862_02E0DD_F8D7.SAFE,ID_3,S1A_IW_GRDH_1SDV_20190210T035926_20190210T035951_025862_02E0DD_F8D7.SAFE,S1_20190210_035926_040106_VV_69,hard_negative_train
DARTIS_2019,4666,nw,no_oil_water,nw-1442-09-000018.jpg,640,640,0,S1A_IW_GRDH_1SDV_20190210T040041_20190210T040106_025862_02E0DD_EBDC.SAFE;S1A_IW_GRDH_1SDV_20190210T040016_20190210T040041_025862_02E0DD_BBED.SAFE,ID_3,S1A_IW_GRDH_1SDV_20190210T040041_20190210T040106_025862_02E0DD_EBDC.SAFE;S1A_IW_GRDH_1SDV_20190210T040016_20190210T040041_025862_02E0DD_BBED.SAFE,S1_20190210_035926_040106_VV_56,hard_negative_train
DARTIS_2019,3988,nw,no_oil_water,nw-0764-05-000018.jpg,640,640,0,S1A_IW_GRDH_1SDV_20190212T034322_20190212T034347_025891_02E1DC_948A.SAFE,ID_3,S1A_IW_GRDH_1SDV_20190212T034322_20190212T034347_025891_02E1DC_948A.SAFE,S1_20190212_034257_034437_VV_33,hard_negative_train
DARTIS_2019,4320,nw,no_oil_water,nw-1096-07-000018.jpg,640,640,0,S1A_IW_GRDH_1SDV_20190212T034347_20190212T034412_025891_02E1DC_27C4.SAFE,ID_3,S1A_IW_GRDH_1SDV_20190212T034347_20190212T034412_025891_02E1DC_27C4.SAFE,S1_20190212_034257_034437_VV_54,hard_negative_train
DARTIS_2019,4830,nw,no_oil_water,nw-1606-10-000014.jpg,640,640,0,S1A_IW_GRDH_1SDV_20190212T034347_20190212T034412_025891_02E1DC_27C4.SAFE,ID_3,S1A_IW_GRDH_1SDV_20190212T034347_20190212T034412_025891_02E1DC_27C4.SAFE,S1_20190212_034257_034437_VV_73,hard_negative_train
DARTIS_2019,4831,nw,no_oil_water,nw-1607-10-000015.jpg,640,640,0,S1A_IW_GRDH_1SDV_20190212T034347_20190212T034412_025891_02E1DC_27C4.SAFE,ID_3,S1A_IW_GRDH_1SDV_20190212T034347_20190212T034412_025891_02E1DC_27C4.SAFE,S1_20190212_034257_034437_VV_76,hard_negative_train
DARTIS_2019,3586,nw,no_oil_water,nw-0362-02-000019.jpg,640,640,0,S1A_IW_GRDH_1SDV_20190212T034412_20190212T034437_025891_02E1DC_36F3.SAFE,ID_3,S1A_IW_GRDH_1SDV_20190212T034412_20190212T034437_025891_02E1DC_36F3.SAFE,S1_20190212_034257_034437_VV_106,hard_negative_train
DARTIS_2019,4667,nw,no_oil_water,nw-1443-09-000019.jpg,640,640,0,S1A_IW_GRDH_1SDV_20190212T034412_20190212T034437_025891_02E1DC_36F3.SAFE,ID_3,S1A_IW_GRDH_1SDV_20190212T034412_20190212T034437_025891_02E1DC_36F3.SAFE,S1_20190212_034257_034437_VV_115,hard_negative_train
DARTIS_2019,4668,nw,no_oil_water,nw-1444-09-000020.jpg,640,640,0,S1A_IW_GRDH_1SDV_20190212T034412_20190212T034437_025891_02E1DC_36F3.SAFE,ID_3,S1A_IW_GRDH_1SDV_20190212T034412_20190212T034437_025891_02E1DC_36F3.SAFE,S1_20190212_034257_034437_VV_116,hard_negative_train
DARTIS_2019,3741,nw,no_oil_water,nw-0517-03-000014.jpg,640,640,0,S1A_IW_GRDH_1SDV_20190216T154835_20190216T154900_025957_02E43B_132D.SAFE,ID_3,S1A_IW_GRDH_1SDV_20190216T154835_20190216T154900_025957_02E43B_132D.SAFE,S1_20190216_154835_155015_VV_11,hard_negative_train
DARTIS_2019,3742,nw,no_oil_water,nw-0518-03-000015.jpg,640,640,0,S1A_IW_GRDH_1SDV_20190216T154950_20190216T155015_025957_02E43B_182C.SAFE,ID_3,S1A_IW_GRDH_1SDV_20190216T154950_20190216T155015_025957_02E43B_182C.SAFE,S1_20190216_154835_155015_VV_48,hard_negative_train
DARTIS_2019,4498,nw,no_oil_water,nw-1274-08-000025.jpg,640,640,0,S1A_IW_GRDH_1SDV_20190217T035206_20190217T035231_025964_02E473_9766.SAFE,ID_3,S1A_IW_GRDH_1SDV_20190217T035206_20190217T035231_025964_02E473_9766.SAFE,S1_20190217_035116_035258_VV_154,hard_negative_train
DARTIS_2019,3745,nw,no_oil_water,nw-0521-03-000018.jpg,640,640,0,S1A_IW_GRDH_1SDV_20190217T035231_20190217T035258_025964_02E473_E80D.SAFE,ID_3,S1A_IW_GRDH_1SDV_20190217T035231_20190217T035258_025964_02E473_E80D.SAFE,S1_20190217_035116_035258_VV_97,hard_negative_train
DARTIS_2019,4322,nw,no_oil_water,nw-1098-07-000020.jpg,640,640,0,S1A_IW_GRDH_1SDV_20190218T153310_20190218T153335_025986_02E530_36A3.SAFE,ID_3,S1A_IW_GRDH_1SDV_20190218T153310_20190218T153335_025986_02E530_36A3.SAFE,S1_20190218_153220_153335_VV_208,hard_negative_train
DARTIS_2019,4507,nw,no_oil_water,nw-1283-08-000034.jpg,640,640,0,S1A_IW_GRDH_1SDV_20190221T155702_20190221T155727_026030_02E6CF_D766.SAFE,ID_3,S1A_IW_GRDH_1SDV_20190221T155702_20190221T155727_026030_02E6CF_D766.SAFE,S1_20190221_155637_155817_VV_170,hard_negative_train
DARTIS_2019,4149,nw,no_oil_water,nw-0925-06-000013.jpg,640,640,0,S1A_IW_GRDH_1SDV_20190221T155752_20190221T155817_026030_02E6CF_6EBE.SAFE;S1A_IW_GRDH_1SDV_20190221T155727_20190221T155752_026030_02E6CF_E2B0.SAFE,ID_3,S1A_IW_GRDH_1SDV_20190221T155752_20190221T155817_026030_02E6CF_6EBE.SAFE;S1A_IW_GRDH_1SDV_20190221T155727_20190221T155752_026030_02E6CF_E2B0.SAFE,S1_20190221_155637_155817_VV_179,hard_negative_train
DARTIS_2019,5006,nw,no_oil_water,nw-1782-11-000016.jpg,640,640,0,S1A_IW_GRDH_1SDV_20190221T155752_20190221T155817_026030_02E6CF_6EBE.SAFE;S1A_IW_GRDH_1SDV_20190221T155727_20190221T155752_026030_02E6CF_E2B0.SAFE,ID_3,S1A_IW_GRDH_1SDV_20190221T155752_20190221T155817_026030_02E6CF_6EBE.SAFE;S1A_IW_GRDH_1SDV_20190221T155727_20190221T155752_026030_02E6CF_E2B0.SAFE,S1_20190221_155637_155817_VV_77,hard_negative_train
DARTIS_2019,3267,nw,no_oil_water,nw-0043-00-000043.jpg,640,640,0,S1A_IW_GRDH_1SDV_20190222T035951_20190222T040016_026037_02E70F_6632.SAFE,ID_3,S1A_IW_GRDH_1SDV_20190222T035951_20190222T040016_026037_02E70F_6632.SAFE,S1_20190222_035926_040106_VV_108,hard_negative_train
DARTIS_2019,3597,nw,no_oil_water,nw-0373-02-000030.jpg,640,640,0,S1A_IW_GRDH_1SDV_20190222T035951_20190222T040016_026037_02E70F_6632.SAFE,ID_3,S1A_IW_GRDH_1SDV_20190222T035951_20190222T040016_026037_02E70F_6632.SAFE,S1_20190222_035926_040106_VV_205,hard_negative_train
DARTIS_2019,3751,nw,no_oil_water,nw-0527-03-000024.jpg,640,640,0,S1A_IW_GRDH_1SDV_20190222T035951_20190222T040016_026037_02E70F_6632.SAFE,ID_3,S1A_IW_GRDH_1SDV_20190222T035951_20190222T040016_026037_02E70F_6632.SAFE,S1_20190222_035926_040106_VV_212,hard_negative_train
DARTIS_2019,4150,nw,no_oil_water,nw-0926-06-000014.jpg,640,640,0,S1A_IW_GRDH_1SDV_20190222T035951_20190222T040016_026037_02E70F_6632.SAFE,ID_3,S1A_IW_GRDH_1SDV_20190222T035951_20190222T040016_026037_02E70F_6632.SAFE,S1_20190222_035926_040106_VV_206,hard_negative_train
DARTIS_2019,4327,nw,no_oil_water,nw-1103-07-000025.jpg,640,640,0,S1A_IW_GRDH_1SDV_20190222T035951_20190222T040016_026037_02E70F_6632.SAFE,ID_3,S1A_IW_GRDH_1SDV_20190222T035951_20190222T040016_026037_02E70F_6632.SAFE,S1_20190222_035926_040106_VV_122,hard_negative_train
DARTIS_2019,4508,nw,no_oil_water,nw-1284-08-000035.jpg,640,640,0,S1A_IW_GRDH_1SDV_20190222T035951_20190222T040016_026037_02E70F_6632.SAFE,ID_3,S1A_IW_GRDH_1SDV_20190222T035951_20190222T040016_026037_02E70F_6632.SAFE,S1_20190222_035926_040106_VV_112,hard_negative_train
DARTIS_2019,3894,nw,no_oil_water,nw-0670-04-000005.jpg,640,640,0,S1A_IW_GRDH_1SDV_20190222T040041_20190222T040106_026037_02E70F_5AD5.SAFE;S1A_IW_GRDH_1SDV_20190222T040016_20190222T040041_026037_02E70F_FF4E.SAFE,ID_3,S1A_IW_GRDH_1SDV_20190222T040041_20190222T040106_026037_02E70F_5AD5.SAFE;S1A_IW_GRDH_1SDV_20190222T040016_20190222T040041_026037_02E70F_FF4E.SAFE,S1_20190222_035926_040106_VV_167,hard_negative_train
DARTIS_2019,3272,nw,no_oil_water,nw-0048-00-000048.jpg,640,640,0,S1A_IW_GRDH_1SDV_20190223T154057_20190223T154122_026059_02E7D6_A9E6.SAFE,ID_3,S1A_IW_GRDH_1SDV_20190223T154057_20190223T154122_026059_02E7D6_A9E6.SAFE,S1_20190223_154007_154147_VV_12,hard_negative_train
DARTIS_2019,3425,nw,no_oil_water,nw-0201-01-000029.jpg,640,640,0,S1A_IW_GRDH_1SDV_20190223T154057_20190223T154122_026059_02E7D6_A9E6.SAFE,ID_3,S1A_IW_GRDH_1SDV_20190223T154057_20190223T154122_026059_02E7D6_A9E6.SAFE,S1_20190223_154007_154147_VV_144,hard_negative_train
DARTIS_2019,3760,nw,no_oil_water,nw-0536-03-000033.jpg,640,640,0,S1A_IW_GRDH_1SDV_20190223T154057_20190223T154122_026059_02E7D6_A9E6.SAFE,ID_3,S1A_IW_GRDH_1SDV_20190223T154057_20190223T154122_026059_02E7D6_A9E6.SAFE,S1_20190223_154007_154147_VV_142,hard_negative_train
DARTIS_2019,3995,nw,no_oil_water,nw-0771-05-000025.jpg,640,640,0,S1A_IW_GRDH_1SDV_20190223T154057_20190223T154122_026059_02E7D6_A9E6.SAFE,ID_3,S1A_IW_GRDH_1SDV_20190223T154057_20190223T154122_026059_02E7D6_A9E6.SAFE,S1_20190223_154007_154147_VV_37,hard_negative_train
DARTIS_2019,4330,nw,no_oil_water,nw-1106-07-000028.jpg,640,640,0,S1A_IW_GRDH_1SDV_20190223T154057_20190223T154122_026059_02E7D6_A9E6.SAFE,ID_3,S1A_IW_GRDH_1SDV_20190223T154057_20190223T154122_026059_02E7D6_A9E6.SAFE,S1_20190223_154007_154147_VV_141,hard_negative_train
DARTIS_2019,4331,nw,no_oil_water,nw-1107-07-000029.jpg,640,640,0,S1A_IW_GRDH_1SDV_20190223T154122_20190223T154147_026059_02E7D6_5BFC.SAFE;S1A_IW_GRDH_1SDV_20190223T154057_20190223T154122_026059_02E7D6_A9E6.SAFE,ID_3,S1A_IW_GRDH_1SDV_20190223T154122_20190223T154147_026059_02E7D6_5BFC.SAFE;S1A_IW_GRDH_1SDV_20190223T154057_20190223T154122_026059_02E7D6_A9E6.SAFE,S1_20190223_154007_154147_VV_47,hard_negative_train
DARTIS_2019,4515,nw,no_oil_water,nw-1291-08-000042.jpg,640,640,0,S1A_IW_GRDH_1SDV_20190224T034257_20190224T034322_026066_02E816_A40D.SAFE,ID_3,S1A_IW_GRDH_1SDV_20190224T034257_20190224T034322_026066_02E816_A40D.SAFE,S1_20190224_034257_034437_VV_12,hard_negative_train
DARTIS_2019,3274,nw,no_oil_water,nw-0050-00-000050.jpg,640,640,0,S1A_IW_GRDH_1SDV_20190224T034322_20190224T034347_026066_02E816_1321.SAFE,ID_3,S1A_IW_GRDH_1SDV_20190224T034322_20190224T034347_026066_02E816_1321.SAFE,S1_20190224_034257_034437_VV_85,hard_negative_train
DARTIS_2019,3996,nw,no_oil_water,nw-0772-05-000026.jpg,640,640,0,S1A_IW_GRDH_1SDV_20190224T034322_20190224T034347_026066_02E816_1321.SAFE,ID_3,S1A_IW_GRDH_1SDV_20190224T034322_20190224T034347_026066_02E816_1321.SAFE,S1_20190224_034257_034437_VV_36,hard_negative_train
DARTIS_2019,4332,nw,no_oil_water,nw-1108-07-000030.jpg,640,640,0,S1A_IW_GRDH_1SDV_20190224T034322_20190224T034347_026066_02E816_1321.SAFE,ID_3,S1A_IW_GRDH_1SDV_20190224T034322_20190224T034347_026066_02E816_1321.SAFE,S1_20190224_034257_034437_VV_57,hard_negative_train
DARTIS_2019,3426,nw,no_oil_water,nw-0202-01-000030.jpg,640,640,0,S1A_IW_GRDH_1SDV_20190224T034347_20190224T034412_026066_02E816_11C9.SAFE,ID_3,S1A_IW_GRDH_1SDV_20190224T034347_20190224T034412_026066_02E816_11C9.SAFE,S1_20190224_034257_034437_VV_119,hard_negative_train
DARTIS_2019,3761,nw,no_oil_water,nw-0537-03-000034.jpg,640,640,0,S1A_IW_GRDH_1SDV_20190224T034347_20190224T034412_026066_02E816_11C9.SAFE,ID_3,S1A_IW_GRDH_1SDV_20190224T034347_20190224T034412_026066_02E816_11C9.SAFE,S1_20190224_034257_034437_VV_62,hard_negative_train
DARTIS_2019,3897,nw,no_oil_water,nw-0673-04-000008.jpg,640,640,0,S1A_IW_GRDH_1SDV_20190224T034347_20190224T034412_026066_02E816_11C9.SAFE,ID_3,S1A_IW_GRDH_1SDV_20190224T034347_20190224T034412_026066_02E816_11C9.SAFE,S1_20190224_034257_034437_VV_113,hard_negative_train
DARTIS_2019,3428,nw,no_oil_water,nw-0204-01-000032.jpg,640,640,0,S1A_IW_GRDH_1SDV_20190228T154835_20190228T154900_026132_02EA77_0A79.SAFE,ID_3,S1A_IW_GRDH_1SDV_20190228T154835_20190228T154900_026132_02EA77_0A79.SAFE,S1_20190228_154835_155015_VV_8,hard_negative_train
DARTIS_2019,3427,nw,no_oil_water,nw-0203-01-000031.jpg,640,640,0,S1A_IW_GRDH_1SDV_20190228T154925_20190228T154950_026132_02EA77_CDD9.SAFE,ID_3,S1A_IW_GRDH_1SDV_20190228T154925_20190228T154950_026132_02EA77_CDD9.SAFE,S1_20190228_154835_155015_VV_18,hard_negative_train
DARTIS_2019,4672,nw,no_oil_water,nw-1448-09-000024.jpg,640,640,0,S1A_IW_GRDH_1SDV_20190228T154925_20190228T154950_026132_02EA77_CDD9.SAFE,ID_3,S1A_IW_GRDH_1SDV_20190228T154925_20190228T154950_026132_02EA77_CDD9.SAFE,S1_20190228_154835_155015_VV_15,hard_negative_train
DARTIS_2019,4853,nw,no_oil_water,nw-1629-10-000037.jpg,640,640,0,S1A_IW_GRDH_1SDV_20190305T155752_20190305T155817_026205_02ED1B_206C.SAFE,ID_3,S1A_IW_GRDH_1SDV_20190305T155752_20190305T155817_026205_02ED1B_206C.SAFE,S1_20190305_155637_155817_VV_45,hard_negative_train
DARTIS_2019,4519,nw,no_oil_water,nw-1295-08-000046.jpg,640,640,0,S1A_IW_GRDH_1SDV_20190306T035951_20190306T040016_026212_02ED51_0951.SAFE;S1A_IW_GRDH_1SDV_20190306T035926_20190306T035951_026212_02ED51_1D32.SAFE,ID_3,S1A_IW_GRDH_1SDV_20190306T035951_20190306T040016_026212_02ED51_0951.SAFE;S1A_IW_GRDH_1SDV_20190306T035926_20190306T035951_026212_02ED51_1D32.SAFE,S1_20190306_035926_040106_VV_61,hard_negative_train
DARTIS_2019,4859,nw,no_oil_water,nw-1635-10-000043.jpg,640,640,0,S1A_IW_GRDH_1SDV_20190306T035951_20190306T040016_026212_02ED51_0951.SAFE;S1A_IW_GRDH_1SDV_20190306T035926_20190306T035951_026212_02ED51_1D32.SAFE,ID_3,S1A_IW_GRDH_1SDV_20190306T035951_20190306T040016_026212_02ED51_0951.SAFE;S1A_IW_GRDH_1SDV_20190306T035926_20190306T035951_026212_02ED51_1D32.SAFE,S1_20190306_035926_040106_VV_65,hard_negative_train
DARTIS_2019,3430,nw,no_oil_water,nw-0206-01-000034.jpg,640,640,0,S1A_IW_GRDH_1SDV_20190306T040016_20190306T040041_026212_02ED51_9536.SAFE,ID_3,S1A_IW_GRDH_1SDV_20190306T040016_20190306T040041_026212_02ED51_9536.SAFE,S1_20190306_035926_040106_VV_304,hard_negative_train
DARTIS_2019,3898,nw,no_oil_water,nw-0674-04-000009.jpg,640,640,0,S1A_IW_GRDH_1SDV_20190306T040016_20190306T040041_026212_02ED51_9536.SAFE,ID_3,S1A_IW_GRDH_1SDV_20190306T040016_20190306T040041_026212_02ED51_9536.SAFE,S1_20190306_035926_040106_VV_193,hard_negative_train
DARTIS_2019,3277,nw,no_oil_water,nw-0053-00-000053.jpg,640,640,0,S1A_IW_GRDH_1SDV_20190306T040016_20190306T040041_026212_02ED51_9536.SAFE;S1A_IW_GRDH_1SDV_20190306T035951_20190306T040016_026212_02ED51_0951.SAFE,ID_3,S1A_IW_GRDH_1SDV_20190306T040016_20190306T040041_026212_02ED51_9536.SAFE;S1A_IW_GRDH_1SDV_20190306T035951_20190306T040016_026212_02ED51_0951.SAFE,S1_20190306_035926_040106_VV_166,hard_negative_train
DARTIS_2019,3433,nw,no_oil_water,nw-0209-01-000037.jpg,640,640,0,S1A_IW_GRDH_1SDV_20190308T034257_20190308T034322_026241_02EE61_4F36.SAFE,ID_3,S1A_IW_GRDH_1SDV_20190308T034257_20190308T034322_026241_02EE61_4F36.SAFE,S1_20190308_034257_034437_VV_34,hard_negative_train
DARTIS_2019,4520,nw,no_oil_water,nw-1296-08-000047.jpg,640,640,0,S1A_IW_GRDH_1SDV_20190308T034257_20190308T034322_026241_02EE61_4F36.SAFE,ID_3,S1A_IW_GRDH_1SDV_20190308T034257_20190308T034322_026241_02EE61_4F36.SAFE,S1_20190308_034257_034437_VV_21,hard_negative_train
DARTIS_2019,3999,nw,no_oil_water,nw-0775-05-000029.jpg,640,640,0,S1A_IW_GRDH_1SDV_20190310T160513_20190310T160538_026278_02EFD1_0733.SAFE,ID_3,S1A_IW_GRDH_1SDV_20190310T160513_20190310T160538_026278_02EFD1_0733.SAFE,S1_20190310_160448_160628_VV_10,hard_negative_train
DARTIS_2019,3767,nw,no_oil_water,nw-0543-03-000040.jpg,640,640,0,S1A_IW_GRDH_1SDV_20190310T160603_20190310T160628_026278_02EFD1_3D52.SAFE,ID_3,S1A_IW_GRDH_1SDV_20190310T160603_20190310T160628_026278_02EFD1_3D52.SAFE,S1_20190310_160448_160628_VV_22,hard_negative_train
DARTIS_2019,3609,nw,no_oil_water,nw-0385-02-000042.jpg,640,640,0,S1A_IW_GRDH_1SDV_20190312T154950_20190312T155015_026307_02F0D5_0885.SAFE,ID_3,S1A_IW_GRDH_1SDV_20190312T154950_20190312T155015_026307_02F0D5_0885.SAFE,S1_20190312_154835_155015_VV_123,hard_negative_train
DARTIS_2019,4678,nw,no_oil_water,nw-1454-09-000030.jpg,640,640,0,S1A_IW_GRDH_1SDV_20190313T035116_20190313T035141_026314_02F112_0450.SAFE,ID_3,S1A_IW_GRDH_1SDV_20190313T035116_20190313T035141_026314_02F112_0450.SAFE,S1_20190313_035116_035258_VV_68,hard_negative_train
DARTIS_2019,3611,nw,no_oil_water,nw-0387-02-000044.jpg,640,640,0,S1A_IW_GRDH_1SDV_20190313T035141_20190313T035206_026314_02F112_DA9D.SAFE,ID_3,S1A_IW_GRDH_1SDV_20190313T035141_20190313T035206_026314_02F112_DA9D.SAFE,S1_20190313_035116_035258_VV_37,hard_negative_train
DARTIS_2019,4340,nw,no_oil_water,nw-1116-07-000038.jpg,640,640,0,S1A_IW_GRDH_1SDV_20190315T033519_20190315T033544_026343_02F229_19FC.SAFE;S1A_IW_GRDH_1SDV_20190315T033454_20190315T033519_026343_02F229_357D.SAFE,ID_3,S1A_IW_GRDH_1SDV_20190315T033519_20190315T033544_026343_02F229_19FC.SAFE;S1A_IW_GRDH_1SDV_20190315T033454_20190315T033519_026343_02F229_357D.SAFE,S1_20190315_033454_033634_VV_36,hard_negative_train
DARTIS_2019,4679,nw,no_oil_water,nw-1455-09-000031.jpg,640,640,0,S1A_IW_GRDH_1SDV_20190317T155702_20190317T155727_026380_02F38B_5C28.SAFE,ID_3,S1A_IW_GRDH_1SDV_20190317T155702_20190317T155727_026380_02F38B_5C28.SAFE,S1_20190317_155637_155817_VV_8,hard_negative_train
DARTIS_2019,4161,nw,no_oil_water,nw-0937-06-000025.jpg,640,640,0,S1A_IW_GRDH_1SDV_20190319T154057_20190319T154122_026409_02F495_3769.SAFE,ID_3,S1A_IW_GRDH_1SDV_20190319T154057_20190319T154122_026409_02F495_3769.SAFE,S1_20190319_154007_154147_VV_74,hard_negative_train
DARTIS_2019,3437,nw,no_oil_water,nw-0213-01-000041.jpg,640,640,0,S1A_IW_GRDH_1SDV_20190319T154122_20190319T154147_026409_02F495_4D5C.SAFE,ID_3,S1A_IW_GRDH_1SDV_20190319T154122_20190319T154147_026409_02F495_4D5C.SAFE,S1_20190319_154007_154147_VV_92,hard_negative_train
DARTIS_2019,4341,nw,no_oil_water,nw-1117-07-000039.jpg,640,640,0,S1A_IW_GRDH_1SDV_20190319T154122_20190319T154147_026409_02F495_4D5C.SAFE,ID_3,S1A_IW_GRDH_1SDV_20190319T154122_20190319T154147_026409_02F495_4D5C.SAFE,S1_20190319_154007_154147_VV_62,hard_negative_train
DARTIS_2019,5032,nw,no_oil_water,nw-1808-11-000042.jpg,640,640,0,S1A_IW_GRDH_1SDV_20190319T154122_20190319T154147_026409_02F495_4D5C.SAFE,ID_3,S1A_IW_GRDH_1SDV_20190319T154122_20190319T154147_026409_02F495_4D5C.SAFE,S1_20190319_154007_154147_VV_43,hard_negative_train
DARTIS_2019,3438,nw,no_oil_water,nw-0214-01-000042.jpg,640,640,0,S1A_IW_GRDH_1SDV_20190320T034257_20190320T034322_026416_02F4D4_2093.SAFE,ID_3,S1A_IW_GRDH_1SDV_20190320T034257_20190320T034322_026416_02F4D4_2093.SAFE,S1_20190320_034257_034437_VV_54,hard_negative_train
DARTIS_2019,4162,nw,no_oil_water,nw-0938-06-000026.jpg,640,640,0,S1A_IW_GRDH_1SDV_20190320T034257_20190320T034322_026416_02F4D4_2093.SAFE,ID_3,S1A_IW_GRDH_1SDV_20190320T034257_20190320T034322_026416_02F4D4_2093.SAFE,S1_20190320_034257_034437_VV_110,hard_negative_train
DARTIS_2019,4680,nw,no_oil_water,nw-1456-09-000032.jpg,640,640,0,S1A_IW_GRDH_1SDV_20190320T034257_20190320T034322_026416_02F4D4_2093.SAFE,ID_3,S1A_IW_GRDH_1SDV_20190320T034257_20190320T034322_026416_02F4D4_2093.SAFE,S1_20190320_034257_034437_VV_8,hard_negative_train
DARTIS_2019,3614,nw,no_oil_water,nw-0390-02-000047.jpg,640,640,0,S1A_IW_GRDH_1SDV_20190324T154901_20190324T154926_026482_02F74C_6168.SAFE,ID_3,S1A_IW_GRDH_1SDV_20190324T154901_20190324T154926_026482_02F74C_6168.SAFE,S1_20190324_154836_155016_VV_18,hard_negative_train
DARTIS_2019,4527,nw,no_oil_water,nw-1303-08-000054.jpg,640,640,0,S1A_IW_GRDH_1SDV_20190324T154901_20190324T154926_026482_02F74C_6168.SAFE,ID_3,S1A_IW_GRDH_1SDV_20190324T154901_20190324T154926_026482_02F74C_6168.SAFE,S1_20190324_154836_155016_VV_15,hard_negative_train
DARTIS_2019,4683,nw,no_oil_water,nw-1459-09-000035.jpg,640,640,0,S1A_IW_GRDH_1SDV_20190324T154901_20190324T154926_026482_02F74C_6168.SAFE,ID_3,S1A_IW_GRDH_1SDV_20190324T154901_20190324T154926_026482_02F74C_6168.SAFE,S1_20190324_154836_155016_VV_90,hard_negative_train
DARTIS_2019,4342,nw,no_oil_water,nw-1118-07-000040.jpg,640,640,0,S1A_IW_GRDH_1SDV_20190324T154926_20190324T154951_026482_02F74C_C245.SAFE,ID_3,S1A_IW_GRDH_1SDV_20190324T154926_20190324T154951_026482_02F74C_C245.SAFE,S1_20190324_154836_155016_VV_38,hard_negative_train
DARTIS_2019,4529,nw,no_oil_water,nw-1305-08-000056.jpg,640,640,0,S1A_IW_GRDH_1SDV_20190324T154926_20190324T154951_026482_02F74C_C245.SAFE,ID_3,S1A_IW_GRDH_1SDV_20190324T154926_20190324T154951_026482_02F74C_C245.SAFE,S1_20190324_154836_155016_VV_91,hard_negative_train
DARTIS_2019,3442,nw,no_oil_water,nw-0218-01-000046.jpg,640,640,0,S1A_IW_GRDH_1SDV_20190325T035117_20190325T035142_026489_02F78B_9B72.SAFE,ID_3,S1A_IW_GRDH_1SDV_20190325T035117_20190325T035142_026489_02F78B_9B72.SAFE,S1_20190325_035117_035258_VV_21,hard_negative_train
DARTIS_2019,3443,nw,no_oil_water,nw-0219-01-000047.jpg,640,640,0,S1A_IW_GRDH_1SDV_20190325T035117_20190325T035142_026489_02F78B_9B72.SAFE,ID_3,S1A_IW_GRDH_1SDV_20190325T035117_20190325T035142_026489_02F78B_9B72.SAFE,S1_20190325_035117_035258_VV_9,hard_negative_train
DARTIS_2019,3616,nw,no_oil_water,nw-0392-02-000049.jpg,640,640,0,S1A_IW_GRDH_1SDV_20190331T154122_20190331T154147_026584_02FB04_E6E8.SAFE,ID_3,S1A_IW_GRDH_1SDV_20190331T154122_20190331T154147_026584_02FB04_E6E8.SAFE,S1_20190331_154007_154147_VV_68,hard_negative_train
DARTIS_2019,3774,nw,no_oil_water,nw-0550-03-000047.jpg,640,640,0,S1A_IW_GRDH_1SDV_20190331T154122_20190331T154147_026584_02FB04_E6E8.SAFE,ID_3,S1A_IW_GRDH_1SDV_20190331T154122_20190331T154147_026584_02FB04_E6E8.SAFE,S1_20190331_154007_154147_VV_63,hard_negative_train
DARTIS_2019,4531,nw,no_oil_water,nw-1307-08-000058.jpg,640,640,0,S1A_IW_GRDH_1SDV_20190331T154122_20190331T154147_026584_02FB04_E6E8.SAFE,ID_3,S1A_IW_GRDH_1SDV_20190331T154122_20190331T154147_026584_02FB04_E6E8.SAFE,S1_20190331_154007_154147_VV_129,hard_negative_train
DARTIS_2019,4532,nw,no_oil_water,nw-1308-08-000059.jpg,640,640,0,S1A_IW_GRDH_1SDV_20190331T154122_20190331T154147_026584_02FB04_E6E8.SAFE,ID_3,S1A_IW_GRDH_1SDV_20190331T154122_20190331T154147_026584_02FB04_E6E8.SAFE,S1_20190331_154007_154147_VV_79,hard_negative_train
DARTIS_2019,4008,nw,no_oil_water,nw-0784-05-000038.jpg,640,640,0,S1A_IW_GRDH_1SDV_20190401T034257_20190401T034322_026591_02FB4C_C4E9.SAFE,ID_3,S1A_IW_GRDH_1SDV_20190401T034257_20190401T034322_026591_02FB4C_C4E9.SAFE,S1_20190401_034257_034437_VV_26,hard_negative_train
DARTIS_2019,4685,nw,no_oil_water,nw-1461-09-000037.jpg,640,640,0,S1A_IW_GRDH_1SDV_20190401T034257_20190401T034322_026591_02FB4C_C4E9.SAFE,ID_3,S1A_IW_GRDH_1SDV_20190401T034257_20190401T034322_026591_02FB4C_C4E9.SAFE,S1_20190401_034257_034437_VV_80,hard_negative_train
DARTIS_2019,4862,nw,no_oil_water,nw-1638-10-000046.jpg,640,640,0,S1A_IW_GRDH_1SDV_20190401T034322_20190401T034347_026591_02FB4C_1C41.SAFE,ID_3,S1A_IW_GRDH_1SDV_20190401T034322_20190401T034347_026591_02FB4C_1C41.SAFE,S1_20190401_034257_034437_VV_70,hard_negative_train
DARTIS_2019,4684,nw,no_oil_water,nw-1460-09-000036.jpg,640,640,0,S1A_IW_GRDH_1SDV_20190401T034347_20190401T034412_026591_02FB4C_C712.SAFE,ID_3,S1A_IW_GRDH_1SDV_20190401T034347_20190401T034412_026591_02FB4C_C712.SAFE,S1_20190401_034257_034437_VV_78,hard_negative_train
DARTIS_2019,3909,nw,no_oil_water,nw-0685-04-000020.jpg,640,640,0,S1A_IW_GRDH_1SDV_20190406T035142_20190406T035207_026664_02FE02_BB0A.SAFE;S1A_IW_GRDH_1SDV_20190406T035117_20190406T035142_026664_02FE02_C5A5.SAFE,ID_3,S1A_IW_GRDH_1SDV_20190406T035142_20190406T035207_026664_02FE02_BB0A.SAFE;S1A_IW_GRDH_1SDV_20190406T035117_20190406T035142_026664_02FE02_C5A5.SAFE,S1_20190406_035117_035258_VV_213,hard_negative_train
DARTIS_2019,3912,nw,no_oil_water,nw-0688-04-000023.jpg,640,640,0,S1A_IW_GRDH_1SDV_20190406T035142_20190406T035207_026664_02FE02_BB0A.SAFE;S1A_IW_GRDH_1SDV_20190406T035117_20190406T035142_026664_02FE02_C5A5.SAFE,ID_3,S1A_IW_GRDH_1SDV_20190406T035142_20190406T035207_026664_02FE02_BB0A.SAFE;S1A_IW_GRDH_1SDV_20190406T035117_20190406T035142_026664_02FE02_C5A5.SAFE,S1_20190406_035117_035258_VV_87,hard_negative_train
DARTIS_2019,4690,nw,no_oil_water,nw-1466-09-000042.jpg,640,640,0,S1A_IW_GRDH_1SDV_20190408T033454_20190408T033519_026693_02FF08_729E.SAFE,ID_3,S1A_IW_GRDH_1SDV_20190408T033454_20190408T033519_026693_02FF08_729E.SAFE,S1_20190408_033454_033634_VV_4,hard_negative_train
DARTIS_2019,4534,nw,no_oil_water,nw-1310-08-000061.jpg,640,640,0,S1A_IW_GRDH_1SDV_20190410T155752_20190410T155817_026730_030069_3C33.SAFE,ID_3,S1A_IW_GRDH_1SDV_20190410T155752_20190410T155817_026730_030069_3C33.SAFE,S1_20190410_155637_155817_VV_28,hard_negative_train
DARTIS_2019,3288,nw,no_oil_water,nw-0064-00-000064.jpg,640,640,0,S1A_IW_GRDH_1SDV_20190411T040017_20190411T040042_026737_0300A0_6CE0.SAFE,ID_3,S1A_IW_GRDH_1SDV_20190411T040017_20190411T040042_026737_0300A0_6CE0.SAFE,S1_20190411_035927_040107_VV_33,hard_negative_train
DARTIS_2019,4350,nw,no_oil_water,nw-1126-07-000048.jpg,640,640,0,S1A_IW_GRDH_1SDV_20190411T040017_20190411T040042_026737_0300A0_6CE0.SAFE,ID_3,S1A_IW_GRDH_1SDV_20190411T040017_20190411T040042_026737_0300A0_6CE0.SAFE,S1_20190411_035927_040107_VV_13,hard_negative_train
DARTIS_2019,3621,nw,no_oil_water,nw-0397-02-000054.jpg,640,640,0,S1A_IW_GRDH_1SDV_20190412T154033_20190412T154057_026759_03016C_4B54.SAFE,ID_3,S1A_IW_GRDH_1SDV_20190412T154033_20190412T154057_026759_03016C_4B54.SAFE,S1_20190412_154008_154148_VV_10,hard_negative_train
DARTIS_2019,4016,nw,no_oil_water,nw-0792-05-000046.jpg,640,640,0,S1A_IW_GRDH_1SDV_20190412T154123_20190412T154148_026759_03016C_2C5E.SAFE,ID_3,S1A_IW_GRDH_1SDV_20190412T154123_20190412T154148_026759_03016C_2C5E.SAFE,S1_20190412_154008_154148_VV_49,hard_negative_train
DARTIS_2019,4015,nw,no_oil_water,nw-0791-05-000045.jpg,640,640,0,S1A_IW_GRDH_1SDV_20190412T154123_20190412T154148_026759_03016C_2C5E.SAFE;S1A_IW_GRDH_1SDV_20190412T154058_20190412T154123_026759_03016C_594E.SAFE,ID_3,S1A_IW_GRDH_1SDV_20190412T154123_20190412T154148_026759_03016C_2C5E.SAFE;S1A_IW_GRDH_1SDV_20190412T154058_20190412T154123_026759_03016C_594E.SAFE,S1_20190412_154008_154148_VV_42,hard_negative_train
DARTIS_2019,4863,nw,no_oil_water,nw-1639-10-000047.jpg,640,640,0,S1A_IW_GRDH_1SDV_20190413T034412_20190413T034437_026766_0301B4_815C.SAFE;S1A_IW_GRDH_1SDV_20190413T034347_20190413T034412_026766_0301B4_092E.SAFE,ID_3,S1A_IW_GRDH_1SDV_20190413T034412_20190413T034437_026766_0301B4_815C.SAFE;S1A_IW_GRDH_1SDV_20190413T034347_20190413T034412_026766_0301B4_092E.SAFE,S1_20190413_034257_034437_VV_137,hard_negative_train
DARTIS_2019,5055,nw,no_oil_water,nw-1831-11-000065.jpg,640,640,0,S1A_IW_GRDH_1SDV_20190423T035953_20190423T040018_026912_0306F7_10F0.SAFE,ID_3,S1A_IW_GRDH_1SDV_20190423T035953_20190423T040018_026912_0306F7_10F0.SAFE,S1_20190423_035928_040108_VV_89,hard_negative_train
DARTIS_2019,3449,nw,no_oil_water,nw-0225-01-000053.jpg,640,640,0,S1A_IW_GRDH_1SDV_20190423T040018_20190423T040043_026912_0306F7_E21A.SAFE,ID_3,S1A_IW_GRDH_1SDV_20190423T040018_20190423T040043_026912_0306F7_E21A.SAFE,S1_20190423_035928_040108_VV_104,hard_negative_train
DARTIS_2019,4184,nw,no_oil_water,nw-0960-06-000048.jpg,640,640,0,S1A_IW_GRDH_1SDV_20190423T040018_20190423T040043_026912_0306F7_E21A.SAFE,ID_3,S1A_IW_GRDH_1SDV_20190423T040018_20190423T040043_026912_0306F7_E21A.SAFE,S1_20190423_035928_040108_VV_119,hard_negative_train
DARTIS_2019,4023,nw,no_oil_water,nw-0799-05-000053.jpg,640,640,0,S1A_IW_GRDH_1SDV_20190425T034323_20190425T034348_026941_030806_C553.SAFE,ID_3,S1A_IW_GRDH_1SDV_20190425T034323_20190425T034348_026941_030806_C553.SAFE,S1_20190425_034258_034438_VV_141,hard_negative_train
DARTIS_2019,4693,nw,no_oil_water,nw-1469-09-000045.jpg,640,640,0,S1A_IW_GRDH_1SDV_20190425T034323_20190425T034348_026941_030806_C553.SAFE,ID_3,S1A_IW_GRDH_1SDV_20190425T034323_20190425T034348_026941_030806_C553.SAFE,S1_20190425_034258_034438_VV_89,hard_negative_train
DARTIS_2019,5061,nw,no_oil_water,nw-1837-11-000071.jpg,640,640,0,S1A_IW_GRDH_1SDV_20190425T034323_20190425T034348_026941_030806_C553.SAFE,ID_3,S1A_IW_GRDH_1SDV_20190425T034323_20190425T034348_026941_030806_C553.SAFE,S1_20190425_034258_034438_VV_129,hard_negative_train
DARTIS_2019,3451,nw,no_oil_water,nw-0227-01-000055.jpg,640,640,0,S1A_IW_GRDH_1SDV_20190427T160540_20190427T160605_026978_03096D_E604.SAFE,ID_3,S1A_IW_GRDH_1SDV_20190427T160540_20190427T160605_026978_03096D_E604.SAFE,S1_20190427_160450_160630_VV_89,hard_negative_train
DARTIS_2019,3915,nw,no_oil_water,nw-0691-04-000026.jpg,640,640,0,S1A_IW_GRDH_1SDV_20190427T160540_20190427T160605_026978_03096D_E604.SAFE,ID_3,S1A_IW_GRDH_1SDV_20190427T160540_20190427T160605_026978_03096D_E604.SAFE,S1_20190427_160450_160630_VV_259,hard_negative_train
DARTIS_2019,4200,nw,no_oil_water,nw-0976-06-000064.jpg,640,640,0,S1A_IW_GRDH_1SDV_20190427T160540_20190427T160605_026978_03096D_E604.SAFE,ID_3,S1A_IW_GRDH_1SDV_20190427T160540_20190427T160605_026978_03096D_E604.SAFE,S1_20190427_160450_160630_VV_264,hard_negative_train
DARTIS_2019,5066,nw,no_oil_water,nw-1842-11-000076.jpg,640,640,0,S1A_IW_GRDH_1SDV_20190427T160540_20190427T160605_026978_03096D_E604.SAFE,ID_3,S1A_IW_GRDH_1SDV_20190427T160540_20190427T160605_026978_03096D_E604.SAFE,S1_20190427_160450_160630_VV_63,hard_negative_train
DARTIS_2019,5067,nw,no_oil_water,nw-1843-11-000077.jpg,640,640,0,S1A_IW_GRDH_1SDV_20190427T160540_20190427T160605_026978_03096D_E604.SAFE,ID_3,S1A_IW_GRDH_1SDV_20190427T160540_20190427T160605_026978_03096D_E604.SAFE,S1_20190427_160450_160630_VV_68,hard_negative_train
DARTIS_2019,3916,nw,no_oil_water,nw-0692-04-000027.jpg,640,640,0,S1A_IW_GRDH_1SDV_20190427T160605_20190427T160630_026978_03096D_3B92.SAFE,ID_3,S1A_IW_GRDH_1SDV_20190427T160605_20190427T160630_026978_03096D_3B92.SAFE,S1_20190427_160450_160630_VV_318,hard_negative_train
DARTIS_2019,4194,nw,no_oil_water,nw-0970-06-000058.jpg,640,640,0,S1A_IW_GRDH_1SDV_20190427T160605_20190427T160630_026978_03096D_3B92.SAFE,ID_3,S1A_IW_GRDH_1SDV_20190427T160605_20190427T160630_026978_03096D_3B92.SAFE,S1_20190427_160450_160630_VV_196,hard_negative_train
DARTIS_2019,4195,nw,no_oil_water,nw-0971-06-000059.jpg,640,640,0,S1A_IW_GRDH_1SDV_20190427T160605_20190427T160630_026978_03096D_3B92.SAFE,ID_3,S1A_IW_GRDH_1SDV_20190427T160605_20190427T160630_026978_03096D_3B92.SAFE,S1_20190427_160450_160630_VV_218,hard_negative_train
DARTIS_2019,5063,nw,no_oil_water,nw-1839-11-000073.jpg,640,640,0,S1A_IW_GRDH_1SDV_20190427T160605_20190427T160630_026978_03096D_3B92.SAFE,ID_3,S1A_IW_GRDH_1SDV_20190427T160605_20190427T160630_026978_03096D_3B92.SAFE,S1_20190427_160450_160630_VV_223,hard_negative_train
DARTIS_2019,3452,nw,no_oil_water,nw-0228-01-000056.jpg,640,640,0,S1A_IW_GRDH_1SDV_20190429T154837_20190429T154902_027007_030A73_8C50.SAFE,ID_3,S1A_IW_GRDH_1SDV_20190429T154837_20190429T154902_027007_030A73_8C50.SAFE,S1_20190429_154837_155017_VV_16,hard_negative_train
DARTIS_2019,3918,nw,no_oil_water,nw-0694-04-000029.jpg,640,640,0,S1A_IW_GRDH_1SDV_20190429T154902_20190429T154927_027007_030A73_CA6D.SAFE,ID_3,S1A_IW_GRDH_1SDV_20190429T154902_20190429T154927_027007_030A73_CA6D.SAFE,S1_20190429_154837_155017_VV_205,hard_negative_train
DARTIS_2019,4361,nw,no_oil_water,nw-1137-07-000059.jpg,640,640,0,S1A_IW_GRDH_1SDV_20190429T154902_20190429T154927_027007_030A73_CA6D.SAFE,ID_3,S1A_IW_GRDH_1SDV_20190429T154902_20190429T154927_027007_030A73_CA6D.SAFE,S1_20190429_154837_155017_VV_35,hard_negative_train
DARTIS_2019,3630,nw,no_oil_water,nw-0406-02-000063.jpg,640,640,0,S1A_IW_GRDH_1SDV_20190430T035143_20190430T035208_027014_030AB6_4943.SAFE,ID_3,S1A_IW_GRDH_1SDV_20190430T035143_20190430T035208_027014_030AB6_4943.SAFE,S1_20190430_035118_035259_VV_185,hard_negative_train
DARTIS_2019,3631,nw,no_oil_water,nw-0407-02-000064.jpg,640,640,0,S1A_IW_GRDH_1SDV_20190430T035143_20190430T035208_027014_030AB6_4943.SAFE,ID_3,S1A_IW_GRDH_1SDV_20190430T035143_20190430T035208_027014_030AB6_4943.SAFE,S1_20190430_035118_035259_VV_99,hard_negative_train
DARTIS_2019,3920,nw,no_oil_water,nw-0696-04-000031.jpg,640,640,0,S1A_IW_GRDH_1SDV_20190430T035143_20190430T035208_027014_030AB6_4943.SAFE,ID_3,S1A_IW_GRDH_1SDV_20190430T035143_20190430T035208_027014_030AB6_4943.SAFE,S1_20190430_035118_035259_VV_109,hard_negative_train
DARTIS_2019,4363,nw,no_oil_water,nw-1139-07-000061.jpg,640,640,0,S1A_IW_GRDH_1SDV_20190430T035143_20190430T035208_027014_030AB6_4943.SAFE,ID_3,S1A_IW_GRDH_1SDV_20190430T035143_20190430T035208_027014_030AB6_4943.SAFE,S1_20190430_035118_035259_VV_181,hard_negative_train
DARTIS_2019,5071,nw,no_oil_water,nw-1847-11-000081.jpg,640,640,0,S1A_IW_GRDH_1SDV_20190430T035143_20190430T035208_027014_030AB6_4943.SAFE,ID_3,S1A_IW_GRDH_1SDV_20190430T035143_20190430T035208_027014_030AB6_4943.SAFE,S1_20190430_035118_035259_VV_183,hard_negative_train
DARTIS_2019,4702,nw,no_oil_water,nw-1478-09-000054.jpg,640,640,0,S1A_IW_GRDH_1SDV_20190430T035143_20190430T035208_027014_030AB6_4943.SAFE;S1A_IW_GRDH_1SDV_20190430T035118_20190430T035143_027014_030AB6_614C.SAFE,ID_3,S1A_IW_GRDH_1SDV_20190430T035143_20190430T035208_027014_030AB6_4943.SAFE;S1A_IW_GRDH_1SDV_20190430T035118_20190430T035143_027014_030AB6_614C.SAFE,S1_20190430_035118_035259_VV_83,hard_negative_train
DARTIS_2019,3790,nw,no_oil_water,nw-0566-03-000063.jpg,640,640,0,S1A_IW_GRDH_1SDV_20190430T035208_20190430T035233_027014_030AB6_6298.SAFE,ID_3,S1A_IW_GRDH_1SDV_20190430T035208_20190430T035233_027014_030AB6_6298.SAFE,S1_20190430_035118_035259_VV_200,hard_negative_train
DARTIS_2019,4700,nw,no_oil_water,nw-1476-09-000052.jpg,640,640,0,S1A_IW_GRDH_1SDV_20190430T035208_20190430T035233_027014_030AB6_6298.SAFE,ID_3,S1A_IW_GRDH_1SDV_20190430T035208_20190430T035233_027014_030AB6_6298.SAFE,S1_20190430_035118_035259_VV_211,hard_negative_train
DARTIS_2019,4701,nw,no_oil_water,nw-1477-09-000053.jpg,640,640,0,S1A_IW_GRDH_1SDV_20190430T035208_20190430T035233_027014_030AB6_6298.SAFE,ID_3,S1A_IW_GRDH_1SDV_20190430T035208_20190430T035233_027014_030AB6_6298.SAFE,S1_20190430_035118_035259_VV_212,hard_negative_train
DARTIS_2019,3634,nw,no_oil_water,nw-0410-02-000067.jpg,640,640,0,S1A_IW_GRDH_1SDV_20190504T155729_20190504T155754_027080_030D1A_9163.SAFE,ID_3,S1A_IW_GRDH_1SDV_20190504T155729_20190504T155754_027080_030D1A_9163.SAFE,S1_20190504_155639_155819_VV_49,hard_negative_train
DARTIS_2019,4028,nw,no_oil_water,nw-0804-05-000058.jpg,640,640,0,S1A_IW_GRDH_1SDV_20190504T155729_20190504T155754_027080_030D1A_9163.SAFE,ID_3,S1A_IW_GRDH_1SDV_20190504T155729_20190504T155754_027080_030D1A_9163.SAFE,S1_20190504_155639_155819_VV_48,hard_negative_train
DARTIS_2019,4029,nw,no_oil_water,nw-0805-05-000059.jpg,640,640,0,S1A_IW_GRDH_1SDV_20190504T155729_20190504T155754_027080_030D1A_9163.SAFE,ID_3,S1A_IW_GRDH_1SDV_20190504T155729_20190504T155754_027080_030D1A_9163.SAFE,S1_20190504_155639_155819_VV_52,hard_negative_train
DARTIS_2019,4030,nw,no_oil_water,nw-0806-05-000060.jpg,640,640,0,S1A_IW_GRDH_1SDV_20190504T155729_20190504T155754_027080_030D1A_9163.SAFE,ID_3,S1A_IW_GRDH_1SDV_20190504T155729_20190504T155754_027080_030D1A_9163.SAFE,S1_20190504_155639_155819_VV_54,hard_negative_train
DARTIS_2019,3454,nw,no_oil_water,nw-0230-01-000058.jpg,640,640,0,S1A_IW_GRDH_1SDV_20190509T160515_20190509T160540_027153_030F91_9213.SAFE,ID_3,S1A_IW_GRDH_1SDV_20190509T160515_20190509T160540_027153_030F91_9213.SAFE,S1_20190509_160450_160630_VV_14,hard_negative_train
DARTIS_2019,4712,nw,no_oil_water,nw-1488-09-000064.jpg,640,640,0,S1A_IW_GRDH_1SDV_20190509T160515_20190509T160540_027153_030F91_9213.SAFE,ID_3,S1A_IW_GRDH_1SDV_20190509T160515_20190509T160540_027153_030F91_9213.SAFE,S1_20190509_160450_160630_VV_30,hard_negative_train
DARTIS_2019,3636,nw,no_oil_water,nw-0412-02-000069.jpg,640,640,0,S1A_IW_GRDH_1SDV_20190512T035118_20190512T035143_027189_0310AB_EEF7.SAFE,ID_3,S1A_IW_GRDH_1SDV_20190512T035118_20190512T035143_027189_0310AB_EEF7.SAFE,S1_20190512_035118_035259_VV_7,hard_negative_train
DARTIS_2019,3639,nw,no_oil_water,nw-0415-02-000072.jpg,640,640,0,S1A_IW_GRDH_1SDV_20190516T155754_20190516T155819_027255_0312B7_CA7C.SAFE,ID_3,S1A_IW_GRDH_1SDV_20190516T155754_20190516T155819_027255_0312B7_CA7C.SAFE,S1_20190516_155639_155819_VV_31,hard_negative_train
DARTIS_2019,4211,nw,no_oil_water,nw-0987-06-000075.jpg,640,640,0,S1A_IW_GRDH_1SDV_20190517T035929_20190517T035954_027262_0312E9_2AEB.SAFE,ID_3,S1A_IW_GRDH_1SDV_20190517T035929_20190517T035954_027262_0312E9_2AEB.SAFE,S1_20190517_035929_040109_VV_18,hard_negative_train
DARTIS_2019,4032,nw,no_oil_water,nw-0808-05-000062.jpg,640,640,0,S1A_IW_GRDH_1SDV_20190517T040044_20190517T040109_027262_0312E9_A2BD.SAFE;S1A_IW_GRDH_1SDV_20190517T040019_20190517T040044_027262_0312E9_FF6E.SAFE,ID_3,S1A_IW_GRDH_1SDV_20190517T040044_20190517T040109_027262_0312E9_A2BD.SAFE;S1A_IW_GRDH_1SDV_20190517T040019_20190517T040044_027262_0312E9_FF6E.SAFE,S1_20190517_035929_040109_VV_72,hard_negative_train
DARTIS_2019,3640,nw,no_oil_water,nw-0416-02-000073.jpg,640,640,0,S1A_IW_GRDH_1SDV_20190518T154059_20190518T154124_027284_03139E_2F70.SAFE,ID_3,S1A_IW_GRDH_1SDV_20190518T154059_20190518T154124_027284_03139E_2F70.SAFE,S1_20190518_154009_154149_VV_80,hard_negative_train
DARTIS_2019,4368,nw,no_oil_water,nw-1144-07-000066.jpg,640,640,0,S1A_IW_GRDH_1SDV_20190518T154059_20190518T154124_027284_03139E_2F70.SAFE,ID_3,S1A_IW_GRDH_1SDV_20190518T154059_20190518T154124_027284_03139E_2F70.SAFE,S1_20190518_154009_154149_VV_34,hard_negative_train
DARTIS_2019,4716,nw,no_oil_water,nw-1492-09-000068.jpg,640,640,0,S1A_IW_GRDH_1SDV_20190518T154059_20190518T154124_027284_03139E_2F70.SAFE,ID_3,S1A_IW_GRDH_1SDV_20190518T154059_20190518T154124_027284_03139E_2F70.SAFE,S1_20190518_154009_154149_VV_12,hard_negative_train
DARTIS_2019,4869,nw,no_oil_water,nw-1645-10-000053.jpg,640,640,0,S1A_IW_GRDH_1SDV_20190518T154059_20190518T154124_027284_03139E_2F70.SAFE,ID_3,S1A_IW_GRDH_1SDV_20190518T154059_20190518T154124_027284_03139E_2F70.SAFE,S1_20190518_154009_154149_VV_32,hard_negative_train
DARTIS_2019,3298,nw,no_oil_water,nw-0074-00-000074.jpg,640,640,0,S1A_IW_GRDH_1SDV_20190519T034259_20190519T034324_027291_0313E1_D2CA.SAFE,ID_3,S1A_IW_GRDH_1SDV_20190519T034259_20190519T034324_027291_0313E1_D2CA.SAFE,S1_20190519_034259_034439_VV_124,hard_negative_train
DARTIS_2019,3797,nw,no_oil_water,nw-0573-03-000070.jpg,640,640,0,S1A_IW_GRDH_1SDV_20190519T034259_20190519T034324_027291_0313E1_D2CA.SAFE,ID_3,S1A_IW_GRDH_1SDV_20190519T034259_20190519T034324_027291_0313E1_D2CA.SAFE,S1_20190519_034259_034439_VV_29,hard_negative_train
DARTIS_2019,4369,nw,no_oil_water,nw-1145-07-000067.jpg,640,640,0,S1A_IW_GRDH_1SDV_20190519T034259_20190519T034324_027291_0313E1_D2CA.SAFE,ID_3,S1A_IW_GRDH_1SDV_20190519T034259_20190519T034324_027291_0313E1_D2CA.SAFE,S1_20190519_034259_034439_VV_26,hard_negative_train
DARTIS_2019,3641,nw,no_oil_water,nw-0417-02-000074.jpg,640,640,0,S1A_IW_GRDH_1SDV_20190519T034324_20190519T034349_027291_0313E1_6AC9.SAFE,ID_3,S1A_IW_GRDH_1SDV_20190519T034324_20190519T034349_027291_0313E1_6AC9.SAFE,S1_20190519_034259_034439_VV_67,hard_negative_train
DARTIS_2019,4230,nw,no_oil_water,nw-1006-06-000094.jpg,640,640,0,S1A_IW_GRDH_1SDV_20190523T154838_20190523T154903_027357_0315EA_5427.SAFE,ID_3,S1A_IW_GRDH_1SDV_20190523T154838_20190523T154903_027357_0315EA_5427.SAFE,S1_20190523_154838_155018_VV_43,hard_negative_train
DARTIS_2019,4719,nw,no_oil_water,nw-1495-09-000071.jpg,640,640,0,S1A_IW_GRDH_1SDV_20190523T154903_20190523T154928_027357_0315EA_95BE.SAFE;S1A_IW_GRDH_1SDV_20190523T154838_20190523T154903_027357_0315EA_5427.SAFE,ID_3,S1A_IW_GRDH_1SDV_20190523T154903_20190523T154928_027357_0315EA_95BE.SAFE;S1A_IW_GRDH_1SDV_20190523T154838_20190523T154903_027357_0315EA_5427.SAFE,S1_20190523_154838_155018_VV_46,hard_negative_train
DARTIS_2019,3644,nw,no_oil_water,nw-0420-02-000077.jpg,640,640,0,S1A_IW_GRDH_1SDV_20190523T154928_20190523T154953_027357_0315EA_D01B.SAFE,ID_3,S1A_IW_GRDH_1SDV_20190523T154928_20190523T154953_027357_0315EA_D01B.SAFE,S1_20190523_154838_155018_VV_145,hard_negative_train
DARTIS_2019,3643,nw,no_oil_water,nw-0419-02-000076.jpg,640,640,0,S1A_IW_GRDH_1SDV_20190523T154928_20190523T154953_027357_0315EA_D01B.SAFE;S1A_IW_GRDH_1SDV_20190523T154903_20190523T154928_027357_0315EA_95BE.SAFE,ID_3,S1A_IW_GRDH_1SDV_20190523T154928_20190523T154953_027357_0315EA_D01B.SAFE;S1A_IW_GRDH_1SDV_20190523T154903_20190523T154928_027357_0315EA_95BE.SAFE,S1_20190523_154838_155018_VV_137,hard_negative_train
DARTIS_2019,4718,nw,no_oil_water,nw-1494-09-000070.jpg,640,640,0,S1A_IW_GRDH_1SDV_20190523T154953_20190523T155018_027357_0315EA_7A48.SAFE;S1A_IW_GRDH_1SDV_20190523T154928_20190523T154953_027357_0315EA_D01B.SAFE,ID_3,S1A_IW_GRDH_1SDV_20190523T154953_20190523T155018_027357_0315EA_7A48.SAFE;S1A_IW_GRDH_1SDV_20190523T154928_20190523T154953_027357_0315EA_D01B.SAFE,S1_20190523_154838_155018_VV_294,hard_negative_train
DARTIS_2019,4034,nw,no_oil_water,nw-0810-05-000064.jpg,640,640,0,S1A_IW_GRDH_1SDV_20190524T035119_20190524T035144_027364_031625_69C6.SAFE,ID_3,S1A_IW_GRDH_1SDV_20190524T035119_20190524T035144_027364_031625_69C6.SAFE,S1_20190524_035119_035300_VV_5,hard_negative_train
DARTIS_2019,3646,nw,no_oil_water,nw-0422-02-000079.jpg,640,640,0,S1A_IW_GRDH_1SDV_20190524T035144_20190524T035209_027364_031625_287A.SAFE,ID_3,S1A_IW_GRDH_1SDV_20190524T035144_20190524T035209_027364_031625_287A.SAFE,S1_20190524_035119_035300_VV_253,hard_negative_train
DARTIS_2019,3799,nw,no_oil_water,nw-0575-03-000072.jpg,640,640,0,S1A_IW_GRDH_1SDV_20190524T035144_20190524T035209_027364_031625_287A.SAFE,ID_3,S1A_IW_GRDH_1SDV_20190524T035144_20190524T035209_027364_031625_287A.SAFE,S1_20190524_035119_035300_VV_85,hard_negative_train
DARTIS_2019,4371,nw,no_oil_water,nw-1147-07-000069.jpg,640,640,0,S1A_IW_GRDH_1SDV_20190524T035144_20190524T035209_027364_031625_287A.SAFE,ID_3,S1A_IW_GRDH_1SDV_20190524T035144_20190524T035209_027364_031625_287A.SAFE,S1_20190524_035119_035300_VV_95,hard_negative_train
DARTIS_2019,4720,nw,no_oil_water,nw-1496-09-000072.jpg,640,640,0,S1A_IW_GRDH_1SDV_20190524T035144_20190524T035209_027364_031625_287A.SAFE,ID_3,S1A_IW_GRDH_1SDV_20190524T035144_20190524T035209_027364_031625_287A.SAFE,S1_20190524_035119_035300_VV_113,hard_negative_train
DARTIS_2019,4548,nw,no_oil_water,nw-1324-08-000075.jpg,640,640,0,S1A_IW_GRDH_1SDV_20190524T035144_20190524T035209_027364_031625_287A.SAFE;S1A_IW_GRDH_1SDV_20190524T035119_20190524T035144_027364_031625_69C6.SAFE,ID_3,S1A_IW_GRDH_1SDV_20190524T035144_20190524T035209_027364_031625_287A.SAFE;S1A_IW_GRDH_1SDV_20190524T035119_20190524T035144_027364_031625_69C6.SAFE,S1_20190524_035119_035300_VV_73,hard_negative_train
DARTIS_2019,4727,nw,no_oil_water,nw-1503-09-000079.jpg,640,640,0,S1A_IW_GRDH_1SDV_20190528T155755_20190528T155820_027430_03182C_A8F6.SAFE,ID_3,S1A_IW_GRDH_1SDV_20190528T155755_20190528T155820_027430_03182C_A8F6.SAFE,S1_20190528_155640_155820_VV_60,hard_negative_train
DARTIS_2019,4036,nw,no_oil_water,nw-0812-05-000066.jpg,640,640,0,S1A_IW_GRDH_1SDV_20190529T035929_20190529T035954_027437_031860_5BEE.SAFE,ID_3,S1A_IW_GRDH_1SDV_20190529T035929_20190529T035954_027437_031860_5BEE.SAFE,S1_20190529_035929_040109_VV_15,hard_negative_train
DARTIS_2019,4375,nw,no_oil_water,nw-1151-07-000073.jpg,640,640,0,S1A_IW_GRDH_1SDV_20190529T035929_20190529T035954_027437_031860_5BEE.SAFE,ID_3,S1A_IW_GRDH_1SDV_20190529T035929_20190529T035954_027437_031860_5BEE.SAFE,S1_20190529_035929_040109_VV_13,hard_negative_train
DARTIS_2019,4728,nw,no_oil_water,nw-1504-09-000080.jpg,640,640,0,S1A_IW_GRDH_1SDV_20190529T035929_20190529T035954_027437_031860_5BEE.SAFE,ID_3,S1A_IW_GRDH_1SDV_20190529T035929_20190529T035954_027437_031860_5BEE.SAFE,S1_20190529_035929_040109_VV_14,hard_negative_train
DARTIS_2019,3649,nw,no_oil_water,nw-0425-02-000082.jpg,640,640,0,S1A_IW_GRDH_1SDV_20190529T035954_20190529T040019_027437_031860_E8F6.SAFE,ID_3,S1A_IW_GRDH_1SDV_20190529T035954_20190529T040019_027437_031860_E8F6.SAFE,S1_20190529_035929_040109_VV_33,hard_negative_train
DARTIS_2019,4240,nw,no_oil_water,nw-1016-06-000104.jpg,640,640,0,S1A_IW_GRDH_1SDV_20190529T035954_20190529T040019_027437_031860_E8F6.SAFE,ID_3,S1A_IW_GRDH_1SDV_20190529T035954_20190529T040019_027437_031860_E8F6.SAFE,S1_20190529_035929_040109_VV_151,hard_negative_train
DARTIS_2019,4241,nw,no_oil_water,nw-1017-06-000105.jpg,640,640,0,S1A_IW_GRDH_1SDV_20190529T035954_20190529T040019_027437_031860_E8F6.SAFE,ID_3,S1A_IW_GRDH_1SDV_20190529T035954_20190529T040019_027437_031860_E8F6.SAFE,S1_20190529_035929_040109_VV_161,hard_negative_train
DARTIS_2019,5095,nw,no_oil_water,nw-1871-11-000105.jpg,640,640,0,S1A_IW_GRDH_1SDV_20190529T035954_20190529T040019_027437_031860_E8F6.SAFE,ID_3,S1A_IW_GRDH_1SDV_20190529T035954_20190529T040019_027437_031860_E8F6.SAFE,S1_20190529_035929_040109_VV_30,hard_negative_train
DARTIS_2019,4242,nw,no_oil_water,nw-1018-06-000106.jpg,640,640,0,S1A_IW_GRDH_1SDV_20190529T040019_20190529T040044_027437_031860_421A.SAFE;S1A_IW_GRDH_1SDV_20190529T035954_20190529T040019_027437_031860_E8F6.SAFE,ID_3,S1A_IW_GRDH_1SDV_20190529T040019_20190529T040044_027437_031860_421A.SAFE;S1A_IW_GRDH_1SDV_20190529T035954_20190529T040019_027437_031860_E8F6.SAFE,S1_20190529_035929_040109_VV_41,hard_negative_train
DARTIS_2019,5096,nw,no_oil_water,nw-1872-11-000106.jpg,640,640,0,S1A_IW_GRDH_1SDV_20190529T040019_20190529T040044_027437_031860_421A.SAFE;S1A_IW_GRDH_1SDV_20190529T035954_20190529T040019_027437_031860_E8F6.SAFE,ID_3,S1A_IW_GRDH_1SDV_20190529T040019_20190529T040044_027437_031860_421A.SAFE;S1A_IW_GRDH_1SDV_20190529T035954_20190529T040019_027437_031860_E8F6.SAFE,S1_20190529_035929_040109_VV_36,hard_negative_train
DARTIS_2019,4374,nw,no_oil_water,nw-1150-07-000072.jpg,640,640,0,S1A_IW_GRDH_1SDV_20190529T040044_20190529T040109_027437_031860_7B6B.SAFE,ID_3,S1A_IW_GRDH_1SDV_20190529T040044_20190529T040109_027437_031860_7B6B.SAFE,S1_20190529_035929_040109_VV_123,hard_negative_train
DARTIS_2019,3802,nw,no_oil_water,nw-0578-03-000075.jpg,640,640,0,S1A_IW_GRDH_1SDV_20190529T040044_20190529T040109_027437_031860_7B6B.SAFE;S1A_IW_GRDH_1SDV_20190529T040019_20190529T040044_027437_031860_421A.SAFE,ID_3,S1A_IW_GRDH_1SDV_20190529T040044_20190529T040109_027437_031860_7B6B.SAFE;S1A_IW_GRDH_1SDV_20190529T040019_20190529T040044_027437_031860_421A.SAFE,S1_20190529_035929_040109_VV_196,hard_negative_train
DARTIS_2019,4743,nw,no_oil_water,nw-1519-09-000095.jpg,640,640,0,S1A_IW_GRDH_1SDV_20190531T034350_20190531T034415_027466_031954_419E.SAFE,ID_3,S1A_IW_GRDH_1SDV_20190531T034350_20190531T034415_027466_031954_419E.SAFE,S1_20190531_034300_034440_VV_182,hard_negative_train
DARTIS_2019,4742,nw,no_oil_water,nw-1518-09-000094.jpg,640,640,0,S1A_IW_GRDH_1SDV_20190531T034350_20190531T034415_027466_031954_419E.SAFE;S1A_IW_GRDH_1SDV_20190531T034325_20190531T034350_027466_031954_4726.SAFE,ID_3,S1A_IW_GRDH_1SDV_20190531T034350_20190531T034415_027466_031954_419E.SAFE;S1A_IW_GRDH_1SDV_20190531T034325_20190531T034350_027466_031954_4726.SAFE,S1_20190531_034300_034440_VV_176,hard_negative_train
DARTIS_2019,4745,nw,no_oil_water,nw-1521-09-000097.jpg,640,640,0,S1A_IW_GRDH_1SDV_20190531T034350_20190531T034415_027466_031954_419E.SAFE;S1A_IW_GRDH_1SDV_20190531T034325_20190531T034350_027466_031954_4726.SAFE,ID_3,S1A_IW_GRDH_1SDV_20190531T034350_20190531T034415_027466_031954_419E.SAFE;S1A_IW_GRDH_1SDV_20190531T034325_20190531T034350_027466_031954_4726.SAFE,S1_20190531_034300_034440_VV_246,hard_negative_train
DARTIS_2019,3457,nw,no_oil_water,nw-0233-01-000061.jpg,640,640,0,S1A_IW_GRDH_1SDV_20190604T154928_20190604T154953_027532_031B5A_1FA3.SAFE,ID_3,S1A_IW_GRDH_1SDV_20190604T154928_20190604T154953_027532_031B5A_1FA3.SAFE,S1_20190604_154838_155018_VV_76,hard_negative_train
DARTIS_2019,3655,nw,no_oil_water,nw-0431-02-000088.jpg,640,640,0,S1A_IW_GRDH_1SDV_20190604T154928_20190604T154953_027532_031B5A_1FA3.SAFE,ID_3,S1A_IW_GRDH_1SDV_20190604T154928_20190604T154953_027532_031B5A_1FA3.SAFE,S1_20190604_154838_155018_VV_24,hard_negative_train
DARTIS_2019,4746,nw,no_oil_water,nw-1522-09-000098.jpg,640,640,0,S1A_IW_GRDH_1SDV_20190604T154928_20190604T154953_027532_031B5A_1FA3.SAFE,ID_3,S1A_IW_GRDH_1SDV_20190604T154928_20190604T154953_027532_031B5A_1FA3.SAFE,S1_20190604_154838_155018_VV_25,hard_negative_train
DARTIS_2019,4747,nw,no_oil_water,nw-1523-09-000099.jpg,640,640,0,S1A_IW_GRDH_1SDV_20190604T154928_20190604T154953_027532_031B5A_1FA3.SAFE,ID_3,S1A_IW_GRDH_1SDV_20190604T154928_20190604T154953_027532_031B5A_1FA3.SAFE,S1_20190604_154838_155018_VV_33,hard_negative_train
DARTIS_2019,4377,nw,no_oil_water,nw-1153-07-000075.jpg,640,640,0,S1A_IW_GRDH_1SDV_20190605T035119_20190605T035144_027539_031B8E_1D5C.SAFE,ID_3,S1A_IW_GRDH_1SDV_20190605T035119_20190605T035144_027539_031B8E_1D5C.SAFE,S1_20190605_035119_035301_VV_47,hard_negative_train
DARTIS_2019,3299,nw,no_oil_water,nw-0075-00-000075.jpg,640,640,0,S1A_IW_GRDH_1SDV_20190609T155755_20190609T155820_027605_031D91_0B06.SAFE,ID_3,S1A_IW_GRDH_1SDV_20190609T155755_20190609T155820_027605_031D91_0B06.SAFE,S1_20190609_155640_155820_VV_140,hard_negative_train
DARTIS_2019,4039,nw,no_oil_water,nw-0815-05-000069.jpg,640,640,0,S1A_IW_GRDH_1SDV_20190609T155755_20190609T155820_027605_031D91_0B06.SAFE,ID_3,S1A_IW_GRDH_1SDV_20190609T155755_20190609T155820_027605_031D91_0B06.SAFE,S1_20190609_155640_155820_VV_184,hard_negative_train
DARTIS_2019,4748,nw,no_oil_water,nw-1524-09-000100.jpg,640,640,0,S1A_IW_GRDH_1SDV_20190609T155755_20190609T155820_027605_031D91_0B06.SAFE,ID_3,S1A_IW_GRDH_1SDV_20190609T155755_20190609T155820_027605_031D91_0B06.SAFE,S1_20190609_155640_155820_VV_125,hard_negative_train
DARTIS_2019,5104,nw,no_oil_water,nw-1880-11-000114.jpg,640,640,0,S1A_IW_GRDH_1SDV_20190609T155755_20190609T155820_027605_031D91_0B06.SAFE,ID_3,S1A_IW_GRDH_1SDV_20190609T155755_20190609T155820_027605_031D91_0B06.SAFE,S1_20190609_155640_155820_VV_110,hard_negative_train
DARTIS_2019,5105,nw,no_oil_water,nw-1881-11-000115.jpg,640,640,0,S1A_IW_GRDH_1SDV_20190609T155755_20190609T155820_027605_031D91_0B06.SAFE,ID_3,S1A_IW_GRDH_1SDV_20190609T155755_20190609T155820_027605_031D91_0B06.SAFE,S1_20190609_155640_155820_VV_145,hard_negative_train
DARTIS_2019,4248,nw,no_oil_water,nw-1024-06-000112.jpg,640,640,0,S1A_IW_GRDH_1SDV_20190610T035930_20190610T035955_027612_031DBE_CF47.SAFE,ID_3,S1A_IW_GRDH_1SDV_20190610T035930_20190610T035955_027612_031DBE_CF47.SAFE,S1_20190610_035930_040110_VV_169,hard_negative_train
DARTIS_2019,4249,nw,no_oil_water,nw-1025-06-000113.jpg,640,640,0,S1A_IW_GRDH_1SDV_20190610T035930_20190610T035955_027612_031DBE_CF47.SAFE,ID_3,S1A_IW_GRDH_1SDV_20190610T035930_20190610T035955_027612_031DBE_CF47.SAFE,S1_20190610_035930_040110_VV_170,hard_negative_train
DARTIS_2019,4380,nw,no_oil_water,nw-1156-07-000078.jpg,640,640,0,S1A_IW_GRDH_1SDV_20190610T035930_20190610T035955_027612_031DBE_CF47.SAFE,ID_3,S1A_IW_GRDH_1SDV_20190610T035930_20190610T035955_027612_031DBE_CF47.SAFE,S1_20190610_035930_040110_VV_158,hard_negative_train
DARTIS_2019,4749,nw,no_oil_water,nw-1525-09-000101.jpg,640,640,0,S1A_IW_GRDH_1SDV_20190610T035930_20190610T035955_027612_031DBE_CF47.SAFE,ID_3,S1A_IW_GRDH_1SDV_20190610T035930_20190610T035955_027612_031DBE_CF47.SAFE,S1_20190610_035930_040110_VV_56,hard_negative_train
DARTIS_2019,4247,nw,no_oil_water,nw-1023-06-000111.jpg,640,640,0,S1A_IW_GRDH_1SDV_20190610T040020_20190610T040045_027612_031DBE_747E.SAFE,ID_3,S1A_IW_GRDH_1SDV_20190610T040020_20190610T040045_027612_031DBE_747E.SAFE,S1_20190610_035930_040110_VV_129,hard_negative_train
DARTIS_2019,4250,nw,no_oil_water,nw-1026-06-000114.jpg,640,640,0,S1A_IW_GRDH_1SDV_20190611T154100_20190611T154125_027634_031E6E_FE68.SAFE,ID_3,S1A_IW_GRDH_1SDV_20190611T154100_20190611T154125_027634_031E6E_FE68.SAFE,S1_20190611_154010_154150_VV_73,hard_negative_train
DARTIS_2019,3459,nw,no_oil_water,nw-0235-01-000063.jpg,640,640,0,S1A_IW_GRDH_1SDV_20190611T154125_20190611T154150_027634_031E6E_BCB3.SAFE,ID_3,S1A_IW_GRDH_1SDV_20190611T154125_20190611T154150_027634_031E6E_BCB3.SAFE,S1_20190611_154010_154150_VV_54,hard_negative_train
DARTIS_2019,3460,nw,no_oil_water,nw-0236-01-000064.jpg,640,640,0,S1A_IW_GRDH_1SDV_20190611T154125_20190611T154150_027634_031E6E_BCB3.SAFE,ID_3,S1A_IW_GRDH_1SDV_20190611T154125_20190611T154150_027634_031E6E_BCB3.SAFE,S1_20190611_154010_154150_VV_90,hard_negative_train
DARTIS_2019,4383,nw,no_oil_water,nw-1159-07-000081.jpg,640,640,0,S1A_IW_GRDH_1SDV_20190611T154125_20190611T154150_027634_031E6E_BCB3.SAFE,ID_3,S1A_IW_GRDH_1SDV_20190611T154125_20190611T154150_027634_031E6E_BCB3.SAFE,S1_20190611_154010_154150_VV_31,hard_negative_train
DARTIS_2019,4384,nw,no_oil_water,nw-1160-07-000082.jpg,640,640,0,S1A_IW_GRDH_1SDV_20190611T154125_20190611T154150_027634_031E6E_BCB3.SAFE,ID_3,S1A_IW_GRDH_1SDV_20190611T154125_20190611T154150_027634_031E6E_BCB3.SAFE,S1_20190611_154010_154150_VV_85,hard_negative_train
DARTIS_2019,4879,nw,no_oil_water,nw-1655-10-000063.jpg,640,640,0,S1A_IW_GRDH_1SDV_20190611T154125_20190611T154150_027634_031E6E_BCB3.SAFE,ID_3,S1A_IW_GRDH_1SDV_20190611T154125_20190611T154150_027634_031E6E_BCB3.SAFE,S1_20190611_154010_154150_VV_35,hard_negative_train
DARTIS_2019,3305,nw,no_oil_water,nw-0081-00-000081.jpg,640,640,0,S1A_IW_GRDH_1SDV_20190612T034325_20190612T034350_027641_031EA9_55D4.SAFE,ID_3,S1A_IW_GRDH_1SDV_20190612T034325_20190612T034350_027641_031EA9_55D4.SAFE,S1_20190612_034300_034440_VV_83,hard_negative_train
DARTIS_2019,4880,nw,no_oil_water,nw-1656-10-000064.jpg,640,640,0,S1A_IW_GRDH_1SDV_20190612T034325_20190612T034350_027641_031EA9_55D4.SAFE,ID_3,S1A_IW_GRDH_1SDV_20190612T034325_20190612T034350_027641_031EA9_55D4.SAFE,S1_20190612_034300_034440_VV_100,hard_negative_train
DARTIS_2019,4881,nw,no_oil_water,nw-1657-10-000065.jpg,640,640,0,S1A_IW_GRDH_1SDV_20190612T034325_20190612T034350_027641_031EA9_55D4.SAFE,ID_3,S1A_IW_GRDH_1SDV_20190612T034325_20190612T034350_027641_031EA9_55D4.SAFE,S1_20190612_034300_034440_VV_108,hard_negative_train
DARTIS_2019,4882,nw,no_oil_water,nw-1658-10-000066.jpg,640,640,0,S1A_IW_GRDH_1SDV_20190612T034325_20190612T034350_027641_031EA9_55D4.SAFE,ID_3,S1A_IW_GRDH_1SDV_20190612T034325_20190612T034350_027641_031EA9_55D4.SAFE,S1_20190612_034300_034440_VV_127,hard_negative_train
DARTIS_2019,5107,nw,no_oil_water,nw-1883-11-000117.jpg,640,640,0,S1A_IW_GRDH_1SDV_20190612T034325_20190612T034350_027641_031EA9_55D4.SAFE,ID_3,S1A_IW_GRDH_1SDV_20190612T034325_20190612T034350_027641_031EA9_55D4.SAFE,S1_20190612_034300_034440_VV_90,hard_negative_train
DARTIS_2019,4385,nw,no_oil_water,nw-1161-07-000083.jpg,640,640,0,S1A_IW_GRDH_1SDV_20190612T034325_20190612T034350_027641_031EA9_55D4.SAFE;S1A_IW_GRDH_1SDV_20190612T034300_20190612T034325_027641_031EA9_7D1B.SAFE,ID_3,S1A_IW_GRDH_1SDV_20190612T034325_20190612T034350_027641_031EA9_55D4.SAFE;S1A_IW_GRDH_1SDV_20190612T034300_20190612T034325_027641_031EA9_7D1B.SAFE,S1_20190612_034300_034440_VV_167,hard_negative_train
DARTIS_2019,4751,nw,no_oil_water,nw-1527-09-000103.jpg,640,640,0,S1A_IW_GRDH_1SDV_20190614T160607_20190614T160632_027678_031FC6_8FCE.SAFE,ID_3,S1A_IW_GRDH_1SDV_20190614T160607_20190614T160632_027678_031FC6_8FCE.SAFE,S1_20190614_160452_160632_VV_28,hard_negative_train
DARTIS_2019,4752,nw,no_oil_water,nw-1528-09-000104.jpg,640,640,0,S1A_IW_GRDH_1SDV_20190614T160607_20190614T160632_027678_031FC6_8FCE.SAFE,ID_3,S1A_IW_GRDH_1SDV_20190614T160607_20190614T160632_027678_031FC6_8FCE.SAFE,S1_20190614_160452_160632_VV_5,hard_negative_train
DARTIS_2019,4390,nw,no_oil_water,nw-1166-07-000088.jpg,640,640,0,S1A_IW_GRDH_1SDV_20190616T154929_20190616T154954_027707_0320A3_F570.SAFE,ID_3,S1A_IW_GRDH_1SDV_20190616T154929_20190616T154954_027707_0320A3_F570.SAFE,S1_20190616_154839_155019_VV_15,hard_negative_train
DARTIS_2019,4884,nw,no_oil_water,nw-1660-10-000068.jpg,640,640,0,S1A_IW_GRDH_1SDV_20190616T154929_20190616T154954_027707_0320A3_F570.SAFE,ID_3,S1A_IW_GRDH_1SDV_20190616T154929_20190616T154954_027707_0320A3_F570.SAFE,S1_20190616_154839_155019_VV_22,hard_negative_train
DARTIS_2019,4885,nw,no_oil_water,nw-1661-10-000069.jpg,640,640,0,S1A_IW_GRDH_1SDV_20190616T154929_20190616T154954_027707_0320A3_F570.SAFE,ID_3,S1A_IW_GRDH_1SDV_20190616T154929_20190616T154954_027707_0320A3_F570.SAFE,S1_20190616_154839_155019_VV_32,hard_negative_train
DARTIS_2019,5108,nw,no_oil_water,nw-1884-11-000118.jpg,640,640,0,S1A_IW_GRDH_1SDV_20190616T154929_20190616T154954_027707_0320A3_F570.SAFE,ID_3,S1A_IW_GRDH_1SDV_20190616T154929_20190616T154954_027707_0320A3_F570.SAFE,S1_20190616_154839_155019_VV_5,hard_negative_train
DARTIS_2019,5109,nw,no_oil_water,nw-1885-11-000119.jpg,640,640,0,S1A_IW_GRDH_1SDV_20190616T154929_20190616T154954_027707_0320A3_F570.SAFE,ID_3,S1A_IW_GRDH_1SDV_20190616T154929_20190616T154954_027707_0320A3_F570.SAFE,S1_20190616_154839_155019_VV_6,hard_negative_train
DARTIS_2019,3465,nw,no_oil_water,nw-0241-01-000069.jpg,640,640,0,S1A_IW_GRDH_1SDV_20190616T154954_20190616T155019_027707_0320A3_41EC.SAFE,ID_3,S1A_IW_GRDH_1SDV_20190616T154954_20190616T155019_027707_0320A3_41EC.SAFE,S1_20190616_154839_155019_VV_77,hard_negative_train
DARTIS_2019,5110,nw,no_oil_water,nw-1886-11-000120.jpg,640,640,0,S1A_IW_GRDH_1SDV_20190616T154954_20190616T155019_027707_0320A3_41EC.SAFE,ID_3,S1A_IW_GRDH_1SDV_20190616T154954_20190616T155019_027707_0320A3_41EC.SAFE,S1_20190616_154839_155019_VV_75,hard_negative_train
DARTIS_2019,5111,nw,no_oil_water,nw-1887-11-000121.jpg,640,640,0,S1A_IW_GRDH_1SDV_20190616T154954_20190616T155019_027707_0320A3_41EC.SAFE,ID_3,S1A_IW_GRDH_1SDV_20190616T154954_20190616T155019_027707_0320A3_41EC.SAFE,S1_20190616_154839_155019_VV_96,hard_negative_train
DARTIS_2019,4886,nw,no_oil_water,nw-1662-10-000070.jpg,640,640,0,S1A_IW_GRDH_1SDV_20190616T154954_20190616T155019_027707_0320A3_41EC.SAFE;S1A_IW_GRDH_1SDV_20190616T154929_20190616T154954_027707_0320A3_F570.SAFE,ID_3,S1A_IW_GRDH_1SDV_20190616T154954_20190616T155019_027707_0320A3_41EC.SAFE;S1A_IW_GRDH_1SDV_20190616T154929_20190616T154954_027707_0320A3_F570.SAFE,S1_20190616_154839_155019_VV_38,hard_negative_train
DARTIS_2019,3662,nw,no_oil_water,nw-0438-02-000095.jpg,640,640,0,S1A_IW_GRDH_1SDV_20190622T035930_20190622T035955_027787_0322FB_55D3.SAFE,ID_3,S1A_IW_GRDH_1SDV_20190622T035930_20190622T035955_027787_0322FB_55D3.SAFE,S1_20190622_035930_040110_VV_33,hard_negative_train
DARTIS_2019,4252,nw,no_oil_water,nw-1028-06-000116.jpg,640,640,0,S1A_IW_GRDH_1SDV_20190622T035930_20190622T035955_027787_0322FB_55D3.SAFE,ID_3,S1A_IW_GRDH_1SDV_20190622T035930_20190622T035955_027787_0322FB_55D3.SAFE,S1_20190622_035930_040110_VV_27,hard_negative_train
DARTIS_2019,5114,nw,no_oil_water,nw-1890-11-000124.jpg,640,640,0,S1A_IW_GRDH_1SDV_20190622T035930_20190622T035955_027787_0322FB_55D3.SAFE,ID_3,S1A_IW_GRDH_1SDV_20190622T035930_20190622T035955_027787_0322FB_55D3.SAFE,S1_20190622_035930_040110_VV_71,hard_negative_train
DARTIS_2019,3663,nw,no_oil_water,nw-0439-02-000096.jpg,640,640,0,S1A_IW_GRDH_1SDV_20190622T035955_20190622T040020_027787_0322FB_5391.SAFE,ID_3,S1A_IW_GRDH_1SDV_20190622T035955_20190622T040020_027787_0322FB_5391.SAFE,S1_20190622_035930_040110_VV_64,hard_negative_train
DARTIS_2019,4253,nw,no_oil_water,nw-1029-06-000117.jpg,640,640,0,S1A_IW_GRDH_1SDV_20190622T035955_20190622T040020_027787_0322FB_5391.SAFE,ID_3,S1A_IW_GRDH_1SDV_20190622T035955_20190622T040020_027787_0322FB_5391.SAFE,S1_20190622_035930_040110_VV_97,hard_negative_train
DARTIS_2019,3311,nw,no_oil_water,nw-0087-00-000087.jpg,640,640,0,S1A_IW_GRDH_1SDV_20190623T154126_20190623T154151_027809_0323A6_DF6C.SAFE,ID_3,S1A_IW_GRDH_1SDV_20190623T154126_20190623T154151_027809_0323A6_DF6C.SAFE,S1_20190623_154011_154151_VV_75,hard_negative_train
DARTIS_2019,4255,nw,no_oil_water,nw-1031-06-000119.jpg,640,640,0,S1A_IW_GRDH_1SDV_20190623T154126_20190623T154151_027809_0323A6_DF6C.SAFE,ID_3,S1A_IW_GRDH_1SDV_20190623T154126_20190623T154151_027809_0323A6_DF6C.SAFE,S1_20190623_154011_154151_VV_125,hard_negative_train
DARTIS_2019,4256,nw,no_oil_water,nw-1032-06-000120.jpg,640,640,0,S1A_IW_GRDH_1SDV_20190623T154126_20190623T154151_027809_0323A6_DF6C.SAFE,ID_3,S1A_IW_GRDH_1SDV_20190623T154126_20190623T154151_027809_0323A6_DF6C.SAFE,S1_20190623_154011_154151_VV_86,hard_negative_train
DARTIS_2019,4046,nw,no_oil_water,nw-0822-05-000076.jpg,640,640,0,S1A_IW_GRDH_1SDV_20190623T154126_20190623T154151_027809_0323A6_DF6C.SAFE;S1A_IW_GRDH_1SDV_20190623T154101_20190623T154126_027809_0323A6_698E.SAFE,ID_3,S1A_IW_GRDH_1SDV_20190623T154126_20190623T154151_027809_0323A6_DF6C.SAFE;S1A_IW_GRDH_1SDV_20190623T154101_20190623T154126_027809_0323A6_698E.SAFE,S1_20190623_154011_154151_VV_29,hard_negative_train
DARTIS_2019,3666,nw,no_oil_water,nw-0442-02-000099.jpg,640,640,0,S1A_IW_GRDH_1SDV_20190624T034301_20190624T034326_027816_0323DB_4474.SAFE,ID_3,S1A_IW_GRDH_1SDV_20190624T034301_20190624T034326_027816_0323DB_4474.SAFE,S1_20190624_034301_034441_VV_190,hard_negative_train
DARTIS_2019,3816,nw,no_oil_water,nw-0592-03-000089.jpg,640,640,0,S1A_IW_GRDH_1SDV_20190624T034301_20190624T034326_027816_0323DB_4474.SAFE,ID_3,S1A_IW_GRDH_1SDV_20190624T034301_20190624T034326_027816_0323DB_4474.SAFE,S1_20190624_034301_034441_VV_67,hard_negative_train
DARTIS_2019,4047,nw,no_oil_water,nw-0823-05-000077.jpg,640,640,0,S1A_IW_GRDH_1SDV_20190624T034301_20190624T034326_027816_0323DB_4474.SAFE,ID_3,S1A_IW_GRDH_1SDV_20190624T034301_20190624T034326_027816_0323DB_4474.SAFE,S1_20190624_034301_034441_VV_88,hard_negative_train
DARTIS_2019,4558,nw,no_oil_water,nw-1334-08-000085.jpg,640,640,0,S1A_IW_GRDH_1SDV_20190624T034301_20190624T034326_027816_0323DB_4474.SAFE,ID_3,S1A_IW_GRDH_1SDV_20190624T034301_20190624T034326_027816_0323DB_4474.SAFE,S1_20190624_034301_034441_VV_195,hard_negative_train
DARTIS_2019,4755,nw,no_oil_water,nw-1531-09-000107.jpg,640,640,0,S1A_IW_GRDH_1SDV_20190624T034301_20190624T034326_027816_0323DB_4474.SAFE,ID_3,S1A_IW_GRDH_1SDV_20190624T034301_20190624T034326_027816_0323DB_4474.SAFE,S1_20190624_034301_034441_VV_63,hard_negative_train
DARTIS_2019,5115,nw,no_oil_water,nw-1891-11-000125.jpg,640,640,0,S1A_IW_GRDH_1SDV_20190624T034301_20190624T034326_027816_0323DB_4474.SAFE,ID_3,S1A_IW_GRDH_1SDV_20190624T034301_20190624T034326_027816_0323DB_4474.SAFE,S1_20190624_034301_034441_VV_91,hard_negative_train
DARTIS_2019,3667,nw,no_oil_water,nw-0443-02-000100.jpg,640,640,0,S1A_IW_GRDH_1SDV_20190624T034326_20190624T034351_027816_0323DB_A72A.SAFE,ID_3,S1A_IW_GRDH_1SDV_20190624T034326_20190624T034351_027816_0323DB_A72A.SAFE,S1_20190624_034301_034441_VV_209,hard_negative_train
DARTIS_2019,3814,nw,no_oil_water,nw-0590-03-000087.jpg,640,640,0,S1A_IW_GRDH_1SDV_20190624T034326_20190624T034351_027816_0323DB_A72A.SAFE,ID_3,S1A_IW_GRDH_1SDV_20190624T034326_20190624T034351_027816_0323DB_A72A.SAFE,S1_20190624_034301_034441_VV_110,hard_negative_train
DARTIS_2019,3815,nw,no_oil_water,nw-0591-03-000088.jpg,640,640,0,S1A_IW_GRDH_1SDV_20190624T034326_20190624T034351_027816_0323DB_A72A.SAFE,ID_3,S1A_IW_GRDH_1SDV_20190624T034326_20190624T034351_027816_0323DB_A72A.SAFE,S1_20190624_034301_034441_VV_120,hard_negative_train
DARTIS_2019,3312,nw,no_oil_water,nw-0088-00-000088.jpg,640,640,0,S1A_IW_GRDH_1SDV_20190624T034351_20190624T034416_027816_0323DB_253E.SAFE,ID_3,S1A_IW_GRDH_1SDV_20190624T034351_20190624T034416_027816_0323DB_253E.SAFE,S1_20190624_034301_034441_VV_152,hard_negative_train
DARTIS_2019,5116,nw,no_oil_water,nw-1892-11-000126.jpg,640,640,0,S1A_IW_GRDH_1SDV_20190626T160542_20190626T160607_027853_032501_B03A.SAFE,ID_3,S1A_IW_GRDH_1SDV_20190626T160542_20190626T160607_027853_032501_B03A.SAFE,S1_20190626_160452_160632_VV_26,hard_negative_train
DARTIS_2019,3932,nw,no_oil_water,nw-0708-04-000043.jpg,640,640,0,S1A_IW_GRDH_1SDV_20190626T160607_20190626T160632_027853_032501_C521.SAFE,ID_3,S1A_IW_GRDH_1SDV_20190626T160607_20190626T160632_027853_032501_C521.SAFE,S1_20190626_160452_160632_VV_50,hard_negative_train
DARTIS_2019,4257,nw,no_oil_water,nw-1033-06-000121.jpg,640,640,0,S1A_IW_GRDH_1SDV_20190701T033458_20190701T033523_027918_0326E9_C8FD.SAFE,ID_3,S1A_IW_GRDH_1SDV_20190701T033458_20190701T033523_027918_0326E9_C8FD.SAFE,S1_20190701_033458_033638_VV_19,hard_negative_train
DARTIS_2019,4049,nw,no_oil_water,nw-0825-05-000079.jpg,640,640,0,S1A_IW_GRDH_1SDV_20190704T040021_20190704T040046_027962_032842_407B.SAFE,ID_3,S1A_IW_GRDH_1SDV_20190704T040021_20190704T040046_027962_032842_407B.SAFE,S1_20190704_035931_040111_VV_98,hard_negative_train
DARTIS_2019,4756,nw,no_oil_water,nw-1532-09-000108.jpg,640,640,0,S1A_IW_GRDH_1SDV_20190704T040046_20190704T040111_027962_032842_2F14.SAFE,ID_3,S1A_IW_GRDH_1SDV_20190704T040046_20190704T040111_027962_032842_2F14.SAFE,S1_20190704_035931_040111_VV_80,hard_negative_train
DARTIS_2019,4050,nw,no_oil_water,nw-0826-05-000080.jpg,640,640,0,S1A_IW_GRDH_1SDV_20190705T154102_20190705T154127_027984_0328EF_8C32.SAFE,ID_3,S1A_IW_GRDH_1SDV_20190705T154102_20190705T154127_027984_0328EF_8C32.SAFE,S1_20190705_154012_154152_VV_18,hard_negative_train
DARTIS_2019,3934,nw,no_oil_water,nw-0710-04-000045.jpg,640,640,0,S1A_IW_GRDH_1SDV_20190710T154955_20190710T155020_028057_032B2E_84B8.SAFE,ID_3,S1A_IW_GRDH_1SDV_20190710T154955_20190710T155020_028057_032B2E_84B8.SAFE,S1_20190710_154840_155020_VV_55,hard_negative_train
DARTIS_2019,4054,nw,no_oil_water,nw-0830-05-000084.jpg,640,640,0,S1A_IW_GRDH_1SDV_20190710T154955_20190710T155020_028057_032B2E_84B8.SAFE,ID_3,S1A_IW_GRDH_1SDV_20190710T154955_20190710T155020_028057_032B2E_84B8.SAFE,S1_20190710_154840_155020_VV_31,hard_negative_train
DARTIS_2019,3313,nw,no_oil_water,nw-0089-00-000089.jpg,640,640,0,S1A_IW_GRDH_1SDV_20190716T040022_20190716T040047_028137_032D90_2975.SAFE,ID_3,S1A_IW_GRDH_1SDV_20190716T040022_20190716T040047_028137_032D90_2975.SAFE,S1_20190716_035932_040112_VV_46,hard_negative_train
DARTIS_2019,3314,nw,no_oil_water,nw-0090-00-000090.jpg,640,640,0,S1A_IW_GRDH_1SDV_20190716T040022_20190716T040047_028137_032D90_2975.SAFE,ID_3,S1A_IW_GRDH_1SDV_20190716T040022_20190716T040047_028137_032D90_2975.SAFE,S1_20190716_035932_040112_VV_58,hard_negative_train
DARTIS_2019,3472,nw,no_oil_water,nw-0248-01-000076.jpg,640,640,0,S1A_IW_GRDH_1SDV_20190716T040022_20190716T040047_028137_032D90_2975.SAFE,ID_3,S1A_IW_GRDH_1SDV_20190716T040022_20190716T040047_028137_032D90_2975.SAFE,S1_20190716_035932_040112_VV_103,hard_negative_train
DARTIS_2019,4058,nw,no_oil_water,nw-0834-05-000088.jpg,640,640,0,S1A_IW_GRDH_1SDV_20190716T040022_20190716T040047_028137_032D90_2975.SAFE,ID_3,S1A_IW_GRDH_1SDV_20190716T040022_20190716T040047_028137_032D90_2975.SAFE,S1_20190716_035932_040112_VV_105,hard_negative_train
DARTIS_2019,4894,nw,no_oil_water,nw-1670-10-000078.jpg,640,640,0,S1A_IW_GRDH_1SDV_20190716T040022_20190716T040047_028137_032D90_2975.SAFE,ID_3,S1A_IW_GRDH_1SDV_20190716T040022_20190716T040047_028137_032D90_2975.SAFE,S1_20190716_035932_040112_VV_42,hard_negative_train
DARTIS_2019,4259,nw,no_oil_water,nw-1035-06-000123.jpg,640,640,0,S1A_IW_GRDH_1SDV_20190716T040047_20190716T040112_028137_032D90_BD5F.SAFE,ID_3,S1A_IW_GRDH_1SDV_20190716T040047_20190716T040112_028137_032D90_BD5F.SAFE,S1_20190716_035932_040112_VV_124,hard_negative_train
DARTIS_2019,4060,nw,no_oil_water,nw-0836-05-000090.jpg,640,640,0,S1A_IW_GRDH_1SDV_20190718T034303_20190718T034328_028166_032E76_1ACD.SAFE,ID_3,S1A_IW_GRDH_1SDV_20190718T034303_20190718T034328_028166_032E76_1ACD.SAFE,S1_20190718_034303_034443_VV_43,hard_negative_train
DARTIS_2019,4760,nw,no_oil_water,nw-1536-09-000112.jpg,640,640,0,S1A_IW_GRDH_1SDV_20190718T034328_20190718T034353_028166_032E76_4818.SAFE,ID_3,S1A_IW_GRDH_1SDV_20190718T034328_20190718T034353_028166_032E76_4818.SAFE,S1_20190718_034303_034443_VV_45,hard_negative_train
DARTIS_2019,4261,nw,no_oil_water,nw-1037-06-000125.jpg,640,640,0,S1A_IW_GRDH_1SDV_20190722T154956_20190722T155021_028232_033073_31CC.SAFE,ID_3,S1A_IW_GRDH_1SDV_20190722T154956_20190722T155021_028232_033073_31CC.SAFE,S1_20190722_154841_155021_VV_79,hard_negative_train
DARTIS_2019,4762,nw,no_oil_water,nw-1538-09-000114.jpg,640,640,0,S1A_IW_GRDH_1SDV_20190722T154956_20190722T155021_028232_033073_31CC.SAFE,ID_3,S1A_IW_GRDH_1SDV_20190722T154956_20190722T155021_028232_033073_31CC.SAFE,S1_20190722_154841_155021_VV_37,hard_negative_train
DARTIS_2019,3673,nw,no_oil_water,nw-0449-02-000106.jpg,640,640,0,S1A_IW_GRDH_1SDV_20190723T035122_20190723T035147_028239_0330A7_4635.SAFE,ID_3,S1A_IW_GRDH_1SDV_20190723T035122_20190723T035147_028239_0330A7_4635.SAFE,S1_20190723_035122_035304_VV_60,hard_negative_train
DARTIS_2019,3822,nw,no_oil_water,nw-0598-03-000095.jpg,640,640,0,S1A_IW_GRDH_1SDV_20190723T035122_20190723T035147_028239_0330A7_4635.SAFE,ID_3,S1A_IW_GRDH_1SDV_20190723T035122_20190723T035147_028239_0330A7_4635.SAFE,S1_20190723_035122_035304_VV_21,hard_negative_train
DARTIS_2019,4398,nw,no_oil_water,nw-1174-07-000096.jpg,640,640,0,S1A_IW_GRDH_1SDV_20190723T035122_20190723T035147_028239_0330A7_4635.SAFE,ID_3,S1A_IW_GRDH_1SDV_20190723T035122_20190723T035147_028239_0330A7_4635.SAFE,S1_20190723_035122_035304_VV_31,hard_negative_train
DARTIS_2019,3674,nw,no_oil_water,nw-0450-02-000107.jpg,640,640,0,S1A_IW_GRDH_1SDV_20190723T035147_20190723T035212_028239_0330A7_B840.SAFE;S1A_IW_GRDH_1SDV_20190723T035122_20190723T035147_028239_0330A7_4635.SAFE,ID_3,S1A_IW_GRDH_1SDV_20190723T035147_20190723T035212_028239_0330A7_B840.SAFE;S1A_IW_GRDH_1SDV_20190723T035122_20190723T035147_028239_0330A7_4635.SAFE,S1_20190723_035122_035304_VV_64,hard_negative_train
DARTIS_2019,4763,nw,no_oil_water,nw-1539-09-000115.jpg,640,640,0,S1A_IW_GRDH_1SDV_20190723T035147_20190723T035212_028239_0330A7_B840.SAFE;S1A_IW_GRDH_1SDV_20190723T035122_20190723T035147_028239_0330A7_4635.SAFE,ID_3,S1A_IW_GRDH_1SDV_20190723T035147_20190723T035212_028239_0330A7_B840.SAFE;S1A_IW_GRDH_1SDV_20190723T035122_20190723T035147_028239_0330A7_4635.SAFE,S1_20190723_035122_035304_VV_63,hard_negative_train
DARTIS_2019,4764,nw,no_oil_water,nw-1540-09-000116.jpg,640,640,0,S1A_IW_GRDH_1SDV_20190723T035147_20190723T035212_028239_0330A7_B840.SAFE;S1A_IW_GRDH_1SDV_20190723T035122_20190723T035147_028239_0330A7_4635.SAFE,ID_3,S1A_IW_GRDH_1SDV_20190723T035147_20190723T035212_028239_0330A7_B840.SAFE;S1A_IW_GRDH_1SDV_20190723T035122_20190723T035147_028239_0330A7_4635.SAFE,S1_20190723_035122_035304_VV_66,hard_negative_train
DARTIS_2019,3474,nw,no_oil_water,nw-0250-01-000078.jpg,640,640,0,S1A_IW_GRDH_1SDV_20190723T035212_20190723T035237_028239_0330A7_A061.SAFE,ID_3,S1A_IW_GRDH_1SDV_20190723T035212_20190723T035237_028239_0330A7_A061.SAFE,S1_20190723_035122_035304_VV_79,hard_negative_train
DARTIS_2019,3823,nw,no_oil_water,nw-0599-03-000096.jpg,640,640,0,S1A_IW_GRDH_1SDV_20190725T033500_20190725T033525_028268_03317E_1B90.SAFE,ID_3,S1A_IW_GRDH_1SDV_20190725T033500_20190725T033525_028268_03317E_1B90.SAFE,S1_20190725_033500_033640_VV_9,hard_negative_train
DARTIS_2019,4897,nw,no_oil_water,nw-1673-10-000081.jpg,640,640,0,S1A_IW_GRDH_1SDV_20190730T034328_20190730T034353_028341_0333D2_4C47.SAFE,ID_3,S1A_IW_GRDH_1SDV_20190730T034328_20190730T034353_028341_0333D2_4C47.SAFE,S1_20190730_034303_034443_VV_62,hard_negative_train
DARTIS_2019,3826,nw,no_oil_water,nw-0602-03-000099.jpg,640,640,0,S1A_IW_GRDH_1SDV_20190730T034418_20190730T034443_028341_0333D2_9F38.SAFE,ID_3,S1A_IW_GRDH_1SDV_20190730T034418_20190730T034443_028341_0333D2_9F38.SAFE,S1_20190730_034303_034443_VV_116,hard_negative_train
DARTIS_2019,5118,nw,no_oil_water,nw-1894-11-000128.jpg,640,640,0,S1A_IW_GRDH_1SDV_20190730T034418_20190730T034443_028341_0333D2_9F38.SAFE,ID_3,S1A_IW_GRDH_1SDV_20190730T034418_20190730T034443_028341_0333D2_9F38.SAFE,S1_20190730_034303_034443_VV_123,hard_negative_train
DARTIS_2019,4063,nw,no_oil_water,nw-0839-05-000093.jpg,640,640,0,S1A_IW_GRDH_1SDV_20190801T160520_20190801T160545_028378_0334F0_B580.SAFE,ID_3,S1A_IW_GRDH_1SDV_20190801T160520_20190801T160545_028378_0334F0_B580.SAFE,S1_20190801_160455_160635_VV_3,hard_negative_train
DARTIS_2019,3936,nw,no_oil_water,nw-0712-04-000047.jpg,640,640,0,S1A_IW_GRDH_1SDV_20190801T160610_20190801T160635_028378_0334F0_3274.SAFE,ID_3,S1A_IW_GRDH_1SDV_20190801T160610_20190801T160635_028378_0334F0_3274.SAFE,S1_20190801_160455_160635_VV_19,hard_negative_train
DARTIS_2019,4402,nw,no_oil_water,nw-1178-07-000100.jpg,640,640,0,S1A_IW_GRDH_1SDV_20190809T035934_20190809T035959_028487_03384A_CBB4.SAFE,ID_3,S1A_IW_GRDH_1SDV_20190809T035934_20190809T035959_028487_03384A_CBB4.SAFE,S1_20190809_035934_040114_VV_13,hard_negative_train
DARTIS_2019,3318,nw,no_oil_water,nw-0094-00-000094.jpg,640,640,0,S1A_IW_GRDH_1SDV_20190811T034304_20190811T034329_028516_03394F_1357.SAFE,ID_3,S1A_IW_GRDH_1SDV_20190811T034304_20190811T034329_028516_03394F_1357.SAFE,S1_20190811_034304_034444_VV_17,hard_negative_train
DARTIS_2019,3478,nw,no_oil_water,nw-0254-01-000082.jpg,640,640,0,S1A_IW_GRDH_1SDV_20190811T034304_20190811T034329_028516_03394F_1357.SAFE,ID_3,S1A_IW_GRDH_1SDV_20190811T034304_20190811T034329_028516_03394F_1357.SAFE,S1_20190811_034304_034444_VV_22,hard_negative_train
DARTIS_2019,3677,nw,no_oil_water,nw-0453-02-000110.jpg,640,640,0,S1A_IW_GRDH_1SDV_20190811T034304_20190811T034329_028516_03394F_1357.SAFE,ID_3,S1A_IW_GRDH_1SDV_20190811T034304_20190811T034329_028516_03394F_1357.SAFE,S1_20190811_034304_034444_VV_10,hard_negative_train
DARTIS_2019,4263,nw,no_oil_water,nw-1039-06-000127.jpg,640,640,0,S1A_IW_GRDH_1SDV_20190811T034329_20190811T034354_028516_03394F_7B91.SAFE,ID_3,S1A_IW_GRDH_1SDV_20190811T034329_20190811T034354_028516_03394F_7B91.SAFE,S1_20190811_034304_034444_VV_47,hard_negative_train
DARTIS_2019,3480,nw,no_oil_water,nw-0256-01-000084.jpg,640,640,0,S1A_IW_GRDH_1SDV_20190815T154908_20190815T154933_028582_033B99_01B4.SAFE,ID_3,S1A_IW_GRDH_1SDV_20190815T154908_20190815T154933_028582_033B99_01B4.SAFE,S1_20190815_154843_155023_VV_17,hard_negative_train
DARTIS_2019,4404,nw,no_oil_water,nw-1180-07-000102.jpg,640,640,0,S1A_IW_GRDH_1SDV_20190815T154908_20190815T154933_028582_033B99_01B4.SAFE,ID_3,S1A_IW_GRDH_1SDV_20190815T154908_20190815T154933_028582_033B99_01B4.SAFE,S1_20190815_154843_155023_VV_34,hard_negative_train
DARTIS_2019,4769,nw,no_oil_water,nw-1545-09-000121.jpg,640,640,0,S1A_IW_GRDH_1SDV_20190815T154908_20190815T154933_028582_033B99_01B4.SAFE,ID_3,S1A_IW_GRDH_1SDV_20190815T154908_20190815T154933_028582_033B99_01B4.SAFE,S1_20190815_154843_155023_VV_7,hard_negative_train
DARTIS_2019,4900,nw,no_oil_water,nw-1676-10-000084.jpg,640,640,0,S1A_IW_GRDH_1SDV_20190815T154908_20190815T154933_028582_033B99_01B4.SAFE,ID_3,S1A_IW_GRDH_1SDV_20190815T154908_20190815T154933_028582_033B99_01B4.SAFE,S1_20190815_154843_155023_VV_33,hard_negative_train
DARTIS_2019,3481,nw,no_oil_water,nw-0257-01-000085.jpg,640,640,0,S1A_IW_GRDH_1SDV_20190816T035149_20190816T035214_028589_033BD4_FE5C.SAFE,ID_3,S1A_IW_GRDH_1SDV_20190816T035149_20190816T035214_028589_033BD4_FE5C.SAFE,S1_20190816_035124_035305_VV_53,hard_negative_train
DARTIS_2019,3482,nw,no_oil_water,nw-0258-01-000086.jpg,640,640,0,S1A_IW_GRDH_1SDV_20190816T035214_20190816T035239_028589_033BD4_B8FD.SAFE,ID_3,S1A_IW_GRDH_1SDV_20190816T035214_20190816T035239_028589_033BD4_B8FD.SAFE,S1_20190816_035124_035305_VV_62,hard_negative_train
DARTIS_2019,4770,nw,no_oil_water,nw-1546-09-000122.jpg,640,640,0,S1A_IW_GRDH_1SDV_20190816T035214_20190816T035239_028589_033BD4_B8FD.SAFE,ID_3,S1A_IW_GRDH_1SDV_20190816T035214_20190816T035239_028589_033BD4_B8FD.SAFE,S1_20190816_035124_035305_VV_55,hard_negative_train
DARTIS_2019,3679,nw,no_oil_water,nw-0455-02-000112.jpg,640,640,0,S1A_IW_GRDH_1SDV_20190821T035934_20190821T035959_028662_033E63_CBB0.SAFE,ID_3,S1A_IW_GRDH_1SDV_20190821T035934_20190821T035959_028662_033E63_CBB0.SAFE,S1_20190821_035934_040114_VV_6,hard_negative_train
DARTIS_2019,4406,nw,no_oil_water,nw-1182-07-000104.jpg,640,640,0,S1A_IW_GRDH_1SDV_20190821T035934_20190821T035959_028662_033E63_CBB0.SAFE,ID_3,S1A_IW_GRDH_1SDV_20190821T035934_20190821T035959_028662_033E63_CBB0.SAFE,S1_20190821_035934_040114_VV_17,hard_negative_train
DARTIS_2019,4408,nw,no_oil_water,nw-1184-07-000106.jpg,640,640,0,S1A_IW_GRDH_1SDV_20190821T035934_20190821T035959_028662_033E63_CBB0.SAFE,ID_3,S1A_IW_GRDH_1SDV_20190821T035934_20190821T035959_028662_033E63_CBB0.SAFE,S1_20190821_035934_040114_VV_8,hard_negative_train
DARTIS_2019,3319,nw,no_oil_water,nw-0095-00-000095.jpg,640,640,0,S1A_IW_GRDH_1SDV_20190821T040024_20190821T040049_028662_033E63_3BDB.SAFE,ID_3,S1A_IW_GRDH_1SDV_20190821T040024_20190821T040049_028662_033E63_3BDB.SAFE,S1_20190821_035934_040114_VV_62,hard_negative_train
DARTIS_2019,3831,nw,no_oil_water,nw-0607-03-000104.jpg,640,640,0,S1A_IW_GRDH_1SDV_20190821T040024_20190821T040049_028662_033E63_3BDB.SAFE,ID_3,S1A_IW_GRDH_1SDV_20190821T040024_20190821T040049_028662_033E63_3BDB.SAFE,S1_20190821_035934_040114_VV_126,hard_negative_train
DARTIS_2019,4265,nw,no_oil_water,nw-1041-06-000129.jpg,640,640,0,S1A_IW_GRDH_1SDV_20190821T040024_20190821T040049_028662_033E63_3BDB.SAFE,ID_3,S1A_IW_GRDH_1SDV_20190821T040024_20190821T040049_028662_033E63_3BDB.SAFE,S1_20190821_035934_040114_VV_24,hard_negative_train
DARTIS_2019,4407,nw,no_oil_water,nw-1183-07-000105.jpg,640,640,0,S1A_IW_GRDH_1SDV_20190821T040024_20190821T040049_028662_033E63_3BDB.SAFE,ID_3,S1A_IW_GRDH_1SDV_20190821T040024_20190821T040049_028662_033E63_3BDB.SAFE,S1_20190821_035934_040114_VV_48,hard_negative_train
DARTIS_2019,4901,nw,no_oil_water,nw-1677-10-000085.jpg,640,640,0,S1A_IW_GRDH_1SDV_20190821T040024_20190821T040049_028662_033E63_3BDB.SAFE,ID_3,S1A_IW_GRDH_1SDV_20190821T040024_20190821T040049_028662_033E63_3BDB.SAFE,S1_20190821_035934_040114_VV_51,hard_negative_train
DARTIS_2019,4902,nw,no_oil_water,nw-1678-10-000086.jpg,640,640,0,S1A_IW_GRDH_1SDV_20190821T040024_20190821T040049_028662_033E63_3BDB.SAFE,ID_3,S1A_IW_GRDH_1SDV_20190821T040024_20190821T040049_028662_033E63_3BDB.SAFE,S1_20190821_035934_040114_VV_58,hard_negative_train
DARTIS_2019,3484,nw,no_oil_water,nw-0260-01-000088.jpg,640,640,0,S1A_IW_GRDH_1SDV_20190821T040049_20190821T040114_028662_033E63_B88E.SAFE,ID_3,S1A_IW_GRDH_1SDV_20190821T040049_20190821T040114_028662_033E63_B88E.SAFE,S1_20190821_035934_040114_VV_98,hard_negative_train
DARTIS_2019,4903,nw,no_oil_water,nw-1679-10-000087.jpg,640,640,0,S1A_IW_GRDH_1SDV_20190821T040049_20190821T040114_028662_033E63_B88E.SAFE;S1A_IW_GRDH_1SDV_20190821T040024_20190821T040049_028662_033E63_3BDB.SAFE,ID_3,S1A_IW_GRDH_1SDV_20190821T040049_20190821T040114_028662_033E63_B88E.SAFE;S1A_IW_GRDH_1SDV_20190821T040024_20190821T040049_028662_033E63_3BDB.SAFE,S1_20190821_035934_040114_VV_69,hard_negative_train
DARTIS_2019,3940,nw,no_oil_water,nw-0716-04-000051.jpg,640,640,0,S1A_IW_GRDH_1SDV_20190823T034305_20190823T034330_028691_033F57_8F26.SAFE,ID_3,S1A_IW_GRDH_1SDV_20190823T034305_20190823T034330_028691_033F57_8F26.SAFE,S1_20190823_034305_034445_VV_142,hard_negative_train
DARTIS_2019,4409,nw,no_oil_water,nw-1185-07-000107.jpg,640,640,0,S1A_IW_GRDH_1SDV_20190823T034305_20190823T034330_028691_033F57_8F26.SAFE,ID_3,S1A_IW_GRDH_1SDV_20190823T034305_20190823T034330_028691_033F57_8F26.SAFE,S1_20190823_034305_034445_VV_11,hard_negative_train
DARTIS_2019,4561,nw,no_oil_water,nw-1337-08-000088.jpg,640,640,0,S1A_IW_GRDH_1SDV_20190823T034305_20190823T034330_028691_033F57_8F26.SAFE,ID_3,S1A_IW_GRDH_1SDV_20190823T034305_20190823T034330_028691_033F57_8F26.SAFE,S1_20190823_034305_034445_VV_14,hard_negative_train
DARTIS_2019,4773,nw,no_oil_water,nw-1549-09-000125.jpg,640,640,0,S1A_IW_GRDH_1SDV_20190823T034305_20190823T034330_028691_033F57_8F26.SAFE,ID_3,S1A_IW_GRDH_1SDV_20190823T034305_20190823T034330_028691_033F57_8F26.SAFE,S1_20190823_034305_034445_VV_146,hard_negative_train
DARTIS_2019,4774,nw,no_oil_water,nw-1550-09-000126.jpg,640,640,0,S1A_IW_GRDH_1SDV_20190823T034305_20190823T034330_028691_033F57_8F26.SAFE,ID_3,S1A_IW_GRDH_1SDV_20190823T034305_20190823T034330_028691_033F57_8F26.SAFE,S1_20190823_034305_034445_VV_17,hard_negative_train
DARTIS_2019,4412,nw,no_oil_water,nw-1188-07-000110.jpg,640,640,0,S1A_IW_GRDH_1SDV_20190825T160546_20190825T160611_028728_0340B1_71FA.SAFE,ID_3,S1A_IW_GRDH_1SDV_20190825T160546_20190825T160611_028728_0340B1_71FA.SAFE,S1_20190825_160456_160636_VV_14,hard_negative_train
DARTIS_2019,5127,nw,no_oil_water,nw-1903-11-000137.jpg,640,640,0,S1A_IW_GRDH_1SDV_20190827T154958_20190827T155023_028757_0341B2_80F2.SAFE,ID_3,S1A_IW_GRDH_1SDV_20190827T154958_20190827T155023_028757_0341B2_80F2.SAFE,S1_20190827_154843_155023_VV_30,hard_negative_train
DARTIS_2019,5128,nw,no_oil_water,nw-1904-11-000138.jpg,640,640,0,S1A_IW_GRDH_1SDV_20190827T154958_20190827T155023_028757_0341B2_80F2.SAFE,ID_3,S1A_IW_GRDH_1SDV_20190827T154958_20190827T155023_028757_0341B2_80F2.SAFE,S1_20190827_154843_155023_VV_33,hard_negative_train
DARTIS_2019,3681,nw,no_oil_water,nw-0457-02-000114.jpg,640,640,0,S1A_IW_GRDH_1SDV_20190828T035124_20190828T035149_028764_0341F0_DBEB.SAFE,ID_3,S1A_IW_GRDH_1SDV_20190828T035124_20190828T035149_028764_0341F0_DBEB.SAFE,S1_20190828_035124_035306_VV_82,hard_negative_train
DARTIS_2019,4413,nw,no_oil_water,nw-1189-07-000111.jpg,640,640,0,S1A_IW_GRDH_1SDV_20190828T035124_20190828T035149_028764_0341F0_DBEB.SAFE,ID_3,S1A_IW_GRDH_1SDV_20190828T035124_20190828T035149_028764_0341F0_DBEB.SAFE,S1_20190828_035124_035306_VV_26,hard_negative_train
DARTIS_2019,4414,nw,no_oil_water,nw-1190-07-000112.jpg,640,640,0,S1A_IW_GRDH_1SDV_20190828T035124_20190828T035149_028764_0341F0_DBEB.SAFE,ID_3,S1A_IW_GRDH_1SDV_20190828T035124_20190828T035149_028764_0341F0_DBEB.SAFE,S1_20190828_035124_035306_VV_36,hard_negative_train
DARTIS_2019,4563,nw,no_oil_water,nw-1339-08-000090.jpg,640,640,0,S1A_IW_GRDH_1SDV_20190828T035124_20190828T035149_028764_0341F0_DBEB.SAFE,ID_3,S1A_IW_GRDH_1SDV_20190828T035124_20190828T035149_028764_0341F0_DBEB.SAFE,S1_20190828_035124_035306_VV_30,hard_negative_train
DARTIS_2019,3682,nw,no_oil_water,nw-0458-02-000115.jpg,640,640,0,S1A_IW_GRDH_1SDV_20190828T035149_20190828T035214_028764_0341F0_3C12.SAFE,ID_3,S1A_IW_GRDH_1SDV_20190828T035149_20190828T035214_028764_0341F0_3C12.SAFE,S1_20190828_035124_035306_VV_98,hard_negative_train
DARTIS_2019,4074,nw,no_oil_water,nw-0850-05-000104.jpg,640,640,0,S1A_IW_GRDH_1SDV_20190830T033527_20190830T033552_028793_0342F2_73EE.SAFE,ID_3,S1A_IW_GRDH_1SDV_20190830T033527_20190830T033552_028793_0342F2_73EE.SAFE,S1_20190830_033502_033642_VV_40,hard_negative_train
DARTIS_2019,4076,nw,no_oil_water,nw-0852-05-000106.jpg,640,640,0,S1A_IW_GRDH_1SDV_20190904T034305_20190904T034330_028866_034579_1C4E.SAFE,ID_3,S1A_IW_GRDH_1SDV_20190904T034305_20190904T034330_028866_034579_1C4E.SAFE,S1_20190904_034305_034445_VV_21,hard_negative_train
DARTIS_2019,3327,nw,no_oil_water,nw-0103-00-000103.jpg,640,640,0,S1A_IW_GRDH_1SDV_20190904T034330_20190904T034355_028866_034579_E422.SAFE,ID_3,S1A_IW_GRDH_1SDV_20190904T034330_20190904T034355_028866_034579_E422.SAFE,S1_20190904_034305_034445_VV_58,hard_negative_train
DARTIS_2019,3328,nw,no_oil_water,nw-0104-00-000104.jpg,640,640,0,S1A_IW_GRDH_1SDV_20190904T034330_20190904T034355_028866_034579_E422.SAFE,ID_3,S1A_IW_GRDH_1SDV_20190904T034330_20190904T034355_028866_034579_E422.SAFE,S1_20190904_034305_034445_VV_64,hard_negative_train
DARTIS_2019,3329,nw,no_oil_water,nw-0105-00-000105.jpg,640,640,0,S1A_IW_GRDH_1SDV_20190904T034330_20190904T034355_028866_034579_E422.SAFE,ID_3,S1A_IW_GRDH_1SDV_20190904T034330_20190904T034355_028866_034579_E422.SAFE,S1_20190904_034305_034445_VV_71,hard_negative_train
DARTIS_2019,3493,nw,no_oil_water,nw-0269-01-000097.jpg,640,640,0,S1A_IW_GRDH_1SDV_20190904T034330_20190904T034355_028866_034579_E422.SAFE,ID_3,S1A_IW_GRDH_1SDV_20190904T034330_20190904T034355_028866_034579_E422.SAFE,S1_20190904_034305_034445_VV_155,hard_negative_train
DARTIS_2019,3326,nw,no_oil_water,nw-0102-00-000102.jpg,640,640,0,S1A_IW_GRDH_1SDV_20190904T034420_20190904T034445_028866_034579_337E.SAFE,ID_3,S1A_IW_GRDH_1SDV_20190904T034420_20190904T034445_028866_034579_337E.SAFE,S1_20190904_034305_034445_VV_114,hard_negative_train
DARTIS_2019,3492,nw,no_oil_water,nw-0268-01-000096.jpg,640,640,0,S1A_IW_GRDH_1SDV_20190904T034420_20190904T034445_028866_034579_337E.SAFE,ID_3,S1A_IW_GRDH_1SDV_20190904T034420_20190904T034445_028866_034579_337E.SAFE,S1_20190904_034305_034445_VV_119,hard_negative_train
DARTIS_2019,4268,nw,no_oil_water,nw-1044-06-000132.jpg,640,640,0,S1A_IW_GRDH_1SDV_20190906T160612_20190906T160637_028903_0346CC_B498.SAFE;S1A_IW_GRDH_1SDV_20190906T160547_20190906T160612_028903_0346CC_6FD4.SAFE,ID_3,S1A_IW_GRDH_1SDV_20190906T160612_20190906T160637_028903_0346CC_B498.SAFE;S1A_IW_GRDH_1SDV_20190906T160547_20190906T160612_028903_0346CC_6FD4.SAFE,S1_20190906_160457_160637_VV_39,hard_negative_train
DARTIS_2019,3686,nw,no_oil_water,nw-0462-02-000119.jpg,640,640,0,S1A_IW_GRDH_1SDV_20190909T035150_20190909T035215_028939_034806_D86D.SAFE;S1A_IW_GRDH_1SDV_20190909T035125_20190909T035150_028939_034806_F874.SAFE,ID_3,S1A_IW_GRDH_1SDV_20190909T035150_20190909T035215_028939_034806_D86D.SAFE;S1A_IW_GRDH_1SDV_20190909T035125_20190909T035150_028939_034806_F874.SAFE,S1_20190909_035125_035306_VV_67,hard_negative_train
DARTIS_2019,4077,nw,no_oil_water,nw-0853-05-000107.jpg,640,640,0,S1A_IW_GRDH_1SDV_20190911T033502_20190911T033527_028968_034906_67B4.SAFE,ID_3,S1A_IW_GRDH_1SDV_20190911T033502_20190911T033527_028968_034906_67B4.SAFE,S1_20190911_033502_033642_VV_2,hard_negative_train
DARTIS_2019,5131,nw,no_oil_water,nw-1907-11-000141.jpg,640,640,0,S1A_IW_GRDH_1SDV_20190911T033502_20190911T033527_028968_034906_67B4.SAFE,ID_3,S1A_IW_GRDH_1SDV_20190911T033502_20190911T033527_028968_034906_67B4.SAFE,S1_20190911_033502_033642_VV_21,hard_negative_train
DARTIS_2019,4575,nw,no_oil_water,nw-1351-08-000102.jpg,640,640,0,S1A_IW_GRDH_1SDV_20190916T034356_20190916T034421_029041_034B8F_5C81.SAFE,ID_3,S1A_IW_GRDH_1SDV_20190916T034356_20190916T034421_029041_034B8F_5C81.SAFE,S1_20190916_034306_034446_VV_84,hard_negative_train
DARTIS_2019,3839,nw,no_oil_water,nw-0615-03-000112.jpg,640,640,0,S1A_IW_GRDH_1SDV_20190921T035125_20190921T035150_029114_034E08_0160.SAFE,ID_3,S1A_IW_GRDH_1SDV_20190921T035125_20190921T035150_029114_034E08_0160.SAFE,S1_20190921_035125_035307_VV_24,hard_negative_train
DARTIS_2019,4419,nw,no_oil_water,nw-1195-07-000117.jpg,640,640,0,S1A_IW_GRDH_1SDV_20190921T035125_20190921T035150_029114_034E08_0160.SAFE,ID_3,S1A_IW_GRDH_1SDV_20190921T035125_20190921T035150_029114_034E08_0160.SAFE,S1_20190921_035125_035307_VV_2,hard_negative_train
DARTIS_2019,4906,nw,no_oil_water,nw-1682-10-000090.jpg,640,640,0,S1A_IW_GRDH_1SDV_20190921T035125_20190921T035150_029114_034E08_0160.SAFE,ID_3,S1A_IW_GRDH_1SDV_20190921T035125_20190921T035150_029114_034E08_0160.SAFE,S1_20190921_035125_035307_VV_50,hard_negative_train
DARTIS_2019,3498,nw,no_oil_water,nw-0274-01-000102.jpg,640,640,0,S1A_IW_GRDH_1SDV_20190925T155712_20190925T155737_029180_035045_0057.SAFE,ID_3,S1A_IW_GRDH_1SDV_20190925T155712_20190925T155737_029180_035045_0057.SAFE,S1_20190925_155647_155827_VV_60,hard_negative_train
DARTIS_2019,3499,nw,no_oil_water,nw-0275-01-000103.jpg,640,640,0,S1A_IW_GRDH_1SDV_20190925T155712_20190925T155737_029180_035045_0057.SAFE,ID_3,S1A_IW_GRDH_1SDV_20190925T155712_20190925T155737_029180_035045_0057.SAFE,S1_20190925_155647_155827_VV_86,hard_negative_train
DARTIS_2019,4080,nw,no_oil_water,nw-0856-05-000110.jpg,640,640,0,S1A_IW_GRDH_1SDV_20190925T155712_20190925T155737_029180_035045_0057.SAFE,ID_3,S1A_IW_GRDH_1SDV_20190925T155712_20190925T155737_029180_035045_0057.SAFE,S1_20190925_155647_155827_VV_44,hard_negative_train
DARTIS_2019,5133,nw,no_oil_water,nw-1909-11-000143.jpg,640,640,0,S1A_IW_GRDH_1SDV_20190925T155712_20190925T155737_029180_035045_0057.SAFE,ID_3,S1A_IW_GRDH_1SDV_20190925T155712_20190925T155737_029180_035045_0057.SAFE,S1_20190925_155647_155827_VV_49,hard_negative_train
DARTIS_2019,3689,nw,no_oil_water,nw-0465-02-000122.jpg,640,640,0,S1A_IW_GRDH_1SDV_20190926T040001_20190926T040026_029187_035080_FDB2.SAFE,ID_3,S1A_IW_GRDH_1SDV_20190926T040001_20190926T040026_029187_035080_FDB2.SAFE,S1_20190926_035936_040116_VV_80,hard_negative_train
DARTIS_2019,4420,nw,no_oil_water,nw-1196-07-000118.jpg,640,640,0,S1A_IW_GRDH_1SDV_20190926T040001_20190926T040026_029187_035080_FDB2.SAFE,ID_3,S1A_IW_GRDH_1SDV_20190926T040001_20190926T040026_029187_035080_FDB2.SAFE,S1_20190926_035936_040116_VV_191,hard_negative_train
DARTIS_2019,4423,nw,no_oil_water,nw-1199-07-000121.jpg,640,640,0,S1A_IW_GRDH_1SDV_20190926T040001_20190926T040026_029187_035080_FDB2.SAFE,ID_3,S1A_IW_GRDH_1SDV_20190926T040001_20190926T040026_029187_035080_FDB2.SAFE,S1_20190926_035936_040116_VV_87,hard_negative_train
DARTIS_2019,3334,nw,no_oil_water,nw-0110-00-000110.jpg,640,640,0,S1A_IW_GRDH_1SDV_20190926T040001_20190926T040026_029187_035080_FDB2.SAFE;S1A_IW_GRDH_1SDV_20190926T035936_20190926T040001_029187_035080_891A.SAFE,ID_3,S1A_IW_GRDH_1SDV_20190926T040001_20190926T040026_029187_035080_FDB2.SAFE;S1A_IW_GRDH_1SDV_20190926T035936_20190926T040001_029187_035080_891A.SAFE,S1_20190926_035936_040116_VV_78,hard_negative_train
DARTIS_2019,3945,nw,no_oil_water,nw-0721-04-000056.jpg,640,640,0,S1A_IW_GRDH_1SDV_20190926T040026_20190926T040051_029187_035080_F816.SAFE,ID_3,S1A_IW_GRDH_1SDV_20190926T040026_20190926T040051_029187_035080_F816.SAFE,S1_20190926_035936_040116_VV_209,hard_negative_train
DARTIS_2019,4270,nw,no_oil_water,nw-1046-06-000134.jpg,640,640,0,S1A_IW_GRDH_1SDV_20190926T040026_20190926T040051_029187_035080_F816.SAFE,ID_3,S1A_IW_GRDH_1SDV_20190926T040026_20190926T040051_029187_035080_F816.SAFE,S1_20190926_035936_040116_VV_217,hard_negative_train
DARTIS_2019,4271,nw,no_oil_water,nw-1047-06-000135.jpg,640,640,0,S1A_IW_GRDH_1SDV_20190926T040026_20190926T040051_029187_035080_F816.SAFE,ID_3,S1A_IW_GRDH_1SDV_20190926T040026_20190926T040051_029187_035080_F816.SAFE,S1_20190926_035936_040116_VV_222,hard_negative_train
DARTIS_2019,4421,nw,no_oil_water,nw-1197-07-000119.jpg,640,640,0,S1A_IW_GRDH_1SDV_20190926T040026_20190926T040051_029187_035080_F816.SAFE,ID_3,S1A_IW_GRDH_1SDV_20190926T040026_20190926T040051_029187_035080_F816.SAFE,S1_20190926_035936_040116_VV_204,hard_negative_train
DARTIS_2019,4909,nw,no_oil_water,nw-1685-10-000093.jpg,640,640,0,S1A_IW_GRDH_1SDV_20190926T040026_20190926T040051_029187_035080_F816.SAFE;S1A_IW_GRDH_1SDV_20190926T040001_20190926T040026_029187_035080_FDB2.SAFE,ID_3,S1A_IW_GRDH_1SDV_20190926T040026_20190926T040051_029187_035080_F816.SAFE;S1A_IW_GRDH_1SDV_20190926T040001_20190926T040026_029187_035080_FDB2.SAFE,S1_20190926_035936_040116_VV_133,hard_negative_train
DARTIS_2019,4269,nw,no_oil_water,nw-1045-06-000133.jpg,640,640,0,S1A_IW_GRDH_1SDV_20190926T040051_20190926T040116_029187_035080_972D.SAFE,ID_3,S1A_IW_GRDH_1SDV_20190926T040051_20190926T040116_029187_035080_972D.SAFE,S1_20190926_035936_040116_VV_163,hard_negative_train
DARTIS_2019,4422,nw,no_oil_water,nw-1198-07-000120.jpg,640,640,0,S1A_IW_GRDH_1SDV_20190926T040051_20190926T040116_029187_035080_972D.SAFE;S1A_IW_GRDH_1SDV_20190926T040026_20190926T040051_029187_035080_F816.SAFE,ID_3,S1A_IW_GRDH_1SDV_20190926T040051_20190926T040116_029187_035080_972D.SAFE;S1A_IW_GRDH_1SDV_20190926T040026_20190926T040051_029187_035080_F816.SAFE,S1_20190926_035936_040116_VV_225,hard_negative_train
DARTIS_2019,4427,nw,no_oil_water,nw-1203-07-000125.jpg,640,640,0,S1A_IW_GRDH_1SDV_20190927T154132_20190927T154157_029209_035141_93D0.SAFE,ID_3,S1A_IW_GRDH_1SDV_20190927T154132_20190927T154157_029209_035141_93D0.SAFE,S1_20190927_154017_154157_VV_86,hard_negative_train
DARTIS_2019,4428,nw,no_oil_water,nw-1204-07-000126.jpg,640,640,0,S1A_IW_GRDH_1SDV_20190927T154132_20190927T154157_029209_035141_93D0.SAFE,ID_3,S1A_IW_GRDH_1SDV_20190927T154132_20190927T154157_029209_035141_93D0.SAFE,S1_20190927_154017_154157_VV_95,hard_negative_train
DARTIS_2019,4919,nw,no_oil_water,nw-1695-10-000103.jpg,640,640,0,S1A_IW_GRDH_1SDV_20190927T154132_20190927T154157_029209_035141_93D0.SAFE,ID_3,S1A_IW_GRDH_1SDV_20190927T154132_20190927T154157_029209_035141_93D0.SAFE,S1_20190927_154017_154157_VV_92,hard_negative_train
DARTIS_2019,4920,nw,no_oil_water,nw-1696-10-000104.jpg,640,640,0,S1A_IW_GRDH_1SDV_20190927T154132_20190927T154157_029209_035141_93D0.SAFE,ID_3,S1A_IW_GRDH_1SDV_20190927T154132_20190927T154157_029209_035141_93D0.SAFE,S1_20190927_154017_154157_VV_98,hard_negative_train
DARTIS_2019,5135,nw,no_oil_water,nw-1911-11-000145.jpg,640,640,0,S1A_IW_GRDH_1SDV_20190927T154132_20190927T154157_029209_035141_93D0.SAFE,ID_3,S1A_IW_GRDH_1SDV_20190927T154132_20190927T154157_029209_035141_93D0.SAFE,S1_20190927_154017_154157_VV_80,hard_negative_train
DARTIS_2019,3337,nw,no_oil_water,nw-0113-00-000113.jpg,640,640,0,S1A_IW_GRDH_1SDV_20190928T034306_20190928T034331_029216_035188_C68D.SAFE,ID_3,S1A_IW_GRDH_1SDV_20190928T034306_20190928T034331_029216_035188_C68D.SAFE,S1_20190928_034306_034446_VV_63,hard_negative_train
DARTIS_2019,3842,nw,no_oil_water,nw-0618-03-000115.jpg,640,640,0,S1A_IW_GRDH_1SDV_20190928T034306_20190928T034331_029216_035188_C68D.SAFE,ID_3,S1A_IW_GRDH_1SDV_20190928T034306_20190928T034331_029216_035188_C68D.SAFE,S1_20190928_034306_034446_VV_69,hard_negative_train
DARTIS_2019,3947,nw,no_oil_water,nw-0723-04-000058.jpg,640,640,0,S1A_IW_GRDH_1SDV_20190928T034306_20190928T034331_029216_035188_C68D.SAFE,ID_3,S1A_IW_GRDH_1SDV_20190928T034306_20190928T034331_029216_035188_C68D.SAFE,S1_20190928_034306_034446_VV_179,hard_negative_train
DARTIS_2019,4431,nw,no_oil_water,nw-1207-07-000129.jpg,640,640,0,S1A_IW_GRDH_1SDV_20190928T034306_20190928T034331_029216_035188_C68D.SAFE,ID_3,S1A_IW_GRDH_1SDV_20190928T034306_20190928T034331_029216_035188_C68D.SAFE,S1_20190928_034306_034446_VV_66,hard_negative_train
DARTIS_2019,4921,nw,no_oil_water,nw-1697-10-000105.jpg,640,640,0,S1A_IW_GRDH_1SDV_20190928T034331_20190928T034356_029216_035188_442B.SAFE,ID_3,S1A_IW_GRDH_1SDV_20190928T034331_20190928T034356_029216_035188_442B.SAFE,S1_20190928_034306_034446_VV_94,hard_negative_train
DARTIS_2019,4429,nw,no_oil_water,nw-1205-07-000127.jpg,640,640,0,S1A_IW_GRDH_1SDV_20190928T034356_20190928T034421_029216_035188_75B2.SAFE;S1A_IW_GRDH_1SDV_20190928T034331_20190928T034356_029216_035188_442B.SAFE,ID_3,S1A_IW_GRDH_1SDV_20190928T034356_20190928T034421_029216_035188_75B2.SAFE;S1A_IW_GRDH_1SDV_20190928T034331_20190928T034356_029216_035188_442B.SAFE,S1_20190928_034306_034446_VV_114,hard_negative_train
DARTIS_2019,4430,nw,no_oil_water,nw-1206-07-000128.jpg,640,640,0,S1A_IW_GRDH_1SDV_20190928T034421_20190928T034446_029216_035188_54CE.SAFE,ID_3,S1A_IW_GRDH_1SDV_20190928T034421_20190928T034446_029216_035188_54CE.SAFE,S1_20190928_034306_034446_VV_135,hard_negative_train
DARTIS_2019,3844,nw,no_oil_water,nw-0620-03-000117.jpg,640,640,0,S1A_IW_GRDH_1SDV_20190930T160523_20190930T160548_029253_0352E1_73A7.SAFE,ID_3,S1A_IW_GRDH_1SDV_20190930T160523_20190930T160548_029253_0352E1_73A7.SAFE,S1_20190930_160458_160638_VV_3,hard_negative_train
DARTIS_2019,3338,nw,no_oil_water,nw-0114-00-000114.jpg,640,640,0,S1A_IW_GRDH_1SDV_20190930T160548_20190930T160613_029253_0352E1_E2DE.SAFE,ID_3,S1A_IW_GRDH_1SDV_20190930T160548_20190930T160613_029253_0352E1_E2DE.SAFE,S1_20190930_160458_160638_VV_9,hard_negative_train
DARTIS_2019,3503,nw,no_oil_water,nw-0279-01-000107.jpg,640,640,0,S1A_IW_GRDH_1SDV_20190930T160548_20190930T160613_029253_0352E1_E2DE.SAFE,ID_3,S1A_IW_GRDH_1SDV_20190930T160548_20190930T160613_029253_0352E1_E2DE.SAFE,S1_20190930_160458_160638_VV_10,hard_negative_train
DARTIS_2019,3843,nw,no_oil_water,nw-0619-03-000116.jpg,640,640,0,S1A_IW_GRDH_1SDV_20190930T160548_20190930T160613_029253_0352E1_E2DE.SAFE,ID_3,S1A_IW_GRDH_1SDV_20190930T160548_20190930T160613_029253_0352E1_E2DE.SAFE,S1_20190930_160458_160638_VV_26,hard_negative_train
DARTIS_2019,4922,nw,no_oil_water,nw-1698-10-000106.jpg,640,640,0,S1A_IW_GRDH_1SDV_20190930T160548_20190930T160613_029253_0352E1_E2DE.SAFE,ID_3,S1A_IW_GRDH_1SDV_20190930T160548_20190930T160613_029253_0352E1_E2DE.SAFE,S1_20190930_160458_160638_VV_33,hard_negative_train
DARTIS_2019,3845,nw,no_oil_water,nw-0621-03-000118.jpg,640,640,0,S1A_IW_GRDH_1SDV_20190930T160613_20190930T160638_029253_0352E1_768B.SAFE,ID_3,S1A_IW_GRDH_1SDV_20190930T160613_20190930T160638_029253_0352E1_768B.SAFE,S1_20190930_160458_160638_VV_43,hard_negative_train
DARTIS_2019,4274,nw,no_oil_water,nw-1050-06-000138.jpg,640,640,0,S1A_IW_GRDH_1SDV_20190930T160613_20190930T160638_029253_0352E1_768B.SAFE,ID_3,S1A_IW_GRDH_1SDV_20190930T160613_20190930T160638_029253_0352E1_768B.SAFE,S1_20190930_160458_160638_VV_54,hard_negative_train
DARTIS_2019,4577,nw,no_oil_water,nw-1353-08-000104.jpg,640,640,0,S1A_IW_GRDH_1SDV_20190930T160613_20190930T160638_029253_0352E1_768B.SAFE,ID_3,S1A_IW_GRDH_1SDV_20190930T160613_20190930T160638_029253_0352E1_768B.SAFE,S1_20190930_160458_160638_VV_45,hard_negative_train
DARTIS_2019,5136,nw,no_oil_water,nw-1912-11-000146.jpg,640,640,0,S1A_IW_GRDH_1SDV_20190930T160613_20190930T160638_029253_0352E1_768B.SAFE,ID_3,S1A_IW_GRDH_1SDV_20190930T160613_20190930T160638_029253_0352E1_768B.SAFE,S1_20190930_160458_160638_VV_55,hard_negative_train
DARTIS_2019,3344,nw,no_oil_water,nw-0120-00-000120.jpg,640,640,0,S1A_IW_GRDH_1SDV_20191002T154935_20191002T155000_029282_0353D1_AD9D.SAFE,ID_3,S1A_IW_GRDH_1SDV_20191002T154935_20191002T155000_029282_0353D1_AD9D.SAFE,S1_20191002_154845_155025_VV_62,hard_negative_train
DARTIS_2019,4277,nw,no_oil_water,nw-1053-06-000141.jpg,640,640,0,S1A_IW_GRDH_1SDV_20191002T154935_20191002T155000_029282_0353D1_AD9D.SAFE,ID_3,S1A_IW_GRDH_1SDV_20191002T154935_20191002T155000_029282_0353D1_AD9D.SAFE,S1_20191002_154845_155025_VV_71,hard_negative_train
DARTIS_2019,3513,nw,no_oil_water,nw-0289-01-000117.jpg,640,640,0,S1A_IW_GRDH_1SDV_20191003T035151_20191003T035216_029289_035408_EF44.SAFE,ID_3,S1A_IW_GRDH_1SDV_20191003T035151_20191003T035216_029289_035408_EF44.SAFE,S1_20191003_035126_035307_VV_101,hard_negative_train
DARTIS_2019,4278,nw,no_oil_water,nw-1054-06-000142.jpg,640,640,0,S1A_IW_GRDH_1SDV_20191003T035151_20191003T035216_029289_035408_EF44.SAFE,ID_3,S1A_IW_GRDH_1SDV_20191003T035151_20191003T035216_029289_035408_EF44.SAFE,S1_20191003_035126_035307_VV_97,hard_negative_train
DARTIS_2019,3345,nw,no_oil_water,nw-0121-00-000121.jpg,640,640,0,S1A_IW_GRDH_1SDV_20191003T035216_20191003T035241_029289_035408_850A.SAFE,ID_3,S1A_IW_GRDH_1SDV_20191003T035216_20191003T035241_029289_035408_850A.SAFE,S1_20191003_035126_035307_VV_111,hard_negative_train
DARTIS_2019,3346,nw,no_oil_water,nw-0122-00-000122.jpg,640,640,0,S1A_IW_GRDH_1SDV_20191003T035241_20191003T035307_029289_035408_5AB5.SAFE;S1A_IW_GRDH_1SDV_20191003T035216_20191003T035241_029289_035408_850A.SAFE,ID_3,S1A_IW_GRDH_1SDV_20191003T035241_20191003T035307_029289_035408_5AB5.SAFE;S1A_IW_GRDH_1SDV_20191003T035216_20191003T035241_029289_035408_850A.SAFE,S1_20191003_035126_035307_VV_53,hard_negative_train
DARTIS_2019,3514,nw,no_oil_water,nw-0290-01-000118.jpg,640,640,0,S1A_IW_GRDH_1SDV_20191005T033503_20191005T033528_029318_035507_57C3.SAFE,ID_3,S1A_IW_GRDH_1SDV_20191005T033503_20191005T033528_029318_035507_57C3.SAFE,S1_20191005_033503_033643_VV_27,hard_negative_train
DARTIS_2019,3847,nw,no_oil_water,nw-0623-03-000120.jpg,640,640,0,S1A_IW_GRDH_1SDV_20191005T033503_20191005T033528_029318_035507_57C3.SAFE,ID_3,S1A_IW_GRDH_1SDV_20191005T033503_20191005T033528_029318_035507_57C3.SAFE,S1_20191005_033503_033643_VV_15,hard_negative_train
DARTIS_2019,4088,nw,no_oil_water,nw-0864-05-000118.jpg,640,640,0,S1A_IW_GRDH_1SDV_20191005T033503_20191005T033528_029318_035507_57C3.SAFE,ID_3,S1A_IW_GRDH_1SDV_20191005T033503_20191005T033528_029318_035507_57C3.SAFE,S1_20191005_033503_033643_VV_2,hard_negative_train
DARTIS_2019,3352,nw,no_oil_water,nw-0128-00-000128.jpg,640,640,0,S1A_IW_GRDH_1SDV_20191007T155712_20191007T155737_029355_035652_8FCF.SAFE,ID_3,S1A_IW_GRDH_1SDV_20191007T155712_20191007T155737_029355_035652_8FCF.SAFE,S1_20191007_155647_155827_VV_29,hard_negative_train
DARTIS_2019,3353,nw,no_oil_water,nw-0129-00-000129.jpg,640,640,0,S1A_IW_GRDH_1SDV_20191007T155712_20191007T155737_029355_035652_8FCF.SAFE,ID_3,S1A_IW_GRDH_1SDV_20191007T155712_20191007T155737_029355_035652_8FCF.SAFE,S1_20191007_155647_155827_VV_38,hard_negative_train
DARTIS_2019,4433,nw,no_oil_water,nw-1209-07-000131.jpg,640,640,0,S1A_IW_GRDH_1SDV_20191007T155712_20191007T155737_029355_035652_8FCF.SAFE,ID_3,S1A_IW_GRDH_1SDV_20191007T155712_20191007T155737_029355_035652_8FCF.SAFE,S1_20191007_155647_155827_VV_46,hard_negative_train
DARTIS_2019,4933,nw,no_oil_water,nw-1709-10-000117.jpg,640,640,0,S1A_IW_GRDH_1SDV_20191007T155712_20191007T155737_029355_035652_8FCF.SAFE,ID_3,S1A_IW_GRDH_1SDV_20191007T155712_20191007T155737_029355_035652_8FCF.SAFE,S1_20191007_155647_155827_VV_33,hard_negative_train
DARTIS_2019,4934,nw,no_oil_water,nw-1710-10-000118.jpg,640,640,0,S1A_IW_GRDH_1SDV_20191007T155712_20191007T155737_029355_035652_8FCF.SAFE,ID_3,S1A_IW_GRDH_1SDV_20191007T155712_20191007T155737_029355_035652_8FCF.SAFE,S1_20191007_155647_155827_VV_47,hard_negative_train
DARTIS_2019,3354,nw,no_oil_water,nw-0130-00-000130.jpg,640,640,0,S1A_IW_GRDH_1SDV_20191007T155737_20191007T155802_029355_035652_1009.SAFE,ID_3,S1A_IW_GRDH_1SDV_20191007T155737_20191007T155802_029355_035652_1009.SAFE,S1_20191007_155647_155827_VV_66,hard_negative_train
DARTIS_2019,4090,nw,no_oil_water,nw-0866-05-000120.jpg,640,640,0,S1A_IW_GRDH_1SDV_20191007T155737_20191007T155802_029355_035652_1009.SAFE,ID_3,S1A_IW_GRDH_1SDV_20191007T155737_20191007T155802_029355_035652_1009.SAFE,S1_20191007_155647_155827_VV_67,hard_negative_train
DARTIS_2019,4582,nw,no_oil_water,nw-1358-08-000109.jpg,640,640,0,S1A_IW_GRDH_1SDV_20191007T155802_20191007T155827_029355_035652_6903.SAFE,ID_3,S1A_IW_GRDH_1SDV_20191007T155802_20191007T155827_029355_035652_6903.SAFE,S1_20191007_155647_155827_VV_73,hard_negative_train
DARTIS_2019,4583,nw,no_oil_water,nw-1359-08-000110.jpg,640,640,0,S1A_IW_GRDH_1SDV_20191007T155802_20191007T155827_029355_035652_6903.SAFE,ID_3,S1A_IW_GRDH_1SDV_20191007T155802_20191007T155827_029355_035652_6903.SAFE,S1_20191007_155647_155827_VV_78,hard_negative_train
DARTIS_2019,3694,nw,no_oil_water,nw-0470-02-000127.jpg,640,640,0,S1A_IW_GRDH_1SDV_20191009T154131_20191009T154156_029384_035749_9F6C.SAFE,ID_3,S1A_IW_GRDH_1SDV_20191009T154131_20191009T154156_029384_035749_9F6C.SAFE,S1_20191009_154016_154156_VV_63,hard_negative_train
DARTIS_2019,4283,nw,no_oil_water,nw-1059-06-000147.jpg,640,640,0,S1A_IW_GRDH_1SDV_20191009T154131_20191009T154156_029384_035749_9F6C.SAFE,ID_3,S1A_IW_GRDH_1SDV_20191009T154131_20191009T154156_029384_035749_9F6C.SAFE,S1_20191009_154016_154156_VV_32,hard_negative_train
DARTIS_2019,4435,nw,no_oil_water,nw-1211-07-000133.jpg,640,640,0,S1A_IW_GRDH_1SDV_20191010T034306_20191010T034331_029391_035788_5523.SAFE,ID_3,S1A_IW_GRDH_1SDV_20191010T034306_20191010T034331_029391_035788_5523.SAFE,S1_20191010_034306_034446_VV_23,hard_negative_train
DARTIS_2019,4936,nw,no_oil_water,nw-1712-10-000120.jpg,640,640,0,S1A_IW_GRDH_1SDV_20191010T034306_20191010T034331_029391_035788_5523.SAFE,ID_3,S1A_IW_GRDH_1SDV_20191010T034306_20191010T034331_029391_035788_5523.SAFE,S1_20191010_034306_034446_VV_118,hard_negative_train
DARTIS_2019,4937,nw,no_oil_water,nw-1713-10-000121.jpg,640,640,0,S1A_IW_GRDH_1SDV_20191010T034306_20191010T034331_029391_035788_5523.SAFE,ID_3,S1A_IW_GRDH_1SDV_20191010T034306_20191010T034331_029391_035788_5523.SAFE,S1_20191010_034306_034446_VV_29,hard_negative_train
DARTIS_2019,3849,nw,no_oil_water,nw-0625-03-000122.jpg,640,640,0,S1A_IW_GRDH_1SDV_20191014T154845_20191014T154910_029457_0359DE_D1AE.SAFE,ID_3,S1A_IW_GRDH_1SDV_20191014T154845_20191014T154910_029457_0359DE_D1AE.SAFE,S1_20191014_154845_155025_VV_140,hard_negative_train
DARTIS_2019,3696,nw,no_oil_water,nw-0472-02-000129.jpg,640,640,0,S1A_IW_GRDH_1SDV_20191014T154910_20191014T154935_029457_0359DE_77C2.SAFE,ID_3,S1A_IW_GRDH_1SDV_20191014T154910_20191014T154935_029457_0359DE_77C2.SAFE,S1_20191014_154845_155025_VV_40,hard_negative_train
DARTIS_2019,4096,nw,no_oil_water,nw-0872-05-000126.jpg,640,640,0,S1A_IW_GRDH_1SDV_20191014T154910_20191014T154935_029457_0359DE_77C2.SAFE,ID_3,S1A_IW_GRDH_1SDV_20191014T154910_20191014T154935_029457_0359DE_77C2.SAFE,S1_20191014_154845_155025_VV_145,hard_negative_train
DARTIS_2019,4437,nw,no_oil_water,nw-1213-07-000135.jpg,640,640,0,S1A_IW_GRDH_1SDV_20191014T154910_20191014T154935_029457_0359DE_77C2.SAFE,ID_3,S1A_IW_GRDH_1SDV_20191014T154910_20191014T154935_029457_0359DE_77C2.SAFE,S1_20191014_154845_155025_VV_29,hard_negative_train
DARTIS_2019,4939,nw,no_oil_water,nw-1715-10-000123.jpg,640,640,0,S1A_IW_GRDH_1SDV_20191014T154910_20191014T154935_029457_0359DE_77C2.SAFE,ID_3,S1A_IW_GRDH_1SDV_20191014T154910_20191014T154935_029457_0359DE_77C2.SAFE,S1_20191014_154845_155025_VV_31,hard_negative_train
DARTIS_2019,4940,nw,no_oil_water,nw-1716-10-000124.jpg,640,640,0,S1A_IW_GRDH_1SDV_20191014T154910_20191014T154935_029457_0359DE_77C2.SAFE,ID_3,S1A_IW_GRDH_1SDV_20191014T154910_20191014T154935_029457_0359DE_77C2.SAFE,S1_20191014_154845_155025_VV_32,hard_negative_train
DARTIS_2019,4941,nw,no_oil_water,nw-1717-10-000125.jpg,640,640,0,S1A_IW_GRDH_1SDV_20191014T154910_20191014T154935_029457_0359DE_77C2.SAFE,ID_3,S1A_IW_GRDH_1SDV_20191014T154910_20191014T154935_029457_0359DE_77C2.SAFE,S1_20191014_154845_155025_VV_36,hard_negative_train
DARTIS_2019,3358,nw,no_oil_water,nw-0134-00-000134.jpg,640,640,0,S1A_IW_GRDH_1SDV_20191014T154910_20191014T154935_029457_0359DE_77C2.SAFE;S1A_IW_GRDH_1SDV_20191014T154845_20191014T154910_029457_0359DE_D1AE.SAFE,ID_3,S1A_IW_GRDH_1SDV_20191014T154910_20191014T154935_029457_0359DE_77C2.SAFE;S1A_IW_GRDH_1SDV_20191014T154845_20191014T154910_029457_0359DE_D1AE.SAFE,S1_20191014_154845_155025_VV_20,hard_negative_train
DARTIS_2019,4284,nw,no_oil_water,nw-1060-06-000148.jpg,640,640,0,S1A_IW_GRDH_1SDV_20191014T154910_20191014T154935_029457_0359DE_77C2.SAFE;S1A_IW_GRDH_1SDV_20191014T154845_20191014T154910_029457_0359DE_D1AE.SAFE,ID_3,S1A_IW_GRDH_1SDV_20191014T154910_20191014T154935_029457_0359DE_77C2.SAFE;S1A_IW_GRDH_1SDV_20191014T154845_20191014T154910_029457_0359DE_D1AE.SAFE,S1_20191014_154845_155025_VV_143,hard_negative_train
DARTIS_2019,3957,nw,no_oil_water,nw-0733-04-000068.jpg,640,640,0,S1A_IW_GRDH_1SDV_20191014T154935_20191014T155000_029457_0359DE_42F0.SAFE,ID_3,S1A_IW_GRDH_1SDV_20191014T154935_20191014T155000_029457_0359DE_42F0.SAFE,S1_20191014_154845_155025_VV_174,hard_negative_train
DARTIS_2019,4585,nw,no_oil_water,nw-1361-08-000112.jpg,640,640,0,S1A_IW_GRDH_1SDV_20191014T154935_20191014T155000_029457_0359DE_42F0.SAFE,ID_3,S1A_IW_GRDH_1SDV_20191014T154935_20191014T155000_029457_0359DE_42F0.SAFE,S1_20191014_154845_155025_VV_171,hard_negative_train
DARTIS_2019,4783,nw,no_oil_water,nw-1559-09-000135.jpg,640,640,0,S1A_IW_GRDH_1SDV_20191014T154935_20191014T155000_029457_0359DE_42F0.SAFE,ID_3,S1A_IW_GRDH_1SDV_20191014T154935_20191014T155000_029457_0359DE_42F0.SAFE,S1_20191014_154845_155025_VV_57,hard_negative_train
DARTIS_2019,3850,nw,no_oil_water,nw-0626-03-000123.jpg,640,640,0,S1A_IW_GRDH_1SDV_20191014T155000_20191014T155025_029457_0359DE_FB77.SAFE;S1A_IW_GRDH_1SDV_20191014T154935_20191014T155000_029457_0359DE_42F0.SAFE,ID_3,S1A_IW_GRDH_1SDV_20191014T155000_20191014T155025_029457_0359DE_FB77.SAFE;S1A_IW_GRDH_1SDV_20191014T154935_20191014T155000_029457_0359DE_42F0.SAFE,S1_20191014_154845_155025_VV_81,hard_negative_train
DARTIS_2019,3697,nw,no_oil_water,nw-0473-02-000130.jpg,640,640,0,S1A_IW_GRDH_1SDV_20191015T035126_20191015T035151_029464_035A19_9F94.SAFE,ID_3,S1A_IW_GRDH_1SDV_20191015T035126_20191015T035151_029464_035A19_9F94.SAFE,S1_20191015_035126_035307_VV_19,hard_negative_train
DARTIS_2019,4784,nw,no_oil_water,nw-1560-09-000136.jpg,640,640,0,S1A_IW_GRDH_1SDV_20191015T035126_20191015T035151_029464_035A19_9F94.SAFE,ID_3,S1A_IW_GRDH_1SDV_20191015T035126_20191015T035151_029464_035A19_9F94.SAFE,S1_20191015_035126_035307_VV_20,hard_negative_train
DARTIS_2019,3854,nw,no_oil_water,nw-0630-03-000127.jpg,640,640,0,S1A_IW_GRDH_1SDV_20191017T033503_20191017T033528_029493_035B12_9595.SAFE,ID_3,S1A_IW_GRDH_1SDV_20191017T033503_20191017T033528_029493_035B12_9595.SAFE,S1_20191017_033503_033643_VV_7,hard_negative_train
DARTIS_2019,4439,nw,no_oil_water,nw-1215-07-000137.jpg,640,640,0,S1A_IW_GRDH_1SDV_20191017T033503_20191017T033528_029493_035B12_9595.SAFE,ID_3,S1A_IW_GRDH_1SDV_20191017T033503_20191017T033528_029493_035B12_9595.SAFE,S1_20191017_033503_033643_VV_25,hard_negative_train
DARTIS_2019,4288,nw,no_oil_water,nw-1064-06-000152.jpg,640,640,0,S1A_IW_GRDH_1SDV_20191019T155712_20191019T155737_029530_035C5B_D123.SAFE,ID_3,S1A_IW_GRDH_1SDV_20191019T155712_20191019T155737_029530_035C5B_D123.SAFE,S1_20191019_155647_155827_VV_94,hard_negative_train
DARTIS_2019,3519,nw,no_oil_water,nw-0295-01-000123.jpg,640,640,0,S1A_IW_GRDH_1SDV_20191019T155737_20191019T155802_029530_035C5B_E72A.SAFE,ID_3,S1A_IW_GRDH_1SDV_20191019T155737_20191019T155802_029530_035C5B_E72A.SAFE,S1_20191019_155647_155827_VV_73,hard_negative_train
DARTIS_2019,3959,nw,no_oil_water,nw-0735-04-000070.jpg,640,640,0,S1A_IW_GRDH_1SDV_20191019T155737_20191019T155802_029530_035C5B_E72A.SAFE,ID_3,S1A_IW_GRDH_1SDV_20191019T155737_20191019T155802_029530_035C5B_E72A.SAFE,S1_20191019_155647_155827_VV_112,hard_negative_train
DARTIS_2019,4287,nw,no_oil_water,nw-1063-06-000151.jpg,640,640,0,S1A_IW_GRDH_1SDV_20191019T155737_20191019T155802_029530_035C5B_E72A.SAFE,ID_3,S1A_IW_GRDH_1SDV_20191019T155737_20191019T155802_029530_035C5B_E72A.SAFE,S1_20191019_155647_155827_VV_122,hard_negative_train
DARTIS_2019,3855,nw,no_oil_water,nw-0631-03-000128.jpg,640,640,0,S1A_IW_GRDH_1SDV_20191019T155737_20191019T155802_029530_035C5B_E72A.SAFE;S1A_IW_GRDH_1SDV_20191019T155712_20191019T155737_029530_035C5B_D123.SAFE,ID_3,S1A_IW_GRDH_1SDV_20191019T155737_20191019T155802_029530_035C5B_E72A.SAFE;S1A_IW_GRDH_1SDV_20191019T155712_20191019T155737_029530_035C5B_D123.SAFE,S1_20191019_155647_155827_VV_102,hard_negative_train
DARTIS_2019,3520,nw,no_oil_water,nw-0296-01-000124.jpg,640,640,0,S1A_IW_GRDH_1SDV_20191020T040026_20191020T040051_029537_035C98_A5AA.SAFE,ID_3,S1A_IW_GRDH_1SDV_20191020T040026_20191020T040051_029537_035C98_A5AA.SAFE,S1_20191020_035936_040116_VV_82,hard_negative_train
DARTIS_2019,3856,nw,no_oil_water,nw-0632-03-000129.jpg,640,640,0,S1A_IW_GRDH_1SDV_20191020T040026_20191020T040051_029537_035C98_A5AA.SAFE,ID_3,S1A_IW_GRDH_1SDV_20191020T040026_20191020T040051_029537_035C98_A5AA.SAFE,S1_20191020_035936_040116_VV_63,hard_negative_train
DARTIS_2019,4101,nw,no_oil_water,nw-0877-05-000131.jpg,640,640,0,S1A_IW_GRDH_1SDV_20191020T040026_20191020T040051_029537_035C98_A5AA.SAFE,ID_3,S1A_IW_GRDH_1SDV_20191020T040026_20191020T040051_029537_035C98_A5AA.SAFE,S1_20191020_035936_040116_VV_54,hard_negative_train
DARTIS_2019,5145,nw,no_oil_water,nw-1921-11-000155.jpg,640,640,0,S1A_IW_GRDH_1SDV_20191020T040026_20191020T040051_029537_035C98_A5AA.SAFE,ID_3,S1A_IW_GRDH_1SDV_20191020T040026_20191020T040051_029537_035C98_A5AA.SAFE,S1_20191020_035936_040116_VV_120,hard_negative_train
DARTIS_2019,5146,nw,no_oil_water,nw-1922-11-000156.jpg,640,640,0,S1A_IW_GRDH_1SDV_20191020T040026_20191020T040051_029537_035C98_A5AA.SAFE,ID_3,S1A_IW_GRDH_1SDV_20191020T040026_20191020T040051_029537_035C98_A5AA.SAFE,S1_20191020_035936_040116_VV_47,hard_negative_train
DARTIS_2019,4102,nw,no_oil_water,nw-0878-05-000132.jpg,640,640,0,S1A_IW_GRDH_1SDV_20191021T154106_20191021T154131_029559_035D56_48DB.SAFE,ID_3,S1A_IW_GRDH_1SDV_20191021T154106_20191021T154131_029559_035D56_48DB.SAFE,S1_20191021_154016_154156_VV_11,hard_negative_train
DARTIS_2019,4291,nw,no_oil_water,nw-1067-06-000155.jpg,640,640,0,S1A_IW_GRDH_1SDV_20191021T154106_20191021T154131_029559_035D56_48DB.SAFE,ID_3,S1A_IW_GRDH_1SDV_20191021T154106_20191021T154131_029559_035D56_48DB.SAFE,S1_20191021_154016_154156_VV_101,hard_negative_train
DARTIS_2019,4944,nw,no_oil_water,nw-1720-10-000128.jpg,640,640,0,S1A_IW_GRDH_1SDV_20191021T154131_20191021T154156_029559_035D56_1CD1.SAFE;S1A_IW_GRDH_1SDV_20191021T154106_20191021T154131_029559_035D56_48DB.SAFE,ID_3,S1A_IW_GRDH_1SDV_20191021T154131_20191021T154156_029559_035D56_1CD1.SAFE;S1A_IW_GRDH_1SDV_20191021T154106_20191021T154131_029559_035D56_48DB.SAFE,S1_20191021_154016_154156_VV_34,hard_negative_train
DARTIS_2019,4945,nw,no_oil_water,nw-1721-10-000129.jpg,640,640,0,S1A_IW_GRDH_1SDV_20191021T154131_20191021T154156_029559_035D56_1CD1.SAFE;S1A_IW_GRDH_1SDV_20191021T154106_20191021T154131_029559_035D56_48DB.SAFE,ID_3,S1A_IW_GRDH_1SDV_20191021T154131_20191021T154156_029559_035D56_1CD1.SAFE;S1A_IW_GRDH_1SDV_20191021T154106_20191021T154131_029559_035D56_48DB.SAFE,S1_20191021_154016_154156_VV_37,hard_negative_train
DARTIS_2019,3524,nw,no_oil_water,nw-0300-01-000128.jpg,640,640,0,S1A_IW_GRDH_1SDV_20191022T034331_20191022T034356_029566_035D93_9262.SAFE,ID_3,S1A_IW_GRDH_1SDV_20191022T034331_20191022T034356_029566_035D93_9262.SAFE,S1_20191022_034306_034446_VV_121,hard_negative_train
DARTIS_2019,4589,nw,no_oil_water,nw-1365-08-000116.jpg,640,640,0,S1A_IW_GRDH_1SDV_20191024T160523_20191024T160548_029603_035EE4_64F7.SAFE,ID_3,S1A_IW_GRDH_1SDV_20191024T160523_20191024T160548_029603_035EE4_64F7.SAFE,S1_20191024_160458_160638_VV_27,hard_negative_train
DARTIS_2019,3961,nw,no_oil_water,nw-0737-04-000072.jpg,640,640,0,S1A_IW_GRDH_1SDV_20191026T155000_20191026T155025_029632_035FDD_D78E.SAFE,ID_3,S1A_IW_GRDH_1SDV_20191026T155000_20191026T155025_029632_035FDD_D78E.SAFE,S1_20191026_154845_155025_VV_35,hard_negative_train
DARTIS_2019,4103,nw,no_oil_water,nw-0879-05-000133.jpg,640,640,0,S1A_IW_GRDH_1SDV_20191026T155000_20191026T155025_029632_035FDD_D78E.SAFE,ID_3,S1A_IW_GRDH_1SDV_20191026T155000_20191026T155025_029632_035FDD_D78E.SAFE,S1_20191026_154845_155025_VV_32,hard_negative_train
DARTIS_2019,4104,nw,no_oil_water,nw-0880-05-000134.jpg,640,640,0,S1A_IW_GRDH_1SDV_20191026T155000_20191026T155025_029632_035FDD_D78E.SAFE,ID_3,S1A_IW_GRDH_1SDV_20191026T155000_20191026T155025_029632_035FDD_D78E.SAFE,S1_20191026_154845_155025_VV_43,hard_negative_train
DARTIS_2019,4105,nw,no_oil_water,nw-0881-05-000135.jpg,640,640,0,S1A_IW_GRDH_1SDV_20191027T035151_20191027T035216_029639_036018_ED9F.SAFE,ID_3,S1A_IW_GRDH_1SDV_20191027T035151_20191027T035216_029639_036018_ED9F.SAFE,S1_20191027_035126_035307_VV_52,hard_negative_train
DARTIS_2019,4591,nw,no_oil_water,nw-1367-08-000118.jpg,640,640,0,S1A_IW_GRDH_1SDV_20191027T035216_20191027T035241_029639_036018_3127.SAFE,ID_3,S1A_IW_GRDH_1SDV_20191027T035216_20191027T035241_029639_036018_3127.SAFE,S1_20191027_035126_035307_VV_96,hard_negative_train
DARTIS_2019,3361,nw,no_oil_water,nw-0137-00-000137.jpg,640,640,0,S1A_IW_GRDH_1SDV_20191029T033458_20191029T033523_029668_036124_BC57.SAFE,ID_3,S1A_IW_GRDH_1SDV_20191029T033458_20191029T033523_029668_036124_BC57.SAFE,S1_20191029_033458_033638_VV_13,hard_negative_train
DARTIS_2019,3525,nw,no_oil_water,nw-0301-01-000129.jpg,640,640,0,S1A_IW_GRDH_1SDV_20191029T033458_20191029T033523_029668_036124_BC57.SAFE,ID_3,S1A_IW_GRDH_1SDV_20191029T033458_20191029T033523_029668_036124_BC57.SAFE,S1_20191029_033458_033638_VV_32,hard_negative_train
DARTIS_2019,4106,nw,no_oil_water,nw-0882-05-000136.jpg,640,640,0,S1A_IW_GRDH_1SDV_20191029T033523_20191029T033548_029668_036124_3258.SAFE,ID_3,S1A_IW_GRDH_1SDV_20191029T033523_20191029T033548_029668_036124_3258.SAFE,S1_20191029_033458_033638_VV_58,hard_negative_train
DARTIS_2019,4292,nw,no_oil_water,nw-1068-06-000156.jpg,640,640,0,S1A_IW_GRDH_1SDV_20191031T155737_20191031T155802_029705_036271_CAC2.SAFE;S1A_IW_GRDH_1SDV_20191031T155712_20191031T155737_029705_036271_F756.SAFE,ID_3,S1A_IW_GRDH_1SDV_20191031T155737_20191031T155802_029705_036271_CAC2.SAFE;S1A_IW_GRDH_1SDV_20191031T155712_20191031T155737_029705_036271_F756.SAFE,S1_20191031_155647_155827_VV_42,hard_negative_train
DARTIS_2019,4601,nw,no_oil_water,nw-1377-08-000128.jpg,640,640,0,S1A_IW_GRDH_1SDV_20191031T155802_20191031T155827_029705_036271_A67B.SAFE,ID_3,S1A_IW_GRDH_1SDV_20191031T155802_20191031T155827_029705_036271_A67B.SAFE,S1_20191031_155647_155827_VV_93,hard_negative_train
DARTIS_2019,4602,nw,no_oil_water,nw-1378-08-000129.jpg,640,640,0,S1A_IW_GRDH_1SDV_20191031T155802_20191031T155827_029705_036271_A67B.SAFE,ID_3,S1A_IW_GRDH_1SDV_20191031T155802_20191031T155827_029705_036271_A67B.SAFE,S1_20191031_155647_155827_VV_95,hard_negative_train
DARTIS_2019,3530,nw,no_oil_water,nw-0306-01-000134.jpg,640,640,0,S1A_IW_GRDH_1SDV_20191101T040001_20191101T040026_029712_0362AE_2614.SAFE,ID_3,S1A_IW_GRDH_1SDV_20191101T040001_20191101T040026_029712_0362AE_2614.SAFE,S1_20191101_035936_040116_VV_19,hard_negative_train
DARTIS_2019,3364,nw,no_oil_water,nw-0140-00-000140.jpg,640,640,0,S1A_IW_GRDH_1SDV_20191102T154042_20191102T154107_029734_036369_8794.SAFE,ID_3,S1A_IW_GRDH_1SDV_20191102T154042_20191102T154107_029734_036369_8794.SAFE,S1_20191102_154017_154157_VV_90,hard_negative_train
DARTIS_2019,3531,nw,no_oil_water,nw-0307-01-000135.jpg,640,640,0,S1A_IW_GRDH_1SDV_20191102T154107_20191102T154132_029734_036369_FE5F.SAFE,ID_3,S1A_IW_GRDH_1SDV_20191102T154107_20191102T154132_029734_036369_FE5F.SAFE,S1_20191102_154017_154157_VV_101,hard_negative_train
DARTIS_2019,3363,nw,no_oil_water,nw-0139-00-000139.jpg,640,640,0,S1A_IW_GRDH_1SDV_20191102T154132_20191102T154157_029734_036369_DF53.SAFE,ID_3,S1A_IW_GRDH_1SDV_20191102T154132_20191102T154157_029734_036369_DF53.SAFE,S1_20191102_154017_154157_VV_112,hard_negative_train
DARTIS_2019,4449,nw,no_oil_water,nw-1225-07-000147.jpg,640,640,0,S1A_IW_GRDH_1SDV_20191102T154132_20191102T154157_029734_036369_DF53.SAFE,ID_3,S1A_IW_GRDH_1SDV_20191102T154132_20191102T154157_029734_036369_DF53.SAFE,S1_20191102_154017_154157_VV_82,hard_negative_train
DARTIS_2019,4789,nw,no_oil_water,nw-1565-09-000141.jpg,640,640,0,S1A_IW_GRDH_1SDV_20191102T154132_20191102T154157_029734_036369_DF53.SAFE,ID_3,S1A_IW_GRDH_1SDV_20191102T154132_20191102T154157_029734_036369_DF53.SAFE,S1_20191102_154017_154157_VV_77,hard_negative_train
DARTIS_2019,4952,nw,no_oil_water,nw-1728-10-000136.jpg,640,640,0,S1A_IW_GRDH_1SDV_20191102T154132_20191102T154157_029734_036369_DF53.SAFE,ID_3,S1A_IW_GRDH_1SDV_20191102T154132_20191102T154157_029734_036369_DF53.SAFE,S1_20191102_154017_154157_VV_56,hard_negative_train
DARTIS_2019,3532,nw,no_oil_water,nw-0308-01-000136.jpg,640,640,0,S1A_IW_GRDH_1SDV_20191103T034332_20191103T034357_029741_0363B0_BB8A.SAFE,ID_3,S1A_IW_GRDH_1SDV_20191103T034332_20191103T034357_029741_0363B0_BB8A.SAFE,S1_20191103_034307_034447_VV_66,hard_negative_train
DARTIS_2019,3533,nw,no_oil_water,nw-0309-01-000137.jpg,640,640,0,S1A_IW_GRDH_1SDV_20191103T034332_20191103T034357_029741_0363B0_BB8A.SAFE,ID_3,S1A_IW_GRDH_1SDV_20191103T034332_20191103T034357_029741_0363B0_BB8A.SAFE,S1_20191103_034307_034447_VV_79,hard_negative_train
DARTIS_2019,4108,nw,no_oil_water,nw-0884-05-000138.jpg,640,640,0,S1A_IW_GRDH_1SDV_20191103T034332_20191103T034357_029741_0363B0_BB8A.SAFE;S1A_IW_GRDH_1SDV_20191103T034307_20191103T034332_029741_0363B0_31DA.SAFE,ID_3,S1A_IW_GRDH_1SDV_20191103T034332_20191103T034357_029741_0363B0_BB8A.SAFE;S1A_IW_GRDH_1SDV_20191103T034307_20191103T034332_029741_0363B0_31DA.SAFE,S1_20191103_034307_034447_VV_45,hard_negative_train
DARTIS_2019,4450,nw,no_oil_water,nw-1226-07-000148.jpg,640,640,0,S1A_IW_GRDH_1SDV_20191103T034357_20191103T034422_029741_0363B0_2903.SAFE,ID_3,S1A_IW_GRDH_1SDV_20191103T034357_20191103T034422_029741_0363B0_2903.SAFE,S1_20191103_034307_034447_VV_144,hard_negative_train
DARTIS_2019,4293,nw,no_oil_water,nw-1069-06-000157.jpg,640,640,0,S1A_IW_GRDH_1SDV_20191107T154935_20191107T155000_029807_03660E_C039.SAFE,ID_3,S1A_IW_GRDH_1SDV_20191107T154935_20191107T155000_029807_03660E_C039.SAFE,S1_20191107_154845_155025_VV_1,hard_negative_train
DARTIS_2019,4791,nw,no_oil_water,nw-1567-09-000143.jpg,640,640,0,S1A_IW_GRDH_1SDV_20191107T154935_20191107T155000_029807_03660E_C039.SAFE,ID_3,S1A_IW_GRDH_1SDV_20191107T154935_20191107T155000_029807_03660E_C039.SAFE,S1_20191107_154845_155025_VV_68,hard_negative_train
DARTIS_2019,3534,nw,no_oil_water,nw-0310-01-000138.jpg,640,640,0,S1A_IW_GRDH_1SDV_20191107T155000_20191107T155025_029807_03660E_E0E7.SAFE,ID_3,S1A_IW_GRDH_1SDV_20191107T155000_20191107T155025_029807_03660E_E0E7.SAFE,S1_20191107_154845_155025_VV_75,hard_negative_train
DARTIS_2019,5148,nw,no_oil_water,nw-1924-11-000158.jpg,640,640,0,S1A_IW_GRDH_1SDV_20191107T155000_20191107T155025_029807_03660E_E0E7.SAFE,ID_3,S1A_IW_GRDH_1SDV_20191107T155000_20191107T155025_029807_03660E_E0E7.SAFE,S1_20191107_154845_155025_VV_28,hard_negative_train
DARTIS_2019,5149,nw,no_oil_water,nw-1925-11-000159.jpg,640,640,0,S1A_IW_GRDH_1SDV_20191107T155000_20191107T155025_029807_03660E_E0E7.SAFE,ID_3,S1A_IW_GRDH_1SDV_20191107T155000_20191107T155025_029807_03660E_E0E7.SAFE,S1_20191107_154845_155025_VV_35,hard_negative_train
DARTIS_2019,5150,nw,no_oil_water,nw-1926-11-000160.jpg,640,640,0,S1A_IW_GRDH_1SDV_20191107T155000_20191107T155025_029807_03660E_E0E7.SAFE,ID_3,S1A_IW_GRDH_1SDV_20191107T155000_20191107T155025_029807_03660E_E0E7.SAFE,S1_20191107_154845_155025_VV_44,hard_negative_train
DARTIS_2019,5151,nw,no_oil_water,nw-1927-11-000161.jpg,640,640,0,S1A_IW_GRDH_1SDV_20191107T155000_20191107T155025_029807_03660E_E0E7.SAFE,ID_3,S1A_IW_GRDH_1SDV_20191107T155000_20191107T155025_029807_03660E_E0E7.SAFE,S1_20191107_154845_155025_VV_46,hard_negative_train
DARTIS_2019,4294,nw,no_oil_water,nw-1070-06-000158.jpg,640,640,0,S1A_IW_GRDH_1SDV_20191108T035241_20191108T035307_029814_03664C_D351.SAFE,ID_3,S1A_IW_GRDH_1SDV_20191108T035241_20191108T035307_029814_03664C_D351.SAFE,S1_20191108_035126_035307_VV_114,hard_negative_train
DARTIS_2019,4451,nw,no_oil_water,nw-1227-07-000149.jpg,640,640,0,S1A_IW_GRDH_1SDV_20191113T035936_20191113T040001_029887_0368D2_1D62.SAFE,ID_3,S1A_IW_GRDH_1SDV_20191113T035936_20191113T040001_029887_0368D2_1D62.SAFE,S1_20191113_035936_040116_VV_30,hard_negative_train
DARTIS_2019,4793,nw,no_oil_water,nw-1569-09-000145.jpg,640,640,0,S1A_IW_GRDH_1SDV_20191113T035936_20191113T040001_029887_0368D2_1D62.SAFE,ID_3,S1A_IW_GRDH_1SDV_20191113T035936_20191113T040001_029887_0368D2_1D62.SAFE,S1_20191113_035936_040116_VV_18,hard_negative_train
DARTIS_2019,3865,nw,no_oil_water,nw-0641-03-000138.jpg,640,640,0,S1A_IW_GRDH_1SDV_20191115T034331_20191115T034356_029916_0369D3_4DBE.SAFE,ID_3,S1A_IW_GRDH_1SDV_20191115T034331_20191115T034356_029916_0369D3_4DBE.SAFE,S1_20191115_034306_034446_VV_57,hard_negative_train
DARTIS_2019,5153,nw,no_oil_water,nw-1929-11-000163.jpg,640,640,0,S1A_IW_GRDH_1SDV_20191115T034331_20191115T034356_029916_0369D3_4DBE.SAFE,ID_3,S1A_IW_GRDH_1SDV_20191115T034331_20191115T034356_029916_0369D3_4DBE.SAFE,S1_20191115_034306_034446_VV_29,hard_negative_train
DARTIS_2019,3536,nw,no_oil_water,nw-0312-01-000140.jpg,640,640,0,S1A_IW_GRDH_1SDV_20191119T154935_20191119T155000_029982_036C1D_FC3B.SAFE,ID_3,S1A_IW_GRDH_1SDV_20191119T154935_20191119T155000_029982_036C1D_FC3B.SAFE,S1_20191119_154845_155025_VV_16,hard_negative_train
DARTIS_2019,3537,nw,no_oil_water,nw-0313-01-000141.jpg,640,640,0,S1A_IW_GRDH_1SDV_20191119T154935_20191119T155000_029982_036C1D_FC3B.SAFE,ID_3,S1A_IW_GRDH_1SDV_20191119T154935_20191119T155000_029982_036C1D_FC3B.SAFE,S1_20191119_154845_155025_VV_21,hard_negative_train
DARTIS_2019,3365,nw,no_oil_water,nw-0141-00-000141.jpg,640,640,0,S1A_IW_GRDH_1SDV_20191119T155000_20191119T155025_029982_036C1D_0E50.SAFE,ID_3,S1A_IW_GRDH_1SDV_20191119T155000_20191119T155025_029982_036C1D_0E50.SAFE,S1_20191119_154845_155025_VV_79,hard_negative_train
DARTIS_2019,4295,nw,no_oil_water,nw-1071-06-000159.jpg,640,640,0,S1A_IW_GRDH_1SDV_20191119T155000_20191119T155025_029982_036C1D_0E50.SAFE,ID_3,S1A_IW_GRDH_1SDV_20191119T155000_20191119T155025_029982_036C1D_0E50.SAFE,S1_20191119_154845_155025_VV_152,hard_negative_train
DARTIS_2019,4954,nw,no_oil_water,nw-1730-10-000138.jpg,640,640,0,S1A_IW_GRDH_1SDV_20191119T155000_20191119T155025_029982_036C1D_0E50.SAFE,ID_3,S1A_IW_GRDH_1SDV_20191119T155000_20191119T155025_029982_036C1D_0E50.SAFE,S1_20191119_154845_155025_VV_71,hard_negative_train
DARTIS_2019,4955,nw,no_oil_water,nw-1731-10-000139.jpg,640,640,0,S1A_IW_GRDH_1SDV_20191119T155000_20191119T155025_029982_036C1D_0E50.SAFE,ID_3,S1A_IW_GRDH_1SDV_20191119T155000_20191119T155025_029982_036C1D_0E50.SAFE,S1_20191119_154845_155025_VV_72,hard_negative_train
DARTIS_2019,4606,nw,no_oil_water,nw-1382-08-000133.jpg,640,640,0,S1A_IW_GRDH_1SDV_20191127T034306_20191127T034331_030091_036FE7_8035.SAFE,ID_3,S1A_IW_GRDH_1SDV_20191127T034306_20191127T034331_030091_036FE7_8035.SAFE,S1_20191127_034306_034446_VV_227,hard_negative_train
DARTIS_2019,4607,nw,no_oil_water,nw-1383-08-000134.jpg,640,640,0,S1A_IW_GRDH_1SDV_20191127T034331_20191127T034356_030091_036FE7_55A3.SAFE,ID_3,S1A_IW_GRDH_1SDV_20191127T034331_20191127T034356_030091_036FE7_55A3.SAFE,S1_20191127_034306_034446_VV_74,hard_negative_train
DARTIS_2019,3708,nw,no_oil_water,nw-0484-02-000141.jpg,640,640,0,S1A_IW_GRDH_1SDV_20191201T154909_20191201T154934_030157_03722E_6A79.SAFE,ID_3,S1A_IW_GRDH_1SDV_20191201T154909_20191201T154934_030157_03722E_6A79.SAFE,S1_20191201_154844_155024_VV_90,hard_negative_train
DARTIS_2019,4611,nw,no_oil_water,nw-1387-08-000138.jpg,640,640,0,S1A_IW_GRDH_1SDV_20191201T154909_20191201T154934_030157_03722E_6A79.SAFE,ID_3,S1A_IW_GRDH_1SDV_20191201T154909_20191201T154934_030157_03722E_6A79.SAFE,S1_20191201_154844_155024_VV_86,hard_negative_train
DARTIS_2019,3867,nw,no_oil_water,nw-0643-03-000140.jpg,640,640,0,S1A_IW_GRDH_1SDV_20191201T154959_20191201T155024_030157_03722E_5285.SAFE,ID_3,S1A_IW_GRDH_1SDV_20191201T154959_20191201T155024_030157_03722E_5285.SAFE,S1_20191201_154844_155024_VV_202,hard_negative_train
DARTIS_2019,3542,nw,no_oil_water,nw-0318-01-000146.jpg,640,640,0,S1A_IW_GRDH_1SDV_20191202T035125_20191202T035150_030164_03726A_F802.SAFE,ID_3,S1A_IW_GRDH_1SDV_20191202T035125_20191202T035150_030164_03726A_F802.SAFE,S1_20191202_035125_035307_VV_16,hard_negative_train
DARTIS_2019,4122,nw,no_oil_water,nw-0898-05-000152.jpg,640,640,0,S1A_IW_GRDH_1SDV_20191202T035150_20191202T035215_030164_03726A_5983.SAFE;S1A_IW_GRDH_1SDV_20191202T035125_20191202T035150_030164_03726A_F802.SAFE,ID_3,S1A_IW_GRDH_1SDV_20191202T035150_20191202T035215_030164_03726A_5983.SAFE;S1A_IW_GRDH_1SDV_20191202T035125_20191202T035150_030164_03726A_F802.SAFE,S1_20191202_035125_035307_VV_67,hard_negative_train
DARTIS_2019,3541,nw,no_oil_water,nw-0317-01-000145.jpg,640,640,0,S1A_IW_GRDH_1SDV_20191202T035215_20191202T035240_030164_03726A_C5FF.SAFE,ID_3,S1A_IW_GRDH_1SDV_20191202T035215_20191202T035240_030164_03726A_C5FF.SAFE,S1_20191202_035125_035307_VV_108,hard_negative_train
DARTIS_2019,3380,nw,no_oil_water,nw-0156-00-000156.jpg,640,640,0,S1A_IW_GRDH_1SDV_20191204T033502_20191204T033527_030193_037365_9BAB.SAFE,ID_3,S1A_IW_GRDH_1SDV_20191204T033502_20191204T033527_030193_037365_9BAB.SAFE,S1_20191204_033502_033642_VV_34,hard_negative_train
DARTIS_2019,3544,nw,no_oil_water,nw-0320-01-000148.jpg,640,640,0,S1A_IW_GRDH_1SDV_20191204T033502_20191204T033527_030193_037365_9BAB.SAFE,ID_3,S1A_IW_GRDH_1SDV_20191204T033502_20191204T033527_030193_037365_9BAB.SAFE,S1_20191204_033502_033642_VV_43,hard_negative_train
DARTIS_2019,4459,nw,no_oil_water,nw-1235-07-000157.jpg,640,640,0,S1A_IW_GRDH_1SDV_20191204T033502_20191204T033527_030193_037365_9BAB.SAFE,ID_3,S1A_IW_GRDH_1SDV_20191204T033502_20191204T033527_030193_037365_9BAB.SAFE,S1_20191204_033502_033642_VV_33,hard_negative_train
DARTIS_2019,3868,nw,no_oil_water,nw-0644-03-000141.jpg,640,640,0,S1A_IW_GRDH_1SDV_20191204T033527_20191204T033552_030193_037365_FE53.SAFE,ID_3,S1A_IW_GRDH_1SDV_20191204T033527_20191204T033552_030193_037365_FE53.SAFE,S1_20191204_033502_033642_VV_106,hard_negative_train
DARTIS_2019,3547,nw,no_oil_water,nw-0323-01-000151.jpg,640,640,0,S1A_IW_GRDH_1SDV_20191206T155736_20191206T155801_030230_0374B1_C453.SAFE,ID_3,S1A_IW_GRDH_1SDV_20191206T155736_20191206T155801_030230_0374B1_C453.SAFE,S1_20191206_155646_155826_VV_229,hard_negative_train
DARTIS_2019,3548,nw,no_oil_water,nw-0324-01-000152.jpg,640,640,0,S1A_IW_GRDH_1SDV_20191206T155736_20191206T155801_030230_0374B1_C453.SAFE,ID_3,S1A_IW_GRDH_1SDV_20191206T155736_20191206T155801_030230_0374B1_C453.SAFE,S1_20191206_155646_155826_VV_232,hard_negative_train
DARTIS_2019,3546,nw,no_oil_water,nw-0322-01-000150.jpg,640,640,0,S1A_IW_GRDH_1SDV_20191206T155736_20191206T155801_030230_0374B1_C453.SAFE;S1A_IW_GRDH_1SDV_20191206T155711_20191206T155736_030230_0374B1_03C9.SAFE,ID_3,S1A_IW_GRDH_1SDV_20191206T155736_20191206T155801_030230_0374B1_C453.SAFE;S1A_IW_GRDH_1SDV_20191206T155711_20191206T155736_030230_0374B1_03C9.SAFE,S1_20191206_155646_155826_VV_224,hard_negative_train
DARTIS_2019,3381,nw,no_oil_water,nw-0157-00-000157.jpg,640,640,0,S1A_IW_GRDH_1SDV_20191206T155801_20191206T155826_030230_0374B1_B398.SAFE,ID_3,S1A_IW_GRDH_1SDV_20191206T155801_20191206T155826_030230_0374B1_B398.SAFE,S1_20191206_155646_155826_VV_267,hard_negative_train
DARTIS_2019,3382,nw,no_oil_water,nw-0158-00-000158.jpg,640,640,0,S1A_IW_GRDH_1SDV_20191206T155801_20191206T155826_030230_0374B1_B398.SAFE,ID_3,S1A_IW_GRDH_1SDV_20191206T155801_20191206T155826_030230_0374B1_B398.SAFE,S1_20191206_155646_155826_VV_272,hard_negative_train
DARTIS_2019,3383,nw,no_oil_water,nw-0159-00-000159.jpg,640,640,0,S1A_IW_GRDH_1SDV_20191206T155801_20191206T155826_030230_0374B1_B398.SAFE,ID_3,S1A_IW_GRDH_1SDV_20191206T155801_20191206T155826_030230_0374B1_B398.SAFE,S1_20191206_155646_155826_VV_274,hard_negative_train
DARTIS_2019,4460,nw,no_oil_water,nw-1236-07-000158.jpg,640,640,0,S1A_IW_GRDH_1SDV_20191206T155801_20191206T155826_030230_0374B1_B398.SAFE,ID_3,S1A_IW_GRDH_1SDV_20191206T155801_20191206T155826_030230_0374B1_B398.SAFE,S1_20191206_155646_155826_VV_317,hard_negative_train
DARTIS_2019,4615,nw,no_oil_water,nw-1391-08-000142.jpg,640,640,0,S1A_IW_GRDH_1SDV_20191206T155801_20191206T155826_030230_0374B1_B398.SAFE,ID_3,S1A_IW_GRDH_1SDV_20191206T155801_20191206T155826_030230_0374B1_B398.SAFE,S1_20191206_155646_155826_VV_321,hard_negative_train
DARTIS_2019,3712,nw,no_oil_water,nw-0488-02-000145.jpg,640,640,0,S1A_IW_GRDH_1SDV_20191208T154131_20191208T154156_030259_0375A0_A790.SAFE,ID_3,S1A_IW_GRDH_1SDV_20191208T154131_20191208T154156_030259_0375A0_A790.SAFE,S1_20191208_154016_154156_VV_314,hard_negative_train
DARTIS_2019,3869,nw,no_oil_water,nw-0645-03-000142.jpg,640,640,0,S1A_IW_GRDH_1SDV_20191208T154131_20191208T154156_030259_0375A0_A790.SAFE,ID_3,S1A_IW_GRDH_1SDV_20191208T154131_20191208T154156_030259_0375A0_A790.SAFE,S1_20191208_154016_154156_VV_289,hard_negative_train
DARTIS_2019,4618,nw,no_oil_water,nw-1394-08-000145.jpg,640,640,0,S1A_IW_GRDH_1SDV_20191208T154131_20191208T154156_030259_0375A0_A790.SAFE,ID_3,S1A_IW_GRDH_1SDV_20191208T154131_20191208T154156_030259_0375A0_A790.SAFE,S1_20191208_154016_154156_VV_286,hard_negative_train
DARTIS_2019,4619,nw,no_oil_water,nw-1395-08-000146.jpg,640,640,0,S1A_IW_GRDH_1SDV_20191208T154131_20191208T154156_030259_0375A0_A790.SAFE,ID_3,S1A_IW_GRDH_1SDV_20191208T154131_20191208T154156_030259_0375A0_A790.SAFE,S1_20191208_154016_154156_VV_296,hard_negative_train
DARTIS_2019,4620,nw,no_oil_water,nw-1396-08-000147.jpg,640,640,0,S1A_IW_GRDH_1SDV_20191208T154131_20191208T154156_030259_0375A0_A790.SAFE,ID_3,S1A_IW_GRDH_1SDV_20191208T154131_20191208T154156_030259_0375A0_A790.SAFE,S1_20191208_154016_154156_VV_326,hard_negative_train
DARTIS_2019,4621,nw,no_oil_water,nw-1397-08-000148.jpg,640,640,0,S1A_IW_GRDH_1SDV_20191208T154131_20191208T154156_030259_0375A0_A790.SAFE,ID_3,S1A_IW_GRDH_1SDV_20191208T154131_20191208T154156_030259_0375A0_A790.SAFE,S1_20191208_154016_154156_VV_428,hard_negative_train
DARTIS_2019,3552,nw,no_oil_water,nw-0328-01-000156.jpg,640,640,0,S1A_IW_GRDH_1SDV_20191209T034331_20191209T034356_030266_0375E5_4006.SAFE,ID_3,S1A_IW_GRDH_1SDV_20191209T034331_20191209T034356_030266_0375E5_4006.SAFE,S1_20191209_034306_034446_VV_96,hard_negative_train
DARTIS_2019,3713,nw,no_oil_water,nw-0489-02-000146.jpg,640,640,0,S1A_IW_GRDH_1SDV_20191209T034331_20191209T034356_030266_0375E5_4006.SAFE,ID_3,S1A_IW_GRDH_1SDV_20191209T034331_20191209T034356_030266_0375E5_4006.SAFE,S1_20191209_034306_034446_VV_136,hard_negative_train
DARTIS_2019,3714,nw,no_oil_water,nw-0490-02-000147.jpg,640,640,0,S1A_IW_GRDH_1SDV_20191209T034331_20191209T034356_030266_0375E5_4006.SAFE,ID_3,S1A_IW_GRDH_1SDV_20191209T034331_20191209T034356_030266_0375E5_4006.SAFE,S1_20191209_034306_034446_VV_139,hard_negative_train
DARTIS_2019,4462,nw,no_oil_water,nw-1238-07-000160.jpg,640,640,0,S1A_IW_GRDH_1SDV_20191209T034331_20191209T034356_030266_0375E5_4006.SAFE,ID_3,S1A_IW_GRDH_1SDV_20191209T034331_20191209T034356_030266_0375E5_4006.SAFE,S1_20191209_034306_034446_VV_108,hard_negative_train
DARTIS_2019,4623,nw,no_oil_water,nw-1399-08-000150.jpg,640,640,0,S1A_IW_GRDH_1SDV_20191209T034331_20191209T034356_030266_0375E5_4006.SAFE,ID_3,S1A_IW_GRDH_1SDV_20191209T034331_20191209T034356_030266_0375E5_4006.SAFE,S1_20191209_034306_034446_VV_250,hard_negative_train
DARTIS_2019,4624,nw,no_oil_water,nw-1400-08-000151.jpg,640,640,0,S1A_IW_GRDH_1SDV_20191209T034331_20191209T034356_030266_0375E5_4006.SAFE,ID_3,S1A_IW_GRDH_1SDV_20191209T034331_20191209T034356_030266_0375E5_4006.SAFE,S1_20191209_034306_034446_VV_88,hard_negative_train
DARTIS_2019,4626,nw,no_oil_water,nw-1402-08-000153.jpg,640,640,0,S1A_IW_GRDH_1SDV_20191211T160547_20191211T160612_030303_037740_EFF3.SAFE,ID_3,S1A_IW_GRDH_1SDV_20191211T160547_20191211T160612_030303_037740_EFF3.SAFE,S1_20191211_160457_160637_VV_177,hard_negative_train
DARTIS_2019,3717,nw,no_oil_water,nw-0493-02-000150.jpg,640,640,0,S1A_IW_GRDH_1SDV_20191211T160612_20191211T160637_030303_037740_984C.SAFE,ID_3,S1A_IW_GRDH_1SDV_20191211T160612_20191211T160637_030303_037740_984C.SAFE,S1_20191211_160457_160637_VV_188,hard_negative_train
DARTIS_2019,4124,nw,no_oil_water,nw-0900-05-000154.jpg,640,640,0,S1A_IW_GRDH_1SDV_20191211T160612_20191211T160637_030303_037740_984C.SAFE,ID_3,S1A_IW_GRDH_1SDV_20191211T160612_20191211T160637_030303_037740_984C.SAFE,S1_20191211_160457_160637_VV_138,hard_negative_train
DARTIS_2019,4125,nw,no_oil_water,nw-0901-05-000155.jpg,640,640,0,S1A_IW_GRDH_1SDV_20191211T160612_20191211T160637_030303_037740_984C.SAFE,ID_3,S1A_IW_GRDH_1SDV_20191211T160612_20191211T160637_030303_037740_984C.SAFE,S1_20191211_160457_160637_VV_141,hard_negative_train
DARTIS_2019,4628,nw,no_oil_water,nw-1404-08-000155.jpg,640,640,0,S1A_IW_GRDH_1SDV_20191213T154934_20191213T154959_030332_03783C_5712.SAFE,ID_3,S1A_IW_GRDH_1SDV_20191213T154934_20191213T154959_030332_03783C_5712.SAFE,S1_20191213_154844_155024_VV_138,hard_negative_train
DARTIS_2019,3872,nw,no_oil_water,nw-0648-03-000145.jpg,640,640,0,S1A_IW_GRDH_1SDV_20191213T154959_20191213T155024_030332_03783C_0DB6.SAFE,ID_3,S1A_IW_GRDH_1SDV_20191213T154959_20191213T155024_030332_03783C_0DB6.SAFE,S1_20191213_154844_155024_VV_197,hard_negative_train
DARTIS_2019,3873,nw,no_oil_water,nw-0649-03-000146.jpg,640,640,0,S1A_IW_GRDH_1SDV_20191213T154959_20191213T155024_030332_03783C_0DB6.SAFE,ID_3,S1A_IW_GRDH_1SDV_20191213T154959_20191213T155024_030332_03783C_0DB6.SAFE,S1_20191213_154844_155024_VV_239,hard_negative_train
DARTIS_2019,4127,nw,no_oil_water,nw-0903-05-000157.jpg,640,640,0,S1A_IW_GRDH_1SDV_20191213T154959_20191213T155024_030332_03783C_0DB6.SAFE,ID_3,S1A_IW_GRDH_1SDV_20191213T154959_20191213T155024_030332_03783C_0DB6.SAFE,S1_20191213_154844_155024_VV_179,hard_negative_train
DARTIS_2019,4629,nw,no_oil_water,nw-1405-08-000156.jpg,640,640,0,S1A_IW_GRDH_1SDV_20191213T154959_20191213T155024_030332_03783C_0DB6.SAFE,ID_3,S1A_IW_GRDH_1SDV_20191213T154959_20191213T155024_030332_03783C_0DB6.SAFE,S1_20191213_154844_155024_VV_189,hard_negative_train
DARTIS_2019,3553,nw,no_oil_water,nw-0329-01-000157.jpg,640,640,0,S1A_IW_GRDH_1SDV_20191214T035150_20191214T035215_030339_037875_1D0E.SAFE,ID_3,S1A_IW_GRDH_1SDV_20191214T035150_20191214T035215_030339_037875_1D0E.SAFE,S1_20191214_035125_035306_VV_302,hard_negative_train
DARTIS_2019,3876,nw,no_oil_water,nw-0652-03-000149.jpg,640,640,0,S1A_IW_GRDH_1SDV_20191214T035150_20191214T035215_030339_037875_1D0E.SAFE,ID_3,S1A_IW_GRDH_1SDV_20191214T035150_20191214T035215_030339_037875_1D0E.SAFE,S1_20191214_035125_035306_VV_301,hard_negative_train
DARTIS_2019,3877,nw,no_oil_water,nw-0653-03-000150.jpg,640,640,0,S1A_IW_GRDH_1SDV_20191214T035150_20191214T035215_030339_037875_1D0E.SAFE,ID_3,S1A_IW_GRDH_1SDV_20191214T035150_20191214T035215_030339_037875_1D0E.SAFE,S1_20191214_035125_035306_VV_80,hard_negative_train
DARTIS_2019,4630,nw,no_oil_water,nw-1406-08-000157.jpg,640,640,0,S1A_IW_GRDH_1SDV_20191214T035150_20191214T035215_030339_037875_1D0E.SAFE,ID_3,S1A_IW_GRDH_1SDV_20191214T035150_20191214T035215_030339_037875_1D0E.SAFE,S1_20191214_035125_035306_VV_88,hard_negative_train
DARTIS_2019,3554,nw,no_oil_water,nw-0330-01-000158.jpg,640,640,0,S1A_IW_GRDH_1SDV_20191214T035150_20191214T035215_030339_037875_1D0E.SAFE;S1A_IW_GRDH_1SDV_20191214T035125_20191214T035150_030339_037875_3C8E.SAFE,ID_3,S1A_IW_GRDH_1SDV_20191214T035150_20191214T035215_030339_037875_1D0E.SAFE;S1A_IW_GRDH_1SDV_20191214T035125_20191214T035150_030339_037875_3C8E.SAFE,S1_20191214_035125_035306_VV_78,hard_negative_train
DARTIS_2019,3556,nw,no_oil_water,nw-0332-01-000160.jpg,640,640,0,S1A_IW_GRDH_1SDV_20191216T033502_20191216T033527_030368_037971_985D.SAFE,ID_3,S1A_IW_GRDH_1SDV_20191216T033502_20191216T033527_030368_037971_985D.SAFE,S1_20191216_033502_033642_VV_109,hard_negative_train
DARTIS_2019,3557,nw,no_oil_water,nw-0333-01-000161.jpg,640,640,0,S1A_IW_GRDH_1SDV_20191218T155710_20191218T155735_030405_037AC0_C384.SAFE,ID_3,S1A_IW_GRDH_1SDV_20191218T155710_20191218T155735_030405_037AC0_C384.SAFE,S1_20191218_155645_155825_VV_289,hard_negative_train
DARTIS_2019,3558,nw,no_oil_water,nw-0334-01-000162.jpg,640,640,0,S1A_IW_GRDH_1SDV_20191218T155710_20191218T155735_030405_037AC0_C384.SAFE,ID_3,S1A_IW_GRDH_1SDV_20191218T155710_20191218T155735_030405_037AC0_C384.SAFE,S1_20191218_155645_155825_VV_291,hard_negative_train
DARTIS_2019,3965,nw,no_oil_water,nw-0741-04-000076.jpg,640,640,0,S1A_IW_GRDH_1SDV_20191218T155735_20191218T155800_030405_037AC0_7BA1.SAFE,ID_3,S1A_IW_GRDH_1SDV_20191218T155735_20191218T155800_030405_037AC0_7BA1.SAFE,S1_20191218_155645_155825_VV_308,hard_negative_train
DARTIS_2019,5159,nw,no_oil_water,nw-1935-11-000169.jpg,640,640,0,S1A_IW_GRDH_1SDV_20191218T155735_20191218T155800_030405_037AC0_7BA1.SAFE,ID_3,S1A_IW_GRDH_1SDV_20191218T155735_20191218T155800_030405_037AC0_7BA1.SAFE,S1_20191218_155645_155825_VV_117,hard_negative_train
DARTIS_2019,3385,nw,no_oil_water,nw-0161-00-000161.jpg,640,640,0,S1A_IW_GRDH_1SDV_20191218T155800_20191218T155825_030405_037AC0_AAC3.SAFE,ID_3,S1A_IW_GRDH_1SDV_20191218T155800_20191218T155825_030405_037AC0_AAC3.SAFE,S1_20191218_155645_155825_VV_177,hard_negative_train
DARTIS_2019,3559,nw,no_oil_water,nw-0335-01-000163.jpg,640,640,0,S1A_IW_GRDH_1SDV_20191218T155800_20191218T155825_030405_037AC0_AAC3.SAFE,ID_3,S1A_IW_GRDH_1SDV_20191218T155800_20191218T155825_030405_037AC0_AAC3.SAFE,S1_20191218_155645_155825_VV_329,hard_negative_train
DARTIS_2019,4466,nw,no_oil_water,nw-1242-07-000164.jpg,640,640,0,S1A_IW_GRDH_1SDV_20191218T155800_20191218T155825_030405_037AC0_AAC3.SAFE,ID_3,S1A_IW_GRDH_1SDV_20191218T155800_20191218T155825_030405_037AC0_AAC3.SAFE,S1_20191218_155645_155825_VV_146,hard_negative_train
DARTIS_2019,4467,nw,no_oil_water,nw-1243-07-000165.jpg,640,640,0,S1A_IW_GRDH_1SDV_20191218T155800_20191218T155825_030405_037AC0_AAC3.SAFE,ID_3,S1A_IW_GRDH_1SDV_20191218T155800_20191218T155825_030405_037AC0_AAC3.SAFE,S1_20191218_155645_155825_VV_174,hard_negative_train
DARTIS_2019,4973,nw,no_oil_water,nw-1749-10-000157.jpg,640,640,0,S1A_IW_GRDH_1SDV_20191218T155800_20191218T155825_030405_037AC0_AAC3.SAFE,ID_3,S1A_IW_GRDH_1SDV_20191218T155800_20191218T155825_030405_037AC0_AAC3.SAFE,S1_20191218_155645_155825_VV_143,hard_negative_train
DARTIS_2019,3386,nw,no_oil_water,nw-0162-00-000162.jpg,640,640,0,S1A_IW_GRDH_1SDV_20191219T040000_20191219T040025_030412_037AF3_C394.SAFE,ID_3,S1A_IW_GRDH_1SDV_20191219T040000_20191219T040025_030412_037AF3_C394.SAFE,S1_20191219_035935_040115_VV_70,hard_negative_train
DARTIS_2019,3387,nw,no_oil_water,nw-0163-00-000163.jpg,640,640,0,S1A_IW_GRDH_1SDV_20191219T040000_20191219T040025_030412_037AF3_C394.SAFE,ID_3,S1A_IW_GRDH_1SDV_20191219T040000_20191219T040025_030412_037AF3_C394.SAFE,S1_20191219_035935_040115_VV_76,hard_negative_train
DARTIS_2019,3966,nw,no_oil_water,nw-0742-04-000077.jpg,640,640,0,S1A_IW_GRDH_1SDV_20191219T040025_20191219T040050_030412_037AF3_317B.SAFE,ID_3,S1A_IW_GRDH_1SDV_20191219T040025_20191219T040050_030412_037AF3_317B.SAFE,S1_20191219_035935_040115_VV_182,hard_negative_train
DARTIS_2019,3968,nw,no_oil_water,nw-0744-04-000079.jpg,640,640,0,S1A_IW_GRDH_1SDV_20191220T154105_20191220T154130_030434_037BB3_C3D6.SAFE;S1A_IW_GRDH_1SDV_20191220T154040_20191220T154105_030434_037BB3_A7C8.SAFE,ID_3,S1A_IW_GRDH_1SDV_20191220T154105_20191220T154130_030434_037BB3_C3D6.SAFE;S1A_IW_GRDH_1SDV_20191220T154040_20191220T154105_030434_037BB3_A7C8.SAFE,S1_20191220_154015_154155_VV_360,hard_negative_train
DARTIS_2019,3969,nw,no_oil_water,nw-0745-04-000080.jpg,640,640,0,S1A_IW_GRDH_1SDV_20191220T154105_20191220T154130_030434_037BB3_C3D6.SAFE;S1A_IW_GRDH_1SDV_20191220T154040_20191220T154105_030434_037BB3_A7C8.SAFE,ID_3,S1A_IW_GRDH_1SDV_20191220T154105_20191220T154130_030434_037BB3_C3D6.SAFE;S1A_IW_GRDH_1SDV_20191220T154040_20191220T154105_030434_037BB3_A7C8.SAFE,S1_20191220_154015_154155_VV_364,hard_negative_train
DARTIS_2019,3396,nw,no_oil_water,nw-0172-00-000172.jpg,640,640,0,S1A_IW_GRDH_1SDV_20191221T034305_20191221T034330_030441_037BF3_7BCE.SAFE,ID_3,S1A_IW_GRDH_1SDV_20191221T034305_20191221T034330_030441_037BF3_7BCE.SAFE,S1_20191221_034305_034445_VV_50,hard_negative_train
DARTIS_2019,4302,nw,no_oil_water,nw-1078-06-000166.jpg,640,640,0,S1A_IW_GRDH_1SDV_20191221T034305_20191221T034330_030441_037BF3_7BCE.SAFE,ID_3,S1A_IW_GRDH_1SDV_20191221T034305_20191221T034330_030441_037BF3_7BCE.SAFE,S1_20191221_034305_034445_VV_48,hard_negative_train
DARTIS_2019,4471,nw,no_oil_water,nw-1247-07-000169.jpg,640,640,0,S1A_IW_GRDH_1SDV_20191221T034305_20191221T034330_030441_037BF3_7BCE.SAFE,ID_3,S1A_IW_GRDH_1SDV_20191221T034305_20191221T034330_030441_037BF3_7BCE.SAFE,S1_20191221_034305_034445_VV_19,hard_negative_train
DARTIS_2019,3393,nw,no_oil_water,nw-0169-00-000169.jpg,640,640,0,S1A_IW_GRDH_1SDV_20191221T034330_20191221T034355_030441_037BF3_5BD0.SAFE,ID_3,S1A_IW_GRDH_1SDV_20191221T034330_20191221T034355_030441_037BF3_5BD0.SAFE,S1_20191221_034305_034445_VV_117,hard_negative_train
DARTIS_2019,4987,nw,no_oil_water,nw-1763-10-000171.jpg,640,640,0,S1A_IW_GRDH_1SDV_20191221T034330_20191221T034355_030441_037BF3_5BD0.SAFE,ID_3,S1A_IW_GRDH_1SDV_20191221T034330_20191221T034355_030441_037BF3_5BD0.SAFE,S1_20191221_034305_034445_VV_99,hard_negative_train
DARTIS_2019,3394,nw,no_oil_water,nw-0170-00-000170.jpg,640,640,0,S1A_IW_GRDH_1SDV_20191221T034355_20191221T034420_030441_037BF3_EAD0.SAFE,ID_3,S1A_IW_GRDH_1SDV_20191221T034355_20191221T034420_030441_037BF3_EAD0.SAFE,S1_20191221_034305_034445_VV_148,hard_negative_train
DARTIS_2019,4802,nw,no_oil_water,nw-1578-09-000154.jpg,640,640,0,S1A_IW_GRDH_1SDV_20191221T034355_20191221T034420_030441_037BF3_EAD0.SAFE,ID_3,S1A_IW_GRDH_1SDV_20191221T034355_20191221T034420_030441_037BF3_EAD0.SAFE,S1_20191221_034305_034445_VV_142,hard_negative_train
DARTIS_2019,3395,nw,no_oil_water,nw-0171-00-000171.jpg,640,640,0,S1A_IW_GRDH_1SDV_20191221T034420_20191221T034445_030441_037BF3_B34A.SAFE,ID_3,S1A_IW_GRDH_1SDV_20191221T034420_20191221T034445_030441_037BF3_B34A.SAFE,S1_20191221_034305_034445_VV_157,hard_negative_train
DARTIS_2019,3561,nw,no_oil_water,nw-0337-01-000165.jpg,640,640,0,S1A_IW_GRDH_1SDV_20191221T034420_20191221T034445_030441_037BF3_B34A.SAFE,ID_3,S1A_IW_GRDH_1SDV_20191221T034420_20191221T034445_030441_037BF3_B34A.SAFE,S1_20191221_034305_034445_VV_165,hard_negative_train
DARTIS_2019,4803,nw,no_oil_water,nw-1579-09-000155.jpg,640,640,0,S1A_IW_GRDH_1SDV_20191221T034420_20191221T034445_030441_037BF3_B34A.SAFE,ID_3,S1A_IW_GRDH_1SDV_20191221T034420_20191221T034445_030441_037BF3_B34A.SAFE,S1_20191221_034305_034445_VV_173,hard_negative_train
DARTIS_2019,4133,nw,no_oil_water,nw-0909-05-000163.jpg,640,640,0,S1A_IW_GRDH_1SDV_20191223T160611_20191223T160636_030478_037D4D_ED2F.SAFE,ID_3,S1A_IW_GRDH_1SDV_20191223T160611_20191223T160636_030478_037D4D_ED2F.SAFE,S1_20191223_160456_160636_VV_193,hard_negative_train
DARTIS_2019,3562,nw,no_oil_water,nw-0338-01-000166.jpg,640,640,0,S1A_IW_GRDH_1SDV_20191225T154958_20191225T155023_030507_037E47_A28A.SAFE,ID_3,S1A_IW_GRDH_1SDV_20191225T154958_20191225T155023_030507_037E47_A28A.SAFE,S1_20191225_154843_155023_VV_114,hard_negative_train
DARTIS_2019,3723,nw,no_oil_water,nw-0499-02-000156.jpg,640,640,0,S1A_IW_GRDH_1SDV_20191225T154958_20191225T155023_030507_037E47_A28A.SAFE,ID_3,S1A_IW_GRDH_1SDV_20191225T154958_20191225T155023_030507_037E47_A28A.SAFE,S1_20191225_154843_155023_VV_154,hard_negative_train
DARTIS_2019,4134,nw,no_oil_water,nw-0910-05-000164.jpg,640,640,0,S1A_IW_GRDH_1SDV_20191225T154958_20191225T155023_030507_037E47_A28A.SAFE,ID_3,S1A_IW_GRDH_1SDV_20191225T154958_20191225T155023_030507_037E47_A28A.SAFE,S1_20191225_154843_155023_VV_138,hard_negative_train
DARTIS_2019,3886,nw,no_oil_water,nw-0662-03-000159.jpg,640,640,0,S1A_IW_GRDH_1SDV_20191226T035124_20191226T035149_030514_037E7E_0626.SAFE,ID_3,S1A_IW_GRDH_1SDV_20191226T035124_20191226T035149_030514_037E7E_0626.SAFE,S1_20191226_035124_035306_VV_17,hard_negative_train
DARTIS_2019,4635,nw,no_oil_water,nw-1411-08-000162.jpg,640,640,0,S1A_IW_GRDH_1SDV_20191226T035124_20191226T035149_030514_037E7E_0626.SAFE,ID_3,S1A_IW_GRDH_1SDV_20191226T035124_20191226T035149_030514_037E7E_0626.SAFE,S1_20191226_035124_035306_VV_18,hard_negative_train
DARTIS_2019,4636,nw,no_oil_water,nw-1412-08-000163.jpg,640,640,0,S1A_IW_GRDH_1SDV_20191226T035124_20191226T035149_030514_037E7E_0626.SAFE,ID_3,S1A_IW_GRDH_1SDV_20191226T035124_20191226T035149_030514_037E7E_0626.SAFE,S1_20191226_035124_035306_VV_26,hard_negative_train
DARTIS_2019,4637,nw,no_oil_water,nw-1413-08-000164.jpg,640,640,0,S1A_IW_GRDH_1SDV_20191226T035214_20191226T035239_030514_037E7E_8DF3.SAFE,ID_3,S1A_IW_GRDH_1SDV_20191226T035214_20191226T035239_030514_037E7E_8DF3.SAFE,S1_20191226_035124_035306_VV_285,hard_negative_train
DARTIS_2019,4812,nw,no_oil_water,nw-1588-09-000164.jpg,640,640,0,S1A_IW_GRDH_1SDV_20191226T035214_20191226T035239_030514_037E7E_8DF3.SAFE,ID_3,S1A_IW_GRDH_1SDV_20191226T035214_20191226T035239_030514_037E7E_8DF3.SAFE,S1_20191226_035124_035306_VV_290,hard_negative_train
DARTIS_2019,3887,nw,no_oil_water,nw-0663-03-000160.jpg,640,640,0,S1A_IW_GRDH_1SDV_20191226T035239_20191226T035306_030514_037E7E_1518.SAFE;S1A_IW_GRDH_1SDV_20191226T035214_20191226T035239_030514_037E7E_8DF3.SAFE,ID_3,S1A_IW_GRDH_1SDV_20191226T035239_20191226T035306_030514_037E7E_1518.SAFE;S1A_IW_GRDH_1SDV_20191226T035214_20191226T035239_030514_037E7E_8DF3.SAFE,S1_20191226_035124_035306_VV_93,hard_negative_train
DARTIS_2019,3566,nw,no_oil_water,nw-0342-01-000170.jpg,640,640,0,S1A_IW_GRDH_1SDV_20191230T155710_20191230T155735_030580_0380C4_976A.SAFE,ID_3,S1A_IW_GRDH_1SDV_20191230T155710_20191230T155735_030580_0380C4_976A.SAFE,S1_20191230_155645_155825_VV_254,hard_negative_train
DARTIS_2019,3567,nw,no_oil_water,nw-0343-01-000171.jpg,640,640,0,S1A_IW_GRDH_1SDV_20191231T035934_20191231T035959_030587_038100_BDB9.SAFE,ID_3,S1A_IW_GRDH_1SDV_20191231T035934_20191231T035959_030587_038100_BDB9.SAFE,S1_20191231_035934_040114_VV_19,hard_negative_train
DARTIS_2019,4816,nw,no_oil_water,nw-1592-09-000168.jpg,640,640,0,S1A_IW_GRDH_1SDV_20191231T035934_20191231T035959_030587_038100_BDB9.SAFE,ID_3,S1A_IW_GRDH_1SDV_20191231T035934_20191231T035959_030587_038100_BDB9.SAFE,S1_20191231_035934_040114_VV_29,hard_negative_train
DARTIS_2019,4646,nw,no_oil_water,nw-1422-08-000173.jpg,640,640,0,S1A_IW_GRDH_1SDV_20191231T040024_20191231T040049_030587_038100_9DB1.SAFE,ID_3,S1A_IW_GRDH_1SDV_20191231T040024_20191231T040049_030587_038100_9DB1.SAFE,S1_20191231_035934_040114_VV_191,hard_negative_train
DARTIS_2019,4647,nw,no_oil_water,nw-1423-08-000174.jpg,640,640,0,S1A_IW_GRDH_1SDV_20191231T040049_20191231T040114_030587_038100_3E6A.SAFE,ID_3,S1A_IW_GRDH_1SDV_20191231T040049_20191231T040114_030587_038100_3E6A.SAFE,S1_20191231_035934_040114_VV_56,hard_negative_train
DARTIS_2019,3225,nw,no_oil_water,nw-0001-00-000001.jpg,640,640,0,S1B_IW_GRDH_1SDV_20190101T034300_20190101T034325_014295_01A97E_39B8.SAFE,ID_3,S1B_IW_GRDH_1SDV_20190101T034300_20190101T034325_014295_01A97E_39B8.SAFE,S1_20190101_034235_034350_VV_79,hard_negative_train
DARTIS_2019,3728,nw,no_oil_water,nw-0504-03-000001.jpg,640,640,0,S1B_IW_GRDH_1SDV_20190101T034300_20190101T034325_014295_01A97E_39B8.SAFE,ID_3,S1B_IW_GRDH_1SDV_20190101T034300_20190101T034325_014295_01A97E_39B8.SAFE,S1_20190101_034235_034350_VV_76,hard_negative_train
DARTIS_2019,3569,nw,no_oil_water,nw-0345-02-000002.jpg,640,640,0,S1B_IW_GRDH_1SDV_20190105T154811_20190105T154836_014361_01AB8D_E799.SAFE,ID_3,S1B_IW_GRDH_1SDV_20190105T154811_20190105T154836_014361_01AB8D_E799.SAFE,S1_20190105_154746_154926_VV_60,hard_negative_train
DARTIS_2019,3973,nw,no_oil_water,nw-0749-05-000003.jpg,640,640,0,S1B_IW_GRDH_1SDV_20190105T154811_20190105T154836_014361_01AB8D_E799.SAFE,ID_3,S1B_IW_GRDH_1SDV_20190105T154811_20190105T154836_014361_01AB8D_E799.SAFE,S1_20190105_154746_154926_VV_49,hard_negative_train
DARTIS_2019,4480,nw,no_oil_water,nw-1256-08-000007.jpg,640,640,0,S1B_IW_GRDH_1SDV_20190105T154901_20190105T154926_014361_01AB8D_D7A0.SAFE,ID_3,S1B_IW_GRDH_1SDV_20190105T154901_20190105T154926_014361_01AB8D_D7A0.SAFE,S1_20190105_154746_154926_VV_85,hard_negative_train
DARTIS_2019,3230,nw,no_oil_water,nw-0006-00-000006.jpg,640,640,0,S1B_IW_GRDH_1SDV_20190111T035916_20190111T035941_014441_01AE2F_A0C2.SAFE,ID_3,S1B_IW_GRDH_1SDV_20190111T035916_20190111T035941_014441_01AE2F_A0C2.SAFE,S1_20190111_035851_040030_VV_26,hard_negative_train
DARTIS_2019,4818,nw,no_oil_water,nw-1594-10-000002.jpg,640,640,0,S1B_IW_GRDH_1SDV_20190111T035916_20190111T035941_014441_01AE2F_A0C2.SAFE,ID_3,S1B_IW_GRDH_1SDV_20190111T035916_20190111T035941_014441_01AE2F_A0C2.SAFE,S1_20190111_035851_040030_VV_30,hard_negative_train
DARTIS_2019,3229,nw,no_oil_water,nw-0005-00-000005.jpg,640,640,0,S1B_IW_GRDH_1SDV_20190111T035916_20190111T035941_014441_01AE2F_A0C2.SAFE;S1B_IW_GRDH_1SDV_20190111T035851_20190111T035916_014441_01AE2F_C0D7.SAFE,ID_3,S1B_IW_GRDH_1SDV_20190111T035916_20190111T035941_014441_01AE2F_A0C2.SAFE;S1B_IW_GRDH_1SDV_20190111T035851_20190111T035916_014441_01AE2F_C0D7.SAFE,S1_20190111_035851_040030_VV_23,hard_negative_train
DARTIS_2019,3239,nw,no_oil_water,nw-0015-00-000015.jpg,640,640,0,S1B_IW_GRDH_1SDV_20190112T154033_20190112T154058_014463_01AEE6_B38F.SAFE,ID_3,S1B_IW_GRDH_1SDV_20190112T154033_20190112T154058_014463_01AEE6_B38F.SAFE,S1_20190112_153943_154058_VV_97,hard_negative_train
DARTIS_2019,3572,nw,no_oil_water,nw-0348-02-000005.jpg,640,640,0,S1B_IW_GRDH_1SDV_20190112T154033_20190112T154058_014463_01AEE6_B38F.SAFE,ID_3,S1B_IW_GRDH_1SDV_20190112T154033_20190112T154058_014463_01AEE6_B38F.SAFE,S1_20190112_153943_154058_VV_104,hard_negative_train
DARTIS_2019,4825,nw,no_oil_water,nw-1601-10-000009.jpg,640,640,0,S1B_IW_GRDH_1SDV_20190112T154033_20190112T154058_014463_01AEE6_B38F.SAFE,ID_3,S1B_IW_GRDH_1SDV_20190112T154033_20190112T154058_014463_01AEE6_B38F.SAFE,S1_20190112_153943_154058_VV_85,hard_negative_train
DARTIS_2019,4993,nw,no_oil_water,nw-1769-11-000003.jpg,640,640,0,S1B_IW_GRDH_1SDV_20190112T154033_20190112T154058_014463_01AEE6_B38F.SAFE,ID_3,S1B_IW_GRDH_1SDV_20190112T154033_20190112T154058_014463_01AEE6_B38F.SAFE,S1_20190112_153943_154058_VV_153,hard_negative_train
DARTIS_2019,3977,nw,no_oil_water,nw-0753-05-000007.jpg,640,640,0,S1B_IW_GRDH_1SDV_20190115T160455_20190115T160520_014507_01B052_D146.SAFE,ID_3,S1B_IW_GRDH_1SDV_20190115T160455_20190115T160520_014507_01B052_D146.SAFE,S1_20190115_160405_160545_VV_18,hard_negative_train
DARTIS_2019,4656,nw,no_oil_water,nw-1432-09-000008.jpg,640,640,0,S1B_IW_GRDH_1SDV_20190115T160455_20190115T160520_014507_01B052_D146.SAFE,ID_3,S1B_IW_GRDH_1SDV_20190115T160455_20190115T160520_014507_01B052_D146.SAFE,S1_20190115_160405_160545_VV_58,hard_negative_train
DARTIS_2019,4655,nw,no_oil_water,nw-1431-09-000007.jpg,640,640,0,S1B_IW_GRDH_1SDV_20190115T160520_20190115T160545_014507_01B052_6B4C.SAFE,ID_3,S1B_IW_GRDH_1SDV_20190115T160520_20190115T160545_014507_01B052_6B4C.SAFE,S1_20190115_160405_160545_VV_42,hard_negative_train
DARTIS_2019,3241,nw,no_oil_water,nw-0017-00-000017.jpg,640,640,0,S1B_IW_GRDH_1SDV_20190117T154836_20190117T154901_014536_01B131_45B2.SAFE,ID_3,S1B_IW_GRDH_1SDV_20190117T154836_20190117T154901_014536_01B131_45B2.SAFE,S1_20190117_154746_154926_VV_35,hard_negative_train
DARTIS_2019,3978,nw,no_oil_water,nw-0754-05-000008.jpg,640,640,0,S1B_IW_GRDH_1SDV_20190117T154836_20190117T154901_014536_01B131_45B2.SAFE,ID_3,S1B_IW_GRDH_1SDV_20190117T154836_20190117T154901_014536_01B131_45B2.SAFE,S1_20190117_154746_154926_VV_22,hard_negative_train
DARTIS_2019,4307,nw,no_oil_water,nw-1083-07-000005.jpg,640,640,0,S1B_IW_GRDH_1SDV_20190117T154836_20190117T154901_014536_01B131_45B2.SAFE,ID_3,S1B_IW_GRDH_1SDV_20190117T154836_20190117T154901_014536_01B131_45B2.SAFE,S1_20190117_154746_154926_VV_30,hard_negative_train
DARTIS_2019,3242,nw,no_oil_water,nw-0018-00-000018.jpg,640,640,0,S1B_IW_GRDH_1SDV_20190117T154901_20190117T154926_014536_01B131_70CE.SAFE,ID_3,S1B_IW_GRDH_1SDV_20190117T154901_20190117T154926_014536_01B131_70CE.SAFE,S1_20190117_154746_154926_VV_88,hard_negative_train
DARTIS_2019,3403,nw,no_oil_water,nw-0179-01-000007.jpg,640,640,0,S1B_IW_GRDH_1SDV_20190117T154901_20190117T154926_014536_01B131_70CE.SAFE,ID_3,S1B_IW_GRDH_1SDV_20190117T154901_20190117T154926_014536_01B131_70CE.SAFE,S1_20190117_154746_154926_VV_91,hard_negative_train
DARTIS_2019,3243,nw,no_oil_water,nw-0019-00-000019.jpg,640,640,0,S1B_IW_GRDH_1SDV_20190118T035040_20190118T035105_014543_01B170_CD8E.SAFE,ID_3,S1B_IW_GRDH_1SDV_20190118T035040_20190118T035105_014543_01B170_CD8E.SAFE,S1_20190118_035040_035219_VV_127,hard_negative_train
DARTIS_2019,3245,nw,no_oil_water,nw-0021-00-000021.jpg,640,640,0,S1B_IW_GRDH_1SDV_20190118T035040_20190118T035105_014543_01B170_CD8E.SAFE,ID_3,S1B_IW_GRDH_1SDV_20190118T035040_20190118T035105_014543_01B170_CD8E.SAFE,S1_20190118_035040_035219_VV_44,hard_negative_train
DARTIS_2019,3246,nw,no_oil_water,nw-0022-00-000022.jpg,640,640,0,S1B_IW_GRDH_1SDV_20190118T035040_20190118T035105_014543_01B170_CD8E.SAFE,ID_3,S1B_IW_GRDH_1SDV_20190118T035040_20190118T035105_014543_01B170_CD8E.SAFE,S1_20190118_035040_035219_VV_60,hard_negative_train
DARTIS_2019,3405,nw,no_oil_water,nw-0181-01-000009.jpg,640,640,0,S1B_IW_GRDH_1SDV_20190118T035040_20190118T035105_014543_01B170_CD8E.SAFE,ID_3,S1B_IW_GRDH_1SDV_20190118T035040_20190118T035105_014543_01B170_CD8E.SAFE,S1_20190118_035040_035219_VV_64,hard_negative_train
DARTIS_2019,3406,nw,no_oil_water,nw-0182-01-000010.jpg,640,640,0,S1B_IW_GRDH_1SDV_20190118T035040_20190118T035105_014543_01B170_CD8E.SAFE,ID_3,S1B_IW_GRDH_1SDV_20190118T035040_20190118T035105_014543_01B170_CD8E.SAFE,S1_20190118_035040_035219_VV_69,hard_negative_train
DARTIS_2019,3732,nw,no_oil_water,nw-0508-03-000005.jpg,640,640,0,S1B_IW_GRDH_1SDV_20190118T035040_20190118T035105_014543_01B170_CD8E.SAFE,ID_3,S1B_IW_GRDH_1SDV_20190118T035040_20190118T035105_014543_01B170_CD8E.SAFE,S1_20190118_035040_035219_VV_120,hard_negative_train
DARTIS_2019,3404,nw,no_oil_water,nw-0180-01-000008.jpg,640,640,0,S1B_IW_GRDH_1SDV_20190118T035105_20190118T035130_014543_01B170_C9E7.SAFE,ID_3,S1B_IW_GRDH_1SDV_20190118T035105_20190118T035130_014543_01B170_C9E7.SAFE,S1_20190118_035040_035219_VV_137,hard_negative_train
DARTIS_2019,3244,nw,no_oil_water,nw-0020-00-000020.jpg,640,640,0,S1B_IW_GRDH_1SDV_20190118T035130_20190118T035155_014543_01B170_BFCE.SAFE,ID_3,S1B_IW_GRDH_1SDV_20190118T035130_20190118T035155_014543_01B170_BFCE.SAFE,S1_20190118_035040_035219_VV_147,hard_negative_train
DARTIS_2019,3981,nw,no_oil_water,nw-0757-05-000011.jpg,640,640,0,S1B_IW_GRDH_1SDV_20190122T155610_20190122T155635_014609_01B38B_28CE.SAFE,ID_3,S1B_IW_GRDH_1SDV_20190122T155610_20190122T155635_014609_01B38B_28CE.SAFE,S1_20190122_155610_155635_VV_14,hard_negative_train
DARTIS_2019,3411,nw,no_oil_water,nw-0187-01-000015.jpg,640,640,0,S1B_IW_GRDH_1SDV_20190122T155641_20190122T155710_014609_01B38C_DBD6.SAFE,ID_3,S1B_IW_GRDH_1SDV_20190122T155641_20190122T155710_014609_01B38C_DBD6.SAFE,S1_20190122_155641_155735_VV_80,hard_negative_train
DARTIS_2019,3891,nw,no_oil_water,nw-0667-04-000002.jpg,640,640,0,S1B_IW_GRDH_1SDV_20190122T155641_20190122T155710_014609_01B38C_DBD6.SAFE,ID_3,S1B_IW_GRDH_1SDV_20190122T155641_20190122T155710_014609_01B38C_DBD6.SAFE,S1_20190122_155641_155735_VV_67,hard_negative_train
DARTIS_2019,4313,nw,no_oil_water,nw-1089-07-000011.jpg,640,640,0,S1B_IW_GRDH_1SDV_20190122T155641_20190122T155710_014609_01B38C_DBD6.SAFE,ID_3,S1B_IW_GRDH_1SDV_20190122T155641_20190122T155710_014609_01B38C_DBD6.SAFE,S1_20190122_155641_155735_VV_2,hard_negative_train
DARTIS_2019,4489,nw,no_oil_water,nw-1265-08-000016.jpg,640,640,0,S1B_IW_GRDH_1SDV_20190122T155641_20190122T155710_014609_01B38C_DBD6.SAFE,ID_3,S1B_IW_GRDH_1SDV_20190122T155641_20190122T155710_014609_01B38C_DBD6.SAFE,S1_20190122_155641_155735_VV_35,hard_negative_train
DARTIS_2019,3578,nw,no_oil_water,nw-0354-02-000011.jpg,640,640,0,S1B_IW_GRDH_1SDV_20190122T155710_20190122T155735_014609_01B38C_4548.SAFE,ID_3,S1B_IW_GRDH_1SDV_20190122T155710_20190122T155735_014609_01B38C_4548.SAFE,S1_20190122_155641_155735_VV_53,hard_negative_train
DARTIS_2019,4490,nw,no_oil_water,nw-1266-08-000017.jpg,640,640,0,S1B_IW_GRDH_1SDV_20190122T155710_20190122T155735_014609_01B38C_4548.SAFE,ID_3,S1B_IW_GRDH_1SDV_20190122T155710_20190122T155735_014609_01B38C_4548.SAFE,S1_20190122_155641_155735_VV_56,hard_negative_train
DARTIS_2019,3579,nw,no_oil_water,nw-0355-02-000012.jpg,640,640,0,S1B_IW_GRDH_1SDV_20190123T035850_20190123T035915_014616_01B3CB_4179.SAFE,ID_3,S1B_IW_GRDH_1SDV_20190123T035850_20190123T035915_014616_01B3CB_4179.SAFE,S1_20190123_035850_040029_VV_43,hard_negative_train
DARTIS_2019,4314,nw,no_oil_water,nw-1090-07-000012.jpg,640,640,0,S1B_IW_GRDH_1SDV_20190123T035850_20190123T035915_014616_01B3CB_4179.SAFE,ID_3,S1B_IW_GRDH_1SDV_20190123T035850_20190123T035915_014616_01B3CB_4179.SAFE,S1_20190123_035850_040029_VV_36,hard_negative_train
DARTIS_2019,4828,nw,no_oil_water,nw-1604-10-000012.jpg,640,640,0,S1B_IW_GRDH_1SDV_20190123T035850_20190123T035915_014616_01B3CB_4179.SAFE,ID_3,S1B_IW_GRDH_1SDV_20190123T035850_20190123T035915_014616_01B3CB_4179.SAFE,S1_20190123_035850_040029_VV_34,hard_negative_train
DARTIS_2019,4829,nw,no_oil_water,nw-1605-10-000013.jpg,640,640,0,S1B_IW_GRDH_1SDV_20190123T035850_20190123T035915_014616_01B3CB_4179.SAFE,ID_3,S1B_IW_GRDH_1SDV_20190123T035850_20190123T035915_014616_01B3CB_4179.SAFE,S1_20190123_035850_040029_VV_46,hard_negative_train
DARTIS_2019,3252,nw,no_oil_water,nw-0028-00-000028.jpg,640,640,0,S1B_IW_GRDH_1SDV_20190123T035915_20190123T035940_014616_01B3CB_38CE.SAFE,ID_3,S1B_IW_GRDH_1SDV_20190123T035915_20190123T035940_014616_01B3CB_38CE.SAFE,S1_20190123_035850_040029_VV_66,hard_negative_train
DARTIS_2019,4139,nw,no_oil_water,nw-0915-06-000003.jpg,640,640,0,S1B_IW_GRDH_1SDV_20190123T035915_20190123T035940_014616_01B3CB_38CE.SAFE,ID_3,S1B_IW_GRDH_1SDV_20190123T035915_20190123T035940_014616_01B3CB_38CE.SAFE,S1_20190123_035850_040029_VV_198,hard_negative_train
DARTIS_2019,4140,nw,no_oil_water,nw-0916-06-000004.jpg,640,640,0,S1B_IW_GRDH_1SDV_20190123T035915_20190123T035940_014616_01B3CB_38CE.SAFE,ID_3,S1B_IW_GRDH_1SDV_20190123T035915_20190123T035940_014616_01B3CB_38CE.SAFE,S1_20190123_035850_040029_VV_209,hard_negative_train
DARTIS_2019,4316,nw,no_oil_water,nw-1092-07-000014.jpg,640,640,0,S1B_IW_GRDH_1SDV_20190123T035915_20190123T035940_014616_01B3CB_38CE.SAFE,ID_3,S1B_IW_GRDH_1SDV_20190123T035915_20190123T035940_014616_01B3CB_38CE.SAFE,S1_20190123_035850_040029_VV_81,hard_negative_train
DARTIS_2019,4491,nw,no_oil_water,nw-1267-08-000018.jpg,640,640,0,S1B_IW_GRDH_1SDV_20190123T035915_20190123T035940_014616_01B3CB_38CE.SAFE,ID_3,S1B_IW_GRDH_1SDV_20190123T035915_20190123T035940_014616_01B3CB_38CE.SAFE,S1_20190123_035850_040029_VV_73,hard_negative_train
DARTIS_2019,4997,nw,no_oil_water,nw-1773-11-000007.jpg,640,640,0,S1B_IW_GRDH_1SDV_20190123T035915_20190123T035940_014616_01B3CB_38CE.SAFE,ID_3,S1B_IW_GRDH_1SDV_20190123T035915_20190123T035940_014616_01B3CB_38CE.SAFE,S1_20190123_035850_040029_VV_116,hard_negative_train
DARTIS_2019,4315,nw,no_oil_water,nw-1091-07-000013.jpg,640,640,0,S1B_IW_GRDH_1SDV_20190123T035915_20190123T035940_014616_01B3CB_38CE.SAFE;S1B_IW_GRDH_1SDV_20190123T035850_20190123T035915_014616_01B3CB_4179.SAFE,ID_3,S1B_IW_GRDH_1SDV_20190123T035915_20190123T035940_014616_01B3CB_38CE.SAFE;S1B_IW_GRDH_1SDV_20190123T035850_20190123T035915_014616_01B3CB_4179.SAFE,S1_20190123_035850_040029_VV_54,hard_negative_train
DARTIS_2019,4138,nw,no_oil_water,nw-0914-06-000002.jpg,640,640,0,S1B_IW_GRDH_1SDV_20190123T035940_20190123T040005_014616_01B3CB_32E6.SAFE,ID_3,S1B_IW_GRDH_1SDV_20190123T035940_20190123T040005_014616_01B3CB_32E6.SAFE,S1_20190123_035850_040029_VV_148,hard_negative_train
DARTIS_2019,4142,nw,no_oil_water,nw-0918-06-000006.jpg,640,640,0,S1B_IW_GRDH_1SDV_20190123T035940_20190123T040005_014616_01B3CB_32E6.SAFE,ID_3,S1B_IW_GRDH_1SDV_20190123T035940_20190123T040005_014616_01B3CB_32E6.SAFE,S1_20190123_035850_040029_VV_218,hard_negative_train
DARTIS_2019,4143,nw,no_oil_water,nw-0919-06-000007.jpg,640,640,0,S1B_IW_GRDH_1SDV_20190123T035940_20190123T040005_014616_01B3CB_32E6.SAFE,ID_3,S1B_IW_GRDH_1SDV_20190123T035940_20190123T040005_014616_01B3CB_32E6.SAFE,S1_20190123_035850_040029_VV_231,hard_negative_train
DARTIS_2019,4998,nw,no_oil_water,nw-1774-11-000008.jpg,640,640,0,S1B_IW_GRDH_1SDV_20190123T035940_20190123T040005_014616_01B3CB_32E6.SAFE,ID_3,S1B_IW_GRDH_1SDV_20190123T035940_20190123T040005_014616_01B3CB_32E6.SAFE,S1_20190123_035850_040029_VV_143,hard_negative_train
DARTIS_2019,4493,nw,no_oil_water,nw-1269-08-000020.jpg,640,640,0,S1B_IW_GRDH_1SDV_20190127T160455_20190127T160520_014682_01B5E9_3B85.SAFE,ID_3,S1B_IW_GRDH_1SDV_20190127T160455_20190127T160520_014682_01B5E9_3B85.SAFE,S1_20190127_160405_160545_VV_70,hard_negative_train
DARTIS_2019,3733,nw,no_oil_water,nw-0509-03-000006.jpg,640,640,0,S1B_IW_GRDH_1SDV_20190127T160520_20190127T160545_014682_01B5E9_2D4B.SAFE,ID_3,S1B_IW_GRDH_1SDV_20190127T160520_20190127T160545_014682_01B5E9_2D4B.SAFE,S1_20190127_160405_160545_VV_44,hard_negative_train
DARTIS_2019,3982,nw,no_oil_water,nw-0758-05-000012.jpg,640,640,0,S1B_IW_GRDH_1SDV_20190127T160520_20190127T160545_014682_01B5E9_2D4B.SAFE,ID_3,S1B_IW_GRDH_1SDV_20190127T160520_20190127T160545_014682_01B5E9_2D4B.SAFE,S1_20190127_160405_160545_VV_76,hard_negative_train
DARTIS_2019,4317,nw,no_oil_water,nw-1093-07-000015.jpg,640,640,0,S1B_IW_GRDH_1SDV_20190127T160520_20190127T160545_014682_01B5E9_2D4B.SAFE,ID_3,S1B_IW_GRDH_1SDV_20190127T160520_20190127T160545_014682_01B5E9_2D4B.SAFE,S1_20190127_160405_160545_VV_49,hard_negative_train
DARTIS_2019,4659,nw,no_oil_water,nw-1435-09-000011.jpg,640,640,0,S1B_IW_GRDH_1SDV_20190127T160520_20190127T160545_014682_01B5E9_2D4B.SAFE,ID_3,S1B_IW_GRDH_1SDV_20190127T160520_20190127T160545_014682_01B5E9_2D4B.SAFE,S1_20190127_160405_160545_VV_38,hard_negative_train
DARTIS_2019,4999,nw,no_oil_water,nw-1775-11-000009.jpg,640,640,0,S1B_IW_GRDH_1SDV_20190129T154746_20190129T154811_014711_01B6D1_4094.SAFE,ID_3,S1B_IW_GRDH_1SDV_20190129T154746_20190129T154811_014711_01B6D1_4094.SAFE,S1_20190129_154746_154926_VV_1,hard_negative_train
DARTIS_2019,3415,nw,no_oil_water,nw-0191-01-000019.jpg,640,640,0,S1B_IW_GRDH_1SDV_20190203T155710_20190203T155735_014784_01B937_1B6C.SAFE,ID_3,S1B_IW_GRDH_1SDV_20190203T155710_20190203T155735_014784_01B937_1B6C.SAFE,S1_20190203_155641_155735_VV_12,hard_negative_train
DARTIS_2019,3892,nw,no_oil_water,nw-0668-04-000003.jpg,640,640,0,S1B_IW_GRDH_1SDV_20190203T155710_20190203T155735_014784_01B937_1B6C.SAFE,ID_3,S1B_IW_GRDH_1SDV_20190203T155710_20190203T155735_014784_01B937_1B6C.SAFE,S1_20190203_155641_155735_VV_38,hard_negative_train
DARTIS_2019,3893,nw,no_oil_water,nw-0669-04-000004.jpg,640,640,0,S1B_IW_GRDH_1SDV_20190203T155710_20190203T155735_014784_01B937_1B6C.SAFE,ID_3,S1B_IW_GRDH_1SDV_20190203T155710_20190203T155735_014784_01B937_1B6C.SAFE,S1_20190203_155641_155735_VV_42,hard_negative_train
DARTIS_2019,3582,nw,no_oil_water,nw-0358-02-000015.jpg,640,640,0,S1B_IW_GRDH_1SDV_20190206T034234_20190206T034259_014820_01BA76_DF73.SAFE,ID_3,S1B_IW_GRDH_1SDV_20190206T034234_20190206T034259_014820_01BA76_DF73.SAFE,S1_20190206_034234_034349_VV_47,hard_negative_train
DARTIS_2019,3736,nw,no_oil_water,nw-0512-03-000009.jpg,640,640,0,S1B_IW_GRDH_1SDV_20190206T034234_20190206T034259_014820_01BA76_DF73.SAFE,ID_3,S1B_IW_GRDH_1SDV_20190206T034234_20190206T034259_014820_01BA76_DF73.SAFE,S1_20190206_034234_034349_VV_48,hard_negative_train
DARTIS_2019,4662,nw,no_oil_water,nw-1438-09-000014.jpg,640,640,0,S1B_IW_GRDH_1SDV_20190206T034259_20190206T034324_014820_01BA76_B371.SAFE,ID_3,S1B_IW_GRDH_1SDV_20190206T034259_20190206T034324_014820_01BA76_B371.SAFE,S1_20190206_034234_034349_VV_58,hard_negative_train
DARTIS_2019,3416,nw,no_oil_water,nw-0192-01-000020.jpg,640,640,0,S1B_IW_GRDH_1SDV_20190208T160520_20190208T160545_014857_01BBA6_32E4.SAFE,ID_3,S1B_IW_GRDH_1SDV_20190208T160520_20190208T160545_014857_01BBA6_32E4.SAFE,S1_20190208_160405_160545_VV_76,hard_negative_train
DARTIS_2019,3254,nw,no_oil_water,nw-0030-00-000030.jpg,640,640,0,S1B_IW_GRDH_1SDV_20190210T154900_20190210T154925_014886_01BC91_48D5.SAFE,ID_3,S1B_IW_GRDH_1SDV_20190210T154900_20190210T154925_014886_01BC91_48D5.SAFE,S1_20190210_154745_154925_VV_37,hard_negative_train
DARTIS_2019,3255,nw,no_oil_water,nw-0031-00-000031.jpg,640,640,0,S1B_IW_GRDH_1SDV_20190210T154900_20190210T154925_014886_01BC91_48D5.SAFE,ID_3,S1B_IW_GRDH_1SDV_20190210T154900_20190210T154925_014886_01BC91_48D5.SAFE,S1_20190210_154745_154925_VV_44,hard_negative_train
DARTIS_2019,4144,nw,no_oil_water,nw-0920-06-000008.jpg,640,640,0,S1B_IW_GRDH_1SDV_20190210T154900_20190210T154925_014886_01BC91_48D5.SAFE,ID_3,S1B_IW_GRDH_1SDV_20190210T154900_20190210T154925_014886_01BC91_48D5.SAFE,S1_20190210_154745_154925_VV_30,hard_negative_train
DARTIS_2019,3256,nw,no_oil_water,nw-0032-00-000032.jpg,640,640,0,S1B_IW_GRDH_1SDV_20190211T035040_20190211T035105_014893_01BCCD_3B74.SAFE,ID_3,S1B_IW_GRDH_1SDV_20190211T035040_20190211T035105_014893_01BCCD_3B74.SAFE,S1_20190211_035040_035219_VV_35,hard_negative_train
DARTIS_2019,3257,nw,no_oil_water,nw-0033-00-000033.jpg,640,640,0,S1B_IW_GRDH_1SDV_20190211T035040_20190211T035105_014893_01BCCD_3B74.SAFE,ID_3,S1B_IW_GRDH_1SDV_20190211T035040_20190211T035105_014893_01BCCD_3B74.SAFE,S1_20190211_035040_035219_VV_63,hard_negative_train
DARTIS_2019,4494,nw,no_oil_water,nw-1270-08-000021.jpg,640,640,0,S1B_IW_GRDH_1SDV_20190211T035105_20190211T035130_014893_01BCCD_D256.SAFE,ID_3,S1B_IW_GRDH_1SDV_20190211T035105_20190211T035130_014893_01BCCD_D256.SAFE,S1_20190211_035040_035219_VV_101,hard_negative_train
DARTIS_2019,4669,nw,no_oil_water,nw-1445-09-000021.jpg,640,640,0,S1B_IW_GRDH_1SDV_20190213T033408_20190213T033433_014922_01BDB4_3D7D.SAFE,ID_3,S1B_IW_GRDH_1SDV_20190213T033408_20190213T033433_014922_01BDB4_3D7D.SAFE,S1_20190213_033408_033548_VV_1,hard_negative_train
DARTIS_2019,3587,nw,no_oil_water,nw-0363-02-000020.jpg,640,640,0,S1B_IW_GRDH_1SDV_20190213T033433_20190213T033458_014922_01BDB4_07BD.SAFE,ID_3,S1B_IW_GRDH_1SDV_20190213T033433_20190213T033458_014922_01BDB4_07BD.SAFE,S1_20190213_033408_033548_VV_56,hard_negative_train
DARTIS_2019,4321,nw,no_oil_water,nw-1097-07-000019.jpg,640,640,0,S1B_IW_GRDH_1SDV_20190213T033433_20190213T033458_014922_01BDB4_07BD.SAFE,ID_3,S1B_IW_GRDH_1SDV_20190213T033433_20190213T033458_014922_01BDB4_07BD.SAFE,S1_20190213_033408_033548_VV_35,hard_negative_train
DARTIS_2019,3737,nw,no_oil_water,nw-0513-03-000010.jpg,640,640,0,S1B_IW_GRDH_1SDV_20190216T035940_20190216T040005_014966_01BF36_8C52.SAFE,ID_3,S1B_IW_GRDH_1SDV_20190216T035940_20190216T040005_014966_01BF36_8C52.SAFE,S1_20190216_035850_040029_VV_109,hard_negative_train
DARTIS_2019,4495,nw,no_oil_water,nw-1271-08-000022.jpg,640,640,0,S1B_IW_GRDH_1SDV_20190216T035940_20190216T040005_014966_01BF36_8C52.SAFE,ID_3,S1B_IW_GRDH_1SDV_20190216T035940_20190216T040005_014966_01BF36_8C52.SAFE,S1_20190216_035850_040029_VV_111,hard_negative_train
DARTIS_2019,3738,nw,no_oil_water,nw-0514-03-000011.jpg,640,640,0,S1B_IW_GRDH_1SDV_20190216T040005_20190216T040029_014966_01BF36_0C59.SAFE,ID_3,S1B_IW_GRDH_1SDV_20190216T040005_20190216T040029_014966_01BF36_0C59.SAFE,S1_20190216_035850_040029_VV_117,hard_negative_train
DARTIS_2019,4496,nw,no_oil_water,nw-1272-08-000023.jpg,640,640,0,S1B_IW_GRDH_1SDV_20190216T040005_20190216T040029_014966_01BF36_0C59.SAFE,ID_3,S1B_IW_GRDH_1SDV_20190216T040005_20190216T040029_014966_01BF36_0C59.SAFE,S1_20190216_035850_040029_VV_118,hard_negative_train
DARTIS_2019,3417,nw,no_oil_water,nw-0193-01-000021.jpg,640,640,0,S1B_IW_GRDH_1SDV_20190217T154007_20190217T154032_014988_01BFFD_30F0.SAFE,ID_3,S1B_IW_GRDH_1SDV_20190217T154007_20190217T154032_014988_01BFFD_30F0.SAFE,S1_20190217_153942_154057_VV_14,hard_negative_train
DARTIS_2019,3418,nw,no_oil_water,nw-0194-01-000022.jpg,640,640,0,S1B_IW_GRDH_1SDV_20190217T154007_20190217T154032_014988_01BFFD_30F0.SAFE,ID_3,S1B_IW_GRDH_1SDV_20190217T154007_20190217T154032_014988_01BFFD_30F0.SAFE,S1_20190217_153942_154057_VV_15,hard_negative_train
DARTIS_2019,3747,nw,no_oil_water,nw-0523-03-000020.jpg,640,640,0,S1B_IW_GRDH_1SDV_20190218T034259_20190218T034324_014995_01C035_58C9.SAFE,ID_3,S1B_IW_GRDH_1SDV_20190218T034259_20190218T034324_014995_01C035_58C9.SAFE,S1_20190218_034234_034349_VV_159,hard_negative_train
DARTIS_2019,4503,nw,no_oil_water,nw-1279-08-000030.jpg,640,640,0,S1B_IW_GRDH_1SDV_20190218T034259_20190218T034324_014995_01C035_58C9.SAFE,ID_3,S1B_IW_GRDH_1SDV_20190218T034259_20190218T034324_014995_01C035_58C9.SAFE,S1_20190218_034234_034349_VV_110,hard_negative_train
DARTIS_2019,4504,nw,no_oil_water,nw-1280-08-000031.jpg,640,640,0,S1B_IW_GRDH_1SDV_20190218T034259_20190218T034324_014995_01C035_58C9.SAFE,ID_3,S1B_IW_GRDH_1SDV_20190218T034259_20190218T034324_014995_01C035_58C9.SAFE,S1_20190218_034234_034349_VV_116,hard_negative_train
DARTIS_2019,4506,nw,no_oil_water,nw-1282-08-000033.jpg,640,640,0,S1B_IW_GRDH_1SDV_20190218T034259_20190218T034324_014995_01C035_58C9.SAFE,ID_3,S1B_IW_GRDH_1SDV_20190218T034259_20190218T034324_014995_01C035_58C9.SAFE,S1_20190218_034234_034349_VV_161,hard_negative_train
DARTIS_2019,3264,nw,no_oil_water,nw-0040-00-000040.jpg,640,640,0,S1B_IW_GRDH_1SDV_20190218T034259_20190218T034324_014995_01C035_58C9.SAFE;S1B_IW_GRDH_1SDV_20190218T034234_20190218T034259_014995_01C035_8F1B.SAFE,ID_3,S1B_IW_GRDH_1SDV_20190218T034259_20190218T034324_014995_01C035_58C9.SAFE;S1B_IW_GRDH_1SDV_20190218T034234_20190218T034259_014995_01C035_8F1B.SAFE,S1_20190218_034234_034349_VV_81,hard_negative_train
DARTIS_2019,4146,nw,no_oil_water,nw-0922-06-000010.jpg,640,640,0,S1B_IW_GRDH_1SDV_20190220T160454_20190220T160519_015032_01C169_7DBC.SAFE,ID_3,S1B_IW_GRDH_1SDV_20190220T160454_20190220T160519_015032_01C169_7DBC.SAFE,S1_20190220_160404_160544_VV_140,hard_negative_train
DARTIS_2019,4836,nw,no_oil_water,nw-1612-10-000020.jpg,640,640,0,S1B_IW_GRDH_1SDV_20190220T160454_20190220T160519_015032_01C169_7DBC.SAFE,ID_3,S1B_IW_GRDH_1SDV_20190220T160454_20190220T160519_015032_01C169_7DBC.SAFE,S1_20190220_160404_160544_VV_34,hard_negative_train
DARTIS_2019,5002,nw,no_oil_water,nw-1778-11-000012.jpg,640,640,0,S1B_IW_GRDH_1SDV_20190220T160454_20190220T160519_015032_01C169_7DBC.SAFE,ID_3,S1B_IW_GRDH_1SDV_20190220T160454_20190220T160519_015032_01C169_7DBC.SAFE,S1_20190220_160404_160544_VV_36,hard_negative_train
DARTIS_2019,3420,nw,no_oil_water,nw-0196-01-000024.jpg,640,640,0,S1B_IW_GRDH_1SDV_20190220T160519_20190220T160544_015032_01C169_37F7.SAFE,ID_3,S1B_IW_GRDH_1SDV_20190220T160519_20190220T160544_015032_01C169_37F7.SAFE,S1_20190220_160404_160544_VV_77,hard_negative_train
DARTIS_2019,3593,nw,no_oil_water,nw-0369-02-000026.jpg,640,640,0,S1B_IW_GRDH_1SDV_20190220T160519_20190220T160544_015032_01C169_37F7.SAFE,ID_3,S1B_IW_GRDH_1SDV_20190220T160519_20190220T160544_015032_01C169_37F7.SAFE,S1_20190220_160404_160544_VV_160,hard_negative_train
DARTIS_2019,3748,nw,no_oil_water,nw-0524-03-000021.jpg,640,640,0,S1B_IW_GRDH_1SDV_20190220T160519_20190220T160544_015032_01C169_37F7.SAFE,ID_3,S1B_IW_GRDH_1SDV_20190220T160519_20190220T160544_015032_01C169_37F7.SAFE,S1_20190220_160404_160544_VV_114,hard_negative_train
DARTIS_2019,4145,nw,no_oil_water,nw-0921-06-000009.jpg,640,640,0,S1B_IW_GRDH_1SDV_20190220T160519_20190220T160544_015032_01C169_37F7.SAFE,ID_3,S1B_IW_GRDH_1SDV_20190220T160519_20190220T160544_015032_01C169_37F7.SAFE,S1_20190220_160404_160544_VV_117,hard_negative_train
DARTIS_2019,5001,nw,no_oil_water,nw-1777-11-000011.jpg,640,640,0,S1B_IW_GRDH_1SDV_20190220T160519_20190220T160544_015032_01C169_37F7.SAFE,ID_3,S1B_IW_GRDH_1SDV_20190220T160519_20190220T160544_015032_01C169_37F7.SAFE,S1_20190220_160404_160544_VV_113,hard_negative_train
DARTIS_2019,5019,nw,no_oil_water,nw-1795-11-000029.jpg,640,640,0,S1B_IW_GRDH_1SDV_20190222T154835_20190222T154900_015061_01C24C_E464.SAFE;S1B_IW_GRDH_1SDV_20190222T154810_20190222T154835_015061_01C24C_9BBE.SAFE,ID_3,S1B_IW_GRDH_1SDV_20190222T154835_20190222T154900_015061_01C24C_E464.SAFE;S1B_IW_GRDH_1SDV_20190222T154810_20190222T154835_015061_01C24C_9BBE.SAFE,S1_20190222_154745_154925_VV_75,hard_negative_train
DARTIS_2019,5020,nw,no_oil_water,nw-1796-11-000030.jpg,640,640,0,S1B_IW_GRDH_1SDV_20190222T154835_20190222T154900_015061_01C24C_E464.SAFE;S1B_IW_GRDH_1SDV_20190222T154810_20190222T154835_015061_01C24C_9BBE.SAFE,ID_3,S1B_IW_GRDH_1SDV_20190222T154835_20190222T154900_015061_01C24C_E464.SAFE;S1B_IW_GRDH_1SDV_20190222T154810_20190222T154835_015061_01C24C_9BBE.SAFE,S1_20190222_154745_154925_VV_79,hard_negative_train
DARTIS_2019,3755,nw,no_oil_water,nw-0531-03-000028.jpg,640,640,0,S1B_IW_GRDH_1SDV_20190223T035105_20190223T035130_015068_01C287_AE93.SAFE,ID_3,S1B_IW_GRDH_1SDV_20190223T035105_20190223T035130_015068_01C287_AE93.SAFE,S1_20190223_035040_035219_VV_161,hard_negative_train
DARTIS_2019,3758,nw,no_oil_water,nw-0534-03-000031.jpg,640,640,0,S1B_IW_GRDH_1SDV_20190223T035105_20190223T035130_015068_01C287_AE93.SAFE,ID_3,S1B_IW_GRDH_1SDV_20190223T035105_20190223T035130_015068_01C287_AE93.SAFE,S1_20190223_035040_035219_VV_92,hard_negative_train
DARTIS_2019,4842,nw,no_oil_water,nw-1618-10-000026.jpg,640,640,0,S1B_IW_GRDH_1SDV_20190223T035105_20190223T035130_015068_01C287_AE93.SAFE,ID_3,S1B_IW_GRDH_1SDV_20190223T035105_20190223T035130_015068_01C287_AE93.SAFE,S1_20190223_035040_035219_VV_103,hard_negative_train
DARTIS_2019,4843,nw,no_oil_water,nw-1619-10-000027.jpg,640,640,0,S1B_IW_GRDH_1SDV_20190223T035105_20190223T035130_015068_01C287_AE93.SAFE,ID_3,S1B_IW_GRDH_1SDV_20190223T035105_20190223T035130_015068_01C287_AE93.SAFE,S1_20190223_035040_035219_VV_118,hard_negative_train
DARTIS_2019,4844,nw,no_oil_water,nw-1620-10-000028.jpg,640,640,0,S1B_IW_GRDH_1SDV_20190223T035105_20190223T035130_015068_01C287_AE93.SAFE,ID_3,S1B_IW_GRDH_1SDV_20190223T035105_20190223T035130_015068_01C287_AE93.SAFE,S1_20190223_035040_035219_VV_157,hard_negative_train
DARTIS_2019,3606,nw,no_oil_water,nw-0382-02-000039.jpg,640,640,0,S1B_IW_GRDH_1SDV_20190302T034259_20190302T034324_015170_01C5ED_B305.SAFE,ID_3,S1B_IW_GRDH_1SDV_20190302T034259_20190302T034324_015170_01C5ED_B305.SAFE,S1_20190302_034234_034349_VV_24,hard_negative_train
DARTIS_2019,3763,nw,no_oil_water,nw-0539-03-000036.jpg,640,640,0,S1B_IW_GRDH_1SDV_20190302T034259_20190302T034324_015170_01C5ED_B305.SAFE,ID_3,S1B_IW_GRDH_1SDV_20190302T034259_20190302T034324_015170_01C5ED_B305.SAFE,S1_20190302_034234_034349_VV_45,hard_negative_train
DARTIS_2019,4673,nw,no_oil_water,nw-1449-09-000025.jpg,640,640,0,S1B_IW_GRDH_1SDV_20190302T034259_20190302T034324_015170_01C5ED_B305.SAFE,ID_3,S1B_IW_GRDH_1SDV_20190302T034259_20190302T034324_015170_01C5ED_B305.SAFE,S1_20190302_034234_034349_VV_41,hard_negative_train
DARTIS_2019,4516,nw,no_oil_water,nw-1292-08-000043.jpg,640,640,0,S1B_IW_GRDH_1SDV_20190302T034259_20190302T034324_015170_01C5ED_B305.SAFE;S1B_IW_GRDH_1SDV_20190302T034234_20190302T034259_015170_01C5ED_04F5.SAFE,ID_3,S1B_IW_GRDH_1SDV_20190302T034259_20190302T034324_015170_01C5ED_B305.SAFE;S1B_IW_GRDH_1SDV_20190302T034234_20190302T034259_015170_01C5ED_04F5.SAFE,S1_20190302_034234_034349_VV_37,hard_negative_train
DARTIS_2019,3429,nw,no_oil_water,nw-0205-01-000033.jpg,640,640,0,S1B_IW_GRDH_1SDV_20190304T160429_20190304T160454_015207_01C72A_60D4.SAFE,ID_3,S1B_IW_GRDH_1SDV_20190304T160429_20190304T160454_015207_01C72A_60D4.SAFE,S1_20190304_160404_160544_VV_73,hard_negative_train
DARTIS_2019,3997,nw,no_oil_water,nw-0773-05-000027.jpg,640,640,0,S1B_IW_GRDH_1SDV_20190304T160429_20190304T160454_015207_01C72A_60D4.SAFE,ID_3,S1B_IW_GRDH_1SDV_20190304T160429_20190304T160454_015207_01C72A_60D4.SAFE,S1_20190304_160404_160544_VV_19,hard_negative_train
DARTIS_2019,5023,nw,no_oil_water,nw-1799-11-000033.jpg,640,640,0,S1B_IW_GRDH_1SDV_20190304T160429_20190304T160454_015207_01C72A_60D4.SAFE,ID_3,S1B_IW_GRDH_1SDV_20190304T160429_20190304T160454_015207_01C72A_60D4.SAFE,S1_20190304_160404_160544_VV_36,hard_negative_train
DARTIS_2019,4517,nw,no_oil_water,nw-1293-08-000044.jpg,640,640,0,S1B_IW_GRDH_1SDV_20190304T160454_20190304T160519_015207_01C72A_2357.SAFE,ID_3,S1B_IW_GRDH_1SDV_20190304T160454_20190304T160519_015207_01C72A_2357.SAFE,S1_20190304_160404_160544_VV_74,hard_negative_train
DARTIS_2019,4518,nw,no_oil_water,nw-1294-08-000045.jpg,640,640,0,S1B_IW_GRDH_1SDV_20190304T160454_20190304T160519_015207_01C72A_2357.SAFE,ID_3,S1B_IW_GRDH_1SDV_20190304T160454_20190304T160519_015207_01C72A_2357.SAFE,S1_20190304_160404_160544_VV_77,hard_negative_train
DARTIS_2019,3431,nw,no_oil_water,nw-0207-01-000035.jpg,640,640,0,S1B_IW_GRDH_1SDV_20190306T154810_20190306T154835_015236_01C814_5AC6.SAFE,ID_3,S1B_IW_GRDH_1SDV_20190306T154810_20190306T154835_015236_01C814_5AC6.SAFE,S1_20190306_154745_154925_VV_27,hard_negative_train
DARTIS_2019,4154,nw,no_oil_water,nw-0930-06-000018.jpg,640,640,0,S1B_IW_GRDH_1SDV_20190306T154810_20190306T154835_015236_01C814_5AC6.SAFE,ID_3,S1B_IW_GRDH_1SDV_20190306T154810_20190306T154835_015236_01C814_5AC6.SAFE,S1_20190306_154745_154925_VV_58,hard_negative_train
DARTIS_2019,3283,nw,no_oil_water,nw-0059-00-000059.jpg,640,640,0,S1B_IW_GRDH_1SDV_20190307T035129_20190307T035154_015243_01C850_97F9.SAFE,ID_3,S1B_IW_GRDH_1SDV_20190307T035129_20190307T035154_015243_01C850_97F9.SAFE,S1_20190307_035039_035218_VV_90,hard_negative_train
DARTIS_2019,3432,nw,no_oil_water,nw-0208-01-000036.jpg,640,640,0,S1B_IW_GRDH_1SDV_20190307T035129_20190307T035154_015243_01C850_97F9.SAFE,ID_3,S1B_IW_GRDH_1SDV_20190307T035129_20190307T035154_015243_01C850_97F9.SAFE,S1_20190307_035039_035218_VV_73,hard_negative_train
DARTIS_2019,4155,nw,no_oil_water,nw-0931-06-000019.jpg,640,640,0,S1B_IW_GRDH_1SDV_20190307T035129_20190307T035154_015243_01C850_97F9.SAFE,ID_3,S1B_IW_GRDH_1SDV_20190307T035129_20190307T035154_015243_01C850_97F9.SAFE,S1_20190307_035039_035218_VV_76,hard_negative_train
DARTIS_2019,3434,nw,no_oil_water,nw-0210-01-000038.jpg,640,640,0,S1B_IW_GRDH_1SDV_20190308T153242_20190308T153307_015265_01C8FF_79CB.SAFE,ID_3,S1B_IW_GRDH_1SDV_20190308T153242_20190308T153307_015265_01C8FF_79CB.SAFE,S1_20190308_153127_153307_VV_381,hard_negative_train
DARTIS_2019,3765,nw,no_oil_water,nw-0541-03-000038.jpg,640,640,0,S1B_IW_GRDH_1SDV_20190309T033408_20190309T033433_015272_01C939_E524.SAFE,ID_3,S1B_IW_GRDH_1SDV_20190309T033408_20190309T033433_015272_01C939_E524.SAFE,S1_20190309_033408_033548_VV_20,hard_negative_train
DARTIS_2019,3766,nw,no_oil_water,nw-0542-03-000039.jpg,640,640,0,S1B_IW_GRDH_1SDV_20190309T033408_20190309T033433_015272_01C939_E524.SAFE,ID_3,S1B_IW_GRDH_1SDV_20190309T033408_20190309T033433_015272_01C939_E524.SAFE,S1_20190309_033408_033548_VV_22,hard_negative_train
DARTIS_2019,4335,nw,no_oil_water,nw-1111-07-000033.jpg,640,640,0,S1B_IW_GRDH_1SDV_20190312T035914_20190312T035939_015316_01CAB5_A5CE.SAFE,ID_3,S1B_IW_GRDH_1SDV_20190312T035914_20190312T035939_015316_01CAB5_A5CE.SAFE,S1_20190312_035849_040029_VV_28,hard_negative_train
DARTIS_2019,4674,nw,no_oil_water,nw-1450-09-000026.jpg,640,640,0,S1B_IW_GRDH_1SDV_20190312T040004_20190312T040029_015316_01CAB5_D793.SAFE,ID_3,S1B_IW_GRDH_1SDV_20190312T040004_20190312T040029_015316_01CAB5_D793.SAFE,S1_20190312_035849_040029_VV_130,hard_negative_train
DARTIS_2019,5026,nw,no_oil_water,nw-1802-11-000036.jpg,640,640,0,S1B_IW_GRDH_1SDV_20190312T040004_20190312T040029_015316_01CAB5_D793.SAFE,ID_3,S1B_IW_GRDH_1SDV_20190312T040004_20190312T040029_015316_01CAB5_D793.SAFE,S1_20190312_035849_040029_VV_173,hard_negative_train
DARTIS_2019,4522,nw,no_oil_water,nw-1298-08-000049.jpg,640,640,0,S1B_IW_GRDH_1SDV_20190314T034234_20190314T034259_015345_01CBA8_E507.SAFE,ID_3,S1B_IW_GRDH_1SDV_20190314T034234_20190314T034259_015345_01CBA8_E507.SAFE,S1_20190314_034234_034349_VV_15,hard_negative_train
DARTIS_2019,4523,nw,no_oil_water,nw-1299-08-000050.jpg,640,640,0,S1B_IW_GRDH_1SDV_20190314T034234_20190314T034259_015345_01CBA8_E507.SAFE,ID_3,S1B_IW_GRDH_1SDV_20190314T034234_20190314T034259_015345_01CBA8_E507.SAFE,S1_20190314_034234_034349_VV_31,hard_negative_train
DARTIS_2019,4524,nw,no_oil_water,nw-1300-08-000051.jpg,640,640,0,S1B_IW_GRDH_1SDV_20190314T034234_20190314T034259_015345_01CBA8_E507.SAFE,ID_3,S1B_IW_GRDH_1SDV_20190314T034234_20190314T034259_015345_01CBA8_E507.SAFE,S1_20190314_034234_034349_VV_59,hard_negative_train
DARTIS_2019,4525,nw,no_oil_water,nw-1301-08-000052.jpg,640,640,0,S1B_IW_GRDH_1SDV_20190314T034234_20190314T034259_015345_01CBA8_E507.SAFE,ID_3,S1B_IW_GRDH_1SDV_20190314T034234_20190314T034259_015345_01CBA8_E507.SAFE,S1_20190314_034234_034349_VV_7,hard_negative_train
DARTIS_2019,3436,nw,no_oil_water,nw-0212-01-000040.jpg,640,640,0,S1B_IW_GRDH_1SDV_20190319T035039_20190319T035104_015418_01CDFB_172B.SAFE,ID_3,S1B_IW_GRDH_1SDV_20190319T035039_20190319T035104_015418_01CDFB_172B.SAFE,S1_20190319_035039_035218_VV_18,hard_negative_train
DARTIS_2019,5031,nw,no_oil_water,nw-1807-11-000041.jpg,640,640,0,S1B_IW_GRDH_1SDV_20190319T035039_20190319T035104_015418_01CDFB_172B.SAFE,ID_3,S1B_IW_GRDH_1SDV_20190319T035039_20190319T035104_015418_01CDFB_172B.SAFE,S1_20190319_035039_035218_VV_150,hard_negative_train
DARTIS_2019,3286,nw,no_oil_water,nw-0062-00-000062.jpg,640,640,0,S1B_IW_GRDH_1SDV_20190319T035104_20190319T035129_015418_01CDFB_86C8.SAFE,ID_3,S1B_IW_GRDH_1SDV_20190319T035104_20190319T035129_015418_01CDFB_86C8.SAFE,S1_20190319_035039_035218_VV_84,hard_negative_train
DARTIS_2019,3770,nw,no_oil_water,nw-0546-03-000043.jpg,640,640,0,S1B_IW_GRDH_1SDV_20190319T035104_20190319T035129_015418_01CDFB_86C8.SAFE,ID_3,S1B_IW_GRDH_1SDV_20190319T035104_20190319T035129_015418_01CDFB_86C8.SAFE,S1_20190319_035039_035218_VV_177,hard_negative_train
DARTIS_2019,3771,nw,no_oil_water,nw-0547-03-000044.jpg,640,640,0,S1B_IW_GRDH_1SDV_20190319T035104_20190319T035129_015418_01CDFB_86C8.SAFE,ID_3,S1B_IW_GRDH_1SDV_20190319T035104_20190319T035129_015418_01CDFB_86C8.SAFE,S1_20190319_035039_035218_VV_95,hard_negative_train
DARTIS_2019,3904,nw,no_oil_water,nw-0680-04-000015.jpg,640,640,0,S1B_IW_GRDH_1SDV_20190319T035104_20190319T035129_015418_01CDFB_86C8.SAFE,ID_3,S1B_IW_GRDH_1SDV_20190319T035104_20190319T035129_015418_01CDFB_86C8.SAFE,S1_20190319_035039_035218_VV_171,hard_negative_train
DARTIS_2019,4004,nw,no_oil_water,nw-0780-05-000034.jpg,640,640,0,S1B_IW_GRDH_1SDV_20190319T035104_20190319T035129_015418_01CDFB_86C8.SAFE,ID_3,S1B_IW_GRDH_1SDV_20190319T035104_20190319T035129_015418_01CDFB_86C8.SAFE,S1_20190319_035039_035218_VV_170,hard_negative_train
DARTIS_2019,3613,nw,no_oil_water,nw-0389-02-000046.jpg,640,640,0,S1B_IW_GRDH_1SDV_20190319T035104_20190319T035129_015418_01CDFB_86C8.SAFE;S1B_IW_GRDH_1SDV_20190319T035039_20190319T035104_015418_01CDFB_172B.SAFE,ID_3,S1B_IW_GRDH_1SDV_20190319T035104_20190319T035129_015418_01CDFB_86C8.SAFE;S1B_IW_GRDH_1SDV_20190319T035039_20190319T035104_015418_01CDFB_172B.SAFE,S1_20190319_035039_035218_VV_56,hard_negative_train
DARTIS_2019,4526,nw,no_oil_water,nw-1302-08-000053.jpg,640,640,0,S1B_IW_GRDH_1SDV_20190320T153217_20190320T153242_015440_01CEAD_0499.SAFE,ID_3,S1B_IW_GRDH_1SDV_20190320T153217_20190320T153242_015440_01CEAD_0499.SAFE,S1_20190320_153127_153307_VV_351,hard_negative_train
DARTIS_2019,5033,nw,no_oil_water,nw-1809-11-000043.jpg,640,640,0,S1B_IW_GRDH_1SDV_20190320T153242_20190320T153307_015440_01CEAD_9EE4.SAFE,ID_3,S1B_IW_GRDH_1SDV_20190320T153242_20190320T153307_015440_01CEAD_9EE4.SAFE,S1_20190320_153127_153307_VV_394,hard_negative_train
DARTIS_2019,3772,nw,no_oil_water,nw-0548-03-000045.jpg,640,640,0,S1B_IW_GRDH_1SDV_20190321T033433_20190321T033458_015447_01CEE6_D58A.SAFE,ID_3,S1B_IW_GRDH_1SDV_20190321T033433_20190321T033458_015447_01CEE6_D58A.SAFE,S1_20190321_033408_033548_VV_36,hard_negative_train
DARTIS_2019,4681,nw,no_oil_water,nw-1457-09-000033.jpg,640,640,0,S1B_IW_GRDH_1SDV_20190323T155640_20190323T155709_015484_01D01A_DA9D.SAFE,ID_3,S1B_IW_GRDH_1SDV_20190323T155640_20190323T155709_015484_01D01A_DA9D.SAFE,S1_20190323_155640_155734_VV_36,hard_negative_train
DARTIS_2019,5034,nw,no_oil_water,nw-1810-11-000044.jpg,640,640,0,S1B_IW_GRDH_1SDV_20190323T155640_20190323T155709_015484_01D01A_DA9D.SAFE,ID_3,S1B_IW_GRDH_1SDV_20190323T155640_20190323T155709_015484_01D01A_DA9D.SAFE,S1_20190323_155640_155734_VV_153,hard_negative_train
DARTIS_2019,5035,nw,no_oil_water,nw-1811-11-000045.jpg,640,640,0,S1B_IW_GRDH_1SDV_20190323T155640_20190323T155709_015484_01D01A_DA9D.SAFE,ID_3,S1B_IW_GRDH_1SDV_20190323T155640_20190323T155709_015484_01D01A_DA9D.SAFE,S1_20190323_155640_155734_VV_16,hard_negative_train
DARTIS_2019,5036,nw,no_oil_water,nw-1812-11-000046.jpg,640,640,0,S1B_IW_GRDH_1SDV_20190323T155640_20190323T155709_015484_01D01A_DA9D.SAFE,ID_3,S1B_IW_GRDH_1SDV_20190323T155640_20190323T155709_015484_01D01A_DA9D.SAFE,S1_20190323_155640_155734_VV_47,hard_negative_train
DARTIS_2019,3439,nw,no_oil_water,nw-0215-01-000043.jpg,640,640,0,S1B_IW_GRDH_1SDV_20190323T155709_20190323T155734_015484_01D01A_C448.SAFE,ID_3,S1B_IW_GRDH_1SDV_20190323T155709_20190323T155734_015484_01D01A_C448.SAFE,S1_20190323_155640_155734_VV_176,hard_negative_train
DARTIS_2019,4163,nw,no_oil_water,nw-0939-06-000027.jpg,640,640,0,S1B_IW_GRDH_1SDV_20190323T155709_20190323T155734_015484_01D01A_C448.SAFE,ID_3,S1B_IW_GRDH_1SDV_20190323T155709_20190323T155734_015484_01D01A_C448.SAFE,S1_20190323_155640_155734_VV_192,hard_negative_train
DARTIS_2019,4682,nw,no_oil_water,nw-1458-09-000034.jpg,640,640,0,S1B_IW_GRDH_1SDV_20190323T155709_20190323T155734_015484_01D01A_C448.SAFE,ID_3,S1B_IW_GRDH_1SDV_20190323T155709_20190323T155734_015484_01D01A_C448.SAFE,S1_20190323_155640_155734_VV_80,hard_negative_train
DARTIS_2019,4006,nw,no_oil_water,nw-0782-05-000036.jpg,640,640,0,S1B_IW_GRDH_1SDV_20190326T034234_20190326T034259_015520_01D15F_A245.SAFE,ID_3,S1B_IW_GRDH_1SDV_20190326T034234_20190326T034259_015520_01D15F_A245.SAFE,S1_20190326_034234_034349_VV_11,hard_negative_train
DARTIS_2019,4530,nw,no_oil_water,nw-1306-08-000057.jpg,640,640,0,S1B_IW_GRDH_1SDV_20190330T154900_20190330T154925_015586_01D376_BC6C.SAFE,ID_3,S1B_IW_GRDH_1SDV_20190330T154900_20190330T154925_015586_01D376_BC6C.SAFE,S1_20190330_154745_154925_VV_24,hard_negative_train
DARTIS_2019,3775,nw,no_oil_water,nw-0551-03-000048.jpg,640,640,0,S1B_IW_GRDH_1SDV_20190405T035850_20190405T035915_015666_01D628_CFEF.SAFE,ID_3,S1B_IW_GRDH_1SDV_20190405T035850_20190405T035915_015666_01D628_CFEF.SAFE,S1_20190405_035850_040029_VV_20,hard_negative_train
DARTIS_2019,4009,nw,no_oil_water,nw-0785-05-000039.jpg,640,640,0,S1B_IW_GRDH_1SDV_20190405T035915_20190405T035940_015666_01D628_E73F.SAFE,ID_3,S1B_IW_GRDH_1SDV_20190405T035915_20190405T035940_015666_01D628_E73F.SAFE,S1_20190405_035850_040029_VV_33,hard_negative_train
DARTIS_2019,4164,nw,no_oil_water,nw-0940-06-000028.jpg,640,640,0,S1B_IW_GRDH_1SDV_20190405T035915_20190405T035940_015666_01D628_E73F.SAFE,ID_3,S1B_IW_GRDH_1SDV_20190405T035915_20190405T035940_015666_01D628_E73F.SAFE,S1_20190405_035850_040029_VV_169,hard_negative_train
DARTIS_2019,4533,nw,no_oil_water,nw-1309-08-000060.jpg,640,640,0,S1B_IW_GRDH_1SDV_20190405T035915_20190405T035940_015666_01D628_E73F.SAFE,ID_3,S1B_IW_GRDH_1SDV_20190405T035915_20190405T035940_015666_01D628_E73F.SAFE,S1_20190405_035850_040029_VV_35,hard_negative_train
DARTIS_2019,5037,nw,no_oil_water,nw-1813-11-000047.jpg,640,640,0,S1B_IW_GRDH_1SDV_20190405T035915_20190405T035940_015666_01D628_E73F.SAFE,ID_3,S1B_IW_GRDH_1SDV_20190405T035915_20190405T035940_015666_01D628_E73F.SAFE,S1_20190405_035850_040029_VV_176,hard_negative_train
DARTIS_2019,3444,nw,no_oil_water,nw-0220-01-000048.jpg,640,640,0,S1B_IW_GRDH_1SDV_20190405T035940_20190405T040005_015666_01D628_676F.SAFE,ID_3,S1B_IW_GRDH_1SDV_20190405T035940_20190405T040005_015666_01D628_676F.SAFE,S1_20190405_035850_040029_VV_101,hard_negative_train
DARTIS_2019,3905,nw,no_oil_water,nw-0681-04-000016.jpg,640,640,0,S1B_IW_GRDH_1SDV_20190405T035940_20190405T040005_015666_01D628_676F.SAFE,ID_3,S1B_IW_GRDH_1SDV_20190405T035940_20190405T040005_015666_01D628_676F.SAFE,S1_20190405_035850_040029_VV_72,hard_negative_train
DARTIS_2019,4166,nw,no_oil_water,nw-0942-06-000030.jpg,640,640,0,S1B_IW_GRDH_1SDV_20190405T035940_20190405T040005_015666_01D628_676F.SAFE,ID_3,S1B_IW_GRDH_1SDV_20190405T035940_20190405T040005_015666_01D628_676F.SAFE,S1_20190405_035850_040029_VV_96,hard_negative_train
DARTIS_2019,4346,nw,no_oil_water,nw-1122-07-000044.jpg,640,640,0,S1B_IW_GRDH_1SDV_20190405T035940_20190405T040005_015666_01D628_676F.SAFE,ID_3,S1B_IW_GRDH_1SDV_20190405T035940_20190405T040005_015666_01D628_676F.SAFE,S1_20190405_035850_040029_VV_67,hard_negative_train
DARTIS_2019,5038,nw,no_oil_water,nw-1814-11-000048.jpg,640,640,0,S1B_IW_GRDH_1SDV_20190405T035940_20190405T040005_015666_01D628_676F.SAFE,ID_3,S1B_IW_GRDH_1SDV_20190405T035940_20190405T040005_015666_01D628_676F.SAFE,S1_20190405_035850_040029_VV_187,hard_negative_train
DARTIS_2019,4165,nw,no_oil_water,nw-0941-06-000029.jpg,640,640,0,S1B_IW_GRDH_1SDV_20190405T040005_20190405T040029_015666_01D628_7546.SAFE,ID_3,S1B_IW_GRDH_1SDV_20190405T040005_20190405T040029_015666_01D628_7546.SAFE,S1_20190405_035850_040029_VV_223,hard_negative_train
DARTIS_2019,4176,nw,no_oil_water,nw-0952-06-000040.jpg,640,640,0,S1B_IW_GRDH_1SDV_20190406T154032_20190406T154057_015688_01D6ED_B234.SAFE,ID_3,S1B_IW_GRDH_1SDV_20190406T154032_20190406T154057_015688_01D6ED_B234.SAFE,S1_20190406_153942_154057_VV_87,hard_negative_train
DARTIS_2019,4349,nw,no_oil_water,nw-1125-07-000047.jpg,640,640,0,S1B_IW_GRDH_1SDV_20190406T154032_20190406T154057_015688_01D6ED_B234.SAFE,ID_3,S1B_IW_GRDH_1SDV_20190406T154032_20190406T154057_015688_01D6ED_B234.SAFE,S1_20190406_153942_154057_VV_71,hard_negative_train
DARTIS_2019,5050,nw,no_oil_water,nw-1826-11-000060.jpg,640,640,0,S1B_IW_GRDH_1SDV_20190406T154032_20190406T154057_015688_01D6ED_B234.SAFE,ID_3,S1B_IW_GRDH_1SDV_20190406T154032_20190406T154057_015688_01D6ED_B234.SAFE,S1_20190406_153942_154057_VV_49,hard_negative_train
DARTIS_2019,4687,nw,no_oil_water,nw-1463-09-000039.jpg,640,640,0,S1B_IW_GRDH_1SDV_20190407T034259_20190407T034324_015695_01D728_6F12.SAFE,ID_3,S1B_IW_GRDH_1SDV_20190407T034259_20190407T034324_015695_01D728_6F12.SAFE,S1_20190407_034234_034349_VV_33,hard_negative_train
DARTIS_2019,4689,nw,no_oil_water,nw-1465-09-000041.jpg,640,640,0,S1B_IW_GRDH_1SDV_20190407T034259_20190407T034324_015695_01D728_6F12.SAFE,ID_3,S1B_IW_GRDH_1SDV_20190407T034259_20190407T034324_015695_01D728_6F12.SAFE,S1_20190407_034234_034349_VV_89,hard_negative_train
DARTIS_2019,4177,nw,no_oil_water,nw-0953-06-000041.jpg,640,640,0,S1B_IW_GRDH_1SDV_20190411T154811_20190411T154836_015761_01D947_1908.SAFE,ID_3,S1B_IW_GRDH_1SDV_20190411T154811_20190411T154836_015761_01D947_1908.SAFE,S1_20190411_154746_154926_VV_26,hard_negative_train
DARTIS_2019,4178,nw,no_oil_water,nw-0954-06-000042.jpg,640,640,0,S1B_IW_GRDH_1SDV_20190411T154811_20190411T154836_015761_01D947_1908.SAFE,ID_3,S1B_IW_GRDH_1SDV_20190411T154811_20190411T154836_015761_01D947_1908.SAFE,S1_20190411_154746_154926_VV_38,hard_negative_train
DARTIS_2019,5053,nw,no_oil_water,nw-1829-11-000063.jpg,640,640,0,S1B_IW_GRDH_1SDV_20190411T154811_20190411T154836_015761_01D947_1908.SAFE,ID_3,S1B_IW_GRDH_1SDV_20190411T154811_20190411T154836_015761_01D947_1908.SAFE,S1_20190411_154746_154926_VV_46,hard_negative_train
DARTIS_2019,3447,nw,no_oil_water,nw-0223-01-000051.jpg,640,640,0,S1B_IW_GRDH_1SDV_20190411T154836_20190411T154901_015761_01D947_D398.SAFE,ID_3,S1B_IW_GRDH_1SDV_20190411T154836_20190411T154901_015761_01D947_D398.SAFE,S1_20190411_154746_154926_VV_68,hard_negative_train
DARTIS_2019,4179,nw,no_oil_water,nw-0955-06-000043.jpg,640,640,0,S1B_IW_GRDH_1SDV_20190411T154836_20190411T154901_015761_01D947_D398.SAFE,ID_3,S1B_IW_GRDH_1SDV_20190411T154836_20190411T154901_015761_01D947_D398.SAFE,S1_20190411_154746_154926_VV_60,hard_negative_train
DARTIS_2019,3448,nw,no_oil_water,nw-0224-01-000052.jpg,640,640,0,S1B_IW_GRDH_1SDV_20190412T035105_20190412T035130_015768_01D985_01C9.SAFE,ID_3,S1B_IW_GRDH_1SDV_20190412T035105_20190412T035130_015768_01D985_01C9.SAFE,S1_20190412_035040_035219_VV_103,hard_negative_train
DARTIS_2019,4180,nw,no_oil_water,nw-0956-06-000044.jpg,640,640,0,S1B_IW_GRDH_1SDV_20190412T035105_20190412T035130_015768_01D985_01C9.SAFE,ID_3,S1B_IW_GRDH_1SDV_20190412T035105_20190412T035130_015768_01D985_01C9.SAFE,S1_20190412_035040_035219_VV_112,hard_negative_train
DARTIS_2019,5054,nw,no_oil_water,nw-1830-11-000064.jpg,640,640,0,S1B_IW_GRDH_1SDV_20190412T035105_20190412T035130_015768_01D985_01C9.SAFE,ID_3,S1B_IW_GRDH_1SDV_20190412T035105_20190412T035130_015768_01D985_01C9.SAFE,S1_20190412_035040_035219_VV_120,hard_negative_train
DARTIS_2019,4182,nw,no_oil_water,nw-0958-06-000046.jpg,640,640,0,S1B_IW_GRDH_1SDV_20190412T035130_20190412T035155_015768_01D985_E914.SAFE,ID_3,S1B_IW_GRDH_1SDV_20190412T035130_20190412T035155_015768_01D985_E914.SAFE,S1_20190412_035040_035219_VV_186,hard_negative_train
DARTIS_2019,4183,nw,no_oil_water,nw-0959-06-000047.jpg,640,640,0,S1B_IW_GRDH_1SDV_20190412T035130_20190412T035155_015768_01D985_E914.SAFE,ID_3,S1B_IW_GRDH_1SDV_20190412T035130_20190412T035155_015768_01D985_E914.SAFE,S1_20190412_035040_035219_VV_187,hard_negative_train
DARTIS_2019,3624,nw,no_oil_water,nw-0400-02-000057.jpg,640,640,0,S1B_IW_GRDH_1SDV_20190419T034234_20190419T034259_015870_01DCF1_643E.SAFE,ID_3,S1B_IW_GRDH_1SDV_20190419T034234_20190419T034259_015870_01DCF1_643E.SAFE,S1_20190419_034234_034349_VV_21,hard_negative_train
DARTIS_2019,4691,nw,no_oil_water,nw-1467-09-000043.jpg,640,640,0,S1B_IW_GRDH_1SDV_20190419T034324_20190419T034349_015870_01DCF1_E67E.SAFE,ID_3,S1B_IW_GRDH_1SDV_20190419T034324_20190419T034349_015870_01DCF1_E67E.SAFE,S1_20190419_034234_034349_VV_38,hard_negative_train
DARTIS_2019,4185,nw,no_oil_water,nw-0961-06-000049.jpg,640,640,0,S1B_IW_GRDH_1SDV_20190423T154811_20190423T154836_015936_01DF14_D0D6.SAFE,ID_3,S1B_IW_GRDH_1SDV_20190423T154811_20190423T154836_015936_01DF14_D0D6.SAFE,S1_20190423_154746_154926_VV_111,hard_negative_train
DARTIS_2019,4186,nw,no_oil_water,nw-0962-06-000050.jpg,640,640,0,S1B_IW_GRDH_1SDV_20190423T154811_20190423T154836_015936_01DF14_D0D6.SAFE,ID_3,S1B_IW_GRDH_1SDV_20190423T154811_20190423T154836_015936_01DF14_D0D6.SAFE,S1_20190423_154746_154926_VV_115,hard_negative_train
DARTIS_2019,3450,nw,no_oil_water,nw-0226-01-000054.jpg,640,640,0,S1B_IW_GRDH_1SDV_20190423T154836_20190423T154901_015936_01DF14_E7F4.SAFE,ID_3,S1B_IW_GRDH_1SDV_20190423T154836_20190423T154901_015936_01DF14_E7F4.SAFE,S1_20190423_154746_154926_VV_134,hard_negative_train
DARTIS_2019,4187,nw,no_oil_water,nw-0963-06-000051.jpg,640,640,0,S1B_IW_GRDH_1SDV_20190423T154836_20190423T154901_015936_01DF14_E7F4.SAFE,ID_3,S1B_IW_GRDH_1SDV_20190423T154836_20190423T154901_015936_01DF14_E7F4.SAFE,S1_20190423_154746_154926_VV_130,hard_negative_train
DARTIS_2019,4188,nw,no_oil_water,nw-0964-06-000052.jpg,640,640,0,S1B_IW_GRDH_1SDV_20190423T154836_20190423T154901_015936_01DF14_E7F4.SAFE,ID_3,S1B_IW_GRDH_1SDV_20190423T154836_20190423T154901_015936_01DF14_E7F4.SAFE,S1_20190423_154746_154926_VV_144,hard_negative_train
DARTIS_2019,4189,nw,no_oil_water,nw-0965-06-000053.jpg,640,640,0,S1B_IW_GRDH_1SDV_20190423T154836_20190423T154901_015936_01DF14_E7F4.SAFE,ID_3,S1B_IW_GRDH_1SDV_20190423T154836_20190423T154901_015936_01DF14_E7F4.SAFE,S1_20190423_154746_154926_VV_147,hard_negative_train
DARTIS_2019,5056,nw,no_oil_water,nw-1832-11-000066.jpg,640,640,0,S1B_IW_GRDH_1SDV_20190423T154836_20190423T154901_015936_01DF14_E7F4.SAFE,ID_3,S1B_IW_GRDH_1SDV_20190423T154836_20190423T154901_015936_01DF14_E7F4.SAFE,S1_20190423_154746_154926_VV_49,hard_negative_train
DARTIS_2019,4358,nw,no_oil_water,nw-1134-07-000056.jpg,640,640,0,S1B_IW_GRDH_1SDV_20190426T033409_20190426T033434_015972_01E03C_2784.SAFE,ID_3,S1B_IW_GRDH_1SDV_20190426T033409_20190426T033434_015972_01E03C_2784.SAFE,S1_20190426_033409_033549_VV_32,hard_negative_train
DARTIS_2019,4537,nw,no_oil_water,nw-1313-08-000064.jpg,640,640,0,S1B_IW_GRDH_1SDV_20190426T033409_20190426T033434_015972_01E03C_2784.SAFE,ID_3,S1B_IW_GRDH_1SDV_20190426T033409_20190426T033434_015972_01E03C_2784.SAFE,S1_20190426_033409_033549_VV_1,hard_negative_train
DARTIS_2019,4694,nw,no_oil_water,nw-1470-09-000046.jpg,640,640,0,S1B_IW_GRDH_1SDV_20190426T033409_20190426T033434_015972_01E03C_2784.SAFE,ID_3,S1B_IW_GRDH_1SDV_20190426T033409_20190426T033434_015972_01E03C_2784.SAFE,S1_20190426_033409_033549_VV_19,hard_negative_train
DARTIS_2019,4697,nw,no_oil_water,nw-1473-09-000049.jpg,640,640,0,S1B_IW_GRDH_1SDV_20190428T155642_20190428T155711_016009_01E183_AEED.SAFE,ID_3,S1B_IW_GRDH_1SDV_20190428T155642_20190428T155711_016009_01E183_AEED.SAFE,S1_20190428_155642_155736_VV_40,hard_negative_train
DARTIS_2019,3788,nw,no_oil_water,nw-0564-03-000061.jpg,640,640,0,S1B_IW_GRDH_1SDV_20190428T155711_20190428T155736_016009_01E183_B373.SAFE,ID_3,S1B_IW_GRDH_1SDV_20190428T155711_20190428T155736_016009_01E183_B373.SAFE,S1_20190428_155642_155736_VV_55,hard_negative_train
DARTIS_2019,4203,nw,no_oil_water,nw-0979-06-000067.jpg,640,640,0,S1B_IW_GRDH_1SDV_20190428T155711_20190428T155736_016009_01E183_B373.SAFE,ID_3,S1B_IW_GRDH_1SDV_20190428T155711_20190428T155736_016009_01E183_B373.SAFE,S1_20190428_155642_155736_VV_13,hard_negative_train
DARTIS_2019,4695,nw,no_oil_water,nw-1471-09-000047.jpg,640,640,0,S1B_IW_GRDH_1SDV_20190428T155711_20190428T155736_016009_01E183_B373.SAFE,ID_3,S1B_IW_GRDH_1SDV_20190428T155711_20190428T155736_016009_01E183_B373.SAFE,S1_20190428_155642_155736_VV_19,hard_negative_train
DARTIS_2019,4696,nw,no_oil_water,nw-1472-09-000048.jpg,640,640,0,S1B_IW_GRDH_1SDV_20190428T155711_20190428T155736_016009_01E183_B373.SAFE,ID_3,S1B_IW_GRDH_1SDV_20190428T155711_20190428T155736_016009_01E183_B373.SAFE,S1_20190428_155642_155736_VV_32,hard_negative_train
DARTIS_2019,4698,nw,no_oil_water,nw-1474-09-000050.jpg,640,640,0,S1B_IW_GRDH_1SDV_20190428T155711_20190428T155736_016009_01E183_B373.SAFE,ID_3,S1B_IW_GRDH_1SDV_20190428T155711_20190428T155736_016009_01E183_B373.SAFE,S1_20190428_155642_155736_VV_60,hard_negative_train
DARTIS_2019,4202,nw,no_oil_water,nw-0978-06-000066.jpg,640,640,0,S1B_IW_GRDH_1SDV_20190428T155711_20190428T155736_016009_01E183_B373.SAFE;S1B_IW_GRDH_1SDV_20190428T155642_20190428T155711_016009_01E183_AEED.SAFE,ID_3,S1B_IW_GRDH_1SDV_20190428T155711_20190428T155736_016009_01E183_B373.SAFE;S1B_IW_GRDH_1SDV_20190428T155642_20190428T155711_016009_01E183_AEED.SAFE,S1_20190428_155642_155736_VV_1,hard_negative_train
DARTIS_2019,3917,nw,no_oil_water,nw-0693-04-000028.jpg,640,640,0,S1B_IW_GRDH_1SDV_20190429T035851_20190429T035916_016016_01E1C8_1C16.SAFE,ID_3,S1B_IW_GRDH_1SDV_20190429T035851_20190429T035916_016016_01E1C8_1C16.SAFE,S1_20190429_035851_040030_VV_42,hard_negative_train
DARTIS_2019,4204,nw,no_oil_water,nw-0980-06-000068.jpg,640,640,0,S1B_IW_GRDH_1SDV_20190429T035851_20190429T035916_016016_01E1C8_1C16.SAFE,ID_3,S1B_IW_GRDH_1SDV_20190429T035851_20190429T035916_016016_01E1C8_1C16.SAFE,S1_20190429_035851_040030_VV_84,hard_negative_train
DARTIS_2019,4538,nw,no_oil_water,nw-1314-08-000065.jpg,640,640,0,S1B_IW_GRDH_1SDV_20190429T035851_20190429T035916_016016_01E1C8_1C16.SAFE,ID_3,S1B_IW_GRDH_1SDV_20190429T035851_20190429T035916_016016_01E1C8_1C16.SAFE,S1_20190429_035851_040030_VV_15,hard_negative_train
DARTIS_2019,4359,nw,no_oil_water,nw-1135-07-000057.jpg,640,640,0,S1B_IW_GRDH_1SDV_20190429T035916_20190429T035941_016016_01E1C8_BA61.SAFE;S1B_IW_GRDH_1SDV_20190429T035851_20190429T035916_016016_01E1C8_1C16.SAFE,ID_3,S1B_IW_GRDH_1SDV_20190429T035916_20190429T035941_016016_01E1C8_BA61.SAFE;S1B_IW_GRDH_1SDV_20190429T035851_20190429T035916_016016_01E1C8_1C16.SAFE,S1_20190429_035851_040030_VV_105,hard_negative_train
DARTIS_2019,3632,nw,no_oil_water,nw-0408-02-000065.jpg,640,640,0,S1B_IW_GRDH_1SDV_20190430T154008_20190430T154033_016038_01E28F_DDE9.SAFE,ID_3,S1B_IW_GRDH_1SDV_20190430T154008_20190430T154033_016038_01E28F_DDE9.SAFE,S1_20190430_153943_154058_VV_17,hard_negative_train
DARTIS_2019,3792,nw,no_oil_water,nw-0568-03-000065.jpg,640,640,0,S1B_IW_GRDH_1SDV_20190430T154008_20190430T154033_016038_01E28F_DDE9.SAFE,ID_3,S1B_IW_GRDH_1SDV_20190430T154008_20190430T154033_016038_01E28F_DDE9.SAFE,S1_20190430_153943_154058_VV_82,hard_negative_train
DARTIS_2019,3793,nw,no_oil_water,nw-0569-03-000066.jpg,640,640,0,S1B_IW_GRDH_1SDV_20190430T154008_20190430T154033_016038_01E28F_DDE9.SAFE,ID_3,S1B_IW_GRDH_1SDV_20190430T154008_20190430T154033_016038_01E28F_DDE9.SAFE,S1_20190430_153943_154058_VV_87,hard_negative_train
DARTIS_2019,3791,nw,no_oil_water,nw-0567-03-000064.jpg,640,640,0,S1B_IW_GRDH_1SDV_20190430T154033_20190430T154058_016038_01E28F_07FE.SAFE,ID_3,S1B_IW_GRDH_1SDV_20190430T154033_20190430T154058_016038_01E28F_07FE.SAFE,S1_20190430_153943_154058_VV_117,hard_negative_train
DARTIS_2019,4703,nw,no_oil_water,nw-1479-09-000055.jpg,640,640,0,S1B_IW_GRDH_1SDV_20190430T154033_20190430T154058_016038_01E28F_07FE.SAFE,ID_3,S1B_IW_GRDH_1SDV_20190430T154033_20190430T154058_016038_01E28F_07FE.SAFE,S1_20190430_153943_154058_VV_112,hard_negative_train
DARTIS_2019,4704,nw,no_oil_water,nw-1480-09-000056.jpg,640,640,0,S1B_IW_GRDH_1SDV_20190430T154033_20190430T154058_016038_01E28F_07FE.SAFE,ID_3,S1B_IW_GRDH_1SDV_20190430T154033_20190430T154058_016038_01E28F_07FE.SAFE,S1_20190430_153943_154058_VV_64,hard_negative_train
DARTIS_2019,5072,nw,no_oil_water,nw-1848-11-000082.jpg,640,640,0,S1B_IW_GRDH_1SDV_20190430T154033_20190430T154058_016038_01E28F_07FE.SAFE,ID_3,S1B_IW_GRDH_1SDV_20190430T154033_20190430T154058_016038_01E28F_07FE.SAFE,S1_20190430_153943_154058_VV_54,hard_negative_train
DARTIS_2019,4541,nw,no_oil_water,nw-1317-08-000068.jpg,640,640,0,S1B_IW_GRDH_1SDV_20190501T034219_20190501T034244_016045_01E2CB_DAFE.SAFE,ID_3,S1B_IW_GRDH_1SDV_20190501T034219_20190501T034244_016045_01E2CB_DAFE.SAFE,S1_20190501_034219_034359_VV_14,hard_negative_train
DARTIS_2019,5074,nw,no_oil_water,nw-1850-11-000084.jpg,640,640,0,S1B_IW_GRDH_1SDV_20190501T034219_20190501T034244_016045_01E2CB_DAFE.SAFE,ID_3,S1B_IW_GRDH_1SDV_20190501T034219_20190501T034244_016045_01E2CB_DAFE.SAFE,S1_20190501_034219_034359_VV_198,hard_negative_train
DARTIS_2019,5075,nw,no_oil_water,nw-1851-11-000085.jpg,640,640,0,S1B_IW_GRDH_1SDV_20190501T034219_20190501T034244_016045_01E2CB_DAFE.SAFE,ID_3,S1B_IW_GRDH_1SDV_20190501T034219_20190501T034244_016045_01E2CB_DAFE.SAFE,S1_20190501_034219_034359_VV_33,hard_negative_train
DARTIS_2019,3794,nw,no_oil_water,nw-0570-03-000067.jpg,640,640,0,S1B_IW_GRDH_1SDV_20190501T034244_20190501T034309_016045_01E2CB_793F.SAFE;S1B_IW_GRDH_1SDV_20190501T034219_20190501T034244_016045_01E2CB_DAFE.SAFE,ID_3,S1B_IW_GRDH_1SDV_20190501T034244_20190501T034309_016045_01E2CB_793F.SAFE;S1B_IW_GRDH_1SDV_20190501T034219_20190501T034244_016045_01E2CB_DAFE.SAFE,S1_20190501_034219_034359_VV_64,hard_negative_train
DARTIS_2019,4027,nw,no_oil_water,nw-0803-05-000057.jpg,640,640,0,S1B_IW_GRDH_1SDV_20190501T034309_20190501T034334_016045_01E2CB_53B9.SAFE,ID_3,S1B_IW_GRDH_1SDV_20190501T034309_20190501T034334_016045_01E2CB_53B9.SAFE,S1_20190501_034219_034359_VV_252,hard_negative_train
DARTIS_2019,4543,nw,no_oil_water,nw-1319-08-000070.jpg,640,640,0,S1B_IW_GRDH_1SDV_20190506T035131_20190506T035156_016118_01E530_855F.SAFE,ID_3,S1B_IW_GRDH_1SDV_20190506T035131_20190506T035156_016118_01E530_855F.SAFE,S1_20190506_035041_035220_VV_56,hard_negative_train
DARTIS_2019,4708,nw,no_oil_water,nw-1484-09-000060.jpg,640,640,0,S1B_IW_GRDH_1SDV_20190506T035131_20190506T035156_016118_01E530_855F.SAFE,ID_3,S1B_IW_GRDH_1SDV_20190506T035131_20190506T035156_016118_01E530_855F.SAFE,S1_20190506_035041_035220_VV_127,hard_negative_train
DARTIS_2019,4710,nw,no_oil_water,nw-1486-09-000062.jpg,640,640,0,S1B_IW_GRDH_1SDV_20190506T035131_20190506T035156_016118_01E530_855F.SAFE,ID_3,S1B_IW_GRDH_1SDV_20190506T035131_20190506T035156_016118_01E530_855F.SAFE,S1_20190506_035041_035220_VV_46,hard_negative_train
DARTIS_2019,4207,nw,no_oil_water,nw-0983-06-000071.jpg,640,640,0,S1B_IW_GRDH_1SDV_20190510T155611_20190510T155636_016184_01E73C_075F.SAFE,ID_3,S1B_IW_GRDH_1SDV_20190510T155611_20190510T155636_016184_01E73C_075F.SAFE,S1_20190510_155611_155636_VV_38,hard_negative_train
DARTIS_2019,3293,nw,no_oil_water,nw-0069-00-000069.jpg,640,640,0,S1B_IW_GRDH_1SDV_20190510T155642_20190510T155711_016184_01E73D_7764.SAFE,ID_3,S1B_IW_GRDH_1SDV_20190510T155642_20190510T155711_016184_01E73D_7764.SAFE,S1_20190510_155642_155736_VV_20,hard_negative_train
DARTIS_2019,4864,nw,no_oil_water,nw-1640-10-000048.jpg,640,640,0,S1B_IW_GRDH_1SDV_20190510T155642_20190510T155711_016184_01E73D_7764.SAFE,ID_3,S1B_IW_GRDH_1SDV_20190510T155642_20190510T155711_016184_01E73D_7764.SAFE,S1_20190510_155642_155736_VV_17,hard_negative_train
DARTIS_2019,4865,nw,no_oil_water,nw-1641-10-000049.jpg,640,640,0,S1B_IW_GRDH_1SDV_20190510T155642_20190510T155711_016184_01E73D_7764.SAFE,ID_3,S1B_IW_GRDH_1SDV_20190510T155642_20190510T155711_016184_01E73D_7764.SAFE,S1_20190510_155642_155736_VV_2,hard_negative_train
DARTIS_2019,4866,nw,no_oil_water,nw-1642-10-000050.jpg,640,640,0,S1B_IW_GRDH_1SDV_20190510T155642_20190510T155711_016184_01E73D_7764.SAFE,ID_3,S1B_IW_GRDH_1SDV_20190510T155642_20190510T155711_016184_01E73D_7764.SAFE,S1_20190510_155642_155736_VV_6,hard_negative_train
DARTIS_2019,3294,nw,no_oil_water,nw-0070-00-000070.jpg,640,640,0,S1B_IW_GRDH_1SDV_20190511T035851_20190511T035916_016191_01E77E_ECCB.SAFE,ID_3,S1B_IW_GRDH_1SDV_20190511T035851_20190511T035916_016191_01E77E_ECCB.SAFE,S1_20190511_035851_040030_VV_24,hard_negative_train
DARTIS_2019,3295,nw,no_oil_water,nw-0071-00-000071.jpg,640,640,0,S1B_IW_GRDH_1SDV_20190511T035851_20190511T035916_016191_01E77E_ECCB.SAFE,ID_3,S1B_IW_GRDH_1SDV_20190511T035851_20190511T035916_016191_01E77E_ECCB.SAFE,S1_20190511_035851_040030_VV_54,hard_negative_train
DARTIS_2019,4208,nw,no_oil_water,nw-0984-06-000072.jpg,640,640,0,S1B_IW_GRDH_1SDV_20190511T035851_20190511T035916_016191_01E77E_ECCB.SAFE,ID_3,S1B_IW_GRDH_1SDV_20190511T035851_20190511T035916_016191_01E77E_ECCB.SAFE,S1_20190511_035851_040030_VV_60,hard_negative_train
DARTIS_2019,5076,nw,no_oil_water,nw-1852-11-000086.jpg,640,640,0,S1B_IW_GRDH_1SDV_20190511T035851_20190511T035916_016191_01E77E_ECCB.SAFE,ID_3,S1B_IW_GRDH_1SDV_20190511T035851_20190511T035916_016191_01E77E_ECCB.SAFE,S1_20190511_035851_040030_VV_10,hard_negative_train
DARTIS_2019,3637,nw,no_oil_water,nw-0413-02-000070.jpg,640,640,0,S1B_IW_GRDH_1SDV_20190513T034219_20190513T034244_016220_01E86A_DAE3.SAFE,ID_3,S1B_IW_GRDH_1SDV_20190513T034219_20190513T034244_016220_01E86A_DAE3.SAFE,S1_20190513_034219_034359_VV_14,hard_negative_train
DARTIS_2019,4031,nw,no_oil_water,nw-0807-05-000061.jpg,640,640,0,S1B_IW_GRDH_1SDV_20190513T034219_20190513T034244_016220_01E86A_DAE3.SAFE,ID_3,S1B_IW_GRDH_1SDV_20190513T034219_20190513T034244_016220_01E86A_DAE3.SAFE,S1_20190513_034219_034359_VV_115,hard_negative_train
DARTIS_2019,4367,nw,no_oil_water,nw-1143-07-000065.jpg,640,640,0,S1B_IW_GRDH_1SDV_20190513T034334_20190513T034359_016220_01E86A_D898.SAFE,ID_3,S1B_IW_GRDH_1SDV_20190513T034334_20190513T034359_016220_01E86A_D898.SAFE,S1_20190513_034219_034359_VV_99,hard_negative_train
DARTIS_2019,4714,nw,no_oil_water,nw-1490-09-000066.jpg,640,640,0,S1B_IW_GRDH_1SDV_20190513T034334_20190513T034359_016220_01E86A_D898.SAFE,ID_3,S1B_IW_GRDH_1SDV_20190513T034334_20190513T034359_016220_01E86A_D898.SAFE,S1_20190513_034219_034359_VV_102,hard_negative_train
DARTIS_2019,4715,nw,no_oil_water,nw-1491-09-000067.jpg,640,640,0,S1B_IW_GRDH_1SDV_20190513T034334_20190513T034359_016220_01E86A_D898.SAFE,ID_3,S1B_IW_GRDH_1SDV_20190513T034334_20190513T034359_016220_01E86A_D898.SAFE,S1_20190513_034219_034359_VV_146,hard_negative_train
DARTIS_2019,4210,nw,no_oil_water,nw-0986-06-000074.jpg,640,640,0,S1B_IW_GRDH_1SDV_20190515T160456_20190515T160521_016257_01E988_F53E.SAFE,ID_3,S1B_IW_GRDH_1SDV_20190515T160456_20190515T160521_016257_01E988_F53E.SAFE,S1_20190515_160406_160546_VV_86,hard_negative_train
DARTIS_2019,5080,nw,no_oil_water,nw-1856-11-000090.jpg,640,640,0,S1B_IW_GRDH_1SDV_20190515T160456_20190515T160521_016257_01E988_F53E.SAFE,ID_3,S1B_IW_GRDH_1SDV_20190515T160456_20190515T160521_016257_01E988_F53E.SAFE,S1_20190515_160406_160546_VV_19,hard_negative_train
DARTIS_2019,3638,nw,no_oil_water,nw-0414-02-000071.jpg,640,640,0,S1B_IW_GRDH_1SDV_20190515T160521_20190515T160546_016257_01E988_5FD0.SAFE,ID_3,S1B_IW_GRDH_1SDV_20190515T160521_20190515T160546_016257_01E988_5FD0.SAFE,S1_20190515_160406_160546_VV_46,hard_negative_train
DARTIS_2019,4544,nw,no_oil_water,nw-1320-08-000071.jpg,640,640,0,S1B_IW_GRDH_1SDV_20190515T160521_20190515T160546_016257_01E988_5FD0.SAFE,ID_3,S1B_IW_GRDH_1SDV_20190515T160521_20190515T160546_016257_01E988_5FD0.SAFE,S1_20190515_160406_160546_VV_62,hard_negative_train
DARTIS_2019,4545,nw,no_oil_water,nw-1321-08-000072.jpg,640,640,0,S1B_IW_GRDH_1SDV_20190515T160521_20190515T160546_016257_01E988_5FD0.SAFE,ID_3,S1B_IW_GRDH_1SDV_20190515T160521_20190515T160546_016257_01E988_5FD0.SAFE,S1_20190515_160406_160546_VV_73,hard_negative_train
DARTIS_2019,3456,nw,no_oil_water,nw-0232-01-000060.jpg,640,640,0,S1B_IW_GRDH_1SDV_20190523T035852_20190523T035917_016366_01ECE8_CA6C.SAFE,ID_3,S1B_IW_GRDH_1SDV_20190523T035852_20190523T035917_016366_01ECE8_CA6C.SAFE,S1_20190523_035852_040031_VV_0,hard_negative_train
DARTIS_2019,4224,nw,no_oil_water,nw-1000-06-000088.jpg,640,640,0,S1B_IW_GRDH_1SDV_20190523T035852_20190523T035917_016366_01ECE8_CA6C.SAFE,ID_3,S1B_IW_GRDH_1SDV_20190523T035852_20190523T035917_016366_01ECE8_CA6C.SAFE,S1_20190523_035852_040031_VV_11,hard_negative_train
DARTIS_2019,4225,nw,no_oil_water,nw-1001-06-000089.jpg,640,640,0,S1B_IW_GRDH_1SDV_20190523T035852_20190523T035917_016366_01ECE8_CA6C.SAFE,ID_3,S1B_IW_GRDH_1SDV_20190523T035852_20190523T035917_016366_01ECE8_CA6C.SAFE,S1_20190523_035852_040031_VV_6,hard_negative_train
DARTIS_2019,4717,nw,no_oil_water,nw-1493-09-000069.jpg,640,640,0,S1B_IW_GRDH_1SDV_20190523T040007_20190523T040031_016366_01ECE8_C1A1.SAFE,ID_3,S1B_IW_GRDH_1SDV_20190523T040007_20190523T040031_016366_01ECE8_C1A1.SAFE,S1_20190523_035852_040031_VV_44,hard_negative_train
DARTIS_2019,3647,nw,no_oil_water,nw-0423-02-000080.jpg,640,640,0,S1B_IW_GRDH_1SDV_20190524T154009_20190524T154034_016388_01ED9E_4277.SAFE,ID_3,S1B_IW_GRDH_1SDV_20190524T154009_20190524T154034_016388_01ED9E_4277.SAFE,S1_20190524_153944_154059_VV_21,hard_negative_train
DARTIS_2019,3648,nw,no_oil_water,nw-0424-02-000081.jpg,640,640,0,S1B_IW_GRDH_1SDV_20190524T154009_20190524T154034_016388_01ED9E_4277.SAFE,ID_3,S1B_IW_GRDH_1SDV_20190524T154009_20190524T154034_016388_01ED9E_4277.SAFE,S1_20190524_153944_154059_VV_47,hard_negative_train
DARTIS_2019,4726,nw,no_oil_water,nw-1502-09-000078.jpg,640,640,0,S1B_IW_GRDH_1SDV_20190524T154009_20190524T154034_016388_01ED9E_4277.SAFE,ID_3,S1B_IW_GRDH_1SDV_20190524T154009_20190524T154034_016388_01ED9E_4277.SAFE,S1_20190524_153944_154059_VV_115,hard_negative_train
DARTIS_2019,4725,nw,no_oil_water,nw-1501-09-000077.jpg,640,640,0,S1B_IW_GRDH_1SDV_20190524T154034_20190524T154059_016388_01ED9E_45F8.SAFE,ID_3,S1B_IW_GRDH_1SDV_20190524T154034_20190524T154059_016388_01ED9E_45F8.SAFE,S1_20190524_153944_154059_VV_105,hard_negative_train
DARTIS_2019,3800,nw,no_oil_water,nw-0576-03-000073.jpg,640,640,0,S1B_IW_GRDH_1SDV_20190525T034220_20190525T034245_016395_01EDD2_8B9B.SAFE,ID_3,S1B_IW_GRDH_1SDV_20190525T034220_20190525T034245_016395_01EDD2_8B9B.SAFE,S1_20190525_034220_034400_VV_22,hard_negative_train
DARTIS_2019,4233,nw,no_oil_water,nw-1009-06-000097.jpg,640,640,0,S1B_IW_GRDH_1SDV_20190525T034310_20190525T034335_016395_01EDD2_3C73.SAFE,ID_3,S1B_IW_GRDH_1SDV_20190525T034310_20190525T034335_016395_01EDD2_3C73.SAFE,S1_20190525_034220_034400_VV_79,hard_negative_train
DARTIS_2019,4735,nw,no_oil_water,nw-1511-09-000087.jpg,640,640,0,S1B_IW_GRDH_1SDV_20190529T154838_20190529T154903_016461_01EFC4_8B41.SAFE,ID_3,S1B_IW_GRDH_1SDV_20190529T154838_20190529T154903_016461_01EFC4_8B41.SAFE,S1_20190529_154748_154928_VV_9,hard_negative_train
DARTIS_2019,3804,nw,no_oil_water,nw-0580-03-000077.jpg,640,640,0,S1B_IW_GRDH_1SDV_20190529T154903_20190529T154928_016461_01EFC4_CD23.SAFE;S1B_IW_GRDH_1SDV_20190529T154838_20190529T154903_016461_01EFC4_8B41.SAFE,ID_3,S1B_IW_GRDH_1SDV_20190529T154903_20190529T154928_016461_01EFC4_CD23.SAFE;S1B_IW_GRDH_1SDV_20190529T154838_20190529T154903_016461_01EFC4_8B41.SAFE,S1_20190529_154748_154928_VV_21,hard_negative_train
DARTIS_2019,4550,nw,no_oil_water,nw-1326-08-000077.jpg,640,640,0,S1B_IW_GRDH_1SDV_20190530T035107_20190530T035132_016468_01EFFB_17D5.SAFE,ID_3,S1B_IW_GRDH_1SDV_20190530T035107_20190530T035132_016468_01EFFB_17D5.SAFE,S1_20190530_035042_035221_VV_105,hard_negative_train
DARTIS_2019,4244,nw,no_oil_water,nw-1020-06-000108.jpg,640,640,0,S1B_IW_GRDH_1SDV_20190530T035132_20190530T035157_016468_01EFFB_A41B.SAFE,ID_3,S1B_IW_GRDH_1SDV_20190530T035132_20190530T035157_016468_01EFFB_A41B.SAFE,S1_20190530_035042_035221_VV_197,hard_negative_train
DARTIS_2019,4736,nw,no_oil_water,nw-1512-09-000088.jpg,640,640,0,S1B_IW_GRDH_1SDV_20190530T035132_20190530T035157_016468_01EFFB_A41B.SAFE,ID_3,S1B_IW_GRDH_1SDV_20190530T035132_20190530T035157_016468_01EFFB_A41B.SAFE,S1_20190530_035042_035221_VV_125,hard_negative_train
DARTIS_2019,4737,nw,no_oil_water,nw-1513-09-000089.jpg,640,640,0,S1B_IW_GRDH_1SDV_20190530T035132_20190530T035157_016468_01EFFB_A41B.SAFE,ID_3,S1B_IW_GRDH_1SDV_20190530T035132_20190530T035157_016468_01EFFB_A41B.SAFE,S1_20190530_035042_035221_VV_134,hard_negative_train
DARTIS_2019,4738,nw,no_oil_water,nw-1514-09-000090.jpg,640,640,0,S1B_IW_GRDH_1SDV_20190530T035132_20190530T035157_016468_01EFFB_A41B.SAFE,ID_3,S1B_IW_GRDH_1SDV_20190530T035132_20190530T035157_016468_01EFFB_A41B.SAFE,S1_20190530_035042_035221_VV_142,hard_negative_train
DARTIS_2019,4037,nw,no_oil_water,nw-0813-05-000067.jpg,640,640,0,S1B_IW_GRDH_1SDV_20190605T154010_20190605T154035_016563_01F2E3_F808.SAFE;S1B_IW_GRDH_1SDV_20190605T153945_20190605T154010_016563_01F2E3_D332.SAFE,ID_3,S1B_IW_GRDH_1SDV_20190605T154010_20190605T154035_016563_01F2E3_F808.SAFE;S1B_IW_GRDH_1SDV_20190605T153945_20190605T154010_016563_01F2E3_D332.SAFE,S1_20190605_153945_154100_VV_12,hard_negative_train
DARTIS_2019,4381,nw,no_oil_water,nw-1157-07-000079.jpg,640,640,0,S1B_IW_GRDH_1SDV_20190610T154813_20190610T154838_016636_01F4FD_EE80.SAFE,ID_3,S1B_IW_GRDH_1SDV_20190610T154813_20190610T154838_016636_01F4FD_EE80.SAFE,S1_20190610_154748_154928_VV_34,hard_negative_train
DARTIS_2019,3810,nw,no_oil_water,nw-0586-03-000083.jpg,640,640,0,S1B_IW_GRDH_1SDV_20190610T154838_20190610T154903_016636_01F4FD_6C1D.SAFE,ID_3,S1B_IW_GRDH_1SDV_20190610T154838_20190610T154903_016636_01F4FD_6C1D.SAFE,S1_20190610_154748_154928_VV_49,hard_negative_train
DARTIS_2019,4873,nw,no_oil_water,nw-1649-10-000057.jpg,640,640,0,S1B_IW_GRDH_1SDV_20190610T154838_20190610T154903_016636_01F4FD_6C1D.SAFE,ID_3,S1B_IW_GRDH_1SDV_20190610T154838_20190610T154903_016636_01F4FD_6C1D.SAFE,S1_20190610_154748_154928_VV_62,hard_negative_train
DARTIS_2019,3809,nw,no_oil_water,nw-0585-03-000082.jpg,640,640,0,S1B_IW_GRDH_1SDV_20190610T154903_20190610T154928_016636_01F4FD_9997.SAFE,ID_3,S1B_IW_GRDH_1SDV_20190610T154903_20190610T154928_016636_01F4FD_9997.SAFE,S1_20190610_154748_154928_VV_148,hard_negative_train
DARTIS_2019,3458,nw,no_oil_water,nw-0234-01-000062.jpg,640,640,0,S1B_IW_GRDH_1SDV_20190611T035043_20190611T035108_016643_01F530_F253.SAFE,ID_3,S1B_IW_GRDH_1SDV_20190611T035043_20190611T035108_016643_01F530_F253.SAFE,S1_20190611_035043_035222_VV_16,hard_negative_train
DARTIS_2019,4042,nw,no_oil_water,nw-0818-05-000072.jpg,640,640,0,S1B_IW_GRDH_1SDV_20190611T035043_20190611T035108_016643_01F530_F253.SAFE,ID_3,S1B_IW_GRDH_1SDV_20190611T035043_20190611T035108_016643_01F530_F253.SAFE,S1_20190611_035043_035222_VV_6,hard_negative_train
DARTIS_2019,4874,nw,no_oil_water,nw-1650-10-000058.jpg,640,640,0,S1B_IW_GRDH_1SDV_20190611T035043_20190611T035108_016643_01F530_F253.SAFE,ID_3,S1B_IW_GRDH_1SDV_20190611T035043_20190611T035108_016643_01F530_F253.SAFE,S1_20190611_035043_035222_VV_21,hard_negative_train
DARTIS_2019,4875,nw,no_oil_water,nw-1651-10-000059.jpg,640,640,0,S1B_IW_GRDH_1SDV_20190611T035043_20190611T035108_016643_01F530_F253.SAFE,ID_3,S1B_IW_GRDH_1SDV_20190611T035043_20190611T035108_016643_01F530_F253.SAFE,S1_20190611_035043_035222_VV_28,hard_negative_train
DARTIS_2019,3658,nw,no_oil_water,nw-0434-02-000091.jpg,640,640,0,S1B_IW_GRDH_1SDV_20190611T035108_20190611T035133_016643_01F530_8AD0.SAFE,ID_3,S1B_IW_GRDH_1SDV_20190611T035108_20190611T035133_016643_01F530_8AD0.SAFE,S1_20190611_035043_035222_VV_62,hard_negative_train
DARTIS_2019,3659,nw,no_oil_water,nw-0435-02-000092.jpg,640,640,0,S1B_IW_GRDH_1SDV_20190611T035108_20190611T035133_016643_01F530_8AD0.SAFE,ID_3,S1B_IW_GRDH_1SDV_20190611T035108_20190611T035133_016643_01F530_8AD0.SAFE,S1_20190611_035043_035222_VV_68,hard_negative_train
DARTIS_2019,3811,nw,no_oil_water,nw-0587-03-000084.jpg,640,640,0,S1B_IW_GRDH_1SDV_20190611T035108_20190611T035133_016643_01F530_8AD0.SAFE,ID_3,S1B_IW_GRDH_1SDV_20190611T035108_20190611T035133_016643_01F530_8AD0.SAFE,S1_20190611_035043_035222_VV_50,hard_negative_train
DARTIS_2019,4876,nw,no_oil_water,nw-1652-10-000060.jpg,640,640,0,S1B_IW_GRDH_1SDV_20190611T035108_20190611T035133_016643_01F530_8AD0.SAFE,ID_3,S1B_IW_GRDH_1SDV_20190611T035108_20190611T035133_016643_01F530_8AD0.SAFE,S1_20190611_035043_035222_VV_61,hard_negative_train
DARTIS_2019,4877,nw,no_oil_water,nw-1653-10-000061.jpg,640,640,0,S1B_IW_GRDH_1SDV_20190611T035108_20190611T035133_016643_01F530_8AD0.SAFE,ID_3,S1B_IW_GRDH_1SDV_20190611T035108_20190611T035133_016643_01F530_8AD0.SAFE,S1_20190611_035043_035222_VV_67,hard_negative_train
DARTIS_2019,3304,nw,no_oil_water,nw-0080-00-000080.jpg,640,640,0,S1B_IW_GRDH_1SDV_20190611T035133_20190611T035158_016643_01F530_8193.SAFE,ID_3,S1B_IW_GRDH_1SDV_20190611T035133_20190611T035158_016643_01F530_8193.SAFE,S1_20190611_035043_035222_VV_145,hard_negative_train
DARTIS_2019,4382,nw,no_oil_water,nw-1158-07-000080.jpg,640,640,0,S1B_IW_GRDH_1SDV_20190611T035133_20190611T035158_016643_01F530_8193.SAFE,ID_3,S1B_IW_GRDH_1SDV_20190611T035133_20190611T035158_016643_01F530_8193.SAFE,S1_20190611_035043_035222_VV_99,hard_negative_train
DARTIS_2019,4750,nw,no_oil_water,nw-1526-09-000102.jpg,640,640,0,S1B_IW_GRDH_1SDV_20190613T033436_20190613T033501_016672_01F603_835A.SAFE,ID_3,S1B_IW_GRDH_1SDV_20190613T033436_20190613T033501_016672_01F603_835A.SAFE,S1_20190613_033411_033551_VV_34,hard_negative_train
DARTIS_2019,4251,nw,no_oil_water,nw-1027-06-000115.jpg,640,640,0,S1B_IW_GRDH_1SDV_20190615T155613_20190615T155638_016709_01F729_3F2F.SAFE,ID_3,S1B_IW_GRDH_1SDV_20190615T155613_20190615T155638_016709_01F729_3F2F.SAFE,S1_20190615_155613_155638_VV_35,hard_negative_train
DARTIS_2019,3306,nw,no_oil_water,nw-0082-00-000082.jpg,640,640,0,S1B_IW_GRDH_1SDV_20190615T155713_20190615T155738_016709_01F72A_DCE9.SAFE,ID_3,S1B_IW_GRDH_1SDV_20190615T155713_20190615T155738_016709_01F72A_DCE9.SAFE,S1_20190615_155644_155738_VV_22,hard_negative_train
DARTIS_2019,4044,nw,no_oil_water,nw-0820-05-000074.jpg,640,640,0,S1B_IW_GRDH_1SDV_20190615T155713_20190615T155738_016709_01F72A_DCE9.SAFE,ID_3,S1B_IW_GRDH_1SDV_20190615T155713_20190615T155738_016709_01F72A_DCE9.SAFE,S1_20190615_155644_155738_VV_10,hard_negative_train
DARTIS_2019,4386,nw,no_oil_water,nw-1162-07-000084.jpg,640,640,0,S1B_IW_GRDH_1SDV_20190615T155713_20190615T155738_016709_01F72A_DCE9.SAFE,ID_3,S1B_IW_GRDH_1SDV_20190615T155713_20190615T155738_016709_01F72A_DCE9.SAFE,S1_20190615_155644_155738_VV_6,hard_negative_train
DARTIS_2019,3929,nw,no_oil_water,nw-0705-04-000040.jpg,640,640,0,S1B_IW_GRDH_1SDV_20190616T035853_20190616T035918_016716_01F766_7932.SAFE,ID_3,S1B_IW_GRDH_1SDV_20190616T035853_20190616T035918_016716_01F766_7932.SAFE,S1_20190616_035853_040032_VV_34,hard_negative_train
DARTIS_2019,4387,nw,no_oil_water,nw-1163-07-000085.jpg,640,640,0,S1B_IW_GRDH_1SDV_20190616T035853_20190616T035918_016716_01F766_7932.SAFE,ID_3,S1B_IW_GRDH_1SDV_20190616T035853_20190616T035918_016716_01F766_7932.SAFE,S1_20190616_035853_040032_VV_3,hard_negative_train
DARTIS_2019,4388,nw,no_oil_water,nw-1164-07-000086.jpg,640,640,0,S1B_IW_GRDH_1SDV_20190616T035853_20190616T035918_016716_01F766_7932.SAFE,ID_3,S1B_IW_GRDH_1SDV_20190616T035853_20190616T035918_016716_01F766_7932.SAFE,S1_20190616_035853_040032_VV_32,hard_negative_train
DARTIS_2019,4389,nw,no_oil_water,nw-1165-07-000087.jpg,640,640,0,S1B_IW_GRDH_1SDV_20190616T035853_20190616T035918_016716_01F766_7932.SAFE,ID_3,S1B_IW_GRDH_1SDV_20190616T035853_20190616T035918_016716_01F766_7932.SAFE,S1_20190616_035853_040032_VV_4,hard_negative_train
DARTIS_2019,3307,nw,no_oil_water,nw-0083-00-000083.jpg,640,640,0,S1B_IW_GRDH_1SDV_20190618T034336_20190618T034401_016745_01F848_6273.SAFE,ID_3,S1B_IW_GRDH_1SDV_20190618T034336_20190618T034401_016745_01F848_6273.SAFE,S1_20190618_034221_034401_VV_133,hard_negative_train
DARTIS_2019,4045,nw,no_oil_water,nw-0821-05-000075.jpg,640,640,0,S1B_IW_GRDH_1SDV_20190618T034336_20190618T034401_016745_01F848_6273.SAFE,ID_3,S1B_IW_GRDH_1SDV_20190618T034336_20190618T034401_016745_01F848_6273.SAFE,S1_20190618_034221_034401_VV_90,hard_negative_train
DARTIS_2019,3661,nw,no_oil_water,nw-0437-02-000094.jpg,640,640,0,S1B_IW_GRDH_1SDV_20190618T034336_20190618T034401_016745_01F848_6273.SAFE;S1B_IW_GRDH_1SDV_20190618T034311_20190618T034336_016745_01F848_5E80.SAFE,ID_3,S1B_IW_GRDH_1SDV_20190618T034336_20190618T034401_016745_01F848_6273.SAFE;S1B_IW_GRDH_1SDV_20190618T034311_20190618T034336_016745_01F848_5E80.SAFE,S1_20190618_034221_034401_VV_69,hard_negative_train
DARTIS_2019,3813,nw,no_oil_water,nw-0589-03-000086.jpg,640,640,0,S1B_IW_GRDH_1SDV_20190623T035044_20190623T035109_016818_01FA62_8090.SAFE,ID_3,S1B_IW_GRDH_1SDV_20190623T035044_20190623T035109_016818_01FA62_8090.SAFE,S1_20190623_035044_035223_VV_189,hard_negative_train
DARTIS_2019,4393,nw,no_oil_water,nw-1169-07-000091.jpg,640,640,0,S1B_IW_GRDH_1SDV_20190623T035044_20190623T035109_016818_01FA62_8090.SAFE,ID_3,S1B_IW_GRDH_1SDV_20190623T035044_20190623T035109_016818_01FA62_8090.SAFE,S1_20190623_035044_035223_VV_44,hard_negative_train
DARTIS_2019,4892,nw,no_oil_water,nw-1668-10-000076.jpg,640,640,0,S1B_IW_GRDH_1SDV_20190623T035044_20190623T035109_016818_01FA62_8090.SAFE,ID_3,S1B_IW_GRDH_1SDV_20190623T035044_20190623T035109_016818_01FA62_8090.SAFE,S1_20190623_035044_035223_VV_61,hard_negative_train
DARTIS_2019,3468,nw,no_oil_water,nw-0244-01-000072.jpg,640,640,0,S1B_IW_GRDH_1SDV_20190623T035109_20190623T035134_016818_01FA62_8B22.SAFE,ID_3,S1B_IW_GRDH_1SDV_20190623T035109_20190623T035134_016818_01FA62_8B22.SAFE,S1_20190623_035044_035223_VV_202,hard_negative_train
DARTIS_2019,3469,nw,no_oil_water,nw-0245-01-000073.jpg,640,640,0,S1B_IW_GRDH_1SDV_20190623T035109_20190623T035134_016818_01FA62_8B22.SAFE,ID_3,S1B_IW_GRDH_1SDV_20190623T035109_20190623T035134_016818_01FA62_8B22.SAFE,S1_20190623_035044_035223_VV_204,hard_negative_train
DARTIS_2019,3930,nw,no_oil_water,nw-0706-04-000041.jpg,640,640,0,S1B_IW_GRDH_1SDV_20190623T035109_20190623T035134_016818_01FA62_8B22.SAFE,ID_3,S1B_IW_GRDH_1SDV_20190623T035109_20190623T035134_016818_01FA62_8B22.SAFE,S1_20190623_035044_035223_VV_212,hard_negative_train
DARTIS_2019,3931,nw,no_oil_water,nw-0707-04-000042.jpg,640,640,0,S1B_IW_GRDH_1SDV_20190623T035109_20190623T035134_016818_01FA62_8B22.SAFE,ID_3,S1B_IW_GRDH_1SDV_20190623T035109_20190623T035134_016818_01FA62_8B22.SAFE,S1_20190623_035044_035223_VV_220,hard_negative_train
DARTIS_2019,4891,nw,no_oil_water,nw-1667-10-000075.jpg,640,640,0,S1B_IW_GRDH_1SDV_20190623T035109_20190623T035134_016818_01FA62_8B22.SAFE,ID_3,S1B_IW_GRDH_1SDV_20190623T035109_20190623T035134_016818_01FA62_8B22.SAFE,S1_20190623_035044_035223_VV_198,hard_negative_train
DARTIS_2019,3817,nw,no_oil_water,nw-0593-03-000090.jpg,640,640,0,S1B_IW_GRDH_1SDV_20190625T033412_20190625T033437_016847_01FB31_D537.SAFE,ID_3,S1B_IW_GRDH_1SDV_20190625T033412_20190625T033437_016847_01FB31_D537.SAFE,S1_20190625_033412_033552_VV_12,hard_negative_train
DARTIS_2019,4394,nw,no_oil_water,nw-1170-07-000092.jpg,640,640,0,S1B_IW_GRDH_1SDV_20190625T033437_20190625T033502_016847_01FB31_FE1D.SAFE;S1B_IW_GRDH_1SDV_20190625T033412_20190625T033437_016847_01FB31_D537.SAFE,ID_3,S1B_IW_GRDH_1SDV_20190625T033437_20190625T033502_016847_01FB31_FE1D.SAFE;S1B_IW_GRDH_1SDV_20190625T033412_20190625T033437_016847_01FB31_D537.SAFE,S1_20190625_033412_033552_VV_33,hard_negative_train
DARTIS_2019,3470,nw,no_oil_water,nw-0246-01-000074.jpg,640,640,0,S1B_IW_GRDH_1SDV_20190628T035854_20190628T035919_016891_01FC8F_151B.SAFE,ID_3,S1B_IW_GRDH_1SDV_20190628T035854_20190628T035919_016891_01FC8F_151B.SAFE,S1_20190628_035854_040033_VV_13,hard_negative_train
DARTIS_2019,4048,nw,no_oil_water,nw-0824-05-000078.jpg,640,640,0,S1B_IW_GRDH_1SDV_20190628T035854_20190628T035919_016891_01FC8F_151B.SAFE,ID_3,S1B_IW_GRDH_1SDV_20190628T035854_20190628T035919_016891_01FC8F_151B.SAFE,S1_20190628_035854_040033_VV_17,hard_negative_train
DARTIS_2019,4559,nw,no_oil_water,nw-1335-08-000086.jpg,640,640,0,S1B_IW_GRDH_1SDV_20190628T035854_20190628T035919_016891_01FC8F_151B.SAFE,ID_3,S1B_IW_GRDH_1SDV_20190628T035854_20190628T035919_016891_01FC8F_151B.SAFE,S1_20190628_035854_040033_VV_0,hard_negative_train
DARTIS_2019,3818,nw,no_oil_water,nw-0594-03-000091.jpg,640,640,0,S1B_IW_GRDH_1SDV_20190705T035045_20190705T035110_016993_01FF91_8B48.SAFE,ID_3,S1B_IW_GRDH_1SDV_20190705T035045_20190705T035110_016993_01FF91_8B48.SAFE,S1_20190705_035045_035224_VV_87,hard_negative_train
DARTIS_2019,4757,nw,no_oil_water,nw-1533-09-000109.jpg,640,640,0,S1B_IW_GRDH_1SDV_20190705T035045_20190705T035110_016993_01FF91_8B48.SAFE,ID_3,S1B_IW_GRDH_1SDV_20190705T035045_20190705T035110_016993_01FF91_8B48.SAFE,S1_20190705_035045_035224_VV_24,hard_negative_train
DARTIS_2019,4758,nw,no_oil_water,nw-1534-09-000110.jpg,640,640,0,S1B_IW_GRDH_1SDV_20190707T033413_20190707T033438_017022_02005E_80F1.SAFE,ID_3,S1B_IW_GRDH_1SDV_20190707T033413_20190707T033438_017022_02005E_80F1.SAFE,S1_20190707_033413_033553_VV_19,hard_negative_train
DARTIS_2019,3668,nw,no_oil_water,nw-0444-02-000101.jpg,640,640,0,S1B_IW_GRDH_1SDV_20190710T035855_20190710T035920_017066_0201C0_74E8.SAFE,ID_3,S1B_IW_GRDH_1SDV_20190710T035855_20190710T035920_017066_0201C0_74E8.SAFE,S1_20190710_035855_040034_VV_0,hard_negative_train
DARTIS_2019,3933,nw,no_oil_water,nw-0709-04-000044.jpg,640,640,0,S1B_IW_GRDH_1SDV_20190710T035855_20190710T035920_017066_0201C0_74E8.SAFE,ID_3,S1B_IW_GRDH_1SDV_20190710T035855_20190710T035920_017066_0201C0_74E8.SAFE,S1_20190710_035855_040034_VV_73,hard_negative_train
DARTIS_2019,4260,nw,no_oil_water,nw-1036-06-000124.jpg,640,640,0,S1B_IW_GRDH_1SDV_20190716T154816_20190716T154841_017161_020487_EEF7.SAFE,ID_3,S1B_IW_GRDH_1SDV_20190716T154816_20190716T154841_017161_020487_EEF7.SAFE,S1_20190716_154751_154931_VV_77,hard_negative_train
DARTIS_2019,4397,nw,no_oil_water,nw-1173-07-000095.jpg,640,640,0,S1B_IW_GRDH_1SDV_20190716T154816_20190716T154841_017161_020487_EEF7.SAFE,ID_3,S1B_IW_GRDH_1SDV_20190716T154816_20190716T154841_017161_020487_EEF7.SAFE,S1_20190716_154751_154931_VV_28,hard_negative_train
DARTIS_2019,4895,nw,no_oil_water,nw-1671-10-000079.jpg,640,640,0,S1B_IW_GRDH_1SDV_20190716T154816_20190716T154841_017161_020487_EEF7.SAFE,ID_3,S1B_IW_GRDH_1SDV_20190716T154816_20190716T154841_017161_020487_EEF7.SAFE,S1_20190716_154751_154931_VV_13,hard_negative_train
DARTIS_2019,3671,nw,no_oil_water,nw-0447-02-000104.jpg,640,640,0,S1B_IW_GRDH_1SDV_20190717T035045_20190717T035110_017168_0204B7_F192.SAFE,ID_3,S1B_IW_GRDH_1SDV_20190717T035045_20190717T035110_017168_0204B7_F192.SAFE,S1_20190717_035045_035224_VV_13,hard_negative_train
DARTIS_2019,3935,nw,no_oil_water,nw-0711-04-000046.jpg,640,640,0,S1B_IW_GRDH_1SDV_20190717T035045_20190717T035110_017168_0204B7_F192.SAFE,ID_3,S1B_IW_GRDH_1SDV_20190717T035045_20190717T035110_017168_0204B7_F192.SAFE,S1_20190717_035045_035224_VV_1,hard_negative_train
DARTIS_2019,4059,nw,no_oil_water,nw-0835-05-000089.jpg,640,640,0,S1B_IW_GRDH_1SDV_20190717T035045_20190717T035110_017168_0204B7_F192.SAFE,ID_3,S1B_IW_GRDH_1SDV_20190717T035045_20190717T035110_017168_0204B7_F192.SAFE,S1_20190717_035045_035224_VV_28,hard_negative_train
DARTIS_2019,4062,nw,no_oil_water,nw-0838-05-000092.jpg,640,640,0,S1B_IW_GRDH_1SDV_20190719T033438_20190719T033503_017197_020579_4F1B.SAFE,ID_3,S1B_IW_GRDH_1SDV_20190719T033438_20190719T033503_017197_020579_4F1B.SAFE,S1_20190719_033413_033553_VV_39,hard_negative_train
DARTIS_2019,3672,nw,no_oil_water,nw-0448-02-000105.jpg,640,640,0,S1B_IW_GRDH_1SDV_20190722T035856_20190722T035921_017241_0206D7_728A.SAFE,ID_3,S1B_IW_GRDH_1SDV_20190722T035856_20190722T035921_017241_0206D7_728A.SAFE,S1_20190722_035856_040035_VV_13,hard_negative_train
DARTIS_2019,3475,nw,no_oil_water,nw-0251-01-000079.jpg,640,640,0,S1B_IW_GRDH_1SDV_20190724T034313_20190724T034338_017270_0207B2_7A9C.SAFE,ID_3,S1B_IW_GRDH_1SDV_20190724T034313_20190724T034338_017270_0207B2_7A9C.SAFE,S1_20190724_034223_034403_VV_85,hard_negative_train
DARTIS_2019,4262,nw,no_oil_water,nw-1038-06-000126.jpg,640,640,0,S1B_IW_GRDH_1SDV_20190730T153248_20190730T153313_017365_020A74_DD3A.SAFE,ID_3,S1B_IW_GRDH_1SDV_20190730T153248_20190730T153313_017365_020A74_DD3A.SAFE,S1_20190730_153133_153313_VV_436,hard_negative_train
DARTIS_2019,5119,nw,no_oil_water,nw-1895-11-000129.jpg,640,640,0,S1B_IW_GRDH_1SDV_20190730T153248_20190730T153313_017365_020A74_DD3A.SAFE,ID_3,S1B_IW_GRDH_1SDV_20190730T153248_20190730T153313_017365_020A74_DD3A.SAFE,S1_20190730_153133_153313_VV_425,hard_negative_train
DARTIS_2019,4064,nw,no_oil_water,nw-0840-05-000094.jpg,640,640,0,S1B_IW_GRDH_1SDV_20190803T035921_20190803T035946_017416_020C16_3D40.SAFE;S1B_IW_GRDH_1SDV_20190803T035856_20190803T035921_017416_020C16_EF88.SAFE,ID_3,S1B_IW_GRDH_1SDV_20190803T035921_20190803T035946_017416_020C16_3D40.SAFE;S1B_IW_GRDH_1SDV_20190803T035856_20190803T035921_017416_020C16_EF88.SAFE,S1_20190803_035856_040035_VV_95,hard_negative_train
DARTIS_2019,4400,nw,no_oil_water,nw-1176-07-000098.jpg,640,640,0,S1B_IW_GRDH_1SDV_20190803T035921_20190803T035946_017416_020C16_3D40.SAFE;S1B_IW_GRDH_1SDV_20190803T035856_20190803T035921_017416_020C16_EF88.SAFE,ID_3,S1B_IW_GRDH_1SDV_20190803T035921_20190803T035946_017416_020C16_3D40.SAFE;S1B_IW_GRDH_1SDV_20190803T035856_20190803T035921_017416_020C16_EF88.SAFE,S1_20190803_035856_040035_VV_93,hard_negative_train
DARTIS_2019,3477,nw,no_oil_water,nw-0253-01-000081.jpg,640,640,0,S1B_IW_GRDH_1SDV_20190810T035047_20190810T035112_017518_020F20_4C8A.SAFE,ID_3,S1B_IW_GRDH_1SDV_20190810T035047_20190810T035112_017518_020F20_4C8A.SAFE,S1_20190810_035047_035226_VV_101,hard_negative_train
DARTIS_2019,3675,nw,no_oil_water,nw-0451-02-000108.jpg,640,640,0,S1B_IW_GRDH_1SDV_20190810T035047_20190810T035112_017518_020F20_4C8A.SAFE,ID_3,S1B_IW_GRDH_1SDV_20190810T035047_20190810T035112_017518_020F20_4C8A.SAFE,S1_20190810_035047_035226_VV_46,hard_negative_train
DARTIS_2019,3676,nw,no_oil_water,nw-0452-02-000109.jpg,640,640,0,S1B_IW_GRDH_1SDV_20190810T035047_20190810T035112_017518_020F20_4C8A.SAFE,ID_3,S1B_IW_GRDH_1SDV_20190810T035047_20190810T035112_017518_020F20_4C8A.SAFE,S1_20190810_035047_035226_VV_56,hard_negative_train
DARTIS_2019,4065,nw,no_oil_water,nw-0841-05-000095.jpg,640,640,0,S1B_IW_GRDH_1SDV_20190810T035047_20190810T035112_017518_020F20_4C8A.SAFE,ID_3,S1B_IW_GRDH_1SDV_20190810T035047_20190810T035112_017518_020F20_4C8A.SAFE,S1_20190810_035047_035226_VV_8,hard_negative_train
DARTIS_2019,4403,nw,no_oil_water,nw-1179-07-000101.jpg,640,640,0,S1B_IW_GRDH_1SDV_20190814T155617_20190814T155642_017584_021133_82C5.SAFE,ID_3,S1B_IW_GRDH_1SDV_20190814T155617_20190814T155642_017584_021133_82C5.SAFE,S1_20190814_155617_155642_VV_17,hard_negative_train
DARTIS_2019,3479,nw,no_oil_water,nw-0255-01-000083.jpg,640,640,0,S1B_IW_GRDH_1SDV_20190814T155648_20190814T155717_017584_021134_3F1E.SAFE,ID_3,S1B_IW_GRDH_1SDV_20190814T155648_20190814T155717_017584_021134_3F1E.SAFE,S1_20190814_155648_155742_VV_9,hard_negative_train
DARTIS_2019,3678,nw,no_oil_water,nw-0454-02-000111.jpg,640,640,0,S1B_IW_GRDH_1SDV_20190815T035947_20190815T040012_017591_021171_8782.SAFE,ID_3,S1B_IW_GRDH_1SDV_20190815T035947_20190815T040012_017591_021171_8782.SAFE,S1_20190815_035857_040036_VV_9,hard_negative_train
DARTIS_2019,3937,nw,no_oil_water,nw-0713-04-000048.jpg,640,640,0,S1B_IW_GRDH_1SDV_20190815T035947_20190815T040012_017591_021171_8782.SAFE,ID_3,S1B_IW_GRDH_1SDV_20190815T035947_20190815T040012_017591_021171_8782.SAFE,S1_20190815_035857_040036_VV_95,hard_negative_train
DARTIS_2019,4066,nw,no_oil_water,nw-0842-05-000096.jpg,640,640,0,S1B_IW_GRDH_1SDV_20190815T035947_20190815T040012_017591_021171_8782.SAFE,ID_3,S1B_IW_GRDH_1SDV_20190815T035947_20190815T040012_017591_021171_8782.SAFE,S1_20190815_035857_040036_VV_16,hard_negative_train
DARTIS_2019,4067,nw,no_oil_water,nw-0843-05-000097.jpg,640,640,0,S1B_IW_GRDH_1SDV_20190815T040012_20190815T040036_017591_021171_D62F.SAFE,ID_3,S1B_IW_GRDH_1SDV_20190815T040012_20190815T040036_017591_021171_D62F.SAFE,S1_20190815_035857_040036_VV_58,hard_negative_train
DARTIS_2019,4264,nw,no_oil_water,nw-1040-06-000128.jpg,640,640,0,S1B_IW_GRDH_1SDV_20190815T040012_20190815T040036_017591_021171_D62F.SAFE,ID_3,S1B_IW_GRDH_1SDV_20190815T040012_20190815T040036_017591_021171_D62F.SAFE,S1_20190815_035857_040036_VV_42,hard_negative_train
DARTIS_2019,5121,nw,no_oil_water,nw-1897-11-000131.jpg,640,640,0,S1B_IW_GRDH_1SDV_20190815T040012_20190815T040036_017591_021171_D62F.SAFE,ID_3,S1B_IW_GRDH_1SDV_20190815T040012_20190815T040036_017591_021171_D62F.SAFE,S1_20190815_035857_040036_VV_59,hard_negative_train
DARTIS_2019,5122,nw,no_oil_water,nw-1898-11-000132.jpg,640,640,0,S1B_IW_GRDH_1SDV_20190815T040012_20190815T040036_017591_021171_D62F.SAFE,ID_3,S1B_IW_GRDH_1SDV_20190815T040012_20190815T040036_017591_021171_D62F.SAFE,S1_20190815_035857_040036_VV_97,hard_negative_train
DARTIS_2019,4068,nw,no_oil_water,nw-0844-05-000098.jpg,640,640,0,S1B_IW_GRDH_1SDV_20190816T154039_20190816T154104_017613_02122C_F471.SAFE,ID_3,S1B_IW_GRDH_1SDV_20190816T154039_20190816T154104_017613_02122C_F471.SAFE,S1_20190816_153949_154104_VV_67,hard_negative_train
DARTIS_2019,4069,nw,no_oil_water,nw-0845-05-000099.jpg,640,640,0,S1B_IW_GRDH_1SDV_20190817T034250_20190817T034315_017620_021260_0DF6.SAFE,ID_3,S1B_IW_GRDH_1SDV_20190817T034250_20190817T034315_017620_021260_0DF6.SAFE,S1_20190817_034225_034405_VV_23,hard_negative_train
DARTIS_2019,3830,nw,no_oil_water,nw-0606-03-000103.jpg,640,640,0,S1B_IW_GRDH_1SDV_20190817T034315_20190817T034340_017620_021260_CC88.SAFE,ID_3,S1B_IW_GRDH_1SDV_20190817T034315_20190817T034340_017620_021260_CC88.SAFE,S1_20190817_034225_034405_VV_48,hard_negative_train
DARTIS_2019,3483,nw,no_oil_water,nw-0259-01-000087.jpg,640,640,0,S1B_IW_GRDH_1SDV_20190817T034340_20190817T034405_017620_021260_79A2.SAFE,ID_3,S1B_IW_GRDH_1SDV_20190817T034340_20190817T034405_017620_021260_79A2.SAFE,S1_20190817_034225_034405_VV_117,hard_negative_train
DARTIS_2019,3938,nw,no_oil_water,nw-0714-04-000049.jpg,640,640,0,S1B_IW_GRDH_1SDV_20190817T034340_20190817T034405_017620_021260_79A2.SAFE,ID_3,S1B_IW_GRDH_1SDV_20190817T034340_20190817T034405_017620_021260_79A2.SAFE,S1_20190817_034225_034405_VV_112,hard_negative_train
DARTIS_2019,4070,nw,no_oil_water,nw-0846-05-000100.jpg,640,640,0,S1B_IW_GRDH_1SDV_20190822T035137_20190822T035202_017693_021497_9677.SAFE,ID_3,S1B_IW_GRDH_1SDV_20190822T035137_20190822T035202_017693_021497_9677.SAFE,S1_20190822_035047_035226_VV_30,hard_negative_train
DARTIS_2019,3680,nw,no_oil_water,nw-0456-02-000113.jpg,640,640,0,S1B_IW_GRDH_1SDV_20190824T033416_20190824T033441_017722_021577_195C.SAFE,ID_3,S1B_IW_GRDH_1SDV_20190824T033416_20190824T033441_017722_021577_195C.SAFE,S1_20190824_033416_033556_VV_60,hard_negative_train
DARTIS_2019,4776,nw,no_oil_water,nw-1552-09-000128.jpg,640,640,0,S1B_IW_GRDH_1SDV_20190824T033416_20190824T033441_017722_021577_195C.SAFE,ID_3,S1B_IW_GRDH_1SDV_20190824T033416_20190824T033441_017722_021577_195C.SAFE,S1_20190824_033416_033556_VV_18,hard_negative_train
DARTIS_2019,5124,nw,no_oil_water,nw-1900-11-000134.jpg,640,640,0,S1B_IW_GRDH_1SDV_20190824T033416_20190824T033441_017722_021577_195C.SAFE,ID_3,S1B_IW_GRDH_1SDV_20190824T033416_20190824T033441_017722_021577_195C.SAFE,S1_20190824_033416_033556_VV_11,hard_negative_train
DARTIS_2019,4411,nw,no_oil_water,nw-1187-07-000109.jpg,640,640,0,S1B_IW_GRDH_1SDV_20190824T033441_20190824T033506_017722_021577_8148.SAFE;S1B_IW_GRDH_1SDV_20190824T033416_20190824T033441_017722_021577_195C.SAFE,ID_3,S1B_IW_GRDH_1SDV_20190824T033441_20190824T033506_017722_021577_8148.SAFE;S1B_IW_GRDH_1SDV_20190824T033416_20190824T033441_017722_021577_195C.SAFE,S1_20190824_033416_033556_VV_25,hard_negative_train
DARTIS_2019,3832,nw,no_oil_water,nw-0608-03-000105.jpg,640,640,0,S1B_IW_GRDH_1SDV_20190827T035858_20190827T035923_017766_0216ED_C8C4.SAFE,ID_3,S1B_IW_GRDH_1SDV_20190827T035858_20190827T035923_017766_0216ED_C8C4.SAFE,S1_20190827_035858_040037_VV_19,hard_negative_train
DARTIS_2019,3833,nw,no_oil_water,nw-0609-03-000106.jpg,640,640,0,S1B_IW_GRDH_1SDV_20190827T035858_20190827T035923_017766_0216ED_C8C4.SAFE,ID_3,S1B_IW_GRDH_1SDV_20190827T035858_20190827T035923_017766_0216ED_C8C4.SAFE,S1_20190827_035858_040037_VV_21,hard_negative_train
DARTIS_2019,3834,nw,no_oil_water,nw-0610-03-000107.jpg,640,640,0,S1B_IW_GRDH_1SDV_20190827T035858_20190827T035923_017766_0216ED_C8C4.SAFE,ID_3,S1B_IW_GRDH_1SDV_20190827T035858_20190827T035923_017766_0216ED_C8C4.SAFE,S1_20190827_035858_040037_VV_9,hard_negative_train
DARTIS_2019,5126,nw,no_oil_water,nw-1902-11-000136.jpg,640,640,0,S1B_IW_GRDH_1SDV_20190827T035858_20190827T035923_017766_0216ED_C8C4.SAFE,ID_3,S1B_IW_GRDH_1SDV_20190827T035858_20190827T035923_017766_0216ED_C8C4.SAFE,S1_20190827_035858_040037_VV_75,hard_negative_train
DARTIS_2019,3321,nw,no_oil_water,nw-0097-00-000097.jpg,640,640,0,S1B_IW_GRDH_1SDV_20190827T035948_20190827T040013_017766_0216ED_1CA7.SAFE,ID_3,S1B_IW_GRDH_1SDV_20190827T035948_20190827T040013_017766_0216ED_1CA7.SAFE,S1_20190827_035858_040037_VV_59,hard_negative_train
DARTIS_2019,3322,nw,no_oil_water,nw-0098-00-000098.jpg,640,640,0,S1B_IW_GRDH_1SDV_20190827T035948_20190827T040013_017766_0216ED_1CA7.SAFE,ID_3,S1B_IW_GRDH_1SDV_20190827T035948_20190827T040013_017766_0216ED_1CA7.SAFE,S1_20190827_035858_040037_VV_93,hard_negative_train
DARTIS_2019,5125,nw,no_oil_water,nw-1901-11-000135.jpg,640,640,0,S1B_IW_GRDH_1SDV_20190827T035948_20190827T040013_017766_0216ED_1CA7.SAFE;S1B_IW_GRDH_1SDV_20190827T035923_20190827T035948_017766_0216ED_BD5D.SAFE,ID_3,S1B_IW_GRDH_1SDV_20190827T035948_20190827T040013_017766_0216ED_1CA7.SAFE;S1B_IW_GRDH_1SDV_20190827T035923_20190827T035948_017766_0216ED_BD5D.SAFE,S1_20190827_035858_040037_VV_40,hard_negative_train
DARTIS_2019,4075,nw,no_oil_water,nw-0851-05-000105.jpg,640,640,0,S1B_IW_GRDH_1SDV_20190902T154818_20190902T154843_017861_0219CE_E6A5.SAFE;S1B_IW_GRDH_1SDV_20190902T154753_20190902T154818_017861_0219CE_7D5A.SAFE,ID_3,S1B_IW_GRDH_1SDV_20190902T154818_20190902T154843_017861_0219CE_E6A5.SAFE;S1B_IW_GRDH_1SDV_20190902T154753_20190902T154818_017861_0219CE_7D5A.SAFE,S1_20190902_154753_154933_VV_12,hard_negative_train
DARTIS_2019,3325,nw,no_oil_water,nw-0101-00-000101.jpg,640,640,0,S1B_IW_GRDH_1SDV_20190903T035048_20190903T035113_017868_021A04_F4FB.SAFE,ID_3,S1B_IW_GRDH_1SDV_20190903T035048_20190903T035113_017868_021A04_F4FB.SAFE,S1_20190903_035048_035227_VV_14,hard_negative_train
DARTIS_2019,3489,nw,no_oil_water,nw-0265-01-000093.jpg,640,640,0,S1B_IW_GRDH_1SDV_20190903T035048_20190903T035113_017868_021A04_F4FB.SAFE,ID_3,S1B_IW_GRDH_1SDV_20190903T035048_20190903T035113_017868_021A04_F4FB.SAFE,S1_20190903_035048_035227_VV_46,hard_negative_train
DARTIS_2019,3941,nw,no_oil_water,nw-0717-04-000052.jpg,640,640,0,S1B_IW_GRDH_1SDV_20190903T035048_20190903T035113_017868_021A04_F4FB.SAFE,ID_3,S1B_IW_GRDH_1SDV_20190903T035048_20190903T035113_017868_021A04_F4FB.SAFE,S1_20190903_035048_035227_VV_47,hard_negative_train
DARTIS_2019,3332,nw,no_oil_water,nw-0108-00-000108.jpg,640,640,0,S1B_IW_GRDH_1SDV_20190910T034251_20190910T034316_017970_021D4F_07F7.SAFE,ID_3,S1B_IW_GRDH_1SDV_20190910T034251_20190910T034316_017970_021D4F_07F7.SAFE,S1_20190910_034226_034406_VV_72,hard_negative_train
DARTIS_2019,4569,nw,no_oil_water,nw-1345-08-000096.jpg,640,640,0,S1B_IW_GRDH_1SDV_20190910T034251_20190910T034316_017970_021D4F_07F7.SAFE,ID_3,S1B_IW_GRDH_1SDV_20190910T034251_20190910T034316_017970_021D4F_07F7.SAFE,S1_20190910_034226_034406_VV_63,hard_negative_train
DARTIS_2019,4568,nw,no_oil_water,nw-1344-08-000095.jpg,640,640,0,S1B_IW_GRDH_1SDV_20190910T034316_20190910T034341_017970_021D4F_D703.SAFE,ID_3,S1B_IW_GRDH_1SDV_20190910T034316_20190910T034341_017970_021D4F_D703.SAFE,S1_20190910_034226_034406_VV_149,hard_negative_train
DARTIS_2019,4570,nw,no_oil_water,nw-1346-08-000097.jpg,640,640,0,S1B_IW_GRDH_1SDV_20190910T034316_20190910T034341_017970_021D4F_D703.SAFE,ID_3,S1B_IW_GRDH_1SDV_20190910T034316_20190910T034341_017970_021D4F_D703.SAFE,S1_20190910_034226_034406_VV_83,hard_negative_train
DARTIS_2019,4777,nw,no_oil_water,nw-1553-09-000129.jpg,640,640,0,S1B_IW_GRDH_1SDV_20190910T034316_20190910T034341_017970_021D4F_D703.SAFE,ID_3,S1B_IW_GRDH_1SDV_20190910T034316_20190910T034341_017970_021D4F_D703.SAFE,S1_20190910_034226_034406_VV_150,hard_negative_train
DARTIS_2019,3330,nw,no_oil_water,nw-0106-00-000106.jpg,640,640,0,S1B_IW_GRDH_1SDV_20190910T034341_20190910T034406_017970_021D4F_51B0.SAFE,ID_3,S1B_IW_GRDH_1SDV_20190910T034341_20190910T034406_017970_021D4F_51B0.SAFE,S1_20190910_034226_034406_VV_113,hard_negative_train
DARTIS_2019,3331,nw,no_oil_water,nw-0107-00-000107.jpg,640,640,0,S1B_IW_GRDH_1SDV_20190910T034341_20190910T034406_017970_021D4F_51B0.SAFE,ID_3,S1B_IW_GRDH_1SDV_20190910T034341_20190910T034406_017970_021D4F_51B0.SAFE,S1_20190910_034226_034406_VV_193,hard_negative_train
DARTIS_2019,3687,nw,no_oil_water,nw-0463-02-000120.jpg,640,640,0,S1B_IW_GRDH_1SDV_20190914T154754_20190914T154819_018036_021F43_FD90.SAFE,ID_3,S1B_IW_GRDH_1SDV_20190914T154754_20190914T154819_018036_021F43_FD90.SAFE,S1_20190914_154754_154934_VV_0,hard_negative_train
DARTIS_2019,4571,nw,no_oil_water,nw-1347-08-000098.jpg,640,640,0,S1B_IW_GRDH_1SDV_20190914T154909_20190914T154934_018036_021F43_81B3.SAFE,ID_3,S1B_IW_GRDH_1SDV_20190914T154909_20190914T154934_018036_021F43_81B3.SAFE,S1_20190914_154754_154934_VV_51,hard_negative_train
DARTIS_2019,4572,nw,no_oil_water,nw-1348-08-000099.jpg,640,640,0,S1B_IW_GRDH_1SDV_20190914T154909_20190914T154934_018036_021F43_81B3.SAFE,ID_3,S1B_IW_GRDH_1SDV_20190914T154909_20190914T154934_018036_021F43_81B3.SAFE,S1_20190914_154754_154934_VV_84,hard_negative_train
DARTIS_2019,3688,nw,no_oil_water,nw-0464-02-000121.jpg,640,640,0,S1B_IW_GRDH_1SDV_20190920T035859_20190920T035924_018116_0221CA_C24B.SAFE,ID_3,S1B_IW_GRDH_1SDV_20190920T035859_20190920T035924_018116_0221CA_C24B.SAFE,S1_20190920_035859_040038_VV_0,hard_negative_train
DARTIS_2019,3495,nw,no_oil_water,nw-0271-01-000099.jpg,640,640,0,S1B_IW_GRDH_1SDV_20190920T035949_20190920T040014_018116_0221CA_4A44.SAFE,ID_3,S1B_IW_GRDH_1SDV_20190920T035949_20190920T040014_018116_0221CA_4A44.SAFE,S1_20190920_035859_040038_VV_10,hard_negative_train
DARTIS_2019,3496,nw,no_oil_water,nw-0272-01-000100.jpg,640,640,0,S1B_IW_GRDH_1SDV_20190920T035949_20190920T040014_018116_0221CA_4A44.SAFE,ID_3,S1B_IW_GRDH_1SDV_20190920T035949_20190920T040014_018116_0221CA_4A44.SAFE,S1_20190920_035859_040038_VV_5,hard_negative_train
DARTIS_2019,3336,nw,no_oil_water,nw-0112-00-000112.jpg,640,640,0,S1B_IW_GRDH_1SDV_20190926T154820_20190926T154845_018211_0224A2_1533.SAFE,ID_3,S1B_IW_GRDH_1SDV_20190926T154820_20190926T154845_018211_0224A2_1533.SAFE,S1_20190926_154755_154935_VV_32,hard_negative_train
DARTIS_2019,3500,nw,no_oil_water,nw-0276-01-000104.jpg,640,640,0,S1B_IW_GRDH_1SDV_20190926T154820_20190926T154845_018211_0224A2_1533.SAFE,ID_3,S1B_IW_GRDH_1SDV_20190926T154820_20190926T154845_018211_0224A2_1533.SAFE,S1_20190926_154755_154935_VV_13,hard_negative_train
DARTIS_2019,3502,nw,no_oil_water,nw-0278-01-000106.jpg,640,640,0,S1B_IW_GRDH_1SDV_20190926T154820_20190926T154845_018211_0224A2_1533.SAFE,ID_3,S1B_IW_GRDH_1SDV_20190926T154820_20190926T154845_018211_0224A2_1533.SAFE,S1_20190926_154755_154935_VV_175,hard_negative_train
DARTIS_2019,3946,nw,no_oil_water,nw-0722-04-000057.jpg,640,640,0,S1B_IW_GRDH_1SDV_20190926T154820_20190926T154845_018211_0224A2_1533.SAFE,ID_3,S1B_IW_GRDH_1SDV_20190926T154820_20190926T154845_018211_0224A2_1533.SAFE,S1_20190926_154755_154935_VV_172,hard_negative_train
DARTIS_2019,4273,nw,no_oil_water,nw-1049-06-000137.jpg,640,640,0,S1B_IW_GRDH_1SDV_20190926T154820_20190926T154845_018211_0224A2_1533.SAFE,ID_3,S1B_IW_GRDH_1SDV_20190926T154820_20190926T154845_018211_0224A2_1533.SAFE,S1_20190926_154755_154935_VV_165,hard_negative_train
DARTIS_2019,3335,nw,no_oil_water,nw-0111-00-000111.jpg,640,640,0,S1B_IW_GRDH_1SDV_20190926T154845_20190926T154910_018211_0224A2_64E7.SAFE,ID_3,S1B_IW_GRDH_1SDV_20190926T154845_20190926T154910_018211_0224A2_64E7.SAFE,S1_20190926_154755_154935_VV_100,hard_negative_train
DARTIS_2019,4912,nw,no_oil_water,nw-1688-10-000096.jpg,640,640,0,S1B_IW_GRDH_1SDV_20190926T154845_20190926T154910_018211_0224A2_64E7.SAFE,ID_3,S1B_IW_GRDH_1SDV_20190926T154845_20190926T154910_018211_0224A2_64E7.SAFE,S1_20190926_154755_154935_VV_76,hard_negative_train
DARTIS_2019,5134,nw,no_oil_water,nw-1910-11-000144.jpg,640,640,0,S1B_IW_GRDH_1SDV_20190926T154845_20190926T154910_018211_0224A2_64E7.SAFE,ID_3,S1B_IW_GRDH_1SDV_20190926T154845_20190926T154910_018211_0224A2_64E7.SAFE,S1_20190926_154755_154935_VV_104,hard_negative_train
DARTIS_2019,3690,nw,no_oil_water,nw-0466-02-000123.jpg,640,640,0,S1B_IW_GRDH_1SDV_20190927T035114_20190927T035139_018218_0224DC_067F.SAFE,ID_3,S1B_IW_GRDH_1SDV_20190927T035114_20190927T035139_018218_0224DC_067F.SAFE,S1_20190927_035049_035228_VV_35,hard_negative_train
DARTIS_2019,4084,nw,no_oil_water,nw-0860-05-000114.jpg,640,640,0,S1B_IW_GRDH_1SDV_20190927T035114_20190927T035139_018218_0224DC_067F.SAFE,ID_3,S1B_IW_GRDH_1SDV_20190927T035114_20190927T035139_018218_0224DC_067F.SAFE,S1_20190927_035049_035228_VV_45,hard_negative_train
DARTIS_2019,4425,nw,no_oil_water,nw-1201-07-000123.jpg,640,640,0,S1B_IW_GRDH_1SDV_20190927T035114_20190927T035139_018218_0224DC_067F.SAFE,ID_3,S1B_IW_GRDH_1SDV_20190927T035114_20190927T035139_018218_0224DC_067F.SAFE,S1_20190927_035049_035228_VV_166,hard_negative_train
DARTIS_2019,4085,nw,no_oil_water,nw-0861-05-000115.jpg,640,640,0,S1B_IW_GRDH_1SDV_20190928T153252_20190928T153317_018240_022588_44A9.SAFE,ID_3,S1B_IW_GRDH_1SDV_20190928T153252_20190928T153317_018240_022588_44A9.SAFE,S1_20190928_153137_153317_VV_367,hard_negative_train
DARTIS_2019,3846,nw,no_oil_water,nw-0622-03-000119.jpg,640,640,0,S1B_IW_GRDH_1SDV_20191001T155619_20191001T155644_018284_0226F2_D309.SAFE,ID_3,S1B_IW_GRDH_1SDV_20191001T155619_20191001T155644_018284_0226F2_D309.SAFE,S1_20191001_155619_155644_VV_7,hard_negative_train
DARTIS_2019,3504,nw,no_oil_water,nw-0280-01-000108.jpg,640,640,0,S1B_IW_GRDH_1SDV_20191001T155650_20191001T155719_018284_0226F3_A521.SAFE,ID_3,S1B_IW_GRDH_1SDV_20191001T155650_20191001T155719_018284_0226F3_A521.SAFE,S1_20191001_155650_155744_VV_27,hard_negative_train
DARTIS_2019,3505,nw,no_oil_water,nw-0281-01-000109.jpg,640,640,0,S1B_IW_GRDH_1SDV_20191001T155650_20191001T155719_018284_0226F3_A521.SAFE,ID_3,S1B_IW_GRDH_1SDV_20191001T155650_20191001T155719_018284_0226F3_A521.SAFE,S1_20191001_155650_155744_VV_47,hard_negative_train
DARTIS_2019,3948,nw,no_oil_water,nw-0724-04-000059.jpg,640,640,0,S1B_IW_GRDH_1SDV_20191001T155650_20191001T155719_018284_0226F3_A521.SAFE,ID_3,S1B_IW_GRDH_1SDV_20191001T155650_20191001T155719_018284_0226F3_A521.SAFE,S1_20191001_155650_155744_VV_26,hard_negative_train
DARTIS_2019,3949,nw,no_oil_water,nw-0725-04-000060.jpg,640,640,0,S1B_IW_GRDH_1SDV_20191001T155719_20191001T155744_018284_0226F3_023E.SAFE,ID_3,S1B_IW_GRDH_1SDV_20191001T155719_20191001T155744_018284_0226F3_023E.SAFE,S1_20191001_155650_155744_VV_72,hard_negative_train
DARTIS_2019,3951,nw,no_oil_water,nw-0727-04-000062.jpg,640,640,0,S1B_IW_GRDH_1SDV_20191002T035924_20191002T035949_018291_022738_4C40.SAFE,ID_3,S1B_IW_GRDH_1SDV_20191002T035924_20191002T035949_018291_022738_4C40.SAFE,S1_20191002_035859_040038_VV_191,hard_negative_train
DARTIS_2019,3952,nw,no_oil_water,nw-0728-04-000063.jpg,640,640,0,S1B_IW_GRDH_1SDV_20191002T035924_20191002T035949_018291_022738_4C40.SAFE,ID_3,S1B_IW_GRDH_1SDV_20191002T035924_20191002T035949_018291_022738_4C40.SAFE,S1_20191002_035859_040038_VV_29,hard_negative_train
DARTIS_2019,4275,nw,no_oil_water,nw-1051-06-000139.jpg,640,640,0,S1B_IW_GRDH_1SDV_20191002T035924_20191002T035949_018291_022738_4C40.SAFE,ID_3,S1B_IW_GRDH_1SDV_20191002T035924_20191002T035949_018291_022738_4C40.SAFE,S1_20191002_035859_040038_VV_212,hard_negative_train
DARTIS_2019,4276,nw,no_oil_water,nw-1052-06-000140.jpg,640,640,0,S1B_IW_GRDH_1SDV_20191002T035924_20191002T035949_018291_022738_4C40.SAFE,ID_3,S1B_IW_GRDH_1SDV_20191002T035924_20191002T035949_018291_022738_4C40.SAFE,S1_20191002_035859_040038_VV_216,hard_negative_train
DARTIS_2019,3508,nw,no_oil_water,nw-0284-01-000112.jpg,640,640,0,S1B_IW_GRDH_1SDV_20191002T035924_20191002T035949_018291_022738_4C40.SAFE;S1B_IW_GRDH_1SDV_20191002T035859_20191002T035924_018291_022738_414F.SAFE,ID_3,S1B_IW_GRDH_1SDV_20191002T035924_20191002T035949_018291_022738_4C40.SAFE;S1B_IW_GRDH_1SDV_20191002T035859_20191002T035924_018291_022738_414F.SAFE,S1_20191002_035859_040038_VV_22,hard_negative_train
DARTIS_2019,3950,nw,no_oil_water,nw-0726-04-000061.jpg,640,640,0,S1B_IW_GRDH_1SDV_20191002T035924_20191002T035949_018291_022738_4C40.SAFE;S1B_IW_GRDH_1SDV_20191002T035859_20191002T035924_018291_022738_414F.SAFE,ID_3,S1B_IW_GRDH_1SDV_20191002T035924_20191002T035949_018291_022738_4C40.SAFE;S1B_IW_GRDH_1SDV_20191002T035859_20191002T035924_018291_022738_414F.SAFE,S1_20191002_035859_040038_VV_184,hard_negative_train
DARTIS_2019,3953,nw,no_oil_water,nw-0729-04-000064.jpg,640,640,0,S1B_IW_GRDH_1SDV_20191002T035949_20191002T040014_018291_022738_5054.SAFE;S1B_IW_GRDH_1SDV_20191002T035924_20191002T035949_018291_022738_4C40.SAFE,ID_3,S1B_IW_GRDH_1SDV_20191002T035949_20191002T040014_018291_022738_5054.SAFE;S1B_IW_GRDH_1SDV_20191002T035924_20191002T035949_018291_022738_4C40.SAFE,S1_20191002_035859_040038_VV_43,hard_negative_train
DARTIS_2019,3340,nw,no_oil_water,nw-0116-00-000116.jpg,640,640,0,S1B_IW_GRDH_1SDV_20191002T040014_20191002T040038_018291_022738_7985.SAFE,ID_3,S1B_IW_GRDH_1SDV_20191002T040014_20191002T040038_018291_022738_7985.SAFE,S1_20191002_035859_040038_VV_143,hard_negative_train
DARTIS_2019,3691,nw,no_oil_water,nw-0467-02-000124.jpg,640,640,0,S1B_IW_GRDH_1SDV_20191002T040014_20191002T040038_018291_022738_7985.SAFE,ID_3,S1B_IW_GRDH_1SDV_20191002T040014_20191002T040038_018291_022738_7985.SAFE,S1_20191002_035859_040038_VV_146,hard_negative_train
DARTIS_2019,3506,nw,no_oil_water,nw-0282-01-000110.jpg,640,640,0,S1B_IW_GRDH_1SDV_20191002T040014_20191002T040038_018291_022738_7985.SAFE;S1B_IW_GRDH_1SDV_20191002T035949_20191002T040014_018291_022738_5054.SAFE,ID_3,S1B_IW_GRDH_1SDV_20191002T040014_20191002T040038_018291_022738_7985.SAFE;S1B_IW_GRDH_1SDV_20191002T035949_20191002T040014_018291_022738_5054.SAFE,S1_20191002_035859_040038_VV_125,hard_negative_train
DARTIS_2019,4279,nw,no_oil_water,nw-1055-06-000143.jpg,640,640,0,S1B_IW_GRDH_1SDV_20191003T154016_20191003T154041_018313_0227F5_C52B.SAFE,ID_3,S1B_IW_GRDH_1SDV_20191003T154016_20191003T154041_018313_0227F5_C52B.SAFE,S1_20191003_153951_154106_VV_74,hard_negative_train
DARTIS_2019,5137,nw,no_oil_water,nw-1913-11-000147.jpg,640,640,0,S1B_IW_GRDH_1SDV_20191003T154016_20191003T154041_018313_0227F5_C52B.SAFE,ID_3,S1B_IW_GRDH_1SDV_20191003T154016_20191003T154041_018313_0227F5_C52B.SAFE,S1_20191003_153951_154106_VV_28,hard_negative_train
DARTIS_2019,3351,nw,no_oil_water,nw-0127-00-000127.jpg,640,640,0,S1B_IW_GRDH_1SDV_20191004T034227_20191004T034252_018320_02282B_0F0F.SAFE,ID_3,S1B_IW_GRDH_1SDV_20191004T034227_20191004T034252_018320_02282B_0F0F.SAFE,S1_20191004_034227_034407_VV_190,hard_negative_train
DARTIS_2019,4432,nw,no_oil_water,nw-1208-07-000130.jpg,640,640,0,S1B_IW_GRDH_1SDV_20191004T034227_20191004T034252_018320_02282B_0F0F.SAFE,ID_3,S1B_IW_GRDH_1SDV_20191004T034227_20191004T034252_018320_02282B_0F0F.SAFE,S1_20191004_034227_034407_VV_23,hard_negative_train
DARTIS_2019,4580,nw,no_oil_water,nw-1356-08-000107.jpg,640,640,0,S1B_IW_GRDH_1SDV_20191004T034227_20191004T034252_018320_02282B_0F0F.SAFE,ID_3,S1B_IW_GRDH_1SDV_20191004T034227_20191004T034252_018320_02282B_0F0F.SAFE,S1_20191004_034227_034407_VV_195,hard_negative_train
DARTIS_2019,4923,nw,no_oil_water,nw-1699-10-000107.jpg,640,640,0,S1B_IW_GRDH_1SDV_20191004T034317_20191004T034342_018320_02282B_4A6D.SAFE;S1B_IW_GRDH_1SDV_20191004T034252_20191004T034317_018320_02282B_B1FB.SAFE,ID_3,S1B_IW_GRDH_1SDV_20191004T034317_20191004T034342_018320_02282B_4A6D.SAFE;S1B_IW_GRDH_1SDV_20191004T034252_20191004T034317_018320_02282B_B1FB.SAFE,S1_20191004_034227_034407_VV_109,hard_negative_train
DARTIS_2019,4089,nw,no_oil_water,nw-0865-05-000119.jpg,640,640,0,S1B_IW_GRDH_1SDV_20191006T160439_20191006T160504_018357_02294F_B5A9.SAFE,ID_3,S1B_IW_GRDH_1SDV_20191006T160439_20191006T160504_018357_02294F_B5A9.SAFE,S1_20191006_160414_160554_VV_6,hard_negative_train
DARTIS_2019,3516,nw,no_oil_water,nw-0292-01-000120.jpg,640,640,0,S1B_IW_GRDH_1SDV_20191008T154844_20191008T154909_018386_022A2C_1FB0.SAFE,ID_3,S1B_IW_GRDH_1SDV_20191008T154844_20191008T154909_018386_022A2C_1FB0.SAFE,S1_20191008_154754_154934_VV_156,hard_negative_train
DARTIS_2019,3954,nw,no_oil_water,nw-0730-04-000065.jpg,640,640,0,S1B_IW_GRDH_1SDV_20191008T154844_20191008T154909_018386_022A2C_1FB0.SAFE,ID_3,S1B_IW_GRDH_1SDV_20191008T154844_20191008T154909_018386_022A2C_1FB0.SAFE,S1_20191008_154754_154934_VV_143,hard_negative_train
DARTIS_2019,5138,nw,no_oil_water,nw-1914-11-000148.jpg,640,640,0,S1B_IW_GRDH_1SDV_20191008T154844_20191008T154909_018386_022A2C_1FB0.SAFE,ID_3,S1B_IW_GRDH_1SDV_20191008T154844_20191008T154909_018386_022A2C_1FB0.SAFE,S1_20191008_154754_154934_VV_155,hard_negative_train
DARTIS_2019,3517,nw,no_oil_water,nw-0293-01-000121.jpg,640,640,0,S1B_IW_GRDH_1SDV_20191008T154909_20191008T154934_018386_022A2C_AF1F.SAFE,ID_3,S1B_IW_GRDH_1SDV_20191008T154909_20191008T154934_018386_022A2C_AF1F.SAFE,S1_20191008_154754_154934_VV_191,hard_negative_train
DARTIS_2019,3693,nw,no_oil_water,nw-0469-02-000126.jpg,640,640,0,S1B_IW_GRDH_1SDV_20191008T154909_20191008T154934_018386_022A2C_AF1F.SAFE,ID_3,S1B_IW_GRDH_1SDV_20191008T154909_20191008T154934_018386_022A2C_AF1F.SAFE,S1_20191008_154754_154934_VV_51,hard_negative_train
DARTIS_2019,3955,nw,no_oil_water,nw-0731-04-000066.jpg,640,640,0,S1B_IW_GRDH_1SDV_20191008T154909_20191008T154934_018386_022A2C_AF1F.SAFE,ID_3,S1B_IW_GRDH_1SDV_20191008T154909_20191008T154934_018386_022A2C_AF1F.SAFE,S1_20191008_154754_154934_VV_32,hard_negative_train
DARTIS_2019,4281,nw,no_oil_water,nw-1057-06-000145.jpg,640,640,0,S1B_IW_GRDH_1SDV_20191008T154909_20191008T154934_018386_022A2C_AF1F.SAFE,ID_3,S1B_IW_GRDH_1SDV_20191008T154909_20191008T154934_018386_022A2C_AF1F.SAFE,S1_20191008_154754_154934_VV_188,hard_negative_train
DARTIS_2019,5139,nw,no_oil_water,nw-1915-11-000149.jpg,640,640,0,S1B_IW_GRDH_1SDV_20191008T154909_20191008T154934_018386_022A2C_AF1F.SAFE,ID_3,S1B_IW_GRDH_1SDV_20191008T154909_20191008T154934_018386_022A2C_AF1F.SAFE,S1_20191008_154754_154934_VV_179,hard_negative_train
DARTIS_2019,4434,nw,no_oil_water,nw-1210-07-000132.jpg,640,640,0,S1B_IW_GRDH_1SDV_20191009T035049_20191009T035114_018393_022A5F_CD0D.SAFE,ID_3,S1B_IW_GRDH_1SDV_20191009T035049_20191009T035114_018393_022A5F_CD0D.SAFE,S1_20191009_035049_035228_VV_12,hard_negative_train
DARTIS_2019,4935,nw,no_oil_water,nw-1711-10-000119.jpg,640,640,0,S1B_IW_GRDH_1SDV_20191009T035049_20191009T035114_018393_022A5F_CD0D.SAFE,ID_3,S1B_IW_GRDH_1SDV_20191009T035049_20191009T035114_018393_022A5F_CD0D.SAFE,S1_20191009_035049_035228_VV_22,hard_negative_train
DARTIS_2019,5140,nw,no_oil_water,nw-1916-11-000150.jpg,640,640,0,S1B_IW_GRDH_1SDV_20191009T035114_20191009T035139_018393_022A5F_B79F.SAFE;S1B_IW_GRDH_1SDV_20191009T035049_20191009T035114_018393_022A5F_CD0D.SAFE,ID_3,S1B_IW_GRDH_1SDV_20191009T035114_20191009T035139_018393_022A5F_B79F.SAFE;S1B_IW_GRDH_1SDV_20191009T035049_20191009T035114_018393_022A5F_CD0D.SAFE,S1_20191009_035049_035228_VV_29,hard_negative_train
DARTIS_2019,3956,nw,no_oil_water,nw-0732-04-000067.jpg,640,640,0,S1B_IW_GRDH_1SDV_20191013T155719_20191013T155744_018459_022C6B_D17C.SAFE,ID_3,S1B_IW_GRDH_1SDV_20191013T155719_20191013T155744_018459_022C6B_D17C.SAFE,S1_20191013_155650_155744_VV_60,hard_negative_train
DARTIS_2019,4095,nw,no_oil_water,nw-0871-05-000125.jpg,640,640,0,S1B_IW_GRDH_1SDV_20191013T155719_20191013T155744_018459_022C6B_D17C.SAFE,ID_3,S1B_IW_GRDH_1SDV_20191013T155719_20191013T155744_018459_022C6B_D17C.SAFE,S1_20191013_155650_155744_VV_28,hard_negative_train
DARTIS_2019,4436,nw,no_oil_water,nw-1212-07-000134.jpg,640,640,0,S1B_IW_GRDH_1SDV_20191013T155719_20191013T155744_018459_022C6B_D17C.SAFE,ID_3,S1B_IW_GRDH_1SDV_20191013T155719_20191013T155744_018459_022C6B_D17C.SAFE,S1_20191013_155650_155744_VV_9,hard_negative_train
DARTIS_2019,4779,nw,no_oil_water,nw-1555-09-000131.jpg,640,640,0,S1B_IW_GRDH_1SDV_20191013T155719_20191013T155744_018459_022C6B_D17C.SAFE,ID_3,S1B_IW_GRDH_1SDV_20191013T155719_20191013T155744_018459_022C6B_D17C.SAFE,S1_20191013_155650_155744_VV_68,hard_negative_train
DARTIS_2019,5142,nw,no_oil_water,nw-1918-11-000152.jpg,640,640,0,S1B_IW_GRDH_1SDV_20191013T155719_20191013T155744_018459_022C6B_D17C.SAFE,ID_3,S1B_IW_GRDH_1SDV_20191013T155719_20191013T155744_018459_022C6B_D17C.SAFE,S1_20191013_155650_155744_VV_35,hard_negative_train
DARTIS_2019,4100,nw,no_oil_water,nw-0876-05-000130.jpg,640,640,0,S1B_IW_GRDH_1SDV_20191016T034252_20191016T034317_018495_022D96_AE2A.SAFE,ID_3,S1B_IW_GRDH_1SDV_20191016T034252_20191016T034317_018495_022D96_AE2A.SAFE,S1_20191016_034227_034407_VV_94,hard_negative_train
DARTIS_2019,4785,nw,no_oil_water,nw-1561-09-000137.jpg,640,640,0,S1B_IW_GRDH_1SDV_20191016T034252_20191016T034317_018495_022D96_AE2A.SAFE,ID_3,S1B_IW_GRDH_1SDV_20191016T034252_20191016T034317_018495_022D96_AE2A.SAFE,S1_20191016_034227_034407_VV_113,hard_negative_train
DARTIS_2019,4290,nw,no_oil_water,nw-1066-06-000154.jpg,640,640,0,S1B_IW_GRDH_1SDV_20191020T154910_20191020T154935_018561_022F8C_14B1.SAFE,ID_3,S1B_IW_GRDH_1SDV_20191020T154910_20191020T154935_018561_022F8C_14B1.SAFE,S1_20191020_154755_154935_VV_125,hard_negative_train
DARTIS_2019,4441,nw,no_oil_water,nw-1217-07-000139.jpg,640,640,0,S1B_IW_GRDH_1SDV_20191020T154910_20191020T154935_018561_022F8C_14B1.SAFE,ID_3,S1B_IW_GRDH_1SDV_20191020T154910_20191020T154935_018561_022F8C_14B1.SAFE,S1_20191020_154755_154935_VV_29,hard_negative_train
DARTIS_2019,4588,nw,no_oil_water,nw-1364-08-000115.jpg,640,640,0,S1B_IW_GRDH_1SDV_20191020T154910_20191020T154935_018561_022F8C_14B1.SAFE,ID_3,S1B_IW_GRDH_1SDV_20191020T154910_20191020T154935_018561_022F8C_14B1.SAFE,S1_20191020_154755_154935_VV_16,hard_negative_train
DARTIS_2019,4942,nw,no_oil_water,nw-1718-10-000126.jpg,640,640,0,S1B_IW_GRDH_1SDV_20191020T154910_20191020T154935_018561_022F8C_14B1.SAFE,ID_3,S1B_IW_GRDH_1SDV_20191020T154910_20191020T154935_018561_022F8C_14B1.SAFE,S1_20191020_154755_154935_VV_31,hard_negative_train
DARTIS_2019,3359,nw,no_oil_water,nw-0135-00-000135.jpg,640,640,0,S1B_IW_GRDH_1SDV_20191021T035049_20191021T035114_018568_022FC0_D1AC.SAFE,ID_3,S1B_IW_GRDH_1SDV_20191021T035049_20191021T035114_018568_022FC0_D1AC.SAFE,S1_20191021_035049_035228_VV_148,hard_negative_train
DARTIS_2019,4442,nw,no_oil_water,nw-1218-07-000140.jpg,640,640,0,S1B_IW_GRDH_1SDV_20191021T035049_20191021T035114_018568_022FC0_D1AC.SAFE,ID_3,S1B_IW_GRDH_1SDV_20191021T035049_20191021T035114_018568_022FC0_D1AC.SAFE,S1_20191021_035049_035228_VV_34,hard_negative_train
DARTIS_2019,3521,nw,no_oil_water,nw-0297-01-000125.jpg,640,640,0,S1B_IW_GRDH_1SDV_20191021T035114_20191021T035139_018568_022FC0_0980.SAFE,ID_3,S1B_IW_GRDH_1SDV_20191021T035114_20191021T035139_018568_022FC0_0980.SAFE,S1_20191021_035049_035228_VV_78,hard_negative_train
DARTIS_2019,3522,nw,no_oil_water,nw-0298-01-000126.jpg,640,640,0,S1B_IW_GRDH_1SDV_20191021T035114_20191021T035139_018568_022FC0_0980.SAFE,ID_3,S1B_IW_GRDH_1SDV_20191021T035114_20191021T035139_018568_022FC0_0980.SAFE,S1_20191021_035049_035228_VV_86,hard_negative_train
DARTIS_2019,3857,nw,no_oil_water,nw-0633-03-000130.jpg,640,640,0,S1B_IW_GRDH_1SDV_20191021T035114_20191021T035139_018568_022FC0_0980.SAFE,ID_3,S1B_IW_GRDH_1SDV_20191021T035114_20191021T035139_018568_022FC0_0980.SAFE,S1_20191021_035049_035228_VV_44,hard_negative_train
DARTIS_2019,4943,nw,no_oil_water,nw-1719-10-000127.jpg,640,640,0,S1B_IW_GRDH_1SDV_20191021T035114_20191021T035139_018568_022FC0_0980.SAFE,ID_3,S1B_IW_GRDH_1SDV_20191021T035114_20191021T035139_018568_022FC0_0980.SAFE,S1_20191021_035049_035228_VV_62,hard_negative_train
DARTIS_2019,4590,nw,no_oil_water,nw-1366-08-000117.jpg,640,640,0,S1B_IW_GRDH_1SDV_20191025T155619_20191025T155644_018634_0231C5_600D.SAFE,ID_3,S1B_IW_GRDH_1SDV_20191025T155619_20191025T155644_018634_0231C5_600D.SAFE,S1_20191025_155619_155644_VV_22,hard_negative_train
DARTIS_2019,4787,nw,no_oil_water,nw-1563-09-000139.jpg,640,640,0,S1B_IW_GRDH_1SDV_20191025T155619_20191025T155644_018634_0231C5_600D.SAFE,ID_3,S1B_IW_GRDH_1SDV_20191025T155619_20191025T155644_018634_0231C5_600D.SAFE,S1_20191025_155619_155644_VV_10,hard_negative_train
DARTIS_2019,4596,nw,no_oil_water,nw-1372-08-000123.jpg,640,640,0,S1B_IW_GRDH_1SDV_20191028T034227_20191028T034252_018670_0232F7_69C9.SAFE,ID_3,S1B_IW_GRDH_1SDV_20191028T034227_20191028T034252_018670_0232F7_69C9.SAFE,S1_20191028_034227_034407_VV_38,hard_negative_train
DARTIS_2019,4597,nw,no_oil_water,nw-1373-08-000124.jpg,640,640,0,S1B_IW_GRDH_1SDV_20191028T034252_20191028T034317_018670_0232F7_237B.SAFE;S1B_IW_GRDH_1SDV_20191028T034227_20191028T034252_018670_0232F7_69C9.SAFE,ID_3,S1B_IW_GRDH_1SDV_20191028T034252_20191028T034317_018670_0232F7_237B.SAFE;S1B_IW_GRDH_1SDV_20191028T034227_20191028T034252_018670_0232F7_69C9.SAFE,S1_20191028_034227_034407_VV_88,hard_negative_train
DARTIS_2019,4949,nw,no_oil_water,nw-1725-10-000133.jpg,640,640,0,S1B_IW_GRDH_1SDV_20191028T034252_20191028T034317_018670_0232F7_237B.SAFE;S1B_IW_GRDH_1SDV_20191028T034227_20191028T034252_018670_0232F7_69C9.SAFE,ID_3,S1B_IW_GRDH_1SDV_20191028T034252_20191028T034317_018670_0232F7_237B.SAFE;S1B_IW_GRDH_1SDV_20191028T034227_20191028T034252_018670_0232F7_69C9.SAFE,S1_20191028_034227_034407_VV_80,hard_negative_train
DARTIS_2019,3526,nw,no_oil_water,nw-0302-01-000130.jpg,640,640,0,S1B_IW_GRDH_1SDV_20191030T160439_20191030T160504_018707_023425_6ED4.SAFE,ID_3,S1B_IW_GRDH_1SDV_20191030T160439_20191030T160504_018707_023425_6ED4.SAFE,S1_20191030_160414_160554_VV_41,hard_negative_train
DARTIS_2019,3962,nw,no_oil_water,nw-0738-04-000073.jpg,640,640,0,S1B_IW_GRDH_1SDV_20191030T160439_20191030T160504_018707_023425_6ED4.SAFE,ID_3,S1B_IW_GRDH_1SDV_20191030T160439_20191030T160504_018707_023425_6ED4.SAFE,S1_20191030_160414_160554_VV_135,hard_negative_train
DARTIS_2019,4446,nw,no_oil_water,nw-1222-07-000144.jpg,640,640,0,S1B_IW_GRDH_1SDV_20191030T160439_20191030T160504_018707_023425_6ED4.SAFE,ID_3,S1B_IW_GRDH_1SDV_20191030T160439_20191030T160504_018707_023425_6ED4.SAFE,S1_20191030_160414_160554_VV_25,hard_negative_train
DARTIS_2019,4447,nw,no_oil_water,nw-1223-07-000145.jpg,640,640,0,S1B_IW_GRDH_1SDV_20191030T160439_20191030T160504_018707_023425_6ED4.SAFE,ID_3,S1B_IW_GRDH_1SDV_20191030T160439_20191030T160504_018707_023425_6ED4.SAFE,S1_20191030_160414_160554_VV_5,hard_negative_train
DARTIS_2019,4788,nw,no_oil_water,nw-1564-09-000140.jpg,640,640,0,S1B_IW_GRDH_1SDV_20191030T160439_20191030T160504_018707_023425_6ED4.SAFE,ID_3,S1B_IW_GRDH_1SDV_20191030T160439_20191030T160504_018707_023425_6ED4.SAFE,S1_20191030_160414_160554_VV_12,hard_negative_train
DARTIS_2019,3527,nw,no_oil_water,nw-0303-01-000131.jpg,640,640,0,S1B_IW_GRDH_1SDV_20191030T160504_20191030T160529_018707_023425_5A68.SAFE,ID_3,S1B_IW_GRDH_1SDV_20191030T160504_20191030T160529_018707_023425_5A68.SAFE,S1_20191030_160414_160554_VV_45,hard_negative_train
DARTIS_2019,3528,nw,no_oil_water,nw-0304-01-000132.jpg,640,640,0,S1B_IW_GRDH_1SDV_20191030T160504_20191030T160529_018707_023425_5A68.SAFE,ID_3,S1B_IW_GRDH_1SDV_20191030T160504_20191030T160529_018707_023425_5A68.SAFE,S1_20191030_160414_160554_VV_60,hard_negative_train
DARTIS_2019,3529,nw,no_oil_water,nw-0305-01-000133.jpg,640,640,0,S1B_IW_GRDH_1SDV_20191030T160504_20191030T160529_018707_023425_5A68.SAFE,ID_3,S1B_IW_GRDH_1SDV_20191030T160504_20191030T160529_018707_023425_5A68.SAFE,S1_20191030_160414_160554_VV_71,hard_negative_train
DARTIS_2019,3362,nw,no_oil_water,nw-0138-00-000138.jpg,640,640,0,S1B_IW_GRDH_1SDV_20191030T160529_20191030T160554_018707_023425_8B2A.SAFE,ID_3,S1B_IW_GRDH_1SDV_20191030T160529_20191030T160554_018707_023425_8B2A.SAFE,S1_20191030_160414_160554_VV_161,hard_negative_train
DARTIS_2019,4598,nw,no_oil_water,nw-1374-08-000125.jpg,640,640,0,S1B_IW_GRDH_1SDV_20191030T160529_20191030T160554_018707_023425_8B2A.SAFE,ID_3,S1B_IW_GRDH_1SDV_20191030T160529_20191030T160554_018707_023425_8B2A.SAFE,S1_20191030_160414_160554_VV_101,hard_negative_train
DARTIS_2019,4599,nw,no_oil_water,nw-1375-08-000126.jpg,640,640,0,S1B_IW_GRDH_1SDV_20191030T160529_20191030T160554_018707_023425_8B2A.SAFE,ID_3,S1B_IW_GRDH_1SDV_20191030T160529_20191030T160554_018707_023425_8B2A.SAFE,S1_20191030_160414_160554_VV_104,hard_negative_train
DARTIS_2019,4600,nw,no_oil_water,nw-1376-08-000127.jpg,640,640,0,S1B_IW_GRDH_1SDV_20191030T160529_20191030T160554_018707_023425_8B2A.SAFE,ID_3,S1B_IW_GRDH_1SDV_20191030T160529_20191030T160554_018707_023425_8B2A.SAFE,S1_20191030_160414_160554_VV_97,hard_negative_train
DARTIS_2019,3701,nw,no_oil_water,nw-0477-02-000134.jpg,640,640,0,S1B_IW_GRDH_1SDV_20191101T154909_20191101T154934_018736_023509_D85B.SAFE,ID_3,S1B_IW_GRDH_1SDV_20191101T154909_20191101T154934_018736_023509_D85B.SAFE,S1_20191101_154754_154934_VV_65,hard_negative_train
DARTIS_2019,4448,nw,no_oil_water,nw-1224-07-000146.jpg,640,640,0,S1B_IW_GRDH_1SDV_20191102T035049_20191102T035114_018743_02353E_12A8.SAFE,ID_3,S1B_IW_GRDH_1SDV_20191102T035049_20191102T035114_018743_02353E_12A8.SAFE,S1_20191102_035049_035228_VV_6,hard_negative_train
DARTIS_2019,4950,nw,no_oil_water,nw-1726-10-000134.jpg,640,640,0,S1B_IW_GRDH_1SDV_20191102T035139_20191102T035204_018743_02353E_3541.SAFE,ID_3,S1B_IW_GRDH_1SDV_20191102T035139_20191102T035204_018743_02353E_3541.SAFE,S1_20191102_035049_035228_VV_31,hard_negative_train
DARTIS_2019,4951,nw,no_oil_water,nw-1727-10-000135.jpg,640,640,0,S1B_IW_GRDH_1SDV_20191102T035139_20191102T035204_018743_02353E_3541.SAFE,ID_3,S1B_IW_GRDH_1SDV_20191102T035139_20191102T035204_018743_02353E_3541.SAFE,S1_20191102_035049_035228_VV_54,hard_negative_train
DARTIS_2019,5147,nw,no_oil_water,nw-1923-11-000157.jpg,640,640,0,S1B_IW_GRDH_1SDV_20191102T035139_20191102T035204_018743_02353E_3541.SAFE,ID_3,S1B_IW_GRDH_1SDV_20191102T035139_20191102T035204_018743_02353E_3541.SAFE,S1_20191102_035049_035228_VV_61,hard_negative_train
DARTIS_2019,4109,nw,no_oil_water,nw-0885-05-000139.jpg,640,640,0,S1B_IW_GRDH_1SDV_20191104T033442_20191104T033507_018772_02361B_B144.SAFE,ID_3,S1B_IW_GRDH_1SDV_20191104T033442_20191104T033507_018772_02361B_B144.SAFE,S1_20191104_033417_033557_VV_34,hard_negative_train
DARTIS_2019,3861,nw,no_oil_water,nw-0637-03-000134.jpg,640,640,0,S1B_IW_GRDH_1SDV_20191107T035859_20191107T035924_018816_0237A1_83D2.SAFE,ID_3,S1B_IW_GRDH_1SDV_20191107T035859_20191107T035924_018816_0237A1_83D2.SAFE,S1_20191107_035859_040038_VV_33,hard_negative_train
DARTIS_2019,4110,nw,no_oil_water,nw-0886-05-000140.jpg,640,640,0,S1B_IW_GRDH_1SDV_20191107T035859_20191107T035924_018816_0237A1_83D2.SAFE,ID_3,S1B_IW_GRDH_1SDV_20191107T035859_20191107T035924_018816_0237A1_83D2.SAFE,S1_20191107_035859_040038_VV_17,hard_negative_train
DARTIS_2019,4790,nw,no_oil_water,nw-1566-09-000142.jpg,640,640,0,S1B_IW_GRDH_1SDV_20191107T035859_20191107T035924_018816_0237A1_83D2.SAFE,ID_3,S1B_IW_GRDH_1SDV_20191107T035859_20191107T035924_018816_0237A1_83D2.SAFE,S1_20191107_035859_040038_VV_11,hard_negative_train
DARTIS_2019,3703,nw,no_oil_water,nw-0479-02-000136.jpg,640,640,0,S1B_IW_GRDH_1SDV_20191108T154016_20191108T154041_018838_023867_C951.SAFE,ID_3,S1B_IW_GRDH_1SDV_20191108T154016_20191108T154041_018838_023867_C951.SAFE,S1_20191108_153951_154106_VV_75,hard_negative_train
DARTIS_2019,3705,nw,no_oil_water,nw-0481-02-000138.jpg,640,640,0,S1B_IW_GRDH_1SDV_20191109T034227_20191109T034252_018845_0238A3_55F3.SAFE,ID_3,S1B_IW_GRDH_1SDV_20191109T034227_20191109T034252_018845_0238A3_55F3.SAFE,S1_20191109_034227_034407_VV_20,hard_negative_train
DARTIS_2019,3706,nw,no_oil_water,nw-0482-02-000139.jpg,640,640,0,S1B_IW_GRDH_1SDV_20191109T034227_20191109T034252_018845_0238A3_55F3.SAFE,ID_3,S1B_IW_GRDH_1SDV_20191109T034227_20191109T034252_018845_0238A3_55F3.SAFE,S1_20191109_034227_034407_VV_8,hard_negative_train
DARTIS_2019,4792,nw,no_oil_water,nw-1568-09-000144.jpg,640,640,0,S1B_IW_GRDH_1SDV_20191109T034342_20191109T034407_018845_0238A3_42C2.SAFE,ID_3,S1B_IW_GRDH_1SDV_20191109T034342_20191109T034407_018845_0238A3_42C2.SAFE,S1_20191109_034227_034407_VV_122,hard_negative_train
DARTIS_2019,3707,nw,no_oil_water,nw-0483-02-000140.jpg,640,640,0,S1B_IW_GRDH_1SDV_20191113T154820_20191113T154845_018911_023AAD_38BC.SAFE,ID_3,S1B_IW_GRDH_1SDV_20191113T154820_20191113T154845_018911_023AAD_38BC.SAFE,S1_20191113_154755_154935_VV_66,hard_negative_train
DARTIS_2019,4452,nw,no_oil_water,nw-1228-07-000150.jpg,640,640,0,S1B_IW_GRDH_1SDV_20191113T154820_20191113T154845_018911_023AAD_38BC.SAFE,ID_3,S1B_IW_GRDH_1SDV_20191113T154820_20191113T154845_018911_023AAD_38BC.SAFE,S1_20191113_154755_154935_VV_69,hard_negative_train
DARTIS_2019,4794,nw,no_oil_water,nw-1570-09-000146.jpg,640,640,0,S1B_IW_GRDH_1SDV_20191113T154820_20191113T154845_018911_023AAD_38BC.SAFE,ID_3,S1B_IW_GRDH_1SDV_20191113T154820_20191113T154845_018911_023AAD_38BC.SAFE,S1_20191113_154755_154935_VV_65,hard_negative_train
DARTIS_2019,5152,nw,no_oil_water,nw-1928-11-000162.jpg,640,640,0,S1B_IW_GRDH_1SDV_20191113T154820_20191113T154845_018911_023AAD_38BC.SAFE,ID_3,S1B_IW_GRDH_1SDV_20191113T154820_20191113T154845_018911_023AAD_38BC.SAFE,S1_20191113_154755_154935_VV_24,hard_negative_train
DARTIS_2019,4114,nw,no_oil_water,nw-0890-05-000144.jpg,640,640,0,S1B_IW_GRDH_1SDV_20191114T035139_20191114T035204_018918_023AE4_06B2.SAFE,ID_3,S1B_IW_GRDH_1SDV_20191114T035139_20191114T035204_018918_023AE4_06B2.SAFE,S1_20191114_035049_035228_VV_37,hard_negative_train
DARTIS_2019,4115,nw,no_oil_water,nw-0891-05-000145.jpg,640,640,0,S1B_IW_GRDH_1SDV_20191116T033442_20191116T033507_018947_023BCF_7A99.SAFE,ID_3,S1B_IW_GRDH_1SDV_20191116T033442_20191116T033507_018947_023BCF_7A99.SAFE,S1_20191116_033417_033557_VV_26,hard_negative_train
DARTIS_2019,4604,nw,no_oil_water,nw-1380-08-000131.jpg,640,640,0,S1B_IW_GRDH_1SDV_20191119T035924_20191119T035949_018991_023D4F_586C.SAFE,ID_3,S1B_IW_GRDH_1SDV_20191119T035924_20191119T035949_018991_023D4F_586C.SAFE,S1_20191119_035859_040038_VV_26,hard_negative_train
DARTIS_2019,3369,nw,no_oil_water,nw-0145-00-000145.jpg,640,640,0,S1B_IW_GRDH_1SDV_20191120T154041_20191120T154106_019013_023E0F_D976.SAFE,ID_3,S1B_IW_GRDH_1SDV_20191120T154041_20191120T154106_019013_023E0F_D976.SAFE,S1_20191120_153951_154106_VV_84,hard_negative_train
DARTIS_2019,4957,nw,no_oil_water,nw-1733-10-000141.jpg,640,640,0,S1B_IW_GRDH_1SDV_20191120T154041_20191120T154106_019013_023E0F_D976.SAFE,ID_3,S1B_IW_GRDH_1SDV_20191120T154041_20191120T154106_019013_023E0F_D976.SAFE,S1_20191120_153951_154106_VV_47,hard_negative_train
DARTIS_2019,4958,nw,no_oil_water,nw-1734-10-000142.jpg,640,640,0,S1B_IW_GRDH_1SDV_20191120T154041_20191120T154106_019013_023E0F_D976.SAFE,ID_3,S1B_IW_GRDH_1SDV_20191120T154041_20191120T154106_019013_023E0F_D976.SAFE,S1_20191120_153951_154106_VV_58,hard_negative_train
DARTIS_2019,4959,nw,no_oil_water,nw-1735-10-000143.jpg,640,640,0,S1B_IW_GRDH_1SDV_20191120T154041_20191120T154106_019013_023E0F_D976.SAFE,ID_3,S1B_IW_GRDH_1SDV_20191120T154041_20191120T154106_019013_023E0F_D976.SAFE,S1_20191120_153951_154106_VV_67,hard_negative_train
DARTIS_2019,3370,nw,no_oil_water,nw-0146-00-000146.jpg,640,640,0,S1B_IW_GRDH_1SDV_20191121T034227_20191121T034252_019020_023E45_EAB3.SAFE,ID_3,S1B_IW_GRDH_1SDV_20191121T034227_20191121T034252_019020_023E45_EAB3.SAFE,S1_20191121_034227_034407_VV_6,hard_negative_train
DARTIS_2019,4117,nw,no_oil_water,nw-0893-05-000147.jpg,640,640,0,S1B_IW_GRDH_1SDV_20191121T034227_20191121T034252_019020_023E45_EAB3.SAFE,ID_3,S1B_IW_GRDH_1SDV_20191121T034227_20191121T034252_019020_023E45_EAB3.SAFE,S1_20191121_034227_034407_VV_15,hard_negative_train
DARTIS_2019,4962,nw,no_oil_water,nw-1738-10-000146.jpg,640,640,0,S1B_IW_GRDH_1SDV_20191121T034227_20191121T034252_019020_023E45_EAB3.SAFE,ID_3,S1B_IW_GRDH_1SDV_20191121T034227_20191121T034252_019020_023E45_EAB3.SAFE,S1_20191121_034227_034407_VV_49,hard_negative_train
DARTIS_2019,5156,nw,no_oil_water,nw-1932-11-000166.jpg,640,640,0,S1B_IW_GRDH_1SDV_20191121T034227_20191121T034252_019020_023E45_EAB3.SAFE,ID_3,S1B_IW_GRDH_1SDV_20191121T034227_20191121T034252_019020_023E45_EAB3.SAFE,S1_20191121_034227_034407_VV_42,hard_negative_train
DARTIS_2019,4960,nw,no_oil_water,nw-1736-10-000144.jpg,640,640,0,S1B_IW_GRDH_1SDV_20191121T034252_20191121T034317_019020_023E45_AFA4.SAFE,ID_3,S1B_IW_GRDH_1SDV_20191121T034252_20191121T034317_019020_023E45_AFA4.SAFE,S1_20191121_034227_034407_VV_108,hard_negative_train
DARTIS_2019,4961,nw,no_oil_water,nw-1737-10-000145.jpg,640,640,0,S1B_IW_GRDH_1SDV_20191121T034252_20191121T034317_019020_023E45_AFA4.SAFE,ID_3,S1B_IW_GRDH_1SDV_20191121T034252_20191121T034317_019020_023E45_AFA4.SAFE,S1_20191121_034227_034407_VV_110,hard_negative_train
DARTIS_2019,4963,nw,no_oil_water,nw-1739-10-000147.jpg,640,640,0,S1B_IW_GRDH_1SDV_20191121T034252_20191121T034317_019020_023E45_AFA4.SAFE,ID_3,S1B_IW_GRDH_1SDV_20191121T034252_20191121T034317_019020_023E45_AFA4.SAFE,S1_20191121_034227_034407_VV_91,hard_negative_train
DARTIS_2019,3539,nw,no_oil_water,nw-0315-01-000143.jpg,640,640,0,S1B_IW_GRDH_1SDV_20191123T160504_20191123T160529_019057_023F6D_E19E.SAFE,ID_3,S1B_IW_GRDH_1SDV_20191123T160504_20191123T160529_019057_023F6D_E19E.SAFE,S1_20191123_160414_160554_VV_237,hard_negative_train
DARTIS_2019,4605,nw,no_oil_water,nw-1381-08-000132.jpg,640,640,0,S1B_IW_GRDH_1SDV_20191123T160504_20191123T160529_019057_023F6D_E19E.SAFE,ID_3,S1B_IW_GRDH_1SDV_20191123T160504_20191123T160529_019057_023F6D_E19E.SAFE,S1_20191123_160414_160554_VV_62,hard_negative_train
DARTIS_2019,3371,nw,no_oil_water,nw-0147-00-000147.jpg,640,640,0,S1B_IW_GRDH_1SDV_20191123T160529_20191123T160554_019057_023F6D_872B.SAFE,ID_3,S1B_IW_GRDH_1SDV_20191123T160529_20191123T160554_019057_023F6D_872B.SAFE,S1_20191123_160414_160554_VV_168,hard_negative_train
DARTIS_2019,3372,nw,no_oil_water,nw-0148-00-000148.jpg,640,640,0,S1B_IW_GRDH_1SDV_20191123T160529_20191123T160554_019057_023F6D_872B.SAFE,ID_3,S1B_IW_GRDH_1SDV_20191123T160529_20191123T160554_019057_023F6D_872B.SAFE,S1_20191123_160414_160554_VV_201,hard_negative_train
DARTIS_2019,4454,nw,no_oil_water,nw-1230-07-000152.jpg,640,640,0,S1B_IW_GRDH_1SDV_20191123T160529_20191123T160554_019057_023F6D_872B.SAFE,ID_3,S1B_IW_GRDH_1SDV_20191123T160529_20191123T160554_019057_023F6D_872B.SAFE,S1_20191123_160414_160554_VV_195,hard_negative_train
DARTIS_2019,5157,nw,no_oil_water,nw-1933-11-000167.jpg,640,640,0,S1B_IW_GRDH_1SDV_20191123T160529_20191123T160554_019057_023F6D_872B.SAFE,ID_3,S1B_IW_GRDH_1SDV_20191123T160529_20191123T160554_019057_023F6D_872B.SAFE,S1_20191123_160414_160554_VV_124,hard_negative_train
DARTIS_2019,5158,nw,no_oil_water,nw-1934-11-000168.jpg,640,640,0,S1B_IW_GRDH_1SDV_20191123T160529_20191123T160554_019057_023F6D_872B.SAFE,ID_3,S1B_IW_GRDH_1SDV_20191123T160529_20191123T160554_019057_023F6D_872B.SAFE,S1_20191123_160414_160554_VV_251,hard_negative_train
DARTIS_2019,4795,nw,no_oil_water,nw-1571-09-000147.jpg,640,640,0,S1B_IW_GRDH_1SDV_20191126T035049_20191126T035114_019093_024085_A0F3.SAFE,ID_3,S1B_IW_GRDH_1SDV_20191126T035049_20191126T035114_019093_024085_A0F3.SAFE,S1_20191126_035049_035228_VV_41,hard_negative_train
DARTIS_2019,4119,nw,no_oil_water,nw-0895-05-000149.jpg,640,640,0,S1B_IW_GRDH_1SDV_20191127T153226_20191127T153251_019115_024136_B82C.SAFE,ID_3,S1B_IW_GRDH_1SDV_20191127T153226_20191127T153251_019115_024136_B82C.SAFE,S1_20191127_153136_153316_VV_419,hard_negative_train
DARTIS_2019,4608,nw,no_oil_water,nw-1384-08-000135.jpg,640,640,0,S1B_IW_GRDH_1SDV_20191127T153251_20191127T153316_019115_024136_DAF8.SAFE,ID_3,S1B_IW_GRDH_1SDV_20191127T153251_20191127T153316_019115_024136_DAF8.SAFE,S1_20191127_153136_153316_VV_521,hard_negative_train
DARTIS_2019,4609,nw,no_oil_water,nw-1385-08-000136.jpg,640,640,0,S1B_IW_GRDH_1SDV_20191127T153251_20191127T153316_019115_024136_DAF8.SAFE,ID_3,S1B_IW_GRDH_1SDV_20191127T153251_20191127T153316_019115_024136_DAF8.SAFE,S1_20191127_153136_153316_VV_623,hard_negative_train
DARTIS_2019,4120,nw,no_oil_water,nw-0896-05-000150.jpg,640,640,0,S1B_IW_GRDH_1SDV_20191128T033417_20191128T033442_019122_024166_7868.SAFE,ID_3,S1B_IW_GRDH_1SDV_20191128T033417_20191128T033442_019122_024166_7868.SAFE,S1_20191128_033417_033557_VV_25,hard_negative_train
DARTIS_2019,4796,nw,no_oil_water,nw-1572-09-000148.jpg,640,640,0,S1B_IW_GRDH_1SDV_20191128T033417_20191128T033442_019122_024166_7868.SAFE,ID_3,S1B_IW_GRDH_1SDV_20191128T033417_20191128T033442_019122_024166_7868.SAFE,S1_20191128_033417_033557_VV_33,hard_negative_train
DARTIS_2019,4456,nw,no_oil_water,nw-1232-07-000154.jpg,640,640,0,S1B_IW_GRDH_1SDV_20191130T155618_20191130T155643_019159_02429A_7E10.SAFE,ID_3,S1B_IW_GRDH_1SDV_20191130T155618_20191130T155643_019159_02429A_7E10.SAFE,S1_20191130_155618_155643_VV_61,hard_negative_train
DARTIS_2019,3540,nw,no_oil_water,nw-0316-01-000144.jpg,640,640,0,S1B_IW_GRDH_1SDV_20191130T155649_20191130T155718_019159_02429B_1AD3.SAFE,ID_3,S1B_IW_GRDH_1SDV_20191130T155649_20191130T155718_019159_02429B_1AD3.SAFE,S1_20191130_155649_155743_VV_25,hard_negative_train
DARTIS_2019,4610,nw,no_oil_water,nw-1386-08-000137.jpg,640,640,0,S1B_IW_GRDH_1SDV_20191201T035949_20191201T040014_019166_0242DD_8737.SAFE,ID_3,S1B_IW_GRDH_1SDV_20191201T035949_20191201T040014_019166_0242DD_8737.SAFE,S1_20191201_035859_040038_VV_4,hard_negative_train
DARTIS_2019,3545,nw,no_oil_water,nw-0321-01-000149.jpg,640,640,0,S1B_IW_GRDH_1SDV_20191205T160528_20191205T160553_019232_0244F5_30FC.SAFE,ID_3,S1B_IW_GRDH_1SDV_20191205T160528_20191205T160553_019232_0244F5_30FC.SAFE,S1_20191205_160413_160553_VV_178,hard_negative_train
DARTIS_2019,4461,nw,no_oil_water,nw-1237-07-000159.jpg,640,640,0,S1B_IW_GRDH_1SDV_20191207T154754_20191207T154819_019261_0245D7_1E9F.SAFE,ID_3,S1B_IW_GRDH_1SDV_20191207T154754_20191207T154819_019261_0245D7_1E9F.SAFE,S1_20191207_154754_154934_VV_1,hard_negative_train
DARTIS_2019,4968,nw,no_oil_water,nw-1744-10-000152.jpg,640,640,0,S1B_IW_GRDH_1SDV_20191207T154754_20191207T154819_019261_0245D7_1E9F.SAFE,ID_3,S1B_IW_GRDH_1SDV_20191207T154754_20191207T154819_019261_0245D7_1E9F.SAFE,S1_20191207_154754_154934_VV_106,hard_negative_train
DARTIS_2019,3549,nw,no_oil_water,nw-0325-01-000153.jpg,640,640,0,S1B_IW_GRDH_1SDV_20191207T154819_20191207T154844_019261_0245D7_02A3.SAFE,ID_3,S1B_IW_GRDH_1SDV_20191207T154819_20191207T154844_019261_0245D7_02A3.SAFE,S1_20191207_154754_154934_VV_139,hard_negative_train
DARTIS_2019,4969,nw,no_oil_water,nw-1745-10-000153.jpg,640,640,0,S1B_IW_GRDH_1SDV_20191207T154819_20191207T154844_019261_0245D7_02A3.SAFE,ID_3,S1B_IW_GRDH_1SDV_20191207T154819_20191207T154844_019261_0245D7_02A3.SAFE,S1_20191207_154754_154934_VV_171,hard_negative_train
DARTIS_2019,4970,nw,no_oil_water,nw-1746-10-000154.jpg,640,640,0,S1B_IW_GRDH_1SDV_20191207T154819_20191207T154844_019261_0245D7_02A3.SAFE,ID_3,S1B_IW_GRDH_1SDV_20191207T154819_20191207T154844_019261_0245D7_02A3.SAFE,S1_20191207_154754_154934_VV_176,hard_negative_train
DARTIS_2019,4971,nw,no_oil_water,nw-1747-10-000155.jpg,640,640,0,S1B_IW_GRDH_1SDV_20191207T154819_20191207T154844_019261_0245D7_02A3.SAFE,ID_3,S1B_IW_GRDH_1SDV_20191207T154819_20191207T154844_019261_0245D7_02A3.SAFE,S1_20191207_154754_154934_VV_188,hard_negative_train
DARTIS_2019,4972,nw,no_oil_water,nw-1748-10-000156.jpg,640,640,0,S1B_IW_GRDH_1SDV_20191207T154844_20191207T154909_019261_0245D7_E80A.SAFE;S1B_IW_GRDH_1SDV_20191207T154819_20191207T154844_019261_0245D7_02A3.SAFE,ID_3,S1B_IW_GRDH_1SDV_20191207T154844_20191207T154909_019261_0245D7_E80A.SAFE;S1B_IW_GRDH_1SDV_20191207T154819_20191207T154844_019261_0245D7_02A3.SAFE,S1_20191207_154754_154934_VV_190,hard_negative_train
DARTIS_2019,4616,nw,no_oil_water,nw-1392-08-000143.jpg,640,640,0,S1B_IW_GRDH_1SDV_20191208T035048_20191208T035113_019268_02460F_78B1.SAFE,ID_3,S1B_IW_GRDH_1SDV_20191208T035048_20191208T035113_019268_02460F_78B1.SAFE,S1_20191208_035048_035227_VV_2,hard_negative_train
DARTIS_2019,4617,nw,no_oil_water,nw-1393-08-000144.jpg,640,640,0,S1B_IW_GRDH_1SDV_20191208T035048_20191208T035113_019268_02460F_78B1.SAFE,ID_3,S1B_IW_GRDH_1SDV_20191208T035048_20191208T035113_019268_02460F_78B1.SAFE,S1_20191208_035048_035227_VV_338,hard_negative_train
DARTIS_2019,4625,nw,no_oil_water,nw-1401-08-000152.jpg,640,640,0,S1B_IW_GRDH_1SDV_20191209T153226_20191209T153251_019290_0246C0_89B6.SAFE,ID_3,S1B_IW_GRDH_1SDV_20191209T153226_20191209T153251_019290_0246C0_89B6.SAFE,S1_20191209_153136_153316_VV_480,hard_negative_train
DARTIS_2019,3716,nw,no_oil_water,nw-0492-02-000149.jpg,640,640,0,S1B_IW_GRDH_1SDV_20191209T153251_20191209T153316_019290_0246C0_63C5.SAFE,ID_3,S1B_IW_GRDH_1SDV_20191209T153251_20191209T153316_019290_0246C0_63C5.SAFE,S1_20191209_153136_153316_VV_683,hard_negative_train
DARTIS_2019,3718,nw,no_oil_water,nw-0494-02-000151.jpg,640,640,0,S1B_IW_GRDH_1SDV_20191213T035858_20191213T035923_019341_024871_4AD6.SAFE,ID_3,S1B_IW_GRDH_1SDV_20191213T035858_20191213T035923_019341_024871_4AD6.SAFE,S1_20191213_035858_040037_VV_179,hard_negative_train
DARTIS_2019,3870,nw,no_oil_water,nw-0646-03-000143.jpg,640,640,0,S1B_IW_GRDH_1SDV_20191213T035858_20191213T035923_019341_024871_4AD6.SAFE,ID_3,S1B_IW_GRDH_1SDV_20191213T035858_20191213T035923_019341_024871_4AD6.SAFE,S1_20191213_035858_040037_VV_27,hard_negative_train
DARTIS_2019,3871,nw,no_oil_water,nw-0647-03-000144.jpg,640,640,0,S1B_IW_GRDH_1SDV_20191213T035858_20191213T035923_019341_024871_4AD6.SAFE,ID_3,S1B_IW_GRDH_1SDV_20191213T035858_20191213T035923_019341_024871_4AD6.SAFE,S1_20191213_035858_040037_VV_40,hard_negative_train
DARTIS_2019,4627,nw,no_oil_water,nw-1403-08-000154.jpg,640,640,0,S1B_IW_GRDH_1SDV_20191213T035858_20191213T035923_019341_024871_4AD6.SAFE,ID_3,S1B_IW_GRDH_1SDV_20191213T035858_20191213T035923_019341_024871_4AD6.SAFE,S1_20191213_035858_040037_VV_31,hard_negative_train
DARTIS_2019,4797,nw,no_oil_water,nw-1573-09-000149.jpg,640,640,0,S1B_IW_GRDH_1SDV_20191213T035858_20191213T035923_019341_024871_4AD6.SAFE,ID_3,S1B_IW_GRDH_1SDV_20191213T035858_20191213T035923_019341_024871_4AD6.SAFE,S1_20191213_035858_040037_VV_36,hard_negative_train
DARTIS_2019,4798,nw,no_oil_water,nw-1574-09-000150.jpg,640,640,0,S1B_IW_GRDH_1SDV_20191213T035858_20191213T035923_019341_024871_4AD6.SAFE,ID_3,S1B_IW_GRDH_1SDV_20191213T035858_20191213T035923_019341_024871_4AD6.SAFE,S1_20191213_035858_040037_VV_42,hard_negative_train
DARTIS_2019,4126,nw,no_oil_water,nw-0902-05-000156.jpg,640,640,0,S1B_IW_GRDH_1SDV_20191213T040013_20191213T040037_019341_024871_6016.SAFE,ID_3,S1B_IW_GRDH_1SDV_20191213T040013_20191213T040037_019341_024871_6016.SAFE,S1_20191213_035858_040037_VV_75,hard_negative_train
DARTIS_2019,3555,nw,no_oil_water,nw-0331-01-000159.jpg,640,640,0,S1B_IW_GRDH_1SDV_20191215T034251_20191215T034316_019370_024965_FD00.SAFE,ID_3,S1B_IW_GRDH_1SDV_20191215T034251_20191215T034316_019370_024965_FD00.SAFE,S1_20191215_034226_034406_VV_87,hard_negative_train
DARTIS_2019,4465,nw,no_oil_water,nw-1241-07-000163.jpg,640,640,0,S1B_IW_GRDH_1SDV_20191215T034251_20191215T034316_019370_024965_FD00.SAFE,ID_3,S1B_IW_GRDH_1SDV_20191215T034251_20191215T034316_019370_024965_FD00.SAFE,S1_20191215_034226_034406_VV_106,hard_negative_train
DARTIS_2019,4632,nw,no_oil_water,nw-1408-08-000159.jpg,640,640,0,S1B_IW_GRDH_1SDV_20191217T160438_20191217T160503_019407_024A8B_74A1.SAFE,ID_3,S1B_IW_GRDH_1SDV_20191217T160438_20191217T160503_019407_024A8B_74A1.SAFE,S1_20191217_160413_160553_VV_197,hard_negative_train
DARTIS_2019,4801,nw,no_oil_water,nw-1577-09-000153.jpg,640,640,0,S1B_IW_GRDH_1SDV_20191217T160438_20191217T160503_019407_024A8B_74A1.SAFE,ID_3,S1B_IW_GRDH_1SDV_20191217T160438_20191217T160503_019407_024A8B_74A1.SAFE,S1_20191217_160413_160553_VV_188,hard_negative_train
DARTIS_2019,4633,nw,no_oil_water,nw-1409-08-000160.jpg,640,640,0,S1B_IW_GRDH_1SDV_20191217T160503_20191217T160528_019407_024A8B_2E63.SAFE;S1B_IW_GRDH_1SDV_20191217T160438_20191217T160503_019407_024A8B_74A1.SAFE,ID_3,S1B_IW_GRDH_1SDV_20191217T160503_20191217T160528_019407_024A8B_2E63.SAFE;S1B_IW_GRDH_1SDV_20191217T160438_20191217T160503_019407_024A8B_74A1.SAFE,S1_20191217_160413_160553_VV_203,hard_negative_train
DARTIS_2019,4297,nw,no_oil_water,nw-1073-06-000161.jpg,640,640,0,S1B_IW_GRDH_1SDV_20191219T154843_20191219T154908_019436_024B6B_D265.SAFE,ID_3,S1B_IW_GRDH_1SDV_20191219T154843_20191219T154908_019436_024B6B_D265.SAFE,S1_20191219_154753_154933_VV_119,hard_negative_train
DARTIS_2019,4298,nw,no_oil_water,nw-1074-06-000162.jpg,640,640,0,S1B_IW_GRDH_1SDV_20191219T154843_20191219T154908_019436_024B6B_D265.SAFE,ID_3,S1B_IW_GRDH_1SDV_20191219T154843_20191219T154908_019436_024B6B_D265.SAFE,S1_20191219_154753_154933_VV_287,hard_negative_train
DARTIS_2019,4299,nw,no_oil_water,nw-1075-06-000163.jpg,640,640,0,S1B_IW_GRDH_1SDV_20191219T154843_20191219T154908_019436_024B6B_D265.SAFE,ID_3,S1B_IW_GRDH_1SDV_20191219T154843_20191219T154908_019436_024B6B_D265.SAFE,S1_20191219_154753_154933_VV_297,hard_negative_train
DARTIS_2019,5162,nw,no_oil_water,nw-1938-11-000172.jpg,640,640,0,S1B_IW_GRDH_1SDV_20191219T154843_20191219T154908_019436_024B6B_D265.SAFE,ID_3,S1B_IW_GRDH_1SDV_20191219T154843_20191219T154908_019436_024B6B_D265.SAFE,S1_20191219_154753_154933_VV_302,hard_negative_train
DARTIS_2019,4129,nw,no_oil_water,nw-0905-05-000159.jpg,640,640,0,S1B_IW_GRDH_1SDV_20191220T035138_20191220T035203_019443_024BA5_58BF.SAFE,ID_3,S1B_IW_GRDH_1SDV_20191220T035138_20191220T035203_019443_024BA5_58BF.SAFE,S1_20191220_035048_035227_VV_118,hard_negative_train
DARTIS_2019,3970,nw,no_oil_water,nw-0746-04-000081.jpg,640,640,0,S1B_IW_GRDH_1SDV_20191222T033416_20191222T033441_019472_024C83_6FC8.SAFE,ID_3,S1B_IW_GRDH_1SDV_20191222T033416_20191222T033441_019472_024C83_6FC8.SAFE,S1_20191222_033416_033556_VV_81,hard_negative_train
DARTIS_2019,3881,nw,no_oil_water,nw-0657-03-000154.jpg,640,640,0,S1B_IW_GRDH_1SDV_20191225T035858_20191225T035923_019516_024E03_DEFF.SAFE,ID_3,S1B_IW_GRDH_1SDV_20191225T035858_20191225T035923_019516_024E03_DEFF.SAFE,S1_20191225_035858_040037_VV_1,hard_negative_train
DARTIS_2019,3882,nw,no_oil_water,nw-0658-03-000155.jpg,640,640,0,S1B_IW_GRDH_1SDV_20191225T035858_20191225T035923_019516_024E03_DEFF.SAFE,ID_3,S1B_IW_GRDH_1SDV_20191225T035858_20191225T035923_019516_024E03_DEFF.SAFE,S1_20191225_035858_040037_VV_173,hard_negative_train
DARTIS_2019,4634,nw,no_oil_water,nw-1410-08-000161.jpg,640,640,0,S1B_IW_GRDH_1SDV_20191225T035858_20191225T035923_019516_024E03_DEFF.SAFE,ID_3,S1B_IW_GRDH_1SDV_20191225T035858_20191225T035923_019516_024E03_DEFF.SAFE,S1_20191225_035858_040037_VV_177,hard_negative_train
DARTIS_2019,4805,nw,no_oil_water,nw-1581-09-000157.jpg,640,640,0,S1B_IW_GRDH_1SDV_20191225T035923_20191225T035948_019516_024E03_9F14.SAFE,ID_3,S1B_IW_GRDH_1SDV_20191225T035923_20191225T035948_019516_024E03_9F14.SAFE,S1_20191225_035858_040037_VV_186,hard_negative_train
DARTIS_2019,4806,nw,no_oil_water,nw-1582-09-000158.jpg,640,640,0,S1B_IW_GRDH_1SDV_20191225T035923_20191225T035948_019516_024E03_9F14.SAFE,ID_3,S1B_IW_GRDH_1SDV_20191225T035923_20191225T035948_019516_024E03_9F14.SAFE,S1_20191225_035858_040037_VV_189,hard_negative_train
DARTIS_2019,4807,nw,no_oil_water,nw-1583-09-000159.jpg,640,640,0,S1B_IW_GRDH_1SDV_20191225T035923_20191225T035948_019516_024E03_9F14.SAFE,ID_3,S1B_IW_GRDH_1SDV_20191225T035923_20191225T035948_019516_024E03_9F14.SAFE,S1_20191225_035858_040037_VV_192,hard_negative_train
DARTIS_2019,4808,nw,no_oil_water,nw-1584-09-000160.jpg,640,640,0,S1B_IW_GRDH_1SDV_20191225T035923_20191225T035948_019516_024E03_9F14.SAFE,ID_3,S1B_IW_GRDH_1SDV_20191225T035923_20191225T035948_019516_024E03_9F14.SAFE,S1_20191225_035858_040037_VV_198,hard_negative_train
DARTIS_2019,3888,nw,no_oil_water,nw-0664-03-000161.jpg,640,640,0,S1B_IW_GRDH_1SDV_20191226T154040_20191226T154105_019538_024EBC_8CA8.SAFE,ID_3,S1B_IW_GRDH_1SDV_20191226T154040_20191226T154105_019538_024EBC_8CA8.SAFE,S1_20191226_153950_154105_VV_286,hard_negative_train
DARTIS_2019,4638,nw,no_oil_water,nw-1414-08-000165.jpg,640,640,0,S1B_IW_GRDH_1SDV_20191226T154040_20191226T154105_019538_024EBC_8CA8.SAFE,ID_3,S1B_IW_GRDH_1SDV_20191226T154040_20191226T154105_019538_024EBC_8CA8.SAFE,S1_20191226_153950_154105_VV_294,hard_negative_train
DARTIS_2019,4813,nw,no_oil_water,nw-1589-09-000165.jpg,640,640,0,S1B_IW_GRDH_1SDV_20191226T154040_20191226T154105_019538_024EBC_8CA8.SAFE,ID_3,S1B_IW_GRDH_1SDV_20191226T154040_20191226T154105_019538_024EBC_8CA8.SAFE,S1_20191226_153950_154105_VV_287,hard_negative_train
DARTIS_2019,3563,nw,no_oil_water,nw-0339-01-000167.jpg,640,640,0,S1B_IW_GRDH_1SDV_20191227T034225_20191227T034250_019545_024EF5_F00E.SAFE,ID_3,S1B_IW_GRDH_1SDV_20191227T034225_20191227T034250_019545_024EF5_F00E.SAFE,S1_20191227_034225_034405_VV_40,hard_negative_train
DARTIS_2019,3725,nw,no_oil_water,nw-0501-02-000158.jpg,640,640,0,S1B_IW_GRDH_1SDV_20191227T034250_20191227T034315_019545_024EF5_7B19.SAFE,ID_3,S1B_IW_GRDH_1SDV_20191227T034250_20191227T034315_019545_024EF5_7B19.SAFE,S1_20191227_034225_034405_VV_119,hard_negative_train
DARTIS_2019,4814,nw,no_oil_water,nw-1590-09-000166.jpg,640,640,0,S1B_IW_GRDH_1SDV_20191229T160437_20191229T160502_019582_02501D_B2D0.SAFE,ID_3,S1B_IW_GRDH_1SDV_20191229T160437_20191229T160502_019582_02501D_B2D0.SAFE,S1_20191229_160412_160552_VV_145,hard_negative_train
DARTIS_2019,4639,nw,no_oil_water,nw-1415-08-000166.jpg,640,640,0,S1B_IW_GRDH_1SDV_20191229T160502_20191229T160527_019582_02501D_1510.SAFE,ID_3,S1B_IW_GRDH_1SDV_20191229T160502_20191229T160527_019582_02501D_1510.SAFE,S1_20191229_160412_160552_VV_151,hard_negative_train
DARTIS_2019,4640,nw,no_oil_water,nw-1416-08-000167.jpg,640,640,0,S1B_IW_GRDH_1SDV_20191229T160527_20191229T160552_019582_02501D_988D.SAFE;S1B_IW_GRDH_1SDV_20191229T160502_20191229T160527_019582_02501D_1510.SAFE,ID_3,S1B_IW_GRDH_1SDV_20191229T160527_20191229T160552_019582_02501D_988D.SAFE;S1B_IW_GRDH_1SDV_20191229T160502_20191229T160527_019582_02501D_1510.SAFE,S1_20191229_160412_160552_VV_164,hard_negative_train
DARTIS_2019,3727,nw,no_oil_water,nw-0503-02-000160.jpg,640,640,0,S1B_IW_GRDH_1SDV_20191231T154818_20191231T154843_019611_025103_9D8D.SAFE,ID_3,S1B_IW_GRDH_1SDV_20191231T154818_20191231T154843_019611_025103_9D8D.SAFE,S1_20191231_154753_154933_VV_269,hard_negative_train
DARTIS_2019,3889,nw,no_oil_water,nw-0665-03-000162.jpg,640,640,0,S1B_IW_GRDH_1SDV_20191231T154818_20191231T154843_019611_025103_9D8D.SAFE,ID_3,S1B_IW_GRDH_1SDV_20191231T154818_20191231T154843_019611_025103_9D8D.SAFE,S1_20191231_154753_154933_VV_134,hard_negative_train
DARTIS_2019,4472,nw,no_oil_water,nw-1248-07-000170.jpg,640,640,0,S1B_IW_GRDH_1SDV_20191231T154818_20191231T154843_019611_025103_9D8D.SAFE,ID_3,S1B_IW_GRDH_1SDV_20191231T154818_20191231T154843_019611_025103_9D8D.SAFE,S1_20191231_154753_154933_VV_160,hard_negative_train
DARTIS_2019,4648,nw,no_oil_water,nw-1424-08-000175.jpg,640,640,0,S1B_IW_GRDH_1SDV_20191231T154818_20191231T154843_019611_025103_9D8D.SAFE,ID_3,S1B_IW_GRDH_1SDV_20191231T154818_20191231T154843_019611_025103_9D8D.SAFE,S1_20191231_154753_154933_VV_161,hard_negative_train
DARTIS_2019,4990,nw,no_oil_water,nw-1766-10-000174.jpg,640,640,0,S1B_IW_GRDH_1SDV_20191231T154818_20191231T154843_019611_025103_9D8D.SAFE,ID_3,S1B_IW_GRDH_1SDV_20191231T154818_20191231T154843_019611_025103_9D8D.SAFE,S1_20191231_154753_154933_VV_137,hard_negative_train
DARTIS_2019,4473,nw,no_oil_water,nw-1249-07-000171.jpg,640,640,0,S1B_IW_GRDH_1SDV_20191231T154908_20191231T154933_019611_025103_6622.SAFE,ID_3,S1B_IW_GRDH_1SDV_20191231T154908_20191231T154933_019611_025103_6622.SAFE,S1_20191231_154753_154933_VV_228,hard_negative_train
DARTIS_2019,5242,nc,no_oil_coast,nc-0079-01-000003.jpg,640,640,0,S1A_IW_GRDH_1SDV_20190118T154058_20190118T154123_025534_02D4F3_3A0C.SAFE,ID_3,S1A_IW_GRDH_1SDV_20190118T154058_20190118T154123_025534_02D4F3_3A0C.SAFE,S1_20190118_154008_154148_VV_82,hard_negative_val
DARTIS_2019,5399,nc,no_oil_coast,nc-0236-03-000001.jpg,640,640,0,S1A_IW_GRDH_1SDV_20190118T154058_20190118T154123_025534_02D4F3_3A0C.SAFE,ID_3,S1A_IW_GRDH_1SDV_20190118T154058_20190118T154123_025534_02D4F3_3A0C.SAFE,S1_20190118_154008_154148_VV_26,hard_negative_val
DARTIS_2019,5448,nc,no_oil_coast,nc-0285-04-000006.jpg,640,640,0,S1A_IW_GRDH_1SDV_20190119T034258_20190119T034323_025541_02D53C_2934.SAFE,ID_3,S1A_IW_GRDH_1SDV_20190119T034258_20190119T034323_025541_02D53C_2934.SAFE,S1_20190119_034258_034438_VV_29,hard_negative_val
DARTIS_2019,5447,nc,no_oil_coast,nc-0284-04-000005.jpg,640,640,0,S1A_IW_GRDH_1SDV_20190119T034413_20190119T034438_025541_02D53C_2811.SAFE,ID_3,S1A_IW_GRDH_1SDV_20190119T034413_20190119T034438_025541_02D53C_2811.SAFE,S1_20190119_034258_034438_VV_100,hard_negative_val
DARTIS_2019,5244,nc,no_oil_coast,nc-0081-01-000005.jpg,640,640,0,S1A_IW_GRDH_1SDV_20190130T154007_20190130T154032_025709_02DB59_A3E0.SAFE,ID_3,S1A_IW_GRDH_1SDV_20190130T154007_20190130T154032_025709_02DB59_A3E0.SAFE,S1_20190130_154007_154147_VV_0,hard_negative_val
DARTIS_2019,5401,nc,no_oil_coast,nc-0238-03-000003.jpg,640,640,0,S1A_IW_GRDH_1SDV_20190130T154007_20190130T154032_025709_02DB59_A3E0.SAFE,ID_3,S1A_IW_GRDH_1SDV_20190130T154007_20190130T154032_025709_02DB59_A3E0.SAFE,S1_20190130_154007_154147_VV_3,hard_negative_val
DARTIS_2019,5168,nc,no_oil_coast,nc-0005-00-000005.jpg,640,640,0,S1A_IW_GRDH_1SDV_20190131T034257_20190131T034322_025716_02DBA1_AA0C.SAFE,ID_3,S1A_IW_GRDH_1SDV_20190131T034257_20190131T034322_025716_02DBA1_AA0C.SAFE,S1_20190131_034257_034437_VV_10,hard_negative_val
DARTIS_2019,5404,nc,no_oil_coast,nc-0241-03-000006.jpg,640,640,0,S1A_IW_GRDH_1SDV_20190217T035116_20190217T035141_025964_02E473_BCD6.SAFE,ID_3,S1A_IW_GRDH_1SDV_20190217T035116_20190217T035141_025964_02E473_BCD6.SAFE,S1_20190217_035116_035258_VV_15,hard_negative_val
DARTIS_2019,5334,nc,no_oil_coast,nc-0171-02-000011.jpg,640,640,0,S1A_IW_GRDH_1SDV_20190308T034322_20190308T034347_026241_02EE61_CABA.SAFE,ID_3,S1A_IW_GRDH_1SDV_20190308T034322_20190308T034347_026241_02EE61_CABA.SAFE,S1_20190308_034257_034437_VV_79,hard_negative_val
DARTIS_2019,5341,nc,no_oil_coast,nc-0178-02-000018.jpg,640,640,0,S1A_IW_GRDH_1SDV_20190405T154926_20190405T154951_026657_02FDC3_6F15.SAFE,ID_3,S1A_IW_GRDH_1SDV_20190405T154926_20190405T154951_026657_02FDC3_6F15.SAFE,S1_20190405_154836_155016_VV_93,hard_negative_val
DARTIS_2019,5340,nc,no_oil_coast,nc-0177-02-000017.jpg,640,640,0,S1A_IW_GRDH_1SDV_20190405T154951_20190405T155016_026657_02FDC3_09ED.SAFE,ID_3,S1A_IW_GRDH_1SDV_20190405T154951_20190405T155016_026657_02FDC3_09ED.SAFE,S1_20190405_154836_155016_VV_131,hard_negative_val
DARTIS_2019,5186,nc,no_oil_coast,nc-0023-00-000023.jpg,640,640,0,S1A_IW_GRDH_1SDV_20190413T034257_20190413T034322_026766_0301B4_A807.SAFE,ID_3,S1A_IW_GRDH_1SDV_20190413T034257_20190413T034322_026766_0301B4_A807.SAFE,S1_20190413_034257_034437_VV_36,hard_negative_val
DARTIS_2019,5409,nc,no_oil_coast,nc-0246-03-000011.jpg,640,640,0,S1A_IW_GRDH_1SDV_20190413T034257_20190413T034322_026766_0301B4_A807.SAFE,ID_3,S1A_IW_GRDH_1SDV_20190413T034257_20190413T034322_026766_0301B4_A807.SAFE,S1_20190413_034257_034437_VV_48,hard_negative_val
DARTIS_2019,5258,nc,no_oil_coast,nc-0095-01-000019.jpg,640,640,0,S1A_IW_GRDH_1SDV_20190424T154123_20190424T154148_026934_0307C2_8DFF.SAFE,ID_3,S1A_IW_GRDH_1SDV_20190424T154123_20190424T154148_026934_0307C2_8DFF.SAFE,S1_20190424_154008_154148_VV_74,hard_negative_val
DARTIS_2019,5463,nc,no_oil_coast,nc-0300-04-000021.jpg,640,640,0,S1A_IW_GRDH_1SDV_20190424T154123_20190424T154148_026934_0307C2_8DFF.SAFE,ID_3,S1A_IW_GRDH_1SDV_20190424T154123_20190424T154148_026934_0307C2_8DFF.SAFE,S1_20190424_154008_154148_VV_92,hard_negative_val
DARTIS_2019,5411,nc,no_oil_coast,nc-0248-03-000013.jpg,640,640,0,S1A_IW_GRDH_1SDV_20190425T034258_20190425T034323_026941_030806_D45F.SAFE,ID_3,S1A_IW_GRDH_1SDV_20190425T034258_20190425T034323_026941_030806_D45F.SAFE,S1_20190425_034258_034438_VV_45,hard_negative_val
DARTIS_2019,5412,nc,no_oil_coast,nc-0249-03-000014.jpg,640,640,0,S1A_IW_GRDH_1SDV_20190425T034258_20190425T034323_026941_030806_D45F.SAFE,ID_3,S1A_IW_GRDH_1SDV_20190425T034258_20190425T034323_026941_030806_D45F.SAFE,S1_20190425_034258_034438_VV_7,hard_negative_val
DARTIS_2019,5464,nc,no_oil_coast,nc-0301-04-000022.jpg,640,640,0,S1A_IW_GRDH_1SDV_20190425T034258_20190425T034323_026941_030806_D45F.SAFE,ID_3,S1A_IW_GRDH_1SDV_20190425T034258_20190425T034323_026941_030806_D45F.SAFE,S1_20190425_034258_034438_VV_115,hard_negative_val
DARTIS_2019,5259,nc,no_oil_coast,nc-0096-01-000020.jpg,640,640,0,S1A_IW_GRDH_1SDV_20190429T154927_20190429T154952_027007_030A73_C58E.SAFE,ID_3,S1A_IW_GRDH_1SDV_20190429T154927_20190429T154952_027007_030A73_C58E.SAFE,S1_20190429_154837_155017_VV_81,hard_negative_val
DARTIS_2019,5188,nc,no_oil_coast,nc-0025-00-000025.jpg,640,640,0,S1A_IW_GRDH_1SDV_20190429T154952_20190429T155017_027007_030A73_3AD5.SAFE,ID_3,S1A_IW_GRDH_1SDV_20190429T154952_20190429T155017_027007_030A73_3AD5.SAFE,S1_20190429_154837_155017_VV_177,hard_negative_val
DARTIS_2019,5348,nc,no_oil_coast,nc-0185-02-000025.jpg,640,640,0,S1A_IW_GRDH_1SDV_20190429T154952_20190429T155017_027007_030A73_3AD5.SAFE,ID_3,S1A_IW_GRDH_1SDV_20190429T154952_20190429T155017_027007_030A73_3AD5.SAFE,S1_20190429_154837_155017_VV_189,hard_negative_val
DARTIS_2019,5465,nc,no_oil_coast,nc-0302-04-000023.jpg,640,640,0,S1A_IW_GRDH_1SDV_20190430T035118_20190430T035143_027014_030AB6_614C.SAFE,ID_3,S1A_IW_GRDH_1SDV_20190430T035118_20190430T035143_027014_030AB6_614C.SAFE,S1_20190430_035118_035259_VV_67,hard_negative_val
DARTIS_2019,5350,nc,no_oil_coast,nc-0187-02-000027.jpg,640,640,0,S1A_IW_GRDH_1SDV_20190511T154952_20190511T155017_027182_031070_90C8.SAFE,ID_3,S1A_IW_GRDH_1SDV_20190511T154952_20190511T155017_027182_031070_90C8.SAFE,S1_20190511_154837_155017_VV_140,hard_negative_val
DARTIS_2019,5353,nc,no_oil_coast,nc-0190-02-000030.jpg,640,640,0,S1A_IW_GRDH_1SDV_20190523T154953_20190523T155018_027357_0315EA_7A48.SAFE,ID_3,S1A_IW_GRDH_1SDV_20190523T154953_20190523T155018_027357_0315EA_7A48.SAFE,S1_20190523_154838_155018_VV_315,hard_negative_val
DARTIS_2019,5415,nc,no_oil_coast,nc-0252-03-000017.jpg,640,640,0,S1A_IW_GRDH_1SDV_20190523T154953_20190523T155018_027357_0315EA_7A48.SAFE,ID_3,S1A_IW_GRDH_1SDV_20190523T154953_20190523T155018_027357_0315EA_7A48.SAFE,S1_20190523_154838_155018_VV_159,hard_negative_val
DARTIS_2019,5196,nc,no_oil_coast,nc-0033-00-000033.jpg,640,640,0,S1A_IW_GRDH_1SDV_20190612T034300_20190612T034325_027641_031EA9_7D1B.SAFE,ID_3,S1A_IW_GRDH_1SDV_20190612T034300_20190612T034325_027641_031EA9_7D1B.SAFE,S1_20190612_034300_034440_VV_17,hard_negative_val
DARTIS_2019,5419,nc,no_oil_coast,nc-0256-03-000021.jpg,640,640,0,S1A_IW_GRDH_1SDV_20190612T034300_20190612T034325_027641_031EA9_7D1B.SAFE,ID_3,S1A_IW_GRDH_1SDV_20190612T034300_20190612T034325_027641_031EA9_7D1B.SAFE,S1_20190612_034300_034440_VV_54,hard_negative_val
DARTIS_2019,5472,nc,no_oil_coast,nc-0309-04-000030.jpg,640,640,0,S1A_IW_GRDH_1SDV_20190612T034300_20190612T034325_027641_031EA9_7D1B.SAFE,ID_3,S1A_IW_GRDH_1SDV_20190612T034300_20190612T034325_027641_031EA9_7D1B.SAFE,S1_20190612_034300_034440_VV_24,hard_negative_val
DARTIS_2019,5420,nc,no_oil_coast,nc-0257-03-000022.jpg,640,640,0,S1A_IW_GRDH_1SDV_20190617T035120_20190617T035145_027714_0320D5_DE52.SAFE,ID_3,S1A_IW_GRDH_1SDV_20190617T035120_20190617T035145_027714_0320D5_DE52.SAFE,S1_20190617_035120_035301_VV_45,hard_negative_val
DARTIS_2019,5358,nc,no_oil_coast,nc-0195-02-000035.jpg,640,640,0,S1A_IW_GRDH_1SDV_20190705T154127_20190705T154152_027984_0328EF_A372.SAFE;S1A_IW_GRDH_1SDV_20190705T154102_20190705T154127_027984_0328EF_8C32.SAFE,ID_3,S1A_IW_GRDH_1SDV_20190705T154127_20190705T154152_027984_0328EF_A372.SAFE;S1A_IW_GRDH_1SDV_20190705T154102_20190705T154127_027984_0328EF_8C32.SAFE,S1_20190705_154012_154152_VV_42,hard_negative_val
DARTIS_2019,5205,nc,no_oil_coast,nc-0042-00-000042.jpg,640,640,0,S1A_IW_GRDH_1SDV_20190723T035237_20190723T035304_028239_0330A7_2013.SAFE,ID_3,S1A_IW_GRDH_1SDV_20190723T035237_20190723T035304_028239_0330A7_2013.SAFE,S1_20190723_035122_035304_VV_86,hard_negative_val
DARTIS_2019,5208,nc,no_oil_coast,nc-0045-00-000045.jpg,640,640,0,S1A_IW_GRDH_1SDV_20190806T033501_20190806T033526_028443_0336DB_6632.SAFE,ID_3,S1A_IW_GRDH_1SDV_20190806T033501_20190806T033526_028443_0336DB_6632.SAFE,S1_20190806_033501_033641_VV_23,hard_negative_val
DARTIS_2019,5280,nc,no_oil_coast,nc-0117-01-000041.jpg,640,640,0,S1A_IW_GRDH_1SDV_20190806T033501_20190806T033526_028443_0336DB_6632.SAFE,ID_3,S1A_IW_GRDH_1SDV_20190806T033501_20190806T033526_028443_0336DB_6632.SAFE,S1_20190806_033501_033641_VV_24,hard_negative_val
DARTIS_2019,5285,nc,no_oil_coast,nc-0122-01-000046.jpg,640,640,0,S1A_IW_GRDH_1SDV_20190822T154130_20190822T154155_028684_033F1B_7F0B.SAFE,ID_3,S1A_IW_GRDH_1SDV_20190822T154130_20190822T154155_028684_033F1B_7F0B.SAFE,S1_20190822_154015_154155_VV_86,hard_negative_val
DARTIS_2019,5286,nc,no_oil_coast,nc-0123-01-000047.jpg,640,640,0,S1A_IW_GRDH_1SDV_20190823T034330_20190823T034355_028691_033F57_A0BF.SAFE,ID_3,S1A_IW_GRDH_1SDV_20190823T034330_20190823T034355_028691_033F57_A0BF.SAFE,S1_20190823_034305_034445_VV_73,hard_negative_val
DARTIS_2019,5366,nc,no_oil_coast,nc-0203-02-000043.jpg,640,640,0,S1A_IW_GRDH_1SDV_20190903T154040_20190903T154105_028859_034535_9212.SAFE,ID_3,S1A_IW_GRDH_1SDV_20190903T154040_20190903T154105_028859_034535_9212.SAFE,S1_20190903_154015_154155_VV_15,hard_negative_val
DARTIS_2019,5215,nc,no_oil_coast,nc-0052-00-000052.jpg,640,640,0,S1A_IW_GRDH_1SDV_20190908T154844_20190908T154909_028932_0347C3_3FC8.SAFE,ID_3,S1A_IW_GRDH_1SDV_20190908T154844_20190908T154909_028932_0347C3_3FC8.SAFE,S1_20190908_154844_155024_VV_7,hard_negative_val
DARTIS_2019,5291,nc,no_oil_coast,nc-0128-01-000052.jpg,640,640,0,S1A_IW_GRDH_1SDV_20190909T035125_20190909T035150_028939_034806_F874.SAFE,ID_3,S1A_IW_GRDH_1SDV_20190909T035125_20190909T035150_028939_034806_F874.SAFE,S1_20190909_035125_035306_VV_60,hard_negative_val
DARTIS_2019,5488,nc,no_oil_coast,nc-0325-04-000046.jpg,640,640,0,S1A_IW_GRDH_1SDV_20190909T035125_20190909T035150_028939_034806_F874.SAFE,ID_3,S1A_IW_GRDH_1SDV_20190909T035125_20190909T035150_028939_034806_F874.SAFE,S1_20190909_035125_035306_VV_38,hard_negative_val
DARTIS_2019,5489,nc,no_oil_coast,nc-0326-04-000047.jpg,640,640,0,S1A_IW_GRDH_1SDV_20190909T035125_20190909T035150_028939_034806_F874.SAFE,ID_3,S1A_IW_GRDH_1SDV_20190909T035125_20190909T035150_028939_034806_F874.SAFE,S1_20190909_035125_035306_VV_56,hard_negative_val
DARTIS_2019,5295,nc,no_oil_coast,nc-0132-01-000056.jpg,640,640,0,S1A_IW_GRDH_1SDV_20191003T035241_20191003T035307_029289_035408_5AB5.SAFE,ID_3,S1A_IW_GRDH_1SDV_20191003T035241_20191003T035307_029289_035408_5AB5.SAFE,S1_20191003_035126_035307_VV_126,hard_negative_val
DARTIS_2019,5371,nc,no_oil_coast,nc-0208-02-000048.jpg,640,640,0,S1A_IW_GRDH_1SDV_20191008T035936_20191008T040001_029362_03568A_4BC2.SAFE,ID_3,S1A_IW_GRDH_1SDV_20191008T035936_20191008T040001_029362_03568A_4BC2.SAFE,S1_20191008_035936_040116_VV_14,hard_negative_val
DARTIS_2019,5434,nc,no_oil_coast,nc-0271-03-000036.jpg,640,640,0,S1A_IW_GRDH_1SDV_20191021T154131_20191021T154156_029559_035D56_1CD1.SAFE,ID_3,S1A_IW_GRDH_1SDV_20191021T154131_20191021T154156_029559_035D56_1CD1.SAFE,S1_20191021_154016_154156_VV_45,hard_negative_val
DARTIS_2019,5382,nc,no_oil_coast,nc-0219-02-000059.jpg,640,640,0,S1A_IW_GRDH_1SDV_20191113T040026_20191113T040051_029887_0368D2_1A62.SAFE,ID_3,S1A_IW_GRDH_1SDV_20191113T040026_20191113T040051_029887_0368D2_1A62.SAFE,S1_20191113_035936_040116_VV_23,hard_negative_val
DARTIS_2019,5498,nc,no_oil_coast,nc-0335-04-000056.jpg,640,640,0,S1A_IW_GRDH_1SDV_20191115T034421_20191115T034446_029916_0369D3_9DE6.SAFE,ID_3,S1A_IW_GRDH_1SDV_20191115T034421_20191115T034446_029916_0369D3_9DE6.SAFE,S1_20191115_034306_034446_VV_82,hard_negative_val
DARTIS_2019,5236,nc,no_oil_coast,nc-0073-00-000073.jpg,640,640,0,S1A_IW_GRDH_1SDV_20191209T034306_20191209T034331_030266_0375E5_975E.SAFE,ID_3,S1A_IW_GRDH_1SDV_20191209T034306_20191209T034331_030266_0375E5_975E.SAFE,S1_20191209_034306_034446_VV_58,hard_negative_val
DARTIS_2019,5237,nc,no_oil_coast,nc-0074-00-000074.jpg,640,640,0,S1A_IW_GRDH_1SDV_20191209T034306_20191209T034331_030266_0375E5_975E.SAFE,ID_3,S1A_IW_GRDH_1SDV_20191209T034306_20191209T034331_030266_0375E5_975E.SAFE,S1_20191209_034306_034446_VV_63,hard_negative_val
DARTIS_2019,5513,nc,no_oil_coast,nc-0350-04-000071.jpg,640,640,0,S1A_IW_GRDH_1SDV_20191223T160521_20191223T160546_030478_037D4D_5BF3.SAFE,ID_3,S1A_IW_GRDH_1SDV_20191223T160521_20191223T160546_030478_037D4D_5BF3.SAFE,S1_20191223_160456_160636_VV_183,hard_negative_val
DARTIS_2019,5320,nc,no_oil_coast,nc-0157-01-000081.jpg,640,640,0,S1A_IW_GRDH_1SDV_20191225T154933_20191225T154958_030507_037E47_2787.SAFE,ID_3,S1A_IW_GRDH_1SDV_20191225T154933_20191225T154958_030507_037E47_2787.SAFE,S1_20191225_154843_155023_VV_95,hard_negative_val
DARTIS_2019,5397,nc,no_oil_coast,nc-0234-02-000074.jpg,640,640,0,S1A_IW_GRDH_1SDV_20191228T033502_20191228T033527_030543_037F75_52CE.SAFE,ID_3,S1A_IW_GRDH_1SDV_20191228T033502_20191228T033527_030543_037F75_52CE.SAFE,S1_20191228_033502_033642_VV_586,hard_negative_val
DARTIS_2019,5325,nc,no_oil_coast,nc-0162-02-000002.jpg,640,640,0,S1B_IW_GRDH_1SDV_20190105T154746_20190105T154811_014361_01AB8D_D8C0.SAFE,ID_3,S1B_IW_GRDH_1SDV_20190105T154746_20190105T154811_014361_01AB8D_D8C0.SAFE,S1_20190105_154746_154926_VV_9,hard_negative_val
DARTIS_2019,5445,nc,no_oil_coast,nc-0282-04-000003.jpg,640,640,0,S1B_IW_GRDH_1SDV_20190112T154008_20190112T154033_014463_01AEE6_BC6A.SAFE,ID_3,S1B_IW_GRDH_1SDV_20190112T154008_20190112T154033_014463_01AEE6_BC6A.SAFE,S1_20190112_153943_154058_VV_137,hard_negative_val
DARTIS_2019,5248,nc,no_oil_coast,nc-0085-01-000009.jpg,640,640,0,S1B_IW_GRDH_1SDV_20190309T033433_20190309T033458_015272_01C939_A199.SAFE,ID_3,S1B_IW_GRDH_1SDV_20190309T033433_20190309T033458_015272_01C939_A199.SAFE,S1_20190309_033408_033548_VV_52,hard_negative_val
DARTIS_2019,5183,nc,no_oil_coast,nc-0020-00-000020.jpg,640,640,0,S1B_IW_GRDH_1SDV_20190402T033408_20190402T033433_015622_01D4A4_0016.SAFE,ID_3,S1B_IW_GRDH_1SDV_20190402T033408_20190402T033433_015622_01D4A4_0016.SAFE,S1_20190402_033408_033548_VV_13,hard_negative_val
DARTIS_2019,5184,nc,no_oil_coast,nc-0021-00-000021.jpg,640,640,0,S1B_IW_GRDH_1SDV_20190402T033408_20190402T033433_015622_01D4A4_0016.SAFE,ID_3,S1B_IW_GRDH_1SDV_20190402T033408_20190402T033433_015622_01D4A4_0016.SAFE,S1_20190402_033408_033548_VV_16,hard_negative_val
DARTIS_2019,5252,nc,no_oil_coast,nc-0089-01-000013.jpg,640,640,0,S1B_IW_GRDH_1SDV_20190402T033408_20190402T033433_015622_01D4A4_0016.SAFE,ID_3,S1B_IW_GRDH_1SDV_20190402T033408_20190402T033433_015622_01D4A4_0016.SAFE,S1_20190402_033408_033548_VV_10,hard_negative_val
DARTIS_2019,5410,nc,no_oil_coast,nc-0247-03-000012.jpg,640,640,0,S1B_IW_GRDH_1SDV_20190423T154901_20190423T154926_015936_01DF14_58C2.SAFE,ID_3,S1B_IW_GRDH_1SDV_20190423T154901_20190423T154926_015936_01DF14_58C2.SAFE,S1_20190423_154746_154926_VV_167,hard_negative_val
DARTIS_2019,5260,nc,no_oil_coast,nc-0097-01-000021.jpg,640,640,0,S1B_IW_GRDH_1SDV_20190501T034244_20190501T034309_016045_01E2CB_793F.SAFE,ID_3,S1B_IW_GRDH_1SDV_20190501T034244_20190501T034309_016045_01E2CB_793F.SAFE,S1_20190501_034219_034359_VV_157,hard_negative_val
DARTIS_2019,5204,nc,no_oil_coast,nc-0041-00-000041.jpg,640,640,0,S1B_IW_GRDH_1SDV_20190712T034248_20190712T034313_017095_02029D_F9A6.SAFE,ID_3,S1B_IW_GRDH_1SDV_20190712T034248_20190712T034313_017095_02029D_F9A6.SAFE,S1_20190712_034223_034403_VV_38,hard_negative_val
DARTIS_2019,5206,nc,no_oil_coast,nc-0043-00-000043.jpg,640,640,0,S1B_IW_GRDH_1SDV_20190729T035046_20190729T035111_017343_0209D6_0255.SAFE,ID_3,S1B_IW_GRDH_1SDV_20190729T035046_20190729T035111_017343_0209D6_0255.SAFE,S1_20190729_035046_035225_VV_67,hard_negative_val
DARTIS_2019,5360,nc,no_oil_coast,nc-0197-02-000037.jpg,640,640,0,S1B_IW_GRDH_1SDV_20190729T035046_20190729T035111_017343_0209D6_0255.SAFE,ID_3,S1B_IW_GRDH_1SDV_20190729T035046_20190729T035111_017343_0209D6_0255.SAFE,S1_20190729_035046_035225_VV_8,hard_negative_val
DARTIS_2019,5207,nc,no_oil_coast,nc-0044-00-000044.jpg,640,640,0,S1B_IW_GRDH_1SDV_20190805T034224_20190805T034249_017445_020CF7_1135.SAFE,ID_3,S1B_IW_GRDH_1SDV_20190805T034224_20190805T034249_017445_020CF7_1135.SAFE,S1_20190805_034224_034404_VV_27,hard_negative_val
DARTIS_2019,5430,nc,no_oil_coast,nc-0267-03-000032.jpg,640,640,0,S1B_IW_GRDH_1SDV_20190926T154910_20190926T154935_018211_0224A2_D216.SAFE,ID_3,S1B_IW_GRDH_1SDV_20190926T154910_20190926T154935_018211_0224A2_D216.SAFE,S1_20190926_154755_154935_VV_126,hard_negative_val
DARTIS_2019,5220,nc,no_oil_coast,nc-0057-00-000057.jpg,640,640,0,S1B_IW_GRDH_1SDV_20190927T035049_20190927T035114_018218_0224DC_62D9.SAFE,ID_3,S1B_IW_GRDH_1SDV_20190927T035049_20190927T035114_018218_0224DC_62D9.SAFE,S1_20190927_035049_035228_VV_4,hard_negative_val
DARTIS_2019,5370,nc,no_oil_coast,nc-0207-02-000047.jpg,640,640,0,S1B_IW_GRDH_1SDV_20190927T035049_20190927T035114_018218_0224DC_62D9.SAFE,ID_3,S1B_IW_GRDH_1SDV_20190927T035049_20190927T035114_018218_0224DC_62D9.SAFE,S1_20190927_035049_035228_VV_9,hard_negative_val
DARTIS_2019,5380,nc,no_oil_coast,nc-0217-02-000057.jpg,640,640,0,S1B_IW_GRDH_1SDV_20191027T154041_20191027T154106_018663_0232BF_0AC1.SAFE,ID_3,S1B_IW_GRDH_1SDV_20191027T154041_20191027T154106_018663_0232BF_0AC1.SAFE,S1_20191027_153951_154106_VV_65,hard_negative_val
DARTIS_2019,5303,nc,no_oil_coast,nc-0140-01-000064.jpg,640,640,0,S1B_IW_GRDH_1SDV_20191028T034252_20191028T034317_018670_0232F7_237B.SAFE,ID_3,S1B_IW_GRDH_1SDV_20191028T034252_20191028T034317_018670_0232F7_237B.SAFE,S1_20191028_034227_034407_VV_119,hard_negative_val
DARTIS_2019,5305,nc,no_oil_coast,nc-0142-01-000066.jpg,640,640,0,S1B_IW_GRDH_1SDV_20191104T033417_20191104T033442_018772_02361B_C2FF.SAFE,ID_3,S1B_IW_GRDH_1SDV_20191104T033417_20191104T033442_018772_02361B_C2FF.SAFE,S1_20191104_033417_033557_VV_8,hard_negative_val
DARTIS_2019,5495,nc,no_oil_coast,nc-0332-04-000053.jpg,640,640,0,S1B_IW_GRDH_1SDV_20191104T033417_20191104T033442_018772_02361B_C2FF.SAFE,ID_3,S1B_IW_GRDH_1SDV_20191104T033417_20191104T033442_018772_02361B_C2FF.SAFE,S1_20191104_033417_033557_VV_65,hard_negative_val
DARTIS_2019,5389,nc,no_oil_coast,nc-0226-02-000066.jpg,640,640,0,S1B_IW_GRDH_1SDV_20191207T154909_20191207T154934_019261_0245D7_07B0.SAFE,ID_3,S1B_IW_GRDH_1SDV_20191207T154909_20191207T154934_019261_0245D7_07B0.SAFE,S1_20191207_154754_154934_VV_258,hard_negative_val
DARTIS_2019,5394,nc,no_oil_coast,nc-0231-02-000071.jpg,640,640,0,S1B_IW_GRDH_1SDV_20191221T153250_20191221T153315_019465_024C52_8DD0.SAFE,ID_3,S1B_IW_GRDH_1SDV_20191221T153250_20191221T153315_019465_024C52_8DD0.SAFE,S1_20191221_153135_153315_VV_527,hard_negative_val
DARTIS_2019,3971,nw,no_oil_water,nw-0747-05-000001.jpg,640,640,0,S1A_IW_GRDH_1SDV_20190104T155703_20190104T155728_025330_02CD9D_BBAA.SAFE,ID_3,S1A_IW_GRDH_1SDV_20190104T155703_20190104T155728_025330_02CD9D_BBAA.SAFE,S1_20190104_155638_155818_VV_39,hard_negative_val
DARTIS_2019,4992,nw,no_oil_water,nw-1768-11-000002.jpg,640,640,0,S1A_IW_GRDH_1SDV_20190111T154901_20190111T154926_025432_02D14A_4A63.SAFE,ID_3,S1A_IW_GRDH_1SDV_20190111T154901_20190111T154926_025432_02D14A_4A63.SAFE,S1_20190111_154836_155016_VV_114,hard_negative_val
DARTIS_2019,3247,nw,no_oil_water,nw-0023-00-000023.jpg,640,640,0,S1A_IW_GRDH_1SDV_20190118T154058_20190118T154123_025534_02D4F3_3A0C.SAFE,ID_3,S1A_IW_GRDH_1SDV_20190118T154058_20190118T154123_025534_02D4F3_3A0C.SAFE,S1_20190118_154008_154148_VV_40,hard_negative_val
DARTIS_2019,3576,nw,no_oil_water,nw-0352-02-000009.jpg,640,640,0,S1A_IW_GRDH_1SDV_20190118T154058_20190118T154123_025534_02D4F3_3A0C.SAFE,ID_3,S1A_IW_GRDH_1SDV_20190118T154058_20190118T154123_025534_02D4F3_3A0C.SAFE,S1_20190118_154008_154148_VV_30,hard_negative_val
DARTIS_2019,4308,nw,no_oil_water,nw-1084-07-000006.jpg,640,640,0,S1A_IW_GRDH_1SDV_20190118T154058_20190118T154123_025534_02D4F3_3A0C.SAFE,ID_3,S1A_IW_GRDH_1SDV_20190118T154058_20190118T154123_025534_02D4F3_3A0C.SAFE,S1_20190118_154008_154148_VV_17,hard_negative_val
DARTIS_2019,4826,nw,no_oil_water,nw-1602-10-000010.jpg,640,640,0,S1A_IW_GRDH_1SDV_20190118T154058_20190118T154123_025534_02D4F3_3A0C.SAFE,ID_3,S1A_IW_GRDH_1SDV_20190118T154058_20190118T154123_025534_02D4F3_3A0C.SAFE,S1_20190118_154008_154148_VV_20,hard_negative_val
DARTIS_2019,4827,nw,no_oil_water,nw-1603-10-000011.jpg,640,640,0,S1A_IW_GRDH_1SDV_20190118T154058_20190118T154123_025534_02D4F3_3A0C.SAFE,ID_3,S1A_IW_GRDH_1SDV_20190118T154058_20190118T154123_025534_02D4F3_3A0C.SAFE,S1_20190118_154008_154148_VV_42,hard_negative_val
DARTIS_2019,3251,nw,no_oil_water,nw-0027-00-000027.jpg,640,640,0,S1A_IW_GRDH_1SDV_20190119T034258_20190119T034323_025541_02D53C_2934.SAFE,ID_3,S1A_IW_GRDH_1SDV_20190119T034258_20190119T034323_025541_02D53C_2934.SAFE,S1_20190119_034258_034438_VV_31,hard_negative_val
DARTIS_2019,3407,nw,no_oil_water,nw-0183-01-000011.jpg,640,640,0,S1A_IW_GRDH_1SDV_20190119T034258_20190119T034323_025541_02D53C_2934.SAFE,ID_3,S1A_IW_GRDH_1SDV_20190119T034258_20190119T034323_025541_02D53C_2934.SAFE,S1_20190119_034258_034438_VV_39,hard_negative_val
DARTIS_2019,3979,nw,no_oil_water,nw-0755-05-000009.jpg,640,640,0,S1A_IW_GRDH_1SDV_20190119T034258_20190119T034323_025541_02D53C_2934.SAFE,ID_3,S1A_IW_GRDH_1SDV_20190119T034258_20190119T034323_025541_02D53C_2934.SAFE,S1_20190119_034258_034438_VV_0,hard_negative_val
DARTIS_2019,4311,nw,no_oil_water,nw-1087-07-000009.jpg,640,640,0,S1A_IW_GRDH_1SDV_20190119T034258_20190119T034323_025541_02D53C_2934.SAFE,ID_3,S1A_IW_GRDH_1SDV_20190119T034258_20190119T034323_025541_02D53C_2934.SAFE,S1_20190119_034258_034438_VV_30,hard_negative_val
DARTIS_2019,3983,nw,no_oil_water,nw-0759-05-000013.jpg,640,640,0,S1A_IW_GRDH_1SDV_20190129T035927_20190129T035952_025687_02DA92_5E2B.SAFE,ID_3,S1A_IW_GRDH_1SDV_20190129T035927_20190129T035952_025687_02DA92_5E2B.SAFE,S1_20190129_035927_040107_VV_14,hard_negative_val
DARTIS_2019,4660,nw,no_oil_water,nw-1436-09-000012.jpg,640,640,0,S1A_IW_GRDH_1SDV_20190129T035952_20190129T040017_025687_02DA92_1060.SAFE,ID_3,S1A_IW_GRDH_1SDV_20190129T035952_20190129T040017_025687_02DA92_1060.SAFE,S1_20190129_035927_040107_VV_18,hard_negative_val
DARTIS_2019,3735,nw,no_oil_water,nw-0511-03-000008.jpg,640,640,0,S1A_IW_GRDH_1SDV_20190131T034257_20190131T034322_025716_02DBA1_AA0C.SAFE,ID_3,S1A_IW_GRDH_1SDV_20190131T034257_20190131T034322_025716_02DBA1_AA0C.SAFE,S1_20190131_034257_034437_VV_1,hard_negative_val
DARTIS_2019,3985,nw,no_oil_water,nw-0761-05-000015.jpg,640,640,0,S1A_IW_GRDH_1SDV_20190204T154835_20190204T154900_025782_02DE08_1DD3.SAFE,ID_3,S1A_IW_GRDH_1SDV_20190204T154835_20190204T154900_025782_02DE08_1DD3.SAFE,S1_20190204_154835_155015_VV_29,hard_negative_val
DARTIS_2019,3583,nw,no_oil_water,nw-0359-02-000016.jpg,640,640,0,S1A_IW_GRDH_1SDV_20190209T155702_20190209T155727_025855_02E09D_A961.SAFE,ID_3,S1A_IW_GRDH_1SDV_20190209T155702_20190209T155727_025855_02E09D_A961.SAFE,S1_20190209_155637_155817_VV_36,hard_negative_val
DARTIS_2019,3258,nw,no_oil_water,nw-0034-00-000034.jpg,640,640,0,S1A_IW_GRDH_1SDV_20190217T035116_20190217T035141_025964_02E473_BCD6.SAFE,ID_3,S1A_IW_GRDH_1SDV_20190217T035116_20190217T035141_025964_02E473_BCD6.SAFE,S1_20190217_035116_035258_VV_29,hard_negative_val
DARTIS_2019,3421,nw,no_oil_water,nw-0197-01-000025.jpg,640,640,0,S1A_IW_GRDH_1SDV_20190221T155727_20190221T155752_026030_02E6CF_E2B0.SAFE,ID_3,S1A_IW_GRDH_1SDV_20190221T155727_20190221T155752_026030_02E6CF_E2B0.SAFE,S1_20190221_155637_155817_VV_62,hard_negative_val
DARTIS_2019,3595,nw,no_oil_water,nw-0371-02-000028.jpg,640,640,0,S1A_IW_GRDH_1SDV_20190221T155727_20190221T155752_026030_02E6CF_E2B0.SAFE,ID_3,S1A_IW_GRDH_1SDV_20190221T155727_20190221T155752_026030_02E6CF_E2B0.SAFE,S1_20190221_155637_155817_VV_28,hard_negative_val
DARTIS_2019,3749,nw,no_oil_water,nw-0525-03-000022.jpg,640,640,0,S1A_IW_GRDH_1SDV_20190221T155727_20190221T155752_026030_02E6CF_E2B0.SAFE,ID_3,S1A_IW_GRDH_1SDV_20190221T155727_20190221T155752_026030_02E6CF_E2B0.SAFE,S1_20190221_155637_155817_VV_26,hard_negative_val
DARTIS_2019,4323,nw,no_oil_water,nw-1099-07-000021.jpg,640,640,0,S1A_IW_GRDH_1SDV_20190221T155727_20190221T155752_026030_02E6CF_E2B0.SAFE,ID_3,S1A_IW_GRDH_1SDV_20190221T155727_20190221T155752_026030_02E6CF_E2B0.SAFE,S1_20190221_155637_155817_VV_27,hard_negative_val
DARTIS_2019,4324,nw,no_oil_water,nw-1100-07-000022.jpg,640,640,0,S1A_IW_GRDH_1SDV_20190221T155727_20190221T155752_026030_02E6CF_E2B0.SAFE,ID_3,S1A_IW_GRDH_1SDV_20190221T155727_20190221T155752_026030_02E6CF_E2B0.SAFE,S1_20190221_155637_155817_VV_29,hard_negative_val
DARTIS_2019,4325,nw,no_oil_water,nw-1101-07-000023.jpg,640,640,0,S1A_IW_GRDH_1SDV_20190221T155727_20190221T155752_026030_02E6CF_E2B0.SAFE,ID_3,S1A_IW_GRDH_1SDV_20190221T155727_20190221T155752_026030_02E6CF_E2B0.SAFE,S1_20190221_155637_155817_VV_33,hard_negative_val
DARTIS_2019,4326,nw,no_oil_water,nw-1102-07-000024.jpg,640,640,0,S1A_IW_GRDH_1SDV_20190221T155727_20190221T155752_026030_02E6CF_E2B0.SAFE,ID_3,S1A_IW_GRDH_1SDV_20190221T155727_20190221T155752_026030_02E6CF_E2B0.SAFE,S1_20190221_155637_155817_VV_51,hard_negative_val
DARTIS_2019,4838,nw,no_oil_water,nw-1614-10-000022.jpg,640,640,0,S1A_IW_GRDH_1SDV_20190221T155727_20190221T155752_026030_02E6CF_E2B0.SAFE,ID_3,S1A_IW_GRDH_1SDV_20190221T155727_20190221T155752_026030_02E6CF_E2B0.SAFE,S1_20190221_155637_155817_VV_69,hard_negative_val
DARTIS_2019,3265,nw,no_oil_water,nw-0041-00-000041.jpg,640,640,0,S1A_IW_GRDH_1SDV_20190221T155752_20190221T155817_026030_02E6CF_6EBE.SAFE,ID_3,S1A_IW_GRDH_1SDV_20190221T155752_20190221T155817_026030_02E6CF_6EBE.SAFE,S1_20190221_155637_155817_VV_131,hard_negative_val
DARTIS_2019,3266,nw,no_oil_water,nw-0042-00-000042.jpg,640,640,0,S1A_IW_GRDH_1SDV_20190221T155752_20190221T155817_026030_02E6CF_6EBE.SAFE,ID_3,S1A_IW_GRDH_1SDV_20190221T155752_20190221T155817_026030_02E6CF_6EBE.SAFE,S1_20190221_155637_155817_VV_147,hard_negative_val
DARTIS_2019,3594,nw,no_oil_water,nw-0370-02-000027.jpg,640,640,0,S1A_IW_GRDH_1SDV_20190221T155752_20190221T155817_026030_02E6CF_6EBE.SAFE,ID_3,S1A_IW_GRDH_1SDV_20190221T155752_20190221T155817_026030_02E6CF_6EBE.SAFE,S1_20190221_155637_155817_VV_181,hard_negative_val
DARTIS_2019,3596,nw,no_oil_water,nw-0372-02-000029.jpg,640,640,0,S1A_IW_GRDH_1SDV_20190221T155752_20190221T155817_026030_02E6CF_6EBE.SAFE,ID_3,S1A_IW_GRDH_1SDV_20190221T155752_20190221T155817_026030_02E6CF_6EBE.SAFE,S1_20190221_155637_155817_VV_99,hard_negative_val
DARTIS_2019,4148,nw,no_oil_water,nw-0924-06-000012.jpg,640,640,0,S1A_IW_GRDH_1SDV_20190221T155752_20190221T155817_026030_02E6CF_6EBE.SAFE,ID_3,S1A_IW_GRDH_1SDV_20190221T155752_20190221T155817_026030_02E6CF_6EBE.SAFE,S1_20190221_155637_155817_VV_156,hard_negative_val
DARTIS_2019,4837,nw,no_oil_water,nw-1613-10-000021.jpg,640,640,0,S1A_IW_GRDH_1SDV_20190221T155752_20190221T155817_026030_02E6CF_6EBE.SAFE,ID_3,S1A_IW_GRDH_1SDV_20190221T155752_20190221T155817_026030_02E6CF_6EBE.SAFE,S1_20190221_155637_155817_VV_146,hard_negative_val
DARTIS_2019,4839,nw,no_oil_water,nw-1615-10-000023.jpg,640,640,0,S1A_IW_GRDH_1SDV_20190221T155752_20190221T155817_026030_02E6CF_6EBE.SAFE,ID_3,S1A_IW_GRDH_1SDV_20190221T155752_20190221T155817_026030_02E6CF_6EBE.SAFE,S1_20190221_155637_155817_VV_85,hard_negative_val
DARTIS_2019,5003,nw,no_oil_water,nw-1779-11-000013.jpg,640,640,0,S1A_IW_GRDH_1SDV_20190221T155752_20190221T155817_026030_02E6CF_6EBE.SAFE,ID_3,S1A_IW_GRDH_1SDV_20190221T155752_20190221T155817_026030_02E6CF_6EBE.SAFE,S1_20190221_155637_155817_VV_101,hard_negative_val
DARTIS_2019,5004,nw,no_oil_water,nw-1780-11-000014.jpg,640,640,0,S1A_IW_GRDH_1SDV_20190221T155752_20190221T155817_026030_02E6CF_6EBE.SAFE,ID_3,S1A_IW_GRDH_1SDV_20190221T155752_20190221T155817_026030_02E6CF_6EBE.SAFE,S1_20190221_155637_155817_VV_183,hard_negative_val
DARTIS_2019,5005,nw,no_oil_water,nw-1781-11-000015.jpg,640,640,0,S1A_IW_GRDH_1SDV_20190221T155752_20190221T155817_026030_02E6CF_6EBE.SAFE,ID_3,S1A_IW_GRDH_1SDV_20190221T155752_20190221T155817_026030_02E6CF_6EBE.SAFE,S1_20190221_155637_155817_VV_184,hard_negative_val
DARTIS_2019,5007,nw,no_oil_water,nw-1783-11-000017.jpg,640,640,0,S1A_IW_GRDH_1SDV_20190221T155752_20190221T155817_026030_02E6CF_6EBE.SAFE,ID_3,S1A_IW_GRDH_1SDV_20190221T155752_20190221T155817_026030_02E6CF_6EBE.SAFE,S1_20190221_155637_155817_VV_81,hard_negative_val
DARTIS_2019,3273,nw,no_oil_water,nw-0049-00-000049.jpg,640,640,0,S1A_IW_GRDH_1SDV_20190223T154122_20190223T154147_026059_02E7D6_5BFC.SAFE,ID_3,S1A_IW_GRDH_1SDV_20190223T154122_20190223T154147_026059_02E7D6_5BFC.SAFE,S1_20190223_154007_154147_VV_59,hard_negative_val
DARTIS_2019,3759,nw,no_oil_water,nw-0535-03-000032.jpg,640,640,0,S1A_IW_GRDH_1SDV_20190223T154122_20190223T154147_026059_02E7D6_5BFC.SAFE,ID_3,S1A_IW_GRDH_1SDV_20190223T154122_20190223T154147_026059_02E7D6_5BFC.SAFE,S1_20190223_154007_154147_VV_111,hard_negative_val
DARTIS_2019,4514,nw,no_oil_water,nw-1290-08-000041.jpg,640,640,0,S1A_IW_GRDH_1SDV_20190223T154122_20190223T154147_026059_02E7D6_5BFC.SAFE,ID_3,S1A_IW_GRDH_1SDV_20190223T154122_20190223T154147_026059_02E7D6_5BFC.SAFE,S1_20190223_154007_154147_VV_157,hard_negative_val
DARTIS_2019,4848,nw,no_oil_water,nw-1624-10-000032.jpg,640,640,0,S1A_IW_GRDH_1SDV_20190223T154122_20190223T154147_026059_02E7D6_5BFC.SAFE,ID_3,S1A_IW_GRDH_1SDV_20190223T154122_20190223T154147_026059_02E7D6_5BFC.SAFE,S1_20190223_154007_154147_VV_102,hard_negative_val
DARTIS_2019,4849,nw,no_oil_water,nw-1625-10-000033.jpg,640,640,0,S1A_IW_GRDH_1SDV_20190223T154122_20190223T154147_026059_02E7D6_5BFC.SAFE,ID_3,S1A_IW_GRDH_1SDV_20190223T154122_20190223T154147_026059_02E7D6_5BFC.SAFE,S1_20190223_154007_154147_VV_128,hard_negative_val
DARTIS_2019,4850,nw,no_oil_water,nw-1626-10-000034.jpg,640,640,0,S1A_IW_GRDH_1SDV_20190223T154122_20190223T154147_026059_02E7D6_5BFC.SAFE,ID_3,S1A_IW_GRDH_1SDV_20190223T154122_20190223T154147_026059_02E7D6_5BFC.SAFE,S1_20190223_154007_154147_VV_68,hard_negative_val
DARTIS_2019,4851,nw,no_oil_water,nw-1627-10-000035.jpg,640,640,0,S1A_IW_GRDH_1SDV_20190223T154122_20190223T154147_026059_02E7D6_5BFC.SAFE,ID_3,S1A_IW_GRDH_1SDV_20190223T154122_20190223T154147_026059_02E7D6_5BFC.SAFE,S1_20190223_154007_154147_VV_80,hard_negative_val
DARTIS_2019,4852,nw,no_oil_water,nw-1628-10-000036.jpg,640,640,0,S1A_IW_GRDH_1SDV_20190223T154122_20190223T154147_026059_02E7D6_5BFC.SAFE,ID_3,S1A_IW_GRDH_1SDV_20190223T154122_20190223T154147_026059_02E7D6_5BFC.SAFE,S1_20190223_154007_154147_VV_89,hard_negative_val
DARTIS_2019,5022,nw,no_oil_water,nw-1798-11-000032.jpg,640,640,0,S1A_IW_GRDH_1SDV_20190223T154122_20190223T154147_026059_02E7D6_5BFC.SAFE,ID_3,S1A_IW_GRDH_1SDV_20190223T154122_20190223T154147_026059_02E7D6_5BFC.SAFE,S1_20190223_154007_154147_VV_130,hard_negative_val
DARTIS_2019,3278,nw,no_oil_water,nw-0054-00-000054.jpg,640,640,0,S1A_IW_GRDH_1SDV_20190306T035926_20190306T035951_026212_02ED51_1D32.SAFE,ID_3,S1A_IW_GRDH_1SDV_20190306T035926_20190306T035951_026212_02ED51_1D32.SAFE,S1_20190306_035926_040106_VV_30,hard_negative_val
DARTIS_2019,3279,nw,no_oil_water,nw-0055-00-000055.jpg,640,640,0,S1A_IW_GRDH_1SDV_20190306T035926_20190306T035951_026212_02ED51_1D32.SAFE,ID_3,S1A_IW_GRDH_1SDV_20190306T035926_20190306T035951_026212_02ED51_1D32.SAFE,S1_20190306_035926_040106_VV_33,hard_negative_val
DARTIS_2019,3280,nw,no_oil_water,nw-0056-00-000056.jpg,640,640,0,S1A_IW_GRDH_1SDV_20190306T035926_20190306T035951_026212_02ED51_1D32.SAFE,ID_3,S1A_IW_GRDH_1SDV_20190306T035926_20190306T035951_026212_02ED51_1D32.SAFE,S1_20190306_035926_040106_VV_58,hard_negative_val
DARTIS_2019,3282,nw,no_oil_water,nw-0058-00-000058.jpg,640,640,0,S1A_IW_GRDH_1SDV_20190306T035926_20190306T035951_026212_02ED51_1D32.SAFE,ID_3,S1A_IW_GRDH_1SDV_20190306T035926_20190306T035951_026212_02ED51_1D32.SAFE,S1_20190306_035926_040106_VV_8,hard_negative_val
DARTIS_2019,4153,nw,no_oil_water,nw-0929-06-000017.jpg,640,640,0,S1A_IW_GRDH_1SDV_20190306T035926_20190306T035951_026212_02ED51_1D32.SAFE,ID_3,S1A_IW_GRDH_1SDV_20190306T035926_20190306T035951_026212_02ED51_1D32.SAFE,S1_20190306_035926_040106_VV_268,hard_negative_val
DARTIS_2019,4856,nw,no_oil_water,nw-1632-10-000040.jpg,640,640,0,S1A_IW_GRDH_1SDV_20190306T035926_20190306T035951_026212_02ED51_1D32.SAFE,ID_3,S1A_IW_GRDH_1SDV_20190306T035926_20190306T035951_026212_02ED51_1D32.SAFE,S1_20190306_035926_040106_VV_14,hard_negative_val
DARTIS_2019,4857,nw,no_oil_water,nw-1633-10-000041.jpg,640,640,0,S1A_IW_GRDH_1SDV_20190306T035926_20190306T035951_026212_02ED51_1D32.SAFE,ID_3,S1A_IW_GRDH_1SDV_20190306T035926_20190306T035951_026212_02ED51_1D32.SAFE,S1_20190306_035926_040106_VV_45,hard_negative_val
DARTIS_2019,4858,nw,no_oil_water,nw-1634-10-000042.jpg,640,640,0,S1A_IW_GRDH_1SDV_20190306T035926_20190306T035951_026212_02ED51_1D32.SAFE,ID_3,S1A_IW_GRDH_1SDV_20190306T035926_20190306T035951_026212_02ED51_1D32.SAFE,S1_20190306_035926_040106_VV_52,hard_negative_val
DARTIS_2019,5024,nw,no_oil_water,nw-1800-11-000034.jpg,640,640,0,S1A_IW_GRDH_1SDV_20190306T035926_20190306T035951_026212_02ED51_1D32.SAFE,ID_3,S1A_IW_GRDH_1SDV_20190306T035926_20190306T035951_026212_02ED51_1D32.SAFE,S1_20190306_035926_040106_VV_6,hard_negative_val
DARTIS_2019,3275,nw,no_oil_water,nw-0051-00-000051.jpg,640,640,0,S1A_IW_GRDH_1SDV_20190306T035951_20190306T040016_026212_02ED51_0951.SAFE,ID_3,S1A_IW_GRDH_1SDV_20190306T035951_20190306T040016_026212_02ED51_0951.SAFE,S1_20190306_035926_040106_VV_133,hard_negative_val
DARTIS_2019,3276,nw,no_oil_water,nw-0052-00-000052.jpg,640,640,0,S1A_IW_GRDH_1SDV_20190306T035951_20190306T040016_026212_02ED51_0951.SAFE,ID_3,S1A_IW_GRDH_1SDV_20190306T035951_20190306T040016_026212_02ED51_0951.SAFE,S1_20190306_035926_040106_VV_151,hard_negative_val
DARTIS_2019,3281,nw,no_oil_water,nw-0057-00-000057.jpg,640,640,0,S1A_IW_GRDH_1SDV_20190306T035951_20190306T040016_026212_02ED51_0951.SAFE,ID_3,S1A_IW_GRDH_1SDV_20190306T035951_20190306T040016_026212_02ED51_0951.SAFE,S1_20190306_035926_040106_VV_74,hard_negative_val
DARTIS_2019,3607,nw,no_oil_water,nw-0383-02-000040.jpg,640,640,0,S1A_IW_GRDH_1SDV_20190306T035951_20190306T040016_026212_02ED51_0951.SAFE,ID_3,S1A_IW_GRDH_1SDV_20190306T035951_20190306T040016_026212_02ED51_0951.SAFE,S1_20190306_035926_040106_VV_288,hard_negative_val
DARTIS_2019,3608,nw,no_oil_water,nw-0384-02-000041.jpg,640,640,0,S1A_IW_GRDH_1SDV_20190306T035951_20190306T040016_026212_02ED51_0951.SAFE,ID_3,S1A_IW_GRDH_1SDV_20190306T035951_20190306T040016_026212_02ED51_0951.SAFE,S1_20190306_035926_040106_VV_71,hard_negative_val
DARTIS_2019,3899,nw,no_oil_water,nw-0675-04-000010.jpg,640,640,0,S1A_IW_GRDH_1SDV_20190306T035951_20190306T040016_026212_02ED51_0951.SAFE,ID_3,S1A_IW_GRDH_1SDV_20190306T035951_20190306T040016_026212_02ED51_0951.SAFE,S1_20190306_035926_040106_VV_269,hard_negative_val
DARTIS_2019,3998,nw,no_oil_water,nw-0774-05-000028.jpg,640,640,0,S1A_IW_GRDH_1SDV_20190306T035951_20190306T040016_026212_02ED51_0951.SAFE,ID_3,S1A_IW_GRDH_1SDV_20190306T035951_20190306T040016_026212_02ED51_0951.SAFE,S1_20190306_035926_040106_VV_149,hard_negative_val
DARTIS_2019,4854,nw,no_oil_water,nw-1630-10-000038.jpg,640,640,0,S1A_IW_GRDH_1SDV_20190306T035951_20190306T040016_026212_02ED51_0951.SAFE,ID_3,S1A_IW_GRDH_1SDV_20190306T035951_20190306T040016_026212_02ED51_0951.SAFE,S1_20190306_035926_040106_VV_102,hard_negative_val
DARTIS_2019,4855,nw,no_oil_water,nw-1631-10-000039.jpg,640,640,0,S1A_IW_GRDH_1SDV_20190306T035951_20190306T040016_026212_02ED51_0951.SAFE,ID_3,S1A_IW_GRDH_1SDV_20190306T035951_20190306T040016_026212_02ED51_0951.SAFE,S1_20190306_035926_040106_VV_121,hard_negative_val
DARTIS_2019,4860,nw,no_oil_water,nw-1636-10-000044.jpg,640,640,0,S1A_IW_GRDH_1SDV_20190306T035951_20190306T040016_026212_02ED51_0951.SAFE,ID_3,S1A_IW_GRDH_1SDV_20190306T035951_20190306T040016_026212_02ED51_0951.SAFE,S1_20190306_035926_040106_VV_70,hard_negative_val
DARTIS_2019,3764,nw,no_oil_water,nw-0540-03-000037.jpg,640,640,0,S1A_IW_GRDH_1SDV_20190308T034322_20190308T034347_026241_02EE61_CABA.SAFE,ID_3,S1A_IW_GRDH_1SDV_20190308T034322_20190308T034347_026241_02EE61_CABA.SAFE,S1_20190308_034257_034437_VV_69,hard_negative_val
DARTIS_2019,4333,nw,no_oil_water,nw-1109-07-000031.jpg,640,640,0,S1A_IW_GRDH_1SDV_20190308T034322_20190308T034347_026241_02EE61_CABA.SAFE,ID_3,S1A_IW_GRDH_1SDV_20190308T034322_20190308T034347_026241_02EE61_CABA.SAFE,S1_20190308_034257_034437_VV_104,hard_negative_val
DARTIS_2019,4334,nw,no_oil_water,nw-1110-07-000032.jpg,640,640,0,S1A_IW_GRDH_1SDV_20190308T034322_20190308T034347_026241_02EE61_CABA.SAFE,ID_3,S1A_IW_GRDH_1SDV_20190308T034322_20190308T034347_026241_02EE61_CABA.SAFE,S1_20190308_034257_034437_VV_99,hard_negative_val
DARTIS_2019,4521,nw,no_oil_water,nw-1297-08-000048.jpg,640,640,0,S1A_IW_GRDH_1SDV_20190308T034322_20190308T034347_026241_02EE61_CABA.SAFE,ID_3,S1A_IW_GRDH_1SDV_20190308T034322_20190308T034347_026241_02EE61_CABA.SAFE,S1_20190308_034257_034437_VV_59,hard_negative_val
DARTIS_2019,3610,nw,no_oil_water,nw-0386-02-000043.jpg,640,640,0,S1A_IW_GRDH_1SDV_20190312T154925_20190312T154950_026307_02F0D5_08E2.SAFE,ID_3,S1A_IW_GRDH_1SDV_20190312T154925_20190312T154950_026307_02F0D5_08E2.SAFE,S1_20190312_154835_155015_VV_56,hard_negative_val
DARTIS_2019,3768,nw,no_oil_water,nw-0544-03-000041.jpg,640,640,0,S1A_IW_GRDH_1SDV_20190312T154925_20190312T154950_026307_02F0D5_08E2.SAFE,ID_3,S1A_IW_GRDH_1SDV_20190312T154925_20190312T154950_026307_02F0D5_08E2.SAFE,S1_20190312_154835_155015_VV_39,hard_negative_val
DARTIS_2019,3769,nw,no_oil_water,nw-0545-03-000042.jpg,640,640,0,S1A_IW_GRDH_1SDV_20190312T154925_20190312T154950_026307_02F0D5_08E2.SAFE,ID_3,S1A_IW_GRDH_1SDV_20190312T154925_20190312T154950_026307_02F0D5_08E2.SAFE,S1_20190312_154835_155015_VV_52,hard_negative_val
DARTIS_2019,4338,nw,no_oil_water,nw-1114-07-000036.jpg,640,640,0,S1A_IW_GRDH_1SDV_20190312T154925_20190312T154950_026307_02F0D5_08E2.SAFE,ID_3,S1A_IW_GRDH_1SDV_20190312T154925_20190312T154950_026307_02F0D5_08E2.SAFE,S1_20190312_154835_155015_VV_71,hard_negative_val
DARTIS_2019,4339,nw,no_oil_water,nw-1115-07-000037.jpg,640,640,0,S1A_IW_GRDH_1SDV_20190312T154925_20190312T154950_026307_02F0D5_08E2.SAFE,ID_3,S1A_IW_GRDH_1SDV_20190312T154925_20190312T154950_026307_02F0D5_08E2.SAFE,S1_20190312_154835_155015_VV_82,hard_negative_val
DARTIS_2019,4676,nw,no_oil_water,nw-1452-09-000028.jpg,640,640,0,S1A_IW_GRDH_1SDV_20190312T154925_20190312T154950_026307_02F0D5_08E2.SAFE,ID_3,S1A_IW_GRDH_1SDV_20190312T154925_20190312T154950_026307_02F0D5_08E2.SAFE,S1_20190312_154835_155015_VV_101,hard_negative_val
DARTIS_2019,4677,nw,no_oil_water,nw-1453-09-000029.jpg,640,640,0,S1A_IW_GRDH_1SDV_20190312T154925_20190312T154950_026307_02F0D5_08E2.SAFE,ID_3,S1A_IW_GRDH_1SDV_20190312T154925_20190312T154950_026307_02F0D5_08E2.SAFE,S1_20190312_154835_155015_VV_47,hard_negative_val
DARTIS_2019,4861,nw,no_oil_water,nw-1637-10-000045.jpg,640,640,0,S1A_IW_GRDH_1SDV_20190312T154925_20190312T154950_026307_02F0D5_08E2.SAFE,ID_3,S1A_IW_GRDH_1SDV_20190312T154925_20190312T154950_026307_02F0D5_08E2.SAFE,S1_20190312_154835_155015_VV_66,hard_negative_val
DARTIS_2019,5029,nw,no_oil_water,nw-1805-11-000039.jpg,640,640,0,S1A_IW_GRDH_1SDV_20190312T154925_20190312T154950_026307_02F0D5_08E2.SAFE,ID_3,S1A_IW_GRDH_1SDV_20190312T154925_20190312T154950_026307_02F0D5_08E2.SAFE,S1_20190312_154835_155015_VV_212,hard_negative_val
DARTIS_2019,3445,nw,no_oil_water,nw-0221-01-000049.jpg,640,640,0,S1A_IW_GRDH_1SDV_20190405T154901_20190405T154926_026657_02FDC3_00D2.SAFE,ID_3,S1A_IW_GRDH_1SDV_20190405T154901_20190405T154926_026657_02FDC3_00D2.SAFE,S1_20190405_154836_155016_VV_180,hard_negative_val
DARTIS_2019,3446,nw,no_oil_water,nw-0222-01-000050.jpg,640,640,0,S1A_IW_GRDH_1SDV_20190405T154901_20190405T154926_026657_02FDC3_00D2.SAFE,ID_3,S1A_IW_GRDH_1SDV_20190405T154901_20190405T154926_026657_02FDC3_00D2.SAFE,S1_20190405_154836_155016_VV_54,hard_negative_val
DARTIS_2019,3776,nw,no_oil_water,nw-0552-03-000049.jpg,640,640,0,S1A_IW_GRDH_1SDV_20190405T154901_20190405T154926_026657_02FDC3_00D2.SAFE,ID_3,S1A_IW_GRDH_1SDV_20190405T154901_20190405T154926_026657_02FDC3_00D2.SAFE,S1_20190405_154836_155016_VV_9,hard_negative_val
DARTIS_2019,4010,nw,no_oil_water,nw-0786-05-000040.jpg,640,640,0,S1A_IW_GRDH_1SDV_20190405T154901_20190405T154926_026657_02FDC3_00D2.SAFE,ID_3,S1A_IW_GRDH_1SDV_20190405T154901_20190405T154926_026657_02FDC3_00D2.SAFE,S1_20190405_154836_155016_VV_67,hard_negative_val
DARTIS_2019,4167,nw,no_oil_water,nw-0943-06-000031.jpg,640,640,0,S1A_IW_GRDH_1SDV_20190405T154901_20190405T154926_026657_02FDC3_00D2.SAFE,ID_3,S1A_IW_GRDH_1SDV_20190405T154901_20190405T154926_026657_02FDC3_00D2.SAFE,S1_20190405_154836_155016_VV_181,hard_negative_val
DARTIS_2019,4169,nw,no_oil_water,nw-0945-06-000033.jpg,640,640,0,S1A_IW_GRDH_1SDV_20190405T154901_20190405T154926_026657_02FDC3_00D2.SAFE,ID_3,S1A_IW_GRDH_1SDV_20190405T154901_20190405T154926_026657_02FDC3_00D2.SAFE,S1_20190405_154836_155016_VV_52,hard_negative_val
DARTIS_2019,3287,nw,no_oil_water,nw-0063-00-000063.jpg,640,640,0,S1A_IW_GRDH_1SDV_20190405T154926_20190405T154951_026657_02FDC3_6F15.SAFE,ID_3,S1A_IW_GRDH_1SDV_20190405T154926_20190405T154951_026657_02FDC3_6F15.SAFE,S1_20190405_154836_155016_VV_84,hard_negative_val
DARTIS_2019,3906,nw,no_oil_water,nw-0682-04-000017.jpg,640,640,0,S1A_IW_GRDH_1SDV_20190405T154926_20190405T154951_026657_02FDC3_6F15.SAFE,ID_3,S1A_IW_GRDH_1SDV_20190405T154926_20190405T154951_026657_02FDC3_6F15.SAFE,S1_20190405_154836_155016_VV_228,hard_negative_val
DARTIS_2019,4011,nw,no_oil_water,nw-0787-05-000041.jpg,640,640,0,S1A_IW_GRDH_1SDV_20190405T154926_20190405T154951_026657_02FDC3_6F15.SAFE,ID_3,S1A_IW_GRDH_1SDV_20190405T154926_20190405T154951_026657_02FDC3_6F15.SAFE,S1_20190405_154836_155016_VV_74,hard_negative_val
DARTIS_2019,4012,nw,no_oil_water,nw-0788-05-000042.jpg,640,640,0,S1A_IW_GRDH_1SDV_20190405T154926_20190405T154951_026657_02FDC3_6F15.SAFE,ID_3,S1A_IW_GRDH_1SDV_20190405T154926_20190405T154951_026657_02FDC3_6F15.SAFE,S1_20190405_154836_155016_VV_79,hard_negative_val
DARTIS_2019,4170,nw,no_oil_water,nw-0946-06-000034.jpg,640,640,0,S1A_IW_GRDH_1SDV_20190405T154926_20190405T154951_026657_02FDC3_6F15.SAFE,ID_3,S1A_IW_GRDH_1SDV_20190405T154926_20190405T154951_026657_02FDC3_6F15.SAFE,S1_20190405_154836_155016_VV_78,hard_negative_val
DARTIS_2019,4168,nw,no_oil_water,nw-0944-06-000032.jpg,640,640,0,S1A_IW_GRDH_1SDV_20190405T154951_20190405T155016_026657_02FDC3_09ED.SAFE,ID_3,S1A_IW_GRDH_1SDV_20190405T154951_20190405T155016_026657_02FDC3_09ED.SAFE,S1_20190405_154836_155016_VV_255,hard_negative_val
DARTIS_2019,5039,nw,no_oil_water,nw-1815-11-000049.jpg,640,640,0,S1A_IW_GRDH_1SDV_20190405T154951_20190405T155016_026657_02FDC3_09ED.SAFE,ID_3,S1A_IW_GRDH_1SDV_20190405T154951_20190405T155016_026657_02FDC3_09ED.SAFE,S1_20190405_154836_155016_VV_148,hard_negative_val
DARTIS_2019,5041,nw,no_oil_water,nw-1817-11-000051.jpg,640,640,0,S1A_IW_GRDH_1SDV_20190405T154951_20190405T155016_026657_02FDC3_09ED.SAFE,ID_3,S1A_IW_GRDH_1SDV_20190405T154951_20190405T155016_026657_02FDC3_09ED.SAFE,S1_20190405_154836_155016_VV_242,hard_negative_val
DARTIS_2019,4014,nw,no_oil_water,nw-0790-05-000044.jpg,640,640,0,S1A_IW_GRDH_1SDV_20190408T033519_20190408T033544_026693_02FF08_6E0B.SAFE,ID_3,S1A_IW_GRDH_1SDV_20190408T033519_20190408T033544_026693_02FF08_6E0B.SAFE,S1_20190408_033454_033634_VV_40,hard_negative_val
DARTIS_2019,3622,nw,no_oil_water,nw-0398-02-000055.jpg,640,640,0,S1A_IW_GRDH_1SDV_20190413T034257_20190413T034322_026766_0301B4_A807.SAFE,ID_3,S1A_IW_GRDH_1SDV_20190413T034257_20190413T034322_026766_0301B4_A807.SAFE,S1_20190413_034257_034437_VV_9,hard_negative_val
DARTIS_2019,4018,nw,no_oil_water,nw-0794-05-000048.jpg,640,640,0,S1A_IW_GRDH_1SDV_20190413T034257_20190413T034322_026766_0301B4_A807.SAFE,ID_3,S1A_IW_GRDH_1SDV_20190413T034257_20190413T034322_026766_0301B4_A807.SAFE,S1_20190413_034257_034437_VV_22,hard_negative_val
DARTIS_2019,4354,nw,no_oil_water,nw-1130-07-000052.jpg,640,640,0,S1A_IW_GRDH_1SDV_20190413T034257_20190413T034322_026766_0301B4_A807.SAFE,ID_3,S1A_IW_GRDH_1SDV_20190413T034257_20190413T034322_026766_0301B4_A807.SAFE,S1_20190413_034257_034437_VV_15,hard_negative_val
DARTIS_2019,4020,nw,no_oil_water,nw-0796-05-000050.jpg,640,640,0,S1A_IW_GRDH_1SDV_20190423T040043_20190423T040108_026912_0306F7_63E0.SAFE,ID_3,S1A_IW_GRDH_1SDV_20190423T040043_20190423T040108_026912_0306F7_63E0.SAFE,S1_20190423_035928_040108_VV_134,hard_negative_val
DARTIS_2019,3625,nw,no_oil_water,nw-0401-02-000058.jpg,640,640,0,S1A_IW_GRDH_1SDV_20190424T154123_20190424T154148_026934_0307C2_8DFF.SAFE,ID_3,S1A_IW_GRDH_1SDV_20190424T154123_20190424T154148_026934_0307C2_8DFF.SAFE,S1_20190424_154008_154148_VV_62,hard_negative_val
DARTIS_2019,3784,nw,no_oil_water,nw-0560-03-000057.jpg,640,640,0,S1A_IW_GRDH_1SDV_20190424T154123_20190424T154148_026934_0307C2_8DFF.SAFE,ID_3,S1A_IW_GRDH_1SDV_20190424T154123_20190424T154148_026934_0307C2_8DFF.SAFE,S1_20190424_154008_154148_VV_60,hard_negative_val
DARTIS_2019,4692,nw,no_oil_water,nw-1468-09-000044.jpg,640,640,0,S1A_IW_GRDH_1SDV_20190424T154123_20190424T154148_026934_0307C2_8DFF.SAFE,ID_3,S1A_IW_GRDH_1SDV_20190424T154123_20190424T154148_026934_0307C2_8DFF.SAFE,S1_20190424_154008_154148_VV_54,hard_negative_val
DARTIS_2019,5060,nw,no_oil_water,nw-1836-11-000070.jpg,640,640,0,S1A_IW_GRDH_1SDV_20190424T154123_20190424T154148_026934_0307C2_8DFF.SAFE,ID_3,S1A_IW_GRDH_1SDV_20190424T154123_20190424T154148_026934_0307C2_8DFF.SAFE,S1_20190424_154008_154148_VV_63,hard_negative_val
DARTIS_2019,3627,nw,no_oil_water,nw-0403-02-000060.jpg,640,640,0,S1A_IW_GRDH_1SDV_20190425T034258_20190425T034323_026941_030806_D45F.SAFE,ID_3,S1A_IW_GRDH_1SDV_20190425T034258_20190425T034323_026941_030806_D45F.SAFE,S1_20190425_034258_034438_VV_16,hard_negative_val
DARTIS_2019,3628,nw,no_oil_water,nw-0404-02-000061.jpg,640,640,0,S1A_IW_GRDH_1SDV_20190425T034258_20190425T034323_026941_030806_D45F.SAFE,ID_3,S1A_IW_GRDH_1SDV_20190425T034258_20190425T034323_026941_030806_D45F.SAFE,S1_20190425_034258_034438_VV_2,hard_negative_val
DARTIS_2019,3785,nw,no_oil_water,nw-0561-03-000058.jpg,640,640,0,S1A_IW_GRDH_1SDV_20190425T034258_20190425T034323_026941_030806_D45F.SAFE,ID_3,S1A_IW_GRDH_1SDV_20190425T034258_20190425T034323_026941_030806_D45F.SAFE,S1_20190425_034258_034438_VV_104,hard_negative_val
DARTIS_2019,3786,nw,no_oil_water,nw-0562-03-000059.jpg,640,640,0,S1A_IW_GRDH_1SDV_20190425T034258_20190425T034323_026941_030806_D45F.SAFE,ID_3,S1A_IW_GRDH_1SDV_20190425T034258_20190425T034323_026941_030806_D45F.SAFE,S1_20190425_034258_034438_VV_4,hard_negative_val
DARTIS_2019,3787,nw,no_oil_water,nw-0563-03-000060.jpg,640,640,0,S1A_IW_GRDH_1SDV_20190425T034258_20190425T034323_026941_030806_D45F.SAFE,ID_3,S1A_IW_GRDH_1SDV_20190425T034258_20190425T034323_026941_030806_D45F.SAFE,S1_20190425_034258_034438_VV_5,hard_negative_val
DARTIS_2019,4357,nw,no_oil_water,nw-1133-07-000055.jpg,640,640,0,S1A_IW_GRDH_1SDV_20190425T034258_20190425T034323_026941_030806_D45F.SAFE,ID_3,S1A_IW_GRDH_1SDV_20190425T034258_20190425T034323_026941_030806_D45F.SAFE,S1_20190425_034258_034438_VV_107,hard_negative_val
DARTIS_2019,4536,nw,no_oil_water,nw-1312-08-000063.jpg,640,640,0,S1A_IW_GRDH_1SDV_20190425T034258_20190425T034323_026941_030806_D45F.SAFE,ID_3,S1A_IW_GRDH_1SDV_20190425T034258_20190425T034323_026941_030806_D45F.SAFE,S1_20190425_034258_034438_VV_12,hard_negative_val
DARTIS_2019,5062,nw,no_oil_water,nw-1838-11-000072.jpg,640,640,0,S1A_IW_GRDH_1SDV_20190425T034258_20190425T034323_026941_030806_D45F.SAFE,ID_3,S1A_IW_GRDH_1SDV_20190425T034258_20190425T034323_026941_030806_D45F.SAFE,S1_20190425_034258_034438_VV_29,hard_negative_val
DARTIS_2019,3913,nw,no_oil_water,nw-0689-04-000024.jpg,640,640,0,S1A_IW_GRDH_1SDV_20190427T160515_20190427T160540_026978_03096D_9164.SAFE,ID_3,S1A_IW_GRDH_1SDV_20190427T160515_20190427T160540_026978_03096D_9164.SAFE,S1_20190427_160450_160630_VV_239,hard_negative_val
DARTIS_2019,3914,nw,no_oil_water,nw-0690-04-000025.jpg,640,640,0,S1A_IW_GRDH_1SDV_20190427T160515_20190427T160540_026978_03096D_9164.SAFE,ID_3,S1A_IW_GRDH_1SDV_20190427T160515_20190427T160540_026978_03096D_9164.SAFE,S1_20190427_160450_160630_VV_242,hard_negative_val
DARTIS_2019,4024,nw,no_oil_water,nw-0800-05-000054.jpg,640,640,0,S1A_IW_GRDH_1SDV_20190427T160515_20190427T160540_026978_03096D_9164.SAFE,ID_3,S1A_IW_GRDH_1SDV_20190427T160515_20190427T160540_026978_03096D_9164.SAFE,S1_20190427_160450_160630_VV_245,hard_negative_val
DARTIS_2019,4196,nw,no_oil_water,nw-0972-06-000060.jpg,640,640,0,S1A_IW_GRDH_1SDV_20190427T160515_20190427T160540_026978_03096D_9164.SAFE,ID_3,S1A_IW_GRDH_1SDV_20190427T160515_20190427T160540_026978_03096D_9164.SAFE,S1_20190427_160450_160630_VV_237,hard_negative_val
DARTIS_2019,4197,nw,no_oil_water,nw-0973-06-000061.jpg,640,640,0,S1A_IW_GRDH_1SDV_20190427T160515_20190427T160540_026978_03096D_9164.SAFE,ID_3,S1A_IW_GRDH_1SDV_20190427T160515_20190427T160540_026978_03096D_9164.SAFE,S1_20190427_160450_160630_VV_244,hard_negative_val
DARTIS_2019,4198,nw,no_oil_water,nw-0974-06-000062.jpg,640,640,0,S1A_IW_GRDH_1SDV_20190427T160515_20190427T160540_026978_03096D_9164.SAFE,ID_3,S1A_IW_GRDH_1SDV_20190427T160515_20190427T160540_026978_03096D_9164.SAFE,S1_20190427_160450_160630_VV_25,hard_negative_val
DARTIS_2019,4199,nw,no_oil_water,nw-0975-06-000063.jpg,640,640,0,S1A_IW_GRDH_1SDV_20190427T160515_20190427T160540_026978_03096D_9164.SAFE,ID_3,S1A_IW_GRDH_1SDV_20190427T160515_20190427T160540_026978_03096D_9164.SAFE,S1_20190427_160450_160630_VV_251,hard_negative_val
DARTIS_2019,4201,nw,no_oil_water,nw-0977-06-000065.jpg,640,640,0,S1A_IW_GRDH_1SDV_20190427T160515_20190427T160540_026978_03096D_9164.SAFE,ID_3,S1A_IW_GRDH_1SDV_20190427T160515_20190427T160540_026978_03096D_9164.SAFE,S1_20190427_160450_160630_VV_4,hard_negative_val
DARTIS_2019,5064,nw,no_oil_water,nw-1840-11-000074.jpg,640,640,0,S1A_IW_GRDH_1SDV_20190427T160515_20190427T160540_026978_03096D_9164.SAFE,ID_3,S1A_IW_GRDH_1SDV_20190427T160515_20190427T160540_026978_03096D_9164.SAFE,S1_20190427_160450_160630_VV_24,hard_negative_val
DARTIS_2019,5065,nw,no_oil_water,nw-1841-11-000075.jpg,640,640,0,S1A_IW_GRDH_1SDV_20190427T160515_20190427T160540_026978_03096D_9164.SAFE,ID_3,S1A_IW_GRDH_1SDV_20190427T160515_20190427T160540_026978_03096D_9164.SAFE,S1_20190427_160450_160630_VV_36,hard_negative_val
DARTIS_2019,3292,nw,no_oil_water,nw-0068-00-000068.jpg,640,640,0,S1A_IW_GRDH_1SDV_20190429T154927_20190429T154952_027007_030A73_C58E.SAFE,ID_3,S1A_IW_GRDH_1SDV_20190429T154927_20190429T154952_027007_030A73_C58E.SAFE,S1_20190429_154837_155017_VV_62,hard_negative_val
DARTIS_2019,3453,nw,no_oil_water,nw-0229-01-000057.jpg,640,640,0,S1A_IW_GRDH_1SDV_20190429T154927_20190429T154952_027007_030A73_C58E.SAFE,ID_3,S1A_IW_GRDH_1SDV_20190429T154927_20190429T154952_027007_030A73_C58E.SAFE,S1_20190429_154837_155017_VV_216,hard_negative_val
DARTIS_2019,4025,nw,no_oil_water,nw-0801-05-000055.jpg,640,640,0,S1A_IW_GRDH_1SDV_20190429T154927_20190429T154952_027007_030A73_C58E.SAFE,ID_3,S1A_IW_GRDH_1SDV_20190429T154927_20190429T154952_027007_030A73_C58E.SAFE,S1_20190429_154837_155017_VV_231,hard_negative_val
DARTIS_2019,4539,nw,no_oil_water,nw-1315-08-000066.jpg,640,640,0,S1A_IW_GRDH_1SDV_20190429T154927_20190429T154952_027007_030A73_C58E.SAFE,ID_3,S1A_IW_GRDH_1SDV_20190429T154927_20190429T154952_027007_030A73_C58E.SAFE,S1_20190429_154837_155017_VV_51,hard_negative_val
DARTIS_2019,5069,nw,no_oil_water,nw-1845-11-000079.jpg,640,640,0,S1A_IW_GRDH_1SDV_20190429T154927_20190429T154952_027007_030A73_C58E.SAFE,ID_3,S1A_IW_GRDH_1SDV_20190429T154927_20190429T154952_027007_030A73_C58E.SAFE,S1_20190429_154837_155017_VV_44,hard_negative_val
DARTIS_2019,5070,nw,no_oil_water,nw-1846-11-000080.jpg,640,640,0,S1A_IW_GRDH_1SDV_20190429T154927_20190429T154952_027007_030A73_C58E.SAFE,ID_3,S1A_IW_GRDH_1SDV_20190429T154927_20190429T154952_027007_030A73_C58E.SAFE,S1_20190429_154837_155017_VV_80,hard_negative_val
DARTIS_2019,3629,nw,no_oil_water,nw-0405-02-000062.jpg,640,640,0,S1A_IW_GRDH_1SDV_20190429T154952_20190429T155017_027007_030A73_3AD5.SAFE,ID_3,S1A_IW_GRDH_1SDV_20190429T154952_20190429T155017_027007_030A73_3AD5.SAFE,S1_20190429_154837_155017_VV_102,hard_negative_val
DARTIS_2019,3789,nw,no_oil_water,nw-0565-03-000062.jpg,640,640,0,S1A_IW_GRDH_1SDV_20190429T154952_20190429T155017_027007_030A73_3AD5.SAFE,ID_3,S1A_IW_GRDH_1SDV_20190429T154952_20190429T155017_027007_030A73_3AD5.SAFE,S1_20190429_154837_155017_VV_122,hard_negative_val
DARTIS_2019,3919,nw,no_oil_water,nw-0695-04-000030.jpg,640,640,0,S1A_IW_GRDH_1SDV_20190429T154952_20190429T155017_027007_030A73_3AD5.SAFE,ID_3,S1A_IW_GRDH_1SDV_20190429T154952_20190429T155017_027007_030A73_3AD5.SAFE,S1_20190429_154837_155017_VV_244,hard_negative_val
DARTIS_2019,4205,nw,no_oil_water,nw-0981-06-000069.jpg,640,640,0,S1A_IW_GRDH_1SDV_20190429T154952_20190429T155017_027007_030A73_3AD5.SAFE,ID_3,S1A_IW_GRDH_1SDV_20190429T154952_20190429T155017_027007_030A73_3AD5.SAFE,S1_20190429_154837_155017_VV_131,hard_negative_val
DARTIS_2019,4360,nw,no_oil_water,nw-1136-07-000058.jpg,640,640,0,S1A_IW_GRDH_1SDV_20190429T154952_20190429T155017_027007_030A73_3AD5.SAFE,ID_3,S1A_IW_GRDH_1SDV_20190429T154952_20190429T155017_027007_030A73_3AD5.SAFE,S1_20190429_154837_155017_VV_157,hard_negative_val
DARTIS_2019,5068,nw,no_oil_water,nw-1844-11-000078.jpg,640,640,0,S1A_IW_GRDH_1SDV_20190429T154952_20190429T155017_027007_030A73_3AD5.SAFE,ID_3,S1A_IW_GRDH_1SDV_20190429T154952_20190429T155017_027007_030A73_3AD5.SAFE,S1_20190429_154837_155017_VV_166,hard_negative_val
DARTIS_2019,3921,nw,no_oil_water,nw-0697-04-000032.jpg,640,640,0,S1A_IW_GRDH_1SDV_20190430T035118_20190430T035143_027014_030AB6_614C.SAFE,ID_3,S1A_IW_GRDH_1SDV_20190430T035118_20190430T035143_027014_030AB6_614C.SAFE,S1_20190430_035118_035259_VV_159,hard_negative_val
DARTIS_2019,4026,nw,no_oil_water,nw-0802-05-000056.jpg,640,640,0,S1A_IW_GRDH_1SDV_20190430T035118_20190430T035143_027014_030AB6_614C.SAFE,ID_3,S1A_IW_GRDH_1SDV_20190430T035118_20190430T035143_027014_030AB6_614C.SAFE,S1_20190430_035118_035259_VV_69,hard_negative_val
DARTIS_2019,4206,nw,no_oil_water,nw-0982-06-000070.jpg,640,640,0,S1A_IW_GRDH_1SDV_20190430T035118_20190430T035143_027014_030AB6_614C.SAFE,ID_3,S1A_IW_GRDH_1SDV_20190430T035118_20190430T035143_027014_030AB6_614C.SAFE,S1_20190430_035118_035259_VV_164,hard_negative_val
DARTIS_2019,4362,nw,no_oil_water,nw-1138-07-000060.jpg,640,640,0,S1A_IW_GRDH_1SDV_20190430T035118_20190430T035143_027014_030AB6_614C.SAFE,ID_3,S1A_IW_GRDH_1SDV_20190430T035118_20190430T035143_027014_030AB6_614C.SAFE,S1_20190430_035118_035259_VV_173,hard_negative_val
DARTIS_2019,4364,nw,no_oil_water,nw-1140-07-000062.jpg,640,640,0,S1A_IW_GRDH_1SDV_20190430T035118_20190430T035143_027014_030AB6_614C.SAFE,ID_3,S1A_IW_GRDH_1SDV_20190430T035118_20190430T035143_027014_030AB6_614C.SAFE,S1_20190430_035118_035259_VV_48,hard_negative_val
DARTIS_2019,4540,nw,no_oil_water,nw-1316-08-000067.jpg,640,640,0,S1A_IW_GRDH_1SDV_20190430T035118_20190430T035143_027014_030AB6_614C.SAFE,ID_3,S1A_IW_GRDH_1SDV_20190430T035118_20190430T035143_027014_030AB6_614C.SAFE,S1_20190430_035118_035259_VV_79,hard_negative_val
DARTIS_2019,4699,nw,no_oil_water,nw-1475-09-000051.jpg,640,640,0,S1A_IW_GRDH_1SDV_20190430T035118_20190430T035143_027014_030AB6_614C.SAFE,ID_3,S1A_IW_GRDH_1SDV_20190430T035118_20190430T035143_027014_030AB6_614C.SAFE,S1_20190430_035118_035259_VV_19,hard_negative_val
DARTIS_2019,3296,nw,no_oil_water,nw-0072-00-000072.jpg,640,640,0,S1A_IW_GRDH_1SDV_20190511T154952_20190511T155017_027182_031070_90C8.SAFE,ID_3,S1A_IW_GRDH_1SDV_20190511T154952_20190511T155017_027182_031070_90C8.SAFE,S1_20190511_154837_155017_VV_134,hard_negative_val
DARTIS_2019,3455,nw,no_oil_water,nw-0231-01-000059.jpg,640,640,0,S1A_IW_GRDH_1SDV_20190511T154952_20190511T155017_027182_031070_90C8.SAFE,ID_3,S1A_IW_GRDH_1SDV_20190511T154952_20190511T155017_027182_031070_90C8.SAFE,S1_20190511_154837_155017_VV_81,hard_negative_val
DARTIS_2019,3635,nw,no_oil_water,nw-0411-02-000068.jpg,640,640,0,S1A_IW_GRDH_1SDV_20190511T154952_20190511T155017_027182_031070_90C8.SAFE,ID_3,S1A_IW_GRDH_1SDV_20190511T154952_20190511T155017_027182_031070_90C8.SAFE,S1_20190511_154837_155017_VV_135,hard_negative_val
DARTIS_2019,4867,nw,no_oil_water,nw-1643-10-000051.jpg,640,640,0,S1A_IW_GRDH_1SDV_20190511T154952_20190511T155017_027182_031070_90C8.SAFE,ID_3,S1A_IW_GRDH_1SDV_20190511T154952_20190511T155017_027182_031070_90C8.SAFE,S1_20190511_154837_155017_VV_110,hard_negative_val
DARTIS_2019,4868,nw,no_oil_water,nw-1644-10-000052.jpg,640,640,0,S1A_IW_GRDH_1SDV_20190511T154952_20190511T155017_027182_031070_90C8.SAFE,ID_3,S1A_IW_GRDH_1SDV_20190511T154952_20190511T155017_027182_031070_90C8.SAFE,S1_20190511_154837_155017_VV_118,hard_negative_val
DARTIS_2019,5077,nw,no_oil_water,nw-1853-11-000087.jpg,640,640,0,S1A_IW_GRDH_1SDV_20190511T154952_20190511T155017_027182_031070_90C8.SAFE,ID_3,S1A_IW_GRDH_1SDV_20190511T154952_20190511T155017_027182_031070_90C8.SAFE,S1_20190511_154837_155017_VV_125,hard_negative_val
DARTIS_2019,4366,nw,no_oil_water,nw-1142-07-000064.jpg,640,640,0,S1A_IW_GRDH_1SDV_20190512T035143_20190512T035208_027189_0310AB_00AD.SAFE;S1A_IW_GRDH_1SDV_20190512T035118_20190512T035143_027189_0310AB_EEF7.SAFE,ID_3,S1A_IW_GRDH_1SDV_20190512T035143_20190512T035208_027189_0310AB_00AD.SAFE;S1A_IW_GRDH_1SDV_20190512T035118_20190512T035143_027189_0310AB_EEF7.SAFE,S1_20190512_035118_035259_VV_56,hard_negative_val
DARTIS_2019,4713,nw,no_oil_water,nw-1489-09-000065.jpg,640,640,0,S1A_IW_GRDH_1SDV_20190512T035143_20190512T035208_027189_0310AB_00AD.SAFE;S1A_IW_GRDH_1SDV_20190512T035118_20190512T035143_027189_0310AB_EEF7.SAFE,ID_3,S1A_IW_GRDH_1SDV_20190512T035143_20190512T035208_027189_0310AB_00AD.SAFE;S1A_IW_GRDH_1SDV_20190512T035118_20190512T035143_027189_0310AB_EEF7.SAFE,S1_20190512_035118_035259_VV_52,hard_negative_val
DARTIS_2019,3642,nw,no_oil_water,nw-0418-02-000075.jpg,640,640,0,S1A_IW_GRDH_1SDV_20190523T154903_20190523T154928_027357_0315EA_95BE.SAFE,ID_3,S1A_IW_GRDH_1SDV_20190523T154903_20190523T154928_027357_0315EA_95BE.SAFE,S1_20190523_154838_155018_VV_112,hard_negative_val
DARTIS_2019,3924,nw,no_oil_water,nw-0700-04-000035.jpg,640,640,0,S1A_IW_GRDH_1SDV_20190523T154903_20190523T154928_027357_0315EA_95BE.SAFE,ID_3,S1A_IW_GRDH_1SDV_20190523T154903_20190523T154928_027357_0315EA_95BE.SAFE,S1_20190523_154838_155018_VV_121,hard_negative_val
DARTIS_2019,3925,nw,no_oil_water,nw-0701-04-000036.jpg,640,640,0,S1A_IW_GRDH_1SDV_20190523T154903_20190523T154928_027357_0315EA_95BE.SAFE,ID_3,S1A_IW_GRDH_1SDV_20190523T154903_20190523T154928_027357_0315EA_95BE.SAFE,S1_20190523_154838_155018_VV_265,hard_negative_val
DARTIS_2019,3926,nw,no_oil_water,nw-0702-04-000037.jpg,640,640,0,S1A_IW_GRDH_1SDV_20190523T154903_20190523T154928_027357_0315EA_95BE.SAFE,ID_3,S1A_IW_GRDH_1SDV_20190523T154903_20190523T154928_027357_0315EA_95BE.SAFE,S1_20190523_154838_155018_VV_70,hard_negative_val
DARTIS_2019,3927,nw,no_oil_water,nw-0703-04-000038.jpg,640,640,0,S1A_IW_GRDH_1SDV_20190523T154903_20190523T154928_027357_0315EA_95BE.SAFE,ID_3,S1A_IW_GRDH_1SDV_20190523T154903_20190523T154928_027357_0315EA_95BE.SAFE,S1_20190523_154838_155018_VV_83,hard_negative_val
DARTIS_2019,4033,nw,no_oil_water,nw-0809-05-000063.jpg,640,640,0,S1A_IW_GRDH_1SDV_20190523T154903_20190523T154928_027357_0315EA_95BE.SAFE,ID_3,S1A_IW_GRDH_1SDV_20190523T154903_20190523T154928_027357_0315EA_95BE.SAFE,S1_20190523_154838_155018_VV_109,hard_negative_val
DARTIS_2019,4226,nw,no_oil_water,nw-1002-06-000090.jpg,640,640,0,S1A_IW_GRDH_1SDV_20190523T154903_20190523T154928_027357_0315EA_95BE.SAFE,ID_3,S1A_IW_GRDH_1SDV_20190523T154903_20190523T154928_027357_0315EA_95BE.SAFE,S1_20190523_154838_155018_VV_120,hard_negative_val
DARTIS_2019,4227,nw,no_oil_water,nw-1003-06-000091.jpg,640,640,0,S1A_IW_GRDH_1SDV_20190523T154903_20190523T154928_027357_0315EA_95BE.SAFE,ID_3,S1A_IW_GRDH_1SDV_20190523T154903_20190523T154928_027357_0315EA_95BE.SAFE,S1_20190523_154838_155018_VV_219,hard_negative_val
DARTIS_2019,4228,nw,no_oil_water,nw-1004-06-000092.jpg,640,640,0,S1A_IW_GRDH_1SDV_20190523T154903_20190523T154928_027357_0315EA_95BE.SAFE,ID_3,S1A_IW_GRDH_1SDV_20190523T154903_20190523T154928_027357_0315EA_95BE.SAFE,S1_20190523_154838_155018_VV_225,hard_negative_val
DARTIS_2019,4229,nw,no_oil_water,nw-1005-06-000093.jpg,640,640,0,S1A_IW_GRDH_1SDV_20190523T154903_20190523T154928_027357_0315EA_95BE.SAFE,ID_3,S1A_IW_GRDH_1SDV_20190523T154903_20190523T154928_027357_0315EA_95BE.SAFE,S1_20190523_154838_155018_VV_259,hard_negative_val
DARTIS_2019,4231,nw,no_oil_water,nw-1007-06-000095.jpg,640,640,0,S1A_IW_GRDH_1SDV_20190523T154903_20190523T154928_027357_0315EA_95BE.SAFE,ID_3,S1A_IW_GRDH_1SDV_20190523T154903_20190523T154928_027357_0315EA_95BE.SAFE,S1_20190523_154838_155018_VV_98,hard_negative_val
DARTIS_2019,5087,nw,no_oil_water,nw-1863-11-000097.jpg,640,640,0,S1A_IW_GRDH_1SDV_20190523T154903_20190523T154928_027357_0315EA_95BE.SAFE,ID_3,S1A_IW_GRDH_1SDV_20190523T154903_20190523T154928_027357_0315EA_95BE.SAFE,S1_20190523_154838_155018_VV_85,hard_negative_val
DARTIS_2019,4546,nw,no_oil_water,nw-1322-08-000073.jpg,640,640,0,S1A_IW_GRDH_1SDV_20190523T154953_20190523T155018_027357_0315EA_7A48.SAFE,ID_3,S1A_IW_GRDH_1SDV_20190523T154953_20190523T155018_027357_0315EA_7A48.SAFE,S1_20190523_154838_155018_VV_149,hard_negative_val
DARTIS_2019,4547,nw,no_oil_water,nw-1323-08-000074.jpg,640,640,0,S1A_IW_GRDH_1SDV_20190523T154953_20190523T155018_027357_0315EA_7A48.SAFE,ID_3,S1A_IW_GRDH_1SDV_20190523T154953_20190523T155018_027357_0315EA_7A48.SAFE,S1_20190523_154838_155018_VV_150,hard_negative_val
DARTIS_2019,3645,nw,no_oil_water,nw-0421-02-000078.jpg,640,640,0,S1A_IW_GRDH_1SDV_20190524T035209_20190524T035234_027364_031625_B50F.SAFE,ID_3,S1A_IW_GRDH_1SDV_20190524T035209_20190524T035234_027364_031625_B50F.SAFE,S1_20190524_035119_035300_VV_203,hard_negative_val
DARTIS_2019,4232,nw,no_oil_water,nw-1008-06-000096.jpg,640,640,0,S1A_IW_GRDH_1SDV_20190524T035209_20190524T035234_027364_031625_B50F.SAFE,ID_3,S1A_IW_GRDH_1SDV_20190524T035209_20190524T035234_027364_031625_B50F.SAFE,S1_20190524_035119_035300_VV_193,hard_negative_val
DARTIS_2019,4721,nw,no_oil_water,nw-1497-09-000073.jpg,640,640,0,S1A_IW_GRDH_1SDV_20190524T035209_20190524T035234_027364_031625_B50F.SAFE,ID_3,S1A_IW_GRDH_1SDV_20190524T035209_20190524T035234_027364_031625_B50F.SAFE,S1_20190524_035119_035300_VV_171,hard_negative_val
DARTIS_2019,4722,nw,no_oil_water,nw-1498-09-000074.jpg,640,640,0,S1A_IW_GRDH_1SDV_20190524T035209_20190524T035234_027364_031625_B50F.SAFE,ID_3,S1A_IW_GRDH_1SDV_20190524T035209_20190524T035234_027364_031625_B50F.SAFE,S1_20190524_035119_035300_VV_191,hard_negative_val
DARTIS_2019,4723,nw,no_oil_water,nw-1499-09-000075.jpg,640,640,0,S1A_IW_GRDH_1SDV_20190524T035209_20190524T035234_027364_031625_B50F.SAFE,ID_3,S1A_IW_GRDH_1SDV_20190524T035209_20190524T035234_027364_031625_B50F.SAFE,S1_20190524_035119_035300_VV_204,hard_negative_val
DARTIS_2019,4724,nw,no_oil_water,nw-1500-09-000076.jpg,640,640,0,S1A_IW_GRDH_1SDV_20190524T035209_20190524T035234_027364_031625_B50F.SAFE,ID_3,S1A_IW_GRDH_1SDV_20190524T035209_20190524T035234_027364_031625_B50F.SAFE,S1_20190524_035119_035300_VV_289,hard_negative_val
DARTIS_2019,5088,nw,no_oil_water,nw-1864-11-000098.jpg,640,640,0,S1A_IW_GRDH_1SDV_20190524T035209_20190524T035234_027364_031625_B50F.SAFE,ID_3,S1A_IW_GRDH_1SDV_20190524T035209_20190524T035234_027364_031625_B50F.SAFE,S1_20190524_035119_035300_VV_298,hard_negative_val
DARTIS_2019,4370,nw,no_oil_water,nw-1146-07-000068.jpg,640,640,0,S1A_IW_GRDH_1SDV_20190524T035234_20190524T035300_027364_031625_7F1D.SAFE;S1A_IW_GRDH_1SDV_20190524T035209_20190524T035234_027364_031625_B50F.SAFE,ID_3,S1A_IW_GRDH_1SDV_20190524T035234_20190524T035300_027364_031625_7F1D.SAFE;S1A_IW_GRDH_1SDV_20190524T035209_20190524T035234_027364_031625_B50F.SAFE,S1_20190524_035119_035300_VV_301,hard_negative_val
DARTIS_2019,3652,nw,no_oil_water,nw-0428-02-000085.jpg,640,640,0,S1A_IW_GRDH_1SDV_20190531T034325_20190531T034350_027466_031954_4726.SAFE,ID_3,S1A_IW_GRDH_1SDV_20190531T034325_20190531T034350_027466_031954_4726.SAFE,S1_20190531_034300_034440_VV_117,hard_negative_val
DARTIS_2019,3653,nw,no_oil_water,nw-0429-02-000086.jpg,640,640,0,S1A_IW_GRDH_1SDV_20190531T034325_20190531T034350_027466_031954_4726.SAFE,ID_3,S1A_IW_GRDH_1SDV_20190531T034325_20190531T034350_027466_031954_4726.SAFE,S1_20190531_034300_034440_VV_226,hard_negative_val
DARTIS_2019,4245,nw,no_oil_water,nw-1021-06-000109.jpg,640,640,0,S1A_IW_GRDH_1SDV_20190531T034325_20190531T034350_027466_031954_4726.SAFE,ID_3,S1A_IW_GRDH_1SDV_20190531T034325_20190531T034350_027466_031954_4726.SAFE,S1_20190531_034300_034440_VV_237,hard_negative_val
DARTIS_2019,4741,nw,no_oil_water,nw-1517-09-000093.jpg,640,640,0,S1A_IW_GRDH_1SDV_20190531T034325_20190531T034350_027466_031954_4726.SAFE,ID_3,S1A_IW_GRDH_1SDV_20190531T034325_20190531T034350_027466_031954_4726.SAFE,S1_20190531_034300_034440_VV_119,hard_negative_val
DARTIS_2019,4744,nw,no_oil_water,nw-1520-09-000096.jpg,640,640,0,S1A_IW_GRDH_1SDV_20190531T034325_20190531T034350_027466_031954_4726.SAFE,ID_3,S1A_IW_GRDH_1SDV_20190531T034325_20190531T034350_027466_031954_4726.SAFE,S1_20190531_034300_034440_VV_217,hard_negative_val
DARTIS_2019,5101,nw,no_oil_water,nw-1877-11-000111.jpg,640,640,0,S1A_IW_GRDH_1SDV_20190531T034325_20190531T034350_027466_031954_4726.SAFE,ID_3,S1A_IW_GRDH_1SDV_20190531T034325_20190531T034350_027466_031954_4726.SAFE,S1_20190531_034300_034440_VV_111,hard_negative_val
DARTIS_2019,5102,nw,no_oil_water,nw-1878-11-000112.jpg,640,640,0,S1A_IW_GRDH_1SDV_20190531T034325_20190531T034350_027466_031954_4726.SAFE,ID_3,S1A_IW_GRDH_1SDV_20190531T034325_20190531T034350_027466_031954_4726.SAFE,S1_20190531_034300_034440_VV_227,hard_negative_val
DARTIS_2019,5103,nw,no_oil_water,nw-1879-11-000113.jpg,640,640,0,S1A_IW_GRDH_1SDV_20190531T034325_20190531T034350_027466_031954_4726.SAFE,ID_3,S1A_IW_GRDH_1SDV_20190531T034325_20190531T034350_027466_031954_4726.SAFE,S1_20190531_034300_034440_VV_228,hard_negative_val
DARTIS_2019,4043,nw,no_oil_water,nw-0819-05-000073.jpg,640,640,0,S1A_IW_GRDH_1SDV_20190612T034300_20190612T034325_027641_031EA9_7D1B.SAFE,ID_3,S1A_IW_GRDH_1SDV_20190612T034300_20190612T034325_027641_031EA9_7D1B.SAFE,S1_20190612_034300_034440_VV_58,hard_negative_val
DARTIS_2019,4556,nw,no_oil_water,nw-1332-08-000083.jpg,640,640,0,S1A_IW_GRDH_1SDV_20190612T034300_20190612T034325_027641_031EA9_7D1B.SAFE,ID_3,S1A_IW_GRDH_1SDV_20190612T034300_20190612T034325_027641_031EA9_7D1B.SAFE,S1_20190612_034300_034440_VV_22,hard_negative_val
DARTIS_2019,4883,nw,no_oil_water,nw-1659-10-000067.jpg,640,640,0,S1A_IW_GRDH_1SDV_20190612T034300_20190612T034325_027641_031EA9_7D1B.SAFE,ID_3,S1A_IW_GRDH_1SDV_20190612T034300_20190612T034325_027641_031EA9_7D1B.SAFE,S1_20190612_034300_034440_VV_42,hard_negative_val
DARTIS_2019,5106,nw,no_oil_water,nw-1882-11-000116.jpg,640,640,0,S1A_IW_GRDH_1SDV_20190612T034300_20190612T034325_027641_031EA9_7D1B.SAFE,ID_3,S1A_IW_GRDH_1SDV_20190612T034300_20190612T034325_027641_031EA9_7D1B.SAFE,S1_20190612_034300_034440_VV_70,hard_negative_val
DARTIS_2019,3660,nw,no_oil_water,nw-0436-02-000093.jpg,640,640,0,S1A_IW_GRDH_1SDV_20190617T035120_20190617T035145_027714_0320D5_DE52.SAFE,ID_3,S1A_IW_GRDH_1SDV_20190617T035120_20190617T035145_027714_0320D5_DE52.SAFE,S1_20190617_035120_035301_VV_121,hard_negative_val
DARTIS_2019,4887,nw,no_oil_water,nw-1663-10-000071.jpg,640,640,0,S1A_IW_GRDH_1SDV_20190617T035120_20190617T035145_027714_0320D5_DE52.SAFE,ID_3,S1A_IW_GRDH_1SDV_20190617T035120_20190617T035145_027714_0320D5_DE52.SAFE,S1_20190617_035120_035301_VV_41,hard_negative_val
DARTIS_2019,5112,nw,no_oil_water,nw-1888-11-000122.jpg,640,640,0,S1A_IW_GRDH_1SDV_20190617T035120_20190617T035145_027714_0320D5_DE52.SAFE,ID_3,S1A_IW_GRDH_1SDV_20190617T035120_20190617T035145_027714_0320D5_DE52.SAFE,S1_20190617_035120_035301_VV_128,hard_negative_val
DARTIS_2019,5113,nw,no_oil_water,nw-1889-11-000123.jpg,640,640,0,S1A_IW_GRDH_1SDV_20190617T035120_20190617T035145_027714_0320D5_DE52.SAFE,ID_3,S1A_IW_GRDH_1SDV_20190617T035120_20190617T035145_027714_0320D5_DE52.SAFE,S1_20190617_035120_035301_VV_20,hard_negative_val
DARTIS_2019,3821,nw,no_oil_water,nw-0597-03-000094.jpg,640,640,0,S1A_IW_GRDH_1SDV_20190716T035932_20190716T035957_028137_032D90_6BA9.SAFE,ID_3,S1A_IW_GRDH_1SDV_20190716T035932_20190716T035957_028137_032D90_6BA9.SAFE,S1_20190716_035932_040112_VV_14,hard_negative_val
DARTIS_2019,3476,nw,no_oil_water,nw-0252-01-000080.jpg,640,640,0,S1A_IW_GRDH_1SDV_20190806T033501_20190806T033526_028443_0336DB_6632.SAFE,ID_3,S1A_IW_GRDH_1SDV_20190806T033501_20190806T033526_028443_0336DB_6632.SAFE,S1_20190806_033501_033641_VV_9,hard_negative_val
DARTIS_2019,4405,nw,no_oil_water,nw-1181-07-000103.jpg,640,640,0,S1A_IW_GRDH_1SDV_20190816T035124_20190816T035149_028589_033BD4_572B.SAFE,ID_3,S1A_IW_GRDH_1SDV_20190816T035124_20190816T035149_028589_033BD4_572B.SAFE,S1_20190816_035124_035305_VV_82,hard_negative_val
DARTIS_2019,3320,nw,no_oil_water,nw-0096-00-000096.jpg,640,640,0,S1A_IW_GRDH_1SDV_20190822T154130_20190822T154155_028684_033F1B_7F0B.SAFE,ID_3,S1A_IW_GRDH_1SDV_20190822T154130_20190822T154155_028684_033F1B_7F0B.SAFE,S1_20190822_154015_154155_VV_41,hard_negative_val
DARTIS_2019,3939,nw,no_oil_water,nw-0715-04-000050.jpg,640,640,0,S1A_IW_GRDH_1SDV_20190822T154130_20190822T154155_028684_033F1B_7F0B.SAFE,ID_3,S1A_IW_GRDH_1SDV_20190822T154130_20190822T154155_028684_033F1B_7F0B.SAFE,S1_20190822_154015_154155_VV_108,hard_negative_val
DARTIS_2019,4266,nw,no_oil_water,nw-1042-06-000130.jpg,640,640,0,S1A_IW_GRDH_1SDV_20190822T154130_20190822T154155_028684_033F1B_7F0B.SAFE,ID_3,S1A_IW_GRDH_1SDV_20190822T154130_20190822T154155_028684_033F1B_7F0B.SAFE,S1_20190822_154015_154155_VV_101,hard_negative_val
DARTIS_2019,4267,nw,no_oil_water,nw-1043-06-000131.jpg,640,640,0,S1A_IW_GRDH_1SDV_20190822T154130_20190822T154155_028684_033F1B_7F0B.SAFE,ID_3,S1A_IW_GRDH_1SDV_20190822T154130_20190822T154155_028684_033F1B_7F0B.SAFE,S1_20190822_154015_154155_VV_112,hard_negative_val
DARTIS_2019,5123,nw,no_oil_water,nw-1899-11-000133.jpg,640,640,0,S1A_IW_GRDH_1SDV_20190822T154130_20190822T154155_028684_033F1B_7F0B.SAFE,ID_3,S1A_IW_GRDH_1SDV_20190822T154130_20190822T154155_028684_033F1B_7F0B.SAFE,S1_20190822_154015_154155_VV_39,hard_negative_val
DARTIS_2019,4071,nw,no_oil_water,nw-0847-05-000101.jpg,640,640,0,S1A_IW_GRDH_1SDV_20190823T034330_20190823T034355_028691_033F57_A0BF.SAFE,ID_3,S1A_IW_GRDH_1SDV_20190823T034330_20190823T034355_028691_033F57_A0BF.SAFE,S1_20190823_034305_034445_VV_122,hard_negative_val
DARTIS_2019,4410,nw,no_oil_water,nw-1186-07-000108.jpg,640,640,0,S1A_IW_GRDH_1SDV_20190823T034330_20190823T034355_028691_033F57_A0BF.SAFE,ID_3,S1A_IW_GRDH_1SDV_20190823T034330_20190823T034355_028691_033F57_A0BF.SAFE,S1_20190823_034305_034445_VV_69,hard_negative_val
DARTIS_2019,4562,nw,no_oil_water,nw-1338-08-000089.jpg,640,640,0,S1A_IW_GRDH_1SDV_20190823T034330_20190823T034355_028691_033F57_A0BF.SAFE,ID_3,S1A_IW_GRDH_1SDV_20190823T034330_20190823T034355_028691_033F57_A0BF.SAFE,S1_20190823_034305_034445_VV_83,hard_negative_val
DARTIS_2019,4771,nw,no_oil_water,nw-1547-09-000123.jpg,640,640,0,S1A_IW_GRDH_1SDV_20190823T034330_20190823T034355_028691_033F57_A0BF.SAFE,ID_3,S1A_IW_GRDH_1SDV_20190823T034330_20190823T034355_028691_033F57_A0BF.SAFE,S1_20190823_034305_034445_VV_108,hard_negative_val
DARTIS_2019,4772,nw,no_oil_water,nw-1548-09-000124.jpg,640,640,0,S1A_IW_GRDH_1SDV_20190823T034330_20190823T034355_028691_033F57_A0BF.SAFE,ID_3,S1A_IW_GRDH_1SDV_20190823T034330_20190823T034355_028691_033F57_A0BF.SAFE,S1_20190823_034305_034445_VV_129,hard_negative_val
DARTIS_2019,4775,nw,no_oil_water,nw-1551-09-000127.jpg,640,640,0,S1A_IW_GRDH_1SDV_20190823T034330_20190823T034355_028691_033F57_A0BF.SAFE,ID_3,S1A_IW_GRDH_1SDV_20190823T034330_20190823T034355_028691_033F57_A0BF.SAFE,S1_20190823_034305_034445_VV_64,hard_negative_val
DARTIS_2019,3835,nw,no_oil_water,nw-0611-03-000108.jpg,640,640,0,S1A_IW_GRDH_1SDV_20190902T040050_20190902T040115_028837_03447B_D2F2.SAFE,ID_3,S1A_IW_GRDH_1SDV_20190902T040050_20190902T040115_028837_03447B_D2F2.SAFE,S1_20190902_035935_040115_VV_91,hard_negative_val
DARTIS_2019,3942,nw,no_oil_water,nw-0718-04-000053.jpg,640,640,0,S1A_IW_GRDH_1SDV_20190909T035125_20190909T035150_028939_034806_F874.SAFE,ID_3,S1A_IW_GRDH_1SDV_20190909T035125_20190909T035150_028939_034806_F874.SAFE,S1_20190909_035125_035306_VV_57,hard_negative_val
DARTIS_2019,4415,nw,no_oil_water,nw-1191-07-000113.jpg,640,640,0,S1A_IW_GRDH_1SDV_20190909T035125_20190909T035150_028939_034806_F874.SAFE,ID_3,S1A_IW_GRDH_1SDV_20190909T035125_20190909T035150_028939_034806_F874.SAFE,S1_20190909_035125_035306_VV_7,hard_negative_val
DARTIS_2019,3333,nw,no_oil_water,nw-0109-00-000109.jpg,640,640,0,S1A_IW_GRDH_1SDV_20190926T035936_20190926T040001_029187_035080_891A.SAFE,ID_3,S1A_IW_GRDH_1SDV_20190926T035936_20190926T040001_029187_035080_891A.SAFE,S1_20190926_035936_040116_VV_4,hard_negative_val
DARTIS_2019,3840,nw,no_oil_water,nw-0616-03-000113.jpg,640,640,0,S1A_IW_GRDH_1SDV_20190926T035936_20190926T040001_029187_035080_891A.SAFE,ID_3,S1A_IW_GRDH_1SDV_20190926T035936_20190926T040001_029187_035080_891A.SAFE,S1_20190926_035936_040116_VV_36,hard_negative_val
DARTIS_2019,4081,nw,no_oil_water,nw-0857-05-000111.jpg,640,640,0,S1A_IW_GRDH_1SDV_20190926T035936_20190926T040001_029187_035080_891A.SAFE,ID_3,S1A_IW_GRDH_1SDV_20190926T035936_20190926T040001_029187_035080_891A.SAFE,S1_20190926_035936_040116_VV_20,hard_negative_val
DARTIS_2019,4082,nw,no_oil_water,nw-0858-05-000112.jpg,640,640,0,S1A_IW_GRDH_1SDV_20190926T035936_20190926T040001_029187_035080_891A.SAFE,ID_3,S1A_IW_GRDH_1SDV_20190926T035936_20190926T040001_029187_035080_891A.SAFE,S1_20190926_035936_040116_VV_58,hard_negative_val
DARTIS_2019,4576,nw,no_oil_water,nw-1352-08-000103.jpg,640,640,0,S1A_IW_GRDH_1SDV_20190926T035936_20190926T040001_029187_035080_891A.SAFE,ID_3,S1A_IW_GRDH_1SDV_20190926T035936_20190926T040001_029187_035080_891A.SAFE,S1_20190926_035936_040116_VV_41,hard_negative_val
DARTIS_2019,4910,nw,no_oil_water,nw-1686-10-000094.jpg,640,640,0,S1A_IW_GRDH_1SDV_20190926T035936_20190926T040001_029187_035080_891A.SAFE,ID_3,S1A_IW_GRDH_1SDV_20190926T035936_20190926T040001_029187_035080_891A.SAFE,S1_20190926_035936_040116_VV_50,hard_negative_val
DARTIS_2019,4911,nw,no_oil_water,nw-1687-10-000095.jpg,640,640,0,S1A_IW_GRDH_1SDV_20190926T035936_20190926T040001_029187_035080_891A.SAFE,ID_3,S1A_IW_GRDH_1SDV_20190926T035936_20190926T040001_029187_035080_891A.SAFE,S1_20190926_035936_040116_VV_52,hard_negative_val
DARTIS_2019,3692,nw,no_oil_water,nw-0468-02-000125.jpg,640,640,0,S1A_IW_GRDH_1SDV_20191008T035936_20191008T040001_029362_03568A_4BC2.SAFE,ID_3,S1A_IW_GRDH_1SDV_20191008T035936_20191008T040001_029362_03568A_4BC2.SAFE,S1_20191008_035936_040116_VV_40,hard_negative_val
DARTIS_2019,4091,nw,no_oil_water,nw-0867-05-000121.jpg,640,640,0,S1A_IW_GRDH_1SDV_20191008T035936_20191008T040001_029362_03568A_4BC2.SAFE,ID_3,S1A_IW_GRDH_1SDV_20191008T035936_20191008T040001_029362_03568A_4BC2.SAFE,S1_20191008_035936_040116_VV_16,hard_negative_val
DARTIS_2019,4092,nw,no_oil_water,nw-0868-05-000122.jpg,640,640,0,S1A_IW_GRDH_1SDV_20191008T035936_20191008T040001_029362_03568A_4BC2.SAFE,ID_3,S1A_IW_GRDH_1SDV_20191008T035936_20191008T040001_029362_03568A_4BC2.SAFE,S1_20191008_035936_040116_VV_24,hard_negative_val
DARTIS_2019,4093,nw,no_oil_water,nw-0869-05-000123.jpg,640,640,0,S1A_IW_GRDH_1SDV_20191008T035936_20191008T040001_029362_03568A_4BC2.SAFE,ID_3,S1A_IW_GRDH_1SDV_20191008T035936_20191008T040001_029362_03568A_4BC2.SAFE,S1_20191008_035936_040116_VV_49,hard_negative_val
DARTIS_2019,4584,nw,no_oil_water,nw-1360-08-000111.jpg,640,640,0,S1A_IW_GRDH_1SDV_20191008T035936_20191008T040001_029362_03568A_4BC2.SAFE,ID_3,S1A_IW_GRDH_1SDV_20191008T035936_20191008T040001_029362_03568A_4BC2.SAFE,S1_20191008_035936_040116_VV_10,hard_negative_val
DARTIS_2019,3515,nw,no_oil_water,nw-0291-01-000119.jpg,640,640,0,S1A_IW_GRDH_1SDV_20191008T040001_20191008T040026_029362_03568A_1887.SAFE,ID_3,S1A_IW_GRDH_1SDV_20191008T040001_20191008T040026_029362_03568A_1887.SAFE,S1_20191008_035936_040116_VV_58,hard_negative_val
DARTIS_2019,4440,nw,no_oil_water,nw-1216-07-000138.jpg,640,640,0,S1A_IW_GRDH_1SDV_20191020T040001_20191020T040026_029537_035C98_67D9.SAFE,ID_3,S1A_IW_GRDH_1SDV_20191020T040001_20191020T040026_029537_035C98_67D9.SAFE,S1_20191020_035936_040116_VV_40,hard_negative_val
DARTIS_2019,3523,nw,no_oil_water,nw-0299-01-000127.jpg,640,640,0,S1A_IW_GRDH_1SDV_20191021T154131_20191021T154156_029559_035D56_1CD1.SAFE,ID_3,S1A_IW_GRDH_1SDV_20191021T154131_20191021T154156_029559_035D56_1CD1.SAFE,S1_20191021_154016_154156_VV_56,hard_negative_val
DARTIS_2019,3858,nw,no_oil_water,nw-0634-03-000131.jpg,640,640,0,S1A_IW_GRDH_1SDV_20191021T154131_20191021T154156_029559_035D56_1CD1.SAFE,ID_3,S1A_IW_GRDH_1SDV_20191021T154131_20191021T154156_029559_035D56_1CD1.SAFE,S1_20191021_154016_154156_VV_83,hard_negative_val
DARTIS_2019,4946,nw,no_oil_water,nw-1722-10-000130.jpg,640,640,0,S1A_IW_GRDH_1SDV_20191021T154131_20191021T154156_029559_035D56_1CD1.SAFE,ID_3,S1A_IW_GRDH_1SDV_20191021T154131_20191021T154156_029559_035D56_1CD1.SAFE,S1_20191021_154016_154156_VV_78,hard_negative_val
DARTIS_2019,4107,nw,no_oil_water,nw-0883-05-000137.jpg,640,640,0,S1A_IW_GRDH_1SDV_20191103T034307_20191103T034332_029741_0363B0_31DA.SAFE,ID_3,S1A_IW_GRDH_1SDV_20191103T034307_20191103T034332_029741_0363B0_31DA.SAFE,S1_20191103_034307_034447_VV_11,hard_negative_val
DARTIS_2019,3535,nw,no_oil_water,nw-0311-01-000139.jpg,640,640,0,S1A_IW_GRDH_1SDV_20191108T035151_20191108T035216_029814_03664C_7E30.SAFE;S1A_IW_GRDH_1SDV_20191108T035126_20191108T035151_029814_03664C_FCC5.SAFE,ID_3,S1A_IW_GRDH_1SDV_20191108T035151_20191108T035216_029814_03664C_7E30.SAFE;S1A_IW_GRDH_1SDV_20191108T035126_20191108T035151_029814_03664C_FCC5.SAFE,S1_20191108_035126_035307_VV_57,hard_negative_val
DARTIS_2019,3866,nw,no_oil_water,nw-0642-03-000139.jpg,640,640,0,S1A_IW_GRDH_1SDV_20191120T035151_20191120T035216_029989_036C5B_72B9.SAFE;S1A_IW_GRDH_1SDV_20191120T035126_20191120T035151_029989_036C5B_1AC3.SAFE,ID_3,S1A_IW_GRDH_1SDV_20191120T035151_20191120T035216_029989_036C5B_72B9.SAFE;S1A_IW_GRDH_1SDV_20191120T035126_20191120T035151_029989_036C5B_1AC3.SAFE,S1_20191120_035126_035307_VV_74,hard_negative_val
DARTIS_2019,5154,nw,no_oil_water,nw-1930-11-000164.jpg,640,640,0,S1A_IW_GRDH_1SDV_20191120T035151_20191120T035216_029989_036C5B_72B9.SAFE;S1A_IW_GRDH_1SDV_20191120T035126_20191120T035151_029989_036C5B_1AC3.SAFE,ID_3,S1A_IW_GRDH_1SDV_20191120T035151_20191120T035216_029989_036C5B_72B9.SAFE;S1A_IW_GRDH_1SDV_20191120T035126_20191120T035151_029989_036C5B_1AC3.SAFE,S1_20191120_035126_035307_VV_76,hard_negative_val
DARTIS_2019,4121,nw,no_oil_water,nw-0897-05-000151.jpg,640,640,0,S1A_IW_GRDH_1SDV_20191201T154844_20191201T154909_030157_03722E_48D3.SAFE,ID_3,S1A_IW_GRDH_1SDV_20191201T154844_20191201T154909_030157_03722E_48D3.SAFE,S1_20191201_154844_155024_VV_77,hard_negative_val
DARTIS_2019,3384,nw,no_oil_water,nw-0160-00-000160.jpg,640,640,0,S1A_IW_GRDH_1SDV_20191209T034306_20191209T034331_030266_0375E5_975E.SAFE,ID_3,S1A_IW_GRDH_1SDV_20191209T034306_20191209T034331_030266_0375E5_975E.SAFE,S1_20191209_034306_034446_VV_17,hard_negative_val
DARTIS_2019,3715,nw,no_oil_water,nw-0491-02-000148.jpg,640,640,0,S1A_IW_GRDH_1SDV_20191209T034306_20191209T034331_030266_0375E5_975E.SAFE,ID_3,S1A_IW_GRDH_1SDV_20191209T034306_20191209T034331_030266_0375E5_975E.SAFE,S1_20191209_034306_034446_VV_31,hard_negative_val
DARTIS_2019,4463,nw,no_oil_water,nw-1239-07-000161.jpg,640,640,0,S1A_IW_GRDH_1SDV_20191209T034306_20191209T034331_030266_0375E5_975E.SAFE,ID_3,S1A_IW_GRDH_1SDV_20191209T034306_20191209T034331_030266_0375E5_975E.SAFE,S1_20191209_034306_034446_VV_72,hard_negative_val
DARTIS_2019,4622,nw,no_oil_water,nw-1398-08-000149.jpg,640,640,0,S1A_IW_GRDH_1SDV_20191209T034306_20191209T034331_030266_0375E5_975E.SAFE,ID_3,S1A_IW_GRDH_1SDV_20191209T034306_20191209T034331_030266_0375E5_975E.SAFE,S1_20191209_034306_034446_VV_231,hard_negative_val
DARTIS_2019,4130,nw,no_oil_water,nw-0906-05-000160.jpg,640,640,0,S1A_IW_GRDH_1SDV_20191220T154105_20191220T154130_030434_037BB3_C3D6.SAFE,ID_3,S1A_IW_GRDH_1SDV_20191220T154105_20191220T154130_030434_037BB3_C3D6.SAFE,S1_20191220_154015_154155_VV_181,hard_negative_val
DARTIS_2019,4132,nw,no_oil_water,nw-0908-05-000162.jpg,640,640,0,S1A_IW_GRDH_1SDV_20191223T160521_20191223T160546_030478_037D4D_5BF3.SAFE,ID_3,S1A_IW_GRDH_1SDV_20191223T160521_20191223T160546_030478_037D4D_5BF3.SAFE,S1_20191223_160456_160636_VV_170,hard_negative_val
DARTIS_2019,3885,nw,no_oil_water,nw-0661-03-000158.jpg,640,640,0,S1A_IW_GRDH_1SDV_20191225T154908_20191225T154933_030507_037E47_44CB.SAFE,ID_3,S1A_IW_GRDH_1SDV_20191225T154908_20191225T154933_030507_037E47_44CB.SAFE,S1_20191225_154843_155023_VV_85,hard_negative_val
DARTIS_2019,4811,nw,no_oil_water,nw-1587-09-000163.jpg,640,640,0,S1A_IW_GRDH_1SDV_20191225T154908_20191225T154933_030507_037E47_44CB.SAFE,ID_3,S1A_IW_GRDH_1SDV_20191225T154908_20191225T154933_030507_037E47_44CB.SAFE,S1_20191225_154843_155023_VV_89,hard_negative_val
DARTIS_2019,3884,nw,no_oil_water,nw-0660-03-000157.jpg,640,640,0,S1A_IW_GRDH_1SDV_20191225T154933_20191225T154958_030507_037E47_2787.SAFE,ID_3,S1A_IW_GRDH_1SDV_20191225T154933_20191225T154958_030507_037E47_2787.SAFE,S1_20191225_154843_155023_VV_220,hard_negative_val
DARTIS_2019,3724,nw,no_oil_water,nw-0500-02-000157.jpg,640,640,0,S1A_IW_GRDH_1SDV_20191225T154933_20191225T154958_030507_037E47_2787.SAFE;S1A_IW_GRDH_1SDV_20191225T154908_20191225T154933_030507_037E47_44CB.SAFE,ID_3,S1A_IW_GRDH_1SDV_20191225T154933_20191225T154958_030507_037E47_2787.SAFE;S1A_IW_GRDH_1SDV_20191225T154908_20191225T154933_030507_037E47_44CB.SAFE,S1_20191225_154843_155023_VV_215,hard_negative_val
DARTIS_2019,4137,nw,no_oil_water,nw-0913-06-000001.jpg,640,640,0,S1B_IW_GRDH_1SDV_20190110T155611_20190110T155635_014434_01ADED_1E1A.SAFE,ID_3,S1B_IW_GRDH_1SDV_20190110T155611_20190110T155635_014434_01ADED_1E1A.SAFE,S1_20190110_155611_155635_VV_58,hard_negative_val
DARTIS_2019,3228,nw,no_oil_water,nw-0004-00-000004.jpg,640,640,0,S1B_IW_GRDH_1SDV_20190111T035941_20190111T040006_014441_01AE2F_B933.SAFE,ID_3,S1B_IW_GRDH_1SDV_20190111T035941_20190111T040006_014441_01AE2F_B933.SAFE,S1_20190111_035851_040030_VV_116,hard_negative_val
DARTIS_2019,3231,nw,no_oil_water,nw-0007-00-000007.jpg,640,640,0,S1B_IW_GRDH_1SDV_20190111T035941_20190111T040006_014441_01AE2F_B933.SAFE,ID_3,S1B_IW_GRDH_1SDV_20190111T035941_20190111T040006_014441_01AE2F_B933.SAFE,S1_20190111_035851_040030_VV_83,hard_negative_val
DARTIS_2019,3571,nw,no_oil_water,nw-0347-02-000004.jpg,640,640,0,S1B_IW_GRDH_1SDV_20190111T035941_20190111T040006_014441_01AE2F_B933.SAFE,ID_3,S1B_IW_GRDH_1SDV_20190111T035941_20190111T040006_014441_01AE2F_B933.SAFE,S1_20190111_035851_040030_VV_99,hard_negative_val
DARTIS_2019,4483,nw,no_oil_water,nw-1259-08-000010.jpg,640,640,0,S1B_IW_GRDH_1SDV_20190111T035941_20190111T040006_014441_01AE2F_B933.SAFE,ID_3,S1B_IW_GRDH_1SDV_20190111T035941_20190111T040006_014441_01AE2F_B933.SAFE,S1_20190111_035851_040030_VV_100,hard_negative_val
DARTIS_2019,4817,nw,no_oil_water,nw-1593-10-000001.jpg,640,640,0,S1B_IW_GRDH_1SDV_20190111T035941_20190111T040006_014441_01AE2F_B933.SAFE,ID_3,S1B_IW_GRDH_1SDV_20190111T035941_20190111T040006_014441_01AE2F_B933.SAFE,S1_20190111_035851_040030_VV_123,hard_negative_val
DARTIS_2019,4819,nw,no_oil_water,nw-1595-10-000003.jpg,640,640,0,S1B_IW_GRDH_1SDV_20190111T035941_20190111T040006_014441_01AE2F_B933.SAFE,ID_3,S1B_IW_GRDH_1SDV_20190111T035941_20190111T040006_014441_01AE2F_B933.SAFE,S1_20190111_035851_040030_VV_85,hard_negative_val
DARTIS_2019,4820,nw,no_oil_water,nw-1596-10-000004.jpg,640,640,0,S1B_IW_GRDH_1SDV_20190111T035941_20190111T040006_014441_01AE2F_B933.SAFE,ID_3,S1B_IW_GRDH_1SDV_20190111T035941_20190111T040006_014441_01AE2F_B933.SAFE,S1_20190111_035851_040030_VV_88,hard_negative_val
DARTIS_2019,4821,nw,no_oil_water,nw-1597-10-000005.jpg,640,640,0,S1B_IW_GRDH_1SDV_20190111T035941_20190111T040006_014441_01AE2F_B933.SAFE,ID_3,S1B_IW_GRDH_1SDV_20190111T035941_20190111T040006_014441_01AE2F_B933.SAFE,S1_20190111_035851_040030_VV_96,hard_negative_val
DARTIS_2019,3238,nw,no_oil_water,nw-0014-00-000014.jpg,640,640,0,S1B_IW_GRDH_1SDV_20190112T154008_20190112T154033_014463_01AEE6_BC6A.SAFE,ID_3,S1B_IW_GRDH_1SDV_20190112T154008_20190112T154033_014463_01AEE6_BC6A.SAFE,S1_20190112_153943_154058_VV_145,hard_negative_val
DARTIS_2019,3573,nw,no_oil_water,nw-0349-02-000006.jpg,640,640,0,S1B_IW_GRDH_1SDV_20190112T154008_20190112T154033_014463_01AEE6_BC6A.SAFE,ID_3,S1B_IW_GRDH_1SDV_20190112T154008_20190112T154033_014463_01AEE6_BC6A.SAFE,S1_20190112_153943_154058_VV_140,hard_negative_val
DARTIS_2019,3574,nw,no_oil_water,nw-0350-02-000007.jpg,640,640,0,S1B_IW_GRDH_1SDV_20190112T154008_20190112T154033_014463_01AEE6_BC6A.SAFE,ID_3,S1B_IW_GRDH_1SDV_20190112T154008_20190112T154033_014463_01AEE6_BC6A.SAFE,S1_20190112_153943_154058_VV_142,hard_negative_val
DARTIS_2019,3575,nw,no_oil_water,nw-0351-02-000008.jpg,640,640,0,S1B_IW_GRDH_1SDV_20190112T154008_20190112T154033_014463_01AEE6_BC6A.SAFE,ID_3,S1B_IW_GRDH_1SDV_20190112T154008_20190112T154033_014463_01AEE6_BC6A.SAFE,S1_20190112_153943_154058_VV_26,hard_negative_val
DARTIS_2019,3731,nw,no_oil_water,nw-0507-03-000004.jpg,640,640,0,S1B_IW_GRDH_1SDV_20190112T154008_20190112T154033_014463_01AEE6_BC6A.SAFE,ID_3,S1B_IW_GRDH_1SDV_20190112T154008_20190112T154033_014463_01AEE6_BC6A.SAFE,S1_20190112_153943_154058_VV_49,hard_negative_val
DARTIS_2019,4306,nw,no_oil_water,nw-1082-07-000004.jpg,640,640,0,S1B_IW_GRDH_1SDV_20190112T154008_20190112T154033_014463_01AEE6_BC6A.SAFE,ID_3,S1B_IW_GRDH_1SDV_20190112T154008_20190112T154033_014463_01AEE6_BC6A.SAFE,S1_20190112_153943_154058_VV_71,hard_negative_val
DARTIS_2019,4141,nw,no_oil_water,nw-0917-06-000005.jpg,640,640,0,S1B_IW_GRDH_1SDV_20190123T035940_20190123T040005_014616_01B3CB_32E6.SAFE;S1B_IW_GRDH_1SDV_20190123T035915_20190123T035940_014616_01B3CB_38CE.SAFE,ID_3,S1B_IW_GRDH_1SDV_20190123T035940_20190123T040005_014616_01B3CB_32E6.SAFE;S1B_IW_GRDH_1SDV_20190123T035915_20190123T035940_014616_01B3CB_38CE.SAFE,S1_20190123_035850_040029_VV_216,hard_negative_val
DARTIS_2019,4658,nw,no_oil_water,nw-1434-09-000010.jpg,640,640,0,S1B_IW_GRDH_1SDV_20190125T034234_20190125T034259_014645_01B4B6_3194.SAFE,ID_3,S1B_IW_GRDH_1SDV_20190125T034234_20190125T034259_014645_01B4B6_3194.SAFE,S1_20190125_034234_034349_VV_13,hard_negative_val
DARTIS_2019,4492,nw,no_oil_water,nw-1268-08-000019.jpg,640,640,0,S1B_IW_GRDH_1SDV_20190127T160430_20190127T160455_014682_01B5E9_13EC.SAFE,ID_3,S1B_IW_GRDH_1SDV_20190127T160430_20190127T160455_014682_01B5E9_13EC.SAFE,S1_20190127_160405_160545_VV_62,hard_negative_val
DARTIS_2019,4661,nw,no_oil_water,nw-1437-09-000013.jpg,640,640,0,S1B_IW_GRDH_1SDV_20190203T155610_20190203T155635_014784_01B936_2332.SAFE,ID_3,S1B_IW_GRDH_1SDV_20190203T155610_20190203T155635_014784_01B936_2332.SAFE,S1_20190203_155610_155635_VV_9,hard_negative_val
DARTIS_2019,3261,nw,no_oil_water,nw-0037-00-000037.jpg,640,640,0,S1B_IW_GRDH_1SDV_20190217T154032_20190217T154057_014988_01BFFD_6BFC.SAFE,ID_3,S1B_IW_GRDH_1SDV_20190217T154032_20190217T154057_014988_01BFFD_6BFC.SAFE,S1_20190217_153942_154057_VV_69,hard_negative_val
DARTIS_2019,3262,nw,no_oil_water,nw-0038-00-000038.jpg,640,640,0,S1B_IW_GRDH_1SDV_20190217T154032_20190217T154057_014988_01BFFD_6BFC.SAFE,ID_3,S1B_IW_GRDH_1SDV_20190217T154032_20190217T154057_014988_01BFFD_6BFC.SAFE,S1_20190217_153942_154057_VV_92,hard_negative_val
DARTIS_2019,3746,nw,no_oil_water,nw-0522-03-000019.jpg,640,640,0,S1B_IW_GRDH_1SDV_20190217T154032_20190217T154057_014988_01BFFD_6BFC.SAFE,ID_3,S1B_IW_GRDH_1SDV_20190217T154032_20190217T154057_014988_01BFFD_6BFC.SAFE,S1_20190217_153942_154057_VV_107,hard_negative_val
DARTIS_2019,3990,nw,no_oil_water,nw-0766-05-000020.jpg,640,640,0,S1B_IW_GRDH_1SDV_20190217T154032_20190217T154057_014988_01BFFD_6BFC.SAFE,ID_3,S1B_IW_GRDH_1SDV_20190217T154032_20190217T154057_014988_01BFFD_6BFC.SAFE,S1_20190217_153942_154057_VV_78,hard_negative_val
DARTIS_2019,3991,nw,no_oil_water,nw-0767-05-000021.jpg,640,640,0,S1B_IW_GRDH_1SDV_20190217T154032_20190217T154057_014988_01BFFD_6BFC.SAFE,ID_3,S1B_IW_GRDH_1SDV_20190217T154032_20190217T154057_014988_01BFFD_6BFC.SAFE,S1_20190217_153942_154057_VV_94,hard_negative_val
DARTIS_2019,4501,nw,no_oil_water,nw-1277-08-000028.jpg,640,640,0,S1B_IW_GRDH_1SDV_20190217T154032_20190217T154057_014988_01BFFD_6BFC.SAFE,ID_3,S1B_IW_GRDH_1SDV_20190217T154032_20190217T154057_014988_01BFFD_6BFC.SAFE,S1_20190217_153942_154057_VV_105,hard_negative_val
DARTIS_2019,4502,nw,no_oil_water,nw-1278-08-000029.jpg,640,640,0,S1B_IW_GRDH_1SDV_20190217T154032_20190217T154057_014988_01BFFD_6BFC.SAFE,ID_3,S1B_IW_GRDH_1SDV_20190217T154032_20190217T154057_014988_01BFFD_6BFC.SAFE,S1_20190217_153942_154057_VV_115,hard_negative_val
DARTIS_2019,3263,nw,no_oil_water,nw-0039-00-000039.jpg,640,640,0,S1B_IW_GRDH_1SDV_20190218T034234_20190218T034259_014995_01C035_8F1B.SAFE,ID_3,S1B_IW_GRDH_1SDV_20190218T034234_20190218T034259_014995_01C035_8F1B.SAFE,S1_20190218_034234_034349_VV_131,hard_negative_val
DARTIS_2019,3419,nw,no_oil_water,nw-0195-01-000023.jpg,640,640,0,S1B_IW_GRDH_1SDV_20190218T034234_20190218T034259_014995_01C035_8F1B.SAFE,ID_3,S1B_IW_GRDH_1SDV_20190218T034234_20190218T034259_014995_01C035_8F1B.SAFE,S1_20190218_034234_034349_VV_76,hard_negative_val
DARTIS_2019,3592,nw,no_oil_water,nw-0368-02-000025.jpg,640,640,0,S1B_IW_GRDH_1SDV_20190218T034234_20190218T034259_014995_01C035_8F1B.SAFE,ID_3,S1B_IW_GRDH_1SDV_20190218T034234_20190218T034259_014995_01C035_8F1B.SAFE,S1_20190218_034234_034349_VV_11,hard_negative_val
DARTIS_2019,3992,nw,no_oil_water,nw-0768-05-000022.jpg,640,640,0,S1B_IW_GRDH_1SDV_20190218T034234_20190218T034259_014995_01C035_8F1B.SAFE,ID_3,S1B_IW_GRDH_1SDV_20190218T034234_20190218T034259_014995_01C035_8F1B.SAFE,S1_20190218_034234_034349_VV_44,hard_negative_val
DARTIS_2019,3993,nw,no_oil_water,nw-0769-05-000023.jpg,640,640,0,S1B_IW_GRDH_1SDV_20190218T034234_20190218T034259_014995_01C035_8F1B.SAFE,ID_3,S1B_IW_GRDH_1SDV_20190218T034234_20190218T034259_014995_01C035_8F1B.SAFE,S1_20190218_034234_034349_VV_50,hard_negative_val
DARTIS_2019,4505,nw,no_oil_water,nw-1281-08-000032.jpg,640,640,0,S1B_IW_GRDH_1SDV_20190218T034234_20190218T034259_014995_01C035_8F1B.SAFE,ID_3,S1B_IW_GRDH_1SDV_20190218T034234_20190218T034259_014995_01C035_8F1B.SAFE,S1_20190218_034234_034349_VV_144,hard_negative_val
DARTIS_2019,4833,nw,no_oil_water,nw-1609-10-000017.jpg,640,640,0,S1B_IW_GRDH_1SDV_20190218T034234_20190218T034259_014995_01C035_8F1B.SAFE,ID_3,S1B_IW_GRDH_1SDV_20190218T034234_20190218T034259_014995_01C035_8F1B.SAFE,S1_20190218_034234_034349_VV_14,hard_negative_val
DARTIS_2019,4834,nw,no_oil_water,nw-1610-10-000018.jpg,640,640,0,S1B_IW_GRDH_1SDV_20190218T034234_20190218T034259_014995_01C035_8F1B.SAFE,ID_3,S1B_IW_GRDH_1SDV_20190218T034234_20190218T034259_014995_01C035_8F1B.SAFE,S1_20190218_034234_034349_VV_62,hard_negative_val
DARTIS_2019,4835,nw,no_oil_water,nw-1611-10-000019.jpg,640,640,0,S1B_IW_GRDH_1SDV_20190218T034234_20190218T034259_014995_01C035_8F1B.SAFE,ID_3,S1B_IW_GRDH_1SDV_20190218T034234_20190218T034259_014995_01C035_8F1B.SAFE,S1_20190218_034234_034349_VV_67,hard_negative_val
DARTIS_2019,4147,nw,no_oil_water,nw-0923-06-000011.jpg,640,640,0,S1B_IW_GRDH_1SDV_20190220T160519_20190220T160544_015032_01C169_37F7.SAFE;S1B_IW_GRDH_1SDV_20190220T160454_20190220T160519_015032_01C169_7DBC.SAFE,ID_3,S1B_IW_GRDH_1SDV_20190220T160519_20190220T160544_015032_01C169_37F7.SAFE;S1B_IW_GRDH_1SDV_20190220T160454_20190220T160519_015032_01C169_7DBC.SAFE,S1_20190220_160404_160544_VV_41,hard_negative_val
DARTIS_2019,3423,nw,no_oil_water,nw-0199-01-000027.jpg,640,640,0,S1B_IW_GRDH_1SDV_20190222T154810_20190222T154835_015061_01C24C_9BBE.SAFE,ID_3,S1B_IW_GRDH_1SDV_20190222T154810_20190222T154835_015061_01C24C_9BBE.SAFE,S1_20190222_154745_154925_VV_329,hard_negative_val
DARTIS_2019,3602,nw,no_oil_water,nw-0378-02-000035.jpg,640,640,0,S1B_IW_GRDH_1SDV_20190222T154810_20190222T154835_015061_01C24C_9BBE.SAFE,ID_3,S1B_IW_GRDH_1SDV_20190222T154810_20190222T154835_015061_01C24C_9BBE.SAFE,S1_20190222_154745_154925_VV_310,hard_negative_val
DARTIS_2019,3896,nw,no_oil_water,nw-0672-04-000007.jpg,640,640,0,S1B_IW_GRDH_1SDV_20190222T154810_20190222T154835_015061_01C24C_9BBE.SAFE,ID_3,S1B_IW_GRDH_1SDV_20190222T154810_20190222T154835_015061_01C24C_9BBE.SAFE,S1_20190222_154745_154925_VV_307,hard_negative_val
DARTIS_2019,3994,nw,no_oil_water,nw-0770-05-000024.jpg,640,640,0,S1B_IW_GRDH_1SDV_20190222T154810_20190222T154835_015061_01C24C_9BBE.SAFE,ID_3,S1B_IW_GRDH_1SDV_20190222T154810_20190222T154835_015061_01C24C_9BBE.SAFE,S1_20190222_154745_154925_VV_326,hard_negative_val
DARTIS_2019,5016,nw,no_oil_water,nw-1792-11-000026.jpg,640,640,0,S1B_IW_GRDH_1SDV_20190222T154810_20190222T154835_015061_01C24C_9BBE.SAFE,ID_3,S1B_IW_GRDH_1SDV_20190222T154810_20190222T154835_015061_01C24C_9BBE.SAFE,S1_20190222_154745_154925_VV_331,hard_negative_val
DARTIS_2019,5017,nw,no_oil_water,nw-1793-11-000027.jpg,640,640,0,S1B_IW_GRDH_1SDV_20190222T154810_20190222T154835_015061_01C24C_9BBE.SAFE,ID_3,S1B_IW_GRDH_1SDV_20190222T154810_20190222T154835_015061_01C24C_9BBE.SAFE,S1_20190222_154745_154925_VV_332,hard_negative_val
DARTIS_2019,5018,nw,no_oil_water,nw-1794-11-000028.jpg,640,640,0,S1B_IW_GRDH_1SDV_20190222T154810_20190222T154835_015061_01C24C_9BBE.SAFE,ID_3,S1B_IW_GRDH_1SDV_20190222T154810_20190222T154835_015061_01C24C_9BBE.SAFE,S1_20190222_154745_154925_VV_61,hard_negative_val
DARTIS_2019,3422,nw,no_oil_water,nw-0198-01-000026.jpg,640,640,0,S1B_IW_GRDH_1SDV_20190222T154835_20190222T154900_015061_01C24C_E464.SAFE,ID_3,S1B_IW_GRDH_1SDV_20190222T154835_20190222T154900_015061_01C24C_E464.SAFE,S1_20190222_154745_154925_VV_182,hard_negative_val
DARTIS_2019,3599,nw,no_oil_water,nw-0375-02-000032.jpg,640,640,0,S1B_IW_GRDH_1SDV_20190222T154835_20190222T154900_015061_01C24C_E464.SAFE,ID_3,S1B_IW_GRDH_1SDV_20190222T154835_20190222T154900_015061_01C24C_E464.SAFE,S1_20190222_154745_154925_VV_150,hard_negative_val
DARTIS_2019,4151,nw,no_oil_water,nw-0927-06-000015.jpg,640,640,0,S1B_IW_GRDH_1SDV_20190222T154835_20190222T154900_015061_01C24C_E464.SAFE,ID_3,S1B_IW_GRDH_1SDV_20190222T154835_20190222T154900_015061_01C24C_E464.SAFE,S1_20190222_154745_154925_VV_130,hard_negative_val
DARTIS_2019,4152,nw,no_oil_water,nw-0928-06-000016.jpg,640,640,0,S1B_IW_GRDH_1SDV_20190222T154835_20190222T154900_015061_01C24C_E464.SAFE,ID_3,S1B_IW_GRDH_1SDV_20190222T154835_20190222T154900_015061_01C24C_E464.SAFE,S1_20190222_154745_154925_VV_374,hard_negative_val
DARTIS_2019,4510,nw,no_oil_water,nw-1286-08-000037.jpg,640,640,0,S1B_IW_GRDH_1SDV_20190222T154835_20190222T154900_015061_01C24C_E464.SAFE,ID_3,S1B_IW_GRDH_1SDV_20190222T154835_20190222T154900_015061_01C24C_E464.SAFE,S1_20190222_154745_154925_VV_189,hard_negative_val
DARTIS_2019,4840,nw,no_oil_water,nw-1616-10-000024.jpg,640,640,0,S1B_IW_GRDH_1SDV_20190222T154835_20190222T154900_015061_01C24C_E464.SAFE,ID_3,S1B_IW_GRDH_1SDV_20190222T154835_20190222T154900_015061_01C24C_E464.SAFE,S1_20190222_154745_154925_VV_131,hard_negative_val
DARTIS_2019,5011,nw,no_oil_water,nw-1787-11-000021.jpg,640,640,0,S1B_IW_GRDH_1SDV_20190222T154835_20190222T154900_015061_01C24C_E464.SAFE,ID_3,S1B_IW_GRDH_1SDV_20190222T154835_20190222T154900_015061_01C24C_E464.SAFE,S1_20190222_154745_154925_VV_105,hard_negative_val
DARTIS_2019,5012,nw,no_oil_water,nw-1788-11-000022.jpg,640,640,0,S1B_IW_GRDH_1SDV_20190222T154835_20190222T154900_015061_01C24C_E464.SAFE,ID_3,S1B_IW_GRDH_1SDV_20190222T154835_20190222T154900_015061_01C24C_E464.SAFE,S1_20190222_154745_154925_VV_115,hard_negative_val
DARTIS_2019,5021,nw,no_oil_water,nw-1797-11-000031.jpg,640,640,0,S1B_IW_GRDH_1SDV_20190222T154835_20190222T154900_015061_01C24C_E464.SAFE,ID_3,S1B_IW_GRDH_1SDV_20190222T154835_20190222T154900_015061_01C24C_E464.SAFE,S1_20190222_154745_154925_VV_90,hard_negative_val
DARTIS_2019,3605,nw,no_oil_water,nw-0381-02-000038.jpg,640,640,0,S1B_IW_GRDH_1SDV_20190225T033408_20190225T033433_015097_01C374_8457.SAFE,ID_3,S1B_IW_GRDH_1SDV_20190225T033408_20190225T033433_015097_01C374_8457.SAFE,S1_20190225_033408_033548_VV_21,hard_negative_val
DARTIS_2019,3762,nw,no_oil_water,nw-0538-03-000035.jpg,640,640,0,S1B_IW_GRDH_1SDV_20190302T034234_20190302T034259_015170_01C5ED_04F5.SAFE,ID_3,S1B_IW_GRDH_1SDV_20190302T034234_20190302T034259_015170_01C5ED_04F5.SAFE,S1_20190302_034234_034349_VV_35,hard_negative_val
DARTIS_2019,3435,nw,no_oil_water,nw-0211-01-000039.jpg,640,640,0,S1B_IW_GRDH_1SDV_20190309T033433_20190309T033458_015272_01C939_A199.SAFE,ID_3,S1B_IW_GRDH_1SDV_20190309T033433_20190309T033458_015272_01C939_A199.SAFE,S1_20190309_033408_033548_VV_49,hard_negative_val
DARTIS_2019,3284,nw,no_oil_water,nw-0060-00-000060.jpg,640,640,0,S1B_IW_GRDH_1SDV_20190318T154810_20190318T154835_015411_01CDBD_41F5.SAFE,ID_3,S1B_IW_GRDH_1SDV_20190318T154810_20190318T154835_015411_01CDBD_41F5.SAFE,S1_20190318_154745_154925_VV_54,hard_negative_val
DARTIS_2019,3285,nw,no_oil_water,nw-0061-00-000061.jpg,640,640,0,S1B_IW_GRDH_1SDV_20190318T154810_20190318T154835_015411_01CDBD_41F5.SAFE,ID_3,S1B_IW_GRDH_1SDV_20190318T154810_20190318T154835_015411_01CDBD_41F5.SAFE,S1_20190318_154745_154925_VV_56,hard_negative_val
DARTIS_2019,3612,nw,no_oil_water,nw-0388-02-000045.jpg,640,640,0,S1B_IW_GRDH_1SDV_20190318T154810_20190318T154835_015411_01CDBD_41F5.SAFE,ID_3,S1B_IW_GRDH_1SDV_20190318T154810_20190318T154835_015411_01CDBD_41F5.SAFE,S1_20190318_154745_154925_VV_118,hard_negative_val
DARTIS_2019,3902,nw,no_oil_water,nw-0678-04-000013.jpg,640,640,0,S1B_IW_GRDH_1SDV_20190318T154810_20190318T154835_015411_01CDBD_41F5.SAFE,ID_3,S1B_IW_GRDH_1SDV_20190318T154810_20190318T154835_015411_01CDBD_41F5.SAFE,S1_20190318_154745_154925_VV_119,hard_negative_val
DARTIS_2019,3903,nw,no_oil_water,nw-0679-04-000014.jpg,640,640,0,S1B_IW_GRDH_1SDV_20190318T154810_20190318T154835_015411_01CDBD_41F5.SAFE,ID_3,S1B_IW_GRDH_1SDV_20190318T154810_20190318T154835_015411_01CDBD_41F5.SAFE,S1_20190318_154745_154925_VV_121,hard_negative_val
DARTIS_2019,4002,nw,no_oil_water,nw-0778-05-000032.jpg,640,640,0,S1B_IW_GRDH_1SDV_20190318T154810_20190318T154835_015411_01CDBD_41F5.SAFE,ID_3,S1B_IW_GRDH_1SDV_20190318T154810_20190318T154835_015411_01CDBD_41F5.SAFE,S1_20190318_154745_154925_VV_30,hard_negative_val
DARTIS_2019,4003,nw,no_oil_water,nw-0779-05-000033.jpg,640,640,0,S1B_IW_GRDH_1SDV_20190318T154810_20190318T154835_015411_01CDBD_41F5.SAFE,ID_3,S1B_IW_GRDH_1SDV_20190318T154810_20190318T154835_015411_01CDBD_41F5.SAFE,S1_20190318_154745_154925_VV_98,hard_negative_val
DARTIS_2019,5030,nw,no_oil_water,nw-1806-11-000040.jpg,640,640,0,S1B_IW_GRDH_1SDV_20190318T154810_20190318T154835_015411_01CDBD_41F5.SAFE,ID_3,S1B_IW_GRDH_1SDV_20190318T154810_20190318T154835_015411_01CDBD_41F5.SAFE,S1_20190318_154745_154925_VV_36,hard_negative_val
DARTIS_2019,3440,nw,no_oil_water,nw-0216-01-000044.jpg,640,640,0,S1B_IW_GRDH_1SDV_20190324T035850_20190324T035915_015491_01D05D_576D.SAFE,ID_3,S1B_IW_GRDH_1SDV_20190324T035850_20190324T035915_015491_01D05D_576D.SAFE,S1_20190324_035850_040029_VV_23,hard_negative_val
DARTIS_2019,4005,nw,no_oil_water,nw-0781-05-000035.jpg,640,640,0,S1B_IW_GRDH_1SDV_20190324T035850_20190324T035915_015491_01D05D_576D.SAFE,ID_3,S1B_IW_GRDH_1SDV_20190324T035850_20190324T035915_015491_01D05D_576D.SAFE,S1_20190324_035850_040029_VV_6,hard_negative_val
DARTIS_2019,4021,nw,no_oil_water,nw-0797-05-000051.jpg,640,640,0,S1B_IW_GRDH_1SDV_20190423T154901_20190423T154926_015936_01DF14_58C2.SAFE,ID_3,S1B_IW_GRDH_1SDV_20190423T154901_20190423T154926_015936_01DF14_58C2.SAFE,S1_20190423_154746_154926_VV_185,hard_negative_val
DARTIS_2019,4022,nw,no_oil_water,nw-0798-05-000052.jpg,640,640,0,S1B_IW_GRDH_1SDV_20190423T154901_20190423T154926_015936_01DF14_58C2.SAFE,ID_3,S1B_IW_GRDH_1SDV_20190423T154901_20190423T154926_015936_01DF14_58C2.SAFE,S1_20190423_154746_154926_VV_84,hard_negative_val
DARTIS_2019,4190,nw,no_oil_water,nw-0966-06-000054.jpg,640,640,0,S1B_IW_GRDH_1SDV_20190423T154901_20190423T154926_015936_01DF14_58C2.SAFE,ID_3,S1B_IW_GRDH_1SDV_20190423T154901_20190423T154926_015936_01DF14_58C2.SAFE,S1_20190423_154746_154926_VV_170,hard_negative_val
DARTIS_2019,4191,nw,no_oil_water,nw-0967-06-000055.jpg,640,640,0,S1B_IW_GRDH_1SDV_20190423T154901_20190423T154926_015936_01DF14_58C2.SAFE,ID_3,S1B_IW_GRDH_1SDV_20190423T154901_20190423T154926_015936_01DF14_58C2.SAFE,S1_20190423_154746_154926_VV_186,hard_negative_val
DARTIS_2019,3781,nw,no_oil_water,nw-0557-03-000054.jpg,640,640,0,S1B_IW_GRDH_1SDV_20190424T035041_20190424T035106_015943_01DF52_4650.SAFE,ID_3,S1B_IW_GRDH_1SDV_20190424T035041_20190424T035106_015943_01DF52_4650.SAFE,S1_20190424_035041_035220_VV_72,hard_negative_val
DARTIS_2019,3782,nw,no_oil_water,nw-0558-03-000055.jpg,640,640,0,S1B_IW_GRDH_1SDV_20190424T035041_20190424T035106_015943_01DF52_4650.SAFE,ID_3,S1B_IW_GRDH_1SDV_20190424T035041_20190424T035106_015943_01DF52_4650.SAFE,S1_20190424_035041_035220_VV_9,hard_negative_val
DARTIS_2019,4192,nw,no_oil_water,nw-0968-06-000056.jpg,640,640,0,S1B_IW_GRDH_1SDV_20190424T035041_20190424T035106_015943_01DF52_4650.SAFE,ID_3,S1B_IW_GRDH_1SDV_20190424T035041_20190424T035106_015943_01DF52_4650.SAFE,S1_20190424_035041_035220_VV_123,hard_negative_val
DARTIS_2019,4193,nw,no_oil_water,nw-0969-06-000057.jpg,640,640,0,S1B_IW_GRDH_1SDV_20190424T035041_20190424T035106_015943_01DF52_4650.SAFE,ID_3,S1B_IW_GRDH_1SDV_20190424T035041_20190424T035106_015943_01DF52_4650.SAFE,S1_20190424_035041_035220_VV_31,hard_negative_val
DARTIS_2019,4355,nw,no_oil_water,nw-1131-07-000053.jpg,640,640,0,S1B_IW_GRDH_1SDV_20190424T035041_20190424T035106_015943_01DF52_4650.SAFE,ID_3,S1B_IW_GRDH_1SDV_20190424T035041_20190424T035106_015943_01DF52_4650.SAFE,S1_20190424_035041_035220_VV_23,hard_negative_val
DARTIS_2019,4356,nw,no_oil_water,nw-1132-07-000054.jpg,640,640,0,S1B_IW_GRDH_1SDV_20190424T035041_20190424T035106_015943_01DF52_4650.SAFE,ID_3,S1B_IW_GRDH_1SDV_20190424T035041_20190424T035106_015943_01DF52_4650.SAFE,S1_20190424_035041_035220_VV_63,hard_negative_val
DARTIS_2019,5057,nw,no_oil_water,nw-1833-11-000067.jpg,640,640,0,S1B_IW_GRDH_1SDV_20190424T035041_20190424T035106_015943_01DF52_4650.SAFE,ID_3,S1B_IW_GRDH_1SDV_20190424T035041_20190424T035106_015943_01DF52_4650.SAFE,S1_20190424_035041_035220_VV_17,hard_negative_val
DARTIS_2019,5058,nw,no_oil_water,nw-1834-11-000068.jpg,640,640,0,S1B_IW_GRDH_1SDV_20190424T035041_20190424T035106_015943_01DF52_4650.SAFE,ID_3,S1B_IW_GRDH_1SDV_20190424T035041_20190424T035106_015943_01DF52_4650.SAFE,S1_20190424_035041_035220_VV_24,hard_negative_val
DARTIS_2019,5059,nw,no_oil_water,nw-1835-11-000069.jpg,640,640,0,S1B_IW_GRDH_1SDV_20190424T035041_20190424T035106_015943_01DF52_4650.SAFE,ID_3,S1B_IW_GRDH_1SDV_20190424T035041_20190424T035106_015943_01DF52_4650.SAFE,S1_20190424_035041_035220_VV_4,hard_negative_val
DARTIS_2019,3633,nw,no_oil_water,nw-0409-02-000066.jpg,640,640,0,S1B_IW_GRDH_1SDV_20190501T034244_20190501T034309_016045_01E2CB_793F.SAFE,ID_3,S1B_IW_GRDH_1SDV_20190501T034244_20190501T034309_016045_01E2CB_793F.SAFE,S1_20190501_034219_034359_VV_81,hard_negative_val
DARTIS_2019,3795,nw,no_oil_water,nw-0571-03-000068.jpg,640,640,0,S1B_IW_GRDH_1SDV_20190501T034244_20190501T034309_016045_01E2CB_793F.SAFE,ID_3,S1B_IW_GRDH_1SDV_20190501T034244_20190501T034309_016045_01E2CB_793F.SAFE,S1_20190501_034219_034359_VV_93,hard_negative_val
DARTIS_2019,3922,nw,no_oil_water,nw-0698-04-000033.jpg,640,640,0,S1B_IW_GRDH_1SDV_20190501T034244_20190501T034309_016045_01E2CB_793F.SAFE,ID_3,S1B_IW_GRDH_1SDV_20190501T034244_20190501T034309_016045_01E2CB_793F.SAFE,S1_20190501_034219_034359_VV_143,hard_negative_val
DARTIS_2019,3923,nw,no_oil_water,nw-0699-04-000034.jpg,640,640,0,S1B_IW_GRDH_1SDV_20190501T034244_20190501T034309_016045_01E2CB_793F.SAFE,ID_3,S1B_IW_GRDH_1SDV_20190501T034244_20190501T034309_016045_01E2CB_793F.SAFE,S1_20190501_034219_034359_VV_208,hard_negative_val
DARTIS_2019,4365,nw,no_oil_water,nw-1141-07-000063.jpg,640,640,0,S1B_IW_GRDH_1SDV_20190501T034244_20190501T034309_016045_01E2CB_793F.SAFE,ID_3,S1B_IW_GRDH_1SDV_20190501T034244_20190501T034309_016045_01E2CB_793F.SAFE,S1_20190501_034219_034359_VV_120,hard_negative_val
DARTIS_2019,4705,nw,no_oil_water,nw-1481-09-000057.jpg,640,640,0,S1B_IW_GRDH_1SDV_20190501T034244_20190501T034309_016045_01E2CB_793F.SAFE,ID_3,S1B_IW_GRDH_1SDV_20190501T034244_20190501T034309_016045_01E2CB_793F.SAFE,S1_20190501_034219_034359_VV_121,hard_negative_val
DARTIS_2019,4706,nw,no_oil_water,nw-1482-09-000058.jpg,640,640,0,S1B_IW_GRDH_1SDV_20190501T034244_20190501T034309_016045_01E2CB_793F.SAFE,ID_3,S1B_IW_GRDH_1SDV_20190501T034244_20190501T034309_016045_01E2CB_793F.SAFE,S1_20190501_034219_034359_VV_123,hard_negative_val
DARTIS_2019,4707,nw,no_oil_water,nw-1483-09-000059.jpg,640,640,0,S1B_IW_GRDH_1SDV_20190501T034244_20190501T034309_016045_01E2CB_793F.SAFE,ID_3,S1B_IW_GRDH_1SDV_20190501T034244_20190501T034309_016045_01E2CB_793F.SAFE,S1_20190501_034219_034359_VV_83,hard_negative_val
DARTIS_2019,5073,nw,no_oil_water,nw-1849-11-000083.jpg,640,640,0,S1B_IW_GRDH_1SDV_20190501T034244_20190501T034309_016045_01E2CB_793F.SAFE,ID_3,S1B_IW_GRDH_1SDV_20190501T034244_20190501T034309_016045_01E2CB_793F.SAFE,S1_20190501_034219_034359_VV_139,hard_negative_val
DARTIS_2019,4215,nw,no_oil_water,nw-0991-06-000079.jpg,640,640,0,S1B_IW_GRDH_1SDV_20190522T155643_20190522T155712_016359_01ECA7_4C33.SAFE,ID_3,S1B_IW_GRDH_1SDV_20190522T155643_20190522T155712_016359_01ECA7_4C33.SAFE,S1_20190522_155643_155737_VV_212,hard_negative_val
DARTIS_2019,4216,nw,no_oil_water,nw-0992-06-000080.jpg,640,640,0,S1B_IW_GRDH_1SDV_20190522T155643_20190522T155712_016359_01ECA7_4C33.SAFE,ID_3,S1B_IW_GRDH_1SDV_20190522T155643_20190522T155712_016359_01ECA7_4C33.SAFE,S1_20190522_155643_155737_VV_23,hard_negative_val
DARTIS_2019,4217,nw,no_oil_water,nw-0993-06-000081.jpg,640,640,0,S1B_IW_GRDH_1SDV_20190522T155643_20190522T155712_016359_01ECA7_4C33.SAFE,ID_3,S1B_IW_GRDH_1SDV_20190522T155643_20190522T155712_016359_01ECA7_4C33.SAFE,S1_20190522_155643_155737_VV_237,hard_negative_val
DARTIS_2019,4219,nw,no_oil_water,nw-0995-06-000083.jpg,640,640,0,S1B_IW_GRDH_1SDV_20190522T155643_20190522T155712_016359_01ECA7_4C33.SAFE,ID_3,S1B_IW_GRDH_1SDV_20190522T155643_20190522T155712_016359_01ECA7_4C33.SAFE,S1_20190522_155643_155737_VV_39,hard_negative_val
DARTIS_2019,4220,nw,no_oil_water,nw-0996-06-000084.jpg,640,640,0,S1B_IW_GRDH_1SDV_20190522T155643_20190522T155712_016359_01ECA7_4C33.SAFE,ID_3,S1B_IW_GRDH_1SDV_20190522T155643_20190522T155712_016359_01ECA7_4C33.SAFE,S1_20190522_155643_155737_VV_48,hard_negative_val
DARTIS_2019,4221,nw,no_oil_water,nw-0997-06-000085.jpg,640,640,0,S1B_IW_GRDH_1SDV_20190522T155643_20190522T155712_016359_01ECA7_4C33.SAFE,ID_3,S1B_IW_GRDH_1SDV_20190522T155643_20190522T155712_016359_01ECA7_4C33.SAFE,S1_20190522_155643_155737_VV_5,hard_negative_val
DARTIS_2019,4222,nw,no_oil_water,nw-0998-06-000086.jpg,640,640,0,S1B_IW_GRDH_1SDV_20190522T155643_20190522T155712_016359_01ECA7_4C33.SAFE,ID_3,S1B_IW_GRDH_1SDV_20190522T155643_20190522T155712_016359_01ECA7_4C33.SAFE,S1_20190522_155643_155737_VV_69,hard_negative_val
DARTIS_2019,4223,nw,no_oil_water,nw-0999-06-000087.jpg,640,640,0,S1B_IW_GRDH_1SDV_20190522T155643_20190522T155712_016359_01ECA7_4C33.SAFE,ID_3,S1B_IW_GRDH_1SDV_20190522T155643_20190522T155712_016359_01ECA7_4C33.SAFE,S1_20190522_155643_155737_VV_77,hard_negative_val
DARTIS_2019,4870,nw,no_oil_water,nw-1646-10-000054.jpg,640,640,0,S1B_IW_GRDH_1SDV_20190522T155643_20190522T155712_016359_01ECA7_4C33.SAFE,ID_3,S1B_IW_GRDH_1SDV_20190522T155643_20190522T155712_016359_01ECA7_4C33.SAFE,S1_20190522_155643_155737_VV_42,hard_negative_val
DARTIS_2019,5085,nw,no_oil_water,nw-1861-11-000095.jpg,640,640,0,S1B_IW_GRDH_1SDV_20190522T155643_20190522T155712_016359_01ECA7_4C33.SAFE,ID_3,S1B_IW_GRDH_1SDV_20190522T155643_20190522T155712_016359_01ECA7_4C33.SAFE,S1_20190522_155643_155737_VV_51,hard_negative_val
DARTIS_2019,5086,nw,no_oil_water,nw-1862-11-000096.jpg,640,640,0,S1B_IW_GRDH_1SDV_20190522T155643_20190522T155712_016359_01ECA7_4C33.SAFE,ID_3,S1B_IW_GRDH_1SDV_20190522T155643_20190522T155712_016359_01ECA7_4C33.SAFE,S1_20190522_155643_155737_VV_92,hard_negative_val
DARTIS_2019,3928,nw,no_oil_water,nw-0704-04-000039.jpg,640,640,0,S1B_IW_GRDH_1SDV_20190527T160457_20190527T160522_016432_01EEE6_4F2E.SAFE,ID_3,S1B_IW_GRDH_1SDV_20190527T160457_20190527T160522_016432_01EEE6_4F2E.SAFE,S1_20190527_160407_160547_VV_153,hard_negative_val
DARTIS_2019,4035,nw,no_oil_water,nw-0811-05-000065.jpg,640,640,0,S1B_IW_GRDH_1SDV_20190527T160457_20190527T160522_016432_01EEE6_4F2E.SAFE,ID_3,S1B_IW_GRDH_1SDV_20190527T160457_20190527T160522_016432_01EEE6_4F2E.SAFE,S1_20190527_160407_160547_VV_13,hard_negative_val
DARTIS_2019,4234,nw,no_oil_water,nw-1010-06-000098.jpg,640,640,0,S1B_IW_GRDH_1SDV_20190527T160457_20190527T160522_016432_01EEE6_4F2E.SAFE,ID_3,S1B_IW_GRDH_1SDV_20190527T160457_20190527T160522_016432_01EEE6_4F2E.SAFE,S1_20190527_160407_160547_VV_130,hard_negative_val
DARTIS_2019,4235,nw,no_oil_water,nw-1011-06-000099.jpg,640,640,0,S1B_IW_GRDH_1SDV_20190527T160457_20190527T160522_016432_01EEE6_4F2E.SAFE,ID_3,S1B_IW_GRDH_1SDV_20190527T160457_20190527T160522_016432_01EEE6_4F2E.SAFE,S1_20190527_160407_160547_VV_131,hard_negative_val
DARTIS_2019,4236,nw,no_oil_water,nw-1012-06-000100.jpg,640,640,0,S1B_IW_GRDH_1SDV_20190527T160457_20190527T160522_016432_01EEE6_4F2E.SAFE,ID_3,S1B_IW_GRDH_1SDV_20190527T160457_20190527T160522_016432_01EEE6_4F2E.SAFE,S1_20190527_160407_160547_VV_160,hard_negative_val
DARTIS_2019,4237,nw,no_oil_water,nw-1013-06-000101.jpg,640,640,0,S1B_IW_GRDH_1SDV_20190527T160457_20190527T160522_016432_01EEE6_4F2E.SAFE,ID_3,S1B_IW_GRDH_1SDV_20190527T160457_20190527T160522_016432_01EEE6_4F2E.SAFE,S1_20190527_160407_160547_VV_172,hard_negative_val
DARTIS_2019,4372,nw,no_oil_water,nw-1148-07-000070.jpg,640,640,0,S1B_IW_GRDH_1SDV_20190527T160457_20190527T160522_016432_01EEE6_4F2E.SAFE,ID_3,S1B_IW_GRDH_1SDV_20190527T160457_20190527T160522_016432_01EEE6_4F2E.SAFE,S1_20190527_160407_160547_VV_20,hard_negative_val
DARTIS_2019,5089,nw,no_oil_water,nw-1865-11-000099.jpg,640,640,0,S1B_IW_GRDH_1SDV_20190527T160457_20190527T160522_016432_01EEE6_4F2E.SAFE,ID_3,S1B_IW_GRDH_1SDV_20190527T160457_20190527T160522_016432_01EEE6_4F2E.SAFE,S1_20190527_160407_160547_VV_146,hard_negative_val
DARTIS_2019,4732,nw,no_oil_water,nw-1508-09-000084.jpg,640,640,0,S1B_IW_GRDH_1SDV_20190529T154813_20190529T154838_016461_01EFC4_3A8F.SAFE;S1B_IW_GRDH_1SDV_20190529T154748_20190529T154813_016461_01EFC4_EB6A.SAFE,ID_3,S1B_IW_GRDH_1SDV_20190529T154813_20190529T154838_016461_01EFC4_3A8F.SAFE;S1B_IW_GRDH_1SDV_20190529T154748_20190529T154813_016461_01EFC4_EB6A.SAFE,S1_20190529_154748_154928_VV_4,hard_negative_val
DARTIS_2019,3656,nw,no_oil_water,nw-0432-02-000089.jpg,640,640,0,S1B_IW_GRDH_1SDV_20190606T034221_20190606T034246_016570_01F315_3379.SAFE,ID_3,S1B_IW_GRDH_1SDV_20190606T034221_20190606T034246_016570_01F315_3379.SAFE,S1_20190606_034221_034401_VV_53,hard_negative_val
DARTIS_2019,4378,nw,no_oil_water,nw-1154-07-000076.jpg,640,640,0,S1B_IW_GRDH_1SDV_20190606T034221_20190606T034246_016570_01F315_3379.SAFE,ID_3,S1B_IW_GRDH_1SDV_20190606T034221_20190606T034246_016570_01F315_3379.SAFE,S1_20190606_034221_034401_VV_16,hard_negative_val
DARTIS_2019,4038,nw,no_oil_water,nw-0814-05-000068.jpg,640,640,0,S1B_IW_GRDH_1SDV_20190606T034246_20190606T034311_016570_01F315_F9B4.SAFE,ID_3,S1B_IW_GRDH_1SDV_20190606T034246_20190606T034311_016570_01F315_F9B4.SAFE,S1_20190606_034221_034401_VV_83,hard_negative_val
DARTIS_2019,3303,nw,no_oil_water,nw-0079-00-000079.jpg,640,640,0,S1B_IW_GRDH_1SDV_20190610T154903_20190610T154928_016636_01F4FD_9997.SAFE;S1B_IW_GRDH_1SDV_20190610T154838_20190610T154903_016636_01F4FD_6C1D.SAFE,ID_3,S1B_IW_GRDH_1SDV_20190610T154903_20190610T154928_016636_01F4FD_9997.SAFE;S1B_IW_GRDH_1SDV_20190610T154838_20190610T154903_016636_01F4FD_6C1D.SAFE,S1_20190610_154748_154928_VV_72,hard_negative_val
DARTIS_2019,3461,nw,no_oil_water,nw-0237-01-000065.jpg,640,640,0,S1B_IW_GRDH_1SDV_20190616T035918_20190616T035943_016716_01F766_2E45.SAFE,ID_3,S1B_IW_GRDH_1SDV_20190616T035918_20190616T035943_016716_01F766_2E45.SAFE,S1_20190616_035853_040032_VV_40,hard_negative_val
DARTIS_2019,3462,nw,no_oil_water,nw-0238-01-000066.jpg,640,640,0,S1B_IW_GRDH_1SDV_20190616T035918_20190616T035943_016716_01F766_2E45.SAFE,ID_3,S1B_IW_GRDH_1SDV_20190616T035918_20190616T035943_016716_01F766_2E45.SAFE,S1_20190616_035853_040032_VV_41,hard_negative_val
DARTIS_2019,3463,nw,no_oil_water,nw-0239-01-000067.jpg,640,640,0,S1B_IW_GRDH_1SDV_20190616T035918_20190616T035943_016716_01F766_2E45.SAFE,ID_3,S1B_IW_GRDH_1SDV_20190616T035918_20190616T035943_016716_01F766_2E45.SAFE,S1_20190616_035853_040032_VV_49,hard_negative_val
DARTIS_2019,3464,nw,no_oil_water,nw-0240-01-000068.jpg,640,640,0,S1B_IW_GRDH_1SDV_20190616T035918_20190616T035943_016716_01F766_2E45.SAFE,ID_3,S1B_IW_GRDH_1SDV_20190616T035918_20190616T035943_016716_01F766_2E45.SAFE,S1_20190616_035853_040032_VV_52,hard_negative_val
DARTIS_2019,3812,nw,no_oil_water,nw-0588-03-000085.jpg,640,640,0,S1B_IW_GRDH_1SDV_20190616T035918_20190616T035943_016716_01F766_2E45.SAFE,ID_3,S1B_IW_GRDH_1SDV_20190616T035918_20190616T035943_016716_01F766_2E45.SAFE,S1_20190616_035853_040032_VV_96,hard_negative_val
DARTIS_2019,4557,nw,no_oil_water,nw-1333-08-000084.jpg,640,640,0,S1B_IW_GRDH_1SDV_20190616T035918_20190616T035943_016716_01F766_2E45.SAFE,ID_3,S1B_IW_GRDH_1SDV_20190616T035918_20190616T035943_016716_01F766_2E45.SAFE,S1_20190616_035853_040032_VV_97,hard_negative_val
DARTIS_2019,4753,nw,no_oil_water,nw-1529-09-000105.jpg,640,640,0,S1B_IW_GRDH_1SDV_20190616T035918_20190616T035943_016716_01F766_2E45.SAFE,ID_3,S1B_IW_GRDH_1SDV_20190616T035918_20190616T035943_016716_01F766_2E45.SAFE,S1_20190616_035853_040032_VV_62,hard_negative_val
DARTIS_2019,4061,nw,no_oil_water,nw-0837-05-000091.jpg,640,640,0,S1B_IW_GRDH_1SDV_20190719T033413_20190719T033438_017197_020579_3A54.SAFE,ID_3,S1B_IW_GRDH_1SDV_20190719T033413_20190719T033438_017197_020579_3A54.SAFE,S1_20190719_033413_033553_VV_13,hard_negative_val
DARTIS_2019,3315,nw,no_oil_water,nw-0091-00-000091.jpg,640,640,0,S1B_IW_GRDH_1SDV_20190729T035046_20190729T035111_017343_0209D6_0255.SAFE,ID_3,S1B_IW_GRDH_1SDV_20190729T035046_20190729T035111_017343_0209D6_0255.SAFE,S1_20190729_035046_035225_VV_1,hard_negative_val
DARTIS_2019,3827,nw,no_oil_water,nw-0603-03-000100.jpg,640,640,0,S1B_IW_GRDH_1SDV_20190803T035856_20190803T035921_017416_020C16_EF88.SAFE,ID_3,S1B_IW_GRDH_1SDV_20190803T035856_20190803T035921_017416_020C16_EF88.SAFE,S1_20190803_035856_040035_VV_14,hard_negative_val
DARTIS_2019,3828,nw,no_oil_water,nw-0604-03-000101.jpg,640,640,0,S1B_IW_GRDH_1SDV_20190803T035856_20190803T035921_017416_020C16_EF88.SAFE,ID_3,S1B_IW_GRDH_1SDV_20190803T035856_20190803T035921_017416_020C16_EF88.SAFE,S1_20190803_035856_040035_VV_25,hard_negative_val
DARTIS_2019,4399,nw,no_oil_water,nw-1175-07-000097.jpg,640,640,0,S1B_IW_GRDH_1SDV_20190803T035856_20190803T035921_017416_020C16_EF88.SAFE,ID_3,S1B_IW_GRDH_1SDV_20190803T035856_20190803T035921_017416_020C16_EF88.SAFE,S1_20190803_035856_040035_VV_18,hard_negative_val
DARTIS_2019,4765,nw,no_oil_water,nw-1541-09-000117.jpg,640,640,0,S1B_IW_GRDH_1SDV_20190803T035856_20190803T035921_017416_020C16_EF88.SAFE,ID_3,S1B_IW_GRDH_1SDV_20190803T035856_20190803T035921_017416_020C16_EF88.SAFE,S1_20190803_035856_040035_VV_80,hard_negative_val
DARTIS_2019,4766,nw,no_oil_water,nw-1542-09-000118.jpg,640,640,0,S1B_IW_GRDH_1SDV_20190803T035856_20190803T035921_017416_020C16_EF88.SAFE,ID_3,S1B_IW_GRDH_1SDV_20190803T035856_20190803T035921_017416_020C16_EF88.SAFE,S1_20190803_035856_040035_VV_85,hard_negative_val
DARTIS_2019,4898,nw,no_oil_water,nw-1674-10-000082.jpg,640,640,0,S1B_IW_GRDH_1SDV_20190803T035856_20190803T035921_017416_020C16_EF88.SAFE,ID_3,S1B_IW_GRDH_1SDV_20190803T035856_20190803T035921_017416_020C16_EF88.SAFE,S1_20190803_035856_040035_VV_56,hard_negative_val
DARTIS_2019,5120,nw,no_oil_water,nw-1896-11-000130.jpg,640,640,0,S1B_IW_GRDH_1SDV_20190803T035856_20190803T035921_017416_020C16_EF88.SAFE,ID_3,S1B_IW_GRDH_1SDV_20190803T035856_20190803T035921_017416_020C16_EF88.SAFE,S1_20190803_035856_040035_VV_70,hard_negative_val
DARTIS_2019,3829,nw,no_oil_water,nw-0605-03-000102.jpg,640,640,0,S1B_IW_GRDH_1SDV_20190805T034224_20190805T034249_017445_020CF7_1135.SAFE,ID_3,S1B_IW_GRDH_1SDV_20190805T034224_20190805T034249_017445_020CF7_1135.SAFE,S1_20190805_034224_034404_VV_5,hard_negative_val
DARTIS_2019,4401,nw,no_oil_water,nw-1177-07-000099.jpg,640,640,0,S1B_IW_GRDH_1SDV_20190805T034224_20190805T034249_017445_020CF7_1135.SAFE,ID_3,S1B_IW_GRDH_1SDV_20190805T034224_20190805T034249_017445_020CF7_1135.SAFE,S1_20190805_034224_034404_VV_20,hard_negative_val
DARTIS_2019,4767,nw,no_oil_water,nw-1543-09-000119.jpg,640,640,0,S1B_IW_GRDH_1SDV_20190805T034224_20190805T034249_017445_020CF7_1135.SAFE,ID_3,S1B_IW_GRDH_1SDV_20190805T034224_20190805T034249_017445_020CF7_1135.SAFE,S1_20190805_034224_034404_VV_17,hard_negative_val
DARTIS_2019,4768,nw,no_oil_water,nw-1544-09-000120.jpg,640,640,0,S1B_IW_GRDH_1SDV_20190805T034224_20190805T034249_017445_020CF7_1135.SAFE,ID_3,S1B_IW_GRDH_1SDV_20190805T034224_20190805T034249_017445_020CF7_1135.SAFE,S1_20190805_034224_034404_VV_72,hard_negative_val
DARTIS_2019,3485,nw,no_oil_water,nw-0261-01-000089.jpg,640,640,0,S1B_IW_GRDH_1SDV_20190823T153225_20190823T153250_017715_021546_92F3.SAFE,ID_3,S1B_IW_GRDH_1SDV_20190823T153225_20190823T153250_017715_021546_92F3.SAFE,S1_20190823_153135_153315_VV_409,hard_negative_val
DARTIS_2019,4565,nw,no_oil_water,nw-1341-08-000092.jpg,640,640,0,S1B_IW_GRDH_1SDV_20190903T035113_20190903T035138_017868_021A04_3E95.SAFE,ID_3,S1B_IW_GRDH_1SDV_20190903T035113_20190903T035138_017868_021A04_3E95.SAFE,S1_20190903_035048_035227_VV_103,hard_negative_val
DARTIS_2019,4078,nw,no_oil_water,nw-0854-05-000108.jpg,640,640,0,S1B_IW_GRDH_1SDV_20190912T160438_20190912T160503_018007_021E66_0739.SAFE,ID_3,S1B_IW_GRDH_1SDV_20190912T160438_20190912T160503_018007_021E66_0739.SAFE,S1_20190912_160413_160553_VV_7,hard_negative_val
DARTIS_2019,3501,nw,no_oil_water,nw-0277-01-000105.jpg,640,640,0,S1B_IW_GRDH_1SDV_20190926T154910_20190926T154935_018211_0224A2_D216.SAFE,ID_3,S1B_IW_GRDH_1SDV_20190926T154910_20190926T154935_018211_0224A2_D216.SAFE,S1_20190926_154755_154935_VV_137,hard_negative_val
DARTIS_2019,4083,nw,no_oil_water,nw-0859-05-000113.jpg,640,640,0,S1B_IW_GRDH_1SDV_20190926T154910_20190926T154935_018211_0224A2_D216.SAFE,ID_3,S1B_IW_GRDH_1SDV_20190926T154910_20190926T154935_018211_0224A2_D216.SAFE,S1_20190926_154755_154935_VV_141,hard_negative_val
DARTIS_2019,4272,nw,no_oil_water,nw-1048-06-000136.jpg,640,640,0,S1B_IW_GRDH_1SDV_20190926T154910_20190926T154935_018211_0224A2_D216.SAFE,ID_3,S1B_IW_GRDH_1SDV_20190926T154910_20190926T154935_018211_0224A2_D216.SAFE,S1_20190926_154755_154935_VV_145,hard_negative_val
DARTIS_2019,4424,nw,no_oil_water,nw-1200-07-000122.jpg,640,640,0,S1B_IW_GRDH_1SDV_20190927T035049_20190927T035114_018218_0224DC_62D9.SAFE,ID_3,S1B_IW_GRDH_1SDV_20190927T035049_20190927T035114_018218_0224DC_62D9.SAFE,S1_20190927_035049_035228_VV_156,hard_negative_val
DARTIS_2019,4913,nw,no_oil_water,nw-1689-10-000097.jpg,640,640,0,S1B_IW_GRDH_1SDV_20190927T035049_20190927T035114_018218_0224DC_62D9.SAFE,ID_3,S1B_IW_GRDH_1SDV_20190927T035049_20190927T035114_018218_0224DC_62D9.SAFE,S1_20190927_035049_035228_VV_5,hard_negative_val
DARTIS_2019,3341,nw,no_oil_water,nw-0117-00-000117.jpg,640,640,0,S1B_IW_GRDH_1SDV_20191002T035859_20191002T035924_018291_022738_414F.SAFE,ID_3,S1B_IW_GRDH_1SDV_20191002T035859_20191002T035924_018291_022738_414F.SAFE,S1_20191002_035859_040038_VV_157,hard_negative_val
DARTIS_2019,3507,nw,no_oil_water,nw-0283-01-000111.jpg,640,640,0,S1B_IW_GRDH_1SDV_20191002T035859_20191002T035924_018291_022738_414F.SAFE,ID_3,S1B_IW_GRDH_1SDV_20191002T035859_20191002T035924_018291_022738_414F.SAFE,S1_20191002_035859_040038_VV_13,hard_negative_val
DARTIS_2019,4087,nw,no_oil_water,nw-0863-05-000117.jpg,640,640,0,S1B_IW_GRDH_1SDV_20191004T034252_20191004T034317_018320_02282B_B1FB.SAFE,ID_3,S1B_IW_GRDH_1SDV_20191004T034252_20191004T034317_018320_02282B_B1FB.SAFE,S1_20191004_034227_034407_VV_83,hard_negative_val
DARTIS_2019,4280,nw,no_oil_water,nw-1056-06-000144.jpg,640,640,0,S1B_IW_GRDH_1SDV_20191004T034252_20191004T034317_018320_02282B_B1FB.SAFE,ID_3,S1B_IW_GRDH_1SDV_20191004T034252_20191004T034317_018320_02282B_B1FB.SAFE,S1_20191004_034227_034407_VV_206,hard_negative_val
DARTIS_2019,4581,nw,no_oil_water,nw-1357-08-000108.jpg,640,640,0,S1B_IW_GRDH_1SDV_20191004T034252_20191004T034317_018320_02282B_B1FB.SAFE,ID_3,S1B_IW_GRDH_1SDV_20191004T034252_20191004T034317_018320_02282B_B1FB.SAFE,S1_20191004_034227_034407_VV_73,hard_negative_val
DARTIS_2019,4928,nw,no_oil_water,nw-1704-10-000112.jpg,640,640,0,S1B_IW_GRDH_1SDV_20191004T034252_20191004T034317_018320_02282B_B1FB.SAFE,ID_3,S1B_IW_GRDH_1SDV_20191004T034252_20191004T034317_018320_02282B_B1FB.SAFE,S1_20191004_034227_034407_VV_43,hard_negative_val
DARTIS_2019,4929,nw,no_oil_water,nw-1705-10-000113.jpg,640,640,0,S1B_IW_GRDH_1SDV_20191004T034252_20191004T034317_018320_02282B_B1FB.SAFE,ID_3,S1B_IW_GRDH_1SDV_20191004T034252_20191004T034317_018320_02282B_B1FB.SAFE,S1_20191004_034227_034407_VV_69,hard_negative_val
DARTIS_2019,4930,nw,no_oil_water,nw-1706-10-000114.jpg,640,640,0,S1B_IW_GRDH_1SDV_20191004T034252_20191004T034317_018320_02282B_B1FB.SAFE,ID_3,S1B_IW_GRDH_1SDV_20191004T034252_20191004T034317_018320_02282B_B1FB.SAFE,S1_20191004_034227_034407_VV_70,hard_negative_val
DARTIS_2019,4931,nw,no_oil_water,nw-1707-10-000115.jpg,640,640,0,S1B_IW_GRDH_1SDV_20191004T034252_20191004T034317_018320_02282B_B1FB.SAFE,ID_3,S1B_IW_GRDH_1SDV_20191004T034252_20191004T034317_018320_02282B_B1FB.SAFE,S1_20191004_034227_034407_VV_71,hard_negative_val
DARTIS_2019,4932,nw,no_oil_water,nw-1708-10-000116.jpg,640,640,0,S1B_IW_GRDH_1SDV_20191004T034252_20191004T034317_018320_02282B_B1FB.SAFE,ID_3,S1B_IW_GRDH_1SDV_20191004T034252_20191004T034317_018320_02282B_B1FB.SAFE,S1_20191004_034227_034407_VV_89,hard_negative_val
DARTIS_2019,4282,nw,no_oil_water,nw-1058-06-000146.jpg,640,640,0,S1B_IW_GRDH_1SDV_20191008T154819_20191008T154844_018386_022A2C_14D5.SAFE,ID_3,S1B_IW_GRDH_1SDV_20191008T154819_20191008T154844_018386_022A2C_14D5.SAFE,S1_20191008_154754_154934_VV_73,hard_negative_val
DARTIS_2019,4592,nw,no_oil_water,nw-1368-08-000119.jpg,640,640,0,S1B_IW_GRDH_1SDV_20191027T154016_20191027T154041_018663_0232BF_6EB7.SAFE,ID_3,S1B_IW_GRDH_1SDV_20191027T154016_20191027T154041_018663_0232BF_6EB7.SAFE,S1_20191027_153951_154106_VV_78,hard_negative_val
DARTIS_2019,3699,nw,no_oil_water,nw-0475-02-000132.jpg,640,640,0,S1B_IW_GRDH_1SDV_20191027T154041_20191027T154106_018663_0232BF_0AC1.SAFE,ID_3,S1B_IW_GRDH_1SDV_20191027T154041_20191027T154106_018663_0232BF_0AC1.SAFE,S1_20191027_153951_154106_VV_69,hard_negative_val
DARTIS_2019,3860,nw,no_oil_water,nw-0636-03-000133.jpg,640,640,0,S1B_IW_GRDH_1SDV_20191027T154041_20191027T154106_018663_0232BF_0AC1.SAFE,ID_3,S1B_IW_GRDH_1SDV_20191027T154041_20191027T154106_018663_0232BF_0AC1.SAFE,S1_20191027_153951_154106_VV_62,hard_negative_val
DARTIS_2019,4443,nw,no_oil_water,nw-1219-07-000141.jpg,640,640,0,S1B_IW_GRDH_1SDV_20191027T154041_20191027T154106_018663_0232BF_0AC1.SAFE,ID_3,S1B_IW_GRDH_1SDV_20191027T154041_20191027T154106_018663_0232BF_0AC1.SAFE,S1_20191027_153951_154106_VV_56,hard_negative_val
DARTIS_2019,4948,nw,no_oil_water,nw-1724-10-000132.jpg,640,640,0,S1B_IW_GRDH_1SDV_20191027T154041_20191027T154106_018663_0232BF_0AC1.SAFE,ID_3,S1B_IW_GRDH_1SDV_20191027T154041_20191027T154106_018663_0232BF_0AC1.SAFE,S1_20191027_153951_154106_VV_46,hard_negative_val
DARTIS_2019,3700,nw,no_oil_water,nw-0476-02-000133.jpg,640,640,0,S1B_IW_GRDH_1SDV_20191028T034252_20191028T034317_018670_0232F7_237B.SAFE,ID_3,S1B_IW_GRDH_1SDV_20191028T034252_20191028T034317_018670_0232F7_237B.SAFE,S1_20191028_034227_034407_VV_151,hard_negative_val
DARTIS_2019,4444,nw,no_oil_water,nw-1220-07-000142.jpg,640,640,0,S1B_IW_GRDH_1SDV_20191028T034252_20191028T034317_018670_0232F7_237B.SAFE,ID_3,S1B_IW_GRDH_1SDV_20191028T034252_20191028T034317_018670_0232F7_237B.SAFE,S1_20191028_034227_034407_VV_92,hard_negative_val
DARTIS_2019,4445,nw,no_oil_water,nw-1221-07-000143.jpg,640,640,0,S1B_IW_GRDH_1SDV_20191028T034252_20191028T034317_018670_0232F7_237B.SAFE,ID_3,S1B_IW_GRDH_1SDV_20191028T034252_20191028T034317_018670_0232F7_237B.SAFE,S1_20191028_034227_034407_VV_97,hard_negative_val
DARTIS_2019,4593,nw,no_oil_water,nw-1369-08-000120.jpg,640,640,0,S1B_IW_GRDH_1SDV_20191028T034252_20191028T034317_018670_0232F7_237B.SAFE,ID_3,S1B_IW_GRDH_1SDV_20191028T034252_20191028T034317_018670_0232F7_237B.SAFE,S1_20191028_034227_034407_VV_142,hard_negative_val
DARTIS_2019,4594,nw,no_oil_water,nw-1370-08-000121.jpg,640,640,0,S1B_IW_GRDH_1SDV_20191028T034252_20191028T034317_018670_0232F7_237B.SAFE,ID_3,S1B_IW_GRDH_1SDV_20191028T034252_20191028T034317_018670_0232F7_237B.SAFE,S1_20191028_034227_034407_VV_153,hard_negative_val
DARTIS_2019,4595,nw,no_oil_water,nw-1371-08-000122.jpg,640,640,0,S1B_IW_GRDH_1SDV_20191028T034252_20191028T034317_018670_0232F7_237B.SAFE,ID_3,S1B_IW_GRDH_1SDV_20191028T034252_20191028T034317_018670_0232F7_237B.SAFE,S1_20191028_034227_034407_VV_158,hard_negative_val
DARTIS_2019,3376,nw,no_oil_water,nw-0152-00-000152.jpg,640,640,0,S1B_IW_GRDH_1SDV_20191203T034226_20191203T034251_019195_0243D6_C23B.SAFE,ID_3,S1B_IW_GRDH_1SDV_20191203T034226_20191203T034251_019195_0243D6_C23B.SAFE,S1_20191203_034226_034406_VV_18,hard_negative_val
DARTIS_2019,3378,nw,no_oil_water,nw-0154-00-000154.jpg,640,640,0,S1B_IW_GRDH_1SDV_20191203T034226_20191203T034251_019195_0243D6_C23B.SAFE,ID_3,S1B_IW_GRDH_1SDV_20191203T034226_20191203T034251_019195_0243D6_C23B.SAFE,S1_20191203_034226_034406_VV_19,hard_negative_val
DARTIS_2019,3379,nw,no_oil_water,nw-0155-00-000155.jpg,640,640,0,S1B_IW_GRDH_1SDV_20191203T034226_20191203T034251_019195_0243D6_C23B.SAFE,ID_3,S1B_IW_GRDH_1SDV_20191203T034226_20191203T034251_019195_0243D6_C23B.SAFE,S1_20191203_034226_034406_VV_70,hard_negative_val
DARTIS_2019,3711,nw,no_oil_water,nw-0487-02-000144.jpg,640,640,0,S1B_IW_GRDH_1SDV_20191203T034226_20191203T034251_019195_0243D6_C23B.SAFE,ID_3,S1B_IW_GRDH_1SDV_20191203T034226_20191203T034251_019195_0243D6_C23B.SAFE,S1_20191203_034226_034406_VV_31,hard_negative_val
DARTIS_2019,4123,nw,no_oil_water,nw-0899-05-000153.jpg,640,640,0,S1B_IW_GRDH_1SDV_20191203T034226_20191203T034251_019195_0243D6_C23B.SAFE,ID_3,S1B_IW_GRDH_1SDV_20191203T034226_20191203T034251_019195_0243D6_C23B.SAFE,S1_20191203_034226_034406_VV_23,hard_negative_val
DARTIS_2019,4966,nw,no_oil_water,nw-1742-10-000150.jpg,640,640,0,S1B_IW_GRDH_1SDV_20191203T034226_20191203T034251_019195_0243D6_C23B.SAFE,ID_3,S1B_IW_GRDH_1SDV_20191203T034226_20191203T034251_019195_0243D6_C23B.SAFE,S1_20191203_034226_034406_VV_49,hard_negative_val
DARTIS_2019,4967,nw,no_oil_water,nw-1743-10-000151.jpg,640,640,0,S1B_IW_GRDH_1SDV_20191203T034226_20191203T034251_019195_0243D6_C23B.SAFE,ID_3,S1B_IW_GRDH_1SDV_20191203T034226_20191203T034251_019195_0243D6_C23B.SAFE,S1_20191203_034226_034406_VV_77,hard_negative_val
DARTIS_2019,3709,nw,no_oil_water,nw-0485-02-000142.jpg,640,640,0,S1B_IW_GRDH_1SDV_20191203T034251_20191203T034316_019195_0243D6_EC71.SAFE,ID_3,S1B_IW_GRDH_1SDV_20191203T034251_20191203T034316_019195_0243D6_EC71.SAFE,S1_20191203_034226_034406_VV_121,hard_negative_val
DARTIS_2019,3710,nw,no_oil_water,nw-0486-02-000143.jpg,640,640,0,S1B_IW_GRDH_1SDV_20191203T034251_20191203T034316_019195_0243D6_EC71.SAFE,ID_3,S1B_IW_GRDH_1SDV_20191203T034251_20191203T034316_019195_0243D6_EC71.SAFE,S1_20191203_034226_034406_VV_143,hard_negative_val
DARTIS_2019,4457,nw,no_oil_water,nw-1233-07-000155.jpg,640,640,0,S1B_IW_GRDH_1SDV_20191203T034251_20191203T034316_019195_0243D6_EC71.SAFE,ID_3,S1B_IW_GRDH_1SDV_20191203T034251_20191203T034316_019195_0243D6_EC71.SAFE,S1_20191203_034226_034406_VV_286,hard_negative_val
DARTIS_2019,4458,nw,no_oil_water,nw-1234-07-000156.jpg,640,640,0,S1B_IW_GRDH_1SDV_20191203T034251_20191203T034316_019195_0243D6_EC71.SAFE,ID_3,S1B_IW_GRDH_1SDV_20191203T034251_20191203T034316_019195_0243D6_EC71.SAFE,S1_20191203_034226_034406_VV_294,hard_negative_val
DARTIS_2019,4613,nw,no_oil_water,nw-1389-08-000140.jpg,640,640,0,S1B_IW_GRDH_1SDV_20191203T034251_20191203T034316_019195_0243D6_EC71.SAFE,ID_3,S1B_IW_GRDH_1SDV_20191203T034251_20191203T034316_019195_0243D6_EC71.SAFE,S1_20191203_034226_034406_VV_281,hard_negative_val
DARTIS_2019,4614,nw,no_oil_water,nw-1390-08-000141.jpg,640,640,0,S1B_IW_GRDH_1SDV_20191203T034251_20191203T034316_019195_0243D6_EC71.SAFE,ID_3,S1B_IW_GRDH_1SDV_20191203T034251_20191203T034316_019195_0243D6_EC71.SAFE,S1_20191203_034226_034406_VV_295,hard_negative_val
DARTIS_2019,4964,nw,no_oil_water,nw-1740-10-000148.jpg,640,640,0,S1B_IW_GRDH_1SDV_20191203T034251_20191203T034316_019195_0243D6_EC71.SAFE,ID_3,S1B_IW_GRDH_1SDV_20191203T034251_20191203T034316_019195_0243D6_EC71.SAFE,S1_20191203_034226_034406_VV_132,hard_negative_val
DARTIS_2019,3374,nw,no_oil_water,nw-0150-00-000150.jpg,640,640,0,S1B_IW_GRDH_1SDV_20191203T034316_20191203T034341_019195_0243D6_6D71.SAFE,ID_3,S1B_IW_GRDH_1SDV_20191203T034316_20191203T034341_019195_0243D6_6D71.SAFE,S1_20191203_034226_034406_VV_150,hard_negative_val
DARTIS_2019,3375,nw,no_oil_water,nw-0151-00-000151.jpg,640,640,0,S1B_IW_GRDH_1SDV_20191203T034316_20191203T034341_019195_0243D6_6D71.SAFE,ID_3,S1B_IW_GRDH_1SDV_20191203T034316_20191203T034341_019195_0243D6_6D71.SAFE,S1_20191203_034226_034406_VV_167,hard_negative_val
DARTIS_2019,3377,nw,no_oil_water,nw-0153-00-000153.jpg,640,640,0,S1B_IW_GRDH_1SDV_20191203T034316_20191203T034341_019195_0243D6_6D71.SAFE,ID_3,S1B_IW_GRDH_1SDV_20191203T034316_20191203T034341_019195_0243D6_6D71.SAFE,S1_20191203_034226_034406_VV_183,hard_negative_val
DARTIS_2019,3543,nw,no_oil_water,nw-0319-01-000147.jpg,640,640,0,S1B_IW_GRDH_1SDV_20191203T034316_20191203T034341_019195_0243D6_6D71.SAFE,ID_3,S1B_IW_GRDH_1SDV_20191203T034316_20191203T034341_019195_0243D6_6D71.SAFE,S1_20191203_034226_034406_VV_175,hard_negative_val
DARTIS_2019,4612,nw,no_oil_water,nw-1388-08-000139.jpg,640,640,0,S1B_IW_GRDH_1SDV_20191203T034316_20191203T034341_019195_0243D6_6D71.SAFE,ID_3,S1B_IW_GRDH_1SDV_20191203T034316_20191203T034341_019195_0243D6_6D71.SAFE,S1_20191203_034226_034406_VV_193,hard_negative_val
DARTIS_2019,4965,nw,no_oil_water,nw-1741-10-000149.jpg,640,640,0,S1B_IW_GRDH_1SDV_20191203T034316_20191203T034341_019195_0243D6_6D71.SAFE,ID_3,S1B_IW_GRDH_1SDV_20191203T034316_20191203T034341_019195_0243D6_6D71.SAFE,S1_20191203_034226_034406_VV_163,hard_negative_val
DARTIS_2019,3550,nw,no_oil_water,nw-0326-01-000154.jpg,640,640,0,S1B_IW_GRDH_1SDV_20191207T154909_20191207T154934_019261_0245D7_07B0.SAFE,ID_3,S1B_IW_GRDH_1SDV_20191207T154909_20191207T154934_019261_0245D7_07B0.SAFE,S1_20191207_154754_154934_VV_274,hard_negative_val
DARTIS_2019,3551,nw,no_oil_water,nw-0327-01-000155.jpg,640,640,0,S1B_IW_GRDH_1SDV_20191207T154909_20191207T154934_019261_0245D7_07B0.SAFE,ID_3,S1B_IW_GRDH_1SDV_20191207T154909_20191207T154934_019261_0245D7_07B0.SAFE,S1_20191207_154754_154934_VV_285,hard_negative_val
DARTIS_2019,4296,nw,no_oil_water,nw-1072-06-000160.jpg,640,640,0,S1B_IW_GRDH_1SDV_20191207T154909_20191207T154934_019261_0245D7_07B0.SAFE,ID_3,S1B_IW_GRDH_1SDV_20191207T154909_20191207T154934_019261_0245D7_07B0.SAFE,S1_20191207_154754_154934_VV_257,hard_negative_val
DARTIS_2019,3878,nw,no_oil_water,nw-0654-03-000151.jpg,640,640,0,S1B_IW_GRDH_1SDV_20191215T034226_20191215T034251_019370_024965_0DDE.SAFE,ID_3,S1B_IW_GRDH_1SDV_20191215T034226_20191215T034251_019370_024965_0DDE.SAFE,S1_20191215_034226_034406_VV_238,hard_negative_val
DARTIS_2019,4631,nw,no_oil_water,nw-1407-08-000158.jpg,640,640,0,S1B_IW_GRDH_1SDV_20191215T034226_20191215T034251_019370_024965_0DDE.SAFE,ID_3,S1B_IW_GRDH_1SDV_20191215T034226_20191215T034251_019370_024965_0DDE.SAFE,S1_20191215_034226_034406_VV_241,hard_negative_val
DARTIS_2019,3721,nw,no_oil_water,nw-0497-02-000154.jpg,640,640,0,S1B_IW_GRDH_1SDV_20191221T153250_20191221T153315_019465_024C52_8DD0.SAFE,ID_3,S1B_IW_GRDH_1SDV_20191221T153250_20191221T153315_019465_024C52_8DD0.SAFE,S1_20191221_153135_153315_VV_599,hard_negative_val
DARTIS_2019,3722,nw,no_oil_water,nw-0498-02-000155.jpg,640,640,0,S1B_IW_GRDH_1SDV_20191221T153250_20191221T153315_019465_024C52_8DD0.SAFE,ID_3,S1B_IW_GRDH_1SDV_20191221T153250_20191221T153315_019465_024C52_8DD0.SAFE,S1_20191221_153135_153315_VV_619,hard_negative_val
DARTIS_2019,4988,nw,no_oil_water,nw-1764-10-000172.jpg,640,640,0,S1B_IW_GRDH_1SDV_20191221T153250_20191221T153315_019465_024C52_8DD0.SAFE,ID_3,S1B_IW_GRDH_1SDV_20191221T153250_20191221T153315_019465_024C52_8DD0.SAFE,S1_20191221_153135_153315_VV_624,hard_negative_val
DARTIS_2019,4989,nw,no_oil_water,nw-1765-10-000173.jpg,640,640,0,S1B_IW_GRDH_1SDV_20191221T153250_20191221T153315_019465_024C52_8DD0.SAFE,ID_3,S1B_IW_GRDH_1SDV_20191221T153250_20191221T153315_019465_024C52_8DD0.SAFE,S1_20191221_153135_153315_VV_625,hard_negative_val
