group_name,blob_name,local_path,size_bytes,download_status,sample_key
flood_sar,v1.1/data/flood_events/HandLabeled/S1Hand/Bolivia_103757_S1Hand.tif,data/external/sen1floods11/flood_sar/Bolivia_103757_S1Hand.tif,698748,EXISTING,Bolivia_103757
flood_sar,v1.1/data/flood_events/HandLabeled/S1Hand/Bolivia_129334_S1Hand.tif,data/external/sen1floods11/flood_sar/Bolivia_129334_S1Hand.tif,1764952,EXISTING,Bolivia_129334
flood_sar,v1.1/data/flood_events/HandLabeled/S1Hand/Bolivia_195474_S1Hand.tif,data/external/sen1floods11/flood_sar/Bolivia_195474_S1Hand.tif,1769545,EXISTING,Bolivia_195474
flood_sar,v1.1/data/flood_events/HandLabeled/S1Hand/Bolivia_23014_S1Hand.tif,data/external/sen1floods11/flood_sar/Bolivia_23014_S1Hand.tif,1320760,EXISTING,Bolivia_23014
flood_sar,v1.1/data/flood_events/HandLabeled/S1Hand/Bolivia_233925_S1Hand.tif,data/external/sen1floods11/flood_sar/Bolivia_233925_S1Hand.tif,1343646,EXISTING,Bolivia_233925
flood_sar,v1.1/data/flood_events/HandLabeled/S1Hand/Bolivia_242570_S1Hand.tif,data/external/sen1floods11/flood_sar/Bolivia_242570_S1Hand.tif,1770376,EXISTING,Bolivia_242570
flood_sar,v1.1/data/flood_events/HandLabeled/S1Hand/Bolivia_290290_S1Hand.tif,data/external/sen1floods11/flood_sar/Bolivia_290290_S1Hand.tif,1784925,EXISTING,Bolivia_290290
flood_sar,v1.1/data/flood_events/HandLabeled/S1Hand/Bolivia_294583_S1Hand.tif,data/external/sen1floods11/flood_sar/Bolivia_294583_S1Hand.tif,1786716,EXISTING,Bolivia_294583
flood_sar,v1.1/data/flood_events/HandLabeled/S1Hand/Bolivia_312675_S1Hand.tif,data/external/sen1floods11/flood_sar/Bolivia_312675_S1Hand.tif,1721182,EXISTING,Bolivia_312675
flood_sar,v1.1/data/flood_events/HandLabeled/S1Hand/Bolivia_314919_S1Hand.tif,data/external/sen1floods11/flood_sar/Bolivia_314919_S1Hand.tif,1773446,EXISTING,Bolivia_314919
flood_sar,v1.1/data/flood_events/HandLabeled/S1Hand/Bolivia_360519_S1Hand.tif,data/external/sen1floods11/flood_sar/Bolivia_360519_S1Hand.tif,1704218,EXISTING,Bolivia_360519
flood_sar,v1.1/data/flood_events/HandLabeled/S1Hand/Bolivia_379434_S1Hand.tif,data/external/sen1floods11/flood_sar/Bolivia_379434_S1Hand.tif,1771100,EXISTING,Bolivia_379434
flood_sar,v1.1/data/flood_events/HandLabeled/S1Hand/Bolivia_432776_S1Hand.tif,data/external/sen1floods11/flood_sar/Bolivia_432776_S1Hand.tif,1437686,EXISTING,Bolivia_432776
flood_sar,v1.1/data/flood_events/HandLabeled/S1Hand/Bolivia_60373_S1Hand.tif,data/external/sen1floods11/flood_sar/Bolivia_60373_S1Hand.tif,1507510,EXISTING,Bolivia_60373
flood_sar,v1.1/data/flood_events/HandLabeled/S1Hand/Bolivia_76104_S1Hand.tif,data/external/sen1floods11/flood_sar/Bolivia_76104_S1Hand.tif,1774473,EXISTING,Bolivia_76104
flood_sar,v1.1/data/flood_events/HandLabeled/S1Hand/Ghana_103272_S1Hand.tif,data/external/sen1floods11/flood_sar/Ghana_103272_S1Hand.tif,1787221,EXISTING,Ghana_103272
flood_sar,v1.1/data/flood_events/HandLabeled/S1Hand/Ghana_1033830_S1Hand.tif,data/external/sen1floods11/flood_sar/Ghana_1033830_S1Hand.tif,1793558,EXISTING,Ghana_1033830
flood_sar,v1.1/data/flood_events/HandLabeled/S1Hand/Ghana_1078550_S1Hand.tif,data/external/sen1floods11/flood_sar/Ghana_1078550_S1Hand.tif,1773589,EXISTING,Ghana_1078550
flood_sar,v1.1/data/flood_events/HandLabeled/S1Hand/Ghana_1089161_S1Hand.tif,data/external/sen1floods11/flood_sar/Ghana_1089161_S1Hand.tif,1777953,EXISTING,Ghana_1089161
flood_sar,v1.1/data/flood_events/HandLabeled/S1Hand/Ghana_11745_S1Hand.tif,data/external/sen1floods11/flood_sar/Ghana_11745_S1Hand.tif,1781920,EXISTING,Ghana_11745
flood_sar,v1.1/data/flood_events/HandLabeled/S1Hand/Ghana_124834_S1Hand.tif,data/external/sen1floods11/flood_sar/Ghana_124834_S1Hand.tif,1777939,EXISTING,Ghana_124834
flood_sar,v1.1/data/flood_events/HandLabeled/S1Hand/Ghana_128663_S1Hand.tif,data/external/sen1floods11/flood_sar/Ghana_128663_S1Hand.tif,1783654,EXISTING,Ghana_128663
flood_sar,v1.1/data/flood_events/HandLabeled/S1Hand/Ghana_132163_S1Hand.tif,data/external/sen1floods11/flood_sar/Ghana_132163_S1Hand.tif,1796639,EXISTING,Ghana_132163
flood_sar,v1.1/data/flood_events/HandLabeled/S1Hand/Ghana_134751_S1Hand.tif,data/external/sen1floods11/flood_sar/Ghana_134751_S1Hand.tif,266450,EXISTING,Ghana_134751
flood_sar,v1.1/data/flood_events/HandLabeled/S1Hand/Ghana_135389_S1Hand.tif,data/external/sen1floods11/flood_sar/Ghana_135389_S1Hand.tif,177205,EXISTING,Ghana_135389
flood_sar,v1.1/data/flood_events/HandLabeled/S1Hand/Ghana_141271_S1Hand.tif,data/external/sen1floods11/flood_sar/Ghana_141271_S1Hand.tif,1778110,EXISTING,Ghana_141271
flood_sar,v1.1/data/flood_events/HandLabeled/S1Hand/Ghana_141910_S1Hand.tif,data/external/sen1floods11/flood_sar/Ghana_141910_S1Hand.tif,1796026,EXISTING,Ghana_141910
flood_sar,v1.1/data/flood_events/HandLabeled/S1Hand/Ghana_142312_S1Hand.tif,data/external/sen1floods11/flood_sar/Ghana_142312_S1Hand.tif,1773214,EXISTING,Ghana_142312
flood_sar,v1.1/data/flood_events/HandLabeled/S1Hand/Ghana_144050_S1Hand.tif,data/external/sen1floods11/flood_sar/Ghana_144050_S1Hand.tif,1769352,EXISTING,Ghana_144050
flood_sar,v1.1/data/flood_events/HandLabeled/S1Hand/Ghana_146222_S1Hand.tif,data/external/sen1floods11/flood_sar/Ghana_146222_S1Hand.tif,1789318,EXISTING,Ghana_146222
flood_sar,v1.1/data/flood_events/HandLabeled/S1Hand/Ghana_147015_S1Hand.tif,data/external/sen1floods11/flood_sar/Ghana_147015_S1Hand.tif,1779360,EXISTING,Ghana_147015
flood_sar,v1.1/data/flood_events/HandLabeled/S1Hand/Ghana_154838_S1Hand.tif,data/external/sen1floods11/flood_sar/Ghana_154838_S1Hand.tif,1787044,EXISTING,Ghana_154838
flood_sar,v1.1/data/flood_events/HandLabeled/S1Hand/Ghana_156478_S1Hand.tif,data/external/sen1floods11/flood_sar/Ghana_156478_S1Hand.tif,1782993,EXISTING,Ghana_156478
flood_sar,v1.1/data/flood_events/HandLabeled/S1Hand/Ghana_161233_S1Hand.tif,data/external/sen1floods11/flood_sar/Ghana_161233_S1Hand.tif,1110286,EXISTING,Ghana_161233
flood_sar,v1.1/data/flood_events/HandLabeled/S1Hand/Ghana_167233_S1Hand.tif,data/external/sen1floods11/flood_sar/Ghana_167233_S1Hand.tif,1777684,EXISTING,Ghana_167233
flood_sar,v1.1/data/flood_events/HandLabeled/S1Hand/Ghana_168875_S1Hand.tif,data/external/sen1floods11/flood_sar/Ghana_168875_S1Hand.tif,1791206,EXISTING,Ghana_168875
flood_sar,v1.1/data/flood_events/HandLabeled/S1Hand/Ghana_187318_S1Hand.tif,data/external/sen1floods11/flood_sar/Ghana_187318_S1Hand.tif,1781895,EXISTING,Ghana_187318
flood_sar,v1.1/data/flood_events/HandLabeled/S1Hand/Ghana_194723_S1Hand.tif,data/external/sen1floods11/flood_sar/Ghana_194723_S1Hand.tif,1788001,EXISTING,Ghana_194723
flood_sar,v1.1/data/flood_events/HandLabeled/S1Hand/Ghana_234935_S1Hand.tif,data/external/sen1floods11/flood_sar/Ghana_234935_S1Hand.tif,1786350,EXISTING,Ghana_234935
flood_sar,v1.1/data/flood_events/HandLabeled/S1Hand/Ghana_247288_S1Hand.tif,data/external/sen1floods11/flood_sar/Ghana_247288_S1Hand.tif,1791611,EXISTING,Ghana_247288
flood_sar,v1.1/data/flood_events/HandLabeled/S1Hand/Ghana_24858_S1Hand.tif,data/external/sen1floods11/flood_sar/Ghana_24858_S1Hand.tif,1781630,EXISTING,Ghana_24858
flood_sar,v1.1/data/flood_events/HandLabeled/S1Hand/Ghana_26376_S1Hand.tif,data/external/sen1floods11/flood_sar/Ghana_26376_S1Hand.tif,1789725,EXISTING,Ghana_26376
flood_sar,v1.1/data/flood_events/HandLabeled/S1Hand/Ghana_264787_S1Hand.tif,data/external/sen1floods11/flood_sar/Ghana_264787_S1Hand.tif,1788706,EXISTING,Ghana_264787
flood_sar,v1.1/data/flood_events/HandLabeled/S1Hand/Ghana_277_S1Hand.tif,data/external/sen1floods11/flood_sar/Ghana_277_S1Hand.tif,1787883,EXISTING,Ghana_277
flood_sar,v1.1/data/flood_events/HandLabeled/S1Hand/Ghana_308249_S1Hand.tif,data/external/sen1floods11/flood_sar/Ghana_308249_S1Hand.tif,1779677,EXISTING,Ghana_308249
flood_sar,v1.1/data/flood_events/HandLabeled/S1Hand/Ghana_313799_S1Hand.tif,data/external/sen1floods11/flood_sar/Ghana_313799_S1Hand.tif,1789032,EXISTING,Ghana_313799
flood_sar,v1.1/data/flood_events/HandLabeled/S1Hand/Ghana_319168_S1Hand.tif,data/external/sen1floods11/flood_sar/Ghana_319168_S1Hand.tif,1788399,EXISTING,Ghana_319168
flood_sar,v1.1/data/flood_events/HandLabeled/S1Hand/Ghana_359826_S1Hand.tif,data/external/sen1floods11/flood_sar/Ghana_359826_S1Hand.tif,1780573,EXISTING,Ghana_359826
flood_sar,v1.1/data/flood_events/HandLabeled/S1Hand/Ghana_362274_S1Hand.tif,data/external/sen1floods11/flood_sar/Ghana_362274_S1Hand.tif,1780956,EXISTING,Ghana_362274
flood_sar,v1.1/data/flood_events/HandLabeled/S1Hand/Ghana_406026_S1Hand.tif,data/external/sen1floods11/flood_sar/Ghana_406026_S1Hand.tif,1770739,EXISTING,Ghana_406026
flood_sar,v1.1/data/flood_events/HandLabeled/S1Hand/Ghana_45911_S1Hand.tif,data/external/sen1floods11/flood_sar/Ghana_45911_S1Hand.tif,1789542,EXISTING,Ghana_45911
flood_sar,v1.1/data/flood_events/HandLabeled/S1Hand/Ghana_495107_S1Hand.tif,data/external/sen1floods11/flood_sar/Ghana_495107_S1Hand.tif,1779499,EXISTING,Ghana_495107
flood_sar,v1.1/data/flood_events/HandLabeled/S1Hand/Ghana_49890_S1Hand.tif,data/external/sen1floods11/flood_sar/Ghana_49890_S1Hand.tif,1775719,EXISTING,Ghana_49890
flood_sar,v1.1/data/flood_events/HandLabeled/S1Hand/Ghana_5079_S1Hand.tif,data/external/sen1floods11/flood_sar/Ghana_5079_S1Hand.tif,1788448,EXISTING,Ghana_5079
flood_sar,v1.1/data/flood_events/HandLabeled/S1Hand/Ghana_53713_S1Hand.tif,data/external/sen1floods11/flood_sar/Ghana_53713_S1Hand.tif,1771472,EXISTING,Ghana_53713
flood_sar,v1.1/data/flood_events/HandLabeled/S1Hand/Ghana_597288_S1Hand.tif,data/external/sen1floods11/flood_sar/Ghana_597288_S1Hand.tif,1781814,EXISTING,Ghana_597288
flood_sar,v1.1/data/flood_events/HandLabeled/S1Hand/Ghana_61925_S1Hand.tif,data/external/sen1floods11/flood_sar/Ghana_61925_S1Hand.tif,1783007,EXISTING,Ghana_61925
flood_sar,v1.1/data/flood_events/HandLabeled/S1Hand/Ghana_7496_S1Hand.tif,data/external/sen1floods11/flood_sar/Ghana_7496_S1Hand.tif,1784639,EXISTING,Ghana_7496
flood_sar,v1.1/data/flood_events/HandLabeled/S1Hand/Ghana_8090_S1Hand.tif,data/external/sen1floods11/flood_sar/Ghana_8090_S1Hand.tif,1788077,EXISTING,Ghana_8090
flood_sar,v1.1/data/flood_events/HandLabeled/S1Hand/Ghana_83200_S1Hand.tif,data/external/sen1floods11/flood_sar/Ghana_83200_S1Hand.tif,1786885,EXISTING,Ghana_83200
flood_sar,v1.1/data/flood_events/HandLabeled/S1Hand/Ghana_83483_S1Hand.tif,data/external/sen1floods11/flood_sar/Ghana_83483_S1Hand.tif,1787911,EXISTING,Ghana_83483
flood_sar,v1.1/data/flood_events/HandLabeled/S1Hand/Ghana_866994_S1Hand.tif,data/external/sen1floods11/flood_sar/Ghana_866994_S1Hand.tif,1792882,EXISTING,Ghana_866994
flood_sar,v1.1/data/flood_events/HandLabeled/S1Hand/Ghana_868803_S1Hand.tif,data/external/sen1floods11/flood_sar/Ghana_868803_S1Hand.tif,1792880,EXISTING,Ghana_868803
flood_sar,v1.1/data/flood_events/HandLabeled/S1Hand/Ghana_887131_S1Hand.tif,data/external/sen1floods11/flood_sar/Ghana_887131_S1Hand.tif,1782786,EXISTING,Ghana_887131
flood_sar,v1.1/data/flood_events/HandLabeled/S1Hand/Ghana_895194_S1Hand.tif,data/external/sen1floods11/flood_sar/Ghana_895194_S1Hand.tif,1790590,EXISTING,Ghana_895194
flood_sar,v1.1/data/flood_events/HandLabeled/S1Hand/Ghana_953791_S1Hand.tif,data/external/sen1floods11/flood_sar/Ghana_953791_S1Hand.tif,1772556,EXISTING,Ghana_953791
flood_sar,v1.1/data/flood_events/HandLabeled/S1Hand/Ghana_97059_S1Hand.tif,data/external/sen1floods11/flood_sar/Ghana_97059_S1Hand.tif,1791086,EXISTING,Ghana_97059
flood_sar,v1.1/data/flood_events/HandLabeled/S1Hand/Ghana_97516_S1Hand.tif,data/external/sen1floods11/flood_sar/Ghana_97516_S1Hand.tif,1764609,EXISTING,Ghana_97516
flood_sar,v1.1/data/flood_events/HandLabeled/S1Hand/India_1017769_S1Hand.tif,data/external/sen1floods11/flood_sar/India_1017769_S1Hand.tif,1654895,EXISTING,India_1017769
flood_sar,v1.1/data/flood_events/HandLabeled/S1Hand/India_1018317_S1Hand.tif,data/external/sen1floods11/flood_sar/India_1018317_S1Hand.tif,1656795,EXISTING,India_1018317
flood_sar,v1.1/data/flood_events/HandLabeled/S1Hand/India_1018327_S1Hand.tif,data/external/sen1floods11/flood_sar/India_1018327_S1Hand.tif,1670156,EXISTING,India_1018327
flood_sar,v1.1/data/flood_events/HandLabeled/S1Hand/India_103447_S1Hand.tif,data/external/sen1floods11/flood_sar/India_103447_S1Hand.tif,1660418,EXISTING,India_103447
flood_sar,v1.1/data/flood_events/HandLabeled/S1Hand/India_1050276_S1Hand.tif,data/external/sen1floods11/flood_sar/India_1050276_S1Hand.tif,1668657,EXISTING,India_1050276
flood_sar,v1.1/data/flood_events/HandLabeled/S1Hand/India_1068117_S1Hand.tif,data/external/sen1floods11/flood_sar/India_1068117_S1Hand.tif,1671798,EXISTING,India_1068117
flood_sar,v1.1/data/flood_events/HandLabeled/S1Hand/India_1072277_S1Hand.tif,data/external/sen1floods11/flood_sar/India_1072277_S1Hand.tif,1668141,EXISTING,India_1072277
flood_sar,v1.1/data/flood_events/HandLabeled/S1Hand/India_118868_S1Hand.tif,data/external/sen1floods11/flood_sar/India_118868_S1Hand.tif,1024177,EXISTING,India_118868
flood_sar,v1.1/data/flood_events/HandLabeled/S1Hand/India_135434_S1Hand.tif,data/external/sen1floods11/flood_sar/India_135434_S1Hand.tif,1639141,EXISTING,India_135434
flood_sar,v1.1/data/flood_events/HandLabeled/S1Hand/India_136196_S1Hand.tif,data/external/sen1floods11/flood_sar/India_136196_S1Hand.tif,1672524,EXISTING,India_136196
flood_sar,v1.1/data/flood_events/HandLabeled/S1Hand/India_164336_S1Hand.tif,data/external/sen1floods11/flood_sar/India_164336_S1Hand.tif,1674045,EXISTING,India_164336
flood_sar,v1.1/data/flood_events/HandLabeled/S1Hand/India_166709_S1Hand.tif,data/external/sen1floods11/flood_sar/India_166709_S1Hand.tif,1657593,EXISTING,India_166709
flood_sar,v1.1/data/flood_events/HandLabeled/S1Hand/India_177319_S1Hand.tif,data/external/sen1floods11/flood_sar/India_177319_S1Hand.tif,1666294,EXISTING,India_177319
flood_sar,v1.1/data/flood_events/HandLabeled/S1Hand/India_179238_S1Hand.tif,data/external/sen1floods11/flood_sar/India_179238_S1Hand.tif,1652218,EXISTING,India_179238
flood_sar,v1.1/data/flood_events/HandLabeled/S1Hand/India_180633_S1Hand.tif,data/external/sen1floods11/flood_sar/India_180633_S1Hand.tif,1662781,EXISTING,India_180633
flood_sar,v1.1/data/flood_events/HandLabeled/S1Hand/India_207862_S1Hand.tif,data/external/sen1floods11/flood_sar/India_207862_S1Hand.tif,1671719,EXISTING,India_207862
flood_sar,v1.1/data/flood_events/HandLabeled/S1Hand/India_244057_S1Hand.tif,data/external/sen1floods11/flood_sar/India_244057_S1Hand.tif,1697212,EXISTING,India_244057
flood_sar,v1.1/data/flood_events/HandLabeled/S1Hand/India_25540_S1Hand.tif,data/external/sen1floods11/flood_sar/India_25540_S1Hand.tif,1684837,EXISTING,India_25540
flood_sar,v1.1/data/flood_events/HandLabeled/S1Hand/India_265762_S1Hand.tif,data/external/sen1floods11/flood_sar/India_265762_S1Hand.tif,1661747,EXISTING,India_265762
flood_sar,v1.1/data/flood_events/HandLabeled/S1Hand/India_273873_S1Hand.tif,data/external/sen1floods11/flood_sar/India_273873_S1Hand.tif,1700663,EXISTING,India_273873
flood_sar,v1.1/data/flood_events/HandLabeled/S1Hand/India_285297_S1Hand.tif,data/external/sen1floods11/flood_sar/India_285297_S1Hand.tif,1669481,EXISTING,India_285297
flood_sar,v1.1/data/flood_events/HandLabeled/S1Hand/India_287642_S1Hand.tif,data/external/sen1floods11/flood_sar/India_287642_S1Hand.tif,1666235,EXISTING,India_287642
flood_sar,v1.1/data/flood_events/HandLabeled/S1Hand/India_324254_S1Hand.tif,data/external/sen1floods11/flood_sar/India_324254_S1Hand.tif,1677446,EXISTING,India_324254
flood_sar,v1.1/data/flood_events/HandLabeled/S1Hand/India_373039_S1Hand.tif,data/external/sen1floods11/flood_sar/India_373039_S1Hand.tif,1689365,EXISTING,India_373039
flood_sar,v1.1/data/flood_events/HandLabeled/S1Hand/India_383430_S1Hand.tif,data/external/sen1floods11/flood_sar/India_383430_S1Hand.tif,1664748,EXISTING,India_383430
flood_sar,v1.1/data/flood_events/HandLabeled/S1Hand/India_391908_S1Hand.tif,data/external/sen1floods11/flood_sar/India_391908_S1Hand.tif,1666307,EXISTING,India_391908
flood_sar,v1.1/data/flood_events/HandLabeled/S1Hand/India_399883_S1Hand.tif,data/external/sen1floods11/flood_sar/India_399883_S1Hand.tif,1662834,EXISTING,India_399883
flood_sar,v1.1/data/flood_events/HandLabeled/S1Hand/India_44475_S1Hand.tif,data/external/sen1floods11/flood_sar/India_44475_S1Hand.tif,1678954,EXISTING,India_44475
flood_sar,v1.1/data/flood_events/HandLabeled/S1Hand/India_500266_S1Hand.tif,data/external/sen1floods11/flood_sar/India_500266_S1Hand.tif,1667597,EXISTING,India_500266
flood_sar,v1.1/data/flood_events/HandLabeled/S1Hand/India_533192_S1Hand.tif,data/external/sen1floods11/flood_sar/India_533192_S1Hand.tif,1003906,EXISTING,India_533192
flood_sar,v1.1/data/flood_events/HandLabeled/S1Hand/India_534470_S1Hand.tif,data/external/sen1floods11/flood_sar/India_534470_S1Hand.tif,1667380,EXISTING,India_534470
flood_sar,v1.1/data/flood_events/HandLabeled/S1Hand/India_56450_S1Hand.tif,data/external/sen1floods11/flood_sar/India_56450_S1Hand.tif,1687938,EXISTING,India_56450
flood_sar,v1.1/data/flood_events/HandLabeled/S1Hand/India_566697_S1Hand.tif,data/external/sen1floods11/flood_sar/India_566697_S1Hand.tif,1653872,EXISTING,India_566697
flood_sar,v1.1/data/flood_events/HandLabeled/S1Hand/India_570384_S1Hand.tif,data/external/sen1floods11/flood_sar/India_570384_S1Hand.tif,1669886,EXISTING,India_570384
flood_sar,v1.1/data/flood_events/HandLabeled/S1Hand/India_591317_S1Hand.tif,data/external/sen1floods11/flood_sar/India_591317_S1Hand.tif,1661702,EXISTING,India_591317
flood_sar,v1.1/data/flood_events/HandLabeled/S1Hand/India_591549_S1Hand.tif,data/external/sen1floods11/flood_sar/India_591549_S1Hand.tif,1665354,EXISTING,India_591549
flood_sar,v1.1/data/flood_events/HandLabeled/S1Hand/India_592446_S1Hand.tif,data/external/sen1floods11/flood_sar/India_592446_S1Hand.tif,1673280,EXISTING,India_592446
flood_sar,v1.1/data/flood_events/HandLabeled/S1Hand/India_59460_S1Hand.tif,data/external/sen1floods11/flood_sar/India_59460_S1Hand.tif,1681041,EXISTING,India_59460
flood_sar,v1.1/data/flood_events/HandLabeled/S1Hand/India_624341_S1Hand.tif,data/external/sen1floods11/flood_sar/India_624341_S1Hand.tif,1689327,EXISTING,India_624341
flood_sar,v1.1/data/flood_events/HandLabeled/S1Hand/India_631692_S1Hand.tif,data/external/sen1floods11/flood_sar/India_631692_S1Hand.tif,1671420,EXISTING,India_631692
flood_sar,v1.1/data/flood_events/HandLabeled/S1Hand/India_652725_S1Hand.tif,data/external/sen1floods11/flood_sar/India_652725_S1Hand.tif,1668750,EXISTING,India_652725
flood_sar,v1.1/data/flood_events/HandLabeled/S1Hand/India_664410_S1Hand.tif,data/external/sen1floods11/flood_sar/India_664410_S1Hand.tif,1661461,EXISTING,India_664410
flood_sar,v1.1/data/flood_events/HandLabeled/S1Hand/India_691027_S1Hand.tif,data/external/sen1floods11/flood_sar/India_691027_S1Hand.tif,1670705,EXISTING,India_691027
flood_sar,v1.1/data/flood_events/HandLabeled/S1Hand/India_698338_S1Hand.tif,data/external/sen1floods11/flood_sar/India_698338_S1Hand.tif,1659927,EXISTING,India_698338
flood_sar,v1.1/data/flood_events/HandLabeled/S1Hand/India_70352_S1Hand.tif,data/external/sen1floods11/flood_sar/India_70352_S1Hand.tif,1668186,EXISTING,India_70352
flood_sar,v1.1/data/flood_events/HandLabeled/S1Hand/India_707886_S1Hand.tif,data/external/sen1floods11/flood_sar/India_707886_S1Hand.tif,1668844,EXISTING,India_707886
flood_sar,v1.1/data/flood_events/HandLabeled/S1Hand/India_73419_S1Hand.tif,data/external/sen1floods11/flood_sar/India_73419_S1Hand.tif,1661382,EXISTING,India_73419
flood_sar,v1.1/data/flood_events/HandLabeled/S1Hand/India_747970_S1Hand.tif,data/external/sen1floods11/flood_sar/India_747970_S1Hand.tif,1668019,EXISTING,India_747970
flood_sar,v1.1/data/flood_events/HandLabeled/S1Hand/India_747992_S1Hand.tif,data/external/sen1floods11/flood_sar/India_747992_S1Hand.tif,1665625,EXISTING,India_747992
flood_sar,v1.1/data/flood_events/HandLabeled/S1Hand/India_764946_S1Hand.tif,data/external/sen1floods11/flood_sar/India_764946_S1Hand.tif,1675313,EXISTING,India_764946
flood_sar,v1.1/data/flood_events/HandLabeled/S1Hand/India_769408_S1Hand.tif,data/external/sen1floods11/flood_sar/India_769408_S1Hand.tif,1658178,EXISTING,India_769408
flood_sar,v1.1/data/flood_events/HandLabeled/S1Hand/India_772630_S1Hand.tif,data/external/sen1floods11/flood_sar/India_772630_S1Hand.tif,1697341,EXISTING,India_772630
flood_sar,v1.1/data/flood_events/HandLabeled/S1Hand/India_773682_S1Hand.tif,data/external/sen1floods11/flood_sar/India_773682_S1Hand.tif,1656875,EXISTING,India_773682
flood_sar,v1.1/data/flood_events/HandLabeled/S1Hand/India_774689_S1Hand.tif,data/external/sen1floods11/flood_sar/India_774689_S1Hand.tif,1658027,EXISTING,India_774689
flood_sar,v1.1/data/flood_events/HandLabeled/S1Hand/India_79637_S1Hand.tif,data/external/sen1floods11/flood_sar/India_79637_S1Hand.tif,1668777,EXISTING,India_79637
flood_sar,v1.1/data/flood_events/HandLabeled/S1Hand/India_80221_S1Hand.tif,data/external/sen1floods11/flood_sar/India_80221_S1Hand.tif,1659283,EXISTING,India_80221
flood_sar,v1.1/data/flood_events/HandLabeled/S1Hand/India_804466_S1Hand.tif,data/external/sen1floods11/flood_sar/India_804466_S1Hand.tif,1666432,EXISTING,India_804466
flood_sar,v1.1/data/flood_events/HandLabeled/S1Hand/India_828067_S1Hand.tif,data/external/sen1floods11/flood_sar/India_828067_S1Hand.tif,1669582,EXISTING,India_828067
flood_sar,v1.1/data/flood_events/HandLabeled/S1Hand/India_833266_S1Hand.tif,data/external/sen1floods11/flood_sar/India_833266_S1Hand.tif,1665936,EXISTING,India_833266
flood_sar,v1.1/data/flood_events/HandLabeled/S1Hand/India_842775_S1Hand.tif,data/external/sen1floods11/flood_sar/India_842775_S1Hand.tif,1660494,EXISTING,India_842775
flood_sar,v1.1/data/flood_events/HandLabeled/S1Hand/India_869358_S1Hand.tif,data/external/sen1floods11/flood_sar/India_869358_S1Hand.tif,1666366,EXISTING,India_869358
flood_sar,v1.1/data/flood_events/HandLabeled/S1Hand/India_900498_S1Hand.tif,data/external/sen1floods11/flood_sar/India_900498_S1Hand.tif,1668656,EXISTING,India_900498
flood_sar,v1.1/data/flood_events/HandLabeled/S1Hand/India_91379_S1Hand.tif,data/external/sen1floods11/flood_sar/India_91379_S1Hand.tif,1666895,EXISTING,India_91379
flood_sar,v1.1/data/flood_events/HandLabeled/S1Hand/India_943439_S1Hand.tif,data/external/sen1floods11/flood_sar/India_943439_S1Hand.tif,1665040,EXISTING,India_943439
flood_sar,v1.1/data/flood_events/HandLabeled/S1Hand/India_952728_S1Hand.tif,data/external/sen1floods11/flood_sar/India_952728_S1Hand.tif,1663255,EXISTING,India_952728
flood_sar,v1.1/data/flood_events/HandLabeled/S1Hand/India_956930_S1Hand.tif,data/external/sen1floods11/flood_sar/India_956930_S1Hand.tif,1667330,EXISTING,India_956930
flood_sar,v1.1/data/flood_events/HandLabeled/S1Hand/India_979278_S1Hand.tif,data/external/sen1floods11/flood_sar/India_979278_S1Hand.tif,798394,EXISTING,India_979278
flood_sar,v1.1/data/flood_events/HandLabeled/S1Hand/India_981708_S1Hand.tif,data/external/sen1floods11/flood_sar/India_981708_S1Hand.tif,1422864,EXISTING,India_981708
flood_sar,v1.1/data/flood_events/HandLabeled/S1Hand/Mekong_1111068_S1Hand.tif,data/external/sen1floods11/flood_sar/Mekong_1111068_S1Hand.tif,1782427,EXISTING,Mekong_1111068
flood_sar,v1.1/data/flood_events/HandLabeled/S1Hand/Mekong_1149855_S1Hand.tif,data/external/sen1floods11/flood_sar/Mekong_1149855_S1Hand.tif,1780298,EXISTING,Mekong_1149855
flood_sar,v1.1/data/flood_events/HandLabeled/S1Hand/Mekong_1191208_S1Hand.tif,data/external/sen1floods11/flood_sar/Mekong_1191208_S1Hand.tif,1774686,EXISTING,Mekong_1191208
flood_sar,v1.1/data/flood_events/HandLabeled/S1Hand/Mekong_119477_S1Hand.tif,data/external/sen1floods11/flood_sar/Mekong_119477_S1Hand.tif,1777031,EXISTING,Mekong_119477
flood_sar,v1.1/data/flood_events/HandLabeled/S1Hand/Mekong_1248200_S1Hand.tif,data/external/sen1floods11/flood_sar/Mekong_1248200_S1Hand.tif,1784865,EXISTING,Mekong_1248200
flood_sar,v1.1/data/flood_events/HandLabeled/S1Hand/Mekong_1282475_S1Hand.tif,data/external/sen1floods11/flood_sar/Mekong_1282475_S1Hand.tif,1781456,EXISTING,Mekong_1282475
flood_sar,v1.1/data/flood_events/HandLabeled/S1Hand/Mekong_1395593_S1Hand.tif,data/external/sen1floods11/flood_sar/Mekong_1395593_S1Hand.tif,1779633,EXISTING,Mekong_1395593
flood_sar,v1.1/data/flood_events/HandLabeled/S1Hand/Mekong_1396181_S1Hand.tif,data/external/sen1floods11/flood_sar/Mekong_1396181_S1Hand.tif,1788319,EXISTING,Mekong_1396181
flood_sar,v1.1/data/flood_events/HandLabeled/S1Hand/Mekong_1413877_S1Hand.tif,data/external/sen1floods11/flood_sar/Mekong_1413877_S1Hand.tif,1776859,EXISTING,Mekong_1413877
flood_sar,v1.1/data/flood_events/HandLabeled/S1Hand/Mekong_1439641_S1Hand.tif,data/external/sen1floods11/flood_sar/Mekong_1439641_S1Hand.tif,1785601,EXISTING,Mekong_1439641
flood_sar,v1.1/data/flood_events/HandLabeled/S1Hand/Mekong_1443339_S1Hand.tif,data/external/sen1floods11/flood_sar/Mekong_1443339_S1Hand.tif,1783090,EXISTING,Mekong_1443339
flood_sar,v1.1/data/flood_events/HandLabeled/S1Hand/Mekong_16233_S1Hand.tif,data/external/sen1floods11/flood_sar/Mekong_16233_S1Hand.tif,1788304,EXISTING,Mekong_16233
flood_sar,v1.1/data/flood_events/HandLabeled/S1Hand/Mekong_213094_S1Hand.tif,data/external/sen1floods11/flood_sar/Mekong_213094_S1Hand.tif,1767733,EXISTING,Mekong_213094
flood_sar,v1.1/data/flood_events/HandLabeled/S1Hand/Mekong_221789_S1Hand.tif,data/external/sen1floods11/flood_sar/Mekong_221789_S1Hand.tif,1773728,EXISTING,Mekong_221789
flood_sar,v1.1/data/flood_events/HandLabeled/S1Hand/Mekong_254910_S1Hand.tif,data/external/sen1floods11/flood_sar/Mekong_254910_S1Hand.tif,1778412,EXISTING,Mekong_254910
flood_sar,v1.1/data/flood_events/HandLabeled/S1Hand/Mekong_269835_S1Hand.tif,data/external/sen1floods11/flood_sar/Mekong_269835_S1Hand.tif,1771972,EXISTING,Mekong_269835
flood_sar,v1.1/data/flood_events/HandLabeled/S1Hand/Mekong_293769_S1Hand.tif,data/external/sen1floods11/flood_sar/Mekong_293769_S1Hand.tif,1773981,EXISTING,Mekong_293769
flood_sar,v1.1/data/flood_events/HandLabeled/S1Hand/Mekong_333434_S1Hand.tif,data/external/sen1floods11/flood_sar/Mekong_333434_S1Hand.tif,1770274,EXISTING,Mekong_333434
flood_sar,v1.1/data/flood_events/HandLabeled/S1Hand/Mekong_342411_S1Hand.tif,data/external/sen1floods11/flood_sar/Mekong_342411_S1Hand.tif,1781536,EXISTING,Mekong_342411
flood_sar,v1.1/data/flood_events/HandLabeled/S1Hand/Mekong_382276_S1Hand.tif,data/external/sen1floods11/flood_sar/Mekong_382276_S1Hand.tif,1778401,EXISTING,Mekong_382276
flood_sar,v1.1/data/flood_events/HandLabeled/S1Hand/Mekong_424793_S1Hand.tif,data/external/sen1floods11/flood_sar/Mekong_424793_S1Hand.tif,1779797,EXISTING,Mekong_424793
flood_sar,v1.1/data/flood_events/HandLabeled/S1Hand/Mekong_45934_S1Hand.tif,data/external/sen1floods11/flood_sar/Mekong_45934_S1Hand.tif,1776272,EXISTING,Mekong_45934
flood_sar,v1.1/data/flood_events/HandLabeled/S1Hand/Mekong_474783_S1Hand.tif,data/external/sen1floods11/flood_sar/Mekong_474783_S1Hand.tif,1778820,EXISTING,Mekong_474783
flood_sar,v1.1/data/flood_events/HandLabeled/S1Hand/Mekong_52610_S1Hand.tif,data/external/sen1floods11/flood_sar/Mekong_52610_S1Hand.tif,1780950,EXISTING,Mekong_52610
flood_sar,v1.1/data/flood_events/HandLabeled/S1Hand/Mekong_596495_S1Hand.tif,data/external/sen1floods11/flood_sar/Mekong_596495_S1Hand.tif,1783331,EXISTING,Mekong_596495
flood_sar,v1.1/data/flood_events/HandLabeled/S1Hand/Mekong_774566_S1Hand.tif,data/external/sen1floods11/flood_sar/Mekong_774566_S1Hand.tif,1790820,EXISTING,Mekong_774566
flood_sar,v1.1/data/flood_events/HandLabeled/S1Hand/Mekong_846007_S1Hand.tif,data/external/sen1floods11/flood_sar/Mekong_846007_S1Hand.tif,1783991,EXISTING,Mekong_846007
flood_sar,v1.1/data/flood_events/HandLabeled/S1Hand/Mekong_922373_S1Hand.tif,data/external/sen1floods11/flood_sar/Mekong_922373_S1Hand.tif,1790619,EXISTING,Mekong_922373
flood_sar,v1.1/data/flood_events/HandLabeled/S1Hand/Mekong_977338_S1Hand.tif,data/external/sen1floods11/flood_sar/Mekong_977338_S1Hand.tif,1793352,EXISTING,Mekong_977338
flood_sar,v1.1/data/flood_events/HandLabeled/S1Hand/Mekong_98310_S1Hand.tif,data/external/sen1floods11/flood_sar/Mekong_98310_S1Hand.tif,1788194,EXISTING,Mekong_98310
flood_sar,v1.1/data/flood_events/HandLabeled/S1Hand/Nigeria_1095404_S1Hand.tif,data/external/sen1floods11/flood_sar/Nigeria_1095404_S1Hand.tif,1785780,EXISTING,Nigeria_1095404
flood_sar,v1.1/data/flood_events/HandLabeled/S1Hand/Nigeria_143329_S1Hand.tif,data/external/sen1floods11/flood_sar/Nigeria_143329_S1Hand.tif,1778640,EXISTING,Nigeria_143329
flood_sar,v1.1/data/flood_events/HandLabeled/S1Hand/Nigeria_22088_S1Hand.tif,data/external/sen1floods11/flood_sar/Nigeria_22088_S1Hand.tif,1422232,EXISTING,Nigeria_22088
flood_sar,v1.1/data/flood_events/HandLabeled/S1Hand/Nigeria_225131_S1Hand.tif,data/external/sen1floods11/flood_sar/Nigeria_225131_S1Hand.tif,1783246,EXISTING,Nigeria_225131
flood_sar,v1.1/data/flood_events/HandLabeled/S1Hand/Nigeria_31096_S1Hand.tif,data/external/sen1floods11/flood_sar/Nigeria_31096_S1Hand.tif,1792575,EXISTING,Nigeria_31096
flood_sar,v1.1/data/flood_events/HandLabeled/S1Hand/Nigeria_35845_S1Hand.tif,data/external/sen1floods11/flood_sar/Nigeria_35845_S1Hand.tif,1794759,EXISTING,Nigeria_35845
flood_sar,v1.1/data/flood_events/HandLabeled/S1Hand/Nigeria_417184_S1Hand.tif,data/external/sen1floods11/flood_sar/Nigeria_417184_S1Hand.tif,1074073,EXISTING,Nigeria_417184
flood_sar,v1.1/data/flood_events/HandLabeled/S1Hand/Nigeria_439488_S1Hand.tif,data/external/sen1floods11/flood_sar/Nigeria_439488_S1Hand.tif,1780253,EXISTING,Nigeria_439488
flood_sar,v1.1/data/flood_events/HandLabeled/S1Hand/Nigeria_529525_S1Hand.tif,data/external/sen1floods11/flood_sar/Nigeria_529525_S1Hand.tif,1794341,EXISTING,Nigeria_529525
flood_sar,v1.1/data/flood_events/HandLabeled/S1Hand/Nigeria_598959_S1Hand.tif,data/external/sen1floods11/flood_sar/Nigeria_598959_S1Hand.tif,1783923,EXISTING,Nigeria_598959
flood_sar,v1.1/data/flood_events/HandLabeled/S1Hand/Nigeria_600295_S1Hand.tif,data/external/sen1floods11/flood_sar/Nigeria_600295_S1Hand.tif,1801844,EXISTING,Nigeria_600295
flood_sar,v1.1/data/flood_events/HandLabeled/S1Hand/Nigeria_707067_S1Hand.tif,data/external/sen1floods11/flood_sar/Nigeria_707067_S1Hand.tif,1781252,EXISTING,Nigeria_707067
flood_sar,v1.1/data/flood_events/HandLabeled/S1Hand/Nigeria_78061_S1Hand.tif,data/external/sen1floods11/flood_sar/Nigeria_78061_S1Hand.tif,1790660,EXISTING,Nigeria_78061
flood_sar,v1.1/data/flood_events/HandLabeled/S1Hand/Nigeria_812045_S1Hand.tif,data/external/sen1floods11/flood_sar/Nigeria_812045_S1Hand.tif,1792307,EXISTING,Nigeria_812045
flood_sar,v1.1/data/flood_events/HandLabeled/S1Hand/Nigeria_81933_S1Hand.tif,data/external/sen1floods11/flood_sar/Nigeria_81933_S1Hand.tif,1801830,EXISTING,Nigeria_81933
flood_sar,v1.1/data/flood_events/HandLabeled/S1Hand/Nigeria_820924_S1Hand.tif,data/external/sen1floods11/flood_sar/Nigeria_820924_S1Hand.tif,1781608,EXISTING,Nigeria_820924
flood_sar,v1.1/data/flood_events/HandLabeled/S1Hand/Nigeria_952958_S1Hand.tif,data/external/sen1floods11/flood_sar/Nigeria_952958_S1Hand.tif,1790881,EXISTING,Nigeria_952958
flood_sar,v1.1/data/flood_events/HandLabeled/S1Hand/Nigeria_984831_S1Hand.tif,data/external/sen1floods11/flood_sar/Nigeria_984831_S1Hand.tif,1796991,EXISTING,Nigeria_984831
flood_sar,v1.1/data/flood_events/HandLabeled/S1Hand/Pakistan_1027214_S1Hand.tif,data/external/sen1floods11/flood_sar/Pakistan_1027214_S1Hand.tif,1635076,EXISTING,Pakistan_1027214
flood_sar,v1.1/data/flood_events/HandLabeled/S1Hand/Pakistan_1036366_S1Hand.tif,data/external/sen1floods11/flood_sar/Pakistan_1036366_S1Hand.tif,1626207,EXISTING,Pakistan_1036366
flood_sar,v1.1/data/flood_events/HandLabeled/S1Hand/Pakistan_132143_S1Hand.tif,data/external/sen1floods11/flood_sar/Pakistan_132143_S1Hand.tif,1587569,EXISTING,Pakistan_132143
flood_sar,v1.1/data/flood_events/HandLabeled/S1Hand/Pakistan_167553_S1Hand.tif,data/external/sen1floods11/flood_sar/Pakistan_167553_S1Hand.tif,1618836,EXISTING,Pakistan_167553
flood_sar,v1.1/data/flood_events/HandLabeled/S1Hand/Pakistan_210595_S1Hand.tif,data/external/sen1floods11/flood_sar/Pakistan_210595_S1Hand.tif,1559446,EXISTING,Pakistan_210595
flood_sar,v1.1/data/flood_events/HandLabeled/S1Hand/Pakistan_211386_S1Hand.tif,data/external/sen1floods11/flood_sar/Pakistan_211386_S1Hand.tif,1613533,EXISTING,Pakistan_211386
flood_sar,v1.1/data/flood_events/HandLabeled/S1Hand/Pakistan_246510_S1Hand.tif,data/external/sen1floods11/flood_sar/Pakistan_246510_S1Hand.tif,1604330,EXISTING,Pakistan_246510
flood_sar,v1.1/data/flood_events/HandLabeled/S1Hand/Pakistan_246718_S1Hand.tif,data/external/sen1floods11/flood_sar/Pakistan_246718_S1Hand.tif,1609567,EXISTING,Pakistan_246718
flood_sar,v1.1/data/flood_events/HandLabeled/S1Hand/Pakistan_336228_S1Hand.tif,data/external/sen1floods11/flood_sar/Pakistan_336228_S1Hand.tif,1632705,EXISTING,Pakistan_336228
flood_sar,v1.1/data/flood_events/HandLabeled/S1Hand/Pakistan_35915_S1Hand.tif,data/external/sen1floods11/flood_sar/Pakistan_35915_S1Hand.tif,1621983,EXISTING,Pakistan_35915
flood_sar,v1.1/data/flood_events/HandLabeled/S1Hand/Pakistan_366265_S1Hand.tif,data/external/sen1floods11/flood_sar/Pakistan_366265_S1Hand.tif,1585086,EXISTING,Pakistan_366265
flood_sar,v1.1/data/flood_events/HandLabeled/S1Hand/Pakistan_401863_S1Hand.tif,data/external/sen1floods11/flood_sar/Pakistan_401863_S1Hand.tif,1559419,EXISTING,Pakistan_401863
flood_sar,v1.1/data/flood_events/HandLabeled/S1Hand/Pakistan_43105_S1Hand.tif,data/external/sen1floods11/flood_sar/Pakistan_43105_S1Hand.tif,1572835,EXISTING,Pakistan_43105
flood_sar,v1.1/data/flood_events/HandLabeled/S1Hand/Pakistan_474121_S1Hand.tif,data/external/sen1floods11/flood_sar/Pakistan_474121_S1Hand.tif,1564055,EXISTING,Pakistan_474121
flood_sar,v1.1/data/flood_events/HandLabeled/S1Hand/Pakistan_528249_S1Hand.tif,data/external/sen1floods11/flood_sar/Pakistan_528249_S1Hand.tif,1631884,EXISTING,Pakistan_528249
flood_sar,v1.1/data/flood_events/HandLabeled/S1Hand/Pakistan_548910_S1Hand.tif,data/external/sen1floods11/flood_sar/Pakistan_548910_S1Hand.tif,1615127,EXISTING,Pakistan_548910
flood_sar,v1.1/data/flood_events/HandLabeled/S1Hand/Pakistan_65724_S1Hand.tif,data/external/sen1floods11/flood_sar/Pakistan_65724_S1Hand.tif,1599755,EXISTING,Pakistan_65724
flood_sar,v1.1/data/flood_events/HandLabeled/S1Hand/Pakistan_664885_S1Hand.tif,data/external/sen1floods11/flood_sar/Pakistan_664885_S1Hand.tif,1584512,EXISTING,Pakistan_664885
flood_sar,v1.1/data/flood_events/HandLabeled/S1Hand/Pakistan_667363_S1Hand.tif,data/external/sen1floods11/flood_sar/Pakistan_667363_S1Hand.tif,1589618,EXISTING,Pakistan_667363
flood_sar,v1.1/data/flood_events/HandLabeled/S1Hand/Pakistan_694942_S1Hand.tif,data/external/sen1floods11/flood_sar/Pakistan_694942_S1Hand.tif,1575297,EXISTING,Pakistan_694942
flood_sar,v1.1/data/flood_events/HandLabeled/S1Hand/Pakistan_70625_S1Hand.tif,data/external/sen1floods11/flood_sar/Pakistan_70625_S1Hand.tif,1590894,EXISTING,Pakistan_70625
flood_sar,v1.1/data/flood_events/HandLabeled/S1Hand/Pakistan_712873_S1Hand.tif,data/external/sen1floods11/flood_sar/Pakistan_712873_S1Hand.tif,1623372,EXISTING,Pakistan_712873
flood_sar,v1.1/data/flood_events/HandLabeled/S1Hand/Pakistan_740461_S1Hand.tif,data/external/sen1floods11/flood_sar/Pakistan_740461_S1Hand.tif,1600632,EXISTING,Pakistan_740461
flood_sar,v1.1/data/flood_events/HandLabeled/S1Hand/Pakistan_760290_S1Hand.tif,data/external/sen1floods11/flood_sar/Pakistan_760290_S1Hand.tif,1559470,EXISTING,Pakistan_760290
flood_sar,v1.1/data/flood_events/HandLabeled/S1Hand/Pakistan_849790_S1Hand.tif,data/external/sen1floods11/flood_sar/Pakistan_849790_S1Hand.tif,1588159,EXISTING,Pakistan_849790
flood_sar,v1.1/data/flood_events/HandLabeled/S1Hand/Pakistan_909806_S1Hand.tif,data/external/sen1floods11/flood_sar/Pakistan_909806_S1Hand.tif,1627873,EXISTING,Pakistan_909806
flood_sar,v1.1/data/flood_events/HandLabeled/S1Hand/Pakistan_94095_S1Hand.tif,data/external/sen1floods11/flood_sar/Pakistan_94095_S1Hand.tif,1622755,EXISTING,Pakistan_94095
flood_sar,v1.1/data/flood_events/HandLabeled/S1Hand/Pakistan_9684_S1Hand.tif,data/external/sen1floods11/flood_sar/Pakistan_9684_S1Hand.tif,1628797,EXISTING,Pakistan_9684
flood_sar,v1.1/data/flood_events/HandLabeled/S1Hand/Paraguay_1019808_S1Hand.tif,data/external/sen1floods11/flood_sar/Paraguay_1019808_S1Hand.tif,1677313,EXISTING,Paraguay_1019808
flood_sar,v1.1/data/flood_events/HandLabeled/S1Hand/Paraguay_1029042_S1Hand.tif,data/external/sen1floods11/flood_sar/Paraguay_1029042_S1Hand.tif,1691404,EXISTING,Paraguay_1029042
flood_sar,v1.1/data/flood_events/HandLabeled/S1Hand/Paraguay_1029191_S1Hand.tif,data/external/sen1floods11/flood_sar/Paraguay_1029191_S1Hand.tif,1691340,EXISTING,Paraguay_1029191
flood_sar,v1.1/data/flood_events/HandLabeled/S1Hand/Paraguay_1056717_S1Hand.tif,data/external/sen1floods11/flood_sar/Paraguay_1056717_S1Hand.tif,1676191,EXISTING,Paraguay_1056717
flood_sar,v1.1/data/flood_events/HandLabeled/S1Hand/Paraguay_1076204_S1Hand.tif,data/external/sen1floods11/flood_sar/Paraguay_1076204_S1Hand.tif,1680988,EXISTING,Paraguay_1076204
flood_sar,v1.1/data/flood_events/HandLabeled/S1Hand/Paraguay_11869_S1Hand.tif,data/external/sen1floods11/flood_sar/Paraguay_11869_S1Hand.tif,1668598,EXISTING,Paraguay_11869
flood_sar,v1.1/data/flood_events/HandLabeled/S1Hand/Paraguay_126224_S1Hand.tif,data/external/sen1floods11/flood_sar/Paraguay_126224_S1Hand.tif,1677690,EXISTING,Paraguay_126224
flood_sar,v1.1/data/flood_events/HandLabeled/S1Hand/Paraguay_12870_S1Hand.tif,data/external/sen1floods11/flood_sar/Paraguay_12870_S1Hand.tif,1664936,EXISTING,Paraguay_12870
flood_sar,v1.1/data/flood_events/HandLabeled/S1Hand/Paraguay_148318_S1Hand.tif,data/external/sen1floods11/flood_sar/Paraguay_148318_S1Hand.tif,1684977,EXISTING,Paraguay_148318
flood_sar,v1.1/data/flood_events/HandLabeled/S1Hand/Paraguay_149787_S1Hand.tif,data/external/sen1floods11/flood_sar/Paraguay_149787_S1Hand.tif,1688576,EXISTING,Paraguay_149787
flood_sar,v1.1/data/flood_events/HandLabeled/S1Hand/Paraguay_149830_S1Hand.tif,data/external/sen1floods11/flood_sar/Paraguay_149830_S1Hand.tif,1675845,EXISTING,Paraguay_149830
flood_sar,v1.1/data/flood_events/HandLabeled/S1Hand/Paraguay_153941_S1Hand.tif,data/external/sen1floods11/flood_sar/Paraguay_153941_S1Hand.tif,1671218,EXISTING,Paraguay_153941
flood_sar,v1.1/data/flood_events/HandLabeled/S1Hand/Paraguay_172476_S1Hand.tif,data/external/sen1floods11/flood_sar/Paraguay_172476_S1Hand.tif,1671105,EXISTING,Paraguay_172476
flood_sar,v1.1/data/flood_events/HandLabeled/S1Hand/Paraguay_179624_S1Hand.tif,data/external/sen1floods11/flood_sar/Paraguay_179624_S1Hand.tif,1693641,EXISTING,Paraguay_179624
flood_sar,v1.1/data/flood_events/HandLabeled/S1Hand/Paraguay_191503_S1Hand.tif,data/external/sen1floods11/flood_sar/Paraguay_191503_S1Hand.tif,1669834,EXISTING,Paraguay_191503
flood_sar,v1.1/data/flood_events/HandLabeled/S1Hand/Paraguay_198534_S1Hand.tif,data/external/sen1floods11/flood_sar/Paraguay_198534_S1Hand.tif,1689455,EXISTING,Paraguay_198534
flood_sar,v1.1/data/flood_events/HandLabeled/S1Hand/Paraguay_205585_S1Hand.tif,data/external/sen1floods11/flood_sar/Paraguay_205585_S1Hand.tif,1673229,EXISTING,Paraguay_205585
flood_sar,v1.1/data/flood_events/HandLabeled/S1Hand/Paraguay_212687_S1Hand.tif,data/external/sen1floods11/flood_sar/Paraguay_212687_S1Hand.tif,1667678,EXISTING,Paraguay_212687
flood_sar,v1.1/data/flood_events/HandLabeled/S1Hand/Paraguay_215904_S1Hand.tif,data/external/sen1floods11/flood_sar/Paraguay_215904_S1Hand.tif,1682346,EXISTING,Paraguay_215904
flood_sar,v1.1/data/flood_events/HandLabeled/S1Hand/Paraguay_224845_S1Hand.tif,data/external/sen1floods11/flood_sar/Paraguay_224845_S1Hand.tif,708324,EXISTING,Paraguay_224845
flood_sar,v1.1/data/flood_events/HandLabeled/S1Hand/Paraguay_225187_S1Hand.tif,data/external/sen1floods11/flood_sar/Paraguay_225187_S1Hand.tif,1671982,EXISTING,Paraguay_225187
flood_sar,v1.1/data/flood_events/HandLabeled/S1Hand/Paraguay_232281_S1Hand.tif,data/external/sen1floods11/flood_sar/Paraguay_232281_S1Hand.tif,1669138,EXISTING,Paraguay_232281
flood_sar,v1.1/data/flood_events/HandLabeled/S1Hand/Paraguay_24341_S1Hand.tif,data/external/sen1floods11/flood_sar/Paraguay_24341_S1Hand.tif,1690073,EXISTING,Paraguay_24341
flood_sar,v1.1/data/flood_events/HandLabeled/S1Hand/Paraguay_246154_S1Hand.tif,data/external/sen1floods11/flood_sar/Paraguay_246154_S1Hand.tif,1669539,EXISTING,Paraguay_246154
flood_sar,v1.1/data/flood_events/HandLabeled/S1Hand/Paraguay_247656_S1Hand.tif,data/external/sen1floods11/flood_sar/Paraguay_247656_S1Hand.tif,1685666,EXISTING,Paraguay_247656
flood_sar,v1.1/data/flood_events/HandLabeled/S1Hand/Paraguay_252217_S1Hand.tif,data/external/sen1floods11/flood_sar/Paraguay_252217_S1Hand.tif,1673806,EXISTING,Paraguay_252217
flood_sar,v1.1/data/flood_events/HandLabeled/S1Hand/Paraguay_271769_S1Hand.tif,data/external/sen1floods11/flood_sar/Paraguay_271769_S1Hand.tif,1686648,EXISTING,Paraguay_271769
flood_sar,v1.1/data/flood_events/HandLabeled/S1Hand/Paraguay_280900_S1Hand.tif,data/external/sen1floods11/flood_sar/Paraguay_280900_S1Hand.tif,1686358,EXISTING,Paraguay_280900
flood_sar,v1.1/data/flood_events/HandLabeled/S1Hand/Paraguay_284928_S1Hand.tif,data/external/sen1floods11/flood_sar/Paraguay_284928_S1Hand.tif,1673813,EXISTING,Paraguay_284928
flood_sar,v1.1/data/flood_events/HandLabeled/S1Hand/Paraguay_305760_S1Hand.tif,data/external/sen1floods11/flood_sar/Paraguay_305760_S1Hand.tif,1678461,EXISTING,Paraguay_305760
flood_sar,v1.1/data/flood_events/HandLabeled/S1Hand/Paraguay_339807_S1Hand.tif,data/external/sen1floods11/flood_sar/Paraguay_339807_S1Hand.tif,1691432,EXISTING,Paraguay_339807
flood_sar,v1.1/data/flood_events/HandLabeled/S1Hand/Paraguay_34417_S1Hand.tif,data/external/sen1floods11/flood_sar/Paraguay_34417_S1Hand.tif,2744,EXISTING,Paraguay_34417
flood_sar,v1.1/data/flood_events/HandLabeled/S1Hand/Paraguay_36015_S1Hand.tif,data/external/sen1floods11/flood_sar/Paraguay_36015_S1Hand.tif,1680980,EXISTING,Paraguay_36015
flood_sar,v1.1/data/flood_events/HandLabeled/S1Hand/Paraguay_36146_S1Hand.tif,data/external/sen1floods11/flood_sar/Paraguay_36146_S1Hand.tif,1673546,EXISTING,Paraguay_36146
flood_sar,v1.1/data/flood_events/HandLabeled/S1Hand/Paraguay_403081_S1Hand.tif,data/external/sen1floods11/flood_sar/Paraguay_403081_S1Hand.tif,1688015,EXISTING,Paraguay_403081
flood_sar,v1.1/data/flood_events/HandLabeled/S1Hand/Paraguay_40936_S1Hand.tif,data/external/sen1floods11/flood_sar/Paraguay_40936_S1Hand.tif,1676579,EXISTING,Paraguay_40936
flood_sar,v1.1/data/flood_events/HandLabeled/S1Hand/Paraguay_44682_S1Hand.tif,data/external/sen1floods11/flood_sar/Paraguay_44682_S1Hand.tif,1680024,EXISTING,Paraguay_44682
flood_sar,v1.1/data/flood_events/HandLabeled/S1Hand/Paraguay_470303_S1Hand.tif,data/external/sen1floods11/flood_sar/Paraguay_470303_S1Hand.tif,1677743,EXISTING,Paraguay_470303
flood_sar,v1.1/data/flood_events/HandLabeled/S1Hand/Paraguay_482517_S1Hand.tif,data/external/sen1floods11/flood_sar/Paraguay_482517_S1Hand.tif,1695234,EXISTING,Paraguay_482517
flood_sar,v1.1/data/flood_events/HandLabeled/S1Hand/Paraguay_48673_S1Hand.tif,data/external/sen1floods11/flood_sar/Paraguay_48673_S1Hand.tif,1681527,EXISTING,Paraguay_48673
flood_sar,v1.1/data/flood_events/HandLabeled/S1Hand/Paraguay_511199_S1Hand.tif,data/external/sen1floods11/flood_sar/Paraguay_511199_S1Hand.tif,1678956,EXISTING,Paraguay_511199
flood_sar,v1.1/data/flood_events/HandLabeled/S1Hand/Paraguay_54421_S1Hand.tif,data/external/sen1floods11/flood_sar/Paraguay_54421_S1Hand.tif,1675060,EXISTING,Paraguay_54421
flood_sar,v1.1/data/flood_events/HandLabeled/S1Hand/Paraguay_581976_S1Hand.tif,data/external/sen1floods11/flood_sar/Paraguay_581976_S1Hand.tif,1673243,EXISTING,Paraguay_581976
flood_sar,v1.1/data/flood_events/HandLabeled/S1Hand/Paraguay_59731_S1Hand.tif,data/external/sen1floods11/flood_sar/Paraguay_59731_S1Hand.tif,1682490,EXISTING,Paraguay_59731
flood_sar,v1.1/data/flood_events/HandLabeled/S1Hand/Paraguay_605682_S1Hand.tif,data/external/sen1floods11/flood_sar/Paraguay_605682_S1Hand.tif,1683399,EXISTING,Paraguay_605682
flood_sar,v1.1/data/flood_events/HandLabeled/S1Hand/Paraguay_62897_S1Hand.tif,data/external/sen1floods11/flood_sar/Paraguay_62897_S1Hand.tif,1682211,EXISTING,Paraguay_62897
flood_sar,v1.1/data/flood_events/HandLabeled/S1Hand/Paraguay_648632_S1Hand.tif,data/external/sen1floods11/flood_sar/Paraguay_648632_S1Hand.tif,1673799,EXISTING,Paraguay_648632
flood_sar,v1.1/data/flood_events/HandLabeled/S1Hand/Paraguay_651904_S1Hand.tif,data/external/sen1floods11/flood_sar/Paraguay_651904_S1Hand.tif,1680335,EXISTING,Paraguay_651904
flood_sar,v1.1/data/flood_events/HandLabeled/S1Hand/Paraguay_657443_S1Hand.tif,data/external/sen1floods11/flood_sar/Paraguay_657443_S1Hand.tif,1692358,EXISTING,Paraguay_657443
flood_sar,v1.1/data/flood_events/HandLabeled/S1Hand/Paraguay_683296_S1Hand.tif,data/external/sen1floods11/flood_sar/Paraguay_683296_S1Hand.tif,1676392,EXISTING,Paraguay_683296
flood_sar,v1.1/data/flood_events/HandLabeled/S1Hand/Paraguay_721886_S1Hand.tif,data/external/sen1floods11/flood_sar/Paraguay_721886_S1Hand.tif,1669185,EXISTING,Paraguay_721886
flood_sar,v1.1/data/flood_events/HandLabeled/S1Hand/Paraguay_76868_S1Hand.tif,data/external/sen1floods11/flood_sar/Paraguay_76868_S1Hand.tif,1672656,EXISTING,Paraguay_76868
flood_sar,v1.1/data/flood_events/HandLabeled/S1Hand/Paraguay_7894_S1Hand.tif,data/external/sen1floods11/flood_sar/Paraguay_7894_S1Hand.tif,1670644,EXISTING,Paraguay_7894
flood_sar,v1.1/data/flood_events/HandLabeled/S1Hand/Paraguay_790830_S1Hand.tif,data/external/sen1floods11/flood_sar/Paraguay_790830_S1Hand.tif,1693511,EXISTING,Paraguay_790830
flood_sar,v1.1/data/flood_events/HandLabeled/S1Hand/Paraguay_791364_S1Hand.tif,data/external/sen1floods11/flood_sar/Paraguay_791364_S1Hand.tif,1680972,EXISTING,Paraguay_791364
flood_sar,v1.1/data/flood_events/HandLabeled/S1Hand/Paraguay_792268_S1Hand.tif,data/external/sen1floods11/flood_sar/Paraguay_792268_S1Hand.tif,1666541,EXISTING,Paraguay_792268
flood_sar,v1.1/data/flood_events/HandLabeled/S1Hand/Paraguay_795075_S1Hand.tif,data/external/sen1floods11/flood_sar/Paraguay_795075_S1Hand.tif,1686266,EXISTING,Paraguay_795075
flood_sar,v1.1/data/flood_events/HandLabeled/S1Hand/Paraguay_80102_S1Hand.tif,data/external/sen1floods11/flood_sar/Paraguay_80102_S1Hand.tif,1677255,EXISTING,Paraguay_80102
flood_sar,v1.1/data/flood_events/HandLabeled/S1Hand/Paraguay_822142_S1Hand.tif,data/external/sen1floods11/flood_sar/Paraguay_822142_S1Hand.tif,1689129,EXISTING,Paraguay_822142
flood_sar,v1.1/data/flood_events/HandLabeled/S1Hand/Paraguay_868895_S1Hand.tif,data/external/sen1floods11/flood_sar/Paraguay_868895_S1Hand.tif,1682363,EXISTING,Paraguay_868895
flood_sar,v1.1/data/flood_events/HandLabeled/S1Hand/Paraguay_892933_S1Hand.tif,data/external/sen1floods11/flood_sar/Paraguay_892933_S1Hand.tif,1676999,EXISTING,Paraguay_892933
flood_sar,v1.1/data/flood_events/HandLabeled/S1Hand/Paraguay_896458_S1Hand.tif,data/external/sen1floods11/flood_sar/Paraguay_896458_S1Hand.tif,1690024,EXISTING,Paraguay_896458
flood_sar,v1.1/data/flood_events/HandLabeled/S1Hand/Paraguay_913449_S1Hand.tif,data/external/sen1floods11/flood_sar/Paraguay_913449_S1Hand.tif,1679957,EXISTING,Paraguay_913449
flood_sar,v1.1/data/flood_events/HandLabeled/S1Hand/Paraguay_921838_S1Hand.tif,data/external/sen1floods11/flood_sar/Paraguay_921838_S1Hand.tif,1674739,EXISTING,Paraguay_921838
flood_sar,v1.1/data/flood_events/HandLabeled/S1Hand/Paraguay_934240_S1Hand.tif,data/external/sen1floods11/flood_sar/Paraguay_934240_S1Hand.tif,1687899,EXISTING,Paraguay_934240
flood_sar,v1.1/data/flood_events/HandLabeled/S1Hand/Paraguay_989230_S1Hand.tif,data/external/sen1floods11/flood_sar/Paraguay_989230_S1Hand.tif,1682600,EXISTING,Paraguay_989230
flood_sar,v1.1/data/flood_events/HandLabeled/S1Hand/Paraguay_997480_S1Hand.tif,data/external/sen1floods11/flood_sar/Paraguay_997480_S1Hand.tif,1671229,EXISTING,Paraguay_997480
flood_sar,v1.1/data/flood_events/HandLabeled/S1Hand/Somalia_1068756_S1Hand.tif,data/external/sen1floods11/flood_sar/Somalia_1068756_S1Hand.tif,1768671,EXISTING,Somalia_1068756
flood_sar,v1.1/data/flood_events/HandLabeled/S1Hand/Somalia_1087508_S1Hand.tif,data/external/sen1floods11/flood_sar/Somalia_1087508_S1Hand.tif,1783204,EXISTING,Somalia_1087508
flood_sar,v1.1/data/flood_events/HandLabeled/S1Hand/Somalia_12849_S1Hand.tif,data/external/sen1floods11/flood_sar/Somalia_12849_S1Hand.tif,1775152,EXISTING,Somalia_12849
flood_sar,v1.1/data/flood_events/HandLabeled/S1Hand/Somalia_166342_S1Hand.tif,data/external/sen1floods11/flood_sar/Somalia_166342_S1Hand.tif,1771006,EXISTING,Somalia_166342
flood_sar,v1.1/data/flood_events/HandLabeled/S1Hand/Somalia_167787_S1Hand.tif,data/external/sen1floods11/flood_sar/Somalia_167787_S1Hand.tif,1767376,EXISTING,Somalia_167787
flood_sar,v1.1/data/flood_events/HandLabeled/S1Hand/Somalia_195014_S1Hand.tif,data/external/sen1floods11/flood_sar/Somalia_195014_S1Hand.tif,1767526,EXISTING,Somalia_195014
flood_sar,v1.1/data/flood_events/HandLabeled/S1Hand/Somalia_205466_S1Hand.tif,data/external/sen1floods11/flood_sar/Somalia_205466_S1Hand.tif,1761921,EXISTING,Somalia_205466
flood_sar,v1.1/data/flood_events/HandLabeled/S1Hand/Somalia_230192_S1Hand.tif,data/external/sen1floods11/flood_sar/Somalia_230192_S1Hand.tif,1769750,EXISTING,Somalia_230192
flood_sar,v1.1/data/flood_events/HandLabeled/S1Hand/Somalia_256539_S1Hand.tif,data/external/sen1floods11/flood_sar/Somalia_256539_S1Hand.tif,1786310,EXISTING,Somalia_256539
flood_sar,v1.1/data/flood_events/HandLabeled/S1Hand/Somalia_295782_S1Hand.tif,data/external/sen1floods11/flood_sar/Somalia_295782_S1Hand.tif,1774024,EXISTING,Somalia_295782
flood_sar,v1.1/data/flood_events/HandLabeled/S1Hand/Somalia_322855_S1Hand.tif,data/external/sen1floods11/flood_sar/Somalia_322855_S1Hand.tif,1800396,EXISTING,Somalia_322855
flood_sar,v1.1/data/flood_events/HandLabeled/S1Hand/Somalia_32375_S1Hand.tif,data/external/sen1floods11/flood_sar/Somalia_32375_S1Hand.tif,1760378,EXISTING,Somalia_32375
flood_sar,v1.1/data/flood_events/HandLabeled/S1Hand/Somalia_371421_S1Hand.tif,data/external/sen1floods11/flood_sar/Somalia_371421_S1Hand.tif,1776843,EXISTING,Somalia_371421
flood_sar,v1.1/data/flood_events/HandLabeled/S1Hand/Somalia_60129_S1Hand.tif,data/external/sen1floods11/flood_sar/Somalia_60129_S1Hand.tif,1779568,EXISTING,Somalia_60129
flood_sar,v1.1/data/flood_events/HandLabeled/S1Hand/Somalia_61368_S1Hand.tif,data/external/sen1floods11/flood_sar/Somalia_61368_S1Hand.tif,1775498,EXISTING,Somalia_61368
flood_sar,v1.1/data/flood_events/HandLabeled/S1Hand/Somalia_626316_S1Hand.tif,data/external/sen1floods11/flood_sar/Somalia_626316_S1Hand.tif,1773450,EXISTING,Somalia_626316
flood_sar,v1.1/data/flood_events/HandLabeled/S1Hand/Somalia_649376_S1Hand.tif,data/external/sen1floods11/flood_sar/Somalia_649376_S1Hand.tif,1780582,EXISTING,Somalia_649376
flood_sar,v1.1/data/flood_events/HandLabeled/S1Hand/Somalia_685158_S1Hand.tif,data/external/sen1floods11/flood_sar/Somalia_685158_S1Hand.tif,1782373,EXISTING,Somalia_685158
flood_sar,v1.1/data/flood_events/HandLabeled/S1Hand/Somalia_699062_S1Hand.tif,data/external/sen1floods11/flood_sar/Somalia_699062_S1Hand.tif,1776009,EXISTING,Somalia_699062
flood_sar,v1.1/data/flood_events/HandLabeled/S1Hand/Somalia_7931_S1Hand.tif,data/external/sen1floods11/flood_sar/Somalia_7931_S1Hand.tif,1783921,EXISTING,Somalia_7931
flood_sar,v1.1/data/flood_events/HandLabeled/S1Hand/Somalia_886726_S1Hand.tif,data/external/sen1floods11/flood_sar/Somalia_886726_S1Hand.tif,1781985,EXISTING,Somalia_886726
flood_sar,v1.1/data/flood_events/HandLabeled/S1Hand/Somalia_93023_S1Hand.tif,data/external/sen1floods11/flood_sar/Somalia_93023_S1Hand.tif,1763959,EXISTING,Somalia_93023
flood_sar,v1.1/data/flood_events/HandLabeled/S1Hand/Somalia_94102_S1Hand.tif,data/external/sen1floods11/flood_sar/Somalia_94102_S1Hand.tif,1788906,EXISTING,Somalia_94102
flood_sar,v1.1/data/flood_events/HandLabeled/S1Hand/Somalia_970508_S1Hand.tif,data/external/sen1floods11/flood_sar/Somalia_970508_S1Hand.tif,1786050,EXISTING,Somalia_970508
flood_sar,v1.1/data/flood_events/HandLabeled/S1Hand/Somalia_989553_S1Hand.tif,data/external/sen1floods11/flood_sar/Somalia_989553_S1Hand.tif,1794189,EXISTING,Somalia_989553
flood_sar,v1.1/data/flood_events/HandLabeled/S1Hand/Somalia_992457_S1Hand.tif,data/external/sen1floods11/flood_sar/Somalia_992457_S1Hand.tif,1773645,EXISTING,Somalia_992457
flood_sar,v1.1/data/flood_events/HandLabeled/S1Hand/Spain_1167260_S1Hand.tif,data/external/sen1floods11/flood_sar/Spain_1167260_S1Hand.tif,1498434,EXISTING,Spain_1167260
flood_sar,v1.1/data/flood_events/HandLabeled/S1Hand/Spain_1199913_S1Hand.tif,data/external/sen1floods11/flood_sar/Spain_1199913_S1Hand.tif,1491993,EXISTING,Spain_1199913
flood_sar,v1.1/data/flood_events/HandLabeled/S1Hand/Spain_2472849_S1Hand.tif,data/external/sen1floods11/flood_sar/Spain_2472849_S1Hand.tif,1501816,EXISTING,Spain_2472849
flood_sar,v1.1/data/flood_events/HandLabeled/S1Hand/Spain_2523247_S1Hand.tif,data/external/sen1floods11/flood_sar/Spain_2523247_S1Hand.tif,1503039,EXISTING,Spain_2523247
flood_sar,v1.1/data/flood_events/HandLabeled/S1Hand/Spain_2594119_S1Hand.tif,data/external/sen1floods11/flood_sar/Spain_2594119_S1Hand.tif,1495812,EXISTING,Spain_2594119
flood_sar,v1.1/data/flood_events/HandLabeled/S1Hand/Spain_2938657_S1Hand.tif,data/external/sen1floods11/flood_sar/Spain_2938657_S1Hand.tif,1498547,EXISTING,Spain_2938657
flood_sar,v1.1/data/flood_events/HandLabeled/S1Hand/Spain_3285448_S1Hand.tif,data/external/sen1floods11/flood_sar/Spain_3285448_S1Hand.tif,1506059,EXISTING,Spain_3285448
flood_sar,v1.1/data/flood_events/HandLabeled/S1Hand/Spain_337094_S1Hand.tif,data/external/sen1floods11/flood_sar/Spain_337094_S1Hand.tif,1499154,EXISTING,Spain_337094
flood_sar,v1.1/data/flood_events/HandLabeled/S1Hand/Spain_4282030_S1Hand.tif,data/external/sen1floods11/flood_sar/Spain_4282030_S1Hand.tif,1498409,EXISTING,Spain_4282030
flood_sar,v1.1/data/flood_events/HandLabeled/S1Hand/Spain_4915752_S1Hand.tif,data/external/sen1floods11/flood_sar/Spain_4915752_S1Hand.tif,1488561,EXISTING,Spain_4915752
flood_sar,v1.1/data/flood_events/HandLabeled/S1Hand/Spain_5650136_S1Hand.tif,data/external/sen1floods11/flood_sar/Spain_5650136_S1Hand.tif,1494815,EXISTING,Spain_5650136
flood_sar,v1.1/data/flood_events/HandLabeled/S1Hand/Spain_5678382_S1Hand.tif,data/external/sen1floods11/flood_sar/Spain_5678382_S1Hand.tif,1509566,EXISTING,Spain_5678382
flood_sar,v1.1/data/flood_events/HandLabeled/S1Hand/Spain_5816638_S1Hand.tif,data/external/sen1floods11/flood_sar/Spain_5816638_S1Hand.tif,1496015,EXISTING,Spain_5816638
flood_sar,v1.1/data/flood_events/HandLabeled/S1Hand/Spain_5923267_S1Hand.tif,data/external/sen1floods11/flood_sar/Spain_5923267_S1Hand.tif,1499785,EXISTING,Spain_5923267
flood_sar,v1.1/data/flood_events/HandLabeled/S1Hand/Spain_6095801_S1Hand.tif,data/external/sen1floods11/flood_sar/Spain_6095801_S1Hand.tif,1505207,EXISTING,Spain_6095801
flood_sar,v1.1/data/flood_events/HandLabeled/S1Hand/Spain_6199994_S1Hand.tif,data/external/sen1floods11/flood_sar/Spain_6199994_S1Hand.tif,1490126,EXISTING,Spain_6199994
flood_sar,v1.1/data/flood_events/HandLabeled/S1Hand/Spain_6537196_S1Hand.tif,data/external/sen1floods11/flood_sar/Spain_6537196_S1Hand.tif,1494679,EXISTING,Spain_6537196
flood_sar,v1.1/data/flood_events/HandLabeled/S1Hand/Spain_6860600_S1Hand.tif,data/external/sen1floods11/flood_sar/Spain_6860600_S1Hand.tif,1490744,EXISTING,Spain_6860600
flood_sar,v1.1/data/flood_events/HandLabeled/S1Hand/Spain_716716_S1Hand.tif,data/external/sen1floods11/flood_sar/Spain_716716_S1Hand.tif,1485685,EXISTING,Spain_716716
flood_sar,v1.1/data/flood_events/HandLabeled/S1Hand/Spain_7370579_S1Hand.tif,data/external/sen1floods11/flood_sar/Spain_7370579_S1Hand.tif,1507705,EXISTING,Spain_7370579
flood_sar,v1.1/data/flood_events/HandLabeled/S1Hand/Spain_7387658_S1Hand.tif,data/external/sen1floods11/flood_sar/Spain_7387658_S1Hand.tif,1509867,EXISTING,Spain_7387658
flood_sar,v1.1/data/flood_events/HandLabeled/S1Hand/Spain_7558720_S1Hand.tif,data/external/sen1floods11/flood_sar/Spain_7558720_S1Hand.tif,1500337,EXISTING,Spain_7558720
flood_sar,v1.1/data/flood_events/HandLabeled/S1Hand/Spain_7604243_S1Hand.tif,data/external/sen1floods11/flood_sar/Spain_7604243_S1Hand.tif,1506326,EXISTING,Spain_7604243
flood_sar,v1.1/data/flood_events/HandLabeled/S1Hand/Spain_7786924_S1Hand.tif,data/external/sen1floods11/flood_sar/Spain_7786924_S1Hand.tif,1497343,EXISTING,Spain_7786924
flood_sar,v1.1/data/flood_events/HandLabeled/S1Hand/Spain_7856615_S1Hand.tif,data/external/sen1floods11/flood_sar/Spain_7856615_S1Hand.tif,1497262,EXISTING,Spain_7856615
flood_sar,v1.1/data/flood_events/HandLabeled/S1Hand/Spain_8104659_S1Hand.tif,data/external/sen1floods11/flood_sar/Spain_8104659_S1Hand.tif,1508366,EXISTING,Spain_8104659
flood_sar,v1.1/data/flood_events/HandLabeled/S1Hand/Spain_8154154_S1Hand.tif,data/external/sen1floods11/flood_sar/Spain_8154154_S1Hand.tif,1500019,EXISTING,Spain_8154154
flood_sar,v1.1/data/flood_events/HandLabeled/S1Hand/Spain_8199661_S1Hand.tif,data/external/sen1floods11/flood_sar/Spain_8199661_S1Hand.tif,1490846,EXISTING,Spain_8199661
flood_sar,v1.1/data/flood_events/HandLabeled/S1Hand/Spain_8372658_S1Hand.tif,data/external/sen1floods11/flood_sar/Spain_8372658_S1Hand.tif,1505931,EXISTING,Spain_8372658
flood_sar,v1.1/data/flood_events/HandLabeled/S1Hand/Spain_8565131_S1Hand.tif,data/external/sen1floods11/flood_sar/Spain_8565131_S1Hand.tif,1490544,EXISTING,Spain_8565131
flood_sar,v1.1/data/flood_events/HandLabeled/S1Hand/Sri-Lanka_101973_S1Hand.tif,data/external/sen1floods11/flood_sar/Sri-Lanka_101973_S1Hand.tif,1779614,EXISTING,Sri-Lanka_101973
flood_sar,v1.1/data/flood_events/HandLabeled/S1Hand/Sri-Lanka_1038087_S1Hand.tif,data/external/sen1floods11/flood_sar/Sri-Lanka_1038087_S1Hand.tif,1788519,EXISTING,Sri-Lanka_1038087
flood_sar,v1.1/data/flood_events/HandLabeled/S1Hand/Sri-Lanka_1049830_S1Hand.tif,data/external/sen1floods11/flood_sar/Sri-Lanka_1049830_S1Hand.tif,1796614,EXISTING,Sri-Lanka_1049830
flood_sar,v1.1/data/flood_events/HandLabeled/S1Hand/Sri-Lanka_117737_S1Hand.tif,data/external/sen1floods11/flood_sar/Sri-Lanka_117737_S1Hand.tif,1796586,EXISTING,Sri-Lanka_117737
flood_sar,v1.1/data/flood_events/HandLabeled/S1Hand/Sri-Lanka_120804_S1Hand.tif,data/external/sen1floods11/flood_sar/Sri-Lanka_120804_S1Hand.tif,1789518,EXISTING,Sri-Lanka_120804
flood_sar,v1.1/data/flood_events/HandLabeled/S1Hand/Sri-Lanka_132922_S1Hand.tif,data/external/sen1floods11/flood_sar/Sri-Lanka_132922_S1Hand.tif,1785918,EXISTING,Sri-Lanka_132922
flood_sar,v1.1/data/flood_events/HandLabeled/S1Hand/Sri-Lanka_135713_S1Hand.tif,data/external/sen1floods11/flood_sar/Sri-Lanka_135713_S1Hand.tif,1813813,EXISTING,Sri-Lanka_135713
flood_sar,v1.1/data/flood_events/HandLabeled/S1Hand/Sri-Lanka_14484_S1Hand.tif,data/external/sen1floods11/flood_sar/Sri-Lanka_14484_S1Hand.tif,1798657,EXISTING,Sri-Lanka_14484
flood_sar,v1.1/data/flood_events/HandLabeled/S1Hand/Sri-Lanka_152185_S1Hand.tif,data/external/sen1floods11/flood_sar/Sri-Lanka_152185_S1Hand.tif,1795442,EXISTING,Sri-Lanka_152185
flood_sar,v1.1/data/flood_events/HandLabeled/S1Hand/Sri-Lanka_163406_S1Hand.tif,data/external/sen1floods11/flood_sar/Sri-Lanka_163406_S1Hand.tif,1781637,EXISTING,Sri-Lanka_163406
flood_sar,v1.1/data/flood_events/HandLabeled/S1Hand/Sri-Lanka_178753_S1Hand.tif,data/external/sen1floods11/flood_sar/Sri-Lanka_178753_S1Hand.tif,1806697,EXISTING,Sri-Lanka_178753
flood_sar,v1.1/data/flood_events/HandLabeled/S1Hand/Sri-Lanka_233609_S1Hand.tif,data/external/sen1floods11/flood_sar/Sri-Lanka_233609_S1Hand.tif,1788436,EXISTING,Sri-Lanka_233609
flood_sar,v1.1/data/flood_events/HandLabeled/S1Hand/Sri-Lanka_236030_S1Hand.tif,data/external/sen1floods11/flood_sar/Sri-Lanka_236030_S1Hand.tif,1804999,EXISTING,Sri-Lanka_236030
flood_sar,v1.1/data/flood_events/HandLabeled/S1Hand/Sri-Lanka_236628_S1Hand.tif,data/external/sen1floods11/flood_sar/Sri-Lanka_236628_S1Hand.tif,1794442,EXISTING,Sri-Lanka_236628
flood_sar,v1.1/data/flood_events/HandLabeled/S1Hand/Sri-Lanka_249079_S1Hand.tif,data/external/sen1floods11/flood_sar/Sri-Lanka_249079_S1Hand.tif,1814030,EXISTING,Sri-Lanka_249079
flood_sar,v1.1/data/flood_events/HandLabeled/S1Hand/Sri-Lanka_31559_S1Hand.tif,data/external/sen1floods11/flood_sar/Sri-Lanka_31559_S1Hand.tif,1817042,EXISTING,Sri-Lanka_31559
flood_sar,v1.1/data/flood_events/HandLabeled/S1Hand/Sri-Lanka_321316_S1Hand.tif,data/external/sen1floods11/flood_sar/Sri-Lanka_321316_S1Hand.tif,1774424,EXISTING,Sri-Lanka_321316
flood_sar,v1.1/data/flood_events/HandLabeled/S1Hand/Sri-Lanka_377277_S1Hand.tif,data/external/sen1floods11/flood_sar/Sri-Lanka_377277_S1Hand.tif,1793706,EXISTING,Sri-Lanka_377277
flood_sar,v1.1/data/flood_events/HandLabeled/S1Hand/Sri-Lanka_400518_S1Hand.tif,data/external/sen1floods11/flood_sar/Sri-Lanka_400518_S1Hand.tif,1792690,EXISTING,Sri-Lanka_400518
flood_sar,v1.1/data/flood_events/HandLabeled/S1Hand/Sri-Lanka_450918_S1Hand.tif,data/external/sen1floods11/flood_sar/Sri-Lanka_450918_S1Hand.tif,863129,EXISTING,Sri-Lanka_450918
flood_sar,v1.1/data/flood_events/HandLabeled/S1Hand/Sri-Lanka_49764_S1Hand.tif,data/external/sen1floods11/flood_sar/Sri-Lanka_49764_S1Hand.tif,1808949,EXISTING,Sri-Lanka_49764
flood_sar,v1.1/data/flood_events/HandLabeled/S1Hand/Sri-Lanka_52223_S1Hand.tif,data/external/sen1floods11/flood_sar/Sri-Lanka_52223_S1Hand.tif,1787546,EXISTING,Sri-Lanka_52223
flood_sar,v1.1/data/flood_events/HandLabeled/S1Hand/Sri-Lanka_523539_S1Hand.tif,data/external/sen1floods11/flood_sar/Sri-Lanka_523539_S1Hand.tif,1796872,EXISTING,Sri-Lanka_523539
flood_sar,v1.1/data/flood_events/HandLabeled/S1Hand/Sri-Lanka_534068_S1Hand.tif,data/external/sen1floods11/flood_sar/Sri-Lanka_534068_S1Hand.tif,1768357,EXISTING,Sri-Lanka_534068
flood_sar,v1.1/data/flood_events/HandLabeled/S1Hand/Sri-Lanka_551926_S1Hand.tif,data/external/sen1floods11/flood_sar/Sri-Lanka_551926_S1Hand.tif,1784320,EXISTING,Sri-Lanka_551926
flood_sar,v1.1/data/flood_events/HandLabeled/S1Hand/Sri-Lanka_55568_S1Hand.tif,data/external/sen1floods11/flood_sar/Sri-Lanka_55568_S1Hand.tif,1791193,EXISTING,Sri-Lanka_55568
flood_sar,v1.1/data/flood_events/HandLabeled/S1Hand/Sri-Lanka_579082_S1Hand.tif,data/external/sen1floods11/flood_sar/Sri-Lanka_579082_S1Hand.tif,1798247,EXISTING,Sri-Lanka_579082
flood_sar,v1.1/data/flood_events/HandLabeled/S1Hand/Sri-Lanka_612594_S1Hand.tif,data/external/sen1floods11/flood_sar/Sri-Lanka_612594_S1Hand.tif,1771846,EXISTING,Sri-Lanka_612594
flood_sar,v1.1/data/flood_events/HandLabeled/S1Hand/Sri-Lanka_63307_S1Hand.tif,data/external/sen1floods11/flood_sar/Sri-Lanka_63307_S1Hand.tif,1766420,EXISTING,Sri-Lanka_63307
flood_sar,v1.1/data/flood_events/HandLabeled/S1Hand/Sri-Lanka_649970_S1Hand.tif,data/external/sen1floods11/flood_sar/Sri-Lanka_649970_S1Hand.tif,1798693,EXISTING,Sri-Lanka_649970
flood_sar,v1.1/data/flood_events/HandLabeled/S1Hand/Sri-Lanka_653336_S1Hand.tif,data/external/sen1floods11/flood_sar/Sri-Lanka_653336_S1Hand.tif,1787607,EXISTING,Sri-Lanka_653336
flood_sar,v1.1/data/flood_events/HandLabeled/S1Hand/Sri-Lanka_713926_S1Hand.tif,data/external/sen1floods11/flood_sar/Sri-Lanka_713926_S1Hand.tif,1786176,EXISTING,Sri-Lanka_713926
flood_sar,v1.1/data/flood_events/HandLabeled/S1Hand/Sri-Lanka_748447_S1Hand.tif,data/external/sen1floods11/flood_sar/Sri-Lanka_748447_S1Hand.tif,1796397,EXISTING,Sri-Lanka_748447
flood_sar,v1.1/data/flood_events/HandLabeled/S1Hand/Sri-Lanka_845821_S1Hand.tif,data/external/sen1floods11/flood_sar/Sri-Lanka_845821_S1Hand.tif,1763074,EXISTING,Sri-Lanka_845821
flood_sar,v1.1/data/flood_events/HandLabeled/S1Hand/Sri-Lanka_847275_S1Hand.tif,data/external/sen1floods11/flood_sar/Sri-Lanka_847275_S1Hand.tif,1799598,EXISTING,Sri-Lanka_847275
flood_sar,v1.1/data/flood_events/HandLabeled/S1Hand/Sri-Lanka_849649_S1Hand.tif,data/external/sen1floods11/flood_sar/Sri-Lanka_849649_S1Hand.tif,1792723,EXISTING,Sri-Lanka_849649
flood_sar,v1.1/data/flood_events/HandLabeled/S1Hand/Sri-Lanka_85652_S1Hand.tif,data/external/sen1floods11/flood_sar/Sri-Lanka_85652_S1Hand.tif,1808537,EXISTING,Sri-Lanka_85652
flood_sar,v1.1/data/flood_events/HandLabeled/S1Hand/Sri-Lanka_883641_S1Hand.tif,data/external/sen1floods11/flood_sar/Sri-Lanka_883641_S1Hand.tif,1793885,EXISTING,Sri-Lanka_883641
flood_sar,v1.1/data/flood_events/HandLabeled/S1Hand/Sri-Lanka_916628_S1Hand.tif,data/external/sen1floods11/flood_sar/Sri-Lanka_916628_S1Hand.tif,1809533,EXISTING,Sri-Lanka_916628
flood_sar,v1.1/data/flood_events/HandLabeled/S1Hand/Sri-Lanka_922192_S1Hand.tif,data/external/sen1floods11/flood_sar/Sri-Lanka_922192_S1Hand.tif,1798640,EXISTING,Sri-Lanka_922192
flood_sar,v1.1/data/flood_events/HandLabeled/S1Hand/Sri-Lanka_92824_S1Hand.tif,data/external/sen1floods11/flood_sar/Sri-Lanka_92824_S1Hand.tif,1794340,EXISTING,Sri-Lanka_92824
flood_sar,v1.1/data/flood_events/HandLabeled/S1Hand/Sri-Lanka_956740_S1Hand.tif,data/external/sen1floods11/flood_sar/Sri-Lanka_956740_S1Hand.tif,1797080,EXISTING,Sri-Lanka_956740
flood_sar,v1.1/data/flood_events/HandLabeled/S1Hand/USA_1010394_S1Hand.tif,data/external/sen1floods11/flood_sar/USA_1010394_S1Hand.tif,1467469,EXISTING,USA_1010394
flood_sar,v1.1/data/flood_events/HandLabeled/S1Hand/USA_1039203_S1Hand.tif,data/external/sen1floods11/flood_sar/USA_1039203_S1Hand.tif,1472867,EXISTING,USA_1039203
flood_sar,v1.1/data/flood_events/HandLabeled/S1Hand/USA_1049586_S1Hand.tif,data/external/sen1floods11/flood_sar/USA_1049586_S1Hand.tif,1470920,EXISTING,USA_1049586
flood_sar,v1.1/data/flood_events/HandLabeled/S1Hand/USA_1068362_S1Hand.tif,data/external/sen1floods11/flood_sar/USA_1068362_S1Hand.tif,1464421,EXISTING,USA_1068362
flood_sar,v1.1/data/flood_events/HandLabeled/S1Hand/USA_1082482_S1Hand.tif,data/external/sen1floods11/flood_sar/USA_1082482_S1Hand.tif,1477468,EXISTING,USA_1082482
flood_sar,v1.1/data/flood_events/HandLabeled/S1Hand/USA_11422_S1Hand.tif,data/external/sen1floods11/flood_sar/USA_11422_S1Hand.tif,1474460,EXISTING,USA_11422
flood_sar,v1.1/data/flood_events/HandLabeled/S1Hand/USA_114964_S1Hand.tif,data/external/sen1floods11/flood_sar/USA_114964_S1Hand.tif,1462650,EXISTING,USA_114964
flood_sar,v1.1/data/flood_events/HandLabeled/S1Hand/USA_115033_S1Hand.tif,data/external/sen1floods11/flood_sar/USA_115033_S1Hand.tif,1472140,EXISTING,USA_115033
flood_sar,v1.1/data/flood_events/HandLabeled/S1Hand/USA_170264_S1Hand.tif,data/external/sen1floods11/flood_sar/USA_170264_S1Hand.tif,1488371,EXISTING,USA_170264
flood_sar,v1.1/data/flood_events/HandLabeled/S1Hand/USA_179917_S1Hand.tif,data/external/sen1floods11/flood_sar/USA_179917_S1Hand.tif,1476060,EXISTING,USA_179917
flood_sar,v1.1/data/flood_events/HandLabeled/S1Hand/USA_181263_S1Hand.tif,data/external/sen1floods11/flood_sar/USA_181263_S1Hand.tif,1168245,EXISTING,USA_181263
flood_sar,v1.1/data/flood_events/HandLabeled/S1Hand/USA_181503_S1Hand.tif,data/external/sen1floods11/flood_sar/USA_181503_S1Hand.tif,1450163,EXISTING,USA_181503
flood_sar,v1.1/data/flood_events/HandLabeled/S1Hand/USA_19225_S1Hand.tif,data/external/sen1floods11/flood_sar/USA_19225_S1Hand.tif,1476446,EXISTING,USA_19225
flood_sar,v1.1/data/flood_events/HandLabeled/S1Hand/USA_198411_S1Hand.tif,data/external/sen1floods11/flood_sar/USA_198411_S1Hand.tif,503694,EXISTING,USA_198411
flood_sar,v1.1/data/flood_events/HandLabeled/S1Hand/USA_211406_S1Hand.tif,data/external/sen1floods11/flood_sar/USA_211406_S1Hand.tif,1461049,EXISTING,USA_211406
flood_sar,v1.1/data/flood_events/HandLabeled/S1Hand/USA_217598_S1Hand.tif,data/external/sen1floods11/flood_sar/USA_217598_S1Hand.tif,1456769,EXISTING,USA_217598
flood_sar,v1.1/data/flood_events/HandLabeled/S1Hand/USA_224165_S1Hand.tif,data/external/sen1floods11/flood_sar/USA_224165_S1Hand.tif,1456868,EXISTING,USA_224165
flood_sar,v1.1/data/flood_events/HandLabeled/S1Hand/USA_225017_S1Hand.tif,data/external/sen1floods11/flood_sar/USA_225017_S1Hand.tif,1474692,EXISTING,USA_225017
flood_sar,v1.1/data/flood_events/HandLabeled/S1Hand/USA_231124_S1Hand.tif,data/external/sen1floods11/flood_sar/USA_231124_S1Hand.tif,761603,EXISTING,USA_231124
flood_sar,v1.1/data/flood_events/HandLabeled/S1Hand/USA_232060_S1Hand.tif,data/external/sen1floods11/flood_sar/USA_232060_S1Hand.tif,1467836,EXISTING,USA_232060
flood_sar,v1.1/data/flood_events/HandLabeled/S1Hand/USA_251323_S1Hand.tif,data/external/sen1floods11/flood_sar/USA_251323_S1Hand.tif,1451321,EXISTING,USA_251323
flood_sar,v1.1/data/flood_events/HandLabeled/S1Hand/USA_260929_S1Hand.tif,data/external/sen1floods11/flood_sar/USA_260929_S1Hand.tif,1456147,EXISTING,USA_260929
flood_sar,v1.1/data/flood_events/HandLabeled/S1Hand/USA_275372_S1Hand.tif,data/external/sen1floods11/flood_sar/USA_275372_S1Hand.tif,1472122,EXISTING,USA_275372
flood_sar,v1.1/data/flood_events/HandLabeled/S1Hand/USA_308150_S1Hand.tif,data/external/sen1floods11/flood_sar/USA_308150_S1Hand.tif,1469277,EXISTING,USA_308150
flood_sar,v1.1/data/flood_events/HandLabeled/S1Hand/USA_347609_S1Hand.tif,data/external/sen1floods11/flood_sar/USA_347609_S1Hand.tif,1179534,EXISTING,USA_347609
flood_sar,v1.1/data/flood_events/HandLabeled/S1Hand/USA_348639_S1Hand.tif,data/external/sen1floods11/flood_sar/USA_348639_S1Hand.tif,1471729,EXISTING,USA_348639
flood_sar,v1.1/data/flood_events/HandLabeled/S1Hand/USA_350244_S1Hand.tif,data/external/sen1floods11/flood_sar/USA_350244_S1Hand.tif,1459772,EXISTING,USA_350244
flood_sar,v1.1/data/flood_events/HandLabeled/S1Hand/USA_354981_S1Hand.tif,data/external/sen1floods11/flood_sar/USA_354981_S1Hand.tif,1465400,EXISTING,USA_354981
flood_sar,v1.1/data/flood_events/HandLabeled/S1Hand/USA_366607_S1Hand.tif,data/external/sen1floods11/flood_sar/USA_366607_S1Hand.tif,1480874,EXISTING,USA_366607
flood_sar,v1.1/data/flood_events/HandLabeled/S1Hand/USA_375183_S1Hand.tif,data/external/sen1floods11/flood_sar/USA_375183_S1Hand.tif,1471333,EXISTING,USA_375183
flood_sar,v1.1/data/flood_events/HandLabeled/S1Hand/USA_387945_S1Hand.tif,data/external/sen1floods11/flood_sar/USA_387945_S1Hand.tif,1454719,EXISTING,USA_387945
flood_sar,v1.1/data/flood_events/HandLabeled/S1Hand/USA_430764_S1Hand.tif,data/external/sen1floods11/flood_sar/USA_430764_S1Hand.tif,1457294,EXISTING,USA_430764
flood_sar,v1.1/data/flood_events/HandLabeled/S1Hand/USA_438959_S1Hand.tif,data/external/sen1floods11/flood_sar/USA_438959_S1Hand.tif,1422143,EXISTING,USA_438959
flood_sar,v1.1/data/flood_events/HandLabeled/S1Hand/USA_486103_S1Hand.tif,data/external/sen1floods11/flood_sar/USA_486103_S1Hand.tif,1462259,EXISTING,USA_486103
flood_sar,v1.1/data/flood_events/HandLabeled/S1Hand/USA_504150_S1Hand.tif,data/external/sen1floods11/flood_sar/USA_504150_S1Hand.tif,1480801,EXISTING,USA_504150
flood_sar,v1.1/data/flood_events/HandLabeled/S1Hand/USA_519181_S1Hand.tif,data/external/sen1floods11/flood_sar/USA_519181_S1Hand.tif,1469319,EXISTING,USA_519181
flood_sar,v1.1/data/flood_events/HandLabeled/S1Hand/USA_527077_S1Hand.tif,data/external/sen1floods11/flood_sar/USA_527077_S1Hand.tif,1474054,EXISTING,USA_527077
flood_sar,v1.1/data/flood_events/HandLabeled/S1Hand/USA_58086_S1Hand.tif,data/external/sen1floods11/flood_sar/USA_58086_S1Hand.tif,1474624,EXISTING,USA_58086
flood_sar,v1.1/data/flood_events/HandLabeled/S1Hand/USA_595451_S1Hand.tif,data/external/sen1floods11/flood_sar/USA_595451_S1Hand.tif,1489461,EXISTING,USA_595451
flood_sar,v1.1/data/flood_events/HandLabeled/S1Hand/USA_604222_S1Hand.tif,data/external/sen1floods11/flood_sar/USA_604222_S1Hand.tif,1475885,EXISTING,USA_604222
flood_sar,v1.1/data/flood_events/HandLabeled/S1Hand/USA_605492_S1Hand.tif,data/external/sen1floods11/flood_sar/USA_605492_S1Hand.tif,1480371,EXISTING,USA_605492
flood_sar,v1.1/data/flood_events/HandLabeled/S1Hand/USA_638521_S1Hand.tif,data/external/sen1floods11/flood_sar/USA_638521_S1Hand.tif,1449863,EXISTING,USA_638521
flood_sar,v1.1/data/flood_events/HandLabeled/S1Hand/USA_646878_S1Hand.tif,data/external/sen1floods11/flood_sar/USA_646878_S1Hand.tif,1417961,EXISTING,USA_646878
flood_sar,v1.1/data/flood_events/HandLabeled/S1Hand/USA_652955_S1Hand.tif,data/external/sen1floods11/flood_sar/USA_652955_S1Hand.tif,1451494,EXISTING,USA_652955
flood_sar,v1.1/data/flood_events/HandLabeled/S1Hand/USA_655230_S1Hand.tif,data/external/sen1floods11/flood_sar/USA_655230_S1Hand.tif,1475842,EXISTING,USA_655230
flood_sar,v1.1/data/flood_events/HandLabeled/S1Hand/USA_66026_S1Hand.tif,data/external/sen1floods11/flood_sar/USA_66026_S1Hand.tif,1452886,EXISTING,USA_66026
flood_sar,v1.1/data/flood_events/HandLabeled/S1Hand/USA_664261_S1Hand.tif,data/external/sen1floods11/flood_sar/USA_664261_S1Hand.tif,1477098,EXISTING,USA_664261
flood_sar,v1.1/data/flood_events/HandLabeled/S1Hand/USA_66511_S1Hand.tif,data/external/sen1floods11/flood_sar/USA_66511_S1Hand.tif,1457115,EXISTING,USA_66511
flood_sar,v1.1/data/flood_events/HandLabeled/S1Hand/USA_670826_S1Hand.tif,data/external/sen1floods11/flood_sar/USA_670826_S1Hand.tif,1461087,EXISTING,USA_670826
flood_sar,v1.1/data/flood_events/HandLabeled/S1Hand/USA_67102_S1Hand.tif,data/external/sen1floods11/flood_sar/USA_67102_S1Hand.tif,1477527,EXISTING,USA_67102
flood_sar,v1.1/data/flood_events/HandLabeled/S1Hand/USA_693819_S1Hand.tif,data/external/sen1floods11/flood_sar/USA_693819_S1Hand.tif,1473887,EXISTING,USA_693819
flood_sar,v1.1/data/flood_events/HandLabeled/S1Hand/USA_741073_S1Hand.tif,data/external/sen1floods11/flood_sar/USA_741073_S1Hand.tif,1463339,EXISTING,USA_741073
flood_sar,v1.1/data/flood_events/HandLabeled/S1Hand/USA_741178_S1Hand.tif,data/external/sen1floods11/flood_sar/USA_741178_S1Hand.tif,1457955,EXISTING,USA_741178
flood_sar,v1.1/data/flood_events/HandLabeled/S1Hand/USA_758178_S1Hand.tif,data/external/sen1floods11/flood_sar/USA_758178_S1Hand.tif,1475168,EXISTING,USA_758178
flood_sar,v1.1/data/flood_events/HandLabeled/S1Hand/USA_761032_S1Hand.tif,data/external/sen1floods11/flood_sar/USA_761032_S1Hand.tif,1477304,EXISTING,USA_761032
flood_sar,v1.1/data/flood_events/HandLabeled/S1Hand/USA_770353_S1Hand.tif,data/external/sen1floods11/flood_sar/USA_770353_S1Hand.tif,1467310,EXISTING,USA_770353
flood_sar,v1.1/data/flood_events/HandLabeled/S1Hand/USA_778194_S1Hand.tif,data/external/sen1floods11/flood_sar/USA_778194_S1Hand.tif,1468889,EXISTING,USA_778194
flood_sar,v1.1/data/flood_events/HandLabeled/S1Hand/USA_788696_S1Hand.tif,data/external/sen1floods11/flood_sar/USA_788696_S1Hand.tif,1483856,EXISTING,USA_788696
flood_sar,v1.1/data/flood_events/HandLabeled/S1Hand/USA_806273_S1Hand.tif,data/external/sen1floods11/flood_sar/USA_806273_S1Hand.tif,1462460,EXISTING,USA_806273
flood_sar,v1.1/data/flood_events/HandLabeled/S1Hand/USA_826217_S1Hand.tif,data/external/sen1floods11/flood_sar/USA_826217_S1Hand.tif,1478085,EXISTING,USA_826217
flood_sar,v1.1/data/flood_events/HandLabeled/S1Hand/USA_831672_S1Hand.tif,data/external/sen1floods11/flood_sar/USA_831672_S1Hand.tif,1462516,EXISTING,USA_831672
flood_sar,v1.1/data/flood_events/HandLabeled/S1Hand/USA_84195_S1Hand.tif,data/external/sen1floods11/flood_sar/USA_84195_S1Hand.tif,1472034,EXISTING,USA_84195
flood_sar,v1.1/data/flood_events/HandLabeled/S1Hand/USA_86502_S1Hand.tif,data/external/sen1floods11/flood_sar/USA_86502_S1Hand.tif,1459014,EXISTING,USA_86502
flood_sar,v1.1/data/flood_events/HandLabeled/S1Hand/USA_905409_S1Hand.tif,data/external/sen1floods11/flood_sar/USA_905409_S1Hand.tif,1479391,EXISTING,USA_905409
flood_sar,v1.1/data/flood_events/HandLabeled/S1Hand/USA_908474_S1Hand.tif,data/external/sen1floods11/flood_sar/USA_908474_S1Hand.tif,1459220,EXISTING,USA_908474
flood_sar,v1.1/data/flood_events/HandLabeled/S1Hand/USA_933610_S1Hand.tif,data/external/sen1floods11/flood_sar/USA_933610_S1Hand.tif,1472284,EXISTING,USA_933610
flood_sar,v1.1/data/flood_events/HandLabeled/S1Hand/USA_955053_S1Hand.tif,data/external/sen1floods11/flood_sar/USA_955053_S1Hand.tif,1482974,EXISTING,USA_955053
flood_sar,v1.1/data/flood_events/HandLabeled/S1Hand/USA_986268_S1Hand.tif,data/external/sen1floods11/flood_sar/USA_986268_S1Hand.tif,1481879,EXISTING,USA_986268
flood_sar,v1.1/data/flood_events/HandLabeled/S1Hand/USA_994009_S1Hand.tif,data/external/sen1floods11/flood_sar/USA_994009_S1Hand.tif,1462886,EXISTING,USA_994009
flood_mask,v1.1/data/flood_events/HandLabeled/LabelHand/Bolivia_103757_LabelHand.tif,data/external/sen1floods11/flood_mask/Bolivia_103757_LabelHand.tif,7609,EXISTING,Bolivia_103757
flood_mask,v1.1/data/flood_events/HandLabeled/LabelHand/Bolivia_129334_LabelHand.tif,data/external/sen1floods11/flood_mask/Bolivia_129334_LabelHand.tif,13085,EXISTING,Bolivia_129334
flood_mask,v1.1/data/flood_events/HandLabeled/LabelHand/Bolivia_195474_LabelHand.tif,data/external/sen1floods11/flood_mask/Bolivia_195474_LabelHand.tif,1923,EXISTING,Bolivia_195474
flood_mask,v1.1/data/flood_events/HandLabeled/LabelHand/Bolivia_23014_LabelHand.tif,data/external/sen1floods11/flood_mask/Bolivia_23014_LabelHand.tif,5128,EXISTING,Bolivia_23014
flood_mask,v1.1/data/flood_events/HandLabeled/LabelHand/Bolivia_233925_LabelHand.tif,data/external/sen1floods11/flood_mask/Bolivia_233925_LabelHand.tif,9577,EXISTING,Bolivia_233925
flood_mask,v1.1/data/flood_events/HandLabeled/LabelHand/Bolivia_242570_LabelHand.tif,data/external/sen1floods11/flood_mask/Bolivia_242570_LabelHand.tif,10484,EXISTING,Bolivia_242570
flood_mask,v1.1/data/flood_events/HandLabeled/LabelHand/Bolivia_290290_LabelHand.tif,data/external/sen1floods11/flood_mask/Bolivia_290290_LabelHand.tif,7427,EXISTING,Bolivia_290290
flood_mask,v1.1/data/flood_events/HandLabeled/LabelHand/Bolivia_294583_LabelHand.tif,data/external/sen1floods11/flood_mask/Bolivia_294583_LabelHand.tif,11041,EXISTING,Bolivia_294583
flood_mask,v1.1/data/flood_events/HandLabeled/LabelHand/Bolivia_312675_LabelHand.tif,data/external/sen1floods11/flood_mask/Bolivia_312675_LabelHand.tif,10491,EXISTING,Bolivia_312675
flood_mask,v1.1/data/flood_events/HandLabeled/LabelHand/Bolivia_314919_LabelHand.tif,data/external/sen1floods11/flood_mask/Bolivia_314919_LabelHand.tif,12143,EXISTING,Bolivia_314919
flood_mask,v1.1/data/flood_events/HandLabeled/LabelHand/Bolivia_360519_LabelHand.tif,data/external/sen1floods11/flood_mask/Bolivia_360519_LabelHand.tif,3098,EXISTING,Bolivia_360519
flood_mask,v1.1/data/flood_events/HandLabeled/LabelHand/Bolivia_379434_LabelHand.tif,data/external/sen1floods11/flood_mask/Bolivia_379434_LabelHand.tif,7414,EXISTING,Bolivia_379434
flood_mask,v1.1/data/flood_events/HandLabeled/LabelHand/Bolivia_432776_LabelHand.tif,data/external/sen1floods11/flood_mask/Bolivia_432776_LabelHand.tif,11272,EXISTING,Bolivia_432776
flood_mask,v1.1/data/flood_events/HandLabeled/LabelHand/Bolivia_60373_LabelHand.tif,data/external/sen1floods11/flood_mask/Bolivia_60373_LabelHand.tif,6980,EXISTING,Bolivia_60373
flood_mask,v1.1/data/flood_events/HandLabeled/LabelHand/Bolivia_76104_LabelHand.tif,data/external/sen1floods11/flood_mask/Bolivia_76104_LabelHand.tif,8954,EXISTING,Bolivia_76104
flood_mask,v1.1/data/flood_events/HandLabeled/LabelHand/Ghana_103272_LabelHand.tif,data/external/sen1floods11/flood_mask/Ghana_103272_LabelHand.tif,1413,EXISTING,Ghana_103272
flood_mask,v1.1/data/flood_events/HandLabeled/LabelHand/Ghana_1033830_LabelHand.tif,data/external/sen1floods11/flood_mask/Ghana_1033830_LabelHand.tif,10303,EXISTING,Ghana_1033830
flood_mask,v1.1/data/flood_events/HandLabeled/LabelHand/Ghana_1078550_LabelHand.tif,data/external/sen1floods11/flood_mask/Ghana_1078550_LabelHand.tif,2220,EXISTING,Ghana_1078550
flood_mask,v1.1/data/flood_events/HandLabeled/LabelHand/Ghana_1089161_LabelHand.tif,data/external/sen1floods11/flood_mask/Ghana_1089161_LabelHand.tif,2646,EXISTING,Ghana_1089161
flood_mask,v1.1/data/flood_events/HandLabeled/LabelHand/Ghana_11745_LabelHand.tif,data/external/sen1floods11/flood_mask/Ghana_11745_LabelHand.tif,1015,EXISTING,Ghana_11745
flood_mask,v1.1/data/flood_events/HandLabeled/LabelHand/Ghana_124834_LabelHand.tif,data/external/sen1floods11/flood_mask/Ghana_124834_LabelHand.tif,1015,EXISTING,Ghana_124834
flood_mask,v1.1/data/flood_events/HandLabeled/LabelHand/Ghana_128663_LabelHand.tif,data/external/sen1floods11/flood_mask/Ghana_128663_LabelHand.tif,3394,EXISTING,Ghana_128663
flood_mask,v1.1/data/flood_events/HandLabeled/LabelHand/Ghana_132163_LabelHand.tif,data/external/sen1floods11/flood_mask/Ghana_132163_LabelHand.tif,3242,EXISTING,Ghana_132163
flood_mask,v1.1/data/flood_events/HandLabeled/LabelHand/Ghana_134751_LabelHand.tif,data/external/sen1floods11/flood_mask/Ghana_134751_LabelHand.tif,3746,EXISTING,Ghana_134751
flood_mask,v1.1/data/flood_events/HandLabeled/LabelHand/Ghana_135389_LabelHand.tif,data/external/sen1floods11/flood_mask/Ghana_135389_LabelHand.tif,2210,EXISTING,Ghana_135389
flood_mask,v1.1/data/flood_events/HandLabeled/LabelHand/Ghana_141271_LabelHand.tif,data/external/sen1floods11/flood_mask/Ghana_141271_LabelHand.tif,1742,EXISTING,Ghana_141271
flood_mask,v1.1/data/flood_events/HandLabeled/LabelHand/Ghana_141910_LabelHand.tif,data/external/sen1floods11/flood_mask/Ghana_141910_LabelHand.tif,3562,EXISTING,Ghana_141910
flood_mask,v1.1/data/flood_events/HandLabeled/LabelHand/Ghana_142312_LabelHand.tif,data/external/sen1floods11/flood_mask/Ghana_142312_LabelHand.tif,1015,EXISTING,Ghana_142312
flood_mask,v1.1/data/flood_events/HandLabeled/LabelHand/Ghana_144050_LabelHand.tif,data/external/sen1floods11/flood_mask/Ghana_144050_LabelHand.tif,2285,EXISTING,Ghana_144050
flood_mask,v1.1/data/flood_events/HandLabeled/LabelHand/Ghana_146222_LabelHand.tif,data/external/sen1floods11/flood_mask/Ghana_146222_LabelHand.tif,7595,EXISTING,Ghana_146222
flood_mask,v1.1/data/flood_events/HandLabeled/LabelHand/Ghana_147015_LabelHand.tif,data/external/sen1floods11/flood_mask/Ghana_147015_LabelHand.tif,2126,EXISTING,Ghana_147015
flood_mask,v1.1/data/flood_events/HandLabeled/LabelHand/Ghana_154838_LabelHand.tif,data/external/sen1floods11/flood_mask/Ghana_154838_LabelHand.tif,3053,EXISTING,Ghana_154838
flood_mask,v1.1/data/flood_events/HandLabeled/LabelHand/Ghana_156478_LabelHand.tif,data/external/sen1floods11/flood_mask/Ghana_156478_LabelHand.tif,1015,EXISTING,Ghana_156478
flood_mask,v1.1/data/flood_events/HandLabeled/LabelHand/Ghana_161233_LabelHand.tif,data/external/sen1floods11/flood_mask/Ghana_161233_LabelHand.tif,1180,EXISTING,Ghana_161233
flood_mask,v1.1/data/flood_events/HandLabeled/LabelHand/Ghana_167233_LabelHand.tif,data/external/sen1floods11/flood_mask/Ghana_167233_LabelHand.tif,1015,EXISTING,Ghana_167233
flood_mask,v1.1/data/flood_events/HandLabeled/LabelHand/Ghana_168875_LabelHand.tif,data/external/sen1floods11/flood_mask/Ghana_168875_LabelHand.tif,2764,EXISTING,Ghana_168875
flood_mask,v1.1/data/flood_events/HandLabeled/LabelHand/Ghana_187318_LabelHand.tif,data/external/sen1floods11/flood_mask/Ghana_187318_LabelHand.tif,1015,EXISTING,Ghana_187318
flood_mask,v1.1/data/flood_events/HandLabeled/LabelHand/Ghana_194723_LabelHand.tif,data/external/sen1floods11/flood_mask/Ghana_194723_LabelHand.tif,2279,EXISTING,Ghana_194723
flood_mask,v1.1/data/flood_events/HandLabeled/LabelHand/Ghana_234935_LabelHand.tif,data/external/sen1floods11/flood_mask/Ghana_234935_LabelHand.tif,1015,EXISTING,Ghana_234935
flood_mask,v1.1/data/flood_events/HandLabeled/LabelHand/Ghana_247288_LabelHand.tif,data/external/sen1floods11/flood_mask/Ghana_247288_LabelHand.tif,5479,EXISTING,Ghana_247288
flood_mask,v1.1/data/flood_events/HandLabeled/LabelHand/Ghana_24858_LabelHand.tif,data/external/sen1floods11/flood_mask/Ghana_24858_LabelHand.tif,1368,EXISTING,Ghana_24858
flood_mask,v1.1/data/flood_events/HandLabeled/LabelHand/Ghana_26376_LabelHand.tif,data/external/sen1floods11/flood_mask/Ghana_26376_LabelHand.tif,1015,EXISTING,Ghana_26376
flood_mask,v1.1/data/flood_events/HandLabeled/LabelHand/Ghana_264787_LabelHand.tif,data/external/sen1floods11/flood_mask/Ghana_264787_LabelHand.tif,8603,EXISTING,Ghana_264787
flood_mask,v1.1/data/flood_events/HandLabeled/LabelHand/Ghana_277_LabelHand.tif,data/external/sen1floods11/flood_mask/Ghana_277_LabelHand.tif,1015,EXISTING,Ghana_277
flood_mask,v1.1/data/flood_events/HandLabeled/LabelHand/Ghana_308249_LabelHand.tif,data/external/sen1floods11/flood_mask/Ghana_308249_LabelHand.tif,3145,EXISTING,Ghana_308249
flood_mask,v1.1/data/flood_events/HandLabeled/LabelHand/Ghana_313799_LabelHand.tif,data/external/sen1floods11/flood_mask/Ghana_313799_LabelHand.tif,6073,EXISTING,Ghana_313799
flood_mask,v1.1/data/flood_events/HandLabeled/LabelHand/Ghana_319168_LabelHand.tif,data/external/sen1floods11/flood_mask/Ghana_319168_LabelHand.tif,11209,EXISTING,Ghana_319168
flood_mask,v1.1/data/flood_events/HandLabeled/LabelHand/Ghana_359826_LabelHand.tif,data/external/sen1floods11/flood_mask/Ghana_359826_LabelHand.tif,2510,EXISTING,Ghana_359826
flood_mask,v1.1/data/flood_events/HandLabeled/LabelHand/Ghana_362274_LabelHand.tif,data/external/sen1floods11/flood_mask/Ghana_362274_LabelHand.tif,4129,EXISTING,Ghana_362274
flood_mask,v1.1/data/flood_events/HandLabeled/LabelHand/Ghana_406026_LabelHand.tif,data/external/sen1floods11/flood_mask/Ghana_406026_LabelHand.tif,1574,EXISTING,Ghana_406026
flood_mask,v1.1/data/flood_events/HandLabeled/LabelHand/Ghana_45911_LabelHand.tif,data/external/sen1floods11/flood_mask/Ghana_45911_LabelHand.tif,2830,EXISTING,Ghana_45911
flood_mask,v1.1/data/flood_events/HandLabeled/LabelHand/Ghana_495107_LabelHand.tif,data/external/sen1floods11/flood_mask/Ghana_495107_LabelHand.tif,3936,EXISTING,Ghana_495107
flood_mask,v1.1/data/flood_events/HandLabeled/LabelHand/Ghana_49890_LabelHand.tif,data/external/sen1floods11/flood_mask/Ghana_49890_LabelHand.tif,1015,EXISTING,Ghana_49890
flood_mask,v1.1/data/flood_events/HandLabeled/LabelHand/Ghana_5079_LabelHand.tif,data/external/sen1floods11/flood_mask/Ghana_5079_LabelHand.tif,1015,EXISTING,Ghana_5079
flood_mask,v1.1/data/flood_events/HandLabeled/LabelHand/Ghana_53713_LabelHand.tif,data/external/sen1floods11/flood_mask/Ghana_53713_LabelHand.tif,1015,EXISTING,Ghana_53713
flood_mask,v1.1/data/flood_events/HandLabeled/LabelHand/Ghana_597288_LabelHand.tif,data/external/sen1floods11/flood_mask/Ghana_597288_LabelHand.tif,2575,EXISTING,Ghana_597288
flood_mask,v1.1/data/flood_events/HandLabeled/LabelHand/Ghana_61925_LabelHand.tif,data/external/sen1floods11/flood_mask/Ghana_61925_LabelHand.tif,1129,EXISTING,Ghana_61925
flood_mask,v1.1/data/flood_events/HandLabeled/LabelHand/Ghana_7496_LabelHand.tif,data/external/sen1floods11/flood_mask/Ghana_7496_LabelHand.tif,1015,EXISTING,Ghana_7496
flood_mask,v1.1/data/flood_events/HandLabeled/LabelHand/Ghana_8090_LabelHand.tif,data/external/sen1floods11/flood_mask/Ghana_8090_LabelHand.tif,9218,EXISTING,Ghana_8090
flood_mask,v1.1/data/flood_events/HandLabeled/LabelHand/Ghana_83200_LabelHand.tif,data/external/sen1floods11/flood_mask/Ghana_83200_LabelHand.tif,4141,EXISTING,Ghana_83200
flood_mask,v1.1/data/flood_events/HandLabeled/LabelHand/Ghana_83483_LabelHand.tif,data/external/sen1floods11/flood_mask/Ghana_83483_LabelHand.tif,1015,EXISTING,Ghana_83483
flood_mask,v1.1/data/flood_events/HandLabeled/LabelHand/Ghana_866994_LabelHand.tif,data/external/sen1floods11/flood_mask/Ghana_866994_LabelHand.tif,5240,EXISTING,Ghana_866994
flood_mask,v1.1/data/flood_events/HandLabeled/LabelHand/Ghana_868803_LabelHand.tif,data/external/sen1floods11/flood_mask/Ghana_868803_LabelHand.tif,7696,EXISTING,Ghana_868803
flood_mask,v1.1/data/flood_events/HandLabeled/LabelHand/Ghana_887131_LabelHand.tif,data/external/sen1floods11/flood_mask/Ghana_887131_LabelHand.tif,5064,EXISTING,Ghana_887131
flood_mask,v1.1/data/flood_events/HandLabeled/LabelHand/Ghana_895194_LabelHand.tif,data/external/sen1floods11/flood_mask/Ghana_895194_LabelHand.tif,2694,EXISTING,Ghana_895194
flood_mask,v1.1/data/flood_events/HandLabeled/LabelHand/Ghana_953791_LabelHand.tif,data/external/sen1floods11/flood_mask/Ghana_953791_LabelHand.tif,1780,EXISTING,Ghana_953791
flood_mask,v1.1/data/flood_events/HandLabeled/LabelHand/Ghana_97059_LabelHand.tif,data/external/sen1floods11/flood_mask/Ghana_97059_LabelHand.tif,2003,EXISTING,Ghana_97059
flood_mask,v1.1/data/flood_events/HandLabeled/LabelHand/Ghana_97516_LabelHand.tif,data/external/sen1floods11/flood_mask/Ghana_97516_LabelHand.tif,3546,EXISTING,Ghana_97516
flood_mask,v1.1/data/flood_events/HandLabeled/LabelHand/India_1017769_LabelHand.tif,data/external/sen1floods11/flood_mask/India_1017769_LabelHand.tif,8399,EXISTING,India_1017769
flood_mask,v1.1/data/flood_events/HandLabeled/LabelHand/India_1018317_LabelHand.tif,data/external/sen1floods11/flood_mask/India_1018317_LabelHand.tif,5925,EXISTING,India_1018317
flood_mask,v1.1/data/flood_events/HandLabeled/LabelHand/India_1018327_LabelHand.tif,data/external/sen1floods11/flood_mask/India_1018327_LabelHand.tif,11303,EXISTING,India_1018327
flood_mask,v1.1/data/flood_events/HandLabeled/LabelHand/India_103447_LabelHand.tif,data/external/sen1floods11/flood_mask/India_103447_LabelHand.tif,11945,EXISTING,India_103447
flood_mask,v1.1/data/flood_events/HandLabeled/LabelHand/India_1050276_LabelHand.tif,data/external/sen1floods11/flood_mask/India_1050276_LabelHand.tif,14909,EXISTING,India_1050276
flood_mask,v1.1/data/flood_events/HandLabeled/LabelHand/India_1068117_LabelHand.tif,data/external/sen1floods11/flood_mask/India_1068117_LabelHand.tif,15733,EXISTING,India_1068117
flood_mask,v1.1/data/flood_events/HandLabeled/LabelHand/India_1072277_LabelHand.tif,data/external/sen1floods11/flood_mask/India_1072277_LabelHand.tif,10719,EXISTING,India_1072277
flood_mask,v1.1/data/flood_events/HandLabeled/LabelHand/India_118868_LabelHand.tif,data/external/sen1floods11/flood_mask/India_118868_LabelHand.tif,8449,EXISTING,India_118868
flood_mask,v1.1/data/flood_events/HandLabeled/LabelHand/India_135434_LabelHand.tif,data/external/sen1floods11/flood_mask/India_135434_LabelHand.tif,7294,EXISTING,India_135434
flood_mask,v1.1/data/flood_events/HandLabeled/LabelHand/India_136196_LabelHand.tif,data/external/sen1floods11/flood_mask/India_136196_LabelHand.tif,4193,EXISTING,India_136196
flood_mask,v1.1/data/flood_events/HandLabeled/LabelHand/India_164336_LabelHand.tif,data/external/sen1floods11/flood_mask/India_164336_LabelHand.tif,2668,EXISTING,India_164336
flood_mask,v1.1/data/flood_events/HandLabeled/LabelHand/India_166709_LabelHand.tif,data/external/sen1floods11/flood_mask/India_166709_LabelHand.tif,7452,EXISTING,India_166709
flood_mask,v1.1/data/flood_events/HandLabeled/LabelHand/India_177319_LabelHand.tif,data/external/sen1floods11/flood_mask/India_177319_LabelHand.tif,3031,EXISTING,India_177319
flood_mask,v1.1/data/flood_events/HandLabeled/LabelHand/India_179238_LabelHand.tif,data/external/sen1floods11/flood_mask/India_179238_LabelHand.tif,11401,EXISTING,India_179238
flood_mask,v1.1/data/flood_events/HandLabeled/LabelHand/India_180633_LabelHand.tif,data/external/sen1floods11/flood_mask/India_180633_LabelHand.tif,8088,EXISTING,India_180633
flood_mask,v1.1/data/flood_events/HandLabeled/LabelHand/India_207862_LabelHand.tif,data/external/sen1floods11/flood_mask/India_207862_LabelHand.tif,13957,EXISTING,India_207862
flood_mask,v1.1/data/flood_events/HandLabeled/LabelHand/India_244057_LabelHand.tif,data/external/sen1floods11/flood_mask/India_244057_LabelHand.tif,9970,EXISTING,India_244057
flood_mask,v1.1/data/flood_events/HandLabeled/LabelHand/India_25540_LabelHand.tif,data/external/sen1floods11/flood_mask/India_25540_LabelHand.tif,10825,EXISTING,India_25540
flood_mask,v1.1/data/flood_events/HandLabeled/LabelHand/India_265762_LabelHand.tif,data/external/sen1floods11/flood_mask/India_265762_LabelHand.tif,10702,EXISTING,India_265762
flood_mask,v1.1/data/flood_events/HandLabeled/LabelHand/India_273873_LabelHand.tif,data/external/sen1floods11/flood_mask/India_273873_LabelHand.tif,6441,EXISTING,India_273873
flood_mask,v1.1/data/flood_events/HandLabeled/LabelHand/India_285297_LabelHand.tif,data/external/sen1floods11/flood_mask/India_285297_LabelHand.tif,15127,EXISTING,India_285297
flood_mask,v1.1/data/flood_events/HandLabeled/LabelHand/India_287642_LabelHand.tif,data/external/sen1floods11/flood_mask/India_287642_LabelHand.tif,11560,EXISTING,India_287642
flood_mask,v1.1/data/flood_events/HandLabeled/LabelHand/India_324254_LabelHand.tif,data/external/sen1floods11/flood_mask/India_324254_LabelHand.tif,3284,EXISTING,India_324254
flood_mask,v1.1/data/flood_events/HandLabeled/LabelHand/India_373039_LabelHand.tif,data/external/sen1floods11/flood_mask/India_373039_LabelHand.tif,3440,EXISTING,India_373039
flood_mask,v1.1/data/flood_events/HandLabeled/LabelHand/India_383430_LabelHand.tif,data/external/sen1floods11/flood_mask/India_383430_LabelHand.tif,12870,EXISTING,India_383430
flood_mask,v1.1/data/flood_events/HandLabeled/LabelHand/India_391908_LabelHand.tif,data/external/sen1floods11/flood_mask/India_391908_LabelHand.tif,12930,EXISTING,India_391908
flood_mask,v1.1/data/flood_events/HandLabeled/LabelHand/India_399883_LabelHand.tif,data/external/sen1floods11/flood_mask/India_399883_LabelHand.tif,9902,EXISTING,India_399883
flood_mask,v1.1/data/flood_events/HandLabeled/LabelHand/India_44475_LabelHand.tif,data/external/sen1floods11/flood_mask/India_44475_LabelHand.tif,1572,EXISTING,India_44475
flood_mask,v1.1/data/flood_events/HandLabeled/LabelHand/India_500266_LabelHand.tif,data/external/sen1floods11/flood_mask/India_500266_LabelHand.tif,15971,EXISTING,India_500266
flood_mask,v1.1/data/flood_events/HandLabeled/LabelHand/India_533192_LabelHand.tif,data/external/sen1floods11/flood_mask/India_533192_LabelHand.tif,9080,EXISTING,India_533192
flood_mask,v1.1/data/flood_events/HandLabeled/LabelHand/India_534470_LabelHand.tif,data/external/sen1floods11/flood_mask/India_534470_LabelHand.tif,6723,EXISTING,India_534470
flood_mask,v1.1/data/flood_events/HandLabeled/LabelHand/India_56450_LabelHand.tif,data/external/sen1floods11/flood_mask/India_56450_LabelHand.tif,9042,EXISTING,India_56450
flood_mask,v1.1/data/flood_events/HandLabeled/LabelHand/India_566697_LabelHand.tif,data/external/sen1floods11/flood_mask/India_566697_LabelHand.tif,11879,EXISTING,India_566697
flood_mask,v1.1/data/flood_events/HandLabeled/LabelHand/India_570384_LabelHand.tif,data/external/sen1floods11/flood_mask/India_570384_LabelHand.tif,9209,EXISTING,India_570384
flood_mask,v1.1/data/flood_events/HandLabeled/LabelHand/India_591317_LabelHand.tif,data/external/sen1floods11/flood_mask/India_591317_LabelHand.tif,8323,EXISTING,India_591317
flood_mask,v1.1/data/flood_events/HandLabeled/LabelHand/India_591549_LabelHand.tif,data/external/sen1floods11/flood_mask/India_591549_LabelHand.tif,8973,EXISTING,India_591549
flood_mask,v1.1/data/flood_events/HandLabeled/LabelHand/India_592446_LabelHand.tif,data/external/sen1floods11/flood_mask/India_592446_LabelHand.tif,5708,EXISTING,India_592446
flood_mask,v1.1/data/flood_events/HandLabeled/LabelHand/India_59460_LabelHand.tif,data/external/sen1floods11/flood_mask/India_59460_LabelHand.tif,3665,EXISTING,India_59460
flood_mask,v1.1/data/flood_events/HandLabeled/LabelHand/India_624341_LabelHand.tif,data/external/sen1floods11/flood_mask/India_624341_LabelHand.tif,2652,EXISTING,India_624341
flood_mask,v1.1/data/flood_events/HandLabeled/LabelHand/India_631692_LabelHand.tif,data/external/sen1floods11/flood_mask/India_631692_LabelHand.tif,1473,EXISTING,India_631692
flood_mask,v1.1/data/flood_events/HandLabeled/LabelHand/India_652725_LabelHand.tif,data/external/sen1floods11/flood_mask/India_652725_LabelHand.tif,11448,EXISTING,India_652725
flood_mask,v1.1/data/flood_events/HandLabeled/LabelHand/India_664410_LabelHand.tif,data/external/sen1floods11/flood_mask/India_664410_LabelHand.tif,9300,EXISTING,India_664410
flood_mask,v1.1/data/flood_events/HandLabeled/LabelHand/India_691027_LabelHand.tif,data/external/sen1floods11/flood_mask/India_691027_LabelHand.tif,6556,EXISTING,India_691027
flood_mask,v1.1/data/flood_events/HandLabeled/LabelHand/India_698338_LabelHand.tif,data/external/sen1floods11/flood_mask/India_698338_LabelHand.tif,7591,EXISTING,India_698338
flood_mask,v1.1/data/flood_events/HandLabeled/LabelHand/India_70352_LabelHand.tif,data/external/sen1floods11/flood_mask/India_70352_LabelHand.tif,5325,EXISTING,India_70352
flood_mask,v1.1/data/flood_events/HandLabeled/LabelHand/India_707886_LabelHand.tif,data/external/sen1floods11/flood_mask/India_707886_LabelHand.tif,3447,EXISTING,India_707886
flood_mask,v1.1/data/flood_events/HandLabeled/LabelHand/India_73419_LabelHand.tif,data/external/sen1floods11/flood_mask/India_73419_LabelHand.tif,10333,EXISTING,India_73419
flood_mask,v1.1/data/flood_events/HandLabeled/LabelHand/India_747970_LabelHand.tif,data/external/sen1floods11/flood_mask/India_747970_LabelHand.tif,5772,EXISTING,India_747970
flood_mask,v1.1/data/flood_events/HandLabeled/LabelHand/India_747992_LabelHand.tif,data/external/sen1floods11/flood_mask/India_747992_LabelHand.tif,17053,EXISTING,India_747992
flood_mask,v1.1/data/flood_events/HandLabeled/LabelHand/India_764946_LabelHand.tif,data/external/sen1floods11/flood_mask/India_764946_LabelHand.tif,4812,EXISTING,India_764946
flood_mask,v1.1/data/flood_events/HandLabeled/LabelHand/India_769408_LabelHand.tif,data/external/sen1floods11/flood_mask/India_769408_LabelHand.tif,11032,EXISTING,India_769408
flood_mask,v1.1/data/flood_events/HandLabeled/LabelHand/India_772630_LabelHand.tif,data/external/sen1floods11/flood_mask/India_772630_LabelHand.tif,5806,EXISTING,India_772630
flood_mask,v1.1/data/flood_events/HandLabeled/LabelHand/India_773682_LabelHand.tif,data/external/sen1floods11/flood_mask/India_773682_LabelHand.tif,13794,EXISTING,India_773682
flood_mask,v1.1/data/flood_events/HandLabeled/LabelHand/India_774689_LabelHand.tif,data/external/sen1floods11/flood_mask/India_774689_LabelHand.tif,11494,EXISTING,India_774689
flood_mask,v1.1/data/flood_events/HandLabeled/LabelHand/India_79637_LabelHand.tif,data/external/sen1floods11/flood_mask/India_79637_LabelHand.tif,4148,EXISTING,India_79637
flood_mask,v1.1/data/flood_events/HandLabeled/LabelHand/India_80221_LabelHand.tif,data/external/sen1floods11/flood_mask/India_80221_LabelHand.tif,7755,EXISTING,India_80221
flood_mask,v1.1/data/flood_events/HandLabeled/LabelHand/India_804466_LabelHand.tif,data/external/sen1floods11/flood_mask/India_804466_LabelHand.tif,16046,EXISTING,India_804466
flood_mask,v1.1/data/flood_events/HandLabeled/LabelHand/India_828067_LabelHand.tif,data/external/sen1floods11/flood_mask/India_828067_LabelHand.tif,10782,EXISTING,India_828067
flood_mask,v1.1/data/flood_events/HandLabeled/LabelHand/India_833266_LabelHand.tif,data/external/sen1floods11/flood_mask/India_833266_LabelHand.tif,11917,EXISTING,India_833266
flood_mask,v1.1/data/flood_events/HandLabeled/LabelHand/India_842775_LabelHand.tif,data/external/sen1floods11/flood_mask/India_842775_LabelHand.tif,6415,EXISTING,India_842775
flood_mask,v1.1/data/flood_events/HandLabeled/LabelHand/India_869358_LabelHand.tif,data/external/sen1floods11/flood_mask/India_869358_LabelHand.tif,3914,EXISTING,India_869358
flood_mask,v1.1/data/flood_events/HandLabeled/LabelHand/India_900498_LabelHand.tif,data/external/sen1floods11/flood_mask/India_900498_LabelHand.tif,10430,EXISTING,India_900498
flood_mask,v1.1/data/flood_events/HandLabeled/LabelHand/India_91379_LabelHand.tif,data/external/sen1floods11/flood_mask/India_91379_LabelHand.tif,12942,EXISTING,India_91379
flood_mask,v1.1/data/flood_events/HandLabeled/LabelHand/India_943439_LabelHand.tif,data/external/sen1floods11/flood_mask/India_943439_LabelHand.tif,12360,EXISTING,India_943439
flood_mask,v1.1/data/flood_events/HandLabeled/LabelHand/India_952728_LabelHand.tif,data/external/sen1floods11/flood_mask/India_952728_LabelHand.tif,11069,EXISTING,India_952728
flood_mask,v1.1/data/flood_events/HandLabeled/LabelHand/India_956930_LabelHand.tif,data/external/sen1floods11/flood_mask/India_956930_LabelHand.tif,14711,EXISTING,India_956930
flood_mask,v1.1/data/flood_events/HandLabeled/LabelHand/India_979278_LabelHand.tif,data/external/sen1floods11/flood_mask/India_979278_LabelHand.tif,6986,EXISTING,India_979278
flood_mask,v1.1/data/flood_events/HandLabeled/LabelHand/India_981708_LabelHand.tif,data/external/sen1floods11/flood_mask/India_981708_LabelHand.tif,9419,EXISTING,India_981708
flood_mask,v1.1/data/flood_events/HandLabeled/LabelHand/Mekong_1111068_LabelHand.tif,data/external/sen1floods11/flood_mask/Mekong_1111068_LabelHand.tif,7162,EXISTING,Mekong_1111068
flood_mask,v1.1/data/flood_events/HandLabeled/LabelHand/Mekong_1149855_LabelHand.tif,data/external/sen1floods11/flood_mask/Mekong_1149855_LabelHand.tif,8988,EXISTING,Mekong_1149855
flood_mask,v1.1/data/flood_events/HandLabeled/LabelHand/Mekong_1191208_LabelHand.tif,data/external/sen1floods11/flood_mask/Mekong_1191208_LabelHand.tif,8686,EXISTING,Mekong_1191208
flood_mask,v1.1/data/flood_events/HandLabeled/LabelHand/Mekong_119477_LabelHand.tif,data/external/sen1floods11/flood_mask/Mekong_119477_LabelHand.tif,3430,EXISTING,Mekong_119477
flood_mask,v1.1/data/flood_events/HandLabeled/LabelHand/Mekong_1248200_LabelHand.tif,data/external/sen1floods11/flood_mask/Mekong_1248200_LabelHand.tif,14434,EXISTING,Mekong_1248200
flood_mask,v1.1/data/flood_events/HandLabeled/LabelHand/Mekong_1282475_LabelHand.tif,data/external/sen1floods11/flood_mask/Mekong_1282475_LabelHand.tif,4909,EXISTING,Mekong_1282475
flood_mask,v1.1/data/flood_events/HandLabeled/LabelHand/Mekong_1395593_LabelHand.tif,data/external/sen1floods11/flood_mask/Mekong_1395593_LabelHand.tif,4832,EXISTING,Mekong_1395593
flood_mask,v1.1/data/flood_events/HandLabeled/LabelHand/Mekong_1396181_LabelHand.tif,data/external/sen1floods11/flood_mask/Mekong_1396181_LabelHand.tif,16633,EXISTING,Mekong_1396181
flood_mask,v1.1/data/flood_events/HandLabeled/LabelHand/Mekong_1413877_LabelHand.tif,data/external/sen1floods11/flood_mask/Mekong_1413877_LabelHand.tif,3453,EXISTING,Mekong_1413877
flood_mask,v1.1/data/flood_events/HandLabeled/LabelHand/Mekong_1439641_LabelHand.tif,data/external/sen1floods11/flood_mask/Mekong_1439641_LabelHand.tif,9807,EXISTING,Mekong_1439641
flood_mask,v1.1/data/flood_events/HandLabeled/LabelHand/Mekong_1443339_LabelHand.tif,data/external/sen1floods11/flood_mask/Mekong_1443339_LabelHand.tif,13991,EXISTING,Mekong_1443339
flood_mask,v1.1/data/flood_events/HandLabeled/LabelHand/Mekong_16233_LabelHand.tif,data/external/sen1floods11/flood_mask/Mekong_16233_LabelHand.tif,4983,EXISTING,Mekong_16233
flood_mask,v1.1/data/flood_events/HandLabeled/LabelHand/Mekong_213094_LabelHand.tif,data/external/sen1floods11/flood_mask/Mekong_213094_LabelHand.tif,5695,EXISTING,Mekong_213094
flood_mask,v1.1/data/flood_events/HandLabeled/LabelHand/Mekong_221789_LabelHand.tif,data/external/sen1floods11/flood_mask/Mekong_221789_LabelHand.tif,3189,EXISTING,Mekong_221789
flood_mask,v1.1/data/flood_events/HandLabeled/LabelHand/Mekong_254910_LabelHand.tif,data/external/sen1floods11/flood_mask/Mekong_254910_LabelHand.tif,7568,EXISTING,Mekong_254910
flood_mask,v1.1/data/flood_events/HandLabeled/LabelHand/Mekong_269835_LabelHand.tif,data/external/sen1floods11/flood_mask/Mekong_269835_LabelHand.tif,4883,EXISTING,Mekong_269835
flood_mask,v1.1/data/flood_events/HandLabeled/LabelHand/Mekong_293769_LabelHand.tif,data/external/sen1floods11/flood_mask/Mekong_293769_LabelHand.tif,6528,EXISTING,Mekong_293769
flood_mask,v1.1/data/flood_events/HandLabeled/LabelHand/Mekong_333434_LabelHand.tif,data/external/sen1floods11/flood_mask/Mekong_333434_LabelHand.tif,8247,EXISTING,Mekong_333434
flood_mask,v1.1/data/flood_events/HandLabeled/LabelHand/Mekong_342411_LabelHand.tif,data/external/sen1floods11/flood_mask/Mekong_342411_LabelHand.tif,6510,EXISTING,Mekong_342411
flood_mask,v1.1/data/flood_events/HandLabeled/LabelHand/Mekong_382276_LabelHand.tif,data/external/sen1floods11/flood_mask/Mekong_382276_LabelHand.tif,2201,EXISTING,Mekong_382276
flood_mask,v1.1/data/flood_events/HandLabeled/LabelHand/Mekong_424793_LabelHand.tif,data/external/sen1floods11/flood_mask/Mekong_424793_LabelHand.tif,3526,EXISTING,Mekong_424793
flood_mask,v1.1/data/flood_events/HandLabeled/LabelHand/Mekong_45934_LabelHand.tif,data/external/sen1floods11/flood_mask/Mekong_45934_LabelHand.tif,1411,EXISTING,Mekong_45934
flood_mask,v1.1/data/flood_events/HandLabeled/LabelHand/Mekong_474783_LabelHand.tif,data/external/sen1floods11/flood_mask/Mekong_474783_LabelHand.tif,5074,EXISTING,Mekong_474783
flood_mask,v1.1/data/flood_events/HandLabeled/LabelHand/Mekong_52610_LabelHand.tif,data/external/sen1floods11/flood_mask/Mekong_52610_LabelHand.tif,12729,EXISTING,Mekong_52610
flood_mask,v1.1/data/flood_events/HandLabeled/LabelHand/Mekong_596495_LabelHand.tif,data/external/sen1floods11/flood_mask/Mekong_596495_LabelHand.tif,11426,EXISTING,Mekong_596495
flood_mask,v1.1/data/flood_events/HandLabeled/LabelHand/Mekong_774566_LabelHand.tif,data/external/sen1floods11/flood_mask/Mekong_774566_LabelHand.tif,11592,EXISTING,Mekong_774566
flood_mask,v1.1/data/flood_events/HandLabeled/LabelHand/Mekong_846007_LabelHand.tif,data/external/sen1floods11/flood_mask/Mekong_846007_LabelHand.tif,8401,EXISTING,Mekong_846007
flood_mask,v1.1/data/flood_events/HandLabeled/LabelHand/Mekong_922373_LabelHand.tif,data/external/sen1floods11/flood_mask/Mekong_922373_LabelHand.tif,15756,EXISTING,Mekong_922373
flood_mask,v1.1/data/flood_events/HandLabeled/LabelHand/Mekong_977338_LabelHand.tif,data/external/sen1floods11/flood_mask/Mekong_977338_LabelHand.tif,8100,EXISTING,Mekong_977338
flood_mask,v1.1/data/flood_events/HandLabeled/LabelHand/Mekong_98310_LabelHand.tif,data/external/sen1floods11/flood_mask/Mekong_98310_LabelHand.tif,10898,EXISTING,Mekong_98310
flood_mask,v1.1/data/flood_events/HandLabeled/LabelHand/Nigeria_1095404_LabelHand.tif,data/external/sen1floods11/flood_mask/Nigeria_1095404_LabelHand.tif,9850,EXISTING,Nigeria_1095404
flood_mask,v1.1/data/flood_events/HandLabeled/LabelHand/Nigeria_143329_LabelHand.tif,data/external/sen1floods11/flood_mask/Nigeria_143329_LabelHand.tif,3480,EXISTING,Nigeria_143329
flood_mask,v1.1/data/flood_events/HandLabeled/LabelHand/Nigeria_22088_LabelHand.tif,data/external/sen1floods11/flood_mask/Nigeria_22088_LabelHand.tif,3651,EXISTING,Nigeria_22088
flood_mask,v1.1/data/flood_events/HandLabeled/LabelHand/Nigeria_225131_LabelHand.tif,data/external/sen1floods11/flood_mask/Nigeria_225131_LabelHand.tif,4390,EXISTING,Nigeria_225131
flood_mask,v1.1/data/flood_events/HandLabeled/LabelHand/Nigeria_31096_LabelHand.tif,data/external/sen1floods11/flood_mask/Nigeria_31096_LabelHand.tif,7712,EXISTING,Nigeria_31096
flood_mask,v1.1/data/flood_events/HandLabeled/LabelHand/Nigeria_35845_LabelHand.tif,data/external/sen1floods11/flood_mask/Nigeria_35845_LabelHand.tif,5963,EXISTING,Nigeria_35845
flood_mask,v1.1/data/flood_events/HandLabeled/LabelHand/Nigeria_417184_LabelHand.tif,data/external/sen1floods11/flood_mask/Nigeria_417184_LabelHand.tif,4593,EXISTING,Nigeria_417184
flood_mask,v1.1/data/flood_events/HandLabeled/LabelHand/Nigeria_439488_LabelHand.tif,data/external/sen1floods11/flood_mask/Nigeria_439488_LabelHand.tif,6447,EXISTING,Nigeria_439488
flood_mask,v1.1/data/flood_events/HandLabeled/LabelHand/Nigeria_529525_LabelHand.tif,data/external/sen1floods11/flood_mask/Nigeria_529525_LabelHand.tif,11861,EXISTING,Nigeria_529525
flood_mask,v1.1/data/flood_events/HandLabeled/LabelHand/Nigeria_598959_LabelHand.tif,data/external/sen1floods11/flood_mask/Nigeria_598959_LabelHand.tif,14088,EXISTING,Nigeria_598959
flood_mask,v1.1/data/flood_events/HandLabeled/LabelHand/Nigeria_600295_LabelHand.tif,data/external/sen1floods11/flood_mask/Nigeria_600295_LabelHand.tif,12927,EXISTING,Nigeria_600295
flood_mask,v1.1/data/flood_events/HandLabeled/LabelHand/Nigeria_707067_LabelHand.tif,data/external/sen1floods11/flood_mask/Nigeria_707067_LabelHand.tif,3718,EXISTING,Nigeria_707067
flood_mask,v1.1/data/flood_events/HandLabeled/LabelHand/Nigeria_78061_LabelHand.tif,data/external/sen1floods11/flood_mask/Nigeria_78061_LabelHand.tif,4901,EXISTING,Nigeria_78061
flood_mask,v1.1/data/flood_events/HandLabeled/LabelHand/Nigeria_812045_LabelHand.tif,data/external/sen1floods11/flood_mask/Nigeria_812045_LabelHand.tif,9767,EXISTING,Nigeria_812045
flood_mask,v1.1/data/flood_events/HandLabeled/LabelHand/Nigeria_81933_LabelHand.tif,data/external/sen1floods11/flood_mask/Nigeria_81933_LabelHand.tif,19728,EXISTING,Nigeria_81933
flood_mask,v1.1/data/flood_events/HandLabeled/LabelHand/Nigeria_820924_LabelHand.tif,data/external/sen1floods11/flood_mask/Nigeria_820924_LabelHand.tif,1819,EXISTING,Nigeria_820924
flood_mask,v1.1/data/flood_events/HandLabeled/LabelHand/Nigeria_952958_LabelHand.tif,data/external/sen1floods11/flood_mask/Nigeria_952958_LabelHand.tif,6941,EXISTING,Nigeria_952958
flood_mask,v1.1/data/flood_events/HandLabeled/LabelHand/Nigeria_984831_LabelHand.tif,data/external/sen1floods11/flood_mask/Nigeria_984831_LabelHand.tif,10322,EXISTING,Nigeria_984831
flood_mask,v1.1/data/flood_events/HandLabeled/LabelHand/Pakistan_1027214_LabelHand.tif,data/external/sen1floods11/flood_mask/Pakistan_1027214_LabelHand.tif,10004,EXISTING,Pakistan_1027214
flood_mask,v1.1/data/flood_events/HandLabeled/LabelHand/Pakistan_1036366_LabelHand.tif,data/external/sen1floods11/flood_mask/Pakistan_1036366_LabelHand.tif,8194,EXISTING,Pakistan_1036366
flood_mask,v1.1/data/flood_events/HandLabeled/LabelHand/Pakistan_132143_LabelHand.tif,data/external/sen1floods11/flood_mask/Pakistan_132143_LabelHand.tif,1015,EXISTING,Pakistan_132143
flood_mask,v1.1/data/flood_events/HandLabeled/LabelHand/Pakistan_167553_LabelHand.tif,data/external/sen1floods11/flood_mask/Pakistan_167553_LabelHand.tif,3757,EXISTING,Pakistan_167553
flood_mask,v1.1/data/flood_events/HandLabeled/LabelHand/Pakistan_210595_LabelHand.tif,data/external/sen1floods11/flood_mask/Pakistan_210595_LabelHand.tif,1015,EXISTING,Pakistan_210595
flood_mask,v1.1/data/flood_events/HandLabeled/LabelHand/Pakistan_211386_LabelHand.tif,data/external/sen1floods11/flood_mask/Pakistan_211386_LabelHand.tif,4000,EXISTING,Pakistan_211386
flood_mask,v1.1/data/flood_events/HandLabeled/LabelHand/Pakistan_246510_LabelHand.tif,data/external/sen1floods11/flood_mask/Pakistan_246510_LabelHand.tif,3328,EXISTING,Pakistan_246510
flood_mask,v1.1/data/flood_events/HandLabeled/LabelHand/Pakistan_246718_LabelHand.tif,data/external/sen1floods11/flood_mask/Pakistan_246718_LabelHand.tif,5302,EXISTING,Pakistan_246718
flood_mask,v1.1/data/flood_events/HandLabeled/LabelHand/Pakistan_336228_LabelHand.tif,data/external/sen1floods11/flood_mask/Pakistan_336228_LabelHand.tif,5461,EXISTING,Pakistan_336228
flood_mask,v1.1/data/flood_events/HandLabeled/LabelHand/Pakistan_35915_LabelHand.tif,data/external/sen1floods11/flood_mask/Pakistan_35915_LabelHand.tif,7850,EXISTING,Pakistan_35915
flood_mask,v1.1/data/flood_events/HandLabeled/LabelHand/Pakistan_366265_LabelHand.tif,data/external/sen1floods11/flood_mask/Pakistan_366265_LabelHand.tif,3857,EXISTING,Pakistan_366265
flood_mask,v1.1/data/flood_events/HandLabeled/LabelHand/Pakistan_401863_LabelHand.tif,data/external/sen1floods11/flood_mask/Pakistan_401863_LabelHand.tif,2537,EXISTING,Pakistan_401863
flood_mask,v1.1/data/flood_events/HandLabeled/LabelHand/Pakistan_43105_LabelHand.tif,data/external/sen1floods11/flood_mask/Pakistan_43105_LabelHand.tif,1323,EXISTING,Pakistan_43105
flood_mask,v1.1/data/flood_events/HandLabeled/LabelHand/Pakistan_474121_LabelHand.tif,data/external/sen1floods11/flood_mask/Pakistan_474121_LabelHand.tif,6604,EXISTING,Pakistan_474121
flood_mask,v1.1/data/flood_events/HandLabeled/LabelHand/Pakistan_528249_LabelHand.tif,data/external/sen1floods11/flood_mask/Pakistan_528249_LabelHand.tif,2810,EXISTING,Pakistan_528249
flood_mask,v1.1/data/flood_events/HandLabeled/LabelHand/Pakistan_548910_LabelHand.tif,data/external/sen1floods11/flood_mask/Pakistan_548910_LabelHand.tif,3493,EXISTING,Pakistan_548910
flood_mask,v1.1/data/flood_events/HandLabeled/LabelHand/Pakistan_65724_LabelHand.tif,data/external/sen1floods11/flood_mask/Pakistan_65724_LabelHand.tif,1021,EXISTING,Pakistan_65724
flood_mask,v1.1/data/flood_events/HandLabeled/LabelHand/Pakistan_664885_LabelHand.tif,data/external/sen1floods11/flood_mask/Pakistan_664885_LabelHand.tif,5991,EXISTING,Pakistan_664885
flood_mask,v1.1/data/flood_events/HandLabeled/LabelHand/Pakistan_667363_LabelHand.tif,data/external/sen1floods11/flood_mask/Pakistan_667363_LabelHand.tif,11347,EXISTING,Pakistan_667363
flood_mask,v1.1/data/flood_events/HandLabeled/LabelHand/Pakistan_694942_LabelHand.tif,data/external/sen1floods11/flood_mask/Pakistan_694942_LabelHand.tif,4661,EXISTING,Pakistan_694942
flood_mask,v1.1/data/flood_events/HandLabeled/LabelHand/Pakistan_70625_LabelHand.tif,data/external/sen1floods11/flood_mask/Pakistan_70625_LabelHand.tif,2386,EXISTING,Pakistan_70625
flood_mask,v1.1/data/flood_events/HandLabeled/LabelHand/Pakistan_712873_LabelHand.tif,data/external/sen1floods11/flood_mask/Pakistan_712873_LabelHand.tif,5249,EXISTING,Pakistan_712873
flood_mask,v1.1/data/flood_events/HandLabeled/LabelHand/Pakistan_740461_LabelHand.tif,data/external/sen1floods11/flood_mask/Pakistan_740461_LabelHand.tif,2504,EXISTING,Pakistan_740461
flood_mask,v1.1/data/flood_events/HandLabeled/LabelHand/Pakistan_760290_LabelHand.tif,data/external/sen1floods11/flood_mask/Pakistan_760290_LabelHand.tif,1745,EXISTING,Pakistan_760290
flood_mask,v1.1/data/flood_events/HandLabeled/LabelHand/Pakistan_849790_LabelHand.tif,data/external/sen1floods11/flood_mask/Pakistan_849790_LabelHand.tif,17848,EXISTING,Pakistan_849790
flood_mask,v1.1/data/flood_events/HandLabeled/LabelHand/Pakistan_909806_LabelHand.tif,data/external/sen1floods11/flood_mask/Pakistan_909806_LabelHand.tif,4824,EXISTING,Pakistan_909806
flood_mask,v1.1/data/flood_events/HandLabeled/LabelHand/Pakistan_94095_LabelHand.tif,data/external/sen1floods11/flood_mask/Pakistan_94095_LabelHand.tif,8008,EXISTING,Pakistan_94095
flood_mask,v1.1/data/flood_events/HandLabeled/LabelHand/Pakistan_9684_LabelHand.tif,data/external/sen1floods11/flood_mask/Pakistan_9684_LabelHand.tif,5008,EXISTING,Pakistan_9684
flood_mask,v1.1/data/flood_events/HandLabeled/LabelHand/Paraguay_1019808_LabelHand.tif,data/external/sen1floods11/flood_mask/Paraguay_1019808_LabelHand.tif,1591,EXISTING,Paraguay_1019808
flood_mask,v1.1/data/flood_events/HandLabeled/LabelHand/Paraguay_1029042_LabelHand.tif,data/external/sen1floods11/flood_mask/Paraguay_1029042_LabelHand.tif,8614,EXISTING,Paraguay_1029042
flood_mask,v1.1/data/flood_events/HandLabeled/LabelHand/Paraguay_1029191_LabelHand.tif,data/external/sen1floods11/flood_mask/Paraguay_1029191_LabelHand.tif,6080,EXISTING,Paraguay_1029191
flood_mask,v1.1/data/flood_events/HandLabeled/LabelHand/Paraguay_1056717_LabelHand.tif,data/external/sen1floods11/flood_mask/Paraguay_1056717_LabelHand.tif,2695,EXISTING,Paraguay_1056717
flood_mask,v1.1/data/flood_events/HandLabeled/LabelHand/Paraguay_1076204_LabelHand.tif,data/external/sen1floods11/flood_mask/Paraguay_1076204_LabelHand.tif,1753,EXISTING,Paraguay_1076204
flood_mask,v1.1/data/flood_events/HandLabeled/LabelHand/Paraguay_11869_LabelHand.tif,data/external/sen1floods11/flood_mask/Paraguay_11869_LabelHand.tif,1798,EXISTING,Paraguay_11869
flood_mask,v1.1/data/flood_events/HandLabeled/LabelHand/Paraguay_126224_LabelHand.tif,data/external/sen1floods11/flood_mask/Paraguay_126224_LabelHand.tif,16766,EXISTING,Paraguay_126224
flood_mask,v1.1/data/flood_events/HandLabeled/LabelHand/Paraguay_12870_LabelHand.tif,data/external/sen1floods11/flood_mask/Paraguay_12870_LabelHand.tif,1015,EXISTING,Paraguay_12870
flood_mask,v1.1/data/flood_events/HandLabeled/LabelHand/Paraguay_148318_LabelHand.tif,data/external/sen1floods11/flood_mask/Paraguay_148318_LabelHand.tif,3270,EXISTING,Paraguay_148318
flood_mask,v1.1/data/flood_events/HandLabeled/LabelHand/Paraguay_149787_LabelHand.tif,data/external/sen1floods11/flood_mask/Paraguay_149787_LabelHand.tif,5327,EXISTING,Paraguay_149787
flood_mask,v1.1/data/flood_events/HandLabeled/LabelHand/Paraguay_149830_LabelHand.tif,data/external/sen1floods11/flood_mask/Paraguay_149830_LabelHand.tif,2043,EXISTING,Paraguay_149830
flood_mask,v1.1/data/flood_events/HandLabeled/LabelHand/Paraguay_153941_LabelHand.tif,data/external/sen1floods11/flood_mask/Paraguay_153941_LabelHand.tif,1411,EXISTING,Paraguay_153941
flood_mask,v1.1/data/flood_events/HandLabeled/LabelHand/Paraguay_172476_LabelHand.tif,data/external/sen1floods11/flood_mask/Paraguay_172476_LabelHand.tif,2485,EXISTING,Paraguay_172476
flood_mask,v1.1/data/flood_events/HandLabeled/LabelHand/Paraguay_179624_LabelHand.tif,data/external/sen1floods11/flood_mask/Paraguay_179624_LabelHand.tif,1082,EXISTING,Paraguay_179624
flood_mask,v1.1/data/flood_events/HandLabeled/LabelHand/Paraguay_191503_LabelHand.tif,data/external/sen1floods11/flood_mask/Paraguay_191503_LabelHand.tif,1080,EXISTING,Paraguay_191503
flood_mask,v1.1/data/flood_events/HandLabeled/LabelHand/Paraguay_198534_LabelHand.tif,data/external/sen1floods11/flood_mask/Paraguay_198534_LabelHand.tif,8532,EXISTING,Paraguay_198534
flood_mask,v1.1/data/flood_events/HandLabeled/LabelHand/Paraguay_205585_LabelHand.tif,data/external/sen1floods11/flood_mask/Paraguay_205585_LabelHand.tif,1015,EXISTING,Paraguay_205585
flood_mask,v1.1/data/flood_events/HandLabeled/LabelHand/Paraguay_212687_LabelHand.tif,data/external/sen1floods11/flood_mask/Paraguay_212687_LabelHand.tif,1962,EXISTING,Paraguay_212687
flood_mask,v1.1/data/flood_events/HandLabeled/LabelHand/Paraguay_215904_LabelHand.tif,data/external/sen1floods11/flood_mask/Paraguay_215904_LabelHand.tif,3066,EXISTING,Paraguay_215904
flood_mask,v1.1/data/flood_events/HandLabeled/LabelHand/Paraguay_224845_LabelHand.tif,data/external/sen1floods11/flood_mask/Paraguay_224845_LabelHand.tif,4145,EXISTING,Paraguay_224845
flood_mask,v1.1/data/flood_events/HandLabeled/LabelHand/Paraguay_225187_LabelHand.tif,data/external/sen1floods11/flood_mask/Paraguay_225187_LabelHand.tif,1057,EXISTING,Paraguay_225187
flood_mask,v1.1/data/flood_events/HandLabeled/LabelHand/Paraguay_232281_LabelHand.tif,data/external/sen1floods11/flood_mask/Paraguay_232281_LabelHand.tif,6469,EXISTING,Paraguay_232281
flood_mask,v1.1/data/flood_events/HandLabeled/LabelHand/Paraguay_24341_LabelHand.tif,data/external/sen1floods11/flood_mask/Paraguay_24341_LabelHand.tif,9350,EXISTING,Paraguay_24341
flood_mask,v1.1/data/flood_events/HandLabeled/LabelHand/Paraguay_246154_LabelHand.tif,data/external/sen1floods11/flood_mask/Paraguay_246154_LabelHand.tif,1051,EXISTING,Paraguay_246154
flood_mask,v1.1/data/flood_events/HandLabeled/LabelHand/Paraguay_247656_LabelHand.tif,data/external/sen1floods11/flood_mask/Paraguay_247656_LabelHand.tif,2961,EXISTING,Paraguay_247656
flood_mask,v1.1/data/flood_events/HandLabeled/LabelHand/Paraguay_252217_LabelHand.tif,data/external/sen1floods11/flood_mask/Paraguay_252217_LabelHand.tif,1889,EXISTING,Paraguay_252217
flood_mask,v1.1/data/flood_events/HandLabeled/LabelHand/Paraguay_271769_LabelHand.tif,data/external/sen1floods11/flood_mask/Paraguay_271769_LabelHand.tif,1930,EXISTING,Paraguay_271769
flood_mask,v1.1/data/flood_events/HandLabeled/LabelHand/Paraguay_280900_LabelHand.tif,data/external/sen1floods11/flood_mask/Paraguay_280900_LabelHand.tif,3694,EXISTING,Paraguay_280900
flood_mask,v1.1/data/flood_events/HandLabeled/LabelHand/Paraguay_284928_LabelHand.tif,data/external/sen1floods11/flood_mask/Paraguay_284928_LabelHand.tif,1015,EXISTING,Paraguay_284928
flood_mask,v1.1/data/flood_events/HandLabeled/LabelHand/Paraguay_305760_LabelHand.tif,data/external/sen1floods11/flood_mask/Paraguay_305760_LabelHand.tif,11784,EXISTING,Paraguay_305760
flood_mask,v1.1/data/flood_events/HandLabeled/LabelHand/Paraguay_339807_LabelHand.tif,data/external/sen1floods11/flood_mask/Paraguay_339807_LabelHand.tif,10596,EXISTING,Paraguay_339807
flood_mask,v1.1/data/flood_events/HandLabeled/LabelHand/Paraguay_34417_LabelHand.tif,data/external/sen1floods11/flood_mask/Paraguay_34417_LabelHand.tif,2655,EXISTING,Paraguay_34417
flood_mask,v1.1/data/flood_events/HandLabeled/LabelHand/Paraguay_36015_LabelHand.tif,data/external/sen1floods11/flood_mask/Paraguay_36015_LabelHand.tif,1034,EXISTING,Paraguay_36015
flood_mask,v1.1/data/flood_events/HandLabeled/LabelHand/Paraguay_36146_LabelHand.tif,data/external/sen1floods11/flood_mask/Paraguay_36146_LabelHand.tif,1015,EXISTING,Paraguay_36146
flood_mask,v1.1/data/flood_events/HandLabeled/LabelHand/Paraguay_403081_LabelHand.tif,data/external/sen1floods11/flood_mask/Paraguay_403081_LabelHand.tif,2392,EXISTING,Paraguay_403081
flood_mask,v1.1/data/flood_events/HandLabeled/LabelHand/Paraguay_40936_LabelHand.tif,data/external/sen1floods11/flood_mask/Paraguay_40936_LabelHand.tif,2688,EXISTING,Paraguay_40936
flood_mask,v1.1/data/flood_events/HandLabeled/LabelHand/Paraguay_44682_LabelHand.tif,data/external/sen1floods11/flood_mask/Paraguay_44682_LabelHand.tif,1684,EXISTING,Paraguay_44682
flood_mask,v1.1/data/flood_events/HandLabeled/LabelHand/Paraguay_470303_LabelHand.tif,data/external/sen1floods11/flood_mask/Paraguay_470303_LabelHand.tif,2529,EXISTING,Paraguay_470303
flood_mask,v1.1/data/flood_events/HandLabeled/LabelHand/Paraguay_482517_LabelHand.tif,data/external/sen1floods11/flood_mask/Paraguay_482517_LabelHand.tif,4607,EXISTING,Paraguay_482517
flood_mask,v1.1/data/flood_events/HandLabeled/LabelHand/Paraguay_48673_LabelHand.tif,data/external/sen1floods11/flood_mask/Paraguay_48673_LabelHand.tif,1088,EXISTING,Paraguay_48673
flood_mask,v1.1/data/flood_events/HandLabeled/LabelHand/Paraguay_511199_LabelHand.tif,data/external/sen1floods11/flood_mask/Paraguay_511199_LabelHand.tif,6187,EXISTING,Paraguay_511199
flood_mask,v1.1/data/flood_events/HandLabeled/LabelHand/Paraguay_54421_LabelHand.tif,data/external/sen1floods11/flood_mask/Paraguay_54421_LabelHand.tif,1033,EXISTING,Paraguay_54421
flood_mask,v1.1/data/flood_events/HandLabeled/LabelHand/Paraguay_581976_LabelHand.tif,data/external/sen1floods11/flood_mask/Paraguay_581976_LabelHand.tif,15614,EXISTING,Paraguay_581976
flood_mask,v1.1/data/flood_events/HandLabeled/LabelHand/Paraguay_59731_LabelHand.tif,data/external/sen1floods11/flood_mask/Paraguay_59731_LabelHand.tif,2107,EXISTING,Paraguay_59731
flood_mask,v1.1/data/flood_events/HandLabeled/LabelHand/Paraguay_605682_LabelHand.tif,data/external/sen1floods11/flood_mask/Paraguay_605682_LabelHand.tif,14316,EXISTING,Paraguay_605682
flood_mask,v1.1/data/flood_events/HandLabeled/LabelHand/Paraguay_62897_LabelHand.tif,data/external/sen1floods11/flood_mask/Paraguay_62897_LabelHand.tif,6484,EXISTING,Paraguay_62897
flood_mask,v1.1/data/flood_events/HandLabeled/LabelHand/Paraguay_648632_LabelHand.tif,data/external/sen1floods11/flood_mask/Paraguay_648632_LabelHand.tif,3320,EXISTING,Paraguay_648632
flood_mask,v1.1/data/flood_events/HandLabeled/LabelHand/Paraguay_651904_LabelHand.tif,data/external/sen1floods11/flood_mask/Paraguay_651904_LabelHand.tif,3472,EXISTING,Paraguay_651904
flood_mask,v1.1/data/flood_events/HandLabeled/LabelHand/Paraguay_657443_LabelHand.tif,data/external/sen1floods11/flood_mask/Paraguay_657443_LabelHand.tif,8087,EXISTING,Paraguay_657443
flood_mask,v1.1/data/flood_events/HandLabeled/LabelHand/Paraguay_683296_LabelHand.tif,data/external/sen1floods11/flood_mask/Paraguay_683296_LabelHand.tif,2878,EXISTING,Paraguay_683296
flood_mask,v1.1/data/flood_events/HandLabeled/LabelHand/Paraguay_721886_LabelHand.tif,data/external/sen1floods11/flood_mask/Paraguay_721886_LabelHand.tif,5608,EXISTING,Paraguay_721886
flood_mask,v1.1/data/flood_events/HandLabeled/LabelHand/Paraguay_76868_LabelHand.tif,data/external/sen1floods11/flood_mask/Paraguay_76868_LabelHand.tif,4035,EXISTING,Paraguay_76868
flood_mask,v1.1/data/flood_events/HandLabeled/LabelHand/Paraguay_7894_LabelHand.tif,data/external/sen1floods11/flood_mask/Paraguay_7894_LabelHand.tif,3399,EXISTING,Paraguay_7894
flood_mask,v1.1/data/flood_events/HandLabeled/LabelHand/Paraguay_790830_LabelHand.tif,data/external/sen1floods11/flood_mask/Paraguay_790830_LabelHand.tif,3950,EXISTING,Paraguay_790830
flood_mask,v1.1/data/flood_events/HandLabeled/LabelHand/Paraguay_791364_LabelHand.tif,data/external/sen1floods11/flood_mask/Paraguay_791364_LabelHand.tif,1935,EXISTING,Paraguay_791364
flood_mask,v1.1/data/flood_events/HandLabeled/LabelHand/Paraguay_792268_LabelHand.tif,data/external/sen1floods11/flood_mask/Paraguay_792268_LabelHand.tif,1575,EXISTING,Paraguay_792268
flood_mask,v1.1/data/flood_events/HandLabeled/LabelHand/Paraguay_795075_LabelHand.tif,data/external/sen1floods11/flood_mask/Paraguay_795075_LabelHand.tif,1614,EXISTING,Paraguay_795075
flood_mask,v1.1/data/flood_events/HandLabeled/LabelHand/Paraguay_80102_LabelHand.tif,data/external/sen1floods11/flood_mask/Paraguay_80102_LabelHand.tif,1048,EXISTING,Paraguay_80102
flood_mask,v1.1/data/flood_events/HandLabeled/LabelHand/Paraguay_822142_LabelHand.tif,data/external/sen1floods11/flood_mask/Paraguay_822142_LabelHand.tif,10588,EXISTING,Paraguay_822142
flood_mask,v1.1/data/flood_events/HandLabeled/LabelHand/Paraguay_868895_LabelHand.tif,data/external/sen1floods11/flood_mask/Paraguay_868895_LabelHand.tif,10893,EXISTING,Paraguay_868895
flood_mask,v1.1/data/flood_events/HandLabeled/LabelHand/Paraguay_892933_LabelHand.tif,data/external/sen1floods11/flood_mask/Paraguay_892933_LabelHand.tif,3839,EXISTING,Paraguay_892933
flood_mask,v1.1/data/flood_events/HandLabeled/LabelHand/Paraguay_896458_LabelHand.tif,data/external/sen1floods11/flood_mask/Paraguay_896458_LabelHand.tif,6959,EXISTING,Paraguay_896458
flood_mask,v1.1/data/flood_events/HandLabeled/LabelHand/Paraguay_913449_LabelHand.tif,data/external/sen1floods11/flood_mask/Paraguay_913449_LabelHand.tif,3428,EXISTING,Paraguay_913449
flood_mask,v1.1/data/flood_events/HandLabeled/LabelHand/Paraguay_921838_LabelHand.tif,data/external/sen1floods11/flood_mask/Paraguay_921838_LabelHand.tif,2436,EXISTING,Paraguay_921838
flood_mask,v1.1/data/flood_events/HandLabeled/LabelHand/Paraguay_934240_LabelHand.tif,data/external/sen1floods11/flood_mask/Paraguay_934240_LabelHand.tif,3569,EXISTING,Paraguay_934240
flood_mask,v1.1/data/flood_events/HandLabeled/LabelHand/Paraguay_989230_LabelHand.tif,data/external/sen1floods11/flood_mask/Paraguay_989230_LabelHand.tif,6879,EXISTING,Paraguay_989230
flood_mask,v1.1/data/flood_events/HandLabeled/LabelHand/Paraguay_997480_LabelHand.tif,data/external/sen1floods11/flood_mask/Paraguay_997480_LabelHand.tif,3574,EXISTING,Paraguay_997480
flood_mask,v1.1/data/flood_events/HandLabeled/LabelHand/Somalia_1068756_LabelHand.tif,data/external/sen1floods11/flood_mask/Somalia_1068756_LabelHand.tif,11267,EXISTING,Somalia_1068756
flood_mask,v1.1/data/flood_events/HandLabeled/LabelHand/Somalia_1087508_LabelHand.tif,data/external/sen1floods11/flood_mask/Somalia_1087508_LabelHand.tif,10949,EXISTING,Somalia_1087508
flood_mask,v1.1/data/flood_events/HandLabeled/LabelHand/Somalia_12849_LabelHand.tif,data/external/sen1floods11/flood_mask/Somalia_12849_LabelHand.tif,15222,EXISTING,Somalia_12849
flood_mask,v1.1/data/flood_events/HandLabeled/LabelHand/Somalia_166342_LabelHand.tif,data/external/sen1floods11/flood_mask/Somalia_166342_LabelHand.tif,6534,EXISTING,Somalia_166342
flood_mask,v1.1/data/flood_events/HandLabeled/LabelHand/Somalia_167787_LabelHand.tif,data/external/sen1floods11/flood_mask/Somalia_167787_LabelHand.tif,7791,EXISTING,Somalia_167787
flood_mask,v1.1/data/flood_events/HandLabeled/LabelHand/Somalia_195014_LabelHand.tif,data/external/sen1floods11/flood_mask/Somalia_195014_LabelHand.tif,5268,EXISTING,Somalia_195014
flood_mask,v1.1/data/flood_events/HandLabeled/LabelHand/Somalia_205466_LabelHand.tif,data/external/sen1floods11/flood_mask/Somalia_205466_LabelHand.tif,3948,EXISTING,Somalia_205466
flood_mask,v1.1/data/flood_events/HandLabeled/LabelHand/Somalia_230192_LabelHand.tif,data/external/sen1floods11/flood_mask/Somalia_230192_LabelHand.tif,5805,EXISTING,Somalia_230192
flood_mask,v1.1/data/flood_events/HandLabeled/LabelHand/Somalia_256539_LabelHand.tif,data/external/sen1floods11/flood_mask/Somalia_256539_LabelHand.tif,7679,EXISTING,Somalia_256539
flood_mask,v1.1/data/flood_events/HandLabeled/LabelHand/Somalia_295782_LabelHand.tif,data/external/sen1floods11/flood_mask/Somalia_295782_LabelHand.tif,12516,EXISTING,Somalia_295782
flood_mask,v1.1/data/flood_events/HandLabeled/LabelHand/Somalia_322855_LabelHand.tif,data/external/sen1floods11/flood_mask/Somalia_322855_LabelHand.tif,11099,EXISTING,Somalia_322855
flood_mask,v1.1/data/flood_events/HandLabeled/LabelHand/Somalia_32375_LabelHand.tif,data/external/sen1floods11/flood_mask/Somalia_32375_LabelHand.tif,9542,EXISTING,Somalia_32375
flood_mask,v1.1/data/flood_events/HandLabeled/LabelHand/Somalia_371421_LabelHand.tif,data/external/sen1floods11/flood_mask/Somalia_371421_LabelHand.tif,12315,EXISTING,Somalia_371421
flood_mask,v1.1/data/flood_events/HandLabeled/LabelHand/Somalia_60129_LabelHand.tif,data/external/sen1floods11/flood_mask/Somalia_60129_LabelHand.tif,8396,EXISTING,Somalia_60129
flood_mask,v1.1/data/flood_events/HandLabeled/LabelHand/Somalia_61368_LabelHand.tif,data/external/sen1floods11/flood_mask/Somalia_61368_LabelHand.tif,6337,EXISTING,Somalia_61368
flood_mask,v1.1/data/flood_events/HandLabeled/LabelHand/Somalia_626316_LabelHand.tif,data/external/sen1floods11/flood_mask/Somalia_626316_LabelHand.tif,10140,EXISTING,Somalia_626316
flood_mask,v1.1/data/flood_events/HandLabeled/LabelHand/Somalia_649376_LabelHand.tif,data/external/sen1floods11/flood_mask/Somalia_649376_LabelHand.tif,8780,EXISTING,Somalia_649376
flood_mask,v1.1/data/flood_events/HandLabeled/LabelHand/Somalia_685158_LabelHand.tif,data/external/sen1floods11/flood_mask/Somalia_685158_LabelHand.tif,14360,EXISTING,Somalia_685158
flood_mask,v1.1/data/flood_events/HandLabeled/LabelHand/Somalia_699062_LabelHand.tif,data/external/sen1floods11/flood_mask/Somalia_699062_LabelHand.tif,7268,EXISTING,Somalia_699062
flood_mask,v1.1/data/flood_events/HandLabeled/LabelHand/Somalia_7931_LabelHand.tif,data/external/sen1floods11/flood_mask/Somalia_7931_LabelHand.tif,8654,EXISTING,Somalia_7931
flood_mask,v1.1/data/flood_events/HandLabeled/LabelHand/Somalia_886726_LabelHand.tif,data/external/sen1floods11/flood_mask/Somalia_886726_LabelHand.tif,15708,EXISTING,Somalia_886726
flood_mask,v1.1/data/flood_events/HandLabeled/LabelHand/Somalia_93023_LabelHand.tif,data/external/sen1floods11/flood_mask/Somalia_93023_LabelHand.tif,7982,EXISTING,Somalia_93023
flood_mask,v1.1/data/flood_events/HandLabeled/LabelHand/Somalia_94102_LabelHand.tif,data/external/sen1floods11/flood_mask/Somalia_94102_LabelHand.tif,6569,EXISTING,Somalia_94102
flood_mask,v1.1/data/flood_events/HandLabeled/LabelHand/Somalia_970508_LabelHand.tif,data/external/sen1floods11/flood_mask/Somalia_970508_LabelHand.tif,12949,EXISTING,Somalia_970508
flood_mask,v1.1/data/flood_events/HandLabeled/LabelHand/Somalia_989553_LabelHand.tif,data/external/sen1floods11/flood_mask/Somalia_989553_LabelHand.tif,6259,EXISTING,Somalia_989553
flood_mask,v1.1/data/flood_events/HandLabeled/LabelHand/Somalia_992457_LabelHand.tif,data/external/sen1floods11/flood_mask/Somalia_992457_LabelHand.tif,12985,EXISTING,Somalia_992457
flood_mask,v1.1/data/flood_events/HandLabeled/LabelHand/Spain_1167260_LabelHand.tif,data/external/sen1floods11/flood_mask/Spain_1167260_LabelHand.tif,11420,EXISTING,Spain_1167260
flood_mask,v1.1/data/flood_events/HandLabeled/LabelHand/Spain_1199913_LabelHand.tif,data/external/sen1floods11/flood_mask/Spain_1199913_LabelHand.tif,2348,EXISTING,Spain_1199913
flood_mask,v1.1/data/flood_events/HandLabeled/LabelHand/Spain_2472849_LabelHand.tif,data/external/sen1floods11/flood_mask/Spain_2472849_LabelHand.tif,1331,EXISTING,Spain_2472849
flood_mask,v1.1/data/flood_events/HandLabeled/LabelHand/Spain_2523247_LabelHand.tif,data/external/sen1floods11/flood_mask/Spain_2523247_LabelHand.tif,2324,EXISTING,Spain_2523247
flood_mask,v1.1/data/flood_events/HandLabeled/LabelHand/Spain_2594119_LabelHand.tif,data/external/sen1floods11/flood_mask/Spain_2594119_LabelHand.tif,2085,EXISTING,Spain_2594119
flood_mask,v1.1/data/flood_events/HandLabeled/LabelHand/Spain_2938657_LabelHand.tif,data/external/sen1floods11/flood_mask/Spain_2938657_LabelHand.tif,1991,EXISTING,Spain_2938657
flood_mask,v1.1/data/flood_events/HandLabeled/LabelHand/Spain_3285448_LabelHand.tif,data/external/sen1floods11/flood_mask/Spain_3285448_LabelHand.tif,3467,EXISTING,Spain_3285448
flood_mask,v1.1/data/flood_events/HandLabeled/LabelHand/Spain_337094_LabelHand.tif,data/external/sen1floods11/flood_mask/Spain_337094_LabelHand.tif,8772,EXISTING,Spain_337094
flood_mask,v1.1/data/flood_events/HandLabeled/LabelHand/Spain_4282030_LabelHand.tif,data/external/sen1floods11/flood_mask/Spain_4282030_LabelHand.tif,14000,EXISTING,Spain_4282030
flood_mask,v1.1/data/flood_events/HandLabeled/LabelHand/Spain_4915752_LabelHand.tif,data/external/sen1floods11/flood_mask/Spain_4915752_LabelHand.tif,2291,EXISTING,Spain_4915752
flood_mask,v1.1/data/flood_events/HandLabeled/LabelHand/Spain_5650136_LabelHand.tif,data/external/sen1floods11/flood_mask/Spain_5650136_LabelHand.tif,9758,EXISTING,Spain_5650136
flood_mask,v1.1/data/flood_events/HandLabeled/LabelHand/Spain_5678382_LabelHand.tif,data/external/sen1floods11/flood_mask/Spain_5678382_LabelHand.tif,3030,EXISTING,Spain_5678382
flood_mask,v1.1/data/flood_events/HandLabeled/LabelHand/Spain_5816638_LabelHand.tif,data/external/sen1floods11/flood_mask/Spain_5816638_LabelHand.tif,1346,EXISTING,Spain_5816638
flood_mask,v1.1/data/flood_events/HandLabeled/LabelHand/Spain_5923267_LabelHand.tif,data/external/sen1floods11/flood_mask/Spain_5923267_LabelHand.tif,5916,EXISTING,Spain_5923267
flood_mask,v1.1/data/flood_events/HandLabeled/LabelHand/Spain_6095801_LabelHand.tif,data/external/sen1floods11/flood_mask/Spain_6095801_LabelHand.tif,7549,EXISTING,Spain_6095801
flood_mask,v1.1/data/flood_events/HandLabeled/LabelHand/Spain_6199994_LabelHand.tif,data/external/sen1floods11/flood_mask/Spain_6199994_LabelHand.tif,1779,EXISTING,Spain_6199994
flood_mask,v1.1/data/flood_events/HandLabeled/LabelHand/Spain_6537196_LabelHand.tif,data/external/sen1floods11/flood_mask/Spain_6537196_LabelHand.tif,2441,EXISTING,Spain_6537196
flood_mask,v1.1/data/flood_events/HandLabeled/LabelHand/Spain_6860600_LabelHand.tif,data/external/sen1floods11/flood_mask/Spain_6860600_LabelHand.tif,1374,EXISTING,Spain_6860600
flood_mask,v1.1/data/flood_events/HandLabeled/LabelHand/Spain_716716_LabelHand.tif,data/external/sen1floods11/flood_mask/Spain_716716_LabelHand.tif,2441,EXISTING,Spain_716716
flood_mask,v1.1/data/flood_events/HandLabeled/LabelHand/Spain_7370579_LabelHand.tif,data/external/sen1floods11/flood_mask/Spain_7370579_LabelHand.tif,14901,EXISTING,Spain_7370579
flood_mask,v1.1/data/flood_events/HandLabeled/LabelHand/Spain_7387658_LabelHand.tif,data/external/sen1floods11/flood_mask/Spain_7387658_LabelHand.tif,19124,EXISTING,Spain_7387658
flood_mask,v1.1/data/flood_events/HandLabeled/LabelHand/Spain_7558720_LabelHand.tif,data/external/sen1floods11/flood_mask/Spain_7558720_LabelHand.tif,2528,EXISTING,Spain_7558720
flood_mask,v1.1/data/flood_events/HandLabeled/LabelHand/Spain_7604243_LabelHand.tif,data/external/sen1floods11/flood_mask/Spain_7604243_LabelHand.tif,2171,EXISTING,Spain_7604243
flood_mask,v1.1/data/flood_events/HandLabeled/LabelHand/Spain_7786924_LabelHand.tif,data/external/sen1floods11/flood_mask/Spain_7786924_LabelHand.tif,2878,EXISTING,Spain_7786924
flood_mask,v1.1/data/flood_events/HandLabeled/LabelHand/Spain_7856615_LabelHand.tif,data/external/sen1floods11/flood_mask/Spain_7856615_LabelHand.tif,4980,EXISTING,Spain_7856615
flood_mask,v1.1/data/flood_events/HandLabeled/LabelHand/Spain_8104659_LabelHand.tif,data/external/sen1floods11/flood_mask/Spain_8104659_LabelHand.tif,2256,EXISTING,Spain_8104659
flood_mask,v1.1/data/flood_events/HandLabeled/LabelHand/Spain_8154154_LabelHand.tif,data/external/sen1floods11/flood_mask/Spain_8154154_LabelHand.tif,3078,EXISTING,Spain_8154154
flood_mask,v1.1/data/flood_events/HandLabeled/LabelHand/Spain_8199661_LabelHand.tif,data/external/sen1floods11/flood_mask/Spain_8199661_LabelHand.tif,3618,EXISTING,Spain_8199661
flood_mask,v1.1/data/flood_events/HandLabeled/LabelHand/Spain_8372658_LabelHand.tif,data/external/sen1floods11/flood_mask/Spain_8372658_LabelHand.tif,10893,EXISTING,Spain_8372658
flood_mask,v1.1/data/flood_events/HandLabeled/LabelHand/Spain_8565131_LabelHand.tif,data/external/sen1floods11/flood_mask/Spain_8565131_LabelHand.tif,9456,EXISTING,Spain_8565131
flood_mask,v1.1/data/flood_events/HandLabeled/LabelHand/Sri-Lanka_101973_LabelHand.tif,data/external/sen1floods11/flood_mask/Sri-Lanka_101973_LabelHand.tif,1868,EXISTING,Sri-Lanka_101973
flood_mask,v1.1/data/flood_events/HandLabeled/LabelHand/Sri-Lanka_1038087_LabelHand.tif,data/external/sen1floods11/flood_mask/Sri-Lanka_1038087_LabelHand.tif,7418,EXISTING,Sri-Lanka_1038087
flood_mask,v1.1/data/flood_events/HandLabeled/LabelHand/Sri-Lanka_1049830_LabelHand.tif,data/external/sen1floods11/flood_mask/Sri-Lanka_1049830_LabelHand.tif,3352,EXISTING,Sri-Lanka_1049830
flood_mask,v1.1/data/flood_events/HandLabeled/LabelHand/Sri-Lanka_117737_LabelHand.tif,data/external/sen1floods11/flood_mask/Sri-Lanka_117737_LabelHand.tif,5041,EXISTING,Sri-Lanka_117737
flood_mask,v1.1/data/flood_events/HandLabeled/LabelHand/Sri-Lanka_120804_LabelHand.tif,data/external/sen1floods11/flood_mask/Sri-Lanka_120804_LabelHand.tif,4318,EXISTING,Sri-Lanka_120804
flood_mask,v1.1/data/flood_events/HandLabeled/LabelHand/Sri-Lanka_132922_LabelHand.tif,data/external/sen1floods11/flood_mask/Sri-Lanka_132922_LabelHand.tif,8615,EXISTING,Sri-Lanka_132922
flood_mask,v1.1/data/flood_events/HandLabeled/LabelHand/Sri-Lanka_135713_LabelHand.tif,data/external/sen1floods11/flood_mask/Sri-Lanka_135713_LabelHand.tif,6159,EXISTING,Sri-Lanka_135713
flood_mask,v1.1/data/flood_events/HandLabeled/LabelHand/Sri-Lanka_14484_LabelHand.tif,data/external/sen1floods11/flood_mask/Sri-Lanka_14484_LabelHand.tif,9451,EXISTING,Sri-Lanka_14484
flood_mask,v1.1/data/flood_events/HandLabeled/LabelHand/Sri-Lanka_152185_LabelHand.tif,data/external/sen1floods11/flood_mask/Sri-Lanka_152185_LabelHand.tif,1335,EXISTING,Sri-Lanka_152185
flood_mask,v1.1/data/flood_events/HandLabeled/LabelHand/Sri-Lanka_163406_LabelHand.tif,data/external/sen1floods11/flood_mask/Sri-Lanka_163406_LabelHand.tif,1644,EXISTING,Sri-Lanka_163406
flood_mask,v1.1/data/flood_events/HandLabeled/LabelHand/Sri-Lanka_178753_LabelHand.tif,data/external/sen1floods11/flood_mask/Sri-Lanka_178753_LabelHand.tif,2490,EXISTING,Sri-Lanka_178753
flood_mask,v1.1/data/flood_events/HandLabeled/LabelHand/Sri-Lanka_233609_LabelHand.tif,data/external/sen1floods11/flood_mask/Sri-Lanka_233609_LabelHand.tif,3967,EXISTING,Sri-Lanka_233609
flood_mask,v1.1/data/flood_events/HandLabeled/LabelHand/Sri-Lanka_236030_LabelHand.tif,data/external/sen1floods11/flood_mask/Sri-Lanka_236030_LabelHand.tif,3464,EXISTING,Sri-Lanka_236030
flood_mask,v1.1/data/flood_events/HandLabeled/LabelHand/Sri-Lanka_236628_LabelHand.tif,data/external/sen1floods11/flood_mask/Sri-Lanka_236628_LabelHand.tif,2200,EXISTING,Sri-Lanka_236628
flood_mask,v1.1/data/flood_events/HandLabeled/LabelHand/Sri-Lanka_249079_LabelHand.tif,data/external/sen1floods11/flood_mask/Sri-Lanka_249079_LabelHand.tif,7090,EXISTING,Sri-Lanka_249079
flood_mask,v1.1/data/flood_events/HandLabeled/LabelHand/Sri-Lanka_31559_LabelHand.tif,data/external/sen1floods11/flood_mask/Sri-Lanka_31559_LabelHand.tif,5276,EXISTING,Sri-Lanka_31559
flood_mask,v1.1/data/flood_events/HandLabeled/LabelHand/Sri-Lanka_321316_LabelHand.tif,data/external/sen1floods11/flood_mask/Sri-Lanka_321316_LabelHand.tif,6849,EXISTING,Sri-Lanka_321316
flood_mask,v1.1/data/flood_events/HandLabeled/LabelHand/Sri-Lanka_377277_LabelHand.tif,data/external/sen1floods11/flood_mask/Sri-Lanka_377277_LabelHand.tif,3456,EXISTING,Sri-Lanka_377277
flood_mask,v1.1/data/flood_events/HandLabeled/LabelHand/Sri-Lanka_400518_LabelHand.tif,data/external/sen1floods11/flood_mask/Sri-Lanka_400518_LabelHand.tif,1917,EXISTING,Sri-Lanka_400518
flood_mask,v1.1/data/flood_events/HandLabeled/LabelHand/Sri-Lanka_450918_LabelHand.tif,data/external/sen1floods11/flood_mask/Sri-Lanka_450918_LabelHand.tif,6471,EXISTING,Sri-Lanka_450918
flood_mask,v1.1/data/flood_events/HandLabeled/LabelHand/Sri-Lanka_49764_LabelHand.tif,data/external/sen1floods11/flood_mask/Sri-Lanka_49764_LabelHand.tif,3669,EXISTING,Sri-Lanka_49764
flood_mask,v1.1/data/flood_events/HandLabeled/LabelHand/Sri-Lanka_52223_LabelHand.tif,data/external/sen1floods11/flood_mask/Sri-Lanka_52223_LabelHand.tif,1015,EXISTING,Sri-Lanka_52223
flood_mask,v1.1/data/flood_events/HandLabeled/LabelHand/Sri-Lanka_523539_LabelHand.tif,data/external/sen1floods11/flood_mask/Sri-Lanka_523539_LabelHand.tif,9290,EXISTING,Sri-Lanka_523539
flood_mask,v1.1/data/flood_events/HandLabeled/LabelHand/Sri-Lanka_534068_LabelHand.tif,data/external/sen1floods11/flood_mask/Sri-Lanka_534068_LabelHand.tif,1588,EXISTING,Sri-Lanka_534068
flood_mask,v1.1/data/flood_events/HandLabeled/LabelHand/Sri-Lanka_551926_LabelHand.tif,data/external/sen1floods11/flood_mask/Sri-Lanka_551926_LabelHand.tif,4181,EXISTING,Sri-Lanka_551926
flood_mask,v1.1/data/flood_events/HandLabeled/LabelHand/Sri-Lanka_55568_LabelHand.tif,data/external/sen1floods11/flood_mask/Sri-Lanka_55568_LabelHand.tif,6162,EXISTING,Sri-Lanka_55568
flood_mask,v1.1/data/flood_events/HandLabeled/LabelHand/Sri-Lanka_579082_LabelHand.tif,data/external/sen1floods11/flood_mask/Sri-Lanka_579082_LabelHand.tif,8774,EXISTING,Sri-Lanka_579082
flood_mask,v1.1/data/flood_events/HandLabeled/LabelHand/Sri-Lanka_612594_LabelHand.tif,data/external/sen1floods11/flood_mask/Sri-Lanka_612594_LabelHand.tif,3714,EXISTING,Sri-Lanka_612594
flood_mask,v1.1/data/flood_events/HandLabeled/LabelHand/Sri-Lanka_63307_LabelHand.tif,data/external/sen1floods11/flood_mask/Sri-Lanka_63307_LabelHand.tif,3223,EXISTING,Sri-Lanka_63307
flood_mask,v1.1/data/flood_events/HandLabeled/LabelHand/Sri-Lanka_649970_LabelHand.tif,data/external/sen1floods11/flood_mask/Sri-Lanka_649970_LabelHand.tif,8972,EXISTING,Sri-Lanka_649970
flood_mask,v1.1/data/flood_events/HandLabeled/LabelHand/Sri-Lanka_653336_LabelHand.tif,data/external/sen1floods11/flood_mask/Sri-Lanka_653336_LabelHand.tif,5827,EXISTING,Sri-Lanka_653336
flood_mask,v1.1/data/flood_events/HandLabeled/LabelHand/Sri-Lanka_713926_LabelHand.tif,data/external/sen1floods11/flood_mask/Sri-Lanka_713926_LabelHand.tif,4008,EXISTING,Sri-Lanka_713926
flood_mask,v1.1/data/flood_events/HandLabeled/LabelHand/Sri-Lanka_748447_LabelHand.tif,data/external/sen1floods11/flood_mask/Sri-Lanka_748447_LabelHand.tif,4460,EXISTING,Sri-Lanka_748447
flood_mask,v1.1/data/flood_events/HandLabeled/LabelHand/Sri-Lanka_845821_LabelHand.tif,data/external/sen1floods11/flood_mask/Sri-Lanka_845821_LabelHand.tif,3601,EXISTING,Sri-Lanka_845821
flood_mask,v1.1/data/flood_events/HandLabeled/LabelHand/Sri-Lanka_847275_LabelHand.tif,data/external/sen1floods11/flood_mask/Sri-Lanka_847275_LabelHand.tif,9686,EXISTING,Sri-Lanka_847275
flood_mask,v1.1/data/flood_events/HandLabeled/LabelHand/Sri-Lanka_849649_LabelHand.tif,data/external/sen1floods11/flood_mask/Sri-Lanka_849649_LabelHand.tif,3336,EXISTING,Sri-Lanka_849649
flood_mask,v1.1/data/flood_events/HandLabeled/LabelHand/Sri-Lanka_85652_LabelHand.tif,data/external/sen1floods11/flood_mask/Sri-Lanka_85652_LabelHand.tif,6916,EXISTING,Sri-Lanka_85652
flood_mask,v1.1/data/flood_events/HandLabeled/LabelHand/Sri-Lanka_883641_LabelHand.tif,data/external/sen1floods11/flood_mask/Sri-Lanka_883641_LabelHand.tif,1914,EXISTING,Sri-Lanka_883641
flood_mask,v1.1/data/flood_events/HandLabeled/LabelHand/Sri-Lanka_916628_LabelHand.tif,data/external/sen1floods11/flood_mask/Sri-Lanka_916628_LabelHand.tif,11131,EXISTING,Sri-Lanka_916628
flood_mask,v1.1/data/flood_events/HandLabeled/LabelHand/Sri-Lanka_922192_LabelHand.tif,data/external/sen1floods11/flood_mask/Sri-Lanka_922192_LabelHand.tif,2777,EXISTING,Sri-Lanka_922192
flood_mask,v1.1/data/flood_events/HandLabeled/LabelHand/Sri-Lanka_92824_LabelHand.tif,data/external/sen1floods11/flood_mask/Sri-Lanka_92824_LabelHand.tif,10651,EXISTING,Sri-Lanka_92824
flood_mask,v1.1/data/flood_events/HandLabeled/LabelHand/Sri-Lanka_956740_LabelHand.tif,data/external/sen1floods11/flood_mask/Sri-Lanka_956740_LabelHand.tif,4139,EXISTING,Sri-Lanka_956740
flood_mask,v1.1/data/flood_events/HandLabeled/LabelHand/USA_1010394_LabelHand.tif,data/external/sen1floods11/flood_mask/USA_1010394_LabelHand.tif,1852,EXISTING,USA_1010394
flood_mask,v1.1/data/flood_events/HandLabeled/LabelHand/USA_1039203_LabelHand.tif,data/external/sen1floods11/flood_mask/USA_1039203_LabelHand.tif,1769,EXISTING,USA_1039203
flood_mask,v1.1/data/flood_events/HandLabeled/LabelHand/USA_1049586_LabelHand.tif,data/external/sen1floods11/flood_mask/USA_1049586_LabelHand.tif,1826,EXISTING,USA_1049586
flood_mask,v1.1/data/flood_events/HandLabeled/LabelHand/USA_1068362_LabelHand.tif,data/external/sen1floods11/flood_mask/USA_1068362_LabelHand.tif,7009,EXISTING,USA_1068362
flood_mask,v1.1/data/flood_events/HandLabeled/LabelHand/USA_1082482_LabelHand.tif,data/external/sen1floods11/flood_mask/USA_1082482_LabelHand.tif,1929,EXISTING,USA_1082482
flood_mask,v1.1/data/flood_events/HandLabeled/LabelHand/USA_11422_LabelHand.tif,data/external/sen1floods11/flood_mask/USA_11422_LabelHand.tif,5381,EXISTING,USA_11422
flood_mask,v1.1/data/flood_events/HandLabeled/LabelHand/USA_114964_LabelHand.tif,data/external/sen1floods11/flood_mask/USA_114964_LabelHand.tif,1299,EXISTING,USA_114964
flood_mask,v1.1/data/flood_events/HandLabeled/LabelHand/USA_115033_LabelHand.tif,data/external/sen1floods11/flood_mask/USA_115033_LabelHand.tif,2055,EXISTING,USA_115033
flood_mask,v1.1/data/flood_events/HandLabeled/LabelHand/USA_170264_LabelHand.tif,data/external/sen1floods11/flood_mask/USA_170264_LabelHand.tif,6226,EXISTING,USA_170264
flood_mask,v1.1/data/flood_events/HandLabeled/LabelHand/USA_179917_LabelHand.tif,data/external/sen1floods11/flood_mask/USA_179917_LabelHand.tif,1284,EXISTING,USA_179917
flood_mask,v1.1/data/flood_events/HandLabeled/LabelHand/USA_181263_LabelHand.tif,data/external/sen1floods11/flood_mask/USA_181263_LabelHand.tif,2015,EXISTING,USA_181263
flood_mask,v1.1/data/flood_events/HandLabeled/LabelHand/USA_181503_LabelHand.tif,data/external/sen1floods11/flood_mask/USA_181503_LabelHand.tif,1732,EXISTING,USA_181503
flood_mask,v1.1/data/flood_events/HandLabeled/LabelHand/USA_19225_LabelHand.tif,data/external/sen1floods11/flood_mask/USA_19225_LabelHand.tif,1752,EXISTING,USA_19225
flood_mask,v1.1/data/flood_events/HandLabeled/LabelHand/USA_198411_LabelHand.tif,data/external/sen1floods11/flood_mask/USA_198411_LabelHand.tif,5241,EXISTING,USA_198411
flood_mask,v1.1/data/flood_events/HandLabeled/LabelHand/USA_211406_LabelHand.tif,data/external/sen1floods11/flood_mask/USA_211406_LabelHand.tif,1513,EXISTING,USA_211406
flood_mask,v1.1/data/flood_events/HandLabeled/LabelHand/USA_217598_LabelHand.tif,data/external/sen1floods11/flood_mask/USA_217598_LabelHand.tif,7212,EXISTING,USA_217598
flood_mask,v1.1/data/flood_events/HandLabeled/LabelHand/USA_224165_LabelHand.tif,data/external/sen1floods11/flood_mask/USA_224165_LabelHand.tif,1144,EXISTING,USA_224165
flood_mask,v1.1/data/flood_events/HandLabeled/LabelHand/USA_225017_LabelHand.tif,data/external/sen1floods11/flood_mask/USA_225017_LabelHand.tif,3400,EXISTING,USA_225017
flood_mask,v1.1/data/flood_events/HandLabeled/LabelHand/USA_231124_LabelHand.tif,data/external/sen1floods11/flood_mask/USA_231124_LabelHand.tif,5546,EXISTING,USA_231124
flood_mask,v1.1/data/flood_events/HandLabeled/LabelHand/USA_232060_LabelHand.tif,data/external/sen1floods11/flood_mask/USA_232060_LabelHand.tif,1854,EXISTING,USA_232060
flood_mask,v1.1/data/flood_events/HandLabeled/LabelHand/USA_251323_LabelHand.tif,data/external/sen1floods11/flood_mask/USA_251323_LabelHand.tif,1568,EXISTING,USA_251323
flood_mask,v1.1/data/flood_events/HandLabeled/LabelHand/USA_260929_LabelHand.tif,data/external/sen1floods11/flood_mask/USA_260929_LabelHand.tif,2636,EXISTING,USA_260929
flood_mask,v1.1/data/flood_events/HandLabeled/LabelHand/USA_275372_LabelHand.tif,data/external/sen1floods11/flood_mask/USA_275372_LabelHand.tif,2374,EXISTING,USA_275372
flood_mask,v1.1/data/flood_events/HandLabeled/LabelHand/USA_308150_LabelHand.tif,data/external/sen1floods11/flood_mask/USA_308150_LabelHand.tif,2397,EXISTING,USA_308150
flood_mask,v1.1/data/flood_events/HandLabeled/LabelHand/USA_347609_LabelHand.tif,data/external/sen1floods11/flood_mask/USA_347609_LabelHand.tif,4611,EXISTING,USA_347609
flood_mask,v1.1/data/flood_events/HandLabeled/LabelHand/USA_348639_LabelHand.tif,data/external/sen1floods11/flood_mask/USA_348639_LabelHand.tif,5139,EXISTING,USA_348639
flood_mask,v1.1/data/flood_events/HandLabeled/LabelHand/USA_350244_LabelHand.tif,data/external/sen1floods11/flood_mask/USA_350244_LabelHand.tif,1708,EXISTING,USA_350244
flood_mask,v1.1/data/flood_events/HandLabeled/LabelHand/USA_354981_LabelHand.tif,data/external/sen1floods11/flood_mask/USA_354981_LabelHand.tif,1886,EXISTING,USA_354981
flood_mask,v1.1/data/flood_events/HandLabeled/LabelHand/USA_366607_LabelHand.tif,data/external/sen1floods11/flood_mask/USA_366607_LabelHand.tif,4502,EXISTING,USA_366607
flood_mask,v1.1/data/flood_events/HandLabeled/LabelHand/USA_375183_LabelHand.tif,data/external/sen1floods11/flood_mask/USA_375183_LabelHand.tif,3592,EXISTING,USA_375183
flood_mask,v1.1/data/flood_events/HandLabeled/LabelHand/USA_387945_LabelHand.tif,data/external/sen1floods11/flood_mask/USA_387945_LabelHand.tif,5113,EXISTING,USA_387945
flood_mask,v1.1/data/flood_events/HandLabeled/LabelHand/USA_430764_LabelHand.tif,data/external/sen1floods11/flood_mask/USA_430764_LabelHand.tif,5944,EXISTING,USA_430764
flood_mask,v1.1/data/flood_events/HandLabeled/LabelHand/USA_438959_LabelHand.tif,data/external/sen1floods11/flood_mask/USA_438959_LabelHand.tif,2706,EXISTING,USA_438959
flood_mask,v1.1/data/flood_events/HandLabeled/LabelHand/USA_486103_LabelHand.tif,data/external/sen1floods11/flood_mask/USA_486103_LabelHand.tif,4205,EXISTING,USA_486103
flood_mask,v1.1/data/flood_events/HandLabeled/LabelHand/USA_504150_LabelHand.tif,data/external/sen1floods11/flood_mask/USA_504150_LabelHand.tif,2175,EXISTING,USA_504150
flood_mask,v1.1/data/flood_events/HandLabeled/LabelHand/USA_519181_LabelHand.tif,data/external/sen1floods11/flood_mask/USA_519181_LabelHand.tif,2005,EXISTING,USA_519181
flood_mask,v1.1/data/flood_events/HandLabeled/LabelHand/USA_527077_LabelHand.tif,data/external/sen1floods11/flood_mask/USA_527077_LabelHand.tif,1857,EXISTING,USA_527077
flood_mask,v1.1/data/flood_events/HandLabeled/LabelHand/USA_58086_LabelHand.tif,data/external/sen1floods11/flood_mask/USA_58086_LabelHand.tif,3455,EXISTING,USA_58086
flood_mask,v1.1/data/flood_events/HandLabeled/LabelHand/USA_595451_LabelHand.tif,data/external/sen1floods11/flood_mask/USA_595451_LabelHand.tif,6150,EXISTING,USA_595451
flood_mask,v1.1/data/flood_events/HandLabeled/LabelHand/USA_604222_LabelHand.tif,data/external/sen1floods11/flood_mask/USA_604222_LabelHand.tif,3078,EXISTING,USA_604222
flood_mask,v1.1/data/flood_events/HandLabeled/LabelHand/USA_605492_LabelHand.tif,data/external/sen1floods11/flood_mask/USA_605492_LabelHand.tif,2573,EXISTING,USA_605492
flood_mask,v1.1/data/flood_events/HandLabeled/LabelHand/USA_638521_LabelHand.tif,data/external/sen1floods11/flood_mask/USA_638521_LabelHand.tif,3363,EXISTING,USA_638521
flood_mask,v1.1/data/flood_events/HandLabeled/LabelHand/USA_646878_LabelHand.tif,data/external/sen1floods11/flood_mask/USA_646878_LabelHand.tif,2603,EXISTING,USA_646878
flood_mask,v1.1/data/flood_events/HandLabeled/LabelHand/USA_652955_LabelHand.tif,data/external/sen1floods11/flood_mask/USA_652955_LabelHand.tif,2764,EXISTING,USA_652955
flood_mask,v1.1/data/flood_events/HandLabeled/LabelHand/USA_655230_LabelHand.tif,data/external/sen1floods11/flood_mask/USA_655230_LabelHand.tif,1623,EXISTING,USA_655230
flood_mask,v1.1/data/flood_events/HandLabeled/LabelHand/USA_66026_LabelHand.tif,data/external/sen1floods11/flood_mask/USA_66026_LabelHand.tif,1436,EXISTING,USA_66026
flood_mask,v1.1/data/flood_events/HandLabeled/LabelHand/USA_664261_LabelHand.tif,data/external/sen1floods11/flood_mask/USA_664261_LabelHand.tif,2271,EXISTING,USA_664261
flood_mask,v1.1/data/flood_events/HandLabeled/LabelHand/USA_66511_LabelHand.tif,data/external/sen1floods11/flood_mask/USA_66511_LabelHand.tif,2576,EXISTING,USA_66511
flood_mask,v1.1/data/flood_events/HandLabeled/LabelHand/USA_670826_LabelHand.tif,data/external/sen1floods11/flood_mask/USA_670826_LabelHand.tif,2411,EXISTING,USA_670826
flood_mask,v1.1/data/flood_events/HandLabeled/LabelHand/USA_67102_LabelHand.tif,data/external/sen1floods11/flood_mask/USA_67102_LabelHand.tif,2413,EXISTING,USA_67102
flood_mask,v1.1/data/flood_events/HandLabeled/LabelHand/USA_693819_LabelHand.tif,data/external/sen1floods11/flood_mask/USA_693819_LabelHand.tif,2223,EXISTING,USA_693819
flood_mask,v1.1/data/flood_events/HandLabeled/LabelHand/USA_741073_LabelHand.tif,data/external/sen1floods11/flood_mask/USA_741073_LabelHand.tif,2450,EXISTING,USA_741073
flood_mask,v1.1/data/flood_events/HandLabeled/LabelHand/USA_741178_LabelHand.tif,data/external/sen1floods11/flood_mask/USA_741178_LabelHand.tif,1638,EXISTING,USA_741178
flood_mask,v1.1/data/flood_events/HandLabeled/LabelHand/USA_758178_LabelHand.tif,data/external/sen1floods11/flood_mask/USA_758178_LabelHand.tif,1763,EXISTING,USA_758178
flood_mask,v1.1/data/flood_events/HandLabeled/LabelHand/USA_761032_LabelHand.tif,data/external/sen1floods11/flood_mask/USA_761032_LabelHand.tif,4174,EXISTING,USA_761032
flood_mask,v1.1/data/flood_events/HandLabeled/LabelHand/USA_770353_LabelHand.tif,data/external/sen1floods11/flood_mask/USA_770353_LabelHand.tif,7847,EXISTING,USA_770353
flood_mask,v1.1/data/flood_events/HandLabeled/LabelHand/USA_778194_LabelHand.tif,data/external/sen1floods11/flood_mask/USA_778194_LabelHand.tif,2304,EXISTING,USA_778194
flood_mask,v1.1/data/flood_events/HandLabeled/LabelHand/USA_788696_LabelHand.tif,data/external/sen1floods11/flood_mask/USA_788696_LabelHand.tif,5776,EXISTING,USA_788696
flood_mask,v1.1/data/flood_events/HandLabeled/LabelHand/USA_806273_LabelHand.tif,data/external/sen1floods11/flood_mask/USA_806273_LabelHand.tif,3667,EXISTING,USA_806273
flood_mask,v1.1/data/flood_events/HandLabeled/LabelHand/USA_826217_LabelHand.tif,data/external/sen1floods11/flood_mask/USA_826217_LabelHand.tif,2133,EXISTING,USA_826217
flood_mask,v1.1/data/flood_events/HandLabeled/LabelHand/USA_831672_LabelHand.tif,data/external/sen1floods11/flood_mask/USA_831672_LabelHand.tif,6310,EXISTING,USA_831672
flood_mask,v1.1/data/flood_events/HandLabeled/LabelHand/USA_84195_LabelHand.tif,data/external/sen1floods11/flood_mask/USA_84195_LabelHand.tif,2207,EXISTING,USA_84195
flood_mask,v1.1/data/flood_events/HandLabeled/LabelHand/USA_86502_LabelHand.tif,data/external/sen1floods11/flood_mask/USA_86502_LabelHand.tif,10399,EXISTING,USA_86502
flood_mask,v1.1/data/flood_events/HandLabeled/LabelHand/USA_905409_LabelHand.tif,data/external/sen1floods11/flood_mask/USA_905409_LabelHand.tif,3954,EXISTING,USA_905409
flood_mask,v1.1/data/flood_events/HandLabeled/LabelHand/USA_908474_LabelHand.tif,data/external/sen1floods11/flood_mask/USA_908474_LabelHand.tif,1993,EXISTING,USA_908474
flood_mask,v1.1/data/flood_events/HandLabeled/LabelHand/USA_933610_LabelHand.tif,data/external/sen1floods11/flood_mask/USA_933610_LabelHand.tif,2280,EXISTING,USA_933610
flood_mask,v1.1/data/flood_events/HandLabeled/LabelHand/USA_955053_LabelHand.tif,data/external/sen1floods11/flood_mask/USA_955053_LabelHand.tif,8426,EXISTING,USA_955053
flood_mask,v1.1/data/flood_events/HandLabeled/LabelHand/USA_986268_LabelHand.tif,data/external/sen1floods11/flood_mask/USA_986268_LabelHand.tif,3304,EXISTING,USA_986268
flood_mask,v1.1/data/flood_events/HandLabeled/LabelHand/USA_994009_LabelHand.tif,data/external/sen1floods11/flood_mask/USA_994009_LabelHand.tif,2207,EXISTING,USA_994009
permanent_sar,v1.1/data/perm_water/S1Perm/sentinel_10_194_inhabited_167.78498987527377_-45.267540887186534.tif,data/external/sen1floods11/permanent_sar/sentinel_10_194_inhabited_167.78498987527377_-45.267540887186534.tif,1903656,EXISTING,sentinel_10_194_inhabited_167.78498987527377_-45.267540887186534
permanent_sar,v1.1/data/perm_water/S1Perm/sentinel_10_194_inhabited_169.08472865033218_-44.627307617033836.tif,data/external/sen1floods11/permanent_sar/sentinel_10_194_inhabited_169.08472865033218_-44.627307617033836.tif,1898776,EXISTING,sentinel_10_194_inhabited_169.08472865033218_-44.627307617033836
permanent_sar,v1.1/data/perm_water/S1Perm/sentinel_10_588_inhabited_-69.0890174214209_-16.10575129022326.tif,data/external/sen1floods11/permanent_sar/sentinel_10_588_inhabited_-69.0890174214209_-16.10575129022326.tif,1807184,EXISTING,sentinel_10_588_inhabited_-69.0890174214209_-16.10575129022326
permanent_sar,v1.1/data/perm_water/S1Perm/sentinel_10_589_inhabited_-69.26971803251075_-15.653179287904821.tif,data/external/sen1floods11/permanent_sar/sentinel_10_589_inhabited_-69.26971803251075_-15.653179287904821.tif,1809696,EXISTING,sentinel_10_589_inhabited_-69.26971803251075_-15.653179287904821
permanent_sar,v1.1/data/perm_water/S1Perm/sentinel_10_749_inhabited_85.60504168136961_48.73279303873935.tif,data/external/sen1floods11/permanent_sar/sentinel_10_749_inhabited_85.60504168136961_48.73279303873935.tif,1992948,EXISTING,sentinel_10_749_inhabited_85.60504168136961_48.73279303873935
permanent_sar,v1.1/data/perm_water/S1Perm/sentinel_10_749_inhabited_88.83010435467857_48.38121967528145.tif,data/external/sen1floods11/permanent_sar/sentinel_10_749_inhabited_88.83010435467857_48.38121967528145.tif,1918927,EXISTING,sentinel_10_749_inhabited_88.83010435467857_48.38121967528145
permanent_sar,v1.1/data/perm_water/S1Perm/sentinel_10_751_rural_85.61899420856585_28.867885787429604.tif,data/external/sen1floods11/permanent_sar/sentinel_10_751_rural_85.61899420856585_28.867885787429604.tif,1862620,EXISTING,sentinel_10_751_rural_85.61899420856585_28.867885787429604
permanent_sar,v1.1/data/perm_water/S1Perm/sentinel_10_754_inhabited_78.37066301877482_32.969638941553384.tif,data/external/sen1floods11/permanent_sar/sentinel_10_754_inhabited_78.37066301877482_32.969638941553384.tif,1841071,EXISTING,sentinel_10_754_inhabited_78.37066301877482_32.969638941553384
permanent_sar,v1.1/data/perm_water/S1Perm/sentinel_10_754_inhabited_78.51070554645935_33.89498267396236.tif,data/external/sen1floods11/permanent_sar/sentinel_10_754_inhabited_78.51070554645935_33.89498267396236.tif,1880069,EXISTING,sentinel_10_754_inhabited_78.51070554645935_33.89498267396236
permanent_sar,v1.1/data/perm_water/S1Perm/sentinel_10_764_inhabited_100.26516132826785_50.88880407088885.tif,data/external/sen1floods11/permanent_sar/sentinel_10_764_inhabited_100.26516132826785_50.88880407088885.tif,1968078,EXISTING,sentinel_10_764_inhabited_100.26516132826785_50.88880407088885
permanent_sar,v1.1/data/perm_water/S1Perm/sentinel_10_764_inhabited_100.61174941674798_51.43705946361214.tif,data/external/sen1floods11/permanent_sar/sentinel_10_764_inhabited_100.61174941674798_51.43705946361214.tif,1983831,EXISTING,sentinel_10_764_inhabited_100.61174941674798_51.43705946361214
permanent_sar,v1.1/data/perm_water/S1Perm/sentinel_10_769_inhabited_81.46284893979214_30.67961408634362.tif,data/external/sen1floods11/permanent_sar/sentinel_10_769_inhabited_81.46284893979214_30.67961408634362.tif,1885950,EXISTING,sentinel_10_769_inhabited_81.46284893979214_30.67961408634362
permanent_sar,v1.1/data/perm_water/S1Perm/sentinel_10_81_inhabited_25.74955169783489_-30.661884700555113.tif,data/external/sen1floods11/permanent_sar/sentinel_10_81_inhabited_25.74955169783489_-30.661884700555113.tif,1857658,EXISTING,sentinel_10_81_inhabited_25.74955169783489_-30.661884700555113
permanent_sar,v1.1/data/perm_water/S1Perm/sentinel_11_776_low_density_44.09069939626215_67.79091513644912.tif,data/external/sen1floods11/permanent_sar/sentinel_11_776_low_density_44.09069939626215_67.79091513644912.tif,2016195,EXISTING,sentinel_11_776_low_density_44.09069939626215_67.79091513644912
permanent_sar,v1.1/data/perm_water/S1Perm/sentinel_11_782_inhabited_112.31417408950186_54.79577031369496.tif,data/external/sen1floods11/permanent_sar/sentinel_11_782_inhabited_112.31417408950186_54.79577031369496.tif,1942893,EXISTING,sentinel_11_782_inhabited_112.31417408950186_54.79577031369496
permanent_sar,v1.1/data/perm_water/S1Perm/sentinel_11_782_inhabited_113.047972677059_55.130760280335075.tif,data/external/sen1floods11/permanent_sar/sentinel_11_782_inhabited_113.047972677059_55.130760280335075.tif,1952582,EXISTING,sentinel_11_782_inhabited_113.047972677059_55.130760280335075
permanent_sar,v1.1/data/perm_water/S1Perm/sentinel_12_198_inhabited_118.23150374674876_-34.91523837229395.tif,data/external/sen1floods11/permanent_sar/sentinel_12_198_inhabited_118.23150374674876_-34.91523837229395.tif,1854961,EXISTING,sentinel_12_198_inhabited_118.23150374674876_-34.91523837229395
permanent_sar,v1.1/data/perm_water/S1Perm/sentinel_12_198_inhabited_121.9903475707615_-34.039640371237205.tif,data/external/sen1floods11/permanent_sar/sentinel_12_198_inhabited_121.9903475707615_-34.039640371237205.tif,1883882,EXISTING,sentinel_12_198_inhabited_121.9903475707615_-34.039640371237205
permanent_sar,v1.1/data/perm_water/S1Perm/sentinel_12_198_inhabited_123.06634203226115_-34.120020126826624.tif,data/external/sen1floods11/permanent_sar/sentinel_12_198_inhabited_123.06634203226115_-34.120020126826624.tif,1856282,EXISTING,sentinel_12_198_inhabited_123.06634203226115_-34.120020126826624
permanent_sar,v1.1/data/perm_water/S1Perm/sentinel_12_199_inhabited_137.16886001062807_-33.67839521759439.tif,data/external/sen1floods11/permanent_sar/sentinel_12_199_inhabited_137.16886001062807_-33.67839521759439.tif,1846059,EXISTING,sentinel_12_199_inhabited_137.16886001062807_-33.67839521759439
permanent_sar,v1.1/data/perm_water/S1Perm/sentinel_12_199_inhabited_137.3014959714628_-33.4749130592225.tif,data/external/sen1floods11/permanent_sar/sentinel_12_199_inhabited_137.3014959714628_-33.4749130592225.tif,1847160,EXISTING,sentinel_12_199_inhabited_137.3014959714628_-33.4749130592225
permanent_sar,v1.1/data/perm_water/S1Perm/sentinel_12_199_inhabited_137.3573551303593_-34.50584830457708.tif,data/external/sen1floods11/permanent_sar/sentinel_12_199_inhabited_137.3573551303593_-34.50584830457708.tif,1878876,EXISTING,sentinel_12_199_inhabited_137.3573551303593_-34.50584830457708
permanent_sar,v1.1/data/perm_water/S1Perm/sentinel_12_200_inhabited_138.52378907942497_-35.031785896527865.tif,data/external/sen1floods11/permanent_sar/sentinel_12_200_inhabited_138.52378907942497_-35.031785896527865.tif,1860981,EXISTING,sentinel_12_200_inhabited_138.52378907942497_-35.031785896527865
permanent_sar,v1.1/data/perm_water/S1Perm/sentinel_12_201_inhabited_128.94500682427363_-31.699151869405586.tif,data/external/sen1floods11/permanent_sar/sentinel_12_201_inhabited_128.94500682427363_-31.699151869405586.tif,1847457,EXISTING,sentinel_12_201_inhabited_128.94500682427363_-31.699151869405586
permanent_sar,v1.1/data/perm_water/S1Perm/sentinel_12_202_inhabited_115.88115617248798_-34.639322576409874.tif,data/external/sen1floods11/permanent_sar/sentinel_12_202_inhabited_115.88115617248798_-34.639322576409874.tif,1847955,EXISTING,sentinel_12_202_inhabited_115.88115617248798_-34.639322576409874
permanent_sar,v1.1/data/perm_water/S1Perm/sentinel_12_202_inhabited_117.64411528318048_-35.05827741588638.tif,data/external/sen1floods11/permanent_sar/sentinel_12_202_inhabited_117.64411528318048_-35.05827741588638.tif,1856271,EXISTING,sentinel_12_202_inhabited_117.64411528318048_-35.05827741588638
permanent_sar,v1.1/data/perm_water/S1Perm/sentinel_12_203_inhabited_139.18925640243913_-35.38974469269428.tif,data/external/sen1floods11/permanent_sar/sentinel_12_203_inhabited_139.18925640243913_-35.38974469269428.tif,1895220,EXISTING,sentinel_12_203_inhabited_139.18925640243913_-35.38974469269428
permanent_sar,v1.1/data/perm_water/S1Perm/sentinel_12_203_rural_137.9848398306002_-35.73532502433634.tif,data/external/sen1floods11/permanent_sar/sentinel_12_203_rural_137.9848398306002_-35.73532502433634.tif,1882595,EXISTING,sentinel_12_203_rural_137.9848398306002_-35.73532502433634
permanent_sar,v1.1/data/perm_water/S1Perm/sentinel_12_204_inhabited_139.84022272882746_-36.598366196826575.tif,data/external/sen1floods11/permanent_sar/sentinel_12_204_inhabited_139.84022272882746_-36.598366196826575.tif,1889181,EXISTING,sentinel_12_204_inhabited_139.84022272882746_-36.598366196826575
permanent_sar,v1.1/data/perm_water/S1Perm/sentinel_12_204_inhabited_139.84125724027186_-36.52914757117393.tif,data/external/sen1floods11/permanent_sar/sentinel_12_204_inhabited_139.84125724027186_-36.52914757117393.tif,1861681,EXISTING,sentinel_12_204_inhabited_139.84125724027186_-36.52914757117393
permanent_sar,v1.1/data/perm_water/S1Perm/sentinel_12_205_inhabited_114.763585052766_-28.97651840729366.tif,data/external/sen1floods11/permanent_sar/sentinel_12_205_inhabited_114.763585052766_-28.97651840729366.tif,1857612,EXISTING,sentinel_12_205_inhabited_114.763585052766_-28.97651840729366
permanent_sar,v1.1/data/perm_water/S1Perm/sentinel_12_205_rural_114.8409192423359_-29.04707476326233.tif,data/external/sen1floods11/permanent_sar/sentinel_12_205_rural_114.8409192423359_-29.04707476326233.tif,1851950,EXISTING,sentinel_12_205_rural_114.8409192423359_-29.04707476326233
permanent_sar,v1.1/data/perm_water/S1Perm/sentinel_12_206_inhabited_118.14840839861779_-34.98530422714674.tif,data/external/sen1floods11/permanent_sar/sentinel_12_206_inhabited_118.14840839861779_-34.98530422714674.tif,1852782,EXISTING,sentinel_12_206_inhabited_118.14840839861779_-34.98530422714674
permanent_sar,v1.1/data/perm_water/S1Perm/sentinel_12_206_rural_118.06427853904242_-34.98607119252793.tif,data/external/sen1floods11/permanent_sar/sentinel_12_206_rural_118.06427853904242_-34.98607119252793.tif,1848932,EXISTING,sentinel_12_206_rural_118.06427853904242_-34.98607119252793
permanent_sar,v1.1/data/perm_water/S1Perm/sentinel_12_422_rural_-119.57284147553476_34.01382663523881.tif,data/external/sen1floods11/permanent_sar/sentinel_12_422_rural_-119.57284147553476_34.01382663523881.tif,1855996,EXISTING,sentinel_12_422_rural_-119.57284147553476_34.01382663523881
permanent_sar,v1.1/data/perm_water/S1Perm/sentinel_12_422_rural_-119.65593236456468_34.012060831221646.tif,data/external/sen1floods11/permanent_sar/sentinel_12_422_rural_-119.65593236456468_34.012060831221646.tif,1865922,EXISTING,sentinel_12_422_rural_-119.65593236456468_34.012060831221646
permanent_sar,v1.1/data/perm_water/S1Perm/sentinel_12_423_inhabited_-121.09519195248437_35.55701895051221.tif,data/external/sen1floods11/permanent_sar/sentinel_12_423_inhabited_-121.09519195248437_35.55701895051221.tif,1883114,EXISTING,sentinel_12_423_inhabited_-121.09519195248437_35.55701895051221
permanent_sar,v1.1/data/perm_water/S1Perm/sentinel_12_423_rural_-122.77934091115819_38.99803588783952.tif,data/external/sen1floods11/permanent_sar/sentinel_12_423_rural_-122.77934091115819_38.99803588783952.tif,1855258,EXISTING,sentinel_12_423_rural_-122.77934091115819_38.99803588783952
permanent_sar,v1.1/data/perm_water/S1Perm/sentinel_12_596_inhabited_-70.4525391779478_-25.114589085127356.tif,data/external/sen1floods11/permanent_sar/sentinel_12_596_inhabited_-70.4525391779478_-25.114589085127356.tif,1811250,EXISTING,sentinel_12_596_inhabited_-70.4525391779478_-25.114589085127356
permanent_sar,v1.1/data/perm_water/S1Perm/sentinel_12_596_inhabited_-70.67853533753855_-26.397155862028946.tif,data/external/sen1floods11/permanent_sar/sentinel_12_596_inhabited_-70.67853533753855_-26.397155862028946.tif,1860714,EXISTING,sentinel_12_596_inhabited_-70.67853533753855_-26.397155862028946
permanent_sar,v1.1/data/perm_water/S1Perm/sentinel_12_596_inhabited_-71.48739397312836_-29.015245699942835.tif,data/external/sen1floods11/permanent_sar/sentinel_12_596_inhabited_-71.48739397312836_-29.015245699942835.tif,1854577,EXISTING,sentinel_12_596_inhabited_-71.48739397312836_-29.015245699942835
permanent_sar,v1.1/data/perm_water/S1Perm/sentinel_12_785_high_density_23.639933153045423_37.940078490101065.tif,data/external/sen1floods11/permanent_sar/sentinel_12_785_high_density_23.639933153045423_37.940078490101065.tif,1806143,EXISTING,sentinel_12_785_high_density_23.639933153045423_37.940078490101065
permanent_sar,v1.1/data/perm_water/S1Perm/sentinel_12_785_low_density_22.769195572136947_37.96159365268394.tif,data/external/sen1floods11/permanent_sar/sentinel_12_785_low_density_22.769195572136947_37.96159365268394.tif,1842578,EXISTING,sentinel_12_785_low_density_22.769195572136947_37.96159365268394
permanent_sar,v1.1/data/perm_water/S1Perm/sentinel_12_785_low_density_26.76750204092183_40.36395218163212.tif,data/external/sen1floods11/permanent_sar/sentinel_12_785_low_density_26.76750204092183_40.36395218163212.tif,1851177,EXISTING,sentinel_12_785_low_density_26.76750204092183_40.36395218163212
permanent_sar,v1.1/data/perm_water/S1Perm/sentinel_12_785_low_density_28.685129530754132_36.95206655148695.tif,data/external/sen1floods11/permanent_sar/sentinel_12_785_low_density_28.685129530754132_36.95206655148695.tif,1861910,EXISTING,sentinel_12_785_low_density_28.685129530754132_36.95206655148695
permanent_sar,v1.1/data/perm_water/S1Perm/sentinel_12_785_rural_25.33243846709345_39.86784151662784.tif,data/external/sen1floods11/permanent_sar/sentinel_12_785_rural_25.33243846709345_39.86784151662784.tif,1903501,EXISTING,sentinel_12_785_rural_25.33243846709345_39.86784151662784
permanent_sar,v1.1/data/perm_water/S1Perm/sentinel_12_786_rural_28.615157317023456_40.18875410124223.tif,data/external/sen1floods11/permanent_sar/sentinel_12_786_rural_28.615157317023456_40.18875410124223.tif,1910931,EXISTING,sentinel_12_786_rural_28.615157317023456_40.18875410124223
permanent_sar,v1.1/data/perm_water/S1Perm/sentinel_12_787_inhabited_-16.83878737150028_28.360698715408567.tif,data/external/sen1floods11/permanent_sar/sentinel_12_787_inhabited_-16.83878737150028_28.360698715408567.tif,1819317,EXISTING,sentinel_12_787_inhabited_-16.83878737150028_28.360698715408567
permanent_sar,v1.1/data/perm_water/S1Perm/sentinel_12_789_high_density_25.16105737720532_35.32987234284967.tif,data/external/sen1floods11/permanent_sar/sentinel_12_789_high_density_25.16105737720532_35.32987234284967.tif,1796827,EXISTING,sentinel_12_789_high_density_25.16105737720532_35.32987234284967
permanent_sar,v1.1/data/perm_water/S1Perm/sentinel_12_789_inhabited_23.712068030787027_35.60459309965142.tif,data/external/sen1floods11/permanent_sar/sentinel_12_789_inhabited_23.712068030787027_35.60459309965142.tif,1808992,EXISTING,sentinel_12_789_inhabited_23.712068030787027_35.60459309965142
permanent_sar,v1.1/data/perm_water/S1Perm/sentinel_12_789_low_density_25.076597544151998_35.328556908038905.tif,data/external/sen1floods11/permanent_sar/sentinel_12_789_low_density_25.076597544151998_35.328556908038905.tif,1831551,EXISTING,sentinel_12_789_low_density_25.076597544151998_35.328556908038905
permanent_sar,v1.1/data/perm_water/S1Perm/sentinel_12_789_rural_24.982385657094795_35.41088974988972.tif,data/external/sen1floods11/permanent_sar/sentinel_12_789_rural_24.982385657094795_35.41088974988972.tif,1842884,EXISTING,sentinel_12_789_rural_24.982385657094795_35.41088974988972
permanent_sar,v1.1/data/perm_water/S1Perm/sentinel_12_790_rural_33.87407840822382_35.40498144099391.tif,data/external/sen1floods11/permanent_sar/sentinel_12_790_rural_33.87407840822382_35.40498144099391.tif,1841977,EXISTING,sentinel_12_790_rural_33.87407840822382_35.40498144099391
permanent_sar,v1.1/data/perm_water/S1Perm/sentinel_12_791_high_density_35.621613488372404_36.615551572286556.tif,data/external/sen1floods11/permanent_sar/sentinel_12_791_high_density_35.621613488372404_36.615551572286556.tif,1883498,EXISTING,sentinel_12_791_high_density_35.621613488372404_36.615551572286556
permanent_sar,v1.1/data/perm_water/S1Perm/sentinel_12_791_high_density_35.78470956850325_35.51959371537062.tif,data/external/sen1floods11/permanent_sar/sentinel_12_791_high_density_35.78470956850325_35.51959371537062.tif,1768357,EXISTING,sentinel_12_791_high_density_35.78470956850325_35.51959371537062
permanent_sar,v1.1/data/perm_water/S1Perm/sentinel_12_791_rural_31.179296491291705_36.83786005530609.tif,data/external/sen1floods11/permanent_sar/sentinel_12_791_rural_31.179296491291705_36.83786005530609.tif,1861867,EXISTING,sentinel_12_791_rural_31.179296491291705_36.83786005530609
permanent_sar,v1.1/data/perm_water/S1Perm/sentinel_12_793_low_density_-0.6147718031375297_38.16544591644328.tif,data/external/sen1floods11/permanent_sar/sentinel_12_793_low_density_-0.6147718031375297_38.16544591644328.tif,1929550,EXISTING,sentinel_12_793_low_density_-0.6147718031375297_38.16544591644328
permanent_sar,v1.1/data/perm_water/S1Perm/sentinel_12_793_rural_-3.6406464323890466_36.75669995703234.tif,data/external/sen1floods11/permanent_sar/sentinel_12_793_rural_-3.6406464323890466_36.75669995703234.tif,1860292,EXISTING,sentinel_12_793_rural_-3.6406464323890466_36.75669995703234
permanent_sar,v1.1/data/perm_water/S1Perm/sentinel_12_794_rural_17.373576279042148_43.10204088799529.tif,data/external/sen1floods11/permanent_sar/sentinel_12_794_rural_17.373576279042148_43.10204088799529.tif,1829745,EXISTING,sentinel_12_794_rural_17.373576279042148_43.10204088799529
permanent_sar,v1.1/data/perm_water/S1Perm/sentinel_12_795_low_density_10.204059700370784_43.92795112601348.tif,data/external/sen1floods11/permanent_sar/sentinel_12_795_low_density_10.204059700370784_43.92795112601348.tif,1901602,EXISTING,sentinel_12_795_low_density_10.204059700370784_43.92795112601348
permanent_sar,v1.1/data/perm_water/S1Perm/sentinel_12_795_low_density_13.299482928752898_41.27584726526391.tif,data/external/sen1floods11/permanent_sar/sentinel_12_795_low_density_13.299482928752898_41.27584726526391.tif,1918765,EXISTING,sentinel_12_795_low_density_13.299482928752898_41.27584726526391
permanent_sar,v1.1/data/perm_water/S1Perm/sentinel_12_795_low_density_7.134280762147038_43.589558865269574.tif,data/external/sen1floods11/permanent_sar/sentinel_12_795_low_density_7.134280762147038_43.589558865269574.tif,1882859,EXISTING,sentinel_12_795_low_density_7.134280762147038_43.589558865269574
permanent_sar,v1.1/data/perm_water/S1Perm/sentinel_12_795_low_density_9.292829022795956_44.3364939645302.tif,data/external/sen1floods11/permanent_sar/sentinel_12_795_low_density_9.292829022795956_44.3364939645302.tif,1886721,EXISTING,sentinel_12_795_low_density_9.292829022795956_44.3364939645302
permanent_sar,v1.1/data/perm_water/S1Perm/sentinel_12_795_rural_15.869771203373848_41.56341915130169.tif,data/external/sen1floods11/permanent_sar/sentinel_12_795_rural_15.869771203373848_41.56341915130169.tif,1879234,EXISTING,sentinel_12_795_rural_15.869771203373848_41.56341915130169
permanent_sar,v1.1/data/perm_water/S1Perm/sentinel_12_796_rural_-13.452697640949298_29.156750812772884.tif,data/external/sen1floods11/permanent_sar/sentinel_12_796_rural_-13.452697640949298_29.156750812772884.tif,1822555,EXISTING,sentinel_12_796_rural_-13.452697640949298_29.156750812772884
permanent_sar,v1.1/data/perm_water/S1Perm/sentinel_12_797_high_density_12.633672254957624_32.77276071184164.tif,data/external/sen1floods11/permanent_sar/sentinel_12_797_high_density_12.633672254957624_32.77276071184164.tif,1846244,EXISTING,sentinel_12_797_high_density_12.633672254957624_32.77276071184164
permanent_sar,v1.1/data/perm_water/S1Perm/sentinel_12_797_high_density_15.264644435814922_32.32062570142645.tif,data/external/sen1floods11/permanent_sar/sentinel_12_797_high_density_15.264644435814922_32.32062570142645.tif,1875344,EXISTING,sentinel_12_797_high_density_15.264644435814922_32.32062570142645
permanent_sar,v1.1/data/perm_water/S1Perm/sentinel_12_797_low_density_12.79755313687387_32.77575276864851.tif,data/external/sen1floods11/permanent_sar/sentinel_12_797_low_density_12.79755313687387_32.77575276864851.tif,1844121,EXISTING,sentinel_12_797_low_density_12.79755313687387_32.77575276864851
permanent_sar,v1.1/data/perm_water/S1Perm/sentinel_12_797_rural_12.551745191302663_32.77118664916978.tif,data/external/sen1floods11/permanent_sar/sentinel_12_797_rural_12.551745191302663_32.77118664916978.tif,1843436,EXISTING,sentinel_12_797_rural_12.551745191302663_32.77118664916978
permanent_sar,v1.1/data/perm_water/S1Perm/sentinel_12_798_high_density_-2.8763431345252637_35.12114628163892.tif,data/external/sen1floods11/permanent_sar/sentinel_12_798_high_density_-2.8763431345252637_35.12114628163892.tif,1851256,EXISTING,sentinel_12_798_high_density_-2.8763431345252637_35.12114628163892
permanent_sar,v1.1/data/perm_water/S1Perm/sentinel_12_798_low_density_-2.9605621761216963_35.25970838777369.tif,data/external/sen1floods11/permanent_sar/sentinel_12_798_low_density_-2.9605621761216963_35.25970838777369.tif,1813419,EXISTING,sentinel_12_798_low_density_-2.9605621761216963_35.25970838777369
permanent_sar,v1.1/data/perm_water/S1Perm/sentinel_12_798_low_density_-3.8884921871416775_35.18720340464466.tif,data/external/sen1floods11/permanent_sar/sentinel_12_798_low_density_-3.8884921871416775_35.18720340464466.tif,1848450,EXISTING,sentinel_12_798_low_density_-3.8884921871416775_35.18720340464466
permanent_sar,v1.1/data/perm_water/S1Perm/sentinel_12_798_low_density_10.713199858653235_34.65224059216171.tif,data/external/sen1floods11/permanent_sar/sentinel_12_798_low_density_10.713199858653235_34.65224059216171.tif,1876117,EXISTING,sentinel_12_798_low_density_10.713199858653235_34.65224059216171
permanent_sar,v1.1/data/perm_water/S1Perm/sentinel_12_798_rural_-2.370632024952913_35.11957667806809.tif,data/external/sen1floods11/permanent_sar/sentinel_12_798_rural_-2.370632024952913_35.11957667806809.tif,1865775,EXISTING,sentinel_12_798_rural_-2.370632024952913_35.11957667806809
permanent_sar,v1.1/data/perm_water/S1Perm/sentinel_12_798_rural_-3.466741491304659_35.189562269101934.tif,data/external/sen1floods11/permanent_sar/sentinel_12_798_rural_-3.466741491304659_35.189562269101934.tif,1825547,EXISTING,sentinel_12_798_rural_-3.466741491304659_35.189562269101934
permanent_sar,v1.1/data/perm_water/S1Perm/sentinel_12_798_rural_3.2926135951675968_36.78893479854769.tif,data/external/sen1floods11/permanent_sar/sentinel_12_798_rural_3.2926135951675968_36.78893479854769.tif,1846837,EXISTING,sentinel_12_798_rural_3.2926135951675968_36.78893479854769
permanent_sar,v1.1/data/perm_water/S1Perm/sentinel_12_799_high_density_5.873224688727276_43.0750588675209.tif,data/external/sen1floods11/permanent_sar/sentinel_12_799_high_density_5.873224688727276_43.0750588675209.tif,1872654,EXISTING,sentinel_12_799_high_density_5.873224688727276_43.0750588675209
permanent_sar,v1.1/data/perm_water/S1Perm/sentinel_12_799_low_density_5.038645958261185_43.507899347677835.tif,data/external/sen1floods11/permanent_sar/sentinel_12_799_low_density_5.038645958261185_43.507899347677835.tif,1908465,EXISTING,sentinel_12_799_low_density_5.038645958261185_43.507899347677835
permanent_sar,v1.1/data/perm_water/S1Perm/sentinel_12_799_low_density_6.6388701760081466_43.2606957034769.tif,data/external/sen1floods11/permanent_sar/sentinel_12_799_low_density_6.6388701760081466_43.2606957034769.tif,1876616,EXISTING,sentinel_12_799_low_density_6.6388701760081466_43.2606957034769
permanent_sar,v1.1/data/perm_water/S1Perm/sentinel_12_799_rural_1.8383357548999186_41.23834622540443.tif,data/external/sen1floods11/permanent_sar/sentinel_12_799_rural_1.8383357548999186_41.23834622540443.tif,1881002,EXISTING,sentinel_12_799_rural_1.8383357548999186_41.23834622540443
permanent_sar,v1.1/data/perm_water/S1Perm/sentinel_12_799_rural_3.206637667756107_41.94238923163196.tif,data/external/sen1floods11/permanent_sar/sentinel_12_799_rural_3.206637667756107_41.94238923163196.tif,1863936,EXISTING,sentinel_12_799_rural_3.206637667756107_41.94238923163196
permanent_sar,v1.1/data/perm_water/S1Perm/sentinel_12_801_inhabited_21.029160699960244_40.97624026548288.tif,data/external/sen1floods11/permanent_sar/sentinel_12_801_inhabited_21.029160699960244_40.97624026548288.tif,1879391,EXISTING,sentinel_12_801_inhabited_21.029160699960244_40.97624026548288
permanent_sar,v1.1/data/perm_water/S1Perm/sentinel_12_801_low_density_20.671527418170722_41.153279954607854.tif,data/external/sen1floods11/permanent_sar/sentinel_12_801_low_density_20.671527418170722_41.153279954607854.tif,1886756,EXISTING,sentinel_12_801_low_density_20.671527418170722_41.153279954607854
permanent_sar,v1.1/data/perm_water/S1Perm/sentinel_12_803_rural_-1.6508305556025193_37.37379941091976.tif,data/external/sen1floods11/permanent_sar/sentinel_12_803_rural_-1.6508305556025193_37.37379941091976.tif,1883478,EXISTING,sentinel_12_803_rural_-1.6508305556025193_37.37379941091976
permanent_sar,v1.1/data/perm_water/S1Perm/sentinel_12_804_low_density_36.21950759402265_36.7002299012915.tif,data/external/sen1floods11/permanent_sar/sentinel_12_804_low_density_36.21950759402265_36.7002299012915.tif,1844529,EXISTING,sentinel_12_804_low_density_36.21950759402265_36.7002299012915
permanent_sar,v1.1/data/perm_water/S1Perm/sentinel_12_804_rural_30.821698882310613_38.000949678581655.tif,data/external/sen1floods11/permanent_sar/sentinel_12_804_rural_30.821698882310613_38.000949678581655.tif,1934933,EXISTING,sentinel_12_804_rural_30.821698882310613_38.000949678581655
permanent_sar,v1.1/data/perm_water/S1Perm/sentinel_12_805_high_density_-6.247383399020867_36.46310382547134.tif,data/external/sen1floods11/permanent_sar/sentinel_12_805_high_density_-6.247383399020867_36.46310382547134.tif,1875143,EXISTING,sentinel_12_805_high_density_-6.247383399020867_36.46310382547134
permanent_sar,v1.1/data/perm_water/S1Perm/sentinel_12_805_low_density_-6.140512124072928_36.351336457566724.tif,data/external/sen1floods11/permanent_sar/sentinel_12_805_low_density_-6.140512124072928_36.351336457566724.tif,1850227,EXISTING,sentinel_12_805_low_density_-6.140512124072928_36.351336457566724
permanent_sar,v1.1/data/perm_water/S1Perm/sentinel_12_805_rural_-4.481285081186773_36.694116473747215.tif,data/external/sen1floods11/permanent_sar/sentinel_12_805_rural_-4.481285081186773_36.694116473747215.tif,1821068,EXISTING,sentinel_12_805_rural_-4.481285081186773_36.694116473747215
permanent_sar,v1.1/data/perm_water/S1Perm/sentinel_12_805_rural_-5.289394587799609_36.25872092868665.tif,data/external/sen1floods11/permanent_sar/sentinel_12_805_rural_-5.289394587799609_36.25872092868665.tif,1857300,EXISTING,sentinel_12_805_rural_-5.289394587799609_36.25872092868665
permanent_sar,v1.1/data/perm_water/S1Perm/sentinel_12_806_high_density_13.396758218233817_38.085253443098104.tif,data/external/sen1floods11/permanent_sar/sentinel_12_806_high_density_13.396758218233817_38.085253443098104.tif,1842011,EXISTING,sentinel_12_806_high_density_13.396758218233817_38.085253443098104
permanent_sar,v1.1/data/perm_water/S1Perm/sentinel_12_806_high_density_14.2220753958119_40.801505931602556.tif,data/external/sen1floods11/permanent_sar/sentinel_12_806_high_density_14.2220753958119_40.801505931602556.tif,1908893,EXISTING,sentinel_12_806_high_density_14.2220753958119_40.801505931602556
permanent_sar,v1.1/data/perm_water/S1Perm/sentinel_12_806_low_density_12.679841787265003_37.59692390943208.tif,data/external/sen1floods11/permanent_sar/sentinel_12_806_low_density_12.679841787265003_37.59692390943208.tif,1843924,EXISTING,sentinel_12_806_low_density_12.679841787265003_37.59692390943208
permanent_sar,v1.1/data/perm_water/S1Perm/sentinel_12_806_low_density_13.220008370677329_38.15191700384711.tif,data/external/sen1floods11/permanent_sar/sentinel_12_806_low_density_13.220008370677329_38.15191700384711.tif,1845867,EXISTING,sentinel_12_806_low_density_13.220008370677329_38.15191700384711
permanent_sar,v1.1/data/perm_water/S1Perm/sentinel_12_806_low_density_14.496760479805225_40.59547316742808.tif,data/external/sen1floods11/permanent_sar/sentinel_12_806_low_density_14.496760479805225_40.59547316742808.tif,1903637,EXISTING,sentinel_12_806_low_density_14.496760479805225_40.59547316742808
permanent_sar,v1.1/data/perm_water/S1Perm/sentinel_12_806_low_density_17.426421085626544_40.32802074534345.tif,data/external/sen1floods11/permanent_sar/sentinel_12_806_low_density_17.426421085626544_40.32802074534345.tif,1892356,EXISTING,sentinel_12_806_low_density_17.426421085626544_40.32802074534345
permanent_sar,v1.1/data/perm_water/S1Perm/sentinel_12_806_low_density_9.457579429417624_42.63138723090513.tif,data/external/sen1floods11/permanent_sar/sentinel_12_806_low_density_9.457579429417624_42.63138723090513.tif,1896509,EXISTING,sentinel_12_806_low_density_9.457579429417624_42.63138723090513
permanent_sar,v1.1/data/perm_water/S1Perm/sentinel_12_806_rural_14.419791936521696_44.89375228228038.tif,data/external/sen1floods11/permanent_sar/sentinel_12_806_rural_14.419791936521696_44.89375228228038.tif,1871241,EXISTING,sentinel_12_806_rural_14.419791936521696_44.89375228228038
permanent_sar,v1.1/data/perm_water/S1Perm/sentinel_12_806_rural_16.978740717163728_40.47491691134712.tif,data/external/sen1floods11/permanent_sar/sentinel_12_806_rural_16.978740717163728_40.47491691134712.tif,1913218,EXISTING,sentinel_12_806_rural_16.978740717163728_40.47491691134712
permanent_sar,v1.1/data/perm_water/S1Perm/sentinel_12_89_rural_17.917488507339375_-32.73284729831226.tif,data/external/sen1floods11/permanent_sar/sentinel_12_89_rural_17.917488507339375_-32.73284729831226.tif,1862848,EXISTING,sentinel_12_89_rural_17.917488507339375_-32.73284729831226
permanent_sar,v1.1/data/perm_water/S1Perm/sentinel_13_100_inhabited_43.30023901161886_-21.92411565868999.tif,data/external/sen1floods11/permanent_sar/sentinel_13_100_inhabited_43.30023901161886_-21.92411565868999.tif,175515,EXISTING,sentinel_13_100_inhabited_43.30023901161886_-21.92411565868999
permanent_sar,v1.1/data/perm_water/S1Perm/sentinel_13_100_inhabited_44.29070345581236_-20.332996925294164.tif,data/external/sen1floods11/permanent_sar/sentinel_13_100_inhabited_44.29070345581236_-20.332996925294164.tif,1802990,EXISTING,sentinel_13_100_inhabited_44.29070345581236_-20.332996925294164
permanent_sar,v1.1/data/perm_water/S1Perm/sentinel_13_101_inhabited_25.581630870364226_-30.620080628179053.tif,data/external/sen1floods11/permanent_sar/sentinel_13_101_inhabited_25.581630870364226_-30.620080628179053.tif,1861043,EXISTING,sentinel_13_101_inhabited_25.581630870364226_-30.620080628179053
permanent_sar,v1.1/data/perm_water/S1Perm/sentinel_13_102_inhabited_17.585263183352385_-30.84089085324464.tif,data/external/sen1floods11/permanent_sar/sentinel_13_102_inhabited_17.585263183352385_-30.84089085324464.tif,1853486,EXISTING,sentinel_13_102_inhabited_17.585263183352385_-30.84089085324464
permanent_sar,v1.1/data/perm_water/S1Perm/sentinel_13_104_inhabited_12.947503787099146_-13.005530069107639.tif,data/external/sen1floods11/permanent_sar/sentinel_13_104_inhabited_12.947503787099146_-13.005530069107639.tif,1803913,EXISTING,sentinel_13_104_inhabited_12.947503787099146_-13.005530069107639
permanent_sar,v1.1/data/perm_water/S1Perm/sentinel_13_104_rural_12.948640857867774_-12.866722712414917.tif,data/external/sen1floods11/permanent_sar/sentinel_13_104_rural_12.948640857867774_-12.866722712414917.tif,1812557,EXISTING,sentinel_13_104_rural_12.948640857867774_-12.866722712414917
permanent_sar,v1.1/data/perm_water/S1Perm/sentinel_13_105_inhabited_52.22514314739394_12.206419028420656.tif,data/external/sen1floods11/permanent_sar/sentinel_13_105_inhabited_52.22514314739394_12.206419028420656.tif,1797077,EXISTING,sentinel_13_105_inhabited_52.22514314739394_12.206419028420656
permanent_sar,v1.1/data/perm_water/S1Perm/sentinel_13_105_inhabited_53.51915197759867_12.402374224214334.tif,data/external/sen1floods11/permanent_sar/sentinel_13_105_inhabited_53.51915197759867_12.402374224214334.tif,1767674,EXISTING,sentinel_13_105_inhabited_53.51915197759867_12.402374224214334
permanent_sar,v1.1/data/perm_water/S1Perm/sentinel_13_106_rural_51.23629289778179_11.653419152176511.tif,data/external/sen1floods11/permanent_sar/sentinel_13_106_rural_51.23629289778179_11.653419152176511.tif,1797978,EXISTING,sentinel_13_106_rural_51.23629289778179_11.653419152176511
permanent_sar,v1.1/data/perm_water/S1Perm/sentinel_13_107_inhabited_42.80379837313662_13.716355368037446.tif,data/external/sen1floods11/permanent_sar/sentinel_13_107_inhabited_42.80379837313662_13.716355368037446.tif,1800839,EXISTING,sentinel_13_107_inhabited_42.80379837313662_13.716355368037446
permanent_sar,v1.1/data/perm_water/S1Perm/sentinel_13_107_inhabited_50.99689713952544_15.15569521977608.tif,data/external/sen1floods11/permanent_sar/sentinel_13_107_inhabited_50.99689713952544_15.15569521977608.tif,1781582,EXISTING,sentinel_13_107_inhabited_50.99689713952544_15.15569521977608
permanent_sar,v1.1/data/perm_water/S1Perm/sentinel_13_207_inhabited_114.71955142986323_-21.612504758873087.tif,data/external/sen1floods11/permanent_sar/sentinel_13_207_inhabited_114.71955142986323_-21.612504758873087.tif,1851999,EXISTING,sentinel_13_207_inhabited_114.71955142986323_-21.612504758873087
permanent_sar,v1.1/data/perm_water/S1Perm/sentinel_13_207_inhabited_115.32149885837102_-20.856602407393993.tif,data/external/sen1floods11/permanent_sar/sentinel_13_207_inhabited_115.32149885837102_-20.856602407393993.tif,1819910,EXISTING,sentinel_13_207_inhabited_115.32149885837102_-20.856602407393993
permanent_sar,v1.1/data/perm_water/S1Perm/sentinel_13_207_inhabited_115.54685736651115_-20.4423875923373.tif,data/external/sen1floods11/permanent_sar/sentinel_13_207_inhabited_115.54685736651115_-20.4423875923373.tif,1830744,EXISTING,sentinel_13_207_inhabited_115.54685736651115_-20.4423875923373
permanent_sar,v1.1/data/perm_water/S1Perm/sentinel_13_212_inhabited_131.4264430513036_-31.544010825554093.tif,data/external/sen1floods11/permanent_sar/sentinel_13_212_inhabited_131.4264430513036_-31.544010825554093.tif,1856527,EXISTING,sentinel_13_212_inhabited_131.4264430513036_-31.544010825554093
permanent_sar,v1.1/data/perm_water/S1Perm/sentinel_13_213_inhabited_116.17711562760726_-20.942101210992767.tif,data/external/sen1floods11/permanent_sar/sentinel_13_213_inhabited_116.17711562760726_-20.942101210992767.tif,1831125,EXISTING,sentinel_13_213_inhabited_116.17711562760726_-20.942101210992767
permanent_sar,v1.1/data/perm_water/S1Perm/sentinel_13_215_inhabited_137.56798968682094_-32.99802111975856.tif,data/external/sen1floods11/permanent_sar/sentinel_13_215_inhabited_137.56798968682094_-32.99802111975856.tif,1818510,EXISTING,sentinel_13_215_inhabited_137.56798968682094_-32.99802111975856
permanent_sar,v1.1/data/perm_water/S1Perm/sentinel_13_314_inhabited_68.59733018466164_23.740829232581753.tif,data/external/sen1floods11/permanent_sar/sentinel_13_314_inhabited_68.59733018466164_23.740829232581753.tif,1850348,EXISTING,sentinel_13_314_inhabited_68.59733018466164_23.740829232581753
permanent_sar,v1.1/data/perm_water/S1Perm/sentinel_13_314_inhabited_68.9690408484769_22.230504951173312.tif,data/external/sen1floods11/permanent_sar/sentinel_13_314_inhabited_68.9690408484769_22.230504951173312.tif,1844195,EXISTING,sentinel_13_314_inhabited_68.9690408484769_22.230504951173312
permanent_sar,v1.1/data/perm_water/S1Perm/sentinel_13_314_low_density_71.77441293063552_21.041093254379266.tif,data/external/sen1floods11/permanent_sar/sentinel_13_314_low_density_71.77441293063552_21.041093254379266.tif,1841563,EXISTING,sentinel_13_314_low_density_71.77441293063552_21.041093254379266
permanent_sar,v1.1/data/perm_water/S1Perm/sentinel_13_315_inhabited_79.67992643368339_9.48629158110076.tif,data/external/sen1floods11/permanent_sar/sentinel_13_315_inhabited_79.67992643368339_9.48629158110076.tif,1797637,EXISTING,sentinel_13_315_inhabited_79.67992643368339_9.48629158110076
permanent_sar,v1.1/data/perm_water/S1Perm/sentinel_13_315_inhabited_79.75135231435749_9.069856133719451.tif,data/external/sen1floods11/permanent_sar/sentinel_13_315_inhabited_79.75135231435749_9.069856133719451.tif,1778171,EXISTING,sentinel_13_315_inhabited_79.75135231435749_9.069856133719451
permanent_sar,v1.1/data/perm_water/S1Perm/sentinel_13_315_low_density_79.95910629153859_9.695592866347404.tif,data/external/sen1floods11/permanent_sar/sentinel_13_315_low_density_79.95910629153859_9.695592866347404.tif,1812085,EXISTING,sentinel_13_315_low_density_79.95910629153859_9.695592866347404
permanent_sar,v1.1/data/perm_water/S1Perm/sentinel_13_315_rural_79.95932032838915_9.626137908338933.tif,data/external/sen1floods11/permanent_sar/sentinel_13_315_rural_79.95932032838915_9.626137908338933.tif,1812483,EXISTING,sentinel_13_315_rural_79.95932032838915_9.626137908338933
permanent_sar,v1.1/data/perm_water/S1Perm/sentinel_13_316_rural_80.25336682915653_13.591210696972489.tif,data/external/sen1floods11/permanent_sar/sentinel_13_316_rural_80.25336682915653_13.591210696972489.tif,1822218,EXISTING,sentinel_13_316_rural_80.25336682915653_13.591210696972489
permanent_sar,v1.1/data/perm_water/S1Perm/sentinel_13_316_rural_81.34881188945131_16.32315030298296.tif,data/external/sen1floods11/permanent_sar/sentinel_13_316_rural_81.34881188945131_16.32315030298296.tif,1814517,EXISTING,sentinel_13_316_rural_81.34881188945131_16.32315030298296
permanent_sar,v1.1/data/perm_water/S1Perm/sentinel_13_426_inhabited_-111.28446509693698_24.26158089000737.tif,data/external/sen1floods11/permanent_sar/sentinel_13_426_inhabited_-111.28446509693698_24.26158089000737.tif,1805157,EXISTING,sentinel_13_426_inhabited_-111.28446509693698_24.26158089000737
permanent_sar,v1.1/data/perm_water/S1Perm/sentinel_13_426_inhabited_-115.78033143856852_30.04754988932082.tif,data/external/sen1floods11/permanent_sar/sentinel_13_426_inhabited_-115.78033143856852_30.04754988932082.tif,1858623,EXISTING,sentinel_13_426_inhabited_-115.78033143856852_30.04754988932082
permanent_sar,v1.1/data/perm_water/S1Perm/sentinel_13_426_rural_-110.98184820394486_24.053746649007316.tif,data/external/sen1floods11/permanent_sar/sentinel_13_426_rural_-110.98184820394486_24.053746649007316.tif,1836910,EXISTING,sentinel_13_426_rural_-110.98184820394486_24.053746649007316
permanent_sar,v1.1/data/perm_water/S1Perm/sentinel_13_430_rural_-118.94816600895757_37.946579859436994.tif,data/external/sen1floods11/permanent_sar/sentinel_13_430_rural_-118.94816600895757_37.946579859436994.tif,1901992,EXISTING,sentinel_13_430_rural_-118.94816600895757_37.946579859436994
permanent_sar,v1.1/data/perm_water/S1Perm/sentinel_13_430_rural_-119.54643467909625_39.909088201372214.tif,data/external/sen1floods11/permanent_sar/sentinel_13_430_rural_-119.54643467909625_39.909088201372214.tif,1903091,EXISTING,sentinel_13_430_rural_-119.54643467909625_39.909088201372214
permanent_sar,v1.1/data/perm_water/S1Perm/sentinel_13_431_inhabited_-110.8264752868386_25.633962880327466.tif,data/external/sen1floods11/permanent_sar/sentinel_13_431_inhabited_-110.8264752868386_25.633962880327466.tif,1837915,EXISTING,sentinel_13_431_inhabited_-110.8264752868386_25.633962880327466
permanent_sar,v1.1/data/perm_water/S1Perm/sentinel_13_431_inhabited_-110.90636008221107_23.98435411841359.tif,data/external/sen1floods11/permanent_sar/sentinel_13_431_inhabited_-110.90636008221107_23.98435411841359.tif,1823439,EXISTING,sentinel_13_431_inhabited_-110.90636008221107_23.98435411841359
permanent_sar,v1.1/data/perm_water/S1Perm/sentinel_13_431_inhabited_-111.05602089086788_25.70340892013383.tif,data/external/sen1floods11/permanent_sar/sentinel_13_431_inhabited_-111.05602089086788_25.70340892013383.tif,1838089,EXISTING,sentinel_13_431_inhabited_-111.05602089086788_25.70340892013383
permanent_sar,v1.1/data/perm_water/S1Perm/sentinel_13_434_inhabited_-120.20977055180686_42.64160303141858.tif,data/external/sen1floods11/permanent_sar/sentinel_13_434_inhabited_-120.20977055180686_42.64160303141858.tif,1928662,EXISTING,sentinel_13_434_inhabited_-120.20977055180686_42.64160303141858
permanent_sar,v1.1/data/perm_water/S1Perm/sentinel_13_435_inhabited_-112.3906878044779_29.41297521840494.tif,data/external/sen1floods11/permanent_sar/sentinel_13_435_inhabited_-112.3906878044779_29.41297521840494.tif,1857464,EXISTING,sentinel_13_435_inhabited_-112.3906878044779_29.41297521840494
permanent_sar,v1.1/data/perm_water/S1Perm/sentinel_13_435_inhabited_-112.54067412751165_28.85688964423181.tif,data/external/sen1floods11/permanent_sar/sentinel_13_435_inhabited_-112.54067412751165_28.85688964423181.tif,1832433,EXISTING,sentinel_13_435_inhabited_-112.54067412751165_28.85688964423181
permanent_sar,v1.1/data/perm_water/S1Perm/sentinel_13_435_inhabited_-113.12211415027465_31.05412506562042.tif,data/external/sen1floods11/permanent_sar/sentinel_13_435_inhabited_-113.12211415027465_31.05412506562042.tif,1904788,EXISTING,sentinel_13_435_inhabited_-113.12211415027465_31.05412506562042
permanent_sar,v1.1/data/perm_water/S1Perm/sentinel_13_437_inhabited_-98.96692081116339_26.26950517617194.tif,data/external/sen1floods11/permanent_sar/sentinel_13_437_inhabited_-98.96692081116339_26.26950517617194.tif,1852614,EXISTING,sentinel_13_437_inhabited_-98.96692081116339_26.26950517617194
permanent_sar,v1.1/data/perm_water/S1Perm/sentinel_13_597_high_density_-63.788207534924474_10.99300399065591.tif,data/external/sen1floods11/permanent_sar/sentinel_13_597_high_density_-63.788207534924474_10.99300399065591.tif,1792366,EXISTING,sentinel_13_597_high_density_-63.788207534924474_10.99300399065591
permanent_sar,v1.1/data/perm_water/S1Perm/sentinel_13_597_rural_-63.858906582126856_11.13171324712545.tif,data/external/sen1floods11/permanent_sar/sentinel_13_597_rural_-63.858906582126856_11.13171324712545.tif,1784501,EXISTING,sentinel_13_597_rural_-63.858906582126856_11.13171324712545
permanent_sar,v1.1/data/perm_water/S1Perm/sentinel_13_597_rural_-64.37010238599495_10.993704069521302.tif,data/external/sen1floods11/permanent_sar/sentinel_13_597_rural_-64.37010238599495_10.993704069521302.tif,1767998,EXISTING,sentinel_13_597_rural_-64.37010238599495_10.993704069521302
permanent_sar,v1.1/data/perm_water/S1Perm/sentinel_13_599_low_density_-60.93426246499067_14.07841207807198.tif,data/external/sen1floods11/permanent_sar/sentinel_13_599_low_density_-60.93426246499067_14.07841207807198.tif,1789170,EXISTING,sentinel_13_599_low_density_-60.93426246499067_14.07841207807198
permanent_sar,v1.1/data/perm_water/S1Perm/sentinel_13_599_rural_-61.197978160392516_13.13017532085461.tif,data/external/sen1floods11/permanent_sar/sentinel_13_599_rural_-61.197978160392516_13.13017532085461.tif,1782864,EXISTING,sentinel_13_599_rural_-61.197978160392516_13.13017532085461
permanent_sar,v1.1/data/perm_water/S1Perm/sentinel_13_599_rural_-64.76319443936147_18.33583690907261.tif,data/external/sen1floods11/permanent_sar/sentinel_13_599_rural_-64.76319443936147_18.33583690907261.tif,1795697,EXISTING,sentinel_13_599_rural_-64.76319443936147_18.33583690907261
permanent_sar,v1.1/data/perm_water/S1Perm/sentinel_13_601_inhabited_-90.44359439805953_0.35473486610478006.tif,data/external/sen1floods11/permanent_sar/sentinel_13_601_inhabited_-90.44359439805953_0.35473486610478006.tif,1757014,EXISTING,sentinel_13_601_inhabited_-90.44359439805953_0.35473486610478006
permanent_sar,v1.1/data/perm_water/S1Perm/sentinel_13_601_inhabited_-90.58134048870153_-0.26944118115446714.tif,data/external/sen1floods11/permanent_sar/sentinel_13_601_inhabited_-90.58134048870153_-0.26944118115446714.tif,1763921,EXISTING,sentinel_13_601_inhabited_-90.58134048870153_-0.26944118115446714
permanent_sar,v1.1/data/perm_water/S1Perm/sentinel_13_601_inhabited_-90.7192337296783_0.5626315345195873.tif,data/external/sen1floods11/permanent_sar/sentinel_13_601_inhabited_-90.7192337296783_0.5626315345195873.tif,1766318,EXISTING,sentinel_13_601_inhabited_-90.7192337296783_0.5626315345195873
permanent_sar,v1.1/data/perm_water/S1Perm/sentinel_13_602_inhabited_-74.01337661968228_11.336145194021729.tif,data/external/sen1floods11/permanent_sar/sentinel_13_602_inhabited_-74.01337661968228_11.336145194021729.tif,1740786,EXISTING,sentinel_13_602_inhabited_-74.01337661968228_11.336145194021729
permanent_sar,v1.1/data/perm_water/S1Perm/sentinel_13_602_inhabited_-74.85805521403442_11.059935097468133.tif,data/external/sen1floods11/permanent_sar/sentinel_13_602_inhabited_-74.85805521403442_11.059935097468133.tif,1788327,EXISTING,sentinel_13_602_inhabited_-74.85805521403442_11.059935097468133
permanent_sar,v1.1/data/perm_water/S1Perm/sentinel_13_606_inhabited_-70.27111619248731_11.317604251841502.tif,data/external/sen1floods11/permanent_sar/sentinel_13_606_inhabited_-70.27111619248731_11.317604251841502.tif,1790605,EXISTING,sentinel_13_606_inhabited_-70.27111619248731_11.317604251841502
permanent_sar,v1.1/data/perm_water/S1Perm/sentinel_13_607_rural_-110.29973951579926_24.46831819214828.tif,data/external/sen1floods11/permanent_sar/sentinel_13_607_rural_-110.29973951579926_24.46831819214828.tif,1831861,EXISTING,sentinel_13_607_rural_-110.29973951579926_24.46831819214828
permanent_sar,v1.1/data/perm_water/S1Perm/sentinel_13_608_high_density_-77.0677359864632_-12.103476221500804.tif,data/external/sen1floods11/permanent_sar/sentinel_13_608_high_density_-77.0677359864632_-12.103476221500804.tif,1792060,EXISTING,sentinel_13_608_high_density_-77.0677359864632_-12.103476221500804
permanent_sar,v1.1/data/perm_water/S1Perm/sentinel_13_608_high_density_-77.20879073008686_-12.102388200843764.tif,data/external/sen1floods11/permanent_sar/sentinel_13_608_high_density_-77.20879073008686_-12.102388200843764.tif,1839844,EXISTING,sentinel_13_608_high_density_-77.20879073008686_-12.102388200843764
permanent_sar,v1.1/data/perm_water/S1Perm/sentinel_13_608_inhabited_-75.68831307557971_-14.815247313446543.tif,data/external/sen1floods11/permanent_sar/sentinel_13_608_inhabited_-75.68831307557971_-14.815247313446543.tif,1844208,EXISTING,sentinel_13_608_inhabited_-75.68831307557971_-14.815247313446543
permanent_sar,v1.1/data/perm_water/S1Perm/sentinel_13_608_inhabited_-77.86146043307762_-10.664069483246365.tif,data/external/sen1floods11/permanent_sar/sentinel_13_608_inhabited_-77.86146043307762_-10.664069483246365.tif,1831585,EXISTING,sentinel_13_608_inhabited_-77.86146043307762_-10.664069483246365
permanent_sar,v1.1/data/perm_water/S1Perm/sentinel_13_809_rural_35.47889550005583_31.58964526573506.tif,data/external/sen1floods11/permanent_sar/sentinel_13_809_rural_35.47889550005583_31.58964526573506.tif,1893241,EXISTING,sentinel_13_809_rural_35.47889550005583_31.58964526573506
permanent_sar,v1.1/data/perm_water/S1Perm/sentinel_13_811_inhabited_51.77666459984256_24.194226168595073.tif,data/external/sen1floods11/permanent_sar/sentinel_13_811_inhabited_51.77666459984256_24.194226168595073.tif,1864915,EXISTING,sentinel_13_811_inhabited_51.77666459984256_24.194226168595073
permanent_sar,v1.1/data/perm_water/S1Perm/sentinel_13_811_inhabited_52.16149393895706_23.956074499532637.tif,data/external/sen1floods11/permanent_sar/sentinel_13_811_inhabited_52.16149393895706_23.956074499532637.tif,1865231,EXISTING,sentinel_13_811_inhabited_52.16149393895706_23.956074499532637
permanent_sar,v1.1/data/perm_water/S1Perm/sentinel_13_815_inhabited_52.63782849078931_46.81578536395348.tif,data/external/sen1floods11/permanent_sar/sentinel_13_815_inhabited_52.63782849078931_46.81578536395348.tif,1917934,EXISTING,sentinel_13_815_inhabited_52.63782849078931_46.81578536395348
permanent_sar,v1.1/data/perm_water/S1Perm/sentinel_13_817_inhabited_58.64659647423817_45.7664117357429.tif,data/external/sen1floods11/permanent_sar/sentinel_13_817_inhabited_58.64659647423817_45.7664117357429.tif,887207,EXISTING,sentinel_13_817_inhabited_58.64659647423817_45.7664117357429
permanent_sar,v1.1/data/perm_water/S1Perm/sentinel_13_817_inhabited_73.80927910536501_46.18645459587645.tif,data/external/sen1floods11/permanent_sar/sentinel_13_817_inhabited_73.80927910536501_46.18645459587645.tif,1915640,EXISTING,sentinel_13_817_inhabited_73.80927910536501_46.18645459587645
permanent_sar,v1.1/data/perm_water/S1Perm/sentinel_13_821_inhabited_57.67932827372471_19.751338406579524.tif,data/external/sen1floods11/permanent_sar/sentinel_13_821_inhabited_57.67932827372471_19.751338406579524.tif,1829050,EXISTING,sentinel_13_821_inhabited_57.67932827372471_19.751338406579524
permanent_sar,v1.1/data/perm_water/S1Perm/sentinel_13_821_inhabited_58.99735828130433_21.244468394325878.tif,data/external/sen1floods11/permanent_sar/sentinel_13_821_inhabited_58.99735828130433_21.244468394325878.tif,1861734,EXISTING,sentinel_13_821_inhabited_58.99735828130433_21.244468394325878
permanent_sar,v1.1/data/perm_water/S1Perm/sentinel_13_826_inhabited_92.33536801998393_50.29058890996277.tif,data/external/sen1floods11/permanent_sar/sentinel_13_826_inhabited_92.33536801998393_50.29058890996277.tif,1974742,EXISTING,sentinel_13_826_inhabited_92.33536801998393_50.29058890996277
permanent_sar,v1.1/data/perm_water/S1Perm/sentinel_13_826_inhabited_93.01120275294736_50.23529605690004.tif,data/external/sen1floods11/permanent_sar/sentinel_13_826_inhabited_93.01120275294736_50.23529605690004.tif,1983892,EXISTING,sentinel_13_826_inhabited_93.01120275294736_50.23529605690004
permanent_sar,v1.1/data/perm_water/S1Perm/sentinel_13_826_rural_93.11622796005916_49.12998746507504.tif,data/external/sen1floods11/permanent_sar/sentinel_13_826_rural_93.11622796005916_49.12998746507504.tif,1939883,EXISTING,sentinel_13_826_rural_93.11622796005916_49.12998746507504
permanent_sar,v1.1/data/perm_water/S1Perm/sentinel_13_827_inhabited_83.19488864378002_48.178508941391804.tif,data/external/sen1floods11/permanent_sar/sentinel_13_827_inhabited_83.19488864378002_48.178508941391804.tif,1937426,EXISTING,sentinel_13_827_inhabited_83.19488864378002_48.178508941391804
permanent_sar,v1.1/data/perm_water/S1Perm/sentinel_13_827_inhabited_83.8604674443205_48.993088603633204.tif,data/external/sen1floods11/permanent_sar/sentinel_13_827_inhabited_83.8604674443205_48.993088603633204.tif,1949524,EXISTING,sentinel_13_827_inhabited_83.8604674443205_48.993088603633204
permanent_sar,v1.1/data/perm_water/S1Perm/sentinel_13_827_inhabited_84.32079828247194_48.013254656351094.tif,data/external/sen1floods11/permanent_sar/sentinel_13_827_inhabited_84.32079828247194_48.013254656351094.tif,1920573,EXISTING,sentinel_13_827_inhabited_84.32079828247194_48.013254656351094
permanent_sar,v1.1/data/perm_water/S1Perm/sentinel_13_830_inhabited_43.28201020651237_33.96244887290101.tif,data/external/sen1floods11/permanent_sar/sentinel_13_830_inhabited_43.28201020651237_33.96244887290101.tif,1868123,EXISTING,sentinel_13_830_inhabited_43.28201020651237_33.96244887290101
permanent_sar,v1.1/data/perm_water/S1Perm/sentinel_13_831_inhabited_43.680573576871474_32.66180044122769.tif,data/external/sen1floods11/permanent_sar/sentinel_13_831_inhabited_43.680573576871474_32.66180044122769.tif,1866455,EXISTING,sentinel_13_831_inhabited_43.680573576871474_32.66180044122769
permanent_sar,v1.1/data/perm_water/S1Perm/sentinel_13_833_rural_32.38289704763781_30.28752978981517.tif,data/external/sen1floods11/permanent_sar/sentinel_13_833_rural_32.38289704763781_30.28752978981517.tif,1885507,EXISTING,sentinel_13_833_rural_32.38289704763781_30.28752978981517
permanent_sar,v1.1/data/perm_water/S1Perm/sentinel_13_836_rural_33.67699505986361_27.357186941532674.tif,data/external/sen1floods11/permanent_sar/sentinel_13_836_rural_33.67699505986361_27.357186941532674.tif,1874215,EXISTING,sentinel_13_836_rural_33.67699505986361_27.357186941532674
permanent_sar,v1.1/data/perm_water/S1Perm/sentinel_13_837_rural_34.441378621546356_28.018632155396627.tif,data/external/sen1floods11/permanent_sar/sentinel_13_837_rural_34.441378621546356_28.018632155396627.tif,1845710,EXISTING,sentinel_13_837_rural_34.441378621546356_28.018632155396627
permanent_sar,v1.1/data/perm_water/S1Perm/sentinel_13_839_inhabited_-16.166203323204822_23.12013128414419.tif,data/external/sen1floods11/permanent_sar/sentinel_13_839_inhabited_-16.166203323204822_23.12013128414419.tif,1846225,EXISTING,sentinel_13_839_inhabited_-16.166203323204822_23.12013128414419
permanent_sar,v1.1/data/perm_water/S1Perm/sentinel_13_839_inhabited_-16.361471817436275_19.402355780833688.tif,data/external/sen1floods11/permanent_sar/sentinel_13_839_inhabited_-16.361471817436275_19.402355780833688.tif,1822288,EXISTING,sentinel_13_839_inhabited_-16.361471817436275_19.402355780833688
permanent_sar,v1.1/data/perm_water/S1Perm/sentinel_13_840_inhabited_58.63707629348907_20.230803247351293.tif,data/external/sen1floods11/permanent_sar/sentinel_13_840_inhabited_58.63707629348907_20.230803247351293.tif,1836184,EXISTING,sentinel_13_840_inhabited_58.63707629348907_20.230803247351293
permanent_sar,v1.1/data/perm_water/S1Perm/sentinel_13_840_inhabited_58.78565354058989_20.36810342788795.tif,data/external/sen1floods11/permanent_sar/sentinel_13_840_inhabited_58.78565354058989_20.36810342788795.tif,1821689,EXISTING,sentinel_13_840_inhabited_58.78565354058989_20.36810342788795
permanent_sar,v1.1/data/perm_water/S1Perm/sentinel_13_840_rural_57.822090853051826_18.98732940938527.tif,data/external/sen1floods11/permanent_sar/sentinel_13_840_rural_57.822090853051826_18.98732940938527.tif,1816410,EXISTING,sentinel_13_840_rural_57.822090853051826_18.98732940938527
permanent_sar,v1.1/data/perm_water/S1Perm/sentinel_13_841_inhabited_48.862222905916674_30.302084295653614.tif,data/external/sen1floods11/permanent_sar/sentinel_13_841_inhabited_48.862222905916674_30.302084295653614.tif,1897287,EXISTING,sentinel_13_841_inhabited_48.862222905916674_30.302084295653614
permanent_sar,v1.1/data/perm_water/S1Perm/sentinel_13_841_inhabited_51.09270984386083_28.520597620084086.tif,data/external/sen1floods11/permanent_sar/sentinel_13_841_inhabited_51.09270984386083_28.520597620084086.tif,1852822,EXISTING,sentinel_13_841_inhabited_51.09270984386083_28.520597620084086
permanent_sar,v1.1/data/perm_water/S1Perm/sentinel_13_842_inhabited_32.96015443361271_23.348883168185964.tif,data/external/sen1floods11/permanent_sar/sentinel_13_842_inhabited_32.96015443361271_23.348883168185964.tif,1830264,EXISTING,sentinel_13_842_inhabited_32.96015443361271_23.348883168185964
permanent_sar,v1.1/data/perm_water/S1Perm/sentinel_13_92_inhabited_39.13785991957243_16.63427961988609.tif,data/external/sen1floods11/permanent_sar/sentinel_13_92_inhabited_39.13785991957243_16.63427961988609.tif,1825145,EXISTING,sentinel_13_92_inhabited_39.13785991957243_16.63427961988609
permanent_sar,v1.1/data/perm_water/S1Perm/sentinel_13_92_inhabited_39.88661433206285_16.33860108813315.tif,data/external/sen1floods11/permanent_sar/sentinel_13_92_inhabited_39.88661433206285_16.33860108813315.tif,1814369,EXISTING,sentinel_13_92_inhabited_39.88661433206285_16.33860108813315
permanent_sar,v1.1/data/perm_water/S1Perm/sentinel_13_92_inhabited_40.10037025926187_15.990501364395897.tif,data/external/sen1floods11/permanent_sar/sentinel_13_92_inhabited_40.10037025926187_15.990501364395897.tif,1843592,EXISTING,sentinel_13_92_inhabited_40.10037025926187_15.990501364395897
permanent_sar,v1.1/data/perm_water/S1Perm/sentinel_13_93_inhabited_42.81067876606208_12.9530063177991.tif,data/external/sen1floods11/permanent_sar/sentinel_13_93_inhabited_42.81067876606208_12.9530063177991.tif,1808640,EXISTING,sentinel_13_93_inhabited_42.81067876606208_12.9530063177991
permanent_sar,v1.1/data/perm_water/S1Perm/sentinel_13_95_inhabited_47.74632840819079_4.243329612570685.tif,data/external/sen1floods11/permanent_sar/sentinel_13_95_inhabited_47.74632840819079_4.243329612570685.tif,1784313,EXISTING,sentinel_13_95_inhabited_47.74632840819079_4.243329612570685
permanent_sar,v1.1/data/perm_water/S1Perm/sentinel_13_95_inhabited_48.02421066763942_4.589204244882268.tif,data/external/sen1floods11/permanent_sar/sentinel_13_95_inhabited_48.02421066763942_4.589204244882268.tif,1794103,EXISTING,sentinel_13_95_inhabited_48.02421066763942_4.589204244882268
permanent_sar,v1.1/data/perm_water/S1Perm/sentinel_13_95_rural_47.81570756148135_4.312476892606472.tif,data/external/sen1floods11/permanent_sar/sentinel_13_95_rural_47.81570756148135_4.312476892606472.tif,1785632,EXISTING,sentinel_13_95_rural_47.81570756148135_4.312476892606472
permanent_sar,v1.1/data/perm_water/S1Perm/sentinel_13_98_inhabited_11.863282284155884_-18.089623185305545.tif,data/external/sen1floods11/permanent_sar/sentinel_13_98_inhabited_11.863282284155884_-18.089623185305545.tif,1829588,EXISTING,sentinel_13_98_inhabited_11.863282284155884_-18.089623185305545
permanent_sar,v1.1/data/perm_water/S1Perm/sentinel_13_98_inhabited_12.67025917910115_-19.252422967012624.tif,data/external/sen1floods11/permanent_sar/sentinel_13_98_inhabited_12.67025917910115_-19.252422967012624.tif,1855315,EXISTING,sentinel_13_98_inhabited_12.67025917910115_-19.252422967012624
permanent_sar,v1.1/data/perm_water/S1Perm/sentinel_13_98_inhabited_12.955396395963747_-19.81080051912723.tif,data/external/sen1floods11/permanent_sar/sentinel_13_98_inhabited_12.955396395963747_-19.81080051912723.tif,1859940,EXISTING,sentinel_13_98_inhabited_12.955396395963747_-19.81080051912723
permanent_sar,v1.1/data/perm_water/S1Perm/sentinel_13_99_inhabited_43.23432903894787_-22.202822851833513.tif,data/external/sen1floods11/permanent_sar/sentinel_13_99_inhabited_43.23432903894787_-22.202822851833513.tif,177144,EXISTING,sentinel_13_99_inhabited_43.23432903894787_-22.202822851833513
permanent_sar,v1.1/data/perm_water/S1Perm/sentinel_13_99_inhabited_43.236411439139836_-22.272014722879838.tif,data/external/sen1floods11/permanent_sar/sentinel_13_99_inhabited_43.236411439139836_-22.272014722879838.tif,175892,EXISTING,sentinel_13_99_inhabited_43.236411439139836_-22.272014722879838
permanent_sar,v1.1/data/perm_water/S1Perm/sentinel_14_111_high_density_3.110102589050057_6.413681113708076.tif,data/external/sen1floods11/permanent_sar/sentinel_14_111_high_density_3.110102589050057_6.413681113708076.tif,1766858,EXISTING,sentinel_14_111_high_density_3.110102589050057_6.413681113708076
permanent_sar,v1.1/data/perm_water/S1Perm/sentinel_14_111_low_density_8.75099027648859_-0.6953031681627624.tif,data/external/sen1floods11/permanent_sar/sentinel_14_111_low_density_8.75099027648859_-0.6953031681627624.tif,1741090,EXISTING,sentinel_14_111_low_density_8.75099027648859_-0.6953031681627624
permanent_sar,v1.1/data/perm_water/S1Perm/sentinel_14_113_low_density_-11.810580168805213_7.170974704715846.tif,data/external/sen1floods11/permanent_sar/sentinel_14_113_low_density_-11.810580168805213_7.170974704715846.tif,1801547,EXISTING,sentinel_14_113_low_density_-11.810580168805213_7.170974704715846
permanent_sar,v1.1/data/perm_water/S1Perm/sentinel_14_319_low_density_100.57056070031729_7.19410852098112.tif,data/external/sen1floods11/permanent_sar/sentinel_14_319_low_density_100.57056070031729_7.19410852098112.tif,1813154,EXISTING,sentinel_14_319_low_density_100.57056070031729_7.19410852098112
permanent_sar,v1.1/data/perm_water/S1Perm/sentinel_14_321_low_density_98.51280595988045_13.194390835125287.tif,data/external/sen1floods11/permanent_sar/sentinel_14_321_low_density_98.51280595988045_13.194390835125287.tif,1780526,EXISTING,sentinel_14_321_low_density_98.51280595988045_13.194390835125287
permanent_sar,v1.1/data/perm_water/S1Perm/sentinel_14_322_high_density_112.61411106276083_-3.389242314995769.tif,data/external/sen1floods11/permanent_sar/sentinel_14_322_high_density_112.61411106276083_-3.389242314995769.tif,1732649,EXISTING,sentinel_14_322_high_density_112.61411106276083_-3.389242314995769
permanent_sar,v1.1/data/perm_water/S1Perm/sentinel_14_323_high_density_90.8606541195883_22.431708508906897.tif,data/external/sen1floods11/permanent_sar/sentinel_14_323_high_density_90.8606541195883_22.431708508906897.tif,1830301,EXISTING,sentinel_14_323_high_density_90.8606541195883_22.431708508906897
permanent_sar,v1.1/data/perm_water/S1Perm/sentinel_14_611_low_density_-69.87356503806734_12.413423876624773.tif,data/external/sen1floods11/permanent_sar/sentinel_14_611_low_density_-69.87356503806734_12.413423876624773.tif,1784378,EXISTING,sentinel_14_611_low_density_-69.87356503806734_12.413423876624773
permanent_sar,v1.1/data/perm_water/S1Perm/sentinel_14_612_high_density_-80.36923211092926_27.595655206769912.tif,data/external/sen1floods11/permanent_sar/sentinel_14_612_high_density_-80.36923211092926_27.595655206769912.tif,1835917,EXISTING,sentinel_14_612_high_density_-80.36923211092926_27.595655206769912
permanent_sar,v1.1/data/perm_water/S1Perm/sentinel_14_612_low_density_-81.83463094922423_26.368381282931054.tif,data/external/sen1floods11/permanent_sar/sentinel_14_612_low_density_-81.83463094922423_26.368381282931054.tif,1832782,EXISTING,sentinel_14_612_low_density_-81.83463094922423_26.368381282931054
permanent_sar,v1.1/data/perm_water/S1Perm/sentinel_14_613_low_density_-88.20434532654534_17.491559633815275.tif,data/external/sen1floods11/permanent_sar/sentinel_14_613_low_density_-88.20434532654534_17.491559633815275.tif,1799096,EXISTING,sentinel_14_613_low_density_-88.20434532654534_17.491559633815275
permanent_sar,v1.1/data/perm_water/S1Perm/sentinel_14_613_low_density_-92.21078519565171_18.593983187258697.tif,data/external/sen1floods11/permanent_sar/sentinel_14_613_low_density_-92.21078519565171_18.593983187258697.tif,1813367,EXISTING,sentinel_14_613_low_density_-92.21078519565171_18.593983187258697
permanent_sar,v1.1/data/perm_water/S1Perm/sentinel_14_616_high_density_-34.89682674404427_-8.153163057354156.tif,data/external/sen1floods11/permanent_sar/sentinel_14_616_high_density_-34.89682674404427_-8.153163057354156.tif,1769540,EXISTING,sentinel_14_616_high_density_-34.89682674404427_-8.153163057354156
permanent_sar,v1.1/data/perm_water/S1Perm/sentinel_14_616_low_density_-38.60327613067901_-12.991929810894629.tif,data/external/sen1floods11/permanent_sar/sentinel_14_616_low_density_-38.60327613067901_-12.991929810894629.tif,1801331,EXISTING,sentinel_14_616_low_density_-38.60327613067901_-12.991929810894629
permanent_sar,v1.1/data/perm_water/S1Perm/sentinel_14_616_low_density_-48.50788935890669_-27.56044168575085.tif,data/external/sen1floods11/permanent_sar/sentinel_14_616_low_density_-48.50788935890669_-27.56044168575085.tif,1829661,EXISTING,sentinel_14_616_low_density_-48.50788935890669_-27.56044168575085
permanent_sar,v1.1/data/perm_water/S1Perm/sentinel_1_10_inhabited_18.058708237702003_-0.8408170128398617.tif,data/external/sen1floods11/permanent_sar/sentinel_1_10_inhabited_18.058708237702003_-0.8408170128398617.tif,1835941,EXISTING,sentinel_1_10_inhabited_18.058708237702003_-0.8408170128398617
permanent_sar,v1.1/data/perm_water/S1Perm/sentinel_1_10_inhabited_18.081953531493618_-0.9595316601857515.tif,data/external/sen1floods11/permanent_sar/sentinel_1_10_inhabited_18.081953531493618_-0.9595316601857515.tif,1750477,EXISTING,sentinel_1_10_inhabited_18.081953531493618_-0.9595316601857515
permanent_sar,v1.1/data/perm_water/S1Perm/sentinel_1_10_inhabited_18.127587971674583_-0.9102630526462279.tif,data/external/sen1floods11/permanent_sar/sentinel_1_10_inhabited_18.127587971674583_-0.9102630526462279.tif,1828183,EXISTING,sentinel_1_10_inhabited_18.127587971674583_-0.9102630526462279
permanent_sar,v1.1/data/perm_water/S1Perm/sentinel_1_11_high_density_-1.6511828245857418_4.972843004015486.tif,data/external/sen1floods11/permanent_sar/sentinel_1_11_high_density_-1.6511828245857418_4.972843004015486.tif,1781865,EXISTING,sentinel_1_11_high_density_-1.6511828245857418_4.972843004015486
permanent_sar,v1.1/data/perm_water/S1Perm/sentinel_1_11_low_density_-1.4392685061217791_6.50029469257021.tif,data/external/sen1floods11/permanent_sar/sentinel_1_11_low_density_-1.4392685061217791_6.50029469257021.tif,1804695,EXISTING,sentinel_1_11_low_density_-1.4392685061217791_6.50029469257021
permanent_sar,v1.1/data/perm_water/S1Perm/sentinel_1_11_rural_-0.12052504237358863_6.494511238503891.tif,data/external/sen1floods11/permanent_sar/sentinel_1_11_rural_-0.12052504237358863_6.494511238503891.tif,1775903,EXISTING,sentinel_1_11_rural_-0.12052504237358863_6.494511238503891
permanent_sar,v1.1/data/perm_water/S1Perm/sentinel_1_11_rural_-0.39732819936729497_6.634816853150564.tif,data/external/sen1floods11/permanent_sar/sentinel_1_11_rural_-0.39732819936729497_6.634816853150564.tif,1794333,EXISTING,sentinel_1_11_rural_-0.39732819936729497_6.634816853150564
permanent_sar,v1.1/data/perm_water/S1Perm/sentinel_1_135_inhabited_147.2786052646174_-2.552291342769245.tif,data/external/sen1floods11/permanent_sar/sentinel_1_135_inhabited_147.2786052646174_-2.552291342769245.tif,1779134,EXISTING,sentinel_1_135_inhabited_147.2786052646174_-2.552291342769245
permanent_sar,v1.1/data/perm_water/S1Perm/sentinel_1_135_inhabited_147.7619272278004_-2.065763285928818.tif,data/external/sen1floods11/permanent_sar/sentinel_1_135_inhabited_147.7619272278004_-2.065763285928818.tif,1779769,EXISTING,sentinel_1_135_inhabited_147.7619272278004_-2.065763285928818
permanent_sar,v1.1/data/perm_water/S1Perm/sentinel_1_135_rural_147.7620699190341_-2.3436678408827256.tif,data/external/sen1floods11/permanent_sar/sentinel_1_135_rural_147.7620699190341_-2.3436678408827256.tif,1770952,EXISTING,sentinel_1_135_rural_147.7620699190341_-2.3436678408827256
permanent_sar,v1.1/data/perm_water/S1Perm/sentinel_1_13_inhabited_55.490685540066075_-4.66821951554933.tif,data/external/sen1floods11/permanent_sar/sentinel_1_13_inhabited_55.490685540066075_-4.66821951554933.tif,1677650,EXISTING,sentinel_1_13_inhabited_55.490685540066075_-4.66821951554933
permanent_sar,v1.1/data/perm_water/S1Perm/sentinel_1_13_inhabited_55.76817093952096_-4.321448603926004.tif,data/external/sen1floods11/permanent_sar/sentinel_1_13_inhabited_55.76817093952096_-4.321448603926004.tif,1733350,EXISTING,sentinel_1_13_inhabited_55.76817093952096_-4.321448603926004
permanent_sar,v1.1/data/perm_water/S1Perm/sentinel_1_146_inhabited_166.45031404346162_-21.697923298652896.tif,data/external/sen1floods11/permanent_sar/sentinel_1_146_inhabited_166.45031404346162_-21.697923298652896.tif,1817978,EXISTING,sentinel_1_146_inhabited_166.45031404346162_-21.697923298652896
permanent_sar,v1.1/data/perm_water/S1Perm/sentinel_1_146_inhabited_166.65906240017762_-20.44727922619293.tif,data/external/sen1floods11/permanent_sar/sentinel_1_146_inhabited_166.65906240017762_-20.44727922619293.tif,1809801,EXISTING,sentinel_1_146_inhabited_166.65906240017762_-20.44727922619293
permanent_sar,v1.1/data/perm_water/S1Perm/sentinel_1_146_rural_165.9289202754843_-21.424134493971316.tif,data/external/sen1floods11/permanent_sar/sentinel_1_146_rural_165.9289202754843_-21.424134493971316.tif,1813512,EXISTING,sentinel_1_146_rural_165.9289202754843_-21.424134493971316
permanent_sar,v1.1/data/perm_water/S1Perm/sentinel_1_150_inhabited_146.61389598878233_-18.73615716524677.tif,data/external/sen1floods11/permanent_sar/sentinel_1_150_inhabited_146.61389598878233_-18.73615716524677.tif,1787263,EXISTING,sentinel_1_150_inhabited_146.61389598878233_-18.73615716524677
permanent_sar,v1.1/data/perm_water/S1Perm/sentinel_1_152_rural_156.5748410406182_-8.001183516149558.tif,data/external/sen1floods11/permanent_sar/sentinel_1_152_rural_156.5748410406182_-8.001183516149558.tif,1787924,EXISTING,sentinel_1_152_rural_156.5748410406182_-8.001183516149558
permanent_sar,v1.1/data/perm_water/S1Perm/sentinel_1_152_rural_156.71449562651105_-7.93256241003808.tif,data/external/sen1floods11/permanent_sar/sentinel_1_152_rural_156.71449562651105_-7.93256241003808.tif,1801433,EXISTING,sentinel_1_152_rural_156.71449562651105_-7.93256241003808
permanent_sar,v1.1/data/perm_water/S1Perm/sentinel_1_152_rural_157.61693741590952_-8.769932537763628.tif,data/external/sen1floods11/permanent_sar/sentinel_1_152_rural_157.61693741590952_-8.769932537763628.tif,1772970,EXISTING,sentinel_1_152_rural_157.61693741590952_-8.769932537763628
permanent_sar,v1.1/data/perm_water/S1Perm/sentinel_1_159_rural_167.69762716743466_-16.50116207613757.tif,data/external/sen1floods11/permanent_sar/sentinel_1_159_rural_167.69762716743466_-16.50116207613757.tif,1108023,EXISTING,sentinel_1_159_rural_167.69762716743466_-16.50116207613757
permanent_sar,v1.1/data/perm_water/S1Perm/sentinel_1_159_rural_168.55481799934276_-16.929195645358895.tif,data/external/sen1floods11/permanent_sar/sentinel_1_159_rural_168.55481799934276_-16.929195645358895.tif,1799129,EXISTING,sentinel_1_159_rural_168.55481799934276_-16.929195645358895
permanent_sar,v1.1/data/perm_water/S1Perm/sentinel_1_159_rural_169.45186427646658_-19.517775152501088.tif,data/external/sen1floods11/permanent_sar/sentinel_1_159_rural_169.45186427646658_-19.517775152501088.tif,1802433,EXISTING,sentinel_1_159_rural_169.45186427646658_-19.517775152501088
permanent_sar,v1.1/data/perm_water/S1Perm/sentinel_1_16_inhabited_29.955447157061897_-31.329064318373796.tif,data/external/sen1floods11/permanent_sar/sentinel_1_16_inhabited_29.955447157061897_-31.329064318373796.tif,1837960,EXISTING,sentinel_1_16_inhabited_29.955447157061897_-31.329064318373796
permanent_sar,v1.1/data/perm_water/S1Perm/sentinel_1_16_rural_28.64504221228365_-32.44717053022219.tif,data/external/sen1floods11/permanent_sar/sentinel_1_16_rural_28.64504221228365_-32.44717053022219.tif,1838570,EXISTING,sentinel_1_16_rural_28.64504221228365_-32.44717053022219
permanent_sar,v1.1/data/perm_water/S1Perm/sentinel_1_18_inhabited_48.179284824975106_-13.731239847353846.tif,data/external/sen1floods11/permanent_sar/sentinel_1_18_inhabited_48.179284824975106_-13.731239847353846.tif,1823933,EXISTING,sentinel_1_18_inhabited_48.179284824975106_-13.731239847353846
permanent_sar,v1.1/data/perm_water/S1Perm/sentinel_1_18_rural_48.315363211823126_-13.313404242241756.tif,data/external/sen1floods11/permanent_sar/sentinel_1_18_rural_48.315363211823126_-13.313404242241756.tif,1783124,EXISTING,sentinel_1_18_rural_48.315363211823126_-13.313404242241756
permanent_sar,v1.1/data/perm_water/S1Perm/sentinel_1_19_inhabited_32.7021151738519_-27.399008850312946.tif,data/external/sen1floods11/permanent_sar/sentinel_1_19_inhabited_32.7021151738519_-27.399008850312946.tif,1841644,EXISTING,sentinel_1_19_inhabited_32.7021151738519_-27.399008850312946
permanent_sar,v1.1/data/perm_water/S1Perm/sentinel_1_19_rural_32.6478256185262_-26.116384105097673.tif,data/external/sen1floods11/permanent_sar/sentinel_1_19_rural_32.6478256185262_-26.116384105097673.tif,1828908,EXISTING,sentinel_1_19_rural_32.6478256185262_-26.116384105097673
permanent_sar,v1.1/data/perm_water/S1Perm/sentinel_1_19_rural_32.724477565634935_-26.185897031419834.tif,data/external/sen1floods11/permanent_sar/sentinel_1_19_rural_32.724477565634935_-26.185897031419834.tif,1840675,EXISTING,sentinel_1_19_rural_32.724477565634935_-26.185897031419834
permanent_sar,v1.1/data/perm_water/S1Perm/sentinel_1_1_high_density_29.21731432328078_-1.6766755053082918.tif,data/external/sen1floods11/permanent_sar/sentinel_1_1_high_density_29.21731432328078_-1.6766755053082918.tif,1750767,EXISTING,sentinel_1_1_high_density_29.21731432328078_-1.6766755053082918
permanent_sar,v1.1/data/perm_water/S1Perm/sentinel_1_1_inhabited_28.94160364604518_-1.9547405879001232.tif,data/external/sen1floods11/permanent_sar/sentinel_1_1_inhabited_28.94160364604518_-1.9547405879001232.tif,1776301,EXISTING,sentinel_1_1_inhabited_28.94160364604518_-1.9547405879001232
permanent_sar,v1.1/data/perm_water/S1Perm/sentinel_1_1_low_density_29.0793185229798_-1.676827114744109.tif,data/external/sen1floods11/permanent_sar/sentinel_1_1_low_density_29.0793185229798_-1.676827114744109.tif,1777894,EXISTING,sentinel_1_1_low_density_29.0793185229798_-1.676827114744109
permanent_sar,v1.1/data/perm_water/S1Perm/sentinel_1_20_high_density_55.522438798667665_-20.894972971958897.tif,data/external/sen1floods11/permanent_sar/sentinel_1_20_high_density_55.522438798667665_-20.894972971958897.tif,1781594,EXISTING,sentinel_1_20_high_density_55.522438798667665_-20.894972971958897
permanent_sar,v1.1/data/perm_water/S1Perm/sentinel_1_20_low_density_55.44881904027526_-20.896908221816087.tif,data/external/sen1floods11/permanent_sar/sentinel_1_20_low_density_55.44881904027526_-20.896908221816087.tif,1772912,EXISTING,sentinel_1_20_low_density_55.44881904027526_-20.896908221816087
permanent_sar,v1.1/data/perm_water/S1Perm/sentinel_1_20_low_density_55.74542060594627_-20.958131679279905.tif,data/external/sen1floods11/permanent_sar/sentinel_1_20_low_density_55.74542060594627_-20.958131679279905.tif,1770898,EXISTING,sentinel_1_20_low_density_55.74542060594627_-20.958131679279905
permanent_sar,v1.1/data/perm_water/S1Perm/sentinel_1_20_low_density_57.804419435577024_-20.18718877994754.tif,data/external/sen1floods11/permanent_sar/sentinel_1_20_low_density_57.804419435577024_-20.18718877994754.tif,150794,EXISTING,sentinel_1_20_low_density_57.804419435577024_-20.18718877994754
permanent_sar,v1.1/data/perm_water/S1Perm/sentinel_1_20_rural_55.747614483664584_-21.027287877517793.tif,data/external/sen1floods11/permanent_sar/sentinel_1_20_rural_55.747614483664584_-21.027287877517793.tif,1776461,EXISTING,sentinel_1_20_rural_55.747614483664584_-21.027287877517793
permanent_sar,v1.1/data/perm_water/S1Perm/sentinel_1_20_rural_57.73027350326031_-20.048720314934883.tif,data/external/sen1floods11/permanent_sar/sentinel_1_20_rural_57.73027350326031_-20.048720314934883.tif,150353,EXISTING,sentinel_1_20_rural_57.73027350326031_-20.048720314934883
permanent_sar,v1.1/data/perm_water/S1Perm/sentinel_1_219_inhabited_109.16345354895596_-1.2889923415196.tif,data/external/sen1floods11/permanent_sar/sentinel_1_219_inhabited_109.16345354895596_-1.2889923415196.tif,1825612,EXISTING,sentinel_1_219_inhabited_109.16345354895596_-1.2889923415196
permanent_sar,v1.1/data/perm_water/S1Perm/sentinel_1_219_inhabited_109.23250272876857_-1.219595351824822.tif,data/external/sen1floods11/permanent_sar/sentinel_1_219_inhabited_109.23250272876857_-1.219595351824822.tif,1789861,EXISTING,sentinel_1_219_inhabited_109.23250272876857_-1.219595351824822
permanent_sar,v1.1/data/perm_water/S1Perm/sentinel_1_219_inhabited_109.86543645049679_1.760894546904724.tif,data/external/sen1floods11/permanent_sar/sentinel_1_219_inhabited_109.86543645049679_1.760894546904724.tif,1797462,EXISTING,sentinel_1_219_inhabited_109.86543645049679_1.760894546904724
permanent_sar,v1.1/data/perm_water/S1Perm/sentinel_1_221_inhabited_110.76304457435333_1.5527793825382978.tif,data/external/sen1floods11/permanent_sar/sentinel_1_221_inhabited_110.76304457435333_1.5527793825382978.tif,1784708,EXISTING,sentinel_1_221_inhabited_110.76304457435333_1.5527793825382978
permanent_sar,v1.1/data/perm_water/S1Perm/sentinel_1_221_rural_114.04433651194624_4.569700136874496.tif,data/external/sen1floods11/permanent_sar/sentinel_1_221_rural_114.04433651194624_4.569700136874496.tif,1739947,EXISTING,sentinel_1_221_rural_114.04433651194624_4.569700136874496
permanent_sar,v1.1/data/perm_water/S1Perm/sentinel_1_221_rural_115.01174294459237_4.920225611584824.tif,data/external/sen1floods11/permanent_sar/sentinel_1_221_rural_115.01174294459237_4.920225611584824.tif,1787126,EXISTING,sentinel_1_221_rural_115.01174294459237_4.920225611584824
permanent_sar,v1.1/data/perm_water/S1Perm/sentinel_1_223_inhabited_102.39605870328434_12.03758854433509.tif,data/external/sen1floods11/permanent_sar/sentinel_1_223_inhabited_102.39605870328434_12.03758854433509.tif,1797664,EXISTING,sentinel_1_223_inhabited_102.39605870328434_12.03758854433509
permanent_sar,v1.1/data/perm_water/S1Perm/sentinel_1_223_inhabited_103.86730788216143_10.319612845069779.tif,data/external/sen1floods11/permanent_sar/sentinel_1_223_inhabited_103.86730788216143_10.319612845069779.tif,1794358,EXISTING,sentinel_1_223_inhabited_103.86730788216143_10.319612845069779
permanent_sar,v1.1/data/perm_water/S1Perm/sentinel_1_223_rural_104.00843397140194_10.042270136848606.tif,data/external/sen1floods11/permanent_sar/sentinel_1_223_rural_104.00843397140194_10.042270136848606.tif,1778278,EXISTING,sentinel_1_223_rural_104.00843397140194_10.042270136848606
permanent_sar,v1.1/data/perm_water/S1Perm/sentinel_1_230_rural_112.69785743964559_-8.44286639369548.tif,data/external/sen1floods11/permanent_sar/sentinel_1_230_rural_112.69785743964559_-8.44286639369548.tif,1798376,EXISTING,sentinel_1_230_rural_112.69785743964559_-8.44286639369548
permanent_sar,v1.1/data/perm_water/S1Perm/sentinel_1_230_rural_112.9709149517544_-7.191838838544918.tif,data/external/sen1floods11/permanent_sar/sentinel_1_230_rural_112.9709149517544_-7.191838838544918.tif,1765847,EXISTING,sentinel_1_230_rural_112.9709149517544_-7.191838838544918
permanent_sar,v1.1/data/perm_water/S1Perm/sentinel_1_231_low_density_123.30544348984797_9.286390080874783.tif,data/external/sen1floods11/permanent_sar/sentinel_1_231_low_density_123.30544348984797_9.286390080874783.tif,1769300,EXISTING,sentinel_1_231_low_density_123.30544348984797_9.286390080874783
permanent_sar,v1.1/data/perm_water/S1Perm/sentinel_1_231_rural_123.68949694537915_12.486174110311742.tif,data/external/sen1floods11/permanent_sar/sentinel_1_231_rural_123.68949694537915_12.486174110311742.tif,1782898,EXISTING,sentinel_1_231_rural_123.68949694537915_12.486174110311742
permanent_sar,v1.1/data/perm_water/S1Perm/sentinel_1_231_rural_123.74533826787146_11.145835220161716.tif,data/external/sen1floods11/permanent_sar/sentinel_1_231_rural_123.74533826787146_11.145835220161716.tif,1790448,EXISTING,sentinel_1_231_rural_123.74533826787146_11.145835220161716
permanent_sar,v1.1/data/perm_water/S1Perm/sentinel_1_231_rural_123.75996857842783_12.416540788261132.tif,data/external/sen1floods11/permanent_sar/sentinel_1_231_rural_123.75996857842783_12.416540788261132.tif,1766299,EXISTING,sentinel_1_231_rural_123.75996857842783_12.416540788261132
permanent_sar,v1.1/data/perm_water/S1Perm/sentinel_1_236_high_density_118.73601535813772_24.72477447103512.tif,data/external/sen1floods11/permanent_sar/sentinel_1_236_high_density_118.73601535813772_24.72477447103512.tif,1810587,EXISTING,sentinel_1_236_high_density_118.73601535813772_24.72477447103512
permanent_sar,v1.1/data/perm_water/S1Perm/sentinel_1_236_high_density_121.35740493083115_28.154772969659387.tif,data/external/sen1floods11/permanent_sar/sentinel_1_236_high_density_121.35740493083115_28.154772969659387.tif,1827098,EXISTING,sentinel_1_236_high_density_121.35740493083115_28.154772969659387
permanent_sar,v1.1/data/perm_water/S1Perm/sentinel_1_236_low_density_117.59575187315475_23.755258883590706.tif,data/external/sen1floods11/permanent_sar/sentinel_1_236_low_density_117.59575187315475_23.755258883590706.tif,1838156,EXISTING,sentinel_1_236_low_density_117.59575187315475_23.755258883590706
permanent_sar,v1.1/data/perm_water/S1Perm/sentinel_1_236_low_density_119.66547484081904_26.487853977456027.tif,data/external/sen1floods11/permanent_sar/sentinel_1_236_low_density_119.66547484081904_26.487853977456027.tif,1812597,EXISTING,sentinel_1_236_low_density_119.66547484081904_26.487853977456027
permanent_sar,v1.1/data/perm_water/S1Perm/sentinel_1_236_rural_115.325413949096_29.29518806407817.tif,data/external/sen1floods11/permanent_sar/sentinel_1_236_rural_115.325413949096_29.29518806407817.tif,1860028,EXISTING,sentinel_1_236_rural_115.325413949096_29.29518806407817
permanent_sar,v1.1/data/perm_water/S1Perm/sentinel_1_236_rural_119.64063318885032_25.37944631039888.tif,data/external/sen1floods11/permanent_sar/sentinel_1_236_rural_119.64063318885032_25.37944631039888.tif,1829353,EXISTING,sentinel_1_236_rural_119.64063318885032_25.37944631039888
permanent_sar,v1.1/data/perm_water/S1Perm/sentinel_1_236_rural_119.65287342124199_25.933672439432723.tif,data/external/sen1floods11/permanent_sar/sentinel_1_236_rural_119.65287342124199_25.933672439432723.tif,1812035,EXISTING,sentinel_1_236_rural_119.65287342124199_25.933672439432723
permanent_sar,v1.1/data/perm_water/S1Perm/sentinel_1_238_inhabited_92.29570431611354_20.79856274808234.tif,data/external/sen1floods11/permanent_sar/sentinel_1_238_inhabited_92.29570431611354_20.79856274808234.tif,1847332,EXISTING,sentinel_1_238_inhabited_92.29570431611354_20.79856274808234
permanent_sar,v1.1/data/perm_water/S1Perm/sentinel_1_239_inhabited_102.56681997812606_18.6035613363215.tif,data/external/sen1floods11/permanent_sar/sentinel_1_239_inhabited_102.56681997812606_18.6035613363215.tif,1835120,EXISTING,sentinel_1_239_inhabited_102.56681997812606_18.6035613363215
permanent_sar,v1.1/data/perm_water/S1Perm/sentinel_1_23_high_density_3.5269393555261783_6.5523680746723505.tif,data/external/sen1floods11/permanent_sar/sentinel_1_23_high_density_3.5269393555261783_6.5523680746723505.tif,1755625,EXISTING,sentinel_1_23_high_density_3.5269393555261783_6.5523680746723505
permanent_sar,v1.1/data/perm_water/S1Perm/sentinel_1_23_rural_3.7354380025832_6.621573323021831.tif,data/external/sen1floods11/permanent_sar/sentinel_1_23_rural_3.7354380025832_6.621573323021831.tif,1776170,EXISTING,sentinel_1_23_rural_3.7354380025832_6.621573323021831
permanent_sar,v1.1/data/perm_water/S1Perm/sentinel_1_241_low_density_120.31554934699672_16.515520381529665.tif,data/external/sen1floods11/permanent_sar/sentinel_1_241_low_density_120.31554934699672_16.515520381529665.tif,1817317,EXISTING,sentinel_1_241_low_density_120.31554934699672_16.515520381529665
permanent_sar,v1.1/data/perm_water/S1Perm/sentinel_1_241_low_density_121.14575369932936_13.653330433748039.tif,data/external/sen1floods11/permanent_sar/sentinel_1_241_low_density_121.14575369932936_13.653330433748039.tif,1771051,EXISTING,sentinel_1_241_low_density_121.14575369932936_13.653330433748039
permanent_sar,v1.1/data/perm_water/S1Perm/sentinel_1_241_low_density_124.04454840765872_12.90166868737078.tif,data/external/sen1floods11/permanent_sar/sentinel_1_241_low_density_124.04454840765872_12.90166868737078.tif,1790005,EXISTING,sentinel_1_241_low_density_124.04454840765872_12.90166868737078
permanent_sar,v1.1/data/perm_water/S1Perm/sentinel_1_241_rural_121.91163997806711_18.901384695681152.tif,data/external/sen1floods11/permanent_sar/sentinel_1_241_rural_121.91163997806711_18.901384695681152.tif,1783687,EXISTING,sentinel_1_241_rural_121.91163997806711_18.901384695681152
permanent_sar,v1.1/data/perm_water/S1Perm/sentinel_1_241_rural_122.25783566565457_16.531457208694686.tif,data/external/sen1floods11/permanent_sar/sentinel_1_241_rural_122.25783566565457_16.531457208694686.tif,1771271,EXISTING,sentinel_1_241_rural_122.25783566565457_16.531457208694686
permanent_sar,v1.1/data/perm_water/S1Perm/sentinel_1_241_rural_122.27914570958897_18.209091420729465.tif,data/external/sen1floods11/permanent_sar/sentinel_1_241_rural_122.27914570958897_18.209091420729465.tif,1769590,EXISTING,sentinel_1_241_rural_122.27914570958897_18.209091420729465
permanent_sar,v1.1/data/perm_water/S1Perm/sentinel_1_242_high_density_74.68823035041393_13.512021521364344.tif,data/external/sen1floods11/permanent_sar/sentinel_1_242_high_density_74.68823035041393_13.512021521364344.tif,1803379,EXISTING,sentinel_1_242_high_density_74.68823035041393_13.512021521364344
permanent_sar,v1.1/data/perm_water/S1Perm/sentinel_1_242_inhabited_74.75954475356171_13.164871586151474.tif,data/external/sen1floods11/permanent_sar/sentinel_1_242_inhabited_74.75954475356171_13.164871586151474.tif,1800708,EXISTING,sentinel_1_242_inhabited_74.75954475356171_13.164871586151474
permanent_sar,v1.1/data/perm_water/S1Perm/sentinel_1_242_low_density_74.61670191041563_13.859135783768783.tif,data/external/sen1floods11/permanent_sar/sentinel_1_242_low_density_74.61670191041563_13.859135783768783.tif,1805328,EXISTING,sentinel_1_242_low_density_74.61670191041563_13.859135783768783
permanent_sar,v1.1/data/perm_water/S1Perm/sentinel_1_242_low_density_74.688319532435_13.442575481557977.tif,data/external/sen1floods11/permanent_sar/sentinel_1_242_low_density_74.688319532435_13.442575481557977.tif,1829986,EXISTING,sentinel_1_242_low_density_74.688319532435_13.442575481557977
permanent_sar,v1.1/data/perm_water/S1Perm/sentinel_1_243_inhabited_120.3299968344099_13.806273140780181.tif,data/external/sen1floods11/permanent_sar/sentinel_1_243_inhabited_120.3299968344099_13.806273140780181.tif,1802339,EXISTING,sentinel_1_243_inhabited_120.3299968344099_13.806273140780181
permanent_sar,v1.1/data/perm_water/S1Perm/sentinel_1_243_inhabited_120.33157089708173_13.667537129704318.tif,data/external/sen1floods11/permanent_sar/sentinel_1_243_inhabited_120.33157089708173_13.667537129704318.tif,1802753,EXISTING,sentinel_1_243_inhabited_120.33157089708173_13.667537129704318
permanent_sar,v1.1/data/perm_water/S1Perm/sentinel_1_243_rural_120.04523418203576_13.872370395695413.tif,data/external/sen1floods11/permanent_sar/sentinel_1_243_rural_120.04523418203576_13.872370395695413.tif,1797864,EXISTING,sentinel_1_243_rural_120.04523418203576_13.872370395695413
permanent_sar,v1.1/data/perm_water/S1Perm/sentinel_1_245_inhabited_98.7689545607946_-1.4834626566624816.tif,data/external/sen1floods11/permanent_sar/sentinel_1_245_inhabited_98.7689545607946_-1.4834626566624816.tif,1788080,EXISTING,sentinel_1_245_inhabited_98.7689545607946_-1.4834626566624816
permanent_sar,v1.1/data/perm_water/S1Perm/sentinel_1_247_high_density_125.01146433918898_11.209435378487015.tif,data/external/sen1floods11/permanent_sar/sentinel_1_247_high_density_125.01146433918898_11.209435378487015.tif,1784631,EXISTING,sentinel_1_247_high_density_125.01146433918898_11.209435378487015
permanent_sar,v1.1/data/perm_water/S1Perm/sentinel_1_247_high_density_125.68405730568655_7.069039654634072.tif,data/external/sen1floods11/permanent_sar/sentinel_1_247_high_density_125.68405730568655_7.069039654634072.tif,1791225,EXISTING,sentinel_1_247_high_density_125.68405730568655_7.069039654634072
permanent_sar,v1.1/data/perm_water/S1Perm/sentinel_1_247_low_density_124.311470196718_11.907717226153474.tif,data/external/sen1floods11/permanent_sar/sentinel_1_247_low_density_124.311470196718_11.907717226153474.tif,1803740,EXISTING,sentinel_1_247_low_density_124.311470196718_11.907717226153474
permanent_sar,v1.1/data/perm_water/S1Perm/sentinel_1_247_low_density_124.51745391078086_10.865183858958884.tif,data/external/sen1floods11/permanent_sar/sentinel_1_247_low_density_124.51745391078086_10.865183858958884.tif,1800127,EXISTING,sentinel_1_247_low_density_124.51745391078086_10.865183858958884
permanent_sar,v1.1/data/perm_water/S1Perm/sentinel_1_247_low_density_125.2107415652675_9.040399312160387.tif,data/external/sen1floods11/permanent_sar/sentinel_1_247_low_density_125.2107415652675_9.040399312160387.tif,1766660,EXISTING,sentinel_1_247_low_density_125.2107415652675_9.040399312160387
permanent_sar,v1.1/data/perm_water/S1Perm/sentinel_1_247_low_density_125.4260893915426_11.830387495684622.tif,data/external/sen1floods11/permanent_sar/sentinel_1_247_low_density_125.4260893915426_11.830387495684622.tif,1790830,EXISTING,sentinel_1_247_low_density_125.4260893915426_11.830387495684622
permanent_sar,v1.1/data/perm_water/S1Perm/sentinel_1_247_rural_125.71947594535406_10.793677714465828.tif,data/external/sen1floods11/permanent_sar/sentinel_1_247_rural_125.71947594535406_10.793677714465828.tif,1796020,EXISTING,sentinel_1_247_rural_125.71947594535406_10.793677714465828
permanent_sar,v1.1/data/perm_water/S1Perm/sentinel_1_247_rural_125.78738359529702_11.002461743990267.tif,data/external/sen1floods11/permanent_sar/sentinel_1_247_rural_125.78738359529702_11.002461743990267.tif,1820999,EXISTING,sentinel_1_247_rural_125.78738359529702_11.002461743990267
permanent_sar,v1.1/data/perm_water/S1Perm/sentinel_1_247_rural_126.18743630540793_9.049201577639892.tif,data/external/sen1floods11/permanent_sar/sentinel_1_247_rural_126.18743630540793_9.049201577639892.tif,1765158,EXISTING,sentinel_1_247_rural_126.18743630540793_9.049201577639892
permanent_sar,v1.1/data/perm_water/S1Perm/sentinel_1_248_inhabited_120.97195131756924_13.465388242547405.tif,data/external/sen1floods11/permanent_sar/sentinel_1_248_inhabited_120.97195131756924_13.465388242547405.tif,1779356,EXISTING,sentinel_1_248_inhabited_120.97195131756924_13.465388242547405
permanent_sar,v1.1/data/perm_water/S1Perm/sentinel_1_248_inhabited_121.05200109968067_12.286009523123614.tif,data/external/sen1floods11/permanent_sar/sentinel_1_248_inhabited_121.05200109968067_12.286009523123614.tif,1792863,EXISTING,sentinel_1_248_inhabited_121.05200109968067_12.286009523123614
permanent_sar,v1.1/data/perm_water/S1Perm/sentinel_1_248_low_density_121.32892465240283_13.120913767966604.tif,data/external/sen1floods11/permanent_sar/sentinel_1_248_low_density_121.32892465240283_13.120913767966604.tif,1808103,EXISTING,sentinel_1_248_low_density_121.32892465240283_13.120913767966604
permanent_sar,v1.1/data/perm_water/S1Perm/sentinel_1_250_inhabited_97.61584886477769_16.13298302035665.tif,data/external/sen1floods11/permanent_sar/sentinel_1_250_inhabited_97.61584886477769_16.13298302035665.tif,1806555,EXISTING,sentinel_1_250_inhabited_97.61584886477769_16.13298302035665
permanent_sar,v1.1/data/perm_water/S1Perm/sentinel_1_250_inhabited_97.87776754245502_12.567467981617114.tif,data/external/sen1floods11/permanent_sar/sentinel_1_250_inhabited_97.87776754245502_12.567467981617114.tif,1814082,EXISTING,sentinel_1_250_inhabited_97.87776754245502_12.567467981617114
permanent_sar,v1.1/data/perm_water/S1Perm/sentinel_1_250_rural_97.68902271306477_15.925202288569235.tif,data/external/sen1floods11/permanent_sar/sentinel_1_250_rural_97.68902271306477_15.925202288569235.tif,1776959,EXISTING,sentinel_1_250_rural_97.68902271306477_15.925202288569235
permanent_sar,v1.1/data/perm_water/S1Perm/sentinel_1_251_high_density_127.87275354855782_26.337002588817956.tif,data/external/sen1floods11/permanent_sar/sentinel_1_251_high_density_127.87275354855782_26.337002588817956.tif,1827679,EXISTING,sentinel_1_251_high_density_127.87275354855782_26.337002588817956
permanent_sar,v1.1/data/perm_water/S1Perm/sentinel_1_251_inhabited_128.63902776908722_27.381083264078093.tif,data/external/sen1floods11/permanent_sar/sentinel_1_251_inhabited_128.63902776908722_27.381083264078093.tif,1822338,EXISTING,sentinel_1_251_inhabited_128.63902776908722_27.381083264078093
permanent_sar,v1.1/data/perm_water/S1Perm/sentinel_1_251_rural_128.2552819915287_26.68620816961646.tif,data/external/sen1floods11/permanent_sar/sentinel_1_251_rural_128.2552819915287_26.68620816961646.tif,1807796,EXISTING,sentinel_1_251_rural_128.2552819915287_26.68620816961646
permanent_sar,v1.1/data/perm_water/S1Perm/sentinel_1_251_rural_129.18340820299505_28.24313897523552.tif,data/external/sen1floods11/permanent_sar/sentinel_1_251_rural_129.18340820299505_28.24313897523552.tif,1839572,EXISTING,sentinel_1_251_rural_129.18340820299505_28.24313897523552
permanent_sar,v1.1/data/perm_water/S1Perm/sentinel_1_253_inhabited_73.71737257355244_21.243768315460485.tif,data/external/sen1floods11/permanent_sar/sentinel_1_253_inhabited_73.71737257355244_21.243768315460485.tif,1824149,EXISTING,sentinel_1_253_inhabited_73.71737257355244_21.243768315460485
permanent_sar,v1.1/data/perm_water/S1Perm/sentinel_1_256_inhabited_97.05513028461004_19.92052561874937.tif,data/external/sen1floods11/permanent_sar/sentinel_1_256_inhabited_97.05513028461004_19.92052561874937.tif,1838650,EXISTING,sentinel_1_256_inhabited_97.05513028461004_19.92052561874937
permanent_sar,v1.1/data/perm_water/S1Perm/sentinel_1_25_inhabited_39.63811754855641_-4.1517307587308.tif,data/external/sen1floods11/permanent_sar/sentinel_1_25_inhabited_39.63811754855641_-4.1517307587308.tif,1756174,EXISTING,sentinel_1_25_inhabited_39.63811754855641_-4.1517307587308
permanent_sar,v1.1/data/perm_water/S1Perm/sentinel_1_25_inhabited_39.91422062668473_-3.5262169811555206.tif,data/external/sen1floods11/permanent_sar/sentinel_1_25_inhabited_39.91422062668473_-3.5262169811555206.tif,1761040,EXISTING,sentinel_1_25_inhabited_39.91422062668473_-3.5262169811555206
permanent_sar,v1.1/data/perm_water/S1Perm/sentinel_1_25_inhabited_40.90613427872061_-2.2963077285940767.tif,data/external/sen1floods11/permanent_sar/sentinel_1_25_inhabited_40.90613427872061_-2.2963077285940767.tif,1775435,EXISTING,sentinel_1_25_inhabited_40.90613427872061_-2.2963077285940767
permanent_sar,v1.1/data/perm_water/S1Perm/sentinel_1_260_low_density_107.21168272235745_16.858362825124907.tif,data/external/sen1floods11/permanent_sar/sentinel_1_260_low_density_107.21168272235745_16.858362825124907.tif,1781695,EXISTING,sentinel_1_260_low_density_107.21168272235745_16.858362825124907
permanent_sar,v1.1/data/perm_water/S1Perm/sentinel_1_260_rural_108.05697667265494_16.269765945171102.tif,data/external/sen1floods11/permanent_sar/sentinel_1_260_rural_108.05697667265494_16.269765945171102.tif,1803974,EXISTING,sentinel_1_260_rural_108.05697667265494_16.269765945171102
permanent_sar,v1.1/data/perm_water/S1Perm/sentinel_1_261_inhabited_84.80127088008179_19.15115678208887.tif,data/external/sen1floods11/permanent_sar/sentinel_1_261_inhabited_84.80127088008179_19.15115678208887.tif,1812319,EXISTING,sentinel_1_261_inhabited_84.80127088008179_19.15115678208887
permanent_sar,v1.1/data/perm_water/S1Perm/sentinel_1_261_low_density_84.94551388095866_19.29157387426188.tif,data/external/sen1floods11/permanent_sar/sentinel_1_261_low_density_84.94551388095866_19.29157387426188.tif,1816371,EXISTING,sentinel_1_261_low_density_84.94551388095866_19.29157387426188
permanent_sar,v1.1/data/perm_water/S1Perm/sentinel_1_262_rural_119.24511984361175_10.090098454747867.tif,data/external/sen1floods11/permanent_sar/sentinel_1_262_rural_119.24511984361175_10.090098454747867.tif,1806880,EXISTING,sentinel_1_262_rural_119.24511984361175_10.090098454747867
permanent_sar,v1.1/data/perm_water/S1Perm/sentinel_1_262_rural_119.89103400850655_11.879932567489455.tif,data/external/sen1floods11/permanent_sar/sentinel_1_262_rural_119.89103400850655_11.879932567489455.tif,1797563,EXISTING,sentinel_1_262_rural_119.89103400850655_11.879932567489455
permanent_sar,v1.1/data/perm_water/S1Perm/sentinel_1_262_rural_120.2424646807307_11.952963724542792.tif,data/external/sen1floods11/permanent_sar/sentinel_1_262_rural_120.2424646807307_11.952963724542792.tif,1784232,EXISTING,sentinel_1_262_rural_120.2424646807307_11.952963724542792
permanent_sar,v1.1/data/perm_water/S1Perm/sentinel_1_265_high_density_100.25397344372473_5.300448699311101.tif,data/external/sen1floods11/permanent_sar/sentinel_1_265_high_density_100.25397344372473_5.300448699311101.tif,1758854,EXISTING,sentinel_1_265_high_density_100.25397344372473_5.300448699311101
permanent_sar,v1.1/data/perm_water/S1Perm/sentinel_1_265_high_density_103.93812286599122_1.3072434421313541.tif,data/external/sen1floods11/permanent_sar/sentinel_1_265_high_density_103.93812286599122_1.3072434421313541.tif,1739608,EXISTING,sentinel_1_265_high_density_103.93812286599122_1.3072434421313541
permanent_sar,v1.1/data/perm_water/S1Perm/sentinel_1_265_low_density_102.90251448273263_1.7926433464052591.tif,data/external/sen1floods11/permanent_sar/sentinel_1_265_low_density_102.90251448273263_1.7926433464052591.tif,1779725,EXISTING,sentinel_1_265_low_density_102.90251448273263_1.7926433464052591
permanent_sar,v1.1/data/perm_water/S1Perm/sentinel_1_265_low_density_103.38584536411771_1.5153140154872453.tif,data/external/sen1floods11/permanent_sar/sentinel_1_265_low_density_103.38584536411771_1.5153140154872453.tif,1759497,EXISTING,sentinel_1_265_low_density_103.38584536411771_1.5153140154872453
permanent_sar,v1.1/data/perm_water/S1Perm/sentinel_1_265_rural_102.83342963011157_1.8619912859884489.tif,data/external/sen1floods11/permanent_sar/sentinel_1_265_rural_102.83342963011157_1.8619912859884489.tif,1741862,EXISTING,sentinel_1_265_rural_102.83342963011157_1.8619912859884489
permanent_sar,v1.1/data/perm_water/S1Perm/sentinel_1_265_rural_103.59298398535344_1.376537872501903.tif,data/external/sen1floods11/permanent_sar/sentinel_1_265_rural_103.59298398535344_1.376537872501903.tif,1730557,EXISTING,sentinel_1_265_rural_103.59298398535344_1.376537872501903
permanent_sar,v1.1/data/perm_water/S1Perm/sentinel_1_268_high_density_110.43599180758834_21.26983622021893.tif,data/external/sen1floods11/permanent_sar/sentinel_1_268_high_density_110.43599180758834_21.26983622021893.tif,1831828,EXISTING,sentinel_1_268_high_density_110.43599180758834_21.26983622021893
permanent_sar,v1.1/data/perm_water/S1Perm/sentinel_1_268_high_density_117.06812428190473_23.61765102508136.tif,data/external/sen1floods11/permanent_sar/sentinel_1_268_high_density_117.06812428190473_23.61765102508136.tif,1846909,EXISTING,sentinel_1_268_high_density_117.06812428190473_23.61765102508136
permanent_sar,v1.1/data/perm_water/S1Perm/sentinel_1_268_low_density_110.0160648840822_18.381235016897747.tif,data/external/sen1floods11/permanent_sar/sentinel_1_268_low_density_110.0160648840822_18.381235016897747.tif,1811902,EXISTING,sentinel_1_268_low_density_110.0160648840822_18.381235016897747
permanent_sar,v1.1/data/perm_water/S1Perm/sentinel_1_268_low_density_110.36285363210972_21.061408918778763.tif,data/external/sen1floods11/permanent_sar/sentinel_1_268_low_density_110.36285363210972_21.061408918778763.tif,1808857,EXISTING,sentinel_1_268_low_density_110.36285363210972_21.061408918778763
permanent_sar,v1.1/data/perm_water/S1Perm/sentinel_1_268_rural_114.44477716384883_22.570631802227.tif,data/external/sen1floods11/permanent_sar/sentinel_1_268_rural_114.44477716384883_22.570631802227.tif,1860872,EXISTING,sentinel_1_268_rural_114.44477716384883_22.570631802227
permanent_sar,v1.1/data/perm_water/S1Perm/sentinel_1_269_inhabited_120.69347153857939_22.08313612045798.tif,data/external/sen1floods11/permanent_sar/sentinel_1_269_inhabited_120.69347153857939_22.08313612045798.tif,1819523,EXISTING,sentinel_1_269_inhabited_120.69347153857939_22.08313612045798
permanent_sar,v1.1/data/perm_water/S1Perm/sentinel_1_277_inhabited_100.1974944697818_2.6951787769258653.tif,data/external/sen1floods11/permanent_sar/sentinel_1_277_inhabited_100.1974944697818_2.6951787769258653.tif,1739482,EXISTING,sentinel_1_277_inhabited_100.1974944697818_2.6951787769258653
permanent_sar,v1.1/data/perm_water/S1Perm/sentinel_1_278_high_density_99.36868581607885_3.390513158796001.tif,data/external/sen1floods11/permanent_sar/sentinel_1_278_high_density_99.36868581607885_3.390513158796001.tif,1755065,EXISTING,sentinel_1_278_high_density_99.36868581607885_3.390513158796001
permanent_sar,v1.1/data/perm_water/S1Perm/sentinel_1_278_low_density_99.16129748518414_3.5295345523392836.tif,data/external/sen1floods11/permanent_sar/sentinel_1_278_low_density_99.16129748518414_3.5295345523392836.tif,1740010,EXISTING,sentinel_1_278_low_density_99.16129748518414_3.5295345523392836
permanent_sar,v1.1/data/perm_water/S1Perm/sentinel_1_278_rural_101.87822775704873_-3.423621984117837.tif,data/external/sen1floods11/permanent_sar/sentinel_1_278_rural_101.87822775704873_-3.423621984117837.tif,1785123,EXISTING,sentinel_1_278_rural_101.87822775704873_-3.423621984117837
permanent_sar,v1.1/data/perm_water/S1Perm/sentinel_1_278_rural_99.11581465443899_0.49112539002652905.tif,data/external/sen1floods11/permanent_sar/sentinel_1_278_rural_99.11581465443899_0.49112539002652905.tif,1777060,EXISTING,sentinel_1_278_rural_99.11581465443899_0.49112539002652905
permanent_sar,v1.1/data/perm_water/S1Perm/sentinel_1_279_inhabited_98.95389577698626_2.417840527805745.tif,data/external/sen1floods11/permanent_sar/sentinel_1_279_inhabited_98.95389577698626_2.417840527805745.tif,1823352,EXISTING,sentinel_1_279_inhabited_98.95389577698626_2.417840527805745
permanent_sar,v1.1/data/perm_water/S1Perm/sentinel_1_279_rural_98.95389577698627_2.487326699521592.tif,data/external/sen1floods11/permanent_sar/sentinel_1_279_rural_98.95389577698627_2.487326699521592.tif,1755377,EXISTING,sentinel_1_279_rural_98.95389577698627_2.487326699521592
permanent_sar,v1.1/data/perm_water/S1Perm/sentinel_1_280_rural_100.40428082203431_2.278190401013927.tif,data/external/sen1floods11/permanent_sar/sentinel_1_280_rural_100.40428082203431_2.278190401013927.tif,1735397,EXISTING,sentinel_1_280_rural_100.40428082203431_2.278190401013927
permanent_sar,v1.1/data/perm_water/S1Perm/sentinel_1_280_rural_102.2131062461625_1.4447130685080367.tif,data/external/sen1floods11/permanent_sar/sentinel_1_280_rural_102.2131062461625_1.4447130685080367.tif,1746864,EXISTING,sentinel_1_280_rural_102.2131062461625_1.4447130685080367
permanent_sar,v1.1/data/perm_water/S1Perm/sentinel_1_283_high_density_120.23353310132067_22.769240163147483.tif,data/external/sen1floods11/permanent_sar/sentinel_1_283_high_density_120.23353310132067_22.769240163147483.tif,1835860,EXISTING,sentinel_1_283_high_density_120.23353310132067_22.769240163147483
permanent_sar,v1.1/data/perm_water/S1Perm/sentinel_1_283_rural_120.30911932327763_23.936137858722685.tif,data/external/sen1floods11/permanent_sar/sentinel_1_283_rural_120.30911932327763_23.936137858722685.tif,1847806,EXISTING,sentinel_1_283_rural_120.30911932327763_23.936137858722685
permanent_sar,v1.1/data/perm_water/S1Perm/sentinel_1_284_inhabited_99.9091467001607_6.3430623303246545.tif,data/external/sen1floods11/permanent_sar/sentinel_1_284_inhabited_99.9091467001607_6.3430623303246545.tif,1785857,EXISTING,sentinel_1_284_inhabited_99.9091467001607_6.3430623303246545
permanent_sar,v1.1/data/perm_water/S1Perm/sentinel_1_284_low_density_98.56567752107115_9.997728176425733.tif,data/external/sen1floods11/permanent_sar/sentinel_1_284_low_density_98.56567752107115_9.997728176425733.tif,1783591,EXISTING,sentinel_1_284_low_density_98.56567752107115_9.997728176425733
permanent_sar,v1.1/data/perm_water/S1Perm/sentinel_1_284_rural_98.33081666858617_7.7921809906734945.tif,data/external/sen1floods11/permanent_sar/sentinel_1_284_rural_98.33081666858617_7.7921809906734945.tif,1792829,EXISTING,sentinel_1_284_rural_98.33081666858617_7.7921809906734945
permanent_sar,v1.1/data/perm_water/S1Perm/sentinel_1_284_rural_99.82717504549521_10.066438464558283.tif,data/external/sen1floods11/permanent_sar/sentinel_1_284_rural_99.82717504549521_10.066438464558283.tif,1830061,EXISTING,sentinel_1_284_rural_99.82717504549521_10.066438464558283
permanent_sar,v1.1/data/perm_water/S1Perm/sentinel_1_285_inhabited_104.26082800922909_12.639758927895578.tif,data/external/sen1floods11/permanent_sar/sentinel_1_285_inhabited_104.26082800922909_12.639758927895578.tif,1794967,EXISTING,sentinel_1_285_inhabited_104.26082800922909_12.639758927895578
permanent_sar,v1.1/data/perm_water/S1Perm/sentinel_1_285_rural_104.33154489283568_12.639946210139826.tif,data/external/sen1floods11/permanent_sar/sentinel_1_285_rural_104.33154489283568_12.639946210139826.tif,1793786,EXISTING,sentinel_1_285_rural_104.33154489283568_12.639946210139826
permanent_sar,v1.1/data/perm_water/S1Perm/sentinel_1_289_high_density_107.20404428225288_-7.4654626564875155.tif,data/external/sen1floods11/permanent_sar/sentinel_1_289_high_density_107.20404428225288_-7.4654626564875155.tif,1769968,EXISTING,sentinel_1_289_high_density_107.20404428225288_-7.4654626564875155
permanent_sar,v1.1/data/perm_water/S1Perm/sentinel_1_289_high_density_108.39155194289711_-6.363636622585254.tif,data/external/sen1floods11/permanent_sar/sentinel_1_289_high_density_108.39155194289711_-6.363636622585254.tif,1784652,EXISTING,sentinel_1_289_high_density_108.39155194289711_-6.363636622585254
permanent_sar,v1.1/data/perm_water/S1Perm/sentinel_1_289_inhabited_107.13459824244651_-7.4648606778453015.tif,data/external/sen1floods11/permanent_sar/sentinel_1_289_inhabited_107.13459824244651_-7.4648606778453015.tif,1790152,EXISTING,sentinel_1_289_inhabited_107.13459824244651_-7.4648606778453015
permanent_sar,v1.1/data/perm_water/S1Perm/sentinel_1_289_low_density_108.5296324661181_-6.503139599042308.tif,data/external/sen1floods11/permanent_sar/sentinel_1_289_low_density_108.5296324661181_-6.503139599042308.tif,1805440,EXISTING,sentinel_1_289_low_density_108.5296324661181_-6.503139599042308
permanent_sar,v1.1/data/perm_water/S1Perm/sentinel_1_289_rural_107.42266954780227_-6.080465869287227.tif,data/external/sen1floods11/permanent_sar/sentinel_1_289_rural_107.42266954780227_-6.080465869287227.tif,1802770,EXISTING,sentinel_1_289_rural_107.42266954780227_-6.080465869287227
permanent_sar,v1.1/data/perm_water/S1Perm/sentinel_1_289_rural_108.52333175632958_-7.683066787895676.tif,data/external/sen1floods11/permanent_sar/sentinel_1_289_rural_108.52333175632958_-7.683066787895676.tif,1775963,EXISTING,sentinel_1_289_rural_108.52333175632958_-7.683066787895676
permanent_sar,v1.1/data/perm_water/S1Perm/sentinel_1_28_low_density_39.89687472358683_-16.227038838876986.tif,data/external/sen1floods11/permanent_sar/sentinel_1_28_low_density_39.89687472358683_-16.227038838876986.tif,1801912,EXISTING,sentinel_1_28_low_density_39.89687472358683_-16.227038838876986
permanent_sar,v1.1/data/perm_water/S1Perm/sentinel_1_28_low_density_40.11127276133756_-16.017768767337714.tif,data/external/sen1floods11/permanent_sar/sentinel_1_28_low_density_40.11127276133756_-16.017768767337714.tif,1813121,EXISTING,sentinel_1_28_low_density_40.11127276133756_-16.017768767337714
permanent_sar,v1.1/data/perm_water/S1Perm/sentinel_1_28_rural_39.96872867796205_-16.22672224270219.tif,data/external/sen1floods11/permanent_sar/sentinel_1_28_rural_39.96872867796205_-16.22672224270219.tif,1793423,EXISTING,sentinel_1_28_rural_39.96872867796205_-16.22672224270219
permanent_sar,v1.1/data/perm_water/S1Perm/sentinel_1_28_rural_40.71116008515868_-14.334966457181993.tif,data/external/sen1floods11/permanent_sar/sentinel_1_28_rural_40.71116008515868_-14.334966457181993.tif,1799975,EXISTING,sentinel_1_28_rural_40.71116008515868_-14.334966457181993
permanent_sar,v1.1/data/perm_water/S1Perm/sentinel_1_29_inhabited_16.160174618580566_-2.270752620456779.tif,data/external/sen1floods11/permanent_sar/sentinel_1_29_inhabited_16.160174618580566_-2.270752620456779.tif,1810978,EXISTING,sentinel_1_29_inhabited_16.160174618580566_-2.270752620456779
permanent_sar,v1.1/data/perm_water/S1Perm/sentinel_1_29_rural_16.160121109367925_-2.2012842851451455.tif,data/external/sen1floods11/permanent_sar/sentinel_1_29_rural_16.160121109367925_-2.2012842851451455.tif,1798403,EXISTING,sentinel_1_29_rural_16.160121109367925_-2.2012842851451455
permanent_sar,v1.1/data/perm_water/S1Perm/sentinel_1_30_high_density_-10.695385749944718_6.273678717933036.tif,data/external/sen1floods11/permanent_sar/sentinel_1_30_high_density_-10.695385749944718_6.273678717933036.tif,1751483,EXISTING,sentinel_1_30_high_density_-10.695385749944718_6.273678717933036
permanent_sar,v1.1/data/perm_water/S1Perm/sentinel_1_30_inhabited_-11.53151624757741_6.964380093808642.tif,data/external/sen1floods11/permanent_sar/sentinel_1_30_inhabited_-11.53151624757741_6.964380093808642.tif,1755780,EXISTING,sentinel_1_30_inhabited_-11.53151624757741_6.964380093808642
permanent_sar,v1.1/data/perm_water/S1Perm/sentinel_1_30_low_density_-11.601359147377531_7.033402519014931.tif,data/external/sen1floods11/permanent_sar/sentinel_1_30_low_density_-11.601359147377531_7.033402519014931.tif,1766470,EXISTING,sentinel_1_30_low_density_-11.601359147377531_7.033402519014931
permanent_sar,v1.1/data/perm_water/S1Perm/sentinel_1_30_rural_-10.834924399210198_6.481526336236255.tif,data/external/sen1floods11/permanent_sar/sentinel_1_30_rural_-10.834924399210198_6.481526336236255.tif,1736240,EXISTING,sentinel_1_30_rural_-10.834924399210198_6.481526336236255
permanent_sar,v1.1/data/perm_water/S1Perm/sentinel_1_439_rural_-50.999849064422826_-20.211321434848788.tif,data/external/sen1floods11/permanent_sar/sentinel_1_439_rural_-50.999849064422826_-20.211321434848788.tif,1823707,EXISTING,sentinel_1_439_rural_-50.999849064422826_-20.211321434848788
permanent_sar,v1.1/data/perm_water/S1Perm/sentinel_1_439_rural_-51.003371754255035_-22.813032994593375.tif,data/external/sen1floods11/permanent_sar/sentinel_1_439_rural_-51.003371754255035_-22.813032994593375.tif,1826700,EXISTING,sentinel_1_439_rural_-51.003371754255035_-22.813032994593375
permanent_sar,v1.1/data/perm_water/S1Perm/sentinel_1_441_low_density_-52.15464921884003_-32.186286363989275.tif,data/external/sen1floods11/permanent_sar/sentinel_1_441_low_density_-52.15464921884003_-32.186286363989275.tif,1848378,EXISTING,sentinel_1_441_low_density_-52.15464921884003_-32.186286363989275
permanent_sar,v1.1/data/perm_water/S1Perm/sentinel_1_441_rural_-38.271563603313176_-12.851245172658409.tif,data/external/sen1floods11/permanent_sar/sentinel_1_441_rural_-38.271563603313176_-12.851245172658409.tif,1772811,EXISTING,sentinel_1_441_rural_-38.271563603313176_-12.851245172658409
permanent_sar,v1.1/data/perm_water/S1Perm/sentinel_1_441_rural_-41.318971231551785_-22.15044625085974.tif,data/external/sen1floods11/permanent_sar/sentinel_1_441_rural_-41.318971231551785_-22.15044625085974.tif,1799651,EXISTING,sentinel_1_441_rural_-41.318971231551785_-22.15044625085974
permanent_sar,v1.1/data/perm_water/S1Perm/sentinel_1_442_inhabited_-39.80305969652337_-19.550964241641886.tif,data/external/sen1floods11/permanent_sar/sentinel_1_442_inhabited_-39.80305969652337_-19.550964241641886.tif,1790027,EXISTING,sentinel_1_442_inhabited_-39.80305969652337_-19.550964241641886
permanent_sar,v1.1/data/perm_water/S1Perm/sentinel_1_442_low_density_-39.11212198829194_-16.621027171555255.tif,data/external/sen1floods11/permanent_sar/sentinel_1_442_low_density_-39.11212198829194_-16.621027171555255.tif,1776145,EXISTING,sentinel_1_442_low_density_-39.11212198829194_-16.621027171555255
permanent_sar,v1.1/data/perm_water/S1Perm/sentinel_1_443_inhabited_-37.59004351650662_-11.902290500171432.tif,data/external/sen1floods11/permanent_sar/sentinel_1_443_inhabited_-37.59004351650662_-11.902290500171432.tif,1787660,EXISTING,sentinel_1_443_inhabited_-37.59004351650662_-11.902290500171432
permanent_sar,v1.1/data/perm_water/S1Perm/sentinel_1_449_inhabited_-81.35492531699559_13.368670340698163.tif,data/external/sen1floods11/permanent_sar/sentinel_1_449_inhabited_-81.35492531699559_13.368670340698163.tif,1796038,EXISTING,sentinel_1_449_inhabited_-81.35492531699559_13.368670340698163
permanent_sar,v1.1/data/perm_water/S1Perm/sentinel_1_450_inhabited_-83.19271260246592_15.007639687498516.tif,data/external/sen1floods11/permanent_sar/sentinel_1_450_inhabited_-83.19271260246592_15.007639687498516.tif,1787836,EXISTING,sentinel_1_450_inhabited_-83.19271260246592_15.007639687498516
permanent_sar,v1.1/data/perm_water/S1Perm/sentinel_1_450_inhabited_-86.59889504236375_16.33188568194666.tif,data/external/sen1floods11/permanent_sar/sentinel_1_450_inhabited_-86.59889504236375_16.33188568194666.tif,1839703,EXISTING,sentinel_1_450_inhabited_-86.59889504236375_16.33188568194666
permanent_sar,v1.1/data/perm_water/S1Perm/sentinel_1_450_inhabited_-88.1052997739462_15.704601641253161.tif,data/external/sen1floods11/permanent_sar/sentinel_1_450_inhabited_-88.1052997739462_15.704601641253161.tif,1796587,EXISTING,sentinel_1_450_inhabited_-88.1052997739462_15.704601641253161
permanent_sar,v1.1/data/perm_water/S1Perm/sentinel_1_458_inhabited_-85.69076344002107_11.531712448023757.tif,data/external/sen1floods11/permanent_sar/sentinel_1_458_inhabited_-85.69076344002107_11.531712448023757.tif,1770887,EXISTING,sentinel_1_458_inhabited_-85.69076344002107_11.531712448023757
permanent_sar,v1.1/data/perm_water/S1Perm/sentinel_1_458_inhabited_-85.77955306019727_12.137071088837466.tif,data/external/sen1floods11/permanent_sar/sentinel_1_458_inhabited_-85.77955306019727_12.137071088837466.tif,1763253,EXISTING,sentinel_1_458_inhabited_-85.77955306019727_12.137071088837466
permanent_sar,v1.1/data/perm_water/S1Perm/sentinel_1_464_inhabited_-62.58316222983704_7.6984997366416525.tif,data/external/sen1floods11/permanent_sar/sentinel_1_464_inhabited_-62.58316222983704_7.6984997366416525.tif,1819128,EXISTING,sentinel_1_464_inhabited_-62.58316222983704_7.6984997366416525
permanent_sar,v1.1/data/perm_water/S1Perm/sentinel_1_465_rural_-58.35477952399753_6.9620881158671715.tif,data/external/sen1floods11/permanent_sar/sentinel_1_465_rural_-58.35477952399753_6.9620881158671715.tif,1769051,EXISTING,sentinel_1_465_rural_-58.35477952399753_6.9620881158671715
permanent_sar,v1.1/data/perm_water/S1Perm/sentinel_1_465_rural_-58.42449756896814_7.031337955227187.tif,data/external/sen1floods11/permanent_sar/sentinel_1_465_rural_-58.42449756896814_7.031337955227187.tif,1765680,EXISTING,sentinel_1_465_rural_-58.42449756896814_7.031337955227187
permanent_sar,v1.1/data/perm_water/S1Perm/sentinel_1_465_rural_-58.49357350338707_6.892222920561783.tif,data/external/sen1floods11/permanent_sar/sentinel_1_465_rural_-58.49357350338707_6.892222920561783.tif,1784448,EXISTING,sentinel_1_465_rural_-58.49357350338707_6.892222920561783
permanent_sar,v1.1/data/perm_water/S1Perm/sentinel_1_466_inhabited_-62.72270533820358_7.281787824995027.tif,data/external/sen1floods11/permanent_sar/sentinel_1_466_inhabited_-62.72270533820358_7.281787824995027.tif,1789207,EXISTING,sentinel_1_466_inhabited_-62.72270533820358_7.281787824995027
permanent_sar,v1.1/data/perm_water/S1Perm/sentinel_1_467_inhabited_-54.2549170287204_-2.3752248990379625.tif,data/external/sen1floods11/permanent_sar/sentinel_1_467_inhabited_-54.2549170287204_-2.3752248990379625.tif,1760204,EXISTING,sentinel_1_467_inhabited_-54.2549170287204_-2.3752248990379625
permanent_sar,v1.1/data/perm_water/S1Perm/sentinel_1_467_inhabited_-55.17890073530808_-2.0246726697213147.tif,data/external/sen1floods11/permanent_sar/sentinel_1_467_inhabited_-55.17890073530808_-2.0246726697213147.tif,1757019,EXISTING,sentinel_1_467_inhabited_-55.17890073530808_-2.0246726697213147
permanent_sar,v1.1/data/perm_water/S1Perm/sentinel_1_467_rural_-55.109873851000735_-2.024592405902353.tif,data/external/sen1floods11/permanent_sar/sentinel_1_467_rural_-55.109873851000735_-2.024592405902353.tif,1777989,EXISTING,sentinel_1_467_rural_-55.109873851000735_-2.024592405902353
permanent_sar,v1.1/data/perm_water/S1Perm/sentinel_1_468_inhabited_-68.61934922566357_18.15881059725081.tif,data/external/sen1floods11/permanent_sar/sentinel_1_468_inhabited_-68.61934922566357_18.15881059725081.tif,1780261,EXISTING,sentinel_1_468_inhabited_-68.61934922566357_18.15881059725081
permanent_sar,v1.1/data/perm_water/S1Perm/sentinel_1_468_inhabited_-68.69195676811682_18.15893991118136.tif,data/external/sen1floods11/permanent_sar/sentinel_1_468_inhabited_-68.69195676811682_18.15893991118136.tif,1777111,EXISTING,sentinel_1_468_inhabited_-68.69195676811682_18.15893991118136
permanent_sar,v1.1/data/perm_water/S1Perm/sentinel_1_470_inhabited_-82.25271180489428_9.35514050091681.tif,data/external/sen1floods11/permanent_sar/sentinel_1_470_inhabited_-82.25271180489428_9.35514050091681.tif,1801755,EXISTING,sentinel_1_470_inhabited_-82.25271180489428_9.35514050091681
permanent_sar,v1.1/data/perm_water/S1Perm/sentinel_1_470_rural_-82.04231358078849_9.147457869352568.tif,data/external/sen1floods11/permanent_sar/sentinel_1_470_rural_-82.04231358078849_9.147457869352568.tif,1807765,EXISTING,sentinel_1_470_rural_-82.04231358078849_9.147457869352568
permanent_sar,v1.1/data/perm_water/S1Perm/sentinel_1_471_inhabited_-81.19309562156391_7.782754451046512.tif,data/external/sen1floods11/permanent_sar/sentinel_1_471_inhabited_-81.19309562156391_7.782754451046512.tif,1752627,EXISTING,sentinel_1_471_inhabited_-81.19309562156391_7.782754451046512
permanent_sar,v1.1/data/perm_water/S1Perm/sentinel_1_471_rural_-80.84501373423089_7.2270033094523916.tif,data/external/sen1floods11/permanent_sar/sentinel_1_471_rural_-80.84501373423089_7.2270033094523916.tif,1766248,EXISTING,sentinel_1_471_rural_-80.84501373423089_7.2270033094523916
permanent_sar,v1.1/data/perm_water/S1Perm/sentinel_1_471_rural_-81.68022565704658_7.5043906086841.tif,data/external/sen1floods11/permanent_sar/sentinel_1_471_rural_-81.68022565704658_7.5043906086841.tif,1811735,EXISTING,sentinel_1_471_rural_-81.68022565704658_7.5043906086841
permanent_sar,v1.1/data/perm_water/S1Perm/sentinel_1_473_high_density_-59.91501006439612_-3.142279462251723.tif,data/external/sen1floods11/permanent_sar/sentinel_1_473_high_density_-59.91501006439612_-3.142279462251723.tif,1814730,EXISTING,sentinel_1_473_high_density_-59.91501006439612_-3.142279462251723
permanent_sar,v1.1/data/perm_water/S1Perm/sentinel_1_473_rural_-64.23202186277395_-0.40633558349525567.tif,data/external/sen1floods11/permanent_sar/sentinel_1_473_rural_-64.23202186277395_-0.40633558349525567.tif,1754417,EXISTING,sentinel_1_473_rural_-64.23202186277395_-0.40633558349525567
permanent_sar,v1.1/data/perm_water/S1Perm/sentinel_1_475_rural_-61.65673939497314_16.283326071474633.tif,data/external/sen1floods11/permanent_sar/sentinel_1_475_rural_-61.65673939497314_16.283326071474633.tif,1764574,EXISTING,sentinel_1_475_rural_-61.65673939497314_16.283326071474633
permanent_sar,v1.1/data/perm_water/S1Perm/sentinel_1_475_rural_-61.81782442052887_17.026216766079774.tif,data/external/sen1floods11/permanent_sar/sentinel_1_475_rural_-61.81782442052887_17.026216766079774.tif,1786607,EXISTING,sentinel_1_475_rural_-61.81782442052887_17.026216766079774
permanent_sar,v1.1/data/perm_water/S1Perm/sentinel_1_476_rural_-56.145442102349854_-2.094948102323622.tif,data/external/sen1floods11/permanent_sar/sentinel_1_476_rural_-56.145442102349854_-2.094948102323622.tif,1791073,EXISTING,sentinel_1_476_rural_-56.145442102349854_-2.094948102323622
permanent_sar,v1.1/data/perm_water/S1Perm/sentinel_1_476_rural_-57.00843868382956_-5.386834864019507.tif,data/external/sen1floods11/permanent_sar/sentinel_1_476_rural_-57.00843868382956_-5.386834864019507.tif,1803107,EXISTING,sentinel_1_476_rural_-57.00843868382956_-5.386834864019507
permanent_sar,v1.1/data/perm_water/S1Perm/sentinel_1_478_inhabited_-73.85929684188152_9.106251316517678.tif,data/external/sen1floods11/permanent_sar/sentinel_1_478_inhabited_-73.85929684188152_9.106251316517678.tif,1827271,EXISTING,sentinel_1_478_inhabited_-73.85929684188152_9.106251316517678
permanent_sar,v1.1/data/perm_water/S1Perm/sentinel_1_480_rural_-48.43005575001879_-0.3921601012463512.tif,data/external/sen1floods11/permanent_sar/sentinel_1_480_rural_-48.43005575001879_-0.3921601012463512.tif,1756800,EXISTING,sentinel_1_480_rural_-48.43005575001879_-0.3921601012463512
permanent_sar,v1.1/data/perm_water/S1Perm/sentinel_1_480_rural_-48.88971326391116_-1.587484566037267.tif,data/external/sen1floods11/permanent_sar/sentinel_1_480_rural_-48.88971326391116_-1.587484566037267.tif,1765874,EXISTING,sentinel_1_480_rural_-48.88971326391116_-1.587484566037267
permanent_sar,v1.1/data/perm_water/S1Perm/sentinel_1_480_rural_-49.37246446215932_-1.9351963479828698.tif,data/external/sen1floods11/permanent_sar/sentinel_1_480_rural_-49.37246446215932_-1.9351963479828698.tif,1763390,EXISTING,sentinel_1_480_rural_-49.37246446215932_-1.9351963479828698
permanent_sar,v1.1/data/perm_water/S1Perm/sentinel_1_482_rural_-55.45495476332481_-2.094417469298262.tif,data/external/sen1floods11/permanent_sar/sentinel_1_482_rural_-55.45495476332481_-2.094417469298262.tif,1774251,EXISTING,sentinel_1_482_rural_-55.45495476332481_-2.094417469298262
permanent_sar,v1.1/data/perm_water/S1Perm/sentinel_1_482_rural_-58.18785307606177_-2.8678262515131823.tif,data/external/sen1floods11/permanent_sar/sentinel_1_482_rural_-58.18785307606177_-2.8678262515131823.tif,1784552,EXISTING,sentinel_1_482_rural_-58.18785307606177_-2.8678262515131823
permanent_sar,v1.1/data/perm_water/S1Perm/sentinel_1_482_rural_-60.79242291958162_-3.257159282691649.tif,data/external/sen1floods11/permanent_sar/sentinel_1_482_rural_-60.79242291958162_-3.257159282691649.tif,1741467,EXISTING,sentinel_1_482_rural_-60.79242291958162_-3.257159282691649
permanent_sar,v1.1/data/perm_water/S1Perm/sentinel_1_484_inhabited_-63.77517804164631_-0.2875094586230299.tif,data/external/sen1floods11/permanent_sar/sentinel_1_484_inhabited_-63.77517804164631_-0.2875094586230299.tif,1765428,EXISTING,sentinel_1_484_inhabited_-63.77517804164631_-0.2875094586230299
permanent_sar,v1.1/data/perm_water/S1Perm/sentinel_1_484_rural_-66.03850625884911_-0.2995891633768148.tif,data/external/sen1floods11/permanent_sar/sentinel_1_484_rural_-66.03850625884911_-0.2995891633768148.tif,1781577,EXISTING,sentinel_1_484_rural_-66.03850625884911_-0.2995891633768148
permanent_sar,v1.1/data/perm_water/S1Perm/sentinel_1_485_inhabited_-41.648895659395194_-2.8836070101413274.tif,data/external/sen1floods11/permanent_sar/sentinel_1_485_inhabited_-41.648895659395194_-2.8836070101413274.tif,1771033,EXISTING,sentinel_1_485_inhabited_-41.648895659395194_-2.8836070101413274
permanent_sar,v1.1/data/perm_water/S1Perm/sentinel_1_492_rural_-34.97631467942299_-6.473803173211687 (1).tif,data/external/sen1floods11/permanent_sar/sentinel_1_492_rural_-34.97631467942299_-6.473803173211687 (1).tif,1780656,EXISTING,sentinel_1_492_rural_-34.97631467942299_-6.473803173211687 (1)
permanent_sar,v1.1/data/perm_water/S1Perm/sentinel_1_492_rural_-34.97631467942299_-6.473803173211687.tif,data/external/sen1floods11/permanent_sar/sentinel_1_492_rural_-34.97631467942299_-6.473803173211687.tif,1780656,EXISTING,sentinel_1_492_rural_-34.97631467942299_-6.473803173211687
permanent_sar,v1.1/data/perm_water/S1Perm/sentinel_1_492_rural_-34.97713515401683_-6.682101160721305.tif,data/external/sen1floods11/permanent_sar/sentinel_1_492_rural_-34.97713515401683_-6.682101160721305.tif,1749924,EXISTING,sentinel_1_492_rural_-34.97713515401683_-6.682101160721305
permanent_sar,v1.1/data/perm_water/S1Perm/sentinel_1_494_inhabited_-88.34797297147684_17.35182924320449.tif,data/external/sen1floods11/permanent_sar/sentinel_1_494_inhabited_-88.34797297147684_17.35182924320449.tif,1803642,EXISTING,sentinel_1_494_inhabited_-88.34797297147684_17.35182924320449
permanent_sar,v1.1/data/perm_water/S1Perm/sentinel_1_494_inhabited_-96.56868249158859_18.267581449247515.tif,data/external/sen1floods11/permanent_sar/sentinel_1_494_inhabited_-96.56868249158859_18.267581449247515.tif,1050586,EXISTING,sentinel_1_494_inhabited_-96.56868249158859_18.267581449247515
permanent_sar,v1.1/data/perm_water/S1Perm/sentinel_1_495_inhabited_-66.0727387776364_18.457895882208582.tif,data/external/sen1floods11/permanent_sar/sentinel_1_495_inhabited_-66.0727387776364_18.457895882208582.tif,1767053,EXISTING,sentinel_1_495_inhabited_-66.0727387776364_18.457895882208582
permanent_sar,v1.1/data/perm_water/S1Perm/sentinel_1_495_rural_-65.91935461959996_17.974926188008805.tif,data/external/sen1floods11/permanent_sar/sentinel_1_495_rural_-65.91935461959996_17.974926188008805.tif,1813471,EXISTING,sentinel_1_495_rural_-65.91935461959996_17.974926188008805
permanent_sar,v1.1/data/perm_water/S1Perm/sentinel_1_4_inhabited_44.34339219385988_-12.189131093636444.tif,data/external/sen1floods11/permanent_sar/sentinel_1_4_inhabited_44.34339219385988_-12.189131093636444.tif,148281,EXISTING,sentinel_1_4_inhabited_44.34339219385988_-12.189131093636444
permanent_sar,v1.1/data/perm_water/S1Perm/sentinel_1_4_inhabited_45.049477468369865_-12.745510968479103.tif,data/external/sen1floods11/permanent_sar/sentinel_1_4_inhabited_45.049477468369865_-12.745510968479103.tif,147161,EXISTING,sentinel_1_4_inhabited_45.049477468369865_-12.745510968479103
permanent_sar,v1.1/data/perm_water/S1Perm/sentinel_1_4_rural_45.19108514052415_-12.88434507977814.tif,data/external/sen1floods11/permanent_sar/sentinel_1_4_rural_45.19108514052415_-12.88434507977814.tif,142674,EXISTING,sentinel_1_4_rural_45.19108514052415_-12.88434507977814
permanent_sar,v1.1/data/perm_water/S1Perm/sentinel_1_500_high_density_-48.45084407912996_-25.51837406282004.tif,data/external/sen1floods11/permanent_sar/sentinel_1_500_high_density_-48.45084407912996_-25.51837406282004.tif,1859520,EXISTING,sentinel_1_500_high_density_-48.45084407912996_-25.51837406282004
permanent_sar,v1.1/data/perm_water/S1Perm/sentinel_1_500_rural_-47.395348105173_-24.66334589492285.tif,data/external/sen1floods11/permanent_sar/sentinel_1_500_rural_-47.395348105173_-24.66334589492285.tif,1847334,EXISTING,sentinel_1_500_rural_-47.395348105173_-24.66334589492285
permanent_sar,v1.1/data/perm_water/S1Perm/sentinel_1_507_inhabited_-52.067808225824166_-2.3306472658066637.tif,data/external/sen1floods11/permanent_sar/sentinel_1_507_inhabited_-52.067808225824166_-2.3306472658066637.tif,1771042,EXISTING,sentinel_1_507_inhabited_-52.067808225824166_-2.3306472658066637
permanent_sar,v1.1/data/perm_water/S1Perm/sentinel_1_507_inhabited_-54.207668393958095_-2.3967534389239997.tif,data/external/sen1floods11/permanent_sar/sentinel_1_507_inhabited_-54.207668393958095_-2.3967534389239997.tif,1757935,EXISTING,sentinel_1_507_inhabited_-54.207668393958095_-2.3967534389239997
permanent_sar,v1.1/data/perm_water/S1Perm/sentinel_1_508_inhabited_-49.558235071146925_-4.205618994961695.tif,data/external/sen1floods11/permanent_sar/sentinel_1_508_inhabited_-49.558235071146925_-4.205618994961695.tif,1792227,EXISTING,sentinel_1_508_inhabited_-49.558235071146925_-4.205618994961695
permanent_sar,v1.1/data/perm_water/S1Perm/sentinel_1_510_inhabited_-61.81922457825966_10.100051168299157.tif,data/external/sen1floods11/permanent_sar/sentinel_1_510_inhabited_-61.81922457825966_10.100051168299157.tif,1769494,EXISTING,sentinel_1_510_inhabited_-61.81922457825966_10.100051168299157
permanent_sar,v1.1/data/perm_water/S1Perm/sentinel_1_510_low_density_-61.67878073148033_10.168962115979111.tif,data/external/sen1floods11/permanent_sar/sentinel_1_510_low_density_-61.67878073148033_10.168962115979111.tif,1761406,EXISTING,sentinel_1_510_low_density_-61.67878073148033_10.168962115979111
permanent_sar,v1.1/data/perm_water/S1Perm/sentinel_1_511_rural_-54.34542786190325_-2.32705768945864.tif,data/external/sen1floods11/permanent_sar/sentinel_1_511_rural_-54.34542786190325_-2.32705768945864.tif,1785000,EXISTING,sentinel_1_511_rural_-54.34542786190325_-2.32705768945864
permanent_sar,v1.1/data/perm_water/S1Perm/sentinel_1_514_inhabited_-97.68125049992861_21.84036482270417.tif,data/external/sen1floods11/permanent_sar/sentinel_1_514_inhabited_-97.68125049992861_21.84036482270417.tif,1847376,EXISTING,sentinel_1_514_inhabited_-97.68125049992861_21.84036482270417
permanent_sar,v1.1/data/perm_water/S1Perm/sentinel_1_517_inhabited_-61.21257279814046_14.844146747373921.tif,data/external/sen1floods11/permanent_sar/sentinel_1_517_inhabited_-61.21257279814046_14.844146747373921.tif,1804562,EXISTING,sentinel_1_517_inhabited_-61.21257279814046_14.844146747373921
permanent_sar,v1.1/data/perm_water/S1Perm/sentinel_1_517_rural_-61.30610690183753_15.239722520027215.tif,data/external/sen1floods11/permanent_sar/sentinel_1_517_rural_-61.30610690183753_15.239722520027215.tif,1784213,EXISTING,sentinel_1_517_rural_-61.30610690183753_15.239722520027215
permanent_sar,v1.1/data/perm_water/S1Perm/sentinel_1_518_inhabited_-49.441223800403456_-2.2130875256336164.tif,data/external/sen1floods11/permanent_sar/sentinel_1_518_inhabited_-49.441223800403456_-2.2130875256336164.tif,1788213,EXISTING,sentinel_1_518_inhabited_-49.441223800403456_-2.2130875256336164
permanent_sar,v1.1/data/perm_water/S1Perm/sentinel_1_518_inhabited_-49.69648504020795_-4.275323662629159.tif,data/external/sen1floods11/permanent_sar/sentinel_1_518_inhabited_-49.69648504020795_-4.275323662629159.tif,1792989,EXISTING,sentinel_1_518_inhabited_-49.69648504020795_-4.275323662629159
permanent_sar,v1.1/data/perm_water/S1Perm/sentinel_1_519_inhabited_-88.07712717349054_18.51752298149527.tif,data/external/sen1floods11/permanent_sar/sentinel_1_519_inhabited_-88.07712717349054_18.51752298149527.tif,1830373,EXISTING,sentinel_1_519_inhabited_-88.07712717349054_18.51752298149527
permanent_sar,v1.1/data/perm_water/S1Perm/sentinel_1_519_inhabited_-88.22311814198035_18.5860326100804.tif,data/external/sen1floods11/permanent_sar/sentinel_1_519_inhabited_-88.22311814198035_18.5860326100804.tif,1822703,EXISTING,sentinel_1_519_inhabited_-88.22311814198035_18.5860326100804
permanent_sar,v1.1/data/perm_water/S1Perm/sentinel_1_519_rural_-86.77277768794286_20.51804070081006.tif,data/external/sen1floods11/permanent_sar/sentinel_1_519_rural_-86.77277768794286_20.51804070081006.tif,1791198,EXISTING,sentinel_1_519_rural_-86.77277768794286_20.51804070081006
permanent_sar,v1.1/data/perm_water/S1Perm/sentinel_1_5_inhabited_10.06661682860042_-1.006392353156414.tif,data/external/sen1floods11/permanent_sar/sentinel_1_5_inhabited_10.06661682860042_-1.006392353156414.tif,1810285,EXISTING,sentinel_1_5_inhabited_10.06661682860042_-1.006392353156414
permanent_sar,v1.1/data/perm_water/S1Perm/sentinel_1_5_inhabited_9.88917582038065_-2.51512027638772.tif,data/external/sen1floods11/permanent_sar/sentinel_1_5_inhabited_9.88917582038065_-2.51512027638772.tif,1815332,EXISTING,sentinel_1_5_inhabited_9.88917582038065_-2.51512027638772
permanent_sar,v1.1/data/perm_water/S1Perm/sentinel_1_622_inhabited_-176.1918133551542_-13.25590413415757.tif,data/external/sen1floods11/permanent_sar/sentinel_1_622_inhabited_-176.1918133551542_-13.25590413415757.tif,1747692,EXISTING,sentinel_1_622_inhabited_-176.1918133551542_-13.25590413415757
permanent_sar,v1.1/data/perm_water/S1Perm/sentinel_1_622_inhabited_-178.1347105706564_-14.312653115510548.tif,data/external/sen1floods11/permanent_sar/sentinel_1_622_inhabited_-178.1347105706564_-14.312653115510548.tif,1774652,EXISTING,sentinel_1_622_inhabited_-178.1347105706564_-14.312653115510548
permanent_sar,v1.1/data/perm_water/S1Perm/sentinel_1_623_rural_-155.36497544729198_20.05258635554822.tif,data/external/sen1floods11/permanent_sar/sentinel_1_623_rural_-155.36497544729198_20.05258635554822.tif,1803530,EXISTING,sentinel_1_623_rural_-155.36497544729198_20.05258635554822
permanent_sar,v1.1/data/perm_water/S1Perm/sentinel_1_623_rural_-156.15155641401878_20.848464547971457.tif,data/external/sen1floods11/permanent_sar/sentinel_1_623_rural_-156.15155641401878_20.848464547971457.tif,1799177,EXISTING,sentinel_1_623_rural_-156.15155641401878_20.848464547971457
permanent_sar,v1.1/data/perm_water/S1Perm/sentinel_1_625_inhabited_-140.09105608128587_-9.366613767927328.tif,data/external/sen1floods11/permanent_sar/sentinel_1_625_inhabited_-140.09105608128587_-9.366613767927328.tif,1733590,EXISTING,sentinel_1_625_inhabited_-140.09105608128587_-9.366613767927328
permanent_sar,v1.1/data/perm_water/S1Perm/sentinel_1_625_inhabited_-140.16228130241257_-8.811121254194308.tif,data/external/sen1floods11/permanent_sar/sentinel_1_625_inhabited_-140.16228130241257_-8.811121254194308.tif,1713907,EXISTING,sentinel_1_625_inhabited_-140.16228130241257_-8.811121254194308
permanent_sar,v1.1/data/perm_water/S1Perm/sentinel_1_625_rural_-140.09211288823556_-8.949875101674381.tif,data/external/sen1floods11/permanent_sar/sentinel_1_625_rural_-140.09211288823556_-8.949875101674381.tif,1764475,EXISTING,sentinel_1_625_rural_-140.09211288823556_-8.949875101674381
permanent_sar,v1.1/data/perm_water/S1Perm/sentinel_1_628_inhabited_-109.29597357316332_-27.12842168018775.tif,data/external/sen1floods11/permanent_sar/sentinel_1_628_inhabited_-109.29597357316332_-27.12842168018775.tif,1795666,EXISTING,sentinel_1_628_inhabited_-109.29597357316332_-27.12842168018775
permanent_sar,v1.1/data/perm_water/S1Perm/sentinel_1_630_inhabited_-149.89322592191172_-17.53038948578868.tif,data/external/sen1floods11/permanent_sar/sentinel_1_630_inhabited_-149.89322592191172_-17.53038948578868.tif,1799518,EXISTING,sentinel_1_630_inhabited_-149.89322592191172_-17.53038948578868
permanent_sar,v1.1/data/perm_water/S1Perm/sentinel_1_630_rural_-149.5347498700231_-17.743391824909686.tif,data/external/sen1floods11/permanent_sar/sentinel_1_630_rural_-149.5347498700231_-17.743391824909686.tif,1745390,EXISTING,sentinel_1_630_rural_-149.5347498700231_-17.743391824909686
permanent_sar,v1.1/data/perm_water/S1Perm/sentinel_1_630_rural_-151.46756505804342_-16.665279290409643.tif,data/external/sen1floods11/permanent_sar/sentinel_1_630_rural_-151.46756505804342_-16.665279290409643.tif,1778331,EXISTING,sentinel_1_630_rural_-151.46756505804342_-16.665279290409643
permanent_sar,v1.1/data/perm_water/S1Perm/sentinel_1_7_inhabited_8.90370111026595_3.6294362523406845.tif,data/external/sen1floods11/permanent_sar/sentinel_1_7_inhabited_8.90370111026595_3.6294362523406845.tif,1754158,EXISTING,sentinel_1_7_inhabited_8.90370111026595_3.6294362523406845
permanent_sar,v1.1/data/perm_water/S1Perm/sentinel_1_7_rural_8.765460059407019_3.3514871063762426.tif,data/external/sen1floods11/permanent_sar/sentinel_1_7_rural_8.765460059407019_3.3514871063762426.tif,1779096,EXISTING,sentinel_1_7_rural_8.765460059407019_3.3514871063762426
permanent_sar,v1.1/data/perm_water/S1Perm/sentinel_2_163_inhabited_121.68843521573584_-8.33442551517673.tif,data/external/sen1floods11/permanent_sar/sentinel_2_163_inhabited_121.68843521573584_-8.33442551517673.tif,1793109,EXISTING,sentinel_2_163_inhabited_121.68843521573584_-8.33442551517673
permanent_sar,v1.1/data/perm_water/S1Perm/sentinel_2_163_rural_122.94384160812089_-8.197651508564382.tif,data/external/sen1floods11/permanent_sar/sentinel_2_163_rural_122.94384160812089_-8.197651508564382.tif,1758589,EXISTING,sentinel_2_163_rural_122.94384160812089_-8.197651508564382
permanent_sar,v1.1/data/perm_water/S1Perm/sentinel_2_163_rural_123.50181784114065_-8.33627604211391.tif,data/external/sen1floods11/permanent_sar/sentinel_2_163_rural_123.50181784114065_-8.33627604211391.tif,1781933,EXISTING,sentinel_2_163_rural_123.50181784114065_-8.33627604211391
permanent_sar,v1.1/data/perm_water/S1Perm/sentinel_2_164_inhabited_165.78258595621335_-21.77180614400744.tif,data/external/sen1floods11/permanent_sar/sentinel_2_164_inhabited_165.78258595621335_-21.77180614400744.tif,1804832,EXISTING,sentinel_2_164_inhabited_165.78258595621335_-21.77180614400744
permanent_sar,v1.1/data/perm_water/S1Perm/sentinel_2_290_inhabited_79.22223092425455_16.55038163356551.tif,data/external/sen1floods11/permanent_sar/sentinel_2_290_inhabited_79.22223092425455_16.55038163356551.tif,1834528,EXISTING,sentinel_2_290_inhabited_79.22223092425455_16.55038163356551
permanent_sar,v1.1/data/perm_water/S1Perm/sentinel_2_292_high_density_82.80599260450478_24.0988905880724.tif,data/external/sen1floods11/permanent_sar/sentinel_2_292_high_density_82.80599260450478_24.0988905880724.tif,1842803,EXISTING,sentinel_2_292_high_density_82.80599260450478_24.0988905880724
permanent_sar,v1.1/data/perm_water/S1Perm/sentinel_2_292_inhabited_82.88152085814805_24.097976472356443.tif,data/external/sen1floods11/permanent_sar/sentinel_2_292_inhabited_82.88152085814805_24.097976472356443.tif,1840688,EXISTING,sentinel_2_292_inhabited_82.88152085814805_24.097976472356443
permanent_sar,v1.1/data/perm_water/S1Perm/sentinel_2_292_low_density_82.72953239874134_24.030425550497792.tif,data/external/sen1floods11/permanent_sar/sentinel_2_292_low_density_82.72953239874134_24.030425550497792.tif,1866761,EXISTING,sentinel_2_292_low_density_82.72953239874134_24.030425550497792
permanent_sar,v1.1/data/perm_water/S1Perm/sentinel_2_293_rural_80.11139351071589_13.590746950462929.tif,data/external/sen1floods11/permanent_sar/sentinel_2_293_rural_80.11139351071589_13.590746950462929.tif,1810711,EXISTING,sentinel_2_293_rural_80.11139351071589_13.590746950462929
permanent_sar,v1.1/data/perm_water/S1Perm/sentinel_2_297_inhabited_83.76667917186337_21.529565479278993.tif,data/external/sen1floods11/permanent_sar/sentinel_2_297_inhabited_83.76667917186337_21.529565479278993.tif,1837092,EXISTING,sentinel_2_297_inhabited_83.76667917186337_21.529565479278993
permanent_sar,v1.1/data/perm_water/S1Perm/sentinel_2_299_inhabited_107.12974674050035_11.119232223276855.tif,data/external/sen1floods11/permanent_sar/sentinel_2_299_inhabited_107.12974674050035_11.119232223276855.tif,1818072,EXISTING,sentinel_2_299_inhabited_107.12974674050035_11.119232223276855
permanent_sar,v1.1/data/perm_water/S1Perm/sentinel_2_300_inhabited_108.92735306637812_10.5481016421494.tif,data/external/sen1floods11/permanent_sar/sentinel_2_300_inhabited_108.92735306637812_10.5481016421494.tif,1786740,EXISTING,sentinel_2_300_inhabited_108.92735306637812_10.5481016421494
permanent_sar,v1.1/data/perm_water/S1Perm/sentinel_2_300_inhabited_109.26316796671313_12.216367282870893.tif,data/external/sen1floods11/permanent_sar/sentinel_2_300_inhabited_109.26316796671313_12.216367282870893.tif,1795995,EXISTING,sentinel_2_300_inhabited_109.26316796671313_12.216367282870893
permanent_sar,v1.1/data/perm_water/S1Perm/sentinel_2_301_inhabited_79.73892479972153_8.256440296853016.tif,data/external/sen1floods11/permanent_sar/sentinel_2_301_inhabited_79.73892479972153_8.256440296853016.tif,1594060,EXISTING,sentinel_2_301_inhabited_79.73892479972153_8.256440296853016
permanent_sar,v1.1/data/perm_water/S1Perm/sentinel_2_32_inhabited_44.153251665839896_-18.53964904092246.tif,data/external/sen1floods11/permanent_sar/sentinel_2_32_inhabited_44.153251665839896_-18.53964904092246.tif,147770,EXISTING,sentinel_2_32_inhabited_44.153251665839896_-18.53964904092246
permanent_sar,v1.1/data/perm_water/S1Perm/sentinel_2_32_inhabited_47.48036978495905_-14.710632343631648.tif,data/external/sen1floods11/permanent_sar/sentinel_2_32_inhabited_47.48036978495905_-14.710632343631648.tif,1822866,EXISTING,sentinel_2_32_inhabited_47.48036978495905_-14.710632343631648
permanent_sar,v1.1/data/perm_water/S1Perm/sentinel_2_521_inhabited_-102.92399843160813_20.207531198953358.tif,data/external/sen1floods11/permanent_sar/sentinel_2_521_inhabited_-102.92399843160813_20.207531198953358.tif,1828492,EXISTING,sentinel_2_521_inhabited_-102.92399843160813_20.207531198953358
permanent_sar,v1.1/data/perm_water/S1Perm/sentinel_2_521_low_density_-102.99657921945504_20.277739745039863.tif,data/external/sen1floods11/permanent_sar/sentinel_2_521_low_density_-102.99657921945504_20.277739745039863.tif,1833432,EXISTING,sentinel_2_521_low_density_-102.99657921945504_20.277739745039863
permanent_sar,v1.1/data/perm_water/S1Perm/sentinel_2_521_rural_-101.08713863915688_20.245491526221343.tif,data/external/sen1floods11/permanent_sar/sentinel_2_521_rural_-101.08713863915688_20.245491526221343.tif,1846539,EXISTING,sentinel_2_521_rural_-101.08713863915688_20.245491526221343
permanent_sar,v1.1/data/perm_water/S1Perm/sentinel_2_521_rural_-103.14359578118716_20.27936285782332.tif,data/external/sen1floods11/permanent_sar/sentinel_2_521_rural_-103.14359578118716_20.27936285782332.tif,1864411,EXISTING,sentinel_2_521_rural_-103.14359578118716_20.27936285782332
permanent_sar,v1.1/data/perm_water/S1Perm/sentinel_2_522_rural_-101.7985480803247_18.613616609197024.tif,data/external/sen1floods11/permanent_sar/sentinel_2_522_rural_-101.7985480803247_18.613616609197024.tif,1825915,EXISTING,sentinel_2_522_rural_-101.7985480803247_18.613616609197024
permanent_sar,v1.1/data/perm_water/S1Perm/sentinel_2_525_rural_-35.0449045718271_-6.265237639638863.tif,data/external/sen1floods11/permanent_sar/sentinel_2_525_rural_-35.0449045718271_-6.265237639638863.tif,1776761,EXISTING,sentinel_2_525_rural_-35.0449045718271_-6.265237639638863
permanent_sar,v1.1/data/perm_water/S1Perm/sentinel_2_525_rural_-41.695916880003765_-9.725838948792928.tif,data/external/sen1floods11/permanent_sar/sentinel_2_525_rural_-41.695916880003765_-9.725838948792928.tif,1799110,EXISTING,sentinel_2_525_rural_-41.695916880003765_-9.725838948792928
permanent_sar,v1.1/data/perm_water/S1Perm/sentinel_2_527_inhabited_-85.037567563106_9.952619910169078.tif,data/external/sen1floods11/permanent_sar/sentinel_2_527_inhabited_-85.037567563106_9.952619910169078.tif,1794689,EXISTING,sentinel_2_527_inhabited_-85.037567563106_9.952619910169078
permanent_sar,v1.1/data/perm_water/S1Perm/sentinel_2_527_inhabited_-85.8059197247263_10.51182685507962.tif,data/external/sen1floods11/permanent_sar/sentinel_2_527_inhabited_-85.8059197247263_10.51182685507962.tif,1794964,EXISTING,sentinel_2_527_inhabited_-85.8059197247263_10.51182685507962
permanent_sar,v1.1/data/perm_water/S1Perm/sentinel_2_528_inhabited_-92.32867045020168_16.03037464601581.tif,data/external/sen1floods11/permanent_sar/sentinel_2_528_inhabited_-92.32867045020168_16.03037464601581.tif,1582125,EXISTING,sentinel_2_528_inhabited_-92.32867045020168_16.03037464601581
permanent_sar,v1.1/data/perm_water/S1Perm/sentinel_2_529_inhabited_-57.78503572329768_-17.551561297590442.tif,data/external/sen1floods11/permanent_sar/sentinel_2_529_inhabited_-57.78503572329768_-17.551561297590442.tif,1826687,EXISTING,sentinel_2_529_inhabited_-57.78503572329768_-17.551561297590442
permanent_sar,v1.1/data/perm_water/S1Perm/sentinel_2_529_rural_-57.5697146516289_-18.107615658056197.tif,data/external/sen1floods11/permanent_sar/sentinel_2_529_rural_-57.5697146516289_-18.107615658056197.tif,1833754,EXISTING,sentinel_2_529_rural_-57.5697146516289_-18.107615658056197
permanent_sar,v1.1/data/perm_water/S1Perm/sentinel_2_533_inhabited_-111.00741223028427_18.751269058716897.tif,data/external/sen1floods11/permanent_sar/sentinel_2_533_inhabited_-111.00741223028427_18.751269058716897.tif,1778463,EXISTING,sentinel_2_533_inhabited_-111.00741223028427_18.751269058716897
permanent_sar,v1.1/data/perm_water/S1Perm/sentinel_2_534_inhabited_-103.0242167277843_18.175732885748637.tif,data/external/sen1floods11/permanent_sar/sentinel_2_534_inhabited_-103.0242167277843_18.175732885748637.tif,1827379,EXISTING,sentinel_2_534_inhabited_-103.0242167277843_18.175732885748637
permanent_sar,v1.1/data/perm_water/S1Perm/sentinel_2_534_rural_-102.36801987586027_17.980424259607712.tif,data/external/sen1floods11/permanent_sar/sentinel_2_534_rural_-102.36801987586027_17.980424259607712.tif,1806131,EXISTING,sentinel_2_534_rural_-102.36801987586027_17.980424259607712
permanent_sar,v1.1/data/perm_water/S1Perm/sentinel_2_536_inhabited_-68.65252047840015_11.320132562138804.tif,data/external/sen1floods11/permanent_sar/sentinel_2_536_inhabited_-68.65252047840015_11.320132562138804.tif,1761303,EXISTING,sentinel_2_536_inhabited_-68.65252047840015_11.320132562138804
permanent_sar,v1.1/data/perm_water/S1Perm/sentinel_2_536_inhabited_-69.28613198348849_11.528564322680028.tif,data/external/sen1floods11/permanent_sar/sentinel_2_536_inhabited_-69.28613198348849_11.528564322680028.tif,1774864,EXISTING,sentinel_2_536_inhabited_-69.28613198348849_11.528564322680028
permanent_sar,v1.1/data/perm_water/S1Perm/sentinel_2_537_inhabited_-61.26831602040957_13.200076188968426.tif,data/external/sen1floods11/permanent_sar/sentinel_2_537_inhabited_-61.26831602040957_13.200076188968426.tif,1800941,EXISTING,sentinel_2_537_inhabited_-61.26831602040957_13.200076188968426
permanent_sar,v1.1/data/perm_water/S1Perm/sentinel_2_540_inhabited_-44.16795332201311_-2.454360565433466.tif,data/external/sen1floods11/permanent_sar/sentinel_2_540_inhabited_-44.16795332201311_-2.454360565433466.tif,1765333,EXISTING,sentinel_2_540_inhabited_-44.16795332201311_-2.454360565433466
permanent_sar,v1.1/data/perm_water/S1Perm/sentinel_2_541_inhabited_-80.35692053292071_7.990709087775015.tif,data/external/sen1floods11/permanent_sar/sentinel_2_541_inhabited_-80.35692053292071_7.990709087775015.tif,1775625,EXISTING,sentinel_2_541_inhabited_-80.35692053292071_7.990709087775015
permanent_sar,v1.1/data/perm_water/S1Perm/sentinel_2_543_low_density_-66.5023553277317_17.98891438801347.tif,data/external/sen1floods11/permanent_sar/sentinel_2_543_low_density_-66.5023553277317_17.98891438801347.tif,1803754,EXISTING,sentinel_2_543_low_density_-66.5023553277317_17.98891438801347
permanent_sar,v1.1/data/perm_water/S1Perm/sentinel_2_543_rural_-66.64715571624025_17.98624338648246.tif,data/external/sen1floods11/permanent_sar/sentinel_2_543_rural_-66.64715571624025_17.98624338648246.tif,1802218,EXISTING,sentinel_2_543_rural_-66.64715571624025_17.98624338648246
permanent_sar,v1.1/data/perm_water/S1Perm/sentinel_2_546_inhabited_-73.31016300625069_11.263533192467417.tif,data/external/sen1floods11/permanent_sar/sentinel_2_546_inhabited_-73.31016300625069_11.263533192467417.tif,1769959,EXISTING,sentinel_2_546_inhabited_-73.31016300625069_11.263533192467417
permanent_sar,v1.1/data/perm_water/S1Perm/sentinel_2_547_inhabited_-101.34737623573704_17.509882080043884.tif,data/external/sen1floods11/permanent_sar/sentinel_2_547_inhabited_-101.34737623573704_17.509882080043884.tif,1781640,EXISTING,sentinel_2_547_inhabited_-101.34737623573704_17.509882080043884
permanent_sar,v1.1/data/perm_water/S1Perm/sentinel_2_547_low_density_-101.56617540622752_17.645898039477146.tif,data/external/sen1floods11/permanent_sar/sentinel_2_547_low_density_-101.56617540622752_17.645898039477146.tif,1804153,EXISTING,sentinel_2_547_low_density_-101.56617540622752_17.645898039477146
permanent_sar,v1.1/data/perm_water/S1Perm/sentinel_2_547_rural_-96.79169105347353_15.726067753724454.tif,data/external/sen1floods11/permanent_sar/sentinel_2_547_rural_-96.79169105347353_15.726067753724454.tif,1808661,EXISTING,sentinel_2_547_rural_-96.79169105347353_15.726067753724454
permanent_sar,v1.1/data/perm_water/S1Perm/sentinel_2_636_rural_-155.3528199378203_19.22044229425731.tif,data/external/sen1floods11/permanent_sar/sentinel_2_636_rural_-155.3528199378203_19.22044229425731.tif,1806320,EXISTING,sentinel_2_636_rural_-155.3528199378203_19.22044229425731
permanent_sar,v1.1/data/perm_water/S1Perm/sentinel_2_636_rural_-157.97436111994955_21.668796450571786.tif,data/external/sen1floods11/permanent_sar/sentinel_2_636_rural_-157.97436111994955_21.668796450571786.tif,1795922,EXISTING,sentinel_2_636_rural_-157.97436111994955_21.668796450571786
permanent_sar,v1.1/data/perm_water/S1Perm/sentinel_3_302_inhabited_76.4689857334107_31.421769029274927.tif,data/external/sen1floods11/permanent_sar/sentinel_3_302_inhabited_76.4689857334107_31.421769029274927.tif,1855188,EXISTING,sentinel_3_302_inhabited_76.4689857334107_31.421769029274927
permanent_sar,v1.1/data/perm_water/S1Perm/sentinel_3_553_low_density_-91.15815642367212_14.72766610965581.tif,data/external/sen1floods11/permanent_sar/sentinel_3_553_low_density_-91.15815642367212_14.72766610965581.tif,1788081,EXISTING,sentinel_3_553_low_density_-91.15815642367212_14.72766610965581
permanent_sar,v1.1/data/perm_water/S1Perm/sentinel_4_168_rural_153.45578457665283_-27.61597087116941.tif,data/external/sen1floods11/permanent_sar/sentinel_4_168_rural_153.45578457665283_-27.61597087116941.tif,1825905,EXISTING,sentinel_4_168_rural_153.45578457665283_-27.61597087116941
permanent_sar,v1.1/data/perm_water/S1Perm/sentinel_4_169_inhabited_166.95267190904175_-45.1768472308605.tif,data/external/sen1floods11/permanent_sar/sentinel_4_169_inhabited_166.95267190904175_-45.1768472308605.tif,1911280,EXISTING,sentinel_4_169_inhabited_166.95267190904175_-45.1768472308605
permanent_sar,v1.1/data/perm_water/S1Perm/sentinel_4_169_rural_167.4789885245821_-45.46589953844803.tif,data/external/sen1floods11/permanent_sar/sentinel_4_169_rural_167.4789885245821_-45.46589953844803.tif,1897036,EXISTING,sentinel_4_169_rural_167.4789885245821_-45.46589953844803
permanent_sar,v1.1/data/perm_water/S1Perm/sentinel_4_171_low_density_177.16081168687646_-37.98808963114352.tif,data/external/sen1floods11/permanent_sar/sentinel_4_171_low_density_177.16081168687646_-37.98808963114352.tif,1883771,EXISTING,sentinel_4_171_low_density_177.16081168687646_-37.98808963114352
permanent_sar,v1.1/data/perm_water/S1Perm/sentinel_4_171_rural_176.8963557806997_-39.44157375142368.tif,data/external/sen1floods11/permanent_sar/sentinel_4_171_rural_176.8963557806997_-39.44157375142368.tif,1875113,EXISTING,sentinel_4_171_rural_176.8963557806997_-39.44157375142368
permanent_sar,v1.1/data/perm_water/S1Perm/sentinel_4_171_rural_176.98556009727392_-39.64922071017949.tif,data/external/sen1floods11/permanent_sar/sentinel_4_171_rural_176.98556009727392_-39.64922071017949.tif,1864689,EXISTING,sentinel_4_171_rural_176.98556009727392_-39.64922071017949
permanent_sar,v1.1/data/perm_water/S1Perm/sentinel_4_172_rural_168.5092593638797_-46.59902846174547.tif,data/external/sen1floods11/permanent_sar/sentinel_4_172_rural_168.5092593638797_-46.59902846174547.tif,1919604,EXISTING,sentinel_4_172_rural_168.5092593638797_-46.59902846174547
permanent_sar,v1.1/data/perm_water/S1Perm/sentinel_4_172_rural_169.61874613339182_-46.57059723342871.tif,data/external/sen1floods11/permanent_sar/sentinel_4_172_rural_169.61874613339182_-46.57059723342871.tif,1891753,EXISTING,sentinel_4_172_rural_169.61874613339182_-46.57059723342871
permanent_sar,v1.1/data/perm_water/S1Perm/sentinel_4_173_rural_174.09872915707095_-36.15252743709883.tif,data/external/sen1floods11/permanent_sar/sentinel_4_173_rural_174.09872915707095_-36.15252743709883.tif,1851477,EXISTING,sentinel_4_173_rural_174.09872915707095_-36.15252743709883
permanent_sar,v1.1/data/perm_water/S1Perm/sentinel_4_173_rural_174.1335814909047_-35.18430944806097.tif,data/external/sen1floods11/permanent_sar/sentinel_4_173_rural_174.1335814909047_-35.18430944806097.tif,1879186,EXISTING,sentinel_4_173_rural_174.1335814909047_-35.18430944806097
permanent_sar,v1.1/data/perm_water/S1Perm/sentinel_4_173_rural_175.16870383214845_-36.815898982617874.tif,data/external/sen1floods11/permanent_sar/sentinel_4_173_rural_175.16870383214845_-36.815898982617874.tif,1870357,EXISTING,sentinel_4_173_rural_175.16870383214845_-36.815898982617874
permanent_sar,v1.1/data/perm_water/S1Perm/sentinel_4_174_inhabited_167.69565178566796_-46.785766695661685.tif,data/external/sen1floods11/permanent_sar/sentinel_4_174_inhabited_167.69565178566796_-46.785766695661685.tif,1909831,EXISTING,sentinel_4_174_inhabited_167.69565178566796_-46.785766695661685
permanent_sar,v1.1/data/perm_water/S1Perm/sentinel_4_174_inhabited_167.97767654999527_-47.13915491324831.tif,data/external/sen1floods11/permanent_sar/sentinel_4_174_inhabited_167.97767654999527_-47.13915491324831.tif,1904238,EXISTING,sentinel_4_174_inhabited_167.97767654999527_-47.13915491324831
permanent_sar,v1.1/data/perm_water/S1Perm/sentinel_4_175_rural_174.0816552591373_-41.95377331662139.tif,data/external/sen1floods11/permanent_sar/sentinel_4_175_rural_174.0816552591373_-41.95377331662139.tif,1907859,EXISTING,sentinel_4_175_rural_174.0816552591373_-41.95377331662139
permanent_sar,v1.1/data/perm_water/S1Perm/sentinel_4_175_rural_174.0938018504069_-40.893506104537245.tif,data/external/sen1floods11/permanent_sar/sentinel_4_175_rural_174.0938018504069_-40.893506104537245.tif,1902696,EXISTING,sentinel_4_175_rural_174.0938018504069_-40.893506104537245
permanent_sar,v1.1/data/perm_water/S1Perm/sentinel_4_175_rural_174.17075701638726_-41.882182449208315.tif,data/external/sen1floods11/permanent_sar/sentinel_4_175_rural_174.17075701638726_-41.882182449208315.tif,1902911,EXISTING,sentinel_4_175_rural_174.17075701638726_-41.882182449208315
permanent_sar,v1.1/data/perm_water/S1Perm/sentinel_4_176_inhabited_147.74127267172085_-37.921278920059734.tif,data/external/sen1floods11/permanent_sar/sentinel_4_176_inhabited_147.74127267172085_-37.921278920059734.tif,1887444,EXISTING,sentinel_4_176_inhabited_147.74127267172085_-37.921278920059734
permanent_sar,v1.1/data/perm_water/S1Perm/sentinel_4_177_inhabited_146.70077265460662_-41.843102887575924.tif,data/external/sen1floods11/permanent_sar/sentinel_4_177_inhabited_146.70077265460662_-41.843102887575924.tif,1896312,EXISTING,sentinel_4_177_inhabited_146.70077265460662_-41.843102887575924
permanent_sar,v1.1/data/perm_water/S1Perm/sentinel_4_178_rural_147.33444212800865_-43.09621730201949.tif,data/external/sen1floods11/permanent_sar/sentinel_4_178_rural_147.33444212800865_-43.09621730201949.tif,1886078,EXISTING,sentinel_4_178_rural_147.33444212800865_-43.09621730201949
permanent_sar,v1.1/data/perm_water/S1Perm/sentinel_4_178_rural_148.1540070652278_-40.44224061882747.tif,data/external/sen1floods11/permanent_sar/sentinel_4_178_rural_148.1540070652278_-40.44224061882747.tif,1878747,EXISTING,sentinel_4_178_rural_148.1540070652278_-40.44224061882747
permanent_sar,v1.1/data/perm_water/S1Perm/sentinel_4_179_inhabited_144.77082466856365_-40.49674421100374.tif,data/external/sen1floods11/permanent_sar/sentinel_4_179_inhabited_144.77082466856365_-40.49674421100374.tif,1885289,EXISTING,sentinel_4_179_inhabited_144.77082466856365_-40.49674421100374
permanent_sar,v1.1/data/perm_water/S1Perm/sentinel_4_179_inhabited_146.22735435486334_-42.74006444177972.tif,data/external/sen1floods11/permanent_sar/sentinel_4_179_inhabited_146.22735435486334_-42.74006444177972.tif,1926139,EXISTING,sentinel_4_179_inhabited_146.22735435486334_-42.74006444177972
permanent_sar,v1.1/data/perm_water/S1Perm/sentinel_4_180_inhabited_168.67120945503981_-44.01243325457207.tif,data/external/sen1floods11/permanent_sar/sentinel_4_180_inhabited_168.67120945503981_-44.01243325457207.tif,1890052,EXISTING,sentinel_4_180_inhabited_168.67120945503981_-44.01243325457207
permanent_sar,v1.1/data/perm_water/S1Perm/sentinel_4_180_inhabited_170.40517103158172_-43.066492934397225.tif,data/external/sen1floods11/permanent_sar/sentinel_4_180_inhabited_170.40517103158172_-43.066492934397225.tif,1870834,EXISTING,sentinel_4_180_inhabited_170.40517103158172_-43.066492934397225
permanent_sar,v1.1/data/perm_water/S1Perm/sentinel_4_308_inhabited_75.99012287128116_31.98065045980857.tif,data/external/sen1floods11/permanent_sar/sentinel_4_308_inhabited_75.99012287128116_31.98065045980857.tif,1889645,EXISTING,sentinel_4_308_inhabited_75.99012287128116_31.98065045980857
permanent_sar,v1.1/data/perm_water/S1Perm/sentinel_4_330_rural_-81.31556037289577_34.01409864040308.tif,data/external/sen1floods11/permanent_sar/sentinel_4_330_rural_-81.31556037289577_34.01409864040308.tif,1849957,EXISTING,sentinel_4_330_rural_-81.31556037289577_34.01409864040308
permanent_sar,v1.1/data/perm_water/S1Perm/sentinel_4_332_rural_-95.9700660115677_32.91833698393349.tif,data/external/sen1floods11/permanent_sar/sentinel_4_332_rural_-95.9700660115677_32.91833698393349.tif,1713786,EXISTING,sentinel_4_332_rural_-95.9700660115677_32.91833698393349
permanent_sar,v1.1/data/perm_water/S1Perm/sentinel_4_333_rural_-79.57649312564766_45.12436361146145.tif,data/external/sen1floods11/permanent_sar/sentinel_4_333_rural_-79.57649312564766_45.12436361146145.tif,1910150,EXISTING,sentinel_4_333_rural_-79.57649312564766_45.12436361146145
permanent_sar,v1.1/data/perm_water/S1Perm/sentinel_4_334_high_density_-73.79128217351328_45.445075536528435.tif,data/external/sen1floods11/permanent_sar/sentinel_4_334_high_density_-73.79128217351328_45.445075536528435.tif,1890414,EXISTING,sentinel_4_334_high_density_-73.79128217351328_45.445075536528435
permanent_sar,v1.1/data/perm_water/S1Perm/sentinel_4_334_high_density_-79.50044315718114_44.29373118542765.tif,data/external/sen1floods11/permanent_sar/sentinel_4_334_high_density_-79.50044315718114_44.29373118542765.tif,1905782,EXISTING,sentinel_4_334_high_density_-79.50044315718114_44.29373118542765
permanent_sar,v1.1/data/perm_water/S1Perm/sentinel_4_334_low_density_-73.22825377899996_44.498194346031305.tif,data/external/sen1floods11/permanent_sar/sentinel_4_334_low_density_-73.22825377899996_44.498194346031305.tif,1881293,EXISTING,sentinel_4_334_low_density_-73.22825377899996_44.498194346031305
permanent_sar,v1.1/data/perm_water/S1Perm/sentinel_4_334_low_density_-77.4071538404494_43.259005704177646.tif,data/external/sen1floods11/permanent_sar/sentinel_4_334_low_density_-77.4071538404494_43.259005704177646.tif,1874381,EXISTING,sentinel_4_334_low_density_-77.4071538404494_43.259005704177646
permanent_sar,v1.1/data/perm_water/S1Perm/sentinel_4_334_low_density_-80.55073536020875_41.95626595411027.tif,data/external/sen1floods11/permanent_sar/sentinel_4_334_low_density_-80.55073536020875_41.95626595411027.tif,1864558,EXISTING,sentinel_4_334_low_density_-80.55073536020875_41.95626595411027
permanent_sar,v1.1/data/perm_water/S1Perm/sentinel_4_334_rural_-76.12512661477528_44.270610746465536.tif,data/external/sen1floods11/permanent_sar/sentinel_4_334_rural_-76.12512661477528_44.270610746465536.tif,1895786,EXISTING,sentinel_4_334_rural_-76.12512661477528_44.270610746465536
permanent_sar,v1.1/data/perm_water/S1Perm/sentinel_4_334_rural_-81.93371217463181_41.46913145952657.tif,data/external/sen1floods11/permanent_sar/sentinel_4_334_rural_-81.93371217463181_41.46913145952657.tif,1851119,EXISTING,sentinel_4_334_rural_-81.93371217463181_41.46913145952657
permanent_sar,v1.1/data/perm_water/S1Perm/sentinel_4_335_rural_-64.01948772926356_46.065523775307.tif,data/external/sen1floods11/permanent_sar/sentinel_4_335_rural_-64.01948772926356_46.065523775307.tif,1872058,EXISTING,sentinel_4_335_rural_-64.01948772926356_46.065523775307
permanent_sar,v1.1/data/perm_water/S1Perm/sentinel_4_336_rural_-87.04830108293423_34.687240076330205.tif,data/external/sen1floods11/permanent_sar/sentinel_4_336_rural_-87.04830108293423_34.687240076330205.tif,1874205,EXISTING,sentinel_4_336_rural_-87.04830108293423_34.687240076330205
permanent_sar,v1.1/data/perm_water/S1Perm/sentinel_4_337_low_density_-89.8657751653519_29.97121007928583.tif,data/external/sen1floods11/permanent_sar/sentinel_4_337_low_density_-89.8657751653519_29.97121007928583.tif,1880427,EXISTING,sentinel_4_337_low_density_-89.8657751653519_29.97121007928583
permanent_sar,v1.1/data/perm_water/S1Perm/sentinel_4_337_rural_-91.13685083883874_29.937392256896494.tif,data/external/sen1floods11/permanent_sar/sentinel_4_337_rural_-91.13685083883874_29.937392256896494.tif,1824287,EXISTING,sentinel_4_337_rural_-91.13685083883874_29.937392256896494
permanent_sar,v1.1/data/perm_water/S1Perm/sentinel_4_338_rural_-67.01062596130873_44.91723836752888.tif,data/external/sen1floods11/permanent_sar/sentinel_4_338_rural_-67.01062596130873_44.91723836752888.tif,1905327,EXISTING,sentinel_4_338_rural_-67.01062596130873_44.91723836752888
permanent_sar,v1.1/data/perm_water/S1Perm/sentinel_4_340_inhabited_-94.82582500844505_36.591682004347454.tif,data/external/sen1floods11/permanent_sar/sentinel_4_340_inhabited_-94.82582500844505_36.591682004347454.tif,1897296,EXISTING,sentinel_4_340_inhabited_-94.82582500844505_36.591682004347454
permanent_sar,v1.1/data/perm_water/S1Perm/sentinel_4_341_rural_-92.14135253314852_35.4974409013371.tif,data/external/sen1floods11/permanent_sar/sentinel_4_341_rural_-92.14135253314852_35.4974409013371.tif,1873708,EXISTING,sentinel_4_341_rural_-92.14135253314852_35.4974409013371
permanent_sar,v1.1/data/perm_water/S1Perm/sentinel_4_341_rural_-95.67494932654748_35.061398786623805.tif,data/external/sen1floods11/permanent_sar/sentinel_4_341_rural_-95.67494932654748_35.061398786623805.tif,1918278,EXISTING,sentinel_4_341_rural_-95.67494932654748_35.061398786623805
permanent_sar,v1.1/data/perm_water/S1Perm/sentinel_4_343_rural_-87.20536399933975_45.1336207052484.tif,data/external/sen1floods11/permanent_sar/sentinel_4_343_rural_-87.20536399933975_45.1336207052484.tif,152020,EXISTING,sentinel_4_343_rural_-87.20536399933975_45.1336207052484
permanent_sar,v1.1/data/perm_water/S1Perm/sentinel_4_343_rural_-89.98569376998222_44.12682703299717.tif,data/external/sen1floods11/permanent_sar/sentinel_4_343_rural_-89.98569376998222_44.12682703299717.tif,1896760,EXISTING,sentinel_4_343_rural_-89.98569376998222_44.12682703299717
permanent_sar,v1.1/data/perm_water/S1Perm/sentinel_4_344_rural_-85.54103574484846_45.59859792669752.tif,data/external/sen1floods11/permanent_sar/sentinel_4_344_rural_-85.54103574484846_45.59859792669752.tif,1873187,EXISTING,sentinel_4_344_rural_-85.54103574484846_45.59859792669752
permanent_sar,v1.1/data/perm_water/S1Perm/sentinel_4_344_rural_-90.7418948812319_46.79086790726683.tif,data/external/sen1floods11/permanent_sar/sentinel_4_344_rural_-90.7418948812319_46.79086790726683.tif,1886907,EXISTING,sentinel_4_344_rural_-90.7418948812319_46.79086790726683
permanent_sar,v1.1/data/perm_water/S1Perm/sentinel_4_344_rural_-90.74668841486434_46.859832364159416.tif,data/external/sen1floods11/permanent_sar/sentinel_4_344_rural_-90.74668841486434_46.859832364159416.tif,1905002,EXISTING,sentinel_4_344_rural_-90.74668841486434_46.859832364159416
permanent_sar,v1.1/data/perm_water/S1Perm/sentinel_4_561_rural_-68.26965760285023_-55.028597816099584.tif,data/external/sen1floods11/permanent_sar/sentinel_4_561_rural_-68.26965760285023_-55.028597816099584.tif,1926350,EXISTING,sentinel_4_561_rural_-68.26965760285023_-55.028597816099584
permanent_sar,v1.1/data/perm_water/S1Perm/sentinel_4_561_rural_-69.01624489222867_-54.036153531038345.tif,data/external/sen1floods11/permanent_sar/sentinel_4_561_rural_-69.01624489222867_-54.036153531038345.tif,1960428,EXISTING,sentinel_4_561_rural_-69.01624489222867_-54.036153531038345
permanent_sar,v1.1/data/perm_water/S1Perm/sentinel_4_561_rural_-71.25693425338312_-54.733717463435205.tif,data/external/sen1floods11/permanent_sar/sentinel_4_561_rural_-71.25693425338312_-54.733717463435205.tif,1944388,EXISTING,sentinel_4_561_rural_-71.25693425338312_-54.733717463435205
permanent_sar,v1.1/data/perm_water/S1Perm/sentinel_4_563_rural_-72.9850945394545_-41.24805814749883.tif,data/external/sen1floods11/permanent_sar/sentinel_4_563_rural_-72.9850945394545_-41.24805814749883.tif,1902292,EXISTING,sentinel_4_563_rural_-72.9850945394545_-41.24805814749883
permanent_sar,v1.1/data/perm_water/S1Perm/sentinel_4_563_rural_-73.0780132872062_-41.81172865256387.tif,data/external/sen1floods11/permanent_sar/sentinel_4_563_rural_-73.0780132872062_-41.81172865256387.tif,1908891,EXISTING,sentinel_4_563_rural_-73.0780132872062_-41.81172865256387
permanent_sar,v1.1/data/perm_water/S1Perm/sentinel_4_563_rural_-73.25155704110526_-42.65184558653834.tif,data/external/sen1floods11/permanent_sar/sentinel_4_563_rural_-73.25155704110526_-42.65184558653834.tif,1906615,EXISTING,sentinel_4_563_rural_-73.25155704110526_-42.65184558653834
permanent_sar,v1.1/data/perm_water/S1Perm/sentinel_4_645_rural_-27.24525012778802_38.78998315088785.tif,data/external/sen1floods11/permanent_sar/sentinel_4_645_rural_-27.24525012778802_38.78998315088785.tif,1858380,DOWNLOADED,sentinel_4_645_rural_-27.24525012778802_38.78998315088785
permanent_sar,v1.1/data/perm_water/S1Perm/sentinel_4_646_inhabited_27.627337119754642_42.585008120848244.tif,data/external/sen1floods11/permanent_sar/sentinel_4_646_inhabited_27.627337119754642_42.585008120848244.tif,1893111,DOWNLOADED,sentinel_4_646_inhabited_27.627337119754642_42.585008120848244
permanent_sar,v1.1/data/perm_water/S1Perm/sentinel_4_646_rural_27.62595479842808_42.446686806170355.tif,data/external/sen1floods11/permanent_sar/sentinel_4_646_rural_27.62595479842808_42.446686806170355.tif,1884925,DOWNLOADED,sentinel_4_646_rural_27.62595479842808_42.446686806170355
permanent_sar,v1.1/data/perm_water/S1Perm/sentinel_4_647_rural_10.554723407213768_55.48541934172195.tif,data/external/sen1floods11/permanent_sar/sentinel_4_647_rural_10.554723407213768_55.48541934172195.tif,1931809,DOWNLOADED,sentinel_4_647_rural_10.554723407213768_55.48541934172195
permanent_sar,v1.1/data/perm_water/S1Perm/sentinel_4_647_rural_16.085319689196364_54.24096896062523.tif,data/external/sen1floods11/permanent_sar/sentinel_4_647_rural_16.085319689196364_54.24096896062523.tif,1916794,DOWNLOADED,sentinel_4_647_rural_16.085319689196364_54.24096896062523
permanent_sar,v1.1/data/perm_water/S1Perm/sentinel_4_648_high_density_-5.620790518990652_43.53394495693101.tif,data/external/sen1floods11/permanent_sar/sentinel_4_648_high_density_-5.620790518990652_43.53394495693101.tif,1880929,DOWNLOADED,sentinel_4_648_high_density_-5.620790518990652_43.53394495693101
permanent_sar,v1.1/data/perm_water/S1Perm/sentinel_4_648_low_density_-8.694761012204637_41.18180928314779.tif,data/external/sen1floods11/permanent_sar/sentinel_4_648_low_density_-8.694761012204637_41.18180928314779.tif,1472353,DOWNLOADED,sentinel_4_648_low_density_-8.694761012204637_41.18180928314779
permanent_sar,v1.1/data/perm_water/S1Perm/sentinel_4_648_low_density_-8.782627598462788_42.28879449696889.tif,data/external/sen1floods11/permanent_sar/sentinel_4_648_low_density_-8.782627598462788_42.28879449696889.tif,1859858,DOWNLOADED,sentinel_4_648_low_density_-8.782627598462788_42.28879449696889
permanent_sar,v1.1/data/perm_water/S1Perm/sentinel_4_648_low_density_-8.7962278566758_42.26012247719523.tif,data/external/sen1floods11/permanent_sar/sentinel_4_648_low_density_-8.7962278566758_42.26012247719523.tif,1886332,DOWNLOADED,sentinel_4_648_low_density_-8.7962278566758_42.26012247719523
permanent_sar,v1.1/data/perm_water/S1Perm/sentinel_4_648_low_density_-8.982381948354005_42.53697022519948.tif,data/external/sen1floods11/permanent_sar/sentinel_4_648_low_density_-8.982381948354005_42.53697022519948.tif,1882641,DOWNLOADED,sentinel_4_648_low_density_-8.982381948354005_42.53697022519948
permanent_sar,v1.1/data/perm_water/S1Perm/sentinel_4_648_rural_-1.2403301717233455_45.94372788913318.tif,data/external/sen1floods11/permanent_sar/sentinel_4_648_rural_-1.2403301717233455_45.94372788913318.tif,1902662,DOWNLOADED,sentinel_4_648_rural_-1.2403301717233455_45.94372788913318
permanent_sar,v1.1/data/perm_water/S1Perm/sentinel_4_650_inhabited_45.38933231425931_40.17591189020831.tif,data/external/sen1floods11/permanent_sar/sentinel_4_650_inhabited_45.38933231425931_40.17591189020831.tif,1917196,DOWNLOADED,sentinel_4_650_inhabited_45.38933231425931_40.17591189020831
permanent_sar,v1.1/data/perm_water/S1Perm/sentinel_4_651_high_density_-1.3351262010185512_54.84937762655949.tif,data/external/sen1floods11/permanent_sar/sentinel_4_651_high_density_-1.3351262010185512_54.84937762655949.tif,1967301,DOWNLOADED,sentinel_4_651_high_density_-1.3351262010185512_54.84937762655949
permanent_sar,v1.1/data/perm_water/S1Perm/sentinel_4_651_high_density_-2.0659951591835974_57.12767058689764.tif,data/external/sen1floods11/permanent_sar/sentinel_4_651_high_density_-2.0659951591835974_57.12767058689764.tif,1903372,DOWNLOADED,sentinel_4_651_high_density_-2.0659951591835974_57.12767058689764
permanent_sar,v1.1/data/perm_water/S1Perm/sentinel_4_651_low_density_-1.4467285821841946_55.05793424193019.tif,data/external/sen1floods11/permanent_sar/sentinel_4_651_low_density_-1.4467285821841946_55.05793424193019.tif,1591501,DOWNLOADED,sentinel_4_651_low_density_-1.4467285821841946_55.05793424193019
permanent_sar,v1.1/data/perm_water/S1Perm/sentinel_4_651_low_density_-1.9106311602794361_55.684112425562446.tif,data/external/sen1floods11/permanent_sar/sentinel_4_651_low_density_-1.9106311602794361_55.684112425562446.tif,1904899,DOWNLOADED,sentinel_4_651_low_density_-1.9106311602794361_55.684112425562446
permanent_sar,v1.1/data/perm_water/S1Perm/sentinel_4_651_low_density_-5.496903314422765_50.12782280330989.tif,data/external/sen1floods11/permanent_sar/sentinel_4_651_low_density_-5.496903314422765_50.12782280330989.tif,1928709,DOWNLOADED,sentinel_4_651_low_density_-5.496903314422765_50.12782280330989
permanent_sar,v1.1/data/perm_water/S1Perm/sentinel_4_651_low_density_0.28483845709201583_53.27372305561701.tif,data/external/sen1floods11/permanent_sar/sentinel_4_651_low_density_0.28483845709201583_53.27372305561701.tif,1912413,DOWNLOADED,sentinel_4_651_low_density_0.28483845709201583_53.27372305561701
permanent_sar,v1.1/data/perm_water/S1Perm/sentinel_4_651_low_density_1.7285170141556534_52.66277716118333.tif,data/external/sen1floods11/permanent_sar/sentinel_4_651_low_density_1.7285170141556534_52.66277716118333.tif,1937715,DOWNLOADED,sentinel_4_651_low_density_1.7285170141556534_52.66277716118333
permanent_sar,v1.1/data/perm_water/S1Perm/sentinel_4_651_rural_-6.550089474034039_54.581523885380044.tif,data/external/sen1floods11/permanent_sar/sentinel_4_651_rural_-6.550089474034039_54.581523885380044.tif,1933982,DOWNLOADED,sentinel_4_651_rural_-6.550089474034039_54.581523885380044
permanent_sar,v1.1/data/perm_water/S1Perm/sentinel_4_652_inhabited_31.59183914345336_37.812561577275666.tif,data/external/sen1floods11/permanent_sar/sentinel_4_652_inhabited_31.59183914345336_37.812561577275666.tif,1904738,DOWNLOADED,sentinel_4_652_inhabited_31.59183914345336_37.812561577275666
permanent_sar,v1.1/data/perm_water/S1Perm/sentinel_4_654_rural_19.27532045092207_54.30810964518696.tif,data/external/sen1floods11/permanent_sar/sentinel_4_654_rural_19.27532045092207_54.30810964518696.tif,1930972,DOWNLOADED,sentinel_4_654_rural_19.27532045092207_54.30810964518696
permanent_sar,v1.1/data/perm_water/S1Perm/sentinel_4_654_rural_21.703265301714925_53.78544057430835.tif,data/external/sen1floods11/permanent_sar/sentinel_4_654_rural_21.703265301714925_53.78544057430835.tif,1918232,DOWNLOADED,sentinel_4_654_rural_21.703265301714925_53.78544057430835
permanent_sar,v1.1/data/perm_water/S1Perm/sentinel_4_654_rural_30.489388835403616_50.88838491538983.tif,data/external/sen1floods11/permanent_sar/sentinel_4_654_rural_30.489388835403616_50.88838491538983.tif,1955041,DOWNLOADED,sentinel_4_654_rural_30.489388835403616_50.88838491538983
permanent_sar,v1.1/data/perm_water/S1Perm/sentinel_4_655_low_density_125.21374254027646_38.74918237624882.tif,data/external/sen1floods11/permanent_sar/sentinel_4_655_low_density_125.21374254027646_38.74918237624882.tif,1907818,DOWNLOADED,sentinel_4_655_low_density_125.21374254027646_38.74918237624882
permanent_sar,v1.1/data/perm_water/S1Perm/sentinel_4_655_low_density_125.61582414136673_37.766013021378754.tif,data/external/sen1floods11/permanent_sar/sentinel_4_655_low_density_125.61582414136673_37.766013021378754.tif,1904540,DOWNLOADED,sentinel_4_655_low_density_125.61582414136673_37.766013021378754
permanent_sar,v1.1/data/perm_water/S1Perm/sentinel_4_655_low_density_128.63960745222417_40.17412824978694.tif,data/external/sen1floods11/permanent_sar/sentinel_4_655_low_density_128.63960745222417_40.17412824978694.tif,1883552,DOWNLOADED,sentinel_4_655_low_density_128.63960745222417_40.17412824978694
permanent_sar,v1.1/data/perm_water/S1Perm/sentinel_4_655_rural_125.35666564724148_37.84069404582187.tif,data/external/sen1floods11/permanent_sar/sentinel_4_655_rural_125.35666564724148_37.84069404582187.tif,1894634,DOWNLOADED,sentinel_4_655_rural_125.35666564724148_37.84069404582187
permanent_sar,v1.1/data/perm_water/S1Perm/sentinel_4_655_rural_127.73919901290604_39.84822593109373.tif,data/external/sen1floods11/permanent_sar/sentinel_4_655_rural_127.73919901290604_39.84822593109373.tif,1883460,DOWNLOADED,sentinel_4_655_rural_127.73919901290604_39.84822593109373
permanent_sar,v1.1/data/perm_water/S1Perm/sentinel_4_655_rural_129.38216817335135_36.25324069349197.tif,data/external/sen1floods11/permanent_sar/sentinel_4_655_rural_129.38216817335135_36.25324069349197.tif,1861255,DOWNLOADED,sentinel_4_655_rural_129.38216817335135_36.25324069349197
permanent_sar,v1.1/data/perm_water/S1Perm/sentinel_4_657_high_density_119.06050860089807_29.565632542969656.tif,data/external/sen1floods11/permanent_sar/sentinel_4_657_high_density_119.06050860089807_29.565632542969656.tif,1870832,DOWNLOADED,sentinel_4_657_high_density_119.06050860089807_29.565632542969656
permanent_sar,v1.1/data/perm_water/S1Perm/sentinel_4_657_high_density_120.84802398109187_31.988409295641567.tif,data/external/sen1floods11/permanent_sar/sentinel_4_657_high_density_120.84802398109187_31.988409295641567.tif,1792837,DOWNLOADED,sentinel_4_657_high_density_120.84802398109187_31.988409295641567
permanent_sar,v1.1/data/perm_water/S1Perm/sentinel_4_657_low_density_116.50267905462042_30.17911120680169.tif,data/external/sen1floods11/permanent_sar/sentinel_4_657_low_density_116.50267905462042_30.17911120680169.tif,1866557,DOWNLOADED,sentinel_4_657_low_density_116.50267905462042_30.17911120680169
permanent_sar,v1.1/data/perm_water/S1Perm/sentinel_4_657_low_density_119.13973790841565_29.56437953557364.tif,data/external/sen1floods11/permanent_sar/sentinel_4_657_low_density_119.13973790841565_29.56437953557364.tif,1854343,DOWNLOADED,sentinel_4_657_low_density_119.13973790841565_29.56437953557364
permanent_sar,v1.1/data/perm_water/S1Perm/sentinel_4_657_low_density_120.84486247844494_31.238210134409826.tif,data/external/sen1floods11/permanent_sar/sentinel_4_657_low_density_120.84486247844494_31.238210134409826.tif,1864328,DOWNLOADED,sentinel_4_657_low_density_120.84486247844494_31.238210134409826
permanent_sar,v1.1/data/perm_water/S1Perm/sentinel_4_657_low_density_120.93082056945221_31.920519482102858.tif,data/external/sen1floods11/permanent_sar/sentinel_4_657_low_density_120.93082056945221_31.920519482102858.tif,1816414,DOWNLOADED,sentinel_4_657_low_density_120.93082056945221_31.920519482102858
permanent_sar,v1.1/data/perm_water/S1Perm/sentinel_4_657_low_density_121.80967817337904_31.458627958582714.tif,data/external/sen1floods11/permanent_sar/sentinel_4_657_low_density_121.80967817337904_31.458627958582714.tif,1850334,DOWNLOADED,sentinel_4_657_low_density_121.80967817337904_31.458627958582714
permanent_sar,v1.1/data/perm_water/S1Perm/sentinel_4_657_low_density_122.21444415330349_30.08914438394736.tif,data/external/sen1floods11/permanent_sar/sentinel_4_657_low_density_122.21444415330349_30.08914438394736.tif,1824040,DOWNLOADED,sentinel_4_657_low_density_122.21444415330349_30.08914438394736
permanent_sar,v1.1/data/perm_water/S1Perm/sentinel_4_657_rural_112.89901194726758_29.42947835140374.tif,data/external/sen1floods11/permanent_sar/sentinel_4_657_rural_112.89901194726758_29.42947835140374.tif,1872735,DOWNLOADED,sentinel_4_657_rural_112.89901194726758_29.42947835140374
permanent_sar,v1.1/data/perm_water/S1Perm/sentinel_4_657_rural_120.44754765638082_31.023138772400035.tif,data/external/sen1floods11/permanent_sar/sentinel_4_657_rural_120.44754765638082_31.023138772400035.tif,1886920,DOWNLOADED,sentinel_4_657_rural_120.44754765638082_31.023138772400035
permanent_sar,v1.1/data/perm_water/S1Perm/sentinel_4_658_high_density_37.818523395384126_44.66300718006772.tif,data/external/sen1floods11/permanent_sar/sentinel_4_658_high_density_37.818523395384126_44.66300718006772.tif,1899563,DOWNLOADED,sentinel_4_658_high_density_37.818523395384126_44.66300718006772
permanent_sar,v1.1/data/perm_water/S1Perm/sentinel_4_658_low_density_39.033204817848045_44.08776530776899.tif,data/external/sen1floods11/permanent_sar/sentinel_4_658_low_density_39.033204817848045_44.08776530776899.tif,1915637,DOWNLOADED,sentinel_4_658_low_density_39.033204817848045_44.08776530776899
permanent_sar,v1.1/data/perm_water/S1Perm/sentinel_4_658_rural_38.84096851233296_44.22595284941528.tif,data/external/sen1floods11/permanent_sar/sentinel_4_658_rural_38.84096851233296_44.22595284941528.tif,1892567,DOWNLOADED,sentinel_4_658_rural_38.84096851233296_44.22595284941528
permanent_sar,v1.1/data/perm_water/S1Perm/sentinel_4_659_inhabited_112.03660842622801_31.009119358687997.tif,data/external/sen1floods11/permanent_sar/sentinel_4_659_inhabited_112.03660842622801_31.009119358687997.tif,1893162,DOWNLOADED,sentinel_4_659_inhabited_112.03660842622801_31.009119358687997
permanent_sar,v1.1/data/perm_water/S1Perm/sentinel_4_661_high_density_48.449412707691806_54.29863851454943.tif,data/external/sen1floods11/permanent_sar/sentinel_4_661_high_density_48.449412707691806_54.29863851454943.tif,1950013,DOWNLOADED,sentinel_4_661_high_density_48.449412707691806_54.29863851454943
permanent_sar,v1.1/data/perm_water/S1Perm/sentinel_4_661_low_density_31.50030271702822_50.00780163935534.tif,data/external/sen1floods11/permanent_sar/sentinel_4_661_low_density_31.50030271702822_50.00780163935534.tif,1919042,DOWNLOADED,sentinel_4_661_low_density_31.50030271702822_50.00780163935534
permanent_sar,v1.1/data/perm_water/S1Perm/sentinel_4_661_low_density_49.34845220298651_55.174133956281956.tif,data/external/sen1floods11/permanent_sar/sentinel_4_661_low_density_49.34845220298651_55.174133956281956.tif,1972058,DOWNLOADED,sentinel_4_661_low_density_49.34845220298651_55.174133956281956
permanent_sar,v1.1/data/perm_water/S1Perm/sentinel_4_661_rural_48.862548420293564_53.66441611261678.tif,data/external/sen1floods11/permanent_sar/sentinel_4_661_rural_48.862548420293564_53.66441611261678.tif,1972262,DOWNLOADED,sentinel_4_661_rural_48.862548420293564_53.66441611261678
permanent_sar,v1.1/data/perm_water/S1Perm/sentinel_4_663_low_density_-2.700467270775251_51.56661418561895.tif,data/external/sen1floods11/permanent_sar/sentinel_4_663_low_density_-2.700467270775251_51.56661418561895.tif,1964006,DOWNLOADED,sentinel_4_663_low_density_-2.700467270775251_51.56661418561895
permanent_sar,v1.1/data/perm_water/S1Perm/sentinel_4_663_low_density_1.1254904831929_51.80532324231306.tif,data/external/sen1floods11/permanent_sar/sentinel_4_663_low_density_1.1254904831929_51.80532324231306.tif,1912920,DOWNLOADED,sentinel_4_663_low_density_1.1254904831929_51.80532324231306
permanent_sar,v1.1/data/perm_water/S1Perm/sentinel_4_663_low_density_1.7344922095672706_52.45569650826131.tif,data/external/sen1floods11/permanent_sar/sentinel_4_663_low_density_1.7344922095672706_52.45569650826131.tif,1843365,DOWNLOADED,sentinel_4_663_low_density_1.7344922095672706_52.45569650826131
permanent_sar,v1.1/data/perm_water/S1Perm/sentinel_4_663_rural_1.7305191505286506_52.593750276875994.tif,data/external/sen1floods11/permanent_sar/sentinel_4_663_rural_1.7305191505286506_52.593750276875994.tif,1928631,DOWNLOADED,sentinel_4_663_rural_1.7305191505286506_52.593750276875994
permanent_sar,v1.1/data/perm_water/S1Perm/sentinel_4_664_low_density_4.096081177583795_51.97402887156913.tif,data/external/sen1floods11/permanent_sar/sentinel_4_664_low_density_4.096081177583795_51.97402887156913.tif,1896129,DOWNLOADED,sentinel_4_664_low_density_4.096081177583795_51.97402887156913
permanent_sar,v1.1/data/perm_water/S1Perm/sentinel_4_664_low_density_5.2517241021000975_52.717258457854335.tif,data/external/sen1floods11/permanent_sar/sentinel_4_664_low_density_5.2517241021000975_52.717258457854335.tif,1898146,DOWNLOADED,sentinel_4_664_low_density_5.2517241021000975_52.717258457854335
permanent_sar,v1.1/data/perm_water/S1Perm/sentinel_4_664_rural_-1.2928851367392582_49.579803742942445.tif,data/external/sen1floods11/permanent_sar/sentinel_4_664_rural_-1.2928851367392582_49.579803742942445.tif,1914267,DOWNLOADED,sentinel_4_664_rural_-1.2928851367392582_49.579803742942445
permanent_sar,v1.1/data/perm_water/S1Perm/sentinel_4_665_low_density_40.266525282715385_40.946266188201626.tif,data/external/sen1floods11/permanent_sar/sentinel_4_665_low_density_40.266525282715385_40.946266188201626.tif,1886113,DOWNLOADED,sentinel_4_665_low_density_40.266525282715385_40.946266188201626
permanent_sar,v1.1/data/perm_water/S1Perm/sentinel_4_665_rural_28.027742098848815_41.97143581589409.tif,data/external/sen1floods11/permanent_sar/sentinel_4_665_rural_28.027742098848815_41.97143581589409.tif,1891454,DOWNLOADED,sentinel_4_665_rural_28.027742098848815_41.97143581589409
permanent_sar,v1.1/data/perm_water/S1Perm/sentinel_4_665_rural_35.185464355233826_42.02618019952724.tif,data/external/sen1floods11/permanent_sar/sentinel_4_665_rural_35.185464355233826_42.02618019952724.tif,1898798,DOWNLOADED,sentinel_4_665_rural_35.185464355233826_42.02618019952724
permanent_sar,v1.1/data/perm_water/S1Perm/sentinel_4_666_low_density_141.67359996335594_42.63129804888406.tif,data/external/sen1floods11/permanent_sar/sentinel_4_666_low_density_141.67359996335594_42.63129804888406.tif,1865768,DOWNLOADED,sentinel_4_666_low_density_141.67359996335594_42.63129804888406
permanent_sar,v1.1/data/perm_water/S1Perm/sentinel_4_666_rural_140.7372288740418_42.56381401354122.tif,data/external/sen1floods11/permanent_sar/sentinel_4_666_rural_140.7372288740418_42.56381401354122.tif,1887452,DOWNLOADED,sentinel_4_666_rural_140.7372288740418_42.56381401354122
permanent_sar,v1.1/data/perm_water/S1Perm/sentinel_4_667_low_density_118.12599695672318_34.14347945746879.tif,data/external/sen1floods11/permanent_sar/sentinel_4_667_low_density_118.12599695672318_34.14347945746879.tif,1869259,DOWNLOADED,sentinel_4_667_low_density_118.12599695672318_34.14347945746879
permanent_sar,v1.1/data/perm_water/S1Perm/sentinel_4_667_low_density_119.43106435754046_39.795898380231534.tif,data/external/sen1floods11/permanent_sar/sentinel_4_667_low_density_119.43106435754046_39.795898380231534.tif,1890227,DOWNLOADED,sentinel_4_667_low_density_119.43106435754046_39.795898380231534
permanent_sar,v1.1/data/perm_water/S1Perm/sentinel_4_667_rural_118.20927958709838_34.142690196582336.tif,data/external/sen1floods11/permanent_sar/sentinel_4_667_rural_118.20927958709838_34.142690196582336.tif,1886682,DOWNLOADED,sentinel_4_667_rural_118.20927958709838_34.142690196582336
permanent_sar,v1.1/data/perm_water/S1Perm/sentinel_4_668_inhabited_-16.355938073028945_33.06080972169214.tif,data/external/sen1floods11/permanent_sar/sentinel_4_668_inhabited_-16.355938073028945_33.06080972169214.tif,1855101,DOWNLOADED,sentinel_4_668_inhabited_-16.355938073028945_33.06080972169214
permanent_sar,v1.1/data/perm_water/S1Perm/sentinel_4_669_rural_129.65915415348826_41.553591292579895.tif,data/external/sen1floods11/permanent_sar/sentinel_4_669_rural_129.65915415348826_41.553591292579895.tif,1885898,DOWNLOADED,sentinel_4_669_rural_129.65915415348826_41.553591292579895
permanent_sar,v1.1/data/perm_water/S1Perm/sentinel_4_669_rural_129.99208847454273_41.95746099319259.tif,data/external/sen1floods11/permanent_sar/sentinel_4_669_rural_129.99208847454273_41.95746099319259.tif,1896232,DOWNLOADED,sentinel_4_669_rural_129.99208847454273_41.95746099319259
permanent_sar,v1.1/data/perm_water/S1Perm/sentinel_4_670_inhabited_133.38276216097665_36.24062143751072.tif,data/external/sen1floods11/permanent_sar/sentinel_4_670_inhabited_133.38276216097665_36.24062143751072.tif,1870277,DOWNLOADED,sentinel_4_670_inhabited_133.38276216097665_36.24062143751072
permanent_sar,v1.1/data/perm_water/S1Perm/sentinel_4_670_inhabited_136.10049953013188_35.70450371785492.tif,data/external/sen1floods11/permanent_sar/sentinel_4_670_inhabited_136.10049953013188_35.70450371785492.tif,1861330,DOWNLOADED,sentinel_4_670_inhabited_136.10049953013188_35.70450371785492
permanent_sar,v1.1/data/perm_water/S1Perm/sentinel_4_670_inhabited_138.4912465599369_37.904833755374625.tif,data/external/sen1floods11/permanent_sar/sentinel_4_670_inhabited_138.4912465599369_37.904833755374625.tif,1876206,DOWNLOADED,sentinel_4_670_inhabited_138.4912465599369_37.904833755374625
permanent_sar,v1.1/data/perm_water/S1Perm/sentinel_4_671_high_density_140.74036362208238_41.8029620598928.tif,data/external/sen1floods11/permanent_sar/sentinel_4_671_high_density_140.74036362208238_41.8029620598928.tif,1814437,DOWNLOADED,sentinel_4_671_high_density_140.74036362208238_41.8029620598928
permanent_sar,v1.1/data/perm_water/S1Perm/sentinel_4_671_low_density_140.92534051108248_41.73406003041495.tif,data/external/sen1floods11/permanent_sar/sentinel_4_671_low_density_140.92534051108248_41.73406003041495.tif,1872227,DOWNLOADED,sentinel_4_671_low_density_140.92534051108248_41.73406003041495
permanent_sar,v1.1/data/perm_water/S1Perm/sentinel_4_671_rural_140.36368997879464_42.49318631195569.tif,data/external/sen1floods11/permanent_sar/sentinel_4_671_rural_140.36368997879464_42.49318631195569.tif,1891546,DOWNLOADED,sentinel_4_671_rural_140.36368997879464_42.49318631195569
permanent_sar,v1.1/data/perm_water/S1Perm/sentinel_4_672_rural_-6.577397008885342_57.93821476268566.tif,data/external/sen1floods11/permanent_sar/sentinel_4_672_rural_-6.577397008885342_57.93821476268566.tif,1913908,DOWNLOADED,sentinel_4_672_rural_-6.577397008885342_57.93821476268566
permanent_sar,v1.1/data/perm_water/S1Perm/sentinel_4_673_high_density_120.94158929849634_40.69811721457736.tif,data/external/sen1floods11/permanent_sar/sentinel_4_673_high_density_120.94158929849634_40.69811721457736.tif,1894128,DOWNLOADED,sentinel_4_673_high_density_120.94158929849634_40.69811721457736
permanent_sar,v1.1/data/perm_water/S1Perm/sentinel_4_673_rural_121.35260247899662_38.9952221950748.tif,data/external/sen1floods11/permanent_sar/sentinel_4_673_rural_121.35260247899662_38.9952221950748.tif,1901172,DOWNLOADED,sentinel_4_673_rural_121.35260247899662_38.9952221950748
permanent_sar,v1.1/data/perm_water/S1Perm/sentinel_4_673_rural_121.42642735603748_39.3911324003071.tif,data/external/sen1floods11/permanent_sar/sentinel_4_673_rural_121.42642735603748_39.3911324003071.tif,1906719,DOWNLOADED,sentinel_4_673_rural_121.42642735603748_39.3911324003071
permanent_sar,v1.1/data/perm_water/S1Perm/sentinel_4_674_rural_16.7291425356971_47.79550783370924.tif,data/external/sen1floods11/permanent_sar/sentinel_4_674_rural_16.7291425356971_47.79550783370924.tif,1916434,DOWNLOADED,sentinel_4_674_rural_16.7291425356971_47.79550783370924
permanent_sar,v1.1/data/perm_water/S1Perm/sentinel_4_675_rural_12.098994824942094_44.57137265341941.tif,data/external/sen1floods11/permanent_sar/sentinel_4_675_rural_12.098994824942094_44.57137265341941.tif,1896913,DOWNLOADED,sentinel_4_675_rural_12.098994824942094_44.57137265341941
permanent_sar,v1.1/data/perm_water/S1Perm/sentinel_4_675_rural_12.490111496541934_44.10523606569639.tif,data/external/sen1floods11/permanent_sar/sentinel_4_675_rural_12.490111496541934_44.10523606569639.tif,1893829,DOWNLOADED,sentinel_4_675_rural_12.490111496541934_44.10523606569639
permanent_sar,v1.1/data/perm_water/S1Perm/sentinel_4_681_inhabited_127.91764331886287_34.91221510177971.tif,data/external/sen1floods11/permanent_sar/sentinel_4_681_inhabited_127.91764331886287_34.91221510177971.tif,1878530,DOWNLOADED,sentinel_4_681_inhabited_127.91764331886287_34.91221510177971
permanent_sar,v1.1/data/perm_water/S1Perm/sentinel_4_681_low_density_126.51073896818698_33.22711635458146.tif,data/external/sen1floods11/permanent_sar/sentinel_4_681_low_density_126.51073896818698_33.22711635458146.tif,1852296,DOWNLOADED,sentinel_4_681_low_density_126.51073896818698_33.22711635458146
permanent_sar,v1.1/data/perm_water/S1Perm/sentinel_4_681_rural_127.83456134803505_34.8421982970385.tif,data/external/sen1floods11/permanent_sar/sentinel_4_681_rural_127.83456134803505_34.8421982970385.tif,1845795,DOWNLOADED,sentinel_4_681_rural_127.83456134803505_34.8421982970385
permanent_sar,v1.1/data/perm_water/S1Perm/sentinel_4_681_rural_128.59086947771002_34.77783563243306.tif,data/external/sen1floods11/permanent_sar/sentinel_4_681_rural_128.59086947771002_34.77783563243306.tif,1859942,DOWNLOADED,sentinel_4_681_rural_128.59086947771002_34.77783563243306
permanent_sar,v1.1/data/perm_water/S1Perm/sentinel_4_682_high_density_131.4435035719341_31.86652422744668.tif,data/external/sen1floods11/permanent_sar/sentinel_4_682_high_density_131.4435035719341_31.86652422744668.tif,1838356,DOWNLOADED,sentinel_4_682_high_density_131.4435035719341_31.86652422744668
permanent_sar,v1.1/data/perm_water/S1Perm/sentinel_4_682_high_density_131.90654108442496_33.98138221597393.tif,data/external/sen1floods11/permanent_sar/sentinel_4_682_high_density_131.90654108442496_33.98138221597393.tif,1840340,DOWNLOADED,sentinel_4_682_high_density_131.90654108442496_33.98138221597393
permanent_sar,v1.1/data/perm_water/S1Perm/sentinel_4_682_high_density_132.648339299272_34.20553230772856.tif,data/external/sen1floods11/permanent_sar/sentinel_4_682_high_density_132.648339299272_34.20553230772856.tif,1853200,DOWNLOADED,sentinel_4_682_high_density_132.648339299272_34.20553230772856
permanent_sar,v1.1/data/perm_water/S1Perm/sentinel_4_682_high_density_136.68017374887776_35.005405854695674.tif,data/external/sen1floods11/permanent_sar/sentinel_4_682_high_density_136.68017374887776_35.005405854695674.tif,1832814,DOWNLOADED,sentinel_4_682_high_density_136.68017374887776_35.005405854695674
permanent_sar,v1.1/data/perm_water/S1Perm/sentinel_4_682_high_density_138.8717951620401_35.09365592364442.tif,data/external/sen1floods11/permanent_sar/sentinel_4_682_high_density_138.8717951620401_35.09365592364442.tif,1820840,DOWNLOADED,sentinel_4_682_high_density_138.8717951620401_35.09365592364442
permanent_sar,v1.1/data/perm_water/S1Perm/sentinel_4_682_low_density_129.15803591800096_32.973130417678234.tif,data/external/sen1floods11/permanent_sar/sentinel_4_682_low_density_129.15803591800096_32.973130417678234.tif,1853104,DOWNLOADED,sentinel_4_682_low_density_129.15803591800096_32.973130417678234
permanent_sar,v1.1/data/perm_water/S1Perm/sentinel_4_682_low_density_130.05307559965073_32.2067536378246.tif,data/external/sen1floods11/permanent_sar/sentinel_4_682_low_density_130.05307559965073_32.2067536378246.tif,1857279,DOWNLOADED,sentinel_4_682_low_density_130.05307559965073_32.2067536378246
permanent_sar,v1.1/data/perm_water/S1Perm/sentinel_4_682_low_density_132.47970055653175_34.27141998489427.tif,data/external/sen1floods11/permanent_sar/sentinel_4_682_low_density_132.47970055653175_34.27141998489427.tif,1861883,DOWNLOADED,sentinel_4_682_low_density_132.47970055653175_34.27141998489427
permanent_sar,v1.1/data/perm_water/S1Perm/sentinel_4_682_low_density_133.22718412522192_34.423020502509324.tif,data/external/sen1floods11/permanent_sar/sentinel_4_682_low_density_133.22718412522192_34.423020502509324.tif,1825362,DOWNLOADED,sentinel_4_682_low_density_133.22718412522192_34.423020502509324
permanent_sar,v1.1/data/perm_water/S1Perm/sentinel_4_682_low_density_136.18130735942245_35.42676860874104.tif,data/external/sen1floods11/permanent_sar/sentinel_4_682_low_density_136.18130735942245_35.42676860874104.tif,1858661,DOWNLOADED,sentinel_4_682_low_density_136.18130735942245_35.42676860874104
permanent_sar,v1.1/data/perm_water/S1Perm/sentinel_4_682_low_density_140.43074594043637_35.466307457781944.tif,data/external/sen1floods11/permanent_sar/sentinel_4_682_low_density_140.43074594043637_35.466307457781944.tif,1890414,DOWNLOADED,sentinel_4_682_low_density_140.43074594043637_35.466307457781944
permanent_sar,v1.1/data/perm_water/S1Perm/sentinel_4_682_rural_129.3593375759577_34.306312450637485.tif,data/external/sen1floods11/permanent_sar/sentinel_4_682_rural_129.3593375759577_34.306312450637485.tif,1870679,DOWNLOADED,sentinel_4_682_rural_129.3593375759577_34.306312450637485
permanent_sar,v1.1/data/perm_water/S1Perm/sentinel_4_682_rural_134.22932249597335_34.50270017923335.tif,data/external/sen1floods11/permanent_sar/sentinel_4_682_rural_134.22932249597335_34.50270017923335.tif,1837705,DOWNLOADED,sentinel_4_682_rural_134.22932249597335_34.50270017923335
permanent_sar,v1.1/data/perm_water/S1Perm/sentinel_4_683_rural_138.53544071047762_35.10394306977472.tif,data/external/sen1floods11/permanent_sar/sentinel_4_683_rural_138.53544071047762_35.10394306977472.tif,1835201,DOWNLOADED,sentinel_4_683_rural_138.53544071047762_35.10394306977472
permanent_sar,v1.1/data/perm_water/S1Perm/sentinel_4_683_rural_141.30718225249115_40.72629873323513.tif,data/external/sen1floods11/permanent_sar/sentinel_4_683_rural_141.30718225249115_40.72629873323513.tif,1893163,DOWNLOADED,sentinel_4_683_rural_141.30718225249115_40.72629873323513
permanent_sar,v1.1/data/perm_water/S1Perm/sentinel_4_685_rural_131.89133109073165_42.96269398007511.tif,data/external/sen1floods11/permanent_sar/sentinel_4_685_rural_131.89133109073165_42.96269398007511.tif,1897481,DOWNLOADED,sentinel_4_685_rural_131.89133109073165_42.96269398007511
permanent_sar,v1.1/data/perm_water/S1Perm/sentinel_4_685_rural_136.81698342829853_50.07481746908758.tif,data/external/sen1floods11/permanent_sar/sentinel_4_685_rural_136.81698342829853_50.07481746908758.tif,1914542,DOWNLOADED,sentinel_4_685_rural_136.81698342829853_50.07481746908758
permanent_sar,v1.1/data/perm_water/S1Perm/sentinel_4_686_low_density_6.366535038269994_46.4171818616849.tif,data/external/sen1floods11/permanent_sar/sentinel_4_686_low_density_6.366535038269994_46.4171818616849.tif,1924808,DOWNLOADED,sentinel_4_686_low_density_6.366535038269994_46.4171818616849
permanent_sar,v1.1/data/perm_water/S1Perm/sentinel_4_686_low_density_6.46316821719922_46.48848734663055.tif,data/external/sen1floods11/permanent_sar/sentinel_4_686_low_density_6.46316821719922_46.48848734663055.tif,1899081,DOWNLOADED,sentinel_4_686_low_density_6.46316821719922_46.48848734663055
permanent_sar,v1.1/data/perm_water/S1Perm/sentinel_4_686_rural_13.546062298806344_47.937530202261485.tif,data/external/sen1floods11/permanent_sar/sentinel_4_686_rural_13.546062298806344_47.937530202261485.tif,1910573,DOWNLOADED,sentinel_4_686_rural_13.546062298806344_47.937530202261485
permanent_sar,v1.1/data/perm_water/S1Perm/sentinel_4_686_rural_6.944858149396658_46.981976060215416.tif,data/external/sen1floods11/permanent_sar/sentinel_4_686_rural_6.944858149396658_46.981976060215416.tif,1926212,DOWNLOADED,sentinel_4_686_rural_6.944858149396658_46.981976060215416
permanent_sar,v1.1/data/perm_water/S1Perm/sentinel_4_687_inhabited_61.858179285062555_55.76357806543591.tif,data/external/sen1floods11/permanent_sar/sentinel_4_687_inhabited_61.858179285062555_55.76357806543591.tif,1959637,DOWNLOADED,sentinel_4_687_inhabited_61.858179285062555_55.76357806543591
permanent_sar,v1.1/data/perm_water/S1Perm/sentinel_4_687_inhabited_71.62321819121632_56.169797712303776.tif,data/external/sen1floods11/permanent_sar/sentinel_4_687_inhabited_71.62321819121632_56.169797712303776.tif,1958622,DOWNLOADED,sentinel_4_687_inhabited_71.62321819121632_56.169797712303776
permanent_sar,v1.1/data/perm_water/S1Perm/sentinel_5_347_low_density_-74.31144077049882_39.520303639623314.tif,data/external/sen1floods11/permanent_sar/sentinel_5_347_low_density_-74.31144077049882_39.520303639623314.tif,1915943,DOWNLOADED,sentinel_5_347_low_density_-74.31144077049882_39.520303639623314
permanent_sar,v1.1/data/perm_water/S1Perm/sentinel_5_360_low_density_-131.57518974424448_55.31203611546081.tif,data/external/sen1floods11/permanent_sar/sentinel_5_360_low_density_-131.57518974424448_55.31203611546081.tif,1921095,DOWNLOADED,sentinel_5_360_low_density_-131.57518974424448_55.31203611546081
permanent_sar,v1.1/data/perm_water/S1Perm/sentinel_5_364_low_density_-122.51286503220427_47.29484442652939.tif,data/external/sen1floods11/permanent_sar/sentinel_5_364_low_density_-122.51286503220427_47.29484442652939.tif,1912382,DOWNLOADED,sentinel_5_364_low_density_-122.51286503220427_47.29484442652939
permanent_sar,v1.1/data/perm_water/S1Perm/sentinel_5_689_low_density_10.578695534477092_45.57039411253447.tif,data/external/sen1floods11/permanent_sar/sentinel_5_689_low_density_10.578695534477092_45.57039411253447.tif,1930356,DOWNLOADED,sentinel_5_689_low_density_10.578695534477092_45.57039411253447
permanent_sar,v1.1/data/perm_water/S1Perm/sentinel_5_689_low_density_8.358473447157962_46.998626343548985.tif,data/external/sen1floods11/permanent_sar/sentinel_5_689_low_density_8.358473447157962_46.998626343548985.tif,1902669,DOWNLOADED,sentinel_5_689_low_density_8.358473447157962_46.998626343548985
permanent_sar,v1.1/data/perm_water/S1Perm/sentinel_5_708_low_density_14.492546629309714_67.23378167352843.tif,data/external/sen1floods11/permanent_sar/sentinel_5_708_low_density_14.492546629309714_67.23378167352843.tif,1983746,DOWNLOADED,sentinel_5_708_low_density_14.492546629309714_67.23378167352843
permanent_sar,v1.1/data/perm_water/S1Perm/sentinel_6_369_inhabited_-162.56716385938196_54.955437345115705.tif,data/external/sen1floods11/permanent_sar/sentinel_6_369_inhabited_-162.56716385938196_54.955437345115705.tif,1936758,DOWNLOADED,sentinel_6_369_inhabited_-162.56716385938196_54.955437345115705
permanent_sar,v1.1/data/perm_water/S1Perm/sentinel_6_369_rural_-158.25694773100957_56.26665384628568.tif,data/external/sen1floods11/permanent_sar/sentinel_6_369_rural_-158.25694773100957_56.26665384628568.tif,1926755,DOWNLOADED,sentinel_6_369_rural_-158.25694773100957_56.26665384628568
permanent_sar,v1.1/data/perm_water/S1Perm/sentinel_6_369_rural_-160.33139288668946_55.295532982462014.tif,data/external/sen1floods11/permanent_sar/sentinel_6_369_rural_-160.33139288668946_55.295532982462014.tif,1930479,DOWNLOADED,sentinel_6_369_rural_-160.33139288668946_55.295532982462014
permanent_sar,v1.1/data/perm_water/S1Perm/sentinel_6_370_inhabited_-76.84328713493801_49.80858684069159.tif,data/external/sen1floods11/permanent_sar/sentinel_6_370_inhabited_-76.84328713493801_49.80858684069159.tif,1928085,DOWNLOADED,sentinel_6_370_inhabited_-76.84328713493801_49.80858684069159
permanent_sar,v1.1/data/perm_water/S1Perm/sentinel_6_370_inhabited_-76.95854151986643_50.83157596796893.tif,data/external/sen1floods11/permanent_sar/sentinel_6_370_inhabited_-76.95854151986643_50.83157596796893.tif,1923920,DOWNLOADED,sentinel_6_370_inhabited_-76.95854151986643_50.83157596796893
permanent_sar,v1.1/data/perm_water/S1Perm/sentinel_6_371_inhabited_-150.45847494874965_61.01236361994177.tif,data/external/sen1floods11/permanent_sar/sentinel_6_371_inhabited_-150.45847494874965_61.01236361994177.tif,1948745,DOWNLOADED,sentinel_6_371_inhabited_-150.45847494874965_61.01236361994177
permanent_sar,v1.1/data/perm_water/S1Perm/sentinel_6_371_inhabited_-150.93200918512034_60.23995367636284.tif,data/external/sen1floods11/permanent_sar/sentinel_6_371_inhabited_-150.93200918512034_60.23995367636284.tif,1988121,DOWNLOADED,sentinel_6_371_inhabited_-150.93200918512034_60.23995367636284
permanent_sar,v1.1/data/perm_water/S1Perm/sentinel_6_371_rural_-151.07035725440457_60.23577549867575.tif,data/external/sen1floods11/permanent_sar/sentinel_6_371_rural_-151.07035725440457_60.23577549867575.tif,2009764,DOWNLOADED,sentinel_6_371_rural_-151.07035725440457_60.23577549867575
permanent_sar,v1.1/data/perm_water/S1Perm/sentinel_6_373_rural_-56.740968425340704_51.281597364484796.tif,data/external/sen1floods11/permanent_sar/sentinel_6_373_rural_-56.740968425340704_51.281597364484796.tif,1931931,DOWNLOADED,sentinel_6_373_rural_-56.740968425340704_51.281597364484796
permanent_sar,v1.1/data/perm_water/S1Perm/sentinel_6_374_rural_-55.74757435175508_52.553591612788665.tif,data/external/sen1floods11/permanent_sar/sentinel_6_374_rural_-55.74757435175508_52.553591612788665.tif,1950802,DOWNLOADED,sentinel_6_374_rural_-55.74757435175508_52.553591612788665
permanent_sar,v1.1/data/perm_water/S1Perm/sentinel_6_374_rural_-65.65178626088796_53.74004692558428.tif,data/external/sen1floods11/permanent_sar/sentinel_6_374_rural_-65.65178626088796_53.74004692558428.tif,1939584,DOWNLOADED,sentinel_6_374_rural_-65.65178626088796_53.74004692558428
permanent_sar,v1.1/data/perm_water/S1Perm/sentinel_6_375_inhabited_-160.34674557161648_61.61515827764975.tif,data/external/sen1floods11/permanent_sar/sentinel_6_375_inhabited_-160.34674557161648_61.61515827764975.tif,1952769,DOWNLOADED,sentinel_6_375_inhabited_-160.34674557161648_61.61515827764975
permanent_sar,v1.1/data/perm_water/S1Perm/sentinel_6_375_inhabited_-162.04167217753653_67.04616945580575.tif,data/external/sen1floods11/permanent_sar/sentinel_6_375_inhabited_-162.04167217753653_67.04616945580575.tif,2033983,DOWNLOADED,sentinel_6_375_inhabited_-162.04167217753653_67.04616945580575
permanent_sar,v1.1/data/perm_water/S1Perm/sentinel_6_377_rural_-102.15882560903893_54.60211601404486.tif,data/external/sen1floods11/permanent_sar/sentinel_6_377_rural_-102.15882560903893_54.60211601404486.tif,1956631,DOWNLOADED,sentinel_6_377_rural_-102.15882560903893_54.60211601404486
permanent_sar,v1.1/data/perm_water/S1Perm/sentinel_6_377_rural_-93.24181408212843_52.998239792535124.tif,data/external/sen1floods11/permanent_sar/sentinel_6_377_rural_-93.24181408212843_52.998239792535124.tif,1923263,DOWNLOADED,sentinel_6_377_rural_-93.24181408212843_52.998239792535124
permanent_sar,v1.1/data/perm_water/S1Perm/sentinel_6_377_rural_-99.90340783710492_54.81749951312839.tif,data/external/sen1floods11/permanent_sar/sentinel_6_377_rural_-99.90340783710492_54.81749951312839.tif,1911995,DOWNLOADED,sentinel_6_377_rural_-99.90340783710492_54.81749951312839
permanent_sar,v1.1/data/perm_water/S1Perm/sentinel_6_379_inhabited_-103.67206614253628_58.60550585803067.tif,data/external/sen1floods11/permanent_sar/sentinel_6_379_inhabited_-103.67206614253628_58.60550585803067.tif,1948991,DOWNLOADED,sentinel_6_379_inhabited_-103.67206614253628_58.60550585803067
permanent_sar,v1.1/data/perm_water/S1Perm/sentinel_6_379_rural_-105.5636212685091_60.599134266217895.tif,data/external/sen1floods11/permanent_sar/sentinel_6_379_rural_-105.5636212685091_60.599134266217895.tif,1932302,DOWNLOADED,sentinel_6_379_rural_-105.5636212685091_60.599134266217895
permanent_sar,v1.1/data/perm_water/S1Perm/sentinel_6_379_rural_-106.61091249652772_61.89128811038439.tif,data/external/sen1floods11/permanent_sar/sentinel_6_379_rural_-106.61091249652772_61.89128811038439.tif,1977335,DOWNLOADED,sentinel_6_379_rural_-106.61091249652772_61.89128811038439
permanent_sar,v1.1/data/perm_water/S1Perm/sentinel_6_382_inhabited_-81.32788086910644_52.84282674351937.tif,data/external/sen1floods11/permanent_sar/sentinel_6_382_inhabited_-81.32788086910644_52.84282674351937.tif,1931110,DOWNLOADED,sentinel_6_382_inhabited_-81.32788086910644_52.84282674351937
permanent_sar,v1.1/data/perm_water/S1Perm/sentinel_6_383_inhabited_-132.27607570692615_59.8366993316955.tif,data/external/sen1floods11/permanent_sar/sentinel_6_383_inhabited_-132.27607570692615_59.8366993316955.tif,1942427,DOWNLOADED,sentinel_6_383_inhabited_-132.27607570692615_59.8366993316955
permanent_sar,v1.1/data/perm_water/S1Perm/sentinel_6_383_rural_-132.40220138022286_59.977245737799066.tif,data/external/sen1floods11/permanent_sar/sentinel_6_383_rural_-132.40220138022286_59.977245737799066.tif,1936157,DOWNLOADED,sentinel_6_383_rural_-132.40220138022286_59.977245737799066
permanent_sar,v1.1/data/perm_water/S1Perm/sentinel_6_383_rural_-139.01497689686622_61.344018178993934.tif,data/external/sen1floods11/permanent_sar/sentinel_6_383_rural_-139.01497689686622_61.344018178993934.tif,1241130,DOWNLOADED,sentinel_6_383_rural_-139.01497689686622_61.344018178993934
permanent_sar,v1.1/data/perm_water/S1Perm/sentinel_6_711_rural_-21.83272638259962_66.1816077298563.tif,data/external/sen1floods11/permanent_sar/sentinel_6_711_rural_-21.83272638259962_66.1816077298563.tif,1997420,DOWNLOADED,sentinel_6_711_rural_-21.83272638259962_66.1816077298563
permanent_sar,v1.1/data/perm_water/S1Perm/sentinel_6_713_inhabited_150.20927808637785_45.99412019013816.tif,data/external/sen1floods11/permanent_sar/sentinel_6_713_inhabited_150.20927808637785_45.99412019013816.tif,1904561,DOWNLOADED,sentinel_6_713_inhabited_150.20927808637785_45.99412019013816
permanent_sar,v1.1/data/perm_water/S1Perm/sentinel_6_713_inhabited_167.856843829649_54.698579747134055.tif,data/external/sen1floods11/permanent_sar/sentinel_6_713_inhabited_167.856843829649_54.698579747134055.tif,1948226,DOWNLOADED,sentinel_6_713_inhabited_167.856843829649_54.698579747134055
permanent_sar,v1.1/data/perm_water/S1Perm/sentinel_6_715_inhabited_137.4255838355781_55.02087019397397.tif,data/external/sen1floods11/permanent_sar/sentinel_6_715_inhabited_137.4255838355781_55.02087019397397.tif,1947641,DOWNLOADED,sentinel_6_715_inhabited_137.4255838355781_55.02087019397397
permanent_sar,v1.1/data/perm_water/S1Perm/sentinel_6_715_inhabited_138.51757309255646_53.96232419489644.tif,data/external/sen1floods11/permanent_sar/sentinel_6_715_inhabited_138.51757309255646_53.96232419489644.tif,1921730,DOWNLOADED,sentinel_6_715_inhabited_138.51757309255646_53.96232419489644
permanent_sar,v1.1/data/perm_water/S1Perm/sentinel_6_716_inhabited_142.69589347086895_48.39927457544687.tif,data/external/sen1floods11/permanent_sar/sentinel_6_716_inhabited_142.69589347086895_48.39927457544687.tif,1877506,DOWNLOADED,sentinel_6_716_inhabited_142.69589347086895_48.39927457544687
permanent_sar,v1.1/data/perm_water/S1Perm/sentinel_6_716_inhabited_142.7961340625504_53.72550579704898.tif,data/external/sen1floods11/permanent_sar/sentinel_6_716_inhabited_142.7961340625504_53.72550579704898.tif,1932350,DOWNLOADED,sentinel_6_716_inhabited_142.7961340625504_53.72550579704898
permanent_sar,v1.1/data/perm_water/S1Perm/sentinel_6_716_inhabited_143.11747026176488_53.16787737391137.tif,data/external/sen1floods11/permanent_sar/sentinel_6_716_inhabited_143.11747026176488_53.16787737391137.tif,1940045,DOWNLOADED,sentinel_6_716_inhabited_143.11747026176488_53.16787737391137
permanent_sar,v1.1/data/perm_water/S1Perm/sentinel_6_718_inhabited_106.81771222608336_52.405388930176336.tif,data/external/sen1floods11/permanent_sar/sentinel_6_718_inhabited_106.81771222608336_52.405388930176336.tif,1938271,DOWNLOADED,sentinel_6_718_inhabited_106.81771222608336_52.405388930176336
permanent_sar,v1.1/data/perm_water/S1Perm/sentinel_6_718_inhabited_108.55502704661747_53.60667967217676.tif,data/external/sen1floods11/permanent_sar/sentinel_6_718_inhabited_108.55502704661747_53.60667967217676.tif,1942848,DOWNLOADED,sentinel_6_718_inhabited_108.55502704661747_53.60667967217676
permanent_sar,v1.1/data/perm_water/S1Perm/sentinel_6_718_inhabited_111.44048904279705_52.63396245017597.tif,data/external/sen1floods11/permanent_sar/sentinel_6_718_inhabited_111.44048904279705_52.63396245017597.tif,1932637,DOWNLOADED,sentinel_6_718_inhabited_111.44048904279705_52.63396245017597
permanent_sar,v1.1/data/perm_water/S1Perm/sentinel_7_181_rural_130.87062948229476_-12.451495681419093.tif,data/external/sen1floods11/permanent_sar/sentinel_7_181_rural_130.87062948229476_-12.451495681419093.tif,1769626,DOWNLOADED,sentinel_7_181_rural_130.87062948229476_-12.451495681419093
permanent_sar,v1.1/data/perm_water/S1Perm/sentinel_7_181_rural_136.8399745533301_-13.892650387286482.tif,data/external/sen1floods11/permanent_sar/sentinel_7_181_rural_136.8399745533301_-13.892650387286482.tif,1793932,DOWNLOADED,sentinel_7_181_rural_136.8399745533301_-13.892650387286482
permanent_sar,v1.1/data/perm_water/S1Perm/sentinel_7_183_inhabited_142.29561780570532_-10.536677425250474.tif,data/external/sen1floods11/permanent_sar/sentinel_7_183_inhabited_142.29561780570532_-10.536677425250474.tif,1796722,DOWNLOADED,sentinel_7_183_inhabited_142.29561780570532_-10.536677425250474
permanent_sar,v1.1/data/perm_water/S1Perm/sentinel_7_183_inhabited_142.64257154047186_-9.771286106729647.tif,data/external/sen1floods11/permanent_sar/sentinel_7_183_inhabited_142.64257154047186_-9.771286106729647.tif,1816222,DOWNLOADED,sentinel_7_183_inhabited_142.64257154047186_-9.771286106729647
permanent_sar,v1.1/data/perm_water/S1Perm/sentinel_7_183_rural_143.38954677164193_-12.602868784880423.tif,data/external/sen1floods11/permanent_sar/sentinel_7_183_rural_143.38954677164193_-12.602868784880423.tif,1764217,DOWNLOADED,sentinel_7_183_rural_143.38954677164193_-12.602868784880423
permanent_sar,v1.1/data/perm_water/S1Perm/sentinel_7_184_inhabited_139.6247545068239_-17.07973043782217.tif,data/external/sen1floods11/permanent_sar/sentinel_7_184_inhabited_139.6247545068239_-17.07973043782217.tif,1831223,DOWNLOADED,sentinel_7_184_inhabited_139.6247545068239_-17.07973043782217
permanent_sar,v1.1/data/perm_water/S1Perm/sentinel_7_184_inhabited_139.98213361985339_-17.70654627290506.tif,data/external/sen1floods11/permanent_sar/sentinel_7_184_inhabited_139.98213361985339_-17.70654627290506.tif,1844462,DOWNLOADED,sentinel_7_184_inhabited_139.98213361985339_-17.70654627290506
permanent_sar,v1.1/data/perm_water/S1Perm/sentinel_7_35_inhabited_13.37155091997869_-8.320044914279368.tif,data/external/sen1floods11/permanent_sar/sentinel_7_35_inhabited_13.37155091997869_-8.320044914279368.tif,1800187,DOWNLOADED,sentinel_7_35_inhabited_13.37155091997869_-8.320044914279368
permanent_sar,v1.1/data/perm_water/S1Perm/sentinel_7_384_high_density_-93.85502519989726_29.85633917704801.tif,data/external/sen1floods11/permanent_sar/sentinel_7_384_high_density_-93.85502519989726_29.85633917704801.tif,1862667,DOWNLOADED,sentinel_7_384_high_density_-93.85502519989726_29.85633917704801
permanent_sar,v1.1/data/perm_water/S1Perm/sentinel_7_384_low_density_-93.77659407146817_29.995436375309197.tif,data/external/sen1floods11/permanent_sar/sentinel_7_384_low_density_-93.77659407146817_29.995436375309197.tif,1849706,DOWNLOADED,sentinel_7_384_low_density_-93.77659407146817_29.995436375309197
permanent_sar,v1.1/data/perm_water/S1Perm/sentinel_7_384_rural_-93.29885936190517_29.99738946157061.tif,data/external/sen1floods11/permanent_sar/sentinel_7_384_rural_-93.29885936190517_29.99738946157061.tif,1868212,DOWNLOADED,sentinel_7_384_rural_-93.29885936190517_29.99738946157061
permanent_sar,v1.1/data/perm_water/S1Perm/sentinel_7_384_rural_-95.03337832607873_29.150530366803324.tif,data/external/sen1floods11/permanent_sar/sentinel_7_384_rural_-95.03337832607873_29.150530366803324.tif,1880020,DOWNLOADED,sentinel_7_384_rural_-95.03337832607873_29.150530366803324
permanent_sar,v1.1/data/perm_water/S1Perm/sentinel_7_39_inhabited_29.645098182843117_-4.547065739927205.tif,data/external/sen1floods11/permanent_sar/sentinel_7_39_inhabited_29.645098182843117_-4.547065739927205.tif,1777494,DOWNLOADED,sentinel_7_39_inhabited_29.645098182843117_-4.547065739927205
permanent_sar,v1.1/data/perm_water/S1Perm/sentinel_7_39_inhabited_29.769988685148032_-6.326701888559562.tif,data/external/sen1floods11/permanent_sar/sentinel_7_39_inhabited_29.769988685148032_-6.326701888559562.tif,1789576,DOWNLOADED,sentinel_7_39_inhabited_29.769988685148032_-6.326701888559562
permanent_sar,v1.1/data/perm_water/S1Perm/sentinel_7_39_inhabited_29.847420974941116_-5.588586891182666.tif,data/external/sen1floods11/permanent_sar/sentinel_7_39_inhabited_29.847420974941116_-5.588586891182666.tif,1815715,DOWNLOADED,sentinel_7_39_inhabited_29.847420974941116_-5.588586891182666
permanent_sar,v1.1/data/perm_water/S1Perm/sentinel_7_39_low_density_29.64477266846622_-4.616422597712503.tif,data/external/sen1floods11/permanent_sar/sentinel_7_39_low_density_29.64477266846622_-4.616422597712503.tif,1786313,DOWNLOADED,sentinel_7_39_low_density_29.64477266846622_-4.616422597712503
permanent_sar,v1.1/data/perm_water/S1Perm/sentinel_7_42_inhabited_28.51850630169002_-16.753787987219493.tif,data/external/sen1floods11/permanent_sar/sentinel_7_42_inhabited_28.51850630169002_-16.753787987219493.tif,1832385,DOWNLOADED,sentinel_7_42_inhabited_28.51850630169002_-16.753787987219493
permanent_sar,v1.1/data/perm_water/S1Perm/sentinel_7_43_low_density_13.93215356351896_8.860010838144287.tif,data/external/sen1floods11/permanent_sar/sentinel_7_43_low_density_13.93215356351896_8.860010838144287.tif,1824540,DOWNLOADED,sentinel_7_43_low_density_13.93215356351896_8.860010838144287
permanent_sar,v1.1/data/perm_water/S1Perm/sentinel_7_44_high_density_2.346254119493725_6.343807000200579.tif,data/external/sen1floods11/permanent_sar/sentinel_7_44_high_density_2.346254119493725_6.343807000200579.tif,1777886,DOWNLOADED,sentinel_7_44_high_density_2.346254119493725_6.343807000200579
permanent_sar,v1.1/data/perm_water/S1Perm/sentinel_7_44_low_density_-0.4663818382809578_6.704583948232781.tif,data/external/sen1floods11/permanent_sar/sentinel_7_44_low_density_-0.4663818382809578_6.704583948232781.tif,1804984,DOWNLOADED,sentinel_7_44_low_density_-0.4663818382809578_6.704583948232781
permanent_sar,v1.1/data/perm_water/S1Perm/sentinel_7_44_low_density_2.415535172561113_6.482832852844917.tif,data/external/sen1floods11/permanent_sar/sentinel_7_44_low_density_2.415535172561113_6.482832852844917.tif,1767719,DOWNLOADED,sentinel_7_44_low_density_2.415535172561113_6.482832852844917
permanent_sar,v1.1/data/perm_water/S1Perm/sentinel_7_44_rural_-0.18912385297980006_6.633679782381936.tif,data/external/sen1floods11/permanent_sar/sentinel_7_44_rural_-0.18912385297980006_6.633679782381936.tif,1810766,DOWNLOADED,sentinel_7_44_rural_-0.18912385297980006_6.633679782381936
permanent_sar,v1.1/data/perm_water/S1Perm/sentinel_7_44_rural_0.019044820599267345_6.6324535295922376.tif,data/external/sen1floods11/permanent_sar/sentinel_7_44_rural_0.019044820599267345_6.6324535295922376.tif,1814840,DOWNLOADED,sentinel_7_44_rural_0.019044820599267345_6.6324535295922376
permanent_sar,v1.1/data/perm_water/S1Perm/sentinel_7_44_rural_2.8323050525214324_6.413667736404916.tif,data/external/sen1floods11/permanent_sar/sentinel_7_44_rural_2.8323050525214324_6.413667736404916.tif,1746530,DOWNLOADED,sentinel_7_44_rural_2.8323050525214324_6.413667736404916
permanent_sar,v1.1/data/perm_water/S1Perm/sentinel_7_48_inhabited_32.00302176979371_-27.395762624746034.tif,data/external/sen1floods11/permanent_sar/sentinel_7_48_inhabited_32.00302176979371_-27.395762624746034.tif,1813949,DOWNLOADED,sentinel_7_48_inhabited_32.00302176979371_-27.395762624746034
permanent_sar,v1.1/data/perm_water/S1Perm/sentinel_7_53_inhabited_14.937689769273108_10.788045869835324.tif,data/external/sen1floods11/permanent_sar/sentinel_7_53_inhabited_14.937689769273108_10.788045869835324.tif,1802379,DOWNLOADED,sentinel_7_53_inhabited_14.937689769273108_10.788045869835324
permanent_sar,v1.1/data/perm_water/S1Perm/sentinel_7_565_inhabited_-64.67694204768468_-15.421185637397189.tif,data/external/sen1floods11/permanent_sar/sentinel_7_565_inhabited_-64.67694204768468_-15.421185637397189.tif,1839264,DOWNLOADED,sentinel_7_565_inhabited_-64.67694204768468_-15.421185637397189
permanent_sar,v1.1/data/perm_water/S1Perm/sentinel_7_567_inhabited_-47.849199869493795_-18.44627992396436.tif,data/external/sen1floods11/permanent_sar/sentinel_7_567_inhabited_-47.849199869493795_-18.44627992396436.tif,1856113,DOWNLOADED,sentinel_7_567_inhabited_-47.849199869493795_-18.44627992396436
permanent_sar,v1.1/data/perm_water/S1Perm/sentinel_7_567_inhabited_-49.55793185227528_-21.403051864190626.tif,data/external/sen1floods11/permanent_sar/sentinel_7_567_inhabited_-49.55793185227528_-21.403051864190626.tif,1859593,DOWNLOADED,sentinel_7_567_inhabited_-49.55793185227528_-21.403051864190626
permanent_sar,v1.1/data/perm_water/S1Perm/sentinel_7_567_rural_-49.632653008627884_-21.3343014441486.tif,data/external/sen1floods11/permanent_sar/sentinel_7_567_rural_-49.632653008627884_-21.3343014441486.tif,1810625,DOWNLOADED,sentinel_7_567_rural_-49.632653008627884_-21.3343014441486
permanent_sar,v1.1/data/perm_water/S1Perm/sentinel_7_569_inhabited_-62.87402493245228_-30.660841270908605.tif,data/external/sen1floods11/permanent_sar/sentinel_7_569_inhabited_-62.87402493245228_-30.660841270908605.tif,1851972,DOWNLOADED,sentinel_7_569_inhabited_-62.87402493245228_-30.660841270908605
permanent_sar,v1.1/data/perm_water/S1Perm/sentinel_7_571_inhabited_-56.80983032290908_-28.132290182147905.tif,data/external/sen1floods11/permanent_sar/sentinel_7_571_inhabited_-56.80983032290908_-28.132290182147905.tif,1832410,DOWNLOADED,sentinel_7_571_inhabited_-56.80983032290908_-28.132290182147905
permanent_sar,v1.1/data/perm_water/S1Perm/sentinel_7_572_inhabited_-62.583296002868664_7.559563066018387.tif,data/external/sen1floods11/permanent_sar/sentinel_7_572_inhabited_-62.583296002868664_7.559563066018387.tif,1808018,DOWNLOADED,sentinel_7_572_inhabited_-62.583296002868664_7.559563066018387
permanent_sar,v1.1/data/perm_water/S1Perm/sentinel_7_572_inhabited_-63.00101121225231_7.629232060877423.tif,data/external/sen1floods11/permanent_sar/sentinel_7_572_inhabited_-63.00101121225231_7.629232060877423.tif,1818952,DOWNLOADED,sentinel_7_572_inhabited_-63.00101121225231_7.629232060877423
permanent_sar,v1.1/data/perm_water/S1Perm/sentinel_7_573_inhabited_-83.27809992853837_14.260798229360026.tif,data/external/sen1floods11/permanent_sar/sentinel_7_573_inhabited_-83.27809992853837_14.260798229360026.tif,1808221,DOWNLOADED,sentinel_7_573_inhabited_-83.27809992853837_14.260798229360026
permanent_sar,v1.1/data/perm_water/S1Perm/sentinel_7_573_inhabited_-83.55574585563117_13.633549861474956.tif,data/external/sen1floods11/permanent_sar/sentinel_7_573_inhabited_-83.55574585563117_13.633549861474956.tif,1817122,DOWNLOADED,sentinel_7_573_inhabited_-83.55574585563117_13.633549861474956
permanent_sar,v1.1/data/perm_water/S1Perm/sentinel_7_573_rural_-83.9845642266379_15.484103553261317.tif,data/external/sen1floods11/permanent_sar/sentinel_7_573_rural_-83.9845642266379_15.484103553261317.tif,1813208,DOWNLOADED,sentinel_7_573_rural_-83.9845642266379_15.484103553261317
permanent_sar,v1.1/data/perm_water/S1Perm/sentinel_7_574_high_density_-55.96899101456394_-34.85228478362141.tif,data/external/sen1floods11/permanent_sar/sentinel_7_574_high_density_-55.96899101456394_-34.85228478362141.tif,1873976,DOWNLOADED,sentinel_7_574_high_density_-55.96899101456394_-34.85228478362141
permanent_sar,v1.1/data/perm_water/S1Perm/sentinel_7_574_low_density_-51.07329491787412_-30.22945891679615.tif,data/external/sen1floods11/permanent_sar/sentinel_7_574_low_density_-51.07329491787412_-30.22945891679615.tif,1812653,DOWNLOADED,sentinel_7_574_low_density_-51.07329491787412_-30.22945891679615
permanent_sar,v1.1/data/perm_water/S1Perm/sentinel_7_574_rural_-51.14134525905076_-31.091474496044093.tif,data/external/sen1floods11/permanent_sar/sentinel_7_574_rural_-51.14134525905076_-31.091474496044093.tif,1840535,DOWNLOADED,sentinel_7_574_rural_-51.14134525905076_-31.091474496044093
permanent_sar,v1.1/data/perm_water/S1Perm/sentinel_7_574_rural_-56.89336712204431_-34.64883829805793.tif,data/external/sen1floods11/permanent_sar/sentinel_7_574_rural_-56.89336712204431_-34.64883829805793.tif,1870171,DOWNLOADED,sentinel_7_574_rural_-56.89336712204431_-34.64883829805793
permanent_sar,v1.1/data/perm_water/S1Perm/sentinel_7_58_inhabited_18.217322921274132_-2.6252556133067806.tif,data/external/sen1floods11/permanent_sar/sentinel_7_58_inhabited_18.217322921274132_-2.6252556133067806.tif,1752381,DOWNLOADED,sentinel_7_58_inhabited_18.217322921274132_-2.6252556133067806
permanent_sar,v1.1/data/perm_water/S1Perm/sentinel_7_58_inhabited_18.286902734112097_-2.347792509357164.tif,data/external/sen1floods11/permanent_sar/sentinel_7_58_inhabited_18.286902734112097_-2.347792509357164.tif,1760838,DOWNLOADED,sentinel_7_58_inhabited_18.286902734112097_-2.347792509357164
permanent_sar,v1.1/data/perm_water/S1Perm/sentinel_7_640_rural_-155.64039628295913_18.93911760879541.tif,data/external/sen1floods11/permanent_sar/sentinel_7_640_rural_-155.64039628295913_18.93911760879541.tif,1812072,DOWNLOADED,sentinel_7_640_rural_-155.64039628295913_18.93911760879541
permanent_sar,v1.1/data/perm_water/S1Perm/sentinel_7_640_rural_-157.1422304359618_21.19874031302279.tif,data/external/sen1floods11/permanent_sar/sentinel_7_640_rural_-157.1422304359618_21.19874031302279.tif,1814983,DOWNLOADED,sentinel_7_640_rural_-157.1422304359618_21.19874031302279
permanent_sar,v1.1/data/perm_water/S1Perm/sentinel_7_65_inhabited_28.015711444206623_-17.0345374486455.tif,data/external/sen1floods11/permanent_sar/sentinel_7_65_inhabited_28.015711444206623_-17.0345374486455.tif,1824461,DOWNLOADED,sentinel_7_65_inhabited_28.015711444206623_-17.0345374486455
permanent_sar,v1.1/data/perm_water/S1Perm/sentinel_7_65_rural_28.374936625072216_-16.82420165195446.tif,data/external/sen1floods11/permanent_sar/sentinel_7_65_rural_28.374936625072216_-16.82420165195446.tif,1811776,DOWNLOADED,sentinel_7_65_rural_28.374936625072216_-16.82420165195446
permanent_sar,v1.1/data/perm_water/S1Perm/sentinel_7_66_low_density_35.13497841310671_-14.321277016947915.tif,data/external/sen1floods11/permanent_sar/sentinel_7_66_low_density_35.13497841310671_-14.321277016947915.tif,1819285,DOWNLOADED,sentinel_7_66_low_density_35.13497841310671_-14.321277016947915
permanent_sar,v1.1/data/perm_water/S1Perm/sentinel_7_66_rural_35.206823449279824_-14.390014059686782.tif,data/external/sen1floods11/permanent_sar/sentinel_7_66_rural_35.206823449279824_-14.390014059686782.tif,1810280,DOWNLOADED,sentinel_7_66_rural_35.206823449279824_-14.390014059686782
permanent_sar,v1.1/data/perm_water/S1Perm/sentinel_8_190_low_density_170.52663248517652_-45.88675841407436.tif,data/external/sen1floods11/permanent_sar/sentinel_8_190_low_density_170.52663248517652_-45.88675841407436.tif,1875788,DOWNLOADED,sentinel_8_190_low_density_170.52663248517652_-45.88675841407436
permanent_sar,v1.1/data/perm_water/S1Perm/sentinel_8_190_rural_170.22586166002057_-46.161608484806656.tif,data/external/sen1floods11/permanent_sar/sentinel_8_190_rural_170.22586166002057_-46.161608484806656.tif,1897991,DOWNLOADED,sentinel_8_190_rural_170.22586166002057_-46.161608484806656
permanent_sar,v1.1/data/perm_water/S1Perm/sentinel_8_190_rural_171.21425708132526_-44.50488745671254.tif,data/external/sen1floods11/permanent_sar/sentinel_8_190_rural_171.21425708132526_-44.50488745671254.tif,1896877,DOWNLOADED,sentinel_8_190_rural_171.21425708132526_-44.50488745671254
permanent_sar,v1.1/data/perm_water/S1Perm/sentinel_8_192_inhabited_147.05906588335205_-36.16927136155453.tif,data/external/sen1floods11/permanent_sar/sentinel_8_192_inhabited_147.05906588335205_-36.16927136155453.tif,1902153,DOWNLOADED,sentinel_8_192_inhabited_147.05906588335205_-36.16927136155453
permanent_sar,v1.1/data/perm_water/S1Perm/sentinel_8_386_inhabited_-109.66759059585645_52.73264235648873.tif,data/external/sen1floods11/permanent_sar/sentinel_8_386_inhabited_-109.66759059585645_52.73264235648873.tif,1970057,DOWNLOADED,sentinel_8_386_inhabited_-109.66759059585645_52.73264235648873
permanent_sar,v1.1/data/perm_water/S1Perm/sentinel_8_386_rural_-108.44629186742922_53.11984839646469.tif,data/external/sen1floods11/permanent_sar/sentinel_8_386_rural_-108.44629186742922_53.11984839646469.tif,1968631,DOWNLOADED,sentinel_8_386_rural_-108.44629186742922_53.11984839646469
permanent_sar,v1.1/data/perm_water/S1Perm/sentinel_8_387_high_density_-87.75402071115786_42.122055331277394.tif,data/external/sen1floods11/permanent_sar/sentinel_8_387_high_density_-87.75402071115786_42.122055331277394.tif,161094,DOWNLOADED,sentinel_8_387_high_density_-87.75402071115786_42.122055331277394
permanent_sar,v1.1/data/perm_water/S1Perm/sentinel_8_387_high_density_-88.35450555452013_44.157826703520726.tif,data/external/sen1floods11/permanent_sar/sentinel_8_387_high_density_-88.35450555452013_44.157826703520726.tif,1946519,DOWNLOADED,sentinel_8_387_high_density_-88.35450555452013_44.157826703520726
permanent_sar,v1.1/data/perm_water/S1Perm/sentinel_8_387_rural_-89.36921413114122_43.10405640167146.tif,data/external/sen1floods11/permanent_sar/sentinel_8_387_rural_-89.36921413114122_43.10405640167146.tif,1907741,DOWNLOADED,sentinel_8_387_rural_-89.36921413114122_43.10405640167146
permanent_sar,v1.1/data/perm_water/S1Perm/sentinel_8_390_rural_-95.59962173245162_35.3399454521294.tif,data/external/sen1floods11/permanent_sar/sentinel_8_390_rural_-95.59962173245162_35.3399454521294.tif,1883740,DOWNLOADED,sentinel_8_390_rural_-95.59962173245162_35.3399454521294
permanent_sar,v1.1/data/perm_water/S1Perm/sentinel_8_393_inhabited_-80.0695805201377_33.27521221854392.tif,data/external/sen1floods11/permanent_sar/sentinel_8_393_inhabited_-80.0695805201377_33.27521221854392.tif,1875009,DOWNLOADED,sentinel_8_393_inhabited_-80.0695805201377_33.27521221854392
permanent_sar,v1.1/data/perm_water/S1Perm/sentinel_8_393_rural_-80.06884476846389_33.34447989430815.tif,data/external/sen1floods11/permanent_sar/sentinel_8_393_rural_-80.06884476846389_33.34447989430815.tif,1896021,DOWNLOADED,sentinel_8_393_rural_-80.06884476846389_33.34447989430815
permanent_sar,v1.1/data/perm_water/S1Perm/sentinel_8_394_inhabited_-111.54204952839034_46.418715792447294.tif,data/external/sen1floods11/permanent_sar/sentinel_8_394_inhabited_-111.54204952839034_46.418715792447294.tif,1918170,DOWNLOADED,sentinel_8_394_inhabited_-111.54204952839034_46.418715792447294
permanent_sar,v1.1/data/perm_water/S1Perm/sentinel_8_394_rural_-111.54273622995258_46.4878318587757.tif,data/external/sen1floods11/permanent_sar/sentinel_8_394_rural_-111.54273622995258_46.4878318587757.tif,1918851,DOWNLOADED,sentinel_8_394_rural_-111.54273622995258_46.4878318587757
permanent_sar,v1.1/data/perm_water/S1Perm/sentinel_8_397_rural_-97.66063161665748_50.45629356420987.tif,data/external/sen1floods11/permanent_sar/sentinel_8_397_rural_-97.66063161665748_50.45629356420987.tif,1932595,DOWNLOADED,sentinel_8_397_rural_-97.66063161665748_50.45629356420987
permanent_sar,v1.1/data/perm_water/S1Perm/sentinel_8_397_rural_-99.73781020128311_51.328627503295486.tif,data/external/sen1floods11/permanent_sar/sentinel_8_397_rural_-99.73781020128311_51.328627503295486.tif,1928640,DOWNLOADED,sentinel_8_397_rural_-99.73781020128311_51.328627503295486
permanent_sar,v1.1/data/perm_water/S1Perm/sentinel_8_399_low_density_-86.61802012678196_30.39836520559962.tif,data/external/sen1floods11/permanent_sar/sentinel_8_399_low_density_-86.61802012678196_30.39836520559962.tif,1871840,DOWNLOADED,sentinel_8_399_low_density_-86.61802012678196_30.39836520559962
permanent_sar,v1.1/data/perm_water/S1Perm/sentinel_8_399_low_density_-88.51863614609537_30.340120427639512.tif,data/external/sen1floods11/permanent_sar/sentinel_8_399_low_density_-88.51863614609537_30.340120427639512.tif,1835148,DOWNLOADED,sentinel_8_399_low_density_-88.51863614609537_30.340120427639512
permanent_sar,v1.1/data/perm_water/S1Perm/sentinel_8_399_rural_-88.91930867125275_30.40413974146383.tif,data/external/sen1floods11/permanent_sar/sentinel_8_399_rural_-88.91930867125275_30.40413974146383.tif,1866050,DOWNLOADED,sentinel_8_399_rural_-88.91930867125275_30.40413974146383
permanent_sar,v1.1/data/perm_water/S1Perm/sentinel_8_402_inhabited_-101.70792576961551_41.19493687664913.tif,data/external/sen1floods11/permanent_sar/sentinel_8_402_inhabited_-101.70792576961551_41.19493687664913.tif,1910385,DOWNLOADED,sentinel_8_402_inhabited_-101.70792576961551_41.19493687664913
permanent_sar,v1.1/data/perm_water/S1Perm/sentinel_8_575_inhabited_-63.59366141506369_-37.2527258991166.tif,data/external/sen1floods11/permanent_sar/sentinel_8_575_inhabited_-63.59366141506369_-37.2527258991166.tif,1878310,DOWNLOADED,sentinel_8_575_inhabited_-63.59366141506369_-37.2527258991166
permanent_sar,v1.1/data/perm_water/S1Perm/sentinel_8_575_inhabited_-63.73069404953713_-38.30882385171577.tif,data/external/sen1floods11/permanent_sar/sentinel_8_575_inhabited_-63.73069404953713_-38.30882385171577.tif,1883446,DOWNLOADED,sentinel_8_575_inhabited_-63.73069404953713_-38.30882385171577
permanent_sar,v1.1/data/perm_water/S1Perm/sentinel_8_576_inhabited_-59.97524806052712_-32.793455399830684.tif,data/external/sen1floods11/permanent_sar/sentinel_8_576_inhabited_-59.97524806052712_-32.793455399830684.tif,1894302,DOWNLOADED,sentinel_8_576_inhabited_-59.97524806052712_-32.793455399830684
permanent_sar,v1.1/data/perm_water/S1Perm/sentinel_8_576_rural_-61.18914468120564_-34.4878870455338.tif,data/external/sen1floods11/permanent_sar/sentinel_8_576_rural_-61.18914468120564_-34.4878870455338.tif,1873652,DOWNLOADED,sentinel_8_576_rural_-61.18914468120564_-34.4878870455338
permanent_sar,v1.1/data/perm_water/S1Perm/sentinel_8_577_inhabited_-64.85517677589196_-40.81758099090023.tif,data/external/sen1floods11/permanent_sar/sentinel_8_577_inhabited_-64.85517677589196_-40.81758099090023.tif,1884437,DOWNLOADED,sentinel_8_577_inhabited_-64.85517677589196_-40.81758099090023
permanent_sar,v1.1/data/perm_water/S1Perm/sentinel_8_577_inhabited_-64.98589978237477_-42.12968039407878.tif,data/external/sen1floods11/permanent_sar/sentinel_8_577_inhabited_-64.98589978237477_-42.12968039407878.tif,1894646,DOWNLOADED,sentinel_8_577_inhabited_-64.98589978237477_-42.12968039407878
permanent_sar,v1.1/data/perm_water/S1Perm/sentinel_8_578_high_density_-67.51194485634343_-45.89294764633654.tif,data/external/sen1floods11/permanent_sar/sentinel_8_578_high_density_-67.51194485634343_-45.89294764633654.tif,1892040,DOWNLOADED,sentinel_8_578_high_density_-67.51194485634343_-45.89294764633654
permanent_sar,v1.1/data/perm_water/S1Perm/sentinel_8_578_rural_-60.03458085914426_-51.30808442474227.tif,data/external/sen1floods11/permanent_sar/sentinel_8_578_rural_-60.03458085914426_-51.30808442474227.tif,1937891,DOWNLOADED,sentinel_8_578_rural_-60.03458085914426_-51.30808442474227
permanent_sar,v1.1/data/perm_water/S1Perm/sentinel_8_578_rural_-61.28873870323436_-51.75251410853711.tif,data/external/sen1floods11/permanent_sar/sentinel_8_578_rural_-61.28873870323436_-51.75251410853711.tif,1881165,DOWNLOADED,sentinel_8_578_rural_-61.28873870323436_-51.75251410853711
permanent_sar,v1.1/data/perm_water/S1Perm/sentinel_8_578_rural_-69.50861437144911_-53.3531663999852.tif,data/external/sen1floods11/permanent_sar/sentinel_8_578_rural_-69.50861437144911_-53.3531663999852.tif,1939322,DOWNLOADED,sentinel_8_578_rural_-69.50861437144911_-53.3531663999852
permanent_sar,v1.1/data/perm_water/S1Perm/sentinel_8_724_inhabited_84.18819799444562_49.19179506477684.tif,data/external/sen1floods11/permanent_sar/sentinel_8_724_inhabited_84.18819799444562_49.19179506477684.tif,1961369,DOWNLOADED,sentinel_8_724_inhabited_84.18819799444562_49.19179506477684
permanent_sar,v1.1/data/perm_water/S1Perm/sentinel_8_726_inhabited_115.74290620342694_50.14014329952056.tif,data/external/sen1floods11/permanent_sar/sentinel_8_726_inhabited_115.74290620342694_50.14014329952056.tif,1963456,DOWNLOADED,sentinel_8_726_inhabited_115.74290620342694_50.14014329952056
permanent_sar,v1.1/data/perm_water/S1Perm/sentinel_8_727_rural_43.00628169287255_38.29864372401075.tif,data/external/sen1floods11/permanent_sar/sentinel_8_727_rural_43.00628169287255_38.29864372401075.tif,1876977,DOWNLOADED,sentinel_8_727_rural_43.00628169287255_38.29864372401075
permanent_sar,v1.1/data/perm_water/S1Perm/sentinel_8_727_rural_43.5217537746509_38.859933069113254.tif,data/external/sen1floods11/permanent_sar/sentinel_8_727_rural_43.5217537746509_38.859933069113254.tif,1890059,DOWNLOADED,sentinel_8_727_rural_43.5217537746509_38.859933069113254
permanent_sar,v1.1/data/perm_water/S1Perm/sentinel_8_731_rural_82.1631908921453_54.41098110648995.tif,data/external/sen1floods11/permanent_sar/sentinel_8_731_rural_82.1631908921453_54.41098110648995.tif,1933156,DOWNLOADED,sentinel_8_731_rural_82.1631908921453_54.41098110648995
permanent_sar,v1.1/data/perm_water/S1Perm/sentinel_8_731_rural_82.97022129630318_54.82044251982367.tif,data/external/sen1floods11/permanent_sar/sentinel_8_731_rural_82.97022129630318_54.82044251982367.tif,1960032,DOWNLOADED,sentinel_8_731_rural_82.97022129630318_54.82044251982367
permanent_sar,v1.1/data/perm_water/S1Perm/sentinel_8_732_inhabited_75.89911707788139_49.75246459483292.tif,data/external/sen1floods11/permanent_sar/sentinel_8_732_inhabited_75.89911707788139_49.75246459483292.tif,1934798,DOWNLOADED,sentinel_8_732_inhabited_75.89911707788139_49.75246459483292
permanent_sar,v1.1/data/perm_water/S1Perm/sentinel_8_732_inhabited_79.48111295411447_53.09317405396298.tif,data/external/sen1floods11/permanent_sar/sentinel_8_732_inhabited_79.48111295411447_53.09317405396298.tif,1947072,DOWNLOADED,sentinel_8_732_inhabited_79.48111295411447_53.09317405396298
permanent_sar,v1.1/data/perm_water/S1Perm/sentinel_8_733_inhabited_70.27842465911391_53.06437717935982.tif,data/external/sen1floods11/permanent_sar/sentinel_8_733_inhabited_70.27842465911391_53.06437717935982.tif,1913171,DOWNLOADED,sentinel_8_733_inhabited_70.27842465911391_53.06437717935982
permanent_sar,v1.1/data/perm_water/S1Perm/sentinel_8_734_inhabited_115.85035716151184_50.14125807478392.tif,data/external/sen1floods11/permanent_sar/sentinel_8_734_inhabited_115.85035716151184_50.14125807478392.tif,1968570,DOWNLOADED,sentinel_8_734_inhabited_115.85035716151184_50.14125807478392
permanent_sar,v1.1/data/perm_water/S1Perm/sentinel_8_734_inhabited_124.36158603345767_45.22698090400439.tif,data/external/sen1floods11/permanent_sar/sentinel_8_734_inhabited_124.36158603345767_45.22698090400439.tif,1903470,DOWNLOADED,sentinel_8_734_inhabited_124.36158603345767_45.22698090400439
permanent_sar,v1.1/data/perm_water/S1Perm/sentinel_8_735_high_density_28.651160098928973_44.085830057911785.tif,data/external/sen1floods11/permanent_sar/sentinel_8_735_high_density_28.651160098928973_44.085830057911785.tif,1886822,DOWNLOADED,sentinel_8_735_high_density_28.651160098928973_44.085830057911785
permanent_sar,v1.1/data/perm_water/S1Perm/sentinel_8_735_high_density_45.985045919494425_51.456510062407254.tif,data/external/sen1floods11/permanent_sar/sentinel_8_735_high_density_45.985045919494425_51.456510062407254.tif,1939899,DOWNLOADED,sentinel_8_735_high_density_45.985045919494425_51.456510062407254
permanent_sar,v1.1/data/perm_water/S1Perm/sentinel_8_735_low_density_28.649238226374944_44.01670953248233.tif,data/external/sen1floods11/permanent_sar/sentinel_8_735_low_density_28.649238226374944_44.01670953248233.tif,1899406,DOWNLOADED,sentinel_8_735_low_density_28.649238226374944_44.01670953248233
permanent_sar,v1.1/data/perm_water/S1Perm/sentinel_8_735_low_density_34.404684678977546_47.467879842908346.tif,data/external/sen1floods11/permanent_sar/sentinel_8_735_low_density_34.404684678977546_47.467879842908346.tif,1920223,DOWNLOADED,sentinel_8_735_low_density_34.404684678977546_47.467879842908346
permanent_sar,v1.1/data/perm_water/S1Perm/sentinel_8_735_low_density_44.67730305804507_48.854981325805866.tif,data/external/sen1floods11/permanent_sar/sentinel_8_735_low_density_44.67730305804507_48.854981325805866.tif,1923880,DOWNLOADED,sentinel_8_735_low_density_44.67730305804507_48.854981325805866
permanent_sar,v1.1/data/perm_water/S1Perm/sentinel_8_735_low_density_44.83805365102179_49.05200670585238.tif,data/external/sen1floods11/permanent_sar/sentinel_8_735_low_density_44.83805365102179_49.05200670585238.tif,1916554,DOWNLOADED,sentinel_8_735_low_density_44.83805365102179_49.05200670585238
permanent_sar,v1.1/data/perm_water/S1Perm/sentinel_8_735_low_density_45.983561038843604_51.38746088259465.tif,data/external/sen1floods11/permanent_sar/sentinel_8_735_low_density_45.983561038843604_51.38746088259465.tif,1951385,DOWNLOADED,sentinel_8_735_low_density_45.983561038843604_51.38746088259465
permanent_sar,v1.1/data/perm_water/S1Perm/sentinel_8_735_rural_30.750081260291225_46.60617640073415.tif,data/external/sen1floods11/permanent_sar/sentinel_8_735_rural_30.750081260291225_46.60617640073415.tif,1908196,DOWNLOADED,sentinel_8_735_rural_30.750081260291225_46.60617640073415
permanent_sar,v1.1/data/perm_water/S1Perm/sentinel_8_737_inhabited_106.44120356953464_51.236596116653416.tif,data/external/sen1floods11/permanent_sar/sentinel_8_737_inhabited_106.44120356953464_51.236596116653416.tif,1949336,DOWNLOADED,sentinel_8_737_inhabited_106.44120356953464_51.236596116653416
permanent_sar,v1.1/data/perm_water/S1Perm/sentinel_8_737_inhabited_98.9977242812406_49.31739010504821.tif,data/external/sen1floods11/permanent_sar/sentinel_8_737_inhabited_98.9977242812406_49.31739010504821.tif,1935941,DOWNLOADED,sentinel_8_737_inhabited_98.9977242812406_49.31739010504821
permanent_sar,v1.1/data/perm_water/S1Perm/sentinel_8_738_rural_103.3508102071408_53.49126921871147.tif,data/external/sen1floods11/permanent_sar/sentinel_8_738_rural_103.3508102071408_53.49126921871147.tif,1959160,DOWNLOADED,sentinel_8_738_rural_103.3508102071408_53.49126921871147
permanent_sar,v1.1/data/perm_water/S1Perm/sentinel_8_738_rural_103.40083240275835_53.41920568658673.tif,data/external/sen1floods11/permanent_sar/sentinel_8_738_rural_103.40083240275835_53.41920568658673.tif,1961778,DOWNLOADED,sentinel_8_738_rural_103.40083240275835_53.41920568658673
permanent_sar,v1.1/data/perm_water/S1Perm/sentinel_8_739_rural_38.15099396992905_35.97494819674641.tif,data/external/sen1floods11/permanent_sar/sentinel_8_739_rural_38.15099396992905_35.97494819674641.tif,1881032,DOWNLOADED,sentinel_8_739_rural_38.15099396992905_35.97494819674641
permanent_sar,v1.1/data/perm_water/S1Perm/sentinel_9_312_inhabited_68.21588084414567_23.61607696240949.tif,data/external/sen1floods11/permanent_sar/sentinel_9_312_inhabited_68.21588084414567_23.61607696240949.tif,1856907,DOWNLOADED,sentinel_9_312_inhabited_68.21588084414567_23.61607696240949
permanent_sar,v1.1/data/perm_water/S1Perm/sentinel_9_312_inhabited_69.1251004671454_24.018778378546195.tif,data/external/sen1floods11/permanent_sar/sentinel_9_312_inhabited_69.1251004671454_24.018778378546195.tif,1861636,DOWNLOADED,sentinel_9_312_inhabited_69.1251004671454_24.018778378546195
permanent_sar,v1.1/data/perm_water/S1Perm/sentinel_9_581_inhabited_-80.91203848216523_24.77565727315599.tif,data/external/sen1floods11/permanent_sar/sentinel_9_581_inhabited_-80.91203848216523_24.77565727315599.tif,1830484,DOWNLOADED,sentinel_9_581_inhabited_-80.91203848216523_24.77565727315599
permanent_sar,v1.1/data/perm_water/S1Perm/sentinel_9_581_rural_-80.1456037339979_25.744165103762327.tif,data/external/sen1floods11/permanent_sar/sentinel_9_581_rural_-80.1456037339979_25.744165103762327.tif,1846317,DOWNLOADED,sentinel_9_581_rural_-80.1456037339979_25.744165103762327
permanent_sar,v1.1/data/perm_water/S1Perm/sentinel_9_584_inhabited_-55.89193328925934_-16.25810093681529.tif,data/external/sen1floods11/permanent_sar/sentinel_9_584_inhabited_-55.89193328925934_-16.25810093681529.tif,1831231,DOWNLOADED,sentinel_9_584_inhabited_-55.89193328925934_-16.25810093681529
permanent_sar,v1.1/data/perm_water/S1Perm/sentinel_9_585_inhabited_-58.425549916816756_-33.30557423761684.tif,data/external/sen1floods11/permanent_sar/sentinel_9_585_inhabited_-58.425549916816756_-33.30557423761684.tif,1856589,DOWNLOADED,sentinel_9_585_inhabited_-58.425549916816756_-33.30557423761684
permanent_sar,v1.1/data/perm_water/S1Perm/sentinel_9_585_inhabited_-60.03003257606975_-31.170775149178567.tif,data/external/sen1floods11/permanent_sar/sentinel_9_585_inhabited_-60.03003257606975_-31.170775149178567.tif,1872881,DOWNLOADED,sentinel_9_585_inhabited_-60.03003257606975_-31.170775149178567
permanent_sar,v1.1/data/perm_water/S1Perm/sentinel_9_585_inhabited_-60.05715728777787_-32.79148447716506.tif,data/external/sen1floods11/permanent_sar/sentinel_9_585_inhabited_-60.05715728777787_-32.79148447716506.tif,1896478,DOWNLOADED,sentinel_9_585_inhabited_-60.05715728777787_-32.79148447716506
permanent_sar,v1.1/data/perm_water/S1Perm/sentinel_9_586_inhabited_-56.18987704434743_-27.367420578450336.tif,data/external/sen1floods11/permanent_sar/sentinel_9_586_inhabited_-56.18987704434743_-27.367420578450336.tif,1846988,DOWNLOADED,sentinel_9_586_inhabited_-56.18987704434743_-27.367420578450336
permanent_sar,v1.1/data/perm_water/S1Perm/sentinel_9_742_rural_118.96523098868906_39.18198718359733.tif,data/external/sen1floods11/permanent_sar/sentinel_9_742_rural_118.96523098868906_39.18198718359733.tif,1903777,DOWNLOADED,sentinel_9_742_rural_118.96523098868906_39.18198718359733
permanent_sar,v1.1/data/perm_water/S1Perm/sentinel_9_743_inhabited_124.19961810589336_46.605953445681486.tif,data/external/sen1floods11/permanent_sar/sentinel_9_743_inhabited_124.19961810589336_46.605953445681486.tif,1940628,DOWNLOADED,sentinel_9_743_inhabited_124.19961810589336_46.605953445681486
permanent_sar,v1.1/data/perm_water/S1Perm/sentinel_9_744_rural_32.04276573748307_31.36958416964645.tif,data/external/sen1floods11/permanent_sar/sentinel_9_744_rural_32.04276573748307_31.36958416964645.tif,1871935,DOWNLOADED,sentinel_9_744_rural_32.04276573748307_31.36958416964645
permanent_sar,v1.1/data/perm_water/S1Perm/sentinel_9_746_inhabited_132.29967326970097_44.80464160682832.tif,data/external/sen1floods11/permanent_sar/sentinel_9_746_inhabited_132.29967326970097_44.80464160682832.tif,1899752,DOWNLOADED,sentinel_9_746_inhabited_132.29967326970097_44.80464160682832
permanent_sar,v1.1/data/perm_water/S1Perm/sentinel_9_748_inhabited_119.64066886165875_34.518989275381585.tif,data/external/sen1floods11/permanent_sar/sentinel_9_748_inhabited_119.64066886165875_34.518989275381585.tif,1888530,DOWNLOADED,sentinel_9_748_inhabited_119.64066886165875_34.518989275381585
permanent_sar,v1.1/data/perm_water/S1Perm/sentinel_9_75_inhabited_36.72257445667031_-18.31717557116394.tif,data/external/sen1floods11/permanent_sar/sentinel_9_75_inhabited_36.72257445667031_-18.31717557116394.tif,1810734,DOWNLOADED,sentinel_9_75_inhabited_36.72257445667031_-18.31717557116394
permanent_mask,v1.1/data/perm_water/JRCPerm/water_10_194_inhabited_167.78498987527377_-45.267540887186534.tif,data/external/sen1floods11/permanent_mask/water_10_194_inhabited_167.78498987527377_-45.267540887186534.tif,6104,DOWNLOADED,water_10_194_inhabited_167.78498987527377_-45.267540887186534
permanent_mask,v1.1/data/perm_water/JRCPerm/water_10_194_inhabited_169.08472865033218_-44.627307617033836.tif,data/external/sen1floods11/permanent_mask/water_10_194_inhabited_169.08472865033218_-44.627307617033836.tif,6554,DOWNLOADED,water_10_194_inhabited_169.08472865033218_-44.627307617033836
permanent_mask,v1.1/data/perm_water/JRCPerm/water_10_588_inhabited_-69.0890174214209_-16.10575129022326.tif,data/external/sen1floods11/permanent_mask/water_10_588_inhabited_-69.0890174214209_-16.10575129022326.tif,6593,DOWNLOADED,water_10_588_inhabited_-69.0890174214209_-16.10575129022326
permanent_mask,v1.1/data/perm_water/JRCPerm/water_10_589_inhabited_-69.26971803251075_-15.653179287904821.tif,data/external/sen1floods11/permanent_mask/water_10_589_inhabited_-69.26971803251075_-15.653179287904821.tif,6398,DOWNLOADED,water_10_589_inhabited_-69.26971803251075_-15.653179287904821
permanent_mask,v1.1/data/perm_water/JRCPerm/water_10_749_inhabited_85.60504168136961_48.73279303873935.tif,data/external/sen1floods11/permanent_mask/water_10_749_inhabited_85.60504168136961_48.73279303873935.tif,5006,DOWNLOADED,water_10_749_inhabited_85.60504168136961_48.73279303873935
permanent_mask,v1.1/data/perm_water/JRCPerm/water_10_749_inhabited_88.83010435467857_48.38121967528145.tif,data/external/sen1floods11/permanent_mask/water_10_749_inhabited_88.83010435467857_48.38121967528145.tif,4322,DOWNLOADED,water_10_749_inhabited_88.83010435467857_48.38121967528145
permanent_mask,v1.1/data/perm_water/JRCPerm/water_10_751_rural_85.61899420856585_28.867885787429604.tif,data/external/sen1floods11/permanent_mask/water_10_751_rural_85.61899420856585_28.867885787429604.tif,5470,DOWNLOADED,water_10_751_rural_85.61899420856585_28.867885787429604
permanent_mask,v1.1/data/perm_water/JRCPerm/water_10_754_inhabited_78.37066301877482_32.969638941553384.tif,data/external/sen1floods11/permanent_mask/water_10_754_inhabited_78.37066301877482_32.969638941553384.tif,3131,DOWNLOADED,water_10_754_inhabited_78.37066301877482_32.969638941553384
permanent_mask,v1.1/data/perm_water/JRCPerm/water_10_754_inhabited_78.51070554645935_33.89498267396236.tif,data/external/sen1floods11/permanent_mask/water_10_754_inhabited_78.51070554645935_33.89498267396236.tif,6402,DOWNLOADED,water_10_754_inhabited_78.51070554645935_33.89498267396236
permanent_mask,v1.1/data/perm_water/JRCPerm/water_10_764_inhabited_100.26516132826785_50.88880407088885.tif,data/external/sen1floods11/permanent_mask/water_10_764_inhabited_100.26516132826785_50.88880407088885.tif,8870,DOWNLOADED,water_10_764_inhabited_100.26516132826785_50.88880407088885
permanent_mask,v1.1/data/perm_water/JRCPerm/water_10_764_inhabited_100.61174941674798_51.43705946361214.tif,data/external/sen1floods11/permanent_mask/water_10_764_inhabited_100.61174941674798_51.43705946361214.tif,5987,DOWNLOADED,water_10_764_inhabited_100.61174941674798_51.43705946361214
permanent_mask,v1.1/data/perm_water/JRCPerm/water_10_769_inhabited_81.46284893979214_30.67961408634362.tif,data/external/sen1floods11/permanent_mask/water_10_769_inhabited_81.46284893979214_30.67961408634362.tif,5267,DOWNLOADED,water_10_769_inhabited_81.46284893979214_30.67961408634362
permanent_mask,v1.1/data/perm_water/JRCPerm/water_10_81_inhabited_25.74955169783489_-30.661884700555113.tif,data/external/sen1floods11/permanent_mask/water_10_81_inhabited_25.74955169783489_-30.661884700555113.tif,7541,DOWNLOADED,water_10_81_inhabited_25.74955169783489_-30.661884700555113
permanent_mask,v1.1/data/perm_water/JRCPerm/water_11_776_low_density_44.09069939626215_67.79091513644912.tif,data/external/sen1floods11/permanent_mask/water_11_776_low_density_44.09069939626215_67.79091513644912.tif,8984,DOWNLOADED,water_11_776_low_density_44.09069939626215_67.79091513644912
permanent_mask,v1.1/data/perm_water/JRCPerm/water_11_782_inhabited_112.31417408950186_54.79577031369496.tif,data/external/sen1floods11/permanent_mask/water_11_782_inhabited_112.31417408950186_54.79577031369496.tif,6064,DOWNLOADED,water_11_782_inhabited_112.31417408950186_54.79577031369496
permanent_mask,v1.1/data/perm_water/JRCPerm/water_11_782_inhabited_113.047972677059_55.130760280335075.tif,data/external/sen1floods11/permanent_mask/water_11_782_inhabited_113.047972677059_55.130760280335075.tif,5454,DOWNLOADED,water_11_782_inhabited_113.047972677059_55.130760280335075
permanent_mask,v1.1/data/perm_water/JRCPerm/water_12_198_inhabited_118.23150374674876_-34.91523837229395.tif,data/external/sen1floods11/permanent_mask/water_12_198_inhabited_118.23150374674876_-34.91523837229395.tif,6478,DOWNLOADED,water_12_198_inhabited_118.23150374674876_-34.91523837229395
permanent_mask,v1.1/data/perm_water/JRCPerm/water_12_198_inhabited_121.9903475707615_-34.039640371237205.tif,data/external/sen1floods11/permanent_mask/water_12_198_inhabited_121.9903475707615_-34.039640371237205.tif,8054,DOWNLOADED,water_12_198_inhabited_121.9903475707615_-34.039640371237205
permanent_mask,v1.1/data/perm_water/JRCPerm/water_12_198_inhabited_123.06634203226115_-34.120020126826624.tif,data/external/sen1floods11/permanent_mask/water_12_198_inhabited_123.06634203226115_-34.120020126826624.tif,6026,DOWNLOADED,water_12_198_inhabited_123.06634203226115_-34.120020126826624
permanent_mask,v1.1/data/perm_water/JRCPerm/water_12_199_inhabited_137.16886001062807_-33.67839521759439.tif,data/external/sen1floods11/permanent_mask/water_12_199_inhabited_137.16886001062807_-33.67839521759439.tif,7156,DOWNLOADED,water_12_199_inhabited_137.16886001062807_-33.67839521759439
permanent_mask,v1.1/data/perm_water/JRCPerm/water_12_199_inhabited_137.3014959714628_-33.4749130592225.tif,data/external/sen1floods11/permanent_mask/water_12_199_inhabited_137.3014959714628_-33.4749130592225.tif,7098,DOWNLOADED,water_12_199_inhabited_137.3014959714628_-33.4749130592225
permanent_mask,v1.1/data/perm_water/JRCPerm/water_12_199_inhabited_137.3573551303593_-34.50584830457708.tif,data/external/sen1floods11/permanent_mask/water_12_199_inhabited_137.3573551303593_-34.50584830457708.tif,10049,DOWNLOADED,water_12_199_inhabited_137.3573551303593_-34.50584830457708
permanent_mask,v1.1/data/perm_water/JRCPerm/water_12_200_inhabited_138.52378907942497_-35.031785896527865.tif,data/external/sen1floods11/permanent_mask/water_12_200_inhabited_138.52378907942497_-35.031785896527865.tif,5732,DOWNLOADED,water_12_200_inhabited_138.52378907942497_-35.031785896527865
permanent_mask,v1.1/data/perm_water/JRCPerm/water_12_201_inhabited_128.94500682427363_-31.699151869405586.tif,data/external/sen1floods11/permanent_mask/water_12_201_inhabited_128.94500682427363_-31.699151869405586.tif,6145,DOWNLOADED,water_12_201_inhabited_128.94500682427363_-31.699151869405586
permanent_mask,v1.1/data/perm_water/JRCPerm/water_12_202_inhabited_115.88115617248798_-34.639322576409874.tif,data/external/sen1floods11/permanent_mask/water_12_202_inhabited_115.88115617248798_-34.639322576409874.tif,5169,DOWNLOADED,water_12_202_inhabited_115.88115617248798_-34.639322576409874
permanent_mask,v1.1/data/perm_water/JRCPerm/water_12_202_inhabited_117.64411528318048_-35.05827741588638.tif,data/external/sen1floods11/permanent_mask/water_12_202_inhabited_117.64411528318048_-35.05827741588638.tif,6760,DOWNLOADED,water_12_202_inhabited_117.64411528318048_-35.05827741588638
permanent_mask,v1.1/data/perm_water/JRCPerm/water_12_203_inhabited_139.18925640243913_-35.38974469269428.tif,data/external/sen1floods11/permanent_mask/water_12_203_inhabited_139.18925640243913_-35.38974469269428.tif,5736,DOWNLOADED,water_12_203_inhabited_139.18925640243913_-35.38974469269428
permanent_mask,v1.1/data/perm_water/JRCPerm/water_12_203_rural_137.9848398306002_-35.73532502433634.tif,data/external/sen1floods11/permanent_mask/water_12_203_rural_137.9848398306002_-35.73532502433634.tif,5053,DOWNLOADED,water_12_203_rural_137.9848398306002_-35.73532502433634
permanent_mask,v1.1/data/perm_water/JRCPerm/water_12_204_inhabited_139.84022272882746_-36.598366196826575.tif,data/external/sen1floods11/permanent_mask/water_12_204_inhabited_139.84022272882746_-36.598366196826575.tif,7098,DOWNLOADED,water_12_204_inhabited_139.84022272882746_-36.598366196826575
permanent_mask,v1.1/data/perm_water/JRCPerm/water_12_204_inhabited_139.84125724027186_-36.52914757117393.tif,data/external/sen1floods11/permanent_mask/water_12_204_inhabited_139.84125724027186_-36.52914757117393.tif,7027,DOWNLOADED,water_12_204_inhabited_139.84125724027186_-36.52914757117393
permanent_mask,v1.1/data/perm_water/JRCPerm/water_12_205_inhabited_114.763585052766_-28.97651840729366.tif,data/external/sen1floods11/permanent_mask/water_12_205_inhabited_114.763585052766_-28.97651840729366.tif,4639,DOWNLOADED,water_12_205_inhabited_114.763585052766_-28.97651840729366
permanent_mask,v1.1/data/perm_water/JRCPerm/water_12_205_rural_114.8409192423359_-29.04707476326233.tif,data/external/sen1floods11/permanent_mask/water_12_205_rural_114.8409192423359_-29.04707476326233.tif,5235,DOWNLOADED,water_12_205_rural_114.8409192423359_-29.04707476326233
permanent_mask,v1.1/data/perm_water/JRCPerm/water_12_206_inhabited_118.14840839861779_-34.98530422714674.tif,data/external/sen1floods11/permanent_mask/water_12_206_inhabited_118.14840839861779_-34.98530422714674.tif,6481,DOWNLOADED,water_12_206_inhabited_118.14840839861779_-34.98530422714674
permanent_mask,v1.1/data/perm_water/JRCPerm/water_12_206_rural_118.06427853904242_-34.98607119252793.tif,data/external/sen1floods11/permanent_mask/water_12_206_rural_118.06427853904242_-34.98607119252793.tif,6042,DOWNLOADED,water_12_206_rural_118.06427853904242_-34.98607119252793
permanent_mask,v1.1/data/perm_water/JRCPerm/water_12_422_rural_-119.57284147553476_34.01382663523881.tif,data/external/sen1floods11/permanent_mask/water_12_422_rural_-119.57284147553476_34.01382663523881.tif,4713,DOWNLOADED,water_12_422_rural_-119.57284147553476_34.01382663523881
permanent_mask,v1.1/data/perm_water/JRCPerm/water_12_422_rural_-119.65593236456468_34.012060831221646.tif,data/external/sen1floods11/permanent_mask/water_12_422_rural_-119.65593236456468_34.012060831221646.tif,4999,DOWNLOADED,water_12_422_rural_-119.65593236456468_34.012060831221646
permanent_mask,v1.1/data/perm_water/JRCPerm/water_12_423_inhabited_-121.09519195248437_35.55701895051221.tif,data/external/sen1floods11/permanent_mask/water_12_423_inhabited_-121.09519195248437_35.55701895051221.tif,7367,DOWNLOADED,water_12_423_inhabited_-121.09519195248437_35.55701895051221
permanent_mask,v1.1/data/perm_water/JRCPerm/water_12_423_rural_-122.77934091115819_38.99803588783952.tif,data/external/sen1floods11/permanent_mask/water_12_423_rural_-122.77934091115819_38.99803588783952.tif,5996,DOWNLOADED,water_12_423_rural_-122.77934091115819_38.99803588783952
permanent_mask,v1.1/data/perm_water/JRCPerm/water_12_596_inhabited_-70.4525391779478_-25.114589085127356.tif,data/external/sen1floods11/permanent_mask/water_12_596_inhabited_-70.4525391779478_-25.114589085127356.tif,4465,DOWNLOADED,water_12_596_inhabited_-70.4525391779478_-25.114589085127356
permanent_mask,v1.1/data/perm_water/JRCPerm/water_12_596_inhabited_-70.67853533753855_-26.397155862028946.tif,data/external/sen1floods11/permanent_mask/water_12_596_inhabited_-70.67853533753855_-26.397155862028946.tif,5794,DOWNLOADED,water_12_596_inhabited_-70.67853533753855_-26.397155862028946
permanent_mask,v1.1/data/perm_water/JRCPerm/water_12_596_inhabited_-71.48739397312836_-29.015245699942835.tif,data/external/sen1floods11/permanent_mask/water_12_596_inhabited_-71.48739397312836_-29.015245699942835.tif,6085,DOWNLOADED,water_12_596_inhabited_-71.48739397312836_-29.015245699942835
permanent_mask,v1.1/data/perm_water/JRCPerm/water_12_785_high_density_23.639933153045423_37.940078490101065.tif,data/external/sen1floods11/permanent_mask/water_12_785_high_density_23.639933153045423_37.940078490101065.tif,7465,DOWNLOADED,water_12_785_high_density_23.639933153045423_37.940078490101065
permanent_mask,v1.1/data/perm_water/JRCPerm/water_12_785_low_density_22.769195572136947_37.96159365268394.tif,data/external/sen1floods11/permanent_mask/water_12_785_low_density_22.769195572136947_37.96159365268394.tif,4137,DOWNLOADED,water_12_785_low_density_22.769195572136947_37.96159365268394
permanent_mask,v1.1/data/perm_water/JRCPerm/water_12_785_low_density_26.76750204092183_40.36395218163212.tif,data/external/sen1floods11/permanent_mask/water_12_785_low_density_26.76750204092183_40.36395218163212.tif,3123,DOWNLOADED,water_12_785_low_density_26.76750204092183_40.36395218163212
permanent_mask,v1.1/data/perm_water/JRCPerm/water_12_785_low_density_28.685129530754132_36.95206655148695.tif,data/external/sen1floods11/permanent_mask/water_12_785_low_density_28.685129530754132_36.95206655148695.tif,5742,DOWNLOADED,water_12_785_low_density_28.685129530754132_36.95206655148695
permanent_mask,v1.1/data/perm_water/JRCPerm/water_12_785_rural_25.33243846709345_39.86784151662784.tif,data/external/sen1floods11/permanent_mask/water_12_785_rural_25.33243846709345_39.86784151662784.tif,6711,DOWNLOADED,water_12_785_rural_25.33243846709345_39.86784151662784
permanent_mask,v1.1/data/perm_water/JRCPerm/water_12_786_rural_28.615157317023456_40.18875410124223.tif,data/external/sen1floods11/permanent_mask/water_12_786_rural_28.615157317023456_40.18875410124223.tif,8649,DOWNLOADED,water_12_786_rural_28.615157317023456_40.18875410124223
permanent_mask,v1.1/data/perm_water/JRCPerm/water_12_787_inhabited_-16.83878737150028_28.360698715408567.tif,data/external/sen1floods11/permanent_mask/water_12_787_inhabited_-16.83878737150028_28.360698715408567.tif,3999,DOWNLOADED,water_12_787_inhabited_-16.83878737150028_28.360698715408567
permanent_mask,v1.1/data/perm_water/JRCPerm/water_12_789_high_density_25.16105737720532_35.32987234284967.tif,data/external/sen1floods11/permanent_mask/water_12_789_high_density_25.16105737720532_35.32987234284967.tif,5138,DOWNLOADED,water_12_789_high_density_25.16105737720532_35.32987234284967
permanent_mask,v1.1/data/perm_water/JRCPerm/water_12_789_inhabited_23.712068030787027_35.60459309965142.tif,data/external/sen1floods11/permanent_mask/water_12_789_inhabited_23.712068030787027_35.60459309965142.tif,5381,DOWNLOADED,water_12_789_inhabited_23.712068030787027_35.60459309965142
permanent_mask,v1.1/data/perm_water/JRCPerm/water_12_789_low_density_25.076597544151998_35.328556908038905.tif,data/external/sen1floods11/permanent_mask/water_12_789_low_density_25.076597544151998_35.328556908038905.tif,4334,DOWNLOADED,water_12_789_low_density_25.076597544151998_35.328556908038905
permanent_mask,v1.1/data/perm_water/JRCPerm/water_12_789_rural_24.982385657094795_35.41088974988972.tif,data/external/sen1floods11/permanent_mask/water_12_789_rural_24.982385657094795_35.41088974988972.tif,5978,DOWNLOADED,water_12_789_rural_24.982385657094795_35.41088974988972
permanent_mask,v1.1/data/perm_water/JRCPerm/water_12_790_rural_33.87407840822382_35.40498144099391.tif,data/external/sen1floods11/permanent_mask/water_12_790_rural_33.87407840822382_35.40498144099391.tif,4722,DOWNLOADED,water_12_790_rural_33.87407840822382_35.40498144099391
permanent_mask,v1.1/data/perm_water/JRCPerm/water_12_791_high_density_35.621613488372404_36.615551572286556.tif,data/external/sen1floods11/permanent_mask/water_12_791_high_density_35.621613488372404_36.615551572286556.tif,16622,DOWNLOADED,water_12_791_high_density_35.621613488372404_36.615551572286556
permanent_mask,v1.1/data/perm_water/JRCPerm/water_12_791_high_density_35.78470956850325_35.51959371537062.tif,data/external/sen1floods11/permanent_mask/water_12_791_high_density_35.78470956850325_35.51959371537062.tif,7966,DOWNLOADED,water_12_791_high_density_35.78470956850325_35.51959371537062
permanent_mask,v1.1/data/perm_water/JRCPerm/water_12_791_rural_31.179296491291705_36.83786005530609.tif,data/external/sen1floods11/permanent_mask/water_12_791_rural_31.179296491291705_36.83786005530609.tif,5891,DOWNLOADED,water_12_791_rural_31.179296491291705_36.83786005530609
permanent_mask,v1.1/data/perm_water/JRCPerm/water_12_793_low_density_-0.6147718031375297_38.16544591644328.tif,data/external/sen1floods11/permanent_mask/water_12_793_low_density_-0.6147718031375297_38.16544591644328.tif,12689,DOWNLOADED,water_12_793_low_density_-0.6147718031375297_38.16544591644328
permanent_mask,v1.1/data/perm_water/JRCPerm/water_12_793_rural_-3.6406464323890466_36.75669995703234.tif,data/external/sen1floods11/permanent_mask/water_12_793_rural_-3.6406464323890466_36.75669995703234.tif,4408,DOWNLOADED,water_12_793_rural_-3.6406464323890466_36.75669995703234
permanent_mask,v1.1/data/perm_water/JRCPerm/water_12_794_rural_17.373576279042148_43.10204088799529.tif,data/external/sen1floods11/permanent_mask/water_12_794_rural_17.373576279042148_43.10204088799529.tif,4620,DOWNLOADED,water_12_794_rural_17.373576279042148_43.10204088799529
permanent_mask,v1.1/data/perm_water/JRCPerm/water_12_795_low_density_10.204059700370784_43.92795112601348.tif,data/external/sen1floods11/permanent_mask/water_12_795_low_density_10.204059700370784_43.92795112601348.tif,6004,DOWNLOADED,water_12_795_low_density_10.204059700370784_43.92795112601348
permanent_mask,v1.1/data/perm_water/JRCPerm/water_12_795_low_density_13.299482928752898_41.27584726526391.tif,data/external/sen1floods11/permanent_mask/water_12_795_low_density_13.299482928752898_41.27584726526391.tif,5425,DOWNLOADED,water_12_795_low_density_13.299482928752898_41.27584726526391
permanent_mask,v1.1/data/perm_water/JRCPerm/water_12_795_low_density_7.134280762147038_43.589558865269574.tif,data/external/sen1floods11/permanent_mask/water_12_795_low_density_7.134280762147038_43.589558865269574.tif,7433,DOWNLOADED,water_12_795_low_density_7.134280762147038_43.589558865269574
permanent_mask,v1.1/data/perm_water/JRCPerm/water_12_795_low_density_9.292829022795956_44.3364939645302.tif,data/external/sen1floods11/permanent_mask/water_12_795_low_density_9.292829022795956_44.3364939645302.tif,4576,DOWNLOADED,water_12_795_low_density_9.292829022795956_44.3364939645302
permanent_mask,v1.1/data/perm_water/JRCPerm/water_12_795_rural_15.869771203373848_41.56341915130169.tif,data/external/sen1floods11/permanent_mask/water_12_795_rural_15.869771203373848_41.56341915130169.tif,8939,DOWNLOADED,water_12_795_rural_15.869771203373848_41.56341915130169
permanent_mask,v1.1/data/perm_water/JRCPerm/water_12_796_rural_-13.452697640949298_29.156750812772884.tif,data/external/sen1floods11/permanent_mask/water_12_796_rural_-13.452697640949298_29.156750812772884.tif,7147,DOWNLOADED,water_12_796_rural_-13.452697640949298_29.156750812772884
permanent_mask,v1.1/data/perm_water/JRCPerm/water_12_797_high_density_12.633672254957624_32.77276071184164.tif,data/external/sen1floods11/permanent_mask/water_12_797_high_density_12.633672254957624_32.77276071184164.tif,3826,DOWNLOADED,water_12_797_high_density_12.633672254957624_32.77276071184164
permanent_mask,v1.1/data/perm_water/JRCPerm/water_12_797_high_density_15.264644435814922_32.32062570142645.tif,data/external/sen1floods11/permanent_mask/water_12_797_high_density_15.264644435814922_32.32062570142645.tif,8175,DOWNLOADED,water_12_797_high_density_15.264644435814922_32.32062570142645
permanent_mask,v1.1/data/perm_water/JRCPerm/water_12_797_low_density_12.79755313687387_32.77575276864851.tif,data/external/sen1floods11/permanent_mask/water_12_797_low_density_12.79755313687387_32.77575276864851.tif,3511,DOWNLOADED,water_12_797_low_density_12.79755313687387_32.77575276864851
permanent_mask,v1.1/data/perm_water/JRCPerm/water_12_797_rural_12.551745191302663_32.77118664916978.tif,data/external/sen1floods11/permanent_mask/water_12_797_rural_12.551745191302663_32.77118664916978.tif,3123,DOWNLOADED,water_12_797_rural_12.551745191302663_32.77118664916978
permanent_mask,v1.1/data/perm_water/JRCPerm/water_12_798_high_density_-2.8763431345252637_35.12114628163892.tif,data/external/sen1floods11/permanent_mask/water_12_798_high_density_-2.8763431345252637_35.12114628163892.tif,5455,DOWNLOADED,water_12_798_high_density_-2.8763431345252637_35.12114628163892
permanent_mask,v1.1/data/perm_water/JRCPerm/water_12_798_low_density_-2.9605621761216963_35.25970838777369.tif,data/external/sen1floods11/permanent_mask/water_12_798_low_density_-2.9605621761216963_35.25970838777369.tif,3397,DOWNLOADED,water_12_798_low_density_-2.9605621761216963_35.25970838777369
permanent_mask,v1.1/data/perm_water/JRCPerm/water_12_798_low_density_-3.8884921871416775_35.18720340464466.tif,data/external/sen1floods11/permanent_mask/water_12_798_low_density_-3.8884921871416775_35.18720340464466.tif,4168,DOWNLOADED,water_12_798_low_density_-3.8884921871416775_35.18720340464466
permanent_mask,v1.1/data/perm_water/JRCPerm/water_12_798_low_density_10.713199858653235_34.65224059216171.tif,data/external/sen1floods11/permanent_mask/water_12_798_low_density_10.713199858653235_34.65224059216171.tif,11411,DOWNLOADED,water_12_798_low_density_10.713199858653235_34.65224059216171
permanent_mask,v1.1/data/perm_water/JRCPerm/water_12_798_rural_-2.370632024952913_35.11957667806809.tif,data/external/sen1floods11/permanent_mask/water_12_798_rural_-2.370632024952913_35.11957667806809.tif,6087,DOWNLOADED,water_12_798_rural_-2.370632024952913_35.11957667806809
permanent_mask,v1.1/data/perm_water/JRCPerm/water_12_798_rural_-3.466741491304659_35.189562269101934.tif,data/external/sen1floods11/permanent_mask/water_12_798_rural_-3.466741491304659_35.189562269101934.tif,4768,DOWNLOADED,water_12_798_rural_-3.466741491304659_35.189562269101934
permanent_mask,v1.1/data/perm_water/JRCPerm/water_12_798_rural_3.2926135951675968_36.78893479854769.tif,data/external/sen1floods11/permanent_mask/water_12_798_rural_3.2926135951675968_36.78893479854769.tif,5224,DOWNLOADED,water_12_798_rural_3.2926135951675968_36.78893479854769
permanent_mask,v1.1/data/perm_water/JRCPerm/water_12_799_high_density_5.873224688727276_43.0750588675209.tif,data/external/sen1floods11/permanent_mask/water_12_799_high_density_5.873224688727276_43.0750588675209.tif,6260,DOWNLOADED,water_12_799_high_density_5.873224688727276_43.0750588675209
permanent_mask,v1.1/data/perm_water/JRCPerm/water_12_799_low_density_5.038645958261185_43.507899347677835.tif,data/external/sen1floods11/permanent_mask/water_12_799_low_density_5.038645958261185_43.507899347677835.tif,5974,DOWNLOADED,water_12_799_low_density_5.038645958261185_43.507899347677835
permanent_mask,v1.1/data/perm_water/JRCPerm/water_12_799_low_density_6.6388701760081466_43.2606957034769.tif,data/external/sen1floods11/permanent_mask/water_12_799_low_density_6.6388701760081466_43.2606957034769.tif,5377,DOWNLOADED,water_12_799_low_density_6.6388701760081466_43.2606957034769
permanent_mask,v1.1/data/perm_water/JRCPerm/water_12_799_rural_1.8383357548999186_41.23834622540443.tif,data/external/sen1floods11/permanent_mask/water_12_799_rural_1.8383357548999186_41.23834622540443.tif,5082,DOWNLOADED,water_12_799_rural_1.8383357548999186_41.23834622540443
permanent_mask,v1.1/data/perm_water/JRCPerm/water_12_799_rural_3.206637667756107_41.94238923163196.tif,data/external/sen1floods11/permanent_mask/water_12_799_rural_3.206637667756107_41.94238923163196.tif,8353,DOWNLOADED,water_12_799_rural_3.206637667756107_41.94238923163196
permanent_mask,v1.1/data/perm_water/JRCPerm/water_12_801_inhabited_21.029160699960244_40.97624026548288.tif,data/external/sen1floods11/permanent_mask/water_12_801_inhabited_21.029160699960244_40.97624026548288.tif,5690,DOWNLOADED,water_12_801_inhabited_21.029160699960244_40.97624026548288
permanent_mask,v1.1/data/perm_water/JRCPerm/water_12_801_low_density_20.671527418170722_41.153279954607854.tif,data/external/sen1floods11/permanent_mask/water_12_801_low_density_20.671527418170722_41.153279954607854.tif,7345,DOWNLOADED,water_12_801_low_density_20.671527418170722_41.153279954607854
permanent_mask,v1.1/data/perm_water/JRCPerm/water_12_803_rural_-1.6508305556025193_37.37379941091976.tif,data/external/sen1floods11/permanent_mask/water_12_803_rural_-1.6508305556025193_37.37379941091976.tif,8042,DOWNLOADED,water_12_803_rural_-1.6508305556025193_37.37379941091976
permanent_mask,v1.1/data/perm_water/JRCPerm/water_12_804_low_density_36.21950759402265_36.7002299012915.tif,data/external/sen1floods11/permanent_mask/water_12_804_low_density_36.21950759402265_36.7002299012915.tif,8256,DOWNLOADED,water_12_804_low_density_36.21950759402265_36.7002299012915
permanent_mask,v1.1/data/perm_water/JRCPerm/water_12_804_rural_30.821698882310613_38.000949678581655.tif,data/external/sen1floods11/permanent_mask/water_12_804_rural_30.821698882310613_38.000949678581655.tif,6761,DOWNLOADED,water_12_804_rural_30.821698882310613_38.000949678581655
permanent_mask,v1.1/data/perm_water/JRCPerm/water_12_805_high_density_-6.247383399020867_36.46310382547134.tif,data/external/sen1floods11/permanent_mask/water_12_805_high_density_-6.247383399020867_36.46310382547134.tif,9784,DOWNLOADED,water_12_805_high_density_-6.247383399020867_36.46310382547134
permanent_mask,v1.1/data/perm_water/JRCPerm/water_12_805_low_density_-6.140512124072928_36.351336457566724.tif,data/external/sen1floods11/permanent_mask/water_12_805_low_density_-6.140512124072928_36.351336457566724.tif,4126,DOWNLOADED,water_12_805_low_density_-6.140512124072928_36.351336457566724
permanent_mask,v1.1/data/perm_water/JRCPerm/water_12_805_rural_-4.481285081186773_36.694116473747215.tif,data/external/sen1floods11/permanent_mask/water_12_805_rural_-4.481285081186773_36.694116473747215.tif,4114,DOWNLOADED,water_12_805_rural_-4.481285081186773_36.694116473747215
permanent_mask,v1.1/data/perm_water/JRCPerm/water_12_805_rural_-5.289394587799609_36.25872092868665.tif,data/external/sen1floods11/permanent_mask/water_12_805_rural_-5.289394587799609_36.25872092868665.tif,9409,DOWNLOADED,water_12_805_rural_-5.289394587799609_36.25872092868665
permanent_mask,v1.1/data/perm_water/JRCPerm/water_12_806_high_density_13.396758218233817_38.085253443098104.tif,data/external/sen1floods11/permanent_mask/water_12_806_high_density_13.396758218233817_38.085253443098104.tif,4198,DOWNLOADED,water_12_806_high_density_13.396758218233817_38.085253443098104
permanent_mask,v1.1/data/perm_water/JRCPerm/water_12_806_high_density_14.2220753958119_40.801505931602556.tif,data/external/sen1floods11/permanent_mask/water_12_806_high_density_14.2220753958119_40.801505931602556.tif,8523,DOWNLOADED,water_12_806_high_density_14.2220753958119_40.801505931602556
permanent_mask,v1.1/data/perm_water/JRCPerm/water_12_806_low_density_12.679841787265003_37.59692390943208.tif,data/external/sen1floods11/permanent_mask/water_12_806_low_density_12.679841787265003_37.59692390943208.tif,3360,DOWNLOADED,water_12_806_low_density_12.679841787265003_37.59692390943208
permanent_mask,v1.1/data/perm_water/JRCPerm/water_12_806_low_density_13.220008370677329_38.15191700384711.tif,data/external/sen1floods11/permanent_mask/water_12_806_low_density_13.220008370677329_38.15191700384711.tif,3556,DOWNLOADED,water_12_806_low_density_13.220008370677329_38.15191700384711
permanent_mask,v1.1/data/perm_water/JRCPerm/water_12_806_low_density_14.496760479805225_40.59547316742808.tif,data/external/sen1floods11/permanent_mask/water_12_806_low_density_14.496760479805225_40.59547316742808.tif,5251,DOWNLOADED,water_12_806_low_density_14.496760479805225_40.59547316742808
permanent_mask,v1.1/data/perm_water/JRCPerm/water_12_806_low_density_17.426421085626544_40.32802074534345.tif,data/external/sen1floods11/permanent_mask/water_12_806_low_density_17.426421085626544_40.32802074534345.tif,4992,DOWNLOADED,water_12_806_low_density_17.426421085626544_40.32802074534345
permanent_mask,v1.1/data/perm_water/JRCPerm/water_12_806_low_density_9.457579429417624_42.63138723090513.tif,data/external/sen1floods11/permanent_mask/water_12_806_low_density_9.457579429417624_42.63138723090513.tif,9750,DOWNLOADED,water_12_806_low_density_9.457579429417624_42.63138723090513
permanent_mask,v1.1/data/perm_water/JRCPerm/water_12_806_rural_14.419791936521696_44.89375228228038.tif,data/external/sen1floods11/permanent_mask/water_12_806_rural_14.419791936521696_44.89375228228038.tif,4748,DOWNLOADED,water_12_806_rural_14.419791936521696_44.89375228228038
permanent_mask,v1.1/data/perm_water/JRCPerm/water_12_806_rural_16.978740717163728_40.47491691134712.tif,data/external/sen1floods11/permanent_mask/water_12_806_rural_16.978740717163728_40.47491691134712.tif,6493,DOWNLOADED,water_12_806_rural_16.978740717163728_40.47491691134712
permanent_mask,v1.1/data/perm_water/JRCPerm/water_12_89_rural_17.917488507339375_-32.73284729831226.tif,data/external/sen1floods11/permanent_mask/water_12_89_rural_17.917488507339375_-32.73284729831226.tif,6339,DOWNLOADED,water_12_89_rural_17.917488507339375_-32.73284729831226
permanent_mask,v1.1/data/perm_water/JRCPerm/water_13_100_inhabited_43.30023901161886_-21.92411565868999.tif,data/external/sen1floods11/permanent_mask/water_13_100_inhabited_43.30023901161886_-21.92411565868999.tif,9739,DOWNLOADED,water_13_100_inhabited_43.30023901161886_-21.92411565868999
permanent_mask,v1.1/data/perm_water/JRCPerm/water_13_100_inhabited_44.29070345581236_-20.332996925294164.tif,data/external/sen1floods11/permanent_mask/water_13_100_inhabited_44.29070345581236_-20.332996925294164.tif,7939,DOWNLOADED,water_13_100_inhabited_44.29070345581236_-20.332996925294164
permanent_mask,v1.1/data/perm_water/JRCPerm/water_13_101_inhabited_25.581630870364226_-30.620080628179053.tif,data/external/sen1floods11/permanent_mask/water_13_101_inhabited_25.581630870364226_-30.620080628179053.tif,8342,DOWNLOADED,water_13_101_inhabited_25.581630870364226_-30.620080628179053
permanent_mask,v1.1/data/perm_water/JRCPerm/water_13_102_inhabited_17.585263183352385_-30.84089085324464.tif,data/external/sen1floods11/permanent_mask/water_13_102_inhabited_17.585263183352385_-30.84089085324464.tif,5959,DOWNLOADED,water_13_102_inhabited_17.585263183352385_-30.84089085324464
permanent_mask,v1.1/data/perm_water/JRCPerm/water_13_104_inhabited_12.947503787099146_-13.005530069107639.tif,data/external/sen1floods11/permanent_mask/water_13_104_inhabited_12.947503787099146_-13.005530069107639.tif,5733,DOWNLOADED,water_13_104_inhabited_12.947503787099146_-13.005530069107639
permanent_mask,v1.1/data/perm_water/JRCPerm/water_13_104_rural_12.948640857867774_-12.866722712414917.tif,data/external/sen1floods11/permanent_mask/water_13_104_rural_12.948640857867774_-12.866722712414917.tif,7015,DOWNLOADED,water_13_104_rural_12.948640857867774_-12.866722712414917
permanent_mask,v1.1/data/perm_water/JRCPerm/water_13_105_inhabited_52.22514314739394_12.206419028420656.tif,data/external/sen1floods11/permanent_mask/water_13_105_inhabited_52.22514314739394_12.206419028420656.tif,5030,DOWNLOADED,water_13_105_inhabited_52.22514314739394_12.206419028420656
permanent_mask,v1.1/data/perm_water/JRCPerm/water_13_105_inhabited_53.51915197759867_12.402374224214334.tif,data/external/sen1floods11/permanent_mask/water_13_105_inhabited_53.51915197759867_12.402374224214334.tif,4949,DOWNLOADED,water_13_105_inhabited_53.51915197759867_12.402374224214334
permanent_mask,v1.1/data/perm_water/JRCPerm/water_13_106_rural_51.23629289778179_11.653419152176511.tif,data/external/sen1floods11/permanent_mask/water_13_106_rural_51.23629289778179_11.653419152176511.tif,6015,DOWNLOADED,water_13_106_rural_51.23629289778179_11.653419152176511
permanent_mask,v1.1/data/perm_water/JRCPerm/water_13_107_inhabited_42.80379837313662_13.716355368037446.tif,data/external/sen1floods11/permanent_mask/water_13_107_inhabited_42.80379837313662_13.716355368037446.tif,5718,DOWNLOADED,water_13_107_inhabited_42.80379837313662_13.716355368037446
permanent_mask,v1.1/data/perm_water/JRCPerm/water_13_107_inhabited_50.99689713952544_15.15569521977608.tif,data/external/sen1floods11/permanent_mask/water_13_107_inhabited_50.99689713952544_15.15569521977608.tif,4147,DOWNLOADED,water_13_107_inhabited_50.99689713952544_15.15569521977608
permanent_mask,v1.1/data/perm_water/JRCPerm/water_13_207_inhabited_114.71955142986323_-21.612504758873087.tif,data/external/sen1floods11/permanent_mask/water_13_207_inhabited_114.71955142986323_-21.612504758873087.tif,5328,DOWNLOADED,water_13_207_inhabited_114.71955142986323_-21.612504758873087
permanent_mask,v1.1/data/perm_water/JRCPerm/water_13_207_inhabited_115.32149885837102_-20.856602407393993.tif,data/external/sen1floods11/permanent_mask/water_13_207_inhabited_115.32149885837102_-20.856602407393993.tif,8448,DOWNLOADED,water_13_207_inhabited_115.32149885837102_-20.856602407393993
permanent_mask,v1.1/data/perm_water/JRCPerm/water_13_207_inhabited_115.54685736651115_-20.4423875923373.tif,data/external/sen1floods11/permanent_mask/water_13_207_inhabited_115.54685736651115_-20.4423875923373.tif,13248,DOWNLOADED,water_13_207_inhabited_115.54685736651115_-20.4423875923373
permanent_mask,v1.1/data/perm_water/JRCPerm/water_13_212_inhabited_131.4264430513036_-31.544010825554093.tif,data/external/sen1floods11/permanent_mask/water_13_212_inhabited_131.4264430513036_-31.544010825554093.tif,3986,DOWNLOADED,water_13_212_inhabited_131.4264430513036_-31.544010825554093
permanent_mask,v1.1/data/perm_water/JRCPerm/water_13_213_inhabited_116.17711562760726_-20.942101210992767.tif,data/external/sen1floods11/permanent_mask/water_13_213_inhabited_116.17711562760726_-20.942101210992767.tif,11311,DOWNLOADED,water_13_213_inhabited_116.17711562760726_-20.942101210992767
permanent_mask,v1.1/data/perm_water/JRCPerm/water_13_215_inhabited_137.56798968682094_-32.99802111975856.tif,data/external/sen1floods11/permanent_mask/water_13_215_inhabited_137.56798968682094_-32.99802111975856.tif,3988,DOWNLOADED,water_13_215_inhabited_137.56798968682094_-32.99802111975856
permanent_mask,v1.1/data/perm_water/JRCPerm/water_13_314_inhabited_68.59733018466164_23.740829232581753.tif,data/external/sen1floods11/permanent_mask/water_13_314_inhabited_68.59733018466164_23.740829232581753.tif,9783,DOWNLOADED,water_13_314_inhabited_68.59733018466164_23.740829232581753
permanent_mask,v1.1/data/perm_water/JRCPerm/water_13_314_inhabited_68.9690408484769_22.230504951173312.tif,data/external/sen1floods11/permanent_mask/water_13_314_inhabited_68.9690408484769_22.230504951173312.tif,8951,DOWNLOADED,water_13_314_inhabited_68.9690408484769_22.230504951173312
permanent_mask,v1.1/data/perm_water/JRCPerm/water_13_314_low_density_71.77441293063552_21.041093254379266.tif,data/external/sen1floods11/permanent_mask/water_13_314_low_density_71.77441293063552_21.041093254379266.tif,11805,DOWNLOADED,water_13_314_low_density_71.77441293063552_21.041093254379266
permanent_mask,v1.1/data/perm_water/JRCPerm/water_13_315_inhabited_79.67992643368339_9.48629158110076.tif,data/external/sen1floods11/permanent_mask/water_13_315_inhabited_79.67992643368339_9.48629158110076.tif,7254,DOWNLOADED,water_13_315_inhabited_79.67992643368339_9.48629158110076
permanent_mask,v1.1/data/perm_water/JRCPerm/water_13_315_inhabited_79.75135231435749_9.069856133719451.tif,data/external/sen1floods11/permanent_mask/water_13_315_inhabited_79.75135231435749_9.069856133719451.tif,4535,DOWNLOADED,water_13_315_inhabited_79.75135231435749_9.069856133719451
permanent_mask,v1.1/data/perm_water/JRCPerm/water_13_315_low_density_79.95910629153859_9.695592866347404.tif,data/external/sen1floods11/permanent_mask/water_13_315_low_density_79.95910629153859_9.695592866347404.tif,8589,DOWNLOADED,water_13_315_low_density_79.95910629153859_9.695592866347404
permanent_mask,v1.1/data/perm_water/JRCPerm/water_13_315_rural_79.95932032838915_9.626137908338933.tif,data/external/sen1floods11/permanent_mask/water_13_315_rural_79.95932032838915_9.626137908338933.tif,8904,DOWNLOADED,water_13_315_rural_79.95932032838915_9.626137908338933
permanent_mask,v1.1/data/perm_water/JRCPerm/water_13_316_rural_80.25336682915653_13.591210696972489.tif,data/external/sen1floods11/permanent_mask/water_13_316_rural_80.25336682915653_13.591210696972489.tif,8753,DOWNLOADED,water_13_316_rural_80.25336682915653_13.591210696972489
permanent_mask,v1.1/data/perm_water/JRCPerm/water_13_316_rural_81.34881188945131_16.32315030298296.tif,data/external/sen1floods11/permanent_mask/water_13_316_rural_81.34881188945131_16.32315030298296.tif,10856,DOWNLOADED,water_13_316_rural_81.34881188945131_16.32315030298296
permanent_mask,v1.1/data/perm_water/JRCPerm/water_13_426_inhabited_-111.28446509693698_24.26158089000737.tif,data/external/sen1floods11/permanent_mask/water_13_426_inhabited_-111.28446509693698_24.26158089000737.tif,6080,DOWNLOADED,water_13_426_inhabited_-111.28446509693698_24.26158089000737
permanent_mask,v1.1/data/perm_water/JRCPerm/water_13_426_inhabited_-115.78033143856852_30.04754988932082.tif,data/external/sen1floods11/permanent_mask/water_13_426_inhabited_-115.78033143856852_30.04754988932082.tif,6105,DOWNLOADED,water_13_426_inhabited_-115.78033143856852_30.04754988932082
permanent_mask,v1.1/data/perm_water/JRCPerm/water_13_426_rural_-110.98184820394486_24.053746649007316.tif,data/external/sen1floods11/permanent_mask/water_13_426_rural_-110.98184820394486_24.053746649007316.tif,5592,DOWNLOADED,water_13_426_rural_-110.98184820394486_24.053746649007316
permanent_mask,v1.1/data/perm_water/JRCPerm/water_13_430_rural_-118.94816600895757_37.946579859436994.tif,data/external/sen1floods11/permanent_mask/water_13_430_rural_-118.94816600895757_37.946579859436994.tif,4014,DOWNLOADED,water_13_430_rural_-118.94816600895757_37.946579859436994
permanent_mask,v1.1/data/perm_water/JRCPerm/water_13_430_rural_-119.54643467909625_39.909088201372214.tif,data/external/sen1floods11/permanent_mask/water_13_430_rural_-119.54643467909625_39.909088201372214.tif,6322,DOWNLOADED,water_13_430_rural_-119.54643467909625_39.909088201372214
permanent_mask,v1.1/data/perm_water/JRCPerm/water_13_431_inhabited_-110.8264752868386_25.633962880327466.tif,data/external/sen1floods11/permanent_mask/water_13_431_inhabited_-110.8264752868386_25.633962880327466.tif,5009,DOWNLOADED,water_13_431_inhabited_-110.8264752868386_25.633962880327466
permanent_mask,v1.1/data/perm_water/JRCPerm/water_13_431_inhabited_-110.90636008221107_23.98435411841359.tif,data/external/sen1floods11/permanent_mask/water_13_431_inhabited_-110.90636008221107_23.98435411841359.tif,5755,DOWNLOADED,water_13_431_inhabited_-110.90636008221107_23.98435411841359
permanent_mask,v1.1/data/perm_water/JRCPerm/water_13_431_inhabited_-111.05602089086788_25.70340892013383.tif,data/external/sen1floods11/permanent_mask/water_13_431_inhabited_-111.05602089086788_25.70340892013383.tif,5803,DOWNLOADED,water_13_431_inhabited_-111.05602089086788_25.70340892013383
permanent_mask,v1.1/data/perm_water/JRCPerm/water_13_434_inhabited_-120.20977055180686_42.64160303141858.tif,data/external/sen1floods11/permanent_mask/water_13_434_inhabited_-120.20977055180686_42.64160303141858.tif,7635,DOWNLOADED,water_13_434_inhabited_-120.20977055180686_42.64160303141858
permanent_mask,v1.1/data/perm_water/JRCPerm/water_13_435_inhabited_-112.3906878044779_29.41297521840494.tif,data/external/sen1floods11/permanent_mask/water_13_435_inhabited_-112.3906878044779_29.41297521840494.tif,5713,DOWNLOADED,water_13_435_inhabited_-112.3906878044779_29.41297521840494
permanent_mask,v1.1/data/perm_water/JRCPerm/water_13_435_inhabited_-112.54067412751165_28.85688964423181.tif,data/external/sen1floods11/permanent_mask/water_13_435_inhabited_-112.54067412751165_28.85688964423181.tif,5631,DOWNLOADED,water_13_435_inhabited_-112.54067412751165_28.85688964423181
permanent_mask,v1.1/data/perm_water/JRCPerm/water_13_435_inhabited_-113.12211415027465_31.05412506562042.tif,data/external/sen1floods11/permanent_mask/water_13_435_inhabited_-113.12211415027465_31.05412506562042.tif,8668,DOWNLOADED,water_13_435_inhabited_-113.12211415027465_31.05412506562042
permanent_mask,v1.1/data/perm_water/JRCPerm/water_13_437_inhabited_-98.96692081116339_26.26950517617194.tif,data/external/sen1floods11/permanent_mask/water_13_437_inhabited_-98.96692081116339_26.26950517617194.tif,8654,DOWNLOADED,water_13_437_inhabited_-98.96692081116339_26.26950517617194
permanent_mask,v1.1/data/perm_water/JRCPerm/water_13_597_high_density_-63.788207534924474_10.99300399065591.tif,data/external/sen1floods11/permanent_mask/water_13_597_high_density_-63.788207534924474_10.99300399065591.tif,6914,DOWNLOADED,water_13_597_high_density_-63.788207534924474_10.99300399065591
permanent_mask,v1.1/data/perm_water/JRCPerm/water_13_597_rural_-63.858906582126856_11.13171324712545.tif,data/external/sen1floods11/permanent_mask/water_13_597_rural_-63.858906582126856_11.13171324712545.tif,6205,DOWNLOADED,water_13_597_rural_-63.858906582126856_11.13171324712545
permanent_mask,v1.1/data/perm_water/JRCPerm/water_13_597_rural_-64.37010238599495_10.993704069521302.tif,data/external/sen1floods11/permanent_mask/water_13_597_rural_-64.37010238599495_10.993704069521302.tif,4749,DOWNLOADED,water_13_597_rural_-64.37010238599495_10.993704069521302
permanent_mask,v1.1/data/perm_water/JRCPerm/water_13_599_low_density_-60.93426246499067_14.07841207807198.tif,data/external/sen1floods11/permanent_mask/water_13_599_low_density_-60.93426246499067_14.07841207807198.tif,7333,DOWNLOADED,water_13_599_low_density_-60.93426246499067_14.07841207807198
permanent_mask,v1.1/data/perm_water/JRCPerm/water_13_599_rural_-61.197978160392516_13.13017532085461.tif,data/external/sen1floods11/permanent_mask/water_13_599_rural_-61.197978160392516_13.13017532085461.tif,7301,DOWNLOADED,water_13_599_rural_-61.197978160392516_13.13017532085461
permanent_mask,v1.1/data/perm_water/JRCPerm/water_13_599_rural_-64.76319443936147_18.33583690907261.tif,data/external/sen1floods11/permanent_mask/water_13_599_rural_-64.76319443936147_18.33583690907261.tif,6558,DOWNLOADED,water_13_599_rural_-64.76319443936147_18.33583690907261
permanent_mask,v1.1/data/perm_water/JRCPerm/water_13_601_inhabited_-90.44359439805953_0.35473486610478006.tif,data/external/sen1floods11/permanent_mask/water_13_601_inhabited_-90.44359439805953_0.35473486610478006.tif,4274,DOWNLOADED,water_13_601_inhabited_-90.44359439805953_0.35473486610478006
permanent_mask,v1.1/data/perm_water/JRCPerm/water_13_601_inhabited_-90.58134048870153_-0.26944118115446714.tif,data/external/sen1floods11/permanent_mask/water_13_601_inhabited_-90.58134048870153_-0.26944118115446714.tif,4643,DOWNLOADED,water_13_601_inhabited_-90.58134048870153_-0.26944118115446714
permanent_mask,v1.1/data/perm_water/JRCPerm/water_13_601_inhabited_-90.7192337296783_0.5626315345195873.tif,data/external/sen1floods11/permanent_mask/water_13_601_inhabited_-90.7192337296783_0.5626315345195873.tif,7284,DOWNLOADED,water_13_601_inhabited_-90.7192337296783_0.5626315345195873
permanent_mask,v1.1/data/perm_water/JRCPerm/water_13_602_inhabited_-74.01337661968228_11.336145194021729.tif,data/external/sen1floods11/permanent_mask/water_13_602_inhabited_-74.01337661968228_11.336145194021729.tif,4668,DOWNLOADED,water_13_602_inhabited_-74.01337661968228_11.336145194021729
permanent_mask,v1.1/data/perm_water/JRCPerm/water_13_602_inhabited_-74.85805521403442_11.059935097468133.tif,data/external/sen1floods11/permanent_mask/water_13_602_inhabited_-74.85805521403442_11.059935097468133.tif,10133,DOWNLOADED,water_13_602_inhabited_-74.85805521403442_11.059935097468133
permanent_mask,v1.1/data/perm_water/JRCPerm/water_13_606_inhabited_-70.27111619248731_11.317604251841502.tif,data/external/sen1floods11/permanent_mask/water_13_606_inhabited_-70.27111619248731_11.317604251841502.tif,3377,DOWNLOADED,water_13_606_inhabited_-70.27111619248731_11.317604251841502
permanent_mask,v1.1/data/perm_water/JRCPerm/water_13_607_rural_-110.29973951579926_24.46831819214828.tif,data/external/sen1floods11/permanent_mask/water_13_607_rural_-110.29973951579926_24.46831819214828.tif,7709,DOWNLOADED,water_13_607_rural_-110.29973951579926_24.46831819214828
permanent_mask,v1.1/data/perm_water/JRCPerm/water_13_608_high_density_-77.0677359864632_-12.103476221500804.tif,data/external/sen1floods11/permanent_mask/water_13_608_high_density_-77.0677359864632_-12.103476221500804.tif,5422,DOWNLOADED,water_13_608_high_density_-77.0677359864632_-12.103476221500804
permanent_mask,v1.1/data/perm_water/JRCPerm/water_13_608_high_density_-77.20879073008686_-12.102388200843764.tif,data/external/sen1floods11/permanent_mask/water_13_608_high_density_-77.20879073008686_-12.102388200843764.tif,7787,DOWNLOADED,water_13_608_high_density_-77.20879073008686_-12.102388200843764
permanent_mask,v1.1/data/perm_water/JRCPerm/water_13_608_inhabited_-75.68831307557971_-14.815247313446543.tif,data/external/sen1floods11/permanent_mask/water_13_608_inhabited_-75.68831307557971_-14.815247313446543.tif,5017,DOWNLOADED,water_13_608_inhabited_-75.68831307557971_-14.815247313446543
permanent_mask,v1.1/data/perm_water/JRCPerm/water_13_608_inhabited_-77.86146043307762_-10.664069483246365.tif,data/external/sen1floods11/permanent_mask/water_13_608_inhabited_-77.86146043307762_-10.664069483246365.tif,4957,DOWNLOADED,water_13_608_inhabited_-77.86146043307762_-10.664069483246365
permanent_mask,v1.1/data/perm_water/JRCPerm/water_13_809_rural_35.47889550005583_31.58964526573506.tif,data/external/sen1floods11/permanent_mask/water_13_809_rural_35.47889550005583_31.58964526573506.tif,5229,DOWNLOADED,water_13_809_rural_35.47889550005583_31.58964526573506
permanent_mask,v1.1/data/perm_water/JRCPerm/water_13_811_inhabited_51.77666459984256_24.194226168595073.tif,data/external/sen1floods11/permanent_mask/water_13_811_inhabited_51.77666459984256_24.194226168595073.tif,8056,DOWNLOADED,water_13_811_inhabited_51.77666459984256_24.194226168595073
permanent_mask,v1.1/data/perm_water/JRCPerm/water_13_811_inhabited_52.16149393895706_23.956074499532637.tif,data/external/sen1floods11/permanent_mask/water_13_811_inhabited_52.16149393895706_23.956074499532637.tif,4387,DOWNLOADED,water_13_811_inhabited_52.16149393895706_23.956074499532637
permanent_mask,v1.1/data/perm_water/JRCPerm/water_13_815_inhabited_52.63782849078931_46.81578536395348.tif,data/external/sen1floods11/permanent_mask/water_13_815_inhabited_52.63782849078931_46.81578536395348.tif,12418,DOWNLOADED,water_13_815_inhabited_52.63782849078931_46.81578536395348
permanent_mask,v1.1/data/perm_water/JRCPerm/water_13_817_inhabited_58.64659647423817_45.7664117357429.tif,data/external/sen1floods11/permanent_mask/water_13_817_inhabited_58.64659647423817_45.7664117357429.tif,8197,DOWNLOADED,water_13_817_inhabited_58.64659647423817_45.7664117357429
permanent_mask,v1.1/data/perm_water/JRCPerm/water_13_817_inhabited_73.80927910536501_46.18645459587645.tif,data/external/sen1floods11/permanent_mask/water_13_817_inhabited_73.80927910536501_46.18645459587645.tif,6909,DOWNLOADED,water_13_817_inhabited_73.80927910536501_46.18645459587645
permanent_mask,v1.1/data/perm_water/JRCPerm/water_13_821_inhabited_57.67932827372471_19.751338406579524.tif,data/external/sen1floods11/permanent_mask/water_13_821_inhabited_57.67932827372471_19.751338406579524.tif,5672,DOWNLOADED,water_13_821_inhabited_57.67932827372471_19.751338406579524
permanent_mask,v1.1/data/perm_water/JRCPerm/water_13_821_inhabited_58.99735828130433_21.244468394325878.tif,data/external/sen1floods11/permanent_mask/water_13_821_inhabited_58.99735828130433_21.244468394325878.tif,4367,DOWNLOADED,water_13_821_inhabited_58.99735828130433_21.244468394325878
permanent_mask,v1.1/data/perm_water/JRCPerm/water_13_826_inhabited_92.33536801998393_50.29058890996277.tif,data/external/sen1floods11/permanent_mask/water_13_826_inhabited_92.33536801998393_50.29058890996277.tif,11473,DOWNLOADED,water_13_826_inhabited_92.33536801998393_50.29058890996277
permanent_mask,v1.1/data/perm_water/JRCPerm/water_13_826_inhabited_93.01120275294736_50.23529605690004.tif,data/external/sen1floods11/permanent_mask/water_13_826_inhabited_93.01120275294736_50.23529605690004.tif,5009,DOWNLOADED,water_13_826_inhabited_93.01120275294736_50.23529605690004
permanent_mask,v1.1/data/perm_water/JRCPerm/water_13_826_rural_93.11622796005916_49.12998746507504.tif,data/external/sen1floods11/permanent_mask/water_13_826_rural_93.11622796005916_49.12998746507504.tif,8321,DOWNLOADED,water_13_826_rural_93.11622796005916_49.12998746507504
permanent_mask,v1.1/data/perm_water/JRCPerm/water_13_827_inhabited_83.19488864378002_48.178508941391804.tif,data/external/sen1floods11/permanent_mask/water_13_827_inhabited_83.19488864378002_48.178508941391804.tif,4156,DOWNLOADED,water_13_827_inhabited_83.19488864378002_48.178508941391804
permanent_mask,v1.1/data/perm_water/JRCPerm/water_13_827_inhabited_83.8604674443205_48.993088603633204.tif,data/external/sen1floods11/permanent_mask/water_13_827_inhabited_83.8604674443205_48.993088603633204.tif,5761,DOWNLOADED,water_13_827_inhabited_83.8604674443205_48.993088603633204
permanent_mask,v1.1/data/perm_water/JRCPerm/water_13_827_inhabited_84.32079828247194_48.013254656351094.tif,data/external/sen1floods11/permanent_mask/water_13_827_inhabited_84.32079828247194_48.013254656351094.tif,5360,DOWNLOADED,water_13_827_inhabited_84.32079828247194_48.013254656351094
permanent_mask,v1.1/data/perm_water/JRCPerm/water_13_830_inhabited_43.28201020651237_33.96244887290101.tif,data/external/sen1floods11/permanent_mask/water_13_830_inhabited_43.28201020651237_33.96244887290101.tif,5293,DOWNLOADED,water_13_830_inhabited_43.28201020651237_33.96244887290101
permanent_mask,v1.1/data/perm_water/JRCPerm/water_13_831_inhabited_43.680573576871474_32.66180044122769.tif,data/external/sen1floods11/permanent_mask/water_13_831_inhabited_43.680573576871474_32.66180044122769.tif,6260,DOWNLOADED,water_13_831_inhabited_43.680573576871474_32.66180044122769
permanent_mask,v1.1/data/perm_water/JRCPerm/water_13_833_rural_32.38289704763781_30.28752978981517.tif,data/external/sen1floods11/permanent_mask/water_13_833_rural_32.38289704763781_30.28752978981517.tif,5696,DOWNLOADED,water_13_833_rural_32.38289704763781_30.28752978981517
permanent_mask,v1.1/data/perm_water/JRCPerm/water_13_836_rural_33.67699505986361_27.357186941532674.tif,data/external/sen1floods11/permanent_mask/water_13_836_rural_33.67699505986361_27.357186941532674.tif,8310,DOWNLOADED,water_13_836_rural_33.67699505986361_27.357186941532674
permanent_mask,v1.1/data/perm_water/JRCPerm/water_13_837_rural_34.441378621546356_28.018632155396627.tif,data/external/sen1floods11/permanent_mask/water_13_837_rural_34.441378621546356_28.018632155396627.tif,7047,DOWNLOADED,water_13_837_rural_34.441378621546356_28.018632155396627
permanent_mask,v1.1/data/perm_water/JRCPerm/water_13_839_inhabited_-16.166203323204822_23.12013128414419.tif,data/external/sen1floods11/permanent_mask/water_13_839_inhabited_-16.166203323204822_23.12013128414419.tif,6636,DOWNLOADED,water_13_839_inhabited_-16.166203323204822_23.12013128414419
permanent_mask,v1.1/data/perm_water/JRCPerm/water_13_839_inhabited_-16.361471817436275_19.402355780833688.tif,data/external/sen1floods11/permanent_mask/water_13_839_inhabited_-16.361471817436275_19.402355780833688.tif,4040,DOWNLOADED,water_13_839_inhabited_-16.361471817436275_19.402355780833688
permanent_mask,v1.1/data/perm_water/JRCPerm/water_13_840_inhabited_58.63707629348907_20.230803247351293.tif,data/external/sen1floods11/permanent_mask/water_13_840_inhabited_58.63707629348907_20.230803247351293.tif,8653,DOWNLOADED,water_13_840_inhabited_58.63707629348907_20.230803247351293
permanent_mask,v1.1/data/perm_water/JRCPerm/water_13_840_inhabited_58.78565354058989_20.36810342788795.tif,data/external/sen1floods11/permanent_mask/water_13_840_inhabited_58.78565354058989_20.36810342788795.tif,12125,DOWNLOADED,water_13_840_inhabited_58.78565354058989_20.36810342788795
permanent_mask,v1.1/data/perm_water/JRCPerm/water_13_840_rural_57.822090853051826_18.98732940938527.tif,data/external/sen1floods11/permanent_mask/water_13_840_rural_57.822090853051826_18.98732940938527.tif,11163,DOWNLOADED,water_13_840_rural_57.822090853051826_18.98732940938527
permanent_mask,v1.1/data/perm_water/JRCPerm/water_13_841_inhabited_48.862222905916674_30.302084295653614.tif,data/external/sen1floods11/permanent_mask/water_13_841_inhabited_48.862222905916674_30.302084295653614.tif,8475,DOWNLOADED,water_13_841_inhabited_48.862222905916674_30.302084295653614
permanent_mask,v1.1/data/perm_water/JRCPerm/water_13_841_inhabited_51.09270984386083_28.520597620084086.tif,data/external/sen1floods11/permanent_mask/water_13_841_inhabited_51.09270984386083_28.520597620084086.tif,5659,DOWNLOADED,water_13_841_inhabited_51.09270984386083_28.520597620084086
permanent_mask,v1.1/data/perm_water/JRCPerm/water_13_842_inhabited_32.96015443361271_23.348883168185964.tif,data/external/sen1floods11/permanent_mask/water_13_842_inhabited_32.96015443361271_23.348883168185964.tif,10379,DOWNLOADED,water_13_842_inhabited_32.96015443361271_23.348883168185964
permanent_mask,v1.1/data/perm_water/JRCPerm/water_13_92_inhabited_39.13785991957243_16.63427961988609.tif,data/external/sen1floods11/permanent_mask/water_13_92_inhabited_39.13785991957243_16.63427961988609.tif,8389,DOWNLOADED,water_13_92_inhabited_39.13785991957243_16.63427961988609
permanent_mask,v1.1/data/perm_water/JRCPerm/water_13_92_inhabited_39.88661433206285_16.33860108813315.tif,data/external/sen1floods11/permanent_mask/water_13_92_inhabited_39.88661433206285_16.33860108813315.tif,6865,DOWNLOADED,water_13_92_inhabited_39.88661433206285_16.33860108813315
permanent_mask,v1.1/data/perm_water/JRCPerm/water_13_92_inhabited_40.10037025926187_15.990501364395897.tif,data/external/sen1floods11/permanent_mask/water_13_92_inhabited_40.10037025926187_15.990501364395897.tif,10158,DOWNLOADED,water_13_92_inhabited_40.10037025926187_15.990501364395897
permanent_mask,v1.1/data/perm_water/JRCPerm/water_13_93_inhabited_42.81067876606208_12.9530063177991.tif,data/external/sen1floods11/permanent_mask/water_13_93_inhabited_42.81067876606208_12.9530063177991.tif,6949,DOWNLOADED,water_13_93_inhabited_42.81067876606208_12.9530063177991
permanent_mask,v1.1/data/perm_water/JRCPerm/water_13_95_inhabited_47.74632840819079_4.243329612570685.tif,data/external/sen1floods11/permanent_mask/water_13_95_inhabited_47.74632840819079_4.243329612570685.tif,6395,DOWNLOADED,water_13_95_inhabited_47.74632840819079_4.243329612570685
permanent_mask,v1.1/data/perm_water/JRCPerm/water_13_95_inhabited_48.02421066763942_4.589204244882268.tif,data/external/sen1floods11/permanent_mask/water_13_95_inhabited_48.02421066763942_4.589204244882268.tif,9963,DOWNLOADED,water_13_95_inhabited_48.02421066763942_4.589204244882268
permanent_mask,v1.1/data/perm_water/JRCPerm/water_13_95_rural_47.81570756148135_4.312476892606472.tif,data/external/sen1floods11/permanent_mask/water_13_95_rural_47.81570756148135_4.312476892606472.tif,5832,DOWNLOADED,water_13_95_rural_47.81570756148135_4.312476892606472
permanent_mask,v1.1/data/perm_water/JRCPerm/water_13_98_inhabited_11.863282284155884_-18.089623185305545.tif,data/external/sen1floods11/permanent_mask/water_13_98_inhabited_11.863282284155884_-18.089623185305545.tif,3749,DOWNLOADED,water_13_98_inhabited_11.863282284155884_-18.089623185305545
permanent_mask,v1.1/data/perm_water/JRCPerm/water_13_98_inhabited_12.67025917910115_-19.252422967012624.tif,data/external/sen1floods11/permanent_mask/water_13_98_inhabited_12.67025917910115_-19.252422967012624.tif,5044,DOWNLOADED,water_13_98_inhabited_12.67025917910115_-19.252422967012624
permanent_mask,v1.1/data/perm_water/JRCPerm/water_13_98_inhabited_12.955396395963747_-19.81080051912723.tif,data/external/sen1floods11/permanent_mask/water_13_98_inhabited_12.955396395963747_-19.81080051912723.tif,5445,DOWNLOADED,water_13_98_inhabited_12.955396395963747_-19.81080051912723
permanent_mask,v1.1/data/perm_water/JRCPerm/water_13_99_inhabited_43.23432903894787_-22.202822851833513.tif,data/external/sen1floods11/permanent_mask/water_13_99_inhabited_43.23432903894787_-22.202822851833513.tif,9128,DOWNLOADED,water_13_99_inhabited_43.23432903894787_-22.202822851833513
permanent_mask,v1.1/data/perm_water/JRCPerm/water_13_99_inhabited_43.236411439139836_-22.272014722879838.tif,data/external/sen1floods11/permanent_mask/water_13_99_inhabited_43.236411439139836_-22.272014722879838.tif,6405,DOWNLOADED,water_13_99_inhabited_43.236411439139836_-22.272014722879838
permanent_mask,v1.1/data/perm_water/JRCPerm/water_14_111_high_density_3.110102589050057_6.413681113708076.tif,data/external/sen1floods11/permanent_mask/water_14_111_high_density_3.110102589050057_6.413681113708076.tif,8006,DOWNLOADED,water_14_111_high_density_3.110102589050057_6.413681113708076
permanent_mask,v1.1/data/perm_water/JRCPerm/water_14_111_low_density_8.75099027648859_-0.6953031681627624.tif,data/external/sen1floods11/permanent_mask/water_14_111_low_density_8.75099027648859_-0.6953031681627624.tif,5043,DOWNLOADED,water_14_111_low_density_8.75099027648859_-0.6953031681627624
permanent_mask,v1.1/data/perm_water/JRCPerm/water_14_113_low_density_-11.810580168805213_7.170974704715846.tif,data/external/sen1floods11/permanent_mask/water_14_113_low_density_-11.810580168805213_7.170974704715846.tif,10213,DOWNLOADED,water_14_113_low_density_-11.810580168805213_7.170974704715846
permanent_mask,v1.1/data/perm_water/JRCPerm/water_14_319_low_density_100.57056070031729_7.19410852098112.tif,data/external/sen1floods11/permanent_mask/water_14_319_low_density_100.57056070031729_7.19410852098112.tif,7014,DOWNLOADED,water_14_319_low_density_100.57056070031729_7.19410852098112
permanent_mask,v1.1/data/perm_water/JRCPerm/water_14_321_low_density_98.51280595988045_13.194390835125287.tif,data/external/sen1floods11/permanent_mask/water_14_321_low_density_98.51280595988045_13.194390835125287.tif,10307,DOWNLOADED,water_14_321_low_density_98.51280595988045_13.194390835125287
permanent_mask,v1.1/data/perm_water/JRCPerm/water_14_322_high_density_112.61411106276083_-3.389242314995769.tif,data/external/sen1floods11/permanent_mask/water_14_322_high_density_112.61411106276083_-3.389242314995769.tif,3222,DOWNLOADED,water_14_322_high_density_112.61411106276083_-3.389242314995769
permanent_mask,v1.1/data/perm_water/JRCPerm/water_14_323_high_density_90.8606541195883_22.431708508906897.tif,data/external/sen1floods11/permanent_mask/water_14_323_high_density_90.8606541195883_22.431708508906897.tif,9915,DOWNLOADED,water_14_323_high_density_90.8606541195883_22.431708508906897
permanent_mask,v1.1/data/perm_water/JRCPerm/water_14_611_low_density_-69.87356503806734_12.413423876624773.tif,data/external/sen1floods11/permanent_mask/water_14_611_low_density_-69.87356503806734_12.413423876624773.tif,6693,DOWNLOADED,water_14_611_low_density_-69.87356503806734_12.413423876624773
permanent_mask,v1.1/data/perm_water/JRCPerm/water_14_612_high_density_-80.36923211092926_27.595655206769912.tif,data/external/sen1floods11/permanent_mask/water_14_612_high_density_-80.36923211092926_27.595655206769912.tif,8476,DOWNLOADED,water_14_612_high_density_-80.36923211092926_27.595655206769912
permanent_mask,v1.1/data/perm_water/JRCPerm/water_14_612_low_density_-81.83463094922423_26.368381282931054.tif,data/external/sen1floods11/permanent_mask/water_14_612_low_density_-81.83463094922423_26.368381282931054.tif,11105,DOWNLOADED,water_14_612_low_density_-81.83463094922423_26.368381282931054
permanent_mask,v1.1/data/perm_water/JRCPerm/water_14_613_low_density_-88.20434532654534_17.491559633815275.tif,data/external/sen1floods11/permanent_mask/water_14_613_low_density_-88.20434532654534_17.491559633815275.tif,9319,DOWNLOADED,water_14_613_low_density_-88.20434532654534_17.491559633815275
permanent_mask,v1.1/data/perm_water/JRCPerm/water_14_613_low_density_-92.21078519565171_18.593983187258697.tif,data/external/sen1floods11/permanent_mask/water_14_613_low_density_-92.21078519565171_18.593983187258697.tif,6104,DOWNLOADED,water_14_613_low_density_-92.21078519565171_18.593983187258697
permanent_mask,v1.1/data/perm_water/JRCPerm/water_14_616_high_density_-34.89682674404427_-8.153163057354156.tif,data/external/sen1floods11/permanent_mask/water_14_616_high_density_-34.89682674404427_-8.153163057354156.tif,6235,DOWNLOADED,water_14_616_high_density_-34.89682674404427_-8.153163057354156
permanent_mask,v1.1/data/perm_water/JRCPerm/water_14_616_low_density_-38.60327613067901_-12.991929810894629.tif,data/external/sen1floods11/permanent_mask/water_14_616_low_density_-38.60327613067901_-12.991929810894629.tif,5647,DOWNLOADED,water_14_616_low_density_-38.60327613067901_-12.991929810894629
permanent_mask,v1.1/data/perm_water/JRCPerm/water_14_616_low_density_-48.50788935890669_-27.56044168575085.tif,data/external/sen1floods11/permanent_mask/water_14_616_low_density_-48.50788935890669_-27.56044168575085.tif,5719,DOWNLOADED,water_14_616_low_density_-48.50788935890669_-27.56044168575085
permanent_mask,v1.1/data/perm_water/JRCPerm/water_1_10_inhabited_18.058708237702003_-0.8408170128398617.tif,data/external/sen1floods11/permanent_mask/water_1_10_inhabited_18.058708237702003_-0.8408170128398617.tif,3397,DOWNLOADED,water_1_10_inhabited_18.058708237702003_-0.8408170128398617
permanent_mask,v1.1/data/perm_water/JRCPerm/water_1_10_inhabited_18.081953531493618_-0.9595316601857515.tif,data/external/sen1floods11/permanent_mask/water_1_10_inhabited_18.081953531493618_-0.9595316601857515.tif,5283,DOWNLOADED,water_1_10_inhabited_18.081953531493618_-0.9595316601857515
permanent_mask,v1.1/data/perm_water/JRCPerm/water_1_10_inhabited_18.127587971674583_-0.9102630526462279.tif,data/external/sen1floods11/permanent_mask/water_1_10_inhabited_18.127587971674583_-0.9102630526462279.tif,8041,DOWNLOADED,water_1_10_inhabited_18.127587971674583_-0.9102630526462279
permanent_mask,v1.1/data/perm_water/JRCPerm/water_1_11_high_density_-1.6511828245857418_4.972843004015486.tif,data/external/sen1floods11/permanent_mask/water_1_11_high_density_-1.6511828245857418_4.972843004015486.tif,7302,DOWNLOADED,water_1_11_high_density_-1.6511828245857418_4.972843004015486
permanent_mask,v1.1/data/perm_water/JRCPerm/water_1_11_low_density_-1.4392685061217791_6.50029469257021.tif,data/external/sen1floods11/permanent_mask/water_1_11_low_density_-1.4392685061217791_6.50029469257021.tif,6669,DOWNLOADED,water_1_11_low_density_-1.4392685061217791_6.50029469257021
permanent_mask,v1.1/data/perm_water/JRCPerm/water_1_11_rural_-0.12052504237358863_6.494511238503891.tif,data/external/sen1floods11/permanent_mask/water_1_11_rural_-0.12052504237358863_6.494511238503891.tif,7090,DOWNLOADED,water_1_11_rural_-0.12052504237358863_6.494511238503891
permanent_mask,v1.1/data/perm_water/JRCPerm/water_1_11_rural_-0.39732819936729497_6.634816853150564.tif,data/external/sen1floods11/permanent_mask/water_1_11_rural_-0.39732819936729497_6.634816853150564.tif,7506,DOWNLOADED,water_1_11_rural_-0.39732819936729497_6.634816853150564
permanent_mask,v1.1/data/perm_water/JRCPerm/water_1_135_inhabited_147.2786052646174_-2.552291342769245.tif,data/external/sen1floods11/permanent_mask/water_1_135_inhabited_147.2786052646174_-2.552291342769245.tif,6031,DOWNLOADED,water_1_135_inhabited_147.2786052646174_-2.552291342769245
permanent_mask,v1.1/data/perm_water/JRCPerm/water_1_135_inhabited_147.7619272278004_-2.065763285928818.tif,data/external/sen1floods11/permanent_mask/water_1_135_inhabited_147.7619272278004_-2.065763285928818.tif,5474,DOWNLOADED,water_1_135_inhabited_147.7619272278004_-2.065763285928818
permanent_mask,v1.1/data/perm_water/JRCPerm/water_1_135_rural_147.7620699190341_-2.3436678408827256.tif,data/external/sen1floods11/permanent_mask/water_1_135_rural_147.7620699190341_-2.3436678408827256.tif,4876,DOWNLOADED,water_1_135_rural_147.7620699190341_-2.3436678408827256
permanent_mask,v1.1/data/perm_water/JRCPerm/water_1_13_inhabited_55.490685540066075_-4.66821951554933.tif,data/external/sen1floods11/permanent_mask/water_1_13_inhabited_55.490685540066075_-4.66821951554933.tif,4805,DOWNLOADED,water_1_13_inhabited_55.490685540066075_-4.66821951554933
permanent_mask,v1.1/data/perm_water/JRCPerm/water_1_13_inhabited_55.76817093952096_-4.321448603926004.tif,data/external/sen1floods11/permanent_mask/water_1_13_inhabited_55.76817093952096_-4.321448603926004.tif,5336,DOWNLOADED,water_1_13_inhabited_55.76817093952096_-4.321448603926004
permanent_mask,v1.1/data/perm_water/JRCPerm/water_1_146_inhabited_166.45031404346162_-21.697923298652896.tif,data/external/sen1floods11/permanent_mask/water_1_146_inhabited_166.45031404346162_-21.697923298652896.tif,6893,DOWNLOADED,water_1_146_inhabited_166.45031404346162_-21.697923298652896
permanent_mask,v1.1/data/perm_water/JRCPerm/water_1_146_inhabited_166.65906240017762_-20.44727922619293.tif,data/external/sen1floods11/permanent_mask/water_1_146_inhabited_166.65906240017762_-20.44727922619293.tif,7711,DOWNLOADED,water_1_146_inhabited_166.65906240017762_-20.44727922619293
permanent_mask,v1.1/data/perm_water/JRCPerm/water_1_146_rural_165.9289202754843_-21.424134493971316.tif,data/external/sen1floods11/permanent_mask/water_1_146_rural_165.9289202754843_-21.424134493971316.tif,7136,DOWNLOADED,water_1_146_rural_165.9289202754843_-21.424134493971316
permanent_mask,v1.1/data/perm_water/JRCPerm/water_1_150_inhabited_146.61389598878233_-18.73615716524677.tif,data/external/sen1floods11/permanent_mask/water_1_150_inhabited_146.61389598878233_-18.73615716524677.tif,5352,DOWNLOADED,water_1_150_inhabited_146.61389598878233_-18.73615716524677
permanent_mask,v1.1/data/perm_water/JRCPerm/water_1_152_rural_156.5748410406182_-8.001183516149558.tif,data/external/sen1floods11/permanent_mask/water_1_152_rural_156.5748410406182_-8.001183516149558.tif,6373,DOWNLOADED,water_1_152_rural_156.5748410406182_-8.001183516149558
permanent_mask,v1.1/data/perm_water/JRCPerm/water_1_152_rural_156.71449562651105_-7.93256241003808.tif,data/external/sen1floods11/permanent_mask/water_1_152_rural_156.71449562651105_-7.93256241003808.tif,7380,DOWNLOADED,water_1_152_rural_156.71449562651105_-7.93256241003808
permanent_mask,v1.1/data/perm_water/JRCPerm/water_1_152_rural_157.61693741590952_-8.769932537763628.tif,data/external/sen1floods11/permanent_mask/water_1_152_rural_157.61693741590952_-8.769932537763628.tif,4788,DOWNLOADED,water_1_152_rural_157.61693741590952_-8.769932537763628
permanent_mask,v1.1/data/perm_water/JRCPerm/water_1_159_rural_167.69762716743466_-16.50116207613757.tif,data/external/sen1floods11/permanent_mask/water_1_159_rural_167.69762716743466_-16.50116207613757.tif,5259,DOWNLOADED,water_1_159_rural_167.69762716743466_-16.50116207613757
permanent_mask,v1.1/data/perm_water/JRCPerm/water_1_159_rural_168.55481799934276_-16.929195645358895.tif,data/external/sen1floods11/permanent_mask/water_1_159_rural_168.55481799934276_-16.929195645358895.tif,6237,DOWNLOADED,water_1_159_rural_168.55481799934276_-16.929195645358895
permanent_mask,v1.1/data/perm_water/JRCPerm/water_1_159_rural_169.45186427646658_-19.517775152501088.tif,data/external/sen1floods11/permanent_mask/water_1_159_rural_169.45186427646658_-19.517775152501088.tif,6778,DOWNLOADED,water_1_159_rural_169.45186427646658_-19.517775152501088
permanent_mask,v1.1/data/perm_water/JRCPerm/water_1_16_inhabited_29.955447157061897_-31.329064318373796.tif,data/external/sen1floods11/permanent_mask/water_1_16_inhabited_29.955447157061897_-31.329064318373796.tif,7071,DOWNLOADED,water_1_16_inhabited_29.955447157061897_-31.329064318373796
permanent_mask,v1.1/data/perm_water/JRCPerm/water_1_16_rural_28.64504221228365_-32.44717053022219.tif,data/external/sen1floods11/permanent_mask/water_1_16_rural_28.64504221228365_-32.44717053022219.tif,5644,DOWNLOADED,water_1_16_rural_28.64504221228365_-32.44717053022219
permanent_mask,v1.1/data/perm_water/JRCPerm/water_1_18_inhabited_48.179284824975106_-13.731239847353846.tif,data/external/sen1floods11/permanent_mask/water_1_18_inhabited_48.179284824975106_-13.731239847353846.tif,10414,DOWNLOADED,water_1_18_inhabited_48.179284824975106_-13.731239847353846
permanent_mask,v1.1/data/perm_water/JRCPerm/water_1_18_rural_48.315363211823126_-13.313404242241756.tif,data/external/sen1floods11/permanent_mask/water_1_18_rural_48.315363211823126_-13.313404242241756.tif,4796,DOWNLOADED,water_1_18_rural_48.315363211823126_-13.313404242241756
permanent_mask,v1.1/data/perm_water/JRCPerm/water_1_19_inhabited_32.7021151738519_-27.399008850312946.tif,data/external/sen1floods11/permanent_mask/water_1_19_inhabited_32.7021151738519_-27.399008850312946.tif,10548,DOWNLOADED,water_1_19_inhabited_32.7021151738519_-27.399008850312946
permanent_mask,v1.1/data/perm_water/JRCPerm/water_1_19_rural_32.6478256185262_-26.116384105097673.tif,data/external/sen1floods11/permanent_mask/water_1_19_rural_32.6478256185262_-26.116384105097673.tif,8415,DOWNLOADED,water_1_19_rural_32.6478256185262_-26.116384105097673
permanent_mask,v1.1/data/perm_water/JRCPerm/water_1_19_rural_32.724477565634935_-26.185897031419834.tif,data/external/sen1floods11/permanent_mask/water_1_19_rural_32.724477565634935_-26.185897031419834.tif,12694,DOWNLOADED,water_1_19_rural_32.724477565634935_-26.185897031419834
permanent_mask,v1.1/data/perm_water/JRCPerm/water_1_1_high_density_29.21731432328078_-1.6766755053082918.tif,data/external/sen1floods11/permanent_mask/water_1_1_high_density_29.21731432328078_-1.6766755053082918.tif,4241,DOWNLOADED,water_1_1_high_density_29.21731432328078_-1.6766755053082918
permanent_mask,v1.1/data/perm_water/JRCPerm/water_1_1_inhabited_28.94160364604518_-1.9547405879001232.tif,data/external/sen1floods11/permanent_mask/water_1_1_inhabited_28.94160364604518_-1.9547405879001232.tif,5030,DOWNLOADED,water_1_1_inhabited_28.94160364604518_-1.9547405879001232
permanent_mask,v1.1/data/perm_water/JRCPerm/water_1_1_low_density_29.0793185229798_-1.676827114744109.tif,data/external/sen1floods11/permanent_mask/water_1_1_low_density_29.0793185229798_-1.676827114744109.tif,5793,DOWNLOADED,water_1_1_low_density_29.0793185229798_-1.676827114744109
permanent_mask,v1.1/data/perm_water/JRCPerm/water_1_20_high_density_55.522438798667665_-20.894972971958897.tif,data/external/sen1floods11/permanent_mask/water_1_20_high_density_55.522438798667665_-20.894972971958897.tif,4896,DOWNLOADED,water_1_20_high_density_55.522438798667665_-20.894972971958897
permanent_mask,v1.1/data/perm_water/JRCPerm/water_1_20_low_density_55.44881904027526_-20.896908221816087.tif,data/external/sen1floods11/permanent_mask/water_1_20_low_density_55.44881904027526_-20.896908221816087.tif,4241,DOWNLOADED,water_1_20_low_density_55.44881904027526_-20.896908221816087
permanent_mask,v1.1/data/perm_water/JRCPerm/water_1_20_low_density_55.74542060594627_-20.958131679279905.tif,data/external/sen1floods11/permanent_mask/water_1_20_low_density_55.74542060594627_-20.958131679279905.tif,5115,DOWNLOADED,water_1_20_low_density_55.74542060594627_-20.958131679279905
permanent_mask,v1.1/data/perm_water/JRCPerm/water_1_20_low_density_57.804419435577024_-20.18718877994754.tif,data/external/sen1floods11/permanent_mask/water_1_20_low_density_57.804419435577024_-20.18718877994754.tif,5722,DOWNLOADED,water_1_20_low_density_57.804419435577024_-20.18718877994754
permanent_mask,v1.1/data/perm_water/JRCPerm/water_1_20_rural_55.747614483664584_-21.027287877517793.tif,data/external/sen1floods11/permanent_mask/water_1_20_rural_55.747614483664584_-21.027287877517793.tif,5832,DOWNLOADED,water_1_20_rural_55.747614483664584_-21.027287877517793
permanent_mask,v1.1/data/perm_water/JRCPerm/water_1_20_rural_57.73027350326031_-20.048720314934883.tif,data/external/sen1floods11/permanent_mask/water_1_20_rural_57.73027350326031_-20.048720314934883.tif,6322,DOWNLOADED,water_1_20_rural_57.73027350326031_-20.048720314934883
permanent_mask,v1.1/data/perm_water/JRCPerm/water_1_219_inhabited_109.16345354895596_-1.2889923415196.tif,data/external/sen1floods11/permanent_mask/water_1_219_inhabited_109.16345354895596_-1.2889923415196.tif,7583,DOWNLOADED,water_1_219_inhabited_109.16345354895596_-1.2889923415196
permanent_mask,v1.1/data/perm_water/JRCPerm/water_1_219_inhabited_109.23250272876857_-1.219595351824822.tif,data/external/sen1floods11/permanent_mask/water_1_219_inhabited_109.23250272876857_-1.219595351824822.tif,6153,DOWNLOADED,water_1_219_inhabited_109.23250272876857_-1.219595351824822
permanent_mask,v1.1/data/perm_water/JRCPerm/water_1_219_inhabited_109.86543645049679_1.760894546904724.tif,data/external/sen1floods11/permanent_mask/water_1_219_inhabited_109.86543645049679_1.760894546904724.tif,5099,DOWNLOADED,water_1_219_inhabited_109.86543645049679_1.760894546904724
permanent_mask,v1.1/data/perm_water/JRCPerm/water_1_221_inhabited_110.76304457435333_1.5527793825382978.tif,data/external/sen1floods11/permanent_mask/water_1_221_inhabited_110.76304457435333_1.5527793825382978.tif,6015,DOWNLOADED,water_1_221_inhabited_110.76304457435333_1.5527793825382978
permanent_mask,v1.1/data/perm_water/JRCPerm/water_1_221_rural_114.04433651194624_4.569700136874496.tif,data/external/sen1floods11/permanent_mask/water_1_221_rural_114.04433651194624_4.569700136874496.tif,5204,DOWNLOADED,water_1_221_rural_114.04433651194624_4.569700136874496
permanent_mask,v1.1/data/perm_water/JRCPerm/water_1_221_rural_115.01174294459237_4.920225611584824.tif,data/external/sen1floods11/permanent_mask/water_1_221_rural_115.01174294459237_4.920225611584824.tif,6276,DOWNLOADED,water_1_221_rural_115.01174294459237_4.920225611584824
permanent_mask,v1.1/data/perm_water/JRCPerm/water_1_223_inhabited_102.39605870328434_12.03758854433509.tif,data/external/sen1floods11/permanent_mask/water_1_223_inhabited_102.39605870328434_12.03758854433509.tif,7173,DOWNLOADED,water_1_223_inhabited_102.39605870328434_12.03758854433509
permanent_mask,v1.1/data/perm_water/JRCPerm/water_1_223_inhabited_103.86730788216143_10.319612845069779.tif,data/external/sen1floods11/permanent_mask/water_1_223_inhabited_103.86730788216143_10.319612845069779.tif,6253,DOWNLOADED,water_1_223_inhabited_103.86730788216143_10.319612845069779
permanent_mask,v1.1/data/perm_water/JRCPerm/water_1_223_rural_104.00843397140194_10.042270136848606.tif,data/external/sen1floods11/permanent_mask/water_1_223_rural_104.00843397140194_10.042270136848606.tif,5857,DOWNLOADED,water_1_223_rural_104.00843397140194_10.042270136848606
permanent_mask,v1.1/data/perm_water/JRCPerm/water_1_230_rural_112.69785743964559_-8.44286639369548.tif,data/external/sen1floods11/permanent_mask/water_1_230_rural_112.69785743964559_-8.44286639369548.tif,9419,DOWNLOADED,water_1_230_rural_112.69785743964559_-8.44286639369548
permanent_mask,v1.1/data/perm_water/JRCPerm/water_1_230_rural_112.9709149517544_-7.191838838544918.tif,data/external/sen1floods11/permanent_mask/water_1_230_rural_112.9709149517544_-7.191838838544918.tif,4934,DOWNLOADED,water_1_230_rural_112.9709149517544_-7.191838838544918
permanent_mask,v1.1/data/perm_water/JRCPerm/water_1_231_low_density_123.30544348984797_9.286390080874783.tif,data/external/sen1floods11/permanent_mask/water_1_231_low_density_123.30544348984797_9.286390080874783.tif,5867,DOWNLOADED,water_1_231_low_density_123.30544348984797_9.286390080874783
permanent_mask,v1.1/data/perm_water/JRCPerm/water_1_231_rural_123.68949694537915_12.486174110311742.tif,data/external/sen1floods11/permanent_mask/water_1_231_rural_123.68949694537915_12.486174110311742.tif,5191,DOWNLOADED,water_1_231_rural_123.68949694537915_12.486174110311742
permanent_mask,v1.1/data/perm_water/JRCPerm/water_1_231_rural_123.74533826787146_11.145835220161716.tif,data/external/sen1floods11/permanent_mask/water_1_231_rural_123.74533826787146_11.145835220161716.tif,6010,DOWNLOADED,water_1_231_rural_123.74533826787146_11.145835220161716
permanent_mask,v1.1/data/perm_water/JRCPerm/water_1_231_rural_123.75996857842783_12.416540788261132.tif,data/external/sen1floods11/permanent_mask/water_1_231_rural_123.75996857842783_12.416540788261132.tif,5190,DOWNLOADED,water_1_231_rural_123.75996857842783_12.416540788261132
permanent_mask,v1.1/data/perm_water/JRCPerm/water_1_236_high_density_118.73601535813772_24.72477447103512.tif,data/external/sen1floods11/permanent_mask/water_1_236_high_density_118.73601535813772_24.72477447103512.tif,8912,DOWNLOADED,water_1_236_high_density_118.73601535813772_24.72477447103512
permanent_mask,v1.1/data/perm_water/JRCPerm/water_1_236_high_density_121.35740493083115_28.154772969659387.tif,data/external/sen1floods11/permanent_mask/water_1_236_high_density_121.35740493083115_28.154772969659387.tif,9015,DOWNLOADED,water_1_236_high_density_121.35740493083115_28.154772969659387
permanent_mask,v1.1/data/perm_water/JRCPerm/water_1_236_low_density_117.59575187315475_23.755258883590706.tif,data/external/sen1floods11/permanent_mask/water_1_236_low_density_117.59575187315475_23.755258883590706.tif,9609,DOWNLOADED,water_1_236_low_density_117.59575187315475_23.755258883590706
permanent_mask,v1.1/data/perm_water/JRCPerm/water_1_236_low_density_119.66547484081904_26.487853977456027.tif,data/external/sen1floods11/permanent_mask/water_1_236_low_density_119.66547484081904_26.487853977456027.tif,7760,DOWNLOADED,water_1_236_low_density_119.66547484081904_26.487853977456027
permanent_mask,v1.1/data/perm_water/JRCPerm/water_1_236_rural_115.325413949096_29.29518806407817.tif,data/external/sen1floods11/permanent_mask/water_1_236_rural_115.325413949096_29.29518806407817.tif,15005,DOWNLOADED,water_1_236_rural_115.325413949096_29.29518806407817
permanent_mask,v1.1/data/perm_water/JRCPerm/water_1_236_rural_119.64063318885032_25.37944631039888.tif,data/external/sen1floods11/permanent_mask/water_1_236_rural_119.64063318885032_25.37944631039888.tif,9950,DOWNLOADED,water_1_236_rural_119.64063318885032_25.37944631039888
permanent_mask,v1.1/data/perm_water/JRCPerm/water_1_236_rural_119.65287342124199_25.933672439432723.tif,data/external/sen1floods11/permanent_mask/water_1_236_rural_119.65287342124199_25.933672439432723.tif,4126,DOWNLOADED,water_1_236_rural_119.65287342124199_25.933672439432723
permanent_mask,v1.1/data/perm_water/JRCPerm/water_1_238_inhabited_92.29570431611354_20.79856274808234.tif,data/external/sen1floods11/permanent_mask/water_1_238_inhabited_92.29570431611354_20.79856274808234.tif,10094,DOWNLOADED,water_1_238_inhabited_92.29570431611354_20.79856274808234
permanent_mask,v1.1/data/perm_water/JRCPerm/water_1_239_inhabited_102.56681997812606_18.6035613363215.tif,data/external/sen1floods11/permanent_mask/water_1_239_inhabited_102.56681997812606_18.6035613363215.tif,10980,DOWNLOADED,water_1_239_inhabited_102.56681997812606_18.6035613363215
permanent_mask,v1.1/data/perm_water/JRCPerm/water_1_23_high_density_3.5269393555261783_6.5523680746723505.tif,data/external/sen1floods11/permanent_mask/water_1_23_high_density_3.5269393555261783_6.5523680746723505.tif,4677,DOWNLOADED,water_1_23_high_density_3.5269393555261783_6.5523680746723505
permanent_mask,v1.1/data/perm_water/JRCPerm/water_1_23_rural_3.7354380025832_6.621573323021831.tif,data/external/sen1floods11/permanent_mask/water_1_23_rural_3.7354380025832_6.621573323021831.tif,5417,DOWNLOADED,water_1_23_rural_3.7354380025832_6.621573323021831
permanent_mask,v1.1/data/perm_water/JRCPerm/water_1_241_low_density_120.31554934699672_16.515520381529665.tif,data/external/sen1floods11/permanent_mask/water_1_241_low_density_120.31554934699672_16.515520381529665.tif,9154,DOWNLOADED,water_1_241_low_density_120.31554934699672_16.515520381529665
permanent_mask,v1.1/data/perm_water/JRCPerm/water_1_241_low_density_121.14575369932936_13.653330433748039.tif,data/external/sen1floods11/permanent_mask/water_1_241_low_density_121.14575369932936_13.653330433748039.tif,4081,DOWNLOADED,water_1_241_low_density_121.14575369932936_13.653330433748039
permanent_mask,v1.1/data/perm_water/JRCPerm/water_1_241_low_density_124.04454840765872_12.90166868737078.tif,data/external/sen1floods11/permanent_mask/water_1_241_low_density_124.04454840765872_12.90166868737078.tif,6933,DOWNLOADED,water_1_241_low_density_124.04454840765872_12.90166868737078
permanent_mask,v1.1/data/perm_water/JRCPerm/water_1_241_rural_121.91163997806711_18.901384695681152.tif,data/external/sen1floods11/permanent_mask/water_1_241_rural_121.91163997806711_18.901384695681152.tif,4228,DOWNLOADED,water_1_241_rural_121.91163997806711_18.901384695681152
permanent_mask,v1.1/data/perm_water/JRCPerm/water_1_241_rural_122.25783566565457_16.531457208694686.tif,data/external/sen1floods11/permanent_mask/water_1_241_rural_122.25783566565457_16.531457208694686.tif,5012,DOWNLOADED,water_1_241_rural_122.25783566565457_16.531457208694686
permanent_mask,v1.1/data/perm_water/JRCPerm/water_1_241_rural_122.27914570958897_18.209091420729465.tif,data/external/sen1floods11/permanent_mask/water_1_241_rural_122.27914570958897_18.209091420729465.tif,5910,DOWNLOADED,water_1_241_rural_122.27914570958897_18.209091420729465
permanent_mask,v1.1/data/perm_water/JRCPerm/water_1_242_high_density_74.68823035041393_13.512021521364344.tif,data/external/sen1floods11/permanent_mask/water_1_242_high_density_74.68823035041393_13.512021521364344.tif,6054,DOWNLOADED,water_1_242_high_density_74.68823035041393_13.512021521364344
permanent_mask,v1.1/data/perm_water/JRCPerm/water_1_242_inhabited_74.75954475356171_13.164871586151474.tif,data/external/sen1floods11/permanent_mask/water_1_242_inhabited_74.75954475356171_13.164871586151474.tif,5800,DOWNLOADED,water_1_242_inhabited_74.75954475356171_13.164871586151474
permanent_mask,v1.1/data/perm_water/JRCPerm/water_1_242_low_density_74.61670191041563_13.859135783768783.tif,data/external/sen1floods11/permanent_mask/water_1_242_low_density_74.61670191041563_13.859135783768783.tif,8075,DOWNLOADED,water_1_242_low_density_74.61670191041563_13.859135783768783
permanent_mask,v1.1/data/perm_water/JRCPerm/water_1_242_low_density_74.688319532435_13.442575481557977.tif,data/external/sen1floods11/permanent_mask/water_1_242_low_density_74.688319532435_13.442575481557977.tif,9374,DOWNLOADED,water_1_242_low_density_74.688319532435_13.442575481557977
permanent_mask,v1.1/data/perm_water/JRCPerm/water_1_243_inhabited_120.3299968344099_13.806273140780181.tif,data/external/sen1floods11/permanent_mask/water_1_243_inhabited_120.3299968344099_13.806273140780181.tif,6614,DOWNLOADED,water_1_243_inhabited_120.3299968344099_13.806273140780181
permanent_mask,v1.1/data/perm_water/JRCPerm/water_1_243_inhabited_120.33157089708173_13.667537129704318.tif,data/external/sen1floods11/permanent_mask/water_1_243_inhabited_120.33157089708173_13.667537129704318.tif,6477,DOWNLOADED,water_1_243_inhabited_120.33157089708173_13.667537129704318
permanent_mask,v1.1/data/perm_water/JRCPerm/water_1_243_rural_120.04523418203576_13.872370395695413.tif,data/external/sen1floods11/permanent_mask/water_1_243_rural_120.04523418203576_13.872370395695413.tif,6487,DOWNLOADED,water_1_243_rural_120.04523418203576_13.872370395695413
permanent_mask,v1.1/data/perm_water/JRCPerm/water_1_245_inhabited_98.7689545607946_-1.4834626566624816.tif,data/external/sen1floods11/permanent_mask/water_1_245_inhabited_98.7689545607946_-1.4834626566624816.tif,5917,DOWNLOADED,water_1_245_inhabited_98.7689545607946_-1.4834626566624816
permanent_mask,v1.1/data/perm_water/JRCPerm/water_1_247_high_density_125.01146433918898_11.209435378487015.tif,data/external/sen1floods11/permanent_mask/water_1_247_high_density_125.01146433918898_11.209435378487015.tif,7856,DOWNLOADED,water_1_247_high_density_125.01146433918898_11.209435378487015
permanent_mask,v1.1/data/perm_water/JRCPerm/water_1_247_high_density_125.68405730568655_7.069039654634072.tif,data/external/sen1floods11/permanent_mask/water_1_247_high_density_125.68405730568655_7.069039654634072.tif,6269,DOWNLOADED,water_1_247_high_density_125.68405730568655_7.069039654634072
permanent_mask,v1.1/data/perm_water/JRCPerm/water_1_247_low_density_124.311470196718_11.907717226153474.tif,data/external/sen1floods11/permanent_mask/water_1_247_low_density_124.311470196718_11.907717226153474.tif,8919,DOWNLOADED,water_1_247_low_density_124.311470196718_11.907717226153474
permanent_mask,v1.1/data/perm_water/JRCPerm/water_1_247_low_density_124.51745391078086_10.865183858958884.tif,data/external/sen1floods11/permanent_mask/water_1_247_low_density_124.51745391078086_10.865183858958884.tif,9534,DOWNLOADED,water_1_247_low_density_124.51745391078086_10.865183858958884
permanent_mask,v1.1/data/perm_water/JRCPerm/water_1_247_low_density_125.2107415652675_9.040399312160387.tif,data/external/sen1floods11/permanent_mask/water_1_247_low_density_125.2107415652675_9.040399312160387.tif,4018,DOWNLOADED,water_1_247_low_density_125.2107415652675_9.040399312160387
permanent_mask,v1.1/data/perm_water/JRCPerm/water_1_247_low_density_125.4260893915426_11.830387495684622.tif,data/external/sen1floods11/permanent_mask/water_1_247_low_density_125.4260893915426_11.830387495684622.tif,6674,DOWNLOADED,water_1_247_low_density_125.4260893915426_11.830387495684622
permanent_mask,v1.1/data/perm_water/JRCPerm/water_1_247_rural_125.71947594535406_10.793677714465828.tif,data/external/sen1floods11/permanent_mask/water_1_247_rural_125.71947594535406_10.793677714465828.tif,6075,DOWNLOADED,water_1_247_rural_125.71947594535406_10.793677714465828
permanent_mask,v1.1/data/perm_water/JRCPerm/water_1_247_rural_125.78738359529702_11.002461743990267.tif,data/external/sen1floods11/permanent_mask/water_1_247_rural_125.78738359529702_11.002461743990267.tif,7687,DOWNLOADED,water_1_247_rural_125.78738359529702_11.002461743990267
permanent_mask,v1.1/data/perm_water/JRCPerm/water_1_247_rural_126.18743630540793_9.049201577639892.tif,data/external/sen1floods11/permanent_mask/water_1_247_rural_126.18743630540793_9.049201577639892.tif,5575,DOWNLOADED,water_1_247_rural_126.18743630540793_9.049201577639892
permanent_mask,v1.1/data/perm_water/JRCPerm/water_1_248_inhabited_120.97195131756924_13.465388242547405.tif,data/external/sen1floods11/permanent_mask/water_1_248_inhabited_120.97195131756924_13.465388242547405.tif,5192,DOWNLOADED,water_1_248_inhabited_120.97195131756924_13.465388242547405
permanent_mask,v1.1/data/perm_water/JRCPerm/water_1_248_inhabited_121.05200109968067_12.286009523123614.tif,data/external/sen1floods11/permanent_mask/water_1_248_inhabited_121.05200109968067_12.286009523123614.tif,5900,DOWNLOADED,water_1_248_inhabited_121.05200109968067_12.286009523123614
permanent_mask,v1.1/data/perm_water/JRCPerm/water_1_248_low_density_121.32892465240283_13.120913767966604.tif,data/external/sen1floods11/permanent_mask/water_1_248_low_density_121.32892465240283_13.120913767966604.tif,6133,DOWNLOADED,water_1_248_low_density_121.32892465240283_13.120913767966604
permanent_mask,v1.1/data/perm_water/JRCPerm/water_1_250_inhabited_97.61584886477769_16.13298302035665.tif,data/external/sen1floods11/permanent_mask/water_1_250_inhabited_97.61584886477769_16.13298302035665.tif,8005,DOWNLOADED,water_1_250_inhabited_97.61584886477769_16.13298302035665
permanent_mask,v1.1/data/perm_water/JRCPerm/water_1_250_inhabited_97.87776754245502_12.567467981617114.tif,data/external/sen1floods11/permanent_mask/water_1_250_inhabited_97.87776754245502_12.567467981617114.tif,6690,DOWNLOADED,water_1_250_inhabited_97.87776754245502_12.567467981617114
permanent_mask,v1.1/data/perm_water/JRCPerm/water_1_250_rural_97.68902271306477_15.925202288569235.tif,data/external/sen1floods11/permanent_mask/water_1_250_rural_97.68902271306477_15.925202288569235.tif,6313,DOWNLOADED,water_1_250_rural_97.68902271306477_15.925202288569235
permanent_mask,v1.1/data/perm_water/JRCPerm/water_1_251_high_density_127.87275354855782_26.337002588817956.tif,data/external/sen1floods11/permanent_mask/water_1_251_high_density_127.87275354855782_26.337002588817956.tif,10805,DOWNLOADED,water_1_251_high_density_127.87275354855782_26.337002588817956
permanent_mask,v1.1/data/perm_water/JRCPerm/water_1_251_inhabited_128.63902776908722_27.381083264078093.tif,data/external/sen1floods11/permanent_mask/water_1_251_inhabited_128.63902776908722_27.381083264078093.tif,6979,DOWNLOADED,water_1_251_inhabited_128.63902776908722_27.381083264078093
permanent_mask,v1.1/data/perm_water/JRCPerm/water_1_251_rural_128.2552819915287_26.68620816961646.tif,data/external/sen1floods11/permanent_mask/water_1_251_rural_128.2552819915287_26.68620816961646.tif,4676,DOWNLOADED,water_1_251_rural_128.2552819915287_26.68620816961646
permanent_mask,v1.1/data/perm_water/JRCPerm/water_1_251_rural_129.18340820299505_28.24313897523552.tif,data/external/sen1floods11/permanent_mask/water_1_251_rural_129.18340820299505_28.24313897523552.tif,7301,DOWNLOADED,water_1_251_rural_129.18340820299505_28.24313897523552
permanent_mask,v1.1/data/perm_water/JRCPerm/water_1_253_inhabited_73.71737257355244_21.243768315460485.tif,data/external/sen1floods11/permanent_mask/water_1_253_inhabited_73.71737257355244_21.243768315460485.tif,6378,DOWNLOADED,water_1_253_inhabited_73.71737257355244_21.243768315460485
permanent_mask,v1.1/data/perm_water/JRCPerm/water_1_256_inhabited_97.05513028461004_19.92052561874937.tif,data/external/sen1floods11/permanent_mask/water_1_256_inhabited_97.05513028461004_19.92052561874937.tif,10731,DOWNLOADED,water_1_256_inhabited_97.05513028461004_19.92052561874937
permanent_mask,v1.1/data/perm_water/JRCPerm/water_1_25_inhabited_39.63811754855641_-4.1517307587308.tif,data/external/sen1floods11/permanent_mask/water_1_25_inhabited_39.63811754855641_-4.1517307587308.tif,5979,DOWNLOADED,water_1_25_inhabited_39.63811754855641_-4.1517307587308
permanent_mask,v1.1/data/perm_water/JRCPerm/water_1_25_inhabited_39.91422062668473_-3.5262169811555206.tif,data/external/sen1floods11/permanent_mask/water_1_25_inhabited_39.91422062668473_-3.5262169811555206.tif,4916,DOWNLOADED,water_1_25_inhabited_39.91422062668473_-3.5262169811555206
permanent_mask,v1.1/data/perm_water/JRCPerm/water_1_25_inhabited_40.90613427872061_-2.2963077285940767.tif,data/external/sen1floods11/permanent_mask/water_1_25_inhabited_40.90613427872061_-2.2963077285940767.tif,6800,DOWNLOADED,water_1_25_inhabited_40.90613427872061_-2.2963077285940767
permanent_mask,v1.1/data/perm_water/JRCPerm/water_1_260_low_density_107.21168272235745_16.858362825124907.tif,data/external/sen1floods11/permanent_mask/water_1_260_low_density_107.21168272235745_16.858362825124907.tif,6187,DOWNLOADED,water_1_260_low_density_107.21168272235745_16.858362825124907
permanent_mask,v1.1/data/perm_water/JRCPerm/water_1_260_rural_108.05697667265494_16.269765945171102.tif,data/external/sen1floods11/permanent_mask/water_1_260_rural_108.05697667265494_16.269765945171102.tif,8384,DOWNLOADED,water_1_260_rural_108.05697667265494_16.269765945171102
permanent_mask,v1.1/data/perm_water/JRCPerm/water_1_261_inhabited_84.80127088008179_19.15115678208887.tif,data/external/sen1floods11/permanent_mask/water_1_261_inhabited_84.80127088008179_19.15115678208887.tif,8135,DOWNLOADED,water_1_261_inhabited_84.80127088008179_19.15115678208887
permanent_mask,v1.1/data/perm_water/JRCPerm/water_1_261_low_density_84.94551388095866_19.29157387426188.tif,data/external/sen1floods11/permanent_mask/water_1_261_low_density_84.94551388095866_19.29157387426188.tif,7946,DOWNLOADED,water_1_261_low_density_84.94551388095866_19.29157387426188
permanent_mask,v1.1/data/perm_water/JRCPerm/water_1_262_rural_119.24511984361175_10.090098454747867.tif,data/external/sen1floods11/permanent_mask/water_1_262_rural_119.24511984361175_10.090098454747867.tif,7526,DOWNLOADED,water_1_262_rural_119.24511984361175_10.090098454747867
permanent_mask,v1.1/data/perm_water/JRCPerm/water_1_262_rural_119.89103400850655_11.879932567489455.tif,data/external/sen1floods11/permanent_mask/water_1_262_rural_119.89103400850655_11.879932567489455.tif,5370,DOWNLOADED,water_1_262_rural_119.89103400850655_11.879932567489455
permanent_mask,v1.1/data/perm_water/JRCPerm/water_1_262_rural_120.2424646807307_11.952963724542792.tif,data/external/sen1floods11/permanent_mask/water_1_262_rural_120.2424646807307_11.952963724542792.tif,5911,DOWNLOADED,water_1_262_rural_120.2424646807307_11.952963724542792
permanent_mask,v1.1/data/perm_water/JRCPerm/water_1_265_high_density_100.25397344372473_5.300448699311101.tif,data/external/sen1floods11/permanent_mask/water_1_265_high_density_100.25397344372473_5.300448699311101.tif,4250,DOWNLOADED,water_1_265_high_density_100.25397344372473_5.300448699311101
permanent_mask,v1.1/data/perm_water/JRCPerm/water_1_265_high_density_103.93812286599122_1.3072434421313541.tif,data/external/sen1floods11/permanent_mask/water_1_265_high_density_103.93812286599122_1.3072434421313541.tif,4971,DOWNLOADED,water_1_265_high_density_103.93812286599122_1.3072434421313541
permanent_mask,v1.1/data/perm_water/JRCPerm/water_1_265_low_density_102.90251448273263_1.7926433464052591.tif,data/external/sen1floods11/permanent_mask/water_1_265_low_density_102.90251448273263_1.7926433464052591.tif,6534,DOWNLOADED,water_1_265_low_density_102.90251448273263_1.7926433464052591
permanent_mask,v1.1/data/perm_water/JRCPerm/water_1_265_low_density_103.38584536411771_1.5153140154872453.tif,data/external/sen1floods11/permanent_mask/water_1_265_low_density_103.38584536411771_1.5153140154872453.tif,5687,DOWNLOADED,water_1_265_low_density_103.38584536411771_1.5153140154872453
permanent_mask,v1.1/data/perm_water/JRCPerm/water_1_265_rural_102.83342963011157_1.8619912859884489.tif,data/external/sen1floods11/permanent_mask/water_1_265_rural_102.83342963011157_1.8619912859884489.tif,3763,DOWNLOADED,water_1_265_rural_102.83342963011157_1.8619912859884489
permanent_mask,v1.1/data/perm_water/JRCPerm/water_1_265_rural_103.59298398535344_1.376537872501903.tif,data/external/sen1floods11/permanent_mask/water_1_265_rural_103.59298398535344_1.376537872501903.tif,2563,DOWNLOADED,water_1_265_rural_103.59298398535344_1.376537872501903
permanent_mask,v1.1/data/perm_water/JRCPerm/water_1_268_high_density_110.43599180758834_21.26983622021893.tif,data/external/sen1floods11/permanent_mask/water_1_268_high_density_110.43599180758834_21.26983622021893.tif,11465,DOWNLOADED,water_1_268_high_density_110.43599180758834_21.26983622021893
permanent_mask,v1.1/data/perm_water/JRCPerm/water_1_268_high_density_117.06812428190473_23.61765102508136.tif,data/external/sen1floods11/permanent_mask/water_1_268_high_density_117.06812428190473_23.61765102508136.tif,7387,DOWNLOADED,water_1_268_high_density_117.06812428190473_23.61765102508136
permanent_mask,v1.1/data/perm_water/JRCPerm/water_1_268_low_density_110.0160648840822_18.381235016897747.tif,data/external/sen1floods11/permanent_mask/water_1_268_low_density_110.0160648840822_18.381235016897747.tif,6212,DOWNLOADED,water_1_268_low_density_110.0160648840822_18.381235016897747
permanent_mask,v1.1/data/perm_water/JRCPerm/water_1_268_low_density_110.36285363210972_21.061408918778763.tif,data/external/sen1floods11/permanent_mask/water_1_268_low_density_110.36285363210972_21.061408918778763.tif,8475,DOWNLOADED,water_1_268_low_density_110.36285363210972_21.061408918778763
permanent_mask,v1.1/data/perm_water/JRCPerm/water_1_268_rural_114.44477716384883_22.570631802227.tif,data/external/sen1floods11/permanent_mask/water_1_268_rural_114.44477716384883_22.570631802227.tif,8311,DOWNLOADED,water_1_268_rural_114.44477716384883_22.570631802227
permanent_mask,v1.1/data/perm_water/JRCPerm/water_1_269_inhabited_120.69347153857939_22.08313612045798.tif,data/external/sen1floods11/permanent_mask/water_1_269_inhabited_120.69347153857939_22.08313612045798.tif,6924,DOWNLOADED,water_1_269_inhabited_120.69347153857939_22.08313612045798
permanent_mask,v1.1/data/perm_water/JRCPerm/water_1_277_inhabited_100.1974944697818_2.6951787769258653.tif,data/external/sen1floods11/permanent_mask/water_1_277_inhabited_100.1974944697818_2.6951787769258653.tif,4124,DOWNLOADED,water_1_277_inhabited_100.1974944697818_2.6951787769258653
permanent_mask,v1.1/data/perm_water/JRCPerm/water_1_278_high_density_99.36868581607885_3.390513158796001.tif,data/external/sen1floods11/permanent_mask/water_1_278_high_density_99.36868581607885_3.390513158796001.tif,7454,DOWNLOADED,water_1_278_high_density_99.36868581607885_3.390513158796001
permanent_mask,v1.1/data/perm_water/JRCPerm/water_1_278_low_density_99.16129748518414_3.5295345523392836.tif,data/external/sen1floods11/permanent_mask/water_1_278_low_density_99.16129748518414_3.5295345523392836.tif,3480,DOWNLOADED,water_1_278_low_density_99.16129748518414_3.5295345523392836
permanent_mask,v1.1/data/perm_water/JRCPerm/water_1_278_rural_101.87822775704873_-3.423621984117837.tif,data/external/sen1floods11/permanent_mask/water_1_278_rural_101.87822775704873_-3.423621984117837.tif,4656,DOWNLOADED,water_1_278_rural_101.87822775704873_-3.423621984117837
permanent_mask,v1.1/data/perm_water/JRCPerm/water_1_278_rural_99.11581465443899_0.49112539002652905.tif,data/external/sen1floods11/permanent_mask/water_1_278_rural_99.11581465443899_0.49112539002652905.tif,5175,DOWNLOADED,water_1_278_rural_99.11581465443899_0.49112539002652905
permanent_mask,v1.1/data/perm_water/JRCPerm/water_1_279_inhabited_98.95389577698626_2.417840527805745.tif,data/external/sen1floods11/permanent_mask/water_1_279_inhabited_98.95389577698626_2.417840527805745.tif,3500,DOWNLOADED,water_1_279_inhabited_98.95389577698626_2.417840527805745
permanent_mask,v1.1/data/perm_water/JRCPerm/water_1_279_rural_98.95389577698627_2.487326699521592.tif,data/external/sen1floods11/permanent_mask/water_1_279_rural_98.95389577698627_2.487326699521592.tif,2584,DOWNLOADED,water_1_279_rural_98.95389577698627_2.487326699521592
permanent_mask,v1.1/data/perm_water/JRCPerm/water_1_280_rural_100.40428082203431_2.278190401013927.tif,data/external/sen1floods11/permanent_mask/water_1_280_rural_100.40428082203431_2.278190401013927.tif,3304,DOWNLOADED,water_1_280_rural_100.40428082203431_2.278190401013927
permanent_mask,v1.1/data/perm_water/JRCPerm/water_1_280_rural_102.2131062461625_1.4447130685080367.tif,data/external/sen1floods11/permanent_mask/water_1_280_rural_102.2131062461625_1.4447130685080367.tif,3289,DOWNLOADED,water_1_280_rural_102.2131062461625_1.4447130685080367
permanent_mask,v1.1/data/perm_water/JRCPerm/water_1_283_high_density_120.23353310132067_22.769240163147483.tif,data/external/sen1floods11/permanent_mask/water_1_283_high_density_120.23353310132067_22.769240163147483.tif,10151,DOWNLOADED,water_1_283_high_density_120.23353310132067_22.769240163147483
permanent_mask,v1.1/data/perm_water/JRCPerm/water_1_283_rural_120.30911932327763_23.936137858722685.tif,data/external/sen1floods11/permanent_mask/water_1_283_rural_120.30911932327763_23.936137858722685.tif,10377,DOWNLOADED,water_1_283_rural_120.30911932327763_23.936137858722685
permanent_mask,v1.1/data/perm_water/JRCPerm/water_1_284_inhabited_99.9091467001607_6.3430623303246545.tif,data/external/sen1floods11/permanent_mask/water_1_284_inhabited_99.9091467001607_6.3430623303246545.tif,6769,DOWNLOADED,water_1_284_inhabited_99.9091467001607_6.3430623303246545
permanent_mask,v1.1/data/perm_water/JRCPerm/water_1_284_low_density_98.56567752107115_9.997728176425733.tif,data/external/sen1floods11/permanent_mask/water_1_284_low_density_98.56567752107115_9.997728176425733.tif,8334,DOWNLOADED,water_1_284_low_density_98.56567752107115_9.997728176425733
permanent_mask,v1.1/data/perm_water/JRCPerm/water_1_284_rural_98.33081666858617_7.7921809906734945.tif,data/external/sen1floods11/permanent_mask/water_1_284_rural_98.33081666858617_7.7921809906734945.tif,6842,DOWNLOADED,water_1_284_rural_98.33081666858617_7.7921809906734945
permanent_mask,v1.1/data/perm_water/JRCPerm/water_1_284_rural_99.82717504549521_10.066438464558283.tif,data/external/sen1floods11/permanent_mask/water_1_284_rural_99.82717504549521_10.066438464558283.tif,7047,DOWNLOADED,water_1_284_rural_99.82717504549521_10.066438464558283
permanent_mask,v1.1/data/perm_water/JRCPerm/water_1_285_inhabited_104.26082800922909_12.639758927895578.tif,data/external/sen1floods11/permanent_mask/water_1_285_inhabited_104.26082800922909_12.639758927895578.tif,4140,DOWNLOADED,water_1_285_inhabited_104.26082800922909_12.639758927895578
permanent_mask,v1.1/data/perm_water/JRCPerm/water_1_285_rural_104.33154489283568_12.639946210139826.tif,data/external/sen1floods11/permanent_mask/water_1_285_rural_104.33154489283568_12.639946210139826.tif,4140,DOWNLOADED,water_1_285_rural_104.33154489283568_12.639946210139826
permanent_mask,v1.1/data/perm_water/JRCPerm/water_1_289_high_density_107.20404428225288_-7.4654626564875155.tif,data/external/sen1floods11/permanent_mask/water_1_289_high_density_107.20404428225288_-7.4654626564875155.tif,6033,DOWNLOADED,water_1_289_high_density_107.20404428225288_-7.4654626564875155
permanent_mask,v1.1/data/perm_water/JRCPerm/water_1_289_high_density_108.39155194289711_-6.363636622585254.tif,data/external/sen1floods11/permanent_mask/water_1_289_high_density_108.39155194289711_-6.363636622585254.tif,8653,DOWNLOADED,water_1_289_high_density_108.39155194289711_-6.363636622585254
permanent_mask,v1.1/data/perm_water/JRCPerm/water_1_289_inhabited_107.13459824244651_-7.4648606778453015.tif,data/external/sen1floods11/permanent_mask/water_1_289_inhabited_107.13459824244651_-7.4648606778453015.tif,6076,DOWNLOADED,water_1_289_inhabited_107.13459824244651_-7.4648606778453015
permanent_mask,v1.1/data/perm_water/JRCPerm/water_1_289_low_density_108.5296324661181_-6.503139599042308.tif,data/external/sen1floods11/permanent_mask/water_1_289_low_density_108.5296324661181_-6.503139599042308.tif,10135,DOWNLOADED,water_1_289_low_density_108.5296324661181_-6.503139599042308
permanent_mask,v1.1/data/perm_water/JRCPerm/water_1_289_rural_107.42266954780227_-6.080465869287227.tif,data/external/sen1floods11/permanent_mask/water_1_289_rural_107.42266954780227_-6.080465869287227.tif,14873,DOWNLOADED,water_1_289_rural_107.42266954780227_-6.080465869287227
permanent_mask,v1.1/data/perm_water/JRCPerm/water_1_289_rural_108.52333175632958_-7.683066787895676.tif,data/external/sen1floods11/permanent_mask/water_1_289_rural_108.52333175632958_-7.683066787895676.tif,5690,DOWNLOADED,water_1_289_rural_108.52333175632958_-7.683066787895676
permanent_mask,v1.1/data/perm_water/JRCPerm/water_1_28_low_density_39.89687472358683_-16.227038838876986.tif,data/external/sen1floods11/permanent_mask/water_1_28_low_density_39.89687472358683_-16.227038838876986.tif,11561,DOWNLOADED,water_1_28_low_density_39.89687472358683_-16.227038838876986
permanent_mask,v1.1/data/perm_water/JRCPerm/water_1_28_low_density_40.11127276133756_-16.017768767337714.tif,data/external/sen1floods11/permanent_mask/water_1_28_low_density_40.11127276133756_-16.017768767337714.tif,8559,DOWNLOADED,water_1_28_low_density_40.11127276133756_-16.017768767337714
permanent_mask,v1.1/data/perm_water/JRCPerm/water_1_28_rural_39.96872867796205_-16.22672224270219.tif,data/external/sen1floods11/permanent_mask/water_1_28_rural_39.96872867796205_-16.22672224270219.tif,6311,DOWNLOADED,water_1_28_rural_39.96872867796205_-16.22672224270219
permanent_mask,v1.1/data/perm_water/JRCPerm/water_1_28_rural_40.71116008515868_-14.334966457181993.tif,data/external/sen1floods11/permanent_mask/water_1_28_rural_40.71116008515868_-14.334966457181993.tif,5904,DOWNLOADED,water_1_28_rural_40.71116008515868_-14.334966457181993
permanent_mask,v1.1/data/perm_water/JRCPerm/water_1_29_inhabited_16.160174618580566_-2.270752620456779.tif,data/external/sen1floods11/permanent_mask/water_1_29_inhabited_16.160174618580566_-2.270752620456779.tif,16241,DOWNLOADED,water_1_29_inhabited_16.160174618580566_-2.270752620456779
permanent_mask,v1.1/data/perm_water/JRCPerm/water_1_29_rural_16.160121109367925_-2.2012842851451455.tif,data/external/sen1floods11/permanent_mask/water_1_29_rural_16.160121109367925_-2.2012842851451455.tif,9720,DOWNLOADED,water_1_29_rural_16.160121109367925_-2.2012842851451455
permanent_mask,v1.1/data/perm_water/JRCPerm/water_1_30_high_density_-10.695385749944718_6.273678717933036.tif,data/external/sen1floods11/permanent_mask/water_1_30_high_density_-10.695385749944718_6.273678717933036.tif,4925,DOWNLOADED,water_1_30_high_density_-10.695385749944718_6.273678717933036
permanent_mask,v1.1/data/perm_water/JRCPerm/water_1_30_inhabited_-11.53151624757741_6.964380093808642.tif,data/external/sen1floods11/permanent_mask/water_1_30_inhabited_-11.53151624757741_6.964380093808642.tif,4423,DOWNLOADED,water_1_30_inhabited_-11.53151624757741_6.964380093808642
permanent_mask,v1.1/data/perm_water/JRCPerm/water_1_30_low_density_-11.601359147377531_7.033402519014931.tif,data/external/sen1floods11/permanent_mask/water_1_30_low_density_-11.601359147377531_7.033402519014931.tif,9094,DOWNLOADED,water_1_30_low_density_-11.601359147377531_7.033402519014931
permanent_mask,v1.1/data/perm_water/JRCPerm/water_1_30_rural_-10.834924399210198_6.481526336236255.tif,data/external/sen1floods11/permanent_mask/water_1_30_rural_-10.834924399210198_6.481526336236255.tif,3157,DOWNLOADED,water_1_30_rural_-10.834924399210198_6.481526336236255
permanent_mask,v1.1/data/perm_water/JRCPerm/water_1_439_rural_-50.999849064422826_-20.211321434848788.tif,data/external/sen1floods11/permanent_mask/water_1_439_rural_-50.999849064422826_-20.211321434848788.tif,8829,DOWNLOADED,water_1_439_rural_-50.999849064422826_-20.211321434848788
permanent_mask,v1.1/data/perm_water/JRCPerm/water_1_439_rural_-51.003371754255035_-22.813032994593375.tif,data/external/sen1floods11/permanent_mask/water_1_439_rural_-51.003371754255035_-22.813032994593375.tif,10317,DOWNLOADED,water_1_439_rural_-51.003371754255035_-22.813032994593375
permanent_mask,v1.1/data/perm_water/JRCPerm/water_1_441_low_density_-52.15464921884003_-32.186286363989275.tif,data/external/sen1floods11/permanent_mask/water_1_441_low_density_-52.15464921884003_-32.186286363989275.tif,6943,DOWNLOADED,water_1_441_low_density_-52.15464921884003_-32.186286363989275
permanent_mask,v1.1/data/perm_water/JRCPerm/water_1_441_rural_-38.271563603313176_-12.851245172658409.tif,data/external/sen1floods11/permanent_mask/water_1_441_rural_-38.271563603313176_-12.851245172658409.tif,5722,DOWNLOADED,water_1_441_rural_-38.271563603313176_-12.851245172658409
permanent_mask,v1.1/data/perm_water/JRCPerm/water_1_441_rural_-41.318971231551785_-22.15044625085974.tif,data/external/sen1floods11/permanent_mask/water_1_441_rural_-41.318971231551785_-22.15044625085974.tif,5411,DOWNLOADED,water_1_441_rural_-41.318971231551785_-22.15044625085974
permanent_mask,v1.1/data/perm_water/JRCPerm/water_1_442_inhabited_-39.80305969652337_-19.550964241641886.tif,data/external/sen1floods11/permanent_mask/water_1_442_inhabited_-39.80305969652337_-19.550964241641886.tif,8728,DOWNLOADED,water_1_442_inhabited_-39.80305969652337_-19.550964241641886
permanent_mask,v1.1/data/perm_water/JRCPerm/water_1_442_low_density_-39.11212198829194_-16.621027171555255.tif,data/external/sen1floods11/permanent_mask/water_1_442_low_density_-39.11212198829194_-16.621027171555255.tif,6703,DOWNLOADED,water_1_442_low_density_-39.11212198829194_-16.621027171555255
permanent_mask,v1.1/data/perm_water/JRCPerm/water_1_443_inhabited_-37.59004351650662_-11.902290500171432.tif,data/external/sen1floods11/permanent_mask/water_1_443_inhabited_-37.59004351650662_-11.902290500171432.tif,7927,DOWNLOADED,water_1_443_inhabited_-37.59004351650662_-11.902290500171432
permanent_mask,v1.1/data/perm_water/JRCPerm/water_1_449_inhabited_-81.35492531699559_13.368670340698163.tif,data/external/sen1floods11/permanent_mask/water_1_449_inhabited_-81.35492531699559_13.368670340698163.tif,7353,DOWNLOADED,water_1_449_inhabited_-81.35492531699559_13.368670340698163
permanent_mask,v1.1/data/perm_water/JRCPerm/water_1_450_inhabited_-83.19271260246592_15.007639687498516.tif,data/external/sen1floods11/permanent_mask/water_1_450_inhabited_-83.19271260246592_15.007639687498516.tif,7896,DOWNLOADED,water_1_450_inhabited_-83.19271260246592_15.007639687498516
permanent_mask,v1.1/data/perm_water/JRCPerm/water_1_450_inhabited_-86.59889504236375_16.33188568194666.tif,data/external/sen1floods11/permanent_mask/water_1_450_inhabited_-86.59889504236375_16.33188568194666.tif,5141,DOWNLOADED,water_1_450_inhabited_-86.59889504236375_16.33188568194666
permanent_mask,v1.1/data/perm_water/JRCPerm/water_1_450_inhabited_-88.1052997739462_15.704601641253161.tif,data/external/sen1floods11/permanent_mask/water_1_450_inhabited_-88.1052997739462_15.704601641253161.tif,6059,DOWNLOADED,water_1_450_inhabited_-88.1052997739462_15.704601641253161
permanent_mask,v1.1/data/perm_water/JRCPerm/water_1_458_inhabited_-85.69076344002107_11.531712448023757.tif,data/external/sen1floods11/permanent_mask/water_1_458_inhabited_-85.69076344002107_11.531712448023757.tif,5428,DOWNLOADED,water_1_458_inhabited_-85.69076344002107_11.531712448023757
permanent_mask,v1.1/data/perm_water/JRCPerm/water_1_458_inhabited_-85.77955306019727_12.137071088837466.tif,data/external/sen1floods11/permanent_mask/water_1_458_inhabited_-85.77955306019727_12.137071088837466.tif,4383,DOWNLOADED,water_1_458_inhabited_-85.77955306019727_12.137071088837466
permanent_mask,v1.1/data/perm_water/JRCPerm/water_1_464_inhabited_-62.58316222983704_7.6984997366416525.tif,data/external/sen1floods11/permanent_mask/water_1_464_inhabited_-62.58316222983704_7.6984997366416525.tif,13431,DOWNLOADED,water_1_464_inhabited_-62.58316222983704_7.6984997366416525
permanent_mask,v1.1/data/perm_water/JRCPerm/water_1_465_rural_-58.35477952399753_6.9620881158671715.tif,data/external/sen1floods11/permanent_mask/water_1_465_rural_-58.35477952399753_6.9620881158671715.tif,7315,DOWNLOADED,water_1_465_rural_-58.35477952399753_6.9620881158671715
permanent_mask,v1.1/data/perm_water/JRCPerm/water_1_465_rural_-58.42449756896814_7.031337955227187.tif,data/external/sen1floods11/permanent_mask/water_1_465_rural_-58.42449756896814_7.031337955227187.tif,6387,DOWNLOADED,water_1_465_rural_-58.42449756896814_7.031337955227187
permanent_mask,v1.1/data/perm_water/JRCPerm/water_1_465_rural_-58.49357350338707_6.892222920561783.tif,data/external/sen1floods11/permanent_mask/water_1_465_rural_-58.49357350338707_6.892222920561783.tif,8538,DOWNLOADED,water_1_465_rural_-58.49357350338707_6.892222920561783
permanent_mask,v1.1/data/perm_water/JRCPerm/water_1_466_inhabited_-62.72270533820358_7.281787824995027.tif,data/external/sen1floods11/permanent_mask/water_1_466_inhabited_-62.72270533820358_7.281787824995027.tif,12051,DOWNLOADED,water_1_466_inhabited_-62.72270533820358_7.281787824995027
permanent_mask,v1.1/data/perm_water/JRCPerm/water_1_467_inhabited_-54.2549170287204_-2.3752248990379625.tif,data/external/sen1floods11/permanent_mask/water_1_467_inhabited_-54.2549170287204_-2.3752248990379625.tif,10361,DOWNLOADED,water_1_467_inhabited_-54.2549170287204_-2.3752248990379625
permanent_mask,v1.1/data/perm_water/JRCPerm/water_1_467_inhabited_-55.17890073530808_-2.0246726697213147.tif,data/external/sen1floods11/permanent_mask/water_1_467_inhabited_-55.17890073530808_-2.0246726697213147.tif,7832,DOWNLOADED,water_1_467_inhabited_-55.17890073530808_-2.0246726697213147
permanent_mask,v1.1/data/perm_water/JRCPerm/water_1_467_rural_-55.109873851000735_-2.024592405902353.tif,data/external/sen1floods11/permanent_mask/water_1_467_rural_-55.109873851000735_-2.024592405902353.tif,3498,DOWNLOADED,water_1_467_rural_-55.109873851000735_-2.024592405902353
permanent_mask,v1.1/data/perm_water/JRCPerm/water_1_468_inhabited_-68.61934922566357_18.15881059725081.tif,data/external/sen1floods11/permanent_mask/water_1_468_inhabited_-68.61934922566357_18.15881059725081.tif,6435,DOWNLOADED,water_1_468_inhabited_-68.61934922566357_18.15881059725081
permanent_mask,v1.1/data/perm_water/JRCPerm/water_1_468_inhabited_-68.69195676811682_18.15893991118136.tif,data/external/sen1floods11/permanent_mask/water_1_468_inhabited_-68.69195676811682_18.15893991118136.tif,4901,DOWNLOADED,water_1_468_inhabited_-68.69195676811682_18.15893991118136
permanent_mask,v1.1/data/perm_water/JRCPerm/water_1_470_inhabited_-82.25271180489428_9.35514050091681.tif,data/external/sen1floods11/permanent_mask/water_1_470_inhabited_-82.25271180489428_9.35514050091681.tif,9551,DOWNLOADED,water_1_470_inhabited_-82.25271180489428_9.35514050091681
permanent_mask,v1.1/data/perm_water/JRCPerm/water_1_470_rural_-82.04231358078849_9.147457869352568.tif,data/external/sen1floods11/permanent_mask/water_1_470_rural_-82.04231358078849_9.147457869352568.tif,7459,DOWNLOADED,water_1_470_rural_-82.04231358078849_9.147457869352568
permanent_mask,v1.1/data/perm_water/JRCPerm/water_1_471_inhabited_-81.19309562156391_7.782754451046512.tif,data/external/sen1floods11/permanent_mask/water_1_471_inhabited_-81.19309562156391_7.782754451046512.tif,6362,DOWNLOADED,water_1_471_inhabited_-81.19309562156391_7.782754451046512
permanent_mask,v1.1/data/perm_water/JRCPerm/water_1_471_rural_-80.84501373423089_7.2270033094523916.tif,data/external/sen1floods11/permanent_mask/water_1_471_rural_-80.84501373423089_7.2270033094523916.tif,4843,DOWNLOADED,water_1_471_rural_-80.84501373423089_7.2270033094523916
permanent_mask,v1.1/data/perm_water/JRCPerm/water_1_471_rural_-81.68022565704658_7.5043906086841.tif,data/external/sen1floods11/permanent_mask/water_1_471_rural_-81.68022565704658_7.5043906086841.tif,5601,DOWNLOADED,water_1_471_rural_-81.68022565704658_7.5043906086841
permanent_mask,v1.1/data/perm_water/JRCPerm/water_1_473_high_density_-59.91501006439612_-3.142279462251723.tif,data/external/sen1floods11/permanent_mask/water_1_473_high_density_-59.91501006439612_-3.142279462251723.tif,9148,DOWNLOADED,water_1_473_high_density_-59.91501006439612_-3.142279462251723
permanent_mask,v1.1/data/perm_water/JRCPerm/water_1_473_rural_-64.23202186277395_-0.40633558349525567.tif,data/external/sen1floods11/permanent_mask/water_1_473_rural_-64.23202186277395_-0.40633558349525567.tif,3438,DOWNLOADED,water_1_473_rural_-64.23202186277395_-0.40633558349525567
permanent_mask,v1.1/data/perm_water/JRCPerm/water_1_475_rural_-61.65673939497314_16.283326071474633.tif,data/external/sen1floods11/permanent_mask/water_1_475_rural_-61.65673939497314_16.283326071474633.tif,3482,DOWNLOADED,water_1_475_rural_-61.65673939497314_16.283326071474633
permanent_mask,v1.1/data/perm_water/JRCPerm/water_1_475_rural_-61.81782442052887_17.026216766079774.tif,data/external/sen1floods11/permanent_mask/water_1_475_rural_-61.81782442052887_17.026216766079774.tif,4687,DOWNLOADED,water_1_475_rural_-61.81782442052887_17.026216766079774
permanent_mask,v1.1/data/perm_water/JRCPerm/water_1_476_rural_-56.145442102349854_-2.094948102323622.tif,data/external/sen1floods11/permanent_mask/water_1_476_rural_-56.145442102349854_-2.094948102323622.tif,10673,DOWNLOADED,water_1_476_rural_-56.145442102349854_-2.094948102323622
permanent_mask,v1.1/data/perm_water/JRCPerm/water_1_476_rural_-57.00843868382956_-5.386834864019507.tif,data/external/sen1floods11/permanent_mask/water_1_476_rural_-57.00843868382956_-5.386834864019507.tif,8234,DOWNLOADED,water_1_476_rural_-57.00843868382956_-5.386834864019507
permanent_mask,v1.1/data/perm_water/JRCPerm/water_1_478_inhabited_-73.85929684188152_9.106251316517678.tif,data/external/sen1floods11/permanent_mask/water_1_478_inhabited_-73.85929684188152_9.106251316517678.tif,5306,DOWNLOADED,water_1_478_inhabited_-73.85929684188152_9.106251316517678
permanent_mask,v1.1/data/perm_water/JRCPerm/water_1_480_rural_-48.43005575001879_-0.3921601012463512.tif,data/external/sen1floods11/permanent_mask/water_1_480_rural_-48.43005575001879_-0.3921601012463512.tif,5884,DOWNLOADED,water_1_480_rural_-48.43005575001879_-0.3921601012463512
permanent_mask,v1.1/data/perm_water/JRCPerm/water_1_480_rural_-48.88971326391116_-1.587484566037267.tif,data/external/sen1floods11/permanent_mask/water_1_480_rural_-48.88971326391116_-1.587484566037267.tif,5955,DOWNLOADED,water_1_480_rural_-48.88971326391116_-1.587484566037267
permanent_mask,v1.1/data/perm_water/JRCPerm/water_1_480_rural_-49.37246446215932_-1.9351963479828698.tif,data/external/sen1floods11/permanent_mask/water_1_480_rural_-49.37246446215932_-1.9351963479828698.tif,6083,DOWNLOADED,water_1_480_rural_-49.37246446215932_-1.9351963479828698
permanent_mask,v1.1/data/perm_water/JRCPerm/water_1_482_rural_-55.45495476332481_-2.094417469298262.tif,data/external/sen1floods11/permanent_mask/water_1_482_rural_-55.45495476332481_-2.094417469298262.tif,8762,DOWNLOADED,water_1_482_rural_-55.45495476332481_-2.094417469298262
permanent_mask,v1.1/data/perm_water/JRCPerm/water_1_482_rural_-58.18785307606177_-2.8678262515131823.tif,data/external/sen1floods11/permanent_mask/water_1_482_rural_-58.18785307606177_-2.8678262515131823.tif,11658,DOWNLOADED,water_1_482_rural_-58.18785307606177_-2.8678262515131823
permanent_mask,v1.1/data/perm_water/JRCPerm/water_1_482_rural_-60.79242291958162_-3.257159282691649.tif,data/external/sen1floods11/permanent_mask/water_1_482_rural_-60.79242291958162_-3.257159282691649.tif,9976,DOWNLOADED,water_1_482_rural_-60.79242291958162_-3.257159282691649
permanent_mask,v1.1/data/perm_water/JRCPerm/water_1_484_inhabited_-63.77517804164631_-0.2875094586230299.tif,data/external/sen1floods11/permanent_mask/water_1_484_inhabited_-63.77517804164631_-0.2875094586230299.tif,8083,DOWNLOADED,water_1_484_inhabited_-63.77517804164631_-0.2875094586230299
permanent_mask,v1.1/data/perm_water/JRCPerm/water_1_484_rural_-66.03850625884911_-0.2995891633768148.tif,data/external/sen1floods11/permanent_mask/water_1_484_rural_-66.03850625884911_-0.2995891633768148.tif,4946,DOWNLOADED,water_1_484_rural_-66.03850625884911_-0.2995891633768148
permanent_mask,v1.1/data/perm_water/JRCPerm/water_1_485_inhabited_-41.648895659395194_-2.8836070101413274.tif,data/external/sen1floods11/permanent_mask/water_1_485_inhabited_-41.648895659395194_-2.8836070101413274.tif,6699,DOWNLOADED,water_1_485_inhabited_-41.648895659395194_-2.8836070101413274
permanent_mask,v1.1/data/perm_water/JRCPerm/water_1_492_rural_-34.97631467942299_-6.473803173211687.tif,data/external/sen1floods11/permanent_mask/water_1_492_rural_-34.97631467942299_-6.473803173211687.tif,6365,DOWNLOADED,water_1_492_rural_-34.97631467942299_-6.473803173211687
permanent_mask,v1.1/data/perm_water/JRCPerm/water_1_492_rural_-34.97713515401683_-6.682101160721305.tif,data/external/sen1floods11/permanent_mask/water_1_492_rural_-34.97713515401683_-6.682101160721305.tif,3929,DOWNLOADED,water_1_492_rural_-34.97713515401683_-6.682101160721305
permanent_mask,v1.1/data/perm_water/JRCPerm/water_1_494_inhabited_-88.34797297147684_17.35182924320449.tif,data/external/sen1floods11/permanent_mask/water_1_494_inhabited_-88.34797297147684_17.35182924320449.tif,9212,DOWNLOADED,water_1_494_inhabited_-88.34797297147684_17.35182924320449
permanent_mask,v1.1/data/perm_water/JRCPerm/water_1_494_inhabited_-96.56868249158859_18.267581449247515.tif,data/external/sen1floods11/permanent_mask/water_1_494_inhabited_-96.56868249158859_18.267581449247515.tif,18359,DOWNLOADED,water_1_494_inhabited_-96.56868249158859_18.267581449247515
permanent_mask,v1.1/data/perm_water/JRCPerm/water_1_495_inhabited_-66.0727387776364_18.457895882208582.tif,data/external/sen1floods11/permanent_mask/water_1_495_inhabited_-66.0727387776364_18.457895882208582.tif,6946,DOWNLOADED,water_1_495_inhabited_-66.0727387776364_18.457895882208582
permanent_mask,v1.1/data/perm_water/JRCPerm/water_1_495_rural_-65.91935461959996_17.974926188008805.tif,data/external/sen1floods11/permanent_mask/water_1_495_rural_-65.91935461959996_17.974926188008805.tif,6344,DOWNLOADED,water_1_495_rural_-65.91935461959996_17.974926188008805
permanent_mask,v1.1/data/perm_water/JRCPerm/water_1_4_inhabited_44.34339219385988_-12.189131093636444.tif,data/external/sen1floods11/permanent_mask/water_1_4_inhabited_44.34339219385988_-12.189131093636444.tif,4474,DOWNLOADED,water_1_4_inhabited_44.34339219385988_-12.189131093636444
permanent_mask,v1.1/data/perm_water/JRCPerm/water_1_4_inhabited_45.049477468369865_-12.745510968479103.tif,data/external/sen1floods11/permanent_mask/water_1_4_inhabited_45.049477468369865_-12.745510968479103.tif,6411,DOWNLOADED,water_1_4_inhabited_45.049477468369865_-12.745510968479103
permanent_mask,v1.1/data/perm_water/JRCPerm/water_1_4_rural_45.19108514052415_-12.88434507977814.tif,data/external/sen1floods11/permanent_mask/water_1_4_rural_45.19108514052415_-12.88434507977814.tif,5166,DOWNLOADED,water_1_4_rural_45.19108514052415_-12.88434507977814
permanent_mask,v1.1/data/perm_water/JRCPerm/water_1_500_high_density_-48.45084407912996_-25.51837406282004.tif,data/external/sen1floods11/permanent_mask/water_1_500_high_density_-48.45084407912996_-25.51837406282004.tif,8951,DOWNLOADED,water_1_500_high_density_-48.45084407912996_-25.51837406282004
permanent_mask,v1.1/data/perm_water/JRCPerm/water_1_500_rural_-47.395348105173_-24.66334589492285.tif,data/external/sen1floods11/permanent_mask/water_1_500_rural_-47.395348105173_-24.66334589492285.tif,9098,DOWNLOADED,water_1_500_rural_-47.395348105173_-24.66334589492285
permanent_mask,v1.1/data/perm_water/JRCPerm/water_1_507_inhabited_-52.067808225824166_-2.3306472658066637.tif,data/external/sen1floods11/permanent_mask/water_1_507_inhabited_-52.067808225824166_-2.3306472658066637.tif,3614,DOWNLOADED,water_1_507_inhabited_-52.067808225824166_-2.3306472658066637
permanent_mask,v1.1/data/perm_water/JRCPerm/water_1_507_inhabited_-54.207668393958095_-2.3967534389239997.tif,data/external/sen1floods11/permanent_mask/water_1_507_inhabited_-54.207668393958095_-2.3967534389239997.tif,5821,DOWNLOADED,water_1_507_inhabited_-54.207668393958095_-2.3967534389239997
permanent_mask,v1.1/data/perm_water/JRCPerm/water_1_508_inhabited_-49.558235071146925_-4.205618994961695.tif,data/external/sen1floods11/permanent_mask/water_1_508_inhabited_-49.558235071146925_-4.205618994961695.tif,10552,DOWNLOADED,water_1_508_inhabited_-49.558235071146925_-4.205618994961695
permanent_mask,v1.1/data/perm_water/JRCPerm/water_1_510_inhabited_-61.81922457825966_10.100051168299157.tif,data/external/sen1floods11/permanent_mask/water_1_510_inhabited_-61.81922457825966_10.100051168299157.tif,8278,DOWNLOADED,water_1_510_inhabited_-61.81922457825966_10.100051168299157
permanent_mask,v1.1/data/perm_water/JRCPerm/water_1_510_low_density_-61.67878073148033_10.168962115979111.tif,data/external/sen1floods11/permanent_mask/water_1_510_low_density_-61.67878073148033_10.168962115979111.tif,5690,DOWNLOADED,water_1_510_low_density_-61.67878073148033_10.168962115979111
permanent_mask,v1.1/data/perm_water/JRCPerm/water_1_511_rural_-54.34542786190325_-2.32705768945864.tif,data/external/sen1floods11/permanent_mask/water_1_511_rural_-54.34542786190325_-2.32705768945864.tif,6563,DOWNLOADED,water_1_511_rural_-54.34542786190325_-2.32705768945864
permanent_mask,v1.1/data/perm_water/JRCPerm/water_1_514_inhabited_-97.68125049992861_21.84036482270417.tif,data/external/sen1floods11/permanent_mask/water_1_514_inhabited_-97.68125049992861_21.84036482270417.tif,9070,DOWNLOADED,water_1_514_inhabited_-97.68125049992861_21.84036482270417
permanent_mask,v1.1/data/perm_water/JRCPerm/water_1_517_inhabited_-61.21257279814046_14.844146747373921.tif,data/external/sen1floods11/permanent_mask/water_1_517_inhabited_-61.21257279814046_14.844146747373921.tif,6067,DOWNLOADED,water_1_517_inhabited_-61.21257279814046_14.844146747373921
permanent_mask,v1.1/data/perm_water/JRCPerm/water_1_517_rural_-61.30610690183753_15.239722520027215.tif,data/external/sen1floods11/permanent_mask/water_1_517_rural_-61.30610690183753_15.239722520027215.tif,5341,DOWNLOADED,water_1_517_rural_-61.30610690183753_15.239722520027215
permanent_mask,v1.1/data/perm_water/JRCPerm/water_1_518_inhabited_-49.441223800403456_-2.2130875256336164.tif,data/external/sen1floods11/permanent_mask/water_1_518_inhabited_-49.441223800403456_-2.2130875256336164.tif,7810,DOWNLOADED,water_1_518_inhabited_-49.441223800403456_-2.2130875256336164
permanent_mask,v1.1/data/perm_water/JRCPerm/water_1_518_inhabited_-49.69648504020795_-4.275323662629159.tif,data/external/sen1floods11/permanent_mask/water_1_518_inhabited_-49.69648504020795_-4.275323662629159.tif,18226,DOWNLOADED,water_1_518_inhabited_-49.69648504020795_-4.275323662629159
permanent_mask,v1.1/data/perm_water/JRCPerm/water_1_519_inhabited_-88.07712717349054_18.51752298149527.tif,data/external/sen1floods11/permanent_mask/water_1_519_inhabited_-88.07712717349054_18.51752298149527.tif,7328,DOWNLOADED,water_1_519_inhabited_-88.07712717349054_18.51752298149527
permanent_mask,v1.1/data/perm_water/JRCPerm/water_1_519_inhabited_-88.22311814198035_18.5860326100804.tif,data/external/sen1floods11/permanent_mask/water_1_519_inhabited_-88.22311814198035_18.5860326100804.tif,9559,DOWNLOADED,water_1_519_inhabited_-88.22311814198035_18.5860326100804
permanent_mask,v1.1/data/perm_water/JRCPerm/water_1_519_rural_-86.77277768794286_20.51804070081006.tif,data/external/sen1floods11/permanent_mask/water_1_519_rural_-86.77277768794286_20.51804070081006.tif,8107,DOWNLOADED,water_1_519_rural_-86.77277768794286_20.51804070081006
permanent_mask,v1.1/data/perm_water/JRCPerm/water_1_5_inhabited_10.06661682860042_-1.006392353156414.tif,data/external/sen1floods11/permanent_mask/water_1_5_inhabited_10.06661682860042_-1.006392353156414.tif,9337,DOWNLOADED,water_1_5_inhabited_10.06661682860042_-1.006392353156414
permanent_mask,v1.1/data/perm_water/JRCPerm/water_1_5_inhabited_9.88917582038065_-2.51512027638772.tif,data/external/sen1floods11/permanent_mask/water_1_5_inhabited_9.88917582038065_-2.51512027638772.tif,9032,DOWNLOADED,water_1_5_inhabited_9.88917582038065_-2.51512027638772
permanent_mask,v1.1/data/perm_water/JRCPerm/water_1_622_inhabited_-176.1918133551542_-13.25590413415757.tif,data/external/sen1floods11/permanent_mask/water_1_622_inhabited_-176.1918133551542_-13.25590413415757.tif,4896,DOWNLOADED,water_1_622_inhabited_-176.1918133551542_-13.25590413415757
permanent_mask,v1.1/data/perm_water/JRCPerm/water_1_622_inhabited_-178.1347105706564_-14.312653115510548.tif,data/external/sen1floods11/permanent_mask/water_1_622_inhabited_-178.1347105706564_-14.312653115510548.tif,5922,DOWNLOADED,water_1_622_inhabited_-178.1347105706564_-14.312653115510548
permanent_mask,v1.1/data/perm_water/JRCPerm/water_1_623_rural_-155.36497544729198_20.05258635554822.tif,data/external/sen1floods11/permanent_mask/water_1_623_rural_-155.36497544729198_20.05258635554822.tif,5079,DOWNLOADED,water_1_623_rural_-155.36497544729198_20.05258635554822
permanent_mask,v1.1/data/perm_water/JRCPerm/water_1_623_rural_-156.15155641401878_20.848464547971457.tif,data/external/sen1floods11/permanent_mask/water_1_623_rural_-156.15155641401878_20.848464547971457.tif,5784,DOWNLOADED,water_1_623_rural_-156.15155641401878_20.848464547971457
permanent_mask,v1.1/data/perm_water/JRCPerm/water_1_625_inhabited_-140.09105608128587_-9.366613767927328.tif,data/external/sen1floods11/permanent_mask/water_1_625_inhabited_-140.09105608128587_-9.366613767927328.tif,4950,DOWNLOADED,water_1_625_inhabited_-140.09105608128587_-9.366613767927328
permanent_mask,v1.1/data/perm_water/JRCPerm/water_1_625_inhabited_-140.16228130241257_-8.811121254194308.tif,data/external/sen1floods11/permanent_mask/water_1_625_inhabited_-140.16228130241257_-8.811121254194308.tif,5802,DOWNLOADED,water_1_625_inhabited_-140.16228130241257_-8.811121254194308
permanent_mask,v1.1/data/perm_water/JRCPerm/water_1_625_rural_-140.09211288823556_-8.949875101674381.tif,data/external/sen1floods11/permanent_mask/water_1_625_rural_-140.09211288823556_-8.949875101674381.tif,6264,DOWNLOADED,water_1_625_rural_-140.09211288823556_-8.949875101674381
permanent_mask,v1.1/data/perm_water/JRCPerm/water_1_628_inhabited_-109.29597357316332_-27.12842168018775.tif,data/external/sen1floods11/permanent_mask/water_1_628_inhabited_-109.29597357316332_-27.12842168018775.tif,5708,DOWNLOADED,water_1_628_inhabited_-109.29597357316332_-27.12842168018775
permanent_mask,v1.1/data/perm_water/JRCPerm/water_1_630_inhabited_-149.89322592191172_-17.53038948578868.tif,data/external/sen1floods11/permanent_mask/water_1_630_inhabited_-149.89322592191172_-17.53038948578868.tif,6644,DOWNLOADED,water_1_630_inhabited_-149.89322592191172_-17.53038948578868
permanent_mask,v1.1/data/perm_water/JRCPerm/water_1_630_rural_-149.5347498700231_-17.743391824909686.tif,data/external/sen1floods11/permanent_mask/water_1_630_rural_-149.5347498700231_-17.743391824909686.tif,5114,DOWNLOADED,water_1_630_rural_-149.5347498700231_-17.743391824909686
permanent_mask,v1.1/data/perm_water/JRCPerm/water_1_630_rural_-151.46756505804342_-16.665279290409643.tif,data/external/sen1floods11/permanent_mask/water_1_630_rural_-151.46756505804342_-16.665279290409643.tif,8817,DOWNLOADED,water_1_630_rural_-151.46756505804342_-16.665279290409643
permanent_mask,v1.1/data/perm_water/JRCPerm/water_1_7_inhabited_8.90370111026595_3.6294362523406845.tif,data/external/sen1floods11/permanent_mask/water_1_7_inhabited_8.90370111026595_3.6294362523406845.tif,3767,DOWNLOADED,water_1_7_inhabited_8.90370111026595_3.6294362523406845
permanent_mask,v1.1/data/perm_water/JRCPerm/water_1_7_rural_8.765460059407019_3.3514871063762426.tif,data/external/sen1floods11/permanent_mask/water_1_7_rural_8.765460059407019_3.3514871063762426.tif,5054,DOWNLOADED,water_1_7_rural_8.765460059407019_3.3514871063762426
permanent_mask,v1.1/data/perm_water/JRCPerm/water_2_163_inhabited_121.68843521573584_-8.33442551517673.tif,data/external/sen1floods11/permanent_mask/water_2_163_inhabited_121.68843521573584_-8.33442551517673.tif,5961,DOWNLOADED,water_2_163_inhabited_121.68843521573584_-8.33442551517673
permanent_mask,v1.1/data/perm_water/JRCPerm/water_2_163_rural_122.94384160812089_-8.197651508564382.tif,data/external/sen1floods11/permanent_mask/water_2_163_rural_122.94384160812089_-8.197651508564382.tif,4993,DOWNLOADED,water_2_163_rural_122.94384160812089_-8.197651508564382
permanent_mask,v1.1/data/perm_water/JRCPerm/water_2_163_rural_123.50181784114065_-8.33627604211391.tif,data/external/sen1floods11/permanent_mask/water_2_163_rural_123.50181784114065_-8.33627604211391.tif,6517,DOWNLOADED,water_2_163_rural_123.50181784114065_-8.33627604211391
permanent_mask,v1.1/data/perm_water/JRCPerm/water_2_164_inhabited_165.78258595621335_-21.77180614400744.tif,data/external/sen1floods11/permanent_mask/water_2_164_inhabited_165.78258595621335_-21.77180614400744.tif,6152,DOWNLOADED,water_2_164_inhabited_165.78258595621335_-21.77180614400744
permanent_mask,v1.1/data/perm_water/JRCPerm/water_2_290_inhabited_79.22223092425455_16.55038163356551.tif,data/external/sen1floods11/permanent_mask/water_2_290_inhabited_79.22223092425455_16.55038163356551.tif,6842,DOWNLOADED,water_2_290_inhabited_79.22223092425455_16.55038163356551
permanent_mask,v1.1/data/perm_water/JRCPerm/water_2_292_high_density_82.80599260450478_24.0988905880724.tif,data/external/sen1floods11/permanent_mask/water_2_292_high_density_82.80599260450478_24.0988905880724.tif,5895,DOWNLOADED,water_2_292_high_density_82.80599260450478_24.0988905880724
permanent_mask,v1.1/data/perm_water/JRCPerm/water_2_292_inhabited_82.88152085814805_24.097976472356443.tif,data/external/sen1floods11/permanent_mask/water_2_292_inhabited_82.88152085814805_24.097976472356443.tif,6742,DOWNLOADED,water_2_292_inhabited_82.88152085814805_24.097976472356443
permanent_mask,v1.1/data/perm_water/JRCPerm/water_2_292_low_density_82.72953239874134_24.030425550497792.tif,data/external/sen1floods11/permanent_mask/water_2_292_low_density_82.72953239874134_24.030425550497792.tif,13422,DOWNLOADED,water_2_292_low_density_82.72953239874134_24.030425550497792
permanent_mask,v1.1/data/perm_water/JRCPerm/water_2_293_rural_80.11139351071589_13.590746950462929.tif,data/external/sen1floods11/permanent_mask/water_2_293_rural_80.11139351071589_13.590746950462929.tif,6744,DOWNLOADED,water_2_293_rural_80.11139351071589_13.590746950462929
permanent_mask,v1.1/data/perm_water/JRCPerm/water_2_297_inhabited_83.76667917186337_21.529565479278993.tif,data/external/sen1floods11/permanent_mask/water_2_297_inhabited_83.76667917186337_21.529565479278993.tif,10063,DOWNLOADED,water_2_297_inhabited_83.76667917186337_21.529565479278993
permanent_mask,v1.1/data/perm_water/JRCPerm/water_2_299_inhabited_107.12974674050035_11.119232223276855.tif,data/external/sen1floods11/permanent_mask/water_2_299_inhabited_107.12974674050035_11.119232223276855.tif,5005,DOWNLOADED,water_2_299_inhabited_107.12974674050035_11.119232223276855
permanent_mask,v1.1/data/perm_water/JRCPerm/water_2_300_inhabited_108.92735306637812_10.5481016421494.tif,data/external/sen1floods11/permanent_mask/water_2_300_inhabited_108.92735306637812_10.5481016421494.tif,5255,DOWNLOADED,water_2_300_inhabited_108.92735306637812_10.5481016421494
permanent_mask,v1.1/data/perm_water/JRCPerm/water_2_300_inhabited_109.26316796671313_12.216367282870893.tif,data/external/sen1floods11/permanent_mask/water_2_300_inhabited_109.26316796671313_12.216367282870893.tif,7108,DOWNLOADED,water_2_300_inhabited_109.26316796671313_12.216367282870893
permanent_mask,v1.1/data/perm_water/JRCPerm/water_2_301_inhabited_79.73892479972153_8.256440296853016.tif,data/external/sen1floods11/permanent_mask/water_2_301_inhabited_79.73892479972153_8.256440296853016.tif,9617,DOWNLOADED,water_2_301_inhabited_79.73892479972153_8.256440296853016
permanent_mask,v1.1/data/perm_water/JRCPerm/water_2_32_inhabited_44.153251665839896_-18.53964904092246.tif,data/external/sen1floods11/permanent_mask/water_2_32_inhabited_44.153251665839896_-18.53964904092246.tif,7234,DOWNLOADED,water_2_32_inhabited_44.153251665839896_-18.53964904092246
permanent_mask,v1.1/data/perm_water/JRCPerm/water_2_32_inhabited_47.48036978495905_-14.710632343631648.tif,data/external/sen1floods11/permanent_mask/water_2_32_inhabited_47.48036978495905_-14.710632343631648.tif,7069,DOWNLOADED,water_2_32_inhabited_47.48036978495905_-14.710632343631648
permanent_mask,v1.1/data/perm_water/JRCPerm/water_2_521_inhabited_-102.92399843160813_20.207531198953358.tif,data/external/sen1floods11/permanent_mask/water_2_521_inhabited_-102.92399843160813_20.207531198953358.tif,4139,DOWNLOADED,water_2_521_inhabited_-102.92399843160813_20.207531198953358
permanent_mask,v1.1/data/perm_water/JRCPerm/water_2_521_low_density_-102.99657921945504_20.277739745039863.tif,data/external/sen1floods11/permanent_mask/water_2_521_low_density_-102.99657921945504_20.277739745039863.tif,4139,DOWNLOADED,water_2_521_low_density_-102.99657921945504_20.277739745039863
permanent_mask,v1.1/data/perm_water/JRCPerm/water_2_521_rural_-101.08713863915688_20.245491526221343.tif,data/external/sen1floods11/permanent_mask/water_2_521_rural_-101.08713863915688_20.245491526221343.tif,12632,DOWNLOADED,water_2_521_rural_-101.08713863915688_20.245491526221343
permanent_mask,v1.1/data/perm_water/JRCPerm/water_2_521_rural_-103.14359578118716_20.27936285782332.tif,data/external/sen1floods11/permanent_mask/water_2_521_rural_-103.14359578118716_20.27936285782332.tif,4454,DOWNLOADED,water_2_521_rural_-103.14359578118716_20.27936285782332
permanent_mask,v1.1/data/perm_water/JRCPerm/water_2_522_rural_-101.7985480803247_18.613616609197024.tif,data/external/sen1floods11/permanent_mask/water_2_522_rural_-101.7985480803247_18.613616609197024.tif,9362,DOWNLOADED,water_2_522_rural_-101.7985480803247_18.613616609197024
permanent_mask,v1.1/data/perm_water/JRCPerm/water_2_525_rural_-35.0449045718271_-6.265237639638863.tif,data/external/sen1floods11/permanent_mask/water_2_525_rural_-35.0449045718271_-6.265237639638863.tif,6726,DOWNLOADED,water_2_525_rural_-35.0449045718271_-6.265237639638863
permanent_mask,v1.1/data/perm_water/JRCPerm/water_2_525_rural_-41.695916880003765_-9.725838948792928.tif,data/external/sen1floods11/permanent_mask/water_2_525_rural_-41.695916880003765_-9.725838948792928.tif,4135,DOWNLOADED,water_2_525_rural_-41.695916880003765_-9.725838948792928
permanent_mask,v1.1/data/perm_water/JRCPerm/water_2_527_inhabited_-85.037567563106_9.952619910169078.tif,data/external/sen1floods11/permanent_mask/water_2_527_inhabited_-85.037567563106_9.952619910169078.tif,6461,DOWNLOADED,water_2_527_inhabited_-85.037567563106_9.952619910169078
permanent_mask,v1.1/data/perm_water/JRCPerm/water_2_527_inhabited_-85.8059197247263_10.51182685507962.tif,data/external/sen1floods11/permanent_mask/water_2_527_inhabited_-85.8059197247263_10.51182685507962.tif,6490,DOWNLOADED,water_2_527_inhabited_-85.8059197247263_10.51182685507962
permanent_mask,v1.1/data/perm_water/JRCPerm/water_2_528_inhabited_-92.32867045020168_16.03037464601581.tif,data/external/sen1floods11/permanent_mask/water_2_528_inhabited_-92.32867045020168_16.03037464601581.tif,5826,DOWNLOADED,water_2_528_inhabited_-92.32867045020168_16.03037464601581
permanent_mask,v1.1/data/perm_water/JRCPerm/water_2_529_inhabited_-57.78503572329768_-17.551561297590442.tif,data/external/sen1floods11/permanent_mask/water_2_529_inhabited_-57.78503572329768_-17.551561297590442.tif,7434,DOWNLOADED,water_2_529_inhabited_-57.78503572329768_-17.551561297590442
permanent_mask,v1.1/data/perm_water/JRCPerm/water_2_529_rural_-57.5697146516289_-18.107615658056197 (1).tif,data/external/sen1floods11/permanent_mask/water_2_529_rural_-57.5697146516289_-18.107615658056197 (1).tif,5176,DOWNLOADED,water_2_529_rural_-57.5697146516289_-18.107615658056197 (1)
permanent_mask,v1.1/data/perm_water/JRCPerm/water_2_529_rural_-57.5697146516289_-18.107615658056197.tif,data/external/sen1floods11/permanent_mask/water_2_529_rural_-57.5697146516289_-18.107615658056197.tif,5176,DOWNLOADED,water_2_529_rural_-57.5697146516289_-18.107615658056197
permanent_mask,v1.1/data/perm_water/JRCPerm/water_2_533_inhabited_-111.00741223028427_18.751269058716897.tif,data/external/sen1floods11/permanent_mask/water_2_533_inhabited_-111.00741223028427_18.751269058716897.tif,5748,DOWNLOADED,water_2_533_inhabited_-111.00741223028427_18.751269058716897
permanent_mask,v1.1/data/perm_water/JRCPerm/water_2_534_inhabited_-103.0242167277843_18.175732885748637.tif,data/external/sen1floods11/permanent_mask/water_2_534_inhabited_-103.0242167277843_18.175732885748637.tif,9992,DOWNLOADED,water_2_534_inhabited_-103.0242167277843_18.175732885748637
permanent_mask,v1.1/data/perm_water/JRCPerm/water_2_534_rural_-102.36801987586027_17.980424259607712.tif,data/external/sen1floods11/permanent_mask/water_2_534_rural_-102.36801987586027_17.980424259607712.tif,5880,DOWNLOADED,water_2_534_rural_-102.36801987586027_17.980424259607712
permanent_mask,v1.1/data/perm_water/JRCPerm/water_2_536_inhabited_-68.65252047840015_11.320132562138804.tif,data/external/sen1floods11/permanent_mask/water_2_536_inhabited_-68.65252047840015_11.320132562138804.tif,5322,DOWNLOADED,water_2_536_inhabited_-68.65252047840015_11.320132562138804
permanent_mask,v1.1/data/perm_water/JRCPerm/water_2_536_inhabited_-69.28613198348849_11.528564322680028.tif,data/external/sen1floods11/permanent_mask/water_2_536_inhabited_-69.28613198348849_11.528564322680028.tif,4709,DOWNLOADED,water_2_536_inhabited_-69.28613198348849_11.528564322680028
permanent_mask,v1.1/data/perm_water/JRCPerm/water_2_537_inhabited_-61.26831602040957_13.200076188968426.tif,data/external/sen1floods11/permanent_mask/water_2_537_inhabited_-61.26831602040957_13.200076188968426.tif,8664,DOWNLOADED,water_2_537_inhabited_-61.26831602040957_13.200076188968426
permanent_mask,v1.1/data/perm_water/JRCPerm/water_2_540_inhabited_-44.16795332201311_-2.454360565433466.tif,data/external/sen1floods11/permanent_mask/water_2_540_inhabited_-44.16795332201311_-2.454360565433466.tif,5871,DOWNLOADED,water_2_540_inhabited_-44.16795332201311_-2.454360565433466
permanent_mask,v1.1/data/perm_water/JRCPerm/water_2_541_inhabited_-80.35692053292071_7.990709087775015.tif,data/external/sen1floods11/permanent_mask/water_2_541_inhabited_-80.35692053292071_7.990709087775015.tif,7322,DOWNLOADED,water_2_541_inhabited_-80.35692053292071_7.990709087775015
permanent_mask,v1.1/data/perm_water/JRCPerm/water_2_543_low_density_-66.5023553277317_17.98891438801347.tif,data/external/sen1floods11/permanent_mask/water_2_543_low_density_-66.5023553277317_17.98891438801347.tif,4248,DOWNLOADED,water_2_543_low_density_-66.5023553277317_17.98891438801347
permanent_mask,v1.1/data/perm_water/JRCPerm/water_2_543_rural_-66.64715571624025_17.98624338648246.tif,data/external/sen1floods11/permanent_mask/water_2_543_rural_-66.64715571624025_17.98624338648246.tif,4990,DOWNLOADED,water_2_543_rural_-66.64715571624025_17.98624338648246
permanent_mask,v1.1/data/perm_water/JRCPerm/water_2_546_inhabited_-73.31016300625069_11.263533192467417.tif,data/external/sen1floods11/permanent_mask/water_2_546_inhabited_-73.31016300625069_11.263533192467417.tif,4104,DOWNLOADED,water_2_546_inhabited_-73.31016300625069_11.263533192467417
permanent_mask,v1.1/data/perm_water/JRCPerm/water_2_547_inhabited_-101.34737623573704_17.509882080043884.tif,data/external/sen1floods11/permanent_mask/water_2_547_inhabited_-101.34737623573704_17.509882080043884.tif,4665,DOWNLOADED,water_2_547_inhabited_-101.34737623573704_17.509882080043884
permanent_mask,v1.1/data/perm_water/JRCPerm/water_2_547_low_density_-101.56617540622752_17.645898039477146.tif,data/external/sen1floods11/permanent_mask/water_2_547_low_density_-101.56617540622752_17.645898039477146.tif,5402,DOWNLOADED,water_2_547_low_density_-101.56617540622752_17.645898039477146
permanent_mask,v1.1/data/perm_water/JRCPerm/water_2_547_rural_-96.79169105347353_15.726067753724454.tif,data/external/sen1floods11/permanent_mask/water_2_547_rural_-96.79169105347353_15.726067753724454.tif,4712,DOWNLOADED,water_2_547_rural_-96.79169105347353_15.726067753724454
permanent_mask,v1.1/data/perm_water/JRCPerm/water_2_636_rural_-155.3528199378203_19.22044229425731.tif,data/external/sen1floods11/permanent_mask/water_2_636_rural_-155.3528199378203_19.22044229425731.tif,7082,DOWNLOADED,water_2_636_rural_-155.3528199378203_19.22044229425731
permanent_mask,v1.1/data/perm_water/JRCPerm/water_2_636_rural_-157.97436111994955_21.668796450571786.tif,data/external/sen1floods11/permanent_mask/water_2_636_rural_-157.97436111994955_21.668796450571786.tif,3532,DOWNLOADED,water_2_636_rural_-157.97436111994955_21.668796450571786
permanent_mask,v1.1/data/perm_water/JRCPerm/water_3_302_inhabited_76.4689857334107_31.421769029274927.tif,data/external/sen1floods11/permanent_mask/water_3_302_inhabited_76.4689857334107_31.421769029274927.tif,9783,DOWNLOADED,water_3_302_inhabited_76.4689857334107_31.421769029274927
permanent_mask,v1.1/data/perm_water/JRCPerm/water_3_553_low_density_-91.15815642367212_14.72766610965581.tif,data/external/sen1floods11/permanent_mask/water_3_553_low_density_-91.15815642367212_14.72766610965581.tif,9955,DOWNLOADED,water_3_553_low_density_-91.15815642367212_14.72766610965581
permanent_mask,v1.1/data/perm_water/JRCPerm/water_4_168_rural_153.45578457665283_-27.61597087116941.tif,data/external/sen1floods11/permanent_mask/water_4_168_rural_153.45578457665283_-27.61597087116941.tif,8153,DOWNLOADED,water_4_168_rural_153.45578457665283_-27.61597087116941
permanent_mask,v1.1/data/perm_water/JRCPerm/water_4_169_inhabited_166.95267190904175_-45.1768472308605.tif,data/external/sen1floods11/permanent_mask/water_4_169_inhabited_166.95267190904175_-45.1768472308605.tif,8630,DOWNLOADED,water_4_169_inhabited_166.95267190904175_-45.1768472308605
permanent_mask,v1.1/data/perm_water/JRCPerm/water_4_169_rural_167.4789885245821_-45.46589953844803.tif,data/external/sen1floods11/permanent_mask/water_4_169_rural_167.4789885245821_-45.46589953844803.tif,4334,DOWNLOADED,water_4_169_rural_167.4789885245821_-45.46589953844803
permanent_mask,v1.1/data/perm_water/JRCPerm/water_4_171_low_density_177.16081168687646_-37.98808963114352.tif,data/external/sen1floods11/permanent_mask/water_4_171_low_density_177.16081168687646_-37.98808963114352.tif,8311,DOWNLOADED,water_4_171_low_density_177.16081168687646_-37.98808963114352
permanent_mask,v1.1/data/perm_water/JRCPerm/water_4_171_rural_176.8963557806997_-39.44157375142368.tif,data/external/sen1floods11/permanent_mask/water_4_171_rural_176.8963557806997_-39.44157375142368.tif,7695,DOWNLOADED,water_4_171_rural_176.8963557806997_-39.44157375142368
permanent_mask,v1.1/data/perm_water/JRCPerm/water_4_171_rural_176.98556009727392_-39.64922071017949.tif,data/external/sen1floods11/permanent_mask/water_4_171_rural_176.98556009727392_-39.64922071017949.tif,5103,DOWNLOADED,water_4_171_rural_176.98556009727392_-39.64922071017949
permanent_mask,v1.1/data/perm_water/JRCPerm/water_4_172_rural_168.5092593638797_-46.59902846174547.tif,data/external/sen1floods11/permanent_mask/water_4_172_rural_168.5092593638797_-46.59902846174547.tif,8242,DOWNLOADED,water_4_172_rural_168.5092593638797_-46.59902846174547
permanent_mask,v1.1/data/perm_water/JRCPerm/water_4_172_rural_169.61874613339182_-46.57059723342871.tif,data/external/sen1floods11/permanent_mask/water_4_172_rural_169.61874613339182_-46.57059723342871.tif,5853,DOWNLOADED,water_4_172_rural_169.61874613339182_-46.57059723342871
permanent_mask,v1.1/data/perm_water/JRCPerm/water_4_173_rural_174.09872915707095_-36.15252743709883.tif,data/external/sen1floods11/permanent_mask/water_4_173_rural_174.09872915707095_-36.15252743709883.tif,5214,DOWNLOADED,water_4_173_rural_174.09872915707095_-36.15252743709883
permanent_mask,v1.1/data/perm_water/JRCPerm/water_4_173_rural_174.1335814909047_-35.18430944806097.tif,data/external/sen1floods11/permanent_mask/water_4_173_rural_174.1335814909047_-35.18430944806097.tif,6765,DOWNLOADED,water_4_173_rural_174.1335814909047_-35.18430944806097
permanent_mask,v1.1/data/perm_water/JRCPerm/water_4_173_rural_175.16870383214845_-36.815898982617874.tif,data/external/sen1floods11/permanent_mask/water_4_173_rural_175.16870383214845_-36.815898982617874.tif,8240,DOWNLOADED,water_4_173_rural_175.16870383214845_-36.815898982617874
permanent_mask,v1.1/data/perm_water/JRCPerm/water_4_174_inhabited_167.69565178566796_-46.785766695661685.tif,data/external/sen1floods11/permanent_mask/water_4_174_inhabited_167.69565178566796_-46.785766695661685.tif,6395,DOWNLOADED,water_4_174_inhabited_167.69565178566796_-46.785766695661685
permanent_mask,v1.1/data/perm_water/JRCPerm/water_4_174_inhabited_167.97767654999527_-47.13915491324831.tif,data/external/sen1floods11/permanent_mask/water_4_174_inhabited_167.97767654999527_-47.13915491324831.tif,6480,DOWNLOADED,water_4_174_inhabited_167.97767654999527_-47.13915491324831
permanent_mask,v1.1/data/perm_water/JRCPerm/water_4_175_rural_174.0816552591373_-41.95377331662139.tif,data/external/sen1floods11/permanent_mask/water_4_175_rural_174.0816552591373_-41.95377331662139.tif,7017,DOWNLOADED,water_4_175_rural_174.0816552591373_-41.95377331662139
permanent_mask,v1.1/data/perm_water/JRCPerm/water_4_175_rural_174.0938018504069_-40.893506104537245.tif,data/external/sen1floods11/permanent_mask/water_4_175_rural_174.0938018504069_-40.893506104537245.tif,7843,DOWNLOADED,water_4_175_rural_174.0938018504069_-40.893506104537245
permanent_mask,v1.1/data/perm_water/JRCPerm/water_4_175_rural_174.17075701638726_-41.882182449208315.tif,data/external/sen1floods11/permanent_mask/water_4_175_rural_174.17075701638726_-41.882182449208315.tif,8493,DOWNLOADED,water_4_175_rural_174.17075701638726_-41.882182449208315
permanent_mask,v1.1/data/perm_water/JRCPerm/water_4_176_inhabited_147.74127267172085_-37.921278920059734.tif,data/external/sen1floods11/permanent_mask/water_4_176_inhabited_147.74127267172085_-37.921278920059734.tif,7888,DOWNLOADED,water_4_176_inhabited_147.74127267172085_-37.921278920059734
permanent_mask,v1.1/data/perm_water/JRCPerm/water_4_177_inhabited_146.70077265460662_-41.843102887575924.tif,data/external/sen1floods11/permanent_mask/water_4_177_inhabited_146.70077265460662_-41.843102887575924.tif,9008,DOWNLOADED,water_4_177_inhabited_146.70077265460662_-41.843102887575924
permanent_mask,v1.1/data/perm_water/JRCPerm/water_4_178_rural_147.33444212800865_-43.09621730201949.tif,data/external/sen1floods11/permanent_mask/water_4_178_rural_147.33444212800865_-43.09621730201949.tif,6860,DOWNLOADED,water_4_178_rural_147.33444212800865_-43.09621730201949
permanent_mask,v1.1/data/perm_water/JRCPerm/water_4_178_rural_148.1540070652278_-40.44224061882747.tif,data/external/sen1floods11/permanent_mask/water_4_178_rural_148.1540070652278_-40.44224061882747.tif,6554,DOWNLOADED,water_4_178_rural_148.1540070652278_-40.44224061882747
permanent_mask,v1.1/data/perm_water/JRCPerm/water_4_179_inhabited_144.77082466856365_-40.49674421100374.tif,data/external/sen1floods11/permanent_mask/water_4_179_inhabited_144.77082466856365_-40.49674421100374.tif,8078,DOWNLOADED,water_4_179_inhabited_144.77082466856365_-40.49674421100374
permanent_mask,v1.1/data/perm_water/JRCPerm/water_4_179_inhabited_146.22735435486334_-42.74006444177972.tif,data/external/sen1floods11/permanent_mask/water_4_179_inhabited_146.22735435486334_-42.74006444177972.tif,9743,DOWNLOADED,water_4_179_inhabited_146.22735435486334_-42.74006444177972
permanent_mask,v1.1/data/perm_water/JRCPerm/water_4_180_inhabited_168.67120945503981_-44.01243325457207.tif,data/external/sen1floods11/permanent_mask/water_4_180_inhabited_168.67120945503981_-44.01243325457207.tif,6434,DOWNLOADED,water_4_180_inhabited_168.67120945503981_-44.01243325457207
permanent_mask,v1.1/data/perm_water/JRCPerm/water_4_180_inhabited_170.40517103158172_-43.066492934397225.tif,data/external/sen1floods11/permanent_mask/water_4_180_inhabited_170.40517103158172_-43.066492934397225.tif,6644,DOWNLOADED,water_4_180_inhabited_170.40517103158172_-43.066492934397225
permanent_mask,v1.1/data/perm_water/JRCPerm/water_4_308_inhabited_75.99012287128116_31.98065045980857.tif,data/external/sen1floods11/permanent_mask/water_4_308_inhabited_75.99012287128116_31.98065045980857.tif,10773,DOWNLOADED,water_4_308_inhabited_75.99012287128116_31.98065045980857
permanent_mask,v1.1/data/perm_water/JRCPerm/water_4_330_rural_-81.31556037289577_34.01409864040308.tif,data/external/sen1floods11/permanent_mask/water_4_330_rural_-81.31556037289577_34.01409864040308.tif,7754,DOWNLOADED,water_4_330_rural_-81.31556037289577_34.01409864040308
permanent_mask,v1.1/data/perm_water/JRCPerm/water_4_332_rural_-95.9700660115677_32.91833698393349.tif,data/external/sen1floods11/permanent_mask/water_4_332_rural_-95.9700660115677_32.91833698393349.tif,6937,DOWNLOADED,water_4_332_rural_-95.9700660115677_32.91833698393349
permanent_mask,v1.1/data/perm_water/JRCPerm/water_4_333_rural_-79.57649312564766_45.12436361146145.tif,data/external/sen1floods11/permanent_mask/water_4_333_rural_-79.57649312564766_45.12436361146145.tif,11170,DOWNLOADED,water_4_333_rural_-79.57649312564766_45.12436361146145
permanent_mask,v1.1/data/perm_water/JRCPerm/water_4_334_high_density_-73.79128217351328_45.445075536528435.tif,data/external/sen1floods11/permanent_mask/water_4_334_high_density_-73.79128217351328_45.445075536528435.tif,5457,DOWNLOADED,water_4_334_high_density_-73.79128217351328_45.445075536528435
permanent_mask,v1.1/data/perm_water/JRCPerm/water_4_334_high_density_-79.50044315718114_44.29373118542765.tif,data/external/sen1floods11/permanent_mask/water_4_334_high_density_-79.50044315718114_44.29373118542765.tif,6843,DOWNLOADED,water_4_334_high_density_-79.50044315718114_44.29373118542765
permanent_mask,v1.1/data/perm_water/JRCPerm/water_4_334_low_density_-73.22825377899996_44.498194346031305.tif,data/external/sen1floods11/permanent_mask/water_4_334_low_density_-73.22825377899996_44.498194346031305.tif,7352,DOWNLOADED,water_4_334_low_density_-73.22825377899996_44.498194346031305
permanent_mask,v1.1/data/perm_water/JRCPerm/water_4_334_low_density_-77.4071538404494_43.259005704177646.tif,data/external/sen1floods11/permanent_mask/water_4_334_low_density_-77.4071538404494_43.259005704177646.tif,4468,DOWNLOADED,water_4_334_low_density_-77.4071538404494_43.259005704177646
permanent_mask,v1.1/data/perm_water/JRCPerm/water_4_334_low_density_-80.55073536020875_41.95626595411027.tif,data/external/sen1floods11/permanent_mask/water_4_334_low_density_-80.55073536020875_41.95626595411027.tif,7041,DOWNLOADED,water_4_334_low_density_-80.55073536020875_41.95626595411027
permanent_mask,v1.1/data/perm_water/JRCPerm/water_4_334_rural_-76.12512661477528_44.270610746465536.tif,data/external/sen1floods11/permanent_mask/water_4_334_rural_-76.12512661477528_44.270610746465536.tif,9045,DOWNLOADED,water_4_334_rural_-76.12512661477528_44.270610746465536
permanent_mask,v1.1/data/perm_water/JRCPerm/water_4_334_rural_-81.93371217463181_41.46913145952657.tif,data/external/sen1floods11/permanent_mask/water_4_334_rural_-81.93371217463181_41.46913145952657.tif,3916,DOWNLOADED,water_4_334_rural_-81.93371217463181_41.46913145952657
permanent_mask,v1.1/data/perm_water/JRCPerm/water_4_335_rural_-64.01948772926356_46.065523775307.tif,data/external/sen1floods11/permanent_mask/water_4_335_rural_-64.01948772926356_46.065523775307.tif,5065,DOWNLOADED,water_4_335_rural_-64.01948772926356_46.065523775307
permanent_mask,v1.1/data/perm_water/JRCPerm/water_4_336_rural_-87.04830108293423_34.687240076330205.tif,data/external/sen1floods11/permanent_mask/water_4_336_rural_-87.04830108293423_34.687240076330205.tif,7332,DOWNLOADED,water_4_336_rural_-87.04830108293423_34.687240076330205
permanent_mask,v1.1/data/perm_water/JRCPerm/water_4_337_low_density_-89.8657751653519_29.97121007928583.tif,data/external/sen1floods11/permanent_mask/water_4_337_low_density_-89.8657751653519_29.97121007928583.tif,19971,DOWNLOADED,water_4_337_low_density_-89.8657751653519_29.97121007928583
permanent_mask,v1.1/data/perm_water/JRCPerm/water_4_337_rural_-91.13685083883874_29.937392256896494.tif,data/external/sen1floods11/permanent_mask/water_4_337_rural_-91.13685083883874_29.937392256896494.tif,7099,DOWNLOADED,water_4_337_rural_-91.13685083883874_29.937392256896494
permanent_mask,v1.1/data/perm_water/JRCPerm/water_4_338_rural_-67.01062596130873_44.91723836752888.tif,data/external/sen1floods11/permanent_mask/water_4_338_rural_-67.01062596130873_44.91723836752888.tif,13497,DOWNLOADED,water_4_338_rural_-67.01062596130873_44.91723836752888
permanent_mask,v1.1/data/perm_water/JRCPerm/water_4_340_inhabited_-94.82582500844505_36.591682004347454.tif,data/external/sen1floods11/permanent_mask/water_4_340_inhabited_-94.82582500844505_36.591682004347454.tif,9672,DOWNLOADED,water_4_340_inhabited_-94.82582500844505_36.591682004347454
permanent_mask,v1.1/data/perm_water/JRCPerm/water_4_341_rural_-92.14135253314852_35.4974409013371.tif,data/external/sen1floods11/permanent_mask/water_4_341_rural_-92.14135253314852_35.4974409013371.tif,9777,DOWNLOADED,water_4_341_rural_-92.14135253314852_35.4974409013371
permanent_mask,v1.1/data/perm_water/JRCPerm/water_4_341_rural_-95.67494932654748_35.061398786623805.tif,data/external/sen1floods11/permanent_mask/water_4_341_rural_-95.67494932654748_35.061398786623805.tif,9749,DOWNLOADED,water_4_341_rural_-95.67494932654748_35.061398786623805
permanent_mask,v1.1/data/perm_water/JRCPerm/water_4_343_rural_-87.20536399933975_45.1336207052484.tif,data/external/sen1floods11/permanent_mask/water_4_343_rural_-87.20536399933975_45.1336207052484.tif,3665,DOWNLOADED,water_4_343_rural_-87.20536399933975_45.1336207052484
permanent_mask,v1.1/data/perm_water/JRCPerm/water_4_343_rural_-89.98569376998222_44.12682703299717.tif,data/external/sen1floods11/permanent_mask/water_4_343_rural_-89.98569376998222_44.12682703299717.tif,7008,DOWNLOADED,water_4_343_rural_-89.98569376998222_44.12682703299717
permanent_mask,v1.1/data/perm_water/JRCPerm/water_4_344_rural_-85.54103574484846_45.59859792669752.tif,data/external/sen1floods11/permanent_mask/water_4_344_rural_-85.54103574484846_45.59859792669752.tif,6687,DOWNLOADED,water_4_344_rural_-85.54103574484846_45.59859792669752
permanent_mask,v1.1/data/perm_water/JRCPerm/water_4_344_rural_-90.7418948812319_46.79086790726683.tif,data/external/sen1floods11/permanent_mask/water_4_344_rural_-90.7418948812319_46.79086790726683.tif,5830,DOWNLOADED,water_4_344_rural_-90.7418948812319_46.79086790726683
permanent_mask,v1.1/data/perm_water/JRCPerm/water_4_344_rural_-90.74668841486434_46.859832364159416.tif,data/external/sen1floods11/permanent_mask/water_4_344_rural_-90.74668841486434_46.859832364159416.tif,8318,DOWNLOADED,water_4_344_rural_-90.74668841486434_46.859832364159416
permanent_mask,v1.1/data/perm_water/JRCPerm/water_4_561_rural_-68.26965760285023_-55.028597816099584.tif,data/external/sen1floods11/permanent_mask/water_4_561_rural_-68.26965760285023_-55.028597816099584.tif,9695,DOWNLOADED,water_4_561_rural_-68.26965760285023_-55.028597816099584
permanent_mask,v1.1/data/perm_water/JRCPerm/water_4_561_rural_-69.01624489222867_-54.036153531038345.tif,data/external/sen1floods11/permanent_mask/water_4_561_rural_-69.01624489222867_-54.036153531038345.tif,6304,DOWNLOADED,water_4_561_rural_-69.01624489222867_-54.036153531038345
permanent_mask,v1.1/data/perm_water/JRCPerm/water_4_561_rural_-71.25693425338312_-54.733717463435205.tif,data/external/sen1floods11/permanent_mask/water_4_561_rural_-71.25693425338312_-54.733717463435205.tif,10688,DOWNLOADED,water_4_561_rural_-71.25693425338312_-54.733717463435205
permanent_mask,v1.1/data/perm_water/JRCPerm/water_4_563_rural_-72.9850945394545_-41.24805814749883.tif,data/external/sen1floods11/permanent_mask/water_4_563_rural_-72.9850945394545_-41.24805814749883.tif,7609,DOWNLOADED,water_4_563_rural_-72.9850945394545_-41.24805814749883
permanent_mask,v1.1/data/perm_water/JRCPerm/water_4_563_rural_-73.0780132872062_-41.81172865256387.tif,data/external/sen1floods11/permanent_mask/water_4_563_rural_-73.0780132872062_-41.81172865256387.tif,9407,DOWNLOADED,water_4_563_rural_-73.0780132872062_-41.81172865256387
permanent_mask,v1.1/data/perm_water/JRCPerm/water_4_563_rural_-73.25155704110526_-42.65184558653834.tif,data/external/sen1floods11/permanent_mask/water_4_563_rural_-73.25155704110526_-42.65184558653834.tif,7194,DOWNLOADED,water_4_563_rural_-73.25155704110526_-42.65184558653834
permanent_mask,v1.1/data/perm_water/JRCPerm/water_4_645_rural_-27.24525012778802_38.78998315088785.tif,data/external/sen1floods11/permanent_mask/water_4_645_rural_-27.24525012778802_38.78998315088785.tif,5823,DOWNLOADED,water_4_645_rural_-27.24525012778802_38.78998315088785
permanent_mask,v1.1/data/perm_water/JRCPerm/water_4_646_inhabited_27.627337119754642_42.585008120848244.tif,data/external/sen1floods11/permanent_mask/water_4_646_inhabited_27.627337119754642_42.585008120848244.tif,11734,DOWNLOADED,water_4_646_inhabited_27.627337119754642_42.585008120848244
permanent_mask,v1.1/data/perm_water/JRCPerm/water_4_646_rural_27.62595479842808_42.446686806170355.tif,data/external/sen1floods11/permanent_mask/water_4_646_rural_27.62595479842808_42.446686806170355.tif,7124,DOWNLOADED,water_4_646_rural_27.62595479842808_42.446686806170355
permanent_mask,v1.1/data/perm_water/JRCPerm/water_4_647_rural_10.554723407213768_55.48541934172195.tif,data/external/sen1floods11/permanent_mask/water_4_647_rural_10.554723407213768_55.48541934172195.tif,7400,DOWNLOADED,water_4_647_rural_10.554723407213768_55.48541934172195
permanent_mask,v1.1/data/perm_water/JRCPerm/water_4_647_rural_16.085319689196364_54.24096896062523.tif,data/external/sen1floods11/permanent_mask/water_4_647_rural_16.085319689196364_54.24096896062523.tif,5695,DOWNLOADED,water_4_647_rural_16.085319689196364_54.24096896062523
permanent_mask,v1.1/data/perm_water/JRCPerm/water_4_648_high_density_-5.620790518990652_43.53394495693101.tif,data/external/sen1floods11/permanent_mask/water_4_648_high_density_-5.620790518990652_43.53394495693101.tif,5107,DOWNLOADED,water_4_648_high_density_-5.620790518990652_43.53394495693101
permanent_mask,v1.1/data/perm_water/JRCPerm/water_4_648_low_density_-8.694761012204637_41.18180928314779.tif,data/external/sen1floods11/permanent_mask/water_4_648_low_density_-8.694761012204637_41.18180928314779.tif,7084,DOWNLOADED,water_4_648_low_density_-8.694761012204637_41.18180928314779
permanent_mask,v1.1/data/perm_water/JRCPerm/water_4_648_low_density_-8.782627598462788_42.28879449696889.tif,data/external/sen1floods11/permanent_mask/water_4_648_low_density_-8.782627598462788_42.28879449696889.tif,3212,DOWNLOADED,water_4_648_low_density_-8.782627598462788_42.28879449696889
permanent_mask,v1.1/data/perm_water/JRCPerm/water_4_648_low_density_-8.7962278566758_42.26012247719523.tif,data/external/sen1floods11/permanent_mask/water_4_648_low_density_-8.7962278566758_42.26012247719523.tif,6518,DOWNLOADED,water_4_648_low_density_-8.7962278566758_42.26012247719523
permanent_mask,v1.1/data/perm_water/JRCPerm/water_4_648_low_density_-8.982381948354005_42.53697022519948.tif,data/external/sen1floods11/permanent_mask/water_4_648_low_density_-8.982381948354005_42.53697022519948.tif,7641,DOWNLOADED,water_4_648_low_density_-8.982381948354005_42.53697022519948
permanent_mask,v1.1/data/perm_water/JRCPerm/water_4_648_rural_-1.2403301717233455_45.94372788913318.tif,data/external/sen1floods11/permanent_mask/water_4_648_rural_-1.2403301717233455_45.94372788913318.tif,9307,DOWNLOADED,water_4_648_rural_-1.2403301717233455_45.94372788913318
permanent_mask,v1.1/data/perm_water/JRCPerm/water_4_650_inhabited_45.38933231425931_40.17591189020831.tif,data/external/sen1floods11/permanent_mask/water_4_650_inhabited_45.38933231425931_40.17591189020831.tif,5674,DOWNLOADED,water_4_650_inhabited_45.38933231425931_40.17591189020831
permanent_mask,v1.1/data/perm_water/JRCPerm/water_4_651_high_density_-1.3351262010185512_54.84937762655949.tif,data/external/sen1floods11/permanent_mask/water_4_651_high_density_-1.3351262010185512_54.84937762655949.tif,8447,DOWNLOADED,water_4_651_high_density_-1.3351262010185512_54.84937762655949
permanent_mask,v1.1/data/perm_water/JRCPerm/water_4_651_high_density_-2.0659951591835974_57.12767058689764.tif,data/external/sen1floods11/permanent_mask/water_4_651_high_density_-2.0659951591835974_57.12767058689764.tif,10518,DOWNLOADED,water_4_651_high_density_-2.0659951591835974_57.12767058689764
permanent_mask,v1.1/data/perm_water/JRCPerm/water_4_651_low_density_-1.4467285821841946_55.05793424193019.tif,data/external/sen1floods11/permanent_mask/water_4_651_low_density_-1.4467285821841946_55.05793424193019.tif,9693,DOWNLOADED,water_4_651_low_density_-1.4467285821841946_55.05793424193019
permanent_mask,v1.1/data/perm_water/JRCPerm/water_4_651_low_density_-1.9106311602794361_55.684112425562446.tif,data/external/sen1floods11/permanent_mask/water_4_651_low_density_-1.9106311602794361_55.684112425562446.tif,6582,DOWNLOADED,water_4_651_low_density_-1.9106311602794361_55.684112425562446
permanent_mask,v1.1/data/perm_water/JRCPerm/water_4_651_low_density_-5.496903314422765_50.12782280330989.tif,data/external/sen1floods11/permanent_mask/water_4_651_low_density_-5.496903314422765_50.12782280330989.tif,6026,DOWNLOADED,water_4_651_low_density_-5.496903314422765_50.12782280330989
permanent_mask,v1.1/data/perm_water/JRCPerm/water_4_651_low_density_0.28483845709201583_53.27372305561701.tif,data/external/sen1floods11/permanent_mask/water_4_651_low_density_0.28483845709201583_53.27372305561701.tif,6211,DOWNLOADED,water_4_651_low_density_0.28483845709201583_53.27372305561701
permanent_mask,v1.1/data/perm_water/JRCPerm/water_4_651_low_density_1.7285170141556534_52.66277716118333.tif,data/external/sen1floods11/permanent_mask/water_4_651_low_density_1.7285170141556534_52.66277716118333.tif,8003,DOWNLOADED,water_4_651_low_density_1.7285170141556534_52.66277716118333
permanent_mask,v1.1/data/perm_water/JRCPerm/water_4_651_rural_-6.550089474034039_54.581523885380044.tif,data/external/sen1floods11/permanent_mask/water_4_651_rural_-6.550089474034039_54.581523885380044.tif,8280,DOWNLOADED,water_4_651_rural_-6.550089474034039_54.581523885380044
permanent_mask,v1.1/data/perm_water/JRCPerm/water_4_652_inhabited_31.59183914345336_37.812561577275666.tif,data/external/sen1floods11/permanent_mask/water_4_652_inhabited_31.59183914345336_37.812561577275666.tif,10473,DOWNLOADED,water_4_652_inhabited_31.59183914345336_37.812561577275666
permanent_mask,v1.1/data/perm_water/JRCPerm/water_4_654_rural_19.27532045092207_54.30810964518696.tif,data/external/sen1floods11/permanent_mask/water_4_654_rural_19.27532045092207_54.30810964518696.tif,9308,DOWNLOADED,water_4_654_rural_19.27532045092207_54.30810964518696
permanent_mask,v1.1/data/perm_water/JRCPerm/water_4_654_rural_21.703265301714925_53.78544057430835.tif,data/external/sen1floods11/permanent_mask/water_4_654_rural_21.703265301714925_53.78544057430835.tif,6749,DOWNLOADED,water_4_654_rural_21.703265301714925_53.78544057430835
permanent_mask,v1.1/data/perm_water/JRCPerm/water_4_654_rural_30.489388835403616_50.88838491538983.tif,data/external/sen1floods11/permanent_mask/water_4_654_rural_30.489388835403616_50.88838491538983.tif,5986,DOWNLOADED,water_4_654_rural_30.489388835403616_50.88838491538983
permanent_mask,v1.1/data/perm_water/JRCPerm/water_4_655_low_density_125.21374254027646_38.74918237624882.tif,data/external/sen1floods11/permanent_mask/water_4_655_low_density_125.21374254027646_38.74918237624882.tif,17605,DOWNLOADED,water_4_655_low_density_125.21374254027646_38.74918237624882
permanent_mask,v1.1/data/perm_water/JRCPerm/water_4_655_low_density_125.61582414136673_37.766013021378754.tif,data/external/sen1floods11/permanent_mask/water_4_655_low_density_125.61582414136673_37.766013021378754.tif,8119,DOWNLOADED,water_4_655_low_density_125.61582414136673_37.766013021378754
permanent_mask,v1.1/data/perm_water/JRCPerm/water_4_655_low_density_128.63960745222417_40.17412824978694.tif,data/external/sen1floods11/permanent_mask/water_4_655_low_density_128.63960745222417_40.17412824978694.tif,6763,DOWNLOADED,water_4_655_low_density_128.63960745222417_40.17412824978694
permanent_mask,v1.1/data/perm_water/JRCPerm/water_4_655_rural_125.35666564724148_37.84069404582187.tif,data/external/sen1floods11/permanent_mask/water_4_655_rural_125.35666564724148_37.84069404582187.tif,10637,DOWNLOADED,water_4_655_rural_125.35666564724148_37.84069404582187
permanent_mask,v1.1/data/perm_water/JRCPerm/water_4_655_rural_127.73919901290604_39.84822593109373.tif,data/external/sen1floods11/permanent_mask/water_4_655_rural_127.73919901290604_39.84822593109373.tif,6095,DOWNLOADED,water_4_655_rural_127.73919901290604_39.84822593109373
permanent_mask,v1.1/data/perm_water/JRCPerm/water_4_655_rural_129.38216817335135_36.25324069349197.tif,data/external/sen1floods11/permanent_mask/water_4_655_rural_129.38216817335135_36.25324069349197.tif,7386,DOWNLOADED,water_4_655_rural_129.38216817335135_36.25324069349197
permanent_mask,v1.1/data/perm_water/JRCPerm/water_4_657_high_density_119.06050860089807_29.565632542969656.tif,data/external/sen1floods11/permanent_mask/water_4_657_high_density_119.06050860089807_29.565632542969656.tif,12299,DOWNLOADED,water_4_657_high_density_119.06050860089807_29.565632542969656
permanent_mask,v1.1/data/perm_water/JRCPerm/water_4_657_high_density_120.84802398109187_31.988409295641567.tif,data/external/sen1floods11/permanent_mask/water_4_657_high_density_120.84802398109187_31.988409295641567.tif,9354,DOWNLOADED,water_4_657_high_density_120.84802398109187_31.988409295641567
permanent_mask,v1.1/data/perm_water/JRCPerm/water_4_657_low_density_116.50267905462042_30.17911120680169.tif,data/external/sen1floods11/permanent_mask/water_4_657_low_density_116.50267905462042_30.17911120680169.tif,10749,DOWNLOADED,water_4_657_low_density_116.50267905462042_30.17911120680169
permanent_mask,v1.1/data/perm_water/JRCPerm/water_4_657_low_density_119.13973790841565_29.56437953557364.tif,data/external/sen1floods11/permanent_mask/water_4_657_low_density_119.13973790841565_29.56437953557364.tif,7704,DOWNLOADED,water_4_657_low_density_119.13973790841565_29.56437953557364
permanent_mask,v1.1/data/perm_water/JRCPerm/water_4_657_low_density_120.84486247844494_31.238210134409826.tif,data/external/sen1floods11/permanent_mask/water_4_657_low_density_120.84486247844494_31.238210134409826.tif,9947,DOWNLOADED,water_4_657_low_density_120.84486247844494_31.238210134409826
permanent_mask,v1.1/data/perm_water/JRCPerm/water_4_657_low_density_120.93082056945221_31.920519482102858.tif,data/external/sen1floods11/permanent_mask/water_4_657_low_density_120.93082056945221_31.920519482102858.tif,6929,DOWNLOADED,water_4_657_low_density_120.93082056945221_31.920519482102858
permanent_mask,v1.1/data/perm_water/JRCPerm/water_4_657_low_density_121.80967817337904_31.458627958582714.tif,data/external/sen1floods11/permanent_mask/water_4_657_low_density_121.80967817337904_31.458627958582714.tif,13777,DOWNLOADED,water_4_657_low_density_121.80967817337904_31.458627958582714
permanent_mask,v1.1/data/perm_water/JRCPerm/water_4_657_low_density_122.21444415330349_30.08914438394736.tif,data/external/sen1floods11/permanent_mask/water_4_657_low_density_122.21444415330349_30.08914438394736.tif,11235,DOWNLOADED,water_4_657_low_density_122.21444415330349_30.08914438394736
permanent_mask,v1.1/data/perm_water/JRCPerm/water_4_657_rural_112.89901194726758_29.42947835140374.tif,data/external/sen1floods11/permanent_mask/water_4_657_rural_112.89901194726758_29.42947835140374.tif,8895,DOWNLOADED,water_4_657_rural_112.89901194726758_29.42947835140374
permanent_mask,v1.1/data/perm_water/JRCPerm/water_4_657_rural_120.44754765638082_31.023138772400035.tif,data/external/sen1floods11/permanent_mask/water_4_657_rural_120.44754765638082_31.023138772400035.tif,10059,DOWNLOADED,water_4_657_rural_120.44754765638082_31.023138772400035
permanent_mask,v1.1/data/perm_water/JRCPerm/water_4_658_high_density_37.818523395384126_44.66300718006772.tif,data/external/sen1floods11/permanent_mask/water_4_658_high_density_37.818523395384126_44.66300718006772.tif,6526,DOWNLOADED,water_4_658_high_density_37.818523395384126_44.66300718006772
permanent_mask,v1.1/data/perm_water/JRCPerm/water_4_658_low_density_39.033204817848045_44.08776530776899.tif,data/external/sen1floods11/permanent_mask/water_4_658_low_density_39.033204817848045_44.08776530776899.tif,6290,DOWNLOADED,water_4_658_low_density_39.033204817848045_44.08776530776899
permanent_mask,v1.1/data/perm_water/JRCPerm/water_4_658_rural_38.84096851233296_44.22595284941528.tif,data/external/sen1floods11/permanent_mask/water_4_658_rural_38.84096851233296_44.22595284941528.tif,7836,DOWNLOADED,water_4_658_rural_38.84096851233296_44.22595284941528
permanent_mask,v1.1/data/perm_water/JRCPerm/water_4_659_inhabited_112.03660842622801_31.009119358687997.tif,data/external/sen1floods11/permanent_mask/water_4_659_inhabited_112.03660842622801_31.009119358687997.tif,13976,DOWNLOADED,water_4_659_inhabited_112.03660842622801_31.009119358687997
permanent_mask,v1.1/data/perm_water/JRCPerm/water_4_661_high_density_48.449412707691806_54.29863851454943.tif,data/external/sen1floods11/permanent_mask/water_4_661_high_density_48.449412707691806_54.29863851454943.tif,7446,DOWNLOADED,water_4_661_high_density_48.449412707691806_54.29863851454943
permanent_mask,v1.1/data/perm_water/JRCPerm/water_4_661_low_density_31.50030271702822_50.00780163935534.tif,data/external/sen1floods11/permanent_mask/water_4_661_low_density_31.50030271702822_50.00780163935534.tif,7928,DOWNLOADED,water_4_661_low_density_31.50030271702822_50.00780163935534
permanent_mask,v1.1/data/perm_water/JRCPerm/water_4_661_low_density_49.34845220298651_55.174133956281956.tif,data/external/sen1floods11/permanent_mask/water_4_661_low_density_49.34845220298651_55.174133956281956.tif,7080,DOWNLOADED,water_4_661_low_density_49.34845220298651_55.174133956281956
permanent_mask,v1.1/data/perm_water/JRCPerm/water_4_661_rural_48.862548420293564_53.66441611261678.tif,data/external/sen1floods11/permanent_mask/water_4_661_rural_48.862548420293564_53.66441611261678.tif,8284,DOWNLOADED,water_4_661_rural_48.862548420293564_53.66441611261678
permanent_mask,v1.1/data/perm_water/JRCPerm/water_4_663_low_density_-2.700467270775251_51.56661418561895.tif,data/external/sen1floods11/permanent_mask/water_4_663_low_density_-2.700467270775251_51.56661418561895.tif,13974,DOWNLOADED,water_4_663_low_density_-2.700467270775251_51.56661418561895
permanent_mask,v1.1/data/perm_water/JRCPerm/water_4_663_low_density_1.1254904831929_51.80532324231306.tif,data/external/sen1floods11/permanent_mask/water_4_663_low_density_1.1254904831929_51.80532324231306.tif,6489,DOWNLOADED,water_4_663_low_density_1.1254904831929_51.80532324231306
permanent_mask,v1.1/data/perm_water/JRCPerm/water_4_663_low_density_1.7344922095672706_52.45569650826131.tif,data/external/sen1floods11/permanent_mask/water_4_663_low_density_1.7344922095672706_52.45569650826131.tif,9859,DOWNLOADED,water_4_663_low_density_1.7344922095672706_52.45569650826131
permanent_mask,v1.1/data/perm_water/JRCPerm/water_4_663_rural_1.7305191505286506_52.593750276875994.tif,data/external/sen1floods11/permanent_mask/water_4_663_rural_1.7305191505286506_52.593750276875994.tif,10051,DOWNLOADED,water_4_663_rural_1.7305191505286506_52.593750276875994
permanent_mask,v1.1/data/perm_water/JRCPerm/water_4_664_low_density_4.096081177583795_51.97402887156913.tif,data/external/sen1floods11/permanent_mask/water_4_664_low_density_4.096081177583795_51.97402887156913.tif,13745,DOWNLOADED,water_4_664_low_density_4.096081177583795_51.97402887156913
permanent_mask,v1.1/data/perm_water/JRCPerm/water_4_664_low_density_5.2517241021000975_52.717258457854335.tif,data/external/sen1floods11/permanent_mask/water_4_664_low_density_5.2517241021000975_52.717258457854335.tif,6031,DOWNLOADED,water_4_664_low_density_5.2517241021000975_52.717258457854335
permanent_mask,v1.1/data/perm_water/JRCPerm/water_4_664_rural_-1.2928851367392582_49.579803742942445.tif,data/external/sen1floods11/permanent_mask/water_4_664_rural_-1.2928851367392582_49.579803742942445.tif,8011,DOWNLOADED,water_4_664_rural_-1.2928851367392582_49.579803742942445
permanent_mask,v1.1/data/perm_water/JRCPerm/water_4_665_low_density_40.266525282715385_40.946266188201626.tif,data/external/sen1floods11/permanent_mask/water_4_665_low_density_40.266525282715385_40.946266188201626.tif,5991,DOWNLOADED,water_4_665_low_density_40.266525282715385_40.946266188201626
permanent_mask,v1.1/data/perm_water/JRCPerm/water_4_665_rural_28.027742098848815_41.97143581589409.tif,data/external/sen1floods11/permanent_mask/water_4_665_rural_28.027742098848815_41.97143581589409.tif,7530,DOWNLOADED,water_4_665_rural_28.027742098848815_41.97143581589409
permanent_mask,v1.1/data/perm_water/JRCPerm/water_4_665_rural_35.185464355233826_42.02618019952724.tif,data/external/sen1floods11/permanent_mask/water_4_665_rural_35.185464355233826_42.02618019952724.tif,7576,DOWNLOADED,water_4_665_rural_35.185464355233826_42.02618019952724
permanent_mask,v1.1/data/perm_water/JRCPerm/water_4_666_low_density_141.67359996335594_42.63129804888406.tif,data/external/sen1floods11/permanent_mask/water_4_666_low_density_141.67359996335594_42.63129804888406.tif,6865,DOWNLOADED,water_4_666_low_density_141.67359996335594_42.63129804888406
permanent_mask,v1.1/data/perm_water/JRCPerm/water_4_666_rural_140.7372288740418_42.56381401354122.tif,data/external/sen1floods11/permanent_mask/water_4_666_rural_140.7372288740418_42.56381401354122.tif,6101,DOWNLOADED,water_4_666_rural_140.7372288740418_42.56381401354122
permanent_mask,v1.1/data/perm_water/JRCPerm/water_4_667_low_density_118.12599695672318_34.14347945746879.tif,data/external/sen1floods11/permanent_mask/water_4_667_low_density_118.12599695672318_34.14347945746879.tif,19445,DOWNLOADED,water_4_667_low_density_118.12599695672318_34.14347945746879
permanent_mask,v1.1/data/perm_water/JRCPerm/water_4_667_low_density_119.43106435754046_39.795898380231534.tif,data/external/sen1floods11/permanent_mask/water_4_667_low_density_119.43106435754046_39.795898380231534.tif,8981,DOWNLOADED,water_4_667_low_density_119.43106435754046_39.795898380231534
permanent_mask,v1.1/data/perm_water/JRCPerm/water_4_667_rural_118.20927958709838_34.142690196582336.tif,data/external/sen1floods11/permanent_mask/water_4_667_rural_118.20927958709838_34.142690196582336.tif,14956,DOWNLOADED,water_4_667_rural_118.20927958709838_34.142690196582336
permanent_mask,v1.1/data/perm_water/JRCPerm/water_4_668_inhabited_-16.355938073028945_33.06080972169214.tif,data/external/sen1floods11/permanent_mask/water_4_668_inhabited_-16.355938073028945_33.06080972169214.tif,8435,DOWNLOADED,water_4_668_inhabited_-16.355938073028945_33.06080972169214
permanent_mask,v1.1/data/perm_water/JRCPerm/water_4_669_rural_129.65915415348826_41.553591292579895.tif,data/external/sen1floods11/permanent_mask/water_4_669_rural_129.65915415348826_41.553591292579895.tif,7761,DOWNLOADED,water_4_669_rural_129.65915415348826_41.553591292579895
permanent_mask,v1.1/data/perm_water/JRCPerm/water_4_669_rural_129.99208847454273_41.95746099319259.tif,data/external/sen1floods11/permanent_mask/water_4_669_rural_129.99208847454273_41.95746099319259.tif,8408,DOWNLOADED,water_4_669_rural_129.99208847454273_41.95746099319259
permanent_mask,v1.1/data/perm_water/JRCPerm/water_4_670_inhabited_133.38276216097665_36.24062143751072.tif,data/external/sen1floods11/permanent_mask/water_4_670_inhabited_133.38276216097665_36.24062143751072.tif,7122,DOWNLOADED,water_4_670_inhabited_133.38276216097665_36.24062143751072
permanent_mask,v1.1/data/perm_water/JRCPerm/water_4_670_inhabited_136.10049953013188_35.70450371785492.tif,data/external/sen1floods11/permanent_mask/water_4_670_inhabited_136.10049953013188_35.70450371785492.tif,5868,DOWNLOADED,water_4_670_inhabited_136.10049953013188_35.70450371785492
permanent_mask,v1.1/data/perm_water/JRCPerm/water_4_670_inhabited_138.4912465599369_37.904833755374625.tif,data/external/sen1floods11/permanent_mask/water_4_670_inhabited_138.4912465599369_37.904833755374625.tif,6917,DOWNLOADED,water_4_670_inhabited_138.4912465599369_37.904833755374625
permanent_mask,v1.1/data/perm_water/JRCPerm/water_4_671_high_density_140.74036362208238_41.8029620598928.tif,data/external/sen1floods11/permanent_mask/water_4_671_high_density_140.74036362208238_41.8029620598928.tif,5314,DOWNLOADED,water_4_671_high_density_140.74036362208238_41.8029620598928
permanent_mask,v1.1/data/perm_water/JRCPerm/water_4_671_low_density_140.92534051108248_41.73406003041495.tif,data/external/sen1floods11/permanent_mask/water_4_671_low_density_140.92534051108248_41.73406003041495.tif,5647,DOWNLOADED,water_4_671_low_density_140.92534051108248_41.73406003041495
permanent_mask,v1.1/data/perm_water/JRCPerm/water_4_671_rural_140.36368997879464_42.49318631195569.tif,data/external/sen1floods11/permanent_mask/water_4_671_rural_140.36368997879464_42.49318631195569.tif,7157,DOWNLOADED,water_4_671_rural_140.36368997879464_42.49318631195569
permanent_mask,v1.1/data/perm_water/JRCPerm/water_4_672_rural_-6.577397008885342_57.93821476268566.tif,data/external/sen1floods11/permanent_mask/water_4_672_rural_-6.577397008885342_57.93821476268566.tif,10467,DOWNLOADED,water_4_672_rural_-6.577397008885342_57.93821476268566
permanent_mask,v1.1/data/perm_water/JRCPerm/water_4_673_high_density_120.94158929849634_40.69811721457736.tif,data/external/sen1floods11/permanent_mask/water_4_673_high_density_120.94158929849634_40.69811721457736.tif,6454,DOWNLOADED,water_4_673_high_density_120.94158929849634_40.69811721457736
permanent_mask,v1.1/data/perm_water/JRCPerm/water_4_673_rural_121.35260247899662_38.9952221950748.tif,data/external/sen1floods11/permanent_mask/water_4_673_rural_121.35260247899662_38.9952221950748.tif,8614,DOWNLOADED,water_4_673_rural_121.35260247899662_38.9952221950748
permanent_mask,v1.1/data/perm_water/JRCPerm/water_4_673_rural_121.42642735603748_39.3911324003071.tif,data/external/sen1floods11/permanent_mask/water_4_673_rural_121.42642735603748_39.3911324003071.tif,9555,DOWNLOADED,water_4_673_rural_121.42642735603748_39.3911324003071
permanent_mask,v1.1/data/perm_water/JRCPerm/water_4_674_rural_16.7291425356971_47.79550783370924.tif,data/external/sen1floods11/permanent_mask/water_4_674_rural_16.7291425356971_47.79550783370924.tif,11564,DOWNLOADED,water_4_674_rural_16.7291425356971_47.79550783370924
permanent_mask,v1.1/data/perm_water/JRCPerm/water_4_675_rural_12.098994824942094_44.57137265341941.tif,data/external/sen1floods11/permanent_mask/water_4_675_rural_12.098994824942094_44.57137265341941.tif,6270,DOWNLOADED,water_4_675_rural_12.098994824942094_44.57137265341941
permanent_mask,v1.1/data/perm_water/JRCPerm/water_4_675_rural_12.490111496541934_44.10523606569639.tif,data/external/sen1floods11/permanent_mask/water_4_675_rural_12.490111496541934_44.10523606569639.tif,5012,DOWNLOADED,water_4_675_rural_12.490111496541934_44.10523606569639
permanent_mask,v1.1/data/perm_water/JRCPerm/water_4_681_inhabited_127.91764331886287_34.91221510177971.tif,data/external/sen1floods11/permanent_mask/water_4_681_inhabited_127.91764331886287_34.91221510177971.tif,7985,DOWNLOADED,water_4_681_inhabited_127.91764331886287_34.91221510177971
permanent_mask,v1.1/data/perm_water/JRCPerm/water_4_681_low_density_126.51073896818698_33.22711635458146.tif,data/external/sen1floods11/permanent_mask/water_4_681_low_density_126.51073896818698_33.22711635458146.tif,6563,DOWNLOADED,water_4_681_low_density_126.51073896818698_33.22711635458146
permanent_mask,v1.1/data/perm_water/JRCPerm/water_4_681_rural_127.83456134803505_34.8421982970385.tif,data/external/sen1floods11/permanent_mask/water_4_681_rural_127.83456134803505_34.8421982970385.tif,5819,DOWNLOADED,water_4_681_rural_127.83456134803505_34.8421982970385
permanent_mask,v1.1/data/perm_water/JRCPerm/water_4_681_rural_128.59086947771002_34.77783563243306.tif,data/external/sen1floods11/permanent_mask/water_4_681_rural_128.59086947771002_34.77783563243306.tif,6575,DOWNLOADED,water_4_681_rural_128.59086947771002_34.77783563243306
permanent_mask,v1.1/data/perm_water/JRCPerm/water_4_682_high_density_131.4435035719341_31.86652422744668.tif,data/external/sen1floods11/permanent_mask/water_4_682_high_density_131.4435035719341_31.86652422744668.tif,7769,DOWNLOADED,water_4_682_high_density_131.4435035719341_31.86652422744668
permanent_mask,v1.1/data/perm_water/JRCPerm/water_4_682_high_density_131.90654108442496_33.98138221597393.tif,data/external/sen1floods11/permanent_mask/water_4_682_high_density_131.90654108442496_33.98138221597393.tif,5889,DOWNLOADED,water_4_682_high_density_131.90654108442496_33.98138221597393
permanent_mask,v1.1/data/perm_water/JRCPerm/water_4_682_high_density_132.648339299272_34.20553230772856.tif,data/external/sen1floods11/permanent_mask/water_4_682_high_density_132.648339299272_34.20553230772856.tif,7259,DOWNLOADED,water_4_682_high_density_132.648339299272_34.20553230772856
permanent_mask,v1.1/data/perm_water/JRCPerm/water_4_682_high_density_136.68017374887776_35.005405854695674.tif,data/external/sen1floods11/permanent_mask/water_4_682_high_density_136.68017374887776_35.005405854695674.tif,8942,DOWNLOADED,water_4_682_high_density_136.68017374887776_35.005405854695674
permanent_mask,v1.1/data/perm_water/JRCPerm/water_4_682_high_density_138.8717951620401_35.09365592364442.tif,data/external/sen1floods11/permanent_mask/water_4_682_high_density_138.8717951620401_35.09365592364442.tif,6535,DOWNLOADED,water_4_682_high_density_138.8717951620401_35.09365592364442
permanent_mask,v1.1/data/perm_water/JRCPerm/water_4_682_low_density_129.15803591800096_32.973130417678234.tif,data/external/sen1floods11/permanent_mask/water_4_682_low_density_129.15803591800096_32.973130417678234.tif,6544,DOWNLOADED,water_4_682_low_density_129.15803591800096_32.973130417678234
permanent_mask,v1.1/data/perm_water/JRCPerm/water_4_682_low_density_130.05307559965073_32.2067536378246.tif,data/external/sen1floods11/permanent_mask/water_4_682_low_density_130.05307559965073_32.2067536378246.tif,8121,DOWNLOADED,water_4_682_low_density_130.05307559965073_32.2067536378246
permanent_mask,v1.1/data/perm_water/JRCPerm/water_4_682_low_density_132.47970055653175_34.27141998489427.tif,data/external/sen1floods11/permanent_mask/water_4_682_low_density_132.47970055653175_34.27141998489427.tif,8060,DOWNLOADED,water_4_682_low_density_132.47970055653175_34.27141998489427
permanent_mask,v1.1/data/perm_water/JRCPerm/water_4_682_low_density_133.22718412522192_34.423020502509324.tif,data/external/sen1floods11/permanent_mask/water_4_682_low_density_133.22718412522192_34.423020502509324.tif,7983,DOWNLOADED,water_4_682_low_density_133.22718412522192_34.423020502509324
permanent_mask,v1.1/data/perm_water/JRCPerm/water_4_682_low_density_136.18130735942245_35.42676860874104.tif,data/external/sen1floods11/permanent_mask/water_4_682_low_density_136.18130735942245_35.42676860874104.tif,6465,DOWNLOADED,water_4_682_low_density_136.18130735942245_35.42676860874104
permanent_mask,v1.1/data/perm_water/JRCPerm/water_4_682_low_density_140.43074594043637_35.466307457781944.tif,data/external/sen1floods11/permanent_mask/water_4_682_low_density_140.43074594043637_35.466307457781944.tif,7396,DOWNLOADED,water_4_682_low_density_140.43074594043637_35.466307457781944
permanent_mask,v1.1/data/perm_water/JRCPerm/water_4_682_rural_129.3593375759577_34.306312450637485.tif,data/external/sen1floods11/permanent_mask/water_4_682_rural_129.3593375759577_34.306312450637485.tif,12659,DOWNLOADED,water_4_682_rural_129.3593375759577_34.306312450637485
permanent_mask,v1.1/data/perm_water/JRCPerm/water_4_682_rural_134.22932249597335_34.50270017923335.tif,data/external/sen1floods11/permanent_mask/water_4_682_rural_134.22932249597335_34.50270017923335.tif,4227,DOWNLOADED,water_4_682_rural_134.22932249597335_34.50270017923335
permanent_mask,v1.1/data/perm_water/JRCPerm/water_4_683_rural_138.53544071047762_35.10394306977472.tif,data/external/sen1floods11/permanent_mask/water_4_683_rural_138.53544071047762_35.10394306977472.tif,4992,DOWNLOADED,water_4_683_rural_138.53544071047762_35.10394306977472
permanent_mask,v1.1/data/perm_water/JRCPerm/water_4_683_rural_141.30718225249115_40.72629873323513.tif,data/external/sen1floods11/permanent_mask/water_4_683_rural_141.30718225249115_40.72629873323513.tif,7950,DOWNLOADED,water_4_683_rural_141.30718225249115_40.72629873323513
permanent_mask,v1.1/data/perm_water/JRCPerm/water_4_685_rural_131.89133109073165_42.96269398007511.tif,data/external/sen1floods11/permanent_mask/water_4_685_rural_131.89133109073165_42.96269398007511.tif,7670,DOWNLOADED,water_4_685_rural_131.89133109073165_42.96269398007511
permanent_mask,v1.1/data/perm_water/JRCPerm/water_4_685_rural_136.81698342829853_50.07481746908758.tif,data/external/sen1floods11/permanent_mask/water_4_685_rural_136.81698342829853_50.07481746908758.tif,15993,DOWNLOADED,water_4_685_rural_136.81698342829853_50.07481746908758
permanent_mask,v1.1/data/perm_water/JRCPerm/water_4_686_low_density_6.366535038269994_46.4171818616849.tif,data/external/sen1floods11/permanent_mask/water_4_686_low_density_6.366535038269994_46.4171818616849.tif,4158,DOWNLOADED,water_4_686_low_density_6.366535038269994_46.4171818616849
permanent_mask,v1.1/data/perm_water/JRCPerm/water_4_686_low_density_6.46316821719922_46.48848734663055.tif,data/external/sen1floods11/permanent_mask/water_4_686_low_density_6.46316821719922_46.48848734663055.tif,5468,DOWNLOADED,water_4_686_low_density_6.46316821719922_46.48848734663055
permanent_mask,v1.1/data/perm_water/JRCPerm/water_4_686_rural_13.546062298806344_47.937530202261485.tif,data/external/sen1floods11/permanent_mask/water_4_686_rural_13.546062298806344_47.937530202261485.tif,5727,DOWNLOADED,water_4_686_rural_13.546062298806344_47.937530202261485
permanent_mask,v1.1/data/perm_water/JRCPerm/water_4_686_rural_6.944858149396658_46.981976060215416.tif,data/external/sen1floods11/permanent_mask/water_4_686_rural_6.944858149396658_46.981976060215416.tif,5290,DOWNLOADED,water_4_686_rural_6.944858149396658_46.981976060215416
permanent_mask,v1.1/data/perm_water/JRCPerm/water_4_687_inhabited_61.858179285062555_55.76357806543591.tif,data/external/sen1floods11/permanent_mask/water_4_687_inhabited_61.858179285062555_55.76357806543591.tif,16443,DOWNLOADED,water_4_687_inhabited_61.858179285062555_55.76357806543591
permanent_mask,v1.1/data/perm_water/JRCPerm/water_4_687_inhabited_71.62321819121632_56.169797712303776.tif,data/external/sen1floods11/permanent_mask/water_4_687_inhabited_71.62321819121632_56.169797712303776.tif,9008,DOWNLOADED,water_4_687_inhabited_71.62321819121632_56.169797712303776
permanent_mask,v1.1/data/perm_water/JRCPerm/water_5_347_low_density_-74.31144077049882_39.520303639623314.tif,data/external/sen1floods11/permanent_mask/water_5_347_low_density_-74.31144077049882_39.520303639623314.tif,19918,DOWNLOADED,water_5_347_low_density_-74.31144077049882_39.520303639623314
permanent_mask,v1.1/data/perm_water/JRCPerm/water_5_360_low_density_-131.57518974424448_55.31203611546081.tif,data/external/sen1floods11/permanent_mask/water_5_360_low_density_-131.57518974424448_55.31203611546081.tif,7446,DOWNLOADED,water_5_360_low_density_-131.57518974424448_55.31203611546081
permanent_mask,v1.1/data/perm_water/JRCPerm/water_5_364_low_density_-122.51286503220427_47.29484442652939.tif,data/external/sen1floods11/permanent_mask/water_5_364_low_density_-122.51286503220427_47.29484442652939.tif,7733,DOWNLOADED,water_5_364_low_density_-122.51286503220427_47.29484442652939
permanent_mask,v1.1/data/perm_water/JRCPerm/water_5_689_low_density_10.578695534477092_45.57039411253447.tif,data/external/sen1floods11/permanent_mask/water_5_689_low_density_10.578695534477092_45.57039411253447.tif,8028,DOWNLOADED,water_5_689_low_density_10.578695534477092_45.57039411253447
permanent_mask,v1.1/data/perm_water/JRCPerm/water_5_689_low_density_8.358473447157962_46.998626343548985.tif,data/external/sen1floods11/permanent_mask/water_5_689_low_density_8.358473447157962_46.998626343548985.tif,6536,DOWNLOADED,water_5_689_low_density_8.358473447157962_46.998626343548985
permanent_mask,v1.1/data/perm_water/JRCPerm/water_5_708_low_density_14.492546629309714_67.23378167352843.tif,data/external/sen1floods11/permanent_mask/water_5_708_low_density_14.492546629309714_67.23378167352843.tif,9327,DOWNLOADED,water_5_708_low_density_14.492546629309714_67.23378167352843
permanent_mask,v1.1/data/perm_water/JRCPerm/water_6_369_inhabited_-162.56716385938196_54.955437345115705.tif,data/external/sen1floods11/permanent_mask/water_6_369_inhabited_-162.56716385938196_54.955437345115705.tif,9345,DOWNLOADED,water_6_369_inhabited_-162.56716385938196_54.955437345115705
permanent_mask,v1.1/data/perm_water/JRCPerm/water_6_369_rural_-158.25694773100957_56.26665384628568.tif,data/external/sen1floods11/permanent_mask/water_6_369_rural_-158.25694773100957_56.26665384628568.tif,7471,DOWNLOADED,water_6_369_rural_-158.25694773100957_56.26665384628568
permanent_mask,v1.1/data/perm_water/JRCPerm/water_6_369_rural_-160.33139288668946_55.295532982462014.tif,data/external/sen1floods11/permanent_mask/water_6_369_rural_-160.33139288668946_55.295532982462014.tif,8690,DOWNLOADED,water_6_369_rural_-160.33139288668946_55.295532982462014
permanent_mask,v1.1/data/perm_water/JRCPerm/water_6_370_inhabited_-76.84328713493801_49.80858684069159.tif,data/external/sen1floods11/permanent_mask/water_6_370_inhabited_-76.84328713493801_49.80858684069159.tif,7779,DOWNLOADED,water_6_370_inhabited_-76.84328713493801_49.80858684069159
permanent_mask,v1.1/data/perm_water/JRCPerm/water_6_370_inhabited_-76.95854151986643_50.83157596796893.tif,data/external/sen1floods11/permanent_mask/water_6_370_inhabited_-76.95854151986643_50.83157596796893.tif,10118,DOWNLOADED,water_6_370_inhabited_-76.95854151986643_50.83157596796893
permanent_mask,v1.1/data/perm_water/JRCPerm/water_6_371_inhabited_-150.45847494874965_61.01236361994177.tif,data/external/sen1floods11/permanent_mask/water_6_371_inhabited_-150.45847494874965_61.01236361994177.tif,8348,DOWNLOADED,water_6_371_inhabited_-150.45847494874965_61.01236361994177
permanent_mask,v1.1/data/perm_water/JRCPerm/water_6_371_inhabited_-150.93200918512034_60.23995367636284.tif,data/external/sen1floods11/permanent_mask/water_6_371_inhabited_-150.93200918512034_60.23995367636284.tif,5918,DOWNLOADED,water_6_371_inhabited_-150.93200918512034_60.23995367636284
permanent_mask,v1.1/data/perm_water/JRCPerm/water_6_371_rural_-151.07035725440457_60.23577549867575.tif,data/external/sen1floods11/permanent_mask/water_6_371_rural_-151.07035725440457_60.23577549867575.tif,8694,DOWNLOADED,water_6_371_rural_-151.07035725440457_60.23577549867575
permanent_mask,v1.1/data/perm_water/JRCPerm/water_6_373_rural_-56.740968425340704_51.281597364484796.tif,data/external/sen1floods11/permanent_mask/water_6_373_rural_-56.740968425340704_51.281597364484796.tif,11802,DOWNLOADED,water_6_373_rural_-56.740968425340704_51.281597364484796
permanent_mask,v1.1/data/perm_water/JRCPerm/water_6_374_rural_-55.74757435175508_52.553591612788665.tif,data/external/sen1floods11/permanent_mask/water_6_374_rural_-55.74757435175508_52.553591612788665.tif,13082,DOWNLOADED,water_6_374_rural_-55.74757435175508_52.553591612788665
permanent_mask,v1.1/data/perm_water/JRCPerm/water_6_374_rural_-65.65178626088796_53.74004692558428.tif,data/external/sen1floods11/permanent_mask/water_6_374_rural_-65.65178626088796_53.74004692558428.tif,10432,DOWNLOADED,water_6_374_rural_-65.65178626088796_53.74004692558428
permanent_mask,v1.1/data/perm_water/JRCPerm/water_6_375_inhabited_-160.34674557161648_61.61515827764975.tif,data/external/sen1floods11/permanent_mask/water_6_375_inhabited_-160.34674557161648_61.61515827764975.tif,8402,DOWNLOADED,water_6_375_inhabited_-160.34674557161648_61.61515827764975
permanent_mask,v1.1/data/perm_water/JRCPerm/water_6_375_inhabited_-162.04167217753653_67.04616945580575.tif,data/external/sen1floods11/permanent_mask/water_6_375_inhabited_-162.04167217753653_67.04616945580575.tif,8637,DOWNLOADED,water_6_375_inhabited_-162.04167217753653_67.04616945580575
permanent_mask,v1.1/data/perm_water/JRCPerm/water_6_377_rural_-102.15882560903893_54.60211601404486.tif,data/external/sen1floods11/permanent_mask/water_6_377_rural_-102.15882560903893_54.60211601404486.tif,12133,DOWNLOADED,water_6_377_rural_-102.15882560903893_54.60211601404486
permanent_mask,v1.1/data/perm_water/JRCPerm/water_6_377_rural_-93.24181408212843_52.998239792535124.tif,data/external/sen1floods11/permanent_mask/water_6_377_rural_-93.24181408212843_52.998239792535124.tif,10254,DOWNLOADED,water_6_377_rural_-93.24181408212843_52.998239792535124
permanent_mask,v1.1/data/perm_water/JRCPerm/water_6_377_rural_-99.90340783710492_54.81749951312839.tif,data/external/sen1floods11/permanent_mask/water_6_377_rural_-99.90340783710492_54.81749951312839.tif,9933,DOWNLOADED,water_6_377_rural_-99.90340783710492_54.81749951312839
permanent_mask,v1.1/data/perm_water/JRCPerm/water_6_379_inhabited_-103.67206614253628_58.60550585803067.tif,data/external/sen1floods11/permanent_mask/water_6_379_inhabited_-103.67206614253628_58.60550585803067.tif,10686,DOWNLOADED,water_6_379_inhabited_-103.67206614253628_58.60550585803067
permanent_mask,v1.1/data/perm_water/JRCPerm/water_6_379_rural_-105.5636212685091_60.599134266217895.tif,data/external/sen1floods11/permanent_mask/water_6_379_rural_-105.5636212685091_60.599134266217895.tif,13666,DOWNLOADED,water_6_379_rural_-105.5636212685091_60.599134266217895
permanent_mask,v1.1/data/perm_water/JRCPerm/water_6_379_rural_-106.61091249652772_61.89128811038439.tif,data/external/sen1floods11/permanent_mask/water_6_379_rural_-106.61091249652772_61.89128811038439.tif,14858,DOWNLOADED,water_6_379_rural_-106.61091249652772_61.89128811038439
permanent_mask,v1.1/data/perm_water/JRCPerm/water_6_382_inhabited_-81.32788086910644_52.84282674351937.tif,data/external/sen1floods11/permanent_mask/water_6_382_inhabited_-81.32788086910644_52.84282674351937.tif,7573,DOWNLOADED,water_6_382_inhabited_-81.32788086910644_52.84282674351937
permanent_mask,v1.1/data/perm_water/JRCPerm/water_6_383_inhabited_-132.27607570692615_59.8366993316955.tif,data/external/sen1floods11/permanent_mask/water_6_383_inhabited_-132.27607570692615_59.8366993316955.tif,8652,DOWNLOADED,water_6_383_inhabited_-132.27607570692615_59.8366993316955
permanent_mask,v1.1/data/perm_water/JRCPerm/water_6_383_rural_-132.40220138022286_59.977245737799066.tif,data/external/sen1floods11/permanent_mask/water_6_383_rural_-132.40220138022286_59.977245737799066.tif,9024,DOWNLOADED,water_6_383_rural_-132.40220138022286_59.977245737799066
permanent_mask,v1.1/data/perm_water/JRCPerm/water_6_383_rural_-139.01497689686622_61.344018178993934.tif,data/external/sen1floods11/permanent_mask/water_6_383_rural_-139.01497689686622_61.344018178993934.tif,7151,DOWNLOADED,water_6_383_rural_-139.01497689686622_61.344018178993934
permanent_mask,v1.1/data/perm_water/JRCPerm/water_6_711_rural_-21.83272638259962_66.1816077298563.tif,data/external/sen1floods11/permanent_mask/water_6_711_rural_-21.83272638259962_66.1816077298563.tif,7562,DOWNLOADED,water_6_711_rural_-21.83272638259962_66.1816077298563
permanent_mask,v1.1/data/perm_water/JRCPerm/water_6_713_inhabited_150.20927808637785_45.99412019013816.tif,data/external/sen1floods11/permanent_mask/water_6_713_inhabited_150.20927808637785_45.99412019013816.tif,7253,DOWNLOADED,water_6_713_inhabited_150.20927808637785_45.99412019013816
permanent_mask,v1.1/data/perm_water/JRCPerm/water_6_713_inhabited_167.856843829649_54.698579747134055.tif,data/external/sen1floods11/permanent_mask/water_6_713_inhabited_167.856843829649_54.698579747134055.tif,7771,DOWNLOADED,water_6_713_inhabited_167.856843829649_54.698579747134055
permanent_mask,v1.1/data/perm_water/JRCPerm/water_6_715_inhabited_137.4255838355781_55.02087019397397.tif,data/external/sen1floods11/permanent_mask/water_6_715_inhabited_137.4255838355781_55.02087019397397.tif,6195,DOWNLOADED,water_6_715_inhabited_137.4255838355781_55.02087019397397
permanent_mask,v1.1/data/perm_water/JRCPerm/water_6_715_inhabited_138.51757309255646_53.96232419489644.tif,data/external/sen1floods11/permanent_mask/water_6_715_inhabited_138.51757309255646_53.96232419489644.tif,11795,DOWNLOADED,water_6_715_inhabited_138.51757309255646_53.96232419489644
permanent_mask,v1.1/data/perm_water/JRCPerm/water_6_716_inhabited_142.69589347086895_48.39927457544687.tif,data/external/sen1floods11/permanent_mask/water_6_716_inhabited_142.69589347086895_48.39927457544687.tif,5262,DOWNLOADED,water_6_716_inhabited_142.69589347086895_48.39927457544687
permanent_mask,v1.1/data/perm_water/JRCPerm/water_6_716_inhabited_142.7961340625504_53.72550579704898.tif,data/external/sen1floods11/permanent_mask/water_6_716_inhabited_142.7961340625504_53.72550579704898.tif,7213,DOWNLOADED,water_6_716_inhabited_142.7961340625504_53.72550579704898
permanent_mask,v1.1/data/perm_water/JRCPerm/water_6_716_inhabited_143.11747026176488_53.16787737391137.tif,data/external/sen1floods11/permanent_mask/water_6_716_inhabited_143.11747026176488_53.16787737391137.tif,13541,DOWNLOADED,water_6_716_inhabited_143.11747026176488_53.16787737391137
permanent_mask,v1.1/data/perm_water/JRCPerm/water_6_718_inhabited_106.81771222608336_52.405388930176336.tif,data/external/sen1floods11/permanent_mask/water_6_718_inhabited_106.81771222608336_52.405388930176336.tif,6101,DOWNLOADED,water_6_718_inhabited_106.81771222608336_52.405388930176336
permanent_mask,v1.1/data/perm_water/JRCPerm/water_6_718_inhabited_108.55502704661747_53.60667967217676.tif,data/external/sen1floods11/permanent_mask/water_6_718_inhabited_108.55502704661747_53.60667967217676.tif,6116,DOWNLOADED,water_6_718_inhabited_108.55502704661747_53.60667967217676
permanent_mask,v1.1/data/perm_water/JRCPerm/water_6_718_inhabited_111.44048904279705_52.63396245017597.tif,data/external/sen1floods11/permanent_mask/water_6_718_inhabited_111.44048904279705_52.63396245017597.tif,9075,DOWNLOADED,water_6_718_inhabited_111.44048904279705_52.63396245017597
permanent_mask,v1.1/data/perm_water/JRCPerm/water_7_181_rural_130.87062948229476_-12.451495681419093.tif,data/external/sen1floods11/permanent_mask/water_7_181_rural_130.87062948229476_-12.451495681419093.tif,8598,DOWNLOADED,water_7_181_rural_130.87062948229476_-12.451495681419093
permanent_mask,v1.1/data/perm_water/JRCPerm/water_7_181_rural_136.8399745533301_-13.892650387286482.tif,data/external/sen1floods11/permanent_mask/water_7_181_rural_136.8399745533301_-13.892650387286482.tif,6044,DOWNLOADED,water_7_181_rural_136.8399745533301_-13.892650387286482
permanent_mask,v1.1/data/perm_water/JRCPerm/water_7_183_inhabited_142.29561780570532_-10.536677425250474.tif,data/external/sen1floods11/permanent_mask/water_7_183_inhabited_142.29561780570532_-10.536677425250474.tif,5845,DOWNLOADED,water_7_183_inhabited_142.29561780570532_-10.536677425250474
permanent_mask,v1.1/data/perm_water/JRCPerm/water_7_183_inhabited_142.64257154047186_-9.771286106729647.tif,data/external/sen1floods11/permanent_mask/water_7_183_inhabited_142.64257154047186_-9.771286106729647.tif,6300,DOWNLOADED,water_7_183_inhabited_142.64257154047186_-9.771286106729647
permanent_mask,v1.1/data/perm_water/JRCPerm/water_7_183_rural_143.38954677164193_-12.602868784880423.tif,data/external/sen1floods11/permanent_mask/water_7_183_rural_143.38954677164193_-12.602868784880423.tif,4829,DOWNLOADED,water_7_183_rural_143.38954677164193_-12.602868784880423
permanent_mask,v1.1/data/perm_water/JRCPerm/water_7_184_inhabited_139.6247545068239_-17.07973043782217.tif,data/external/sen1floods11/permanent_mask/water_7_184_inhabited_139.6247545068239_-17.07973043782217.tif,8351,DOWNLOADED,water_7_184_inhabited_139.6247545068239_-17.07973043782217
permanent_mask,v1.1/data/perm_water/JRCPerm/water_7_184_inhabited_139.98213361985339_-17.70654627290506.tif,data/external/sen1floods11/permanent_mask/water_7_184_inhabited_139.98213361985339_-17.70654627290506.tif,10225,DOWNLOADED,water_7_184_inhabited_139.98213361985339_-17.70654627290506
permanent_mask,v1.1/data/perm_water/JRCPerm/water_7_35_inhabited_13.37155091997869_-8.320044914279368.tif,data/external/sen1floods11/permanent_mask/water_7_35_inhabited_13.37155091997869_-8.320044914279368.tif,6949,DOWNLOADED,water_7_35_inhabited_13.37155091997869_-8.320044914279368
permanent_mask,v1.1/data/perm_water/JRCPerm/water_7_384_high_density_-93.85502519989726_29.85633917704801.tif,data/external/sen1floods11/permanent_mask/water_7_384_high_density_-93.85502519989726_29.85633917704801.tif,5232,DOWNLOADED,water_7_384_high_density_-93.85502519989726_29.85633917704801
permanent_mask,v1.1/data/perm_water/JRCPerm/water_7_384_low_density_-93.77659407146817_29.995436375309197.tif,data/external/sen1floods11/permanent_mask/water_7_384_low_density_-93.77659407146817_29.995436375309197.tif,12381,DOWNLOADED,water_7_384_low_density_-93.77659407146817_29.995436375309197
permanent_mask,v1.1/data/perm_water/JRCPerm/water_7_384_rural_-93.29885936190517_29.99738946157061.tif,data/external/sen1floods11/permanent_mask/water_7_384_rural_-93.29885936190517_29.99738946157061.tif,6611,DOWNLOADED,water_7_384_rural_-93.29885936190517_29.99738946157061
permanent_mask,v1.1/data/perm_water/JRCPerm/water_7_384_rural_-95.03337832607873_29.150530366803324.tif,data/external/sen1floods11/permanent_mask/water_7_384_rural_-95.03337832607873_29.150530366803324.tif,10173,DOWNLOADED,water_7_384_rural_-95.03337832607873_29.150530366803324
permanent_mask,v1.1/data/perm_water/JRCPerm/water_7_39_inhabited_29.645098182843117_-4.547065739927205.tif,data/external/sen1floods11/permanent_mask/water_7_39_inhabited_29.645098182843117_-4.547065739927205.tif,4290,DOWNLOADED,water_7_39_inhabited_29.645098182843117_-4.547065739927205
permanent_mask,v1.1/data/perm_water/JRCPerm/water_7_39_inhabited_29.769988685148032_-6.326701888559562.tif,data/external/sen1floods11/permanent_mask/water_7_39_inhabited_29.769988685148032_-6.326701888559562.tif,4936,DOWNLOADED,water_7_39_inhabited_29.769988685148032_-6.326701888559562
permanent_mask,v1.1/data/perm_water/JRCPerm/water_7_39_inhabited_29.847420974941116_-5.588586891182666.tif,data/external/sen1floods11/permanent_mask/water_7_39_inhabited_29.847420974941116_-5.588586891182666.tif,5693,DOWNLOADED,water_7_39_inhabited_29.847420974941116_-5.588586891182666
permanent_mask,v1.1/data/perm_water/JRCPerm/water_7_39_low_density_29.64477266846622_-4.616422597712503.tif,data/external/sen1floods11/permanent_mask/water_7_39_low_density_29.64477266846622_-4.616422597712503.tif,5691,DOWNLOADED,water_7_39_low_density_29.64477266846622_-4.616422597712503
permanent_mask,v1.1/data/perm_water/JRCPerm/water_7_42_inhabited_28.51850630169002_-16.753787987219493.tif,data/external/sen1floods11/permanent_mask/water_7_42_inhabited_28.51850630169002_-16.753787987219493.tif,11124,DOWNLOADED,water_7_42_inhabited_28.51850630169002_-16.753787987219493
permanent_mask,v1.1/data/perm_water/JRCPerm/water_7_43_low_density_13.93215356351896_8.860010838144287.tif,data/external/sen1floods11/permanent_mask/water_7_43_low_density_13.93215356351896_8.860010838144287.tif,5941,DOWNLOADED,water_7_43_low_density_13.93215356351896_8.860010838144287
permanent_mask,v1.1/data/perm_water/JRCPerm/water_7_44_high_density_2.346254119493725_6.343807000200579.tif,data/external/sen1floods11/permanent_mask/water_7_44_high_density_2.346254119493725_6.343807000200579.tif,4770,DOWNLOADED,water_7_44_high_density_2.346254119493725_6.343807000200579
permanent_mask,v1.1/data/perm_water/JRCPerm/water_7_44_low_density_-0.4663818382809578_6.704583948232781.tif,data/external/sen1floods11/permanent_mask/water_7_44_low_density_-0.4663818382809578_6.704583948232781.tif,5865,DOWNLOADED,water_7_44_low_density_-0.4663818382809578_6.704583948232781
permanent_mask,v1.1/data/perm_water/JRCPerm/water_7_44_low_density_2.415535172561113_6.482832852844917.tif,data/external/sen1floods11/permanent_mask/water_7_44_low_density_2.415535172561113_6.482832852844917.tif,11989,DOWNLOADED,water_7_44_low_density_2.415535172561113_6.482832852844917
permanent_mask,v1.1/data/perm_water/JRCPerm/water_7_44_rural_-0.18912385297980006_6.633679782381936.tif,data/external/sen1floods11/permanent_mask/water_7_44_rural_-0.18912385297980006_6.633679782381936.tif,5069,DOWNLOADED,water_7_44_rural_-0.18912385297980006_6.633679782381936
permanent_mask,v1.1/data/perm_water/JRCPerm/water_7_44_rural_0.019044820599267345_6.6324535295922376.tif,data/external/sen1floods11/permanent_mask/water_7_44_rural_0.019044820599267345_6.6324535295922376.tif,4361,DOWNLOADED,water_7_44_rural_0.019044820599267345_6.6324535295922376
permanent_mask,v1.1/data/perm_water/JRCPerm/water_7_44_rural_2.8323050525214324_6.413667736404916.tif,data/external/sen1floods11/permanent_mask/water_7_44_rural_2.8323050525214324_6.413667736404916.tif,5357,DOWNLOADED,water_7_44_rural_2.8323050525214324_6.413667736404916
permanent_mask,v1.1/data/perm_water/JRCPerm/water_7_48_inhabited_32.00302176979371_-27.395762624746034.tif,data/external/sen1floods11/permanent_mask/water_7_48_inhabited_32.00302176979371_-27.395762624746034.tif,4646,DOWNLOADED,water_7_48_inhabited_32.00302176979371_-27.395762624746034
permanent_mask,v1.1/data/perm_water/JRCPerm/water_7_53_inhabited_14.937689769273108_10.788045869835324.tif,data/external/sen1floods11/permanent_mask/water_7_53_inhabited_14.937689769273108_10.788045869835324.tif,13387,DOWNLOADED,water_7_53_inhabited_14.937689769273108_10.788045869835324
permanent_mask,v1.1/data/perm_water/JRCPerm/water_7_565_inhabited_-64.67694204768468_-15.421185637397189.tif,data/external/sen1floods11/permanent_mask/water_7_565_inhabited_-64.67694204768468_-15.421185637397189.tif,5022,DOWNLOADED,water_7_565_inhabited_-64.67694204768468_-15.421185637397189
permanent_mask,v1.1/data/perm_water/JRCPerm/water_7_567_inhabited_-47.849199869493795_-18.44627992396436.tif,data/external/sen1floods11/permanent_mask/water_7_567_inhabited_-47.849199869493795_-18.44627992396436.tif,7331,DOWNLOADED,water_7_567_inhabited_-47.849199869493795_-18.44627992396436
permanent_mask,v1.1/data/perm_water/JRCPerm/water_7_567_inhabited_-49.55793185227528_-21.403051864190626.tif,data/external/sen1floods11/permanent_mask/water_7_567_inhabited_-49.55793185227528_-21.403051864190626.tif,6580,DOWNLOADED,water_7_567_inhabited_-49.55793185227528_-21.403051864190626
permanent_mask,v1.1/data/perm_water/JRCPerm/water_7_567_rural_-49.632653008627884_-21.3343014441486.tif,data/external/sen1floods11/permanent_mask/water_7_567_rural_-49.632653008627884_-21.3343014441486.tif,5360,DOWNLOADED,water_7_567_rural_-49.632653008627884_-21.3343014441486
permanent_mask,v1.1/data/perm_water/JRCPerm/water_7_569_inhabited_-62.87402493245228_-30.660841270908605.tif,data/external/sen1floods11/permanent_mask/water_7_569_inhabited_-62.87402493245228_-30.660841270908605.tif,5983,DOWNLOADED,water_7_569_inhabited_-62.87402493245228_-30.660841270908605
permanent_mask,v1.1/data/perm_water/JRCPerm/water_7_571_inhabited_-56.80983032290908_-28.132290182147905.tif,data/external/sen1floods11/permanent_mask/water_7_571_inhabited_-56.80983032290908_-28.132290182147905.tif,7509,DOWNLOADED,water_7_571_inhabited_-56.80983032290908_-28.132290182147905
permanent_mask,v1.1/data/perm_water/JRCPerm/water_7_572_inhabited_-62.583296002868664_7.559563066018387.tif,data/external/sen1floods11/permanent_mask/water_7_572_inhabited_-62.583296002868664_7.559563066018387.tif,12356,DOWNLOADED,water_7_572_inhabited_-62.583296002868664_7.559563066018387
permanent_mask,v1.1/data/perm_water/JRCPerm/water_7_572_inhabited_-63.00101121225231_7.629232060877423.tif,data/external/sen1floods11/permanent_mask/water_7_572_inhabited_-63.00101121225231_7.629232060877423.tif,5591,DOWNLOADED,water_7_572_inhabited_-63.00101121225231_7.629232060877423
permanent_mask,v1.1/data/perm_water/JRCPerm/water_7_573_inhabited_-83.27809992853837_14.260798229360026.tif,data/external/sen1floods11/permanent_mask/water_7_573_inhabited_-83.27809992853837_14.260798229360026.tif,6458,DOWNLOADED,water_7_573_inhabited_-83.27809992853837_14.260798229360026
permanent_mask,v1.1/data/perm_water/JRCPerm/water_7_573_inhabited_-83.55574585563117_13.633549861474956.tif,data/external/sen1floods11/permanent_mask/water_7_573_inhabited_-83.55574585563117_13.633549861474956.tif,11672,DOWNLOADED,water_7_573_inhabited_-83.55574585563117_13.633549861474956
permanent_mask,v1.1/data/perm_water/JRCPerm/water_7_573_rural_-83.9845642266379_15.484103553261317.tif,data/external/sen1floods11/permanent_mask/water_7_573_rural_-83.9845642266379_15.484103553261317.tif,7556,DOWNLOADED,water_7_573_rural_-83.9845642266379_15.484103553261317
permanent_mask,v1.1/data/perm_water/JRCPerm/water_7_574_high_density_-55.96899101456394_-34.85228478362141.tif,data/external/sen1floods11/permanent_mask/water_7_574_high_density_-55.96899101456394_-34.85228478362141.tif,6665,DOWNLOADED,water_7_574_high_density_-55.96899101456394_-34.85228478362141
permanent_mask,v1.1/data/perm_water/JRCPerm/water_7_574_low_density_-51.07329491787412_-30.22945891679615.tif,data/external/sen1floods11/permanent_mask/water_7_574_low_density_-51.07329491787412_-30.22945891679615.tif,7501,DOWNLOADED,water_7_574_low_density_-51.07329491787412_-30.22945891679615
permanent_mask,v1.1/data/perm_water/JRCPerm/water_7_574_rural_-51.14134525905076_-31.091474496044093.tif,data/external/sen1floods11/permanent_mask/water_7_574_rural_-51.14134525905076_-31.091474496044093.tif,8333,DOWNLOADED,water_7_574_rural_-51.14134525905076_-31.091474496044093
permanent_mask,v1.1/data/perm_water/JRCPerm/water_7_574_rural_-56.89336712204431_-34.64883829805793.tif,data/external/sen1floods11/permanent_mask/water_7_574_rural_-56.89336712204431_-34.64883829805793.tif,6031,DOWNLOADED,water_7_574_rural_-56.89336712204431_-34.64883829805793
permanent_mask,v1.1/data/perm_water/JRCPerm/water_7_58_inhabited_18.217322921274132_-2.6252556133067806.tif,data/external/sen1floods11/permanent_mask/water_7_58_inhabited_18.217322921274132_-2.6252556133067806.tif,4459,DOWNLOADED,water_7_58_inhabited_18.217322921274132_-2.6252556133067806
permanent_mask,v1.1/data/perm_water/JRCPerm/water_7_58_inhabited_18.286902734112097_-2.347792509357164.tif,data/external/sen1floods11/permanent_mask/water_7_58_inhabited_18.286902734112097_-2.347792509357164.tif,4464,DOWNLOADED,water_7_58_inhabited_18.286902734112097_-2.347792509357164
permanent_mask,v1.1/data/perm_water/JRCPerm/water_7_640_rural_-155.64039628295913_18.93911760879541.tif,data/external/sen1floods11/permanent_mask/water_7_640_rural_-155.64039628295913_18.93911760879541.tif,6381,DOWNLOADED,water_7_640_rural_-155.64039628295913_18.93911760879541
permanent_mask,v1.1/data/perm_water/JRCPerm/water_7_640_rural_-157.1422304359618_21.19874031302279.tif,data/external/sen1floods11/permanent_mask/water_7_640_rural_-157.1422304359618_21.19874031302279.tif,5154,DOWNLOADED,water_7_640_rural_-157.1422304359618_21.19874031302279
permanent_mask,v1.1/data/perm_water/JRCPerm/water_7_65_inhabited_28.015711444206623_-17.0345374486455.tif,data/external/sen1floods11/permanent_mask/water_7_65_inhabited_28.015711444206623_-17.0345374486455.tif,10548,DOWNLOADED,water_7_65_inhabited_28.015711444206623_-17.0345374486455
permanent_mask,v1.1/data/perm_water/JRCPerm/water_7_65_rural_28.374936625072216_-16.82420165195446.tif,data/external/sen1floods11/permanent_mask/water_7_65_rural_28.374936625072216_-16.82420165195446.tif,12587,DOWNLOADED,water_7_65_rural_28.374936625072216_-16.82420165195446
permanent_mask,v1.1/data/perm_water/JRCPerm/water_7_66_low_density_35.13497841310671_-14.321277016947915.tif,data/external/sen1floods11/permanent_mask/water_7_66_low_density_35.13497841310671_-14.321277016947915.tif,6034,DOWNLOADED,water_7_66_low_density_35.13497841310671_-14.321277016947915
permanent_mask,v1.1/data/perm_water/JRCPerm/water_7_66_rural_35.206823449279824_-14.390014059686782.tif,data/external/sen1floods11/permanent_mask/water_7_66_rural_35.206823449279824_-14.390014059686782.tif,6173,DOWNLOADED,water_7_66_rural_35.206823449279824_-14.390014059686782
permanent_mask,v1.1/data/perm_water/JRCPerm/water_8_190_low_density_170.52663248517652_-45.88675841407436.tif,data/external/sen1floods11/permanent_mask/water_8_190_low_density_170.52663248517652_-45.88675841407436.tif,7307,DOWNLOADED,water_8_190_low_density_170.52663248517652_-45.88675841407436
permanent_mask,v1.1/data/perm_water/JRCPerm/water_8_190_rural_170.22586166002057_-46.161608484806656.tif,data/external/sen1floods11/permanent_mask/water_8_190_rural_170.22586166002057_-46.161608484806656.tif,4157,DOWNLOADED,water_8_190_rural_170.22586166002057_-46.161608484806656
permanent_mask,v1.1/data/perm_water/JRCPerm/water_8_190_rural_171.21425708132526_-44.50488745671254.tif,data/external/sen1floods11/permanent_mask/water_8_190_rural_171.21425708132526_-44.50488745671254.tif,7558,DOWNLOADED,water_8_190_rural_171.21425708132526_-44.50488745671254
permanent_mask,v1.1/data/perm_water/JRCPerm/water_8_192_inhabited_147.05906588335205_-36.16927136155453.tif,data/external/sen1floods11/permanent_mask/water_8_192_inhabited_147.05906588335205_-36.16927136155453.tif,8658,DOWNLOADED,water_8_192_inhabited_147.05906588335205_-36.16927136155453
permanent_mask,v1.1/data/perm_water/JRCPerm/water_8_386_inhabited_-109.66759059585645_52.73264235648873.tif,data/external/sen1floods11/permanent_mask/water_8_386_inhabited_-109.66759059585645_52.73264235648873.tif,9840,DOWNLOADED,water_8_386_inhabited_-109.66759059585645_52.73264235648873
permanent_mask,v1.1/data/perm_water/JRCPerm/water_8_386_rural_-108.44629186742922_53.11984839646469.tif,data/external/sen1floods11/permanent_mask/water_8_386_rural_-108.44629186742922_53.11984839646469.tif,10667,DOWNLOADED,water_8_386_rural_-108.44629186742922_53.11984839646469
permanent_mask,v1.1/data/perm_water/JRCPerm/water_8_387_high_density_-87.75402071115786_42.122055331277394.tif,data/external/sen1floods11/permanent_mask/water_8_387_high_density_-87.75402071115786_42.122055331277394.tif,7899,DOWNLOADED,water_8_387_high_density_-87.75402071115786_42.122055331277394
permanent_mask,v1.1/data/perm_water/JRCPerm/water_8_387_high_density_-88.35450555452013_44.157826703520726.tif,data/external/sen1floods11/permanent_mask/water_8_387_high_density_-88.35450555452013_44.157826703520726.tif,5169,DOWNLOADED,water_8_387_high_density_-88.35450555452013_44.157826703520726
permanent_mask,v1.1/data/perm_water/JRCPerm/water_8_387_rural_-89.36921413114122_43.10405640167146.tif,data/external/sen1floods11/permanent_mask/water_8_387_rural_-89.36921413114122_43.10405640167146.tif,6339,DOWNLOADED,water_8_387_rural_-89.36921413114122_43.10405640167146
permanent_mask,v1.1/data/perm_water/JRCPerm/water_8_390_rural_-95.59962173245162_35.3399454521294.tif,data/external/sen1floods11/permanent_mask/water_8_390_rural_-95.59962173245162_35.3399454521294.tif,8224,DOWNLOADED,water_8_390_rural_-95.59962173245162_35.3399454521294
permanent_mask,v1.1/data/perm_water/JRCPerm/water_8_393_inhabited_-80.0695805201377_33.27521221854392.tif,data/external/sen1floods11/permanent_mask/water_8_393_inhabited_-80.0695805201377_33.27521221854392.tif,7484,DOWNLOADED,water_8_393_inhabited_-80.0695805201377_33.27521221854392
permanent_mask,v1.1/data/perm_water/JRCPerm/water_8_393_rural_-80.06884476846389_33.34447989430815.tif,data/external/sen1floods11/permanent_mask/water_8_393_rural_-80.06884476846389_33.34447989430815.tif,6021,DOWNLOADED,water_8_393_rural_-80.06884476846389_33.34447989430815
permanent_mask,v1.1/data/perm_water/JRCPerm/water_8_394_inhabited_-111.54204952839034_46.418715792447294.tif,data/external/sen1floods11/permanent_mask/water_8_394_inhabited_-111.54204952839034_46.418715792447294.tif,6263,DOWNLOADED,water_8_394_inhabited_-111.54204952839034_46.418715792447294
permanent_mask,v1.1/data/perm_water/JRCPerm/water_8_394_rural_-111.54273622995258_46.4878318587757.tif,data/external/sen1floods11/permanent_mask/water_8_394_rural_-111.54273622995258_46.4878318587757.tif,7430,DOWNLOADED,water_8_394_rural_-111.54273622995258_46.4878318587757
permanent_mask,v1.1/data/perm_water/JRCPerm/water_8_397_rural_-97.66063161665748_50.45629356420987.tif,data/external/sen1floods11/permanent_mask/water_8_397_rural_-97.66063161665748_50.45629356420987.tif,13005,DOWNLOADED,water_8_397_rural_-97.66063161665748_50.45629356420987
permanent_mask,v1.1/data/perm_water/JRCPerm/water_8_397_rural_-99.73781020128311_51.328627503295486.tif,data/external/sen1floods11/permanent_mask/water_8_397_rural_-99.73781020128311_51.328627503295486.tif,7393,DOWNLOADED,water_8_397_rural_-99.73781020128311_51.328627503295486
permanent_mask,v1.1/data/perm_water/JRCPerm/water_8_399_low_density_-86.61802012678196_30.39836520559962.tif,data/external/sen1floods11/permanent_mask/water_8_399_low_density_-86.61802012678196_30.39836520559962.tif,5626,DOWNLOADED,water_8_399_low_density_-86.61802012678196_30.39836520559962
permanent_mask,v1.1/data/perm_water/JRCPerm/water_8_399_low_density_-88.51863614609537_30.340120427639512.tif,data/external/sen1floods11/permanent_mask/water_8_399_low_density_-88.51863614609537_30.340120427639512.tif,8395,DOWNLOADED,water_8_399_low_density_-88.51863614609537_30.340120427639512
permanent_mask,v1.1/data/perm_water/JRCPerm/water_8_399_rural_-88.91930867125275_30.40413974146383.tif,data/external/sen1floods11/permanent_mask/water_8_399_rural_-88.91930867125275_30.40413974146383.tif,7296,DOWNLOADED,water_8_399_rural_-88.91930867125275_30.40413974146383
permanent_mask,v1.1/data/perm_water/JRCPerm/water_8_402_inhabited_-101.70792576961551_41.19493687664913.tif,data/external/sen1floods11/permanent_mask/water_8_402_inhabited_-101.70792576961551_41.19493687664913.tif,6029,DOWNLOADED,water_8_402_inhabited_-101.70792576961551_41.19493687664913
permanent_mask,v1.1/data/perm_water/JRCPerm/water_8_575_inhabited_-63.59366141506369_-37.2527258991166.tif,data/external/sen1floods11/permanent_mask/water_8_575_inhabited_-63.59366141506369_-37.2527258991166.tif,7111,DOWNLOADED,water_8_575_inhabited_-63.59366141506369_-37.2527258991166
permanent_mask,v1.1/data/perm_water/JRCPerm/water_8_575_inhabited_-63.73069404953713_-38.30882385171577.tif,data/external/sen1floods11/permanent_mask/water_8_575_inhabited_-63.73069404953713_-38.30882385171577.tif,10254,DOWNLOADED,water_8_575_inhabited_-63.73069404953713_-38.30882385171577
permanent_mask,v1.1/data/perm_water/JRCPerm/water_8_576_inhabited_-59.97524806052712_-32.793455399830684.tif,data/external/sen1floods11/permanent_mask/water_8_576_inhabited_-59.97524806052712_-32.793455399830684.tif,12736,DOWNLOADED,water_8_576_inhabited_-59.97524806052712_-32.793455399830684
permanent_mask,v1.1/data/perm_water/JRCPerm/water_8_576_rural_-61.18914468120564_-34.4878870455338.tif,data/external/sen1floods11/permanent_mask/water_8_576_rural_-61.18914468120564_-34.4878870455338.tif,11444,DOWNLOADED,water_8_576_rural_-61.18914468120564_-34.4878870455338
permanent_mask,v1.1/data/perm_water/JRCPerm/water_8_577_inhabited_-64.85517677589196_-40.81758099090023.tif,data/external/sen1floods11/permanent_mask/water_8_577_inhabited_-64.85517677589196_-40.81758099090023.tif,6967,DOWNLOADED,water_8_577_inhabited_-64.85517677589196_-40.81758099090023
permanent_mask,v1.1/data/perm_water/JRCPerm/water_8_577_inhabited_-64.98589978237477_-42.12968039407878.tif,data/external/sen1floods11/permanent_mask/water_8_577_inhabited_-64.98589978237477_-42.12968039407878.tif,5593,DOWNLOADED,water_8_577_inhabited_-64.98589978237477_-42.12968039407878
permanent_mask,v1.1/data/perm_water/JRCPerm/water_8_578_high_density_-67.51194485634343_-45.89294764633654.tif,data/external/sen1floods11/permanent_mask/water_8_578_high_density_-67.51194485634343_-45.89294764633654.tif,7399,DOWNLOADED,water_8_578_high_density_-67.51194485634343_-45.89294764633654
permanent_mask,v1.1/data/perm_water/JRCPerm/water_8_578_rural_-60.03458085914426_-51.30808442474227.tif,data/external/sen1floods11/permanent_mask/water_8_578_rural_-60.03458085914426_-51.30808442474227.tif,10693,DOWNLOADED,water_8_578_rural_-60.03458085914426_-51.30808442474227
permanent_mask,v1.1/data/perm_water/JRCPerm/water_8_578_rural_-61.28873870323436_-51.75251410853711.tif,data/external/sen1floods11/permanent_mask/water_8_578_rural_-61.28873870323436_-51.75251410853711.tif,14358,DOWNLOADED,water_8_578_rural_-61.28873870323436_-51.75251410853711
permanent_mask,v1.1/data/perm_water/JRCPerm/water_8_578_rural_-69.50861437144911_-53.3531663999852.tif,data/external/sen1floods11/permanent_mask/water_8_578_rural_-69.50861437144911_-53.3531663999852.tif,6804,DOWNLOADED,water_8_578_rural_-69.50861437144911_-53.3531663999852
permanent_mask,v1.1/data/perm_water/JRCPerm/water_8_724_inhabited_84.18819799444562_49.19179506477684.tif,data/external/sen1floods11/permanent_mask/water_8_724_inhabited_84.18819799444562_49.19179506477684.tif,8093,DOWNLOADED,water_8_724_inhabited_84.18819799444562_49.19179506477684
permanent_mask,v1.1/data/perm_water/JRCPerm/water_8_726_inhabited_115.74290620342694_50.14014329952056.tif,data/external/sen1floods11/permanent_mask/water_8_726_inhabited_115.74290620342694_50.14014329952056.tif,10612,DOWNLOADED,water_8_726_inhabited_115.74290620342694_50.14014329952056
permanent_mask,v1.1/data/perm_water/JRCPerm/water_8_727_rural_43.00628169287255_38.29864372401075.tif,data/external/sen1floods11/permanent_mask/water_8_727_rural_43.00628169287255_38.29864372401075.tif,4856,DOWNLOADED,water_8_727_rural_43.00628169287255_38.29864372401075
permanent_mask,v1.1/data/perm_water/JRCPerm/water_8_727_rural_43.5217537746509_38.859933069113254.tif,data/external/sen1floods11/permanent_mask/water_8_727_rural_43.5217537746509_38.859933069113254.tif,4027,DOWNLOADED,water_8_727_rural_43.5217537746509_38.859933069113254
permanent_mask,v1.1/data/perm_water/JRCPerm/water_8_731_rural_82.1631908921453_54.41098110648995.tif,data/external/sen1floods11/permanent_mask/water_8_731_rural_82.1631908921453_54.41098110648995.tif,8911,DOWNLOADED,water_8_731_rural_82.1631908921453_54.41098110648995
permanent_mask,v1.1/data/perm_water/JRCPerm/water_8_731_rural_82.97022129630318_54.82044251982367.tif,data/external/sen1floods11/permanent_mask/water_8_731_rural_82.97022129630318_54.82044251982367.tif,6821,DOWNLOADED,water_8_731_rural_82.97022129630318_54.82044251982367
permanent_mask,v1.1/data/perm_water/JRCPerm/water_8_732_inhabited_75.89911707788139_49.75246459483292.tif,data/external/sen1floods11/permanent_mask/water_8_732_inhabited_75.89911707788139_49.75246459483292.tif,6007,DOWNLOADED,water_8_732_inhabited_75.89911707788139_49.75246459483292
permanent_mask,v1.1/data/perm_water/JRCPerm/water_8_732_inhabited_79.48111295411447_53.09317405396298.tif,data/external/sen1floods11/permanent_mask/water_8_732_inhabited_79.48111295411447_53.09317405396298.tif,7121,DOWNLOADED,water_8_732_inhabited_79.48111295411447_53.09317405396298
permanent_mask,v1.1/data/perm_water/JRCPerm/water_8_733_inhabited_70.27842465911391_53.06437717935982.tif,data/external/sen1floods11/permanent_mask/water_8_733_inhabited_70.27842465911391_53.06437717935982.tif,7994,DOWNLOADED,water_8_733_inhabited_70.27842465911391_53.06437717935982
permanent_mask,v1.1/data/perm_water/JRCPerm/water_8_734_inhabited_115.85035716151184_50.14125807478392.tif,data/external/sen1floods11/permanent_mask/water_8_734_inhabited_115.85035716151184_50.14125807478392.tif,24194,DOWNLOADED,water_8_734_inhabited_115.85035716151184_50.14125807478392
permanent_mask,v1.1/data/perm_water/JRCPerm/water_8_734_inhabited_124.36158603345767_45.22698090400439.tif,data/external/sen1floods11/permanent_mask/water_8_734_inhabited_124.36158603345767_45.22698090400439.tif,6621,DOWNLOADED,water_8_734_inhabited_124.36158603345767_45.22698090400439
permanent_mask,v1.1/data/perm_water/JRCPerm/water_8_735_high_density_28.651160098928973_44.085830057911785.tif,data/external/sen1floods11/permanent_mask/water_8_735_high_density_28.651160098928973_44.085830057911785.tif,9954,DOWNLOADED,water_8_735_high_density_28.651160098928973_44.085830057911785
permanent_mask,v1.1/data/perm_water/JRCPerm/water_8_735_high_density_45.985045919494425_51.456510062407254.tif,data/external/sen1floods11/permanent_mask/water_8_735_high_density_45.985045919494425_51.456510062407254.tif,14107,DOWNLOADED,water_8_735_high_density_45.985045919494425_51.456510062407254
permanent_mask,v1.1/data/perm_water/JRCPerm/water_8_735_low_density_28.649238226374944_44.01670953248233.tif,data/external/sen1floods11/permanent_mask/water_8_735_low_density_28.649238226374944_44.01670953248233.tif,8551,DOWNLOADED,water_8_735_low_density_28.649238226374944_44.01670953248233
permanent_mask,v1.1/data/perm_water/JRCPerm/water_8_735_low_density_34.404684678977546_47.467879842908346.tif,data/external/sen1floods11/permanent_mask/water_8_735_low_density_34.404684678977546_47.467879842908346.tif,5664,DOWNLOADED,water_8_735_low_density_34.404684678977546_47.467879842908346
permanent_mask,v1.1/data/perm_water/JRCPerm/water_8_735_low_density_44.67730305804507_48.854981325805866.tif,data/external/sen1floods11/permanent_mask/water_8_735_low_density_44.67730305804507_48.854981325805866.tif,8484,DOWNLOADED,water_8_735_low_density_44.67730305804507_48.854981325805866
permanent_mask,v1.1/data/perm_water/JRCPerm/water_8_735_low_density_44.83805365102179_49.05200670585238.tif,data/external/sen1floods11/permanent_mask/water_8_735_low_density_44.83805365102179_49.05200670585238.tif,7783,DOWNLOADED,water_8_735_low_density_44.83805365102179_49.05200670585238
permanent_mask,v1.1/data/perm_water/JRCPerm/water_8_735_low_density_45.983561038843604_51.38746088259465.tif,data/external/sen1floods11/permanent_mask/water_8_735_low_density_45.983561038843604_51.38746088259465.tif,18296,DOWNLOADED,water_8_735_low_density_45.983561038843604_51.38746088259465
permanent_mask,v1.1/data/perm_water/JRCPerm/water_8_735_rural_30.750081260291225_46.60617640073415.tif,data/external/sen1floods11/permanent_mask/water_8_735_rural_30.750081260291225_46.60617640073415.tif,7041,DOWNLOADED,water_8_735_rural_30.750081260291225_46.60617640073415
permanent_mask,v1.1/data/perm_water/JRCPerm/water_8_737_inhabited_106.44120356953464_51.236596116653416.tif,data/external/sen1floods11/permanent_mask/water_8_737_inhabited_106.44120356953464_51.236596116653416.tif,5970,DOWNLOADED,water_8_737_inhabited_106.44120356953464_51.236596116653416
permanent_mask,v1.1/data/perm_water/JRCPerm/water_8_737_inhabited_98.9977242812406_49.31739010504821.tif,data/external/sen1floods11/permanent_mask/water_8_737_inhabited_98.9977242812406_49.31739010504821.tif,5294,DOWNLOADED,water_8_737_inhabited_98.9977242812406_49.31739010504821
permanent_mask,v1.1/data/perm_water/JRCPerm/water_8_738_rural_103.3508102071408_53.49126921871147.tif,data/external/sen1floods11/permanent_mask/water_8_738_rural_103.3508102071408_53.49126921871147.tif,9016,DOWNLOADED,water_8_738_rural_103.3508102071408_53.49126921871147
permanent_mask,v1.1/data/perm_water/JRCPerm/water_8_738_rural_103.40083240275835_53.41920568658673.tif,data/external/sen1floods11/permanent_mask/water_8_738_rural_103.40083240275835_53.41920568658673.tif,8128,DOWNLOADED,water_8_738_rural_103.40083240275835_53.41920568658673
permanent_mask,v1.1/data/perm_water/JRCPerm/water_8_739_rural_38.15099396992905_35.97494819674641.tif,data/external/sen1floods11/permanent_mask/water_8_739_rural_38.15099396992905_35.97494819674641.tif,6223,DOWNLOADED,water_8_739_rural_38.15099396992905_35.97494819674641
permanent_mask,v1.1/data/perm_water/JRCPerm/water_9_312_inhabited_68.21588084414567_23.61607696240949.tif,data/external/sen1floods11/permanent_mask/water_9_312_inhabited_68.21588084414567_23.61607696240949.tif,14941,DOWNLOADED,water_9_312_inhabited_68.21588084414567_23.61607696240949
permanent_mask,v1.1/data/perm_water/JRCPerm/water_9_312_inhabited_69.1251004671454_24.018778378546195.tif,data/external/sen1floods11/permanent_mask/water_9_312_inhabited_69.1251004671454_24.018778378546195.tif,11646,DOWNLOADED,water_9_312_inhabited_69.1251004671454_24.018778378546195
permanent_mask,v1.1/data/perm_water/JRCPerm/water_9_581_inhabited_-80.91203848216523_24.77565727315599.tif,data/external/sen1floods11/permanent_mask/water_9_581_inhabited_-80.91203848216523_24.77565727315599.tif,8981,DOWNLOADED,water_9_581_inhabited_-80.91203848216523_24.77565727315599
permanent_mask,v1.1/data/perm_water/JRCPerm/water_9_581_rural_-80.1456037339979_25.744165103762327.tif,data/external/sen1floods11/permanent_mask/water_9_581_rural_-80.1456037339979_25.744165103762327.tif,10937,DOWNLOADED,water_9_581_rural_-80.1456037339979_25.744165103762327
permanent_mask,v1.1/data/perm_water/JRCPerm/water_9_584_inhabited_-55.89193328925934_-16.25810093681529.tif,data/external/sen1floods11/permanent_mask/water_9_584_inhabited_-55.89193328925934_-16.25810093681529.tif,6334,DOWNLOADED,water_9_584_inhabited_-55.89193328925934_-16.25810093681529
permanent_mask,v1.1/data/perm_water/JRCPerm/water_9_585_inhabited_-58.425549916816756_-33.30557423761684.tif,data/external/sen1floods11/permanent_mask/water_9_585_inhabited_-58.425549916816756_-33.30557423761684.tif,8028,DOWNLOADED,water_9_585_inhabited_-58.425549916816756_-33.30557423761684
permanent_mask,v1.1/data/perm_water/JRCPerm/water_9_585_inhabited_-60.03003257606975_-31.170775149178567.tif,data/external/sen1floods11/permanent_mask/water_9_585_inhabited_-60.03003257606975_-31.170775149178567.tif,16210,DOWNLOADED,water_9_585_inhabited_-60.03003257606975_-31.170775149178567
permanent_mask,v1.1/data/perm_water/JRCPerm/water_9_585_inhabited_-60.05715728777787_-32.79148447716506.tif,data/external/sen1floods11/permanent_mask/water_9_585_inhabited_-60.05715728777787_-32.79148447716506.tif,15346,DOWNLOADED,water_9_585_inhabited_-60.05715728777787_-32.79148447716506
permanent_mask,v1.1/data/perm_water/JRCPerm/water_9_586_inhabited_-56.18987704434743_-27.367420578450336.tif,data/external/sen1floods11/permanent_mask/water_9_586_inhabited_-56.18987704434743_-27.367420578450336.tif,8586,DOWNLOADED,water_9_586_inhabited_-56.18987704434743_-27.367420578450336
permanent_mask,v1.1/data/perm_water/JRCPerm/water_9_742_rural_118.96523098868906_39.18198718359733.tif,data/external/sen1floods11/permanent_mask/water_9_742_rural_118.96523098868906_39.18198718359733.tif,15393,DOWNLOADED,water_9_742_rural_118.96523098868906_39.18198718359733
permanent_mask,v1.1/data/perm_water/JRCPerm/water_9_743_inhabited_124.19961810589336_46.605953445681486.tif,data/external/sen1floods11/permanent_mask/water_9_743_inhabited_124.19961810589336_46.605953445681486.tif,8753,DOWNLOADED,water_9_743_inhabited_124.19961810589336_46.605953445681486
permanent_mask,v1.1/data/perm_water/JRCPerm/water_9_744_rural_32.04276573748307_31.36958416964645.tif,data/external/sen1floods11/permanent_mask/water_9_744_rural_32.04276573748307_31.36958416964645.tif,16190,DOWNLOADED,water_9_744_rural_32.04276573748307_31.36958416964645
permanent_mask,v1.1/data/perm_water/JRCPerm/water_9_746_inhabited_132.29967326970097_44.80464160682832.tif,data/external/sen1floods11/permanent_mask/water_9_746_inhabited_132.29967326970097_44.80464160682832.tif,5168,DOWNLOADED,water_9_746_inhabited_132.29967326970097_44.80464160682832
permanent_mask,v1.1/data/perm_water/JRCPerm/water_9_748_inhabited_119.64066886165875_34.518989275381585.tif,data/external/sen1floods11/permanent_mask/water_9_748_inhabited_119.64066886165875_34.518989275381585.tif,20582,DOWNLOADED,water_9_748_inhabited_119.64066886165875_34.518989275381585
permanent_mask,v1.1/data/perm_water/JRCPerm/water_9_75_inhabited_36.72257445667031_-18.31717557116394.tif,data/external/sen1floods11/permanent_mask/water_9_75_inhabited_36.72257445667031_-18.31717557116394.tif,5599,DOWNLOADED,water_9_75_inhabited_36.72257445667031_-18.31717557116394
flood_splits,v1.1/splits/flood_handlabeled/flood_bolivia_data.csv,data/external/sen1floods11/flood_splits/flood_bolivia_data.csv,834,DOWNLOADED,
flood_splits,v1.1/splits/flood_handlabeled/flood_test_data.csv,data/external/sen1floods11/flood_splits/flood_test_data.csv,4858,DOWNLOADED,
flood_splits,v1.1/splits/flood_handlabeled/flood_train_data.csv,data/external/sen1floods11/flood_splits/flood_train_data.csv,13574,DOWNLOADED,
flood_splits,v1.1/splits/flood_handlabeled/flood_valid_data.csv,data/external/sen1floods11/flood_splits/flood_valid_data.csv,4804,DOWNLOADED,
permanent_splits,v1.1/splits/perm_water/permanent_water_data.csv,data/external/sen1floods11/permanent_splits/permanent_water_data.csv,104632,DOWNLOADED,
permanent_splits,v1.1/splits/perm_water/permanent_water_test_data.csv,data/external/sen1floods11/permanent_splits/permanent_water_test_data.csv,21024,DOWNLOADED,
permanent_splits,v1.1/splits/perm_water/permanent_water_train_data.csv,data/external/sen1floods11/permanent_splits/permanent_water_train_data.csv,62627,DOWNLOADED,
permanent_splits,v1.1/splits/perm_water/permanent_water_validation_data.csv,data/external/sen1floods11/permanent_splits/permanent_water_validation_data.csv,20981,DOWNLOADED,
