sample_key,dataset_group,split,pairing_method,image_path,mask_path,image_open_ok,mask_open_ok,same_shape,same_crs,same_transform,image_width,image_height,image_bands,mask_width,mask_height,mask_bands,mask_min,mask_max,mask_unique_preview,valid_pixel_ratio,inspection_error
ghana_1078550,flood,test,normalized_stem,data/external/sen1floods11/flood_sar/Ghana_1078550_S1Hand.tif,data/external/sen1floods11/flood_mask/Ghana_1078550_LabelHand.tif,True,True,True,True,False,512,512,2,512,512,1,0.0,1.0,0.0|1.0,1.0,
ghana_141271,flood,test,normalized_stem,data/external/sen1floods11/flood_sar/Ghana_141271_S1Hand.tif,data/external/sen1floods11/flood_mask/Ghana_141271_LabelHand.tif,True,True,True,True,False,512,512,2,512,512,1,0.0,1.0,0.0|1.0,1.0,
ghana_167233,flood,test,normalized_stem,data/external/sen1floods11/flood_sar/Ghana_167233_S1Hand.tif,data/external/sen1floods11/flood_mask/Ghana_167233_LabelHand.tif,True,True,True,True,False,512,512,2,512,512,1,0.0,0.0,0.0,1.0,
ghana_313799,flood,test,normalized_stem,data/external/sen1floods11/flood_sar/Ghana_313799_S1Hand.tif,data/external/sen1floods11/flood_mask/Ghana_313799_LabelHand.tif,True,True,True,True,False,512,512,2,512,512,1,-1.0,1.0,-1.0|0.0|1.0,1.0,
ghana_319168,flood,test,normalized_stem,data/external/sen1floods11/flood_sar/Ghana_319168_S1Hand.tif,data/external/sen1floods11/flood_mask/Ghana_319168_LabelHand.tif,True,True,True,True,False,512,512,2,512,512,1,-1.0,1.0,-1.0|0.0|1.0,1.0,
ghana_359826,flood,test,normalized_stem,data/external/sen1floods11/flood_sar/Ghana_359826_S1Hand.tif,data/external/sen1floods11/flood_mask/Ghana_359826_LabelHand.tif,True,True,True,True,False,512,512,2,512,512,1,0.0,1.0,0.0|1.0,1.0,
ghana_406026,flood,test,normalized_stem,data/external/sen1floods11/flood_sar/Ghana_406026_S1Hand.tif,data/external/sen1floods11/flood_mask/Ghana_406026_LabelHand.tif,True,True,True,True,False,512,512,2,512,512,1,0.0,1.0,0.0|1.0,1.0,
ghana_53713,flood,test,normalized_stem,data/external/sen1floods11/flood_sar/Ghana_53713_S1Hand.tif,data/external/sen1floods11/flood_mask/Ghana_53713_LabelHand.tif,True,True,True,True,False,512,512,2,512,512,1,0.0,0.0,0.0,1.0,
ghana_83483,flood,test,normalized_stem,data/external/sen1floods11/flood_sar/Ghana_83483_S1Hand.tif,data/external/sen1floods11/flood_mask/Ghana_83483_LabelHand.tif,True,True,True,True,False,512,512,2,512,512,1,-1.0,-1.0,-1.0,1.0,
ghana_866994,flood,test,normalized_stem,data/external/sen1floods11/flood_sar/Ghana_866994_S1Hand.tif,data/external/sen1floods11/flood_mask/Ghana_866994_LabelHand.tif,True,True,True,True,False,512,512,2,512,512,1,-1.0,1.0,-1.0|0.0|1.0,1.0,
ghana_97059,flood,test,normalized_stem,data/external/sen1floods11/flood_sar/Ghana_97059_S1Hand.tif,data/external/sen1floods11/flood_mask/Ghana_97059_LabelHand.tif,True,True,True,True,False,512,512,2,512,512,1,-1.0,0.0,-1.0|0.0,1.0,
india_1018327,flood,test,normalized_stem,data/external/sen1floods11/flood_sar/India_1018327_S1Hand.tif,data/external/sen1floods11/flood_mask/India_1018327_LabelHand.tif,True,True,True,True,False,512,512,2,512,512,1,-1.0,1.0,-1.0|0.0|1.0,1.0,
india_399883,flood,test,normalized_stem,data/external/sen1floods11/flood_sar/India_399883_S1Hand.tif,data/external/sen1floods11/flood_mask/India_399883_LabelHand.tif,True,True,True,True,False,512,512,2,512,512,1,-1.0,1.0,-1.0|0.0|1.0,1.0,
india_44475,flood,test,normalized_stem,data/external/sen1floods11/flood_sar/India_44475_S1Hand.tif,data/external/sen1floods11/flood_mask/India_44475_LabelHand.tif,True,True,True,True,False,512,512,2,512,512,1,-1.0,0.0,-1.0|0.0,1.0,
india_570384,flood,test,normalized_stem,data/external/sen1floods11/flood_sar/India_570384_S1Hand.tif,data/external/sen1floods11/flood_mask/India_570384_LabelHand.tif,True,True,True,True,False,512,512,2,512,512,1,-1.0,1.0,-1.0|0.0|1.0,1.0,
india_591317,flood,test,normalized_stem,data/external/sen1floods11/flood_sar/India_591317_S1Hand.tif,data/external/sen1floods11/flood_mask/India_591317_LabelHand.tif,True,True,True,True,False,512,512,2,512,512,1,-1.0,1.0,-1.0|0.0|1.0,1.0,
india_592446,flood,test,normalized_stem,data/external/sen1floods11/flood_sar/India_592446_S1Hand.tif,data/external/sen1floods11/flood_mask/India_592446_LabelHand.tif,True,True,True,True,False,512,512,2,512,512,1,-1.0,1.0,-1.0|0.0|1.0,1.0,
india_631692,flood,test,normalized_stem,data/external/sen1floods11/flood_sar/India_631692_S1Hand.tif,data/external/sen1floods11/flood_mask/India_631692_LabelHand.tif,True,True,True,True,False,512,512,2,512,512,1,0.0,1.0,0.0|1.0,1.0,
india_747992,flood,test,normalized_stem,data/external/sen1floods11/flood_sar/India_747992_S1Hand.tif,data/external/sen1floods11/flood_mask/India_747992_LabelHand.tif,True,True,True,True,False,512,512,2,512,512,1,-1.0,1.0,-1.0|0.0|1.0,1.0,
india_772630,flood,test,normalized_stem,data/external/sen1floods11/flood_sar/India_772630_S1Hand.tif,data/external/sen1floods11/flood_mask/India_772630_LabelHand.tif,True,True,True,True,False,512,512,2,512,512,1,-1.0,1.0,-1.0|0.0|1.0,1.0,
india_79637,flood,test,normalized_stem,data/external/sen1floods11/flood_sar/India_79637_S1Hand.tif,data/external/sen1floods11/flood_mask/India_79637_LabelHand.tif,True,True,True,True,False,512,512,2,512,512,1,0.0,1.0,0.0|1.0,1.0,
india_80221,flood,test,normalized_stem,data/external/sen1floods11/flood_sar/India_80221_S1Hand.tif,data/external/sen1floods11/flood_mask/India_80221_LabelHand.tif,True,True,True,True,False,512,512,2,512,512,1,-1.0,1.0,-1.0|0.0|1.0,1.0,
india_828067,flood,test,normalized_stem,data/external/sen1floods11/flood_sar/India_828067_S1Hand.tif,data/external/sen1floods11/flood_mask/India_828067_LabelHand.tif,True,True,True,True,False,512,512,2,512,512,1,-1.0,1.0,-1.0|0.0|1.0,1.0,
india_900498,flood,test,normalized_stem,data/external/sen1floods11/flood_sar/India_900498_S1Hand.tif,data/external/sen1floods11/flood_mask/India_900498_LabelHand.tif,True,True,True,True,False,512,512,2,512,512,1,-1.0,1.0,-1.0|0.0|1.0,1.0,
india_952728,flood,test,normalized_stem,data/external/sen1floods11/flood_sar/India_952728_S1Hand.tif,data/external/sen1floods11/flood_mask/India_952728_LabelHand.tif,True,True,True,True,False,512,512,2,512,512,1,-1.0,1.0,-1.0|0.0|1.0,1.0,
mekong_1443339,flood,test,normalized_stem,data/external/sen1floods11/flood_sar/Mekong_1443339_S1Hand.tif,data/external/sen1floods11/flood_mask/Mekong_1443339_LabelHand.tif,True,True,True,True,False,512,512,2,512,512,1,-1.0,1.0,-1.0|0.0|1.0,1.0,
mekong_254910,flood,test,normalized_stem,data/external/sen1floods11/flood_sar/Mekong_254910_S1Hand.tif,data/external/sen1floods11/flood_mask/Mekong_254910_LabelHand.tif,True,True,True,True,False,512,512,2,512,512,1,-1.0,1.0,-1.0|0.0|1.0,1.0,
mekong_333434,flood,test,normalized_stem,data/external/sen1floods11/flood_sar/Mekong_333434_S1Hand.tif,data/external/sen1floods11/flood_mask/Mekong_333434_LabelHand.tif,True,True,True,True,False,512,512,2,512,512,1,-1.0,1.0,-1.0|0.0|1.0,1.0,
mekong_382276,flood,test,normalized_stem,data/external/sen1floods11/flood_sar/Mekong_382276_S1Hand.tif,data/external/sen1floods11/flood_mask/Mekong_382276_LabelHand.tif,True,True,True,True,False,512,512,2,512,512,1,-1.0,1.0,-1.0|0.0|1.0,1.0,
mekong_424793,flood,test,normalized_stem,data/external/sen1floods11/flood_sar/Mekong_424793_S1Hand.tif,data/external/sen1floods11/flood_mask/Mekong_424793_LabelHand.tif,True,True,True,True,False,512,512,2,512,512,1,-1.0,1.0,-1.0|0.0|1.0,1.0,
mekong_45934,flood,test,normalized_stem,data/external/sen1floods11/flood_sar/Mekong_45934_S1Hand.tif,data/external/sen1floods11/flood_mask/Mekong_45934_LabelHand.tif,True,True,True,True,False,512,512,2,512,512,1,-1.0,1.0,-1.0|0.0|1.0,1.0,
nigeria_22088,flood,test,normalized_stem,data/external/sen1floods11/flood_sar/Nigeria_22088_S1Hand.tif,data/external/sen1floods11/flood_mask/Nigeria_22088_LabelHand.tif,True,True,True,True,False,512,512,2,512,512,1,-1.0,1.0,-1.0|0.0|1.0,1.0,
nigeria_225131,flood,test,normalized_stem,data/external/sen1floods11/flood_sar/Nigeria_225131_S1Hand.tif,data/external/sen1floods11/flood_mask/Nigeria_225131_LabelHand.tif,True,True,True,True,False,512,512,2,512,512,1,-1.0,1.0,-1.0|0.0|1.0,1.0,
nigeria_417184,flood,test,normalized_stem,data/external/sen1floods11/flood_sar/Nigeria_417184_S1Hand.tif,data/external/sen1floods11/flood_mask/Nigeria_417184_LabelHand.tif,True,True,True,True,False,512,512,2,512,512,1,-1.0,1.0,-1.0|0.0|1.0,1.0,
nigeria_812045,flood,test,normalized_stem,data/external/sen1floods11/flood_sar/Nigeria_812045_S1Hand.tif,data/external/sen1floods11/flood_mask/Nigeria_812045_LabelHand.tif,True,True,True,True,False,512,512,2,512,512,1,-1.0,1.0,-1.0|0.0|1.0,1.0,
pakistan_167553,flood,test,normalized_stem,data/external/sen1floods11/flood_sar/Pakistan_167553_S1Hand.tif,data/external/sen1floods11/flood_mask/Pakistan_167553_LabelHand.tif,True,True,True,True,False,512,512,2,512,512,1,-1.0,1.0,-1.0|0.0|1.0,1.0,
pakistan_528249,flood,test,normalized_stem,data/external/sen1floods11/flood_sar/Pakistan_528249_S1Hand.tif,data/external/sen1floods11/flood_mask/Pakistan_528249_LabelHand.tif,True,True,True,True,False,512,512,2,512,512,1,-1.0,0.0,-1.0|0.0,1.0,
pakistan_664885,flood,test,normalized_stem,data/external/sen1floods11/flood_sar/Pakistan_664885_S1Hand.tif,data/external/sen1floods11/flood_mask/Pakistan_664885_LabelHand.tif,True,True,True,True,False,512,512,2,512,512,1,-1.0,1.0,-1.0|0.0|1.0,1.0,
pakistan_694942,flood,test,normalized_stem,data/external/sen1floods11/flood_sar/Pakistan_694942_S1Hand.tif,data/external/sen1floods11/flood_mask/Pakistan_694942_LabelHand.tif,True,True,True,True,False,512,512,2,512,512,1,-1.0,1.0,-1.0|0.0|1.0,1.0,
pakistan_70625,flood,test,normalized_stem,data/external/sen1floods11/flood_sar/Pakistan_70625_S1Hand.tif,data/external/sen1floods11/flood_mask/Pakistan_70625_LabelHand.tif,True,True,True,True,False,512,512,2,512,512,1,0.0,1.0,0.0|1.0,1.0,
pakistan_849790,flood,test,normalized_stem,data/external/sen1floods11/flood_sar/Pakistan_849790_S1Hand.tif,data/external/sen1floods11/flood_mask/Pakistan_849790_LabelHand.tif,True,True,True,True,False,512,512,2,512,512,1,-1.0,1.0,-1.0|0.0|1.0,1.0,
paraguay_1029191,flood,test,normalized_stem,data/external/sen1floods11/flood_sar/Paraguay_1029191_S1Hand.tif,data/external/sen1floods11/flood_mask/Paraguay_1029191_LabelHand.tif,True,True,True,True,False,512,512,2,512,512,1,-1.0,1.0,-1.0|0.0|1.0,1.0,
paraguay_232281,flood,test,normalized_stem,data/external/sen1floods11/flood_sar/Paraguay_232281_S1Hand.tif,data/external/sen1floods11/flood_mask/Paraguay_232281_LabelHand.tif,True,True,True,True,False,512,512,2,512,512,1,0.0,1.0,0.0|1.0,1.0,
paraguay_271769,flood,test,normalized_stem,data/external/sen1floods11/flood_sar/Paraguay_271769_S1Hand.tif,data/external/sen1floods11/flood_mask/Paraguay_271769_LabelHand.tif,True,True,True,True,False,512,512,2,512,512,1,0.0,1.0,0.0|1.0,1.0,
paraguay_280900,flood,test,normalized_stem,data/external/sen1floods11/flood_sar/Paraguay_280900_S1Hand.tif,data/external/sen1floods11/flood_mask/Paraguay_280900_LabelHand.tif,True,True,True,True,False,512,512,2,512,512,1,-1.0,1.0,-1.0|0.0|1.0,1.0,
paraguay_34417,flood,test,normalized_stem,data/external/sen1floods11/flood_sar/Paraguay_34417_S1Hand.tif,data/external/sen1floods11/flood_mask/Paraguay_34417_LabelHand.tif,True,True,True,True,False,512,512,2,512,512,1,-1.0,1.0,-1.0|1.0,1.0,
paraguay_40936,flood,test,normalized_stem,data/external/sen1floods11/flood_sar/Paraguay_40936_S1Hand.tif,data/external/sen1floods11/flood_mask/Paraguay_40936_LabelHand.tif,True,True,True,True,False,512,512,2,512,512,1,-1.0,0.0,-1.0|0.0,1.0,
paraguay_511199,flood,test,normalized_stem,data/external/sen1floods11/flood_sar/Paraguay_511199_S1Hand.tif,data/external/sen1floods11/flood_mask/Paraguay_511199_LabelHand.tif,True,True,True,True,False,512,512,2,512,512,1,0.0,1.0,0.0|1.0,1.0,
paraguay_59731,flood,test,normalized_stem,data/external/sen1floods11/flood_sar/Paraguay_59731_S1Hand.tif,data/external/sen1floods11/flood_mask/Paraguay_59731_LabelHand.tif,True,True,True,True,False,512,512,2,512,512,1,-1.0,1.0,-1.0|0.0|1.0,1.0,
paraguay_651904,flood,test,normalized_stem,data/external/sen1floods11/flood_sar/Paraguay_651904_S1Hand.tif,data/external/sen1floods11/flood_mask/Paraguay_651904_LabelHand.tif,True,True,True,True,False,512,512,2,512,512,1,0.0,1.0,0.0|1.0,1.0,
paraguay_683296,flood,test,normalized_stem,data/external/sen1floods11/flood_sar/Paraguay_683296_S1Hand.tif,data/external/sen1floods11/flood_mask/Paraguay_683296_LabelHand.tif,True,True,True,True,False,512,512,2,512,512,1,-1.0,1.0,-1.0|0.0|1.0,1.0,
paraguay_790830,flood,test,normalized_stem,data/external/sen1floods11/flood_sar/Paraguay_790830_S1Hand.tif,data/external/sen1floods11/flood_mask/Paraguay_790830_LabelHand.tif,True,True,True,True,False,512,512,2,512,512,1,-1.0,1.0,-1.0|0.0|1.0,1.0,
paraguay_80102,flood,test,normalized_stem,data/external/sen1floods11/flood_sar/Paraguay_80102_S1Hand.tif,data/external/sen1floods11/flood_mask/Paraguay_80102_LabelHand.tif,True,True,True,True,False,512,512,2,512,512,1,-1.0,1.0,-1.0|0.0|1.0,1.0,
paraguay_868895,flood,test,normalized_stem,data/external/sen1floods11/flood_sar/Paraguay_868895_S1Hand.tif,data/external/sen1floods11/flood_mask/Paraguay_868895_LabelHand.tif,True,True,True,True,False,512,512,2,512,512,1,-1.0,1.0,-1.0|0.0|1.0,1.0,
paraguay_913449,flood,test,normalized_stem,data/external/sen1floods11/flood_sar/Paraguay_913449_S1Hand.tif,data/external/sen1floods11/flood_mask/Paraguay_913449_LabelHand.tif,True,True,True,True,False,512,512,2,512,512,1,0.0,1.0,0.0|1.0,1.0,
somalia_166342,flood,test,normalized_stem,data/external/sen1floods11/flood_sar/Somalia_166342_S1Hand.tif,data/external/sen1floods11/flood_mask/Somalia_166342_LabelHand.tif,True,True,True,True,False,512,512,2,512,512,1,-1.0,1.0,-1.0|0.0|1.0,1.0,
somalia_322855,flood,test,normalized_stem,data/external/sen1floods11/flood_sar/Somalia_322855_S1Hand.tif,data/external/sen1floods11/flood_mask/Somalia_322855_LabelHand.tif,True,True,True,True,False,512,512,2,512,512,1,-1.0,1.0,-1.0|0.0|1.0,1.0,
somalia_60129,flood,test,normalized_stem,data/external/sen1floods11/flood_sar/Somalia_60129_S1Hand.tif,data/external/sen1floods11/flood_mask/Somalia_60129_LabelHand.tif,True,True,True,True,False,512,512,2,512,512,1,-1.0,1.0,-1.0|0.0|1.0,1.0,
somalia_685158,flood,test,normalized_stem,data/external/sen1floods11/flood_sar/Somalia_685158_S1Hand.tif,data/external/sen1floods11/flood_mask/Somalia_685158_LabelHand.tif,True,True,True,True,False,512,512,2,512,512,1,-1.0,1.0,-1.0|0.0|1.0,1.0,
somalia_699062,flood,test,normalized_stem,data/external/sen1floods11/flood_sar/Somalia_699062_S1Hand.tif,data/external/sen1floods11/flood_mask/Somalia_699062_LabelHand.tif,True,True,True,True,False,512,512,2,512,512,1,-1.0,1.0,-1.0|0.0|1.0,1.0,
somalia_94102,flood,test,normalized_stem,data/external/sen1floods11/flood_sar/Somalia_94102_S1Hand.tif,data/external/sen1floods11/flood_mask/Somalia_94102_LabelHand.tif,True,True,True,True,False,512,512,2,512,512,1,-1.0,1.0,-1.0|0.0|1.0,1.0,
spain_5650136,flood,test,normalized_stem,data/external/sen1floods11/flood_sar/Spain_5650136_S1Hand.tif,data/external/sen1floods11/flood_mask/Spain_5650136_LabelHand.tif,True,True,True,True,False,512,512,2,512,512,1,-1.0,1.0,-1.0|0.0|1.0,1.0,
spain_6095801,flood,test,normalized_stem,data/external/sen1floods11/flood_sar/Spain_6095801_S1Hand.tif,data/external/sen1floods11/flood_mask/Spain_6095801_LabelHand.tif,True,True,True,True,False,512,512,2,512,512,1,-1.0,1.0,-1.0|0.0|1.0,1.0,
spain_6860600,flood,test,normalized_stem,data/external/sen1floods11/flood_sar/Spain_6860600_S1Hand.tif,data/external/sen1floods11/flood_mask/Spain_6860600_LabelHand.tif,True,True,True,True,False,512,512,2,512,512,1,-1.0,1.0,-1.0|0.0|1.0,1.0,
spain_7370579,flood,test,normalized_stem,data/external/sen1floods11/flood_sar/Spain_7370579_S1Hand.tif,data/external/sen1floods11/flood_mask/Spain_7370579_LabelHand.tif,True,True,True,True,False,512,512,2,512,512,1,-1.0,1.0,-1.0|0.0|1.0,1.0,
spain_7387658,flood,test,normalized_stem,data/external/sen1floods11/flood_sar/Spain_7387658_S1Hand.tif,data/external/sen1floods11/flood_mask/Spain_7387658_LabelHand.tif,True,True,True,True,False,512,512,2,512,512,1,-1.0,1.0,-1.0|0.0|1.0,1.0,
spain_7558720,flood,test,normalized_stem,data/external/sen1floods11/flood_sar/Spain_7558720_S1Hand.tif,data/external/sen1floods11/flood_mask/Spain_7558720_LabelHand.tif,True,True,True,True,False,512,512,2,512,512,1,-1.0,1.0,-1.0|0.0|1.0,1.0,
sri-lanka_1049830,flood,test,normalized_stem,data/external/sen1floods11/flood_sar/Sri-Lanka_1049830_S1Hand.tif,data/external/sen1floods11/flood_mask/Sri-Lanka_1049830_LabelHand.tif,True,True,True,True,False,512,512,2,512,512,1,-1.0,1.0,-1.0|0.0|1.0,1.0,
sri-lanka_117737,flood,test,normalized_stem,data/external/sen1floods11/flood_sar/Sri-Lanka_117737_S1Hand.tif,data/external/sen1floods11/flood_mask/Sri-Lanka_117737_LabelHand.tif,True,True,True,True,False,512,512,2,512,512,1,0.0,1.0,0.0|1.0,1.0,
sri-lanka_377277,flood,test,normalized_stem,data/external/sen1floods11/flood_sar/Sri-Lanka_377277_S1Hand.tif,data/external/sen1floods11/flood_mask/Sri-Lanka_377277_LabelHand.tif,True,True,True,True,False,512,512,2,512,512,1,-1.0,1.0,-1.0|0.0|1.0,1.0,
sri-lanka_450918,flood,test,normalized_stem,data/external/sen1floods11/flood_sar/Sri-Lanka_450918_S1Hand.tif,data/external/sen1floods11/flood_mask/Sri-Lanka_450918_LabelHand.tif,True,True,True,True,False,512,512,2,512,512,1,-1.0,1.0,-1.0|0.0|1.0,1.0,
sri-lanka_534068,flood,test,normalized_stem,data/external/sen1floods11/flood_sar/Sri-Lanka_534068_S1Hand.tif,data/external/sen1floods11/flood_mask/Sri-Lanka_534068_LabelHand.tif,True,True,True,True,False,512,512,2,512,512,1,0.0,1.0,0.0|1.0,1.0,
sri-lanka_649970,flood,test,normalized_stem,data/external/sen1floods11/flood_sar/Sri-Lanka_649970_S1Hand.tif,data/external/sen1floods11/flood_mask/Sri-Lanka_649970_LabelHand.tif,True,True,True,True,False,512,512,2,512,512,1,-1.0,1.0,-1.0|0.0|1.0,1.0,
sri-lanka_713926,flood,test,normalized_stem,data/external/sen1floods11/flood_sar/Sri-Lanka_713926_S1Hand.tif,data/external/sen1floods11/flood_mask/Sri-Lanka_713926_LabelHand.tif,True,True,True,True,False,512,512,2,512,512,1,-1.0,1.0,-1.0|0.0|1.0,1.0,
sri-lanka_849649,flood,test,normalized_stem,data/external/sen1floods11/flood_sar/Sri-Lanka_849649_S1Hand.tif,data/external/sen1floods11/flood_mask/Sri-Lanka_849649_LabelHand.tif,True,True,True,True,False,512,512,2,512,512,1,-1.0,1.0,-1.0|0.0|1.0,1.0,
sri-lanka_922192,flood,test,normalized_stem,data/external/sen1floods11/flood_sar/Sri-Lanka_922192_S1Hand.tif,data/external/sen1floods11/flood_mask/Sri-Lanka_922192_LabelHand.tif,True,True,True,True,False,512,512,2,512,512,1,-1.0,1.0,-1.0|0.0|1.0,1.0,
usa_1049586,flood,test,normalized_stem,data/external/sen1floods11/flood_sar/USA_1049586_S1Hand.tif,data/external/sen1floods11/flood_mask/USA_1049586_LabelHand.tif,True,True,True,True,False,512,512,2,512,512,1,-1.0,1.0,-1.0|0.0|1.0,1.0,
usa_350244,flood,test,normalized_stem,data/external/sen1floods11/flood_sar/USA_350244_S1Hand.tif,data/external/sen1floods11/flood_mask/USA_350244_LabelHand.tif,True,True,True,True,False,512,512,2,512,512,1,-1.0,1.0,-1.0|0.0|1.0,1.0,
usa_430764,flood,test,normalized_stem,data/external/sen1floods11/flood_sar/USA_430764_S1Hand.tif,data/external/sen1floods11/flood_mask/USA_430764_LabelHand.tif,True,True,True,True,False,512,512,2,512,512,1,-1.0,1.0,-1.0|0.0|1.0,1.0,
usa_504150,flood,test,normalized_stem,data/external/sen1floods11/flood_sar/USA_504150_S1Hand.tif,data/external/sen1floods11/flood_mask/USA_504150_LabelHand.tif,True,True,True,True,False,512,512,2,512,512,1,-1.0,1.0,-1.0|0.0|1.0,1.0,
usa_519181,flood,test,normalized_stem,data/external/sen1floods11/flood_sar/USA_519181_S1Hand.tif,data/external/sen1floods11/flood_mask/USA_519181_LabelHand.tif,True,True,True,True,False,512,512,2,512,512,1,-1.0,1.0,-1.0|0.0|1.0,1.0,
usa_527077,flood,test,normalized_stem,data/external/sen1floods11/flood_sar/USA_527077_S1Hand.tif,data/external/sen1floods11/flood_mask/USA_527077_LabelHand.tif,True,True,True,True,False,512,512,2,512,512,1,-1.0,1.0,-1.0|0.0|1.0,1.0,
usa_595451,flood,test,normalized_stem,data/external/sen1floods11/flood_sar/USA_595451_S1Hand.tif,data/external/sen1floods11/flood_mask/USA_595451_LabelHand.tif,True,True,True,True,False,512,512,2,512,512,1,-1.0,1.0,-1.0|0.0|1.0,1.0,
usa_66511,flood,test,normalized_stem,data/external/sen1floods11/flood_sar/USA_66511_S1Hand.tif,data/external/sen1floods11/flood_mask/USA_66511_LabelHand.tif,True,True,True,True,False,512,512,2,512,512,1,-1.0,1.0,-1.0|0.0|1.0,1.0,
usa_670826,flood,test,normalized_stem,data/external/sen1floods11/flood_sar/USA_670826_S1Hand.tif,data/external/sen1floods11/flood_mask/USA_670826_LabelHand.tif,True,True,True,True,False,512,512,2,512,512,1,-1.0,1.0,-1.0|0.0|1.0,1.0,
usa_67102,flood,test,normalized_stem,data/external/sen1floods11/flood_sar/USA_67102_S1Hand.tif,data/external/sen1floods11/flood_mask/USA_67102_LabelHand.tif,True,True,True,True,False,512,512,2,512,512,1,-1.0,1.0,-1.0|0.0|1.0,1.0,
usa_758178,flood,test,normalized_stem,data/external/sen1floods11/flood_sar/USA_758178_S1Hand.tif,data/external/sen1floods11/flood_mask/USA_758178_LabelHand.tif,True,True,True,True,False,512,512,2,512,512,1,-1.0,1.0,-1.0|0.0|1.0,1.0,
usa_778194,flood,test,normalized_stem,data/external/sen1floods11/flood_sar/USA_778194_S1Hand.tif,data/external/sen1floods11/flood_mask/USA_778194_LabelHand.tif,True,True,True,True,False,512,512,2,512,512,1,-1.0,1.0,-1.0|0.0|1.0,1.0,
usa_905409,flood,test,normalized_stem,data/external/sen1floods11/flood_sar/USA_905409_S1Hand.tif,data/external/sen1floods11/flood_mask/USA_905409_LabelHand.tif,True,True,True,True,False,512,512,2,512,512,1,-1.0,1.0,-1.0|0.0|1.0,1.0,
usa_933610,flood,test,normalized_stem,data/external/sen1floods11/flood_sar/USA_933610_S1Hand.tif,data/external/sen1floods11/flood_mask/USA_933610_LabelHand.tif,True,True,True,True,False,512,512,2,512,512,1,-1.0,1.0,-1.0|0.0|1.0,1.0,
ghana_103272,flood,train,normalized_stem,data/external/sen1floods11/flood_sar/Ghana_103272_S1Hand.tif,data/external/sen1floods11/flood_mask/Ghana_103272_LabelHand.tif,True,True,True,True,False,512,512,2,512,512,1,-1.0,1.0,-1.0|0.0|1.0,1.0,
ghana_1089161,flood,train,normalized_stem,data/external/sen1floods11/flood_sar/Ghana_1089161_S1Hand.tif,data/external/sen1floods11/flood_mask/Ghana_1089161_LabelHand.tif,True,True,True,True,False,512,512,2,512,512,1,-1.0,1.0,-1.0|0.0|1.0,1.0,
ghana_11745,flood,train,normalized_stem,data/external/sen1floods11/flood_sar/Ghana_11745_S1Hand.tif,data/external/sen1floods11/flood_mask/Ghana_11745_LabelHand.tif,True,True,True,True,False,512,512,2,512,512,1,0.0,0.0,0.0,1.0,
ghana_128663,flood,train,normalized_stem,data/external/sen1floods11/flood_sar/Ghana_128663_S1Hand.tif,data/external/sen1floods11/flood_mask/Ghana_128663_LabelHand.tif,True,True,True,True,False,512,512,2,512,512,1,-1.0,0.0,-1.0|0.0,1.0,
ghana_134751,flood,train,normalized_stem,data/external/sen1floods11/flood_sar/Ghana_134751_S1Hand.tif,data/external/sen1floods11/flood_mask/Ghana_134751_LabelHand.tif,True,True,True,True,False,512,512,2,512,512,1,-1.0,0.0,-1.0|0.0,1.0,
ghana_135389,flood,train,normalized_stem,data/external/sen1floods11/flood_sar/Ghana_135389_S1Hand.tif,data/external/sen1floods11/flood_mask/Ghana_135389_LabelHand.tif,True,True,True,True,False,512,512,2,512,512,1,-1.0,1.0,-1.0|0.0|1.0,1.0,
ghana_141910,flood,train,normalized_stem,data/external/sen1floods11/flood_sar/Ghana_141910_S1Hand.tif,data/external/sen1floods11/flood_mask/Ghana_141910_LabelHand.tif,True,True,True,True,False,512,512,2,512,512,1,0.0,1.0,0.0|1.0,1.0,
ghana_144050,flood,train,normalized_stem,data/external/sen1floods11/flood_sar/Ghana_144050_S1Hand.tif,data/external/sen1floods11/flood_mask/Ghana_144050_LabelHand.tif,True,True,True,True,False,512,512,2,512,512,1,-1.0,0.0,-1.0|0.0,1.0,
ghana_146222,flood,train,normalized_stem,data/external/sen1floods11/flood_sar/Ghana_146222_S1Hand.tif,data/external/sen1floods11/flood_mask/Ghana_146222_LabelHand.tif,True,True,True,True,False,512,512,2,512,512,1,-1.0,0.0,-1.0|0.0,1.0,
ghana_147015,flood,train,normalized_stem,data/external/sen1floods11/flood_sar/Ghana_147015_S1Hand.tif,data/external/sen1floods11/flood_mask/Ghana_147015_LabelHand.tif,True,True,True,True,False,512,512,2,512,512,1,0.0,1.0,0.0|1.0,1.0,
ghana_154838,flood,train,normalized_stem,data/external/sen1floods11/flood_sar/Ghana_154838_S1Hand.tif,data/external/sen1floods11/flood_mask/Ghana_154838_LabelHand.tif,True,True,True,True,False,512,512,2,512,512,1,-1.0,0.0,-1.0|0.0,1.0,
ghana_156478,flood,train,normalized_stem,data/external/sen1floods11/flood_sar/Ghana_156478_S1Hand.tif,data/external/sen1floods11/flood_mask/Ghana_156478_LabelHand.tif,True,True,True,True,False,512,512,2,512,512,1,0.0,0.0,0.0,1.0,
ghana_161233,flood,train,normalized_stem,data/external/sen1floods11/flood_sar/Ghana_161233_S1Hand.tif,data/external/sen1floods11/flood_mask/Ghana_161233_LabelHand.tif,True,True,True,True,False,512,512,2,512,512,1,-1.0,0.0,-1.0|0.0,1.0,
ghana_168875,flood,train,normalized_stem,data/external/sen1floods11/flood_sar/Ghana_168875_S1Hand.tif,data/external/sen1floods11/flood_mask/Ghana_168875_LabelHand.tif,True,True,True,True,False,512,512,2,512,512,1,-1.0,0.0,-1.0|0.0,1.0,
ghana_187318,flood,train,normalized_stem,data/external/sen1floods11/flood_sar/Ghana_187318_S1Hand.tif,data/external/sen1floods11/flood_mask/Ghana_187318_LabelHand.tif,True,True,True,True,False,512,512,2,512,512,1,0.0,0.0,0.0,1.0,
ghana_194723,flood,train,normalized_stem,data/external/sen1floods11/flood_sar/Ghana_194723_S1Hand.tif,data/external/sen1floods11/flood_mask/Ghana_194723_LabelHand.tif,True,True,True,True,False,512,512,2,512,512,1,-1.0,0.0,-1.0|0.0,1.0,
ghana_247288,flood,train,normalized_stem,data/external/sen1floods11/flood_sar/Ghana_247288_S1Hand.tif,data/external/sen1floods11/flood_mask/Ghana_247288_LabelHand.tif,True,True,True,True,False,512,512,2,512,512,1,-1.0,1.0,-1.0|0.0|1.0,1.0,
ghana_24858,flood,train,normalized_stem,data/external/sen1floods11/flood_sar/Ghana_24858_S1Hand.tif,data/external/sen1floods11/flood_mask/Ghana_24858_LabelHand.tif,True,True,True,True,True,512,512,2,512,512,1,1.0,1.0,1.0,0.0018463134765625,
ghana_26376,flood,train,normalized_stem,data/external/sen1floods11/flood_sar/Ghana_26376_S1Hand.tif,data/external/sen1floods11/flood_mask/Ghana_26376_LabelHand.tif,True,True,True,True,False,512,512,2,512,512,1,-1.0,-1.0,-1.0,1.0,
ghana_264787,flood,train,normalized_stem,data/external/sen1floods11/flood_sar/Ghana_264787_S1Hand.tif,data/external/sen1floods11/flood_mask/Ghana_264787_LabelHand.tif,True,True,True,True,False,512,512,2,512,512,1,-1.0,0.0,-1.0|0.0,1.0,
ghana_362274,flood,train,normalized_stem,data/external/sen1floods11/flood_sar/Ghana_362274_S1Hand.tif,data/external/sen1floods11/flood_mask/Ghana_362274_LabelHand.tif,True,True,True,True,False,512,512,2,512,512,1,-1.0,1.0,-1.0|0.0|1.0,1.0,
ghana_45911,flood,train,normalized_stem,data/external/sen1floods11/flood_sar/Ghana_45911_S1Hand.tif,data/external/sen1floods11/flood_mask/Ghana_45911_LabelHand.tif,True,True,True,True,False,512,512,2,512,512,1,-1.0,0.0,-1.0|0.0,1.0,
ghana_49890,flood,train,normalized_stem,data/external/sen1floods11/flood_sar/Ghana_49890_S1Hand.tif,data/external/sen1floods11/flood_mask/Ghana_49890_LabelHand.tif,True,True,True,True,False,512,512,2,512,512,1,0.0,0.0,0.0,1.0,
ghana_597288,flood,train,normalized_stem,data/external/sen1floods11/flood_sar/Ghana_597288_S1Hand.tif,data/external/sen1floods11/flood_mask/Ghana_597288_LabelHand.tif,True,True,True,True,False,512,512,2,512,512,1,0.0,1.0,0.0|1.0,1.0,
ghana_61925,flood,train,normalized_stem,data/external/sen1floods11/flood_sar/Ghana_61925_S1Hand.tif,data/external/sen1floods11/flood_mask/Ghana_61925_LabelHand.tif,True,True,True,True,False,512,512,2,512,512,1,0.0,1.0,0.0|1.0,1.0,
ghana_7496,flood,train,normalized_stem,data/external/sen1floods11/flood_sar/Ghana_7496_S1Hand.tif,data/external/sen1floods11/flood_mask/Ghana_7496_LabelHand.tif,True,True,True,True,False,512,512,2,512,512,1,0.0,0.0,0.0,1.0,
ghana_8090,flood,train,normalized_stem,data/external/sen1floods11/flood_sar/Ghana_8090_S1Hand.tif,data/external/sen1floods11/flood_mask/Ghana_8090_LabelHand.tif,True,True,True,True,False,512,512,2,512,512,1,-1.0,1.0,-1.0|0.0|1.0,1.0,
ghana_83200,flood,train,normalized_stem,data/external/sen1floods11/flood_sar/Ghana_83200_S1Hand.tif,data/external/sen1floods11/flood_mask/Ghana_83200_LabelHand.tif,True,True,True,True,False,512,512,2,512,512,1,-1.0,1.0,-1.0|0.0|1.0,1.0,
ghana_887131,flood,train,normalized_stem,data/external/sen1floods11/flood_sar/Ghana_887131_S1Hand.tif,data/external/sen1floods11/flood_mask/Ghana_887131_LabelHand.tif,True,True,True,True,False,512,512,2,512,512,1,0.0,1.0,0.0|1.0,1.0,
ghana_953791,flood,train,normalized_stem,data/external/sen1floods11/flood_sar/Ghana_953791_S1Hand.tif,data/external/sen1floods11/flood_mask/Ghana_953791_LabelHand.tif,True,True,True,True,False,512,512,2,512,512,1,0.0,1.0,0.0|1.0,1.0,
ghana_97516,flood,train,normalized_stem,data/external/sen1floods11/flood_sar/Ghana_97516_S1Hand.tif,data/external/sen1floods11/flood_mask/Ghana_97516_LabelHand.tif,True,True,True,True,False,512,512,2,512,512,1,-1.0,1.0,-1.0|0.0|1.0,1.0,
india_1017769,flood,train,normalized_stem,data/external/sen1floods11/flood_sar/India_1017769_S1Hand.tif,data/external/sen1floods11/flood_mask/India_1017769_LabelHand.tif,True,True,True,True,False,512,512,2,512,512,1,-1.0,1.0,-1.0|0.0|1.0,1.0,
india_103447,flood,train,normalized_stem,data/external/sen1floods11/flood_sar/India_103447_S1Hand.tif,data/external/sen1floods11/flood_mask/India_103447_LabelHand.tif,True,True,True,True,False,512,512,2,512,512,1,-1.0,1.0,-1.0|0.0|1.0,1.0,
india_1072277,flood,train,normalized_stem,data/external/sen1floods11/flood_sar/India_1072277_S1Hand.tif,data/external/sen1floods11/flood_mask/India_1072277_LabelHand.tif,True,True,True,True,False,512,512,2,512,512,1,-1.0,1.0,-1.0|0.0|1.0,1.0,
india_135434,flood,train,normalized_stem,data/external/sen1floods11/flood_sar/India_135434_S1Hand.tif,data/external/sen1floods11/flood_mask/India_135434_LabelHand.tif,True,True,True,True,False,512,512,2,512,512,1,-1.0,1.0,-1.0|0.0|1.0,1.0,
india_136196,flood,train,normalized_stem,data/external/sen1floods11/flood_sar/India_136196_S1Hand.tif,data/external/sen1floods11/flood_mask/India_136196_LabelHand.tif,True,True,True,True,False,512,512,2,512,512,1,-1.0,0.0,-1.0|0.0,1.0,
india_166709,flood,train,normalized_stem,data/external/sen1floods11/flood_sar/India_166709_S1Hand.tif,data/external/sen1floods11/flood_mask/India_166709_LabelHand.tif,True,True,True,True,False,512,512,2,512,512,1,-1.0,1.0,-1.0|0.0|1.0,1.0,
india_177319,flood,train,normalized_stem,data/external/sen1floods11/flood_sar/India_177319_S1Hand.tif,data/external/sen1floods11/flood_mask/India_177319_LabelHand.tif,True,True,True,True,False,512,512,2,512,512,1,-1.0,1.0,-1.0|0.0|1.0,1.0,
india_179238,flood,train,normalized_stem,data/external/sen1floods11/flood_sar/India_179238_S1Hand.tif,data/external/sen1floods11/flood_mask/India_179238_LabelHand.tif,True,True,True,True,False,512,512,2,512,512,1,-1.0,1.0,-1.0|0.0|1.0,1.0,
india_207862,flood,train,normalized_stem,data/external/sen1floods11/flood_sar/India_207862_S1Hand.tif,data/external/sen1floods11/flood_mask/India_207862_LabelHand.tif,True,True,True,True,False,512,512,2,512,512,1,-1.0,1.0,-1.0|0.0|1.0,1.0,
india_25540,flood,train,normalized_stem,data/external/sen1floods11/flood_sar/India_25540_S1Hand.tif,data/external/sen1floods11/flood_mask/India_25540_LabelHand.tif,True,True,True,True,False,512,512,2,512,512,1,-1.0,1.0,-1.0|0.0|1.0,1.0,
india_265762,flood,train,normalized_stem,data/external/sen1floods11/flood_sar/India_265762_S1Hand.tif,data/external/sen1floods11/flood_mask/India_265762_LabelHand.tif,True,True,True,True,False,512,512,2,512,512,1,-1.0,1.0,-1.0|0.0|1.0,1.0,
india_273873,flood,train,normalized_stem,data/external/sen1floods11/flood_sar/India_273873_S1Hand.tif,data/external/sen1floods11/flood_mask/India_273873_LabelHand.tif,True,True,True,True,False,512,512,2,512,512,1,-1.0,1.0,-1.0|0.0|1.0,1.0,
india_285297,flood,train,normalized_stem,data/external/sen1floods11/flood_sar/India_285297_S1Hand.tif,data/external/sen1floods11/flood_mask/India_285297_LabelHand.tif,True,True,True,True,False,512,512,2,512,512,1,-1.0,1.0,-1.0|0.0|1.0,1.0,
india_287642,flood,train,normalized_stem,data/external/sen1floods11/flood_sar/India_287642_S1Hand.tif,data/external/sen1floods11/flood_mask/India_287642_LabelHand.tif,True,True,True,True,False,512,512,2,512,512,1,-1.0,1.0,-1.0|0.0|1.0,1.0,
india_324254,flood,train,normalized_stem,data/external/sen1floods11/flood_sar/India_324254_S1Hand.tif,data/external/sen1floods11/flood_mask/India_324254_LabelHand.tif,True,True,True,True,False,512,512,2,512,512,1,0.0,1.0,0.0|1.0,1.0,
india_373039,flood,train,normalized_stem,data/external/sen1floods11/flood_sar/India_373039_S1Hand.tif,data/external/sen1floods11/flood_mask/India_373039_LabelHand.tif,True,True,True,True,False,512,512,2,512,512,1,-1.0,1.0,-1.0|0.0|1.0,1.0,
india_383430,flood,train,normalized_stem,data/external/sen1floods11/flood_sar/India_383430_S1Hand.tif,data/external/sen1floods11/flood_mask/India_383430_LabelHand.tif,True,True,True,True,False,512,512,2,512,512,1,-1.0,1.0,-1.0|0.0|1.0,1.0,
india_391908,flood,train,normalized_stem,data/external/sen1floods11/flood_sar/India_391908_S1Hand.tif,data/external/sen1floods11/flood_mask/India_391908_LabelHand.tif,True,True,True,True,False,512,512,2,512,512,1,-1.0,1.0,-1.0|0.0|1.0,1.0,
india_500266,flood,train,normalized_stem,data/external/sen1floods11/flood_sar/India_500266_S1Hand.tif,data/external/sen1floods11/flood_mask/India_500266_LabelHand.tif,True,True,True,True,False,512,512,2,512,512,1,-1.0,1.0,-1.0|0.0|1.0,1.0,
india_534470,flood,train,normalized_stem,data/external/sen1floods11/flood_sar/India_534470_S1Hand.tif,data/external/sen1floods11/flood_mask/India_534470_LabelHand.tif,True,True,True,True,False,512,512,2,512,512,1,-1.0,1.0,-1.0|0.0|1.0,1.0,
india_56450,flood,train,normalized_stem,data/external/sen1floods11/flood_sar/India_56450_S1Hand.tif,data/external/sen1floods11/flood_mask/India_56450_LabelHand.tif,True,True,True,True,False,512,512,2,512,512,1,-1.0,1.0,-1.0|0.0|1.0,1.0,
india_566697,flood,train,normalized_stem,data/external/sen1floods11/flood_sar/India_566697_S1Hand.tif,data/external/sen1floods11/flood_mask/India_566697_LabelHand.tif,True,True,True,True,False,512,512,2,512,512,1,-1.0,1.0,-1.0|0.0|1.0,1.0,
india_591549,flood,train,normalized_stem,data/external/sen1floods11/flood_sar/India_591549_S1Hand.tif,data/external/sen1floods11/flood_mask/India_591549_LabelHand.tif,True,True,True,True,False,512,512,2,512,512,1,-1.0,1.0,-1.0|0.0|1.0,1.0,
india_59460,flood,train,normalized_stem,data/external/sen1floods11/flood_sar/India_59460_S1Hand.tif,data/external/sen1floods11/flood_mask/India_59460_LabelHand.tif,True,True,True,True,False,512,512,2,512,512,1,-1.0,1.0,-1.0|0.0|1.0,1.0,
india_624341,flood,train,normalized_stem,data/external/sen1floods11/flood_sar/India_624341_S1Hand.tif,data/external/sen1floods11/flood_mask/India_624341_LabelHand.tif,True,True,True,True,False,512,512,2,512,512,1,-1.0,1.0,-1.0|0.0|1.0,1.0,
india_652725,flood,train,normalized_stem,data/external/sen1floods11/flood_sar/India_652725_S1Hand.tif,data/external/sen1floods11/flood_mask/India_652725_LabelHand.tif,True,True,True,True,False,512,512,2,512,512,1,-1.0,1.0,-1.0|0.0|1.0,1.0,
india_664410,flood,train,normalized_stem,data/external/sen1floods11/flood_sar/India_664410_S1Hand.tif,data/external/sen1floods11/flood_mask/India_664410_LabelHand.tif,True,True,True,True,False,512,512,2,512,512,1,-1.0,1.0,-1.0|0.0|1.0,1.0,
india_698338,flood,train,normalized_stem,data/external/sen1floods11/flood_sar/India_698338_S1Hand.tif,data/external/sen1floods11/flood_mask/India_698338_LabelHand.tif,True,True,True,True,False,512,512,2,512,512,1,-1.0,1.0,-1.0|0.0|1.0,1.0,
india_707886,flood,train,normalized_stem,data/external/sen1floods11/flood_sar/India_707886_S1Hand.tif,data/external/sen1floods11/flood_mask/India_707886_LabelHand.tif,True,True,True,True,False,512,512,2,512,512,1,-1.0,1.0,-1.0|0.0|1.0,1.0,
india_73419,flood,train,normalized_stem,data/external/sen1floods11/flood_sar/India_73419_S1Hand.tif,data/external/sen1floods11/flood_mask/India_73419_LabelHand.tif,True,True,True,True,False,512,512,2,512,512,1,-1.0,1.0,-1.0|0.0|1.0,1.0,
india_747970,flood,train,normalized_stem,data/external/sen1floods11/flood_sar/India_747970_S1Hand.tif,data/external/sen1floods11/flood_mask/India_747970_LabelHand.tif,True,True,True,True,False,512,512,2,512,512,1,-1.0,1.0,-1.0|0.0|1.0,1.0,
india_773682,flood,train,normalized_stem,data/external/sen1floods11/flood_sar/India_773682_S1Hand.tif,data/external/sen1floods11/flood_mask/India_773682_LabelHand.tif,True,True,True,True,False,512,512,2,512,512,1,-1.0,1.0,-1.0|0.0|1.0,1.0,
india_774689,flood,train,normalized_stem,data/external/sen1floods11/flood_sar/India_774689_S1Hand.tif,data/external/sen1floods11/flood_mask/India_774689_LabelHand.tif,True,True,True,True,False,512,512,2,512,512,1,-1.0,1.0,-1.0|0.0|1.0,1.0,
india_804466,flood,train,normalized_stem,data/external/sen1floods11/flood_sar/India_804466_S1Hand.tif,data/external/sen1floods11/flood_mask/India_804466_LabelHand.tif,True,True,True,True,False,512,512,2,512,512,1,-1.0,1.0,-1.0|0.0|1.0,1.0,
india_842775,flood,train,normalized_stem,data/external/sen1floods11/flood_sar/India_842775_S1Hand.tif,data/external/sen1floods11/flood_mask/India_842775_LabelHand.tif,True,True,True,True,False,512,512,2,512,512,1,-1.0,1.0,-1.0|0.0|1.0,1.0,
india_91379,flood,train,normalized_stem,data/external/sen1floods11/flood_sar/India_91379_S1Hand.tif,data/external/sen1floods11/flood_mask/India_91379_LabelHand.tif,True,True,True,True,False,512,512,2,512,512,1,-1.0,1.0,-1.0|0.0|1.0,1.0,
india_943439,flood,train,normalized_stem,data/external/sen1floods11/flood_sar/India_943439_S1Hand.tif,data/external/sen1floods11/flood_mask/India_943439_LabelHand.tif,True,True,True,True,False,512,512,2,512,512,1,-1.0,1.0,-1.0|0.0|1.0,1.0,
india_956930,flood,train,normalized_stem,data/external/sen1floods11/flood_sar/India_956930_S1Hand.tif,data/external/sen1floods11/flood_mask/India_956930_LabelHand.tif,True,True,True,True,False,512,512,2,512,512,1,-1.0,1.0,-1.0|0.0|1.0,1.0,
india_979278,flood,train,normalized_stem,data/external/sen1floods11/flood_sar/India_979278_S1Hand.tif,data/external/sen1floods11/flood_mask/India_979278_LabelHand.tif,True,True,True,True,False,512,512,2,512,512,1,-1.0,1.0,-1.0|0.0|1.0,1.0,
india_981708,flood,train,normalized_stem,data/external/sen1floods11/flood_sar/India_981708_S1Hand.tif,data/external/sen1floods11/flood_mask/India_981708_LabelHand.tif,True,True,True,True,False,512,512,2,512,512,1,-1.0,1.0,-1.0|0.0|1.0,1.0,
mekong_1111068,flood,train,normalized_stem,data/external/sen1floods11/flood_sar/Mekong_1111068_S1Hand.tif,data/external/sen1floods11/flood_mask/Mekong_1111068_LabelHand.tif,True,True,True,True,False,512,512,2,512,512,1,-1.0,1.0,-1.0|0.0|1.0,1.0,
mekong_1191208,flood,train,normalized_stem,data/external/sen1floods11/flood_sar/Mekong_1191208_S1Hand.tif,data/external/sen1floods11/flood_mask/Mekong_1191208_LabelHand.tif,True,True,True,True,False,512,512,2,512,512,1,-1.0,1.0,-1.0|0.0|1.0,1.0,
mekong_119477,flood,train,normalized_stem,data/external/sen1floods11/flood_sar/Mekong_119477_S1Hand.tif,data/external/sen1floods11/flood_mask/Mekong_119477_LabelHand.tif,True,True,True,True,False,512,512,2,512,512,1,-1.0,1.0,-1.0|0.0|1.0,1.0,
mekong_1248200,flood,train,normalized_stem,data/external/sen1floods11/flood_sar/Mekong_1248200_S1Hand.tif,data/external/sen1floods11/flood_mask/Mekong_1248200_LabelHand.tif,True,True,True,True,False,512,512,2,512,512,1,-1.0,1.0,-1.0|0.0|1.0,1.0,
mekong_1282475,flood,train,normalized_stem,data/external/sen1floods11/flood_sar/Mekong_1282475_S1Hand.tif,data/external/sen1floods11/flood_mask/Mekong_1282475_LabelHand.tif,True,True,True,True,False,512,512,2,512,512,1,0.0,1.0,0.0|1.0,1.0,
mekong_1395593,flood,train,normalized_stem,data/external/sen1floods11/flood_sar/Mekong_1395593_S1Hand.tif,data/external/sen1floods11/flood_mask/Mekong_1395593_LabelHand.tif,True,True,True,True,False,512,512,2,512,512,1,-1.0,1.0,-1.0|0.0|1.0,1.0,
mekong_1396181,flood,train,normalized_stem,data/external/sen1floods11/flood_sar/Mekong_1396181_S1Hand.tif,data/external/sen1floods11/flood_mask/Mekong_1396181_LabelHand.tif,True,True,True,True,False,512,512,2,512,512,1,-1.0,1.0,-1.0|0.0|1.0,1.0,
mekong_1439641,flood,train,normalized_stem,data/external/sen1floods11/flood_sar/Mekong_1439641_S1Hand.tif,data/external/sen1floods11/flood_mask/Mekong_1439641_LabelHand.tif,True,True,True,True,False,512,512,2,512,512,1,-1.0,1.0,-1.0|0.0|1.0,1.0,
mekong_16233,flood,train,normalized_stem,data/external/sen1floods11/flood_sar/Mekong_16233_S1Hand.tif,data/external/sen1floods11/flood_mask/Mekong_16233_LabelHand.tif,True,True,True,True,False,512,512,2,512,512,1,-1.0,1.0,-1.0|0.0|1.0,1.0,
mekong_213094,flood,train,normalized_stem,data/external/sen1floods11/flood_sar/Mekong_213094_S1Hand.tif,data/external/sen1floods11/flood_mask/Mekong_213094_LabelHand.tif,True,True,True,True,False,512,512,2,512,512,1,-1.0,1.0,-1.0|0.0|1.0,1.0,
mekong_221789,flood,train,normalized_stem,data/external/sen1floods11/flood_sar/Mekong_221789_S1Hand.tif,data/external/sen1floods11/flood_mask/Mekong_221789_LabelHand.tif,True,True,True,True,False,512,512,2,512,512,1,-1.0,0.0,-1.0|0.0,1.0,
mekong_269835,flood,train,normalized_stem,data/external/sen1floods11/flood_sar/Mekong_269835_S1Hand.tif,data/external/sen1floods11/flood_mask/Mekong_269835_LabelHand.tif,True,True,True,True,False,512,512,2,512,512,1,-1.0,1.0,-1.0|0.0|1.0,1.0,
mekong_342411,flood,train,normalized_stem,data/external/sen1floods11/flood_sar/Mekong_342411_S1Hand.tif,data/external/sen1floods11/flood_mask/Mekong_342411_LabelHand.tif,True,True,True,True,False,512,512,2,512,512,1,-1.0,1.0,-1.0|0.0|1.0,1.0,
mekong_52610,flood,train,normalized_stem,data/external/sen1floods11/flood_sar/Mekong_52610_S1Hand.tif,data/external/sen1floods11/flood_mask/Mekong_52610_LabelHand.tif,True,True,True,True,False,512,512,2,512,512,1,0.0,1.0,0.0|1.0,1.0,
mekong_596495,flood,train,normalized_stem,data/external/sen1floods11/flood_sar/Mekong_596495_S1Hand.tif,data/external/sen1floods11/flood_mask/Mekong_596495_LabelHand.tif,True,True,True,True,False,512,512,2,512,512,1,-1.0,1.0,-1.0|0.0|1.0,1.0,
mekong_774566,flood,train,normalized_stem,data/external/sen1floods11/flood_sar/Mekong_774566_S1Hand.tif,data/external/sen1floods11/flood_mask/Mekong_774566_LabelHand.tif,True,True,True,True,False,512,512,2,512,512,1,-1.0,1.0,-1.0|0.0|1.0,1.0,
mekong_846007,flood,train,normalized_stem,data/external/sen1floods11/flood_sar/Mekong_846007_S1Hand.tif,data/external/sen1floods11/flood_mask/Mekong_846007_LabelHand.tif,True,True,True,True,False,512,512,2,512,512,1,-1.0,1.0,-1.0|0.0|1.0,1.0,
mekong_922373,flood,train,normalized_stem,data/external/sen1floods11/flood_sar/Mekong_922373_S1Hand.tif,data/external/sen1floods11/flood_mask/Mekong_922373_LabelHand.tif,True,True,True,True,False,512,512,2,512,512,1,-1.0,1.0,-1.0|0.0|1.0,1.0,
nigeria_143329,flood,train,normalized_stem,data/external/sen1floods11/flood_sar/Nigeria_143329_S1Hand.tif,data/external/sen1floods11/flood_mask/Nigeria_143329_LabelHand.tif,True,True,True,True,False,512,512,2,512,512,1,-1.0,1.0,-1.0|0.0|1.0,1.0,
nigeria_35845,flood,train,normalized_stem,data/external/sen1floods11/flood_sar/Nigeria_35845_S1Hand.tif,data/external/sen1floods11/flood_mask/Nigeria_35845_LabelHand.tif,True,True,True,True,False,512,512,2,512,512,1,-1.0,1.0,-1.0|0.0|1.0,1.0,
nigeria_439488,flood,train,normalized_stem,data/external/sen1floods11/flood_sar/Nigeria_439488_S1Hand.tif,data/external/sen1floods11/flood_mask/Nigeria_439488_LabelHand.tif,True,True,True,True,False,512,512,2,512,512,1,-1.0,1.0,-1.0|0.0|1.0,1.0,
nigeria_529525,flood,train,normalized_stem,data/external/sen1floods11/flood_sar/Nigeria_529525_S1Hand.tif,data/external/sen1floods11/flood_mask/Nigeria_529525_LabelHand.tif,True,True,True,True,False,512,512,2,512,512,1,0.0,1.0,0.0|1.0,1.0,
nigeria_598959,flood,train,normalized_stem,data/external/sen1floods11/flood_sar/Nigeria_598959_S1Hand.tif,data/external/sen1floods11/flood_mask/Nigeria_598959_LabelHand.tif,True,True,True,True,False,512,512,2,512,512,1,-1.0,1.0,-1.0|0.0|1.0,1.0,
nigeria_600295,flood,train,normalized_stem,data/external/sen1floods11/flood_sar/Nigeria_600295_S1Hand.tif,data/external/sen1floods11/flood_mask/Nigeria_600295_LabelHand.tif,True,True,True,True,False,512,512,2,512,512,1,-1.0,1.0,-1.0|0.0|1.0,1.0,
nigeria_707067,flood,train,normalized_stem,data/external/sen1floods11/flood_sar/Nigeria_707067_S1Hand.tif,data/external/sen1floods11/flood_mask/Nigeria_707067_LabelHand.tif,True,True,True,True,False,512,512,2,512,512,1,-1.0,1.0,-1.0|0.0|1.0,1.0,
nigeria_78061,flood,train,normalized_stem,data/external/sen1floods11/flood_sar/Nigeria_78061_S1Hand.tif,data/external/sen1floods11/flood_mask/Nigeria_78061_LabelHand.tif,True,True,True,True,False,512,512,2,512,512,1,-1.0,1.0,-1.0|0.0|1.0,1.0,
nigeria_81933,flood,train,normalized_stem,data/external/sen1floods11/flood_sar/Nigeria_81933_S1Hand.tif,data/external/sen1floods11/flood_mask/Nigeria_81933_LabelHand.tif,True,True,True,True,False,512,512,2,512,512,1,-1.0,1.0,-1.0|0.0|1.0,1.0,
nigeria_952958,flood,train,normalized_stem,data/external/sen1floods11/flood_sar/Nigeria_952958_S1Hand.tif,data/external/sen1floods11/flood_mask/Nigeria_952958_LabelHand.tif,True,True,True,True,False,512,512,2,512,512,1,-1.0,1.0,-1.0|0.0|1.0,1.0,
pakistan_1036366,flood,train,normalized_stem,data/external/sen1floods11/flood_sar/Pakistan_1036366_S1Hand.tif,data/external/sen1floods11/flood_mask/Pakistan_1036366_LabelHand.tif,True,True,True,True,False,512,512,2,512,512,1,-1.0,1.0,-1.0|0.0|1.0,1.0,
pakistan_132143,flood,train,normalized_stem,data/external/sen1floods11/flood_sar/Pakistan_132143_S1Hand.tif,data/external/sen1floods11/flood_mask/Pakistan_132143_LabelHand.tif,True,True,True,True,False,512,512,2,512,512,1,0.0,0.0,0.0,1.0,
pakistan_211386,flood,train,normalized_stem,data/external/sen1floods11/flood_sar/Pakistan_211386_S1Hand.tif,data/external/sen1floods11/flood_mask/Pakistan_211386_LabelHand.tif,True,True,True,True,False,512,512,2,512,512,1,-1.0,1.0,-1.0|0.0|1.0,1.0,
pakistan_246510,flood,train,normalized_stem,data/external/sen1floods11/flood_sar/Pakistan_246510_S1Hand.tif,data/external/sen1floods11/flood_mask/Pakistan_246510_LabelHand.tif,True,True,True,True,False,512,512,2,512,512,1,-1.0,1.0,-1.0|0.0|1.0,1.0,
pakistan_246718,flood,train,normalized_stem,data/external/sen1floods11/flood_sar/Pakistan_246718_S1Hand.tif,data/external/sen1floods11/flood_mask/Pakistan_246718_LabelHand.tif,True,True,True,True,False,512,512,2,512,512,1,-1.0,1.0,-1.0|0.0|1.0,1.0,
pakistan_35915,flood,train,normalized_stem,data/external/sen1floods11/flood_sar/Pakistan_35915_S1Hand.tif,data/external/sen1floods11/flood_mask/Pakistan_35915_LabelHand.tif,True,True,True,True,False,512,512,2,512,512,1,-1.0,1.0,-1.0|0.0|1.0,1.0,
pakistan_366265,flood,train,normalized_stem,data/external/sen1floods11/flood_sar/Pakistan_366265_S1Hand.tif,data/external/sen1floods11/flood_mask/Pakistan_366265_LabelHand.tif,True,True,True,True,False,512,512,2,512,512,1,-1.0,1.0,-1.0|0.0|1.0,1.0,
pakistan_401863,flood,train,normalized_stem,data/external/sen1floods11/flood_sar/Pakistan_401863_S1Hand.tif,data/external/sen1floods11/flood_mask/Pakistan_401863_LabelHand.tif,True,True,True,True,False,512,512,2,512,512,1,-1.0,1.0,-1.0|0.0|1.0,1.0,
pakistan_474121,flood,train,normalized_stem,data/external/sen1floods11/flood_sar/Pakistan_474121_S1Hand.tif,data/external/sen1floods11/flood_mask/Pakistan_474121_LabelHand.tif,True,True,True,True,False,512,512,2,512,512,1,-1.0,1.0,-1.0|0.0|1.0,1.0,
pakistan_548910,flood,train,normalized_stem,data/external/sen1floods11/flood_sar/Pakistan_548910_S1Hand.tif,data/external/sen1floods11/flood_mask/Pakistan_548910_LabelHand.tif,True,True,True,True,False,512,512,2,512,512,1,-1.0,1.0,-1.0|0.0|1.0,1.0,
pakistan_65724,flood,train,normalized_stem,data/external/sen1floods11/flood_sar/Pakistan_65724_S1Hand.tif,data/external/sen1floods11/flood_mask/Pakistan_65724_LabelHand.tif,True,True,True,True,False,512,512,2,512,512,1,-1.0,0.0,-1.0|0.0,1.0,
pakistan_667363,flood,train,normalized_stem,data/external/sen1floods11/flood_sar/Pakistan_667363_S1Hand.tif,data/external/sen1floods11/flood_mask/Pakistan_667363_LabelHand.tif,True,True,True,True,False,512,512,2,512,512,1,-1.0,1.0,-1.0|0.0|1.0,1.0,
pakistan_712873,flood,train,normalized_stem,data/external/sen1floods11/flood_sar/Pakistan_712873_S1Hand.tif,data/external/sen1floods11/flood_mask/Pakistan_712873_LabelHand.tif,True,True,True,True,False,512,512,2,512,512,1,-1.0,1.0,-1.0|0.0|1.0,1.0,
pakistan_740461,flood,train,normalized_stem,data/external/sen1floods11/flood_sar/Pakistan_740461_S1Hand.tif,data/external/sen1floods11/flood_mask/Pakistan_740461_LabelHand.tif,True,True,True,True,False,512,512,2,512,512,1,-1.0,0.0,-1.0|0.0,1.0,
pakistan_760290,flood,train,normalized_stem,data/external/sen1floods11/flood_sar/Pakistan_760290_S1Hand.tif,data/external/sen1floods11/flood_mask/Pakistan_760290_LabelHand.tif,True,True,True,True,False,512,512,2,512,512,1,-1.0,0.0,-1.0|0.0,1.0,
pakistan_909806,flood,train,normalized_stem,data/external/sen1floods11/flood_sar/Pakistan_909806_S1Hand.tif,data/external/sen1floods11/flood_mask/Pakistan_909806_LabelHand.tif,True,True,True,True,False,512,512,2,512,512,1,-1.0,1.0,-1.0|0.0|1.0,1.0,
paraguay_1029042,flood,train,normalized_stem,data/external/sen1floods11/flood_sar/Paraguay_1029042_S1Hand.tif,data/external/sen1floods11/flood_mask/Paraguay_1029042_LabelHand.tif,True,True,True,True,False,512,512,2,512,512,1,-1.0,1.0,-1.0|0.0|1.0,1.0,
paraguay_1056717,flood,train,normalized_stem,data/external/sen1floods11/flood_sar/Paraguay_1056717_S1Hand.tif,data/external/sen1floods11/flood_mask/Paraguay_1056717_LabelHand.tif,True,True,True,True,False,512,512,2,512,512,1,0.0,1.0,0.0|1.0,1.0,
paraguay_1076204,flood,train,normalized_stem,data/external/sen1floods11/flood_sar/Paraguay_1076204_S1Hand.tif,data/external/sen1floods11/flood_mask/Paraguay_1076204_LabelHand.tif,True,True,True,True,False,512,512,2,512,512,1,0.0,1.0,0.0|1.0,1.0,
paraguay_11869,flood,train,normalized_stem,data/external/sen1floods11/flood_sar/Paraguay_11869_S1Hand.tif,data/external/sen1floods11/flood_mask/Paraguay_11869_LabelHand.tif,True,True,True,True,False,512,512,2,512,512,1,-1.0,1.0,-1.0|0.0|1.0,1.0,
paraguay_126224,flood,train,normalized_stem,data/external/sen1floods11/flood_sar/Paraguay_126224_S1Hand.tif,data/external/sen1floods11/flood_mask/Paraguay_126224_LabelHand.tif,True,True,True,True,False,512,512,2,512,512,1,0.0,1.0,0.0|1.0,1.0,
paraguay_12870,flood,train,normalized_stem,data/external/sen1floods11/flood_sar/Paraguay_12870_S1Hand.tif,data/external/sen1floods11/flood_mask/Paraguay_12870_LabelHand.tif,True,True,True,True,False,512,512,2,512,512,1,0.0,0.0,0.0,1.0,
paraguay_148318,flood,train,normalized_stem,data/external/sen1floods11/flood_sar/Paraguay_148318_S1Hand.tif,data/external/sen1floods11/flood_mask/Paraguay_148318_LabelHand.tif,True,True,True,True,False,512,512,2,512,512,1,-1.0,1.0,-1.0|0.0|1.0,1.0,
paraguay_149787,flood,train,normalized_stem,data/external/sen1floods11/flood_sar/Paraguay_149787_S1Hand.tif,data/external/sen1floods11/flood_mask/Paraguay_149787_LabelHand.tif,True,True,True,True,False,512,512,2,512,512,1,0.0,1.0,0.0|1.0,1.0,
paraguay_149830,flood,train,normalized_stem,data/external/sen1floods11/flood_sar/Paraguay_149830_S1Hand.tif,data/external/sen1floods11/flood_mask/Paraguay_149830_LabelHand.tif,True,True,True,True,False,512,512,2,512,512,1,-1.0,1.0,-1.0|0.0|1.0,1.0,
paraguay_179624,flood,train,normalized_stem,data/external/sen1floods11/flood_sar/Paraguay_179624_S1Hand.tif,data/external/sen1floods11/flood_mask/Paraguay_179624_LabelHand.tif,True,True,True,True,False,512,512,2,512,512,1,-1.0,1.0,-1.0|0.0|1.0,1.0,
paraguay_191503,flood,train,normalized_stem,data/external/sen1floods11/flood_sar/Paraguay_191503_S1Hand.tif,data/external/sen1floods11/flood_mask/Paraguay_191503_LabelHand.tif,True,True,True,True,False,512,512,2,512,512,1,0.0,1.0,0.0|1.0,1.0,
paraguay_198534,flood,train,normalized_stem,data/external/sen1floods11/flood_sar/Paraguay_198534_S1Hand.tif,data/external/sen1floods11/flood_mask/Paraguay_198534_LabelHand.tif,True,True,True,True,False,512,512,2,512,512,1,-1.0,0.0,-1.0|0.0,1.0,
paraguay_212687,flood,train,normalized_stem,data/external/sen1floods11/flood_sar/Paraguay_212687_S1Hand.tif,data/external/sen1floods11/flood_mask/Paraguay_212687_LabelHand.tif,True,True,True,True,False,512,512,2,512,512,1,0.0,1.0,0.0|1.0,1.0,
paraguay_215904,flood,train,normalized_stem,data/external/sen1floods11/flood_sar/Paraguay_215904_S1Hand.tif,data/external/sen1floods11/flood_mask/Paraguay_215904_LabelHand.tif,True,True,True,True,False,512,512,2,512,512,1,-1.0,0.0,-1.0|0.0,1.0,
paraguay_224845,flood,train,normalized_stem,data/external/sen1floods11/flood_sar/Paraguay_224845_S1Hand.tif,data/external/sen1floods11/flood_mask/Paraguay_224845_LabelHand.tif,True,True,True,True,False,512,512,2,512,512,1,-1.0,0.0,-1.0|0.0,1.0,
paraguay_225187,flood,train,normalized_stem,data/external/sen1floods11/flood_sar/Paraguay_225187_S1Hand.tif,data/external/sen1floods11/flood_mask/Paraguay_225187_LabelHand.tif,True,True,True,True,False,512,512,2,512,512,1,0.0,1.0,0.0|1.0,1.0,
paraguay_24341,flood,train,normalized_stem,data/external/sen1floods11/flood_sar/Paraguay_24341_S1Hand.tif,data/external/sen1floods11/flood_mask/Paraguay_24341_LabelHand.tif,True,True,True,True,False,512,512,2,512,512,1,0.0,1.0,0.0|1.0,1.0,
paraguay_246154,flood,train,normalized_stem,data/external/sen1floods11/flood_sar/Paraguay_246154_S1Hand.tif,data/external/sen1floods11/flood_mask/Paraguay_246154_LabelHand.tif,True,True,True,True,False,512,512,2,512,512,1,0.0,1.0,0.0|1.0,1.0,
paraguay_247656,flood,train,normalized_stem,data/external/sen1floods11/flood_sar/Paraguay_247656_S1Hand.tif,data/external/sen1floods11/flood_mask/Paraguay_247656_LabelHand.tif,True,True,True,True,False,512,512,2,512,512,1,0.0,1.0,0.0|1.0,1.0,
paraguay_339807,flood,train,normalized_stem,data/external/sen1floods11/flood_sar/Paraguay_339807_S1Hand.tif,data/external/sen1floods11/flood_mask/Paraguay_339807_LabelHand.tif,True,True,True,True,False,512,512,2,512,512,1,-1.0,1.0,-1.0|0.0|1.0,1.0,
paraguay_36015,flood,train,normalized_stem,data/external/sen1floods11/flood_sar/Paraguay_36015_S1Hand.tif,data/external/sen1floods11/flood_mask/Paraguay_36015_LabelHand.tif,True,True,True,True,False,512,512,2,512,512,1,-1.0,0.0,-1.0|0.0,1.0,
paraguay_36146,flood,train,normalized_stem,data/external/sen1floods11/flood_sar/Paraguay_36146_S1Hand.tif,data/external/sen1floods11/flood_mask/Paraguay_36146_LabelHand.tif,True,True,True,True,False,512,512,2,512,512,1,0.0,0.0,0.0,1.0,
paraguay_403081,flood,train,normalized_stem,data/external/sen1floods11/flood_sar/Paraguay_403081_S1Hand.tif,data/external/sen1floods11/flood_mask/Paraguay_403081_LabelHand.tif,True,True,True,True,False,512,512,2,512,512,1,-1.0,1.0,-1.0|0.0|1.0,1.0,
paraguay_44682,flood,train,normalized_stem,data/external/sen1floods11/flood_sar/Paraguay_44682_S1Hand.tif,data/external/sen1floods11/flood_mask/Paraguay_44682_LabelHand.tif,True,True,True,True,False,512,512,2,512,512,1,0.0,1.0,0.0|1.0,1.0,
paraguay_470303,flood,train,normalized_stem,data/external/sen1floods11/flood_sar/Paraguay_470303_S1Hand.tif,data/external/sen1floods11/flood_mask/Paraguay_470303_LabelHand.tif,True,True,True,True,False,512,512,2,512,512,1,0.0,1.0,0.0|1.0,1.0,
paraguay_482517,flood,train,normalized_stem,data/external/sen1floods11/flood_sar/Paraguay_482517_S1Hand.tif,data/external/sen1floods11/flood_mask/Paraguay_482517_LabelHand.tif,True,True,True,True,False,512,512,2,512,512,1,-1.0,1.0,-1.0|0.0|1.0,1.0,
paraguay_48673,flood,train,normalized_stem,data/external/sen1floods11/flood_sar/Paraguay_48673_S1Hand.tif,data/external/sen1floods11/flood_mask/Paraguay_48673_LabelHand.tif,True,True,True,True,False,512,512,2,512,512,1,0.0,1.0,0.0|1.0,1.0,
paraguay_54421,flood,train,normalized_stem,data/external/sen1floods11/flood_sar/Paraguay_54421_S1Hand.tif,data/external/sen1floods11/flood_mask/Paraguay_54421_LabelHand.tif,True,True,True,True,False,512,512,2,512,512,1,0.0,1.0,0.0|1.0,1.0,
paraguay_605682,flood,train,normalized_stem,data/external/sen1floods11/flood_sar/Paraguay_605682_S1Hand.tif,data/external/sen1floods11/flood_mask/Paraguay_605682_LabelHand.tif,True,True,True,True,False,512,512,2,512,512,1,0.0,1.0,0.0|1.0,1.0,
paraguay_62897,flood,train,normalized_stem,data/external/sen1floods11/flood_sar/Paraguay_62897_S1Hand.tif,data/external/sen1floods11/flood_mask/Paraguay_62897_LabelHand.tif,True,True,True,True,False,512,512,2,512,512,1,0.0,1.0,0.0|1.0,1.0,
paraguay_721886,flood,train,normalized_stem,data/external/sen1floods11/flood_sar/Paraguay_721886_S1Hand.tif,data/external/sen1floods11/flood_mask/Paraguay_721886_LabelHand.tif,True,True,True,True,False,512,512,2,512,512,1,0.0,1.0,0.0|1.0,1.0,
paraguay_791364,flood,train,normalized_stem,data/external/sen1floods11/flood_sar/Paraguay_791364_S1Hand.tif,data/external/sen1floods11/flood_mask/Paraguay_791364_LabelHand.tif,True,True,True,True,False,512,512,2,512,512,1,-1.0,1.0,-1.0|0.0|1.0,1.0,
paraguay_792268,flood,train,normalized_stem,data/external/sen1floods11/flood_sar/Paraguay_792268_S1Hand.tif,data/external/sen1floods11/flood_mask/Paraguay_792268_LabelHand.tif,True,True,True,True,False,512,512,2,512,512,1,-1.0,1.0,-1.0|0.0|1.0,1.0,
paraguay_795075,flood,train,normalized_stem,data/external/sen1floods11/flood_sar/Paraguay_795075_S1Hand.tif,data/external/sen1floods11/flood_mask/Paraguay_795075_LabelHand.tif,True,True,True,True,False,512,512,2,512,512,1,-1.0,1.0,-1.0|0.0|1.0,1.0,
paraguay_822142,flood,train,normalized_stem,data/external/sen1floods11/flood_sar/Paraguay_822142_S1Hand.tif,data/external/sen1floods11/flood_mask/Paraguay_822142_LabelHand.tif,True,True,True,True,False,512,512,2,512,512,1,0.0,1.0,0.0|1.0,1.0,
paraguay_892933,flood,train,normalized_stem,data/external/sen1floods11/flood_sar/Paraguay_892933_S1Hand.tif,data/external/sen1floods11/flood_mask/Paraguay_892933_LabelHand.tif,True,True,True,True,False,512,512,2,512,512,1,0.0,1.0,0.0|1.0,1.0,
paraguay_921838,flood,train,normalized_stem,data/external/sen1floods11/flood_sar/Paraguay_921838_S1Hand.tif,data/external/sen1floods11/flood_mask/Paraguay_921838_LabelHand.tif,True,True,True,True,False,512,512,2,512,512,1,0.0,1.0,0.0|1.0,1.0,
paraguay_989230,flood,train,normalized_stem,data/external/sen1floods11/flood_sar/Paraguay_989230_S1Hand.tif,data/external/sen1floods11/flood_mask/Paraguay_989230_LabelHand.tif,True,True,True,True,False,512,512,2,512,512,1,-1.0,1.0,-1.0|0.0|1.0,1.0,
paraguay_997480,flood,train,normalized_stem,data/external/sen1floods11/flood_sar/Paraguay_997480_S1Hand.tif,data/external/sen1floods11/flood_mask/Paraguay_997480_LabelHand.tif,True,True,True,True,False,512,512,2,512,512,1,0.0,1.0,0.0|1.0,1.0,
somalia_1068756,flood,train,normalized_stem,data/external/sen1floods11/flood_sar/Somalia_1068756_S1Hand.tif,data/external/sen1floods11/flood_mask/Somalia_1068756_LabelHand.tif,True,True,True,True,False,512,512,2,512,512,1,-1.0,1.0,-1.0|0.0|1.0,1.0,
somalia_1087508,flood,train,normalized_stem,data/external/sen1floods11/flood_sar/Somalia_1087508_S1Hand.tif,data/external/sen1floods11/flood_mask/Somalia_1087508_LabelHand.tif,True,True,True,True,False,512,512,2,512,512,1,-1.0,1.0,-1.0|0.0|1.0,1.0,
somalia_195014,flood,train,normalized_stem,data/external/sen1floods11/flood_sar/Somalia_195014_S1Hand.tif,data/external/sen1floods11/flood_mask/Somalia_195014_LabelHand.tif,True,True,True,True,False,512,512,2,512,512,1,-1.0,0.0,-1.0|0.0,1.0,
somalia_205466,flood,train,normalized_stem,data/external/sen1floods11/flood_sar/Somalia_205466_S1Hand.tif,data/external/sen1floods11/flood_mask/Somalia_205466_LabelHand.tif,True,True,True,True,False,512,512,2,512,512,1,-1.0,1.0,-1.0|0.0|1.0,1.0,
somalia_230192,flood,train,normalized_stem,data/external/sen1floods11/flood_sar/Somalia_230192_S1Hand.tif,data/external/sen1floods11/flood_mask/Somalia_230192_LabelHand.tif,True,True,True,True,False,512,512,2,512,512,1,-1.0,1.0,-1.0|0.0|1.0,1.0,
somalia_295782,flood,train,normalized_stem,data/external/sen1floods11/flood_sar/Somalia_295782_S1Hand.tif,data/external/sen1floods11/flood_mask/Somalia_295782_LabelHand.tif,True,True,True,True,False,512,512,2,512,512,1,-1.0,1.0,-1.0|0.0|1.0,1.0,
somalia_32375,flood,train,normalized_stem,data/external/sen1floods11/flood_sar/Somalia_32375_S1Hand.tif,data/external/sen1floods11/flood_mask/Somalia_32375_LabelHand.tif,True,True,True,True,False,512,512,2,512,512,1,-1.0,1.0,-1.0|0.0|1.0,1.0,
somalia_371421,flood,train,normalized_stem,data/external/sen1floods11/flood_sar/Somalia_371421_S1Hand.tif,data/external/sen1floods11/flood_mask/Somalia_371421_LabelHand.tif,True,True,True,True,False,512,512,2,512,512,1,-1.0,1.0,-1.0|0.0|1.0,1.0,
somalia_626316,flood,train,normalized_stem,data/external/sen1floods11/flood_sar/Somalia_626316_S1Hand.tif,data/external/sen1floods11/flood_mask/Somalia_626316_LabelHand.tif,True,True,True,True,False,512,512,2,512,512,1,-1.0,1.0,-1.0|0.0|1.0,1.0,
somalia_7931,flood,train,normalized_stem,data/external/sen1floods11/flood_sar/Somalia_7931_S1Hand.tif,data/external/sen1floods11/flood_mask/Somalia_7931_LabelHand.tif,True,True,True,True,False,512,512,2,512,512,1,-1.0,0.0,-1.0|0.0,1.0,
somalia_886726,flood,train,normalized_stem,data/external/sen1floods11/flood_sar/Somalia_886726_S1Hand.tif,data/external/sen1floods11/flood_mask/Somalia_886726_LabelHand.tif,True,True,True,True,False,512,512,2,512,512,1,-1.0,1.0,-1.0|0.0|1.0,1.0,
somalia_93023,flood,train,normalized_stem,data/external/sen1floods11/flood_sar/Somalia_93023_S1Hand.tif,data/external/sen1floods11/flood_mask/Somalia_93023_LabelHand.tif,True,True,True,True,False,512,512,2,512,512,1,-1.0,0.0,-1.0|0.0,1.0,
somalia_970508,flood,train,normalized_stem,data/external/sen1floods11/flood_sar/Somalia_970508_S1Hand.tif,data/external/sen1floods11/flood_mask/Somalia_970508_LabelHand.tif,True,True,True,True,False,512,512,2,512,512,1,-1.0,1.0,-1.0|0.0|1.0,1.0,
somalia_989553,flood,train,normalized_stem,data/external/sen1floods11/flood_sar/Somalia_989553_S1Hand.tif,data/external/sen1floods11/flood_mask/Somalia_989553_LabelHand.tif,True,True,True,True,False,512,512,2,512,512,1,-1.0,1.0,-1.0|0.0|1.0,1.0,
somalia_992457,flood,train,normalized_stem,data/external/sen1floods11/flood_sar/Somalia_992457_S1Hand.tif,data/external/sen1floods11/flood_mask/Somalia_992457_LabelHand.tif,True,True,True,True,False,512,512,2,512,512,1,-1.0,1.0,-1.0|0.0|1.0,1.0,
spain_1167260,flood,train,normalized_stem,data/external/sen1floods11/flood_sar/Spain_1167260_S1Hand.tif,data/external/sen1floods11/flood_mask/Spain_1167260_LabelHand.tif,True,True,True,True,False,512,512,2,512,512,1,-1.0,1.0,-1.0|0.0|1.0,1.0,
spain_2472849,flood,train,normalized_stem,data/external/sen1floods11/flood_sar/Spain_2472849_S1Hand.tif,data/external/sen1floods11/flood_mask/Spain_2472849_LabelHand.tif,True,True,True,True,False,512,512,2,512,512,1,-1.0,1.0,-1.0|0.0|1.0,1.0,
spain_2523247,flood,train,normalized_stem,data/external/sen1floods11/flood_sar/Spain_2523247_S1Hand.tif,data/external/sen1floods11/flood_mask/Spain_2523247_LabelHand.tif,True,True,True,True,False,512,512,2,512,512,1,-1.0,1.0,-1.0|0.0|1.0,1.0,
spain_2594119,flood,train,normalized_stem,data/external/sen1floods11/flood_sar/Spain_2594119_S1Hand.tif,data/external/sen1floods11/flood_mask/Spain_2594119_LabelHand.tif,True,True,True,True,False,512,512,2,512,512,1,-1.0,1.0,-1.0|0.0|1.0,1.0,
spain_2938657,flood,train,normalized_stem,data/external/sen1floods11/flood_sar/Spain_2938657_S1Hand.tif,data/external/sen1floods11/flood_mask/Spain_2938657_LabelHand.tif,True,True,True,True,False,512,512,2,512,512,1,-1.0,1.0,-1.0|0.0|1.0,1.0,
spain_3285448,flood,train,normalized_stem,data/external/sen1floods11/flood_sar/Spain_3285448_S1Hand.tif,data/external/sen1floods11/flood_mask/Spain_3285448_LabelHand.tif,True,True,True,True,False,512,512,2,512,512,1,-1.0,1.0,-1.0|0.0|1.0,1.0,
spain_337094,flood,train,normalized_stem,data/external/sen1floods11/flood_sar/Spain_337094_S1Hand.tif,data/external/sen1floods11/flood_mask/Spain_337094_LabelHand.tif,True,True,True,True,False,512,512,2,512,512,1,-1.0,1.0,-1.0|0.0|1.0,1.0,
spain_4915752,flood,train,normalized_stem,data/external/sen1floods11/flood_sar/Spain_4915752_S1Hand.tif,data/external/sen1floods11/flood_mask/Spain_4915752_LabelHand.tif,True,True,True,True,False,512,512,2,512,512,1,-1.0,1.0,-1.0|0.0|1.0,1.0,
spain_5678382,flood,train,normalized_stem,data/external/sen1floods11/flood_sar/Spain_5678382_S1Hand.tif,data/external/sen1floods11/flood_mask/Spain_5678382_LabelHand.tif,True,True,True,True,False,512,512,2,512,512,1,-1.0,1.0,-1.0|0.0|1.0,1.0,
spain_5816638,flood,train,normalized_stem,data/external/sen1floods11/flood_sar/Spain_5816638_S1Hand.tif,data/external/sen1floods11/flood_mask/Spain_5816638_LabelHand.tif,True,True,True,True,False,512,512,2,512,512,1,-1.0,1.0,-1.0|0.0|1.0,1.0,
spain_5923267,flood,train,normalized_stem,data/external/sen1floods11/flood_sar/Spain_5923267_S1Hand.tif,data/external/sen1floods11/flood_mask/Spain_5923267_LabelHand.tif,True,True,True,True,False,512,512,2,512,512,1,-1.0,1.0,-1.0|0.0|1.0,1.0,
spain_6199994,flood,train,normalized_stem,data/external/sen1floods11/flood_sar/Spain_6199994_S1Hand.tif,data/external/sen1floods11/flood_mask/Spain_6199994_LabelHand.tif,True,True,True,True,False,512,512,2,512,512,1,-1.0,1.0,-1.0|0.0|1.0,1.0,
spain_716716,flood,train,normalized_stem,data/external/sen1floods11/flood_sar/Spain_716716_S1Hand.tif,data/external/sen1floods11/flood_mask/Spain_716716_LabelHand.tif,True,True,True,True,False,512,512,2,512,512,1,-1.0,1.0,-1.0|0.0|1.0,1.0,
spain_7786924,flood,train,normalized_stem,data/external/sen1floods11/flood_sar/Spain_7786924_S1Hand.tif,data/external/sen1floods11/flood_mask/Spain_7786924_LabelHand.tif,True,True,True,True,False,512,512,2,512,512,1,-1.0,1.0,-1.0|0.0|1.0,1.0,
spain_7856615,flood,train,normalized_stem,data/external/sen1floods11/flood_sar/Spain_7856615_S1Hand.tif,data/external/sen1floods11/flood_mask/Spain_7856615_LabelHand.tif,True,True,True,True,False,512,512,2,512,512,1,-1.0,1.0,-1.0|0.0|1.0,1.0,
spain_8104659,flood,train,normalized_stem,data/external/sen1floods11/flood_sar/Spain_8104659_S1Hand.tif,data/external/sen1floods11/flood_mask/Spain_8104659_LabelHand.tif,True,True,True,True,False,512,512,2,512,512,1,-1.0,1.0,-1.0|0.0|1.0,1.0,
spain_8154154,flood,train,normalized_stem,data/external/sen1floods11/flood_sar/Spain_8154154_S1Hand.tif,data/external/sen1floods11/flood_mask/Spain_8154154_LabelHand.tif,True,True,True,True,False,512,512,2,512,512,1,-1.0,1.0,-1.0|0.0|1.0,1.0,
spain_8199661,flood,train,normalized_stem,data/external/sen1floods11/flood_sar/Spain_8199661_S1Hand.tif,data/external/sen1floods11/flood_mask/Spain_8199661_LabelHand.tif,True,True,True,True,False,512,512,2,512,512,1,-1.0,1.0,-1.0|0.0|1.0,1.0,
sri-lanka_1038087,flood,train,normalized_stem,data/external/sen1floods11/flood_sar/Sri-Lanka_1038087_S1Hand.tif,data/external/sen1floods11/flood_mask/Sri-Lanka_1038087_LabelHand.tif,True,True,True,True,False,512,512,2,512,512,1,-1.0,1.0,-1.0|0.0|1.0,1.0,
sri-lanka_120804,flood,train,normalized_stem,data/external/sen1floods11/flood_sar/Sri-Lanka_120804_S1Hand.tif,data/external/sen1floods11/flood_mask/Sri-Lanka_120804_LabelHand.tif,True,True,True,True,False,512,512,2,512,512,1,0.0,1.0,0.0|1.0,1.0,
sri-lanka_135713,flood,train,normalized_stem,data/external/sen1floods11/flood_sar/Sri-Lanka_135713_S1Hand.tif,data/external/sen1floods11/flood_mask/Sri-Lanka_135713_LabelHand.tif,True,True,True,True,False,512,512,2,512,512,1,-1.0,0.0,-1.0|0.0,1.0,
sri-lanka_14484,flood,train,normalized_stem,data/external/sen1floods11/flood_sar/Sri-Lanka_14484_S1Hand.tif,data/external/sen1floods11/flood_mask/Sri-Lanka_14484_LabelHand.tif,True,True,True,True,False,512,512,2,512,512,1,-1.0,1.0,-1.0|0.0|1.0,1.0,
sri-lanka_152185,flood,train,normalized_stem,data/external/sen1floods11/flood_sar/Sri-Lanka_152185_S1Hand.tif,data/external/sen1floods11/flood_mask/Sri-Lanka_152185_LabelHand.tif,True,True,True,True,False,512,512,2,512,512,1,0.0,1.0,0.0|1.0,1.0,
sri-lanka_163406,flood,train,normalized_stem,data/external/sen1floods11/flood_sar/Sri-Lanka_163406_S1Hand.tif,data/external/sen1floods11/flood_mask/Sri-Lanka_163406_LabelHand.tif,True,True,True,True,False,512,512,2,512,512,1,0.0,1.0,0.0|1.0,1.0,
sri-lanka_178753,flood,train,normalized_stem,data/external/sen1floods11/flood_sar/Sri-Lanka_178753_S1Hand.tif,data/external/sen1floods11/flood_mask/Sri-Lanka_178753_LabelHand.tif,True,True,True,True,False,512,512,2,512,512,1,-1.0,1.0,-1.0|0.0|1.0,1.0,
sri-lanka_233609,flood,train,normalized_stem,data/external/sen1floods11/flood_sar/Sri-Lanka_233609_S1Hand.tif,data/external/sen1floods11/flood_mask/Sri-Lanka_233609_LabelHand.tif,True,True,True,True,False,512,512,2,512,512,1,-1.0,1.0,-1.0|0.0|1.0,1.0,
sri-lanka_249079,flood,train,normalized_stem,data/external/sen1floods11/flood_sar/Sri-Lanka_249079_S1Hand.tif,data/external/sen1floods11/flood_mask/Sri-Lanka_249079_LabelHand.tif,True,True,True,True,False,512,512,2,512,512,1,-1.0,1.0,-1.0|0.0|1.0,1.0,
sri-lanka_400518,flood,train,normalized_stem,data/external/sen1floods11/flood_sar/Sri-Lanka_400518_S1Hand.tif,data/external/sen1floods11/flood_mask/Sri-Lanka_400518_LabelHand.tif,True,True,True,True,False,512,512,2,512,512,1,0.0,1.0,0.0|1.0,1.0,
sri-lanka_49764,flood,train,normalized_stem,data/external/sen1floods11/flood_sar/Sri-Lanka_49764_S1Hand.tif,data/external/sen1floods11/flood_mask/Sri-Lanka_49764_LabelHand.tif,True,True,True,True,False,512,512,2,512,512,1,-1.0,1.0,-1.0|0.0|1.0,1.0,
sri-lanka_52223,flood,train,normalized_stem,data/external/sen1floods11/flood_sar/Sri-Lanka_52223_S1Hand.tif,data/external/sen1floods11/flood_mask/Sri-Lanka_52223_LabelHand.tif,True,True,True,True,False,512,512,2,512,512,1,0.0,0.0,0.0,1.0,
sri-lanka_523539,flood,train,normalized_stem,data/external/sen1floods11/flood_sar/Sri-Lanka_523539_S1Hand.tif,data/external/sen1floods11/flood_mask/Sri-Lanka_523539_LabelHand.tif,True,True,True,True,False,512,512,2,512,512,1,-1.0,1.0,-1.0|0.0|1.0,1.0,
sri-lanka_551926,flood,train,normalized_stem,data/external/sen1floods11/flood_sar/Sri-Lanka_551926_S1Hand.tif,data/external/sen1floods11/flood_mask/Sri-Lanka_551926_LabelHand.tif,True,True,True,True,False,512,512,2,512,512,1,0.0,1.0,0.0|1.0,1.0,
sri-lanka_55568,flood,train,normalized_stem,data/external/sen1floods11/flood_sar/Sri-Lanka_55568_S1Hand.tif,data/external/sen1floods11/flood_mask/Sri-Lanka_55568_LabelHand.tif,True,True,True,True,False,512,512,2,512,512,1,-1.0,1.0,-1.0|0.0|1.0,1.0,
sri-lanka_579082,flood,train,normalized_stem,data/external/sen1floods11/flood_sar/Sri-Lanka_579082_S1Hand.tif,data/external/sen1floods11/flood_mask/Sri-Lanka_579082_LabelHand.tif,True,True,True,True,False,512,512,2,512,512,1,-1.0,1.0,-1.0|0.0|1.0,1.0,
sri-lanka_653336,flood,train,normalized_stem,data/external/sen1floods11/flood_sar/Sri-Lanka_653336_S1Hand.tif,data/external/sen1floods11/flood_mask/Sri-Lanka_653336_LabelHand.tif,True,True,True,True,False,512,512,2,512,512,1,-1.0,1.0,-1.0|0.0|1.0,1.0,
sri-lanka_748447,flood,train,normalized_stem,data/external/sen1floods11/flood_sar/Sri-Lanka_748447_S1Hand.tif,data/external/sen1floods11/flood_mask/Sri-Lanka_748447_LabelHand.tif,True,True,True,True,False,512,512,2,512,512,1,-1.0,1.0,-1.0|0.0|1.0,1.0,
sri-lanka_845821,flood,train,normalized_stem,data/external/sen1floods11/flood_sar/Sri-Lanka_845821_S1Hand.tif,data/external/sen1floods11/flood_mask/Sri-Lanka_845821_LabelHand.tif,True,True,True,True,False,512,512,2,512,512,1,-1.0,1.0,-1.0|0.0|1.0,1.0,
sri-lanka_847275,flood,train,normalized_stem,data/external/sen1floods11/flood_sar/Sri-Lanka_847275_S1Hand.tif,data/external/sen1floods11/flood_mask/Sri-Lanka_847275_LabelHand.tif,True,True,True,True,False,512,512,2,512,512,1,-1.0,1.0,-1.0|0.0|1.0,1.0,
sri-lanka_883641,flood,train,normalized_stem,data/external/sen1floods11/flood_sar/Sri-Lanka_883641_S1Hand.tif,data/external/sen1floods11/flood_mask/Sri-Lanka_883641_LabelHand.tif,True,True,True,True,False,512,512,2,512,512,1,0.0,1.0,0.0|1.0,1.0,
sri-lanka_916628,flood,train,normalized_stem,data/external/sen1floods11/flood_sar/Sri-Lanka_916628_S1Hand.tif,data/external/sen1floods11/flood_mask/Sri-Lanka_916628_LabelHand.tif,True,True,True,True,False,512,512,2,512,512,1,-1.0,1.0,-1.0|0.0|1.0,1.0,
sri-lanka_92824,flood,train,normalized_stem,data/external/sen1floods11/flood_sar/Sri-Lanka_92824_S1Hand.tif,data/external/sen1floods11/flood_mask/Sri-Lanka_92824_LabelHand.tif,True,True,True,True,False,512,512,2,512,512,1,-1.0,1.0,-1.0|0.0|1.0,1.0,
sri-lanka_956740,flood,train,normalized_stem,data/external/sen1floods11/flood_sar/Sri-Lanka_956740_S1Hand.tif,data/external/sen1floods11/flood_mask/Sri-Lanka_956740_LabelHand.tif,True,True,True,True,False,512,512,2,512,512,1,-1.0,1.0,-1.0|0.0|1.0,1.0,
usa_1010394,flood,train,normalized_stem,data/external/sen1floods11/flood_sar/USA_1010394_S1Hand.tif,data/external/sen1floods11/flood_mask/USA_1010394_LabelHand.tif,True,True,True,True,False,512,512,2,512,512,1,-1.0,1.0,-1.0|0.0|1.0,1.0,
usa_1068362,flood,train,normalized_stem,data/external/sen1floods11/flood_sar/USA_1068362_S1Hand.tif,data/external/sen1floods11/flood_mask/USA_1068362_LabelHand.tif,True,True,True,True,False,512,512,2,512,512,1,-1.0,1.0,-1.0|0.0|1.0,1.0,
usa_11422,flood,train,normalized_stem,data/external/sen1floods11/flood_sar/USA_11422_S1Hand.tif,data/external/sen1floods11/flood_mask/USA_11422_LabelHand.tif,True,True,True,True,False,512,512,2,512,512,1,-1.0,1.0,-1.0|0.0|1.0,1.0,
usa_114964,flood,train,normalized_stem,data/external/sen1floods11/flood_sar/USA_114964_S1Hand.tif,data/external/sen1floods11/flood_mask/USA_114964_LabelHand.tif,True,True,True,True,False,512,512,2,512,512,1,-1.0,1.0,-1.0|0.0|1.0,1.0,
usa_115033,flood,train,normalized_stem,data/external/sen1floods11/flood_sar/USA_115033_S1Hand.tif,data/external/sen1floods11/flood_mask/USA_115033_LabelHand.tif,True,True,True,True,False,512,512,2,512,512,1,-1.0,1.0,-1.0|0.0|1.0,1.0,
usa_170264,flood,train,normalized_stem,data/external/sen1floods11/flood_sar/USA_170264_S1Hand.tif,data/external/sen1floods11/flood_mask/USA_170264_LabelHand.tif,True,True,True,True,False,512,512,2,512,512,1,-1.0,1.0,-1.0|0.0|1.0,1.0,
usa_179917,flood,train,normalized_stem,data/external/sen1floods11/flood_sar/USA_179917_S1Hand.tif,data/external/sen1floods11/flood_mask/USA_179917_LabelHand.tif,True,True,True,True,False,512,512,2,512,512,1,-1.0,1.0,-1.0|0.0|1.0,1.0,
usa_181263,flood,train,normalized_stem,data/external/sen1floods11/flood_sar/USA_181263_S1Hand.tif,data/external/sen1floods11/flood_mask/USA_181263_LabelHand.tif,True,True,True,True,False,512,512,2,512,512,1,-1.0,1.0,-1.0|0.0|1.0,1.0,
usa_181503,flood,train,normalized_stem,data/external/sen1floods11/flood_sar/USA_181503_S1Hand.tif,data/external/sen1floods11/flood_mask/USA_181503_LabelHand.tif,True,True,True,True,False,512,512,2,512,512,1,-1.0,1.0,-1.0|0.0|1.0,1.0,
usa_198411,flood,train,normalized_stem,data/external/sen1floods11/flood_sar/USA_198411_S1Hand.tif,data/external/sen1floods11/flood_mask/USA_198411_LabelHand.tif,True,True,True,True,False,512,512,2,512,512,1,-1.0,1.0,-1.0|0.0|1.0,1.0,
usa_211406,flood,train,normalized_stem,data/external/sen1floods11/flood_sar/USA_211406_S1Hand.tif,data/external/sen1floods11/flood_mask/USA_211406_LabelHand.tif,True,True,True,True,False,512,512,2,512,512,1,-1.0,1.0,-1.0|0.0|1.0,1.0,
usa_217598,flood,train,normalized_stem,data/external/sen1floods11/flood_sar/USA_217598_S1Hand.tif,data/external/sen1floods11/flood_mask/USA_217598_LabelHand.tif,True,True,True,True,False,512,512,2,512,512,1,-1.0,1.0,-1.0|0.0|1.0,1.0,
usa_224165,flood,train,normalized_stem,data/external/sen1floods11/flood_sar/USA_224165_S1Hand.tif,data/external/sen1floods11/flood_mask/USA_224165_LabelHand.tif,True,True,True,True,False,512,512,2,512,512,1,-1.0,1.0,-1.0|0.0|1.0,1.0,
usa_231124,flood,train,normalized_stem,data/external/sen1floods11/flood_sar/USA_231124_S1Hand.tif,data/external/sen1floods11/flood_mask/USA_231124_LabelHand.tif,True,True,True,True,False,512,512,2,512,512,1,-1.0,1.0,-1.0|0.0|1.0,1.0,
usa_232060,flood,train,normalized_stem,data/external/sen1floods11/flood_sar/USA_232060_S1Hand.tif,data/external/sen1floods11/flood_mask/USA_232060_LabelHand.tif,True,True,True,True,False,512,512,2,512,512,1,-1.0,1.0,-1.0|0.0|1.0,1.0,
usa_260929,flood,train,normalized_stem,data/external/sen1floods11/flood_sar/USA_260929_S1Hand.tif,data/external/sen1floods11/flood_mask/USA_260929_LabelHand.tif,True,True,True,True,False,512,512,2,512,512,1,-1.0,1.0,-1.0|0.0|1.0,1.0,
usa_347609,flood,train,normalized_stem,data/external/sen1floods11/flood_sar/USA_347609_S1Hand.tif,data/external/sen1floods11/flood_mask/USA_347609_LabelHand.tif,True,True,True,True,False,512,512,2,512,512,1,-1.0,1.0,-1.0|0.0|1.0,1.0,
usa_348639,flood,train,normalized_stem,data/external/sen1floods11/flood_sar/USA_348639_S1Hand.tif,data/external/sen1floods11/flood_mask/USA_348639_LabelHand.tif,True,True,True,True,False,512,512,2,512,512,1,-1.0,1.0,-1.0|0.0|1.0,1.0,
usa_354981,flood,train,normalized_stem,data/external/sen1floods11/flood_sar/USA_354981_S1Hand.tif,data/external/sen1floods11/flood_mask/USA_354981_LabelHand.tif,True,True,True,True,False,512,512,2,512,512,1,-1.0,1.0,-1.0|0.0|1.0,1.0,
usa_375183,flood,train,normalized_stem,data/external/sen1floods11/flood_sar/USA_375183_S1Hand.tif,data/external/sen1floods11/flood_mask/USA_375183_LabelHand.tif,True,True,True,True,False,512,512,2,512,512,1,-1.0,1.0,-1.0|0.0|1.0,1.0,
usa_387945,flood,train,normalized_stem,data/external/sen1floods11/flood_sar/USA_387945_S1Hand.tif,data/external/sen1floods11/flood_mask/USA_387945_LabelHand.tif,True,True,True,True,False,512,512,2,512,512,1,-1.0,1.0,-1.0|0.0|1.0,1.0,
usa_438959,flood,train,normalized_stem,data/external/sen1floods11/flood_sar/USA_438959_S1Hand.tif,data/external/sen1floods11/flood_mask/USA_438959_LabelHand.tif,True,True,True,True,False,512,512,2,512,512,1,-1.0,1.0,-1.0|0.0|1.0,1.0,
usa_486103,flood,train,normalized_stem,data/external/sen1floods11/flood_sar/USA_486103_S1Hand.tif,data/external/sen1floods11/flood_mask/USA_486103_LabelHand.tif,True,True,True,True,False,512,512,2,512,512,1,-1.0,1.0,-1.0|0.0|1.0,1.0,
usa_58086,flood,train,normalized_stem,data/external/sen1floods11/flood_sar/USA_58086_S1Hand.tif,data/external/sen1floods11/flood_mask/USA_58086_LabelHand.tif,True,True,True,True,False,512,512,2,512,512,1,-1.0,1.0,-1.0|0.0|1.0,1.0,
usa_604222,flood,train,normalized_stem,data/external/sen1floods11/flood_sar/USA_604222_S1Hand.tif,data/external/sen1floods11/flood_mask/USA_604222_LabelHand.tif,True,True,True,True,False,512,512,2,512,512,1,-1.0,1.0,-1.0|0.0|1.0,1.0,
usa_605492,flood,train,normalized_stem,data/external/sen1floods11/flood_sar/USA_605492_S1Hand.tif,data/external/sen1floods11/flood_mask/USA_605492_LabelHand.tif,True,True,True,True,False,512,512,2,512,512,1,-1.0,1.0,-1.0|0.0|1.0,1.0,
usa_638521,flood,train,normalized_stem,data/external/sen1floods11/flood_sar/USA_638521_S1Hand.tif,data/external/sen1floods11/flood_mask/USA_638521_LabelHand.tif,True,True,True,True,False,512,512,2,512,512,1,-1.0,1.0,-1.0|0.0|1.0,1.0,
usa_652955,flood,train,normalized_stem,data/external/sen1floods11/flood_sar/USA_652955_S1Hand.tif,data/external/sen1floods11/flood_mask/USA_652955_LabelHand.tif,True,True,True,True,False,512,512,2,512,512,1,-1.0,1.0,-1.0|0.0|1.0,1.0,
usa_655230,flood,train,normalized_stem,data/external/sen1floods11/flood_sar/USA_655230_S1Hand.tif,data/external/sen1floods11/flood_mask/USA_655230_LabelHand.tif,True,True,True,True,False,512,512,2,512,512,1,-1.0,1.0,-1.0|0.0|1.0,1.0,
usa_66026,flood,train,normalized_stem,data/external/sen1floods11/flood_sar/USA_66026_S1Hand.tif,data/external/sen1floods11/flood_mask/USA_66026_LabelHand.tif,True,True,True,True,False,512,512,2,512,512,1,-1.0,1.0,-1.0|0.0|1.0,1.0,
usa_664261,flood,train,normalized_stem,data/external/sen1floods11/flood_sar/USA_664261_S1Hand.tif,data/external/sen1floods11/flood_mask/USA_664261_LabelHand.tif,True,True,True,True,False,512,512,2,512,512,1,-1.0,1.0,-1.0|0.0|1.0,1.0,
usa_693819,flood,train,normalized_stem,data/external/sen1floods11/flood_sar/USA_693819_S1Hand.tif,data/external/sen1floods11/flood_mask/USA_693819_LabelHand.tif,True,True,True,True,False,512,512,2,512,512,1,-1.0,1.0,-1.0|0.0|1.0,1.0,
usa_770353,flood,train,normalized_stem,data/external/sen1floods11/flood_sar/USA_770353_S1Hand.tif,data/external/sen1floods11/flood_mask/USA_770353_LabelHand.tif,True,True,True,True,False,512,512,2,512,512,1,-1.0,1.0,-1.0|0.0|1.0,1.0,
usa_788696,flood,train,normalized_stem,data/external/sen1floods11/flood_sar/USA_788696_S1Hand.tif,data/external/sen1floods11/flood_mask/USA_788696_LabelHand.tif,True,True,True,True,False,512,512,2,512,512,1,-1.0,1.0,-1.0|0.0|1.0,1.0,
usa_806273,flood,train,normalized_stem,data/external/sen1floods11/flood_sar/USA_806273_S1Hand.tif,data/external/sen1floods11/flood_mask/USA_806273_LabelHand.tif,True,True,True,True,False,512,512,2,512,512,1,-1.0,1.0,-1.0|0.0|1.0,1.0,
usa_831672,flood,train,normalized_stem,data/external/sen1floods11/flood_sar/USA_831672_S1Hand.tif,data/external/sen1floods11/flood_mask/USA_831672_LabelHand.tif,True,True,True,True,False,512,512,2,512,512,1,-1.0,1.0,-1.0|0.0|1.0,1.0,
usa_84195,flood,train,normalized_stem,data/external/sen1floods11/flood_sar/USA_84195_S1Hand.tif,data/external/sen1floods11/flood_mask/USA_84195_LabelHand.tif,True,True,True,True,False,512,512,2,512,512,1,-1.0,1.0,-1.0|0.0|1.0,1.0,
usa_86502,flood,train,normalized_stem,data/external/sen1floods11/flood_sar/USA_86502_S1Hand.tif,data/external/sen1floods11/flood_mask/USA_86502_LabelHand.tif,True,True,True,True,False,512,512,2,512,512,1,-1.0,1.0,-1.0|0.0|1.0,1.0,
usa_908474,flood,train,normalized_stem,data/external/sen1floods11/flood_sar/USA_908474_S1Hand.tif,data/external/sen1floods11/flood_mask/USA_908474_LabelHand.tif,True,True,True,True,False,512,512,2,512,512,1,-1.0,1.0,-1.0|0.0|1.0,1.0,
usa_955053,flood,train,normalized_stem,data/external/sen1floods11/flood_sar/USA_955053_S1Hand.tif,data/external/sen1floods11/flood_mask/USA_955053_LabelHand.tif,True,True,True,True,False,512,512,2,512,512,1,-1.0,1.0,-1.0|0.0|1.0,1.0,
usa_994009,flood,train,normalized_stem,data/external/sen1floods11/flood_sar/USA_994009_S1Hand.tif,data/external/sen1floods11/flood_mask/USA_994009_LabelHand.tif,True,True,True,True,False,512,512,2,512,512,1,-1.0,1.0,-1.0|0.0|1.0,1.0,
bolivia_103757,flood,unspecified,normalized_stem,data/external/sen1floods11/flood_sar/Bolivia_103757_S1Hand.tif,data/external/sen1floods11/flood_mask/Bolivia_103757_LabelHand.tif,True,True,True,True,False,512,512,2,512,512,1,-1.0,1.0,-1.0|0.0|1.0,1.0,
bolivia_129334,flood,unspecified,normalized_stem,data/external/sen1floods11/flood_sar/Bolivia_129334_S1Hand.tif,data/external/sen1floods11/flood_mask/Bolivia_129334_LabelHand.tif,True,True,True,True,False,512,512,2,512,512,1,-1.0,1.0,-1.0|0.0|1.0,1.0,
bolivia_195474,flood,unspecified,normalized_stem,data/external/sen1floods11/flood_sar/Bolivia_195474_S1Hand.tif,data/external/sen1floods11/flood_mask/Bolivia_195474_LabelHand.tif,True,True,True,True,False,512,512,2,512,512,1,-1.0,1.0,-1.0|0.0|1.0,1.0,
bolivia_23014,flood,unspecified,normalized_stem,data/external/sen1floods11/flood_sar/Bolivia_23014_S1Hand.tif,data/external/sen1floods11/flood_mask/Bolivia_23014_LabelHand.tif,True,True,True,True,False,512,512,2,512,512,1,-1.0,1.0,-1.0|0.0|1.0,1.0,
bolivia_233925,flood,unspecified,normalized_stem,data/external/sen1floods11/flood_sar/Bolivia_233925_S1Hand.tif,data/external/sen1floods11/flood_mask/Bolivia_233925_LabelHand.tif,True,True,True,True,False,512,512,2,512,512,1,-1.0,1.0,-1.0|0.0|1.0,1.0,
bolivia_242570,flood,unspecified,normalized_stem,data/external/sen1floods11/flood_sar/Bolivia_242570_S1Hand.tif,data/external/sen1floods11/flood_mask/Bolivia_242570_LabelHand.tif,True,True,True,True,False,512,512,2,512,512,1,-1.0,1.0,-1.0|0.0|1.0,1.0,
bolivia_290290,flood,unspecified,normalized_stem,data/external/sen1floods11/flood_sar/Bolivia_290290_S1Hand.tif,data/external/sen1floods11/flood_mask/Bolivia_290290_LabelHand.tif,True,True,True,True,False,512,512,2,512,512,1,-1.0,1.0,-1.0|0.0|1.0,1.0,
bolivia_294583,flood,unspecified,normalized_stem,data/external/sen1floods11/flood_sar/Bolivia_294583_S1Hand.tif,data/external/sen1floods11/flood_mask/Bolivia_294583_LabelHand.tif,True,True,True,True,False,512,512,2,512,512,1,-1.0,1.0,-1.0|0.0|1.0,1.0,
bolivia_312675,flood,unspecified,normalized_stem,data/external/sen1floods11/flood_sar/Bolivia_312675_S1Hand.tif,data/external/sen1floods11/flood_mask/Bolivia_312675_LabelHand.tif,True,True,True,True,False,512,512,2,512,512,1,-1.0,1.0,-1.0|0.0|1.0,1.0,
bolivia_314919,flood,unspecified,normalized_stem,data/external/sen1floods11/flood_sar/Bolivia_314919_S1Hand.tif,data/external/sen1floods11/flood_mask/Bolivia_314919_LabelHand.tif,True,True,True,True,False,512,512,2,512,512,1,-1.0,1.0,-1.0|0.0|1.0,1.0,
bolivia_360519,flood,unspecified,normalized_stem,data/external/sen1floods11/flood_sar/Bolivia_360519_S1Hand.tif,data/external/sen1floods11/flood_mask/Bolivia_360519_LabelHand.tif,True,True,True,True,False,512,512,2,512,512,1,-1.0,1.0,-1.0|0.0|1.0,1.0,
bolivia_379434,flood,unspecified,normalized_stem,data/external/sen1floods11/flood_sar/Bolivia_379434_S1Hand.tif,data/external/sen1floods11/flood_mask/Bolivia_379434_LabelHand.tif,True,True,True,True,False,512,512,2,512,512,1,0.0,1.0,0.0|1.0,1.0,
bolivia_432776,flood,unspecified,normalized_stem,data/external/sen1floods11/flood_sar/Bolivia_432776_S1Hand.tif,data/external/sen1floods11/flood_mask/Bolivia_432776_LabelHand.tif,True,True,True,True,False,512,512,2,512,512,1,-1.0,1.0,-1.0|0.0|1.0,1.0,
bolivia_60373,flood,unspecified,normalized_stem,data/external/sen1floods11/flood_sar/Bolivia_60373_S1Hand.tif,data/external/sen1floods11/flood_mask/Bolivia_60373_LabelHand.tif,True,True,True,True,False,512,512,2,512,512,1,-1.0,1.0,-1.0|0.0|1.0,1.0,
bolivia_76104,flood,unspecified,normalized_stem,data/external/sen1floods11/flood_sar/Bolivia_76104_S1Hand.tif,data/external/sen1floods11/flood_mask/Bolivia_76104_LabelHand.tif,True,True,True,True,False,512,512,2,512,512,1,-1.0,1.0,-1.0|0.0|1.0,1.0,
ghana_1033830,flood,validation,normalized_stem,data/external/sen1floods11/flood_sar/Ghana_1033830_S1Hand.tif,data/external/sen1floods11/flood_mask/Ghana_1033830_LabelHand.tif,True,True,True,True,False,512,512,2,512,512,1,-1.0,1.0,-1.0|0.0|1.0,1.0,
ghana_124834,flood,validation,normalized_stem,data/external/sen1floods11/flood_sar/Ghana_124834_S1Hand.tif,data/external/sen1floods11/flood_mask/Ghana_124834_LabelHand.tif,True,True,True,True,False,512,512,2,512,512,1,0.0,0.0,0.0,1.0,
ghana_132163,flood,validation,normalized_stem,data/external/sen1floods11/flood_sar/Ghana_132163_S1Hand.tif,data/external/sen1floods11/flood_mask/Ghana_132163_LabelHand.tif,True,True,True,True,False,512,512,2,512,512,1,-1.0,0.0,-1.0|0.0,1.0,
ghana_142312,flood,validation,normalized_stem,data/external/sen1floods11/flood_sar/Ghana_142312_S1Hand.tif,data/external/sen1floods11/flood_mask/Ghana_142312_LabelHand.tif,True,True,True,True,False,512,512,2,512,512,1,0.0,0.0,0.0,1.0,
ghana_234935,flood,validation,normalized_stem,data/external/sen1floods11/flood_sar/Ghana_234935_S1Hand.tif,data/external/sen1floods11/flood_mask/Ghana_234935_LabelHand.tif,True,True,True,True,False,512,512,2,512,512,1,-1.0,-1.0,-1.0,1.0,
ghana_277,flood,validation,normalized_stem,data/external/sen1floods11/flood_sar/Ghana_277_S1Hand.tif,data/external/sen1floods11/flood_mask/Ghana_277_LabelHand.tif,True,True,True,True,False,512,512,2,512,512,1,-1.0,-1.0,-1.0,1.0,
ghana_308249,flood,validation,normalized_stem,data/external/sen1floods11/flood_sar/Ghana_308249_S1Hand.tif,data/external/sen1floods11/flood_mask/Ghana_308249_LabelHand.tif,True,True,True,True,False,512,512,2,512,512,1,0.0,1.0,0.0|1.0,1.0,
ghana_495107,flood,validation,normalized_stem,data/external/sen1floods11/flood_sar/Ghana_495107_S1Hand.tif,data/external/sen1floods11/flood_mask/Ghana_495107_LabelHand.tif,True,True,True,True,False,512,512,2,512,512,1,0.0,1.0,0.0|1.0,1.0,
ghana_5079,flood,validation,normalized_stem,data/external/sen1floods11/flood_sar/Ghana_5079_S1Hand.tif,data/external/sen1floods11/flood_mask/Ghana_5079_LabelHand.tif,True,True,True,True,False,512,512,2,512,512,1,-1.0,-1.0,-1.0,1.0,
ghana_868803,flood,validation,normalized_stem,data/external/sen1floods11/flood_sar/Ghana_868803_S1Hand.tif,data/external/sen1floods11/flood_mask/Ghana_868803_LabelHand.tif,True,True,True,True,False,512,512,2,512,512,1,0.0,1.0,0.0|1.0,1.0,
ghana_895194,flood,validation,normalized_stem,data/external/sen1floods11/flood_sar/Ghana_895194_S1Hand.tif,data/external/sen1floods11/flood_mask/Ghana_895194_LabelHand.tif,True,True,True,True,False,512,512,2,512,512,1,-1.0,1.0,-1.0|0.0|1.0,1.0,
india_1018317,flood,validation,normalized_stem,data/external/sen1floods11/flood_sar/India_1018317_S1Hand.tif,data/external/sen1floods11/flood_mask/India_1018317_LabelHand.tif,True,True,True,True,False,512,512,2,512,512,1,-1.0,1.0,-1.0|0.0|1.0,1.0,
india_1050276,flood,validation,normalized_stem,data/external/sen1floods11/flood_sar/India_1050276_S1Hand.tif,data/external/sen1floods11/flood_mask/India_1050276_LabelHand.tif,True,True,True,True,False,512,512,2,512,512,1,-1.0,1.0,-1.0|0.0|1.0,1.0,
india_1068117,flood,validation,normalized_stem,data/external/sen1floods11/flood_sar/India_1068117_S1Hand.tif,data/external/sen1floods11/flood_mask/India_1068117_LabelHand.tif,True,True,True,True,False,512,512,2,512,512,1,-1.0,1.0,-1.0|0.0|1.0,1.0,
india_118868,flood,validation,normalized_stem,data/external/sen1floods11/flood_sar/India_118868_S1Hand.tif,data/external/sen1floods11/flood_mask/India_118868_LabelHand.tif,True,True,True,True,False,512,512,2,512,512,1,-1.0,1.0,-1.0|0.0|1.0,1.0,
india_164336,flood,validation,normalized_stem,data/external/sen1floods11/flood_sar/India_164336_S1Hand.tif,data/external/sen1floods11/flood_mask/India_164336_LabelHand.tif,True,True,True,True,False,512,512,2,512,512,1,-1.0,1.0,-1.0|0.0|1.0,1.0,
india_180633,flood,validation,normalized_stem,data/external/sen1floods11/flood_sar/India_180633_S1Hand.tif,data/external/sen1floods11/flood_mask/India_180633_LabelHand.tif,True,True,True,True,False,512,512,2,512,512,1,-1.0,1.0,-1.0|0.0|1.0,1.0,
india_244057,flood,validation,normalized_stem,data/external/sen1floods11/flood_sar/India_244057_S1Hand.tif,data/external/sen1floods11/flood_mask/India_244057_LabelHand.tif,True,True,True,True,False,512,512,2,512,512,1,-1.0,1.0,-1.0|0.0|1.0,1.0,
india_533192,flood,validation,normalized_stem,data/external/sen1floods11/flood_sar/India_533192_S1Hand.tif,data/external/sen1floods11/flood_mask/India_533192_LabelHand.tif,True,True,True,True,False,512,512,2,512,512,1,-1.0,1.0,-1.0|0.0|1.0,1.0,
india_691027,flood,validation,normalized_stem,data/external/sen1floods11/flood_sar/India_691027_S1Hand.tif,data/external/sen1floods11/flood_mask/India_691027_LabelHand.tif,True,True,True,True,False,512,512,2,512,512,1,-1.0,1.0,-1.0|0.0|1.0,1.0,
india_70352,flood,validation,normalized_stem,data/external/sen1floods11/flood_sar/India_70352_S1Hand.tif,data/external/sen1floods11/flood_mask/India_70352_LabelHand.tif,True,True,True,True,False,512,512,2,512,512,1,-1.0,1.0,-1.0|0.0|1.0,1.0,
india_764946,flood,validation,normalized_stem,data/external/sen1floods11/flood_sar/India_764946_S1Hand.tif,data/external/sen1floods11/flood_mask/India_764946_LabelHand.tif,True,True,True,True,False,512,512,2,512,512,1,-1.0,1.0,-1.0|0.0|1.0,1.0,
india_769408,flood,validation,normalized_stem,data/external/sen1floods11/flood_sar/India_769408_S1Hand.tif,data/external/sen1floods11/flood_mask/India_769408_LabelHand.tif,True,True,True,True,False,512,512,2,512,512,1,-1.0,1.0,-1.0|0.0|1.0,1.0,
india_833266,flood,validation,normalized_stem,data/external/sen1floods11/flood_sar/India_833266_S1Hand.tif,data/external/sen1floods11/flood_mask/India_833266_LabelHand.tif,True,True,True,True,False,512,512,2,512,512,1,-1.0,1.0,-1.0|0.0|1.0,1.0,
india_869358,flood,validation,normalized_stem,data/external/sen1floods11/flood_sar/India_869358_S1Hand.tif,data/external/sen1floods11/flood_mask/India_869358_LabelHand.tif,True,True,True,True,False,512,512,2,512,512,1,0.0,1.0,0.0|1.0,1.0,
mekong_1149855,flood,validation,normalized_stem,data/external/sen1floods11/flood_sar/Mekong_1149855_S1Hand.tif,data/external/sen1floods11/flood_mask/Mekong_1149855_LabelHand.tif,True,True,True,True,False,512,512,2,512,512,1,-1.0,1.0,-1.0|0.0|1.0,1.0,
mekong_1413877,flood,validation,normalized_stem,data/external/sen1floods11/flood_sar/Mekong_1413877_S1Hand.tif,data/external/sen1floods11/flood_mask/Mekong_1413877_LabelHand.tif,True,True,True,True,False,512,512,2,512,512,1,-1.0,1.0,-1.0|0.0|1.0,1.0,
mekong_293769,flood,validation,normalized_stem,data/external/sen1floods11/flood_sar/Mekong_293769_S1Hand.tif,data/external/sen1floods11/flood_mask/Mekong_293769_LabelHand.tif,True,True,True,True,False,512,512,2,512,512,1,-1.0,1.0,-1.0|0.0|1.0,1.0,
mekong_474783,flood,validation,normalized_stem,data/external/sen1floods11/flood_sar/Mekong_474783_S1Hand.tif,data/external/sen1floods11/flood_mask/Mekong_474783_LabelHand.tif,True,True,True,True,False,512,512,2,512,512,1,-1.0,1.0,-1.0|0.0|1.0,1.0,
mekong_977338,flood,validation,normalized_stem,data/external/sen1floods11/flood_sar/Mekong_977338_S1Hand.tif,data/external/sen1floods11/flood_mask/Mekong_977338_LabelHand.tif,True,True,True,True,False,512,512,2,512,512,1,-1.0,1.0,-1.0|0.0|1.0,1.0,
mekong_98310,flood,validation,normalized_stem,data/external/sen1floods11/flood_sar/Mekong_98310_S1Hand.tif,data/external/sen1floods11/flood_mask/Mekong_98310_LabelHand.tif,True,True,True,True,False,512,512,2,512,512,1,-1.0,1.0,-1.0|0.0|1.0,1.0,
nigeria_1095404,flood,validation,normalized_stem,data/external/sen1floods11/flood_sar/Nigeria_1095404_S1Hand.tif,data/external/sen1floods11/flood_mask/Nigeria_1095404_LabelHand.tif,True,True,True,True,False,512,512,2,512,512,1,-1.0,1.0,-1.0|0.0|1.0,1.0,
nigeria_31096,flood,validation,normalized_stem,data/external/sen1floods11/flood_sar/Nigeria_31096_S1Hand.tif,data/external/sen1floods11/flood_mask/Nigeria_31096_LabelHand.tif,True,True,True,True,False,512,512,2,512,512,1,-1.0,1.0,-1.0|0.0|1.0,1.0,
nigeria_820924,flood,validation,normalized_stem,data/external/sen1floods11/flood_sar/Nigeria_820924_S1Hand.tif,data/external/sen1floods11/flood_mask/Nigeria_820924_LabelHand.tif,True,True,True,True,False,512,512,2,512,512,1,-1.0,1.0,-1.0|0.0|1.0,1.0,
nigeria_984831,flood,validation,normalized_stem,data/external/sen1floods11/flood_sar/Nigeria_984831_S1Hand.tif,data/external/sen1floods11/flood_mask/Nigeria_984831_LabelHand.tif,True,True,True,True,False,512,512,2,512,512,1,-1.0,1.0,-1.0|0.0|1.0,1.0,
pakistan_1027214,flood,validation,normalized_stem,data/external/sen1floods11/flood_sar/Pakistan_1027214_S1Hand.tif,data/external/sen1floods11/flood_mask/Pakistan_1027214_LabelHand.tif,True,True,True,True,False,512,512,2,512,512,1,-1.0,1.0,-1.0|0.0|1.0,1.0,
pakistan_210595,flood,validation,normalized_stem,data/external/sen1floods11/flood_sar/Pakistan_210595_S1Hand.tif,data/external/sen1floods11/flood_mask/Pakistan_210595_LabelHand.tif,True,True,True,True,False,512,512,2,512,512,1,0.0,0.0,0.0,1.0,
pakistan_336228,flood,validation,normalized_stem,data/external/sen1floods11/flood_sar/Pakistan_336228_S1Hand.tif,data/external/sen1floods11/flood_mask/Pakistan_336228_LabelHand.tif,True,True,True,True,False,512,512,2,512,512,1,-1.0,0.0,-1.0|0.0,1.0,
pakistan_43105,flood,validation,normalized_stem,data/external/sen1floods11/flood_sar/Pakistan_43105_S1Hand.tif,data/external/sen1floods11/flood_mask/Pakistan_43105_LabelHand.tif,True,True,True,True,False,512,512,2,512,512,1,-1.0,1.0,-1.0|0.0|1.0,1.0,
pakistan_94095,flood,validation,normalized_stem,data/external/sen1floods11/flood_sar/Pakistan_94095_S1Hand.tif,data/external/sen1floods11/flood_mask/Pakistan_94095_LabelHand.tif,True,True,True,True,False,512,512,2,512,512,1,-1.0,1.0,-1.0|0.0|1.0,1.0,
pakistan_9684,flood,validation,normalized_stem,data/external/sen1floods11/flood_sar/Pakistan_9684_S1Hand.tif,data/external/sen1floods11/flood_mask/Pakistan_9684_LabelHand.tif,True,True,True,True,False,512,512,2,512,512,1,-1.0,1.0,-1.0|0.0|1.0,1.0,
paraguay_1019808,flood,validation,normalized_stem,data/external/sen1floods11/flood_sar/Paraguay_1019808_S1Hand.tif,data/external/sen1floods11/flood_mask/Paraguay_1019808_LabelHand.tif,True,True,True,True,False,512,512,2,512,512,1,0.0,1.0,0.0|1.0,1.0,
paraguay_153941,flood,validation,normalized_stem,data/external/sen1floods11/flood_sar/Paraguay_153941_S1Hand.tif,data/external/sen1floods11/flood_mask/Paraguay_153941_LabelHand.tif,True,True,True,True,False,512,512,2,512,512,1,0.0,1.0,0.0|1.0,1.0,
paraguay_172476,flood,validation,normalized_stem,data/external/sen1floods11/flood_sar/Paraguay_172476_S1Hand.tif,data/external/sen1floods11/flood_mask/Paraguay_172476_LabelHand.tif,True,True,True,True,False,512,512,2,512,512,1,-1.0,1.0,-1.0|0.0|1.0,1.0,
paraguay_205585,flood,validation,normalized_stem,data/external/sen1floods11/flood_sar/Paraguay_205585_S1Hand.tif,data/external/sen1floods11/flood_mask/Paraguay_205585_LabelHand.tif,True,True,True,True,False,512,512,2,512,512,1,0.0,0.0,0.0,1.0,
paraguay_252217,flood,validation,normalized_stem,data/external/sen1floods11/flood_sar/Paraguay_252217_S1Hand.tif,data/external/sen1floods11/flood_mask/Paraguay_252217_LabelHand.tif,True,True,True,True,False,512,512,2,512,512,1,-1.0,1.0,-1.0|0.0|1.0,1.0,
paraguay_284928,flood,validation,normalized_stem,data/external/sen1floods11/flood_sar/Paraguay_284928_S1Hand.tif,data/external/sen1floods11/flood_mask/Paraguay_284928_LabelHand.tif,True,True,True,True,False,512,512,2,512,512,1,0.0,0.0,0.0,1.0,
paraguay_305760,flood,validation,normalized_stem,data/external/sen1floods11/flood_sar/Paraguay_305760_S1Hand.tif,data/external/sen1floods11/flood_mask/Paraguay_305760_LabelHand.tif,True,True,True,True,False,512,512,2,512,512,1,0.0,1.0,0.0|1.0,1.0,
paraguay_581976,flood,validation,normalized_stem,data/external/sen1floods11/flood_sar/Paraguay_581976_S1Hand.tif,data/external/sen1floods11/flood_mask/Paraguay_581976_LabelHand.tif,True,True,True,True,False,512,512,2,512,512,1,0.0,1.0,0.0|1.0,1.0,
paraguay_648632,flood,validation,normalized_stem,data/external/sen1floods11/flood_sar/Paraguay_648632_S1Hand.tif,data/external/sen1floods11/flood_mask/Paraguay_648632_LabelHand.tif,True,True,True,True,False,512,512,2,512,512,1,0.0,1.0,0.0|1.0,1.0,
paraguay_657443,flood,validation,normalized_stem,data/external/sen1floods11/flood_sar/Paraguay_657443_S1Hand.tif,data/external/sen1floods11/flood_mask/Paraguay_657443_LabelHand.tif,True,True,True,True,False,512,512,2,512,512,1,0.0,1.0,0.0|1.0,1.0,
paraguay_76868,flood,validation,normalized_stem,data/external/sen1floods11/flood_sar/Paraguay_76868_S1Hand.tif,data/external/sen1floods11/flood_mask/Paraguay_76868_LabelHand.tif,True,True,True,True,False,512,512,2,512,512,1,-1.0,1.0,-1.0|0.0|1.0,1.0,
paraguay_7894,flood,validation,normalized_stem,data/external/sen1floods11/flood_sar/Paraguay_7894_S1Hand.tif,data/external/sen1floods11/flood_mask/Paraguay_7894_LabelHand.tif,True,True,True,True,False,512,512,2,512,512,1,-1.0,0.0,-1.0|0.0,1.0,
paraguay_896458,flood,validation,normalized_stem,data/external/sen1floods11/flood_sar/Paraguay_896458_S1Hand.tif,data/external/sen1floods11/flood_mask/Paraguay_896458_LabelHand.tif,True,True,True,True,False,512,512,2,512,512,1,-1.0,1.0,-1.0|0.0|1.0,1.0,
paraguay_934240,flood,validation,normalized_stem,data/external/sen1floods11/flood_sar/Paraguay_934240_S1Hand.tif,data/external/sen1floods11/flood_mask/Paraguay_934240_LabelHand.tif,True,True,True,True,False,512,512,2,512,512,1,0.0,1.0,0.0|1.0,1.0,
somalia_12849,flood,validation,normalized_stem,data/external/sen1floods11/flood_sar/Somalia_12849_S1Hand.tif,data/external/sen1floods11/flood_mask/Somalia_12849_LabelHand.tif,True,True,True,True,False,512,512,2,512,512,1,-1.0,1.0,-1.0|0.0|1.0,1.0,
somalia_167787,flood,validation,normalized_stem,data/external/sen1floods11/flood_sar/Somalia_167787_S1Hand.tif,data/external/sen1floods11/flood_mask/Somalia_167787_LabelHand.tif,True,True,True,True,False,512,512,2,512,512,1,-1.0,1.0,-1.0|0.0|1.0,1.0,
somalia_256539,flood,validation,normalized_stem,data/external/sen1floods11/flood_sar/Somalia_256539_S1Hand.tif,data/external/sen1floods11/flood_mask/Somalia_256539_LabelHand.tif,True,True,True,True,False,512,512,2,512,512,1,-1.0,1.0,-1.0|0.0|1.0,1.0,
somalia_61368,flood,validation,normalized_stem,data/external/sen1floods11/flood_sar/Somalia_61368_S1Hand.tif,data/external/sen1floods11/flood_mask/Somalia_61368_LabelHand.tif,True,True,True,True,False,512,512,2,512,512,1,-1.0,0.0,-1.0|0.0,1.0,
somalia_649376,flood,validation,normalized_stem,data/external/sen1floods11/flood_sar/Somalia_649376_S1Hand.tif,data/external/sen1floods11/flood_mask/Somalia_649376_LabelHand.tif,True,True,True,True,False,512,512,2,512,512,1,-1.0,1.0,-1.0|0.0|1.0,1.0,
spain_1199913,flood,validation,normalized_stem,data/external/sen1floods11/flood_sar/Spain_1199913_S1Hand.tif,data/external/sen1floods11/flood_mask/Spain_1199913_LabelHand.tif,True,True,True,True,False,512,512,2,512,512,1,-1.0,1.0,-1.0|0.0|1.0,1.0,
spain_4282030,flood,validation,normalized_stem,data/external/sen1floods11/flood_sar/Spain_4282030_S1Hand.tif,data/external/sen1floods11/flood_mask/Spain_4282030_LabelHand.tif,True,True,True,True,False,512,512,2,512,512,1,-1.0,1.0,-1.0|0.0|1.0,1.0,
spain_6537196,flood,validation,normalized_stem,data/external/sen1floods11/flood_sar/Spain_6537196_S1Hand.tif,data/external/sen1floods11/flood_mask/Spain_6537196_LabelHand.tif,True,True,True,True,False,512,512,2,512,512,1,-1.0,1.0,-1.0|0.0|1.0,1.0,
spain_7604243,flood,validation,normalized_stem,data/external/sen1floods11/flood_sar/Spain_7604243_S1Hand.tif,data/external/sen1floods11/flood_mask/Spain_7604243_LabelHand.tif,True,True,True,True,False,512,512,2,512,512,1,-1.0,1.0,-1.0|0.0|1.0,1.0,
spain_8372658,flood,validation,normalized_stem,data/external/sen1floods11/flood_sar/Spain_8372658_S1Hand.tif,data/external/sen1floods11/flood_mask/Spain_8372658_LabelHand.tif,True,True,True,True,False,512,512,2,512,512,1,-1.0,1.0,-1.0|0.0|1.0,1.0,
spain_8565131,flood,validation,normalized_stem,data/external/sen1floods11/flood_sar/Spain_8565131_S1Hand.tif,data/external/sen1floods11/flood_mask/Spain_8565131_LabelHand.tif,True,True,True,True,False,512,512,2,512,512,1,-1.0,1.0,-1.0|0.0|1.0,1.0,
sri-lanka_101973,flood,validation,normalized_stem,data/external/sen1floods11/flood_sar/Sri-Lanka_101973_S1Hand.tif,data/external/sen1floods11/flood_mask/Sri-Lanka_101973_LabelHand.tif,True,True,True,True,False,512,512,2,512,512,1,-1.0,1.0,-1.0|0.0|1.0,1.0,
sri-lanka_132922,flood,validation,normalized_stem,data/external/sen1floods11/flood_sar/Sri-Lanka_132922_S1Hand.tif,data/external/sen1floods11/flood_mask/Sri-Lanka_132922_LabelHand.tif,True,True,True,True,False,512,512,2,512,512,1,0.0,1.0,0.0|1.0,1.0,
sri-lanka_236030,flood,validation,normalized_stem,data/external/sen1floods11/flood_sar/Sri-Lanka_236030_S1Hand.tif,data/external/sen1floods11/flood_mask/Sri-Lanka_236030_LabelHand.tif,True,True,True,True,False,512,512,2,512,512,1,-1.0,1.0,-1.0|0.0|1.0,1.0,
sri-lanka_236628,flood,validation,normalized_stem,data/external/sen1floods11/flood_sar/Sri-Lanka_236628_S1Hand.tif,data/external/sen1floods11/flood_mask/Sri-Lanka_236628_LabelHand.tif,True,True,True,True,False,512,512,2,512,512,1,-1.0,1.0,-1.0|0.0|1.0,1.0,
sri-lanka_31559,flood,validation,normalized_stem,data/external/sen1floods11/flood_sar/Sri-Lanka_31559_S1Hand.tif,data/external/sen1floods11/flood_mask/Sri-Lanka_31559_LabelHand.tif,True,True,True,True,False,512,512,2,512,512,1,-1.0,1.0,-1.0|0.0|1.0,1.0,
sri-lanka_321316,flood,validation,normalized_stem,data/external/sen1floods11/flood_sar/Sri-Lanka_321316_S1Hand.tif,data/external/sen1floods11/flood_mask/Sri-Lanka_321316_LabelHand.tif,True,True,True,True,False,512,512,2,512,512,1,-1.0,1.0,-1.0|0.0|1.0,1.0,
sri-lanka_612594,flood,validation,normalized_stem,data/external/sen1floods11/flood_sar/Sri-Lanka_612594_S1Hand.tif,data/external/sen1floods11/flood_mask/Sri-Lanka_612594_LabelHand.tif,True,True,True,True,False,512,512,2,512,512,1,0.0,1.0,0.0|1.0,1.0,
sri-lanka_63307,flood,validation,normalized_stem,data/external/sen1floods11/flood_sar/Sri-Lanka_63307_S1Hand.tif,data/external/sen1floods11/flood_mask/Sri-Lanka_63307_LabelHand.tif,True,True,True,True,False,512,512,2,512,512,1,0.0,1.0,0.0|1.0,1.0,
sri-lanka_85652,flood,validation,normalized_stem,data/external/sen1floods11/flood_sar/Sri-Lanka_85652_S1Hand.tif,data/external/sen1floods11/flood_mask/Sri-Lanka_85652_LabelHand.tif,True,True,True,True,False,512,512,2,512,512,1,-1.0,1.0,-1.0|0.0|1.0,1.0,
usa_1039203,flood,validation,normalized_stem,data/external/sen1floods11/flood_sar/USA_1039203_S1Hand.tif,data/external/sen1floods11/flood_mask/USA_1039203_LabelHand.tif,True,True,True,True,False,512,512,2,512,512,1,-1.0,1.0,-1.0|0.0|1.0,1.0,
usa_1082482,flood,validation,normalized_stem,data/external/sen1floods11/flood_sar/USA_1082482_S1Hand.tif,data/external/sen1floods11/flood_mask/USA_1082482_LabelHand.tif,True,True,True,True,False,512,512,2,512,512,1,-1.0,1.0,-1.0|0.0|1.0,1.0,
usa_19225,flood,validation,normalized_stem,data/external/sen1floods11/flood_sar/USA_19225_S1Hand.tif,data/external/sen1floods11/flood_mask/USA_19225_LabelHand.tif,True,True,True,True,False,512,512,2,512,512,1,-1.0,1.0,-1.0|0.0|1.0,1.0,
usa_225017,flood,validation,normalized_stem,data/external/sen1floods11/flood_sar/USA_225017_S1Hand.tif,data/external/sen1floods11/flood_mask/USA_225017_LabelHand.tif,True,True,True,True,False,512,512,2,512,512,1,-1.0,1.0,-1.0|0.0|1.0,1.0,
usa_251323,flood,validation,normalized_stem,data/external/sen1floods11/flood_sar/USA_251323_S1Hand.tif,data/external/sen1floods11/flood_mask/USA_251323_LabelHand.tif,True,True,True,True,False,512,512,2,512,512,1,-1.0,1.0,-1.0|0.0|1.0,1.0,
usa_275372,flood,validation,normalized_stem,data/external/sen1floods11/flood_sar/USA_275372_S1Hand.tif,data/external/sen1floods11/flood_mask/USA_275372_LabelHand.tif,True,True,True,True,False,512,512,2,512,512,1,-1.0,1.0,-1.0|0.0|1.0,1.0,
usa_308150,flood,validation,normalized_stem,data/external/sen1floods11/flood_sar/USA_308150_S1Hand.tif,data/external/sen1floods11/flood_mask/USA_308150_LabelHand.tif,True,True,True,True,False,512,512,2,512,512,1,-1.0,1.0,-1.0|0.0|1.0,1.0,
usa_366607,flood,validation,normalized_stem,data/external/sen1floods11/flood_sar/USA_366607_S1Hand.tif,data/external/sen1floods11/flood_mask/USA_366607_LabelHand.tif,True,True,True,True,False,512,512,2,512,512,1,-1.0,1.0,-1.0|0.0|1.0,1.0,
usa_646878,flood,validation,normalized_stem,data/external/sen1floods11/flood_sar/USA_646878_S1Hand.tif,data/external/sen1floods11/flood_mask/USA_646878_LabelHand.tif,True,True,True,True,False,512,512,2,512,512,1,-1.0,1.0,-1.0|0.0|1.0,1.0,
usa_741073,flood,validation,normalized_stem,data/external/sen1floods11/flood_sar/USA_741073_S1Hand.tif,data/external/sen1floods11/flood_mask/USA_741073_LabelHand.tif,True,True,True,True,False,512,512,2,512,512,1,-1.0,1.0,-1.0|0.0|1.0,1.0,
usa_741178,flood,validation,normalized_stem,data/external/sen1floods11/flood_sar/USA_741178_S1Hand.tif,data/external/sen1floods11/flood_mask/USA_741178_LabelHand.tif,True,True,True,True,False,512,512,2,512,512,1,-1.0,1.0,-1.0|0.0|1.0,1.0,
usa_761032,flood,validation,normalized_stem,data/external/sen1floods11/flood_sar/USA_761032_S1Hand.tif,data/external/sen1floods11/flood_mask/USA_761032_LabelHand.tif,True,True,True,True,False,512,512,2,512,512,1,-1.0,1.0,-1.0|0.0|1.0,1.0,
usa_826217,flood,validation,normalized_stem,data/external/sen1floods11/flood_sar/USA_826217_S1Hand.tif,data/external/sen1floods11/flood_mask/USA_826217_LabelHand.tif,True,True,True,True,False,512,512,2,512,512,1,-1.0,1.0,-1.0|0.0|1.0,1.0,
usa_986268,flood,validation,normalized_stem,data/external/sen1floods11/flood_sar/USA_986268_S1Hand.tif,data/external/sen1floods11/flood_mask/USA_986268_LabelHand.tif,True,True,True,True,False,512,512,2,512,512,1,-1.0,1.0,-1.0|0.0|1.0,1.0,
10_589_inhabited_-69.26971803251075_-15.653179287904821,permanent,test,coordinate_fallback,data/external/sen1floods11/permanent_sar/sentinel_10_589_inhabited_-69.26971803251075_-15.653179287904821.tif,data/external/sen1floods11/permanent_mask/water_10_589_inhabited_-69.26971803251075_-15.653179287904821.tif,True,True,True,True,False,531,514,2,531,514,1,-1.0,1.0,-1.0|0.0|1.0|nan,1.0,
10_754_inhabited_78.51070554645935_33.89498267396236,permanent,test,coordinate_fallback,data/external/sen1floods11/permanent_sar/sentinel_10_754_inhabited_78.51070554645935_33.89498267396236.tif,data/external/sen1floods11/permanent_mask/water_10_754_inhabited_78.51070554645935_33.89498267396236.tif,True,True,True,True,False,615,514,2,615,514,1,-1.0,1.0,-1.0|0.0|1.0,1.0,
12_198_inhabited_118.23150374674876_-34.91523837229395,permanent,test,coordinate_fallback,data/external/sen1floods11/permanent_sar/sentinel_12_198_inhabited_118.23150374674876_-34.91523837229395.tif,data/external/sen1floods11/permanent_mask/water_12_198_inhabited_118.23150374674876_-34.91523837229395.tif,True,True,True,True,False,623,514,2,623,514,1,-1.0,1.0,-1.0|0.0|1.0|nan,1.0,
12_199_inhabited_137.16886001062807_-33.67839521759439,permanent,test,coordinate_fallback,data/external/sen1floods11/permanent_sar/sentinel_12_199_inhabited_137.16886001062807_-33.67839521759439.tif,data/external/sen1floods11/permanent_mask/water_12_199_inhabited_137.16886001062807_-33.67839521759439.tif,True,True,True,True,True,613,514,2,613,514,1,-1.0,1.0,-1.0|0.0|1.0,1.0,
12_201_inhabited_128.94500682427363_-31.699151869405586,permanent,test,coordinate_fallback,data/external/sen1floods11/permanent_sar/sentinel_12_201_inhabited_128.94500682427363_-31.699151869405586.tif,data/external/sen1floods11/permanent_mask/water_12_201_inhabited_128.94500682427363_-31.699151869405586.tif,True,True,True,True,True,600,514,2,600,514,1,-1.0,1.0,-1.0|0.0|1.0,1.0,
12_422_rural_-119.65593236456468_34.012060831221646,permanent,test,coordinate_fallback,data/external/sen1floods11/permanent_sar/sentinel_12_422_rural_-119.65593236456468_34.012060831221646.tif,data/external/sen1floods11/permanent_mask/water_12_422_rural_-119.65593236456468_34.012060831221646.tif,True,True,True,True,False,616,513,2,616,513,1,-1.0,1.0,-1.0|0.0|1.0,1.0,
12_787_inhabited_-16.83878737150028_28.360698715408567,permanent,test,coordinate_fallback,data/external/sen1floods11/permanent_sar/sentinel_12_787_inhabited_-16.83878737150028_28.360698715408567.tif,data/external/sen1floods11/permanent_mask/water_12_787_inhabited_-16.83878737150028_28.360698715408567.tif,True,True,True,True,False,580,514,2,580,514,1,-1.0,1.0,-1.0|0.0|1.0,1.0,
12_789_inhabited_23.712068030787027_35.60459309965142,permanent,test,coordinate_fallback,data/external/sen1floods11/permanent_sar/sentinel_12_789_inhabited_23.712068030787027_35.60459309965142.tif,data/external/sen1floods11/permanent_mask/water_12_789_inhabited_23.712068030787027_35.60459309965142.tif,True,True,True,True,False,628,513,2,628,513,1,-1.0,1.0,-1.0|0.0|1.0,1.0,
12_789_low_density_25.076597544151998_35.328556908038905,permanent,test,coordinate_fallback,data/external/sen1floods11/permanent_sar/sentinel_12_789_low_density_25.076597544151998_35.328556908038905.tif,data/external/sen1floods11/permanent_mask/water_12_789_low_density_25.076597544151998_35.328556908038905.tif,True,True,True,True,False,626,514,2,626,514,1,-1.0,1.0,-1.0|0.0|1.0,1.0,
12_793_low_density_-0.6147718031375297_38.16544591644328,permanent,test,coordinate_fallback,data/external/sen1floods11/permanent_sar/sentinel_12_793_low_density_-0.6147718031375297_38.16544591644328.tif,data/external/sen1floods11/permanent_mask/water_12_793_low_density_-0.6147718031375297_38.16544591644328.tif,True,True,True,True,False,649,514,2,649,514,1,-1.0,1.0,-1.0|0.0|1.0,1.0,
12_793_rural_-3.6406464323890466_36.75669995703234,permanent,test,coordinate_fallback,data/external/sen1floods11/permanent_sar/sentinel_12_793_rural_-3.6406464323890466_36.75669995703234.tif,data/external/sen1floods11/permanent_mask/water_12_793_rural_-3.6406464323890466_36.75669995703234.tif,True,True,True,True,False,637,514,2,637,514,1,-1.0,1.0,-1.0|0.0|1.0|nan,1.0,
12_795_low_density_10.204059700370784_43.92795112601348,permanent,test,coordinate_fallback,data/external/sen1floods11/permanent_sar/sentinel_12_795_low_density_10.204059700370784_43.92795112601348.tif,data/external/sen1floods11/permanent_mask/water_12_795_low_density_10.204059700370784_43.92795112601348.tif,True,True,True,True,False,709,514,2,709,514,1,-1.0,1.0,-1.0|0.0|1.0,1.0,
12_795_low_density_13.299482928752898_41.27584726526391,permanent,test,coordinate_fallback,data/external/sen1floods11/permanent_sar/sentinel_12_795_low_density_13.299482928752898_41.27584726526391.tif,data/external/sen1floods11/permanent_mask/water_12_795_low_density_13.299482928752898_41.27584726526391.tif,True,True,True,True,False,679,514,2,679,514,1,-1.0,1.0,-1.0|0.0|1.0,1.0,
12_795_low_density_7.134280762147038_43.589558865269574,permanent,test,coordinate_fallback,data/external/sen1floods11/permanent_sar/sentinel_12_795_low_density_7.134280762147038_43.589558865269574.tif,data/external/sen1floods11/permanent_mask/water_12_795_low_density_7.134280762147038_43.589558865269574.tif,True,True,True,True,True,704,514,2,704,514,1,-1.0,1.0,-1.0|0.0|1.0,1.0,
12_797_high_density_12.633672254957624_32.77276071184164,permanent,test,coordinate_fallback,data/external/sen1floods11/permanent_sar/sentinel_12_797_high_density_12.633672254957624_32.77276071184164.tif,data/external/sen1floods11/permanent_mask/water_12_797_high_density_12.633672254957624_32.77276071184164.tif,True,True,True,True,False,607,514,2,607,514,1,-1.0,1.0,-1.0|0.0|1.0,1.0,
12_798_high_density_-2.8763431345252637_35.12114628163892,permanent,test,coordinate_fallback,data/external/sen1floods11/permanent_sar/sentinel_12_798_high_density_-2.8763431345252637_35.12114628163892.tif,data/external/sen1floods11/permanent_mask/water_12_798_high_density_-2.8763431345252637_35.12114628163892.tif,True,True,True,True,False,624,514,2,624,514,1,-1.0,1.0,-1.0|0.0|1.0,1.0,
12_798_rural_-2.370632024952913_35.11957667806809,permanent,test,coordinate_fallback,data/external/sen1floods11/permanent_sar/sentinel_12_798_rural_-2.370632024952913_35.11957667806809.tif,data/external/sen1floods11/permanent_mask/water_12_798_rural_-2.370632024952913_35.11957667806809.tif,True,True,True,True,False,624,514,2,624,514,1,-1.0,1.0,-1.0|0.0|1.0|nan,1.0,
12_801_inhabited_21.029160699960244_40.97624026548288,permanent,test,coordinate_fallback,data/external/sen1floods11/permanent_sar/sentinel_12_801_inhabited_21.029160699960244_40.97624026548288.tif,data/external/sen1floods11/permanent_mask/water_12_801_inhabited_21.029160699960244_40.97624026548288.tif,True,True,True,True,False,676,513,2,676,513,1,-1.0,1.0,-1.0|0.0|1.0,1.0,
12_804_low_density_36.21950759402265_36.7002299012915,permanent,test,coordinate_fallback,data/external/sen1floods11/permanent_sar/sentinel_12_804_low_density_36.21950759402265_36.7002299012915.tif,data/external/sen1floods11/permanent_mask/water_12_804_low_density_36.21950759402265_36.7002299012915.tif,True,True,True,True,False,636,514,2,636,514,1,-1.0,1.0,-1.0|0.0|1.0,1.0,
12_804_rural_30.821698882310613_38.000949678581655,permanent,test,coordinate_fallback,data/external/sen1floods11/permanent_sar/sentinel_12_804_rural_30.821698882310613_38.000949678581655.tif,data/external/sen1floods11/permanent_mask/water_12_804_rural_30.821698882310613_38.000949678581655.tif,True,True,True,True,False,648,514,2,648,514,1,-1.0,1.0,-1.0|0.0|1.0,1.0,
12_806_high_density_13.396758218233817_38.085253443098104,permanent,test,coordinate_fallback,data/external/sen1floods11/permanent_sar/sentinel_12_806_high_density_13.396758218233817_38.085253443098104.tif,data/external/sen1floods11/permanent_mask/water_12_806_high_density_13.396758218233817_38.085253443098104.tif,True,True,True,True,False,649,514,2,649,514,1,-1.0,1.0,-1.0|0.0|1.0,1.0,
13_100_inhabited_44.29070345581236_-20.332996925294164,permanent,test,coordinate_fallback,data/external/sen1floods11/permanent_sar/sentinel_13_100_inhabited_44.29070345581236_-20.332996925294164.tif,data/external/sen1floods11/permanent_mask/water_13_100_inhabited_44.29070345581236_-20.332996925294164.tif,True,True,True,True,False,544,514,2,544,514,1,-1.0,1.0,-1.0|0.0|1.0,1.0,
13_104_inhabited_12.947503787099146_-13.005530069107639,permanent,test,coordinate_fallback,data/external/sen1floods11/permanent_sar/sentinel_13_104_inhabited_12.947503787099146_-13.005530069107639.tif,data/external/sen1floods11/permanent_mask/water_13_104_inhabited_12.947503787099146_-13.005530069107639.tif,True,True,True,True,False,524,514,2,524,514,1,-1.0,1.0,-1.0|0.0|1.0,1.0,
13_207_inhabited_114.71955142986323_-21.612504758873087,permanent,test,coordinate_fallback,data/external/sen1floods11/permanent_sar/sentinel_13_207_inhabited_114.71955142986323_-21.612504758873087.tif,data/external/sen1floods11/permanent_mask/water_13_207_inhabited_114.71955142986323_-21.612504758873087.tif,True,True,True,True,False,549,514,2,549,514,1,-1.0,1.0,-1.0|0.0|1.0,1.0,
13_314_inhabited_68.59733018466164_23.740829232581753,permanent,test,coordinate_fallback,data/external/sen1floods11/permanent_sar/sentinel_13_314_inhabited_68.59733018466164_23.740829232581753.tif,data/external/sen1floods11/permanent_mask/water_13_314_inhabited_68.59733018466164_23.740829232581753.tif,True,True,True,True,False,557,514,2,557,514,1,-1.0,1.0,-1.0|0.0|1.0,1.0,
13_315_inhabited_79.67992643368339_9.48629158110076,permanent,test,coordinate_fallback,data/external/sen1floods11/permanent_sar/sentinel_13_315_inhabited_79.67992643368339_9.48629158110076.tif,data/external/sen1floods11/permanent_mask/water_13_315_inhabited_79.67992643368339_9.48629158110076.tif,True,True,True,True,False,518,514,2,518,514,1,-1.0,1.0,-1.0|0.0|1.0|nan,1.0,
13_434_inhabited_-120.20977055180686_42.64160303141858,permanent,test,coordinate_fallback,data/external/sen1floods11/permanent_sar/sentinel_13_434_inhabited_-120.20977055180686_42.64160303141858.tif,data/external/sen1floods11/permanent_mask/water_13_434_inhabited_-120.20977055180686_42.64160303141858.tif,True,True,True,True,False,693,514,2,693,514,1,-1.0,1.0,-1.0|0.0|1.0,1.0,
13_435_inhabited_-112.3906878044779_29.41297521840494,permanent,test,coordinate_fallback,data/external/sen1floods11/permanent_sar/sentinel_13_435_inhabited_-112.3906878044779_29.41297521840494.tif,data/external/sen1floods11/permanent_mask/water_13_435_inhabited_-112.3906878044779_29.41297521840494.tif,True,True,True,True,False,586,514,2,586,514,1,-1.0,1.0,-1.0|0.0|1.0,1.0,
13_602_inhabited_-74.01337661968228_11.336145194021729,permanent,test,coordinate_fallback,data/external/sen1floods11/permanent_sar/sentinel_13_602_inhabited_-74.01337661968228_11.336145194021729.tif,data/external/sen1floods11/permanent_mask/water_13_602_inhabited_-74.01337661968228_11.336145194021729.tif,True,True,True,True,False,521,513,2,521,513,1,-1.0,1.0,-1.0|0.0|1.0,1.0,
13_608_inhabited_-75.68831307557971_-14.815247313446543,permanent,test,coordinate_fallback,data/external/sen1floods11/permanent_sar/sentinel_13_608_inhabited_-75.68831307557971_-14.815247313446543.tif,data/external/sen1floods11/permanent_mask/water_13_608_inhabited_-75.68831307557971_-14.815247313446543.tif,True,True,True,True,False,528,513,2,528,513,1,-1.0,1.0,-1.0|0.0|1.0,1.0,
13_839_inhabited_-16.166203323204822_23.12013128414419,permanent,test,coordinate_fallback,data/external/sen1floods11/permanent_sar/sentinel_13_839_inhabited_-16.166203323204822_23.12013128414419.tif,data/external/sen1floods11/permanent_mask/water_13_839_inhabited_-16.166203323204822_23.12013128414419.tif,True,True,True,True,False,555,514,2,555,514,1,-1.0,1.0,-1.0|0.0|1.0,1.0,
13_841_inhabited_51.09270984386083_28.520597620084086,permanent,test,coordinate_fallback,data/external/sen1floods11/permanent_sar/sentinel_13_841_inhabited_51.09270984386083_28.520597620084086.tif,data/external/sen1floods11/permanent_mask/water_13_841_inhabited_51.09270984386083_28.520597620084086.tif,True,True,True,True,False,581,514,2,581,514,1,-1.0,1.0,-1.0|0.0|1.0,1.0,
13_92_inhabited_40.10037025926187_15.990501364395897,permanent,test,coordinate_fallback,data/external/sen1floods11/permanent_sar/sentinel_13_92_inhabited_40.10037025926187_15.990501364395897.tif,data/external/sen1floods11/permanent_mask/water_13_92_inhabited_40.10037025926187_15.990501364395897.tif,True,True,True,True,False,531,513,2,531,513,1,-1.0,1.0,-1.0|0.0|1.0,1.0,
13_95_inhabited_47.74632840819079_4.243329612570685,permanent,test,coordinate_fallback,data/external/sen1floods11/permanent_sar/sentinel_13_95_inhabited_47.74632840819079_4.243329612570685.tif,data/external/sen1floods11/permanent_mask/water_13_95_inhabited_47.74632840819079_4.243329612570685.tif,True,True,True,True,False,512,513,2,512,513,1,-1.0,1.0,-1.0|0.0|1.0,1.0,
14_323_high_density_90.8606541195883_22.431708508906897,permanent,test,coordinate_fallback,data/external/sen1floods11/permanent_sar/sentinel_14_323_high_density_90.8606541195883_22.431708508906897.tif,data/external/sen1floods11/permanent_mask/water_14_323_high_density_90.8606541195883_22.431708508906897.tif,True,True,True,True,False,553,514,2,553,514,1,-1.0,1.0,-1.0|0.0|1.0|nan,1.0,
14_613_low_density_-88.20434532654534_17.491559633815275,permanent,test,coordinate_fallback,data/external/sen1floods11/permanent_sar/sentinel_14_613_low_density_-88.20434532654534_17.491559633815275.tif,data/external/sen1floods11/permanent_mask/water_14_613_low_density_-88.20434532654534_17.491559633815275.tif,True,True,True,True,False,535,514,2,535,514,1,-1.0,1.0,-1.0|0.0|1.0,1.0,
14_616_high_density_-34.89682674404427_-8.153163057354156,permanent,test,coordinate_fallback,data/external/sen1floods11/permanent_sar/sentinel_14_616_high_density_-34.89682674404427_-8.153163057354156.tif,data/external/sen1floods11/permanent_mask/water_14_616_high_density_-34.89682674404427_-8.153163057354156.tif,True,True,True,True,False,516,513,2,516,513,1,-1.0,1.0,-1.0|0.0|1.0,1.0,
1_135_inhabited_147.7619272278004_-2.065763285928818,permanent,test,coordinate_fallback,data/external/sen1floods11/permanent_sar/sentinel_1_135_inhabited_147.7619272278004_-2.065763285928818.tif,data/external/sen1floods11/permanent_mask/water_1_135_inhabited_147.7619272278004_-2.065763285928818.tif,True,True,True,True,False,511,514,2,511,514,1,-1.0,1.0,-1.0|0.0|1.0,1.0,
1_146_inhabited_166.65906240017762_-20.44727922619293,permanent,test,coordinate_fallback,data/external/sen1floods11/permanent_sar/sentinel_1_146_inhabited_166.65906240017762_-20.44727922619293.tif,data/external/sen1floods11/permanent_mask/water_1_146_inhabited_166.65906240017762_-20.44727922619293.tif,True,True,True,True,False,545,514,2,545,514,1,-1.0,1.0,-1.0|0.0|1.0,1.0,
1_146_rural_165.9289202754843_-21.424134493971316,permanent,test,coordinate_fallback,data/external/sen1floods11/permanent_sar/sentinel_1_146_rural_165.9289202754843_-21.424134493971316.tif,data/external/sen1floods11/permanent_mask/water_1_146_rural_165.9289202754843_-21.424134493971316.tif,True,True,True,True,True,548,514,2,548,514,1,-1.0,1.0,-1.0|0.0|1.0,1.0,
1_16_rural_28.64504221228365_-32.44717053022219,permanent,test,coordinate_fallback,data/external/sen1floods11/permanent_sar/sentinel_1_16_rural_28.64504221228365_-32.44717053022219.tif,data/external/sen1floods11/permanent_mask/water_1_16_rural_28.64504221228365_-32.44717053022219.tif,True,True,True,True,False,605,514,2,605,514,1,-1.0,1.0,-1.0|0.0|1.0,1.0,
1_1_high_density_29.21731432328078_-1.6766755053082918,permanent,test,coordinate_fallback,data/external/sen1floods11/permanent_sar/sentinel_1_1_high_density_29.21731432328078_-1.6766755053082918.tif,data/external/sen1floods11/permanent_mask/water_1_1_high_density_29.21731432328078_-1.6766755053082918.tif,True,True,True,True,False,510,514,2,510,514,1,-1.0,1.0,-1.0|0.0|1.0,1.0,
1_1_low_density_29.0793185229798_-1.676827114744109,permanent,test,coordinate_fallback,data/external/sen1floods11/permanent_sar/sentinel_1_1_low_density_29.0793185229798_-1.676827114744109.tif,data/external/sen1floods11/permanent_mask/water_1_1_low_density_29.0793185229798_-1.676827114744109.tif,True,True,True,True,False,510,514,2,510,514,1,-1.0,1.0,-1.0|0.0|1.0,1.0,
1_20_high_density_55.522438798667665_-20.894972971958897,permanent,test,coordinate_fallback,data/external/sen1floods11/permanent_sar/sentinel_1_20_high_density_55.522438798667665_-20.894972971958897.tif,data/external/sen1floods11/permanent_mask/water_1_20_high_density_55.522438798667665_-20.894972971958897.tif,True,True,True,True,False,547,514,2,547,514,1,-1.0,1.0,-1.0|0.0|1.0,1.0,
1_20_low_density_57.804419435577024_-20.18718877994754,permanent,test,coordinate_fallback,data/external/sen1floods11/permanent_sar/sentinel_1_20_low_density_57.804419435577024_-20.18718877994754.tif,data/external/sen1floods11/permanent_mask/water_1_20_low_density_57.804419435577024_-20.18718877994754.tif,True,True,True,True,False,544,514,2,544,514,1,-1.0,1.0,-1.0|0.0|1.0,1.0,
1_223_inhabited_103.86730788216143_10.319612845069779,permanent,test,coordinate_fallback,data/external/sen1floods11/permanent_sar/sentinel_1_223_inhabited_103.86730788216143_10.319612845069779.tif,data/external/sen1floods11/permanent_mask/water_1_223_inhabited_103.86730788216143_10.319612845069779.tif,True,True,True,True,False,518,513,2,518,513,1,-1.0,1.0,-1.0|0.0|1.0,1.0,
1_231_rural_123.75996857842783_12.416540788261132,permanent,test,coordinate_fallback,data/external/sen1floods11/permanent_sar/sentinel_1_231_rural_123.75996857842783_12.416540788261132.tif,data/external/sen1floods11/permanent_mask/water_1_231_rural_123.75996857842783_12.416540788261132.tif,True,True,True,True,False,522,514,2,522,514,1,-1.0,1.0,-1.0|0.0|1.0,1.0,
1_236_low_density_117.59575187315475_23.755258883590706,permanent,test,coordinate_fallback,data/external/sen1floods11/permanent_sar/sentinel_1_236_low_density_117.59575187315475_23.755258883590706.tif,data/external/sen1floods11/permanent_mask/water_1_236_low_density_117.59575187315475_23.755258883590706.tif,True,True,True,True,False,557,514,2,557,514,1,-1.0,1.0,-1.0|0.0|1.0,1.0,
1_236_rural_119.64063318885032_25.37944631039888,permanent,test,coordinate_fallback,data/external/sen1floods11/permanent_sar/sentinel_1_236_rural_119.64063318885032_25.37944631039888.tif,data/external/sen1floods11/permanent_mask/water_1_236_rural_119.64063318885032_25.37944631039888.tif,True,True,True,True,False,565,514,2,565,514,1,-1.0,1.0,-1.0|0.0|1.0,1.0,
1_241_low_density_120.31554934699672_16.515520381529665,permanent,test,coordinate_fallback,data/external/sen1floods11/permanent_sar/sentinel_1_241_low_density_120.31554934699672_16.515520381529665.tif,data/external/sen1floods11/permanent_mask/water_1_241_low_density_120.31554934699672_16.515520381529665.tif,True,True,True,True,False,532,514,2,532,514,1,-1.0,1.0,-1.0|0.0|1.0,1.0,
1_241_rural_121.91163997806711_18.901384695681152,permanent,test,coordinate_fallback,data/external/sen1floods11/permanent_sar/sentinel_1_241_rural_121.91163997806711_18.901384695681152.tif,data/external/sen1floods11/permanent_mask/water_1_241_rural_121.91163997806711_18.901384695681152.tif,True,True,True,True,True,539,514,2,539,514,1,-1.0,1.0,-1.0|0.0|1.0,1.0,
1_243_inhabited_120.33157089708173_13.667537129704318,permanent,test,coordinate_fallback,data/external/sen1floods11/permanent_sar/sentinel_1_243_inhabited_120.33157089708173_13.667537129704318.tif,data/external/sen1floods11/permanent_mask/water_1_243_inhabited_120.33157089708173_13.667537129704318.tif,True,True,True,True,False,525,514,2,525,514,1,-1.0,1.0,-1.0|0.0|1.0,1.0,
1_248_inhabited_121.05200109968067_12.286009523123614,permanent,test,coordinate_fallback,data/external/sen1floods11/permanent_sar/sentinel_1_248_inhabited_121.05200109968067_12.286009523123614.tif,data/external/sen1floods11/permanent_mask/water_1_248_inhabited_121.05200109968067_12.286009523123614.tif,True,True,True,True,False,522,514,2,522,514,1,-1.0,1.0,-1.0|0.0|1.0,1.0,
1_248_low_density_121.32892465240283_13.120913767966604,permanent,test,coordinate_fallback,data/external/sen1floods11/permanent_sar/sentinel_1_248_low_density_121.32892465240283_13.120913767966604.tif,data/external/sen1floods11/permanent_mask/water_1_248_low_density_121.32892465240283_13.120913767966604.tif,True,True,True,True,False,524,514,2,524,514,1,-1.0,1.0,-1.0|0.0|1.0|nan,1.0,
1_250_inhabited_97.87776754245502_12.567467981617114,permanent,test,coordinate_fallback,data/external/sen1floods11/permanent_sar/sentinel_1_250_inhabited_97.87776754245502_12.567467981617114.tif,data/external/sen1floods11/permanent_mask/water_1_250_inhabited_97.87776754245502_12.567467981617114.tif,True,True,True,True,True,523,513,2,523,513,1,-1.0,1.0,-1.0|0.0|1.0,1.0,
1_253_inhabited_73.71737257355244_21.243768315460485,permanent,test,coordinate_fallback,data/external/sen1floods11/permanent_sar/sentinel_1_253_inhabited_73.71737257355244_21.243768315460485.tif,data/external/sen1floods11/permanent_mask/water_1_253_inhabited_73.71737257355244_21.243768315460485.tif,True,True,True,True,False,547,513,2,547,513,1,-1.0,1.0,-1.0|0.0|1.0,1.0,
1_265_rural_102.83342963011157_1.8619912859884489,permanent,test,coordinate_fallback,data/external/sen1floods11/permanent_sar/sentinel_1_265_rural_102.83342963011157_1.8619912859884489.tif,data/external/sen1floods11/permanent_mask/water_1_265_rural_102.83342963011157_1.8619912859884489.tif,True,True,True,True,False,510,514,2,510,514,1,-1.0,1.0,-1.0|0.0|1.0,1.0,
1_277_inhabited_100.1974944697818_2.6951787769258653,permanent,test,coordinate_fallback,data/external/sen1floods11/permanent_sar/sentinel_1_277_inhabited_100.1974944697818_2.6951787769258653.tif,data/external/sen1floods11/permanent_mask/water_1_277_inhabited_100.1974944697818_2.6951787769258653.tif,True,True,True,True,False,511,514,2,511,514,1,-1.0,1.0,-1.0|0.0|1.0,1.0,
1_283_rural_120.30911932327763_23.936137858722685,permanent,test,coordinate_fallback,data/external/sen1floods11/permanent_sar/sentinel_1_283_rural_120.30911932327763_23.936137858722685.tif,data/external/sen1floods11/permanent_mask/water_1_283_rural_120.30911932327763_23.936137858722685.tif,True,True,True,True,False,559,514,2,559,514,1,-1.0,1.0,-1.0|0.0|1.0,1.0,
1_289_high_density_108.39155194289711_-6.363636622585254,permanent,test,coordinate_fallback,data/external/sen1floods11/permanent_sar/sentinel_1_289_high_density_108.39155194289711_-6.363636622585254.tif,data/external/sen1floods11/permanent_mask/water_1_289_high_density_108.39155194289711_-6.363636622585254.tif,True,True,True,True,False,513,514,2,513,514,1,-1.0,1.0,-1.0|0.0|1.0,1.0,
1_289_rural_108.52333175632958_-7.683066787895676,permanent,test,coordinate_fallback,data/external/sen1floods11/permanent_sar/sentinel_1_289_rural_108.52333175632958_-7.683066787895676.tif,data/external/sen1floods11/permanent_mask/water_1_289_rural_108.52333175632958_-7.683066787895676.tif,True,True,True,True,False,515,513,2,515,513,1,-1.0,1.0,-1.0|0.0|1.0,1.0,
1_29_inhabited_16.160174618580566_-2.270752620456779,permanent,test,coordinate_fallback,data/external/sen1floods11/permanent_sar/sentinel_1_29_inhabited_16.160174618580566_-2.270752620456779.tif,data/external/sen1floods11/permanent_mask/water_1_29_inhabited_16.160174618580566_-2.270752620456779.tif,True,True,True,True,False,511,514,2,511,514,1,-1.0,1.0,-1.0|0.0|1.0,1.0,
1_30_inhabited_-11.53151624757741_6.964380093808642,permanent,test,coordinate_fallback,data/external/sen1floods11/permanent_sar/sentinel_1_30_inhabited_-11.53151624757741_6.964380093808642.tif,data/external/sen1floods11/permanent_mask/water_1_30_inhabited_-11.53151624757741_6.964380093808642.tif,True,True,True,True,False,514,514,2,514,514,1,-1.0,1.0,-1.0|0.0|1.0,1.0,
1_441_low_density_-52.15464921884003_-32.186286363989275,permanent,test,coordinate_fallback,data/external/sen1floods11/permanent_sar/sentinel_1_441_low_density_-52.15464921884003_-32.186286363989275.tif,data/external/sen1floods11/permanent_mask/water_1_441_low_density_-52.15464921884003_-32.186286363989275.tif,True,True,True,True,False,603,514,2,603,514,1,-1.0,1.0,-1.0|0.0|1.0,1.0,
1_441_rural_-41.318971231551785_-22.15044625085974,permanent,test,coordinate_fallback,data/external/sen1floods11/permanent_sar/sentinel_1_441_rural_-41.318971231551785_-22.15044625085974.tif,data/external/sen1floods11/permanent_mask/water_1_441_rural_-41.318971231551785_-22.15044625085974.tif,True,True,True,True,True,551,513,2,551,513,1,-1.0,1.0,-1.0|0.0|1.0,1.0,
1_443_inhabited_-37.59004351650662_-11.902290500171432,permanent,test,coordinate_fallback,data/external/sen1floods11/permanent_sar/sentinel_1_443_inhabited_-37.59004351650662_-11.902290500171432.tif,data/external/sen1floods11/permanent_mask/water_1_443_inhabited_-37.59004351650662_-11.902290500171432.tif,True,True,True,True,False,522,514,2,522,514,1,-1.0,1.0,-1.0|0.0|1.0,1.0,
1_449_inhabited_-81.35492531699559_13.368670340698163,permanent,test,coordinate_fallback,data/external/sen1floods11/permanent_sar/sentinel_1_449_inhabited_-81.35492531699559_13.368670340698163.tif,data/external/sen1floods11/permanent_mask/water_1_449_inhabited_-81.35492531699559_13.368670340698163.tif,True,True,True,True,False,525,513,2,525,513,1,-1.0,1.0,-1.0|0.0|1.0,1.0,
1_466_inhabited_-62.72270533820358_7.281787824995027,permanent,test,coordinate_fallback,data/external/sen1floods11/permanent_sar/sentinel_1_466_inhabited_-62.72270533820358_7.281787824995027.tif,data/external/sen1floods11/permanent_mask/water_1_466_inhabited_-62.72270533820358_7.281787824995027.tif,True,True,True,True,False,515,513,2,515,513,1,-1.0,1.0,-1.0|0.0|1.0,1.0,
1_470_inhabited_-82.25271180489428_9.35514050091681,permanent,test,coordinate_fallback,data/external/sen1floods11/permanent_sar/sentinel_1_470_inhabited_-82.25271180489428_9.35514050091681.tif,data/external/sen1floods11/permanent_mask/water_1_470_inhabited_-82.25271180489428_9.35514050091681.tif,True,True,True,True,False,517,514,2,517,514,1,-1.0,1.0,-1.0|0.0|1.0,1.0,
1_473_rural_-64.23202186277395_-0.40633558349525567,permanent,test,coordinate_fallback,data/external/sen1floods11/permanent_sar/sentinel_1_473_rural_-64.23202186277395_-0.40633558349525567.tif,data/external/sen1floods11/permanent_mask/water_1_473_rural_-64.23202186277395_-0.40633558349525567.tif,True,True,True,True,False,510,514,2,510,514,1,-1.0,1.0,-1.0|0.0|1.0,1.0,
1_482_rural_-58.18785307606177_-2.8678262515131823,permanent,test,coordinate_fallback,data/external/sen1floods11/permanent_sar/sentinel_1_482_rural_-58.18785307606177_-2.8678262515131823.tif,data/external/sen1floods11/permanent_mask/water_1_482_rural_-58.18785307606177_-2.8678262515131823.tif,True,True,True,True,False,511,513,2,511,513,1,-1.0,1.0,-1.0|0.0|1.0,1.0,
1_495_rural_-65.91935461959996_17.974926188008805,permanent,test,coordinate_fallback,data/external/sen1floods11/permanent_sar/sentinel_1_495_rural_-65.91935461959996_17.974926188008805.tif,data/external/sen1floods11/permanent_mask/water_1_495_rural_-65.91935461959996_17.974926188008805.tif,True,True,True,True,False,537,514,2,537,514,1,-1.0,1.0,-1.0|0.0|1.0,1.0,
1_511_rural_-54.34542786190325_-2.32705768945864,permanent,test,coordinate_fallback,data/external/sen1floods11/permanent_sar/sentinel_1_511_rural_-54.34542786190325_-2.32705768945864.tif,data/external/sen1floods11/permanent_mask/water_1_511_rural_-54.34542786190325_-2.32705768945864.tif,True,True,True,True,False,511,514,2,511,514,1,-1.0,1.0,-1.0|1.0,1.0,
1_518_inhabited_-49.441223800403456_-2.2130875256336164,permanent,test,coordinate_fallback,data/external/sen1floods11/permanent_sar/sentinel_1_518_inhabited_-49.441223800403456_-2.2130875256336164.tif,data/external/sen1floods11/permanent_mask/water_1_518_inhabited_-49.441223800403456_-2.2130875256336164.tif,True,True,True,True,False,511,514,2,511,514,1,-1.0,1.0,-1.0|0.0|1.0,1.0,
1_519_inhabited_-88.07712717349054_18.51752298149527,permanent,test,coordinate_fallback,data/external/sen1floods11/permanent_sar/sentinel_1_519_inhabited_-88.07712717349054_18.51752298149527.tif,data/external/sen1floods11/permanent_mask/water_1_519_inhabited_-88.07712717349054_18.51752298149527.tif,True,True,True,True,False,539,514,2,539,514,1,-1.0,1.0,-1.0|0.0|1.0|nan,1.0,
1_519_inhabited_-88.22311814198035_18.5860326100804,permanent,test,coordinate_fallback,data/external/sen1floods11/permanent_sar/sentinel_1_519_inhabited_-88.22311814198035_18.5860326100804.tif,data/external/sen1floods11/permanent_mask/water_1_519_inhabited_-88.22311814198035_18.5860326100804.tif,True,True,True,True,False,538,514,2,538,514,1,-1.0,1.0,-1.0|0.0|1.0,1.0,
1_5_inhabited_10.06661682860042_-1.006392353156414,permanent,test,coordinate_fallback,data/external/sen1floods11/permanent_sar/sentinel_1_5_inhabited_10.06661682860042_-1.006392353156414.tif,data/external/sen1floods11/permanent_mask/water_1_5_inhabited_10.06661682860042_-1.006392353156414.tif,True,True,True,True,False,511,514,2,511,514,1,-1.0,1.0,-1.0|0.0|1.0,1.0,
1_622_inhabited_-176.1918133551542_-13.25590413415757,permanent,test,coordinate_fallback,data/external/sen1floods11/permanent_sar/sentinel_1_622_inhabited_-176.1918133551542_-13.25590413415757.tif,data/external/sen1floods11/permanent_mask/water_1_622_inhabited_-176.1918133551542_-13.25590413415757.tif,True,True,True,True,False,524,514,2,524,514,1,-1.0,1.0,-1.0|0.0|1.0,1.0,
1_623_rural_-155.36497544729198_20.05258635554822,permanent,test,coordinate_fallback,data/external/sen1floods11/permanent_sar/sentinel_1_623_rural_-155.36497544729198_20.05258635554822.tif,data/external/sen1floods11/permanent_mask/water_1_623_rural_-155.36497544729198_20.05258635554822.tif,True,True,True,True,False,543,513,2,543,513,1,-1.0,1.0,-1.0|0.0|1.0,1.0,
1_630_inhabited_-149.89322592191172_-17.53038948578868,permanent,test,coordinate_fallback,data/external/sen1floods11/permanent_sar/sentinel_1_630_inhabited_-149.89322592191172_-17.53038948578868.tif,data/external/sen1floods11/permanent_mask/water_1_630_inhabited_-149.89322592191172_-17.53038948578868.tif,True,True,True,True,True,535,514,2,535,514,1,-1.0,1.0,-1.0|0.0|1.0,1.0,
1_630_rural_-151.46756505804342_-16.665279290409643,permanent,test,coordinate_fallback,data/external/sen1floods11/permanent_sar/sentinel_1_630_rural_-151.46756505804342_-16.665279290409643.tif,data/external/sen1floods11/permanent_mask/water_1_630_rural_-151.46756505804342_-16.665279290409643.tif,True,True,True,True,False,533,514,2,533,514,1,-1.0,1.0,-1.0|0.0|1.0,1.0,
2_163_rural_123.50181784114065_-8.33627604211391,permanent,test,coordinate_fallback,data/external/sen1floods11/permanent_sar/sentinel_2_163_rural_123.50181784114065_-8.33627604211391.tif,data/external/sen1floods11/permanent_mask/water_2_163_rural_123.50181784114065_-8.33627604211391.tif,True,True,True,True,False,516,514,2,516,514,1,-1.0,1.0,-1.0|0.0|1.0,1.0,
2_164_inhabited_165.78258595621335_-21.77180614400744,permanent,test,coordinate_fallback,data/external/sen1floods11/permanent_sar/sentinel_2_164_inhabited_165.78258595621335_-21.77180614400744.tif,data/external/sen1floods11/permanent_mask/water_2_164_inhabited_165.78258595621335_-21.77180614400744.tif,True,True,True,True,False,550,513,2,550,513,1,-1.0,1.0,-1.0|0.0|1.0,1.0,
2_292_high_density_82.80599260450478_24.0988905880724,permanent,test,coordinate_fallback,data/external/sen1floods11/permanent_sar/sentinel_2_292_high_density_82.80599260450478_24.0988905880724.tif,data/external/sen1floods11/permanent_mask/water_2_292_high_density_82.80599260450478_24.0988905880724.tif,True,True,True,True,False,559,514,2,559,514,1,-1.0,1.0,-1.0|1.0,1.0,
2_297_inhabited_83.76667917186337_21.529565479278993,permanent,test,coordinate_fallback,data/external/sen1floods11/permanent_sar/sentinel_2_297_inhabited_83.76667917186337_21.529565479278993.tif,data/external/sen1floods11/permanent_mask/water_2_297_inhabited_83.76667917186337_21.529565479278993.tif,True,True,True,True,False,549,514,2,549,514,1,-1.0,1.0,-1.0|0.0|1.0,1.0,
2_32_inhabited_44.153251665839896_-18.53964904092246,permanent,test,coordinate_fallback,data/external/sen1floods11/permanent_sar/sentinel_2_32_inhabited_44.153251665839896_-18.53964904092246.tif,data/external/sen1floods11/permanent_mask/water_2_32_inhabited_44.153251665839896_-18.53964904092246.tif,True,True,True,True,False,538,514,2,538,514,1,-1.0,1.0,-1.0|0.0|1.0,1.0,
2_525_rural_-41.695916880003765_-9.725838948792928,permanent,test,coordinate_fallback,data/external/sen1floods11/permanent_sar/sentinel_2_525_rural_-41.695916880003765_-9.725838948792928.tif,data/external/sen1floods11/permanent_mask/water_2_525_rural_-41.695916880003765_-9.725838948792928.tif,True,True,True,True,False,518,513,2,518,513,1,1.0,1.0,1.0,1.0,
2_534_inhabited_-103.0242167277843_18.175732885748637,permanent,test,coordinate_fallback,data/external/sen1floods11/permanent_sar/sentinel_2_534_inhabited_-103.0242167277843_18.175732885748637.tif,data/external/sen1floods11/permanent_mask/water_2_534_inhabited_-103.0242167277843_18.175732885748637.tif,True,True,True,True,False,538,514,2,538,514,1,-1.0,1.0,-1.0|0.0|1.0|nan,1.0,
2_534_rural_-102.36801987586027_17.980424259607712,permanent,test,coordinate_fallback,data/external/sen1floods11/permanent_sar/sentinel_2_534_rural_-102.36801987586027_17.980424259607712.tif,data/external/sen1floods11/permanent_mask/water_2_534_rural_-102.36801987586027_17.980424259607712.tif,True,True,True,True,False,537,514,2,537,514,1,-1.0,1.0,-1.0|0.0|1.0|nan,1.0,
2_537_inhabited_-61.26831602040957_13.200076188968426,permanent,test,coordinate_fallback,data/external/sen1floods11/permanent_sar/sentinel_2_537_inhabited_-61.26831602040957_13.200076188968426.tif,data/external/sen1floods11/permanent_mask/water_2_537_inhabited_-61.26831602040957_13.200076188968426.tif,True,True,True,True,False,525,514,2,525,514,1,-1.0,1.0,-1.0|0.0|1.0|nan,1.0,
2_540_inhabited_-44.16795332201311_-2.454360565433466,permanent,test,coordinate_fallback,data/external/sen1floods11/permanent_sar/sentinel_2_540_inhabited_-44.16795332201311_-2.454360565433466.tif,data/external/sen1floods11/permanent_mask/water_2_540_inhabited_-44.16795332201311_-2.454360565433466.tif,True,True,True,True,False,511,514,2,511,514,1,-1.0,1.0,-1.0|0.0|1.0|nan,1.0,
2_543_low_density_-66.5023553277317_17.98891438801347,permanent,test,coordinate_fallback,data/external/sen1floods11/permanent_sar/sentinel_2_543_low_density_-66.5023553277317_17.98891438801347.tif,data/external/sen1floods11/permanent_mask/water_2_543_low_density_-66.5023553277317_17.98891438801347.tif,True,True,True,True,False,537,514,2,537,514,1,-1.0,1.0,-1.0|0.0|1.0,1.0,
2_543_rural_-66.64715571624025_17.98624338648246,permanent,test,coordinate_fallback,data/external/sen1floods11/permanent_sar/sentinel_2_543_rural_-66.64715571624025_17.98624338648246.tif,data/external/sen1floods11/permanent_mask/water_2_543_rural_-66.64715571624025_17.98624338648246.tif,True,True,True,True,False,537,514,2,537,514,1,-1.0,1.0,-1.0|0.0|1.0,1.0,
2_547_rural_-96.79169105347353_15.726067753724454,permanent,test,coordinate_fallback,data/external/sen1floods11/permanent_sar/sentinel_2_547_rural_-96.79169105347353_15.726067753724454.tif,data/external/sen1floods11/permanent_mask/water_2_547_rural_-96.79169105347353_15.726067753724454.tif,True,True,True,True,False,530,514,2,530,514,1,-1.0,1.0,-1.0|0.0|1.0,1.0,
3_302_inhabited_76.4689857334107_31.421769029274927,permanent,test,coordinate_fallback,data/external/sen1floods11/permanent_sar/sentinel_3_302_inhabited_76.4689857334107_31.421769029274927.tif,data/external/sen1floods11/permanent_mask/water_3_302_inhabited_76.4689857334107_31.421769029274927.tif,True,True,True,True,False,598,513,2,598,513,1,-1.0,1.0,-1.0|0.0|1.0,1.0,
4_175_rural_174.17075701638726_-41.882182449208315,permanent,test,coordinate_fallback,data/external/sen1floods11/permanent_sar/sentinel_4_175_rural_174.17075701638726_-41.882182449208315.tif,data/external/sen1floods11/permanent_mask/water_4_175_rural_174.17075701638726_-41.882182449208315.tif,True,True,True,True,True,685,514,2,685,514,1,-1.0,1.0,-1.0|0.0|1.0,1.0,
4_180_inhabited_168.67120945503981_-44.01243325457207,permanent,test,coordinate_fallback,data/external/sen1floods11/permanent_sar/sentinel_4_180_inhabited_168.67120945503981_-44.01243325457207.tif,data/external/sen1floods11/permanent_mask/water_4_180_inhabited_168.67120945503981_-44.01243325457207.tif,True,True,True,True,True,710,514,2,710,514,1,-1.0,1.0,-1.0|0.0|1.0,1.0,
4_330_rural_-81.31556037289577_34.01409864040308,permanent,test,coordinate_fallback,data/external/sen1floods11/permanent_sar/sentinel_4_330_rural_-81.31556037289577_34.01409864040308.tif,data/external/sen1floods11/permanent_mask/water_4_330_rural_-81.31556037289577_34.01409864040308.tif,True,True,True,True,False,616,514,2,616,514,1,-1.0,1.0,-1.0|0.0|1.0,1.0,
4_333_rural_-79.57649312564766_45.12436361146145,permanent,test,coordinate_fallback,data/external/sen1floods11/permanent_sar/sentinel_4_333_rural_-79.57649312564766_45.12436361146145.tif,data/external/sen1floods11/permanent_mask/water_4_333_rural_-79.57649312564766_45.12436361146145.tif,True,True,True,True,False,723,514,2,723,514,1,-1.0,1.0,-1.0|0.0|1.0,1.0,
4_334_high_density_-79.50044315718114_44.29373118542765,permanent,test,coordinate_fallback,data/external/sen1floods11/permanent_sar/sentinel_4_334_high_density_-79.50044315718114_44.29373118542765.tif,data/external/sen1floods11/permanent_mask/water_4_334_high_density_-79.50044315718114_44.29373118542765.tif,True,True,True,True,False,713,514,2,713,514,1,-1.0,1.0,-1.0|0.0|1.0|nan,1.0,
4_334_low_density_-80.55073536020875_41.95626595411027,permanent,test,coordinate_fallback,data/external/sen1floods11/permanent_sar/sentinel_4_334_low_density_-80.55073536020875_41.95626595411027.tif,data/external/sen1floods11/permanent_mask/water_4_334_low_density_-80.55073536020875_41.95626595411027.tif,True,True,True,True,False,686,514,2,686,514,1,-1.0,1.0,-1.0|0.0|1.0,1.0,
4_334_rural_-76.12512661477528_44.270610746465536,permanent,test,coordinate_fallback,data/external/sen1floods11/permanent_sar/sentinel_4_334_rural_-76.12512661477528_44.270610746465536.tif,data/external/sen1floods11/permanent_mask/water_4_334_rural_-76.12512661477528_44.270610746465536.tif,True,True,True,True,False,713,514,2,713,514,1,-1.0,1.0,-1.0|0.0|1.0,1.0,
4_335_rural_-64.01948772926356_46.065523775307,permanent,test,coordinate_fallback,data/external/sen1floods11/permanent_sar/sentinel_4_335_rural_-64.01948772926356_46.065523775307.tif,data/external/sen1floods11/permanent_mask/water_4_335_rural_-64.01948772926356_46.065523775307.tif,True,True,True,True,False,736,514,2,736,514,1,-1.0,1.0,-1.0|0.0|1.0,1.0,
4_341_rural_-92.14135253314852_35.4974409013371,permanent,test,coordinate_fallback,data/external/sen1floods11/permanent_sar/sentinel_4_341_rural_-92.14135253314852_35.4974409013371.tif,data/external/sen1floods11/permanent_mask/water_4_341_rural_-92.14135253314852_35.4974409013371.tif,True,True,True,True,False,627,514,2,627,514,1,-1.0,1.0,-1.0|0.0|1.0,1.0,
4_343_rural_-87.20536399933975_45.1336207052484,permanent,test,coordinate_fallback,data/external/sen1floods11/permanent_sar/sentinel_4_343_rural_-87.20536399933975_45.1336207052484.tif,data/external/sen1floods11/permanent_mask/water_4_343_rural_-87.20536399933975_45.1336207052484.tif,True,True,True,True,False,724,514,2,724,514,1,-1.0,1.0,-1.0|0.0|1.0,1.0,
4_344_rural_-85.54103574484846_45.59859792669752,permanent,test,coordinate_fallback,data/external/sen1floods11/permanent_sar/sentinel_4_344_rural_-85.54103574484846_45.59859792669752.tif,data/external/sen1floods11/permanent_mask/water_4_344_rural_-85.54103574484846_45.59859792669752.tif,True,True,True,True,False,729,514,2,729,514,1,-1.0,1.0,-1.0|0.0|1.0,1.0,
4_563_rural_-73.25155704110526_-42.65184558653834,permanent,test,coordinate_fallback,data/external/sen1floods11/permanent_sar/sentinel_4_563_rural_-73.25155704110526_-42.65184558653834.tif,data/external/sen1floods11/permanent_mask/water_4_563_rural_-73.25155704110526_-42.65184558653834.tif,True,True,True,True,False,694,514,2,694,514,1,-1.0,1.0,-1.0|0.0|1.0,1.0,
4_645_rural_-27.24525012778802_38.78998315088785,permanent,test,coordinate_fallback,data/external/sen1floods11/permanent_sar/sentinel_4_645_rural_-27.24525012778802_38.78998315088785.tif,data/external/sen1floods11/permanent_mask/water_4_645_rural_-27.24525012778802_38.78998315088785.tif,True,True,True,True,False,655,514,2,655,514,1,-1.0,1.0,-1.0|0.0|1.0,1.0,
4_646_inhabited_27.627337119754642_42.585008120848244,permanent,test,coordinate_fallback,data/external/sen1floods11/permanent_sar/sentinel_4_646_inhabited_27.627337119754642_42.585008120848244.tif,data/external/sen1floods11/permanent_mask/water_4_646_inhabited_27.627337119754642_42.585008120848244.tif,True,True,True,True,False,693,514,2,693,514,1,-1.0,1.0,-1.0|0.0|1.0,1.0,
4_647_rural_10.554723407213768_55.48541934172195,permanent,test,coordinate_fallback,data/external/sen1floods11/permanent_sar/sentinel_4_647_rural_10.554723407213768_55.48541934172195.tif,data/external/sen1floods11/permanent_mask/water_4_647_rural_10.554723407213768_55.48541934172195.tif,True,True,True,True,False,901,514,2,901,514,1,-1.0,1.0,-1.0|0.0|1.0|nan,1.0,
4_648_high_density_-5.620790518990652_43.53394495693101,permanent,test,coordinate_fallback,data/external/sen1floods11/permanent_sar/sentinel_4_648_high_density_-5.620790518990652_43.53394495693101.tif,data/external/sen1floods11/permanent_mask/water_4_648_high_density_-5.620790518990652_43.53394495693101.tif,True,True,True,True,False,704,514,2,704,514,1,-1.0,1.0,-1.0|0.0|1.0,1.0,
4_648_rural_-1.2403301717233455_45.94372788913318,permanent,test,coordinate_fallback,data/external/sen1floods11/permanent_sar/sentinel_4_648_rural_-1.2403301717233455_45.94372788913318.tif,data/external/sen1floods11/permanent_mask/water_4_648_rural_-1.2403301717233455_45.94372788913318.tif,True,True,True,True,False,734,514,2,734,514,1,-1.0,1.0,-1.0|0.0|1.0,1.0,
4_651_high_density_-2.0659951591835974_57.12767058689764,permanent,test,coordinate_fallback,data/external/sen1floods11/permanent_sar/sentinel_4_651_high_density_-2.0659951591835974_57.12767058689764.tif,data/external/sen1floods11/permanent_mask/water_4_651_high_density_-2.0659951591835974_57.12767058689764.tif,True,True,True,True,False,940,514,2,940,514,1,-1.0,1.0,-1.0|0.0|1.0,1.0,
4_651_low_density_-1.9106311602794361_55.684112425562446,permanent,test,coordinate_fallback,data/external/sen1floods11/permanent_sar/sentinel_4_651_low_density_-1.9106311602794361_55.684112425562446.tif,data/external/sen1floods11/permanent_mask/water_4_651_low_density_-1.9106311602794361_55.684112425562446.tif,True,True,True,True,False,905,514,2,905,514,1,-1.0,1.0,-1.0|0.0|1.0,1.0,
4_654_rural_19.27532045092207_54.30810964518696,permanent,test,coordinate_fallback,data/external/sen1floods11/permanent_sar/sentinel_4_654_rural_19.27532045092207_54.30810964518696.tif,data/external/sen1floods11/permanent_mask/water_4_654_rural_19.27532045092207_54.30810964518696.tif,True,True,True,True,False,875,514,2,875,514,1,-1.0,1.0,-1.0|0.0|1.0,1.0,
4_655_low_density_125.21374254027646_38.74918237624882,permanent,test,coordinate_fallback,data/external/sen1floods11/permanent_sar/sentinel_4_655_low_density_125.21374254027646_38.74918237624882.tif,data/external/sen1floods11/permanent_mask/water_4_655_low_density_125.21374254027646_38.74918237624882.tif,True,True,True,True,False,655,514,2,655,514,1,-1.0,1.0,-1.0|0.0|1.0,1.0,
4_655_rural_127.73919901290604_39.84822593109373,permanent,test,coordinate_fallback,data/external/sen1floods11/permanent_sar/sentinel_4_655_rural_127.73919901290604_39.84822593109373.tif,data/external/sen1floods11/permanent_mask/water_4_655_rural_127.73919901290604_39.84822593109373.tif,True,True,True,True,False,665,513,2,665,513,1,-1.0,1.0,-1.0|0.0|1.0,1.0,
4_655_rural_129.38216817335135_36.25324069349197,permanent,test,coordinate_fallback,data/external/sen1floods11/permanent_sar/sentinel_4_655_rural_129.38216817335135_36.25324069349197.tif,data/external/sen1floods11/permanent_mask/water_4_655_rural_129.38216817335135_36.25324069349197.tif,True,True,True,True,True,633,514,2,633,514,1,-1.0,1.0,-1.0|0.0|1.0,1.0,
4_657_high_density_120.84802398109187_31.988409295641567,permanent,test,coordinate_fallback,data/external/sen1floods11/permanent_sar/sentinel_4_657_high_density_120.84802398109187_31.988409295641567.tif,data/external/sen1floods11/permanent_mask/water_4_657_high_density_120.84802398109187_31.988409295641567.tif,True,True,True,True,False,601,514,2,601,514,1,-1.0,1.0,-1.0|0.0|1.0,1.0,
4_657_low_density_116.50267905462042_30.17911120680169,permanent,test,coordinate_fallback,data/external/sen1floods11/permanent_sar/sentinel_4_657_low_density_116.50267905462042_30.17911120680169.tif,data/external/sen1floods11/permanent_mask/water_4_657_low_density_116.50267905462042_30.17911120680169.tif,True,True,True,True,False,591,514,2,591,514,1,-1.0,1.0,-1.0|0.0|1.0|nan,1.0,
4_658_high_density_37.818523395384126_44.66300718006772,permanent,test,coordinate_fallback,data/external/sen1floods11/permanent_sar/sentinel_4_658_high_density_37.818523395384126_44.66300718006772.tif,data/external/sen1floods11/permanent_mask/water_4_658_high_density_37.818523395384126_44.66300718006772.tif,True,True,True,True,False,717,514,2,717,514,1,-1.0,1.0,-1.0|0.0|1.0,1.0,
4_661_high_density_48.449412707691806_54.29863851454943,permanent,test,coordinate_fallback,data/external/sen1floods11/permanent_sar/sentinel_4_661_high_density_48.449412707691806_54.29863851454943.tif,data/external/sen1floods11/permanent_mask/water_4_661_high_density_48.449412707691806_54.29863851454943.tif,True,True,True,True,False,874,514,2,874,514,1,-1.0,1.0,-1.0|0.0|1.0,1.0,
4_663_low_density_-2.700467270775251_51.56661418561895,permanent,test,coordinate_fallback,data/external/sen1floods11/permanent_sar/sentinel_4_663_low_density_-2.700467270775251_51.56661418561895.tif,data/external/sen1floods11/permanent_mask/water_4_663_low_density_-2.700467270775251_51.56661418561895.tif,True,True,True,True,False,821,514,2,821,514,1,-1.0,1.0,-1.0|0.0|1.0,1.0,
4_663_rural_1.7305191505286506_52.593750276875994,permanent,test,coordinate_fallback,data/external/sen1floods11/permanent_sar/sentinel_4_663_rural_1.7305191505286506_52.593750276875994.tif,data/external/sen1floods11/permanent_mask/water_4_663_rural_1.7305191505286506_52.593750276875994.tif,True,True,True,True,False,840,514,2,840,514,1,-1.0,1.0,-1.0|0.0|1.0,1.0,
4_670_inhabited_138.4912465599369_37.904833755374625,permanent,test,coordinate_fallback,data/external/sen1floods11/permanent_sar/sentinel_4_670_inhabited_138.4912465599369_37.904833755374625.tif,data/external/sen1floods11/permanent_mask/water_4_670_inhabited_138.4912465599369_37.904833755374625.tif,True,True,True,True,False,646,514,2,646,514,1,-1.0,1.0,-1.0|0.0|1.0,1.0,
4_673_rural_121.35260247899662_38.9952221950748,permanent,test,coordinate_fallback,data/external/sen1floods11/permanent_sar/sentinel_4_673_rural_121.35260247899662_38.9952221950748.tif,data/external/sen1floods11/permanent_mask/water_4_673_rural_121.35260247899662_38.9952221950748.tif,True,True,True,True,False,657,514,2,657,514,1,-1.0,1.0,-1.0|0.0|1.0,1.0,
4_681_inhabited_127.91764331886287_34.91221510177971,permanent,test,coordinate_fallback,data/external/sen1floods11/permanent_sar/sentinel_4_681_inhabited_127.91764331886287_34.91221510177971.tif,data/external/sen1floods11/permanent_mask/water_4_681_inhabited_127.91764331886287_34.91221510177971.tif,True,True,True,True,True,622,514,2,622,514,1,-1.0,1.0,-1.0|0.0|1.0,1.0,
4_682_high_density_138.8717951620401_35.09365592364442,permanent,test,coordinate_fallback,data/external/sen1floods11/permanent_sar/sentinel_4_682_high_density_138.8717951620401_35.09365592364442.tif,data/external/sen1floods11/permanent_mask/water_4_682_high_density_138.8717951620401_35.09365592364442.tif,True,True,True,True,False,624,514,2,624,514,1,-1.0,1.0,-1.0|0.0|1.0,1.0,
4_682_low_density_129.15803591800096_32.973130417678234,permanent,test,coordinate_fallback,data/external/sen1floods11/permanent_sar/sentinel_4_682_low_density_129.15803591800096_32.973130417678234.tif,data/external/sen1floods11/permanent_mask/water_4_682_low_density_129.15803591800096_32.973130417678234.tif,True,True,True,True,True,608,514,2,608,514,1,-1.0,1.0,-1.0|0.0|1.0,1.0,
4_682_low_density_130.05307559965073_32.2067536378246,permanent,test,coordinate_fallback,data/external/sen1floods11/permanent_sar/sentinel_4_682_low_density_130.05307559965073_32.2067536378246.tif,data/external/sen1floods11/permanent_mask/water_4_682_low_density_130.05307559965073_32.2067536378246.tif,True,True,True,True,True,603,514,2,603,514,1,-1.0,1.0,-1.0|0.0|1.0,1.0,
4_685_rural_136.81698342829853_50.07481746908758,permanent,test,coordinate_fallback,data/external/sen1floods11/permanent_sar/sentinel_4_685_rural_136.81698342829853_50.07481746908758.tif,data/external/sen1floods11/permanent_mask/water_4_685_rural_136.81698342829853_50.07481746908758.tif,True,True,True,True,True,795,514,2,795,514,1,-1.0,1.0,-1.0|0.0|1.0,1.0,
4_686_low_density_6.366535038269994_46.4171818616849,permanent,test,coordinate_fallback,data/external/sen1floods11/permanent_sar/sentinel_4_686_low_density_6.366535038269994_46.4171818616849.tif,data/external/sen1floods11/permanent_mask/water_4_686_low_density_6.366535038269994_46.4171818616849.tif,True,True,True,True,False,740,514,2,740,514,1,1.0,1.0,1.0,1.0,
4_687_inhabited_61.858179285062555_55.76357806543591,permanent,test,coordinate_fallback,data/external/sen1floods11/permanent_sar/sentinel_4_687_inhabited_61.858179285062555_55.76357806543591.tif,data/external/sen1floods11/permanent_mask/water_4_687_inhabited_61.858179285062555_55.76357806543591.tif,True,True,True,True,False,906,514,2,906,514,1,-1.0,1.0,-1.0|0.0|1.0,1.0,
5_347_low_density_-74.31144077049882_39.520303639623314,permanent,test,coordinate_fallback,data/external/sen1floods11/permanent_sar/sentinel_5_347_low_density_-74.31144077049882_39.520303639623314.tif,data/external/sen1floods11/permanent_mask/water_5_347_low_density_-74.31144077049882_39.520303639623314.tif,True,True,True,True,True,661,514,2,661,514,1,-1.0,1.0,-1.0|0.0|1.0,1.0,
5_708_low_density_14.492546629309714_67.23378167352843,permanent,test,coordinate_fallback,data/external/sen1floods11/permanent_sar/sentinel_5_708_low_density_14.492546629309714_67.23378167352843.tif,data/external/sen1floods11/permanent_mask/water_5_708_low_density_14.492546629309714_67.23378167352843.tif,True,True,True,True,False,1317,514,2,1317,514,1,-1.0,1.0,-1.0|0.0|1.0,1.0,
6_370_inhabited_-76.95854151986643_50.83157596796893,permanent,test,coordinate_fallback,data/external/sen1floods11/permanent_sar/sentinel_6_370_inhabited_-76.95854151986643_50.83157596796893.tif,data/external/sen1floods11/permanent_mask/water_6_370_inhabited_-76.95854151986643_50.83157596796893.tif,True,True,True,True,True,808,513,2,808,513,1,-1.0,1.0,-1.0|0.0|1.0,1.0,
6_371_inhabited_-150.45847494874965_61.01236361994177,permanent,test,coordinate_fallback,data/external/sen1floods11/permanent_sar/sentinel_6_371_inhabited_-150.45847494874965_61.01236361994177.tif,data/external/sen1floods11/permanent_mask/water_6_371_inhabited_-150.45847494874965_61.01236361994177.tif,True,True,True,True,False,1052,513,2,1052,513,1,-1.0,1.0,-1.0|0.0|1.0,1.0,
6_371_rural_-151.07035725440457_60.23577549867575,permanent,test,coordinate_fallback,data/external/sen1floods11/permanent_sar/sentinel_6_371_rural_-151.07035725440457_60.23577549867575.tif,data/external/sen1floods11/permanent_mask/water_6_371_rural_-151.07035725440457_60.23577549867575.tif,True,True,True,True,True,1027,514,2,1027,514,1,-1.0,1.0,-1.0|0.0|1.0,1.0,
6_374_rural_-55.74757435175508_52.553591612788665,permanent,test,coordinate_fallback,data/external/sen1floods11/permanent_sar/sentinel_6_374_rural_-55.74757435175508_52.553591612788665.tif,data/external/sen1floods11/permanent_mask/water_6_374_rural_-55.74757435175508_52.553591612788665.tif,True,True,True,True,False,839,514,2,839,514,1,-1.0,1.0,-1.0|0.0|1.0,1.0,
6_375_inhabited_-162.04167217753653_67.04616945580575,permanent,test,coordinate_fallback,data/external/sen1floods11/permanent_sar/sentinel_6_375_inhabited_-162.04167217753653_67.04616945580575.tif,data/external/sen1floods11/permanent_mask/water_6_375_inhabited_-162.04167217753653_67.04616945580575.tif,True,True,True,True,False,1307,513,2,1307,513,1,-1.0,1.0,-1.0|0.0|1.0,1.0,
6_377_rural_-102.15882560903893_54.60211601404486,permanent,test,coordinate_fallback,data/external/sen1floods11/permanent_sar/sentinel_6_377_rural_-102.15882560903893_54.60211601404486.tif,data/external/sen1floods11/permanent_mask/water_6_377_rural_-102.15882560903893_54.60211601404486.tif,True,True,True,True,False,880,514,2,880,514,1,-1.0,1.0,-1.0|0.0|1.0,1.0,
6_379_inhabited_-103.67206614253628_58.60550585803067,permanent,test,coordinate_fallback,data/external/sen1floods11/permanent_sar/sentinel_6_379_inhabited_-103.67206614253628_58.60550585803067.tif,data/external/sen1floods11/permanent_mask/water_6_379_inhabited_-103.67206614253628_58.60550585803067.tif,True,True,True,True,False,979,513,2,979,513,1,-1.0,1.0,-1.0|0.0|1.0,1.0,
6_382_inhabited_-81.32788086910644_52.84282674351937,permanent,test,coordinate_fallback,data/external/sen1floods11/permanent_sar/sentinel_6_382_inhabited_-81.32788086910644_52.84282674351937.tif,data/external/sen1floods11/permanent_mask/water_6_382_inhabited_-81.32788086910644_52.84282674351937.tif,True,True,True,True,False,844,514,2,844,514,1,-1.0,1.0,-1.0|0.0|1.0,1.0,
6_383_rural_-132.40220138022286_59.977245737799066,permanent,test,coordinate_fallback,data/external/sen1floods11/permanent_sar/sentinel_6_383_rural_-132.40220138022286_59.977245737799066.tif,data/external/sen1floods11/permanent_mask/water_6_383_rural_-132.40220138022286_59.977245737799066.tif,True,True,True,True,True,1019,514,2,1019,514,1,-1.0,1.0,-1.0|0.0|1.0,1.0,
6_713_inhabited_150.20927808637785_45.99412019013816,permanent,test,coordinate_fallback,data/external/sen1floods11/permanent_sar/sentinel_6_713_inhabited_150.20927808637785_45.99412019013816.tif,data/external/sen1floods11/permanent_mask/water_6_713_inhabited_150.20927808637785_45.99412019013816.tif,True,True,True,True,True,735,514,2,735,514,1,-1.0,1.0,-1.0|0.0|1.0,1.0,
6_715_inhabited_137.4255838355781_55.02087019397397,permanent,test,coordinate_fallback,data/external/sen1floods11/permanent_sar/sentinel_6_715_inhabited_137.4255838355781_55.02087019397397.tif,data/external/sen1floods11/permanent_mask/water_6_715_inhabited_137.4255838355781_55.02087019397397.tif,True,True,True,True,True,890,513,2,890,513,1,-1.0,1.0,-1.0|0.0|1.0,1.0,
6_716_inhabited_142.69589347086895_48.39927457544687,permanent,test,coordinate_fallback,data/external/sen1floods11/permanent_sar/sentinel_6_716_inhabited_142.69589347086895_48.39927457544687.tif,data/external/sen1floods11/permanent_mask/water_6_716_inhabited_142.69589347086895_48.39927457544687.tif,True,True,True,True,False,768,514,2,768,514,1,-1.0,1.0,-1.0|0.0|1.0,1.0,
7_39_inhabited_29.645098182843117_-4.547065739927205,permanent,test,coordinate_fallback,data/external/sen1floods11/permanent_sar/sentinel_7_39_inhabited_29.645098182843117_-4.547065739927205.tif,data/external/sen1floods11/permanent_mask/water_7_39_inhabited_29.645098182843117_-4.547065739927205.tif,True,True,True,True,False,512,514,2,512,514,1,-1.0,1.0,-1.0|0.0|1.0,1.0,
7_48_inhabited_32.00302176979371_-27.395762624746034,permanent,test,coordinate_fallback,data/external/sen1floods11/permanent_sar/sentinel_7_48_inhabited_32.00302176979371_-27.395762624746034.tif,data/external/sen1floods11/permanent_mask/water_7_48_inhabited_32.00302176979371_-27.395762624746034.tif,True,True,True,True,False,575,514,2,575,514,1,-1.0,1.0,-1.0|0.0|1.0,1.0,
7_565_inhabited_-64.67694204768468_-15.421185637397189,permanent,test,coordinate_fallback,data/external/sen1floods11/permanent_sar/sentinel_7_565_inhabited_-64.67694204768468_-15.421185637397189.tif,data/external/sen1floods11/permanent_mask/water_7_565_inhabited_-64.67694204768468_-15.421185637397189.tif,True,True,True,True,False,530,514,2,530,514,1,-1.0,1.0,-1.0|0.0|1.0,1.0,
7_567_inhabited_-49.55793185227528_-21.403051864190626,permanent,test,coordinate_fallback,data/external/sen1floods11/permanent_sar/sentinel_7_567_inhabited_-49.55793185227528_-21.403051864190626.tif,data/external/sen1floods11/permanent_mask/water_7_567_inhabited_-49.55793185227528_-21.403051864190626.tif,True,True,True,True,False,548,514,2,548,514,1,-1.0,1.0,-1.0|0.0|1.0,1.0,
7_571_inhabited_-56.80983032290908_-28.132290182147905,permanent,test,coordinate_fallback,data/external/sen1floods11/permanent_sar/sentinel_7_571_inhabited_-56.80983032290908_-28.132290182147905.tif,data/external/sen1floods11/permanent_mask/water_7_571_inhabited_-56.80983032290908_-28.132290182147905.tif,True,True,True,True,False,579,514,2,579,514,1,-1.0,1.0,-1.0|0.0|1.0,1.0,
7_640_rural_-155.64039628295913_18.93911760879541,permanent,test,coordinate_fallback,data/external/sen1floods11/permanent_sar/sentinel_7_640_rural_-155.64039628295913_18.93911760879541.tif,data/external/sen1floods11/permanent_mask/water_7_640_rural_-155.64039628295913_18.93911760879541.tif,True,True,True,True,False,539,514,2,539,514,1,-1.0,1.0,-1.0|0.0|1.0,1.0,
7_65_inhabited_28.015711444206623_-17.0345374486455,permanent,test,coordinate_fallback,data/external/sen1floods11/permanent_sar/sentinel_7_65_inhabited_28.015711444206623_-17.0345374486455.tif,data/external/sen1floods11/permanent_mask/water_7_65_inhabited_28.015711444206623_-17.0345374486455.tif,True,True,True,True,False,534,513,2,534,513,1,-1.0,1.0,-1.0|0.0|1.0,1.0,
8_393_inhabited_-80.0695805201377_33.27521221854392,permanent,test,coordinate_fallback,data/external/sen1floods11/permanent_sar/sentinel_8_393_inhabited_-80.0695805201377_33.27521221854392.tif,data/external/sen1floods11/permanent_mask/water_8_393_inhabited_-80.0695805201377_33.27521221854392.tif,True,True,True,True,False,610,514,2,610,514,1,-1.0,1.0,-1.0|0.0|1.0,1.0,
8_577_inhabited_-64.85517677589196_-40.81758099090023,permanent,test,coordinate_fallback,data/external/sen1floods11/permanent_sar/sentinel_8_577_inhabited_-64.85517677589196_-40.81758099090023.tif,data/external/sen1floods11/permanent_mask/water_8_577_inhabited_-64.85517677589196_-40.81758099090023.tif,True,True,True,True,True,674,514,2,674,514,1,-1.0,1.0,-1.0|0.0|1.0,1.0,
8_724_inhabited_84.18819799444562_49.19179506477684,permanent,test,coordinate_fallback,data/external/sen1floods11/permanent_sar/sentinel_8_724_inhabited_84.18819799444562_49.19179506477684.tif,data/external/sen1floods11/permanent_mask/water_8_724_inhabited_84.18819799444562_49.19179506477684.tif,True,True,True,True,False,781,514,2,781,514,1,-1.0,1.0,-1.0|0.0|1.0|nan,1.0,
8_727_rural_43.00628169287255_38.29864372401075,permanent,test,coordinate_fallback,data/external/sen1floods11/permanent_sar/sentinel_8_727_rural_43.00628169287255_38.29864372401075.tif,data/external/sen1floods11/permanent_mask/water_8_727_rural_43.00628169287255_38.29864372401075.tif,True,True,True,True,False,650,513,2,650,513,1,-1.0,1.0,-1.0|0.0|1.0,1.0,
8_727_rural_43.5217537746509_38.859933069113254,permanent,test,coordinate_fallback,data/external/sen1floods11/permanent_sar/sentinel_8_727_rural_43.5217537746509_38.859933069113254.tif,data/external/sen1floods11/permanent_mask/water_8_727_rural_43.5217537746509_38.859933069113254.tif,True,True,True,True,False,655,514,2,655,514,1,-1.0,1.0,-1.0|0.0|1.0,1.0,
8_735_rural_30.750081260291225_46.60617640073415,permanent,test,coordinate_fallback,data/external/sen1floods11/permanent_sar/sentinel_8_735_rural_30.750081260291225_46.60617640073415.tif,data/external/sen1floods11/permanent_mask/water_8_735_rural_30.750081260291225_46.60617640073415.tif,True,True,True,True,False,742,514,2,742,514,1,-1.0,1.0,-1.0|0.0|1.0,1.0,
8_737_inhabited_98.9977242812406_49.31739010504821,permanent,test,coordinate_fallback,data/external/sen1floods11/permanent_sar/sentinel_8_737_inhabited_98.9977242812406_49.31739010504821.tif,data/external/sen1floods11/permanent_mask/water_8_737_inhabited_98.9977242812406_49.31739010504821.tif,True,True,True,True,True,783,514,2,783,514,1,-1.0,1.0,-1.0|0.0|1.0,1.0,
9_585_inhabited_-58.425549916816756_-33.30557423761684,permanent,test,coordinate_fallback,data/external/sen1floods11/permanent_sar/sentinel_9_585_inhabited_-58.425549916816756_-33.30557423761684.tif,data/external/sen1floods11/permanent_mask/water_9_585_inhabited_-58.425549916816756_-33.30557423761684.tif,True,True,True,True,False,611,514,2,611,514,1,-1.0,1.0,-1.0|0.0|1.0,1.0,
9_585_inhabited_-60.03003257606975_-31.170775149178567,permanent,test,coordinate_fallback,data/external/sen1floods11/permanent_sar/sentinel_9_585_inhabited_-60.03003257606975_-31.170775149178567.tif,data/external/sen1floods11/permanent_mask/water_9_585_inhabited_-60.03003257606975_-31.170775149178567.tif,True,True,True,True,False,596,513,2,596,513,1,-1.0,1.0,-1.0|0.0|1.0,1.0,
10_194_inhabited_169.08472865033218_-44.627307617033836,permanent,train,coordinate_fallback,data/external/sen1floods11/permanent_sar/sentinel_10_194_inhabited_169.08472865033218_-44.627307617033836.tif,data/external/sen1floods11/permanent_mask/water_10_194_inhabited_169.08472865033218_-44.627307617033836.tif,True,True,True,True,False,717,514,2,717,514,1,-1.0,1.0,-1.0|0.0|1.0,1.0,
10_588_inhabited_-69.0890174214209_-16.10575129022326,permanent,train,coordinate_fallback,data/external/sen1floods11/permanent_sar/sentinel_10_588_inhabited_-69.0890174214209_-16.10575129022326.tif,data/external/sen1floods11/permanent_mask/water_10_588_inhabited_-69.0890174214209_-16.10575129022326.tif,True,True,True,True,False,532,514,2,532,514,1,-1.0,1.0,-1.0|0.0|1.0,1.0,
10_749_inhabited_85.60504168136961_48.73279303873935,permanent,train,coordinate_fallback,data/external/sen1floods11/permanent_sar/sentinel_10_749_inhabited_85.60504168136961_48.73279303873935.tif,data/external/sen1floods11/permanent_mask/water_10_749_inhabited_85.60504168136961_48.73279303873935.tif,True,True,True,True,False,773,514,2,773,514,1,1.0,1.0,1.0,1.0,
10_749_inhabited_88.83010435467857_48.38121967528145,permanent,train,coordinate_fallback,data/external/sen1floods11/permanent_sar/sentinel_10_749_inhabited_88.83010435467857_48.38121967528145.tif,data/external/sen1floods11/permanent_mask/water_10_749_inhabited_88.83010435467857_48.38121967528145.tif,True,True,True,True,False,768,514,2,768,514,1,-1.0,1.0,-1.0|0.0|1.0,1.0,
10_751_rural_85.61899420856585_28.867885787429604,permanent,train,coordinate_fallback,data/external/sen1floods11/permanent_sar/sentinel_10_751_rural_85.61899420856585_28.867885787429604.tif,data/external/sen1floods11/permanent_mask/water_10_751_rural_85.61899420856585_28.867885787429604.tif,True,True,True,True,False,583,514,2,583,514,1,-1.0,1.0,-1.0|0.0|1.0,1.0,
10_764_inhabited_100.26516132826785_50.88880407088885,permanent,train,coordinate_fallback,data/external/sen1floods11/permanent_sar/sentinel_10_764_inhabited_100.26516132826785_50.88880407088885.tif,data/external/sen1floods11/permanent_mask/water_10_764_inhabited_100.26516132826785_50.88880407088885.tif,True,True,True,True,False,809,514,2,809,514,1,-1.0,1.0,-1.0|0.0|1.0,1.0,
10_764_inhabited_100.61174941674798_51.43705946361214,permanent,train,coordinate_fallback,data/external/sen1floods11/permanent_sar/sentinel_10_764_inhabited_100.61174941674798_51.43705946361214.tif,data/external/sen1floods11/permanent_mask/water_10_764_inhabited_100.61174941674798_51.43705946361214.tif,True,True,True,True,False,819,514,2,819,514,1,-1.0,1.0,-1.0|1.0,1.0,
10_81_inhabited_25.74955169783489_-30.661884700555113,permanent,train,coordinate_fallback,data/external/sen1floods11/permanent_sar/sentinel_10_81_inhabited_25.74955169783489_-30.661884700555113.tif,data/external/sen1floods11/permanent_mask/water_10_81_inhabited_25.74955169783489_-30.661884700555113.tif,True,True,True,True,False,594,513,2,594,513,1,-1.0,1.0,-1.0|0.0|1.0,1.0,
11_776_low_density_44.09069939626215_67.79091513644912,permanent,train,coordinate_fallback,data/external/sen1floods11/permanent_sar/sentinel_11_776_low_density_44.09069939626215_67.79091513644912.tif,data/external/sen1floods11/permanent_mask/water_11_776_low_density_44.09069939626215_67.79091513644912.tif,True,True,True,True,False,1349,514,2,1349,514,1,-1.0,1.0,-1.0|0.0|1.0,1.0,
11_782_inhabited_113.047972677059_55.130760280335075,permanent,train,coordinate_fallback,data/external/sen1floods11/permanent_sar/sentinel_11_782_inhabited_113.047972677059_55.130760280335075.tif,data/external/sen1floods11/permanent_mask/water_11_782_inhabited_113.047972677059_55.130760280335075.tif,True,True,True,True,False,892,514,2,892,514,1,-1.0,1.0,-1.0|0.0|1.0,1.0,
12_198_inhabited_123.06634203226115_-34.120020126826624,permanent,train,coordinate_fallback,data/external/sen1floods11/permanent_sar/sentinel_12_198_inhabited_123.06634203226115_-34.120020126826624.tif,data/external/sen1floods11/permanent_mask/water_12_198_inhabited_123.06634203226115_-34.120020126826624.tif,True,True,True,True,False,617,514,2,617,514,1,-1.0,1.0,-1.0|1.0|nan,1.0,
12_199_inhabited_137.3014959714628_-33.4749130592225,permanent,train,coordinate_fallback,data/external/sen1floods11/permanent_sar/sentinel_12_199_inhabited_137.3014959714628_-33.4749130592225.tif,data/external/sen1floods11/permanent_mask/water_12_199_inhabited_137.3014959714628_-33.4749130592225.tif,True,True,True,True,False,612,514,2,612,514,1,-1.0,1.0,-1.0|0.0|1.0,1.0,
12_199_inhabited_137.3573551303593_-34.50584830457708,permanent,train,coordinate_fallback,data/external/sen1floods11/permanent_sar/sentinel_12_199_inhabited_137.3573551303593_-34.50584830457708.tif,data/external/sen1floods11/permanent_mask/water_12_199_inhabited_137.3573551303593_-34.50584830457708.tif,True,True,True,True,False,619,514,2,619,514,1,-1.0,1.0,-1.0|0.0|1.0,1.0,
12_200_inhabited_138.52378907942497_-35.031785896527865,permanent,train,coordinate_fallback,data/external/sen1floods11/permanent_sar/sentinel_12_200_inhabited_138.52378907942497_-35.031785896527865.tif,data/external/sen1floods11/permanent_mask/water_12_200_inhabited_138.52378907942497_-35.031785896527865.tif,True,True,True,True,True,623,514,2,623,514,1,-1.0,1.0,-1.0|0.0|1.0,1.0,
12_203_inhabited_139.18925640243913_-35.38974469269428,permanent,train,coordinate_fallback,data/external/sen1floods11/permanent_sar/sentinel_12_203_inhabited_139.18925640243913_-35.38974469269428.tif,data/external/sen1floods11/permanent_mask/water_12_203_inhabited_139.18925640243913_-35.38974469269428.tif,True,True,True,True,False,626,514,2,626,514,1,-1.0,1.0,-1.0|0.0|1.0,1.0,
12_203_rural_137.9848398306002_-35.73532502433634,permanent,train,coordinate_fallback,data/external/sen1floods11/permanent_sar/sentinel_12_203_rural_137.9848398306002_-35.73532502433634.tif,data/external/sen1floods11/permanent_mask/water_12_203_rural_137.9848398306002_-35.73532502433634.tif,True,True,True,True,False,629,514,2,629,514,1,-1.0,1.0,-1.0|0.0|1.0,1.0,
12_204_inhabited_139.84022272882746_-36.598366196826575,permanent,train,coordinate_fallback,data/external/sen1floods11/permanent_sar/sentinel_12_204_inhabited_139.84022272882746_-36.598366196826575.tif,data/external/sen1floods11/permanent_mask/water_12_204_inhabited_139.84022272882746_-36.598366196826575.tif,True,True,True,True,False,636,514,2,636,514,1,-1.0,1.0,-1.0|0.0|1.0,1.0,
12_204_inhabited_139.84125724027186_-36.52914757117393,permanent,train,coordinate_fallback,data/external/sen1floods11/permanent_sar/sentinel_12_204_inhabited_139.84125724027186_-36.52914757117393.tif,data/external/sen1floods11/permanent_mask/water_12_204_inhabited_139.84125724027186_-36.52914757117393.tif,True,True,True,True,True,635,513,2,635,513,1,-1.0,1.0,-1.0|0.0|1.0,1.0,
12_205_inhabited_114.763585052766_-28.97651840729366,permanent,train,coordinate_fallback,data/external/sen1floods11/permanent_sar/sentinel_12_205_inhabited_114.763585052766_-28.97651840729366.tif,data/external/sen1floods11/permanent_mask/water_12_205_inhabited_114.763585052766_-28.97651840729366.tif,True,True,True,True,False,584,514,2,584,514,1,-1.0,1.0,-1.0|0.0|1.0,1.0,
12_205_rural_114.8409192423359_-29.04707476326233,permanent,train,coordinate_fallback,data/external/sen1floods11/permanent_sar/sentinel_12_205_rural_114.8409192423359_-29.04707476326233.tif,data/external/sen1floods11/permanent_mask/water_12_205_rural_114.8409192423359_-29.04707476326233.tif,True,True,True,True,False,584,513,2,584,513,1,-1.0,1.0,-1.0|0.0|1.0,1.0,
12_206_inhabited_118.14840839861779_-34.98530422714674,permanent,train,coordinate_fallback,data/external/sen1floods11/permanent_sar/sentinel_12_206_inhabited_118.14840839861779_-34.98530422714674.tif,data/external/sen1floods11/permanent_mask/water_12_206_inhabited_118.14840839861779_-34.98530422714674.tif,True,True,True,True,False,623,513,2,623,513,1,-1.0,1.0,-1.0|0.0|1.0,1.0,
12_422_rural_-119.57284147553476_34.01382663523881,permanent,train,coordinate_fallback,data/external/sen1floods11/permanent_sar/sentinel_12_422_rural_-119.57284147553476_34.01382663523881.tif,data/external/sen1floods11/permanent_mask/water_12_422_rural_-119.57284147553476_34.01382663523881.tif,True,True,True,True,False,616,514,2,616,514,1,-1.0,1.0,-1.0|0.0|1.0,1.0,
12_423_inhabited_-121.09519195248437_35.55701895051221,permanent,train,coordinate_fallback,data/external/sen1floods11/permanent_sar/sentinel_12_423_inhabited_-121.09519195248437_35.55701895051221.tif,data/external/sen1floods11/permanent_mask/water_12_423_inhabited_-121.09519195248437_35.55701895051221.tif,True,True,True,True,False,628,514,2,628,514,1,-1.0,1.0,-1.0|0.0|1.0,1.0,
12_423_rural_-122.77934091115819_38.99803588783952,permanent,train,coordinate_fallback,data/external/sen1floods11/permanent_sar/sentinel_12_423_rural_-122.77934091115819_38.99803588783952.tif,data/external/sen1floods11/permanent_mask/water_12_423_rural_-122.77934091115819_38.99803588783952.tif,True,True,True,True,False,656,514,2,656,514,1,-1.0,1.0,-1.0|0.0|1.0,1.0,
12_596_inhabited_-70.4525391779478_-25.114589085127356,permanent,train,coordinate_fallback,data/external/sen1floods11/permanent_sar/sentinel_12_596_inhabited_-70.4525391779478_-25.114589085127356.tif,data/external/sen1floods11/permanent_mask/water_12_596_inhabited_-70.4525391779478_-25.114589085127356.tif,True,True,True,True,False,564,514,2,564,514,1,-1.0,1.0,-1.0|0.0|1.0|nan,1.0,
12_596_inhabited_-71.48739397312836_-29.015245699942835,permanent,train,coordinate_fallback,data/external/sen1floods11/permanent_sar/sentinel_12_596_inhabited_-71.48739397312836_-29.015245699942835.tif,data/external/sen1floods11/permanent_mask/water_12_596_inhabited_-71.48739397312836_-29.015245699942835.tif,True,True,True,True,False,583,514,2,583,514,1,-1.0,1.0,-1.0|0.0|1.0,1.0,
12_785_low_density_22.769195572136947_37.96159365268394,permanent,train,coordinate_fallback,data/external/sen1floods11/permanent_sar/sentinel_12_785_low_density_22.769195572136947_37.96159365268394.tif,data/external/sen1floods11/permanent_mask/water_12_785_low_density_22.769195572136947_37.96159365268394.tif,True,True,True,True,False,648,513,2,648,513,1,-1.0,1.0,-1.0|0.0|1.0,1.0,
12_785_low_density_26.76750204092183_40.36395218163212,permanent,train,coordinate_fallback,data/external/sen1floods11/permanent_sar/sentinel_12_785_low_density_26.76750204092183_40.36395218163212.tif,data/external/sen1floods11/permanent_mask/water_12_785_low_density_26.76750204092183_40.36395218163212.tif,True,True,True,True,False,670,513,2,670,513,1,0.0,0.0,0.0,1.0,
12_785_low_density_28.685129530754132_36.95206655148695,permanent,train,coordinate_fallback,data/external/sen1floods11/permanent_sar/sentinel_12_785_low_density_28.685129530754132_36.95206655148695.tif,data/external/sen1floods11/permanent_mask/water_12_785_low_density_28.685129530754132_36.95206655148695.tif,True,True,True,True,False,638,513,2,638,513,1,-1.0,1.0,-1.0|0.0|1.0,1.0,
12_785_rural_25.33243846709345_39.86784151662784,permanent,train,coordinate_fallback,data/external/sen1floods11/permanent_sar/sentinel_12_785_rural_25.33243846709345_39.86784151662784.tif,data/external/sen1floods11/permanent_mask/water_12_785_rural_25.33243846709345_39.86784151662784.tif,True,True,True,True,False,664,514,2,664,514,1,-1.0,1.0,-1.0|0.0|1.0,1.0,
12_786_rural_28.615157317023456_40.18875410124223,permanent,train,coordinate_fallback,data/external/sen1floods11/permanent_sar/sentinel_12_786_rural_28.615157317023456_40.18875410124223.tif,data/external/sen1floods11/permanent_mask/water_12_786_rural_28.615157317023456_40.18875410124223.tif,True,True,True,True,False,668,514,2,668,514,1,-1.0,1.0,-1.0|0.0|1.0,1.0,
12_789_high_density_25.16105737720532_35.32987234284967,permanent,train,coordinate_fallback,data/external/sen1floods11/permanent_sar/sentinel_12_789_high_density_25.16105737720532_35.32987234284967.tif,data/external/sen1floods11/permanent_mask/water_12_789_high_density_25.16105737720532_35.32987234284967.tif,True,True,True,True,False,626,514,2,626,514,1,-1.0,1.0,-1.0|0.0|1.0|nan,1.0,
12_789_rural_24.982385657094795_35.41088974988972,permanent,train,coordinate_fallback,data/external/sen1floods11/permanent_sar/sentinel_12_789_rural_24.982385657094795_35.41088974988972.tif,data/external/sen1floods11/permanent_mask/water_12_789_rural_24.982385657094795_35.41088974988972.tif,True,True,True,True,False,626,514,2,626,514,1,-1.0,1.0,-1.0|0.0|1.0,1.0,
12_790_rural_33.87407840822382_35.40498144099391,permanent,train,coordinate_fallback,data/external/sen1floods11/permanent_sar/sentinel_12_790_rural_33.87407840822382_35.40498144099391.tif,data/external/sen1floods11/permanent_mask/water_12_790_rural_33.87407840822382_35.40498144099391.tif,True,True,True,True,False,626,513,2,626,513,1,-1.0,1.0,-1.0|0.0|1.0,1.0,
12_791_high_density_35.78470956850325_35.51959371537062,permanent,train,coordinate_fallback,data/external/sen1floods11/permanent_sar/sentinel_12_791_high_density_35.78470956850325_35.51959371537062.tif,data/external/sen1floods11/permanent_mask/water_12_791_high_density_35.78470956850325_35.51959371537062.tif,True,True,True,True,True,627,514,2,627,514,1,-1.0,1.0,-1.0|0.0|1.0|nan,1.0,
12_791_rural_31.179296491291705_36.83786005530609,permanent,train,coordinate_fallback,data/external/sen1floods11/permanent_sar/sentinel_12_791_rural_31.179296491291705_36.83786005530609.tif,data/external/sen1floods11/permanent_mask/water_12_791_rural_31.179296491291705_36.83786005530609.tif,True,True,True,True,False,638,514,2,638,514,1,-1.0,1.0,-1.0|0.0|1.0,1.0,
12_794_rural_17.373576279042148_43.10204088799529,permanent,train,coordinate_fallback,data/external/sen1floods11/permanent_sar/sentinel_12_794_rural_17.373576279042148_43.10204088799529.tif,data/external/sen1floods11/permanent_mask/water_12_794_rural_17.373576279042148_43.10204088799529.tif,True,True,True,True,False,699,514,2,699,514,1,-1.0,1.0,-1.0|0.0|1.0,1.0,
12_795_low_density_9.292829022795956_44.3364939645302,permanent,train,coordinate_fallback,data/external/sen1floods11/permanent_sar/sentinel_12_795_low_density_9.292829022795956_44.3364939645302.tif,data/external/sen1floods11/permanent_mask/water_12_795_low_density_9.292829022795956_44.3364939645302.tif,True,True,True,True,False,714,514,2,714,514,1,-1.0,1.0,-1.0|0.0|1.0|nan,1.0,
12_797_high_density_15.264644435814922_32.32062570142645,permanent,train,coordinate_fallback,data/external/sen1floods11/permanent_sar/sentinel_12_797_high_density_15.264644435814922_32.32062570142645.tif,data/external/sen1floods11/permanent_mask/water_12_797_high_density_15.264644435814922_32.32062570142645.tif,True,True,True,True,False,604,514,2,604,514,1,-1.0,1.0,-1.0|0.0|1.0|nan,1.0,
12_797_low_density_12.79755313687387_32.77575276864851,permanent,train,coordinate_fallback,data/external/sen1floods11/permanent_sar/sentinel_12_797_low_density_12.79755313687387_32.77575276864851.tif,data/external/sen1floods11/permanent_mask/water_12_797_low_density_12.79755313687387_32.77575276864851.tif,True,True,True,True,False,607,514,2,607,514,1,-1.0,1.0,-1.0|0.0|1.0,1.0,
12_797_rural_12.551745191302663_32.77118664916978,permanent,train,coordinate_fallback,data/external/sen1floods11/permanent_sar/sentinel_12_797_rural_12.551745191302663_32.77118664916978.tif,data/external/sen1floods11/permanent_mask/water_12_797_rural_12.551745191302663_32.77118664916978.tif,True,True,True,True,False,607,514,2,607,514,1,0.0,0.0,0.0,1.0,
12_798_low_density_-2.9605621761216963_35.25970838777369,permanent,train,coordinate_fallback,data/external/sen1floods11/permanent_sar/sentinel_12_798_low_density_-2.9605621761216963_35.25970838777369.tif,data/external/sen1floods11/permanent_mask/water_12_798_low_density_-2.9605621761216963_35.25970838777369.tif,True,True,True,True,False,625,514,2,625,514,1,-1.0,1.0,-1.0|0.0|1.0,1.0,
12_798_rural_-3.466741491304659_35.189562269101934,permanent,train,coordinate_fallback,data/external/sen1floods11/permanent_sar/sentinel_12_798_rural_-3.466741491304659_35.189562269101934.tif,data/external/sen1floods11/permanent_mask/water_12_798_rural_-3.466741491304659_35.189562269101934.tif,True,True,True,True,False,624,513,2,624,513,1,-1.0,1.0,-1.0|0.0|1.0,1.0,
12_798_rural_3.2926135951675968_36.78893479854769,permanent,train,coordinate_fallback,data/external/sen1floods11/permanent_sar/sentinel_12_798_rural_3.2926135951675968_36.78893479854769.tif,data/external/sen1floods11/permanent_mask/water_12_798_rural_3.2926135951675968_36.78893479854769.tif,True,True,True,True,False,637,513,2,637,513,1,-1.0,1.0,-1.0|0.0|1.0,1.0,
12_799_low_density_5.038645958261185_43.507899347677835,permanent,train,coordinate_fallback,data/external/sen1floods11/permanent_sar/sentinel_12_799_low_density_5.038645958261185_43.507899347677835.tif,data/external/sen1floods11/permanent_mask/water_12_799_low_density_5.038645958261185_43.507899347677835.tif,True,True,True,True,False,703,514,2,703,514,1,-1.0,1.0,-1.0|0.0|1.0,1.0,
12_799_low_density_6.6388701760081466_43.2606957034769,permanent,train,coordinate_fallback,data/external/sen1floods11/permanent_sar/sentinel_12_799_low_density_6.6388701760081466_43.2606957034769.tif,data/external/sen1floods11/permanent_mask/water_12_799_low_density_6.6388701760081466_43.2606957034769.tif,True,True,True,True,False,700,514,2,700,514,1,-1.0,1.0,-1.0|0.0|1.0,1.0,
12_799_rural_3.206637667756107_41.94238923163196,permanent,train,coordinate_fallback,data/external/sen1floods11/permanent_sar/sentinel_12_799_rural_3.206637667756107_41.94238923163196.tif,data/external/sen1floods11/permanent_mask/water_12_799_rural_3.206637667756107_41.94238923163196.tif,True,True,True,True,False,686,513,2,686,513,1,-1.0,1.0,-1.0|0.0|1.0,1.0,
12_801_low_density_20.671527418170722_41.153279954607854,permanent,train,coordinate_fallback,data/external/sen1floods11/permanent_sar/sentinel_12_801_low_density_20.671527418170722_41.153279954607854.tif,data/external/sen1floods11/permanent_mask/water_12_801_low_density_20.671527418170722_41.153279954607854.tif,True,True,True,True,True,678,514,2,678,514,1,-1.0,1.0,-1.0|0.0|1.0,1.0,
12_803_rural_-1.6508305556025193_37.37379941091976,permanent,train,coordinate_fallback,data/external/sen1floods11/permanent_sar/sentinel_12_803_rural_-1.6508305556025193_37.37379941091976.tif,data/external/sen1floods11/permanent_mask/water_12_803_rural_-1.6508305556025193_37.37379941091976.tif,True,True,True,True,False,643,514,2,643,514,1,-1.0,1.0,-1.0|0.0|1.0|nan,1.0,
12_805_rural_-5.289394587799609_36.25872092868665,permanent,train,coordinate_fallback,data/external/sen1floods11/permanent_sar/sentinel_12_805_rural_-5.289394587799609_36.25872092868665.tif,data/external/sen1floods11/permanent_mask/water_12_805_rural_-5.289394587799609_36.25872092868665.tif,True,True,True,True,False,633,514,2,633,514,1,-1.0,1.0,-1.0|0.0|1.0,1.0,
12_806_low_density_12.679841787265003_37.59692390943208,permanent,train,coordinate_fallback,data/external/sen1floods11/permanent_sar/sentinel_12_806_low_density_12.679841787265003_37.59692390943208.tif,data/external/sen1floods11/permanent_mask/water_12_806_low_density_12.679841787265003_37.59692390943208.tif,True,True,True,True,False,644,514,2,644,514,1,-1.0,1.0,-1.0|0.0|1.0,1.0,
12_806_low_density_13.220008370677329_38.15191700384711,permanent,train,coordinate_fallback,data/external/sen1floods11/permanent_sar/sentinel_12_806_low_density_13.220008370677329_38.15191700384711.tif,data/external/sen1floods11/permanent_mask/water_12_806_low_density_13.220008370677329_38.15191700384711.tif,True,True,True,True,False,648,514,2,648,514,1,-1.0,1.0,-1.0|0.0|1.0,1.0,
12_806_low_density_14.496760479805225_40.59547316742808,permanent,train,coordinate_fallback,data/external/sen1floods11/permanent_sar/sentinel_12_806_low_density_14.496760479805225_40.59547316742808.tif,data/external/sen1floods11/permanent_mask/water_12_806_low_density_14.496760479805225_40.59547316742808.tif,True,True,True,True,False,672,514,2,672,514,1,-1.0,1.0,-1.0|0.0|1.0,1.0,
12_806_low_density_17.426421085626544_40.32802074534345,permanent,train,coordinate_fallback,data/external/sen1floods11/permanent_sar/sentinel_12_806_low_density_17.426421085626544_40.32802074534345.tif,data/external/sen1floods11/permanent_mask/water_12_806_low_density_17.426421085626544_40.32802074534345.tif,True,True,True,True,False,669,513,2,669,513,1,-1.0,1.0,-1.0|0.0|1.0,1.0,
12_806_low_density_9.457579429417624_42.63138723090513,permanent,train,coordinate_fallback,data/external/sen1floods11/permanent_sar/sentinel_12_806_low_density_9.457579429417624_42.63138723090513.tif,data/external/sen1floods11/permanent_mask/water_12_806_low_density_9.457579429417624_42.63138723090513.tif,True,True,True,True,False,694,513,2,694,513,1,-1.0,1.0,-1.0|0.0|1.0,1.0,
12_806_rural_14.419791936521696_44.89375228228038,permanent,train,coordinate_fallback,data/external/sen1floods11/permanent_sar/sentinel_12_806_rural_14.419791936521696_44.89375228228038.tif,data/external/sen1floods11/permanent_mask/water_12_806_rural_14.419791936521696_44.89375228228038.tif,True,True,True,True,False,720,514,2,720,514,1,-1.0,1.0,-1.0|0.0|1.0,1.0,
12_89_rural_17.917488507339375_-32.73284729831226,permanent,train,coordinate_fallback,data/external/sen1floods11/permanent_sar/sentinel_12_89_rural_17.917488507339375_-32.73284729831226.tif,data/external/sen1floods11/permanent_mask/water_12_89_rural_17.917488507339375_-32.73284729831226.tif,True,True,True,True,False,606,514,2,606,514,1,-1.0,1.0,-1.0|0.0|1.0,1.0,
13_101_inhabited_25.581630870364226_-30.620080628179053,permanent,train,coordinate_fallback,data/external/sen1floods11/permanent_sar/sentinel_13_101_inhabited_25.581630870364226_-30.620080628179053.tif,data/external/sen1floods11/permanent_mask/water_13_101_inhabited_25.581630870364226_-30.620080628179053.tif,True,True,True,True,False,593,514,2,593,514,1,-1.0,1.0,-1.0|0.0|1.0,1.0,
13_102_inhabited_17.585263183352385_-30.84089085324464,permanent,train,coordinate_fallback,data/external/sen1floods11/permanent_sar/sentinel_13_102_inhabited_17.585263183352385_-30.84089085324464.tif,data/external/sen1floods11/permanent_mask/water_13_102_inhabited_17.585263183352385_-30.84089085324464.tif,True,True,True,True,False,595,514,2,595,514,1,-1.0,1.0,-1.0|0.0|1.0|nan,1.0,
13_105_inhabited_53.51915197759867_12.402374224214334,permanent,train,coordinate_fallback,data/external/sen1floods11/permanent_sar/sentinel_13_105_inhabited_53.51915197759867_12.402374224214334.tif,data/external/sen1floods11/permanent_mask/water_13_105_inhabited_53.51915197759867_12.402374224214334.tif,True,True,True,True,False,522,514,2,522,514,1,-1.0,1.0,-1.0|0.0|1.0,1.0,
13_106_rural_51.23629289778179_11.653419152176511,permanent,train,coordinate_fallback,data/external/sen1floods11/permanent_sar/sentinel_13_106_rural_51.23629289778179_11.653419152176511.tif,data/external/sen1floods11/permanent_mask/water_13_106_rural_51.23629289778179_11.653419152176511.tif,True,True,True,True,False,521,514,2,521,514,1,-1.0,1.0,-1.0|0.0|1.0,1.0,
13_207_inhabited_115.32149885837102_-20.856602407393993,permanent,train,coordinate_fallback,data/external/sen1floods11/permanent_sar/sentinel_13_207_inhabited_115.32149885837102_-20.856602407393993.tif,data/external/sen1floods11/permanent_mask/water_13_207_inhabited_115.32149885837102_-20.856602407393993.tif,True,True,True,True,False,547,513,2,547,513,1,-1.0,1.0,-1.0|0.0|1.0,1.0,
13_207_inhabited_115.54685736651115_-20.4423875923373,permanent,train,coordinate_fallback,data/external/sen1floods11/permanent_sar/sentinel_13_207_inhabited_115.54685736651115_-20.4423875923373.tif,data/external/sen1floods11/permanent_mask/water_13_207_inhabited_115.54685736651115_-20.4423875923373.tif,True,True,True,True,False,545,513,2,545,513,1,-1.0,1.0,-1.0|0.0|1.0,1.0,
13_212_inhabited_131.4264430513036_-31.544010825554093,permanent,train,coordinate_fallback,data/external/sen1floods11/permanent_sar/sentinel_13_212_inhabited_131.4264430513036_-31.544010825554093.tif,data/external/sen1floods11/permanent_mask/water_13_212_inhabited_131.4264430513036_-31.544010825554093.tif,True,True,True,True,False,598,514,2,598,514,1,-1.0,1.0,-1.0|0.0|1.0,1.0,
13_213_inhabited_116.17711562760726_-20.942101210992767,permanent,train,coordinate_fallback,data/external/sen1floods11/permanent_sar/sentinel_13_213_inhabited_116.17711562760726_-20.942101210992767.tif,data/external/sen1floods11/permanent_mask/water_13_213_inhabited_116.17711562760726_-20.942101210992767.tif,True,True,True,True,False,546,514,2,546,514,1,-1.0,1.0,-1.0|0.0|1.0,1.0,
13_315_inhabited_79.75135231435749_9.069856133719451,permanent,train,coordinate_fallback,data/external/sen1floods11/permanent_sar/sentinel_13_315_inhabited_79.75135231435749_9.069856133719451.tif,data/external/sen1floods11/permanent_mask/water_13_315_inhabited_79.75135231435749_9.069856133719451.tif,True,True,True,True,False,517,514,2,517,514,1,-1.0,1.0,-1.0|0.0|1.0,1.0,
13_315_rural_79.95932032838915_9.626137908338933,permanent,train,coordinate_fallback,data/external/sen1floods11/permanent_sar/sentinel_13_315_rural_79.95932032838915_9.626137908338933.tif,data/external/sen1floods11/permanent_mask/water_13_315_rural_79.95932032838915_9.626137908338933.tif,True,True,True,True,False,517,514,2,517,514,1,-1.0,1.0,-1.0|0.0|1.0,1.0,
13_316_rural_80.25336682915653_13.591210696972489,permanent,train,coordinate_fallback,data/external/sen1floods11/permanent_sar/sentinel_13_316_rural_80.25336682915653_13.591210696972489.tif,data/external/sen1floods11/permanent_mask/water_13_316_rural_80.25336682915653_13.591210696972489.tif,True,True,True,True,False,525,514,2,525,514,1,-1.0,1.0,-1.0|0.0|1.0,1.0,
13_316_rural_81.34881188945131_16.32315030298296,permanent,train,coordinate_fallback,data/external/sen1floods11/permanent_sar/sentinel_13_316_rural_81.34881188945131_16.32315030298296.tif,data/external/sen1floods11/permanent_mask/water_13_316_rural_81.34881188945131_16.32315030298296.tif,True,True,True,True,False,532,513,2,532,513,1,-1.0,1.0,-1.0|0.0|1.0,1.0,
13_426_inhabited_-111.28446509693698_24.26158089000737,permanent,train,coordinate_fallback,data/external/sen1floods11/permanent_sar/sentinel_13_426_inhabited_-111.28446509693698_24.26158089000737.tif,data/external/sen1floods11/permanent_mask/water_13_426_inhabited_-111.28446509693698_24.26158089000737.tif,True,True,True,True,False,559,514,2,559,514,1,-1.0,1.0,-1.0|0.0|1.0,1.0,
13_426_inhabited_-115.78033143856852_30.04754988932082,permanent,train,coordinate_fallback,data/external/sen1floods11/permanent_sar/sentinel_13_426_inhabited_-115.78033143856852_30.04754988932082.tif,data/external/sen1floods11/permanent_mask/water_13_426_inhabited_-115.78033143856852_30.04754988932082.tif,True,True,True,True,False,590,514,2,590,514,1,-1.0,1.0,-1.0|0.0|1.0,1.0,
13_426_rural_-110.98184820394486_24.053746649007316,permanent,train,coordinate_fallback,data/external/sen1floods11/permanent_sar/sentinel_13_426_rural_-110.98184820394486_24.053746649007316.tif,data/external/sen1floods11/permanent_mask/water_13_426_rural_-110.98184820394486_24.053746649007316.tif,True,True,True,True,False,559,514,2,559,514,1,-1.0,1.0,-1.0|0.0|1.0,1.0,
13_430_rural_-118.94816600895757_37.946579859436994,permanent,train,coordinate_fallback,data/external/sen1floods11/permanent_sar/sentinel_13_430_rural_-118.94816600895757_37.946579859436994.tif,data/external/sen1floods11/permanent_mask/water_13_430_rural_-118.94816600895757_37.946579859436994.tif,True,True,True,True,False,647,513,2,647,513,1,-1.0,1.0,-1.0|0.0|1.0,1.0,
13_431_inhabited_-110.8264752868386_25.633962880327466,permanent,train,coordinate_fallback,data/external/sen1floods11/permanent_sar/sentinel_13_431_inhabited_-110.8264752868386_25.633962880327466.tif,data/external/sen1floods11/permanent_mask/water_13_431_inhabited_-110.8264752868386_25.633962880327466.tif,True,True,True,True,True,566,514,2,566,514,1,-1.0,1.0,-1.0|0.0|1.0,1.0,
13_435_inhabited_-112.54067412751165_28.85688964423181,permanent,train,coordinate_fallback,data/external/sen1floods11/permanent_sar/sentinel_13_435_inhabited_-112.54067412751165_28.85688964423181.tif,data/external/sen1floods11/permanent_mask/water_13_435_inhabited_-112.54067412751165_28.85688964423181.tif,True,True,True,True,False,583,513,2,583,513,1,-1.0,1.0,-1.0|0.0|1.0,1.0,
13_435_inhabited_-113.12211415027465_31.05412506562042,permanent,train,coordinate_fallback,data/external/sen1floods11/permanent_sar/sentinel_13_435_inhabited_-113.12211415027465_31.05412506562042.tif,data/external/sen1floods11/permanent_mask/water_13_435_inhabited_-113.12211415027465_31.05412506562042.tif,True,True,True,True,False,596,514,2,596,514,1,-1.0,1.0,-1.0|0.0|1.0,1.0,
13_597_high_density_-63.788207534924474_10.99300399065591,permanent,train,coordinate_fallback,data/external/sen1floods11/permanent_sar/sentinel_13_597_high_density_-63.788207534924474_10.99300399065591.tif,data/external/sen1floods11/permanent_mask/water_13_597_high_density_-63.788207534924474_10.99300399065591.tif,True,True,True,True,True,520,514,2,520,514,1,-1.0,1.0,-1.0|0.0|1.0|nan,1.0,
13_597_rural_-63.858906582126856_11.13171324712545,permanent,train,coordinate_fallback,data/external/sen1floods11/permanent_sar/sentinel_13_597_rural_-63.858906582126856_11.13171324712545.tif,data/external/sen1floods11/permanent_mask/water_13_597_rural_-63.858906582126856_11.13171324712545.tif,True,True,True,True,False,520,514,2,520,514,1,-1.0,1.0,-1.0|0.0|1.0,1.0,
13_597_rural_-64.37010238599495_10.993704069521302,permanent,train,coordinate_fallback,data/external/sen1floods11/permanent_sar/sentinel_13_597_rural_-64.37010238599495_10.993704069521302.tif,data/external/sen1floods11/permanent_mask/water_13_597_rural_-64.37010238599495_10.993704069521302.tif,True,True,True,True,False,520,513,2,520,513,1,-1.0,1.0,-1.0|0.0|1.0,1.0,
13_599_low_density_-60.93426246499067_14.07841207807198,permanent,train,coordinate_fallback,data/external/sen1floods11/permanent_sar/sentinel_13_599_low_density_-60.93426246499067_14.07841207807198.tif,data/external/sen1floods11/permanent_mask/water_13_599_low_density_-60.93426246499067_14.07841207807198.tif,True,True,True,True,False,526,514,2,526,514,1,-1.0,1.0,-1.0|0.0|1.0,1.0,
13_599_rural_-61.197978160392516_13.13017532085461,permanent,train,coordinate_fallback,data/external/sen1floods11/permanent_sar/sentinel_13_599_rural_-61.197978160392516_13.13017532085461.tif,data/external/sen1floods11/permanent_mask/water_13_599_rural_-61.197978160392516_13.13017532085461.tif,True,True,True,True,False,524,513,2,524,513,1,-1.0,1.0,-1.0|0.0|1.0,1.0,
13_599_rural_-64.76319443936147_18.33583690907261,permanent,train,coordinate_fallback,data/external/sen1floods11/permanent_sar/sentinel_13_599_rural_-64.76319443936147_18.33583690907261.tif,data/external/sen1floods11/permanent_mask/water_13_599_rural_-64.76319443936147_18.33583690907261.tif,True,True,True,True,False,538,514,2,538,514,1,-1.0,1.0,-1.0|0.0|1.0,1.0,
13_601_inhabited_-90.44359439805953_0.35473486610478006,permanent,train,coordinate_fallback,data/external/sen1floods11/permanent_sar/sentinel_13_601_inhabited_-90.44359439805953_0.35473486610478006.tif,data/external/sen1floods11/permanent_mask/water_13_601_inhabited_-90.44359439805953_0.35473486610478006.tif,True,True,True,True,False,510,514,2,510,514,1,-1.0,1.0,-1.0|0.0|1.0,1.0,
13_601_inhabited_-90.58134048870153_-0.26944118115446714,permanent,train,coordinate_fallback,data/external/sen1floods11/permanent_sar/sentinel_13_601_inhabited_-90.58134048870153_-0.26944118115446714.tif,data/external/sen1floods11/permanent_mask/water_13_601_inhabited_-90.58134048870153_-0.26944118115446714.tif,True,True,True,True,False,511,514,2,511,514,1,-1.0,1.0,-1.0|0.0|1.0,1.0,
13_601_inhabited_-90.7192337296783_0.5626315345195873,permanent,train,coordinate_fallback,data/external/sen1floods11/permanent_sar/sentinel_13_601_inhabited_-90.7192337296783_0.5626315345195873.tif,data/external/sen1floods11/permanent_mask/water_13_601_inhabited_-90.7192337296783_0.5626315345195873.tif,True,True,True,True,False,511,514,2,511,514,1,-1.0,1.0,-1.0|0.0|1.0,1.0,
13_602_inhabited_-74.85805521403442_11.059935097468133,permanent,train,coordinate_fallback,data/external/sen1floods11/permanent_sar/sentinel_13_602_inhabited_-74.85805521403442_11.059935097468133.tif,data/external/sen1floods11/permanent_mask/water_13_602_inhabited_-74.85805521403442_11.059935097468133.tif,True,True,True,True,False,520,514,2,520,514,1,-1.0,1.0,-1.0|0.0|1.0,1.0,
13_606_inhabited_-70.27111619248731_11.317604251841502,permanent,train,coordinate_fallback,data/external/sen1floods11/permanent_sar/sentinel_13_606_inhabited_-70.27111619248731_11.317604251841502.tif,data/external/sen1floods11/permanent_mask/water_13_606_inhabited_-70.27111619248731_11.317604251841502.tif,True,True,True,True,False,520,514,2,520,514,1,-1.0,1.0,-1.0|0.0|1.0,1.0,
13_608_high_density_-77.0677359864632_-12.103476221500804,permanent,train,coordinate_fallback,data/external/sen1floods11/permanent_sar/sentinel_13_608_high_density_-77.0677359864632_-12.103476221500804.tif,data/external/sen1floods11/permanent_mask/water_13_608_high_density_-77.0677359864632_-12.103476221500804.tif,True,True,True,True,False,522,514,2,522,514,1,-1.0,1.0,-1.0|0.0|1.0,1.0,
13_608_high_density_-77.20879073008686_-12.102388200843764,permanent,train,coordinate_fallback,data/external/sen1floods11/permanent_sar/sentinel_13_608_high_density_-77.20879073008686_-12.102388200843764.tif,data/external/sen1floods11/permanent_mask/water_13_608_high_density_-77.20879073008686_-12.102388200843764.tif,True,True,True,True,False,522,514,2,522,514,1,-1.0,1.0,-1.0|0.0|1.0,1.0,
13_608_inhabited_-77.86146043307762_-10.664069483246365,permanent,train,coordinate_fallback,data/external/sen1floods11/permanent_sar/sentinel_13_608_inhabited_-77.86146043307762_-10.664069483246365.tif,data/external/sen1floods11/permanent_mask/water_13_608_inhabited_-77.86146043307762_-10.664069483246365.tif,True,True,True,True,False,519,514,2,519,514,1,-1.0,1.0,-1.0|0.0|1.0,1.0,
13_809_rural_35.47889550005583_31.58964526573506,permanent,train,coordinate_fallback,data/external/sen1floods11/permanent_sar/sentinel_13_809_rural_35.47889550005583_31.58964526573506.tif,data/external/sen1floods11/permanent_mask/water_13_809_rural_35.47889550005583_31.58964526573506.tif,True,True,True,True,False,599,514,2,599,514,1,1.0,1.0,1.0,1.0,
13_811_inhabited_52.16149393895706_23.956074499532637,permanent,train,coordinate_fallback,data/external/sen1floods11/permanent_sar/sentinel_13_811_inhabited_52.16149393895706_23.956074499532637.tif,data/external/sen1floods11/permanent_mask/water_13_811_inhabited_52.16149393895706_23.956074499532637.tif,True,True,True,True,False,559,514,2,559,514,1,-1.0,1.0,-1.0|0.0|1.0,1.0,
13_817_inhabited_58.64659647423817_45.7664117357429,permanent,train,coordinate_fallback,data/external/sen1floods11/permanent_sar/sentinel_13_817_inhabited_58.64659647423817_45.7664117357429.tif,data/external/sen1floods11/permanent_mask/water_13_817_inhabited_58.64659647423817_45.7664117357429.tif,True,True,True,True,False,731,513,2,731,513,1,-1.0,1.0,-1.0|0.0|1.0,1.0,
13_817_inhabited_73.80927910536501_46.18645459587645,permanent,train,coordinate_fallback,data/external/sen1floods11/permanent_sar/sentinel_13_817_inhabited_73.80927910536501_46.18645459587645.tif,data/external/sen1floods11/permanent_mask/water_13_817_inhabited_73.80927910536501_46.18645459587645.tif,True,True,True,True,False,737,514,2,737,514,1,-1.0,1.0,-1.0|0.0|1.0,1.0,
13_821_inhabited_57.67932827372471_19.751338406579524,permanent,train,coordinate_fallback,data/external/sen1floods11/permanent_sar/sentinel_13_821_inhabited_57.67932827372471_19.751338406579524.tif,data/external/sen1floods11/permanent_mask/water_13_821_inhabited_57.67932827372471_19.751338406579524.tif,True,True,True,True,False,542,514,2,542,514,1,-1.0,1.0,-1.0|0.0|1.0,1.0,
13_821_inhabited_58.99735828130433_21.244468394325878,permanent,train,coordinate_fallback,data/external/sen1floods11/permanent_sar/sentinel_13_821_inhabited_58.99735828130433_21.244468394325878.tif,data/external/sen1floods11/permanent_mask/water_13_821_inhabited_58.99735828130433_21.244468394325878.tif,True,True,True,True,True,548,514,2,548,514,1,-1.0,1.0,-1.0|0.0|1.0|nan,1.0,
13_826_inhabited_92.33536801998393_50.29058890996277,permanent,train,coordinate_fallback,data/external/sen1floods11/permanent_sar/sentinel_13_826_inhabited_92.33536801998393_50.29058890996277.tif,data/external/sen1floods11/permanent_mask/water_13_826_inhabited_92.33536801998393_50.29058890996277.tif,True,True,True,True,True,799,514,2,799,514,1,-1.0,1.0,-1.0|0.0|1.0|nan,1.0,
13_826_inhabited_93.01120275294736_50.23529605690004,permanent,train,coordinate_fallback,data/external/sen1floods11/permanent_sar/sentinel_13_826_inhabited_93.01120275294736_50.23529605690004.tif,data/external/sen1floods11/permanent_mask/water_13_826_inhabited_93.01120275294736_50.23529605690004.tif,True,True,True,True,False,797,514,2,797,514,1,1.0,1.0,1.0,1.0,
13_826_rural_93.11622796005916_49.12998746507504,permanent,train,coordinate_fallback,data/external/sen1floods11/permanent_sar/sentinel_13_826_rural_93.11622796005916_49.12998746507504.tif,data/external/sen1floods11/permanent_mask/water_13_826_rural_93.11622796005916_49.12998746507504.tif,True,True,True,True,False,780,513,2,780,513,1,-1.0,1.0,-1.0|0.0|1.0,1.0,
13_827_inhabited_83.19488864378002_48.178508941391804,permanent,train,coordinate_fallback,data/external/sen1floods11/permanent_sar/sentinel_13_827_inhabited_83.19488864378002_48.178508941391804.tif,data/external/sen1floods11/permanent_mask/water_13_827_inhabited_83.19488864378002_48.178508941391804.tif,True,True,True,True,False,765,514,2,765,514,1,1.0,1.0,1.0,1.0,
13_827_inhabited_83.8604674443205_48.993088603633204,permanent,train,coordinate_fallback,data/external/sen1floods11/permanent_sar/sentinel_13_827_inhabited_83.8604674443205_48.993088603633204.tif,data/external/sen1floods11/permanent_mask/water_13_827_inhabited_83.8604674443205_48.993088603633204.tif,True,True,True,True,True,778,514,2,778,514,1,-1.0,1.0,-1.0|0.0|1.0|nan,1.0,
13_827_inhabited_84.32079828247194_48.013254656351094,permanent,train,coordinate_fallback,data/external/sen1floods11/permanent_sar/sentinel_13_827_inhabited_84.32079828247194_48.013254656351094.tif,data/external/sen1floods11/permanent_mask/water_13_827_inhabited_84.32079828247194_48.013254656351094.tif,True,True,True,True,False,763,514,2,763,514,1,-1.0,1.0,-1.0|0.0|1.0,1.0,
13_830_inhabited_43.28201020651237_33.96244887290101,permanent,train,coordinate_fallback,data/external/sen1floods11/permanent_sar/sentinel_13_830_inhabited_43.28201020651237_33.96244887290101.tif,data/external/sen1floods11/permanent_mask/water_13_830_inhabited_43.28201020651237_33.96244887290101.tif,True,True,True,True,False,615,514,2,615,514,1,1.0,1.0,1.0,1.0,
13_836_rural_33.67699505986361_27.357186941532674,permanent,train,coordinate_fallback,data/external/sen1floods11/permanent_sar/sentinel_13_836_rural_33.67699505986361_27.357186941532674.tif,data/external/sen1floods11/permanent_mask/water_13_836_rural_33.67699505986361_27.357186941532674.tif,True,True,True,True,True,574,514,2,574,514,1,-1.0,1.0,-1.0|0.0|1.0,1.0,
13_837_rural_34.441378621546356_28.018632155396627,permanent,train,coordinate_fallback,data/external/sen1floods11/permanent_sar/sentinel_13_837_rural_34.441378621546356_28.018632155396627.tif,data/external/sen1floods11/permanent_mask/water_13_837_rural_34.441378621546356_28.018632155396627.tif,True,True,True,True,False,578,514,2,578,514,1,-1.0,1.0,-1.0|0.0|1.0,1.0,
13_839_inhabited_-16.361471817436275_19.402355780833688,permanent,train,coordinate_fallback,data/external/sen1floods11/permanent_sar/sentinel_13_839_inhabited_-16.361471817436275_19.402355780833688.tif,data/external/sen1floods11/permanent_mask/water_13_839_inhabited_-16.361471817436275_19.402355780833688.tif,True,True,True,True,False,541,514,2,541,514,1,-1.0,1.0,-1.0|0.0|1.0,1.0,
13_840_inhabited_58.63707629348907_20.230803247351293,permanent,train,coordinate_fallback,data/external/sen1floods11/permanent_sar/sentinel_13_840_inhabited_58.63707629348907_20.230803247351293.tif,data/external/sen1floods11/permanent_mask/water_13_840_inhabited_58.63707629348907_20.230803247351293.tif,True,True,True,True,False,544,514,2,544,514,1,-1.0,1.0,-1.0|0.0|1.0,1.0,
13_840_inhabited_58.78565354058989_20.36810342788795,permanent,train,coordinate_fallback,data/external/sen1floods11/permanent_sar/sentinel_13_840_inhabited_58.78565354058989_20.36810342788795.tif,data/external/sen1floods11/permanent_mask/water_13_840_inhabited_58.78565354058989_20.36810342788795.tif,True,True,True,True,False,545,514,2,545,514,1,-1.0,1.0,-1.0|0.0|1.0,1.0,
13_840_rural_57.822090853051826_18.98732940938527,permanent,train,coordinate_fallback,data/external/sen1floods11/permanent_sar/sentinel_13_840_rural_57.822090853051826_18.98732940938527.tif,data/external/sen1floods11/permanent_mask/water_13_840_rural_57.822090853051826_18.98732940938527.tif,True,True,True,True,False,540,514,2,540,514,1,-1.0,1.0,-1.0|0.0|1.0,1.0,
13_842_inhabited_32.96015443361271_23.348883168185964,permanent,train,coordinate_fallback,data/external/sen1floods11/permanent_sar/sentinel_13_842_inhabited_32.96015443361271_23.348883168185964.tif,data/external/sen1floods11/permanent_mask/water_13_842_inhabited_32.96015443361271_23.348883168185964.tif,True,True,True,True,False,556,514,2,556,514,1,-1.0,1.0,-1.0|0.0|1.0,1.0,
13_92_inhabited_39.13785991957243_16.63427961988609,permanent,train,coordinate_fallback,data/external/sen1floods11/permanent_sar/sentinel_13_92_inhabited_39.13785991957243_16.63427961988609.tif,data/external/sen1floods11/permanent_mask/water_13_92_inhabited_39.13785991957243_16.63427961988609.tif,True,True,True,True,False,532,514,2,532,514,1,-1.0,1.0,-1.0|0.0|1.0,1.0,
13_92_inhabited_39.88661433206285_16.33860108813315,permanent,train,coordinate_fallback,data/external/sen1floods11/permanent_sar/sentinel_13_92_inhabited_39.88661433206285_16.33860108813315.tif,data/external/sen1floods11/permanent_mask/water_13_92_inhabited_39.88661433206285_16.33860108813315.tif,True,True,True,True,False,532,513,2,532,513,1,-1.0,1.0,-1.0|0.0|1.0,1.0,
13_93_inhabited_42.81067876606208_12.9530063177991,permanent,train,coordinate_fallback,data/external/sen1floods11/permanent_sar/sentinel_13_93_inhabited_42.81067876606208_12.9530063177991.tif,data/external/sen1floods11/permanent_mask/water_13_93_inhabited_42.81067876606208_12.9530063177991.tif,True,True,True,True,False,524,514,2,524,514,1,-1.0,1.0,-1.0|0.0|1.0,1.0,
13_95_inhabited_48.02421066763942_4.589204244882268,permanent,train,coordinate_fallback,data/external/sen1floods11/permanent_sar/sentinel_13_95_inhabited_48.02421066763942_4.589204244882268.tif,data/external/sen1floods11/permanent_mask/water_13_95_inhabited_48.02421066763942_4.589204244882268.tif,True,True,True,True,False,513,514,2,513,514,1,-1.0,1.0,-1.0|0.0|1.0,1.0,
13_95_rural_47.81570756148135_4.312476892606472,permanent,train,coordinate_fallback,data/external/sen1floods11/permanent_sar/sentinel_13_95_rural_47.81570756148135_4.312476892606472.tif,data/external/sen1floods11/permanent_mask/water_13_95_rural_47.81570756148135_4.312476892606472.tif,True,True,True,True,False,512,514,2,512,514,1,-1.0,1.0,-1.0|0.0|1.0,1.0,
13_98_inhabited_11.863282284155884_-18.089623185305545,permanent,train,coordinate_fallback,data/external/sen1floods11/permanent_sar/sentinel_13_98_inhabited_11.863282284155884_-18.089623185305545.tif,data/external/sen1floods11/permanent_mask/water_13_98_inhabited_11.863282284155884_-18.089623185305545.tif,True,True,True,True,False,537,514,2,537,514,1,-1.0,1.0,-1.0|0.0|1.0,1.0,
13_98_inhabited_12.67025917910115_-19.252422967012624,permanent,train,coordinate_fallback,data/external/sen1floods11/permanent_sar/sentinel_13_98_inhabited_12.67025917910115_-19.252422967012624.tif,data/external/sen1floods11/permanent_mask/water_13_98_inhabited_12.67025917910115_-19.252422967012624.tif,True,True,True,True,False,540,514,2,540,514,1,-1.0,1.0,-1.0|0.0|1.0,1.0,
13_98_inhabited_12.955396395963747_-19.81080051912723,permanent,train,coordinate_fallback,data/external/sen1floods11/permanent_sar/sentinel_13_98_inhabited_12.955396395963747_-19.81080051912723.tif,data/external/sen1floods11/permanent_mask/water_13_98_inhabited_12.955396395963747_-19.81080051912723.tif,True,True,True,True,False,543,514,2,543,514,1,-1.0,1.0,-1.0|0.0|1.0,1.0,
13_99_inhabited_43.23432903894787_-22.202822851833513,permanent,train,coordinate_fallback,data/external/sen1floods11/permanent_sar/sentinel_13_99_inhabited_43.23432903894787_-22.202822851833513.tif,data/external/sen1floods11/permanent_mask/water_13_99_inhabited_43.23432903894787_-22.202822851833513.tif,True,True,True,True,True,551,514,2,551,514,1,-1.0,1.0,-1.0|0.0|1.0,1.0,
13_99_inhabited_43.236411439139836_-22.272014722879838,permanent,train,coordinate_fallback,data/external/sen1floods11/permanent_sar/sentinel_13_99_inhabited_43.236411439139836_-22.272014722879838.tif,data/external/sen1floods11/permanent_mask/water_13_99_inhabited_43.236411439139836_-22.272014722879838.tif,True,True,True,True,False,552,514,2,552,514,1,-1.0,1.0,-1.0|0.0|1.0,1.0,
14_111_high_density_3.110102589050057_6.413681113708076,permanent,train,coordinate_fallback,data/external/sen1floods11/permanent_sar/sentinel_14_111_high_density_3.110102589050057_6.413681113708076.tif,data/external/sen1floods11/permanent_mask/water_14_111_high_density_3.110102589050057_6.413681113708076.tif,True,True,True,True,False,514,514,2,514,514,1,-1.0,1.0,-1.0|0.0|1.0,1.0,
14_111_low_density_8.75099027648859_-0.6953031681627624,permanent,train,coordinate_fallback,data/external/sen1floods11/permanent_sar/sentinel_14_111_low_density_8.75099027648859_-0.6953031681627624.tif,data/external/sen1floods11/permanent_mask/water_14_111_low_density_8.75099027648859_-0.6953031681627624.tif,True,True,True,True,False,510,514,2,510,514,1,-1.0,1.0,-1.0|0.0|1.0,1.0,
14_113_low_density_-11.810580168805213_7.170974704715846,permanent,train,coordinate_fallback,data/external/sen1floods11/permanent_sar/sentinel_14_113_low_density_-11.810580168805213_7.170974704715846.tif,data/external/sen1floods11/permanent_mask/water_14_113_low_density_-11.810580168805213_7.170974704715846.tif,True,True,True,True,False,515,514,2,515,514,1,-1.0,1.0,-1.0|0.0|1.0,1.0,
14_319_low_density_100.57056070031729_7.19410852098112,permanent,train,coordinate_fallback,data/external/sen1floods11/permanent_sar/sentinel_14_319_low_density_100.57056070031729_7.19410852098112.tif,data/external/sen1floods11/permanent_mask/water_14_319_low_density_100.57056070031729_7.19410852098112.tif,True,True,True,True,False,515,513,2,515,513,1,-1.0,1.0,-1.0|0.0|1.0,1.0,
14_321_low_density_98.51280595988045_13.194390835125287,permanent,train,coordinate_fallback,data/external/sen1floods11/permanent_sar/sentinel_14_321_low_density_98.51280595988045_13.194390835125287.tif,data/external/sen1floods11/permanent_mask/water_14_321_low_density_98.51280595988045_13.194390835125287.tif,True,True,True,True,False,524,514,2,524,514,1,-1.0,1.0,-1.0|0.0|1.0,1.0,
14_611_low_density_-69.87356503806734_12.413423876624773,permanent,train,coordinate_fallback,data/external/sen1floods11/permanent_sar/sentinel_14_611_low_density_-69.87356503806734_12.413423876624773.tif,data/external/sen1floods11/permanent_mask/water_14_611_low_density_-69.87356503806734_12.413423876624773.tif,True,True,True,True,False,523,514,2,523,514,1,-1.0,1.0,-1.0|0.0|1.0,1.0,
14_612_high_density_-80.36923211092926_27.595655206769912,permanent,train,coordinate_fallback,data/external/sen1floods11/permanent_sar/sentinel_14_612_high_density_-80.36923211092926_27.595655206769912.tif,data/external/sen1floods11/permanent_mask/water_14_612_high_density_-80.36923211092926_27.595655206769912.tif,True,True,True,True,False,576,513,2,576,513,1,-1.0,1.0,-1.0|0.0|1.0,1.0,
14_616_low_density_-38.60327613067901_-12.991929810894629,permanent,train,coordinate_fallback,data/external/sen1floods11/permanent_sar/sentinel_14_616_low_density_-38.60327613067901_-12.991929810894629.tif,data/external/sen1floods11/permanent_mask/water_14_616_low_density_-38.60327613067901_-12.991929810894629.tif,True,True,True,True,False,524,513,2,524,513,1,-1.0,1.0,-1.0|0.0|1.0,1.0,
14_616_low_density_-48.50788935890669_-27.56044168575085,permanent,train,coordinate_fallback,data/external/sen1floods11/permanent_sar/sentinel_14_616_low_density_-48.50788935890669_-27.56044168575085.tif,data/external/sen1floods11/permanent_mask/water_14_616_low_density_-48.50788935890669_-27.56044168575085.tif,True,True,True,True,False,576,514,2,576,514,1,-1.0,1.0,-1.0|0.0|1.0,1.0,
1_10_inhabited_18.127587971674583_-0.9102630526462279,permanent,train,coordinate_fallback,data/external/sen1floods11/permanent_sar/sentinel_1_10_inhabited_18.127587971674583_-0.9102630526462279.tif,data/external/sen1floods11/permanent_mask/water_1_10_inhabited_18.127587971674583_-0.9102630526462279.tif,True,True,True,True,False,511,514,2,511,514,1,-1.0,1.0,-1.0|0.0|1.0|nan,1.0,
1_11_high_density_-1.6511828245857418_4.972843004015486,permanent,train,coordinate_fallback,data/external/sen1floods11/permanent_sar/sentinel_1_11_high_density_-1.6511828245857418_4.972843004015486.tif,data/external/sen1floods11/permanent_mask/water_1_11_high_density_-1.6511828245857418_4.972843004015486.tif,True,True,True,True,False,513,513,2,513,513,1,-1.0,1.0,-1.0|0.0|1.0,1.0,
1_11_low_density_-1.4392685061217791_6.50029469257021,permanent,train,coordinate_fallback,data/external/sen1floods11/permanent_sar/sentinel_1_11_low_density_-1.4392685061217791_6.50029469257021.tif,data/external/sen1floods11/permanent_mask/water_1_11_low_density_-1.4392685061217791_6.50029469257021.tif,True,True,True,True,False,513,514,2,513,514,1,-1.0,1.0,-1.0|0.0|1.0,1.0,
1_11_rural_-0.12052504237358863_6.494511238503891,permanent,train,coordinate_fallback,data/external/sen1floods11/permanent_sar/sentinel_1_11_rural_-0.12052504237358863_6.494511238503891.tif,data/external/sen1floods11/permanent_mask/water_1_11_rural_-0.12052504237358863_6.494511238503891.tif,True,True,True,True,False,514,514,2,514,514,1,-1.0,1.0,-1.0|0.0|1.0|nan,1.0,
1_11_rural_-0.39732819936729497_6.634816853150564,permanent,train,coordinate_fallback,data/external/sen1floods11/permanent_sar/sentinel_1_11_rural_-0.39732819936729497_6.634816853150564.tif,data/external/sen1floods11/permanent_mask/water_1_11_rural_-0.39732819936729497_6.634816853150564.tif,True,True,True,True,False,514,513,2,514,513,1,-1.0,1.0,-1.0|0.0|1.0,1.0,
1_135_rural_147.7620699190341_-2.3436678408827256,permanent,train,coordinate_fallback,data/external/sen1floods11/permanent_sar/sentinel_1_135_rural_147.7620699190341_-2.3436678408827256.tif,data/external/sen1floods11/permanent_mask/water_1_135_rural_147.7620699190341_-2.3436678408827256.tif,True,True,True,True,False,511,513,2,511,513,1,-1.0,1.0,-1.0|0.0|1.0,1.0,
1_13_inhabited_55.490685540066075_-4.66821951554933,permanent,train,coordinate_fallback,data/external/sen1floods11/permanent_sar/sentinel_1_13_inhabited_55.490685540066075_-4.66821951554933.tif,data/external/sen1floods11/permanent_mask/water_1_13_inhabited_55.490685540066075_-4.66821951554933.tif,True,True,True,True,False,512,514,2,512,514,1,-1.0,1.0,-1.0|0.0|1.0,1.0,
1_146_inhabited_166.45031404346162_-21.697923298652896,permanent,train,coordinate_fallback,data/external/sen1floods11/permanent_sar/sentinel_1_146_inhabited_166.45031404346162_-21.697923298652896.tif,data/external/sen1floods11/permanent_mask/water_1_146_inhabited_166.45031404346162_-21.697923298652896.tif,True,True,True,True,False,550,514,2,550,514,1,-1.0,1.0,-1.0|0.0|1.0,1.0,
1_150_inhabited_146.61389598878233_-18.73615716524677,permanent,train,coordinate_fallback,data/external/sen1floods11/permanent_sar/sentinel_1_150_inhabited_146.61389598878233_-18.73615716524677.tif,data/external/sen1floods11/permanent_mask/water_1_150_inhabited_146.61389598878233_-18.73615716524677.tif,True,True,True,True,False,539,514,2,539,514,1,-1.0,1.0,-1.0|0.0|1.0,1.0,
1_152_rural_156.5748410406182_-8.001183516149558,permanent,train,coordinate_fallback,data/external/sen1floods11/permanent_sar/sentinel_1_152_rural_156.5748410406182_-8.001183516149558.tif,data/external/sen1floods11/permanent_mask/water_1_152_rural_156.5748410406182_-8.001183516149558.tif,True,True,True,True,False,515,514,2,515,514,1,-1.0,1.0,-1.0|0.0|1.0,1.0,
1_159_rural_167.69762716743466_-16.50116207613757,permanent,train,coordinate_fallback,data/external/sen1floods11/permanent_sar/sentinel_1_159_rural_167.69762716743466_-16.50116207613757.tif,data/external/sen1floods11/permanent_mask/water_1_159_rural_167.69762716743466_-16.50116207613757.tif,True,True,True,True,False,532,514,2,532,514,1,-1.0,1.0,-1.0|0.0|1.0,1.0,
1_159_rural_168.55481799934276_-16.929195645358895,permanent,train,coordinate_fallback,data/external/sen1floods11/permanent_sar/sentinel_1_159_rural_168.55481799934276_-16.929195645358895.tif,data/external/sen1floods11/permanent_mask/water_1_159_rural_168.55481799934276_-16.929195645358895.tif,True,True,True,True,False,534,514,2,534,514,1,-1.0,1.0,-1.0|0.0|1.0,1.0,
1_159_rural_169.45186427646658_-19.517775152501088,permanent,train,coordinate_fallback,data/external/sen1floods11/permanent_sar/sentinel_1_159_rural_169.45186427646658_-19.517775152501088.tif,data/external/sen1floods11/permanent_mask/water_1_159_rural_169.45186427646658_-19.517775152501088.tif,True,True,True,True,False,542,514,2,542,514,1,-1.0,1.0,-1.0|0.0|1.0,1.0,
1_16_inhabited_29.955447157061897_-31.329064318373796,permanent,train,coordinate_fallback,data/external/sen1floods11/permanent_sar/sentinel_1_16_inhabited_29.955447157061897_-31.329064318373796.tif,data/external/sen1floods11/permanent_mask/water_1_16_inhabited_29.955447157061897_-31.329064318373796.tif,True,True,True,True,True,598,513,2,598,513,1,-1.0,1.0,-1.0|0.0|1.0,1.0,
1_18_inhabited_48.179284824975106_-13.731239847353846,permanent,train,coordinate_fallback,data/external/sen1floods11/permanent_sar/sentinel_1_18_inhabited_48.179284824975106_-13.731239847353846.tif,data/external/sen1floods11/permanent_mask/water_1_18_inhabited_48.179284824975106_-13.731239847353846.tif,True,True,True,True,False,526,513,2,526,513,1,-1.0,1.0,-1.0|0.0|1.0,1.0,
1_18_rural_48.315363211823126_-13.313404242241756,permanent,train,coordinate_fallback,data/external/sen1floods11/permanent_sar/sentinel_1_18_rural_48.315363211823126_-13.313404242241756.tif,data/external/sen1floods11/permanent_mask/water_1_18_rural_48.315363211823126_-13.313404242241756.tif,True,True,True,True,False,525,514,2,525,514,1,-1.0,1.0,-1.0|0.0|1.0,1.0,
1_19_inhabited_32.7021151738519_-27.399008850312946,permanent,train,coordinate_fallback,data/external/sen1floods11/permanent_sar/sentinel_1_19_inhabited_32.7021151738519_-27.399008850312946.tif,data/external/sen1floods11/permanent_mask/water_1_19_inhabited_32.7021151738519_-27.399008850312946.tif,True,True,True,True,False,575,514,2,575,514,1,-1.0,1.0,-1.0|0.0|1.0,1.0,
1_19_rural_32.6478256185262_-26.116384105097673,permanent,train,coordinate_fallback,data/external/sen1floods11/permanent_sar/sentinel_1_19_rural_32.6478256185262_-26.116384105097673.tif,data/external/sen1floods11/permanent_mask/water_1_19_rural_32.6478256185262_-26.116384105097673.tif,True,True,True,True,True,569,514,2,569,514,1,-1.0,1.0,-1.0|0.0|1.0,1.0,
1_19_rural_32.724477565634935_-26.185897031419834,permanent,train,coordinate_fallback,data/external/sen1floods11/permanent_sar/sentinel_1_19_rural_32.724477565634935_-26.185897031419834.tif,data/external/sen1floods11/permanent_mask/water_1_19_rural_32.724477565634935_-26.185897031419834.tif,True,True,True,True,False,569,514,2,569,514,1,-1.0,1.0,-1.0|0.0|1.0,1.0,
1_1_inhabited_28.94160364604518_-1.9547405879001232,permanent,train,coordinate_fallback,data/external/sen1floods11/permanent_sar/sentinel_1_1_inhabited_28.94160364604518_-1.9547405879001232.tif,data/external/sen1floods11/permanent_mask/water_1_1_inhabited_28.94160364604518_-1.9547405879001232.tif,True,True,True,True,False,511,514,2,511,514,1,-1.0,1.0,-1.0|0.0|1.0,1.0,
1_20_low_density_55.44881904027526_-20.896908221816087,permanent,train,coordinate_fallback,data/external/sen1floods11/permanent_sar/sentinel_1_20_low_density_55.44881904027526_-20.896908221816087.tif,data/external/sen1floods11/permanent_mask/water_1_20_low_density_55.44881904027526_-20.896908221816087.tif,True,True,True,True,False,546,514,2,546,514,1,-1.0,1.0,-1.0|0.0|1.0,1.0,
1_20_low_density_55.74542060594627_-20.958131679279905,permanent,train,coordinate_fallback,data/external/sen1floods11/permanent_sar/sentinel_1_20_low_density_55.74542060594627_-20.958131679279905.tif,data/external/sen1floods11/permanent_mask/water_1_20_low_density_55.74542060594627_-20.958131679279905.tif,True,True,True,True,False,547,514,2,547,514,1,-1.0,1.0,-1.0|1.0,1.0,
1_20_rural_55.747614483664584_-21.027287877517793,permanent,train,coordinate_fallback,data/external/sen1floods11/permanent_sar/sentinel_1_20_rural_55.747614483664584_-21.027287877517793.tif,data/external/sen1floods11/permanent_mask/water_1_20_rural_55.747614483664584_-21.027287877517793.tif,True,True,True,True,True,546,514,2,546,514,1,-1.0,1.0,-1.0|0.0|1.0,1.0,
1_20_rural_57.73027350326031_-20.048720314934883,permanent,train,coordinate_fallback,data/external/sen1floods11/permanent_sar/sentinel_1_20_rural_57.73027350326031_-20.048720314934883.tif,data/external/sen1floods11/permanent_mask/water_1_20_rural_57.73027350326031_-20.048720314934883.tif,True,True,True,True,True,544,514,2,544,514,1,-1.0,1.0,-1.0|0.0|1.0,1.0,
1_219_inhabited_109.86543645049679_1.760894546904724,permanent,train,coordinate_fallback,data/external/sen1floods11/permanent_sar/sentinel_1_219_inhabited_109.86543645049679_1.760894546904724.tif,data/external/sen1floods11/permanent_mask/water_1_219_inhabited_109.86543645049679_1.760894546904724.tif,True,True,True,True,False,511,514,2,511,514,1,-1.0,1.0,-1.0|0.0|1.0,1.0,
1_221_inhabited_110.76304457435333_1.5527793825382978,permanent,train,coordinate_fallback,data/external/sen1floods11/permanent_sar/sentinel_1_221_inhabited_110.76304457435333_1.5527793825382978.tif,data/external/sen1floods11/permanent_mask/water_1_221_inhabited_110.76304457435333_1.5527793825382978.tif,True,True,True,True,False,510,513,2,510,513,1,-1.0,1.0,-1.0|0.0|1.0,1.0,
1_221_rural_114.04433651194624_4.569700136874496,permanent,train,coordinate_fallback,data/external/sen1floods11/permanent_sar/sentinel_1_221_rural_114.04433651194624_4.569700136874496.tif,data/external/sen1floods11/permanent_mask/water_1_221_rural_114.04433651194624_4.569700136874496.tif,True,True,True,True,False,512,514,2,512,514,1,-1.0,1.0,-1.0|0.0|1.0,1.0,
1_221_rural_115.01174294459237_4.920225611584824,permanent,train,coordinate_fallback,data/external/sen1floods11/permanent_sar/sentinel_1_221_rural_115.01174294459237_4.920225611584824.tif,data/external/sen1floods11/permanent_mask/water_1_221_rural_115.01174294459237_4.920225611584824.tif,True,True,True,True,False,512,514,2,512,514,1,-1.0,1.0,-1.0|0.0|1.0,1.0,
1_223_rural_104.00843397140194_10.042270136848606,permanent,train,coordinate_fallback,data/external/sen1floods11/permanent_sar/sentinel_1_223_rural_104.00843397140194_10.042270136848606.tif,data/external/sen1floods11/permanent_mask/water_1_223_rural_104.00843397140194_10.042270136848606.tif,True,True,True,True,False,518,514,2,518,514,1,-1.0,1.0,-1.0|0.0|1.0,1.0,
1_230_rural_112.69785743964559_-8.44286639369548,permanent,train,coordinate_fallback,data/external/sen1floods11/permanent_sar/sentinel_1_230_rural_112.69785743964559_-8.44286639369548.tif,data/external/sen1floods11/permanent_mask/water_1_230_rural_112.69785743964559_-8.44286639369548.tif,True,True,True,True,False,516,513,2,516,513,1,-1.0,1.0,-1.0|0.0|1.0,1.0,
1_230_rural_112.9709149517544_-7.191838838544918,permanent,train,coordinate_fallback,data/external/sen1floods11/permanent_sar/sentinel_1_230_rural_112.9709149517544_-7.191838838544918.tif,data/external/sen1floods11/permanent_mask/water_1_230_rural_112.9709149517544_-7.191838838544918.tif,True,True,True,True,False,514,514,2,514,514,1,-1.0,1.0,-1.0|0.0|1.0,1.0,
1_231_low_density_123.30544348984797_9.286390080874783,permanent,train,coordinate_fallback,data/external/sen1floods11/permanent_sar/sentinel_1_231_low_density_123.30544348984797_9.286390080874783.tif,data/external/sen1floods11/permanent_mask/water_1_231_low_density_123.30544348984797_9.286390080874783.tif,True,True,True,True,False,517,514,2,517,514,1,-1.0,1.0,-1.0|0.0|1.0,1.0,
1_231_rural_123.68949694537915_12.486174110311742,permanent,train,coordinate_fallback,data/external/sen1floods11/permanent_sar/sentinel_1_231_rural_123.68949694537915_12.486174110311742.tif,data/external/sen1floods11/permanent_mask/water_1_231_rural_123.68949694537915_12.486174110311742.tif,True,True,True,True,False,523,513,2,523,513,1,-1.0,1.0,-1.0|0.0|1.0,1.0,
1_231_rural_123.74533826787146_11.145835220161716,permanent,train,coordinate_fallback,data/external/sen1floods11/permanent_sar/sentinel_1_231_rural_123.74533826787146_11.145835220161716.tif,data/external/sen1floods11/permanent_mask/water_1_231_rural_123.74533826787146_11.145835220161716.tif,True,True,True,True,False,520,514,2,520,514,1,-1.0,1.0,-1.0|0.0|1.0,1.0,
1_236_low_density_119.66547484081904_26.487853977456027,permanent,train,coordinate_fallback,data/external/sen1floods11/permanent_sar/sentinel_1_236_low_density_119.66547484081904_26.487853977456027.tif,data/external/sen1floods11/permanent_mask/water_1_236_low_density_119.66547484081904_26.487853977456027.tif,True,True,True,True,True,571,513,2,571,513,1,-1.0,1.0,-1.0|0.0|1.0,1.0,
1_236_rural_115.325413949096_29.29518806407817,permanent,train,coordinate_fallback,data/external/sen1floods11/permanent_sar/sentinel_1_236_rural_115.325413949096_29.29518806407817.tif,data/external/sen1floods11/permanent_mask/water_1_236_rural_115.325413949096_29.29518806407817.tif,True,True,True,True,True,586,513,2,586,513,1,-1.0,1.0,-1.0|0.0|1.0,1.0,
1_236_rural_119.65287342124199_25.933672439432723,permanent,train,coordinate_fallback,data/external/sen1floods11/permanent_sar/sentinel_1_236_rural_119.65287342124199_25.933672439432723.tif,data/external/sen1floods11/permanent_mask/water_1_236_rural_119.65287342124199_25.933672439432723.tif,True,True,True,True,False,568,514,2,568,514,1,-1.0,0.0,-1.0|0.0,1.0,
1_238_inhabited_92.29570431611354_20.79856274808234,permanent,train,coordinate_fallback,data/external/sen1floods11/permanent_sar/sentinel_1_238_inhabited_92.29570431611354_20.79856274808234.tif,data/external/sen1floods11/permanent_mask/water_1_238_inhabited_92.29570431611354_20.79856274808234.tif,True,True,True,True,False,547,513,2,547,513,1,-1.0,1.0,-1.0|0.0|1.0,1.0,
1_239_inhabited_102.56681997812606_18.6035613363215,permanent,train,coordinate_fallback,data/external/sen1floods11/permanent_sar/sentinel_1_239_inhabited_102.56681997812606_18.6035613363215.tif,data/external/sen1floods11/permanent_mask/water_1_239_inhabited_102.56681997812606_18.6035613363215.tif,True,True,True,True,False,538,514,2,538,514,1,-1.0,1.0,-1.0|0.0|1.0,1.0,
1_23_high_density_3.5269393555261783_6.5523680746723505,permanent,train,coordinate_fallback,data/external/sen1floods11/permanent_sar/sentinel_1_23_high_density_3.5269393555261783_6.5523680746723505.tif,data/external/sen1floods11/permanent_mask/water_1_23_high_density_3.5269393555261783_6.5523680746723505.tif,True,True,True,True,False,514,514,2,514,514,1,-1.0,1.0,-1.0|0.0|1.0,1.0,
1_23_rural_3.7354380025832_6.621573323021831,permanent,train,coordinate_fallback,data/external/sen1floods11/permanent_sar/sentinel_1_23_rural_3.7354380025832_6.621573323021831.tif,data/external/sen1floods11/permanent_mask/water_1_23_rural_3.7354380025832_6.621573323021831.tif,True,True,True,True,False,514,514,2,514,514,1,-1.0,1.0,-1.0|0.0|1.0,1.0,
1_241_low_density_121.14575369932936_13.653330433748039,permanent,train,coordinate_fallback,data/external/sen1floods11/permanent_sar/sentinel_1_241_low_density_121.14575369932936_13.653330433748039.tif,data/external/sen1floods11/permanent_mask/water_1_241_low_density_121.14575369932936_13.653330433748039.tif,True,True,True,True,False,525,514,2,525,514,1,-1.0,1.0,-1.0|0.0|1.0,1.0,
1_241_low_density_124.04454840765872_12.90166868737078,permanent,train,coordinate_fallback,data/external/sen1floods11/permanent_sar/sentinel_1_241_low_density_124.04454840765872_12.90166868737078.tif,data/external/sen1floods11/permanent_mask/water_1_241_low_density_124.04454840765872_12.90166868737078.tif,True,True,True,True,False,524,514,2,524,514,1,-1.0,1.0,-1.0|0.0|1.0,1.0,
1_241_rural_122.25783566565457_16.531457208694686,permanent,train,coordinate_fallback,data/external/sen1floods11/permanent_sar/sentinel_1_241_rural_122.25783566565457_16.531457208694686.tif,data/external/sen1floods11/permanent_mask/water_1_241_rural_122.25783566565457_16.531457208694686.tif,True,True,True,True,True,533,514,2,533,514,1,-1.0,1.0,-1.0|0.0|1.0|nan,1.0,
1_241_rural_122.27914570958897_18.209091420729465,permanent,train,coordinate_fallback,data/external/sen1floods11/permanent_sar/sentinel_1_241_rural_122.27914570958897_18.209091420729465.tif,data/external/sen1floods11/permanent_mask/water_1_241_rural_122.27914570958897_18.209091420729465.tif,True,True,True,True,False,537,514,2,537,514,1,-1.0,1.0,-1.0|0.0|1.0,1.0,
1_242_low_density_74.61670191041563_13.859135783768783,permanent,train,coordinate_fallback,data/external/sen1floods11/permanent_sar/sentinel_1_242_low_density_74.61670191041563_13.859135783768783.tif,data/external/sen1floods11/permanent_mask/water_1_242_low_density_74.61670191041563_13.859135783768783.tif,True,True,True,True,False,526,514,2,526,514,1,-1.0,1.0,-1.0|0.0|1.0,1.0,
1_242_low_density_74.688319532435_13.442575481557977,permanent,train,coordinate_fallback,data/external/sen1floods11/permanent_sar/sentinel_1_242_low_density_74.688319532435_13.442575481557977.tif,data/external/sen1floods11/permanent_mask/water_1_242_low_density_74.688319532435_13.442575481557977.tif,True,True,True,True,False,524,514,2,524,514,1,-1.0,1.0,-1.0|0.0|1.0,1.0,
1_243_inhabited_120.3299968344099_13.806273140780181,permanent,train,coordinate_fallback,data/external/sen1floods11/permanent_sar/sentinel_1_243_inhabited_120.3299968344099_13.806273140780181.tif,data/external/sen1floods11/permanent_mask/water_1_243_inhabited_120.3299968344099_13.806273140780181.tif,True,True,True,True,False,526,514,2,526,514,1,-1.0,1.0,-1.0|0.0|1.0,1.0,
1_243_rural_120.04523418203576_13.872370395695413,permanent,train,coordinate_fallback,data/external/sen1floods11/permanent_sar/sentinel_1_243_rural_120.04523418203576_13.872370395695413.tif,data/external/sen1floods11/permanent_mask/water_1_243_rural_120.04523418203576_13.872370395695413.tif,True,True,True,True,False,526,513,2,526,513,1,-1.0,1.0,-1.0|0.0|1.0,1.0,
1_245_inhabited_98.7689545607946_-1.4834626566624816,permanent,train,coordinate_fallback,data/external/sen1floods11/permanent_sar/sentinel_1_245_inhabited_98.7689545607946_-1.4834626566624816.tif,data/external/sen1floods11/permanent_mask/water_1_245_inhabited_98.7689545607946_-1.4834626566624816.tif,True,True,True,True,False,511,514,2,511,514,1,-1.0,1.0,-1.0|0.0|1.0,1.0,
1_247_high_density_125.01146433918898_11.209435378487015,permanent,train,coordinate_fallback,data/external/sen1floods11/permanent_sar/sentinel_1_247_high_density_125.01146433918898_11.209435378487015.tif,data/external/sen1floods11/permanent_mask/water_1_247_high_density_125.01146433918898_11.209435378487015.tif,True,True,True,True,False,521,514,2,521,514,1,-1.0,1.0,-1.0|0.0|1.0,1.0,
1_247_high_density_125.68405730568655_7.069039654634072,permanent,train,coordinate_fallback,data/external/sen1floods11/permanent_sar/sentinel_1_247_high_density_125.68405730568655_7.069039654634072.tif,data/external/sen1floods11/permanent_mask/water_1_247_high_density_125.68405730568655_7.069039654634072.tif,True,True,True,True,False,514,514,2,514,514,1,-1.0,1.0,-1.0|0.0|1.0,1.0,
1_247_low_density_124.311470196718_11.907717226153474,permanent,train,coordinate_fallback,data/external/sen1floods11/permanent_sar/sentinel_1_247_low_density_124.311470196718_11.907717226153474.tif,data/external/sen1floods11/permanent_mask/water_1_247_low_density_124.311470196718_11.907717226153474.tif,True,True,True,True,False,521,514,2,521,514,1,-1.0,1.0,-1.0|0.0|1.0,1.0,
1_247_low_density_124.51745391078086_10.865183858958884,permanent,train,coordinate_fallback,data/external/sen1floods11/permanent_sar/sentinel_1_247_low_density_124.51745391078086_10.865183858958884.tif,data/external/sen1floods11/permanent_mask/water_1_247_low_density_124.51745391078086_10.865183858958884.tif,True,True,True,True,False,520,514,2,520,514,1,-1.0,1.0,-1.0|0.0|1.0,1.0,
1_247_low_density_125.2107415652675_9.040399312160387,permanent,train,coordinate_fallback,data/external/sen1floods11/permanent_sar/sentinel_1_247_low_density_125.2107415652675_9.040399312160387.tif,data/external/sen1floods11/permanent_mask/water_1_247_low_density_125.2107415652675_9.040399312160387.tif,True,True,True,True,False,516,514,2,516,514,1,-1.0,1.0,-1.0|0.0|1.0,1.0,
1_247_rural_125.71947594535406_10.793677714465828,permanent,train,coordinate_fallback,data/external/sen1floods11/permanent_sar/sentinel_1_247_rural_125.71947594535406_10.793677714465828.tif,data/external/sen1floods11/permanent_mask/water_1_247_rural_125.71947594535406_10.793677714465828.tif,True,True,True,True,False,520,514,2,520,514,1,-1.0,1.0,-1.0|0.0|1.0,1.0,
1_247_rural_125.78738359529702_11.002461743990267,permanent,train,coordinate_fallback,data/external/sen1floods11/permanent_sar/sentinel_1_247_rural_125.78738359529702_11.002461743990267.tif,data/external/sen1floods11/permanent_mask/water_1_247_rural_125.78738359529702_11.002461743990267.tif,True,True,True,True,False,520,514,2,520,514,1,-1.0,1.0,-1.0|0.0|1.0,1.0,
1_247_rural_126.18743630540793_9.049201577639892,permanent,train,coordinate_fallback,data/external/sen1floods11/permanent_sar/sentinel_1_247_rural_126.18743630540793_9.049201577639892.tif,data/external/sen1floods11/permanent_mask/water_1_247_rural_126.18743630540793_9.049201577639892.tif,True,True,True,True,False,517,514,2,517,514,1,-1.0,1.0,-1.0|0.0|1.0,1.0,
1_250_inhabited_97.61584886477769_16.13298302035665,permanent,train,coordinate_fallback,data/external/sen1floods11/permanent_sar/sentinel_1_250_inhabited_97.61584886477769_16.13298302035665.tif,data/external/sen1floods11/permanent_mask/water_1_250_inhabited_97.61584886477769_16.13298302035665.tif,True,True,True,True,False,532,513,2,532,513,1,-1.0,1.0,-1.0|0.0|1.0,1.0,
1_250_rural_97.68902271306477_15.925202288569235,permanent,train,coordinate_fallback,data/external/sen1floods11/permanent_sar/sentinel_1_250_rural_97.68902271306477_15.925202288569235.tif,data/external/sen1floods11/permanent_mask/water_1_250_rural_97.68902271306477_15.925202288569235.tif,True,True,True,True,False,531,513,2,531,513,1,-1.0,1.0,-1.0|0.0|1.0,1.0,
1_251_high_density_127.87275354855782_26.337002588817956,permanent,train,coordinate_fallback,data/external/sen1floods11/permanent_sar/sentinel_1_251_high_density_127.87275354855782_26.337002588817956.tif,data/external/sen1floods11/permanent_mask/water_1_251_high_density_127.87275354855782_26.337002588817956.tif,True,True,True,True,False,569,514,2,569,514,1,-1.0,1.0,-1.0|0.0|1.0,1.0,
1_251_inhabited_128.63902776908722_27.381083264078093,permanent,train,coordinate_fallback,data/external/sen1floods11/permanent_sar/sentinel_1_251_inhabited_128.63902776908722_27.381083264078093.tif,data/external/sen1floods11/permanent_mask/water_1_251_inhabited_128.63902776908722_27.381083264078093.tif,True,True,True,True,False,575,514,2,575,514,1,-1.0,1.0,-1.0|0.0|1.0,1.0,
1_251_rural_128.2552819915287_26.68620816961646,permanent,train,coordinate_fallback,data/external/sen1floods11/permanent_sar/sentinel_1_251_rural_128.2552819915287_26.68620816961646.tif,data/external/sen1floods11/permanent_mask/water_1_251_rural_128.2552819915287_26.68620816961646.tif,True,True,True,True,True,571,513,2,571,513,1,-1.0,1.0,-1.0|0.0|1.0,1.0,
1_256_inhabited_97.05513028461004_19.92052561874937,permanent,train,coordinate_fallback,data/external/sen1floods11/permanent_sar/sentinel_1_256_inhabited_97.05513028461004_19.92052561874937.tif,data/external/sen1floods11/permanent_mask/water_1_256_inhabited_97.05513028461004_19.92052561874937.tif,True,True,True,True,False,543,514,2,543,514,1,-1.0,1.0,-1.0|0.0|1.0,1.0,
1_25_inhabited_39.63811754855641_-4.1517307587308,permanent,train,coordinate_fallback,data/external/sen1floods11/permanent_sar/sentinel_1_25_inhabited_39.63811754855641_-4.1517307587308.tif,data/external/sen1floods11/permanent_mask/water_1_25_inhabited_39.63811754855641_-4.1517307587308.tif,True,True,True,True,False,512,514,2,512,514,1,-1.0,1.0,-1.0|0.0|1.0,1.0,
1_25_inhabited_39.91422062668473_-3.5262169811555206,permanent,train,coordinate_fallback,data/external/sen1floods11/permanent_sar/sentinel_1_25_inhabited_39.91422062668473_-3.5262169811555206.tif,data/external/sen1floods11/permanent_mask/water_1_25_inhabited_39.91422062668473_-3.5262169811555206.tif,True,True,True,True,False,511,514,2,511,514,1,-1.0,1.0,-1.0|0.0|1.0,1.0,
1_25_inhabited_40.90613427872061_-2.2963077285940767,permanent,train,coordinate_fallback,data/external/sen1floods11/permanent_sar/sentinel_1_25_inhabited_40.90613427872061_-2.2963077285940767.tif,data/external/sen1floods11/permanent_mask/water_1_25_inhabited_40.90613427872061_-2.2963077285940767.tif,True,True,True,True,False,511,514,2,511,514,1,-1.0,1.0,-1.0|0.0|1.0,1.0,
1_260_low_density_107.21168272235745_16.858362825124907,permanent,train,coordinate_fallback,data/external/sen1floods11/permanent_sar/sentinel_1_260_low_density_107.21168272235745_16.858362825124907.tif,data/external/sen1floods11/permanent_mask/water_1_260_low_density_107.21168272235745_16.858362825124907.tif,True,True,True,True,False,533,513,2,533,513,1,-1.0,1.0,-1.0|0.0|1.0,1.0,
1_260_rural_108.05697667265494_16.269765945171102,permanent,train,coordinate_fallback,data/external/sen1floods11/permanent_sar/sentinel_1_260_rural_108.05697667265494_16.269765945171102.tif,data/external/sen1floods11/permanent_mask/water_1_260_rural_108.05697667265494_16.269765945171102.tif,True,True,True,True,False,532,514,2,532,514,1,-1.0,1.0,-1.0|0.0|1.0,1.0,
1_261_inhabited_84.80127088008179_19.15115678208887,permanent,train,coordinate_fallback,data/external/sen1floods11/permanent_sar/sentinel_1_261_inhabited_84.80127088008179_19.15115678208887.tif,data/external/sen1floods11/permanent_mask/water_1_261_inhabited_84.80127088008179_19.15115678208887.tif,True,True,True,True,False,540,514,2,540,514,1,-1.0,1.0,-1.0|0.0|1.0,1.0,
1_262_rural_119.24511984361175_10.090098454747867,permanent,train,coordinate_fallback,data/external/sen1floods11/permanent_sar/sentinel_1_262_rural_119.24511984361175_10.090098454747867.tif,data/external/sen1floods11/permanent_mask/water_1_262_rural_119.24511984361175_10.090098454747867.tif,True,True,True,True,False,518,513,2,518,513,1,-1.0,1.0,-1.0|0.0|1.0,1.0,
1_262_rural_120.2424646807307_11.952963724542792,permanent,train,coordinate_fallback,data/external/sen1floods11/permanent_sar/sentinel_1_262_rural_120.2424646807307_11.952963724542792.tif,data/external/sen1floods11/permanent_mask/water_1_262_rural_120.2424646807307_11.952963724542792.tif,True,True,True,True,True,522,514,2,522,514,1,-1.0,1.0,-1.0|0.0|1.0|nan,1.0,
1_265_high_density_100.25397344372473_5.300448699311101,permanent,train,coordinate_fallback,data/external/sen1floods11/permanent_sar/sentinel_1_265_high_density_100.25397344372473_5.300448699311101.tif,data/external/sen1floods11/permanent_mask/water_1_265_high_density_100.25397344372473_5.300448699311101.tif,True,True,True,True,False,513,514,2,513,514,1,-1.0,1.0,-1.0|0.0|1.0,1.0,
1_265_high_density_103.93812286599122_1.3072434421313541,permanent,train,coordinate_fallback,data/external/sen1floods11/permanent_sar/sentinel_1_265_high_density_103.93812286599122_1.3072434421313541.tif,data/external/sen1floods11/permanent_mask/water_1_265_high_density_103.93812286599122_1.3072434421313541.tif,True,True,True,True,False,511,514,2,511,514,1,-1.0,1.0,-1.0|0.0|1.0,1.0,
1_265_low_density_102.90251448273263_1.7926433464052591,permanent,train,coordinate_fallback,data/external/sen1floods11/permanent_sar/sentinel_1_265_low_density_102.90251448273263_1.7926433464052591.tif,data/external/sen1floods11/permanent_mask/water_1_265_low_density_102.90251448273263_1.7926433464052591.tif,True,True,True,True,False,510,514,2,510,514,1,-1.0,1.0,-1.0|0.0|1.0,1.0,
1_265_low_density_103.38584536411771_1.5153140154872453,permanent,train,coordinate_fallback,data/external/sen1floods11/permanent_sar/sentinel_1_265_low_density_103.38584536411771_1.5153140154872453.tif,data/external/sen1floods11/permanent_mask/water_1_265_low_density_103.38584536411771_1.5153140154872453.tif,True,True,True,True,False,511,513,2,511,513,1,-1.0,1.0,-1.0|0.0|1.0,1.0,
1_265_rural_103.59298398535344_1.376537872501903,permanent,train,coordinate_fallback,data/external/sen1floods11/permanent_sar/sentinel_1_265_rural_103.59298398535344_1.376537872501903.tif,data/external/sen1floods11/permanent_mask/water_1_265_rural_103.59298398535344_1.376537872501903.tif,True,True,True,True,False,511,513,2,511,513,1,-1.0,1.0,-1.0|0.0|1.0,1.0,
1_268_high_density_110.43599180758834_21.26983622021893,permanent,train,coordinate_fallback,data/external/sen1floods11/permanent_sar/sentinel_1_268_high_density_110.43599180758834_21.26983622021893.tif,data/external/sen1floods11/permanent_mask/water_1_268_high_density_110.43599180758834_21.26983622021893.tif,True,True,True,True,False,548,514,2,548,514,1,-1.0,1.0,-1.0|0.0|1.0,1.0,
1_268_high_density_117.06812428190473_23.61765102508136,permanent,train,coordinate_fallback,data/external/sen1floods11/permanent_sar/sentinel_1_268_high_density_117.06812428190473_23.61765102508136.tif,data/external/sen1floods11/permanent_mask/water_1_268_high_density_117.06812428190473_23.61765102508136.tif,True,True,True,True,False,557,513,2,557,513,1,-1.0,1.0,-1.0|0.0|1.0,1.0,
1_268_low_density_110.0160648840822_18.381235016897747,permanent,train,coordinate_fallback,data/external/sen1floods11/permanent_sar/sentinel_1_268_low_density_110.0160648840822_18.381235016897747.tif,data/external/sen1floods11/permanent_mask/water_1_268_low_density_110.0160648840822_18.381235016897747.tif,True,True,True,True,False,538,514,2,538,514,1,-1.0,1.0,-1.0|0.0|1.0,1.0,
1_268_low_density_110.36285363210972_21.061408918778763,permanent,train,coordinate_fallback,data/external/sen1floods11/permanent_sar/sentinel_1_268_low_density_110.36285363210972_21.061408918778763.tif,data/external/sen1floods11/permanent_mask/water_1_268_low_density_110.36285363210972_21.061408918778763.tif,True,True,True,True,True,547,513,2,547,513,1,-1.0,1.0,-1.0|0.0|1.0,1.0,
1_268_rural_114.44477716384883_22.570631802227,permanent,train,coordinate_fallback,data/external/sen1floods11/permanent_sar/sentinel_1_268_rural_114.44477716384883_22.570631802227.tif,data/external/sen1floods11/permanent_mask/water_1_268_rural_114.44477716384883_22.570631802227.tif,True,True,True,True,False,553,514,2,553,514,1,-1.0,1.0,-1.0|0.0|1.0,1.0,
1_269_inhabited_120.69347153857939_22.08313612045798,permanent,train,coordinate_fallback,data/external/sen1floods11/permanent_sar/sentinel_1_269_inhabited_120.69347153857939_22.08313612045798.tif,data/external/sen1floods11/permanent_mask/water_1_269_inhabited_120.69347153857939_22.08313612045798.tif,True,True,True,True,True,550,514,2,550,514,1,-1.0,1.0,-1.0|0.0|1.0|nan,1.0,
1_278_low_density_99.16129748518414_3.5295345523392836,permanent,train,coordinate_fallback,data/external/sen1floods11/permanent_sar/sentinel_1_278_low_density_99.16129748518414_3.5295345523392836.tif,data/external/sen1floods11/permanent_mask/water_1_278_low_density_99.16129748518414_3.5295345523392836.tif,True,True,True,True,False,512,514,2,512,514,1,-1.0,1.0,-1.0|0.0|1.0,1.0,
1_278_rural_101.87822775704873_-3.423621984117837,permanent,train,coordinate_fallback,data/external/sen1floods11/permanent_sar/sentinel_1_278_rural_101.87822775704873_-3.423621984117837.tif,data/external/sen1floods11/permanent_mask/water_1_278_rural_101.87822775704873_-3.423621984117837.tif,True,True,True,True,False,511,513,2,511,513,1,-1.0,1.0,-1.0|0.0|1.0,1.0,
1_278_rural_99.11581465443899_0.49112539002652905,permanent,train,coordinate_fallback,data/external/sen1floods11/permanent_sar/sentinel_1_278_rural_99.11581465443899_0.49112539002652905.tif,data/external/sen1floods11/permanent_mask/water_1_278_rural_99.11581465443899_0.49112539002652905.tif,True,True,True,True,False,511,514,2,511,514,1,-1.0,1.0,-1.0|0.0|1.0,1.0,
1_279_inhabited_98.95389577698626_2.417840527805745,permanent,train,coordinate_fallback,data/external/sen1floods11/permanent_sar/sentinel_1_279_inhabited_98.95389577698626_2.417840527805745.tif,data/external/sen1floods11/permanent_mask/water_1_279_inhabited_98.95389577698626_2.417840527805745.tif,True,True,True,True,False,511,514,2,511,514,1,-1.0,1.0,-1.0|0.0|1.0,1.0,
1_280_rural_102.2131062461625_1.4447130685080367,permanent,train,coordinate_fallback,data/external/sen1floods11/permanent_sar/sentinel_1_280_rural_102.2131062461625_1.4447130685080367.tif,data/external/sen1floods11/permanent_mask/water_1_280_rural_102.2131062461625_1.4447130685080367.tif,True,True,True,True,False,511,513,2,511,513,1,-1.0,1.0,-1.0|0.0|1.0,1.0,
1_283_high_density_120.23353310132067_22.769240163147483,permanent,train,coordinate_fallback,data/external/sen1floods11/permanent_sar/sentinel_1_283_high_density_120.23353310132067_22.769240163147483.tif,data/external/sen1floods11/permanent_mask/water_1_283_high_density_120.23353310132067_22.769240163147483.tif,True,True,True,True,False,554,514,2,554,514,1,-1.0,1.0,-1.0|0.0|1.0,1.0,
1_284_inhabited_99.9091467001607_6.3430623303246545,permanent,train,coordinate_fallback,data/external/sen1floods11/permanent_sar/sentinel_1_284_inhabited_99.9091467001607_6.3430623303246545.tif,data/external/sen1floods11/permanent_mask/water_1_284_inhabited_99.9091467001607_6.3430623303246545.tif,True,True,True,True,False,514,514,2,514,514,1,-1.0,1.0,-1.0|0.0|1.0,1.0,
1_284_rural_98.33081666858617_7.7921809906734945,permanent,train,coordinate_fallback,data/external/sen1floods11/permanent_sar/sentinel_1_284_rural_98.33081666858617_7.7921809906734945.tif,data/external/sen1floods11/permanent_mask/water_1_284_rural_98.33081666858617_7.7921809906734945.tif,True,True,True,True,False,516,514,2,516,514,1,-1.0,1.0,-1.0|0.0|1.0,1.0,
1_284_rural_99.82717504549521_10.066438464558283,permanent,train,coordinate_fallback,data/external/sen1floods11/permanent_sar/sentinel_1_284_rural_99.82717504549521_10.066438464558283.tif,data/external/sen1floods11/permanent_mask/water_1_284_rural_99.82717504549521_10.066438464558283.tif,True,True,True,True,False,519,514,2,519,514,1,-1.0,1.0,-1.0|0.0|1.0,1.0,
1_285_inhabited_104.26082800922909_12.639758927895578,permanent,train,coordinate_fallback,data/external/sen1floods11/permanent_sar/sentinel_1_285_inhabited_104.26082800922909_12.639758927895578.tif,data/external/sen1floods11/permanent_mask/water_1_285_inhabited_104.26082800922909_12.639758927895578.tif,True,True,True,True,False,523,514,2,523,514,1,1.0,1.0,1.0,1.0,
1_289_high_density_107.20404428225288_-7.4654626564875155,permanent,train,coordinate_fallback,data/external/sen1floods11/permanent_sar/sentinel_1_289_high_density_107.20404428225288_-7.4654626564875155.tif,data/external/sen1floods11/permanent_mask/water_1_289_high_density_107.20404428225288_-7.4654626564875155.tif,True,True,True,True,False,515,514,2,515,514,1,-1.0,1.0,-1.0|0.0|1.0,1.0,
1_289_low_density_108.5296324661181_-6.503139599042308,permanent,train,coordinate_fallback,data/external/sen1floods11/permanent_sar/sentinel_1_289_low_density_108.5296324661181_-6.503139599042308.tif,data/external/sen1floods11/permanent_mask/water_1_289_low_density_108.5296324661181_-6.503139599042308.tif,True,True,True,True,False,514,513,2,514,513,1,-1.0,1.0,-1.0|0.0|1.0,1.0,
1_289_rural_107.42266954780227_-6.080465869287227,permanent,train,coordinate_fallback,data/external/sen1floods11/permanent_sar/sentinel_1_289_rural_107.42266954780227_-6.080465869287227.tif,data/external/sen1floods11/permanent_mask/water_1_289_rural_107.42266954780227_-6.080465869287227.tif,True,True,True,True,False,514,514,2,514,514,1,-1.0,1.0,-1.0|0.0|1.0|nan,1.0,
1_28_low_density_39.89687472358683_-16.227038838876986,permanent,train,coordinate_fallback,data/external/sen1floods11/permanent_sar/sentinel_1_28_low_density_39.89687472358683_-16.227038838876986.tif,data/external/sen1floods11/permanent_mask/water_1_28_low_density_39.89687472358683_-16.227038838876986.tif,True,True,True,True,False,531,513,2,531,513,1,-1.0,1.0,-1.0|0.0|1.0,1.0,
1_28_low_density_40.11127276133756_-16.017768767337714,permanent,train,coordinate_fallback,data/external/sen1floods11/permanent_sar/sentinel_1_28_low_density_40.11127276133756_-16.017768767337714.tif,data/external/sen1floods11/permanent_mask/water_1_28_low_density_40.11127276133756_-16.017768767337714.tif,True,True,True,True,False,531,514,2,531,514,1,-1.0,1.0,-1.0|0.0|1.0,1.0,
1_28_rural_39.96872867796205_-16.22672224270219,permanent,train,coordinate_fallback,data/external/sen1floods11/permanent_sar/sentinel_1_28_rural_39.96872867796205_-16.22672224270219.tif,data/external/sen1floods11/permanent_mask/water_1_28_rural_39.96872867796205_-16.22672224270219.tif,True,True,True,True,False,532,514,2,532,514,1,-1.0,1.0,-1.0|0.0|1.0,1.0,
1_28_rural_40.71116008515868_-14.334966457181993,permanent,train,coordinate_fallback,data/external/sen1floods11/permanent_sar/sentinel_1_28_rural_40.71116008515868_-14.334966457181993.tif,data/external/sen1floods11/permanent_mask/water_1_28_rural_40.71116008515868_-14.334966457181993.tif,True,True,True,True,False,526,514,2,526,514,1,-1.0,1.0,-1.0|0.0|1.0,1.0,
1_29_rural_16.160121109367925_-2.2012842851451455,permanent,train,coordinate_fallback,data/external/sen1floods11/permanent_sar/sentinel_1_29_rural_16.160121109367925_-2.2012842851451455.tif,data/external/sen1floods11/permanent_mask/water_1_29_rural_16.160121109367925_-2.2012842851451455.tif,True,True,True,True,False,511,513,2,511,513,1,-1.0,1.0,-1.0|0.0|1.0|nan,1.0,
1_30_high_density_-10.695385749944718_6.273678717933036,permanent,train,coordinate_fallback,data/external/sen1floods11/permanent_sar/sentinel_1_30_high_density_-10.695385749944718_6.273678717933036.tif,data/external/sen1floods11/permanent_mask/water_1_30_high_density_-10.695385749944718_6.273678717933036.tif,True,True,True,True,False,514,514,2,514,514,1,-1.0,1.0,-1.0|0.0|1.0,1.0,
1_30_low_density_-11.601359147377531_7.033402519014931,permanent,train,coordinate_fallback,data/external/sen1floods11/permanent_sar/sentinel_1_30_low_density_-11.601359147377531_7.033402519014931.tif,data/external/sen1floods11/permanent_mask/water_1_30_low_density_-11.601359147377531_7.033402519014931.tif,True,True,True,True,False,515,513,2,515,513,1,-1.0,1.0,-1.0|0.0|1.0,1.0,
1_30_rural_-10.834924399210198_6.481526336236255,permanent,train,coordinate_fallback,data/external/sen1floods11/permanent_sar/sentinel_1_30_rural_-10.834924399210198_6.481526336236255.tif,data/external/sen1floods11/permanent_mask/water_1_30_rural_-10.834924399210198_6.481526336236255.tif,True,True,True,True,False,513,514,2,513,514,1,-1.0,0.0,-1.0|0.0,1.0,
1_439_rural_-50.999849064422826_-20.211321434848788,permanent,train,coordinate_fallback,data/external/sen1floods11/permanent_sar/sentinel_1_439_rural_-50.999849064422826_-20.211321434848788.tif,data/external/sen1floods11/permanent_mask/water_1_439_rural_-50.999849064422826_-20.211321434848788.tif,True,True,True,True,False,544,514,2,544,514,1,-1.0,1.0,-1.0|0.0|1.0,1.0,
1_439_rural_-51.003371754255035_-22.813032994593375,permanent,train,coordinate_fallback,data/external/sen1floods11/permanent_sar/sentinel_1_439_rural_-51.003371754255035_-22.813032994593375.tif,data/external/sen1floods11/permanent_mask/water_1_439_rural_-51.003371754255035_-22.813032994593375.tif,True,True,True,True,False,553,513,2,553,513,1,-1.0,1.0,-1.0|0.0|1.0,1.0,
1_441_rural_-38.271563603313176_-12.851245172658409,permanent,train,coordinate_fallback,data/external/sen1floods11/permanent_sar/sentinel_1_441_rural_-38.271563603313176_-12.851245172658409.tif,data/external/sen1floods11/permanent_mask/water_1_441_rural_-38.271563603313176_-12.851245172658409.tif,True,True,True,True,False,523,514,2,523,514,1,-1.0,1.0,-1.0|0.0|1.0,1.0,
1_442_inhabited_-39.80305969652337_-19.550964241641886,permanent,train,coordinate_fallback,data/external/sen1floods11/permanent_sar/sentinel_1_442_inhabited_-39.80305969652337_-19.550964241641886.tif,data/external/sen1floods11/permanent_mask/water_1_442_inhabited_-39.80305969652337_-19.550964241641886.tif,True,True,True,True,False,542,514,2,542,514,1,-1.0,1.0,-1.0|0.0|1.0,1.0,
1_442_low_density_-39.11212198829194_-16.621027171555255,permanent,train,coordinate_fallback,data/external/sen1floods11/permanent_sar/sentinel_1_442_low_density_-39.11212198829194_-16.621027171555255.tif,data/external/sen1floods11/permanent_mask/water_1_442_low_density_-39.11212198829194_-16.621027171555255.tif,True,True,True,True,False,533,514,2,533,514,1,-1.0,1.0,-1.0|0.0|1.0|nan,1.0,
1_450_inhabited_-83.19271260246592_15.007639687498516,permanent,train,coordinate_fallback,data/external/sen1floods11/permanent_sar/sentinel_1_450_inhabited_-83.19271260246592_15.007639687498516.tif,data/external/sen1floods11/permanent_mask/water_1_450_inhabited_-83.19271260246592_15.007639687498516.tif,True,True,True,True,False,529,514,2,529,514,1,-1.0,1.0,-1.0|0.0|1.0,1.0,
1_450_inhabited_-86.59889504236375_16.33188568194666,permanent,train,coordinate_fallback,data/external/sen1floods11/permanent_sar/sentinel_1_450_inhabited_-86.59889504236375_16.33188568194666.tif,data/external/sen1floods11/permanent_mask/water_1_450_inhabited_-86.59889504236375_16.33188568194666.tif,True,True,True,True,False,532,514,2,532,514,1,-1.0,1.0,-1.0|0.0|1.0,1.0,
1_458_inhabited_-85.77955306019727_12.137071088837466,permanent,train,coordinate_fallback,data/external/sen1floods11/permanent_sar/sentinel_1_458_inhabited_-85.77955306019727_12.137071088837466.tif,data/external/sen1floods11/permanent_mask/water_1_458_inhabited_-85.77955306019727_12.137071088837466.tif,True,True,True,True,False,522,514,2,522,514,1,-1.0,1.0,-1.0|0.0|1.0,1.0,
1_465_rural_-58.35477952399753_6.9620881158671715,permanent,train,coordinate_fallback,data/external/sen1floods11/permanent_sar/sentinel_1_465_rural_-58.35477952399753_6.9620881158671715.tif,data/external/sen1floods11/permanent_mask/water_1_465_rural_-58.35477952399753_6.9620881158671715.tif,True,True,True,True,False,514,514,2,514,514,1,-1.0,1.0,-1.0|0.0|1.0,1.0,
1_465_rural_-58.42449756896814_7.031337955227187,permanent,train,coordinate_fallback,data/external/sen1floods11/permanent_sar/sentinel_1_465_rural_-58.42449756896814_7.031337955227187.tif,data/external/sen1floods11/permanent_mask/water_1_465_rural_-58.42449756896814_7.031337955227187.tif,True,True,True,True,False,514,513,2,514,513,1,-1.0,1.0,-1.0|0.0|1.0,1.0,
1_467_inhabited_-54.2549170287204_-2.3752248990379625,permanent,train,coordinate_fallback,data/external/sen1floods11/permanent_sar/sentinel_1_467_inhabited_-54.2549170287204_-2.3752248990379625.tif,data/external/sen1floods11/permanent_mask/water_1_467_inhabited_-54.2549170287204_-2.3752248990379625.tif,True,True,True,True,False,511,514,2,511,514,1,-1.0,1.0,-1.0|0.0|1.0,1.0,
1_467_inhabited_-55.17890073530808_-2.0246726697213147,permanent,train,coordinate_fallback,data/external/sen1floods11/permanent_sar/sentinel_1_467_inhabited_-55.17890073530808_-2.0246726697213147.tif,data/external/sen1floods11/permanent_mask/water_1_467_inhabited_-55.17890073530808_-2.0246726697213147.tif,True,True,True,True,False,511,513,2,511,513,1,-1.0,1.0,-1.0|1.0,1.0,
1_467_rural_-55.109873851000735_-2.024592405902353,permanent,train,coordinate_fallback,data/external/sen1floods11/permanent_sar/sentinel_1_467_rural_-55.109873851000735_-2.024592405902353.tif,data/external/sen1floods11/permanent_mask/water_1_467_rural_-55.109873851000735_-2.024592405902353.tif,True,True,True,True,False,511,514,2,511,514,1,-1.0,1.0,-1.0|0.0|1.0|nan,1.0,
1_468_inhabited_-68.61934922566357_18.15881059725081,permanent,train,coordinate_fallback,data/external/sen1floods11/permanent_sar/sentinel_1_468_inhabited_-68.61934922566357_18.15881059725081.tif,data/external/sen1floods11/permanent_mask/water_1_468_inhabited_-68.61934922566357_18.15881059725081.tif,True,True,True,True,False,537,514,2,537,514,1,-1.0,1.0,-1.0|0.0|1.0,1.0,
1_468_inhabited_-68.69195676811682_18.15893991118136,permanent,train,coordinate_fallback,data/external/sen1floods11/permanent_sar/sentinel_1_468_inhabited_-68.69195676811682_18.15893991118136.tif,data/external/sen1floods11/permanent_mask/water_1_468_inhabited_-68.69195676811682_18.15893991118136.tif,True,True,True,True,False,538,513,2,538,513,1,-1.0,1.0,-1.0|0.0|1.0,1.0,
1_470_rural_-82.04231358078849_9.147457869352568,permanent,train,coordinate_fallback,data/external/sen1floods11/permanent_sar/sentinel_1_470_rural_-82.04231358078849_9.147457869352568.tif,data/external/sen1floods11/permanent_mask/water_1_470_rural_-82.04231358078849_9.147457869352568.tif,True,True,True,True,False,517,514,2,517,514,1,-1.0,1.0,-1.0|0.0|1.0,1.0,
1_471_inhabited_-81.19309562156391_7.782754451046512,permanent,train,coordinate_fallback,data/external/sen1floods11/permanent_sar/sentinel_1_471_inhabited_-81.19309562156391_7.782754451046512.tif,data/external/sen1floods11/permanent_mask/water_1_471_inhabited_-81.19309562156391_7.782754451046512.tif,True,True,True,True,False,516,514,2,516,514,1,-1.0,1.0,-1.0|0.0|1.0,1.0,
1_471_rural_-80.84501373423089_7.2270033094523916,permanent,train,coordinate_fallback,data/external/sen1floods11/permanent_sar/sentinel_1_471_rural_-80.84501373423089_7.2270033094523916.tif,data/external/sen1floods11/permanent_mask/water_1_471_rural_-80.84501373423089_7.2270033094523916.tif,True,True,True,True,False,514,514,2,514,514,1,-1.0,1.0,-1.0|0.0|1.0,1.0,
1_475_rural_-61.65673939497314_16.283326071474633,permanent,train,coordinate_fallback,data/external/sen1floods11/permanent_sar/sentinel_1_475_rural_-61.65673939497314_16.283326071474633.tif,data/external/sen1floods11/permanent_mask/water_1_475_rural_-61.65673939497314_16.283326071474633.tif,True,True,True,True,False,532,514,2,532,514,1,-1.0,1.0,-1.0|0.0|1.0,1.0,
1_475_rural_-61.81782442052887_17.026216766079774,permanent,train,coordinate_fallback,data/external/sen1floods11/permanent_sar/sentinel_1_475_rural_-61.81782442052887_17.026216766079774.tif,data/external/sen1floods11/permanent_mask/water_1_475_rural_-61.81782442052887_17.026216766079774.tif,True,True,True,True,False,533,514,2,533,514,1,-1.0,1.0,-1.0|0.0|1.0,1.0,
1_478_inhabited_-73.85929684188152_9.106251316517678,permanent,train,coordinate_fallback,data/external/sen1floods11/permanent_sar/sentinel_1_478_inhabited_-73.85929684188152_9.106251316517678.tif,data/external/sen1floods11/permanent_mask/water_1_478_inhabited_-73.85929684188152_9.106251316517678.tif,True,True,True,True,False,517,514,2,517,514,1,-1.0,1.0,-1.0|0.0|1.0,1.0,
1_480_rural_-48.43005575001879_-0.3921601012463512,permanent,train,coordinate_fallback,data/external/sen1floods11/permanent_sar/sentinel_1_480_rural_-48.43005575001879_-0.3921601012463512.tif,data/external/sen1floods11/permanent_mask/water_1_480_rural_-48.43005575001879_-0.3921601012463512.tif,True,True,True,True,False,511,513,2,511,513,1,-1.0,1.0,-1.0|0.0|1.0,1.0,
1_480_rural_-48.88971326391116_-1.587484566037267,permanent,train,coordinate_fallback,data/external/sen1floods11/permanent_sar/sentinel_1_480_rural_-48.88971326391116_-1.587484566037267.tif,data/external/sen1floods11/permanent_mask/water_1_480_rural_-48.88971326391116_-1.587484566037267.tif,True,True,True,True,False,511,514,2,511,514,1,-1.0,1.0,-1.0|0.0|1.0,1.0,
1_480_rural_-49.37246446215932_-1.9351963479828698,permanent,train,coordinate_fallback,data/external/sen1floods11/permanent_sar/sentinel_1_480_rural_-49.37246446215932_-1.9351963479828698.tif,data/external/sen1floods11/permanent_mask/water_1_480_rural_-49.37246446215932_-1.9351963479828698.tif,True,True,True,True,False,511,513,2,511,513,1,-1.0,1.0,-1.0|0.0|1.0,1.0,
1_482_rural_-55.45495476332481_-2.094417469298262,permanent,train,coordinate_fallback,data/external/sen1floods11/permanent_sar/sentinel_1_482_rural_-55.45495476332481_-2.094417469298262.tif,data/external/sen1floods11/permanent_mask/water_1_482_rural_-55.45495476332481_-2.094417469298262.tif,True,True,True,True,False,511,514,2,511,514,1,-1.0,1.0,-1.0|0.0|1.0,1.0,
1_482_rural_-60.79242291958162_-3.257159282691649,permanent,train,coordinate_fallback,data/external/sen1floods11/permanent_sar/sentinel_1_482_rural_-60.79242291958162_-3.257159282691649.tif,data/external/sen1floods11/permanent_mask/water_1_482_rural_-60.79242291958162_-3.257159282691649.tif,True,True,True,True,False,511,513,2,511,513,1,-1.0,1.0,-1.0|0.0|1.0,1.0,
1_485_inhabited_-41.648895659395194_-2.8836070101413274,permanent,train,coordinate_fallback,data/external/sen1floods11/permanent_sar/sentinel_1_485_inhabited_-41.648895659395194_-2.8836070101413274.tif,data/external/sen1floods11/permanent_mask/water_1_485_inhabited_-41.648895659395194_-2.8836070101413274.tif,True,True,True,True,False,512,514,2,512,514,1,-1.0,1.0,-1.0|0.0|1.0,1.0,
1_492_rural_-34.97631467942299_-6.473803173211687,permanent,train,coordinate_fallback,data/external/sen1floods11/permanent_sar/sentinel_1_492_rural_-34.97631467942299_-6.473803173211687.tif,data/external/sen1floods11/permanent_mask/water_1_492_rural_-34.97631467942299_-6.473803173211687.tif,True,True,True,True,False,514,514,2,514,514,1,-1.0,1.0,-1.0|0.0|1.0,1.0,
1_492_rural_-34.97713515401683_-6.682101160721305,permanent,train,coordinate_fallback,data/external/sen1floods11/permanent_sar/sentinel_1_492_rural_-34.97713515401683_-6.682101160721305.tif,data/external/sen1floods11/permanent_mask/water_1_492_rural_-34.97713515401683_-6.682101160721305.tif,True,True,True,True,False,514,514,2,514,514,1,-1.0,1.0,-1.0|0.0|1.0,1.0,
1_494_inhabited_-96.56868249158859_18.267581449247515,permanent,train,coordinate_fallback,data/external/sen1floods11/permanent_sar/sentinel_1_494_inhabited_-96.56868249158859_18.267581449247515.tif,data/external/sen1floods11/permanent_mask/water_1_494_inhabited_-96.56868249158859_18.267581449247515.tif,True,True,True,True,False,538,514,2,538,514,1,-1.0,1.0,-1.0|0.0|1.0,1.0,
1_495_inhabited_-66.0727387776364_18.457895882208582,permanent,train,coordinate_fallback,data/external/sen1floods11/permanent_sar/sentinel_1_495_inhabited_-66.0727387776364_18.457895882208582.tif,data/external/sen1floods11/permanent_mask/water_1_495_inhabited_-66.0727387776364_18.457895882208582.tif,True,True,True,True,False,538,513,2,538,513,1,-1.0,1.0,-1.0|0.0|1.0,1.0,
1_4_inhabited_45.049477468369865_-12.745510968479103,permanent,train,coordinate_fallback,data/external/sen1floods11/permanent_sar/sentinel_1_4_inhabited_45.049477468369865_-12.745510968479103.tif,data/external/sen1floods11/permanent_mask/water_1_4_inhabited_45.049477468369865_-12.745510968479103.tif,True,True,True,True,False,524,514,2,524,514,1,-1.0,1.0,-1.0|0.0|1.0,1.0,
1_500_high_density_-48.45084407912996_-25.51837406282004,permanent,train,coordinate_fallback,data/external/sen1floods11/permanent_sar/sentinel_1_500_high_density_-48.45084407912996_-25.51837406282004.tif,data/external/sen1floods11/permanent_mask/water_1_500_high_density_-48.45084407912996_-25.51837406282004.tif,True,True,True,True,False,566,514,2,566,514,1,-1.0,1.0,-1.0|0.0|1.0,1.0,
1_500_rural_-47.395348105173_-24.66334589492285,permanent,train,coordinate_fallback,data/external/sen1floods11/permanent_sar/sentinel_1_500_rural_-47.395348105173_-24.66334589492285.tif,data/external/sen1floods11/permanent_mask/water_1_500_rural_-47.395348105173_-24.66334589492285.tif,True,True,True,True,False,562,514,2,562,514,1,-1.0,1.0,-1.0|0.0|1.0,1.0,
1_507_inhabited_-52.067808225824166_-2.3306472658066637,permanent,train,coordinate_fallback,data/external/sen1floods11/permanent_sar/sentinel_1_507_inhabited_-52.067808225824166_-2.3306472658066637.tif,data/external/sen1floods11/permanent_mask/water_1_507_inhabited_-52.067808225824166_-2.3306472658066637.tif,True,True,True,True,False,511,513,2,511,513,1,-1.0,1.0,-1.0|0.0|1.0,1.0,
1_507_inhabited_-54.207668393958095_-2.3967534389239997,permanent,train,coordinate_fallback,data/external/sen1floods11/permanent_sar/sentinel_1_507_inhabited_-54.207668393958095_-2.3967534389239997.tif,data/external/sen1floods11/permanent_mask/water_1_507_inhabited_-54.207668393958095_-2.3967534389239997.tif,True,True,True,True,False,511,513,2,511,513,1,-1.0,1.0,-1.0|0.0|1.0,1.0,
1_508_inhabited_-49.558235071146925_-4.205618994961695,permanent,train,coordinate_fallback,data/external/sen1floods11/permanent_sar/sentinel_1_508_inhabited_-49.558235071146925_-4.205618994961695.tif,data/external/sen1floods11/permanent_mask/water_1_508_inhabited_-49.558235071146925_-4.205618994961695.tif,True,True,True,True,False,512,514,2,512,514,1,-1.0,1.0,-1.0|0.0|1.0,1.0,
1_510_inhabited_-61.81922457825966_10.100051168299157,permanent,train,coordinate_fallback,data/external/sen1floods11/permanent_sar/sentinel_1_510_inhabited_-61.81922457825966_10.100051168299157.tif,data/external/sen1floods11/permanent_mask/water_1_510_inhabited_-61.81922457825966_10.100051168299157.tif,True,True,True,True,False,518,514,2,518,514,1,-1.0,1.0,-1.0|0.0|1.0,1.0,
1_510_low_density_-61.67878073148033_10.168962115979111,permanent,train,coordinate_fallback,data/external/sen1floods11/permanent_sar/sentinel_1_510_low_density_-61.67878073148033_10.168962115979111.tif,data/external/sen1floods11/permanent_mask/water_1_510_low_density_-61.67878073148033_10.168962115979111.tif,True,True,True,True,False,519,513,2,519,513,1,-1.0,1.0,-1.0|0.0|1.0,1.0,
1_514_inhabited_-97.68125049992861_21.84036482270417,permanent,train,coordinate_fallback,data/external/sen1floods11/permanent_sar/sentinel_1_514_inhabited_-97.68125049992861_21.84036482270417.tif,data/external/sen1floods11/permanent_mask/water_1_514_inhabited_-97.68125049992861_21.84036482270417.tif,True,True,True,True,False,550,514,2,550,514,1,-1.0,1.0,-1.0|0.0|1.0,1.0,
1_517_inhabited_-61.21257279814046_14.844146747373921,permanent,train,coordinate_fallback,data/external/sen1floods11/permanent_sar/sentinel_1_517_inhabited_-61.21257279814046_14.844146747373921.tif,data/external/sen1floods11/permanent_mask/water_1_517_inhabited_-61.21257279814046_14.844146747373921.tif,True,True,True,True,False,528,514,2,528,514,1,-1.0,1.0,-1.0|0.0|1.0,1.0,
1_517_rural_-61.30610690183753_15.239722520027215,permanent,train,coordinate_fallback,data/external/sen1floods11/permanent_sar/sentinel_1_517_rural_-61.30610690183753_15.239722520027215.tif,data/external/sen1floods11/permanent_mask/water_1_517_rural_-61.30610690183753_15.239722520027215.tif,True,True,True,True,False,530,514,2,530,514,1,-1.0,1.0,-1.0|0.0|1.0|nan,1.0,
1_518_inhabited_-49.69648504020795_-4.275323662629159,permanent,train,coordinate_fallback,data/external/sen1floods11/permanent_sar/sentinel_1_518_inhabited_-49.69648504020795_-4.275323662629159.tif,data/external/sen1floods11/permanent_mask/water_1_518_inhabited_-49.69648504020795_-4.275323662629159.tif,True,True,True,True,False,512,514,2,512,514,1,-1.0,1.0,-1.0|0.0|1.0,1.0,
1_519_rural_-86.77277768794286_20.51804070081006,permanent,train,coordinate_fallback,data/external/sen1floods11/permanent_sar/sentinel_1_519_rural_-86.77277768794286_20.51804070081006.tif,data/external/sen1floods11/permanent_mask/water_1_519_rural_-86.77277768794286_20.51804070081006.tif,True,True,True,True,False,545,514,2,545,514,1,-1.0,1.0,-1.0|0.0|1.0,1.0,
1_5_inhabited_9.88917582038065_-2.51512027638772,permanent,train,coordinate_fallback,data/external/sen1floods11/permanent_sar/sentinel_1_5_inhabited_9.88917582038065_-2.51512027638772.tif,data/external/sen1floods11/permanent_mask/water_1_5_inhabited_9.88917582038065_-2.51512027638772.tif,True,True,True,True,False,511,514,2,511,514,1,-1.0,1.0,-1.0|0.0|1.0,1.0,
1_622_inhabited_-178.1347105706564_-14.312653115510548,permanent,train,coordinate_fallback,data/external/sen1floods11/permanent_sar/sentinel_1_622_inhabited_-178.1347105706564_-14.312653115510548.tif,data/external/sen1floods11/permanent_mask/water_1_622_inhabited_-178.1347105706564_-14.312653115510548.tif,True,True,True,True,False,527,514,2,527,514,1,0.0,1.0,0.0|1.0|nan,1.0,
1_623_rural_-156.15155641401878_20.848464547971457,permanent,train,coordinate_fallback,data/external/sen1floods11/permanent_sar/sentinel_1_623_rural_-156.15155641401878_20.848464547971457.tif,data/external/sen1floods11/permanent_mask/water_1_623_rural_-156.15155641401878_20.848464547971457.tif,True,True,True,True,False,546,514,2,546,514,1,-1.0,1.0,-1.0|0.0|1.0,1.0,
1_625_inhabited_-140.09105608128587_-9.366613767927328,permanent,train,coordinate_fallback,data/external/sen1floods11/permanent_sar/sentinel_1_625_inhabited_-140.09105608128587_-9.366613767927328.tif,data/external/sen1floods11/permanent_mask/water_1_625_inhabited_-140.09105608128587_-9.366613767927328.tif,True,True,True,True,False,518,514,2,518,514,1,-1.0,1.0,-1.0|0.0|1.0|nan,1.0,
1_625_rural_-140.09211288823556_-8.949875101674381,permanent,train,coordinate_fallback,data/external/sen1floods11/permanent_sar/sentinel_1_625_rural_-140.09211288823556_-8.949875101674381.tif,data/external/sen1floods11/permanent_mask/water_1_625_rural_-140.09211288823556_-8.949875101674381.tif,True,True,True,True,False,517,513,2,517,513,1,-1.0,1.0,-1.0|0.0|1.0,1.0,
1_628_inhabited_-109.29597357316332_-27.12842168018775,permanent,train,coordinate_fallback,data/external/sen1floods11/permanent_sar/sentinel_1_628_inhabited_-109.29597357316332_-27.12842168018775.tif,data/external/sen1floods11/permanent_mask/water_1_628_inhabited_-109.29597357316332_-27.12842168018775.tif,True,True,True,True,False,574,514,2,574,514,1,-1.0,1.0,-1.0|0.0|1.0,1.0,
1_7_inhabited_8.90370111026595_3.6294362523406845,permanent,train,coordinate_fallback,data/external/sen1floods11/permanent_sar/sentinel_1_7_inhabited_8.90370111026595_3.6294362523406845.tif,data/external/sen1floods11/permanent_mask/water_1_7_inhabited_8.90370111026595_3.6294362523406845.tif,True,True,True,True,False,512,514,2,512,514,1,-1.0,1.0,-1.0|0.0|1.0,1.0,
1_7_rural_8.765460059407019_3.3514871063762426,permanent,train,coordinate_fallback,data/external/sen1floods11/permanent_sar/sentinel_1_7_rural_8.765460059407019_3.3514871063762426.tif,data/external/sen1floods11/permanent_mask/water_1_7_rural_8.765460059407019_3.3514871063762426.tif,True,True,True,True,False,512,514,2,512,514,1,-1.0,1.0,-1.0|0.0|1.0,1.0,
2_163_inhabited_121.68843521573584_-8.33442551517673,permanent,train,coordinate_fallback,data/external/sen1floods11/permanent_sar/sentinel_2_163_inhabited_121.68843521573584_-8.33442551517673.tif,data/external/sen1floods11/permanent_mask/water_2_163_inhabited_121.68843521573584_-8.33442551517673.tif,True,True,True,True,False,516,514,2,516,514,1,-1.0,1.0,-1.0|0.0|1.0,1.0,
2_163_rural_122.94384160812089_-8.197651508564382,permanent,train,coordinate_fallback,data/external/sen1floods11/permanent_sar/sentinel_2_163_rural_122.94384160812089_-8.197651508564382.tif,data/external/sen1floods11/permanent_mask/water_2_163_rural_122.94384160812089_-8.197651508564382.tif,True,True,True,True,False,516,514,2,516,514,1,-1.0,1.0,-1.0|0.0|1.0,1.0,
2_292_inhabited_82.88152085814805_24.097976472356443,permanent,train,coordinate_fallback,data/external/sen1floods11/permanent_sar/sentinel_2_292_inhabited_82.88152085814805_24.097976472356443.tif,data/external/sen1floods11/permanent_mask/water_2_292_inhabited_82.88152085814805_24.097976472356443.tif,True,True,True,True,False,559,513,2,559,513,1,-1.0,1.0,-1.0|0.0|1.0,1.0,
2_292_low_density_82.72953239874134_24.030425550497792,permanent,train,coordinate_fallback,data/external/sen1floods11/permanent_sar/sentinel_2_292_low_density_82.72953239874134_24.030425550497792.tif,data/external/sen1floods11/permanent_mask/water_2_292_low_density_82.72953239874134_24.030425550497792.tif,True,True,True,True,False,559,513,2,559,513,1,-1.0,1.0,-1.0|0.0|1.0,1.0,
2_299_inhabited_107.12974674050035_11.119232223276855,permanent,train,coordinate_fallback,data/external/sen1floods11/permanent_sar/sentinel_2_299_inhabited_107.12974674050035_11.119232223276855.tif,data/external/sen1floods11/permanent_mask/water_2_299_inhabited_107.12974674050035_11.119232223276855.tif,True,True,True,True,False,520,514,2,520,514,1,-1.0,1.0,-1.0|0.0|1.0,1.0,
2_300_inhabited_108.92735306637812_10.5481016421494,permanent,train,coordinate_fallback,data/external/sen1floods11/permanent_sar/sentinel_2_300_inhabited_108.92735306637812_10.5481016421494.tif,data/external/sen1floods11/permanent_mask/water_2_300_inhabited_108.92735306637812_10.5481016421494.tif,True,True,True,True,False,519,514,2,519,514,1,-1.0,1.0,-1.0|0.0|1.0,1.0,
2_300_inhabited_109.26316796671313_12.216367282870893,permanent,train,coordinate_fallback,data/external/sen1floods11/permanent_sar/sentinel_2_300_inhabited_109.26316796671313_12.216367282870893.tif,data/external/sen1floods11/permanent_mask/water_2_300_inhabited_109.26316796671313_12.216367282870893.tif,True,True,True,True,False,523,514,2,523,514,1,-1.0,1.0,-1.0|0.0|1.0,1.0,
2_32_inhabited_47.48036978495905_-14.710632343631648,permanent,train,coordinate_fallback,data/external/sen1floods11/permanent_sar/sentinel_2_32_inhabited_47.48036978495905_-14.710632343631648.tif,data/external/sen1floods11/permanent_mask/water_2_32_inhabited_47.48036978495905_-14.710632343631648.tif,True,True,True,True,False,527,514,2,527,514,1,-1.0,1.0,-1.0|0.0|1.0,1.0,
2_521_inhabited_-102.92399843160813_20.207531198953358,permanent,train,coordinate_fallback,data/external/sen1floods11/permanent_sar/sentinel_2_521_inhabited_-102.92399843160813_20.207531198953358.tif,data/external/sen1floods11/permanent_mask/water_2_521_inhabited_-102.92399843160813_20.207531198953358.tif,True,True,True,True,False,544,514,2,544,514,1,1.0,1.0,1.0,1.0,
2_521_low_density_-102.99657921945504_20.277739745039863,permanent,train,coordinate_fallback,data/external/sen1floods11/permanent_sar/sentinel_2_521_low_density_-102.99657921945504_20.277739745039863.tif,data/external/sen1floods11/permanent_mask/water_2_521_low_density_-102.99657921945504_20.277739745039863.tif,True,True,True,True,True,544,514,2,544,514,1,1.0,1.0,1.0,1.0,
2_521_rural_-101.08713863915688_20.245491526221343,permanent,train,coordinate_fallback,data/external/sen1floods11/permanent_sar/sentinel_2_521_rural_-101.08713863915688_20.245491526221343.tif,data/external/sen1floods11/permanent_mask/water_2_521_rural_-101.08713863915688_20.245491526221343.tif,True,True,True,True,False,544,514,2,544,514,1,-1.0,1.0,-1.0|0.0|1.0,1.0,
2_522_rural_-101.7985480803247_18.613616609197024,permanent,train,coordinate_fallback,data/external/sen1floods11/permanent_sar/sentinel_2_522_rural_-101.7985480803247_18.613616609197024.tif,data/external/sen1floods11/permanent_mask/water_2_522_rural_-101.7985480803247_18.613616609197024.tif,True,True,True,True,False,539,514,2,539,514,1,-1.0,1.0,-1.0|0.0|1.0|nan,1.0,
2_525_rural_-35.0449045718271_-6.265237639638863,permanent,train,coordinate_fallback,data/external/sen1floods11/permanent_sar/sentinel_2_525_rural_-35.0449045718271_-6.265237639638863.tif,data/external/sen1floods11/permanent_mask/water_2_525_rural_-35.0449045718271_-6.265237639638863.tif,True,True,True,True,False,513,514,2,513,514,1,-1.0,1.0,-1.0|0.0|1.0,1.0,
2_527_inhabited_-85.037567563106_9.952619910169078,permanent,train,coordinate_fallback,data/external/sen1floods11/permanent_sar/sentinel_2_527_inhabited_-85.037567563106_9.952619910169078.tif,data/external/sen1floods11/permanent_mask/water_2_527_inhabited_-85.037567563106_9.952619910169078.tif,True,True,True,True,False,519,514,2,519,514,1,-1.0,1.0,-1.0|0.0|1.0,1.0,
2_527_inhabited_-85.8059197247263_10.51182685507962,permanent,train,coordinate_fallback,data/external/sen1floods11/permanent_sar/sentinel_2_527_inhabited_-85.8059197247263_10.51182685507962.tif,data/external/sen1floods11/permanent_mask/water_2_527_inhabited_-85.8059197247263_10.51182685507962.tif,True,True,True,True,False,519,514,2,519,514,1,-1.0,1.0,-1.0|0.0|1.0,1.0,
2_529_inhabited_-57.78503572329768_-17.551561297590442,permanent,train,coordinate_fallback,data/external/sen1floods11/permanent_sar/sentinel_2_529_inhabited_-57.78503572329768_-17.551561297590442.tif,data/external/sen1floods11/permanent_mask/water_2_529_inhabited_-57.78503572329768_-17.551561297590442.tif,True,True,True,True,False,535,514,2,535,514,1,-1.0,1.0,-1.0|0.0|1.0,1.0,
2_529_rural_-57.5697146516289_-18.107615658056197,permanent,train,coordinate_fallback,data/external/sen1floods11/permanent_sar/sentinel_2_529_rural_-57.5697146516289_-18.107615658056197.tif,data/external/sen1floods11/permanent_mask/water_2_529_rural_-57.5697146516289_-18.107615658056197.tif,True,True,True,True,False,537,514,2,537,514,1,-1.0,1.0,-1.0|0.0|1.0,1.0,
2_536_inhabited_-68.65252047840015_11.320132562138804,permanent,train,coordinate_fallback,data/external/sen1floods11/permanent_sar/sentinel_2_536_inhabited_-68.65252047840015_11.320132562138804.tif,data/external/sen1floods11/permanent_mask/water_2_536_inhabited_-68.65252047840015_11.320132562138804.tif,True,True,True,True,False,520,514,2,520,514,1,-1.0,1.0,-1.0|0.0|1.0,1.0,
2_536_inhabited_-69.28613198348849_11.528564322680028,permanent,train,coordinate_fallback,data/external/sen1floods11/permanent_sar/sentinel_2_536_inhabited_-69.28613198348849_11.528564322680028.tif,data/external/sen1floods11/permanent_mask/water_2_536_inhabited_-69.28613198348849_11.528564322680028.tif,True,True,True,True,False,521,513,2,521,513,1,-1.0,1.0,-1.0|0.0|1.0,1.0,
2_541_inhabited_-80.35692053292071_7.990709087775015,permanent,train,coordinate_fallback,data/external/sen1floods11/permanent_sar/sentinel_2_541_inhabited_-80.35692053292071_7.990709087775015.tif,data/external/sen1floods11/permanent_mask/water_2_541_inhabited_-80.35692053292071_7.990709087775015.tif,True,True,True,True,False,515,514,2,515,514,1,-1.0,1.0,-1.0|0.0|1.0,1.0,
2_546_inhabited_-73.31016300625069_11.263533192467417,permanent,train,coordinate_fallback,data/external/sen1floods11/permanent_sar/sentinel_2_546_inhabited_-73.31016300625069_11.263533192467417.tif,data/external/sen1floods11/permanent_mask/water_2_546_inhabited_-73.31016300625069_11.263533192467417.tif,True,True,True,True,False,521,514,2,521,514,1,-1.0,1.0,-1.0|0.0|1.0,1.0,
2_547_inhabited_-101.34737623573704_17.509882080043884,permanent,train,coordinate_fallback,data/external/sen1floods11/permanent_sar/sentinel_2_547_inhabited_-101.34737623573704_17.509882080043884.tif,data/external/sen1floods11/permanent_mask/water_2_547_inhabited_-101.34737623573704_17.509882080043884.tif,True,True,True,True,False,535,514,2,535,514,1,-1.0,1.0,-1.0|0.0|1.0,1.0,
2_547_low_density_-101.56617540622752_17.645898039477146,permanent,train,coordinate_fallback,data/external/sen1floods11/permanent_sar/sentinel_2_547_low_density_-101.56617540622752_17.645898039477146.tif,data/external/sen1floods11/permanent_mask/water_2_547_low_density_-101.56617540622752_17.645898039477146.tif,True,True,True,True,False,536,514,2,536,514,1,-1.0,1.0,-1.0|0.0|1.0,1.0,
2_636_rural_-155.3528199378203_19.22044229425731,permanent,train,coordinate_fallback,data/external/sen1floods11/permanent_sar/sentinel_2_636_rural_-155.3528199378203_19.22044229425731.tif,data/external/sen1floods11/permanent_mask/water_2_636_rural_-155.3528199378203_19.22044229425731.tif,True,True,True,True,True,541,514,2,541,514,1,-1.0,1.0,-1.0|0.0|1.0,1.0,
3_553_low_density_-91.15815642367212_14.72766610965581,permanent,train,coordinate_fallback,data/external/sen1floods11/permanent_sar/sentinel_3_553_low_density_-91.15815642367212_14.72766610965581.tif,data/external/sen1floods11/permanent_mask/water_3_553_low_density_-91.15815642367212_14.72766610965581.tif,True,True,True,True,False,527,514,2,527,514,1,-1.0,1.0,-1.0|0.0|1.0,1.0,
4_168_rural_153.45578457665283_-27.61597087116941,permanent,train,coordinate_fallback,data/external/sen1floods11/permanent_sar/sentinel_4_168_rural_153.45578457665283_-27.61597087116941.tif,data/external/sen1floods11/permanent_mask/water_4_168_rural_153.45578457665283_-27.61597087116941.tif,True,True,True,True,False,576,513,2,576,513,1,-1.0,1.0,-1.0|0.0|1.0,1.0,
4_169_rural_167.4789885245821_-45.46589953844803,permanent,train,coordinate_fallback,data/external/sen1floods11/permanent_sar/sentinel_4_169_rural_167.4789885245821_-45.46589953844803.tif,data/external/sen1floods11/permanent_mask/water_4_169_rural_167.4789885245821_-45.46589953844803.tif,True,True,True,True,False,728,514,2,728,514,1,-1.0,1.0,-1.0|0.0|1.0,1.0,
4_171_rural_176.8963557806997_-39.44157375142368,permanent,train,coordinate_fallback,data/external/sen1floods11/permanent_sar/sentinel_4_171_rural_176.8963557806997_-39.44157375142368.tif,data/external/sen1floods11/permanent_mask/water_4_171_rural_176.8963557806997_-39.44157375142368.tif,True,True,True,True,False,661,513,2,661,513,1,-1.0,1.0,-1.0|0.0|1.0,1.0,
4_172_rural_168.5092593638797_-46.59902846174547,permanent,train,coordinate_fallback,data/external/sen1floods11/permanent_sar/sentinel_4_172_rural_168.5092593638797_-46.59902846174547.tif,data/external/sen1floods11/permanent_mask/water_4_172_rural_168.5092593638797_-46.59902846174547.tif,True,True,True,True,True,742,514,2,742,514,1,-1.0,1.0,-1.0|0.0|1.0,1.0,
4_172_rural_169.61874613339182_-46.57059723342871,permanent,train,coordinate_fallback,data/external/sen1floods11/permanent_sar/sentinel_4_172_rural_169.61874613339182_-46.57059723342871.tif,data/external/sen1floods11/permanent_mask/water_4_172_rural_169.61874613339182_-46.57059723342871.tif,True,True,True,True,True,742,513,2,742,513,1,-1.0,1.0,-1.0|0.0|1.0,1.0,
4_173_rural_174.1335814909047_-35.18430944806097,permanent,train,coordinate_fallback,data/external/sen1floods11/permanent_sar/sentinel_4_173_rural_174.1335814909047_-35.18430944806097.tif,data/external/sen1floods11/permanent_mask/water_4_173_rural_174.1335814909047_-35.18430944806097.tif,True,True,True,True,False,625,514,2,625,514,1,-1.0,1.0,-1.0|0.0|1.0,1.0,
4_173_rural_175.16870383214845_-36.815898982617874,permanent,train,coordinate_fallback,data/external/sen1floods11/permanent_sar/sentinel_4_173_rural_175.16870383214845_-36.815898982617874.tif,data/external/sen1floods11/permanent_mask/water_4_173_rural_175.16870383214845_-36.815898982617874.tif,True,True,True,True,False,637,514,2,637,514,1,-1.0,1.0,-1.0|0.0|1.0,1.0,
4_174_inhabited_167.69565178566796_-46.785766695661685,permanent,train,coordinate_fallback,data/external/sen1floods11/permanent_sar/sentinel_4_174_inhabited_167.69565178566796_-46.785766695661685.tif,data/external/sen1floods11/permanent_mask/water_4_174_inhabited_167.69565178566796_-46.785766695661685.tif,True,True,True,True,False,746,514,2,746,514,1,-1.0,1.0,-1.0|0.0|1.0,1.0,
4_174_inhabited_167.97767654999527_-47.13915491324831,permanent,train,coordinate_fallback,data/external/sen1floods11/permanent_sar/sentinel_4_174_inhabited_167.97767654999527_-47.13915491324831.tif,data/external/sen1floods11/permanent_mask/water_4_174_inhabited_167.97767654999527_-47.13915491324831.tif,True,True,True,True,False,751,514,2,751,514,1,-1.0,1.0,-1.0|0.0|1.0|nan,1.0,
4_175_rural_174.0816552591373_-41.95377331662139,permanent,train,coordinate_fallback,data/external/sen1floods11/permanent_sar/sentinel_4_175_rural_174.0816552591373_-41.95377331662139.tif,data/external/sen1floods11/permanent_mask/water_4_175_rural_174.0816552591373_-41.95377331662139.tif,True,True,True,True,False,686,514,2,686,514,1,-1.0,1.0,-1.0|0.0|1.0,1.0,
4_175_rural_174.0938018504069_-40.893506104537245,permanent,train,coordinate_fallback,data/external/sen1floods11/permanent_sar/sentinel_4_175_rural_174.0938018504069_-40.893506104537245.tif,data/external/sen1floods11/permanent_mask/water_4_175_rural_174.0938018504069_-40.893506104537245.tif,True,True,True,True,True,675,514,2,675,514,1,-1.0,1.0,-1.0|0.0|1.0|nan,1.0,
4_178_rural_147.33444212800865_-43.09621730201949,permanent,train,coordinate_fallback,data/external/sen1floods11/permanent_sar/sentinel_4_178_rural_147.33444212800865_-43.09621730201949.tif,data/external/sen1floods11/permanent_mask/water_4_178_rural_147.33444212800865_-43.09621730201949.tif,True,True,True,True,False,698,514,2,698,514,1,-1.0,1.0,-1.0|0.0|1.0,1.0,
4_178_rural_148.1540070652278_-40.44224061882747,permanent,train,coordinate_fallback,data/external/sen1floods11/permanent_sar/sentinel_4_178_rural_148.1540070652278_-40.44224061882747.tif,data/external/sen1floods11/permanent_mask/water_4_178_rural_148.1540070652278_-40.44224061882747.tif,True,True,True,True,False,671,514,2,671,514,1,-1.0,1.0,-1.0|0.0|1.0,1.0,
4_179_inhabited_144.77082466856365_-40.49674421100374,permanent,train,coordinate_fallback,data/external/sen1floods11/permanent_sar/sentinel_4_179_inhabited_144.77082466856365_-40.49674421100374.tif,data/external/sen1floods11/permanent_mask/water_4_179_inhabited_144.77082466856365_-40.49674421100374.tif,True,True,True,True,False,671,514,2,671,514,1,-1.0,1.0,-1.0|0.0|1.0|nan,1.0,
4_179_inhabited_146.22735435486334_-42.74006444177972,permanent,train,coordinate_fallback,data/external/sen1floods11/permanent_sar/sentinel_4_179_inhabited_146.22735435486334_-42.74006444177972.tif,data/external/sen1floods11/permanent_mask/water_4_179_inhabited_146.22735435486334_-42.74006444177972.tif,True,True,True,True,False,694,514,2,694,514,1,-1.0,1.0,-1.0|0.0|1.0,1.0,
4_180_inhabited_170.40517103158172_-43.066492934397225,permanent,train,coordinate_fallback,data/external/sen1floods11/permanent_sar/sentinel_4_180_inhabited_170.40517103158172_-43.066492934397225.tif,data/external/sen1floods11/permanent_mask/water_4_180_inhabited_170.40517103158172_-43.066492934397225.tif,True,True,True,True,True,698,514,2,698,514,1,-1.0,1.0,-1.0|0.0|1.0,1.0,
4_332_rural_-95.9700660115677_32.91833698393349,permanent,train,coordinate_fallback,data/external/sen1floods11/permanent_sar/sentinel_4_332_rural_-95.9700660115677_32.91833698393349.tif,data/external/sen1floods11/permanent_mask/water_4_332_rural_-95.9700660115677_32.91833698393349.tif,True,True,True,True,True,608,514,2,608,514,1,-1.0,1.0,-1.0|0.0|1.0,1.0,
4_334_low_density_-73.22825377899996_44.498194346031305,permanent,train,coordinate_fallback,data/external/sen1floods11/permanent_sar/sentinel_4_334_low_density_-73.22825377899996_44.498194346031305.tif,data/external/sen1floods11/permanent_mask/water_4_334_low_density_-73.22825377899996_44.498194346031305.tif,True,True,True,True,False,715,514,2,715,514,1,-1.0,1.0,-1.0|0.0|1.0,1.0,
4_334_low_density_-77.4071538404494_43.259005704177646,permanent,train,coordinate_fallback,data/external/sen1floods11/permanent_sar/sentinel_4_334_low_density_-77.4071538404494_43.259005704177646.tif,data/external/sen1floods11/permanent_mask/water_4_334_low_density_-77.4071538404494_43.259005704177646.tif,True,True,True,True,False,700,514,2,700,514,1,-1.0,1.0,-1.0|0.0|1.0,1.0,
4_336_rural_-87.04830108293423_34.687240076330205,permanent,train,coordinate_fallback,data/external/sen1floods11/permanent_sar/sentinel_4_336_rural_-87.04830108293423_34.687240076330205.tif,data/external/sen1floods11/permanent_mask/water_4_336_rural_-87.04830108293423_34.687240076330205.tif,True,True,True,True,False,621,514,2,621,514,1,-1.0,1.0,-1.0|0.0|1.0|nan,1.0,
4_337_low_density_-89.8657751653519_29.97121007928583,permanent,train,coordinate_fallback,data/external/sen1floods11/permanent_sar/sentinel_4_337_low_density_-89.8657751653519_29.97121007928583.tif,data/external/sen1floods11/permanent_mask/water_4_337_low_density_-89.8657751653519_29.97121007928583.tif,True,True,True,True,False,589,514,2,589,514,1,-1.0,1.0,-1.0|0.0|1.0,1.0,
4_338_rural_-67.01062596130873_44.91723836752888,permanent,train,coordinate_fallback,data/external/sen1floods11/permanent_sar/sentinel_4_338_rural_-67.01062596130873_44.91723836752888.tif,data/external/sen1floods11/permanent_mask/water_4_338_rural_-67.01062596130873_44.91723836752888.tif,True,True,True,True,False,721,513,2,721,513,1,-1.0,1.0,-1.0|0.0|1.0,1.0,
4_343_rural_-89.98569376998222_44.12682703299717,permanent,train,coordinate_fallback,data/external/sen1floods11/permanent_sar/sentinel_4_343_rural_-89.98569376998222_44.12682703299717.tif,data/external/sen1floods11/permanent_mask/water_4_343_rural_-89.98569376998222_44.12682703299717.tif,True,True,True,True,False,711,514,2,711,514,1,-1.0,1.0,-1.0|0.0|1.0,1.0,
4_344_rural_-90.7418948812319_46.79086790726683,permanent,train,coordinate_fallback,data/external/sen1floods11/permanent_sar/sentinel_4_344_rural_-90.7418948812319_46.79086790726683.tif,data/external/sen1floods11/permanent_mask/water_4_344_rural_-90.7418948812319_46.79086790726683.tif,True,True,True,True,False,745,514,2,745,514,1,-1.0,1.0,-1.0|0.0|1.0|nan,1.0,
4_561_rural_-69.01624489222867_-54.036153531038345,permanent,train,coordinate_fallback,data/external/sen1floods11/permanent_sar/sentinel_4_561_rural_-69.01624489222867_-54.036153531038345.tif,data/external/sen1floods11/permanent_mask/water_4_561_rural_-69.01624489222867_-54.036153531038345.tif,True,True,True,True,False,869,514,2,869,514,1,-1.0,1.0,-1.0|0.0|1.0,1.0,
4_561_rural_-71.25693425338312_-54.733717463435205,permanent,train,coordinate_fallback,data/external/sen1floods11/permanent_sar/sentinel_4_561_rural_-71.25693425338312_-54.733717463435205.tif,data/external/sen1floods11/permanent_mask/water_4_561_rural_-71.25693425338312_-54.733717463435205.tif,True,True,True,True,False,884,514,2,884,514,1,-1.0,1.0,-1.0|0.0|1.0,1.0,
4_563_rural_-72.9850945394545_-41.24805814749883,permanent,train,coordinate_fallback,data/external/sen1floods11/permanent_sar/sentinel_4_563_rural_-72.9850945394545_-41.24805814749883.tif,data/external/sen1floods11/permanent_mask/water_4_563_rural_-72.9850945394545_-41.24805814749883.tif,True,True,True,True,False,679,514,2,679,514,1,-1.0,1.0,-1.0|0.0|1.0|nan,1.0,
4_646_rural_27.62595479842808_42.446686806170355,permanent,train,coordinate_fallback,data/external/sen1floods11/permanent_sar/sentinel_4_646_rural_27.62595479842808_42.446686806170355.tif,data/external/sen1floods11/permanent_mask/water_4_646_rural_27.62595479842808_42.446686806170355.tif,True,True,True,True,False,691,513,2,691,513,1,-1.0,1.0,-1.0|0.0|1.0,1.0,
4_647_rural_16.085319689196364_54.24096896062523,permanent,train,coordinate_fallback,data/external/sen1floods11/permanent_sar/sentinel_4_647_rural_16.085319689196364_54.24096896062523.tif,data/external/sen1floods11/permanent_mask/water_4_647_rural_16.085319689196364_54.24096896062523.tif,True,True,True,True,False,873,514,2,873,514,1,-1.0,1.0,-1.0|0.0|1.0,1.0,
4_648_low_density_-8.694761012204637_41.18180928314779,permanent,train,coordinate_fallback,data/external/sen1floods11/permanent_sar/sentinel_4_648_low_density_-8.694761012204637_41.18180928314779.tif,data/external/sen1floods11/permanent_mask/water_4_648_low_density_-8.694761012204637_41.18180928314779.tif,True,True,True,True,False,678,514,2,678,514,1,-1.0,1.0,-1.0|0.0|1.0,1.0,
4_648_low_density_-8.782627598462788_42.28879449696889,permanent,train,coordinate_fallback,data/external/sen1floods11/permanent_sar/sentinel_4_648_low_density_-8.782627598462788_42.28879449696889.tif,data/external/sen1floods11/permanent_mask/water_4_648_low_density_-8.782627598462788_42.28879449696889.tif,True,True,True,True,False,690,514,2,690,514,1,-1.0,1.0,-1.0|0.0|1.0,1.0,
4_648_low_density_-8.7962278566758_42.26012247719523,permanent,train,coordinate_fallback,data/external/sen1floods11/permanent_sar/sentinel_4_648_low_density_-8.7962278566758_42.26012247719523.tif,data/external/sen1floods11/permanent_mask/water_4_648_low_density_-8.7962278566758_42.26012247719523.tif,True,True,True,True,False,689,513,2,689,513,1,-1.0,1.0,-1.0|0.0|1.0,1.0,
4_648_low_density_-8.982381948354005_42.53697022519948,permanent,train,coordinate_fallback,data/external/sen1floods11/permanent_sar/sentinel_4_648_low_density_-8.982381948354005_42.53697022519948.tif,data/external/sen1floods11/permanent_mask/water_4_648_low_density_-8.982381948354005_42.53697022519948.tif,True,True,True,True,False,692,513,2,692,513,1,-1.0,1.0,-1.0|0.0|1.0,1.0,
4_651_high_density_-1.3351262010185512_54.84937762655949,permanent,train,coordinate_fallback,data/external/sen1floods11/permanent_sar/sentinel_4_651_high_density_-1.3351262010185512_54.84937762655949.tif,data/external/sen1floods11/permanent_mask/water_4_651_high_density_-1.3351262010185512_54.84937762655949.tif,True,True,True,True,False,886,513,2,886,513,1,-1.0,1.0,-1.0|0.0|1.0,1.0,
4_651_low_density_-1.4467285821841946_55.05793424193019,permanent,train,coordinate_fallback,data/external/sen1floods11/permanent_sar/sentinel_4_651_low_density_-1.4467285821841946_55.05793424193019.tif,data/external/sen1floods11/permanent_mask/water_4_651_low_density_-1.4467285821841946_55.05793424193019.tif,True,True,True,True,False,890,514,2,890,514,1,-1.0,1.0,-1.0|0.0|1.0,1.0,
4_651_low_density_-5.496903314422765_50.12782280330989,permanent,train,coordinate_fallback,data/external/sen1floods11/permanent_sar/sentinel_4_651_low_density_-5.496903314422765_50.12782280330989.tif,data/external/sen1floods11/permanent_mask/water_4_651_low_density_-5.496903314422765_50.12782280330989.tif,True,True,True,True,False,795,513,2,795,513,1,-1.0,1.0,-1.0|0.0|1.0,1.0,
4_651_low_density_0.28483845709201583_53.27372305561701,permanent,train,coordinate_fallback,data/external/sen1floods11/permanent_sar/sentinel_4_651_low_density_0.28483845709201583_53.27372305561701.tif,data/external/sen1floods11/permanent_mask/water_4_651_low_density_0.28483845709201583_53.27372305561701.tif,True,True,True,True,False,853,513,2,853,513,1,-1.0,1.0,-1.0|0.0|1.0,1.0,
4_651_low_density_1.7285170141556534_52.66277716118333,permanent,train,coordinate_fallback,data/external/sen1floods11/permanent_sar/sentinel_4_651_low_density_1.7285170141556534_52.66277716118333.tif,data/external/sen1floods11/permanent_mask/water_4_651_low_density_1.7285170141556534_52.66277716118333.tif,True,True,True,True,False,841,513,2,841,513,1,-1.0,1.0,-1.0|0.0|1.0,1.0,
4_651_rural_-6.550089474034039_54.581523885380044,permanent,train,coordinate_fallback,data/external/sen1floods11/permanent_sar/sentinel_4_651_rural_-6.550089474034039_54.581523885380044.tif,data/external/sen1floods11/permanent_mask/water_4_651_rural_-6.550089474034039_54.581523885380044.tif,True,True,True,True,False,881,514,2,881,514,1,-1.0,1.0,-1.0|0.0|1.0,1.0,
4_652_inhabited_31.59183914345336_37.812561577275666,permanent,train,coordinate_fallback,data/external/sen1floods11/permanent_sar/sentinel_4_652_inhabited_31.59183914345336_37.812561577275666.tif,data/external/sen1floods11/permanent_mask/water_4_652_inhabited_31.59183914345336_37.812561577275666.tif,True,True,True,True,False,646,513,2,646,513,1,-1.0,1.0,-1.0|0.0|1.0,1.0,
4_654_rural_21.703265301714925_53.78544057430835,permanent,train,coordinate_fallback,data/external/sen1floods11/permanent_sar/sentinel_4_654_rural_21.703265301714925_53.78544057430835.tif,data/external/sen1floods11/permanent_mask/water_4_654_rural_21.703265301714925_53.78544057430835.tif,True,True,True,True,False,863,514,2,863,514,1,-1.0,1.0,-1.0|0.0|1.0,1.0,
4_655_low_density_125.61582414136673_37.766013021378754,permanent,train,coordinate_fallback,data/external/sen1floods11/permanent_sar/sentinel_4_655_low_density_125.61582414136673_37.766013021378754.tif,data/external/sen1floods11/permanent_mask/water_4_655_low_density_125.61582414136673_37.766013021378754.tif,True,True,True,True,False,645,514,2,645,514,1,-1.0,1.0,-1.0|0.0|1.0,1.0,
4_655_low_density_128.63960745222417_40.17412824978694,permanent,train,coordinate_fallback,data/external/sen1floods11/permanent_sar/sentinel_4_655_low_density_128.63960745222417_40.17412824978694.tif,data/external/sen1floods11/permanent_mask/water_4_655_low_density_128.63960745222417_40.17412824978694.tif,True,True,True,True,False,668,513,2,668,513,1,-1.0,1.0,-1.0|0.0|1.0,1.0,
4_655_rural_125.35666564724148_37.84069404582187,permanent,train,coordinate_fallback,data/external/sen1floods11/permanent_sar/sentinel_4_655_rural_125.35666564724148_37.84069404582187.tif,data/external/sen1floods11/permanent_mask/water_4_655_rural_125.35666564724148_37.84069404582187.tif,True,True,True,True,False,647,514,2,647,514,1,-1.0,1.0,-1.0|0.0|1.0,1.0,
4_657_high_density_119.06050860089807_29.565632542969656,permanent,train,coordinate_fallback,data/external/sen1floods11/permanent_sar/sentinel_4_657_high_density_119.06050860089807_29.565632542969656.tif,data/external/sen1floods11/permanent_mask/water_4_657_high_density_119.06050860089807_29.565632542969656.tif,True,True,True,True,True,586,514,2,586,514,1,-1.0,1.0,-1.0|0.0|1.0,1.0,
4_657_low_density_120.93082056945221_31.920519482102858,permanent,train,coordinate_fallback,data/external/sen1floods11/permanent_sar/sentinel_4_657_low_density_120.93082056945221_31.920519482102858.tif,data/external/sen1floods11/permanent_mask/water_4_657_low_density_120.93082056945221_31.920519482102858.tif,True,True,True,True,False,601,514,2,601,514,1,-1.0,1.0,-1.0|0.0|1.0,1.0,
4_657_low_density_121.80967817337904_31.458627958582714,permanent,train,coordinate_fallback,data/external/sen1floods11/permanent_sar/sentinel_4_657_low_density_121.80967817337904_31.458627958582714.tif,data/external/sen1floods11/permanent_mask/water_4_657_low_density_121.80967817337904_31.458627958582714.tif,True,True,True,True,True,599,514,2,599,514,1,-1.0,1.0,-1.0|0.0|1.0,1.0,
4_657_low_density_122.21444415330349_30.08914438394736,permanent,train,coordinate_fallback,data/external/sen1floods11/permanent_sar/sentinel_4_657_low_density_122.21444415330349_30.08914438394736.tif,data/external/sen1floods11/permanent_mask/water_4_657_low_density_122.21444415330349_30.08914438394736.tif,True,True,True,True,True,589,514,2,589,514,1,-1.0,1.0,-1.0|0.0|1.0,1.0,
4_657_rural_112.89901194726758_29.42947835140374,permanent,train,coordinate_fallback,data/external/sen1floods11/permanent_sar/sentinel_4_657_rural_112.89901194726758_29.42947835140374.tif,data/external/sen1floods11/permanent_mask/water_4_657_rural_112.89901194726758_29.42947835140374.tif,True,True,True,True,False,586,513,2,586,513,1,-1.0,1.0,-1.0|0.0|1.0,1.0,
4_657_rural_120.44754765638082_31.023138772400035,permanent,train,coordinate_fallback,data/external/sen1floods11/permanent_sar/sentinel_4_657_rural_120.44754765638082_31.023138772400035.tif,data/external/sen1floods11/permanent_mask/water_4_657_rural_120.44754765638082_31.023138772400035.tif,True,True,True,True,False,595,514,2,595,514,1,-1.0,1.0,-1.0|0.0|1.0,1.0,
4_658_rural_38.84096851233296_44.22595284941528,permanent,train,coordinate_fallback,data/external/sen1floods11/permanent_sar/sentinel_4_658_rural_38.84096851233296_44.22595284941528.tif,data/external/sen1floods11/permanent_mask/water_4_658_rural_38.84096851233296_44.22595284941528.tif,True,True,True,True,False,712,514,2,712,514,1,-1.0,1.0,-1.0|0.0|1.0,1.0,
4_659_inhabited_112.03660842622801_31.009119358687997,permanent,train,coordinate_fallback,data/external/sen1floods11/permanent_sar/sentinel_4_659_inhabited_112.03660842622801_31.009119358687997.tif,data/external/sen1floods11/permanent_mask/water_4_659_inhabited_112.03660842622801_31.009119358687997.tif,True,True,True,True,False,595,514,2,595,514,1,-1.0,1.0,-1.0|0.0|1.0,1.0,
4_661_low_density_31.50030271702822_50.00780163935534,permanent,train,coordinate_fallback,data/external/sen1floods11/permanent_sar/sentinel_4_661_low_density_31.50030271702822_50.00780163935534.tif,data/external/sen1floods11/permanent_mask/water_4_661_low_density_31.50030271702822_50.00780163935534.tif,True,True,True,True,False,793,514,2,793,514,1,-1.0,1.0,-1.0|0.0|1.0,1.0,
4_661_low_density_49.34845220298651_55.174133956281956,permanent,train,coordinate_fallback,data/external/sen1floods11/permanent_sar/sentinel_4_661_low_density_49.34845220298651_55.174133956281956.tif,data/external/sen1floods11/permanent_mask/water_4_661_low_density_49.34845220298651_55.174133956281956.tif,True,True,True,True,False,893,514,2,893,514,1,-1.0,1.0,-1.0|0.0|1.0,1.0,
4_661_rural_48.862548420293564_53.66441611261678,permanent,train,coordinate_fallback,data/external/sen1floods11/permanent_sar/sentinel_4_661_rural_48.862548420293564_53.66441611261678.tif,data/external/sen1floods11/permanent_mask/water_4_661_rural_48.862548420293564_53.66441611261678.tif,True,True,True,True,False,861,513,2,861,513,1,-1.0,1.0,-1.0|0.0|1.0,1.0,
4_663_low_density_1.7344922095672706_52.45569650826131,permanent,train,coordinate_fallback,data/external/sen1floods11/permanent_sar/sentinel_4_663_low_density_1.7344922095672706_52.45569650826131.tif,data/external/sen1floods11/permanent_mask/water_4_663_low_density_1.7344922095672706_52.45569650826131.tif,True,True,True,True,False,838,514,2,838,514,1,-1.0,1.0,-1.0|0.0|1.0,1.0,
4_664_low_density_4.096081177583795_51.97402887156913,permanent,train,coordinate_fallback,data/external/sen1floods11/permanent_sar/sentinel_4_664_low_density_4.096081177583795_51.97402887156913.tif,data/external/sen1floods11/permanent_mask/water_4_664_low_density_4.096081177583795_51.97402887156913.tif,True,True,True,True,False,828,514,2,828,514,1,-1.0,1.0,-1.0|0.0|1.0,1.0,
4_664_low_density_5.2517241021000975_52.717258457854335,permanent,train,coordinate_fallback,data/external/sen1floods11/permanent_sar/sentinel_4_664_low_density_5.2517241021000975_52.717258457854335.tif,data/external/sen1floods11/permanent_mask/water_4_664_low_density_5.2517241021000975_52.717258457854335.tif,True,True,True,True,False,842,514,2,842,514,1,-1.0,1.0,-1.0|0.0|1.0,1.0,
4_664_rural_-1.2928851367392582_49.579803742942445,permanent,train,coordinate_fallback,data/external/sen1floods11/permanent_sar/sentinel_4_664_rural_-1.2928851367392582_49.579803742942445.tif,data/external/sen1floods11/permanent_mask/water_4_664_rural_-1.2928851367392582_49.579803742942445.tif,True,True,True,True,False,787,514,2,787,514,1,-1.0,1.0,-1.0|0.0|1.0,1.0,
4_665_low_density_40.266525282715385_40.946266188201626,permanent,train,coordinate_fallback,data/external/sen1floods11/permanent_sar/sentinel_4_665_low_density_40.266525282715385_40.946266188201626.tif,data/external/sen1floods11/permanent_mask/water_4_665_low_density_40.266525282715385_40.946266188201626.tif,True,True,True,True,False,675,514,2,675,514,1,-1.0,1.0,-1.0|0.0|1.0,1.0,
4_665_rural_28.027742098848815_41.97143581589409,permanent,train,coordinate_fallback,data/external/sen1floods11/permanent_sar/sentinel_4_665_rural_28.027742098848815_41.97143581589409.tif,data/external/sen1floods11/permanent_mask/water_4_665_rural_28.027742098848815_41.97143581589409.tif,True,True,True,True,False,686,514,2,686,514,1,-1.0,1.0,-1.0|0.0|1.0,1.0,
4_665_rural_35.185464355233826_42.02618019952724,permanent,train,coordinate_fallback,data/external/sen1floods11/permanent_sar/sentinel_4_665_rural_35.185464355233826_42.02618019952724.tif,data/external/sen1floods11/permanent_mask/water_4_665_rural_35.185464355233826_42.02618019952724.tif,True,True,True,True,False,687,514,2,687,514,1,-1.0,1.0,-1.0|0.0|1.0,1.0,
4_666_low_density_141.67359996335594_42.63129804888406,permanent,train,coordinate_fallback,data/external/sen1floods11/permanent_sar/sentinel_4_666_low_density_141.67359996335594_42.63129804888406.tif,data/external/sen1floods11/permanent_mask/water_4_666_low_density_141.67359996335594_42.63129804888406.tif,True,True,True,True,True,694,513,2,694,513,1,-1.0,1.0,-1.0|0.0|1.0,1.0,
4_666_rural_140.7372288740418_42.56381401354122,permanent,train,coordinate_fallback,data/external/sen1floods11/permanent_sar/sentinel_4_666_rural_140.7372288740418_42.56381401354122.tif,data/external/sen1floods11/permanent_mask/water_4_666_rural_140.7372288740418_42.56381401354122.tif,True,True,True,True,True,693,514,2,693,514,1,-1.0,1.0,-1.0|0.0|1.0,1.0,
4_667_low_density_118.12599695672318_34.14347945746879,permanent,train,coordinate_fallback,data/external/sen1floods11/permanent_sar/sentinel_4_667_low_density_118.12599695672318_34.14347945746879.tif,data/external/sen1floods11/permanent_mask/water_4_667_low_density_118.12599695672318_34.14347945746879.tif,True,True,True,True,False,616,513,2,616,513,1,-1.0,1.0,-1.0|0.0|1.0,1.0,
4_667_rural_118.20927958709838_34.142690196582336,permanent,train,coordinate_fallback,data/external/sen1floods11/permanent_sar/sentinel_4_667_rural_118.20927958709838_34.142690196582336.tif,data/external/sen1floods11/permanent_mask/water_4_667_rural_118.20927958709838_34.142690196582336.tif,True,True,True,True,False,616,514,2,616,514,1,-1.0,1.0,-1.0|0.0|1.0,1.0,
4_668_inhabited_-16.355938073028945_33.06080972169214,permanent,train,coordinate_fallback,data/external/sen1floods11/permanent_sar/sentinel_4_668_inhabited_-16.355938073028945_33.06080972169214.tif,data/external/sen1floods11/permanent_mask/water_4_668_inhabited_-16.355938073028945_33.06080972169214.tif,True,True,True,True,False,609,514,2,609,514,1,-1.0,1.0,-1.0|0.0|1.0|nan,1.0,
4_669_rural_129.65915415348826_41.553591292579895,permanent,train,coordinate_fallback,data/external/sen1floods11/permanent_sar/sentinel_4_669_rural_129.65915415348826_41.553591292579895.tif,data/external/sen1floods11/permanent_mask/water_4_669_rural_129.65915415348826_41.553591292579895.tif,True,True,True,True,True,682,513,2,682,513,1,-1.0,1.0,-1.0|0.0|1.0,1.0,
4_670_inhabited_133.38276216097665_36.24062143751072,permanent,train,coordinate_fallback,data/external/sen1floods11/permanent_sar/sentinel_4_670_inhabited_133.38276216097665_36.24062143751072.tif,data/external/sen1floods11/permanent_mask/water_4_670_inhabited_133.38276216097665_36.24062143751072.tif,True,True,True,True,False,633,514,2,633,514,1,-1.0,1.0,-1.0|0.0|1.0,1.0,
4_670_inhabited_136.10049953013188_35.70450371785492,permanent,train,coordinate_fallback,data/external/sen1floods11/permanent_sar/sentinel_4_670_inhabited_136.10049953013188_35.70450371785492.tif,data/external/sen1floods11/permanent_mask/water_4_670_inhabited_136.10049953013188_35.70450371785492.tif,True,True,True,True,False,629,514,2,629,514,1,-1.0,1.0,-1.0|0.0|1.0,1.0,
4_671_low_density_140.92534051108248_41.73406003041495,permanent,train,coordinate_fallback,data/external/sen1floods11/permanent_sar/sentinel_4_671_low_density_140.92534051108248_41.73406003041495.tif,data/external/sen1floods11/permanent_mask/water_4_671_low_density_140.92534051108248_41.73406003041495.tif,True,True,True,True,False,684,513,2,684,513,1,-1.0,1.0,-1.0|0.0|1.0,1.0,
4_672_rural_-6.577397008885342_57.93821476268566,permanent,train,coordinate_fallback,data/external/sen1floods11/permanent_sar/sentinel_4_672_rural_-6.577397008885342_57.93821476268566.tif,data/external/sen1floods11/permanent_mask/water_4_672_rural_-6.577397008885342_57.93821476268566.tif,True,True,True,True,False,961,514,2,961,514,1,-1.0,1.0,-1.0|0.0|1.0,1.0,
4_673_high_density_120.94158929849634_40.69811721457736,permanent,train,coordinate_fallback,data/external/sen1floods11/permanent_sar/sentinel_4_673_high_density_120.94158929849634_40.69811721457736.tif,data/external/sen1floods11/permanent_mask/water_4_673_high_density_120.94158929849634_40.69811721457736.tif,True,True,True,True,True,673,513,2,673,513,1,-1.0,1.0,-1.0|0.0|1.0,1.0,
4_674_rural_16.7291425356971_47.79550783370924,permanent,train,coordinate_fallback,data/external/sen1floods11/permanent_sar/sentinel_4_674_rural_16.7291425356971_47.79550783370924.tif,data/external/sen1floods11/permanent_mask/water_4_674_rural_16.7291425356971_47.79550783370924.tif,True,True,True,True,False,759,514,2,759,514,1,-1.0,1.0,-1.0|0.0|1.0,1.0,
4_675_rural_12.098994824942094_44.57137265341941,permanent,train,coordinate_fallback,data/external/sen1floods11/permanent_sar/sentinel_4_675_rural_12.098994824942094_44.57137265341941.tif,data/external/sen1floods11/permanent_mask/water_4_675_rural_12.098994824942094_44.57137265341941.tif,True,True,True,True,False,716,514,2,716,514,1,-1.0,1.0,-1.0|0.0|1.0,1.0,
4_675_rural_12.490111496541934_44.10523606569639,permanent,train,coordinate_fallback,data/external/sen1floods11/permanent_sar/sentinel_4_675_rural_12.490111496541934_44.10523606569639.tif,data/external/sen1floods11/permanent_mask/water_4_675_rural_12.490111496541934_44.10523606569639.tif,True,True,True,True,False,710,514,2,710,514,1,-1.0,1.0,-1.0|0.0|1.0,1.0,
4_681_low_density_126.51073896818698_33.22711635458146,permanent,train,coordinate_fallback,data/external/sen1floods11/permanent_sar/sentinel_4_681_low_density_126.51073896818698_33.22711635458146.tif,data/external/sen1floods11/permanent_mask/water_4_681_low_density_126.51073896818698_33.22711635458146.tif,True,True,True,True,False,610,514,2,610,514,1,-1.0,1.0,-1.0|0.0|1.0|nan,1.0,
4_681_rural_127.83456134803505_34.8421982970385,permanent,train,coordinate_fallback,data/external/sen1floods11/permanent_sar/sentinel_4_681_rural_127.83456134803505_34.8421982970385.tif,data/external/sen1floods11/permanent_mask/water_4_681_rural_127.83456134803505_34.8421982970385.tif,True,True,True,True,False,622,514,2,622,514,1,-1.0,1.0,-1.0|0.0|1.0|nan,1.0,
4_681_rural_128.59086947771002_34.77783563243306,permanent,train,coordinate_fallback,data/external/sen1floods11/permanent_sar/sentinel_4_681_rural_128.59086947771002_34.77783563243306.tif,data/external/sen1floods11/permanent_mask/water_4_681_rural_128.59086947771002_34.77783563243306.tif,True,True,True,True,False,621,514,2,621,514,1,-1.0,1.0,-1.0|0.0|1.0,1.0,
4_682_high_density_131.4435035719341_31.86652422744668,permanent,train,coordinate_fallback,data/external/sen1floods11/permanent_sar/sentinel_4_682_high_density_131.4435035719341_31.86652422744668.tif,data/external/sen1floods11/permanent_mask/water_4_682_high_density_131.4435035719341_31.86652422744668.tif,True,True,True,True,False,601,513,2,601,513,1,-1.0,1.0,-1.0|0.0|1.0,1.0,
4_682_high_density_131.90654108442496_33.98138221597393,permanent,train,coordinate_fallback,data/external/sen1floods11/permanent_sar/sentinel_4_682_high_density_131.90654108442496_33.98138221597393.tif,data/external/sen1floods11/permanent_mask/water_4_682_high_density_131.90654108442496_33.98138221597393.tif,True,True,True,True,True,615,514,2,615,514,1,-1.0,1.0,-1.0|0.0|1.0,1.0,
4_682_high_density_132.648339299272_34.20553230772856,permanent,train,coordinate_fallback,data/external/sen1floods11/permanent_sar/sentinel_4_682_high_density_132.648339299272_34.20553230772856.tif,data/external/sen1floods11/permanent_mask/water_4_682_high_density_132.648339299272_34.20553230772856.tif,True,True,True,True,False,617,514,2,617,514,1,-1.0,1.0,-1.0|0.0|1.0,1.0,
4_682_low_density_132.47970055653175_34.27141998489427,permanent,train,coordinate_fallback,data/external/sen1floods11/permanent_sar/sentinel_4_682_low_density_132.47970055653175_34.27141998489427.tif,data/external/sen1floods11/permanent_mask/water_4_682_low_density_132.47970055653175_34.27141998489427.tif,True,True,True,True,True,618,514,2,618,514,1,-1.0,1.0,-1.0|0.0|1.0,1.0,
4_682_low_density_136.18130735942245_35.42676860874104,permanent,train,coordinate_fallback,data/external/sen1floods11/permanent_sar/sentinel_4_682_low_density_136.18130735942245_35.42676860874104.tif,data/external/sen1floods11/permanent_mask/water_4_682_low_density_136.18130735942245_35.42676860874104.tif,True,True,True,True,False,626,514,2,626,514,1,-1.0,1.0,-1.0|0.0|1.0,1.0,
4_682_low_density_140.43074594043637_35.466307457781944,permanent,train,coordinate_fallback,data/external/sen1floods11/permanent_sar/sentinel_4_682_low_density_140.43074594043637_35.466307457781944.tif,data/external/sen1floods11/permanent_mask/water_4_682_low_density_140.43074594043637_35.466307457781944.tif,True,True,True,True,True,627,514,2,627,514,1,-1.0,1.0,-1.0|0.0|1.0,1.0,
4_682_rural_129.3593375759577_34.306312450637485,permanent,train,coordinate_fallback,data/external/sen1floods11/permanent_sar/sentinel_4_682_rural_129.3593375759577_34.306312450637485.tif,data/external/sen1floods11/permanent_mask/water_4_682_rural_129.3593375759577_34.306312450637485.tif,True,True,True,True,False,618,514,2,618,514,1,-1.0,1.0,-1.0|0.0|1.0,1.0,
4_682_rural_134.22932249597335_34.50270017923335,permanent,train,coordinate_fallback,data/external/sen1floods11/permanent_sar/sentinel_4_682_rural_134.22932249597335_34.50270017923335.tif,data/external/sen1floods11/permanent_mask/water_4_682_rural_134.22932249597335_34.50270017923335.tif,True,True,True,True,False,619,514,2,619,514,1,-1.0,1.0,-1.0|0.0|1.0,1.0,
4_685_rural_131.89133109073165_42.96269398007511,permanent,train,coordinate_fallback,data/external/sen1floods11/permanent_sar/sentinel_4_685_rural_131.89133109073165_42.96269398007511.tif,data/external/sen1floods11/permanent_mask/water_4_685_rural_131.89133109073165_42.96269398007511.tif,True,True,True,True,True,697,513,2,697,513,1,-1.0,1.0,-1.0|0.0|1.0,1.0,
4_686_low_density_6.46316821719922_46.48848734663055,permanent,train,coordinate_fallback,data/external/sen1floods11/permanent_sar/sentinel_4_686_low_density_6.46316821719922_46.48848734663055.tif,data/external/sen1floods11/permanent_mask/water_4_686_low_density_6.46316821719922_46.48848734663055.tif,True,True,True,True,False,741,513,2,741,513,1,-1.0,1.0,-1.0|0.0|1.0,1.0,
4_686_rural_13.546062298806344_47.937530202261485,permanent,train,coordinate_fallback,data/external/sen1floods11/permanent_sar/sentinel_4_686_rural_13.546062298806344_47.937530202261485.tif,data/external/sen1floods11/permanent_mask/water_4_686_rural_13.546062298806344_47.937530202261485.tif,True,True,True,True,False,761,514,2,761,514,1,-1.0,1.0,-1.0|0.0|1.0,1.0,
4_687_inhabited_71.62321819121632_56.169797712303776,permanent,train,coordinate_fallback,data/external/sen1floods11/permanent_sar/sentinel_4_687_inhabited_71.62321819121632_56.169797712303776.tif,data/external/sen1floods11/permanent_mask/water_4_687_inhabited_71.62321819121632_56.169797712303776.tif,True,True,True,True,False,916,514,2,916,514,1,-1.0,1.0,-1.0|0.0|1.0,1.0,
5_364_low_density_-122.51286503220427_47.29484442652939,permanent,train,coordinate_fallback,data/external/sen1floods11/permanent_sar/sentinel_5_364_low_density_-122.51286503220427_47.29484442652939.tif,data/external/sen1floods11/permanent_mask/water_5_364_low_density_-122.51286503220427_47.29484442652939.tif,True,True,True,True,True,752,514,2,752,514,1,-1.0,1.0,-1.0|0.0|1.0,1.0,
5_689_low_density_10.578695534477092_45.57039411253447,permanent,train,coordinate_fallback,data/external/sen1floods11/permanent_sar/sentinel_5_689_low_density_10.578695534477092_45.57039411253447.tif,data/external/sen1floods11/permanent_mask/water_5_689_low_density_10.578695534477092_45.57039411253447.tif,True,True,True,True,False,729,514,2,729,514,1,-1.0,1.0,-1.0|0.0|1.0|nan,1.0,
5_689_low_density_8.358473447157962_46.998626343548985,permanent,train,coordinate_fallback,data/external/sen1floods11/permanent_sar/sentinel_5_689_low_density_8.358473447157962_46.998626343548985.tif,data/external/sen1floods11/permanent_mask/water_5_689_low_density_8.358473447157962_46.998626343548985.tif,True,True,True,True,False,748,514,2,748,514,1,-1.0,1.0,-1.0|0.0|1.0,1.0,
6_369_rural_-160.33139288668946_55.295532982462014,permanent,train,coordinate_fallback,data/external/sen1floods11/permanent_sar/sentinel_6_369_rural_-160.33139288668946_55.295532982462014.tif,data/external/sen1floods11/permanent_mask/water_6_369_rural_-160.33139288668946_55.295532982462014.tif,True,True,True,True,True,896,514,2,896,514,1,-1.0,1.0,-1.0|0.0|1.0,1.0,
6_370_inhabited_-76.84328713493801_49.80858684069159,permanent,train,coordinate_fallback,data/external/sen1floods11/permanent_sar/sentinel_6_370_inhabited_-76.84328713493801_49.80858684069159.tif,data/external/sen1floods11/permanent_mask/water_6_370_inhabited_-76.84328713493801_49.80858684069159.tif,True,True,True,True,False,790,514,2,790,514,1,-1.0,1.0,-1.0|0.0|1.0,1.0,
6_371_inhabited_-150.93200918512034_60.23995367636284,permanent,train,coordinate_fallback,data/external/sen1floods11/permanent_sar/sentinel_6_371_inhabited_-150.93200918512034_60.23995367636284.tif,data/external/sen1floods11/permanent_mask/water_6_371_inhabited_-150.93200918512034_60.23995367636284.tif,True,True,True,True,True,1027,514,2,1027,514,1,-1.0,1.0,-1.0|0.0|1.0,1.0,
6_373_rural_-56.740968425340704_51.281597364484796,permanent,train,coordinate_fallback,data/external/sen1floods11/permanent_sar/sentinel_6_373_rural_-56.740968425340704_51.281597364484796.tif,data/external/sen1floods11/permanent_mask/water_6_373_rural_-56.740968425340704_51.281597364484796.tif,True,True,True,True,False,816,514,2,816,514,1,-1.0,1.0,-1.0|0.0|1.0,1.0,
6_374_rural_-65.65178626088796_53.74004692558428,permanent,train,coordinate_fallback,data/external/sen1floods11/permanent_sar/sentinel_6_374_rural_-65.65178626088796_53.74004692558428.tif,data/external/sen1floods11/permanent_mask/water_6_374_rural_-65.65178626088796_53.74004692558428.tif,True,True,True,True,False,863,513,2,863,513,1,-1.0,1.0,-1.0|0.0|1.0,1.0,
6_375_inhabited_-160.34674557161648_61.61515827764975,permanent,train,coordinate_fallback,data/external/sen1floods11/permanent_sar/sentinel_6_375_inhabited_-160.34674557161648_61.61515827764975.tif,data/external/sen1floods11/permanent_mask/water_6_375_inhabited_-160.34674557161648_61.61515827764975.tif,True,True,True,True,False,1072,514,2,1072,514,1,-1.0,1.0,-1.0|0.0|1.0,1.0,
6_379_rural_-105.5636212685091_60.599134266217895,permanent,train,coordinate_fallback,data/external/sen1floods11/permanent_sar/sentinel_6_379_rural_-105.5636212685091_60.599134266217895.tif,data/external/sen1floods11/permanent_mask/water_6_379_rural_-105.5636212685091_60.599134266217895.tif,True,True,True,True,False,1038,513,2,1038,513,1,-1.0,1.0,-1.0|0.0|1.0,1.0,
6_379_rural_-106.61091249652772_61.89128811038439,permanent,train,coordinate_fallback,data/external/sen1floods11/permanent_sar/sentinel_6_379_rural_-106.61091249652772_61.89128811038439.tif,data/external/sen1floods11/permanent_mask/water_6_379_rural_-106.61091249652772_61.89128811038439.tif,True,True,True,True,True,1083,514,2,1083,514,1,-1.0,1.0,-1.0|0.0|1.0,1.0,
6_383_inhabited_-132.27607570692615_59.8366993316955,permanent,train,coordinate_fallback,data/external/sen1floods11/permanent_sar/sentinel_6_383_inhabited_-132.27607570692615_59.8366993316955.tif,data/external/sen1floods11/permanent_mask/water_6_383_inhabited_-132.27607570692615_59.8366993316955.tif,True,True,True,True,False,1015,514,2,1015,514,1,-1.0,1.0,-1.0|0.0|1.0,1.0,
6_711_rural_-21.83272638259962_66.1816077298563,permanent,train,coordinate_fallback,data/external/sen1floods11/permanent_sar/sentinel_6_711_rural_-21.83272638259962_66.1816077298563.tif,data/external/sen1floods11/permanent_mask/water_6_711_rural_-21.83272638259962_66.1816077298563.tif,True,True,True,True,False,1263,514,2,1263,514,1,-1.0,1.0,-1.0|0.0|1.0,1.0,
6_715_inhabited_138.51757309255646_53.96232419489644,permanent,train,coordinate_fallback,data/external/sen1floods11/permanent_sar/sentinel_6_715_inhabited_138.51757309255646_53.96232419489644.tif,data/external/sen1floods11/permanent_mask/water_6_715_inhabited_138.51757309255646_53.96232419489644.tif,True,True,True,True,False,867,514,2,867,514,1,-1.0,1.0,-1.0|0.0|1.0,1.0,
6_716_inhabited_142.7961340625504_53.72550579704898,permanent,train,coordinate_fallback,data/external/sen1floods11/permanent_sar/sentinel_6_716_inhabited_142.7961340625504_53.72550579704898.tif,data/external/sen1floods11/permanent_mask/water_6_716_inhabited_142.7961340625504_53.72550579704898.tif,True,True,True,True,True,862,514,2,862,514,1,-1.0,1.0,-1.0|0.0|1.0,1.0,
6_716_inhabited_143.11747026176488_53.16787737391137,permanent,train,coordinate_fallback,data/external/sen1floods11/permanent_sar/sentinel_6_716_inhabited_143.11747026176488_53.16787737391137.tif,data/external/sen1floods11/permanent_mask/water_6_716_inhabited_143.11747026176488_53.16787737391137.tif,True,True,True,True,False,851,514,2,851,514,1,-1.0,1.0,-1.0|0.0|1.0,1.0,
6_718_inhabited_106.81771222608336_52.405388930176336,permanent,train,coordinate_fallback,data/external/sen1floods11/permanent_sar/sentinel_6_718_inhabited_106.81771222608336_52.405388930176336.tif,data/external/sen1floods11/permanent_mask/water_6_718_inhabited_106.81771222608336_52.405388930176336.tif,True,True,True,True,False,836,514,2,836,514,1,1.0,1.0,1.0,1.0,
6_718_inhabited_111.44048904279705_52.63396245017597,permanent,train,coordinate_fallback,data/external/sen1floods11/permanent_sar/sentinel_6_718_inhabited_111.44048904279705_52.63396245017597.tif,data/external/sen1floods11/permanent_mask/water_6_718_inhabited_111.44048904279705_52.63396245017597.tif,True,True,True,True,False,841,514,2,841,514,1,-1.0,1.0,-1.0|0.0|1.0,1.0,
7_181_rural_136.8399745533301_-13.892650387286482,permanent,train,coordinate_fallback,data/external/sen1floods11/permanent_sar/sentinel_7_181_rural_136.8399745533301_-13.892650387286482.tif,data/external/sen1floods11/permanent_mask/water_7_181_rural_136.8399745533301_-13.892650387286482.tif,True,True,True,True,False,526,514,2,526,514,1,-1.0,1.0,-1.0|0.0|1.0,1.0,
7_183_inhabited_142.29561780570532_-10.536677425250474,permanent,train,coordinate_fallback,data/external/sen1floods11/permanent_sar/sentinel_7_183_inhabited_142.29561780570532_-10.536677425250474.tif,data/external/sen1floods11/permanent_mask/water_7_183_inhabited_142.29561780570532_-10.536677425250474.tif,True,True,True,True,False,520,514,2,520,514,1,-1.0,1.0,-1.0|0.0|1.0,1.0,
7_183_inhabited_142.64257154047186_-9.771286106729647,permanent,train,coordinate_fallback,data/external/sen1floods11/permanent_sar/sentinel_7_183_inhabited_142.64257154047186_-9.771286106729647.tif,data/external/sen1floods11/permanent_mask/water_7_183_inhabited_142.64257154047186_-9.771286106729647.tif,True,True,True,True,False,518,513,2,518,513,1,-1.0,1.0,-1.0|0.0|1.0,1.0,
7_35_inhabited_13.37155091997869_-8.320044914279368,permanent,train,coordinate_fallback,data/external/sen1floods11/permanent_sar/sentinel_7_35_inhabited_13.37155091997869_-8.320044914279368.tif,data/external/sen1floods11/permanent_mask/water_7_35_inhabited_13.37155091997869_-8.320044914279368.tif,True,True,True,True,False,516,514,2,516,514,1,-1.0,1.0,-1.0|0.0|1.0,1.0,
7_384_high_density_-93.85502519989726_29.85633917704801,permanent,train,coordinate_fallback,data/external/sen1floods11/permanent_sar/sentinel_7_384_high_density_-93.85502519989726_29.85633917704801.tif,data/external/sen1floods11/permanent_mask/water_7_384_high_density_-93.85502519989726_29.85633917704801.tif,True,True,True,True,False,588,514,2,588,514,1,1.0,1.0,1.0,1.0,
7_384_low_density_-93.77659407146817_29.995436375309197,permanent,train,coordinate_fallback,data/external/sen1floods11/permanent_sar/sentinel_7_384_low_density_-93.77659407146817_29.995436375309197.tif,data/external/sen1floods11/permanent_mask/water_7_384_low_density_-93.77659407146817_29.995436375309197.tif,True,True,True,True,False,589,514,2,589,514,1,-1.0,1.0,-1.0|0.0|1.0,1.0,
7_384_rural_-93.29885936190517_29.99738946157061,permanent,train,coordinate_fallback,data/external/sen1floods11/permanent_sar/sentinel_7_384_rural_-93.29885936190517_29.99738946157061.tif,data/external/sen1floods11/permanent_mask/water_7_384_rural_-93.29885936190517_29.99738946157061.tif,True,True,True,True,False,589,513,2,589,513,1,-1.0,1.0,-1.0|0.0|1.0,1.0,
7_39_inhabited_29.769988685148032_-6.326701888559562,permanent,train,coordinate_fallback,data/external/sen1floods11/permanent_sar/sentinel_7_39_inhabited_29.769988685148032_-6.326701888559562.tif,data/external/sen1floods11/permanent_mask/water_7_39_inhabited_29.769988685148032_-6.326701888559562.tif,True,True,True,True,False,513,513,2,513,513,1,-1.0,1.0,-1.0|0.0|1.0,1.0,
7_39_inhabited_29.847420974941116_-5.588586891182666,permanent,train,coordinate_fallback,data/external/sen1floods11/permanent_sar/sentinel_7_39_inhabited_29.847420974941116_-5.588586891182666.tif,data/external/sen1floods11/permanent_mask/water_7_39_inhabited_29.847420974941116_-5.588586891182666.tif,True,True,True,True,False,513,514,2,513,514,1,-1.0,1.0,-1.0|0.0|1.0,1.0,
7_39_low_density_29.64477266846622_-4.616422597712503,permanent,train,coordinate_fallback,data/external/sen1floods11/permanent_sar/sentinel_7_39_low_density_29.64477266846622_-4.616422597712503.tif,data/external/sen1floods11/permanent_mask/water_7_39_low_density_29.64477266846622_-4.616422597712503.tif,True,True,True,True,False,513,514,2,513,514,1,-1.0,1.0,-1.0|0.0|1.0,1.0,
7_44_low_density_-0.4663818382809578_6.704583948232781,permanent,train,coordinate_fallback,data/external/sen1floods11/permanent_sar/sentinel_7_44_low_density_-0.4663818382809578_6.704583948232781.tif,data/external/sen1floods11/permanent_mask/water_7_44_low_density_-0.4663818382809578_6.704583948232781.tif,True,True,True,True,False,514,514,2,514,514,1,-1.0,1.0,-1.0|0.0|1.0,1.0,
7_44_low_density_2.415535172561113_6.482832852844917,permanent,train,coordinate_fallback,data/external/sen1floods11/permanent_sar/sentinel_7_44_low_density_2.415535172561113_6.482832852844917.tif,data/external/sen1floods11/permanent_mask/water_7_44_low_density_2.415535172561113_6.482832852844917.tif,True,True,True,True,False,514,514,2,514,514,1,-1.0,1.0,-1.0|0.0|1.0,1.0,
7_44_rural_0.019044820599267345_6.6324535295922376,permanent,train,coordinate_fallback,data/external/sen1floods11/permanent_sar/sentinel_7_44_rural_0.019044820599267345_6.6324535295922376.tif,data/external/sen1floods11/permanent_mask/water_7_44_rural_0.019044820599267345_6.6324535295922376.tif,True,True,True,True,False,514,514,2,514,514,1,-1.0,1.0,-1.0|1.0,1.0,
7_44_rural_2.8323050525214324_6.413667736404916,permanent,train,coordinate_fallback,data/external/sen1floods11/permanent_sar/sentinel_7_44_rural_2.8323050525214324_6.413667736404916.tif,data/external/sen1floods11/permanent_mask/water_7_44_rural_2.8323050525214324_6.413667736404916.tif,True,True,True,True,False,513,514,2,513,514,1,-1.0,1.0,-1.0|0.0|1.0,1.0,
7_567_rural_-49.632653008627884_-21.3343014441486,permanent,train,coordinate_fallback,data/external/sen1floods11/permanent_sar/sentinel_7_567_rural_-49.632653008627884_-21.3343014441486.tif,data/external/sen1floods11/permanent_mask/water_7_567_rural_-49.632653008627884_-21.3343014441486.tif,True,True,True,True,False,548,514,2,548,514,1,-1.0,1.0,-1.0|0.0|1.0,1.0,
7_572_inhabited_-62.583296002868664_7.559563066018387,permanent,train,coordinate_fallback,data/external/sen1floods11/permanent_sar/sentinel_7_572_inhabited_-62.583296002868664_7.559563066018387.tif,data/external/sen1floods11/permanent_mask/water_7_572_inhabited_-62.583296002868664_7.559563066018387.tif,True,True,True,True,False,515,514,2,515,514,1,-1.0,1.0,-1.0|0.0|1.0,1.0,
7_572_inhabited_-63.00101121225231_7.629232060877423,permanent,train,coordinate_fallback,data/external/sen1floods11/permanent_sar/sentinel_7_572_inhabited_-63.00101121225231_7.629232060877423.tif,data/external/sen1floods11/permanent_mask/water_7_572_inhabited_-63.00101121225231_7.629232060877423.tif,True,True,True,True,False,515,514,2,515,514,1,-1.0,1.0,-1.0|0.0|1.0,1.0,
7_573_inhabited_-83.55574585563117_13.633549861474956,permanent,train,coordinate_fallback,data/external/sen1floods11/permanent_sar/sentinel_7_573_inhabited_-83.55574585563117_13.633549861474956.tif,data/external/sen1floods11/permanent_mask/water_7_573_inhabited_-83.55574585563117_13.633549861474956.tif,True,True,True,True,False,526,514,2,526,514,1,-1.0,1.0,-1.0|0.0|1.0,1.0,
7_574_high_density_-55.96899101456394_-34.85228478362141,permanent,train,coordinate_fallback,data/external/sen1floods11/permanent_sar/sentinel_7_574_high_density_-55.96899101456394_-34.85228478362141.tif,data/external/sen1floods11/permanent_mask/water_7_574_high_density_-55.96899101456394_-34.85228478362141.tif,True,True,True,True,False,621,514,2,621,514,1,-1.0,1.0,-1.0|0.0|1.0,1.0,
7_574_low_density_-51.07329491787412_-30.22945891679615,permanent,train,coordinate_fallback,data/external/sen1floods11/permanent_sar/sentinel_7_574_low_density_-51.07329491787412_-30.22945891679615.tif,data/external/sen1floods11/permanent_mask/water_7_574_low_density_-51.07329491787412_-30.22945891679615.tif,True,True,True,True,False,591,514,2,591,514,1,-1.0,1.0,-1.0|0.0|1.0|nan,1.0,
7_574_rural_-51.14134525905076_-31.091474496044093,permanent,train,coordinate_fallback,data/external/sen1floods11/permanent_sar/sentinel_7_574_rural_-51.14134525905076_-31.091474496044093.tif,data/external/sen1floods11/permanent_mask/water_7_574_rural_-51.14134525905076_-31.091474496044093.tif,True,True,True,True,False,596,514,2,596,514,1,-1.0,1.0,-1.0|0.0|1.0,1.0,
7_574_rural_-56.89336712204431_-34.64883829805793,permanent,train,coordinate_fallback,data/external/sen1floods11/permanent_sar/sentinel_7_574_rural_-56.89336712204431_-34.64883829805793.tif,data/external/sen1floods11/permanent_mask/water_7_574_rural_-56.89336712204431_-34.64883829805793.tif,True,True,True,True,False,621,514,2,621,514,1,-1.0,1.0,-1.0|0.0|1.0,1.0,
7_58_inhabited_18.286902734112097_-2.347792509357164,permanent,train,coordinate_fallback,data/external/sen1floods11/permanent_sar/sentinel_7_58_inhabited_18.286902734112097_-2.347792509357164.tif,data/external/sen1floods11/permanent_mask/water_7_58_inhabited_18.286902734112097_-2.347792509357164.tif,True,True,True,True,False,511,513,2,511,513,1,-1.0,1.0,-1.0|0.0|1.0,1.0,
7_66_low_density_35.13497841310671_-14.321277016947915,permanent,train,coordinate_fallback,data/external/sen1floods11/permanent_sar/sentinel_7_66_low_density_35.13497841310671_-14.321277016947915.tif,data/external/sen1floods11/permanent_mask/water_7_66_low_density_35.13497841310671_-14.321277016947915.tif,True,True,True,True,False,527,514,2,527,514,1,-1.0,1.0,-1.0|0.0|1.0,1.0,
7_66_rural_35.206823449279824_-14.390014059686782,permanent,train,coordinate_fallback,data/external/sen1floods11/permanent_sar/sentinel_7_66_rural_35.206823449279824_-14.390014059686782.tif,data/external/sen1floods11/permanent_mask/water_7_66_rural_35.206823449279824_-14.390014059686782.tif,True,True,True,True,False,527,514,2,527,514,1,-1.0,1.0,-1.0|0.0|1.0,1.0,
8_190_low_density_170.52663248517652_-45.88675841407436,permanent,train,coordinate_fallback,data/external/sen1floods11/permanent_sar/sentinel_8_190_low_density_170.52663248517652_-45.88675841407436.tif,data/external/sen1floods11/permanent_mask/water_8_190_low_density_170.52663248517652_-45.88675841407436.tif,True,True,True,True,True,733,514,2,733,514,1,-1.0,1.0,-1.0|0.0|1.0,1.0,
8_190_rural_170.22586166002057_-46.161608484806656,permanent,train,coordinate_fallback,data/external/sen1floods11/permanent_sar/sentinel_8_190_rural_170.22586166002057_-46.161608484806656.tif,data/external/sen1floods11/permanent_mask/water_8_190_rural_170.22586166002057_-46.161608484806656.tif,True,True,True,True,True,737,514,2,737,514,1,1.0,1.0,1.0|nan,1.0,
8_190_rural_171.21425708132526_-44.50488745671254,permanent,train,coordinate_fallback,data/external/sen1floods11/permanent_sar/sentinel_8_190_rural_171.21425708132526_-44.50488745671254.tif,data/external/sen1floods11/permanent_mask/water_8_190_rural_171.21425708132526_-44.50488745671254.tif,True,True,True,True,False,716,514,2,716,514,1,-1.0,1.0,-1.0|0.0|1.0,1.0,
8_386_inhabited_-109.66759059585645_52.73264235648873,permanent,train,coordinate_fallback,data/external/sen1floods11/permanent_sar/sentinel_8_386_inhabited_-109.66759059585645_52.73264235648873.tif,data/external/sen1floods11/permanent_mask/water_8_386_inhabited_-109.66759059585645_52.73264235648873.tif,True,True,True,True,False,843,514,2,843,514,1,-1.0,1.0,-1.0|0.0|1.0,1.0,
8_387_high_density_-88.35450555452013_44.157826703520726,permanent,train,coordinate_fallback,data/external/sen1floods11/permanent_sar/sentinel_8_387_high_density_-88.35450555452013_44.157826703520726.tif,data/external/sen1floods11/permanent_mask/water_8_387_high_density_-88.35450555452013_44.157826703520726.tif,True,True,True,True,False,711,514,2,711,514,1,1.0,1.0,1.0,1.0,
8_390_rural_-95.59962173245162_35.3399454521294,permanent,train,coordinate_fallback,data/external/sen1floods11/permanent_sar/sentinel_8_390_rural_-95.59962173245162_35.3399454521294.tif,data/external/sen1floods11/permanent_mask/water_8_390_rural_-95.59962173245162_35.3399454521294.tif,True,True,True,True,False,625,513,2,625,513,1,-1.0,1.0,-1.0|0.0|1.0,1.0,
8_393_rural_-80.06884476846389_33.34447989430815,permanent,train,coordinate_fallback,data/external/sen1floods11/permanent_sar/sentinel_8_393_rural_-80.06884476846389_33.34447989430815.tif,data/external/sen1floods11/permanent_mask/water_8_393_rural_-80.06884476846389_33.34447989430815.tif,True,True,True,True,False,611,514,2,611,514,1,-1.0,1.0,-1.0|0.0|1.0,1.0,
8_394_inhabited_-111.54204952839034_46.418715792447294,permanent,train,coordinate_fallback,data/external/sen1floods11/permanent_sar/sentinel_8_394_inhabited_-111.54204952839034_46.418715792447294.tif,data/external/sen1floods11/permanent_mask/water_8_394_inhabited_-111.54204952839034_46.418715792447294.tif,True,True,True,True,False,740,514,2,740,514,1,-1.0,1.0,-1.0|0.0|1.0,1.0,
8_394_rural_-111.54273622995258_46.4878318587757,permanent,train,coordinate_fallback,data/external/sen1floods11/permanent_sar/sentinel_8_394_rural_-111.54273622995258_46.4878318587757.tif,data/external/sen1floods11/permanent_mask/water_8_394_rural_-111.54273622995258_46.4878318587757.tif,True,True,True,True,False,741,514,2,741,514,1,-1.0,1.0,-1.0|0.0|1.0,1.0,
8_399_low_density_-86.61802012678196_30.39836520559962,permanent,train,coordinate_fallback,data/external/sen1floods11/permanent_sar/sentinel_8_399_low_density_-86.61802012678196_30.39836520559962.tif,data/external/sen1floods11/permanent_mask/water_8_399_low_density_-86.61802012678196_30.39836520559962.tif,True,True,True,True,True,592,514,2,592,514,1,-1.0,1.0,-1.0|0.0|1.0,1.0,
8_399_low_density_-88.51863614609537_30.340120427639512,permanent,train,coordinate_fallback,data/external/sen1floods11/permanent_sar/sentinel_8_399_low_density_-88.51863614609537_30.340120427639512.tif,data/external/sen1floods11/permanent_mask/water_8_399_low_density_-88.51863614609537_30.340120427639512.tif,True,True,True,True,False,591,514,2,591,514,1,-1.0,1.0,-1.0|0.0|1.0,1.0,
8_399_rural_-88.91930867125275_30.40413974146383,permanent,train,coordinate_fallback,data/external/sen1floods11/permanent_sar/sentinel_8_399_rural_-88.91930867125275_30.40413974146383.tif,data/external/sen1floods11/permanent_mask/water_8_399_rural_-88.91930867125275_30.40413974146383.tif,True,True,True,True,False,592,514,2,592,514,1,-1.0,1.0,-1.0|0.0|1.0|nan,1.0,
8_402_inhabited_-101.70792576961551_41.19493687664913,permanent,train,coordinate_fallback,data/external/sen1floods11/permanent_sar/sentinel_8_402_inhabited_-101.70792576961551_41.19493687664913.tif,data/external/sen1floods11/permanent_mask/water_8_402_inhabited_-101.70792576961551_41.19493687664913.tif,True,True,True,True,False,678,514,2,678,514,1,-1.0,1.0,-1.0|0.0|1.0,1.0,
8_575_inhabited_-63.59366141506369_-37.2527258991166,permanent,train,coordinate_fallback,data/external/sen1floods11/permanent_sar/sentinel_8_575_inhabited_-63.59366141506369_-37.2527258991166.tif,data/external/sen1floods11/permanent_mask/water_8_575_inhabited_-63.59366141506369_-37.2527258991166.tif,True,True,True,True,False,641,514,2,641,514,1,-1.0,1.0,-1.0|0.0|1.0|nan,1.0,
8_575_inhabited_-63.73069404953713_-38.30882385171577,permanent,train,coordinate_fallback,data/external/sen1floods11/permanent_sar/sentinel_8_575_inhabited_-63.73069404953713_-38.30882385171577.tif,data/external/sen1floods11/permanent_mask/water_8_575_inhabited_-63.73069404953713_-38.30882385171577.tif,True,True,True,True,False,651,514,2,651,514,1,-1.0,1.0,-1.0|0.0|1.0|nan,1.0,
8_576_rural_-61.18914468120564_-34.4878870455338,permanent,train,coordinate_fallback,data/external/sen1floods11/permanent_sar/sentinel_8_576_rural_-61.18914468120564_-34.4878870455338.tif,data/external/sen1floods11/permanent_mask/water_8_576_rural_-61.18914468120564_-34.4878870455338.tif,True,True,True,True,False,620,514,2,620,514,1,-1.0,1.0,-1.0|0.0|1.0|nan,1.0,
8_577_inhabited_-64.98589978237477_-42.12968039407878,permanent,train,coordinate_fallback,data/external/sen1floods11/permanent_sar/sentinel_8_577_inhabited_-64.98589978237477_-42.12968039407878.tif,data/external/sen1floods11/permanent_mask/water_8_577_inhabited_-64.98589978237477_-42.12968039407878.tif,True,True,True,True,False,688,513,2,688,513,1,-1.0,1.0,-1.0|0.0|1.0,1.0,
8_578_high_density_-67.51194485634343_-45.89294764633654,permanent,train,coordinate_fallback,data/external/sen1floods11/permanent_sar/sentinel_8_578_high_density_-67.51194485634343_-45.89294764633654.tif,data/external/sen1floods11/permanent_mask/water_8_578_high_density_-67.51194485634343_-45.89294764633654.tif,True,True,True,True,False,734,514,2,734,514,1,-1.0,1.0,-1.0|0.0|1.0|nan,1.0,
8_578_rural_-60.03458085914426_-51.30808442474227,permanent,train,coordinate_fallback,data/external/sen1floods11/permanent_sar/sentinel_8_578_rural_-60.03458085914426_-51.30808442474227.tif,data/external/sen1floods11/permanent_mask/water_8_578_rural_-60.03458085914426_-51.30808442474227.tif,True,True,True,True,False,816,514,2,816,514,1,-1.0,1.0,-1.0|0.0|1.0,1.0,
8_578_rural_-61.28873870323436_-51.75251410853711,permanent,train,coordinate_fallback,data/external/sen1floods11/permanent_sar/sentinel_8_578_rural_-61.28873870323436_-51.75251410853711.tif,data/external/sen1floods11/permanent_mask/water_8_578_rural_-61.28873870323436_-51.75251410853711.tif,True,True,True,True,False,825,514,2,825,514,1,-1.0,1.0,-1.0|0.0|1.0|nan,1.0,
8_726_inhabited_115.74290620342694_50.14014329952056,permanent,train,coordinate_fallback,data/external/sen1floods11/permanent_sar/sentinel_8_726_inhabited_115.74290620342694_50.14014329952056.tif,data/external/sen1floods11/permanent_mask/water_8_726_inhabited_115.74290620342694_50.14014329952056.tif,True,True,True,True,False,796,513,2,796,513,1,-1.0,1.0,-1.0|0.0|1.0,1.0,
8_731_rural_82.1631908921453_54.41098110648995,permanent,train,coordinate_fallback,data/external/sen1floods11/permanent_sar/sentinel_8_731_rural_82.1631908921453_54.41098110648995.tif,data/external/sen1floods11/permanent_mask/water_8_731_rural_82.1631908921453_54.41098110648995.tif,True,True,True,True,False,876,514,2,876,514,1,-1.0,1.0,-1.0|0.0|1.0,1.0,
8_731_rural_82.97022129630318_54.82044251982367,permanent,train,coordinate_fallback,data/external/sen1floods11/permanent_sar/sentinel_8_731_rural_82.97022129630318_54.82044251982367.tif,data/external/sen1floods11/permanent_mask/water_8_731_rural_82.97022129630318_54.82044251982367.tif,True,True,True,True,True,886,513,2,886,513,1,-1.0,1.0,-1.0|0.0|1.0,1.0,
8_732_inhabited_75.89911707788139_49.75246459483292,permanent,train,coordinate_fallback,data/external/sen1floods11/permanent_sar/sentinel_8_732_inhabited_75.89911707788139_49.75246459483292.tif,data/external/sen1floods11/permanent_mask/water_8_732_inhabited_75.89911707788139_49.75246459483292.tif,True,True,True,True,False,790,514,2,790,514,1,-1.0,1.0,-1.0|0.0|1.0,1.0,
8_732_inhabited_79.48111295411447_53.09317405396298,permanent,train,coordinate_fallback,data/external/sen1floods11/permanent_sar/sentinel_8_732_inhabited_79.48111295411447_53.09317405396298.tif,data/external/sen1floods11/permanent_mask/water_8_732_inhabited_79.48111295411447_53.09317405396298.tif,True,True,True,True,False,849,513,2,849,513,1,-1.0,1.0,-1.0|0.0|1.0,1.0,
8_734_inhabited_115.85035716151184_50.14125807478392,permanent,train,coordinate_fallback,data/external/sen1floods11/permanent_sar/sentinel_8_734_inhabited_115.85035716151184_50.14125807478392.tif,data/external/sen1floods11/permanent_mask/water_8_734_inhabited_115.85035716151184_50.14125807478392.tif,True,True,True,True,False,796,514,2,796,514,1,-1.0,1.0,-1.0|0.0|1.0,1.0,
8_734_inhabited_124.36158603345767_45.22698090400439,permanent,train,coordinate_fallback,data/external/sen1floods11/permanent_sar/sentinel_8_734_inhabited_124.36158603345767_45.22698090400439.tif,data/external/sen1floods11/permanent_mask/water_8_734_inhabited_124.36158603345767_45.22698090400439.tif,True,True,True,True,False,725,513,2,725,513,1,-1.0,1.0,-1.0|1.0,1.0,
8_735_high_density_28.651160098928973_44.085830057911785,permanent,train,coordinate_fallback,data/external/sen1floods11/permanent_sar/sentinel_8_735_high_density_28.651160098928973_44.085830057911785.tif,data/external/sen1floods11/permanent_mask/water_8_735_high_density_28.651160098928973_44.085830057911785.tif,True,True,True,True,False,710,514,2,710,514,1,-1.0,1.0,-1.0|0.0|1.0,1.0,
8_735_low_density_44.83805365102179_49.05200670585238,permanent,train,coordinate_fallback,data/external/sen1floods11/permanent_sar/sentinel_8_735_low_density_44.83805365102179_49.05200670585238.tif,data/external/sen1floods11/permanent_mask/water_8_735_low_density_44.83805365102179_49.05200670585238.tif,True,True,True,True,False,779,513,2,779,513,1,-1.0,1.0,-1.0|0.0|1.0,1.0,
8_737_inhabited_106.44120356953464_51.236596116653416,permanent,train,coordinate_fallback,data/external/sen1floods11/permanent_sar/sentinel_8_737_inhabited_106.44120356953464_51.236596116653416.tif,data/external/sen1floods11/permanent_mask/water_8_737_inhabited_106.44120356953464_51.236596116653416.tif,True,True,True,True,False,815,514,2,815,514,1,1.0,1.0,1.0,1.0,
8_738_rural_103.40083240275835_53.41920568658673,permanent,train,coordinate_fallback,data/external/sen1floods11/permanent_sar/sentinel_8_738_rural_103.40083240275835_53.41920568658673.tif,data/external/sen1floods11/permanent_mask/water_8_738_rural_103.40083240275835_53.41920568658673.tif,True,True,True,True,False,855,514,2,855,514,1,-1.0,1.0,-1.0|0.0|1.0,1.0,
9_312_inhabited_68.21588084414567_23.61607696240949,permanent,train,coordinate_fallback,data/external/sen1floods11/permanent_sar/sentinel_9_312_inhabited_68.21588084414567_23.61607696240949.tif,data/external/sen1floods11/permanent_mask/water_9_312_inhabited_68.21588084414567_23.61607696240949.tif,True,True,True,True,False,557,514,2,557,514,1,-1.0,1.0,-1.0|0.0|1.0,1.0,
9_312_inhabited_69.1251004671454_24.018778378546195,permanent,train,coordinate_fallback,data/external/sen1floods11/permanent_sar/sentinel_9_312_inhabited_69.1251004671454_24.018778378546195.tif,data/external/sen1floods11/permanent_mask/water_9_312_inhabited_69.1251004671454_24.018778378546195.tif,True,True,True,True,False,559,514,2,559,514,1,-1.0,1.0,-1.0|1.0,1.0,
9_581_inhabited_-80.91203848216523_24.77565727315599,permanent,train,coordinate_fallback,data/external/sen1floods11/permanent_sar/sentinel_9_581_inhabited_-80.91203848216523_24.77565727315599.tif,data/external/sen1floods11/permanent_mask/water_9_581_inhabited_-80.91203848216523_24.77565727315599.tif,True,True,True,True,False,562,513,2,562,513,1,-1.0,1.0,-1.0|0.0|1.0,1.0,
9_581_rural_-80.1456037339979_25.744165103762327,permanent,train,coordinate_fallback,data/external/sen1floods11/permanent_sar/sentinel_9_581_rural_-80.1456037339979_25.744165103762327.tif,data/external/sen1floods11/permanent_mask/water_9_581_rural_-80.1456037339979_25.744165103762327.tif,True,True,True,True,False,567,514,2,567,514,1,-1.0,1.0,-1.0|0.0|1.0,1.0,
9_584_inhabited_-55.89193328925934_-16.25810093681529,permanent,train,coordinate_fallback,data/external/sen1floods11/permanent_sar/sentinel_9_584_inhabited_-55.89193328925934_-16.25810093681529.tif,data/external/sen1floods11/permanent_mask/water_9_584_inhabited_-55.89193328925934_-16.25810093681529.tif,True,True,True,True,False,532,514,2,532,514,1,-1.0,1.0,-1.0|0.0|1.0,1.0,
9_585_inhabited_-60.05715728777787_-32.79148447716506,permanent,train,coordinate_fallback,data/external/sen1floods11/permanent_sar/sentinel_9_585_inhabited_-60.05715728777787_-32.79148447716506.tif,data/external/sen1floods11/permanent_mask/water_9_585_inhabited_-60.05715728777787_-32.79148447716506.tif,True,True,True,True,False,607,514,2,607,514,1,-1.0,1.0,-1.0|1.0,1.0,
9_586_inhabited_-56.18987704434743_-27.367420578450336,permanent,train,coordinate_fallback,data/external/sen1floods11/permanent_sar/sentinel_9_586_inhabited_-56.18987704434743_-27.367420578450336.tif,data/external/sen1floods11/permanent_mask/water_9_586_inhabited_-56.18987704434743_-27.367420578450336.tif,True,True,True,True,False,575,514,2,575,514,1,-1.0,1.0,-1.0|0.0|1.0,1.0,
9_742_rural_118.96523098868906_39.18198718359733,permanent,train,coordinate_fallback,data/external/sen1floods11/permanent_sar/sentinel_9_742_rural_118.96523098868906_39.18198718359733.tif,data/external/sen1floods11/permanent_mask/water_9_742_rural_118.96523098868906_39.18198718359733.tif,True,True,True,True,False,659,514,2,659,514,1,-1.0,1.0,-1.0|0.0|1.0,1.0,
9_743_inhabited_124.19961810589336_46.605953445681486,permanent,train,coordinate_fallback,data/external/sen1floods11/permanent_sar/sentinel_9_743_inhabited_124.19961810589336_46.605953445681486.tif,data/external/sen1floods11/permanent_mask/water_9_743_inhabited_124.19961810589336_46.605953445681486.tif,True,True,True,True,False,743,514,2,743,514,1,-1.0,1.0,-1.0|0.0|1.0,1.0,
9_744_rural_32.04276573748307_31.36958416964645,permanent,train,coordinate_fallback,data/external/sen1floods11/permanent_sar/sentinel_9_744_rural_32.04276573748307_31.36958416964645.tif,data/external/sen1floods11/permanent_mask/water_9_744_rural_32.04276573748307_31.36958416964645.tif,True,True,True,True,False,598,514,2,598,514,1,-1.0,1.0,-1.0|0.0|1.0,1.0,
9_746_inhabited_132.29967326970097_44.80464160682832,permanent,train,coordinate_fallback,data/external/sen1floods11/permanent_sar/sentinel_9_746_inhabited_132.29967326970097_44.80464160682832.tif,data/external/sen1floods11/permanent_mask/water_9_746_inhabited_132.29967326970097_44.80464160682832.tif,True,True,True,True,True,719,514,2,719,514,1,1.0,1.0,1.0,1.0,
9_75_inhabited_36.72257445667031_-18.31717557116394,permanent,train,coordinate_fallback,data/external/sen1floods11/permanent_sar/sentinel_9_75_inhabited_36.72257445667031_-18.31717557116394.tif,data/external/sen1floods11/permanent_mask/water_9_75_inhabited_36.72257445667031_-18.31717557116394.tif,True,True,True,True,False,538,514,2,538,514,1,-1.0,1.0,-1.0|0.0|1.0,1.0,
10_194_inhabited_167.78498987527377_-45.267540887186534,permanent,validation,coordinate_fallback,data/external/sen1floods11/permanent_sar/sentinel_10_194_inhabited_167.78498987527377_-45.267540887186534.tif,data/external/sen1floods11/permanent_mask/water_10_194_inhabited_167.78498987527377_-45.267540887186534.tif,True,True,True,True,False,725,514,2,725,514,1,-1.0,1.0,-1.0|0.0|1.0,1.0,
10_754_inhabited_78.37066301877482_32.969638941553384,permanent,validation,coordinate_fallback,data/external/sen1floods11/permanent_sar/sentinel_10_754_inhabited_78.37066301877482_32.969638941553384.tif,data/external/sen1floods11/permanent_mask/water_10_754_inhabited_78.37066301877482_32.969638941553384.tif,True,True,True,True,False,608,514,2,608,514,1,0.0,0.0,0.0|nan,1.0,
10_769_inhabited_81.46284893979214_30.67961408634362,permanent,validation,coordinate_fallback,data/external/sen1floods11/permanent_sar/sentinel_10_769_inhabited_81.46284893979214_30.67961408634362.tif,data/external/sen1floods11/permanent_mask/water_10_769_inhabited_81.46284893979214_30.67961408634362.tif,True,True,True,True,False,593,514,2,593,514,1,-1.0,1.0,-1.0|1.0,1.0,
11_782_inhabited_112.31417408950186_54.79577031369496,permanent,validation,coordinate_fallback,data/external/sen1floods11/permanent_sar/sentinel_11_782_inhabited_112.31417408950186_54.79577031369496.tif,data/external/sen1floods11/permanent_mask/water_11_782_inhabited_112.31417408950186_54.79577031369496.tif,True,True,True,True,False,885,514,2,885,514,1,-1.0,1.0,-1.0|0.0|1.0,1.0,
12_198_inhabited_121.9903475707615_-34.039640371237205,permanent,validation,coordinate_fallback,data/external/sen1floods11/permanent_sar/sentinel_12_198_inhabited_121.9903475707615_-34.039640371237205.tif,data/external/sen1floods11/permanent_mask/water_12_198_inhabited_121.9903475707615_-34.039640371237205.tif,True,True,True,True,False,616,513,2,616,513,1,-1.0,1.0,-1.0|0.0|1.0,1.0,
12_202_inhabited_115.88115617248798_-34.639322576409874,permanent,validation,coordinate_fallback,data/external/sen1floods11/permanent_sar/sentinel_12_202_inhabited_115.88115617248798_-34.639322576409874.tif,data/external/sen1floods11/permanent_mask/water_12_202_inhabited_115.88115617248798_-34.639322576409874.tif,True,True,True,True,False,621,514,2,621,514,1,-1.0,1.0,-1.0|0.0|1.0,1.0,
12_202_inhabited_117.64411528318048_-35.05827741588638,permanent,validation,coordinate_fallback,data/external/sen1floods11/permanent_sar/sentinel_12_202_inhabited_117.64411528318048_-35.05827741588638.tif,data/external/sen1floods11/permanent_mask/water_12_202_inhabited_117.64411528318048_-35.05827741588638.tif,True,True,True,True,False,624,514,2,624,514,1,-1.0,1.0,-1.0|0.0|1.0,1.0,
12_206_rural_118.06427853904242_-34.98607119252793,permanent,validation,coordinate_fallback,data/external/sen1floods11/permanent_sar/sentinel_12_206_rural_118.06427853904242_-34.98607119252793.tif,data/external/sen1floods11/permanent_mask/water_12_206_rural_118.06427853904242_-34.98607119252793.tif,True,True,True,True,False,622,514,2,622,514,1,-1.0,1.0,-1.0|0.0|1.0,1.0,
12_596_inhabited_-70.67853533753855_-26.397155862028946,permanent,validation,coordinate_fallback,data/external/sen1floods11/permanent_sar/sentinel_12_596_inhabited_-70.67853533753855_-26.397155862028946.tif,data/external/sen1floods11/permanent_mask/water_12_596_inhabited_-70.67853533753855_-26.397155862028946.tif,True,True,True,True,False,570,514,2,570,514,1,-1.0,1.0,-1.0|0.0|1.0|nan,1.0,
12_785_high_density_23.639933153045423_37.940078490101065,permanent,validation,coordinate_fallback,data/external/sen1floods11/permanent_sar/sentinel_12_785_high_density_23.639933153045423_37.940078490101065.tif,data/external/sen1floods11/permanent_mask/water_12_785_high_density_23.639933153045423_37.940078490101065.tif,True,True,True,True,False,647,514,2,647,514,1,-1.0,1.0,-1.0|0.0|1.0,1.0,
12_791_high_density_35.621613488372404_36.615551572286556,permanent,validation,coordinate_fallback,data/external/sen1floods11/permanent_sar/sentinel_12_791_high_density_35.621613488372404_36.615551572286556.tif,data/external/sen1floods11/permanent_mask/water_12_791_high_density_35.621613488372404_36.615551572286556.tif,True,True,True,True,False,635,513,2,635,513,1,-1.0,1.0,-1.0|0.0|1.0,1.0,
12_795_rural_15.869771203373848_41.56341915130169,permanent,validation,coordinate_fallback,data/external/sen1floods11/permanent_sar/sentinel_12_795_rural_15.869771203373848_41.56341915130169.tif,data/external/sen1floods11/permanent_mask/water_12_795_rural_15.869771203373848_41.56341915130169.tif,True,True,True,True,False,682,514,2,682,514,1,-1.0,1.0,-1.0|0.0|1.0,1.0,
12_796_rural_-13.452697640949298_29.156750812772884,permanent,validation,coordinate_fallback,data/external/sen1floods11/permanent_sar/sentinel_12_796_rural_-13.452697640949298_29.156750812772884.tif,data/external/sen1floods11/permanent_mask/water_12_796_rural_-13.452697640949298_29.156750812772884.tif,True,True,True,True,False,585,513,2,585,513,1,-1.0,1.0,-1.0|0.0|1.0|nan,1.0,
12_798_low_density_-3.8884921871416775_35.18720340464466,permanent,validation,coordinate_fallback,data/external/sen1floods11/permanent_sar/sentinel_12_798_low_density_-3.8884921871416775_35.18720340464466.tif,data/external/sen1floods11/permanent_mask/water_12_798_low_density_-3.8884921871416775_35.18720340464466.tif,True,True,True,True,True,624,514,2,624,514,1,-1.0,1.0,-1.0|0.0|1.0,1.0,
12_798_low_density_10.713199858653235_34.65224059216171,permanent,validation,coordinate_fallback,data/external/sen1floods11/permanent_sar/sentinel_12_798_low_density_10.713199858653235_34.65224059216171.tif,data/external/sen1floods11/permanent_mask/water_12_798_low_density_10.713199858653235_34.65224059216171.tif,True,True,True,True,False,620,514,2,620,514,1,-1.0,1.0,-1.0|0.0|1.0,1.0,
12_799_high_density_5.873224688727276_43.0750588675209,permanent,validation,coordinate_fallback,data/external/sen1floods11/permanent_sar/sentinel_12_799_high_density_5.873224688727276_43.0750588675209.tif,data/external/sen1floods11/permanent_mask/water_12_799_high_density_5.873224688727276_43.0750588675209.tif,True,True,True,True,False,698,513,2,698,513,1,-1.0,1.0,-1.0|0.0|1.0,1.0,
12_799_rural_1.8383357548999186_41.23834622540443,permanent,validation,coordinate_fallback,data/external/sen1floods11/permanent_sar/sentinel_12_799_rural_1.8383357548999186_41.23834622540443.tif,data/external/sen1floods11/permanent_mask/water_12_799_rural_1.8383357548999186_41.23834622540443.tif,True,True,True,True,False,678,514,2,678,514,1,-1.0,1.0,-1.0|0.0|1.0,1.0,
12_805_high_density_-6.247383399020867_36.46310382547134,permanent,validation,coordinate_fallback,data/external/sen1floods11/permanent_sar/sentinel_12_805_high_density_-6.247383399020867_36.46310382547134.tif,data/external/sen1floods11/permanent_mask/water_12_805_high_density_-6.247383399020867_36.46310382547134.tif,True,True,True,True,False,634,513,2,634,513,1,-1.0,1.0,-1.0|0.0|1.0,1.0,
12_805_low_density_-6.140512124072928_36.351336457566724,permanent,validation,coordinate_fallback,data/external/sen1floods11/permanent_sar/sentinel_12_805_low_density_-6.140512124072928_36.351336457566724.tif,data/external/sen1floods11/permanent_mask/water_12_805_low_density_-6.140512124072928_36.351336457566724.tif,True,True,True,True,False,633,514,2,633,514,1,-1.0,1.0,-1.0|0.0|1.0,1.0,
12_805_rural_-4.481285081186773_36.694116473747215,permanent,validation,coordinate_fallback,data/external/sen1floods11/permanent_sar/sentinel_12_805_rural_-4.481285081186773_36.694116473747215.tif,data/external/sen1floods11/permanent_mask/water_12_805_rural_-4.481285081186773_36.694116473747215.tif,True,True,True,True,False,636,514,2,636,514,1,-1.0,1.0,-1.0|0.0|1.0,1.0,
12_806_high_density_14.2220753958119_40.801505931602556,permanent,validation,coordinate_fallback,data/external/sen1floods11/permanent_sar/sentinel_12_806_high_density_14.2220753958119_40.801505931602556.tif,data/external/sen1floods11/permanent_mask/water_12_806_high_density_14.2220753958119_40.801505931602556.tif,True,True,True,True,False,674,514,2,674,514,1,-1.0,1.0,-1.0|0.0|1.0,1.0,
12_806_rural_16.978740717163728_40.47491691134712,permanent,validation,coordinate_fallback,data/external/sen1floods11/permanent_sar/sentinel_12_806_rural_16.978740717163728_40.47491691134712.tif,data/external/sen1floods11/permanent_mask/water_12_806_rural_16.978740717163728_40.47491691134712.tif,True,True,True,True,False,670,514,2,670,514,1,-1.0,1.0,-1.0|0.0|1.0,1.0,
13_100_inhabited_43.30023901161886_-21.92411565868999,permanent,validation,coordinate_fallback,data/external/sen1floods11/permanent_sar/sentinel_13_100_inhabited_43.30023901161886_-21.92411565868999.tif,data/external/sen1floods11/permanent_mask/water_13_100_inhabited_43.30023901161886_-21.92411565868999.tif,True,True,True,True,False,551,514,2,551,514,1,-1.0,1.0,-1.0|0.0|1.0,1.0,
13_104_rural_12.948640857867774_-12.866722712414917,permanent,validation,coordinate_fallback,data/external/sen1floods11/permanent_sar/sentinel_13_104_rural_12.948640857867774_-12.866722712414917.tif,data/external/sen1floods11/permanent_mask/water_13_104_rural_12.948640857867774_-12.866722712414917.tif,True,True,True,True,False,524,514,2,524,514,1,-1.0,1.0,-1.0|0.0|1.0,1.0,
13_105_inhabited_52.22514314739394_12.206419028420656,permanent,validation,coordinate_fallback,data/external/sen1floods11/permanent_sar/sentinel_13_105_inhabited_52.22514314739394_12.206419028420656.tif,data/external/sen1floods11/permanent_mask/water_13_105_inhabited_52.22514314739394_12.206419028420656.tif,True,True,True,True,False,522,514,2,522,514,1,-1.0,1.0,-1.0|0.0|1.0,1.0,
13_107_inhabited_42.80379837313662_13.716355368037446,permanent,validation,coordinate_fallback,data/external/sen1floods11/permanent_sar/sentinel_13_107_inhabited_42.80379837313662_13.716355368037446.tif,data/external/sen1floods11/permanent_mask/water_13_107_inhabited_42.80379837313662_13.716355368037446.tif,True,True,True,True,False,526,514,2,526,514,1,-1.0,1.0,-1.0|0.0|1.0,1.0,
13_107_inhabited_50.99689713952544_15.15569521977608,permanent,validation,coordinate_fallback,data/external/sen1floods11/permanent_sar/sentinel_13_107_inhabited_50.99689713952544_15.15569521977608.tif,data/external/sen1floods11/permanent_mask/water_13_107_inhabited_50.99689713952544_15.15569521977608.tif,True,True,True,True,False,529,513,2,529,513,1,-1.0,1.0,-1.0|0.0|1.0,1.0,
13_215_inhabited_137.56798968682094_-32.99802111975856,permanent,validation,coordinate_fallback,data/external/sen1floods11/permanent_sar/sentinel_13_215_inhabited_137.56798968682094_-32.99802111975856.tif,data/external/sen1floods11/permanent_mask/water_13_215_inhabited_137.56798968682094_-32.99802111975856.tif,True,True,True,True,False,609,514,2,609,514,1,-1.0,1.0,-1.0|0.0|1.0,1.0,
13_314_inhabited_68.9690408484769_22.230504951173312,permanent,validation,coordinate_fallback,data/external/sen1floods11/permanent_sar/sentinel_13_314_inhabited_68.9690408484769_22.230504951173312.tif,data/external/sen1floods11/permanent_mask/water_13_314_inhabited_68.9690408484769_22.230504951173312.tif,True,True,True,True,False,551,514,2,551,514,1,-1.0,1.0,-1.0|0.0|1.0,1.0,
13_314_low_density_71.77441293063552_21.041093254379266,permanent,validation,coordinate_fallback,data/external/sen1floods11/permanent_sar/sentinel_13_314_low_density_71.77441293063552_21.041093254379266.tif,data/external/sen1floods11/permanent_mask/water_13_314_low_density_71.77441293063552_21.041093254379266.tif,True,True,True,True,False,547,513,2,547,513,1,-1.0,1.0,-1.0|0.0|1.0,1.0,
13_315_low_density_79.95910629153859_9.695592866347404,permanent,validation,coordinate_fallback,data/external/sen1floods11/permanent_sar/sentinel_13_315_low_density_79.95910629153859_9.695592866347404.tif,data/external/sen1floods11/permanent_mask/water_13_315_low_density_79.95910629153859_9.695592866347404.tif,True,True,True,True,False,518,514,2,518,514,1,-1.0,1.0,-1.0|0.0|1.0,1.0,
13_430_rural_-119.54643467909625_39.909088201372214,permanent,validation,coordinate_fallback,data/external/sen1floods11/permanent_sar/sentinel_13_430_rural_-119.54643467909625_39.909088201372214.tif,data/external/sen1floods11/permanent_mask/water_13_430_rural_-119.54643467909625_39.909088201372214.tif,True,True,True,True,True,665,514,2,665,514,1,-1.0,1.0,-1.0|0.0|1.0,1.0,
13_431_inhabited_-110.90636008221107_23.98435411841359,permanent,validation,coordinate_fallback,data/external/sen1floods11/permanent_sar/sentinel_13_431_inhabited_-110.90636008221107_23.98435411841359.tif,data/external/sen1floods11/permanent_mask/water_13_431_inhabited_-110.90636008221107_23.98435411841359.tif,True,True,True,True,False,559,514,2,559,514,1,-1.0,1.0,-1.0|0.0|1.0,1.0,
13_431_inhabited_-111.05602089086788_25.70340892013383,permanent,validation,coordinate_fallback,data/external/sen1floods11/permanent_sar/sentinel_13_431_inhabited_-111.05602089086788_25.70340892013383.tif,data/external/sen1floods11/permanent_mask/water_13_431_inhabited_-111.05602089086788_25.70340892013383.tif,True,True,True,True,False,567,514,2,567,514,1,-1.0,1.0,-1.0|0.0|1.0,1.0,
13_437_inhabited_-98.96692081116339_26.26950517617194,permanent,validation,coordinate_fallback,data/external/sen1floods11/permanent_sar/sentinel_13_437_inhabited_-98.96692081116339_26.26950517617194.tif,data/external/sen1floods11/permanent_mask/water_13_437_inhabited_-98.96692081116339_26.26950517617194.tif,True,True,True,True,False,569,514,2,569,514,1,-1.0,1.0,-1.0|0.0|1.0,1.0,
13_607_rural_-110.29973951579926_24.46831819214828,permanent,validation,coordinate_fallback,data/external/sen1floods11/permanent_sar/sentinel_13_607_rural_-110.29973951579926_24.46831819214828.tif,data/external/sen1floods11/permanent_mask/water_13_607_rural_-110.29973951579926_24.46831819214828.tif,True,True,True,True,False,561,514,2,561,514,1,-1.0,1.0,-1.0|0.0|1.0,1.0,
13_811_inhabited_51.77666459984256_24.194226168595073,permanent,validation,coordinate_fallback,data/external/sen1floods11/permanent_sar/sentinel_13_811_inhabited_51.77666459984256_24.194226168595073.tif,data/external/sen1floods11/permanent_mask/water_13_811_inhabited_51.77666459984256_24.194226168595073.tif,True,True,True,True,False,559,514,2,559,514,1,-1.0,1.0,-1.0|0.0|1.0,1.0,
13_815_inhabited_52.63782849078931_46.81578536395348,permanent,validation,coordinate_fallback,data/external/sen1floods11/permanent_sar/sentinel_13_815_inhabited_52.63782849078931_46.81578536395348.tif,data/external/sen1floods11/permanent_mask/water_13_815_inhabited_52.63782849078931_46.81578536395348.tif,True,True,True,True,False,746,514,2,746,514,1,-1.0,1.0,-1.0|0.0|1.0,1.0,
13_831_inhabited_43.680573576871474_32.66180044122769,permanent,validation,coordinate_fallback,data/external/sen1floods11/permanent_sar/sentinel_13_831_inhabited_43.680573576871474_32.66180044122769.tif,data/external/sen1floods11/permanent_mask/water_13_831_inhabited_43.680573576871474_32.66180044122769.tif,True,True,True,True,False,607,513,2,607,513,1,-1.0,1.0,-1.0|1.0,1.0,
13_833_rural_32.38289704763781_30.28752978981517,permanent,validation,coordinate_fallback,data/external/sen1floods11/permanent_sar/sentinel_13_833_rural_32.38289704763781_30.28752978981517.tif,data/external/sen1floods11/permanent_mask/water_13_833_rural_32.38289704763781_30.28752978981517.tif,True,True,True,True,False,591,514,2,591,514,1,-1.0,1.0,-1.0|0.0|1.0,1.0,
13_841_inhabited_48.862222905916674_30.302084295653614,permanent,validation,coordinate_fallback,data/external/sen1floods11/permanent_sar/sentinel_13_841_inhabited_48.862222905916674_30.302084295653614.tif,data/external/sen1floods11/permanent_mask/water_13_841_inhabited_48.862222905916674_30.302084295653614.tif,True,True,True,True,False,591,514,2,591,514,1,-1.0,1.0,-1.0|0.0|1.0,1.0,
14_322_high_density_112.61411106276083_-3.389242314995769,permanent,validation,coordinate_fallback,data/external/sen1floods11/permanent_sar/sentinel_14_322_high_density_112.61411106276083_-3.389242314995769.tif,data/external/sen1floods11/permanent_mask/water_14_322_high_density_112.61411106276083_-3.389242314995769.tif,True,True,True,True,False,512,514,2,512,514,1,-1.0,1.0,-1.0|0.0|1.0,1.0,
14_612_low_density_-81.83463094922423_26.368381282931054,permanent,validation,coordinate_fallback,data/external/sen1floods11/permanent_sar/sentinel_14_612_low_density_-81.83463094922423_26.368381282931054.tif,data/external/sen1floods11/permanent_mask/water_14_612_low_density_-81.83463094922423_26.368381282931054.tif,True,True,True,True,False,569,513,2,569,513,1,-1.0,1.0,-1.0|0.0|1.0,1.0,
14_613_low_density_-92.21078519565171_18.593983187258697,permanent,validation,coordinate_fallback,data/external/sen1floods11/permanent_sar/sentinel_14_613_low_density_-92.21078519565171_18.593983187258697.tif,data/external/sen1floods11/permanent_mask/water_14_613_low_density_-92.21078519565171_18.593983187258697.tif,True,True,True,True,False,539,514,2,539,514,1,-1.0,1.0,-1.0|0.0|1.0,1.0,
1_10_inhabited_18.058708237702003_-0.8408170128398617,permanent,validation,coordinate_fallback,data/external/sen1floods11/permanent_sar/sentinel_1_10_inhabited_18.058708237702003_-0.8408170128398617.tif,data/external/sen1floods11/permanent_mask/water_1_10_inhabited_18.058708237702003_-0.8408170128398617.tif,True,True,True,True,False,510,514,2,510,514,1,-1.0,1.0,-1.0|0.0|1.0,1.0,
1_10_inhabited_18.081953531493618_-0.9595316601857515,permanent,validation,coordinate_fallback,data/external/sen1floods11/permanent_sar/sentinel_1_10_inhabited_18.081953531493618_-0.9595316601857515.tif,data/external/sen1floods11/permanent_mask/water_1_10_inhabited_18.081953531493618_-0.9595316601857515.tif,True,True,True,True,False,511,513,2,511,513,1,-1.0,1.0,-1.0|0.0|1.0,1.0,
1_135_inhabited_147.2786052646174_-2.552291342769245,permanent,validation,coordinate_fallback,data/external/sen1floods11/permanent_sar/sentinel_1_135_inhabited_147.2786052646174_-2.552291342769245.tif,data/external/sen1floods11/permanent_mask/water_1_135_inhabited_147.2786052646174_-2.552291342769245.tif,True,True,True,True,False,511,514,2,511,514,1,-1.0,1.0,-1.0|0.0|1.0,1.0,
1_13_inhabited_55.76817093952096_-4.321448603926004,permanent,validation,coordinate_fallback,data/external/sen1floods11/permanent_sar/sentinel_1_13_inhabited_55.76817093952096_-4.321448603926004.tif,data/external/sen1floods11/permanent_mask/water_1_13_inhabited_55.76817093952096_-4.321448603926004.tif,True,True,True,True,False,512,514,2,512,514,1,-1.0,1.0,-1.0|0.0|1.0,1.0,
1_152_rural_156.71449562651105_-7.93256241003808,permanent,validation,coordinate_fallback,data/external/sen1floods11/permanent_sar/sentinel_1_152_rural_156.71449562651105_-7.93256241003808.tif,data/external/sen1floods11/permanent_mask/water_1_152_rural_156.71449562651105_-7.93256241003808.tif,True,True,True,True,False,516,514,2,516,514,1,-1.0,1.0,-1.0|0.0|1.0,1.0,
1_152_rural_157.61693741590952_-8.769932537763628,permanent,validation,coordinate_fallback,data/external/sen1floods11/permanent_sar/sentinel_1_152_rural_157.61693741590952_-8.769932537763628.tif,data/external/sen1floods11/permanent_mask/water_1_152_rural_157.61693741590952_-8.769932537763628.tif,True,True,True,True,False,516,514,2,516,514,1,-1.0,1.0,-1.0|0.0|1.0|nan,1.0,
1_219_inhabited_109.16345354895596_-1.2889923415196,permanent,validation,coordinate_fallback,data/external/sen1floods11/permanent_sar/sentinel_1_219_inhabited_109.16345354895596_-1.2889923415196.tif,data/external/sen1floods11/permanent_mask/water_1_219_inhabited_109.16345354895596_-1.2889923415196.tif,True,True,True,True,False,511,514,2,511,514,1,-1.0,1.0,-1.0|0.0|1.0,1.0,
1_219_inhabited_109.23250272876857_-1.219595351824822,permanent,validation,coordinate_fallback,data/external/sen1floods11/permanent_sar/sentinel_1_219_inhabited_109.23250272876857_-1.219595351824822.tif,data/external/sen1floods11/permanent_mask/water_1_219_inhabited_109.23250272876857_-1.219595351824822.tif,True,True,True,True,False,510,513,2,510,513,1,-1.0,1.0,-1.0|0.0|1.0,1.0,
1_223_inhabited_102.39605870328434_12.03758854433509,permanent,validation,coordinate_fallback,data/external/sen1floods11/permanent_sar/sentinel_1_223_inhabited_102.39605870328434_12.03758854433509.tif,data/external/sen1floods11/permanent_mask/water_1_223_inhabited_102.39605870328434_12.03758854433509.tif,True,True,True,True,False,522,514,2,522,514,1,-1.0,1.0,-1.0|0.0|1.0,1.0,
1_236_high_density_118.73601535813772_24.72477447103512,permanent,validation,coordinate_fallback,data/external/sen1floods11/permanent_sar/sentinel_1_236_high_density_118.73601535813772_24.72477447103512.tif,data/external/sen1floods11/permanent_mask/water_1_236_high_density_118.73601535813772_24.72477447103512.tif,True,True,True,True,False,562,514,2,562,514,1,-1.0,1.0,-1.0|0.0|1.0,1.0,
1_236_high_density_121.35740493083115_28.154772969659387,permanent,validation,coordinate_fallback,data/external/sen1floods11/permanent_sar/sentinel_1_236_high_density_121.35740493083115_28.154772969659387.tif,data/external/sen1floods11/permanent_mask/water_1_236_high_density_121.35740493083115_28.154772969659387.tif,True,True,True,True,False,579,513,2,579,513,1,-1.0,1.0,-1.0|0.0|1.0,1.0,
1_242_high_density_74.68823035041393_13.512021521364344,permanent,validation,coordinate_fallback,data/external/sen1floods11/permanent_sar/sentinel_1_242_high_density_74.68823035041393_13.512021521364344.tif,data/external/sen1floods11/permanent_mask/water_1_242_high_density_74.68823035041393_13.512021521364344.tif,True,True,True,True,False,526,514,2,526,514,1,-1.0,1.0,-1.0|0.0|1.0|nan,1.0,
1_242_inhabited_74.75954475356171_13.164871586151474,permanent,validation,coordinate_fallback,data/external/sen1floods11/permanent_sar/sentinel_1_242_inhabited_74.75954475356171_13.164871586151474.tif,data/external/sen1floods11/permanent_mask/water_1_242_inhabited_74.75954475356171_13.164871586151474.tif,True,True,True,True,False,524,514,2,524,514,1,-1.0,1.0,-1.0|0.0|1.0,1.0,
1_247_low_density_125.4260893915426_11.830387495684622,permanent,validation,coordinate_fallback,data/external/sen1floods11/permanent_sar/sentinel_1_247_low_density_125.4260893915426_11.830387495684622.tif,data/external/sen1floods11/permanent_mask/water_1_247_low_density_125.4260893915426_11.830387495684622.tif,True,True,True,True,False,522,514,2,522,514,1,-1.0,1.0,-1.0|0.0|1.0|nan,1.0,
1_248_inhabited_120.97195131756924_13.465388242547405,permanent,validation,coordinate_fallback,data/external/sen1floods11/permanent_sar/sentinel_1_248_inhabited_120.97195131756924_13.465388242547405.tif,data/external/sen1floods11/permanent_mask/water_1_248_inhabited_120.97195131756924_13.465388242547405.tif,True,True,True,True,False,524,514,2,524,514,1,-1.0,1.0,-1.0|0.0|1.0,1.0,
1_251_rural_129.18340820299505_28.24313897523552,permanent,validation,coordinate_fallback,data/external/sen1floods11/permanent_sar/sentinel_1_251_rural_129.18340820299505_28.24313897523552.tif,data/external/sen1floods11/permanent_mask/water_1_251_rural_129.18340820299505_28.24313897523552.tif,True,True,True,True,True,579,514,2,579,514,1,-1.0,1.0,-1.0|0.0|1.0,1.0,
1_261_low_density_84.94551388095866_19.29157387426188,permanent,validation,coordinate_fallback,data/external/sen1floods11/permanent_sar/sentinel_1_261_low_density_84.94551388095866_19.29157387426188.tif,data/external/sen1floods11/permanent_mask/water_1_261_low_density_84.94551388095866_19.29157387426188.tif,True,True,True,True,False,541,514,2,541,514,1,-1.0,1.0,-1.0|0.0|1.0,1.0,
1_262_rural_119.89103400850655_11.879932567489455,permanent,validation,coordinate_fallback,data/external/sen1floods11/permanent_sar/sentinel_1_262_rural_119.89103400850655_11.879932567489455.tif,data/external/sen1floods11/permanent_mask/water_1_262_rural_119.89103400850655_11.879932567489455.tif,True,True,True,True,False,522,514,2,522,514,1,-1.0,1.0,-1.0|0.0|1.0,1.0,
1_278_high_density_99.36868581607885_3.390513158796001,permanent,validation,coordinate_fallback,data/external/sen1floods11/permanent_sar/sentinel_1_278_high_density_99.36868581607885_3.390513158796001.tif,data/external/sen1floods11/permanent_mask/water_1_278_high_density_99.36868581607885_3.390513158796001.tif,True,True,True,True,False,511,514,2,511,514,1,-1.0,1.0,-1.0|0.0|1.0,1.0,
1_279_rural_98.95389577698627_2.487326699521592,permanent,validation,coordinate_fallback,data/external/sen1floods11/permanent_sar/sentinel_1_279_rural_98.95389577698627_2.487326699521592.tif,data/external/sen1floods11/permanent_mask/water_1_279_rural_98.95389577698627_2.487326699521592.tif,True,True,True,True,False,511,514,2,511,514,1,-1.0,1.0,-1.0|0.0|1.0,1.0,
1_280_rural_100.40428082203431_2.278190401013927,permanent,validation,coordinate_fallback,data/external/sen1floods11/permanent_sar/sentinel_1_280_rural_100.40428082203431_2.278190401013927.tif,data/external/sen1floods11/permanent_mask/water_1_280_rural_100.40428082203431_2.278190401013927.tif,True,True,True,True,False,511,514,2,511,514,1,-1.0,1.0,-1.0|0.0|1.0,1.0,
1_284_low_density_98.56567752107115_9.997728176425733,permanent,validation,coordinate_fallback,data/external/sen1floods11/permanent_sar/sentinel_1_284_low_density_98.56567752107115_9.997728176425733.tif,data/external/sen1floods11/permanent_mask/water_1_284_low_density_98.56567752107115_9.997728176425733.tif,True,True,True,True,False,519,514,2,519,514,1,-1.0,1.0,-1.0|0.0|1.0,1.0,
1_285_rural_104.33154489283568_12.639946210139826,permanent,validation,coordinate_fallback,data/external/sen1floods11/permanent_sar/sentinel_1_285_rural_104.33154489283568_12.639946210139826.tif,data/external/sen1floods11/permanent_mask/water_1_285_rural_104.33154489283568_12.639946210139826.tif,True,True,True,True,False,523,514,2,523,514,1,1.0,1.0,1.0,1.0,
1_289_inhabited_107.13459824244651_-7.4648606778453015,permanent,validation,coordinate_fallback,data/external/sen1floods11/permanent_sar/sentinel_1_289_inhabited_107.13459824244651_-7.4648606778453015.tif,data/external/sen1floods11/permanent_mask/water_1_289_inhabited_107.13459824244651_-7.4648606778453015.tif,True,True,True,True,False,515,513,2,515,513,1,-1.0,1.0,-1.0|0.0|1.0,1.0,
1_450_inhabited_-88.1052997739462_15.704601641253161,permanent,validation,coordinate_fallback,data/external/sen1floods11/permanent_sar/sentinel_1_450_inhabited_-88.1052997739462_15.704601641253161.tif,data/external/sen1floods11/permanent_mask/water_1_450_inhabited_-88.1052997739462_15.704601641253161.tif,True,True,True,True,False,530,514,2,530,514,1,-1.0,1.0,-1.0|0.0|1.0,1.0,
1_458_inhabited_-85.69076344002107_11.531712448023757,permanent,validation,coordinate_fallback,data/external/sen1floods11/permanent_sar/sentinel_1_458_inhabited_-85.69076344002107_11.531712448023757.tif,data/external/sen1floods11/permanent_mask/water_1_458_inhabited_-85.69076344002107_11.531712448023757.tif,True,True,True,True,False,521,513,2,521,513,1,-1.0,1.0,-1.0|0.0|1.0,1.0,
1_464_inhabited_-62.58316222983704_7.6984997366416525,permanent,validation,coordinate_fallback,data/external/sen1floods11/permanent_sar/sentinel_1_464_inhabited_-62.58316222983704_7.6984997366416525.tif,data/external/sen1floods11/permanent_mask/water_1_464_inhabited_-62.58316222983704_7.6984997366416525.tif,True,True,True,True,False,515,514,2,515,514,1,-1.0,1.0,-1.0|0.0|1.0,1.0,
1_465_rural_-58.49357350338707_6.892222920561783,permanent,validation,coordinate_fallback,data/external/sen1floods11/permanent_sar/sentinel_1_465_rural_-58.49357350338707_6.892222920561783.tif,data/external/sen1floods11/permanent_mask/water_1_465_rural_-58.49357350338707_6.892222920561783.tif,True,True,True,True,False,514,514,2,514,514,1,-1.0,1.0,-1.0|0.0|1.0,1.0,
1_471_rural_-81.68022565704658_7.5043906086841,permanent,validation,coordinate_fallback,data/external/sen1floods11/permanent_sar/sentinel_1_471_rural_-81.68022565704658_7.5043906086841.tif,data/external/sen1floods11/permanent_mask/water_1_471_rural_-81.68022565704658_7.5043906086841.tif,True,True,True,True,False,515,513,2,515,513,1,-1.0,1.0,-1.0|0.0|1.0,1.0,
1_473_high_density_-59.91501006439612_-3.142279462251723,permanent,validation,coordinate_fallback,data/external/sen1floods11/permanent_sar/sentinel_1_473_high_density_-59.91501006439612_-3.142279462251723.tif,data/external/sen1floods11/permanent_mask/water_1_473_high_density_-59.91501006439612_-3.142279462251723.tif,True,True,True,True,False,511,514,2,511,514,1,-1.0,1.0,-1.0|0.0|1.0,1.0,
1_476_rural_-56.145442102349854_-2.094948102323622,permanent,validation,coordinate_fallback,data/external/sen1floods11/permanent_sar/sentinel_1_476_rural_-56.145442102349854_-2.094948102323622.tif,data/external/sen1floods11/permanent_mask/water_1_476_rural_-56.145442102349854_-2.094948102323622.tif,True,True,True,True,False,511,514,2,511,514,1,-1.0,1.0,-1.0|0.0|1.0,1.0,
1_476_rural_-57.00843868382956_-5.386834864019507,permanent,validation,coordinate_fallback,data/external/sen1floods11/permanent_sar/sentinel_1_476_rural_-57.00843868382956_-5.386834864019507.tif,data/external/sen1floods11/permanent_mask/water_1_476_rural_-57.00843868382956_-5.386834864019507.tif,True,True,True,True,False,513,514,2,513,514,1,-1.0,1.0,-1.0|0.0|1.0,1.0,
1_484_inhabited_-63.77517804164631_-0.2875094586230299,permanent,validation,coordinate_fallback,data/external/sen1floods11/permanent_sar/sentinel_1_484_inhabited_-63.77517804164631_-0.2875094586230299.tif,data/external/sen1floods11/permanent_mask/water_1_484_inhabited_-63.77517804164631_-0.2875094586230299.tif,True,True,True,True,False,511,513,2,511,513,1,-1.0,1.0,-1.0|0.0|1.0,1.0,
1_484_rural_-66.03850625884911_-0.2995891633768148,permanent,validation,coordinate_fallback,data/external/sen1floods11/permanent_sar/sentinel_1_484_rural_-66.03850625884911_-0.2995891633768148.tif,data/external/sen1floods11/permanent_mask/water_1_484_rural_-66.03850625884911_-0.2995891633768148.tif,True,True,True,True,False,510,514,2,510,514,1,-1.0,1.0,-1.0|0.0|1.0,1.0,
1_494_inhabited_-88.34797297147684_17.35182924320449,permanent,validation,coordinate_fallback,data/external/sen1floods11/permanent_sar/sentinel_1_494_inhabited_-88.34797297147684_17.35182924320449.tif,data/external/sen1floods11/permanent_mask/water_1_494_inhabited_-88.34797297147684_17.35182924320449.tif,True,True,True,True,False,535,514,2,535,514,1,-1.0,1.0,-1.0|0.0|1.0,1.0,
1_4_inhabited_44.34339219385988_-12.189131093636444,permanent,validation,coordinate_fallback,data/external/sen1floods11/permanent_sar/sentinel_1_4_inhabited_44.34339219385988_-12.189131093636444.tif,data/external/sen1floods11/permanent_mask/water_1_4_inhabited_44.34339219385988_-12.189131093636444.tif,True,True,True,True,False,522,514,2,522,514,1,-1.0,1.0,-1.0|0.0|1.0,1.0,
1_4_rural_45.19108514052415_-12.88434507977814,permanent,validation,coordinate_fallback,data/external/sen1floods11/permanent_sar/sentinel_1_4_rural_45.19108514052415_-12.88434507977814.tif,data/external/sen1floods11/permanent_mask/water_1_4_rural_45.19108514052415_-12.88434507977814.tif,True,True,True,True,False,524,514,2,524,514,1,-1.0,1.0,-1.0|0.0|1.0,1.0,
1_625_inhabited_-140.16228130241257_-8.811121254194308,permanent,validation,coordinate_fallback,data/external/sen1floods11/permanent_sar/sentinel_1_625_inhabited_-140.16228130241257_-8.811121254194308.tif,data/external/sen1floods11/permanent_mask/water_1_625_inhabited_-140.16228130241257_-8.811121254194308.tif,True,True,True,True,False,516,514,2,516,514,1,-1.0,1.0,-1.0|0.0|1.0,1.0,
1_630_rural_-149.5347498700231_-17.743391824909686,permanent,validation,coordinate_fallback,data/external/sen1floods11/permanent_sar/sentinel_1_630_rural_-149.5347498700231_-17.743391824909686.tif,data/external/sen1floods11/permanent_mask/water_1_630_rural_-149.5347498700231_-17.743391824909686.tif,True,True,True,True,False,536,513,2,536,513,1,-1.0,1.0,-1.0|0.0|1.0,1.0,
2_290_inhabited_79.22223092425455_16.55038163356551,permanent,validation,coordinate_fallback,data/external/sen1floods11/permanent_sar/sentinel_2_290_inhabited_79.22223092425455_16.55038163356551.tif,data/external/sen1floods11/permanent_mask/water_2_290_inhabited_79.22223092425455_16.55038163356551.tif,True,True,True,True,False,533,514,2,533,514,1,-1.0,1.0,-1.0|0.0|1.0,1.0,
2_293_rural_80.11139351071589_13.590746950462929,permanent,validation,coordinate_fallback,data/external/sen1floods11/permanent_sar/sentinel_2_293_rural_80.11139351071589_13.590746950462929.tif,data/external/sen1floods11/permanent_mask/water_2_293_rural_80.11139351071589_13.590746950462929.tif,True,True,True,True,False,525,513,2,525,513,1,-1.0,1.0,-1.0|0.0|1.0,1.0,
2_301_inhabited_79.73892479972153_8.256440296853016,permanent,validation,coordinate_fallback,data/external/sen1floods11/permanent_sar/sentinel_2_301_inhabited_79.73892479972153_8.256440296853016.tif,data/external/sen1floods11/permanent_mask/water_2_301_inhabited_79.73892479972153_8.256440296853016.tif,True,True,True,True,False,516,514,2,516,514,1,-1.0,1.0,-1.0|0.0|1.0,1.0,
2_521_rural_-103.14359578118716_20.27936285782332,permanent,validation,coordinate_fallback,data/external/sen1floods11/permanent_sar/sentinel_2_521_rural_-103.14359578118716_20.27936285782332.tif,data/external/sen1floods11/permanent_mask/water_2_521_rural_-103.14359578118716_20.27936285782332.tif,True,True,True,True,False,544,514,2,544,514,1,-1.0,1.0,-1.0|1.0,1.0,
2_528_inhabited_-92.32867045020168_16.03037464601581,permanent,validation,coordinate_fallback,data/external/sen1floods11/permanent_sar/sentinel_2_528_inhabited_-92.32867045020168_16.03037464601581.tif,data/external/sen1floods11/permanent_mask/water_2_528_inhabited_-92.32867045020168_16.03037464601581.tif,True,True,True,True,False,531,514,2,531,514,1,-1.0,1.0,-1.0|0.0|1.0,1.0,
2_533_inhabited_-111.00741223028427_18.751269058716897,permanent,validation,coordinate_fallback,data/external/sen1floods11/permanent_sar/sentinel_2_533_inhabited_-111.00741223028427_18.751269058716897.tif,data/external/sen1floods11/permanent_mask/water_2_533_inhabited_-111.00741223028427_18.751269058716897.tif,True,True,True,True,False,539,514,2,539,514,1,-1.0,1.0,-1.0|0.0|1.0,1.0,
2_636_rural_-157.97436111994955_21.668796450571786,permanent,validation,coordinate_fallback,data/external/sen1floods11/permanent_sar/sentinel_2_636_rural_-157.97436111994955_21.668796450571786.tif,data/external/sen1floods11/permanent_mask/water_2_636_rural_-157.97436111994955_21.668796450571786.tif,True,True,True,True,False,550,514,2,550,514,1,-1.0,1.0,-1.0|0.0|1.0,1.0,
4_169_inhabited_166.95267190904175_-45.1768472308605,permanent,validation,coordinate_fallback,data/external/sen1floods11/permanent_sar/sentinel_4_169_inhabited_166.95267190904175_-45.1768472308605.tif,data/external/sen1floods11/permanent_mask/water_4_169_inhabited_166.95267190904175_-45.1768472308605.tif,True,True,True,True,False,724,514,2,724,514,1,-1.0,1.0,-1.0|0.0|1.0,1.0,
4_171_low_density_177.16081168687646_-37.98808963114352,permanent,validation,coordinate_fallback,data/external/sen1floods11/permanent_sar/sentinel_4_171_low_density_177.16081168687646_-37.98808963114352.tif,data/external/sen1floods11/permanent_mask/water_4_171_low_density_177.16081168687646_-37.98808963114352.tif,True,True,True,True,False,647,513,2,647,513,1,-1.0,1.0,-1.0|0.0|1.0,1.0,
4_171_rural_176.98556009727392_-39.64922071017949,permanent,validation,coordinate_fallback,data/external/sen1floods11/permanent_sar/sentinel_4_171_rural_176.98556009727392_-39.64922071017949.tif,data/external/sen1floods11/permanent_mask/water_4_171_rural_176.98556009727392_-39.64922071017949.tif,True,True,True,True,False,663,514,2,663,514,1,-1.0,1.0,-1.0|0.0|1.0,1.0,
4_173_rural_174.09872915707095_-36.15252743709883,permanent,validation,coordinate_fallback,data/external/sen1floods11/permanent_sar/sentinel_4_173_rural_174.09872915707095_-36.15252743709883.tif,data/external/sen1floods11/permanent_mask/water_4_173_rural_174.09872915707095_-36.15252743709883.tif,True,True,True,True,False,632,514,2,632,514,1,-1.0,1.0,-1.0|0.0|1.0,1.0,
4_176_inhabited_147.74127267172085_-37.921278920059734,permanent,validation,coordinate_fallback,data/external/sen1floods11/permanent_sar/sentinel_4_176_inhabited_147.74127267172085_-37.921278920059734.tif,data/external/sen1floods11/permanent_mask/water_4_176_inhabited_147.74127267172085_-37.921278920059734.tif,True,True,True,True,False,647,514,2,647,514,1,-1.0,1.0,-1.0|0.0|1.0,1.0,
4_177_inhabited_146.70077265460662_-41.843102887575924,permanent,validation,coordinate_fallback,data/external/sen1floods11/permanent_sar/sentinel_4_177_inhabited_146.70077265460662_-41.843102887575924.tif,data/external/sen1floods11/permanent_mask/water_4_177_inhabited_146.70077265460662_-41.843102887575924.tif,True,True,True,True,False,685,514,2,685,514,1,-1.0,1.0,-1.0|0.0|1.0,1.0,
4_308_inhabited_75.99012287128116_31.98065045980857,permanent,validation,coordinate_fallback,data/external/sen1floods11/permanent_sar/sentinel_4_308_inhabited_75.99012287128116_31.98065045980857.tif,data/external/sen1floods11/permanent_mask/water_4_308_inhabited_75.99012287128116_31.98065045980857.tif,True,True,True,True,False,602,514,2,602,514,1,-1.0,1.0,-1.0|0.0|1.0,1.0,
4_334_high_density_-73.79128217351328_45.445075536528435,permanent,validation,coordinate_fallback,data/external/sen1floods11/permanent_sar/sentinel_4_334_high_density_-73.79128217351328_45.445075536528435.tif,data/external/sen1floods11/permanent_mask/water_4_334_high_density_-73.79128217351328_45.445075536528435.tif,True,True,True,True,False,727,514,2,727,514,1,-1.0,1.0,-1.0|0.0|1.0,1.0,
4_334_rural_-81.93371217463181_41.46913145952657,permanent,validation,coordinate_fallback,data/external/sen1floods11/permanent_sar/sentinel_4_334_rural_-81.93371217463181_41.46913145952657.tif,data/external/sen1floods11/permanent_mask/water_4_334_rural_-81.93371217463181_41.46913145952657.tif,True,True,True,True,True,681,514,2,681,514,1,-1.0,1.0,-1.0|0.0|1.0,1.0,
4_337_rural_-91.13685083883874_29.937392256896494,permanent,validation,coordinate_fallback,data/external/sen1floods11/permanent_sar/sentinel_4_337_rural_-91.13685083883874_29.937392256896494.tif,data/external/sen1floods11/permanent_mask/water_4_337_rural_-91.13685083883874_29.937392256896494.tif,True,True,True,True,False,589,513,2,589,513,1,-1.0,1.0,-1.0|0.0|1.0,1.0,
4_340_inhabited_-94.82582500844505_36.591682004347454,permanent,validation,coordinate_fallback,data/external/sen1floods11/permanent_sar/sentinel_4_340_inhabited_-94.82582500844505_36.591682004347454.tif,data/external/sen1floods11/permanent_mask/water_4_340_inhabited_-94.82582500844505_36.591682004347454.tif,True,True,True,True,False,636,514,2,636,514,1,-1.0,1.0,-1.0|0.0|1.0,1.0,
4_341_rural_-95.67494932654748_35.061398786623805,permanent,validation,coordinate_fallback,data/external/sen1floods11/permanent_sar/sentinel_4_341_rural_-95.67494932654748_35.061398786623805.tif,data/external/sen1floods11/permanent_mask/water_4_341_rural_-95.67494932654748_35.061398786623805.tif,True,True,True,True,False,624,514,2,624,514,1,-1.0,1.0,-1.0|0.0|1.0,1.0,
4_344_rural_-90.74668841486434_46.859832364159416,permanent,validation,coordinate_fallback,data/external/sen1floods11/permanent_sar/sentinel_4_344_rural_-90.74668841486434_46.859832364159416.tif,data/external/sen1floods11/permanent_mask/water_4_344_rural_-90.74668841486434_46.859832364159416.tif,True,True,True,True,False,746,514,2,746,514,1,-1.0,1.0,-1.0|0.0|1.0,1.0,
4_561_rural_-68.26965760285023_-55.028597816099584,permanent,validation,coordinate_fallback,data/external/sen1floods11/permanent_sar/sentinel_4_561_rural_-68.26965760285023_-55.028597816099584.tif,data/external/sen1floods11/permanent_mask/water_4_561_rural_-68.26965760285023_-55.028597816099584.tif,True,True,True,True,False,890,513,2,890,513,1,-1.0,1.0,-1.0|0.0|1.0,1.0,
4_563_rural_-73.0780132872062_-41.81172865256387,permanent,validation,coordinate_fallback,data/external/sen1floods11/permanent_sar/sentinel_4_563_rural_-73.0780132872062_-41.81172865256387.tif,data/external/sen1floods11/permanent_mask/water_4_563_rural_-73.0780132872062_-41.81172865256387.tif,True,True,True,True,False,685,514,2,685,514,1,-1.0,1.0,-1.0|0.0|1.0|nan,1.0,
4_650_inhabited_45.38933231425931_40.17591189020831,permanent,validation,coordinate_fallback,data/external/sen1floods11/permanent_sar/sentinel_4_650_inhabited_45.38933231425931_40.17591189020831.tif,data/external/sen1floods11/permanent_mask/water_4_650_inhabited_45.38933231425931_40.17591189020831.tif,True,True,True,True,False,668,514,2,668,514,1,-1.0,1.0,-1.0|0.0|1.0,1.0,
4_654_rural_30.489388835403616_50.88838491538983,permanent,validation,coordinate_fallback,data/external/sen1floods11/permanent_sar/sentinel_4_654_rural_30.489388835403616_50.88838491538983.tif,data/external/sen1floods11/permanent_mask/water_4_654_rural_30.489388835403616_50.88838491538983.tif,True,True,True,True,False,808,514,2,808,514,1,-1.0,1.0,-1.0|1.0,1.0,
4_657_low_density_119.13973790841565_29.56437953557364,permanent,validation,coordinate_fallback,data/external/sen1floods11/permanent_sar/sentinel_4_657_low_density_119.13973790841565_29.56437953557364.tif,data/external/sen1floods11/permanent_mask/water_4_657_low_density_119.13973790841565_29.56437953557364.tif,True,True,True,True,False,586,514,2,586,514,1,-1.0,1.0,-1.0|0.0|1.0,1.0,
4_657_low_density_120.84486247844494_31.238210134409826,permanent,validation,coordinate_fallback,data/external/sen1floods11/permanent_sar/sentinel_4_657_low_density_120.84486247844494_31.238210134409826.tif,data/external/sen1floods11/permanent_mask/water_4_657_low_density_120.84486247844494_31.238210134409826.tif,True,True,True,True,False,597,514,2,597,514,1,-1.0,1.0,-1.0|0.0|1.0,1.0,
4_658_low_density_39.033204817848045_44.08776530776899,permanent,validation,coordinate_fallback,data/external/sen1floods11/permanent_sar/sentinel_4_658_low_density_39.033204817848045_44.08776530776899.tif,data/external/sen1floods11/permanent_mask/water_4_658_low_density_39.033204817848045_44.08776530776899.tif,True,True,True,True,False,710,514,2,710,514,1,-1.0,1.0,-1.0|0.0|1.0,1.0,
4_663_low_density_1.1254904831929_51.80532324231306,permanent,validation,coordinate_fallback,data/external/sen1floods11/permanent_sar/sentinel_4_663_low_density_1.1254904831929_51.80532324231306.tif,data/external/sen1floods11/permanent_mask/water_4_663_low_density_1.1254904831929_51.80532324231306.tif,True,True,True,True,False,825,514,2,825,514,1,-1.0,1.0,-1.0|0.0|1.0,1.0,
4_667_low_density_119.43106435754046_39.795898380231534,permanent,validation,coordinate_fallback,data/external/sen1floods11/permanent_sar/sentinel_4_667_low_density_119.43106435754046_39.795898380231534.tif,data/external/sen1floods11/permanent_mask/water_4_667_low_density_119.43106435754046_39.795898380231534.tif,True,True,True,True,False,664,514,2,664,514,1,-1.0,1.0,-1.0|0.0|1.0,1.0,
4_669_rural_129.99208847454273_41.95746099319259,permanent,validation,coordinate_fallback,data/external/sen1floods11/permanent_sar/sentinel_4_669_rural_129.99208847454273_41.95746099319259.tif,data/external/sen1floods11/permanent_mask/water_4_669_rural_129.99208847454273_41.95746099319259.tif,True,True,True,True,True,686,514,2,686,514,1,-1.0,1.0,-1.0|0.0|1.0,1.0,
4_671_high_density_140.74036362208238_41.8029620598928,permanent,validation,coordinate_fallback,data/external/sen1floods11/permanent_sar/sentinel_4_671_high_density_140.74036362208238_41.8029620598928.tif,data/external/sen1floods11/permanent_mask/water_4_671_high_density_140.74036362208238_41.8029620598928.tif,True,True,True,True,False,684,513,2,684,513,1,-1.0,1.0,-1.0|0.0|1.0,1.0,
4_671_rural_140.36368997879464_42.49318631195569,permanent,validation,coordinate_fallback,data/external/sen1floods11/permanent_sar/sentinel_4_671_rural_140.36368997879464_42.49318631195569.tif,data/external/sen1floods11/permanent_mask/water_4_671_rural_140.36368997879464_42.49318631195569.tif,True,True,True,True,False,692,514,2,692,514,1,-1.0,1.0,-1.0|0.0|1.0,1.0,
4_673_rural_121.42642735603748_39.3911324003071,permanent,validation,coordinate_fallback,data/external/sen1floods11/permanent_sar/sentinel_4_673_rural_121.42642735603748_39.3911324003071.tif,data/external/sen1floods11/permanent_mask/water_4_673_rural_121.42642735603748_39.3911324003071.tif,True,True,True,True,True,660,514,2,660,514,1,-1.0,1.0,-1.0|0.0|1.0,1.0,
4_682_high_density_136.68017374887776_35.005405854695674,permanent,validation,coordinate_fallback,data/external/sen1floods11/permanent_sar/sentinel_4_682_high_density_136.68017374887776_35.005405854695674.tif,data/external/sen1floods11/permanent_mask/water_4_682_high_density_136.68017374887776_35.005405854695674.tif,True,True,True,True,False,623,513,2,623,513,1,-1.0,1.0,-1.0|0.0|1.0,1.0,
4_682_low_density_133.22718412522192_34.423020502509324,permanent,validation,coordinate_fallback,data/external/sen1floods11/permanent_sar/sentinel_4_682_low_density_133.22718412522192_34.423020502509324.tif,data/external/sen1floods11/permanent_mask/water_4_682_low_density_133.22718412522192_34.423020502509324.tif,True,True,True,True,False,619,514,2,619,514,1,-1.0,1.0,-1.0|0.0|1.0,1.0,
4_683_rural_138.53544071047762_35.10394306977472,permanent,validation,coordinate_fallback,data/external/sen1floods11/permanent_sar/sentinel_4_683_rural_138.53544071047762_35.10394306977472.tif,data/external/sen1floods11/permanent_mask/water_4_683_rural_138.53544071047762_35.10394306977472.tif,True,True,True,True,False,624,514,2,624,514,1,-1.0,1.0,-1.0|0.0|1.0,1.0,
4_683_rural_141.30718225249115_40.72629873323513,permanent,validation,coordinate_fallback,data/external/sen1floods11/permanent_sar/sentinel_4_683_rural_141.30718225249115_40.72629873323513.tif,data/external/sen1floods11/permanent_mask/water_4_683_rural_141.30718225249115_40.72629873323513.tif,True,True,True,True,False,674,514,2,674,514,1,-1.0,1.0,-1.0|0.0|1.0,1.0,
4_686_rural_6.944858149396658_46.981976060215416,permanent,validation,coordinate_fallback,data/external/sen1floods11/permanent_sar/sentinel_4_686_rural_6.944858149396658_46.981976060215416.tif,data/external/sen1floods11/permanent_mask/water_4_686_rural_6.944858149396658_46.981976060215416.tif,True,True,True,True,False,748,514,2,748,514,1,-1.0,1.0,-1.0|0.0|1.0|nan,1.0,
5_360_low_density_-131.57518974424448_55.31203611546081,permanent,validation,coordinate_fallback,data/external/sen1floods11/permanent_sar/sentinel_5_360_low_density_-131.57518974424448_55.31203611546081.tif,data/external/sen1floods11/permanent_mask/water_5_360_low_density_-131.57518974424448_55.31203611546081.tif,True,True,True,True,False,897,514,2,897,514,1,-1.0,1.0,-1.0|0.0|1.0,1.0,
6_369_inhabited_-162.56716385938196_54.955437345115705,permanent,validation,coordinate_fallback,data/external/sen1floods11/permanent_sar/sentinel_6_369_inhabited_-162.56716385938196_54.955437345115705.tif,data/external/sen1floods11/permanent_mask/water_6_369_inhabited_-162.56716385938196_54.955437345115705.tif,True,True,True,True,False,889,514,2,889,514,1,-1.0,1.0,-1.0|0.0|1.0|nan,1.0,
6_369_rural_-158.25694773100957_56.26665384628568,permanent,validation,coordinate_fallback,data/external/sen1floods11/permanent_sar/sentinel_6_369_rural_-158.25694773100957_56.26665384628568.tif,data/external/sen1floods11/permanent_mask/water_6_369_rural_-158.25694773100957_56.26665384628568.tif,True,True,True,True,True,919,513,2,919,513,1,-1.0,1.0,-1.0|0.0|1.0,1.0,
6_377_rural_-93.24181408212843_52.998239792535124,permanent,validation,coordinate_fallback,data/external/sen1floods11/permanent_sar/sentinel_6_377_rural_-93.24181408212843_52.998239792535124.tif,data/external/sen1floods11/permanent_mask/water_6_377_rural_-93.24181408212843_52.998239792535124.tif,True,True,True,True,False,847,514,2,847,514,1,-1.0,1.0,-1.0|0.0|1.0,1.0,
6_377_rural_-99.90340783710492_54.81749951312839,permanent,validation,coordinate_fallback,data/external/sen1floods11/permanent_sar/sentinel_6_377_rural_-99.90340783710492_54.81749951312839.tif,data/external/sen1floods11/permanent_mask/water_6_377_rural_-99.90340783710492_54.81749951312839.tif,True,True,True,True,False,886,514,2,886,514,1,-1.0,1.0,-1.0|0.0|1.0,1.0,
6_383_rural_-139.01497689686622_61.344018178993934,permanent,validation,coordinate_fallback,data/external/sen1floods11/permanent_sar/sentinel_6_383_rural_-139.01497689686622_61.344018178993934.tif,data/external/sen1floods11/permanent_mask/water_6_383_rural_-139.01497689686622_61.344018178993934.tif,True,True,True,True,False,1064,513,2,1064,513,1,-1.0,1.0,-1.0|0.0|1.0,1.0,
6_713_inhabited_167.856843829649_54.698579747134055,permanent,validation,coordinate_fallback,data/external/sen1floods11/permanent_sar/sentinel_6_713_inhabited_167.856843829649_54.698579747134055.tif,data/external/sen1floods11/permanent_mask/water_6_713_inhabited_167.856843829649_54.698579747134055.tif,True,True,True,True,True,883,514,2,883,514,1,-1.0,1.0,-1.0|0.0|1.0,1.0,
6_718_inhabited_108.55502704661747_53.60667967217676,permanent,validation,coordinate_fallback,data/external/sen1floods11/permanent_sar/sentinel_6_718_inhabited_108.55502704661747_53.60667967217676.tif,data/external/sen1floods11/permanent_mask/water_6_718_inhabited_108.55502704661747_53.60667967217676.tif,True,True,True,True,False,860,514,2,860,514,1,-1.0,1.0,-1.0|1.0,1.0,
7_181_rural_130.87062948229476_-12.451495681419093,permanent,validation,coordinate_fallback,data/external/sen1floods11/permanent_sar/sentinel_7_181_rural_130.87062948229476_-12.451495681419093.tif,data/external/sen1floods11/permanent_mask/water_7_181_rural_130.87062948229476_-12.451495681419093.tif,True,True,True,True,False,523,514,2,523,514,1,-1.0,1.0,-1.0|0.0|1.0,1.0,
7_183_rural_143.38954677164193_-12.602868784880423,permanent,validation,coordinate_fallback,data/external/sen1floods11/permanent_sar/sentinel_7_183_rural_143.38954677164193_-12.602868784880423.tif,data/external/sen1floods11/permanent_mask/water_7_183_rural_143.38954677164193_-12.602868784880423.tif,True,True,True,True,False,523,513,2,523,513,1,-1.0,1.0,-1.0|0.0|1.0,1.0,
7_184_inhabited_139.6247545068239_-17.07973043782217,permanent,validation,coordinate_fallback,data/external/sen1floods11/permanent_sar/sentinel_7_184_inhabited_139.6247545068239_-17.07973043782217.tif,data/external/sen1floods11/permanent_mask/water_7_184_inhabited_139.6247545068239_-17.07973043782217.tif,True,True,True,True,False,534,514,2,534,514,1,-1.0,1.0,-1.0|0.0|1.0,1.0,
7_184_inhabited_139.98213361985339_-17.70654627290506,permanent,validation,coordinate_fallback,data/external/sen1floods11/permanent_sar/sentinel_7_184_inhabited_139.98213361985339_-17.70654627290506.tif,data/external/sen1floods11/permanent_mask/water_7_184_inhabited_139.98213361985339_-17.70654627290506.tif,True,True,True,True,True,536,514,2,536,514,1,-1.0,1.0,-1.0|0.0|1.0|nan,1.0,
7_384_rural_-95.03337832607873_29.150530366803324,permanent,validation,coordinate_fallback,data/external/sen1floods11/permanent_sar/sentinel_7_384_rural_-95.03337832607873_29.150530366803324.tif,data/external/sen1floods11/permanent_mask/water_7_384_rural_-95.03337832607873_29.150530366803324.tif,True,True,True,True,False,584,514,2,584,514,1,-1.0,1.0,-1.0|0.0|1.0,1.0,
7_42_inhabited_28.51850630169002_-16.753787987219493,permanent,validation,coordinate_fallback,data/external/sen1floods11/permanent_sar/sentinel_7_42_inhabited_28.51850630169002_-16.753787987219493.tif,data/external/sen1floods11/permanent_mask/water_7_42_inhabited_28.51850630169002_-16.753787987219493.tif,True,True,True,True,False,534,514,2,534,514,1,-1.0,1.0,-1.0|0.0|1.0,1.0,
7_43_low_density_13.93215356351896_8.860010838144287,permanent,validation,coordinate_fallback,data/external/sen1floods11/permanent_sar/sentinel_7_43_low_density_13.93215356351896_8.860010838144287.tif,data/external/sen1floods11/permanent_mask/water_7_43_low_density_13.93215356351896_8.860010838144287.tif,True,True,True,True,False,517,514,2,517,514,1,-1.0,1.0,-1.0|0.0|1.0,1.0,
7_44_high_density_2.346254119493725_6.343807000200579,permanent,validation,coordinate_fallback,data/external/sen1floods11/permanent_sar/sentinel_7_44_high_density_2.346254119493725_6.343807000200579.tif,data/external/sen1floods11/permanent_mask/water_7_44_high_density_2.346254119493725_6.343807000200579.tif,True,True,True,True,False,514,514,2,514,514,1,-1.0,1.0,-1.0|0.0|1.0,1.0,
7_44_rural_-0.18912385297980006_6.633679782381936,permanent,validation,coordinate_fallback,data/external/sen1floods11/permanent_sar/sentinel_7_44_rural_-0.18912385297980006_6.633679782381936.tif,data/external/sen1floods11/permanent_mask/water_7_44_rural_-0.18912385297980006_6.633679782381936.tif,True,True,True,True,False,514,514,2,514,514,1,-1.0,1.0,-1.0|0.0|1.0,1.0,
7_53_inhabited_14.937689769273108_10.788045869835324,permanent,validation,coordinate_fallback,data/external/sen1floods11/permanent_sar/sentinel_7_53_inhabited_14.937689769273108_10.788045869835324.tif,data/external/sen1floods11/permanent_mask/water_7_53_inhabited_14.937689769273108_10.788045869835324.tif,True,True,True,True,False,520,514,2,520,514,1,-1.0,1.0,-1.0|0.0|1.0,1.0,
7_567_inhabited_-47.849199869493795_-18.44627992396436,permanent,validation,coordinate_fallback,data/external/sen1floods11/permanent_sar/sentinel_7_567_inhabited_-47.849199869493795_-18.44627992396436.tif,data/external/sen1floods11/permanent_mask/water_7_567_inhabited_-47.849199869493795_-18.44627992396436.tif,True,True,True,True,False,538,514,2,538,514,1,-1.0,1.0,-1.0|0.0|1.0,1.0,
7_569_inhabited_-62.87402493245228_-30.660841270908605,permanent,validation,coordinate_fallback,data/external/sen1floods11/permanent_sar/sentinel_7_569_inhabited_-62.87402493245228_-30.660841270908605.tif,data/external/sen1floods11/permanent_mask/water_7_569_inhabited_-62.87402493245228_-30.660841270908605.tif,True,True,True,True,False,594,514,2,594,514,1,-1.0,1.0,-1.0|1.0,1.0,
7_573_inhabited_-83.27809992853837_14.260798229360026,permanent,validation,coordinate_fallback,data/external/sen1floods11/permanent_sar/sentinel_7_573_inhabited_-83.27809992853837_14.260798229360026.tif,data/external/sen1floods11/permanent_mask/water_7_573_inhabited_-83.27809992853837_14.260798229360026.tif,True,True,True,True,False,527,513,2,527,513,1,-1.0,1.0,-1.0|0.0|1.0,1.0,
7_573_rural_-83.9845642266379_15.484103553261317,permanent,validation,coordinate_fallback,data/external/sen1floods11/permanent_sar/sentinel_7_573_rural_-83.9845642266379_15.484103553261317.tif,data/external/sen1floods11/permanent_mask/water_7_573_rural_-83.9845642266379_15.484103553261317.tif,True,True,True,True,False,529,514,2,529,514,1,-1.0,1.0,-1.0|0.0|1.0,1.0,
7_58_inhabited_18.217322921274132_-2.6252556133067806,permanent,validation,coordinate_fallback,data/external/sen1floods11/permanent_sar/sentinel_7_58_inhabited_18.217322921274132_-2.6252556133067806.tif,data/external/sen1floods11/permanent_mask/water_7_58_inhabited_18.217322921274132_-2.6252556133067806.tif,True,True,True,True,False,511,514,2,511,514,1,-1.0,1.0,-1.0|0.0|1.0,1.0,
7_640_rural_-157.1422304359618_21.19874031302279,permanent,validation,coordinate_fallback,data/external/sen1floods11/permanent_sar/sentinel_7_640_rural_-157.1422304359618_21.19874031302279.tif,data/external/sen1floods11/permanent_mask/water_7_640_rural_-157.1422304359618_21.19874031302279.tif,True,True,True,True,False,548,514,2,548,514,1,-1.0,1.0,-1.0|0.0|1.0,1.0,
7_65_rural_28.374936625072216_-16.82420165195446,permanent,validation,coordinate_fallback,data/external/sen1floods11/permanent_sar/sentinel_7_65_rural_28.374936625072216_-16.82420165195446.tif,data/external/sen1floods11/permanent_mask/water_7_65_rural_28.374936625072216_-16.82420165195446.tif,True,True,True,True,False,533,514,2,533,514,1,-1.0,1.0,-1.0|0.0|1.0,1.0,
8_192_inhabited_147.05906588335205_-36.16927136155453,permanent,validation,coordinate_fallback,data/external/sen1floods11/permanent_sar/sentinel_8_192_inhabited_147.05906588335205_-36.16927136155453.tif,data/external/sen1floods11/permanent_mask/water_8_192_inhabited_147.05906588335205_-36.16927136155453.tif,True,True,True,True,False,633,513,2,633,513,1,-1.0,1.0,-1.0|0.0|1.0,1.0,
8_386_rural_-108.44629186742922_53.11984839646469,permanent,validation,coordinate_fallback,data/external/sen1floods11/permanent_sar/sentinel_8_386_rural_-108.44629186742922_53.11984839646469.tif,data/external/sen1floods11/permanent_mask/water_8_386_rural_-108.44629186742922_53.11984839646469.tif,True,True,True,True,False,850,513,2,850,513,1,-1.0,1.0,-1.0|0.0|1.0,1.0,
8_387_high_density_-87.75402071115786_42.122055331277394,permanent,validation,coordinate_fallback,data/external/sen1floods11/permanent_sar/sentinel_8_387_high_density_-87.75402071115786_42.122055331277394.tif,data/external/sen1floods11/permanent_mask/water_8_387_high_density_-87.75402071115786_42.122055331277394.tif,True,True,True,True,False,688,514,2,688,514,1,-1.0,1.0,-1.0|0.0|1.0,1.0,
8_387_rural_-89.36921413114122_43.10405640167146,permanent,validation,coordinate_fallback,data/external/sen1floods11/permanent_sar/sentinel_8_387_rural_-89.36921413114122_43.10405640167146.tif,data/external/sen1floods11/permanent_mask/water_8_387_rural_-89.36921413114122_43.10405640167146.tif,True,True,True,True,True,698,514,2,698,514,1,-1.0,1.0,-1.0|0.0|1.0,1.0,
8_397_rural_-97.66063161665748_50.45629356420987,permanent,validation,coordinate_fallback,data/external/sen1floods11/permanent_sar/sentinel_8_397_rural_-97.66063161665748_50.45629356420987.tif,data/external/sen1floods11/permanent_mask/water_8_397_rural_-97.66063161665748_50.45629356420987.tif,True,True,True,True,True,801,514,2,801,514,1,-1.0,1.0,-1.0|0.0|1.0,1.0,
8_397_rural_-99.73781020128311_51.328627503295486,permanent,validation,coordinate_fallback,data/external/sen1floods11/permanent_sar/sentinel_8_397_rural_-99.73781020128311_51.328627503295486.tif,data/external/sen1floods11/permanent_mask/water_8_397_rural_-99.73781020128311_51.328627503295486.tif,True,True,True,True,False,817,514,2,817,514,1,-1.0,1.0,-1.0|0.0|1.0,1.0,
8_576_inhabited_-59.97524806052712_-32.793455399830684,permanent,validation,coordinate_fallback,data/external/sen1floods11/permanent_sar/sentinel_8_576_inhabited_-59.97524806052712_-32.793455399830684.tif,data/external/sen1floods11/permanent_mask/water_8_576_inhabited_-59.97524806052712_-32.793455399830684.tif,True,True,True,True,False,608,514,2,608,514,1,-1.0,1.0,-1.0|0.0|1.0|nan,1.0,
8_578_rural_-69.50861437144911_-53.3531663999852,permanent,validation,coordinate_fallback,data/external/sen1floods11/permanent_sar/sentinel_8_578_rural_-69.50861437144911_-53.3531663999852.tif,data/external/sen1floods11/permanent_mask/water_8_578_rural_-69.50861437144911_-53.3531663999852.tif,True,True,True,True,False,855,514,2,855,514,1,-1.0,1.0,-1.0|0.0|1.0,1.0,
8_733_inhabited_70.27842465911391_53.06437717935982,permanent,validation,coordinate_fallback,data/external/sen1floods11/permanent_sar/sentinel_8_733_inhabited_70.27842465911391_53.06437717935982.tif,data/external/sen1floods11/permanent_mask/water_8_733_inhabited_70.27842465911391_53.06437717935982.tif,True,True,True,True,False,849,514,2,849,514,1,-1.0,1.0,-1.0|0.0|1.0,1.0,
8_735_high_density_45.985045919494425_51.456510062407254,permanent,validation,coordinate_fallback,data/external/sen1floods11/permanent_sar/sentinel_8_735_high_density_45.985045919494425_51.456510062407254.tif,data/external/sen1floods11/permanent_mask/water_8_735_high_density_45.985045919494425_51.456510062407254.tif,True,True,True,True,False,818,514,2,818,514,1,-1.0,1.0,-1.0|0.0|1.0,1.0,
8_735_low_density_28.649238226374944_44.01670953248233,permanent,validation,coordinate_fallback,data/external/sen1floods11/permanent_sar/sentinel_8_735_low_density_28.649238226374944_44.01670953248233.tif,data/external/sen1floods11/permanent_mask/water_8_735_low_density_28.649238226374944_44.01670953248233.tif,True,True,True,True,False,709,514,2,709,514,1,-1.0,1.0,-1.0|0.0|1.0,1.0,
8_735_low_density_34.404684678977546_47.467879842908346,permanent,validation,coordinate_fallback,data/external/sen1floods11/permanent_sar/sentinel_8_735_low_density_34.404684678977546_47.467879842908346.tif,data/external/sen1floods11/permanent_mask/water_8_735_low_density_34.404684678977546_47.467879842908346.tif,True,True,True,True,False,755,514,2,755,514,1,-1.0,1.0,-1.0|0.0|1.0,1.0,
8_735_low_density_44.67730305804507_48.854981325805866,permanent,validation,coordinate_fallback,data/external/sen1floods11/permanent_sar/sentinel_8_735_low_density_44.67730305804507_48.854981325805866.tif,data/external/sen1floods11/permanent_mask/water_8_735_low_density_44.67730305804507_48.854981325805866.tif,True,True,True,True,False,776,514,2,776,514,1,-1.0,1.0,-1.0|0.0|1.0,1.0,
8_735_low_density_45.983561038843604_51.38746088259465,permanent,validation,coordinate_fallback,data/external/sen1floods11/permanent_sar/sentinel_8_735_low_density_45.983561038843604_51.38746088259465.tif,data/external/sen1floods11/permanent_mask/water_8_735_low_density_45.983561038843604_51.38746088259465.tif,True,True,True,True,True,817,514,2,817,514,1,-1.0,1.0,-1.0|0.0|1.0,1.0,
8_738_rural_103.3508102071408_53.49126921871147,permanent,validation,coordinate_fallback,data/external/sen1floods11/permanent_sar/sentinel_8_738_rural_103.3508102071408_53.49126921871147.tif,data/external/sen1floods11/permanent_mask/water_8_738_rural_103.3508102071408_53.49126921871147.tif,True,True,True,True,False,857,514,2,857,514,1,-1.0,1.0,-1.0|0.0|1.0,1.0,
8_739_rural_38.15099396992905_35.97494819674641,permanent,validation,coordinate_fallback,data/external/sen1floods11/permanent_sar/sentinel_8_739_rural_38.15099396992905_35.97494819674641.tif,data/external/sen1floods11/permanent_mask/water_8_739_rural_38.15099396992905_35.97494819674641.tif,True,True,True,True,False,631,514,2,631,514,1,-1.0,1.0,-1.0|0.0|1.0,1.0,
9_748_inhabited_119.64066886165875_34.518989275381585,permanent,validation,coordinate_fallback,data/external/sen1floods11/permanent_sar/sentinel_9_748_inhabited_119.64066886165875_34.518989275381585.tif,data/external/sen1floods11/permanent_mask/water_9_748_inhabited_119.64066886165875_34.518989275381585.tif,True,True,True,True,False,619,514,2,619,514,1,-1.0,1.0,-1.0|0.0|1.0,1.0,
