sample_id,group_name,oil_label,class_name,surface_context,land_mask_required,image_path,annotation_type,lookalike_semantics
oc:oc-0001,oc,1,oil,coast,True,data/external/dartis/raw/oc/oc-0001.jpg,oil_object_annotation_expected,not_applicable
oc:oc-0002,oc,1,oil,coast,True,data/external/dartis/raw/oc/oc-0002.jpg,oil_object_annotation_expected,not_applicable
oc:oc-0003,oc,1,oil,coast,True,data/external/dartis/raw/oc/oc-0003.jpg,oil_object_annotation_expected,not_applicable
oc:oc-0004,oc,1,oil,coast,True,data/external/dartis/raw/oc/oc-0004.jpg,oil_object_annotation_expected,not_applicable
oc:oc-0005,oc,1,oil,coast,True,data/external/dartis/raw/oc/oc-0005.jpg,oil_object_annotation_expected,not_applicable
oc:oc-0006,oc,1,oil,coast,True,data/external/dartis/raw/oc/oc-0006.jpg,oil_object_annotation_expected,not_applicable
oc:oc-0007,oc,1,oil,coast,True,data/external/dartis/raw/oc/oc-0007.jpg,oil_object_annotation_expected,not_applicable
oc:oc-0008,oc,1,oil,coast,True,data/external/dartis/raw/oc/oc-0008.jpg,oil_object_annotation_expected,not_applicable
oc:oc-0009,oc,1,oil,coast,True,data/external/dartis/raw/oc/oc-0009.jpg,oil_object_annotation_expected,not_applicable
oc:oc-0010,oc,1,oil,coast,True,data/external/dartis/raw/oc/oc-0010.jpg,oil_object_annotation_expected,not_applicable
oc:oc-0011,oc,1,oil,coast,True,data/external/dartis/raw/oc/oc-0011.jpg,oil_object_annotation_expected,not_applicable
oc:oc-0012,oc,1,oil,coast,True,data/external/dartis/raw/oc/oc-0012.jpg,oil_object_annotation_expected,not_applicable
oc:oc-0013,oc,1,oil,coast,True,data/external/dartis/raw/oc/oc-0013.jpg,oil_object_annotation_expected,not_applicable
oc:oc-0014,oc,1,oil,coast,True,data/external/dartis/raw/oc/oc-0014.jpg,oil_object_annotation_expected,not_applicable
oc:oc-0015,oc,1,oil,coast,True,data/external/dartis/raw/oc/oc-0015.jpg,oil_object_annotation_expected,not_applicable
oc:oc-0016,oc,1,oil,coast,True,data/external/dartis/raw/oc/oc-0016.jpg,oil_object_annotation_expected,not_applicable
oc:oc-0017,oc,1,oil,coast,True,data/external/dartis/raw/oc/oc-0017.jpg,oil_object_annotation_expected,not_applicable
oc:oc-0018,oc,1,oil,coast,True,data/external/dartis/raw/oc/oc-0018.jpg,oil_object_annotation_expected,not_applicable
oc:oc-0019,oc,1,oil,coast,True,data/external/dartis/raw/oc/oc-0019.jpg,oil_object_annotation_expected,not_applicable
oc:oc-0020,oc,1,oil,coast,True,data/external/dartis/raw/oc/oc-0020.jpg,oil_object_annotation_expected,not_applicable
oc:oc-0021,oc,1,oil,coast,True,data/external/dartis/raw/oc/oc-0021.jpg,oil_object_annotation_expected,not_applicable
oc:oc-0022,oc,1,oil,coast,True,data/external/dartis/raw/oc/oc-0022.jpg,oil_object_annotation_expected,not_applicable
oc:oc-0023,oc,1,oil,coast,True,data/external/dartis/raw/oc/oc-0023.jpg,oil_object_annotation_expected,not_applicable
oc:oc-0024,oc,1,oil,coast,True,data/external/dartis/raw/oc/oc-0024.jpg,oil_object_annotation_expected,not_applicable
oc:oc-0025,oc,1,oil,coast,True,data/external/dartis/raw/oc/oc-0025.jpg,oil_object_annotation_expected,not_applicable
oc:oc-0026,oc,1,oil,coast,True,data/external/dartis/raw/oc/oc-0026.jpg,oil_object_annotation_expected,not_applicable
oc:oc-0027,oc,1,oil,coast,True,data/external/dartis/raw/oc/oc-0027.jpg,oil_object_annotation_expected,not_applicable
oc:oc-0028,oc,1,oil,coast,True,data/external/dartis/raw/oc/oc-0028.jpg,oil_object_annotation_expected,not_applicable
oc:oc-0029,oc,1,oil,coast,True,data/external/dartis/raw/oc/oc-0029.jpg,oil_object_annotation_expected,not_applicable
oc:oc-0030,oc,1,oil,coast,True,data/external/dartis/raw/oc/oc-0030.jpg,oil_object_annotation_expected,not_applicable
oc:oc-0031,oc,1,oil,coast,True,data/external/dartis/raw/oc/oc-0031.jpg,oil_object_annotation_expected,not_applicable
oc:oc-0032,oc,1,oil,coast,True,data/external/dartis/raw/oc/oc-0032.jpg,oil_object_annotation_expected,not_applicable
oc:oc-0033,oc,1,oil,coast,True,data/external/dartis/raw/oc/oc-0033.jpg,oil_object_annotation_expected,not_applicable
oc:oc-0034,oc,1,oil,coast,True,data/external/dartis/raw/oc/oc-0034.jpg,oil_object_annotation_expected,not_applicable
oc:oc-0035,oc,1,oil,coast,True,data/external/dartis/raw/oc/oc-0035.jpg,oil_object_annotation_expected,not_applicable
oc:oc-0036,oc,1,oil,coast,True,data/external/dartis/raw/oc/oc-0036.jpg,oil_object_annotation_expected,not_applicable
oc:oc-0037,oc,1,oil,coast,True,data/external/dartis/raw/oc/oc-0037.jpg,oil_object_annotation_expected,not_applicable
oc:oc-0038,oc,1,oil,coast,True,data/external/dartis/raw/oc/oc-0038.jpg,oil_object_annotation_expected,not_applicable
oc:oc-0039,oc,1,oil,coast,True,data/external/dartis/raw/oc/oc-0039.jpg,oil_object_annotation_expected,not_applicable
oc:oc-0040,oc,1,oil,coast,True,data/external/dartis/raw/oc/oc-0040.jpg,oil_object_annotation_expected,not_applicable
oc:oc-0041,oc,1,oil,coast,True,data/external/dartis/raw/oc/oc-0041.jpg,oil_object_annotation_expected,not_applicable
oc:oc-0042,oc,1,oil,coast,True,data/external/dartis/raw/oc/oc-0042.jpg,oil_object_annotation_expected,not_applicable
oc:oc-0043,oc,1,oil,coast,True,data/external/dartis/raw/oc/oc-0043.jpg,oil_object_annotation_expected,not_applicable
oc:oc-0044,oc,1,oil,coast,True,data/external/dartis/raw/oc/oc-0044.jpg,oil_object_annotation_expected,not_applicable
oc:oc-0045,oc,1,oil,coast,True,data/external/dartis/raw/oc/oc-0045.jpg,oil_object_annotation_expected,not_applicable
oc:oc-0046,oc,1,oil,coast,True,data/external/dartis/raw/oc/oc-0046.jpg,oil_object_annotation_expected,not_applicable
oc:oc-0047,oc,1,oil,coast,True,data/external/dartis/raw/oc/oc-0047.jpg,oil_object_annotation_expected,not_applicable
oc:oc-0048,oc,1,oil,coast,True,data/external/dartis/raw/oc/oc-0048.jpg,oil_object_annotation_expected,not_applicable
oc:oc-0049,oc,1,oil,coast,True,data/external/dartis/raw/oc/oc-0049.jpg,oil_object_annotation_expected,not_applicable
oc:oc-0050,oc,1,oil,coast,True,data/external/dartis/raw/oc/oc-0050.jpg,oil_object_annotation_expected,not_applicable
oc:oc-0051,oc,1,oil,coast,True,data/external/dartis/raw/oc/oc-0051.jpg,oil_object_annotation_expected,not_applicable
oc:oc-0052,oc,1,oil,coast,True,data/external/dartis/raw/oc/oc-0052.jpg,oil_object_annotation_expected,not_applicable
oc:oc-0053,oc,1,oil,coast,True,data/external/dartis/raw/oc/oc-0053.jpg,oil_object_annotation_expected,not_applicable
oc:oc-0054,oc,1,oil,coast,True,data/external/dartis/raw/oc/oc-0054.jpg,oil_object_annotation_expected,not_applicable
oc:oc-0055,oc,1,oil,coast,True,data/external/dartis/raw/oc/oc-0055.jpg,oil_object_annotation_expected,not_applicable
oc:oc-0056,oc,1,oil,coast,True,data/external/dartis/raw/oc/oc-0056.jpg,oil_object_annotation_expected,not_applicable
oc:oc-0057,oc,1,oil,coast,True,data/external/dartis/raw/oc/oc-0057.jpg,oil_object_annotation_expected,not_applicable
oc:oc-0058,oc,1,oil,coast,True,data/external/dartis/raw/oc/oc-0058.jpg,oil_object_annotation_expected,not_applicable
oc:oc-0059,oc,1,oil,coast,True,data/external/dartis/raw/oc/oc-0059.jpg,oil_object_annotation_expected,not_applicable
oc:oc-0060,oc,1,oil,coast,True,data/external/dartis/raw/oc/oc-0060.jpg,oil_object_annotation_expected,not_applicable
oc:oc-0061,oc,1,oil,coast,True,data/external/dartis/raw/oc/oc-0061.jpg,oil_object_annotation_expected,not_applicable
oc:oc-0062,oc,1,oil,coast,True,data/external/dartis/raw/oc/oc-0062.jpg,oil_object_annotation_expected,not_applicable
oc:oc-0063,oc,1,oil,coast,True,data/external/dartis/raw/oc/oc-0063.jpg,oil_object_annotation_expected,not_applicable
oc:oc-0064,oc,1,oil,coast,True,data/external/dartis/raw/oc/oc-0064.jpg,oil_object_annotation_expected,not_applicable
oc:oc-0065,oc,1,oil,coast,True,data/external/dartis/raw/oc/oc-0065.jpg,oil_object_annotation_expected,not_applicable
oc:oc-0066,oc,1,oil,coast,True,data/external/dartis/raw/oc/oc-0066.jpg,oil_object_annotation_expected,not_applicable
oc:oc-0067,oc,1,oil,coast,True,data/external/dartis/raw/oc/oc-0067.jpg,oil_object_annotation_expected,not_applicable
oc:oc-0068,oc,1,oil,coast,True,data/external/dartis/raw/oc/oc-0068.jpg,oil_object_annotation_expected,not_applicable
oc:oc-0069,oc,1,oil,coast,True,data/external/dartis/raw/oc/oc-0069.jpg,oil_object_annotation_expected,not_applicable
oc:oc-0070,oc,1,oil,coast,True,data/external/dartis/raw/oc/oc-0070.jpg,oil_object_annotation_expected,not_applicable
oc:oc-0071,oc,1,oil,coast,True,data/external/dartis/raw/oc/oc-0071.jpg,oil_object_annotation_expected,not_applicable
oc:oc-0072,oc,1,oil,coast,True,data/external/dartis/raw/oc/oc-0072.jpg,oil_object_annotation_expected,not_applicable
oc:oc-0073,oc,1,oil,coast,True,data/external/dartis/raw/oc/oc-0073.jpg,oil_object_annotation_expected,not_applicable
oc:oc-0074,oc,1,oil,coast,True,data/external/dartis/raw/oc/oc-0074.jpg,oil_object_annotation_expected,not_applicable
oc:oc-0075,oc,1,oil,coast,True,data/external/dartis/raw/oc/oc-0075.jpg,oil_object_annotation_expected,not_applicable
oc:oc-0076,oc,1,oil,coast,True,data/external/dartis/raw/oc/oc-0076.jpg,oil_object_annotation_expected,not_applicable
oc:oc-0077,oc,1,oil,coast,True,data/external/dartis/raw/oc/oc-0077.jpg,oil_object_annotation_expected,not_applicable
oc:oc-0078,oc,1,oil,coast,True,data/external/dartis/raw/oc/oc-0078.jpg,oil_object_annotation_expected,not_applicable
oc:oc-0079,oc,1,oil,coast,True,data/external/dartis/raw/oc/oc-0079.jpg,oil_object_annotation_expected,not_applicable
oc:oc-0080,oc,1,oil,coast,True,data/external/dartis/raw/oc/oc-0080.jpg,oil_object_annotation_expected,not_applicable
oc:oc-0081,oc,1,oil,coast,True,data/external/dartis/raw/oc/oc-0081.jpg,oil_object_annotation_expected,not_applicable
oc:oc-0082,oc,1,oil,coast,True,data/external/dartis/raw/oc/oc-0082.jpg,oil_object_annotation_expected,not_applicable
oc:oc-0083,oc,1,oil,coast,True,data/external/dartis/raw/oc/oc-0083.jpg,oil_object_annotation_expected,not_applicable
oc:oc-0084,oc,1,oil,coast,True,data/external/dartis/raw/oc/oc-0084.jpg,oil_object_annotation_expected,not_applicable
oc:oc-0085,oc,1,oil,coast,True,data/external/dartis/raw/oc/oc-0085.jpg,oil_object_annotation_expected,not_applicable
oc:oc-0086,oc,1,oil,coast,True,data/external/dartis/raw/oc/oc-0086.jpg,oil_object_annotation_expected,not_applicable
oc:oc-0087,oc,1,oil,coast,True,data/external/dartis/raw/oc/oc-0087.jpg,oil_object_annotation_expected,not_applicable
oc:oc-0088,oc,1,oil,coast,True,data/external/dartis/raw/oc/oc-0088.jpg,oil_object_annotation_expected,not_applicable
oc:oc-0089,oc,1,oil,coast,True,data/external/dartis/raw/oc/oc-0089.jpg,oil_object_annotation_expected,not_applicable
oc:oc-0090,oc,1,oil,coast,True,data/external/dartis/raw/oc/oc-0090.jpg,oil_object_annotation_expected,not_applicable
oc:oc-0091,oc,1,oil,coast,True,data/external/dartis/raw/oc/oc-0091.jpg,oil_object_annotation_expected,not_applicable
oc:oc-0092,oc,1,oil,coast,True,data/external/dartis/raw/oc/oc-0092.jpg,oil_object_annotation_expected,not_applicable
oc:oc-0093,oc,1,oil,coast,True,data/external/dartis/raw/oc/oc-0093.jpg,oil_object_annotation_expected,not_applicable
oc:oc-0094,oc,1,oil,coast,True,data/external/dartis/raw/oc/oc-0094.jpg,oil_object_annotation_expected,not_applicable
oc:oc-0095,oc,1,oil,coast,True,data/external/dartis/raw/oc/oc-0095.jpg,oil_object_annotation_expected,not_applicable
oc:oc-0096,oc,1,oil,coast,True,data/external/dartis/raw/oc/oc-0096.jpg,oil_object_annotation_expected,not_applicable
oc:oc-0097,oc,1,oil,coast,True,data/external/dartis/raw/oc/oc-0097.jpg,oil_object_annotation_expected,not_applicable
oc:oc-0098,oc,1,oil,coast,True,data/external/dartis/raw/oc/oc-0098.jpg,oil_object_annotation_expected,not_applicable
oc:oc-0099,oc,1,oil,coast,True,data/external/dartis/raw/oc/oc-0099.jpg,oil_object_annotation_expected,not_applicable
oc:oc-0100,oc,1,oil,coast,True,data/external/dartis/raw/oc/oc-0100.jpg,oil_object_annotation_expected,not_applicable
oc:oc-0101,oc,1,oil,coast,True,data/external/dartis/raw/oc/oc-0101.jpg,oil_object_annotation_expected,not_applicable
oc:oc-0102,oc,1,oil,coast,True,data/external/dartis/raw/oc/oc-0102.jpg,oil_object_annotation_expected,not_applicable
oc:oc-0103,oc,1,oil,coast,True,data/external/dartis/raw/oc/oc-0103.jpg,oil_object_annotation_expected,not_applicable
oc:oc-0104,oc,1,oil,coast,True,data/external/dartis/raw/oc/oc-0104.jpg,oil_object_annotation_expected,not_applicable
oc:oc-0105,oc,1,oil,coast,True,data/external/dartis/raw/oc/oc-0105.jpg,oil_object_annotation_expected,not_applicable
oc:oc-0106,oc,1,oil,coast,True,data/external/dartis/raw/oc/oc-0106.jpg,oil_object_annotation_expected,not_applicable
oc:oc-0107,oc,1,oil,coast,True,data/external/dartis/raw/oc/oc-0107.jpg,oil_object_annotation_expected,not_applicable
oc:oc-0108,oc,1,oil,coast,True,data/external/dartis/raw/oc/oc-0108.jpg,oil_object_annotation_expected,not_applicable
oc:oc-0109,oc,1,oil,coast,True,data/external/dartis/raw/oc/oc-0109.jpg,oil_object_annotation_expected,not_applicable
oc:oc-0110,oc,1,oil,coast,True,data/external/dartis/raw/oc/oc-0110.jpg,oil_object_annotation_expected,not_applicable
oc:oc-0111,oc,1,oil,coast,True,data/external/dartis/raw/oc/oc-0111.jpg,oil_object_annotation_expected,not_applicable
oc:oc-0112,oc,1,oil,coast,True,data/external/dartis/raw/oc/oc-0112.jpg,oil_object_annotation_expected,not_applicable
oc:oc-0113,oc,1,oil,coast,True,data/external/dartis/raw/oc/oc-0113.jpg,oil_object_annotation_expected,not_applicable
oc:oc-0114,oc,1,oil,coast,True,data/external/dartis/raw/oc/oc-0114.jpg,oil_object_annotation_expected,not_applicable
oc:oc-0115,oc,1,oil,coast,True,data/external/dartis/raw/oc/oc-0115.jpg,oil_object_annotation_expected,not_applicable
oc:oc-0116,oc,1,oil,coast,True,data/external/dartis/raw/oc/oc-0116.jpg,oil_object_annotation_expected,not_applicable
oc:oc-0117,oc,1,oil,coast,True,data/external/dartis/raw/oc/oc-0117.jpg,oil_object_annotation_expected,not_applicable
oc:oc-0118,oc,1,oil,coast,True,data/external/dartis/raw/oc/oc-0118.jpg,oil_object_annotation_expected,not_applicable
oc:oc-0119,oc,1,oil,coast,True,data/external/dartis/raw/oc/oc-0119.jpg,oil_object_annotation_expected,not_applicable
oc:oc-0120,oc,1,oil,coast,True,data/external/dartis/raw/oc/oc-0120.jpg,oil_object_annotation_expected,not_applicable
oc:oc-0121,oc,1,oil,coast,True,data/external/dartis/raw/oc/oc-0121.jpg,oil_object_annotation_expected,not_applicable
oc:oc-0122,oc,1,oil,coast,True,data/external/dartis/raw/oc/oc-0122.jpg,oil_object_annotation_expected,not_applicable
oc:oc-0123,oc,1,oil,coast,True,data/external/dartis/raw/oc/oc-0123.jpg,oil_object_annotation_expected,not_applicable
oc:oc-0124,oc,1,oil,coast,True,data/external/dartis/raw/oc/oc-0124.jpg,oil_object_annotation_expected,not_applicable
oc:oc-0125,oc,1,oil,coast,True,data/external/dartis/raw/oc/oc-0125.jpg,oil_object_annotation_expected,not_applicable
oc:oc-0126,oc,1,oil,coast,True,data/external/dartis/raw/oc/oc-0126.jpg,oil_object_annotation_expected,not_applicable
oc:oc-0127,oc,1,oil,coast,True,data/external/dartis/raw/oc/oc-0127.jpg,oil_object_annotation_expected,not_applicable
oc:oc-0128,oc,1,oil,coast,True,data/external/dartis/raw/oc/oc-0128.jpg,oil_object_annotation_expected,not_applicable
oc:oc-0129,oc,1,oil,coast,True,data/external/dartis/raw/oc/oc-0129.jpg,oil_object_annotation_expected,not_applicable
oc:oc-0130,oc,1,oil,coast,True,data/external/dartis/raw/oc/oc-0130.jpg,oil_object_annotation_expected,not_applicable
oc:oc-0131,oc,1,oil,coast,True,data/external/dartis/raw/oc/oc-0131.jpg,oil_object_annotation_expected,not_applicable
oc:oc-0132,oc,1,oil,coast,True,data/external/dartis/raw/oc/oc-0132.jpg,oil_object_annotation_expected,not_applicable
oc:oc-0133,oc,1,oil,coast,True,data/external/dartis/raw/oc/oc-0133.jpg,oil_object_annotation_expected,not_applicable
oc:oc-0134,oc,1,oil,coast,True,data/external/dartis/raw/oc/oc-0134.jpg,oil_object_annotation_expected,not_applicable
oc:oc-0135,oc,1,oil,coast,True,data/external/dartis/raw/oc/oc-0135.jpg,oil_object_annotation_expected,not_applicable
oc:oc-0136,oc,1,oil,coast,True,data/external/dartis/raw/oc/oc-0136.jpg,oil_object_annotation_expected,not_applicable
oc:oc-0137,oc,1,oil,coast,True,data/external/dartis/raw/oc/oc-0137.jpg,oil_object_annotation_expected,not_applicable
oc:oc-0138,oc,1,oil,coast,True,data/external/dartis/raw/oc/oc-0138.jpg,oil_object_annotation_expected,not_applicable
oc:oc-0139,oc,1,oil,coast,True,data/external/dartis/raw/oc/oc-0139.jpg,oil_object_annotation_expected,not_applicable
oc:oc-0140,oc,1,oil,coast,True,data/external/dartis/raw/oc/oc-0140.jpg,oil_object_annotation_expected,not_applicable
oc:oc-0141,oc,1,oil,coast,True,data/external/dartis/raw/oc/oc-0141.jpg,oil_object_annotation_expected,not_applicable
oc:oc-0142,oc,1,oil,coast,True,data/external/dartis/raw/oc/oc-0142.jpg,oil_object_annotation_expected,not_applicable
oc:oc-0143,oc,1,oil,coast,True,data/external/dartis/raw/oc/oc-0143.jpg,oil_object_annotation_expected,not_applicable
oc:oc-0144,oc,1,oil,coast,True,data/external/dartis/raw/oc/oc-0144.jpg,oil_object_annotation_expected,not_applicable
oc:oc-0145,oc,1,oil,coast,True,data/external/dartis/raw/oc/oc-0145.jpg,oil_object_annotation_expected,not_applicable
oc:oc-0146,oc,1,oil,coast,True,data/external/dartis/raw/oc/oc-0146.jpg,oil_object_annotation_expected,not_applicable
oc:oc-0147,oc,1,oil,coast,True,data/external/dartis/raw/oc/oc-0147.jpg,oil_object_annotation_expected,not_applicable
oc:oc-0148,oc,1,oil,coast,True,data/external/dartis/raw/oc/oc-0148.jpg,oil_object_annotation_expected,not_applicable
oc:oc-0149,oc,1,oil,coast,True,data/external/dartis/raw/oc/oc-0149.jpg,oil_object_annotation_expected,not_applicable
oc:oc-0150,oc,1,oil,coast,True,data/external/dartis/raw/oc/oc-0150.jpg,oil_object_annotation_expected,not_applicable
oc:oc-0151,oc,1,oil,coast,True,data/external/dartis/raw/oc/oc-0151.jpg,oil_object_annotation_expected,not_applicable
oc:oc-0152,oc,1,oil,coast,True,data/external/dartis/raw/oc/oc-0152.jpg,oil_object_annotation_expected,not_applicable
oc:oc-0153,oc,1,oil,coast,True,data/external/dartis/raw/oc/oc-0153.jpg,oil_object_annotation_expected,not_applicable
oc:oc-0154,oc,1,oil,coast,True,data/external/dartis/raw/oc/oc-0154.jpg,oil_object_annotation_expected,not_applicable
oc:oc-0155,oc,1,oil,coast,True,data/external/dartis/raw/oc/oc-0155.jpg,oil_object_annotation_expected,not_applicable
oc:oc-0156,oc,1,oil,coast,True,data/external/dartis/raw/oc/oc-0156.jpg,oil_object_annotation_expected,not_applicable
oc:oc-0157,oc,1,oil,coast,True,data/external/dartis/raw/oc/oc-0157.jpg,oil_object_annotation_expected,not_applicable
oc:oc-0158,oc,1,oil,coast,True,data/external/dartis/raw/oc/oc-0158.jpg,oil_object_annotation_expected,not_applicable
oc:oc-0159,oc,1,oil,coast,True,data/external/dartis/raw/oc/oc-0159.jpg,oil_object_annotation_expected,not_applicable
oc:oc-0160,oc,1,oil,coast,True,data/external/dartis/raw/oc/oc-0160.jpg,oil_object_annotation_expected,not_applicable
oc:oc-0161,oc,1,oil,coast,True,data/external/dartis/raw/oc/oc-0161.jpg,oil_object_annotation_expected,not_applicable
oc:oc-0162,oc,1,oil,coast,True,data/external/dartis/raw/oc/oc-0162.jpg,oil_object_annotation_expected,not_applicable
oc:oc-0163,oc,1,oil,coast,True,data/external/dartis/raw/oc/oc-0163.jpg,oil_object_annotation_expected,not_applicable
oc:oc-0164,oc,1,oil,coast,True,data/external/dartis/raw/oc/oc-0164.jpg,oil_object_annotation_expected,not_applicable
oc:oc-0165,oc,1,oil,coast,True,data/external/dartis/raw/oc/oc-0165.jpg,oil_object_annotation_expected,not_applicable
oc:oc-0166,oc,1,oil,coast,True,data/external/dartis/raw/oc/oc-0166.jpg,oil_object_annotation_expected,not_applicable
oc:oc-0167,oc,1,oil,coast,True,data/external/dartis/raw/oc/oc-0167.jpg,oil_object_annotation_expected,not_applicable
oc:oc-0168,oc,1,oil,coast,True,data/external/dartis/raw/oc/oc-0168.jpg,oil_object_annotation_expected,not_applicable
oc:oc-0169,oc,1,oil,coast,True,data/external/dartis/raw/oc/oc-0169.jpg,oil_object_annotation_expected,not_applicable
oc:oc-0170,oc,1,oil,coast,True,data/external/dartis/raw/oc/oc-0170.jpg,oil_object_annotation_expected,not_applicable
oc:oc-0171,oc,1,oil,coast,True,data/external/dartis/raw/oc/oc-0171.jpg,oil_object_annotation_expected,not_applicable
oc:oc-0172,oc,1,oil,coast,True,data/external/dartis/raw/oc/oc-0172.jpg,oil_object_annotation_expected,not_applicable
oc:oc-0173,oc,1,oil,coast,True,data/external/dartis/raw/oc/oc-0173.jpg,oil_object_annotation_expected,not_applicable
oc:oc-0174,oc,1,oil,coast,True,data/external/dartis/raw/oc/oc-0174.jpg,oil_object_annotation_expected,not_applicable
oc:oc-0175,oc,1,oil,coast,True,data/external/dartis/raw/oc/oc-0175.jpg,oil_object_annotation_expected,not_applicable
oc:oc-0176,oc,1,oil,coast,True,data/external/dartis/raw/oc/oc-0176.jpg,oil_object_annotation_expected,not_applicable
oc:oc-0177,oc,1,oil,coast,True,data/external/dartis/raw/oc/oc-0177.jpg,oil_object_annotation_expected,not_applicable
oc:oc-0178,oc,1,oil,coast,True,data/external/dartis/raw/oc/oc-0178.jpg,oil_object_annotation_expected,not_applicable
oc:oc-0179,oc,1,oil,coast,True,data/external/dartis/raw/oc/oc-0179.jpg,oil_object_annotation_expected,not_applicable
oc:oc-0180,oc,1,oil,coast,True,data/external/dartis/raw/oc/oc-0180.jpg,oil_object_annotation_expected,not_applicable
oc:oc-0181,oc,1,oil,coast,True,data/external/dartis/raw/oc/oc-0181.jpg,oil_object_annotation_expected,not_applicable
oc:oc-0182,oc,1,oil,coast,True,data/external/dartis/raw/oc/oc-0182.jpg,oil_object_annotation_expected,not_applicable
oc:oc-0183,oc,1,oil,coast,True,data/external/dartis/raw/oc/oc-0183.jpg,oil_object_annotation_expected,not_applicable
oc:oc-0184,oc,1,oil,coast,True,data/external/dartis/raw/oc/oc-0184.jpg,oil_object_annotation_expected,not_applicable
oc:oc-0185,oc,1,oil,coast,True,data/external/dartis/raw/oc/oc-0185.jpg,oil_object_annotation_expected,not_applicable
oc:oc-0186,oc,1,oil,coast,True,data/external/dartis/raw/oc/oc-0186.jpg,oil_object_annotation_expected,not_applicable
oc:oc-0187,oc,1,oil,coast,True,data/external/dartis/raw/oc/oc-0187.jpg,oil_object_annotation_expected,not_applicable
oc:oc-0188,oc,1,oil,coast,True,data/external/dartis/raw/oc/oc-0188.jpg,oil_object_annotation_expected,not_applicable
oc:oc-0189,oc,1,oil,coast,True,data/external/dartis/raw/oc/oc-0189.jpg,oil_object_annotation_expected,not_applicable
oc:oc-0190,oc,1,oil,coast,True,data/external/dartis/raw/oc/oc-0190.jpg,oil_object_annotation_expected,not_applicable
oc:oc-0191,oc,1,oil,coast,True,data/external/dartis/raw/oc/oc-0191.jpg,oil_object_annotation_expected,not_applicable
oc:oc-0192,oc,1,oil,coast,True,data/external/dartis/raw/oc/oc-0192.jpg,oil_object_annotation_expected,not_applicable
oc:oc-0193,oc,1,oil,coast,True,data/external/dartis/raw/oc/oc-0193.jpg,oil_object_annotation_expected,not_applicable
oc:oc-0194,oc,1,oil,coast,True,data/external/dartis/raw/oc/oc-0194.jpg,oil_object_annotation_expected,not_applicable
oc:oc-0195,oc,1,oil,coast,True,data/external/dartis/raw/oc/oc-0195.jpg,oil_object_annotation_expected,not_applicable
oc:oc-0196,oc,1,oil,coast,True,data/external/dartis/raw/oc/oc-0196.jpg,oil_object_annotation_expected,not_applicable
oc:oc-0197,oc,1,oil,coast,True,data/external/dartis/raw/oc/oc-0197.jpg,oil_object_annotation_expected,not_applicable
oc:oc-0198,oc,1,oil,coast,True,data/external/dartis/raw/oc/oc-0198.jpg,oil_object_annotation_expected,not_applicable
oc:oc-0199,oc,1,oil,coast,True,data/external/dartis/raw/oc/oc-0199.jpg,oil_object_annotation_expected,not_applicable
oc:oc-0200,oc,1,oil,coast,True,data/external/dartis/raw/oc/oc-0200.jpg,oil_object_annotation_expected,not_applicable
oc:oc-0201,oc,1,oil,coast,True,data/external/dartis/raw/oc/oc-0201.jpg,oil_object_annotation_expected,not_applicable
oc:oc-0202,oc,1,oil,coast,True,data/external/dartis/raw/oc/oc-0202.jpg,oil_object_annotation_expected,not_applicable
oc:oc-0203,oc,1,oil,coast,True,data/external/dartis/raw/oc/oc-0203.jpg,oil_object_annotation_expected,not_applicable
oc:oc-0204,oc,1,oil,coast,True,data/external/dartis/raw/oc/oc-0204.jpg,oil_object_annotation_expected,not_applicable
oc:oc-0205,oc,1,oil,coast,True,data/external/dartis/raw/oc/oc-0205.jpg,oil_object_annotation_expected,not_applicable
oc:oc-0206,oc,1,oil,coast,True,data/external/dartis/raw/oc/oc-0206.jpg,oil_object_annotation_expected,not_applicable
oc:oc-0207,oc,1,oil,coast,True,data/external/dartis/raw/oc/oc-0207.jpg,oil_object_annotation_expected,not_applicable
oc:oc-0208,oc,1,oil,coast,True,data/external/dartis/raw/oc/oc-0208.jpg,oil_object_annotation_expected,not_applicable
oc:oc-0209,oc,1,oil,coast,True,data/external/dartis/raw/oc/oc-0209.jpg,oil_object_annotation_expected,not_applicable
oc:oc-0210,oc,1,oil,coast,True,data/external/dartis/raw/oc/oc-0210.jpg,oil_object_annotation_expected,not_applicable
oc:oc-0211,oc,1,oil,coast,True,data/external/dartis/raw/oc/oc-0211.jpg,oil_object_annotation_expected,not_applicable
oc:oc-0212,oc,1,oil,coast,True,data/external/dartis/raw/oc/oc-0212.jpg,oil_object_annotation_expected,not_applicable
oc:oc-0213,oc,1,oil,coast,True,data/external/dartis/raw/oc/oc-0213.jpg,oil_object_annotation_expected,not_applicable
oc:oc-0214,oc,1,oil,coast,True,data/external/dartis/raw/oc/oc-0214.jpg,oil_object_annotation_expected,not_applicable
oc:oc-0215,oc,1,oil,coast,True,data/external/dartis/raw/oc/oc-0215.jpg,oil_object_annotation_expected,not_applicable
oc:oc-0216,oc,1,oil,coast,True,data/external/dartis/raw/oc/oc-0216.jpg,oil_object_annotation_expected,not_applicable
oc:oc-0217,oc,1,oil,coast,True,data/external/dartis/raw/oc/oc-0217.jpg,oil_object_annotation_expected,not_applicable
oc:oc-0218,oc,1,oil,coast,True,data/external/dartis/raw/oc/oc-0218.jpg,oil_object_annotation_expected,not_applicable
oc:oc-0219,oc,1,oil,coast,True,data/external/dartis/raw/oc/oc-0219.jpg,oil_object_annotation_expected,not_applicable
oc:oc-0220,oc,1,oil,coast,True,data/external/dartis/raw/oc/oc-0220.jpg,oil_object_annotation_expected,not_applicable
oc:oc-0221,oc,1,oil,coast,True,data/external/dartis/raw/oc/oc-0221.jpg,oil_object_annotation_expected,not_applicable
oc:oc-0222,oc,1,oil,coast,True,data/external/dartis/raw/oc/oc-0222.jpg,oil_object_annotation_expected,not_applicable
oc:oc-0223,oc,1,oil,coast,True,data/external/dartis/raw/oc/oc-0223.jpg,oil_object_annotation_expected,not_applicable
oc:oc-0224,oc,1,oil,coast,True,data/external/dartis/raw/oc/oc-0224.jpg,oil_object_annotation_expected,not_applicable
oc:oc-0225,oc,1,oil,coast,True,data/external/dartis/raw/oc/oc-0225.jpg,oil_object_annotation_expected,not_applicable
oc:oc-0226,oc,1,oil,coast,True,data/external/dartis/raw/oc/oc-0226.jpg,oil_object_annotation_expected,not_applicable
oc:oc-0227,oc,1,oil,coast,True,data/external/dartis/raw/oc/oc-0227.jpg,oil_object_annotation_expected,not_applicable
oc:oc-0228,oc,1,oil,coast,True,data/external/dartis/raw/oc/oc-0228.jpg,oil_object_annotation_expected,not_applicable
oc:oc-0229,oc,1,oil,coast,True,data/external/dartis/raw/oc/oc-0229.jpg,oil_object_annotation_expected,not_applicable
oc:oc-0230,oc,1,oil,coast,True,data/external/dartis/raw/oc/oc-0230.jpg,oil_object_annotation_expected,not_applicable
oc:oc-0231,oc,1,oil,coast,True,data/external/dartis/raw/oc/oc-0231.jpg,oil_object_annotation_expected,not_applicable
oc:oc-0232,oc,1,oil,coast,True,data/external/dartis/raw/oc/oc-0232.jpg,oil_object_annotation_expected,not_applicable
oc:oc-0233,oc,1,oil,coast,True,data/external/dartis/raw/oc/oc-0233.jpg,oil_object_annotation_expected,not_applicable
oc:oc-0234,oc,1,oil,coast,True,data/external/dartis/raw/oc/oc-0234.jpg,oil_object_annotation_expected,not_applicable
oc:oc-0235,oc,1,oil,coast,True,data/external/dartis/raw/oc/oc-0235.jpg,oil_object_annotation_expected,not_applicable
oc:oc-0236,oc,1,oil,coast,True,data/external/dartis/raw/oc/oc-0236.jpg,oil_object_annotation_expected,not_applicable
oc:oc-0237,oc,1,oil,coast,True,data/external/dartis/raw/oc/oc-0237.jpg,oil_object_annotation_expected,not_applicable
oc:oc-0238,oc,1,oil,coast,True,data/external/dartis/raw/oc/oc-0238.jpg,oil_object_annotation_expected,not_applicable
oc:oc-0239,oc,1,oil,coast,True,data/external/dartis/raw/oc/oc-0239.jpg,oil_object_annotation_expected,not_applicable
oc:oc-0240,oc,1,oil,coast,True,data/external/dartis/raw/oc/oc-0240.jpg,oil_object_annotation_expected,not_applicable
oc:oc-0241,oc,1,oil,coast,True,data/external/dartis/raw/oc/oc-0241.jpg,oil_object_annotation_expected,not_applicable
oc:oc-0242,oc,1,oil,coast,True,data/external/dartis/raw/oc/oc-0242.jpg,oil_object_annotation_expected,not_applicable
oc:oc-0243,oc,1,oil,coast,True,data/external/dartis/raw/oc/oc-0243.jpg,oil_object_annotation_expected,not_applicable
oc:oc-0244,oc,1,oil,coast,True,data/external/dartis/raw/oc/oc-0244.jpg,oil_object_annotation_expected,not_applicable
oc:oc-0245,oc,1,oil,coast,True,data/external/dartis/raw/oc/oc-0245.jpg,oil_object_annotation_expected,not_applicable
oc:oc-0246,oc,1,oil,coast,True,data/external/dartis/raw/oc/oc-0246.jpg,oil_object_annotation_expected,not_applicable
oc:oc-0247,oc,1,oil,coast,True,data/external/dartis/raw/oc/oc-0247.jpg,oil_object_annotation_expected,not_applicable
oc:oc-0248,oc,1,oil,coast,True,data/external/dartis/raw/oc/oc-0248.jpg,oil_object_annotation_expected,not_applicable
oc:oc-0249,oc,1,oil,coast,True,data/external/dartis/raw/oc/oc-0249.jpg,oil_object_annotation_expected,not_applicable
oc:oc-0250,oc,1,oil,coast,True,data/external/dartis/raw/oc/oc-0250.jpg,oil_object_annotation_expected,not_applicable
oc:oc-0251,oc,1,oil,coast,True,data/external/dartis/raw/oc/oc-0251.jpg,oil_object_annotation_expected,not_applicable
oc:oc-0252,oc,1,oil,coast,True,data/external/dartis/raw/oc/oc-0252.jpg,oil_object_annotation_expected,not_applicable
oc:oc-0253,oc,1,oil,coast,True,data/external/dartis/raw/oc/oc-0253.jpg,oil_object_annotation_expected,not_applicable
oc:oc-0254,oc,1,oil,coast,True,data/external/dartis/raw/oc/oc-0254.jpg,oil_object_annotation_expected,not_applicable
oc:oc-0255,oc,1,oil,coast,True,data/external/dartis/raw/oc/oc-0255.jpg,oil_object_annotation_expected,not_applicable
oc:oc-0256,oc,1,oil,coast,True,data/external/dartis/raw/oc/oc-0256.jpg,oil_object_annotation_expected,not_applicable
oc:oc-0257,oc,1,oil,coast,True,data/external/dartis/raw/oc/oc-0257.jpg,oil_object_annotation_expected,not_applicable
oc:oc-0258,oc,1,oil,coast,True,data/external/dartis/raw/oc/oc-0258.jpg,oil_object_annotation_expected,not_applicable
oc:oc-0259,oc,1,oil,coast,True,data/external/dartis/raw/oc/oc-0259.jpg,oil_object_annotation_expected,not_applicable
oc:oc-0260,oc,1,oil,coast,True,data/external/dartis/raw/oc/oc-0260.jpg,oil_object_annotation_expected,not_applicable
oc:oc-0261,oc,1,oil,coast,True,data/external/dartis/raw/oc/oc-0261.jpg,oil_object_annotation_expected,not_applicable
oc:oc-0262,oc,1,oil,coast,True,data/external/dartis/raw/oc/oc-0262.jpg,oil_object_annotation_expected,not_applicable
oc:oc-0263,oc,1,oil,coast,True,data/external/dartis/raw/oc/oc-0263.jpg,oil_object_annotation_expected,not_applicable
oc:oc-0264,oc,1,oil,coast,True,data/external/dartis/raw/oc/oc-0264.jpg,oil_object_annotation_expected,not_applicable
oc:oc-0265,oc,1,oil,coast,True,data/external/dartis/raw/oc/oc-0265.jpg,oil_object_annotation_expected,not_applicable
oc:oc-0266,oc,1,oil,coast,True,data/external/dartis/raw/oc/oc-0266.jpg,oil_object_annotation_expected,not_applicable
oc:oc-0267,oc,1,oil,coast,True,data/external/dartis/raw/oc/oc-0267.jpg,oil_object_annotation_expected,not_applicable
oc:oc-0268,oc,1,oil,coast,True,data/external/dartis/raw/oc/oc-0268.jpg,oil_object_annotation_expected,not_applicable
oc:oc-0269,oc,1,oil,coast,True,data/external/dartis/raw/oc/oc-0269.jpg,oil_object_annotation_expected,not_applicable
oc:oc-0270,oc,1,oil,coast,True,data/external/dartis/raw/oc/oc-0270.jpg,oil_object_annotation_expected,not_applicable
oc:oc-0271,oc,1,oil,coast,True,data/external/dartis/raw/oc/oc-0271.jpg,oil_object_annotation_expected,not_applicable
oc:oc-0272,oc,1,oil,coast,True,data/external/dartis/raw/oc/oc-0272.jpg,oil_object_annotation_expected,not_applicable
oc:oc-0273,oc,1,oil,coast,True,data/external/dartis/raw/oc/oc-0273.jpg,oil_object_annotation_expected,not_applicable
oc:oc-0274,oc,1,oil,coast,True,data/external/dartis/raw/oc/oc-0274.jpg,oil_object_annotation_expected,not_applicable
oc:oc-0275,oc,1,oil,coast,True,data/external/dartis/raw/oc/oc-0275.jpg,oil_object_annotation_expected,not_applicable
oc:oc-0276,oc,1,oil,coast,True,data/external/dartis/raw/oc/oc-0276.jpg,oil_object_annotation_expected,not_applicable
oc:oc-0277,oc,1,oil,coast,True,data/external/dartis/raw/oc/oc-0277.jpg,oil_object_annotation_expected,not_applicable
oc:oc-0278,oc,1,oil,coast,True,data/external/dartis/raw/oc/oc-0278.jpg,oil_object_annotation_expected,not_applicable
oc:oc-0279,oc,1,oil,coast,True,data/external/dartis/raw/oc/oc-0279.jpg,oil_object_annotation_expected,not_applicable
oc:oc-0280,oc,1,oil,coast,True,data/external/dartis/raw/oc/oc-0280.jpg,oil_object_annotation_expected,not_applicable
oc:oc-0281,oc,1,oil,coast,True,data/external/dartis/raw/oc/oc-0281.jpg,oil_object_annotation_expected,not_applicable
oc:oc-0282,oc,1,oil,coast,True,data/external/dartis/raw/oc/oc-0282.jpg,oil_object_annotation_expected,not_applicable
oc:oc-0283,oc,1,oil,coast,True,data/external/dartis/raw/oc/oc-0283.jpg,oil_object_annotation_expected,not_applicable
oc:oc-0284,oc,1,oil,coast,True,data/external/dartis/raw/oc/oc-0284.jpg,oil_object_annotation_expected,not_applicable
oc:oc-0285,oc,1,oil,coast,True,data/external/dartis/raw/oc/oc-0285.jpg,oil_object_annotation_expected,not_applicable
oc:oc-0286,oc,1,oil,coast,True,data/external/dartis/raw/oc/oc-0286.jpg,oil_object_annotation_expected,not_applicable
oc:oc-0287,oc,1,oil,coast,True,data/external/dartis/raw/oc/oc-0287.jpg,oil_object_annotation_expected,not_applicable
oc:oc-0288,oc,1,oil,coast,True,data/external/dartis/raw/oc/oc-0288.jpg,oil_object_annotation_expected,not_applicable
oc:oc-0289,oc,1,oil,coast,True,data/external/dartis/raw/oc/oc-0289.jpg,oil_object_annotation_expected,not_applicable
oc:oc-0290,oc,1,oil,coast,True,data/external/dartis/raw/oc/oc-0290.jpg,oil_object_annotation_expected,not_applicable
oc:oc-0291,oc,1,oil,coast,True,data/external/dartis/raw/oc/oc-0291.jpg,oil_object_annotation_expected,not_applicable
oc:oc-0292,oc,1,oil,coast,True,data/external/dartis/raw/oc/oc-0292.jpg,oil_object_annotation_expected,not_applicable
oc:oc-0293,oc,1,oil,coast,True,data/external/dartis/raw/oc/oc-0293.jpg,oil_object_annotation_expected,not_applicable
oc:oc-0294,oc,1,oil,coast,True,data/external/dartis/raw/oc/oc-0294.jpg,oil_object_annotation_expected,not_applicable
oc:oc-0295,oc,1,oil,coast,True,data/external/dartis/raw/oc/oc-0295.jpg,oil_object_annotation_expected,not_applicable
oc:oc-0296,oc,1,oil,coast,True,data/external/dartis/raw/oc/oc-0296.jpg,oil_object_annotation_expected,not_applicable
oc:oc-0297,oc,1,oil,coast,True,data/external/dartis/raw/oc/oc-0297.jpg,oil_object_annotation_expected,not_applicable
oc:oc-0298,oc,1,oil,coast,True,data/external/dartis/raw/oc/oc-0298.jpg,oil_object_annotation_expected,not_applicable
oc:oc-0299,oc,1,oil,coast,True,data/external/dartis/raw/oc/oc-0299.jpg,oil_object_annotation_expected,not_applicable
oc:oc-0300,oc,1,oil,coast,True,data/external/dartis/raw/oc/oc-0300.jpg,oil_object_annotation_expected,not_applicable
oc:oc-0301,oc,1,oil,coast,True,data/external/dartis/raw/oc/oc-0301.jpg,oil_object_annotation_expected,not_applicable
oc:oc-0302,oc,1,oil,coast,True,data/external/dartis/raw/oc/oc-0302.jpg,oil_object_annotation_expected,not_applicable
oc:oc-0303,oc,1,oil,coast,True,data/external/dartis/raw/oc/oc-0303.jpg,oil_object_annotation_expected,not_applicable
oc:oc-0304,oc,1,oil,coast,True,data/external/dartis/raw/oc/oc-0304.jpg,oil_object_annotation_expected,not_applicable
oc:oc-0305,oc,1,oil,coast,True,data/external/dartis/raw/oc/oc-0305.jpg,oil_object_annotation_expected,not_applicable
oc:oc-0306,oc,1,oil,coast,True,data/external/dartis/raw/oc/oc-0306.jpg,oil_object_annotation_expected,not_applicable
oc:oc-0307,oc,1,oil,coast,True,data/external/dartis/raw/oc/oc-0307.jpg,oil_object_annotation_expected,not_applicable
oc:oc-0308,oc,1,oil,coast,True,data/external/dartis/raw/oc/oc-0308.jpg,oil_object_annotation_expected,not_applicable
oc:oc-0309,oc,1,oil,coast,True,data/external/dartis/raw/oc/oc-0309.jpg,oil_object_annotation_expected,not_applicable
oc:oc-0310,oc,1,oil,coast,True,data/external/dartis/raw/oc/oc-0310.jpg,oil_object_annotation_expected,not_applicable
oc:oc-0311,oc,1,oil,coast,True,data/external/dartis/raw/oc/oc-0311.jpg,oil_object_annotation_expected,not_applicable
oc:oc-0312,oc,1,oil,coast,True,data/external/dartis/raw/oc/oc-0312.jpg,oil_object_annotation_expected,not_applicable
oc:oc-0313,oc,1,oil,coast,True,data/external/dartis/raw/oc/oc-0313.jpg,oil_object_annotation_expected,not_applicable
oc:oc-0314,oc,1,oil,coast,True,data/external/dartis/raw/oc/oc-0314.jpg,oil_object_annotation_expected,not_applicable
oc:oc-0315,oc,1,oil,coast,True,data/external/dartis/raw/oc/oc-0315.jpg,oil_object_annotation_expected,not_applicable
oc:oc-0316,oc,1,oil,coast,True,data/external/dartis/raw/oc/oc-0316.jpg,oil_object_annotation_expected,not_applicable
oc:oc-0317,oc,1,oil,coast,True,data/external/dartis/raw/oc/oc-0317.jpg,oil_object_annotation_expected,not_applicable
oc:oc-0318,oc,1,oil,coast,True,data/external/dartis/raw/oc/oc-0318.jpg,oil_object_annotation_expected,not_applicable
oc:oc-0319,oc,1,oil,coast,True,data/external/dartis/raw/oc/oc-0319.jpg,oil_object_annotation_expected,not_applicable
oc:oc-0320,oc,1,oil,coast,True,data/external/dartis/raw/oc/oc-0320.jpg,oil_object_annotation_expected,not_applicable
oc:oc-0321,oc,1,oil,coast,True,data/external/dartis/raw/oc/oc-0321.jpg,oil_object_annotation_expected,not_applicable
oc:oc-0322,oc,1,oil,coast,True,data/external/dartis/raw/oc/oc-0322.jpg,oil_object_annotation_expected,not_applicable
oc:oc-0323,oc,1,oil,coast,True,data/external/dartis/raw/oc/oc-0323.jpg,oil_object_annotation_expected,not_applicable
oc:oc-0324,oc,1,oil,coast,True,data/external/dartis/raw/oc/oc-0324.jpg,oil_object_annotation_expected,not_applicable
oc:oc-0325,oc,1,oil,coast,True,data/external/dartis/raw/oc/oc-0325.jpg,oil_object_annotation_expected,not_applicable
oc:oc-0326,oc,1,oil,coast,True,data/external/dartis/raw/oc/oc-0326.jpg,oil_object_annotation_expected,not_applicable
oc:oc-0327,oc,1,oil,coast,True,data/external/dartis/raw/oc/oc-0327.jpg,oil_object_annotation_expected,not_applicable
oc:oc-0328,oc,1,oil,coast,True,data/external/dartis/raw/oc/oc-0328.jpg,oil_object_annotation_expected,not_applicable
oc:oc-0329,oc,1,oil,coast,True,data/external/dartis/raw/oc/oc-0329.jpg,oil_object_annotation_expected,not_applicable
oc:oc-0330,oc,1,oil,coast,True,data/external/dartis/raw/oc/oc-0330.jpg,oil_object_annotation_expected,not_applicable
oc:oc-0331,oc,1,oil,coast,True,data/external/dartis/raw/oc/oc-0331.jpg,oil_object_annotation_expected,not_applicable
oc:oc-0332,oc,1,oil,coast,True,data/external/dartis/raw/oc/oc-0332.jpg,oil_object_annotation_expected,not_applicable
oc:oc-0333,oc,1,oil,coast,True,data/external/dartis/raw/oc/oc-0333.jpg,oil_object_annotation_expected,not_applicable
oc:oc-0334,oc,1,oil,coast,True,data/external/dartis/raw/oc/oc-0334.jpg,oil_object_annotation_expected,not_applicable
oc:oc-0335,oc,1,oil,coast,True,data/external/dartis/raw/oc/oc-0335.jpg,oil_object_annotation_expected,not_applicable
oc:oc-0336,oc,1,oil,coast,True,data/external/dartis/raw/oc/oc-0336.jpg,oil_object_annotation_expected,not_applicable
oc:oc-0337,oc,1,oil,coast,True,data/external/dartis/raw/oc/oc-0337.jpg,oil_object_annotation_expected,not_applicable
oc:oc-0338,oc,1,oil,coast,True,data/external/dartis/raw/oc/oc-0338.jpg,oil_object_annotation_expected,not_applicable
oc:oc-0339,oc,1,oil,coast,True,data/external/dartis/raw/oc/oc-0339.jpg,oil_object_annotation_expected,not_applicable
oc:oc-0340,oc,1,oil,coast,True,data/external/dartis/raw/oc/oc-0340.jpg,oil_object_annotation_expected,not_applicable
oc:oc-0341,oc,1,oil,coast,True,data/external/dartis/raw/oc/oc-0341.jpg,oil_object_annotation_expected,not_applicable
oc:oc-0342,oc,1,oil,coast,True,data/external/dartis/raw/oc/oc-0342.jpg,oil_object_annotation_expected,not_applicable
oc:oc-0343,oc,1,oil,coast,True,data/external/dartis/raw/oc/oc-0343.jpg,oil_object_annotation_expected,not_applicable
oc:oc-0344,oc,1,oil,coast,True,data/external/dartis/raw/oc/oc-0344.jpg,oil_object_annotation_expected,not_applicable
oc:oc-0345,oc,1,oil,coast,True,data/external/dartis/raw/oc/oc-0345.jpg,oil_object_annotation_expected,not_applicable
oc:oc-0346,oc,1,oil,coast,True,data/external/dartis/raw/oc/oc-0346.jpg,oil_object_annotation_expected,not_applicable
oc:oc-0347,oc,1,oil,coast,True,data/external/dartis/raw/oc/oc-0347.jpg,oil_object_annotation_expected,not_applicable
oc:oc-0348,oc,1,oil,coast,True,data/external/dartis/raw/oc/oc-0348.jpg,oil_object_annotation_expected,not_applicable
oc:oc-0349,oc,1,oil,coast,True,data/external/dartis/raw/oc/oc-0349.jpg,oil_object_annotation_expected,not_applicable
oc:oc-0350,oc,1,oil,coast,True,data/external/dartis/raw/oc/oc-0350.jpg,oil_object_annotation_expected,not_applicable
oc:oc-0351,oc,1,oil,coast,True,data/external/dartis/raw/oc/oc-0351.jpg,oil_object_annotation_expected,not_applicable
oc:oc-0352,oc,1,oil,coast,True,data/external/dartis/raw/oc/oc-0352.jpg,oil_object_annotation_expected,not_applicable
oc:oc-0353,oc,1,oil,coast,True,data/external/dartis/raw/oc/oc-0353.jpg,oil_object_annotation_expected,not_applicable
oc:oc-0354,oc,1,oil,coast,True,data/external/dartis/raw/oc/oc-0354.jpg,oil_object_annotation_expected,not_applicable
oc:oc-0355,oc,1,oil,coast,True,data/external/dartis/raw/oc/oc-0355.jpg,oil_object_annotation_expected,not_applicable
oc:oc-0356,oc,1,oil,coast,True,data/external/dartis/raw/oc/oc-0356.jpg,oil_object_annotation_expected,not_applicable
oc:oc-0357,oc,1,oil,coast,True,data/external/dartis/raw/oc/oc-0357.jpg,oil_object_annotation_expected,not_applicable
oc:oc-0358,oc,1,oil,coast,True,data/external/dartis/raw/oc/oc-0358.jpg,oil_object_annotation_expected,not_applicable
oc:oc-0359,oc,1,oil,coast,True,data/external/dartis/raw/oc/oc-0359.jpg,oil_object_annotation_expected,not_applicable
oc:oc-0360,oc,1,oil,coast,True,data/external/dartis/raw/oc/oc-0360.jpg,oil_object_annotation_expected,not_applicable
oc:oc-0361,oc,1,oil,coast,True,data/external/dartis/raw/oc/oc-0361.jpg,oil_object_annotation_expected,not_applicable
oc:oc-0362,oc,1,oil,coast,True,data/external/dartis/raw/oc/oc-0362.jpg,oil_object_annotation_expected,not_applicable
oc:oc-0363,oc,1,oil,coast,True,data/external/dartis/raw/oc/oc-0363.jpg,oil_object_annotation_expected,not_applicable
oc:oc-0364,oc,1,oil,coast,True,data/external/dartis/raw/oc/oc-0364.jpg,oil_object_annotation_expected,not_applicable
oc:oc-0365,oc,1,oil,coast,True,data/external/dartis/raw/oc/oc-0365.jpg,oil_object_annotation_expected,not_applicable
oc:oc-0366,oc,1,oil,coast,True,data/external/dartis/raw/oc/oc-0366.jpg,oil_object_annotation_expected,not_applicable
oc:oc-0367,oc,1,oil,coast,True,data/external/dartis/raw/oc/oc-0367.jpg,oil_object_annotation_expected,not_applicable
oc:oc-0368,oc,1,oil,coast,True,data/external/dartis/raw/oc/oc-0368.jpg,oil_object_annotation_expected,not_applicable
oc:oc-0369,oc,1,oil,coast,True,data/external/dartis/raw/oc/oc-0369.jpg,oil_object_annotation_expected,not_applicable
oc:oc-0370,oc,1,oil,coast,True,data/external/dartis/raw/oc/oc-0370.jpg,oil_object_annotation_expected,not_applicable
oc:oc-0371,oc,1,oil,coast,True,data/external/dartis/raw/oc/oc-0371.jpg,oil_object_annotation_expected,not_applicable
oc:oc-0372,oc,1,oil,coast,True,data/external/dartis/raw/oc/oc-0372.jpg,oil_object_annotation_expected,not_applicable
oc:oc-0373,oc,1,oil,coast,True,data/external/dartis/raw/oc/oc-0373.jpg,oil_object_annotation_expected,not_applicable
oc:oc-0374,oc,1,oil,coast,True,data/external/dartis/raw/oc/oc-0374.jpg,oil_object_annotation_expected,not_applicable
oc:oc-0375,oc,1,oil,coast,True,data/external/dartis/raw/oc/oc-0375.jpg,oil_object_annotation_expected,not_applicable
ow:ow-0001,ow,1,oil,water,False,data/external/dartis/raw/ow/ow-0001.jpg,oil_object_annotation_expected,not_applicable
ow:ow-0002,ow,1,oil,water,False,data/external/dartis/raw/ow/ow-0002.jpg,oil_object_annotation_expected,not_applicable
ow:ow-0003,ow,1,oil,water,False,data/external/dartis/raw/ow/ow-0003.jpg,oil_object_annotation_expected,not_applicable
ow:ow-0004,ow,1,oil,water,False,data/external/dartis/raw/ow/ow-0004.jpg,oil_object_annotation_expected,not_applicable
ow:ow-0005,ow,1,oil,water,False,data/external/dartis/raw/ow/ow-0005.jpg,oil_object_annotation_expected,not_applicable
ow:ow-0006,ow,1,oil,water,False,data/external/dartis/raw/ow/ow-0006.jpg,oil_object_annotation_expected,not_applicable
ow:ow-0007,ow,1,oil,water,False,data/external/dartis/raw/ow/ow-0007.jpg,oil_object_annotation_expected,not_applicable
ow:ow-0008,ow,1,oil,water,False,data/external/dartis/raw/ow/ow-0008.jpg,oil_object_annotation_expected,not_applicable
ow:ow-0009,ow,1,oil,water,False,data/external/dartis/raw/ow/ow-0009.jpg,oil_object_annotation_expected,not_applicable
ow:ow-0010,ow,1,oil,water,False,data/external/dartis/raw/ow/ow-0010.jpg,oil_object_annotation_expected,not_applicable
ow:ow-0011,ow,1,oil,water,False,data/external/dartis/raw/ow/ow-0011.jpg,oil_object_annotation_expected,not_applicable
ow:ow-0012,ow,1,oil,water,False,data/external/dartis/raw/ow/ow-0012.jpg,oil_object_annotation_expected,not_applicable
ow:ow-0013,ow,1,oil,water,False,data/external/dartis/raw/ow/ow-0013.jpg,oil_object_annotation_expected,not_applicable
ow:ow-0014,ow,1,oil,water,False,data/external/dartis/raw/ow/ow-0014.jpg,oil_object_annotation_expected,not_applicable
ow:ow-0015,ow,1,oil,water,False,data/external/dartis/raw/ow/ow-0015.jpg,oil_object_annotation_expected,not_applicable
ow:ow-0016,ow,1,oil,water,False,data/external/dartis/raw/ow/ow-0016.jpg,oil_object_annotation_expected,not_applicable
ow:ow-0017,ow,1,oil,water,False,data/external/dartis/raw/ow/ow-0017.jpg,oil_object_annotation_expected,not_applicable
ow:ow-0018,ow,1,oil,water,False,data/external/dartis/raw/ow/ow-0018.jpg,oil_object_annotation_expected,not_applicable
ow:ow-0019,ow,1,oil,water,False,data/external/dartis/raw/ow/ow-0019.jpg,oil_object_annotation_expected,not_applicable
ow:ow-0020,ow,1,oil,water,False,data/external/dartis/raw/ow/ow-0020.jpg,oil_object_annotation_expected,not_applicable
ow:ow-0021,ow,1,oil,water,False,data/external/dartis/raw/ow/ow-0021.jpg,oil_object_annotation_expected,not_applicable
ow:ow-0022,ow,1,oil,water,False,data/external/dartis/raw/ow/ow-0022.jpg,oil_object_annotation_expected,not_applicable
ow:ow-0023,ow,1,oil,water,False,data/external/dartis/raw/ow/ow-0023.jpg,oil_object_annotation_expected,not_applicable
ow:ow-0024,ow,1,oil,water,False,data/external/dartis/raw/ow/ow-0024.jpg,oil_object_annotation_expected,not_applicable
ow:ow-0025,ow,1,oil,water,False,data/external/dartis/raw/ow/ow-0025.jpg,oil_object_annotation_expected,not_applicable
ow:ow-0026,ow,1,oil,water,False,data/external/dartis/raw/ow/ow-0026.jpg,oil_object_annotation_expected,not_applicable
ow:ow-0027,ow,1,oil,water,False,data/external/dartis/raw/ow/ow-0027.jpg,oil_object_annotation_expected,not_applicable
ow:ow-0028,ow,1,oil,water,False,data/external/dartis/raw/ow/ow-0028.jpg,oil_object_annotation_expected,not_applicable
ow:ow-0029,ow,1,oil,water,False,data/external/dartis/raw/ow/ow-0029.jpg,oil_object_annotation_expected,not_applicable
ow:ow-0030,ow,1,oil,water,False,data/external/dartis/raw/ow/ow-0030.jpg,oil_object_annotation_expected,not_applicable
ow:ow-0031,ow,1,oil,water,False,data/external/dartis/raw/ow/ow-0031.jpg,oil_object_annotation_expected,not_applicable
ow:ow-0032,ow,1,oil,water,False,data/external/dartis/raw/ow/ow-0032.jpg,oil_object_annotation_expected,not_applicable
ow:ow-0033,ow,1,oil,water,False,data/external/dartis/raw/ow/ow-0033.jpg,oil_object_annotation_expected,not_applicable
ow:ow-0034,ow,1,oil,water,False,data/external/dartis/raw/ow/ow-0034.jpg,oil_object_annotation_expected,not_applicable
ow:ow-0035,ow,1,oil,water,False,data/external/dartis/raw/ow/ow-0035.jpg,oil_object_annotation_expected,not_applicable
ow:ow-0036,ow,1,oil,water,False,data/external/dartis/raw/ow/ow-0036.jpg,oil_object_annotation_expected,not_applicable
ow:ow-0037,ow,1,oil,water,False,data/external/dartis/raw/ow/ow-0037.jpg,oil_object_annotation_expected,not_applicable
ow:ow-0038,ow,1,oil,water,False,data/external/dartis/raw/ow/ow-0038.jpg,oil_object_annotation_expected,not_applicable
ow:ow-0039,ow,1,oil,water,False,data/external/dartis/raw/ow/ow-0039.jpg,oil_object_annotation_expected,not_applicable
ow:ow-0040,ow,1,oil,water,False,data/external/dartis/raw/ow/ow-0040.jpg,oil_object_annotation_expected,not_applicable
ow:ow-0041,ow,1,oil,water,False,data/external/dartis/raw/ow/ow-0041.jpg,oil_object_annotation_expected,not_applicable
ow:ow-0042,ow,1,oil,water,False,data/external/dartis/raw/ow/ow-0042.jpg,oil_object_annotation_expected,not_applicable
ow:ow-0043,ow,1,oil,water,False,data/external/dartis/raw/ow/ow-0043.jpg,oil_object_annotation_expected,not_applicable
ow:ow-0044,ow,1,oil,water,False,data/external/dartis/raw/ow/ow-0044.jpg,oil_object_annotation_expected,not_applicable
ow:ow-0045,ow,1,oil,water,False,data/external/dartis/raw/ow/ow-0045.jpg,oil_object_annotation_expected,not_applicable
ow:ow-0046,ow,1,oil,water,False,data/external/dartis/raw/ow/ow-0046.jpg,oil_object_annotation_expected,not_applicable
ow:ow-0047,ow,1,oil,water,False,data/external/dartis/raw/ow/ow-0047.jpg,oil_object_annotation_expected,not_applicable
ow:ow-0048,ow,1,oil,water,False,data/external/dartis/raw/ow/ow-0048.jpg,oil_object_annotation_expected,not_applicable
ow:ow-0049,ow,1,oil,water,False,data/external/dartis/raw/ow/ow-0049.jpg,oil_object_annotation_expected,not_applicable
ow:ow-0050,ow,1,oil,water,False,data/external/dartis/raw/ow/ow-0050.jpg,oil_object_annotation_expected,not_applicable
ow:ow-0051,ow,1,oil,water,False,data/external/dartis/raw/ow/ow-0051.jpg,oil_object_annotation_expected,not_applicable
ow:ow-0052,ow,1,oil,water,False,data/external/dartis/raw/ow/ow-0052.jpg,oil_object_annotation_expected,not_applicable
ow:ow-0053,ow,1,oil,water,False,data/external/dartis/raw/ow/ow-0053.jpg,oil_object_annotation_expected,not_applicable
ow:ow-0054,ow,1,oil,water,False,data/external/dartis/raw/ow/ow-0054.jpg,oil_object_annotation_expected,not_applicable
ow:ow-0055,ow,1,oil,water,False,data/external/dartis/raw/ow/ow-0055.jpg,oil_object_annotation_expected,not_applicable
ow:ow-0056,ow,1,oil,water,False,data/external/dartis/raw/ow/ow-0056.jpg,oil_object_annotation_expected,not_applicable
ow:ow-0057,ow,1,oil,water,False,data/external/dartis/raw/ow/ow-0057.jpg,oil_object_annotation_expected,not_applicable
ow:ow-0058,ow,1,oil,water,False,data/external/dartis/raw/ow/ow-0058.jpg,oil_object_annotation_expected,not_applicable
ow:ow-0059,ow,1,oil,water,False,data/external/dartis/raw/ow/ow-0059.jpg,oil_object_annotation_expected,not_applicable
ow:ow-0060,ow,1,oil,water,False,data/external/dartis/raw/ow/ow-0060.jpg,oil_object_annotation_expected,not_applicable
ow:ow-0061,ow,1,oil,water,False,data/external/dartis/raw/ow/ow-0061.jpg,oil_object_annotation_expected,not_applicable
ow:ow-0062,ow,1,oil,water,False,data/external/dartis/raw/ow/ow-0062.jpg,oil_object_annotation_expected,not_applicable
ow:ow-0063,ow,1,oil,water,False,data/external/dartis/raw/ow/ow-0063.jpg,oil_object_annotation_expected,not_applicable
ow:ow-0064,ow,1,oil,water,False,data/external/dartis/raw/ow/ow-0064.jpg,oil_object_annotation_expected,not_applicable
ow:ow-0065,ow,1,oil,water,False,data/external/dartis/raw/ow/ow-0065.jpg,oil_object_annotation_expected,not_applicable
ow:ow-0066,ow,1,oil,water,False,data/external/dartis/raw/ow/ow-0066.jpg,oil_object_annotation_expected,not_applicable
ow:ow-0067,ow,1,oil,water,False,data/external/dartis/raw/ow/ow-0067.jpg,oil_object_annotation_expected,not_applicable
ow:ow-0068,ow,1,oil,water,False,data/external/dartis/raw/ow/ow-0068.jpg,oil_object_annotation_expected,not_applicable
ow:ow-0069,ow,1,oil,water,False,data/external/dartis/raw/ow/ow-0069.jpg,oil_object_annotation_expected,not_applicable
ow:ow-0070,ow,1,oil,water,False,data/external/dartis/raw/ow/ow-0070.jpg,oil_object_annotation_expected,not_applicable
ow:ow-0071,ow,1,oil,water,False,data/external/dartis/raw/ow/ow-0071.jpg,oil_object_annotation_expected,not_applicable
ow:ow-0072,ow,1,oil,water,False,data/external/dartis/raw/ow/ow-0072.jpg,oil_object_annotation_expected,not_applicable
ow:ow-0073,ow,1,oil,water,False,data/external/dartis/raw/ow/ow-0073.jpg,oil_object_annotation_expected,not_applicable
ow:ow-0074,ow,1,oil,water,False,data/external/dartis/raw/ow/ow-0074.jpg,oil_object_annotation_expected,not_applicable
ow:ow-0075,ow,1,oil,water,False,data/external/dartis/raw/ow/ow-0075.jpg,oil_object_annotation_expected,not_applicable
ow:ow-0076,ow,1,oil,water,False,data/external/dartis/raw/ow/ow-0076.jpg,oil_object_annotation_expected,not_applicable
ow:ow-0077,ow,1,oil,water,False,data/external/dartis/raw/ow/ow-0077.jpg,oil_object_annotation_expected,not_applicable
ow:ow-0078,ow,1,oil,water,False,data/external/dartis/raw/ow/ow-0078.jpg,oil_object_annotation_expected,not_applicable
ow:ow-0079,ow,1,oil,water,False,data/external/dartis/raw/ow/ow-0079.jpg,oil_object_annotation_expected,not_applicable
ow:ow-0080,ow,1,oil,water,False,data/external/dartis/raw/ow/ow-0080.jpg,oil_object_annotation_expected,not_applicable
ow:ow-0081,ow,1,oil,water,False,data/external/dartis/raw/ow/ow-0081.jpg,oil_object_annotation_expected,not_applicable
ow:ow-0082,ow,1,oil,water,False,data/external/dartis/raw/ow/ow-0082.jpg,oil_object_annotation_expected,not_applicable
ow:ow-0083,ow,1,oil,water,False,data/external/dartis/raw/ow/ow-0083.jpg,oil_object_annotation_expected,not_applicable
ow:ow-0084,ow,1,oil,water,False,data/external/dartis/raw/ow/ow-0084.jpg,oil_object_annotation_expected,not_applicable
ow:ow-0085,ow,1,oil,water,False,data/external/dartis/raw/ow/ow-0085.jpg,oil_object_annotation_expected,not_applicable
ow:ow-0086,ow,1,oil,water,False,data/external/dartis/raw/ow/ow-0086.jpg,oil_object_annotation_expected,not_applicable
ow:ow-0087,ow,1,oil,water,False,data/external/dartis/raw/ow/ow-0087.jpg,oil_object_annotation_expected,not_applicable
ow:ow-0088,ow,1,oil,water,False,data/external/dartis/raw/ow/ow-0088.jpg,oil_object_annotation_expected,not_applicable
ow:ow-0089,ow,1,oil,water,False,data/external/dartis/raw/ow/ow-0089.jpg,oil_object_annotation_expected,not_applicable
ow:ow-0090,ow,1,oil,water,False,data/external/dartis/raw/ow/ow-0090.jpg,oil_object_annotation_expected,not_applicable
ow:ow-0091,ow,1,oil,water,False,data/external/dartis/raw/ow/ow-0091.jpg,oil_object_annotation_expected,not_applicable
ow:ow-0092,ow,1,oil,water,False,data/external/dartis/raw/ow/ow-0092.jpg,oil_object_annotation_expected,not_applicable
ow:ow-0093,ow,1,oil,water,False,data/external/dartis/raw/ow/ow-0093.jpg,oil_object_annotation_expected,not_applicable
ow:ow-0094,ow,1,oil,water,False,data/external/dartis/raw/ow/ow-0094.jpg,oil_object_annotation_expected,not_applicable
ow:ow-0095,ow,1,oil,water,False,data/external/dartis/raw/ow/ow-0095.jpg,oil_object_annotation_expected,not_applicable
ow:ow-0096,ow,1,oil,water,False,data/external/dartis/raw/ow/ow-0096.jpg,oil_object_annotation_expected,not_applicable
ow:ow-0097,ow,1,oil,water,False,data/external/dartis/raw/ow/ow-0097.jpg,oil_object_annotation_expected,not_applicable
ow:ow-0098,ow,1,oil,water,False,data/external/dartis/raw/ow/ow-0098.jpg,oil_object_annotation_expected,not_applicable
ow:ow-0099,ow,1,oil,water,False,data/external/dartis/raw/ow/ow-0099.jpg,oil_object_annotation_expected,not_applicable
ow:ow-0100,ow,1,oil,water,False,data/external/dartis/raw/ow/ow-0100.jpg,oil_object_annotation_expected,not_applicable
ow:ow-0101,ow,1,oil,water,False,data/external/dartis/raw/ow/ow-0101.jpg,oil_object_annotation_expected,not_applicable
ow:ow-0102,ow,1,oil,water,False,data/external/dartis/raw/ow/ow-0102.jpg,oil_object_annotation_expected,not_applicable
ow:ow-0103,ow,1,oil,water,False,data/external/dartis/raw/ow/ow-0103.jpg,oil_object_annotation_expected,not_applicable
ow:ow-0104,ow,1,oil,water,False,data/external/dartis/raw/ow/ow-0104.jpg,oil_object_annotation_expected,not_applicable
ow:ow-0105,ow,1,oil,water,False,data/external/dartis/raw/ow/ow-0105.jpg,oil_object_annotation_expected,not_applicable
ow:ow-0106,ow,1,oil,water,False,data/external/dartis/raw/ow/ow-0106.jpg,oil_object_annotation_expected,not_applicable
ow:ow-0107,ow,1,oil,water,False,data/external/dartis/raw/ow/ow-0107.jpg,oil_object_annotation_expected,not_applicable
ow:ow-0108,ow,1,oil,water,False,data/external/dartis/raw/ow/ow-0108.jpg,oil_object_annotation_expected,not_applicable
ow:ow-0109,ow,1,oil,water,False,data/external/dartis/raw/ow/ow-0109.jpg,oil_object_annotation_expected,not_applicable
ow:ow-0110,ow,1,oil,water,False,data/external/dartis/raw/ow/ow-0110.jpg,oil_object_annotation_expected,not_applicable
ow:ow-0111,ow,1,oil,water,False,data/external/dartis/raw/ow/ow-0111.jpg,oil_object_annotation_expected,not_applicable
ow:ow-0112,ow,1,oil,water,False,data/external/dartis/raw/ow/ow-0112.jpg,oil_object_annotation_expected,not_applicable
ow:ow-0113,ow,1,oil,water,False,data/external/dartis/raw/ow/ow-0113.jpg,oil_object_annotation_expected,not_applicable
ow:ow-0114,ow,1,oil,water,False,data/external/dartis/raw/ow/ow-0114.jpg,oil_object_annotation_expected,not_applicable
ow:ow-0115,ow,1,oil,water,False,data/external/dartis/raw/ow/ow-0115.jpg,oil_object_annotation_expected,not_applicable
ow:ow-0116,ow,1,oil,water,False,data/external/dartis/raw/ow/ow-0116.jpg,oil_object_annotation_expected,not_applicable
ow:ow-0117,ow,1,oil,water,False,data/external/dartis/raw/ow/ow-0117.jpg,oil_object_annotation_expected,not_applicable
ow:ow-0118,ow,1,oil,water,False,data/external/dartis/raw/ow/ow-0118.jpg,oil_object_annotation_expected,not_applicable
ow:ow-0119,ow,1,oil,water,False,data/external/dartis/raw/ow/ow-0119.jpg,oil_object_annotation_expected,not_applicable
ow:ow-0120,ow,1,oil,water,False,data/external/dartis/raw/ow/ow-0120.jpg,oil_object_annotation_expected,not_applicable
ow:ow-0121,ow,1,oil,water,False,data/external/dartis/raw/ow/ow-0121.jpg,oil_object_annotation_expected,not_applicable
ow:ow-0122,ow,1,oil,water,False,data/external/dartis/raw/ow/ow-0122.jpg,oil_object_annotation_expected,not_applicable
ow:ow-0123,ow,1,oil,water,False,data/external/dartis/raw/ow/ow-0123.jpg,oil_object_annotation_expected,not_applicable
ow:ow-0124,ow,1,oil,water,False,data/external/dartis/raw/ow/ow-0124.jpg,oil_object_annotation_expected,not_applicable
ow:ow-0125,ow,1,oil,water,False,data/external/dartis/raw/ow/ow-0125.jpg,oil_object_annotation_expected,not_applicable
ow:ow-0126,ow,1,oil,water,False,data/external/dartis/raw/ow/ow-0126.jpg,oil_object_annotation_expected,not_applicable
ow:ow-0127,ow,1,oil,water,False,data/external/dartis/raw/ow/ow-0127.jpg,oil_object_annotation_expected,not_applicable
ow:ow-0128,ow,1,oil,water,False,data/external/dartis/raw/ow/ow-0128.jpg,oil_object_annotation_expected,not_applicable
ow:ow-0129,ow,1,oil,water,False,data/external/dartis/raw/ow/ow-0129.jpg,oil_object_annotation_expected,not_applicable
ow:ow-0130,ow,1,oil,water,False,data/external/dartis/raw/ow/ow-0130.jpg,oil_object_annotation_expected,not_applicable
ow:ow-0131,ow,1,oil,water,False,data/external/dartis/raw/ow/ow-0131.jpg,oil_object_annotation_expected,not_applicable
ow:ow-0132,ow,1,oil,water,False,data/external/dartis/raw/ow/ow-0132.jpg,oil_object_annotation_expected,not_applicable
ow:ow-0133,ow,1,oil,water,False,data/external/dartis/raw/ow/ow-0133.jpg,oil_object_annotation_expected,not_applicable
ow:ow-0134,ow,1,oil,water,False,data/external/dartis/raw/ow/ow-0134.jpg,oil_object_annotation_expected,not_applicable
ow:ow-0135,ow,1,oil,water,False,data/external/dartis/raw/ow/ow-0135.jpg,oil_object_annotation_expected,not_applicable
ow:ow-0136,ow,1,oil,water,False,data/external/dartis/raw/ow/ow-0136.jpg,oil_object_annotation_expected,not_applicable
ow:ow-0137,ow,1,oil,water,False,data/external/dartis/raw/ow/ow-0137.jpg,oil_object_annotation_expected,not_applicable
ow:ow-0138,ow,1,oil,water,False,data/external/dartis/raw/ow/ow-0138.jpg,oil_object_annotation_expected,not_applicable
ow:ow-0139,ow,1,oil,water,False,data/external/dartis/raw/ow/ow-0139.jpg,oil_object_annotation_expected,not_applicable
ow:ow-0140,ow,1,oil,water,False,data/external/dartis/raw/ow/ow-0140.jpg,oil_object_annotation_expected,not_applicable
ow:ow-0141,ow,1,oil,water,False,data/external/dartis/raw/ow/ow-0141.jpg,oil_object_annotation_expected,not_applicable
ow:ow-0142,ow,1,oil,water,False,data/external/dartis/raw/ow/ow-0142.jpg,oil_object_annotation_expected,not_applicable
ow:ow-0143,ow,1,oil,water,False,data/external/dartis/raw/ow/ow-0143.jpg,oil_object_annotation_expected,not_applicable
ow:ow-0144,ow,1,oil,water,False,data/external/dartis/raw/ow/ow-0144.jpg,oil_object_annotation_expected,not_applicable
ow:ow-0145,ow,1,oil,water,False,data/external/dartis/raw/ow/ow-0145.jpg,oil_object_annotation_expected,not_applicable
ow:ow-0146,ow,1,oil,water,False,data/external/dartis/raw/ow/ow-0146.jpg,oil_object_annotation_expected,not_applicable
ow:ow-0147,ow,1,oil,water,False,data/external/dartis/raw/ow/ow-0147.jpg,oil_object_annotation_expected,not_applicable
ow:ow-0148,ow,1,oil,water,False,data/external/dartis/raw/ow/ow-0148.jpg,oil_object_annotation_expected,not_applicable
ow:ow-0149,ow,1,oil,water,False,data/external/dartis/raw/ow/ow-0149.jpg,oil_object_annotation_expected,not_applicable
ow:ow-0150,ow,1,oil,water,False,data/external/dartis/raw/ow/ow-0150.jpg,oil_object_annotation_expected,not_applicable
ow:ow-0151,ow,1,oil,water,False,data/external/dartis/raw/ow/ow-0151.jpg,oil_object_annotation_expected,not_applicable
ow:ow-0152,ow,1,oil,water,False,data/external/dartis/raw/ow/ow-0152.jpg,oil_object_annotation_expected,not_applicable
ow:ow-0153,ow,1,oil,water,False,data/external/dartis/raw/ow/ow-0153.jpg,oil_object_annotation_expected,not_applicable
ow:ow-0154,ow,1,oil,water,False,data/external/dartis/raw/ow/ow-0154.jpg,oil_object_annotation_expected,not_applicable
ow:ow-0155,ow,1,oil,water,False,data/external/dartis/raw/ow/ow-0155.jpg,oil_object_annotation_expected,not_applicable
ow:ow-0156,ow,1,oil,water,False,data/external/dartis/raw/ow/ow-0156.jpg,oil_object_annotation_expected,not_applicable
ow:ow-0157,ow,1,oil,water,False,data/external/dartis/raw/ow/ow-0157.jpg,oil_object_annotation_expected,not_applicable
ow:ow-0158,ow,1,oil,water,False,data/external/dartis/raw/ow/ow-0158.jpg,oil_object_annotation_expected,not_applicable
ow:ow-0159,ow,1,oil,water,False,data/external/dartis/raw/ow/ow-0159.jpg,oil_object_annotation_expected,not_applicable
ow:ow-0160,ow,1,oil,water,False,data/external/dartis/raw/ow/ow-0160.jpg,oil_object_annotation_expected,not_applicable
ow:ow-0161,ow,1,oil,water,False,data/external/dartis/raw/ow/ow-0161.jpg,oil_object_annotation_expected,not_applicable
ow:ow-0162,ow,1,oil,water,False,data/external/dartis/raw/ow/ow-0162.jpg,oil_object_annotation_expected,not_applicable
ow:ow-0163,ow,1,oil,water,False,data/external/dartis/raw/ow/ow-0163.jpg,oil_object_annotation_expected,not_applicable
ow:ow-0164,ow,1,oil,water,False,data/external/dartis/raw/ow/ow-0164.jpg,oil_object_annotation_expected,not_applicable
ow:ow-0165,ow,1,oil,water,False,data/external/dartis/raw/ow/ow-0165.jpg,oil_object_annotation_expected,not_applicable
ow:ow-0166,ow,1,oil,water,False,data/external/dartis/raw/ow/ow-0166.jpg,oil_object_annotation_expected,not_applicable
ow:ow-0167,ow,1,oil,water,False,data/external/dartis/raw/ow/ow-0167.jpg,oil_object_annotation_expected,not_applicable
ow:ow-0168,ow,1,oil,water,False,data/external/dartis/raw/ow/ow-0168.jpg,oil_object_annotation_expected,not_applicable
ow:ow-0169,ow,1,oil,water,False,data/external/dartis/raw/ow/ow-0169.jpg,oil_object_annotation_expected,not_applicable
ow:ow-0170,ow,1,oil,water,False,data/external/dartis/raw/ow/ow-0170.jpg,oil_object_annotation_expected,not_applicable
ow:ow-0171,ow,1,oil,water,False,data/external/dartis/raw/ow/ow-0171.jpg,oil_object_annotation_expected,not_applicable
ow:ow-0172,ow,1,oil,water,False,data/external/dartis/raw/ow/ow-0172.jpg,oil_object_annotation_expected,not_applicable
ow:ow-0173,ow,1,oil,water,False,data/external/dartis/raw/ow/ow-0173.jpg,oil_object_annotation_expected,not_applicable
ow:ow-0174,ow,1,oil,water,False,data/external/dartis/raw/ow/ow-0174.jpg,oil_object_annotation_expected,not_applicable
ow:ow-0175,ow,1,oil,water,False,data/external/dartis/raw/ow/ow-0175.jpg,oil_object_annotation_expected,not_applicable
ow:ow-0176,ow,1,oil,water,False,data/external/dartis/raw/ow/ow-0176.jpg,oil_object_annotation_expected,not_applicable
ow:ow-0177,ow,1,oil,water,False,data/external/dartis/raw/ow/ow-0177.jpg,oil_object_annotation_expected,not_applicable
ow:ow-0178,ow,1,oil,water,False,data/external/dartis/raw/ow/ow-0178.jpg,oil_object_annotation_expected,not_applicable
ow:ow-0179,ow,1,oil,water,False,data/external/dartis/raw/ow/ow-0179.jpg,oil_object_annotation_expected,not_applicable
ow:ow-0180,ow,1,oil,water,False,data/external/dartis/raw/ow/ow-0180.jpg,oil_object_annotation_expected,not_applicable
ow:ow-0181,ow,1,oil,water,False,data/external/dartis/raw/ow/ow-0181.jpg,oil_object_annotation_expected,not_applicable
ow:ow-0182,ow,1,oil,water,False,data/external/dartis/raw/ow/ow-0182.jpg,oil_object_annotation_expected,not_applicable
ow:ow-0183,ow,1,oil,water,False,data/external/dartis/raw/ow/ow-0183.jpg,oil_object_annotation_expected,not_applicable
ow:ow-0184,ow,1,oil,water,False,data/external/dartis/raw/ow/ow-0184.jpg,oil_object_annotation_expected,not_applicable
ow:ow-0185,ow,1,oil,water,False,data/external/dartis/raw/ow/ow-0185.jpg,oil_object_annotation_expected,not_applicable
ow:ow-0186,ow,1,oil,water,False,data/external/dartis/raw/ow/ow-0186.jpg,oil_object_annotation_expected,not_applicable
ow:ow-0187,ow,1,oil,water,False,data/external/dartis/raw/ow/ow-0187.jpg,oil_object_annotation_expected,not_applicable
ow:ow-0188,ow,1,oil,water,False,data/external/dartis/raw/ow/ow-0188.jpg,oil_object_annotation_expected,not_applicable
ow:ow-0189,ow,1,oil,water,False,data/external/dartis/raw/ow/ow-0189.jpg,oil_object_annotation_expected,not_applicable
ow:ow-0190,ow,1,oil,water,False,data/external/dartis/raw/ow/ow-0190.jpg,oil_object_annotation_expected,not_applicable
ow:ow-0191,ow,1,oil,water,False,data/external/dartis/raw/ow/ow-0191.jpg,oil_object_annotation_expected,not_applicable
ow:ow-0192,ow,1,oil,water,False,data/external/dartis/raw/ow/ow-0192.jpg,oil_object_annotation_expected,not_applicable
ow:ow-0193,ow,1,oil,water,False,data/external/dartis/raw/ow/ow-0193.jpg,oil_object_annotation_expected,not_applicable
ow:ow-0194,ow,1,oil,water,False,data/external/dartis/raw/ow/ow-0194.jpg,oil_object_annotation_expected,not_applicable
ow:ow-0195,ow,1,oil,water,False,data/external/dartis/raw/ow/ow-0195.jpg,oil_object_annotation_expected,not_applicable
ow:ow-0196,ow,1,oil,water,False,data/external/dartis/raw/ow/ow-0196.jpg,oil_object_annotation_expected,not_applicable
ow:ow-0197,ow,1,oil,water,False,data/external/dartis/raw/ow/ow-0197.jpg,oil_object_annotation_expected,not_applicable
ow:ow-0198,ow,1,oil,water,False,data/external/dartis/raw/ow/ow-0198.jpg,oil_object_annotation_expected,not_applicable
ow:ow-0199,ow,1,oil,water,False,data/external/dartis/raw/ow/ow-0199.jpg,oil_object_annotation_expected,not_applicable
ow:ow-0200,ow,1,oil,water,False,data/external/dartis/raw/ow/ow-0200.jpg,oil_object_annotation_expected,not_applicable
ow:ow-0201,ow,1,oil,water,False,data/external/dartis/raw/ow/ow-0201.jpg,oil_object_annotation_expected,not_applicable
ow:ow-0202,ow,1,oil,water,False,data/external/dartis/raw/ow/ow-0202.jpg,oil_object_annotation_expected,not_applicable
ow:ow-0203,ow,1,oil,water,False,data/external/dartis/raw/ow/ow-0203.jpg,oil_object_annotation_expected,not_applicable
ow:ow-0204,ow,1,oil,water,False,data/external/dartis/raw/ow/ow-0204.jpg,oil_object_annotation_expected,not_applicable
ow:ow-0205,ow,1,oil,water,False,data/external/dartis/raw/ow/ow-0205.jpg,oil_object_annotation_expected,not_applicable
ow:ow-0206,ow,1,oil,water,False,data/external/dartis/raw/ow/ow-0206.jpg,oil_object_annotation_expected,not_applicable
ow:ow-0207,ow,1,oil,water,False,data/external/dartis/raw/ow/ow-0207.jpg,oil_object_annotation_expected,not_applicable
ow:ow-0208,ow,1,oil,water,False,data/external/dartis/raw/ow/ow-0208.jpg,oil_object_annotation_expected,not_applicable
ow:ow-0209,ow,1,oil,water,False,data/external/dartis/raw/ow/ow-0209.jpg,oil_object_annotation_expected,not_applicable
ow:ow-0210,ow,1,oil,water,False,data/external/dartis/raw/ow/ow-0210.jpg,oil_object_annotation_expected,not_applicable
ow:ow-0211,ow,1,oil,water,False,data/external/dartis/raw/ow/ow-0211.jpg,oil_object_annotation_expected,not_applicable
ow:ow-0212,ow,1,oil,water,False,data/external/dartis/raw/ow/ow-0212.jpg,oil_object_annotation_expected,not_applicable
ow:ow-0213,ow,1,oil,water,False,data/external/dartis/raw/ow/ow-0213.jpg,oil_object_annotation_expected,not_applicable
ow:ow-0214,ow,1,oil,water,False,data/external/dartis/raw/ow/ow-0214.jpg,oil_object_annotation_expected,not_applicable
ow:ow-0215,ow,1,oil,water,False,data/external/dartis/raw/ow/ow-0215.jpg,oil_object_annotation_expected,not_applicable
ow:ow-0216,ow,1,oil,water,False,data/external/dartis/raw/ow/ow-0216.jpg,oil_object_annotation_expected,not_applicable
ow:ow-0217,ow,1,oil,water,False,data/external/dartis/raw/ow/ow-0217.jpg,oil_object_annotation_expected,not_applicable
ow:ow-0218,ow,1,oil,water,False,data/external/dartis/raw/ow/ow-0218.jpg,oil_object_annotation_expected,not_applicable
ow:ow-0219,ow,1,oil,water,False,data/external/dartis/raw/ow/ow-0219.jpg,oil_object_annotation_expected,not_applicable
ow:ow-0220,ow,1,oil,water,False,data/external/dartis/raw/ow/ow-0220.jpg,oil_object_annotation_expected,not_applicable
ow:ow-0221,ow,1,oil,water,False,data/external/dartis/raw/ow/ow-0221.jpg,oil_object_annotation_expected,not_applicable
ow:ow-0222,ow,1,oil,water,False,data/external/dartis/raw/ow/ow-0222.jpg,oil_object_annotation_expected,not_applicable
ow:ow-0223,ow,1,oil,water,False,data/external/dartis/raw/ow/ow-0223.jpg,oil_object_annotation_expected,not_applicable
ow:ow-0224,ow,1,oil,water,False,data/external/dartis/raw/ow/ow-0224.jpg,oil_object_annotation_expected,not_applicable
ow:ow-0225,ow,1,oil,water,False,data/external/dartis/raw/ow/ow-0225.jpg,oil_object_annotation_expected,not_applicable
ow:ow-0226,ow,1,oil,water,False,data/external/dartis/raw/ow/ow-0226.jpg,oil_object_annotation_expected,not_applicable
ow:ow-0227,ow,1,oil,water,False,data/external/dartis/raw/ow/ow-0227.jpg,oil_object_annotation_expected,not_applicable
ow:ow-0228,ow,1,oil,water,False,data/external/dartis/raw/ow/ow-0228.jpg,oil_object_annotation_expected,not_applicable
ow:ow-0229,ow,1,oil,water,False,data/external/dartis/raw/ow/ow-0229.jpg,oil_object_annotation_expected,not_applicable
ow:ow-0230,ow,1,oil,water,False,data/external/dartis/raw/ow/ow-0230.jpg,oil_object_annotation_expected,not_applicable
ow:ow-0231,ow,1,oil,water,False,data/external/dartis/raw/ow/ow-0231.jpg,oil_object_annotation_expected,not_applicable
ow:ow-0232,ow,1,oil,water,False,data/external/dartis/raw/ow/ow-0232.jpg,oil_object_annotation_expected,not_applicable
ow:ow-0233,ow,1,oil,water,False,data/external/dartis/raw/ow/ow-0233.jpg,oil_object_annotation_expected,not_applicable
ow:ow-0234,ow,1,oil,water,False,data/external/dartis/raw/ow/ow-0234.jpg,oil_object_annotation_expected,not_applicable
ow:ow-0235,ow,1,oil,water,False,data/external/dartis/raw/ow/ow-0235.jpg,oil_object_annotation_expected,not_applicable
ow:ow-0236,ow,1,oil,water,False,data/external/dartis/raw/ow/ow-0236.jpg,oil_object_annotation_expected,not_applicable
ow:ow-0237,ow,1,oil,water,False,data/external/dartis/raw/ow/ow-0237.jpg,oil_object_annotation_expected,not_applicable
ow:ow-0238,ow,1,oil,water,False,data/external/dartis/raw/ow/ow-0238.jpg,oil_object_annotation_expected,not_applicable
ow:ow-0239,ow,1,oil,water,False,data/external/dartis/raw/ow/ow-0239.jpg,oil_object_annotation_expected,not_applicable
ow:ow-0240,ow,1,oil,water,False,data/external/dartis/raw/ow/ow-0240.jpg,oil_object_annotation_expected,not_applicable
ow:ow-0241,ow,1,oil,water,False,data/external/dartis/raw/ow/ow-0241.jpg,oil_object_annotation_expected,not_applicable
ow:ow-0242,ow,1,oil,water,False,data/external/dartis/raw/ow/ow-0242.jpg,oil_object_annotation_expected,not_applicable
ow:ow-0243,ow,1,oil,water,False,data/external/dartis/raw/ow/ow-0243.jpg,oil_object_annotation_expected,not_applicable
ow:ow-0244,ow,1,oil,water,False,data/external/dartis/raw/ow/ow-0244.jpg,oil_object_annotation_expected,not_applicable
ow:ow-0245,ow,1,oil,water,False,data/external/dartis/raw/ow/ow-0245.jpg,oil_object_annotation_expected,not_applicable
ow:ow-0246,ow,1,oil,water,False,data/external/dartis/raw/ow/ow-0246.jpg,oil_object_annotation_expected,not_applicable
ow:ow-0247,ow,1,oil,water,False,data/external/dartis/raw/ow/ow-0247.jpg,oil_object_annotation_expected,not_applicable
ow:ow-0248,ow,1,oil,water,False,data/external/dartis/raw/ow/ow-0248.jpg,oil_object_annotation_expected,not_applicable
ow:ow-0249,ow,1,oil,water,False,data/external/dartis/raw/ow/ow-0249.jpg,oil_object_annotation_expected,not_applicable
ow:ow-0250,ow,1,oil,water,False,data/external/dartis/raw/ow/ow-0250.jpg,oil_object_annotation_expected,not_applicable
ow:ow-0251,ow,1,oil,water,False,data/external/dartis/raw/ow/ow-0251.jpg,oil_object_annotation_expected,not_applicable
ow:ow-0252,ow,1,oil,water,False,data/external/dartis/raw/ow/ow-0252.jpg,oil_object_annotation_expected,not_applicable
ow:ow-0253,ow,1,oil,water,False,data/external/dartis/raw/ow/ow-0253.jpg,oil_object_annotation_expected,not_applicable
ow:ow-0254,ow,1,oil,water,False,data/external/dartis/raw/ow/ow-0254.jpg,oil_object_annotation_expected,not_applicable
ow:ow-0255,ow,1,oil,water,False,data/external/dartis/raw/ow/ow-0255.jpg,oil_object_annotation_expected,not_applicable
ow:ow-0256,ow,1,oil,water,False,data/external/dartis/raw/ow/ow-0256.jpg,oil_object_annotation_expected,not_applicable
ow:ow-0257,ow,1,oil,water,False,data/external/dartis/raw/ow/ow-0257.jpg,oil_object_annotation_expected,not_applicable
ow:ow-0258,ow,1,oil,water,False,data/external/dartis/raw/ow/ow-0258.jpg,oil_object_annotation_expected,not_applicable
ow:ow-0259,ow,1,oil,water,False,data/external/dartis/raw/ow/ow-0259.jpg,oil_object_annotation_expected,not_applicable
ow:ow-0260,ow,1,oil,water,False,data/external/dartis/raw/ow/ow-0260.jpg,oil_object_annotation_expected,not_applicable
ow:ow-0261,ow,1,oil,water,False,data/external/dartis/raw/ow/ow-0261.jpg,oil_object_annotation_expected,not_applicable
ow:ow-0262,ow,1,oil,water,False,data/external/dartis/raw/ow/ow-0262.jpg,oil_object_annotation_expected,not_applicable
ow:ow-0263,ow,1,oil,water,False,data/external/dartis/raw/ow/ow-0263.jpg,oil_object_annotation_expected,not_applicable
ow:ow-0264,ow,1,oil,water,False,data/external/dartis/raw/ow/ow-0264.jpg,oil_object_annotation_expected,not_applicable
ow:ow-0265,ow,1,oil,water,False,data/external/dartis/raw/ow/ow-0265.jpg,oil_object_annotation_expected,not_applicable
ow:ow-0266,ow,1,oil,water,False,data/external/dartis/raw/ow/ow-0266.jpg,oil_object_annotation_expected,not_applicable
ow:ow-0267,ow,1,oil,water,False,data/external/dartis/raw/ow/ow-0267.jpg,oil_object_annotation_expected,not_applicable
ow:ow-0268,ow,1,oil,water,False,data/external/dartis/raw/ow/ow-0268.jpg,oil_object_annotation_expected,not_applicable
ow:ow-0269,ow,1,oil,water,False,data/external/dartis/raw/ow/ow-0269.jpg,oil_object_annotation_expected,not_applicable
ow:ow-0270,ow,1,oil,water,False,data/external/dartis/raw/ow/ow-0270.jpg,oil_object_annotation_expected,not_applicable
ow:ow-0271,ow,1,oil,water,False,data/external/dartis/raw/ow/ow-0271.jpg,oil_object_annotation_expected,not_applicable
ow:ow-0272,ow,1,oil,water,False,data/external/dartis/raw/ow/ow-0272.jpg,oil_object_annotation_expected,not_applicable
ow:ow-0273,ow,1,oil,water,False,data/external/dartis/raw/ow/ow-0273.jpg,oil_object_annotation_expected,not_applicable
ow:ow-0274,ow,1,oil,water,False,data/external/dartis/raw/ow/ow-0274.jpg,oil_object_annotation_expected,not_applicable
ow:ow-0275,ow,1,oil,water,False,data/external/dartis/raw/ow/ow-0275.jpg,oil_object_annotation_expected,not_applicable
ow:ow-0276,ow,1,oil,water,False,data/external/dartis/raw/ow/ow-0276.jpg,oil_object_annotation_expected,not_applicable
ow:ow-0277,ow,1,oil,water,False,data/external/dartis/raw/ow/ow-0277.jpg,oil_object_annotation_expected,not_applicable
ow:ow-0278,ow,1,oil,water,False,data/external/dartis/raw/ow/ow-0278.jpg,oil_object_annotation_expected,not_applicable
ow:ow-0279,ow,1,oil,water,False,data/external/dartis/raw/ow/ow-0279.jpg,oil_object_annotation_expected,not_applicable
ow:ow-0280,ow,1,oil,water,False,data/external/dartis/raw/ow/ow-0280.jpg,oil_object_annotation_expected,not_applicable
ow:ow-0281,ow,1,oil,water,False,data/external/dartis/raw/ow/ow-0281.jpg,oil_object_annotation_expected,not_applicable
ow:ow-0282,ow,1,oil,water,False,data/external/dartis/raw/ow/ow-0282.jpg,oil_object_annotation_expected,not_applicable
ow:ow-0283,ow,1,oil,water,False,data/external/dartis/raw/ow/ow-0283.jpg,oil_object_annotation_expected,not_applicable
ow:ow-0284,ow,1,oil,water,False,data/external/dartis/raw/ow/ow-0284.jpg,oil_object_annotation_expected,not_applicable
ow:ow-0285,ow,1,oil,water,False,data/external/dartis/raw/ow/ow-0285.jpg,oil_object_annotation_expected,not_applicable
ow:ow-0286,ow,1,oil,water,False,data/external/dartis/raw/ow/ow-0286.jpg,oil_object_annotation_expected,not_applicable
ow:ow-0287,ow,1,oil,water,False,data/external/dartis/raw/ow/ow-0287.jpg,oil_object_annotation_expected,not_applicable
ow:ow-0288,ow,1,oil,water,False,data/external/dartis/raw/ow/ow-0288.jpg,oil_object_annotation_expected,not_applicable
ow:ow-0289,ow,1,oil,water,False,data/external/dartis/raw/ow/ow-0289.jpg,oil_object_annotation_expected,not_applicable
ow:ow-0290,ow,1,oil,water,False,data/external/dartis/raw/ow/ow-0290.jpg,oil_object_annotation_expected,not_applicable
ow:ow-0291,ow,1,oil,water,False,data/external/dartis/raw/ow/ow-0291.jpg,oil_object_annotation_expected,not_applicable
ow:ow-0292,ow,1,oil,water,False,data/external/dartis/raw/ow/ow-0292.jpg,oil_object_annotation_expected,not_applicable
ow:ow-0293,ow,1,oil,water,False,data/external/dartis/raw/ow/ow-0293.jpg,oil_object_annotation_expected,not_applicable
ow:ow-0294,ow,1,oil,water,False,data/external/dartis/raw/ow/ow-0294.jpg,oil_object_annotation_expected,not_applicable
ow:ow-0295,ow,1,oil,water,False,data/external/dartis/raw/ow/ow-0295.jpg,oil_object_annotation_expected,not_applicable
ow:ow-0296,ow,1,oil,water,False,data/external/dartis/raw/ow/ow-0296.jpg,oil_object_annotation_expected,not_applicable
ow:ow-0297,ow,1,oil,water,False,data/external/dartis/raw/ow/ow-0297.jpg,oil_object_annotation_expected,not_applicable
ow:ow-0298,ow,1,oil,water,False,data/external/dartis/raw/ow/ow-0298.jpg,oil_object_annotation_expected,not_applicable
ow:ow-0299,ow,1,oil,water,False,data/external/dartis/raw/ow/ow-0299.jpg,oil_object_annotation_expected,not_applicable
ow:ow-0300,ow,1,oil,water,False,data/external/dartis/raw/ow/ow-0300.jpg,oil_object_annotation_expected,not_applicable
ow:ow-0301,ow,1,oil,water,False,data/external/dartis/raw/ow/ow-0301.jpg,oil_object_annotation_expected,not_applicable
ow:ow-0302,ow,1,oil,water,False,data/external/dartis/raw/ow/ow-0302.jpg,oil_object_annotation_expected,not_applicable
ow:ow-0303,ow,1,oil,water,False,data/external/dartis/raw/ow/ow-0303.jpg,oil_object_annotation_expected,not_applicable
ow:ow-0304,ow,1,oil,water,False,data/external/dartis/raw/ow/ow-0304.jpg,oil_object_annotation_expected,not_applicable
ow:ow-0305,ow,1,oil,water,False,data/external/dartis/raw/ow/ow-0305.jpg,oil_object_annotation_expected,not_applicable
ow:ow-0306,ow,1,oil,water,False,data/external/dartis/raw/ow/ow-0306.jpg,oil_object_annotation_expected,not_applicable
ow:ow-0307,ow,1,oil,water,False,data/external/dartis/raw/ow/ow-0307.jpg,oil_object_annotation_expected,not_applicable
ow:ow-0308,ow,1,oil,water,False,data/external/dartis/raw/ow/ow-0308.jpg,oil_object_annotation_expected,not_applicable
ow:ow-0309,ow,1,oil,water,False,data/external/dartis/raw/ow/ow-0309.jpg,oil_object_annotation_expected,not_applicable
ow:ow-0310,ow,1,oil,water,False,data/external/dartis/raw/ow/ow-0310.jpg,oil_object_annotation_expected,not_applicable
ow:ow-0311,ow,1,oil,water,False,data/external/dartis/raw/ow/ow-0311.jpg,oil_object_annotation_expected,not_applicable
ow:ow-0312,ow,1,oil,water,False,data/external/dartis/raw/ow/ow-0312.jpg,oil_object_annotation_expected,not_applicable
ow:ow-0313,ow,1,oil,water,False,data/external/dartis/raw/ow/ow-0313.jpg,oil_object_annotation_expected,not_applicable
ow:ow-0314,ow,1,oil,water,False,data/external/dartis/raw/ow/ow-0314.jpg,oil_object_annotation_expected,not_applicable
ow:ow-0315,ow,1,oil,water,False,data/external/dartis/raw/ow/ow-0315.jpg,oil_object_annotation_expected,not_applicable
ow:ow-0316,ow,1,oil,water,False,data/external/dartis/raw/ow/ow-0316.jpg,oil_object_annotation_expected,not_applicable
ow:ow-0317,ow,1,oil,water,False,data/external/dartis/raw/ow/ow-0317.jpg,oil_object_annotation_expected,not_applicable
ow:ow-0318,ow,1,oil,water,False,data/external/dartis/raw/ow/ow-0318.jpg,oil_object_annotation_expected,not_applicable
ow:ow-0319,ow,1,oil,water,False,data/external/dartis/raw/ow/ow-0319.jpg,oil_object_annotation_expected,not_applicable
ow:ow-0320,ow,1,oil,water,False,data/external/dartis/raw/ow/ow-0320.jpg,oil_object_annotation_expected,not_applicable
ow:ow-0321,ow,1,oil,water,False,data/external/dartis/raw/ow/ow-0321.jpg,oil_object_annotation_expected,not_applicable
ow:ow-0322,ow,1,oil,water,False,data/external/dartis/raw/ow/ow-0322.jpg,oil_object_annotation_expected,not_applicable
ow:ow-0323,ow,1,oil,water,False,data/external/dartis/raw/ow/ow-0323.jpg,oil_object_annotation_expected,not_applicable
ow:ow-0324,ow,1,oil,water,False,data/external/dartis/raw/ow/ow-0324.jpg,oil_object_annotation_expected,not_applicable
ow:ow-0325,ow,1,oil,water,False,data/external/dartis/raw/ow/ow-0325.jpg,oil_object_annotation_expected,not_applicable
ow:ow-0326,ow,1,oil,water,False,data/external/dartis/raw/ow/ow-0326.jpg,oil_object_annotation_expected,not_applicable
ow:ow-0327,ow,1,oil,water,False,data/external/dartis/raw/ow/ow-0327.jpg,oil_object_annotation_expected,not_applicable
ow:ow-0328,ow,1,oil,water,False,data/external/dartis/raw/ow/ow-0328.jpg,oil_object_annotation_expected,not_applicable
ow:ow-0329,ow,1,oil,water,False,data/external/dartis/raw/ow/ow-0329.jpg,oil_object_annotation_expected,not_applicable
ow:ow-0330,ow,1,oil,water,False,data/external/dartis/raw/ow/ow-0330.jpg,oil_object_annotation_expected,not_applicable
ow:ow-0331,ow,1,oil,water,False,data/external/dartis/raw/ow/ow-0331.jpg,oil_object_annotation_expected,not_applicable
ow:ow-0332,ow,1,oil,water,False,data/external/dartis/raw/ow/ow-0332.jpg,oil_object_annotation_expected,not_applicable
ow:ow-0333,ow,1,oil,water,False,data/external/dartis/raw/ow/ow-0333.jpg,oil_object_annotation_expected,not_applicable
ow:ow-0334,ow,1,oil,water,False,data/external/dartis/raw/ow/ow-0334.jpg,oil_object_annotation_expected,not_applicable
ow:ow-0335,ow,1,oil,water,False,data/external/dartis/raw/ow/ow-0335.jpg,oil_object_annotation_expected,not_applicable
ow:ow-0336,ow,1,oil,water,False,data/external/dartis/raw/ow/ow-0336.jpg,oil_object_annotation_expected,not_applicable
ow:ow-0337,ow,1,oil,water,False,data/external/dartis/raw/ow/ow-0337.jpg,oil_object_annotation_expected,not_applicable
ow:ow-0338,ow,1,oil,water,False,data/external/dartis/raw/ow/ow-0338.jpg,oil_object_annotation_expected,not_applicable
ow:ow-0339,ow,1,oil,water,False,data/external/dartis/raw/ow/ow-0339.jpg,oil_object_annotation_expected,not_applicable
ow:ow-0340,ow,1,oil,water,False,data/external/dartis/raw/ow/ow-0340.jpg,oil_object_annotation_expected,not_applicable
ow:ow-0341,ow,1,oil,water,False,data/external/dartis/raw/ow/ow-0341.jpg,oil_object_annotation_expected,not_applicable
ow:ow-0342,ow,1,oil,water,False,data/external/dartis/raw/ow/ow-0342.jpg,oil_object_annotation_expected,not_applicable
ow:ow-0343,ow,1,oil,water,False,data/external/dartis/raw/ow/ow-0343.jpg,oil_object_annotation_expected,not_applicable
ow:ow-0344,ow,1,oil,water,False,data/external/dartis/raw/ow/ow-0344.jpg,oil_object_annotation_expected,not_applicable
ow:ow-0345,ow,1,oil,water,False,data/external/dartis/raw/ow/ow-0345.jpg,oil_object_annotation_expected,not_applicable
ow:ow-0346,ow,1,oil,water,False,data/external/dartis/raw/ow/ow-0346.jpg,oil_object_annotation_expected,not_applicable
ow:ow-0347,ow,1,oil,water,False,data/external/dartis/raw/ow/ow-0347.jpg,oil_object_annotation_expected,not_applicable
ow:ow-0348,ow,1,oil,water,False,data/external/dartis/raw/ow/ow-0348.jpg,oil_object_annotation_expected,not_applicable
ow:ow-0349,ow,1,oil,water,False,data/external/dartis/raw/ow/ow-0349.jpg,oil_object_annotation_expected,not_applicable
ow:ow-0350,ow,1,oil,water,False,data/external/dartis/raw/ow/ow-0350.jpg,oil_object_annotation_expected,not_applicable
ow:ow-0351,ow,1,oil,water,False,data/external/dartis/raw/ow/ow-0351.jpg,oil_object_annotation_expected,not_applicable
ow:ow-0352,ow,1,oil,water,False,data/external/dartis/raw/ow/ow-0352.jpg,oil_object_annotation_expected,not_applicable
ow:ow-0353,ow,1,oil,water,False,data/external/dartis/raw/ow/ow-0353.jpg,oil_object_annotation_expected,not_applicable
ow:ow-0354,ow,1,oil,water,False,data/external/dartis/raw/ow/ow-0354.jpg,oil_object_annotation_expected,not_applicable
ow:ow-0355,ow,1,oil,water,False,data/external/dartis/raw/ow/ow-0355.jpg,oil_object_annotation_expected,not_applicable
ow:ow-0356,ow,1,oil,water,False,data/external/dartis/raw/ow/ow-0356.jpg,oil_object_annotation_expected,not_applicable
ow:ow-0357,ow,1,oil,water,False,data/external/dartis/raw/ow/ow-0357.jpg,oil_object_annotation_expected,not_applicable
ow:ow-0358,ow,1,oil,water,False,data/external/dartis/raw/ow/ow-0358.jpg,oil_object_annotation_expected,not_applicable
ow:ow-0359,ow,1,oil,water,False,data/external/dartis/raw/ow/ow-0359.jpg,oil_object_annotation_expected,not_applicable
ow:ow-0360,ow,1,oil,water,False,data/external/dartis/raw/ow/ow-0360.jpg,oil_object_annotation_expected,not_applicable
ow:ow-0361,ow,1,oil,water,False,data/external/dartis/raw/ow/ow-0361.jpg,oil_object_annotation_expected,not_applicable
ow:ow-0362,ow,1,oil,water,False,data/external/dartis/raw/ow/ow-0362.jpg,oil_object_annotation_expected,not_applicable
ow:ow-0363,ow,1,oil,water,False,data/external/dartis/raw/ow/ow-0363.jpg,oil_object_annotation_expected,not_applicable
ow:ow-0364,ow,1,oil,water,False,data/external/dartis/raw/ow/ow-0364.jpg,oil_object_annotation_expected,not_applicable
ow:ow-0365,ow,1,oil,water,False,data/external/dartis/raw/ow/ow-0365.jpg,oil_object_annotation_expected,not_applicable
ow:ow-0366,ow,1,oil,water,False,data/external/dartis/raw/ow/ow-0366.jpg,oil_object_annotation_expected,not_applicable
ow:ow-0367,ow,1,oil,water,False,data/external/dartis/raw/ow/ow-0367.jpg,oil_object_annotation_expected,not_applicable
ow:ow-0368,ow,1,oil,water,False,data/external/dartis/raw/ow/ow-0368.jpg,oil_object_annotation_expected,not_applicable
ow:ow-0369,ow,1,oil,water,False,data/external/dartis/raw/ow/ow-0369.jpg,oil_object_annotation_expected,not_applicable
ow:ow-0370,ow,1,oil,water,False,data/external/dartis/raw/ow/ow-0370.jpg,oil_object_annotation_expected,not_applicable
ow:ow-0371,ow,1,oil,water,False,data/external/dartis/raw/ow/ow-0371.jpg,oil_object_annotation_expected,not_applicable
ow:ow-0372,ow,1,oil,water,False,data/external/dartis/raw/ow/ow-0372.jpg,oil_object_annotation_expected,not_applicable
ow:ow-0373,ow,1,oil,water,False,data/external/dartis/raw/ow/ow-0373.jpg,oil_object_annotation_expected,not_applicable
ow:ow-0374,ow,1,oil,water,False,data/external/dartis/raw/ow/ow-0374.jpg,oil_object_annotation_expected,not_applicable
ow:ow-0375,ow,1,oil,water,False,data/external/dartis/raw/ow/ow-0375.jpg,oil_object_annotation_expected,not_applicable
ow:ow-0376,ow,1,oil,water,False,data/external/dartis/raw/ow/ow-0376.jpg,oil_object_annotation_expected,not_applicable
ow:ow-0377,ow,1,oil,water,False,data/external/dartis/raw/ow/ow-0377.jpg,oil_object_annotation_expected,not_applicable
ow:ow-0378,ow,1,oil,water,False,data/external/dartis/raw/ow/ow-0378.jpg,oil_object_annotation_expected,not_applicable
ow:ow-0379,ow,1,oil,water,False,data/external/dartis/raw/ow/ow-0379.jpg,oil_object_annotation_expected,not_applicable
ow:ow-0380,ow,1,oil,water,False,data/external/dartis/raw/ow/ow-0380.jpg,oil_object_annotation_expected,not_applicable
ow:ow-0381,ow,1,oil,water,False,data/external/dartis/raw/ow/ow-0381.jpg,oil_object_annotation_expected,not_applicable
ow:ow-0382,ow,1,oil,water,False,data/external/dartis/raw/ow/ow-0382.jpg,oil_object_annotation_expected,not_applicable
ow:ow-0383,ow,1,oil,water,False,data/external/dartis/raw/ow/ow-0383.jpg,oil_object_annotation_expected,not_applicable
ow:ow-0384,ow,1,oil,water,False,data/external/dartis/raw/ow/ow-0384.jpg,oil_object_annotation_expected,not_applicable
ow:ow-0385,ow,1,oil,water,False,data/external/dartis/raw/ow/ow-0385.jpg,oil_object_annotation_expected,not_applicable
ow:ow-0386,ow,1,oil,water,False,data/external/dartis/raw/ow/ow-0386.jpg,oil_object_annotation_expected,not_applicable
ow:ow-0387,ow,1,oil,water,False,data/external/dartis/raw/ow/ow-0387.jpg,oil_object_annotation_expected,not_applicable
ow:ow-0388,ow,1,oil,water,False,data/external/dartis/raw/ow/ow-0388.jpg,oil_object_annotation_expected,not_applicable
ow:ow-0389,ow,1,oil,water,False,data/external/dartis/raw/ow/ow-0389.jpg,oil_object_annotation_expected,not_applicable
ow:ow-0390,ow,1,oil,water,False,data/external/dartis/raw/ow/ow-0390.jpg,oil_object_annotation_expected,not_applicable
ow:ow-0391,ow,1,oil,water,False,data/external/dartis/raw/ow/ow-0391.jpg,oil_object_annotation_expected,not_applicable
ow:ow-0392,ow,1,oil,water,False,data/external/dartis/raw/ow/ow-0392.jpg,oil_object_annotation_expected,not_applicable
ow:ow-0393,ow,1,oil,water,False,data/external/dartis/raw/ow/ow-0393.jpg,oil_object_annotation_expected,not_applicable
ow:ow-0394,ow,1,oil,water,False,data/external/dartis/raw/ow/ow-0394.jpg,oil_object_annotation_expected,not_applicable
ow:ow-0395,ow,1,oil,water,False,data/external/dartis/raw/ow/ow-0395.jpg,oil_object_annotation_expected,not_applicable
ow:ow-0396,ow,1,oil,water,False,data/external/dartis/raw/ow/ow-0396.jpg,oil_object_annotation_expected,not_applicable
ow:ow-0397,ow,1,oil,water,False,data/external/dartis/raw/ow/ow-0397.jpg,oil_object_annotation_expected,not_applicable
ow:ow-0398,ow,1,oil,water,False,data/external/dartis/raw/ow/ow-0398.jpg,oil_object_annotation_expected,not_applicable
ow:ow-0399,ow,1,oil,water,False,data/external/dartis/raw/ow/ow-0399.jpg,oil_object_annotation_expected,not_applicable
ow:ow-0400,ow,1,oil,water,False,data/external/dartis/raw/ow/ow-0400.jpg,oil_object_annotation_expected,not_applicable
ow:ow-0401,ow,1,oil,water,False,data/external/dartis/raw/ow/ow-0401.jpg,oil_object_annotation_expected,not_applicable
ow:ow-0402,ow,1,oil,water,False,data/external/dartis/raw/ow/ow-0402.jpg,oil_object_annotation_expected,not_applicable
ow:ow-0403,ow,1,oil,water,False,data/external/dartis/raw/ow/ow-0403.jpg,oil_object_annotation_expected,not_applicable
ow:ow-0404,ow,1,oil,water,False,data/external/dartis/raw/ow/ow-0404.jpg,oil_object_annotation_expected,not_applicable
ow:ow-0405,ow,1,oil,water,False,data/external/dartis/raw/ow/ow-0405.jpg,oil_object_annotation_expected,not_applicable
ow:ow-0406,ow,1,oil,water,False,data/external/dartis/raw/ow/ow-0406.jpg,oil_object_annotation_expected,not_applicable
ow:ow-0407,ow,1,oil,water,False,data/external/dartis/raw/ow/ow-0407.jpg,oil_object_annotation_expected,not_applicable
ow:ow-0408,ow,1,oil,water,False,data/external/dartis/raw/ow/ow-0408.jpg,oil_object_annotation_expected,not_applicable
ow:ow-0409,ow,1,oil,water,False,data/external/dartis/raw/ow/ow-0409.jpg,oil_object_annotation_expected,not_applicable
ow:ow-0410,ow,1,oil,water,False,data/external/dartis/raw/ow/ow-0410.jpg,oil_object_annotation_expected,not_applicable
ow:ow-0411,ow,1,oil,water,False,data/external/dartis/raw/ow/ow-0411.jpg,oil_object_annotation_expected,not_applicable
ow:ow-0412,ow,1,oil,water,False,data/external/dartis/raw/ow/ow-0412.jpg,oil_object_annotation_expected,not_applicable
ow:ow-0413,ow,1,oil,water,False,data/external/dartis/raw/ow/ow-0413.jpg,oil_object_annotation_expected,not_applicable
ow:ow-0414,ow,1,oil,water,False,data/external/dartis/raw/ow/ow-0414.jpg,oil_object_annotation_expected,not_applicable
ow:ow-0415,ow,1,oil,water,False,data/external/dartis/raw/ow/ow-0415.jpg,oil_object_annotation_expected,not_applicable
ow:ow-0416,ow,1,oil,water,False,data/external/dartis/raw/ow/ow-0416.jpg,oil_object_annotation_expected,not_applicable
ow:ow-0417,ow,1,oil,water,False,data/external/dartis/raw/ow/ow-0417.jpg,oil_object_annotation_expected,not_applicable
ow:ow-0418,ow,1,oil,water,False,data/external/dartis/raw/ow/ow-0418.jpg,oil_object_annotation_expected,not_applicable
ow:ow-0419,ow,1,oil,water,False,data/external/dartis/raw/ow/ow-0419.jpg,oil_object_annotation_expected,not_applicable
ow:ow-0420,ow,1,oil,water,False,data/external/dartis/raw/ow/ow-0420.jpg,oil_object_annotation_expected,not_applicable
ow:ow-0421,ow,1,oil,water,False,data/external/dartis/raw/ow/ow-0421.jpg,oil_object_annotation_expected,not_applicable
ow:ow-0422,ow,1,oil,water,False,data/external/dartis/raw/ow/ow-0422.jpg,oil_object_annotation_expected,not_applicable
ow:ow-0423,ow,1,oil,water,False,data/external/dartis/raw/ow/ow-0423.jpg,oil_object_annotation_expected,not_applicable
ow:ow-0424,ow,1,oil,water,False,data/external/dartis/raw/ow/ow-0424.jpg,oil_object_annotation_expected,not_applicable
ow:ow-0425,ow,1,oil,water,False,data/external/dartis/raw/ow/ow-0425.jpg,oil_object_annotation_expected,not_applicable
ow:ow-0426,ow,1,oil,water,False,data/external/dartis/raw/ow/ow-0426.jpg,oil_object_annotation_expected,not_applicable
ow:ow-0427,ow,1,oil,water,False,data/external/dartis/raw/ow/ow-0427.jpg,oil_object_annotation_expected,not_applicable
ow:ow-0428,ow,1,oil,water,False,data/external/dartis/raw/ow/ow-0428.jpg,oil_object_annotation_expected,not_applicable
ow:ow-0429,ow,1,oil,water,False,data/external/dartis/raw/ow/ow-0429.jpg,oil_object_annotation_expected,not_applicable
ow:ow-0430,ow,1,oil,water,False,data/external/dartis/raw/ow/ow-0430.jpg,oil_object_annotation_expected,not_applicable
ow:ow-0431,ow,1,oil,water,False,data/external/dartis/raw/ow/ow-0431.jpg,oil_object_annotation_expected,not_applicable
ow:ow-0432,ow,1,oil,water,False,data/external/dartis/raw/ow/ow-0432.jpg,oil_object_annotation_expected,not_applicable
ow:ow-0433,ow,1,oil,water,False,data/external/dartis/raw/ow/ow-0433.jpg,oil_object_annotation_expected,not_applicable
ow:ow-0434,ow,1,oil,water,False,data/external/dartis/raw/ow/ow-0434.jpg,oil_object_annotation_expected,not_applicable
ow:ow-0435,ow,1,oil,water,False,data/external/dartis/raw/ow/ow-0435.jpg,oil_object_annotation_expected,not_applicable
ow:ow-0436,ow,1,oil,water,False,data/external/dartis/raw/ow/ow-0436.jpg,oil_object_annotation_expected,not_applicable
ow:ow-0437,ow,1,oil,water,False,data/external/dartis/raw/ow/ow-0437.jpg,oil_object_annotation_expected,not_applicable
ow:ow-0438,ow,1,oil,water,False,data/external/dartis/raw/ow/ow-0438.jpg,oil_object_annotation_expected,not_applicable
ow:ow-0439,ow,1,oil,water,False,data/external/dartis/raw/ow/ow-0439.jpg,oil_object_annotation_expected,not_applicable
ow:ow-0440,ow,1,oil,water,False,data/external/dartis/raw/ow/ow-0440.jpg,oil_object_annotation_expected,not_applicable
ow:ow-0441,ow,1,oil,water,False,data/external/dartis/raw/ow/ow-0441.jpg,oil_object_annotation_expected,not_applicable
ow:ow-0442,ow,1,oil,water,False,data/external/dartis/raw/ow/ow-0442.jpg,oil_object_annotation_expected,not_applicable
ow:ow-0443,ow,1,oil,water,False,data/external/dartis/raw/ow/ow-0443.jpg,oil_object_annotation_expected,not_applicable
ow:ow-0444,ow,1,oil,water,False,data/external/dartis/raw/ow/ow-0444.jpg,oil_object_annotation_expected,not_applicable
ow:ow-0445,ow,1,oil,water,False,data/external/dartis/raw/ow/ow-0445.jpg,oil_object_annotation_expected,not_applicable
ow:ow-0446,ow,1,oil,water,False,data/external/dartis/raw/ow/ow-0446.jpg,oil_object_annotation_expected,not_applicable
ow:ow-0447,ow,1,oil,water,False,data/external/dartis/raw/ow/ow-0447.jpg,oil_object_annotation_expected,not_applicable
ow:ow-0448,ow,1,oil,water,False,data/external/dartis/raw/ow/ow-0448.jpg,oil_object_annotation_expected,not_applicable
ow:ow-0449,ow,1,oil,water,False,data/external/dartis/raw/ow/ow-0449.jpg,oil_object_annotation_expected,not_applicable
ow:ow-0450,ow,1,oil,water,False,data/external/dartis/raw/ow/ow-0450.jpg,oil_object_annotation_expected,not_applicable
ow:ow-0451,ow,1,oil,water,False,data/external/dartis/raw/ow/ow-0451.jpg,oil_object_annotation_expected,not_applicable
ow:ow-0452,ow,1,oil,water,False,data/external/dartis/raw/ow/ow-0452.jpg,oil_object_annotation_expected,not_applicable
ow:ow-0453,ow,1,oil,water,False,data/external/dartis/raw/ow/ow-0453.jpg,oil_object_annotation_expected,not_applicable
ow:ow-0454,ow,1,oil,water,False,data/external/dartis/raw/ow/ow-0454.jpg,oil_object_annotation_expected,not_applicable
ow:ow-0455,ow,1,oil,water,False,data/external/dartis/raw/ow/ow-0455.jpg,oil_object_annotation_expected,not_applicable
ow:ow-0456,ow,1,oil,water,False,data/external/dartis/raw/ow/ow-0456.jpg,oil_object_annotation_expected,not_applicable
ow:ow-0457,ow,1,oil,water,False,data/external/dartis/raw/ow/ow-0457.jpg,oil_object_annotation_expected,not_applicable
ow:ow-0458,ow,1,oil,water,False,data/external/dartis/raw/ow/ow-0458.jpg,oil_object_annotation_expected,not_applicable
ow:ow-0459,ow,1,oil,water,False,data/external/dartis/raw/ow/ow-0459.jpg,oil_object_annotation_expected,not_applicable
ow:ow-0460,ow,1,oil,water,False,data/external/dartis/raw/ow/ow-0460.jpg,oil_object_annotation_expected,not_applicable
ow:ow-0461,ow,1,oil,water,False,data/external/dartis/raw/ow/ow-0461.jpg,oil_object_annotation_expected,not_applicable
ow:ow-0462,ow,1,oil,water,False,data/external/dartis/raw/ow/ow-0462.jpg,oil_object_annotation_expected,not_applicable
ow:ow-0463,ow,1,oil,water,False,data/external/dartis/raw/ow/ow-0463.jpg,oil_object_annotation_expected,not_applicable
ow:ow-0464,ow,1,oil,water,False,data/external/dartis/raw/ow/ow-0464.jpg,oil_object_annotation_expected,not_applicable
ow:ow-0465,ow,1,oil,water,False,data/external/dartis/raw/ow/ow-0465.jpg,oil_object_annotation_expected,not_applicable
ow:ow-0466,ow,1,oil,water,False,data/external/dartis/raw/ow/ow-0466.jpg,oil_object_annotation_expected,not_applicable
ow:ow-0467,ow,1,oil,water,False,data/external/dartis/raw/ow/ow-0467.jpg,oil_object_annotation_expected,not_applicable
ow:ow-0468,ow,1,oil,water,False,data/external/dartis/raw/ow/ow-0468.jpg,oil_object_annotation_expected,not_applicable
ow:ow-0469,ow,1,oil,water,False,data/external/dartis/raw/ow/ow-0469.jpg,oil_object_annotation_expected,not_applicable
ow:ow-0470,ow,1,oil,water,False,data/external/dartis/raw/ow/ow-0470.jpg,oil_object_annotation_expected,not_applicable
ow:ow-0471,ow,1,oil,water,False,data/external/dartis/raw/ow/ow-0471.jpg,oil_object_annotation_expected,not_applicable
ow:ow-0472,ow,1,oil,water,False,data/external/dartis/raw/ow/ow-0472.jpg,oil_object_annotation_expected,not_applicable
ow:ow-0473,ow,1,oil,water,False,data/external/dartis/raw/ow/ow-0473.jpg,oil_object_annotation_expected,not_applicable
ow:ow-0474,ow,1,oil,water,False,data/external/dartis/raw/ow/ow-0474.jpg,oil_object_annotation_expected,not_applicable
ow:ow-0475,ow,1,oil,water,False,data/external/dartis/raw/ow/ow-0475.jpg,oil_object_annotation_expected,not_applicable
ow:ow-0476,ow,1,oil,water,False,data/external/dartis/raw/ow/ow-0476.jpg,oil_object_annotation_expected,not_applicable
ow:ow-0477,ow,1,oil,water,False,data/external/dartis/raw/ow/ow-0477.jpg,oil_object_annotation_expected,not_applicable
ow:ow-0478,ow,1,oil,water,False,data/external/dartis/raw/ow/ow-0478.jpg,oil_object_annotation_expected,not_applicable
ow:ow-0479,ow,1,oil,water,False,data/external/dartis/raw/ow/ow-0479.jpg,oil_object_annotation_expected,not_applicable
ow:ow-0480,ow,1,oil,water,False,data/external/dartis/raw/ow/ow-0480.jpg,oil_object_annotation_expected,not_applicable
ow:ow-0481,ow,1,oil,water,False,data/external/dartis/raw/ow/ow-0481.jpg,oil_object_annotation_expected,not_applicable
ow:ow-0482,ow,1,oil,water,False,data/external/dartis/raw/ow/ow-0482.jpg,oil_object_annotation_expected,not_applicable
ow:ow-0483,ow,1,oil,water,False,data/external/dartis/raw/ow/ow-0483.jpg,oil_object_annotation_expected,not_applicable
ow:ow-0484,ow,1,oil,water,False,data/external/dartis/raw/ow/ow-0484.jpg,oil_object_annotation_expected,not_applicable
ow:ow-0485,ow,1,oil,water,False,data/external/dartis/raw/ow/ow-0485.jpg,oil_object_annotation_expected,not_applicable
ow:ow-0486,ow,1,oil,water,False,data/external/dartis/raw/ow/ow-0486.jpg,oil_object_annotation_expected,not_applicable
ow:ow-0487,ow,1,oil,water,False,data/external/dartis/raw/ow/ow-0487.jpg,oil_object_annotation_expected,not_applicable
ow:ow-0488,ow,1,oil,water,False,data/external/dartis/raw/ow/ow-0488.jpg,oil_object_annotation_expected,not_applicable
ow:ow-0489,ow,1,oil,water,False,data/external/dartis/raw/ow/ow-0489.jpg,oil_object_annotation_expected,not_applicable
ow:ow-0490,ow,1,oil,water,False,data/external/dartis/raw/ow/ow-0490.jpg,oil_object_annotation_expected,not_applicable
ow:ow-0491,ow,1,oil,water,False,data/external/dartis/raw/ow/ow-0491.jpg,oil_object_annotation_expected,not_applicable
ow:ow-0492,ow,1,oil,water,False,data/external/dartis/raw/ow/ow-0492.jpg,oil_object_annotation_expected,not_applicable
ow:ow-0493,ow,1,oil,water,False,data/external/dartis/raw/ow/ow-0493.jpg,oil_object_annotation_expected,not_applicable
ow:ow-0494,ow,1,oil,water,False,data/external/dartis/raw/ow/ow-0494.jpg,oil_object_annotation_expected,not_applicable
ow:ow-0495,ow,1,oil,water,False,data/external/dartis/raw/ow/ow-0495.jpg,oil_object_annotation_expected,not_applicable
ow:ow-0496,ow,1,oil,water,False,data/external/dartis/raw/ow/ow-0496.jpg,oil_object_annotation_expected,not_applicable
ow:ow-0497,ow,1,oil,water,False,data/external/dartis/raw/ow/ow-0497.jpg,oil_object_annotation_expected,not_applicable
ow:ow-0498,ow,1,oil,water,False,data/external/dartis/raw/ow/ow-0498.jpg,oil_object_annotation_expected,not_applicable
ow:ow-0499,ow,1,oil,water,False,data/external/dartis/raw/ow/ow-0499.jpg,oil_object_annotation_expected,not_applicable
ow:ow-0500,ow,1,oil,water,False,data/external/dartis/raw/ow/ow-0500.jpg,oil_object_annotation_expected,not_applicable
ow:ow-0501,ow,1,oil,water,False,data/external/dartis/raw/ow/ow-0501.jpg,oil_object_annotation_expected,not_applicable
ow:ow-0502,ow,1,oil,water,False,data/external/dartis/raw/ow/ow-0502.jpg,oil_object_annotation_expected,not_applicable
ow:ow-0503,ow,1,oil,water,False,data/external/dartis/raw/ow/ow-0503.jpg,oil_object_annotation_expected,not_applicable
ow:ow-0504,ow,1,oil,water,False,data/external/dartis/raw/ow/ow-0504.jpg,oil_object_annotation_expected,not_applicable
ow:ow-0505,ow,1,oil,water,False,data/external/dartis/raw/ow/ow-0505.jpg,oil_object_annotation_expected,not_applicable
ow:ow-0506,ow,1,oil,water,False,data/external/dartis/raw/ow/ow-0506.jpg,oil_object_annotation_expected,not_applicable
ow:ow-0507,ow,1,oil,water,False,data/external/dartis/raw/ow/ow-0507.jpg,oil_object_annotation_expected,not_applicable
ow:ow-0508,ow,1,oil,water,False,data/external/dartis/raw/ow/ow-0508.jpg,oil_object_annotation_expected,not_applicable
ow:ow-0509,ow,1,oil,water,False,data/external/dartis/raw/ow/ow-0509.jpg,oil_object_annotation_expected,not_applicable
ow:ow-0510,ow,1,oil,water,False,data/external/dartis/raw/ow/ow-0510.jpg,oil_object_annotation_expected,not_applicable
ow:ow-0511,ow,1,oil,water,False,data/external/dartis/raw/ow/ow-0511.jpg,oil_object_annotation_expected,not_applicable
ow:ow-0512,ow,1,oil,water,False,data/external/dartis/raw/ow/ow-0512.jpg,oil_object_annotation_expected,not_applicable
ow:ow-0513,ow,1,oil,water,False,data/external/dartis/raw/ow/ow-0513.jpg,oil_object_annotation_expected,not_applicable
ow:ow-0514,ow,1,oil,water,False,data/external/dartis/raw/ow/ow-0514.jpg,oil_object_annotation_expected,not_applicable
ow:ow-0515,ow,1,oil,water,False,data/external/dartis/raw/ow/ow-0515.jpg,oil_object_annotation_expected,not_applicable
ow:ow-0516,ow,1,oil,water,False,data/external/dartis/raw/ow/ow-0516.jpg,oil_object_annotation_expected,not_applicable
ow:ow-0517,ow,1,oil,water,False,data/external/dartis/raw/ow/ow-0517.jpg,oil_object_annotation_expected,not_applicable
ow:ow-0518,ow,1,oil,water,False,data/external/dartis/raw/ow/ow-0518.jpg,oil_object_annotation_expected,not_applicable
ow:ow-0519,ow,1,oil,water,False,data/external/dartis/raw/ow/ow-0519.jpg,oil_object_annotation_expected,not_applicable
ow:ow-0520,ow,1,oil,water,False,data/external/dartis/raw/ow/ow-0520.jpg,oil_object_annotation_expected,not_applicable
ow:ow-0521,ow,1,oil,water,False,data/external/dartis/raw/ow/ow-0521.jpg,oil_object_annotation_expected,not_applicable
ow:ow-0522,ow,1,oil,water,False,data/external/dartis/raw/ow/ow-0522.jpg,oil_object_annotation_expected,not_applicable
ow:ow-0523,ow,1,oil,water,False,data/external/dartis/raw/ow/ow-0523.jpg,oil_object_annotation_expected,not_applicable
ow:ow-0524,ow,1,oil,water,False,data/external/dartis/raw/ow/ow-0524.jpg,oil_object_annotation_expected,not_applicable
ow:ow-0525,ow,1,oil,water,False,data/external/dartis/raw/ow/ow-0525.jpg,oil_object_annotation_expected,not_applicable
ow:ow-0526,ow,1,oil,water,False,data/external/dartis/raw/ow/ow-0526.jpg,oil_object_annotation_expected,not_applicable
ow:ow-0527,ow,1,oil,water,False,data/external/dartis/raw/ow/ow-0527.jpg,oil_object_annotation_expected,not_applicable
ow:ow-0528,ow,1,oil,water,False,data/external/dartis/raw/ow/ow-0528.jpg,oil_object_annotation_expected,not_applicable
ow:ow-0529,ow,1,oil,water,False,data/external/dartis/raw/ow/ow-0529.jpg,oil_object_annotation_expected,not_applicable
ow:ow-0530,ow,1,oil,water,False,data/external/dartis/raw/ow/ow-0530.jpg,oil_object_annotation_expected,not_applicable
ow:ow-0531,ow,1,oil,water,False,data/external/dartis/raw/ow/ow-0531.jpg,oil_object_annotation_expected,not_applicable
ow:ow-0532,ow,1,oil,water,False,data/external/dartis/raw/ow/ow-0532.jpg,oil_object_annotation_expected,not_applicable
ow:ow-0533,ow,1,oil,water,False,data/external/dartis/raw/ow/ow-0533.jpg,oil_object_annotation_expected,not_applicable
ow:ow-0534,ow,1,oil,water,False,data/external/dartis/raw/ow/ow-0534.jpg,oil_object_annotation_expected,not_applicable
ow:ow-0535,ow,1,oil,water,False,data/external/dartis/raw/ow/ow-0535.jpg,oil_object_annotation_expected,not_applicable
ow:ow-0536,ow,1,oil,water,False,data/external/dartis/raw/ow/ow-0536.jpg,oil_object_annotation_expected,not_applicable
ow:ow-0537,ow,1,oil,water,False,data/external/dartis/raw/ow/ow-0537.jpg,oil_object_annotation_expected,not_applicable
ow:ow-0538,ow,1,oil,water,False,data/external/dartis/raw/ow/ow-0538.jpg,oil_object_annotation_expected,not_applicable
ow:ow-0539,ow,1,oil,water,False,data/external/dartis/raw/ow/ow-0539.jpg,oil_object_annotation_expected,not_applicable
ow:ow-0540,ow,1,oil,water,False,data/external/dartis/raw/ow/ow-0540.jpg,oil_object_annotation_expected,not_applicable
ow:ow-0541,ow,1,oil,water,False,data/external/dartis/raw/ow/ow-0541.jpg,oil_object_annotation_expected,not_applicable
ow:ow-0542,ow,1,oil,water,False,data/external/dartis/raw/ow/ow-0542.jpg,oil_object_annotation_expected,not_applicable
ow:ow-0543,ow,1,oil,water,False,data/external/dartis/raw/ow/ow-0543.jpg,oil_object_annotation_expected,not_applicable
ow:ow-0544,ow,1,oil,water,False,data/external/dartis/raw/ow/ow-0544.jpg,oil_object_annotation_expected,not_applicable
ow:ow-0545,ow,1,oil,water,False,data/external/dartis/raw/ow/ow-0545.jpg,oil_object_annotation_expected,not_applicable
ow:ow-0546,ow,1,oil,water,False,data/external/dartis/raw/ow/ow-0546.jpg,oil_object_annotation_expected,not_applicable
ow:ow-0547,ow,1,oil,water,False,data/external/dartis/raw/ow/ow-0547.jpg,oil_object_annotation_expected,not_applicable
ow:ow-0548,ow,1,oil,water,False,data/external/dartis/raw/ow/ow-0548.jpg,oil_object_annotation_expected,not_applicable
ow:ow-0549,ow,1,oil,water,False,data/external/dartis/raw/ow/ow-0549.jpg,oil_object_annotation_expected,not_applicable
ow:ow-0550,ow,1,oil,water,False,data/external/dartis/raw/ow/ow-0550.jpg,oil_object_annotation_expected,not_applicable
ow:ow-0551,ow,1,oil,water,False,data/external/dartis/raw/ow/ow-0551.jpg,oil_object_annotation_expected,not_applicable
ow:ow-0552,ow,1,oil,water,False,data/external/dartis/raw/ow/ow-0552.jpg,oil_object_annotation_expected,not_applicable
ow:ow-0553,ow,1,oil,water,False,data/external/dartis/raw/ow/ow-0553.jpg,oil_object_annotation_expected,not_applicable
ow:ow-0554,ow,1,oil,water,False,data/external/dartis/raw/ow/ow-0554.jpg,oil_object_annotation_expected,not_applicable
ow:ow-0555,ow,1,oil,water,False,data/external/dartis/raw/ow/ow-0555.jpg,oil_object_annotation_expected,not_applicable
ow:ow-0556,ow,1,oil,water,False,data/external/dartis/raw/ow/ow-0556.jpg,oil_object_annotation_expected,not_applicable
ow:ow-0557,ow,1,oil,water,False,data/external/dartis/raw/ow/ow-0557.jpg,oil_object_annotation_expected,not_applicable
ow:ow-0558,ow,1,oil,water,False,data/external/dartis/raw/ow/ow-0558.jpg,oil_object_annotation_expected,not_applicable
ow:ow-0559,ow,1,oil,water,False,data/external/dartis/raw/ow/ow-0559.jpg,oil_object_annotation_expected,not_applicable
ow:ow-0560,ow,1,oil,water,False,data/external/dartis/raw/ow/ow-0560.jpg,oil_object_annotation_expected,not_applicable
ow:ow-0561,ow,1,oil,water,False,data/external/dartis/raw/ow/ow-0561.jpg,oil_object_annotation_expected,not_applicable
ow:ow-0562,ow,1,oil,water,False,data/external/dartis/raw/ow/ow-0562.jpg,oil_object_annotation_expected,not_applicable
ow:ow-0563,ow,1,oil,water,False,data/external/dartis/raw/ow/ow-0563.jpg,oil_object_annotation_expected,not_applicable
ow:ow-0564,ow,1,oil,water,False,data/external/dartis/raw/ow/ow-0564.jpg,oil_object_annotation_expected,not_applicable
ow:ow-0565,ow,1,oil,water,False,data/external/dartis/raw/ow/ow-0565.jpg,oil_object_annotation_expected,not_applicable
ow:ow-0566,ow,1,oil,water,False,data/external/dartis/raw/ow/ow-0566.jpg,oil_object_annotation_expected,not_applicable
ow:ow-0567,ow,1,oil,water,False,data/external/dartis/raw/ow/ow-0567.jpg,oil_object_annotation_expected,not_applicable
ow:ow-0568,ow,1,oil,water,False,data/external/dartis/raw/ow/ow-0568.jpg,oil_object_annotation_expected,not_applicable
ow:ow-0569,ow,1,oil,water,False,data/external/dartis/raw/ow/ow-0569.jpg,oil_object_annotation_expected,not_applicable
ow:ow-0570,ow,1,oil,water,False,data/external/dartis/raw/ow/ow-0570.jpg,oil_object_annotation_expected,not_applicable
ow:ow-0571,ow,1,oil,water,False,data/external/dartis/raw/ow/ow-0571.jpg,oil_object_annotation_expected,not_applicable
ow:ow-0572,ow,1,oil,water,False,data/external/dartis/raw/ow/ow-0572.jpg,oil_object_annotation_expected,not_applicable
ow:ow-0573,ow,1,oil,water,False,data/external/dartis/raw/ow/ow-0573.jpg,oil_object_annotation_expected,not_applicable
ow:ow-0574,ow,1,oil,water,False,data/external/dartis/raw/ow/ow-0574.jpg,oil_object_annotation_expected,not_applicable
ow:ow-0575,ow,1,oil,water,False,data/external/dartis/raw/ow/ow-0575.jpg,oil_object_annotation_expected,not_applicable
ow:ow-0576,ow,1,oil,water,False,data/external/dartis/raw/ow/ow-0576.jpg,oil_object_annotation_expected,not_applicable
ow:ow-0577,ow,1,oil,water,False,data/external/dartis/raw/ow/ow-0577.jpg,oil_object_annotation_expected,not_applicable
ow:ow-0578,ow,1,oil,water,False,data/external/dartis/raw/ow/ow-0578.jpg,oil_object_annotation_expected,not_applicable
ow:ow-0579,ow,1,oil,water,False,data/external/dartis/raw/ow/ow-0579.jpg,oil_object_annotation_expected,not_applicable
ow:ow-0580,ow,1,oil,water,False,data/external/dartis/raw/ow/ow-0580.jpg,oil_object_annotation_expected,not_applicable
ow:ow-0581,ow,1,oil,water,False,data/external/dartis/raw/ow/ow-0581.jpg,oil_object_annotation_expected,not_applicable
ow:ow-0582,ow,1,oil,water,False,data/external/dartis/raw/ow/ow-0582.jpg,oil_object_annotation_expected,not_applicable
ow:ow-0583,ow,1,oil,water,False,data/external/dartis/raw/ow/ow-0583.jpg,oil_object_annotation_expected,not_applicable
ow:ow-0584,ow,1,oil,water,False,data/external/dartis/raw/ow/ow-0584.jpg,oil_object_annotation_expected,not_applicable
ow:ow-0585,ow,1,oil,water,False,data/external/dartis/raw/ow/ow-0585.jpg,oil_object_annotation_expected,not_applicable
ow:ow-0586,ow,1,oil,water,False,data/external/dartis/raw/ow/ow-0586.jpg,oil_object_annotation_expected,not_applicable
ow:ow-0587,ow,1,oil,water,False,data/external/dartis/raw/ow/ow-0587.jpg,oil_object_annotation_expected,not_applicable
ow:ow-0588,ow,1,oil,water,False,data/external/dartis/raw/ow/ow-0588.jpg,oil_object_annotation_expected,not_applicable
ow:ow-0589,ow,1,oil,water,False,data/external/dartis/raw/ow/ow-0589.jpg,oil_object_annotation_expected,not_applicable
ow:ow-0590,ow,1,oil,water,False,data/external/dartis/raw/ow/ow-0590.jpg,oil_object_annotation_expected,not_applicable
ow:ow-0591,ow,1,oil,water,False,data/external/dartis/raw/ow/ow-0591.jpg,oil_object_annotation_expected,not_applicable
ow:ow-0592,ow,1,oil,water,False,data/external/dartis/raw/ow/ow-0592.jpg,oil_object_annotation_expected,not_applicable
ow:ow-0593,ow,1,oil,water,False,data/external/dartis/raw/ow/ow-0593.jpg,oil_object_annotation_expected,not_applicable
ow:ow-0594,ow,1,oil,water,False,data/external/dartis/raw/ow/ow-0594.jpg,oil_object_annotation_expected,not_applicable
ow:ow-0595,ow,1,oil,water,False,data/external/dartis/raw/ow/ow-0595.jpg,oil_object_annotation_expected,not_applicable
ow:ow-0596,ow,1,oil,water,False,data/external/dartis/raw/ow/ow-0596.jpg,oil_object_annotation_expected,not_applicable
ow:ow-0597,ow,1,oil,water,False,data/external/dartis/raw/ow/ow-0597.jpg,oil_object_annotation_expected,not_applicable
ow:ow-0598,ow,1,oil,water,False,data/external/dartis/raw/ow/ow-0598.jpg,oil_object_annotation_expected,not_applicable
ow:ow-0599,ow,1,oil,water,False,data/external/dartis/raw/ow/ow-0599.jpg,oil_object_annotation_expected,not_applicable
ow:ow-0600,ow,1,oil,water,False,data/external/dartis/raw/ow/ow-0600.jpg,oil_object_annotation_expected,not_applicable
ow:ow-0601,ow,1,oil,water,False,data/external/dartis/raw/ow/ow-0601.jpg,oil_object_annotation_expected,not_applicable
ow:ow-0602,ow,1,oil,water,False,data/external/dartis/raw/ow/ow-0602.jpg,oil_object_annotation_expected,not_applicable
ow:ow-0603,ow,1,oil,water,False,data/external/dartis/raw/ow/ow-0603.jpg,oil_object_annotation_expected,not_applicable
ow:ow-0604,ow,1,oil,water,False,data/external/dartis/raw/ow/ow-0604.jpg,oil_object_annotation_expected,not_applicable
ow:ow-0605,ow,1,oil,water,False,data/external/dartis/raw/ow/ow-0605.jpg,oil_object_annotation_expected,not_applicable
ow:ow-0606,ow,1,oil,water,False,data/external/dartis/raw/ow/ow-0606.jpg,oil_object_annotation_expected,not_applicable
ow:ow-0607,ow,1,oil,water,False,data/external/dartis/raw/ow/ow-0607.jpg,oil_object_annotation_expected,not_applicable
ow:ow-0608,ow,1,oil,water,False,data/external/dartis/raw/ow/ow-0608.jpg,oil_object_annotation_expected,not_applicable
ow:ow-0609,ow,1,oil,water,False,data/external/dartis/raw/ow/ow-0609.jpg,oil_object_annotation_expected,not_applicable
ow:ow-0610,ow,1,oil,water,False,data/external/dartis/raw/ow/ow-0610.jpg,oil_object_annotation_expected,not_applicable
ow:ow-0611,ow,1,oil,water,False,data/external/dartis/raw/ow/ow-0611.jpg,oil_object_annotation_expected,not_applicable
ow:ow-0612,ow,1,oil,water,False,data/external/dartis/raw/ow/ow-0612.jpg,oil_object_annotation_expected,not_applicable
ow:ow-0613,ow,1,oil,water,False,data/external/dartis/raw/ow/ow-0613.jpg,oil_object_annotation_expected,not_applicable
ow:ow-0614,ow,1,oil,water,False,data/external/dartis/raw/ow/ow-0614.jpg,oil_object_annotation_expected,not_applicable
ow:ow-0615,ow,1,oil,water,False,data/external/dartis/raw/ow/ow-0615.jpg,oil_object_annotation_expected,not_applicable
ow:ow-0616,ow,1,oil,water,False,data/external/dartis/raw/ow/ow-0616.jpg,oil_object_annotation_expected,not_applicable
ow:ow-0617,ow,1,oil,water,False,data/external/dartis/raw/ow/ow-0617.jpg,oil_object_annotation_expected,not_applicable
ow:ow-0618,ow,1,oil,water,False,data/external/dartis/raw/ow/ow-0618.jpg,oil_object_annotation_expected,not_applicable
ow:ow-0619,ow,1,oil,water,False,data/external/dartis/raw/ow/ow-0619.jpg,oil_object_annotation_expected,not_applicable
ow:ow-0620,ow,1,oil,water,False,data/external/dartis/raw/ow/ow-0620.jpg,oil_object_annotation_expected,not_applicable
ow:ow-0621,ow,1,oil,water,False,data/external/dartis/raw/ow/ow-0621.jpg,oil_object_annotation_expected,not_applicable
ow:ow-0622,ow,1,oil,water,False,data/external/dartis/raw/ow/ow-0622.jpg,oil_object_annotation_expected,not_applicable
ow:ow-0623,ow,1,oil,water,False,data/external/dartis/raw/ow/ow-0623.jpg,oil_object_annotation_expected,not_applicable
ow:ow-0624,ow,1,oil,water,False,data/external/dartis/raw/ow/ow-0624.jpg,oil_object_annotation_expected,not_applicable
ow:ow-0625,ow,1,oil,water,False,data/external/dartis/raw/ow/ow-0625.jpg,oil_object_annotation_expected,not_applicable
ow:ow-0626,ow,1,oil,water,False,data/external/dartis/raw/ow/ow-0626.jpg,oil_object_annotation_expected,not_applicable
ow:ow-0627,ow,1,oil,water,False,data/external/dartis/raw/ow/ow-0627.jpg,oil_object_annotation_expected,not_applicable
ow:ow-0628,ow,1,oil,water,False,data/external/dartis/raw/ow/ow-0628.jpg,oil_object_annotation_expected,not_applicable
ow:ow-0629,ow,1,oil,water,False,data/external/dartis/raw/ow/ow-0629.jpg,oil_object_annotation_expected,not_applicable
ow:ow-0630,ow,1,oil,water,False,data/external/dartis/raw/ow/ow-0630.jpg,oil_object_annotation_expected,not_applicable
ow:ow-0631,ow,1,oil,water,False,data/external/dartis/raw/ow/ow-0631.jpg,oil_object_annotation_expected,not_applicable
ow:ow-0632,ow,1,oil,water,False,data/external/dartis/raw/ow/ow-0632.jpg,oil_object_annotation_expected,not_applicable
ow:ow-0633,ow,1,oil,water,False,data/external/dartis/raw/ow/ow-0633.jpg,oil_object_annotation_expected,not_applicable
ow:ow-0634,ow,1,oil,water,False,data/external/dartis/raw/ow/ow-0634.jpg,oil_object_annotation_expected,not_applicable
ow:ow-0635,ow,1,oil,water,False,data/external/dartis/raw/ow/ow-0635.jpg,oil_object_annotation_expected,not_applicable
ow:ow-0636,ow,1,oil,water,False,data/external/dartis/raw/ow/ow-0636.jpg,oil_object_annotation_expected,not_applicable
ow:ow-0637,ow,1,oil,water,False,data/external/dartis/raw/ow/ow-0637.jpg,oil_object_annotation_expected,not_applicable
ow:ow-0638,ow,1,oil,water,False,data/external/dartis/raw/ow/ow-0638.jpg,oil_object_annotation_expected,not_applicable
ow:ow-0639,ow,1,oil,water,False,data/external/dartis/raw/ow/ow-0639.jpg,oil_object_annotation_expected,not_applicable
ow:ow-0640,ow,1,oil,water,False,data/external/dartis/raw/ow/ow-0640.jpg,oil_object_annotation_expected,not_applicable
ow:ow-0641,ow,1,oil,water,False,data/external/dartis/raw/ow/ow-0641.jpg,oil_object_annotation_expected,not_applicable
ow:ow-0642,ow,1,oil,water,False,data/external/dartis/raw/ow/ow-0642.jpg,oil_object_annotation_expected,not_applicable
ow:ow-0643,ow,1,oil,water,False,data/external/dartis/raw/ow/ow-0643.jpg,oil_object_annotation_expected,not_applicable
ow:ow-0644,ow,1,oil,water,False,data/external/dartis/raw/ow/ow-0644.jpg,oil_object_annotation_expected,not_applicable
ow:ow-0645,ow,1,oil,water,False,data/external/dartis/raw/ow/ow-0645.jpg,oil_object_annotation_expected,not_applicable
ow:ow-0646,ow,1,oil,water,False,data/external/dartis/raw/ow/ow-0646.jpg,oil_object_annotation_expected,not_applicable
ow:ow-0647,ow,1,oil,water,False,data/external/dartis/raw/ow/ow-0647.jpg,oil_object_annotation_expected,not_applicable
ow:ow-0648,ow,1,oil,water,False,data/external/dartis/raw/ow/ow-0648.jpg,oil_object_annotation_expected,not_applicable
ow:ow-0649,ow,1,oil,water,False,data/external/dartis/raw/ow/ow-0649.jpg,oil_object_annotation_expected,not_applicable
ow:ow-0650,ow,1,oil,water,False,data/external/dartis/raw/ow/ow-0650.jpg,oil_object_annotation_expected,not_applicable
ow:ow-0651,ow,1,oil,water,False,data/external/dartis/raw/ow/ow-0651.jpg,oil_object_annotation_expected,not_applicable
ow:ow-0652,ow,1,oil,water,False,data/external/dartis/raw/ow/ow-0652.jpg,oil_object_annotation_expected,not_applicable
ow:ow-0653,ow,1,oil,water,False,data/external/dartis/raw/ow/ow-0653.jpg,oil_object_annotation_expected,not_applicable
ow:ow-0654,ow,1,oil,water,False,data/external/dartis/raw/ow/ow-0654.jpg,oil_object_annotation_expected,not_applicable
ow:ow-0655,ow,1,oil,water,False,data/external/dartis/raw/ow/ow-0655.jpg,oil_object_annotation_expected,not_applicable
ow:ow-0656,ow,1,oil,water,False,data/external/dartis/raw/ow/ow-0656.jpg,oil_object_annotation_expected,not_applicable
ow:ow-0657,ow,1,oil,water,False,data/external/dartis/raw/ow/ow-0657.jpg,oil_object_annotation_expected,not_applicable
ow:ow-0658,ow,1,oil,water,False,data/external/dartis/raw/ow/ow-0658.jpg,oil_object_annotation_expected,not_applicable
ow:ow-0659,ow,1,oil,water,False,data/external/dartis/raw/ow/ow-0659.jpg,oil_object_annotation_expected,not_applicable
ow:ow-0660,ow,1,oil,water,False,data/external/dartis/raw/ow/ow-0660.jpg,oil_object_annotation_expected,not_applicable
ow:ow-0661,ow,1,oil,water,False,data/external/dartis/raw/ow/ow-0661.jpg,oil_object_annotation_expected,not_applicable
ow:ow-0662,ow,1,oil,water,False,data/external/dartis/raw/ow/ow-0662.jpg,oil_object_annotation_expected,not_applicable
ow:ow-0663,ow,1,oil,water,False,data/external/dartis/raw/ow/ow-0663.jpg,oil_object_annotation_expected,not_applicable
ow:ow-0664,ow,1,oil,water,False,data/external/dartis/raw/ow/ow-0664.jpg,oil_object_annotation_expected,not_applicable
ow:ow-0665,ow,1,oil,water,False,data/external/dartis/raw/ow/ow-0665.jpg,oil_object_annotation_expected,not_applicable
ow:ow-0666,ow,1,oil,water,False,data/external/dartis/raw/ow/ow-0666.jpg,oil_object_annotation_expected,not_applicable
ow:ow-0667,ow,1,oil,water,False,data/external/dartis/raw/ow/ow-0667.jpg,oil_object_annotation_expected,not_applicable
ow:ow-0668,ow,1,oil,water,False,data/external/dartis/raw/ow/ow-0668.jpg,oil_object_annotation_expected,not_applicable
ow:ow-0669,ow,1,oil,water,False,data/external/dartis/raw/ow/ow-0669.jpg,oil_object_annotation_expected,not_applicable
ow:ow-0670,ow,1,oil,water,False,data/external/dartis/raw/ow/ow-0670.jpg,oil_object_annotation_expected,not_applicable
ow:ow-0671,ow,1,oil,water,False,data/external/dartis/raw/ow/ow-0671.jpg,oil_object_annotation_expected,not_applicable
ow:ow-0672,ow,1,oil,water,False,data/external/dartis/raw/ow/ow-0672.jpg,oil_object_annotation_expected,not_applicable
ow:ow-0673,ow,1,oil,water,False,data/external/dartis/raw/ow/ow-0673.jpg,oil_object_annotation_expected,not_applicable
ow:ow-0674,ow,1,oil,water,False,data/external/dartis/raw/ow/ow-0674.jpg,oil_object_annotation_expected,not_applicable
ow:ow-0675,ow,1,oil,water,False,data/external/dartis/raw/ow/ow-0675.jpg,oil_object_annotation_expected,not_applicable
ow:ow-0676,ow,1,oil,water,False,data/external/dartis/raw/ow/ow-0676.jpg,oil_object_annotation_expected,not_applicable
ow:ow-0677,ow,1,oil,water,False,data/external/dartis/raw/ow/ow-0677.jpg,oil_object_annotation_expected,not_applicable
ow:ow-0678,ow,1,oil,water,False,data/external/dartis/raw/ow/ow-0678.jpg,oil_object_annotation_expected,not_applicable
ow:ow-0679,ow,1,oil,water,False,data/external/dartis/raw/ow/ow-0679.jpg,oil_object_annotation_expected,not_applicable
ow:ow-0680,ow,1,oil,water,False,data/external/dartis/raw/ow/ow-0680.jpg,oil_object_annotation_expected,not_applicable
ow:ow-0681,ow,1,oil,water,False,data/external/dartis/raw/ow/ow-0681.jpg,oil_object_annotation_expected,not_applicable
ow:ow-0682,ow,1,oil,water,False,data/external/dartis/raw/ow/ow-0682.jpg,oil_object_annotation_expected,not_applicable
ow:ow-0683,ow,1,oil,water,False,data/external/dartis/raw/ow/ow-0683.jpg,oil_object_annotation_expected,not_applicable
ow:ow-0684,ow,1,oil,water,False,data/external/dartis/raw/ow/ow-0684.jpg,oil_object_annotation_expected,not_applicable
ow:ow-0685,ow,1,oil,water,False,data/external/dartis/raw/ow/ow-0685.jpg,oil_object_annotation_expected,not_applicable
ow:ow-0686,ow,1,oil,water,False,data/external/dartis/raw/ow/ow-0686.jpg,oil_object_annotation_expected,not_applicable
ow:ow-0687,ow,1,oil,water,False,data/external/dartis/raw/ow/ow-0687.jpg,oil_object_annotation_expected,not_applicable
ow:ow-0688,ow,1,oil,water,False,data/external/dartis/raw/ow/ow-0688.jpg,oil_object_annotation_expected,not_applicable
ow:ow-0689,ow,1,oil,water,False,data/external/dartis/raw/ow/ow-0689.jpg,oil_object_annotation_expected,not_applicable
ow:ow-0690,ow,1,oil,water,False,data/external/dartis/raw/ow/ow-0690.jpg,oil_object_annotation_expected,not_applicable
ow:ow-0691,ow,1,oil,water,False,data/external/dartis/raw/ow/ow-0691.jpg,oil_object_annotation_expected,not_applicable
ow:ow-0692,ow,1,oil,water,False,data/external/dartis/raw/ow/ow-0692.jpg,oil_object_annotation_expected,not_applicable
ow:ow-0693,ow,1,oil,water,False,data/external/dartis/raw/ow/ow-0693.jpg,oil_object_annotation_expected,not_applicable
ow:ow-0694,ow,1,oil,water,False,data/external/dartis/raw/ow/ow-0694.jpg,oil_object_annotation_expected,not_applicable
ow:ow-0695,ow,1,oil,water,False,data/external/dartis/raw/ow/ow-0695.jpg,oil_object_annotation_expected,not_applicable
ow:ow-0696,ow,1,oil,water,False,data/external/dartis/raw/ow/ow-0696.jpg,oil_object_annotation_expected,not_applicable
ow:ow-0697,ow,1,oil,water,False,data/external/dartis/raw/ow/ow-0697.jpg,oil_object_annotation_expected,not_applicable
ow:ow-0698,ow,1,oil,water,False,data/external/dartis/raw/ow/ow-0698.jpg,oil_object_annotation_expected,not_applicable
ow:ow-0699,ow,1,oil,water,False,data/external/dartis/raw/ow/ow-0699.jpg,oil_object_annotation_expected,not_applicable
ow:ow-0700,ow,1,oil,water,False,data/external/dartis/raw/ow/ow-0700.jpg,oil_object_annotation_expected,not_applicable
ow:ow-0701,ow,1,oil,water,False,data/external/dartis/raw/ow/ow-0701.jpg,oil_object_annotation_expected,not_applicable
ow:ow-0702,ow,1,oil,water,False,data/external/dartis/raw/ow/ow-0702.jpg,oil_object_annotation_expected,not_applicable
ow:ow-0703,ow,1,oil,water,False,data/external/dartis/raw/ow/ow-0703.jpg,oil_object_annotation_expected,not_applicable
ow:ow-0704,ow,1,oil,water,False,data/external/dartis/raw/ow/ow-0704.jpg,oil_object_annotation_expected,not_applicable
ow:ow-0705,ow,1,oil,water,False,data/external/dartis/raw/ow/ow-0705.jpg,oil_object_annotation_expected,not_applicable
ow:ow-0706,ow,1,oil,water,False,data/external/dartis/raw/ow/ow-0706.jpg,oil_object_annotation_expected,not_applicable
ow:ow-0707,ow,1,oil,water,False,data/external/dartis/raw/ow/ow-0707.jpg,oil_object_annotation_expected,not_applicable
ow:ow-0708,ow,1,oil,water,False,data/external/dartis/raw/ow/ow-0708.jpg,oil_object_annotation_expected,not_applicable
ow:ow-0709,ow,1,oil,water,False,data/external/dartis/raw/ow/ow-0709.jpg,oil_object_annotation_expected,not_applicable
ow:ow-0710,ow,1,oil,water,False,data/external/dartis/raw/ow/ow-0710.jpg,oil_object_annotation_expected,not_applicable
ow:ow-0711,ow,1,oil,water,False,data/external/dartis/raw/ow/ow-0711.jpg,oil_object_annotation_expected,not_applicable
ow:ow-0712,ow,1,oil,water,False,data/external/dartis/raw/ow/ow-0712.jpg,oil_object_annotation_expected,not_applicable
ow:ow-0713,ow,1,oil,water,False,data/external/dartis/raw/ow/ow-0713.jpg,oil_object_annotation_expected,not_applicable
ow:ow-0714,ow,1,oil,water,False,data/external/dartis/raw/ow/ow-0714.jpg,oil_object_annotation_expected,not_applicable
ow:ow-0715,ow,1,oil,water,False,data/external/dartis/raw/ow/ow-0715.jpg,oil_object_annotation_expected,not_applicable
ow:ow-0716,ow,1,oil,water,False,data/external/dartis/raw/ow/ow-0716.jpg,oil_object_annotation_expected,not_applicable
ow:ow-0717,ow,1,oil,water,False,data/external/dartis/raw/ow/ow-0717.jpg,oil_object_annotation_expected,not_applicable
ow:ow-0718,ow,1,oil,water,False,data/external/dartis/raw/ow/ow-0718.jpg,oil_object_annotation_expected,not_applicable
ow:ow-0719,ow,1,oil,water,False,data/external/dartis/raw/ow/ow-0719.jpg,oil_object_annotation_expected,not_applicable
ow:ow-0720,ow,1,oil,water,False,data/external/dartis/raw/ow/ow-0720.jpg,oil_object_annotation_expected,not_applicable
ow:ow-0721,ow,1,oil,water,False,data/external/dartis/raw/ow/ow-0721.jpg,oil_object_annotation_expected,not_applicable
ow:ow-0722,ow,1,oil,water,False,data/external/dartis/raw/ow/ow-0722.jpg,oil_object_annotation_expected,not_applicable
ow:ow-0723,ow,1,oil,water,False,data/external/dartis/raw/ow/ow-0723.jpg,oil_object_annotation_expected,not_applicable
ow:ow-0724,ow,1,oil,water,False,data/external/dartis/raw/ow/ow-0724.jpg,oil_object_annotation_expected,not_applicable
ow:ow-0725,ow,1,oil,water,False,data/external/dartis/raw/ow/ow-0725.jpg,oil_object_annotation_expected,not_applicable
ow:ow-0726,ow,1,oil,water,False,data/external/dartis/raw/ow/ow-0726.jpg,oil_object_annotation_expected,not_applicable
ow:ow-0727,ow,1,oil,water,False,data/external/dartis/raw/ow/ow-0727.jpg,oil_object_annotation_expected,not_applicable
ow:ow-0728,ow,1,oil,water,False,data/external/dartis/raw/ow/ow-0728.jpg,oil_object_annotation_expected,not_applicable
ow:ow-0729,ow,1,oil,water,False,data/external/dartis/raw/ow/ow-0729.jpg,oil_object_annotation_expected,not_applicable
ow:ow-0730,ow,1,oil,water,False,data/external/dartis/raw/ow/ow-0730.jpg,oil_object_annotation_expected,not_applicable
ow:ow-0731,ow,1,oil,water,False,data/external/dartis/raw/ow/ow-0731.jpg,oil_object_annotation_expected,not_applicable
ow:ow-0732,ow,1,oil,water,False,data/external/dartis/raw/ow/ow-0732.jpg,oil_object_annotation_expected,not_applicable
ow:ow-0733,ow,1,oil,water,False,data/external/dartis/raw/ow/ow-0733.jpg,oil_object_annotation_expected,not_applicable
ow:ow-0734,ow,1,oil,water,False,data/external/dartis/raw/ow/ow-0734.jpg,oil_object_annotation_expected,not_applicable
ow:ow-0735,ow,1,oil,water,False,data/external/dartis/raw/ow/ow-0735.jpg,oil_object_annotation_expected,not_applicable
ow:ow-0736,ow,1,oil,water,False,data/external/dartis/raw/ow/ow-0736.jpg,oil_object_annotation_expected,not_applicable
ow:ow-0737,ow,1,oil,water,False,data/external/dartis/raw/ow/ow-0737.jpg,oil_object_annotation_expected,not_applicable
ow:ow-0738,ow,1,oil,water,False,data/external/dartis/raw/ow/ow-0738.jpg,oil_object_annotation_expected,not_applicable
ow:ow-0739,ow,1,oil,water,False,data/external/dartis/raw/ow/ow-0739.jpg,oil_object_annotation_expected,not_applicable
ow:ow-0740,ow,1,oil,water,False,data/external/dartis/raw/ow/ow-0740.jpg,oil_object_annotation_expected,not_applicable
ow:ow-0741,ow,1,oil,water,False,data/external/dartis/raw/ow/ow-0741.jpg,oil_object_annotation_expected,not_applicable
ow:ow-0742,ow,1,oil,water,False,data/external/dartis/raw/ow/ow-0742.jpg,oil_object_annotation_expected,not_applicable
ow:ow-0743,ow,1,oil,water,False,data/external/dartis/raw/ow/ow-0743.jpg,oil_object_annotation_expected,not_applicable
ow:ow-0744,ow,1,oil,water,False,data/external/dartis/raw/ow/ow-0744.jpg,oil_object_annotation_expected,not_applicable
ow:ow-0745,ow,1,oil,water,False,data/external/dartis/raw/ow/ow-0745.jpg,oil_object_annotation_expected,not_applicable
ow:ow-0746,ow,1,oil,water,False,data/external/dartis/raw/ow/ow-0746.jpg,oil_object_annotation_expected,not_applicable
ow:ow-0747,ow,1,oil,water,False,data/external/dartis/raw/ow/ow-0747.jpg,oil_object_annotation_expected,not_applicable
ow:ow-0748,ow,1,oil,water,False,data/external/dartis/raw/ow/ow-0748.jpg,oil_object_annotation_expected,not_applicable
ow:ow-0749,ow,1,oil,water,False,data/external/dartis/raw/ow/ow-0749.jpg,oil_object_annotation_expected,not_applicable
ow:ow-0750,ow,1,oil,water,False,data/external/dartis/raw/ow/ow-0750.jpg,oil_object_annotation_expected,not_applicable
ow:ow-0751,ow,1,oil,water,False,data/external/dartis/raw/ow/ow-0751.jpg,oil_object_annotation_expected,not_applicable
ow:ow-0752,ow,1,oil,water,False,data/external/dartis/raw/ow/ow-0752.jpg,oil_object_annotation_expected,not_applicable
ow:ow-0753,ow,1,oil,water,False,data/external/dartis/raw/ow/ow-0753.jpg,oil_object_annotation_expected,not_applicable
ow:ow-0754,ow,1,oil,water,False,data/external/dartis/raw/ow/ow-0754.jpg,oil_object_annotation_expected,not_applicable
ow:ow-0755,ow,1,oil,water,False,data/external/dartis/raw/ow/ow-0755.jpg,oil_object_annotation_expected,not_applicable
ow:ow-0756,ow,1,oil,water,False,data/external/dartis/raw/ow/ow-0756.jpg,oil_object_annotation_expected,not_applicable
ow:ow-0757,ow,1,oil,water,False,data/external/dartis/raw/ow/ow-0757.jpg,oil_object_annotation_expected,not_applicable
ow:ow-0758,ow,1,oil,water,False,data/external/dartis/raw/ow/ow-0758.jpg,oil_object_annotation_expected,not_applicable
ow:ow-0759,ow,1,oil,water,False,data/external/dartis/raw/ow/ow-0759.jpg,oil_object_annotation_expected,not_applicable
ow:ow-0760,ow,1,oil,water,False,data/external/dartis/raw/ow/ow-0760.jpg,oil_object_annotation_expected,not_applicable
ow:ow-0761,ow,1,oil,water,False,data/external/dartis/raw/ow/ow-0761.jpg,oil_object_annotation_expected,not_applicable
ow:ow-0762,ow,1,oil,water,False,data/external/dartis/raw/ow/ow-0762.jpg,oil_object_annotation_expected,not_applicable
ow:ow-0763,ow,1,oil,water,False,data/external/dartis/raw/ow/ow-0763.jpg,oil_object_annotation_expected,not_applicable
ow:ow-0764,ow,1,oil,water,False,data/external/dartis/raw/ow/ow-0764.jpg,oil_object_annotation_expected,not_applicable
ow:ow-0765,ow,1,oil,water,False,data/external/dartis/raw/ow/ow-0765.jpg,oil_object_annotation_expected,not_applicable
ow:ow-0766,ow,1,oil,water,False,data/external/dartis/raw/ow/ow-0766.jpg,oil_object_annotation_expected,not_applicable
ow:ow-0767,ow,1,oil,water,False,data/external/dartis/raw/ow/ow-0767.jpg,oil_object_annotation_expected,not_applicable
ow:ow-0768,ow,1,oil,water,False,data/external/dartis/raw/ow/ow-0768.jpg,oil_object_annotation_expected,not_applicable
ow:ow-0769,ow,1,oil,water,False,data/external/dartis/raw/ow/ow-0769.jpg,oil_object_annotation_expected,not_applicable
ow:ow-0770,ow,1,oil,water,False,data/external/dartis/raw/ow/ow-0770.jpg,oil_object_annotation_expected,not_applicable
ow:ow-0771,ow,1,oil,water,False,data/external/dartis/raw/ow/ow-0771.jpg,oil_object_annotation_expected,not_applicable
ow:ow-0772,ow,1,oil,water,False,data/external/dartis/raw/ow/ow-0772.jpg,oil_object_annotation_expected,not_applicable
ow:ow-0773,ow,1,oil,water,False,data/external/dartis/raw/ow/ow-0773.jpg,oil_object_annotation_expected,not_applicable
ow:ow-0774,ow,1,oil,water,False,data/external/dartis/raw/ow/ow-0774.jpg,oil_object_annotation_expected,not_applicable
ow:ow-0775,ow,1,oil,water,False,data/external/dartis/raw/ow/ow-0775.jpg,oil_object_annotation_expected,not_applicable
ow:ow-0776,ow,1,oil,water,False,data/external/dartis/raw/ow/ow-0776.jpg,oil_object_annotation_expected,not_applicable
ow:ow-0777,ow,1,oil,water,False,data/external/dartis/raw/ow/ow-0777.jpg,oil_object_annotation_expected,not_applicable
ow:ow-0778,ow,1,oil,water,False,data/external/dartis/raw/ow/ow-0778.jpg,oil_object_annotation_expected,not_applicable
ow:ow-0779,ow,1,oil,water,False,data/external/dartis/raw/ow/ow-0779.jpg,oil_object_annotation_expected,not_applicable
ow:ow-0780,ow,1,oil,water,False,data/external/dartis/raw/ow/ow-0780.jpg,oil_object_annotation_expected,not_applicable
ow:ow-0781,ow,1,oil,water,False,data/external/dartis/raw/ow/ow-0781.jpg,oil_object_annotation_expected,not_applicable
ow:ow-0782,ow,1,oil,water,False,data/external/dartis/raw/ow/ow-0782.jpg,oil_object_annotation_expected,not_applicable
ow:ow-0783,ow,1,oil,water,False,data/external/dartis/raw/ow/ow-0783.jpg,oil_object_annotation_expected,not_applicable
ow:ow-0784,ow,1,oil,water,False,data/external/dartis/raw/ow/ow-0784.jpg,oil_object_annotation_expected,not_applicable
ow:ow-0785,ow,1,oil,water,False,data/external/dartis/raw/ow/ow-0785.jpg,oil_object_annotation_expected,not_applicable
ow:ow-0786,ow,1,oil,water,False,data/external/dartis/raw/ow/ow-0786.jpg,oil_object_annotation_expected,not_applicable
ow:ow-0787,ow,1,oil,water,False,data/external/dartis/raw/ow/ow-0787.jpg,oil_object_annotation_expected,not_applicable
ow:ow-0788,ow,1,oil,water,False,data/external/dartis/raw/ow/ow-0788.jpg,oil_object_annotation_expected,not_applicable
ow:ow-0789,ow,1,oil,water,False,data/external/dartis/raw/ow/ow-0789.jpg,oil_object_annotation_expected,not_applicable
ow:ow-0790,ow,1,oil,water,False,data/external/dartis/raw/ow/ow-0790.jpg,oil_object_annotation_expected,not_applicable
ow:ow-0791,ow,1,oil,water,False,data/external/dartis/raw/ow/ow-0791.jpg,oil_object_annotation_expected,not_applicable
ow:ow-0792,ow,1,oil,water,False,data/external/dartis/raw/ow/ow-0792.jpg,oil_object_annotation_expected,not_applicable
ow:ow-0793,ow,1,oil,water,False,data/external/dartis/raw/ow/ow-0793.jpg,oil_object_annotation_expected,not_applicable
ow:ow-0794,ow,1,oil,water,False,data/external/dartis/raw/ow/ow-0794.jpg,oil_object_annotation_expected,not_applicable
ow:ow-0795,ow,1,oil,water,False,data/external/dartis/raw/ow/ow-0795.jpg,oil_object_annotation_expected,not_applicable
ow:ow-0796,ow,1,oil,water,False,data/external/dartis/raw/ow/ow-0796.jpg,oil_object_annotation_expected,not_applicable
ow:ow-0797,ow,1,oil,water,False,data/external/dartis/raw/ow/ow-0797.jpg,oil_object_annotation_expected,not_applicable
ow:ow-0798,ow,1,oil,water,False,data/external/dartis/raw/ow/ow-0798.jpg,oil_object_annotation_expected,not_applicable
ow:ow-0799,ow,1,oil,water,False,data/external/dartis/raw/ow/ow-0799.jpg,oil_object_annotation_expected,not_applicable
ow:ow-0800,ow,1,oil,water,False,data/external/dartis/raw/ow/ow-0800.jpg,oil_object_annotation_expected,not_applicable
ow:ow-0801,ow,1,oil,water,False,data/external/dartis/raw/ow/ow-0801.jpg,oil_object_annotation_expected,not_applicable
ow:ow-0802,ow,1,oil,water,False,data/external/dartis/raw/ow/ow-0802.jpg,oil_object_annotation_expected,not_applicable
ow:ow-0803,ow,1,oil,water,False,data/external/dartis/raw/ow/ow-0803.jpg,oil_object_annotation_expected,not_applicable
ow:ow-0804,ow,1,oil,water,False,data/external/dartis/raw/ow/ow-0804.jpg,oil_object_annotation_expected,not_applicable
ow:ow-0805,ow,1,oil,water,False,data/external/dartis/raw/ow/ow-0805.jpg,oil_object_annotation_expected,not_applicable
ow:ow-0806,ow,1,oil,water,False,data/external/dartis/raw/ow/ow-0806.jpg,oil_object_annotation_expected,not_applicable
ow:ow-0807,ow,1,oil,water,False,data/external/dartis/raw/ow/ow-0807.jpg,oil_object_annotation_expected,not_applicable
ow:ow-0808,ow,1,oil,water,False,data/external/dartis/raw/ow/ow-0808.jpg,oil_object_annotation_expected,not_applicable
ow:ow-0809,ow,1,oil,water,False,data/external/dartis/raw/ow/ow-0809.jpg,oil_object_annotation_expected,not_applicable
ow:ow-0810,ow,1,oil,water,False,data/external/dartis/raw/ow/ow-0810.jpg,oil_object_annotation_expected,not_applicable
ow:ow-0811,ow,1,oil,water,False,data/external/dartis/raw/ow/ow-0811.jpg,oil_object_annotation_expected,not_applicable
ow:ow-0812,ow,1,oil,water,False,data/external/dartis/raw/ow/ow-0812.jpg,oil_object_annotation_expected,not_applicable
ow:ow-0813,ow,1,oil,water,False,data/external/dartis/raw/ow/ow-0813.jpg,oil_object_annotation_expected,not_applicable
ow:ow-0814,ow,1,oil,water,False,data/external/dartis/raw/ow/ow-0814.jpg,oil_object_annotation_expected,not_applicable
ow:ow-0815,ow,1,oil,water,False,data/external/dartis/raw/ow/ow-0815.jpg,oil_object_annotation_expected,not_applicable
ow:ow-0816,ow,1,oil,water,False,data/external/dartis/raw/ow/ow-0816.jpg,oil_object_annotation_expected,not_applicable
ow:ow-0817,ow,1,oil,water,False,data/external/dartis/raw/ow/ow-0817.jpg,oil_object_annotation_expected,not_applicable
ow:ow-0818,ow,1,oil,water,False,data/external/dartis/raw/ow/ow-0818.jpg,oil_object_annotation_expected,not_applicable
ow:ow-0819,ow,1,oil,water,False,data/external/dartis/raw/ow/ow-0819.jpg,oil_object_annotation_expected,not_applicable
ow:ow-0820,ow,1,oil,water,False,data/external/dartis/raw/ow/ow-0820.jpg,oil_object_annotation_expected,not_applicable
ow:ow-0821,ow,1,oil,water,False,data/external/dartis/raw/ow/ow-0821.jpg,oil_object_annotation_expected,not_applicable
ow:ow-0822,ow,1,oil,water,False,data/external/dartis/raw/ow/ow-0822.jpg,oil_object_annotation_expected,not_applicable
ow:ow-0823,ow,1,oil,water,False,data/external/dartis/raw/ow/ow-0823.jpg,oil_object_annotation_expected,not_applicable
ow:ow-0824,ow,1,oil,water,False,data/external/dartis/raw/ow/ow-0824.jpg,oil_object_annotation_expected,not_applicable
ow:ow-0825,ow,1,oil,water,False,data/external/dartis/raw/ow/ow-0825.jpg,oil_object_annotation_expected,not_applicable
ow:ow-0826,ow,1,oil,water,False,data/external/dartis/raw/ow/ow-0826.jpg,oil_object_annotation_expected,not_applicable
ow:ow-0827,ow,1,oil,water,False,data/external/dartis/raw/ow/ow-0827.jpg,oil_object_annotation_expected,not_applicable
ow:ow-0828,ow,1,oil,water,False,data/external/dartis/raw/ow/ow-0828.jpg,oil_object_annotation_expected,not_applicable
ow:ow-0829,ow,1,oil,water,False,data/external/dartis/raw/ow/ow-0829.jpg,oil_object_annotation_expected,not_applicable
ow:ow-0830,ow,1,oil,water,False,data/external/dartis/raw/ow/ow-0830.jpg,oil_object_annotation_expected,not_applicable
ow:ow-0831,ow,1,oil,water,False,data/external/dartis/raw/ow/ow-0831.jpg,oil_object_annotation_expected,not_applicable
ow:ow-0832,ow,1,oil,water,False,data/external/dartis/raw/ow/ow-0832.jpg,oil_object_annotation_expected,not_applicable
ow:ow-0833,ow,1,oil,water,False,data/external/dartis/raw/ow/ow-0833.jpg,oil_object_annotation_expected,not_applicable
ow:ow-0834,ow,1,oil,water,False,data/external/dartis/raw/ow/ow-0834.jpg,oil_object_annotation_expected,not_applicable
ow:ow-0835,ow,1,oil,water,False,data/external/dartis/raw/ow/ow-0835.jpg,oil_object_annotation_expected,not_applicable
ow:ow-0836,ow,1,oil,water,False,data/external/dartis/raw/ow/ow-0836.jpg,oil_object_annotation_expected,not_applicable
ow:ow-0837,ow,1,oil,water,False,data/external/dartis/raw/ow/ow-0837.jpg,oil_object_annotation_expected,not_applicable
ow:ow-0838,ow,1,oil,water,False,data/external/dartis/raw/ow/ow-0838.jpg,oil_object_annotation_expected,not_applicable
ow:ow-0839,ow,1,oil,water,False,data/external/dartis/raw/ow/ow-0839.jpg,oil_object_annotation_expected,not_applicable
ow:ow-0840,ow,1,oil,water,False,data/external/dartis/raw/ow/ow-0840.jpg,oil_object_annotation_expected,not_applicable
ow:ow-0841,ow,1,oil,water,False,data/external/dartis/raw/ow/ow-0841.jpg,oil_object_annotation_expected,not_applicable
ow:ow-0842,ow,1,oil,water,False,data/external/dartis/raw/ow/ow-0842.jpg,oil_object_annotation_expected,not_applicable
ow:ow-0843,ow,1,oil,water,False,data/external/dartis/raw/ow/ow-0843.jpg,oil_object_annotation_expected,not_applicable
ow:ow-0844,ow,1,oil,water,False,data/external/dartis/raw/ow/ow-0844.jpg,oil_object_annotation_expected,not_applicable
ow:ow-0845,ow,1,oil,water,False,data/external/dartis/raw/ow/ow-0845.jpg,oil_object_annotation_expected,not_applicable
ow:ow-0846,ow,1,oil,water,False,data/external/dartis/raw/ow/ow-0846.jpg,oil_object_annotation_expected,not_applicable
ow:ow-0847,ow,1,oil,water,False,data/external/dartis/raw/ow/ow-0847.jpg,oil_object_annotation_expected,not_applicable
ow:ow-0848,ow,1,oil,water,False,data/external/dartis/raw/ow/ow-0848.jpg,oil_object_annotation_expected,not_applicable
ow:ow-0849,ow,1,oil,water,False,data/external/dartis/raw/ow/ow-0849.jpg,oil_object_annotation_expected,not_applicable
ow:ow-0850,ow,1,oil,water,False,data/external/dartis/raw/ow/ow-0850.jpg,oil_object_annotation_expected,not_applicable
ow:ow-0851,ow,1,oil,water,False,data/external/dartis/raw/ow/ow-0851.jpg,oil_object_annotation_expected,not_applicable
ow:ow-0852,ow,1,oil,water,False,data/external/dartis/raw/ow/ow-0852.jpg,oil_object_annotation_expected,not_applicable
ow:ow-0853,ow,1,oil,water,False,data/external/dartis/raw/ow/ow-0853.jpg,oil_object_annotation_expected,not_applicable
ow:ow-0854,ow,1,oil,water,False,data/external/dartis/raw/ow/ow-0854.jpg,oil_object_annotation_expected,not_applicable
ow:ow-0855,ow,1,oil,water,False,data/external/dartis/raw/ow/ow-0855.jpg,oil_object_annotation_expected,not_applicable
ow:ow-0856,ow,1,oil,water,False,data/external/dartis/raw/ow/ow-0856.jpg,oil_object_annotation_expected,not_applicable
ow:ow-0857,ow,1,oil,water,False,data/external/dartis/raw/ow/ow-0857.jpg,oil_object_annotation_expected,not_applicable
ow:ow-0858,ow,1,oil,water,False,data/external/dartis/raw/ow/ow-0858.jpg,oil_object_annotation_expected,not_applicable
ow:ow-0859,ow,1,oil,water,False,data/external/dartis/raw/ow/ow-0859.jpg,oil_object_annotation_expected,not_applicable
ow:ow-0860,ow,1,oil,water,False,data/external/dartis/raw/ow/ow-0860.jpg,oil_object_annotation_expected,not_applicable
ow:ow-0861,ow,1,oil,water,False,data/external/dartis/raw/ow/ow-0861.jpg,oil_object_annotation_expected,not_applicable
ow:ow-0862,ow,1,oil,water,False,data/external/dartis/raw/ow/ow-0862.jpg,oil_object_annotation_expected,not_applicable
ow:ow-0863,ow,1,oil,water,False,data/external/dartis/raw/ow/ow-0863.jpg,oil_object_annotation_expected,not_applicable
ow:ow-0864,ow,1,oil,water,False,data/external/dartis/raw/ow/ow-0864.jpg,oil_object_annotation_expected,not_applicable
ow:ow-0865,ow,1,oil,water,False,data/external/dartis/raw/ow/ow-0865.jpg,oil_object_annotation_expected,not_applicable
ow:ow-0866,ow,1,oil,water,False,data/external/dartis/raw/ow/ow-0866.jpg,oil_object_annotation_expected,not_applicable
ow:ow-0867,ow,1,oil,water,False,data/external/dartis/raw/ow/ow-0867.jpg,oil_object_annotation_expected,not_applicable
ow:ow-0868,ow,1,oil,water,False,data/external/dartis/raw/ow/ow-0868.jpg,oil_object_annotation_expected,not_applicable
ow:ow-0869,ow,1,oil,water,False,data/external/dartis/raw/ow/ow-0869.jpg,oil_object_annotation_expected,not_applicable
ow:ow-0870,ow,1,oil,water,False,data/external/dartis/raw/ow/ow-0870.jpg,oil_object_annotation_expected,not_applicable
ow:ow-0871,ow,1,oil,water,False,data/external/dartis/raw/ow/ow-0871.jpg,oil_object_annotation_expected,not_applicable
ow:ow-0872,ow,1,oil,water,False,data/external/dartis/raw/ow/ow-0872.jpg,oil_object_annotation_expected,not_applicable
ow:ow-0873,ow,1,oil,water,False,data/external/dartis/raw/ow/ow-0873.jpg,oil_object_annotation_expected,not_applicable
ow:ow-0874,ow,1,oil,water,False,data/external/dartis/raw/ow/ow-0874.jpg,oil_object_annotation_expected,not_applicable
ow:ow-0875,ow,1,oil,water,False,data/external/dartis/raw/ow/ow-0875.jpg,oil_object_annotation_expected,not_applicable
ow:ow-0876,ow,1,oil,water,False,data/external/dartis/raw/ow/ow-0876.jpg,oil_object_annotation_expected,not_applicable
ow:ow-0877,ow,1,oil,water,False,data/external/dartis/raw/ow/ow-0877.jpg,oil_object_annotation_expected,not_applicable
ow:ow-0878,ow,1,oil,water,False,data/external/dartis/raw/ow/ow-0878.jpg,oil_object_annotation_expected,not_applicable
ow:ow-0879,ow,1,oil,water,False,data/external/dartis/raw/ow/ow-0879.jpg,oil_object_annotation_expected,not_applicable
ow:ow-0880,ow,1,oil,water,False,data/external/dartis/raw/ow/ow-0880.jpg,oil_object_annotation_expected,not_applicable
ow:ow-0881,ow,1,oil,water,False,data/external/dartis/raw/ow/ow-0881.jpg,oil_object_annotation_expected,not_applicable
ow:ow-0882,ow,1,oil,water,False,data/external/dartis/raw/ow/ow-0882.jpg,oil_object_annotation_expected,not_applicable
ow:ow-0883,ow,1,oil,water,False,data/external/dartis/raw/ow/ow-0883.jpg,oil_object_annotation_expected,not_applicable
ow:ow-0884,ow,1,oil,water,False,data/external/dartis/raw/ow/ow-0884.jpg,oil_object_annotation_expected,not_applicable
ow:ow-0885,ow,1,oil,water,False,data/external/dartis/raw/ow/ow-0885.jpg,oil_object_annotation_expected,not_applicable
ow:ow-0886,ow,1,oil,water,False,data/external/dartis/raw/ow/ow-0886.jpg,oil_object_annotation_expected,not_applicable
ow:ow-0887,ow,1,oil,water,False,data/external/dartis/raw/ow/ow-0887.jpg,oil_object_annotation_expected,not_applicable
ow:ow-0888,ow,1,oil,water,False,data/external/dartis/raw/ow/ow-0888.jpg,oil_object_annotation_expected,not_applicable
ow:ow-0889,ow,1,oil,water,False,data/external/dartis/raw/ow/ow-0889.jpg,oil_object_annotation_expected,not_applicable
ow:ow-0890,ow,1,oil,water,False,data/external/dartis/raw/ow/ow-0890.jpg,oil_object_annotation_expected,not_applicable
ow:ow-0891,ow,1,oil,water,False,data/external/dartis/raw/ow/ow-0891.jpg,oil_object_annotation_expected,not_applicable
ow:ow-0892,ow,1,oil,water,False,data/external/dartis/raw/ow/ow-0892.jpg,oil_object_annotation_expected,not_applicable
ow:ow-0893,ow,1,oil,water,False,data/external/dartis/raw/ow/ow-0893.jpg,oil_object_annotation_expected,not_applicable
ow:ow-0894,ow,1,oil,water,False,data/external/dartis/raw/ow/ow-0894.jpg,oil_object_annotation_expected,not_applicable
ow:ow-0895,ow,1,oil,water,False,data/external/dartis/raw/ow/ow-0895.jpg,oil_object_annotation_expected,not_applicable
ow:ow-0896,ow,1,oil,water,False,data/external/dartis/raw/ow/ow-0896.jpg,oil_object_annotation_expected,not_applicable
ow:ow-0897,ow,1,oil,water,False,data/external/dartis/raw/ow/ow-0897.jpg,oil_object_annotation_expected,not_applicable
ow:ow-0898,ow,1,oil,water,False,data/external/dartis/raw/ow/ow-0898.jpg,oil_object_annotation_expected,not_applicable
ow:ow-0899,ow,1,oil,water,False,data/external/dartis/raw/ow/ow-0899.jpg,oil_object_annotation_expected,not_applicable
ow:ow-0900,ow,1,oil,water,False,data/external/dartis/raw/ow/ow-0900.jpg,oil_object_annotation_expected,not_applicable
ow:ow-0901,ow,1,oil,water,False,data/external/dartis/raw/ow/ow-0901.jpg,oil_object_annotation_expected,not_applicable
ow:ow-0902,ow,1,oil,water,False,data/external/dartis/raw/ow/ow-0902.jpg,oil_object_annotation_expected,not_applicable
ow:ow-0903,ow,1,oil,water,False,data/external/dartis/raw/ow/ow-0903.jpg,oil_object_annotation_expected,not_applicable
ow:ow-0904,ow,1,oil,water,False,data/external/dartis/raw/ow/ow-0904.jpg,oil_object_annotation_expected,not_applicable
ow:ow-0905,ow,1,oil,water,False,data/external/dartis/raw/ow/ow-0905.jpg,oil_object_annotation_expected,not_applicable
ow:ow-0906,ow,1,oil,water,False,data/external/dartis/raw/ow/ow-0906.jpg,oil_object_annotation_expected,not_applicable
ow:ow-0907,ow,1,oil,water,False,data/external/dartis/raw/ow/ow-0907.jpg,oil_object_annotation_expected,not_applicable
ow:ow-0908,ow,1,oil,water,False,data/external/dartis/raw/ow/ow-0908.jpg,oil_object_annotation_expected,not_applicable
ow:ow-0909,ow,1,oil,water,False,data/external/dartis/raw/ow/ow-0909.jpg,oil_object_annotation_expected,not_applicable
ow:ow-0910,ow,1,oil,water,False,data/external/dartis/raw/ow/ow-0910.jpg,oil_object_annotation_expected,not_applicable
ow:ow-0911,ow,1,oil,water,False,data/external/dartis/raw/ow/ow-0911.jpg,oil_object_annotation_expected,not_applicable
ow:ow-0912,ow,1,oil,water,False,data/external/dartis/raw/ow/ow-0912.jpg,oil_object_annotation_expected,not_applicable
ow:ow-0913,ow,1,oil,water,False,data/external/dartis/raw/ow/ow-0913.jpg,oil_object_annotation_expected,not_applicable
ow:ow-0914,ow,1,oil,water,False,data/external/dartis/raw/ow/ow-0914.jpg,oil_object_annotation_expected,not_applicable
ow:ow-0915,ow,1,oil,water,False,data/external/dartis/raw/ow/ow-0915.jpg,oil_object_annotation_expected,not_applicable
ow:ow-0916,ow,1,oil,water,False,data/external/dartis/raw/ow/ow-0916.jpg,oil_object_annotation_expected,not_applicable
ow:ow-0917,ow,1,oil,water,False,data/external/dartis/raw/ow/ow-0917.jpg,oil_object_annotation_expected,not_applicable
ow:ow-0918,ow,1,oil,water,False,data/external/dartis/raw/ow/ow-0918.jpg,oil_object_annotation_expected,not_applicable
ow:ow-0919,ow,1,oil,water,False,data/external/dartis/raw/ow/ow-0919.jpg,oil_object_annotation_expected,not_applicable
ow:ow-0920,ow,1,oil,water,False,data/external/dartis/raw/ow/ow-0920.jpg,oil_object_annotation_expected,not_applicable
ow:ow-0921,ow,1,oil,water,False,data/external/dartis/raw/ow/ow-0921.jpg,oil_object_annotation_expected,not_applicable
ow:ow-0922,ow,1,oil,water,False,data/external/dartis/raw/ow/ow-0922.jpg,oil_object_annotation_expected,not_applicable
ow:ow-0923,ow,1,oil,water,False,data/external/dartis/raw/ow/ow-0923.jpg,oil_object_annotation_expected,not_applicable
ow:ow-0924,ow,1,oil,water,False,data/external/dartis/raw/ow/ow-0924.jpg,oil_object_annotation_expected,not_applicable
ow:ow-0925,ow,1,oil,water,False,data/external/dartis/raw/ow/ow-0925.jpg,oil_object_annotation_expected,not_applicable
ow:ow-0926,ow,1,oil,water,False,data/external/dartis/raw/ow/ow-0926.jpg,oil_object_annotation_expected,not_applicable
ow:ow-0927,ow,1,oil,water,False,data/external/dartis/raw/ow/ow-0927.jpg,oil_object_annotation_expected,not_applicable
ow:ow-0928,ow,1,oil,water,False,data/external/dartis/raw/ow/ow-0928.jpg,oil_object_annotation_expected,not_applicable
ow:ow-0929,ow,1,oil,water,False,data/external/dartis/raw/ow/ow-0929.jpg,oil_object_annotation_expected,not_applicable
ow:ow-0930,ow,1,oil,water,False,data/external/dartis/raw/ow/ow-0930.jpg,oil_object_annotation_expected,not_applicable
ow:ow-0931,ow,1,oil,water,False,data/external/dartis/raw/ow/ow-0931.jpg,oil_object_annotation_expected,not_applicable
ow:ow-0932,ow,1,oil,water,False,data/external/dartis/raw/ow/ow-0932.jpg,oil_object_annotation_expected,not_applicable
ow:ow-0933,ow,1,oil,water,False,data/external/dartis/raw/ow/ow-0933.jpg,oil_object_annotation_expected,not_applicable
ow:ow-0934,ow,1,oil,water,False,data/external/dartis/raw/ow/ow-0934.jpg,oil_object_annotation_expected,not_applicable
ow:ow-0935,ow,1,oil,water,False,data/external/dartis/raw/ow/ow-0935.jpg,oil_object_annotation_expected,not_applicable
ow:ow-0936,ow,1,oil,water,False,data/external/dartis/raw/ow/ow-0936.jpg,oil_object_annotation_expected,not_applicable
ow:ow-0937,ow,1,oil,water,False,data/external/dartis/raw/ow/ow-0937.jpg,oil_object_annotation_expected,not_applicable
ow:ow-0938,ow,1,oil,water,False,data/external/dartis/raw/ow/ow-0938.jpg,oil_object_annotation_expected,not_applicable
ow:ow-0939,ow,1,oil,water,False,data/external/dartis/raw/ow/ow-0939.jpg,oil_object_annotation_expected,not_applicable
ow:ow-0940,ow,1,oil,water,False,data/external/dartis/raw/ow/ow-0940.jpg,oil_object_annotation_expected,not_applicable
ow:ow-0941,ow,1,oil,water,False,data/external/dartis/raw/ow/ow-0941.jpg,oil_object_annotation_expected,not_applicable
ow:ow-0942,ow,1,oil,water,False,data/external/dartis/raw/ow/ow-0942.jpg,oil_object_annotation_expected,not_applicable
ow:ow-0943,ow,1,oil,water,False,data/external/dartis/raw/ow/ow-0943.jpg,oil_object_annotation_expected,not_applicable
ow:ow-0944,ow,1,oil,water,False,data/external/dartis/raw/ow/ow-0944.jpg,oil_object_annotation_expected,not_applicable
ow:ow-0945,ow,1,oil,water,False,data/external/dartis/raw/ow/ow-0945.jpg,oil_object_annotation_expected,not_applicable
ow:ow-0946,ow,1,oil,water,False,data/external/dartis/raw/ow/ow-0946.jpg,oil_object_annotation_expected,not_applicable
ow:ow-0947,ow,1,oil,water,False,data/external/dartis/raw/ow/ow-0947.jpg,oil_object_annotation_expected,not_applicable
ow:ow-0948,ow,1,oil,water,False,data/external/dartis/raw/ow/ow-0948.jpg,oil_object_annotation_expected,not_applicable
ow:ow-0949,ow,1,oil,water,False,data/external/dartis/raw/ow/ow-0949.jpg,oil_object_annotation_expected,not_applicable
ow:ow-0950,ow,1,oil,water,False,data/external/dartis/raw/ow/ow-0950.jpg,oil_object_annotation_expected,not_applicable
ow:ow-0951,ow,1,oil,water,False,data/external/dartis/raw/ow/ow-0951.jpg,oil_object_annotation_expected,not_applicable
ow:ow-0952,ow,1,oil,water,False,data/external/dartis/raw/ow/ow-0952.jpg,oil_object_annotation_expected,not_applicable
ow:ow-0953,ow,1,oil,water,False,data/external/dartis/raw/ow/ow-0953.jpg,oil_object_annotation_expected,not_applicable
ow:ow-0954,ow,1,oil,water,False,data/external/dartis/raw/ow/ow-0954.jpg,oil_object_annotation_expected,not_applicable
ow:ow-0955,ow,1,oil,water,False,data/external/dartis/raw/ow/ow-0955.jpg,oil_object_annotation_expected,not_applicable
ow:ow-0956,ow,1,oil,water,False,data/external/dartis/raw/ow/ow-0956.jpg,oil_object_annotation_expected,not_applicable
ow:ow-0957,ow,1,oil,water,False,data/external/dartis/raw/ow/ow-0957.jpg,oil_object_annotation_expected,not_applicable
ow:ow-0958,ow,1,oil,water,False,data/external/dartis/raw/ow/ow-0958.jpg,oil_object_annotation_expected,not_applicable
ow:ow-0959,ow,1,oil,water,False,data/external/dartis/raw/ow/ow-0959.jpg,oil_object_annotation_expected,not_applicable
ow:ow-0960,ow,1,oil,water,False,data/external/dartis/raw/ow/ow-0960.jpg,oil_object_annotation_expected,not_applicable
ow:ow-0961,ow,1,oil,water,False,data/external/dartis/raw/ow/ow-0961.jpg,oil_object_annotation_expected,not_applicable
ow:ow-0962,ow,1,oil,water,False,data/external/dartis/raw/ow/ow-0962.jpg,oil_object_annotation_expected,not_applicable
ow:ow-0963,ow,1,oil,water,False,data/external/dartis/raw/ow/ow-0963.jpg,oil_object_annotation_expected,not_applicable
ow:ow-0964,ow,1,oil,water,False,data/external/dartis/raw/ow/ow-0964.jpg,oil_object_annotation_expected,not_applicable
ow:ow-0965,ow,1,oil,water,False,data/external/dartis/raw/ow/ow-0965.jpg,oil_object_annotation_expected,not_applicable
ow:ow-0966,ow,1,oil,water,False,data/external/dartis/raw/ow/ow-0966.jpg,oil_object_annotation_expected,not_applicable
ow:ow-0967,ow,1,oil,water,False,data/external/dartis/raw/ow/ow-0967.jpg,oil_object_annotation_expected,not_applicable
ow:ow-0968,ow,1,oil,water,False,data/external/dartis/raw/ow/ow-0968.jpg,oil_object_annotation_expected,not_applicable
ow:ow-0969,ow,1,oil,water,False,data/external/dartis/raw/ow/ow-0969.jpg,oil_object_annotation_expected,not_applicable
ow:ow-0970,ow,1,oil,water,False,data/external/dartis/raw/ow/ow-0970.jpg,oil_object_annotation_expected,not_applicable
ow:ow-0971,ow,1,oil,water,False,data/external/dartis/raw/ow/ow-0971.jpg,oil_object_annotation_expected,not_applicable
ow:ow-0972,ow,1,oil,water,False,data/external/dartis/raw/ow/ow-0972.jpg,oil_object_annotation_expected,not_applicable
ow:ow-0973,ow,1,oil,water,False,data/external/dartis/raw/ow/ow-0973.jpg,oil_object_annotation_expected,not_applicable
ow:ow-0974,ow,1,oil,water,False,data/external/dartis/raw/ow/ow-0974.jpg,oil_object_annotation_expected,not_applicable
ow:ow-0975,ow,1,oil,water,False,data/external/dartis/raw/ow/ow-0975.jpg,oil_object_annotation_expected,not_applicable
ow:ow-0976,ow,1,oil,water,False,data/external/dartis/raw/ow/ow-0976.jpg,oil_object_annotation_expected,not_applicable
ow:ow-0977,ow,1,oil,water,False,data/external/dartis/raw/ow/ow-0977.jpg,oil_object_annotation_expected,not_applicable
ow:ow-0978,ow,1,oil,water,False,data/external/dartis/raw/ow/ow-0978.jpg,oil_object_annotation_expected,not_applicable
ow:ow-0979,ow,1,oil,water,False,data/external/dartis/raw/ow/ow-0979.jpg,oil_object_annotation_expected,not_applicable
ow:ow-0980,ow,1,oil,water,False,data/external/dartis/raw/ow/ow-0980.jpg,oil_object_annotation_expected,not_applicable
ow:ow-0981,ow,1,oil,water,False,data/external/dartis/raw/ow/ow-0981.jpg,oil_object_annotation_expected,not_applicable
ow:ow-0982,ow,1,oil,water,False,data/external/dartis/raw/ow/ow-0982.jpg,oil_object_annotation_expected,not_applicable
ow:ow-0983,ow,1,oil,water,False,data/external/dartis/raw/ow/ow-0983.jpg,oil_object_annotation_expected,not_applicable
ow:ow-0984,ow,1,oil,water,False,data/external/dartis/raw/ow/ow-0984.jpg,oil_object_annotation_expected,not_applicable
ow:ow-0985,ow,1,oil,water,False,data/external/dartis/raw/ow/ow-0985.jpg,oil_object_annotation_expected,not_applicable
ow:ow-0986,ow,1,oil,water,False,data/external/dartis/raw/ow/ow-0986.jpg,oil_object_annotation_expected,not_applicable
ow:ow-0987,ow,1,oil,water,False,data/external/dartis/raw/ow/ow-0987.jpg,oil_object_annotation_expected,not_applicable
ow:ow-0988,ow,1,oil,water,False,data/external/dartis/raw/ow/ow-0988.jpg,oil_object_annotation_expected,not_applicable
ow:ow-0989,ow,1,oil,water,False,data/external/dartis/raw/ow/ow-0989.jpg,oil_object_annotation_expected,not_applicable
ow:ow-0990,ow,1,oil,water,False,data/external/dartis/raw/ow/ow-0990.jpg,oil_object_annotation_expected,not_applicable
nc:nc-0001-00-000001,nc,0,non_oil_marine,coast,True,data/external/dartis/raw/nc/nc-0001-00-000001.jpg,image_level_non_oil_only,broad_non_oil_marine
nc:nc-0002-00-000002,nc,0,non_oil_marine,coast,True,data/external/dartis/raw/nc/nc-0002-00-000002.jpg,image_level_non_oil_only,broad_non_oil_marine
nc:nc-0003-00-000003,nc,0,non_oil_marine,coast,True,data/external/dartis/raw/nc/nc-0003-00-000003.jpg,image_level_non_oil_only,broad_non_oil_marine
nc:nc-0004-00-000004,nc,0,non_oil_marine,coast,True,data/external/dartis/raw/nc/nc-0004-00-000004.jpg,image_level_non_oil_only,broad_non_oil_marine
nc:nc-0005-00-000005,nc,0,non_oil_marine,coast,True,data/external/dartis/raw/nc/nc-0005-00-000005.jpg,image_level_non_oil_only,broad_non_oil_marine
nc:nc-0006-00-000006,nc,0,non_oil_marine,coast,True,data/external/dartis/raw/nc/nc-0006-00-000006.jpg,image_level_non_oil_only,broad_non_oil_marine
nc:nc-0007-00-000007,nc,0,non_oil_marine,coast,True,data/external/dartis/raw/nc/nc-0007-00-000007.jpg,image_level_non_oil_only,broad_non_oil_marine
nc:nc-0008-00-000008,nc,0,non_oil_marine,coast,True,data/external/dartis/raw/nc/nc-0008-00-000008.jpg,image_level_non_oil_only,broad_non_oil_marine
nc:nc-0009-00-000009,nc,0,non_oil_marine,coast,True,data/external/dartis/raw/nc/nc-0009-00-000009.jpg,image_level_non_oil_only,broad_non_oil_marine
nc:nc-0010-00-000010,nc,0,non_oil_marine,coast,True,data/external/dartis/raw/nc/nc-0010-00-000010.jpg,image_level_non_oil_only,broad_non_oil_marine
nc:nc-0011-00-000011,nc,0,non_oil_marine,coast,True,data/external/dartis/raw/nc/nc-0011-00-000011.jpg,image_level_non_oil_only,broad_non_oil_marine
nc:nc-0012-00-000012,nc,0,non_oil_marine,coast,True,data/external/dartis/raw/nc/nc-0012-00-000012.jpg,image_level_non_oil_only,broad_non_oil_marine
nc:nc-0013-00-000013,nc,0,non_oil_marine,coast,True,data/external/dartis/raw/nc/nc-0013-00-000013.jpg,image_level_non_oil_only,broad_non_oil_marine
nc:nc-0014-00-000014,nc,0,non_oil_marine,coast,True,data/external/dartis/raw/nc/nc-0014-00-000014.jpg,image_level_non_oil_only,broad_non_oil_marine
nc:nc-0015-00-000015,nc,0,non_oil_marine,coast,True,data/external/dartis/raw/nc/nc-0015-00-000015.jpg,image_level_non_oil_only,broad_non_oil_marine
nc:nc-0016-00-000016,nc,0,non_oil_marine,coast,True,data/external/dartis/raw/nc/nc-0016-00-000016.jpg,image_level_non_oil_only,broad_non_oil_marine
nc:nc-0017-00-000017,nc,0,non_oil_marine,coast,True,data/external/dartis/raw/nc/nc-0017-00-000017.jpg,image_level_non_oil_only,broad_non_oil_marine
nc:nc-0018-00-000018,nc,0,non_oil_marine,coast,True,data/external/dartis/raw/nc/nc-0018-00-000018.jpg,image_level_non_oil_only,broad_non_oil_marine
nc:nc-0019-00-000019,nc,0,non_oil_marine,coast,True,data/external/dartis/raw/nc/nc-0019-00-000019.jpg,image_level_non_oil_only,broad_non_oil_marine
nc:nc-0020-00-000020,nc,0,non_oil_marine,coast,True,data/external/dartis/raw/nc/nc-0020-00-000020.jpg,image_level_non_oil_only,broad_non_oil_marine
nc:nc-0021-00-000021,nc,0,non_oil_marine,coast,True,data/external/dartis/raw/nc/nc-0021-00-000021.jpg,image_level_non_oil_only,broad_non_oil_marine
nc:nc-0022-00-000022,nc,0,non_oil_marine,coast,True,data/external/dartis/raw/nc/nc-0022-00-000022.jpg,image_level_non_oil_only,broad_non_oil_marine
nc:nc-0023-00-000023,nc,0,non_oil_marine,coast,True,data/external/dartis/raw/nc/nc-0023-00-000023.jpg,image_level_non_oil_only,broad_non_oil_marine
nc:nc-0024-00-000024,nc,0,non_oil_marine,coast,True,data/external/dartis/raw/nc/nc-0024-00-000024.jpg,image_level_non_oil_only,broad_non_oil_marine
nc:nc-0025-00-000025,nc,0,non_oil_marine,coast,True,data/external/dartis/raw/nc/nc-0025-00-000025.jpg,image_level_non_oil_only,broad_non_oil_marine
nc:nc-0026-00-000026,nc,0,non_oil_marine,coast,True,data/external/dartis/raw/nc/nc-0026-00-000026.jpg,image_level_non_oil_only,broad_non_oil_marine
nc:nc-0027-00-000027,nc,0,non_oil_marine,coast,True,data/external/dartis/raw/nc/nc-0027-00-000027.jpg,image_level_non_oil_only,broad_non_oil_marine
nc:nc-0028-00-000028,nc,0,non_oil_marine,coast,True,data/external/dartis/raw/nc/nc-0028-00-000028.jpg,image_level_non_oil_only,broad_non_oil_marine
nc:nc-0029-00-000029,nc,0,non_oil_marine,coast,True,data/external/dartis/raw/nc/nc-0029-00-000029.jpg,image_level_non_oil_only,broad_non_oil_marine
nc:nc-0030-00-000030,nc,0,non_oil_marine,coast,True,data/external/dartis/raw/nc/nc-0030-00-000030.jpg,image_level_non_oil_only,broad_non_oil_marine
nc:nc-0031-00-000031,nc,0,non_oil_marine,coast,True,data/external/dartis/raw/nc/nc-0031-00-000031.jpg,image_level_non_oil_only,broad_non_oil_marine
nc:nc-0032-00-000032,nc,0,non_oil_marine,coast,True,data/external/dartis/raw/nc/nc-0032-00-000032.jpg,image_level_non_oil_only,broad_non_oil_marine
nc:nc-0033-00-000033,nc,0,non_oil_marine,coast,True,data/external/dartis/raw/nc/nc-0033-00-000033.jpg,image_level_non_oil_only,broad_non_oil_marine
nc:nc-0034-00-000034,nc,0,non_oil_marine,coast,True,data/external/dartis/raw/nc/nc-0034-00-000034.jpg,image_level_non_oil_only,broad_non_oil_marine
nc:nc-0035-00-000035,nc,0,non_oil_marine,coast,True,data/external/dartis/raw/nc/nc-0035-00-000035.jpg,image_level_non_oil_only,broad_non_oil_marine
nc:nc-0036-00-000036,nc,0,non_oil_marine,coast,True,data/external/dartis/raw/nc/nc-0036-00-000036.jpg,image_level_non_oil_only,broad_non_oil_marine
nc:nc-0037-00-000037,nc,0,non_oil_marine,coast,True,data/external/dartis/raw/nc/nc-0037-00-000037.jpg,image_level_non_oil_only,broad_non_oil_marine
nc:nc-0038-00-000038,nc,0,non_oil_marine,coast,True,data/external/dartis/raw/nc/nc-0038-00-000038.jpg,image_level_non_oil_only,broad_non_oil_marine
nc:nc-0039-00-000039,nc,0,non_oil_marine,coast,True,data/external/dartis/raw/nc/nc-0039-00-000039.jpg,image_level_non_oil_only,broad_non_oil_marine
nc:nc-0040-00-000040,nc,0,non_oil_marine,coast,True,data/external/dartis/raw/nc/nc-0040-00-000040.jpg,image_level_non_oil_only,broad_non_oil_marine
nc:nc-0041-00-000041,nc,0,non_oil_marine,coast,True,data/external/dartis/raw/nc/nc-0041-00-000041.jpg,image_level_non_oil_only,broad_non_oil_marine
nc:nc-0042-00-000042,nc,0,non_oil_marine,coast,True,data/external/dartis/raw/nc/nc-0042-00-000042.jpg,image_level_non_oil_only,broad_non_oil_marine
nc:nc-0043-00-000043,nc,0,non_oil_marine,coast,True,data/external/dartis/raw/nc/nc-0043-00-000043.jpg,image_level_non_oil_only,broad_non_oil_marine
nc:nc-0044-00-000044,nc,0,non_oil_marine,coast,True,data/external/dartis/raw/nc/nc-0044-00-000044.jpg,image_level_non_oil_only,broad_non_oil_marine
nc:nc-0045-00-000045,nc,0,non_oil_marine,coast,True,data/external/dartis/raw/nc/nc-0045-00-000045.jpg,image_level_non_oil_only,broad_non_oil_marine
nc:nc-0046-00-000046,nc,0,non_oil_marine,coast,True,data/external/dartis/raw/nc/nc-0046-00-000046.jpg,image_level_non_oil_only,broad_non_oil_marine
nc:nc-0047-00-000047,nc,0,non_oil_marine,coast,True,data/external/dartis/raw/nc/nc-0047-00-000047.jpg,image_level_non_oil_only,broad_non_oil_marine
nc:nc-0048-00-000048,nc,0,non_oil_marine,coast,True,data/external/dartis/raw/nc/nc-0048-00-000048.jpg,image_level_non_oil_only,broad_non_oil_marine
nc:nc-0049-00-000049,nc,0,non_oil_marine,coast,True,data/external/dartis/raw/nc/nc-0049-00-000049.jpg,image_level_non_oil_only,broad_non_oil_marine
nc:nc-0050-00-000050,nc,0,non_oil_marine,coast,True,data/external/dartis/raw/nc/nc-0050-00-000050.jpg,image_level_non_oil_only,broad_non_oil_marine
nc:nc-0051-00-000051,nc,0,non_oil_marine,coast,True,data/external/dartis/raw/nc/nc-0051-00-000051.jpg,image_level_non_oil_only,broad_non_oil_marine
nc:nc-0052-00-000052,nc,0,non_oil_marine,coast,True,data/external/dartis/raw/nc/nc-0052-00-000052.jpg,image_level_non_oil_only,broad_non_oil_marine
nc:nc-0053-00-000053,nc,0,non_oil_marine,coast,True,data/external/dartis/raw/nc/nc-0053-00-000053.jpg,image_level_non_oil_only,broad_non_oil_marine
nc:nc-0054-00-000054,nc,0,non_oil_marine,coast,True,data/external/dartis/raw/nc/nc-0054-00-000054.jpg,image_level_non_oil_only,broad_non_oil_marine
nc:nc-0055-00-000055,nc,0,non_oil_marine,coast,True,data/external/dartis/raw/nc/nc-0055-00-000055.jpg,image_level_non_oil_only,broad_non_oil_marine
nc:nc-0056-00-000056,nc,0,non_oil_marine,coast,True,data/external/dartis/raw/nc/nc-0056-00-000056.jpg,image_level_non_oil_only,broad_non_oil_marine
nc:nc-0057-00-000057,nc,0,non_oil_marine,coast,True,data/external/dartis/raw/nc/nc-0057-00-000057.jpg,image_level_non_oil_only,broad_non_oil_marine
nc:nc-0058-00-000058,nc,0,non_oil_marine,coast,True,data/external/dartis/raw/nc/nc-0058-00-000058.jpg,image_level_non_oil_only,broad_non_oil_marine
nc:nc-0059-00-000059,nc,0,non_oil_marine,coast,True,data/external/dartis/raw/nc/nc-0059-00-000059.jpg,image_level_non_oil_only,broad_non_oil_marine
nc:nc-0060-00-000060,nc,0,non_oil_marine,coast,True,data/external/dartis/raw/nc/nc-0060-00-000060.jpg,image_level_non_oil_only,broad_non_oil_marine
nc:nc-0061-00-000061,nc,0,non_oil_marine,coast,True,data/external/dartis/raw/nc/nc-0061-00-000061.jpg,image_level_non_oil_only,broad_non_oil_marine
nc:nc-0062-00-000062,nc,0,non_oil_marine,coast,True,data/external/dartis/raw/nc/nc-0062-00-000062.jpg,image_level_non_oil_only,broad_non_oil_marine
nc:nc-0063-00-000063,nc,0,non_oil_marine,coast,True,data/external/dartis/raw/nc/nc-0063-00-000063.jpg,image_level_non_oil_only,broad_non_oil_marine
nc:nc-0064-00-000064,nc,0,non_oil_marine,coast,True,data/external/dartis/raw/nc/nc-0064-00-000064.jpg,image_level_non_oil_only,broad_non_oil_marine
nc:nc-0065-00-000065,nc,0,non_oil_marine,coast,True,data/external/dartis/raw/nc/nc-0065-00-000065.jpg,image_level_non_oil_only,broad_non_oil_marine
nc:nc-0066-00-000066,nc,0,non_oil_marine,coast,True,data/external/dartis/raw/nc/nc-0066-00-000066.jpg,image_level_non_oil_only,broad_non_oil_marine
nc:nc-0067-00-000067,nc,0,non_oil_marine,coast,True,data/external/dartis/raw/nc/nc-0067-00-000067.jpg,image_level_non_oil_only,broad_non_oil_marine
nc:nc-0068-00-000068,nc,0,non_oil_marine,coast,True,data/external/dartis/raw/nc/nc-0068-00-000068.jpg,image_level_non_oil_only,broad_non_oil_marine
nc:nc-0069-00-000069,nc,0,non_oil_marine,coast,True,data/external/dartis/raw/nc/nc-0069-00-000069.jpg,image_level_non_oil_only,broad_non_oil_marine
nc:nc-0070-00-000070,nc,0,non_oil_marine,coast,True,data/external/dartis/raw/nc/nc-0070-00-000070.jpg,image_level_non_oil_only,broad_non_oil_marine
nc:nc-0071-00-000071,nc,0,non_oil_marine,coast,True,data/external/dartis/raw/nc/nc-0071-00-000071.jpg,image_level_non_oil_only,broad_non_oil_marine
nc:nc-0072-00-000072,nc,0,non_oil_marine,coast,True,data/external/dartis/raw/nc/nc-0072-00-000072.jpg,image_level_non_oil_only,broad_non_oil_marine
nc:nc-0073-00-000073,nc,0,non_oil_marine,coast,True,data/external/dartis/raw/nc/nc-0073-00-000073.jpg,image_level_non_oil_only,broad_non_oil_marine
nc:nc-0074-00-000074,nc,0,non_oil_marine,coast,True,data/external/dartis/raw/nc/nc-0074-00-000074.jpg,image_level_non_oil_only,broad_non_oil_marine
nc:nc-0075-00-000075,nc,0,non_oil_marine,coast,True,data/external/dartis/raw/nc/nc-0075-00-000075.jpg,image_level_non_oil_only,broad_non_oil_marine
nc:nc-0076-00-000076,nc,0,non_oil_marine,coast,True,data/external/dartis/raw/nc/nc-0076-00-000076.jpg,image_level_non_oil_only,broad_non_oil_marine
nc:nc-0077-01-000001,nc,0,non_oil_marine,coast,True,data/external/dartis/raw/nc/nc-0077-01-000001.jpg,image_level_non_oil_only,broad_non_oil_marine
nc:nc-0078-01-000002,nc,0,non_oil_marine,coast,True,data/external/dartis/raw/nc/nc-0078-01-000002.jpg,image_level_non_oil_only,broad_non_oil_marine
nc:nc-0079-01-000003,nc,0,non_oil_marine,coast,True,data/external/dartis/raw/nc/nc-0079-01-000003.jpg,image_level_non_oil_only,broad_non_oil_marine
nc:nc-0080-01-000004,nc,0,non_oil_marine,coast,True,data/external/dartis/raw/nc/nc-0080-01-000004.jpg,image_level_non_oil_only,broad_non_oil_marine
nc:nc-0081-01-000005,nc,0,non_oil_marine,coast,True,data/external/dartis/raw/nc/nc-0081-01-000005.jpg,image_level_non_oil_only,broad_non_oil_marine
nc:nc-0082-01-000006,nc,0,non_oil_marine,coast,True,data/external/dartis/raw/nc/nc-0082-01-000006.jpg,image_level_non_oil_only,broad_non_oil_marine
nc:nc-0083-01-000007,nc,0,non_oil_marine,coast,True,data/external/dartis/raw/nc/nc-0083-01-000007.jpg,image_level_non_oil_only,broad_non_oil_marine
nc:nc-0084-01-000008,nc,0,non_oil_marine,coast,True,data/external/dartis/raw/nc/nc-0084-01-000008.jpg,image_level_non_oil_only,broad_non_oil_marine
nc:nc-0085-01-000009,nc,0,non_oil_marine,coast,True,data/external/dartis/raw/nc/nc-0085-01-000009.jpg,image_level_non_oil_only,broad_non_oil_marine
nc:nc-0086-01-000010,nc,0,non_oil_marine,coast,True,data/external/dartis/raw/nc/nc-0086-01-000010.jpg,image_level_non_oil_only,broad_non_oil_marine
nc:nc-0087-01-000011,nc,0,non_oil_marine,coast,True,data/external/dartis/raw/nc/nc-0087-01-000011.jpg,image_level_non_oil_only,broad_non_oil_marine
nc:nc-0088-01-000012,nc,0,non_oil_marine,coast,True,data/external/dartis/raw/nc/nc-0088-01-000012.jpg,image_level_non_oil_only,broad_non_oil_marine
nc:nc-0089-01-000013,nc,0,non_oil_marine,coast,True,data/external/dartis/raw/nc/nc-0089-01-000013.jpg,image_level_non_oil_only,broad_non_oil_marine
nc:nc-0090-01-000014,nc,0,non_oil_marine,coast,True,data/external/dartis/raw/nc/nc-0090-01-000014.jpg,image_level_non_oil_only,broad_non_oil_marine
nc:nc-0091-01-000015,nc,0,non_oil_marine,coast,True,data/external/dartis/raw/nc/nc-0091-01-000015.jpg,image_level_non_oil_only,broad_non_oil_marine
nc:nc-0092-01-000016,nc,0,non_oil_marine,coast,True,data/external/dartis/raw/nc/nc-0092-01-000016.jpg,image_level_non_oil_only,broad_non_oil_marine
nc:nc-0093-01-000017,nc,0,non_oil_marine,coast,True,data/external/dartis/raw/nc/nc-0093-01-000017.jpg,image_level_non_oil_only,broad_non_oil_marine
nc:nc-0094-01-000018,nc,0,non_oil_marine,coast,True,data/external/dartis/raw/nc/nc-0094-01-000018.jpg,image_level_non_oil_only,broad_non_oil_marine
nc:nc-0095-01-000019,nc,0,non_oil_marine,coast,True,data/external/dartis/raw/nc/nc-0095-01-000019.jpg,image_level_non_oil_only,broad_non_oil_marine
nc:nc-0096-01-000020,nc,0,non_oil_marine,coast,True,data/external/dartis/raw/nc/nc-0096-01-000020.jpg,image_level_non_oil_only,broad_non_oil_marine
nc:nc-0097-01-000021,nc,0,non_oil_marine,coast,True,data/external/dartis/raw/nc/nc-0097-01-000021.jpg,image_level_non_oil_only,broad_non_oil_marine
nc:nc-0098-01-000022,nc,0,non_oil_marine,coast,True,data/external/dartis/raw/nc/nc-0098-01-000022.jpg,image_level_non_oil_only,broad_non_oil_marine
nc:nc-0099-01-000023,nc,0,non_oil_marine,coast,True,data/external/dartis/raw/nc/nc-0099-01-000023.jpg,image_level_non_oil_only,broad_non_oil_marine
nc:nc-0100-01-000024,nc,0,non_oil_marine,coast,True,data/external/dartis/raw/nc/nc-0100-01-000024.jpg,image_level_non_oil_only,broad_non_oil_marine
nc:nc-0101-01-000025,nc,0,non_oil_marine,coast,True,data/external/dartis/raw/nc/nc-0101-01-000025.jpg,image_level_non_oil_only,broad_non_oil_marine
nc:nc-0102-01-000026,nc,0,non_oil_marine,coast,True,data/external/dartis/raw/nc/nc-0102-01-000026.jpg,image_level_non_oil_only,broad_non_oil_marine
nc:nc-0103-01-000027,nc,0,non_oil_marine,coast,True,data/external/dartis/raw/nc/nc-0103-01-000027.jpg,image_level_non_oil_only,broad_non_oil_marine
nc:nc-0104-01-000028,nc,0,non_oil_marine,coast,True,data/external/dartis/raw/nc/nc-0104-01-000028.jpg,image_level_non_oil_only,broad_non_oil_marine
nc:nc-0105-01-000029,nc,0,non_oil_marine,coast,True,data/external/dartis/raw/nc/nc-0105-01-000029.jpg,image_level_non_oil_only,broad_non_oil_marine
nc:nc-0106-01-000030,nc,0,non_oil_marine,coast,True,data/external/dartis/raw/nc/nc-0106-01-000030.jpg,image_level_non_oil_only,broad_non_oil_marine
nc:nc-0107-01-000031,nc,0,non_oil_marine,coast,True,data/external/dartis/raw/nc/nc-0107-01-000031.jpg,image_level_non_oil_only,broad_non_oil_marine
nc:nc-0108-01-000032,nc,0,non_oil_marine,coast,True,data/external/dartis/raw/nc/nc-0108-01-000032.jpg,image_level_non_oil_only,broad_non_oil_marine
nc:nc-0109-01-000033,nc,0,non_oil_marine,coast,True,data/external/dartis/raw/nc/nc-0109-01-000033.jpg,image_level_non_oil_only,broad_non_oil_marine
nc:nc-0110-01-000034,nc,0,non_oil_marine,coast,True,data/external/dartis/raw/nc/nc-0110-01-000034.jpg,image_level_non_oil_only,broad_non_oil_marine
nc:nc-0111-01-000035,nc,0,non_oil_marine,coast,True,data/external/dartis/raw/nc/nc-0111-01-000035.jpg,image_level_non_oil_only,broad_non_oil_marine
nc:nc-0112-01-000036,nc,0,non_oil_marine,coast,True,data/external/dartis/raw/nc/nc-0112-01-000036.jpg,image_level_non_oil_only,broad_non_oil_marine
nc:nc-0113-01-000037,nc,0,non_oil_marine,coast,True,data/external/dartis/raw/nc/nc-0113-01-000037.jpg,image_level_non_oil_only,broad_non_oil_marine
nc:nc-0114-01-000038,nc,0,non_oil_marine,coast,True,data/external/dartis/raw/nc/nc-0114-01-000038.jpg,image_level_non_oil_only,broad_non_oil_marine
nc:nc-0115-01-000039,nc,0,non_oil_marine,coast,True,data/external/dartis/raw/nc/nc-0115-01-000039.jpg,image_level_non_oil_only,broad_non_oil_marine
nc:nc-0116-01-000040,nc,0,non_oil_marine,coast,True,data/external/dartis/raw/nc/nc-0116-01-000040.jpg,image_level_non_oil_only,broad_non_oil_marine
nc:nc-0117-01-000041,nc,0,non_oil_marine,coast,True,data/external/dartis/raw/nc/nc-0117-01-000041.jpg,image_level_non_oil_only,broad_non_oil_marine
nc:nc-0118-01-000042,nc,0,non_oil_marine,coast,True,data/external/dartis/raw/nc/nc-0118-01-000042.jpg,image_level_non_oil_only,broad_non_oil_marine
nc:nc-0119-01-000043,nc,0,non_oil_marine,coast,True,data/external/dartis/raw/nc/nc-0119-01-000043.jpg,image_level_non_oil_only,broad_non_oil_marine
nc:nc-0120-01-000044,nc,0,non_oil_marine,coast,True,data/external/dartis/raw/nc/nc-0120-01-000044.jpg,image_level_non_oil_only,broad_non_oil_marine
nc:nc-0121-01-000045,nc,0,non_oil_marine,coast,True,data/external/dartis/raw/nc/nc-0121-01-000045.jpg,image_level_non_oil_only,broad_non_oil_marine
nc:nc-0122-01-000046,nc,0,non_oil_marine,coast,True,data/external/dartis/raw/nc/nc-0122-01-000046.jpg,image_level_non_oil_only,broad_non_oil_marine
nc:nc-0123-01-000047,nc,0,non_oil_marine,coast,True,data/external/dartis/raw/nc/nc-0123-01-000047.jpg,image_level_non_oil_only,broad_non_oil_marine
nc:nc-0124-01-000048,nc,0,non_oil_marine,coast,True,data/external/dartis/raw/nc/nc-0124-01-000048.jpg,image_level_non_oil_only,broad_non_oil_marine
nc:nc-0125-01-000049,nc,0,non_oil_marine,coast,True,data/external/dartis/raw/nc/nc-0125-01-000049.jpg,image_level_non_oil_only,broad_non_oil_marine
nc:nc-0126-01-000050,nc,0,non_oil_marine,coast,True,data/external/dartis/raw/nc/nc-0126-01-000050.jpg,image_level_non_oil_only,broad_non_oil_marine
nc:nc-0127-01-000051,nc,0,non_oil_marine,coast,True,data/external/dartis/raw/nc/nc-0127-01-000051.jpg,image_level_non_oil_only,broad_non_oil_marine
nc:nc-0128-01-000052,nc,0,non_oil_marine,coast,True,data/external/dartis/raw/nc/nc-0128-01-000052.jpg,image_level_non_oil_only,broad_non_oil_marine
nc:nc-0129-01-000053,nc,0,non_oil_marine,coast,True,data/external/dartis/raw/nc/nc-0129-01-000053.jpg,image_level_non_oil_only,broad_non_oil_marine
nc:nc-0130-01-000054,nc,0,non_oil_marine,coast,True,data/external/dartis/raw/nc/nc-0130-01-000054.jpg,image_level_non_oil_only,broad_non_oil_marine
nc:nc-0131-01-000055,nc,0,non_oil_marine,coast,True,data/external/dartis/raw/nc/nc-0131-01-000055.jpg,image_level_non_oil_only,broad_non_oil_marine
nc:nc-0132-01-000056,nc,0,non_oil_marine,coast,True,data/external/dartis/raw/nc/nc-0132-01-000056.jpg,image_level_non_oil_only,broad_non_oil_marine
nc:nc-0133-01-000057,nc,0,non_oil_marine,coast,True,data/external/dartis/raw/nc/nc-0133-01-000057.jpg,image_level_non_oil_only,broad_non_oil_marine
nc:nc-0134-01-000058,nc,0,non_oil_marine,coast,True,data/external/dartis/raw/nc/nc-0134-01-000058.jpg,image_level_non_oil_only,broad_non_oil_marine
nc:nc-0135-01-000059,nc,0,non_oil_marine,coast,True,data/external/dartis/raw/nc/nc-0135-01-000059.jpg,image_level_non_oil_only,broad_non_oil_marine
nc:nc-0136-01-000060,nc,0,non_oil_marine,coast,True,data/external/dartis/raw/nc/nc-0136-01-000060.jpg,image_level_non_oil_only,broad_non_oil_marine
nc:nc-0137-01-000061,nc,0,non_oil_marine,coast,True,data/external/dartis/raw/nc/nc-0137-01-000061.jpg,image_level_non_oil_only,broad_non_oil_marine
nc:nc-0138-01-000062,nc,0,non_oil_marine,coast,True,data/external/dartis/raw/nc/nc-0138-01-000062.jpg,image_level_non_oil_only,broad_non_oil_marine
nc:nc-0139-01-000063,nc,0,non_oil_marine,coast,True,data/external/dartis/raw/nc/nc-0139-01-000063.jpg,image_level_non_oil_only,broad_non_oil_marine
nc:nc-0140-01-000064,nc,0,non_oil_marine,coast,True,data/external/dartis/raw/nc/nc-0140-01-000064.jpg,image_level_non_oil_only,broad_non_oil_marine
nc:nc-0141-01-000065,nc,0,non_oil_marine,coast,True,data/external/dartis/raw/nc/nc-0141-01-000065.jpg,image_level_non_oil_only,broad_non_oil_marine
nc:nc-0142-01-000066,nc,0,non_oil_marine,coast,True,data/external/dartis/raw/nc/nc-0142-01-000066.jpg,image_level_non_oil_only,broad_non_oil_marine
nc:nc-0143-01-000067,nc,0,non_oil_marine,coast,True,data/external/dartis/raw/nc/nc-0143-01-000067.jpg,image_level_non_oil_only,broad_non_oil_marine
nc:nc-0144-01-000068,nc,0,non_oil_marine,coast,True,data/external/dartis/raw/nc/nc-0144-01-000068.jpg,image_level_non_oil_only,broad_non_oil_marine
nc:nc-0145-01-000069,nc,0,non_oil_marine,coast,True,data/external/dartis/raw/nc/nc-0145-01-000069.jpg,image_level_non_oil_only,broad_non_oil_marine
nc:nc-0146-01-000070,nc,0,non_oil_marine,coast,True,data/external/dartis/raw/nc/nc-0146-01-000070.jpg,image_level_non_oil_only,broad_non_oil_marine
nc:nc-0147-01-000071,nc,0,non_oil_marine,coast,True,data/external/dartis/raw/nc/nc-0147-01-000071.jpg,image_level_non_oil_only,broad_non_oil_marine
nc:nc-0148-01-000072,nc,0,non_oil_marine,coast,True,data/external/dartis/raw/nc/nc-0148-01-000072.jpg,image_level_non_oil_only,broad_non_oil_marine
nc:nc-0149-01-000073,nc,0,non_oil_marine,coast,True,data/external/dartis/raw/nc/nc-0149-01-000073.jpg,image_level_non_oil_only,broad_non_oil_marine
nc:nc-0150-01-000074,nc,0,non_oil_marine,coast,True,data/external/dartis/raw/nc/nc-0150-01-000074.jpg,image_level_non_oil_only,broad_non_oil_marine
nc:nc-0151-01-000075,nc,0,non_oil_marine,coast,True,data/external/dartis/raw/nc/nc-0151-01-000075.jpg,image_level_non_oil_only,broad_non_oil_marine
nc:nc-0152-01-000076,nc,0,non_oil_marine,coast,True,data/external/dartis/raw/nc/nc-0152-01-000076.jpg,image_level_non_oil_only,broad_non_oil_marine
nc:nc-0153-01-000077,nc,0,non_oil_marine,coast,True,data/external/dartis/raw/nc/nc-0153-01-000077.jpg,image_level_non_oil_only,broad_non_oil_marine
nc:nc-0154-01-000078,nc,0,non_oil_marine,coast,True,data/external/dartis/raw/nc/nc-0154-01-000078.jpg,image_level_non_oil_only,broad_non_oil_marine
nc:nc-0155-01-000079,nc,0,non_oil_marine,coast,True,data/external/dartis/raw/nc/nc-0155-01-000079.jpg,image_level_non_oil_only,broad_non_oil_marine
nc:nc-0156-01-000080,nc,0,non_oil_marine,coast,True,data/external/dartis/raw/nc/nc-0156-01-000080.jpg,image_level_non_oil_only,broad_non_oil_marine
nc:nc-0157-01-000081,nc,0,non_oil_marine,coast,True,data/external/dartis/raw/nc/nc-0157-01-000081.jpg,image_level_non_oil_only,broad_non_oil_marine
nc:nc-0158-01-000082,nc,0,non_oil_marine,coast,True,data/external/dartis/raw/nc/nc-0158-01-000082.jpg,image_level_non_oil_only,broad_non_oil_marine
nc:nc-0159-01-000083,nc,0,non_oil_marine,coast,True,data/external/dartis/raw/nc/nc-0159-01-000083.jpg,image_level_non_oil_only,broad_non_oil_marine
nc:nc-0160-01-000084,nc,0,non_oil_marine,coast,True,data/external/dartis/raw/nc/nc-0160-01-000084.jpg,image_level_non_oil_only,broad_non_oil_marine
nc:nc-0161-02-000001,nc,0,non_oil_marine,coast,True,data/external/dartis/raw/nc/nc-0161-02-000001.jpg,image_level_non_oil_only,broad_non_oil_marine
nc:nc-0162-02-000002,nc,0,non_oil_marine,coast,True,data/external/dartis/raw/nc/nc-0162-02-000002.jpg,image_level_non_oil_only,broad_non_oil_marine
nc:nc-0163-02-000003,nc,0,non_oil_marine,coast,True,data/external/dartis/raw/nc/nc-0163-02-000003.jpg,image_level_non_oil_only,broad_non_oil_marine
nc:nc-0164-02-000004,nc,0,non_oil_marine,coast,True,data/external/dartis/raw/nc/nc-0164-02-000004.jpg,image_level_non_oil_only,broad_non_oil_marine
nc:nc-0165-02-000005,nc,0,non_oil_marine,coast,True,data/external/dartis/raw/nc/nc-0165-02-000005.jpg,image_level_non_oil_only,broad_non_oil_marine
nc:nc-0166-02-000006,nc,0,non_oil_marine,coast,True,data/external/dartis/raw/nc/nc-0166-02-000006.jpg,image_level_non_oil_only,broad_non_oil_marine
nc:nc-0167-02-000007,nc,0,non_oil_marine,coast,True,data/external/dartis/raw/nc/nc-0167-02-000007.jpg,image_level_non_oil_only,broad_non_oil_marine
nc:nc-0168-02-000008,nc,0,non_oil_marine,coast,True,data/external/dartis/raw/nc/nc-0168-02-000008.jpg,image_level_non_oil_only,broad_non_oil_marine
nc:nc-0169-02-000009,nc,0,non_oil_marine,coast,True,data/external/dartis/raw/nc/nc-0169-02-000009.jpg,image_level_non_oil_only,broad_non_oil_marine
nc:nc-0170-02-000010,nc,0,non_oil_marine,coast,True,data/external/dartis/raw/nc/nc-0170-02-000010.jpg,image_level_non_oil_only,broad_non_oil_marine
nc:nc-0171-02-000011,nc,0,non_oil_marine,coast,True,data/external/dartis/raw/nc/nc-0171-02-000011.jpg,image_level_non_oil_only,broad_non_oil_marine
nc:nc-0172-02-000012,nc,0,non_oil_marine,coast,True,data/external/dartis/raw/nc/nc-0172-02-000012.jpg,image_level_non_oil_only,broad_non_oil_marine
nc:nc-0173-02-000013,nc,0,non_oil_marine,coast,True,data/external/dartis/raw/nc/nc-0173-02-000013.jpg,image_level_non_oil_only,broad_non_oil_marine
nc:nc-0174-02-000014,nc,0,non_oil_marine,coast,True,data/external/dartis/raw/nc/nc-0174-02-000014.jpg,image_level_non_oil_only,broad_non_oil_marine
nc:nc-0175-02-000015,nc,0,non_oil_marine,coast,True,data/external/dartis/raw/nc/nc-0175-02-000015.jpg,image_level_non_oil_only,broad_non_oil_marine
nc:nc-0176-02-000016,nc,0,non_oil_marine,coast,True,data/external/dartis/raw/nc/nc-0176-02-000016.jpg,image_level_non_oil_only,broad_non_oil_marine
nc:nc-0177-02-000017,nc,0,non_oil_marine,coast,True,data/external/dartis/raw/nc/nc-0177-02-000017.jpg,image_level_non_oil_only,broad_non_oil_marine
nc:nc-0178-02-000018,nc,0,non_oil_marine,coast,True,data/external/dartis/raw/nc/nc-0178-02-000018.jpg,image_level_non_oil_only,broad_non_oil_marine
nc:nc-0179-02-000019,nc,0,non_oil_marine,coast,True,data/external/dartis/raw/nc/nc-0179-02-000019.jpg,image_level_non_oil_only,broad_non_oil_marine
nc:nc-0180-02-000020,nc,0,non_oil_marine,coast,True,data/external/dartis/raw/nc/nc-0180-02-000020.jpg,image_level_non_oil_only,broad_non_oil_marine
nc:nc-0181-02-000021,nc,0,non_oil_marine,coast,True,data/external/dartis/raw/nc/nc-0181-02-000021.jpg,image_level_non_oil_only,broad_non_oil_marine
nc:nc-0182-02-000022,nc,0,non_oil_marine,coast,True,data/external/dartis/raw/nc/nc-0182-02-000022.jpg,image_level_non_oil_only,broad_non_oil_marine
nc:nc-0183-02-000023,nc,0,non_oil_marine,coast,True,data/external/dartis/raw/nc/nc-0183-02-000023.jpg,image_level_non_oil_only,broad_non_oil_marine
nc:nc-0184-02-000024,nc,0,non_oil_marine,coast,True,data/external/dartis/raw/nc/nc-0184-02-000024.jpg,image_level_non_oil_only,broad_non_oil_marine
nc:nc-0185-02-000025,nc,0,non_oil_marine,coast,True,data/external/dartis/raw/nc/nc-0185-02-000025.jpg,image_level_non_oil_only,broad_non_oil_marine
nc:nc-0186-02-000026,nc,0,non_oil_marine,coast,True,data/external/dartis/raw/nc/nc-0186-02-000026.jpg,image_level_non_oil_only,broad_non_oil_marine
nc:nc-0187-02-000027,nc,0,non_oil_marine,coast,True,data/external/dartis/raw/nc/nc-0187-02-000027.jpg,image_level_non_oil_only,broad_non_oil_marine
nc:nc-0188-02-000028,nc,0,non_oil_marine,coast,True,data/external/dartis/raw/nc/nc-0188-02-000028.jpg,image_level_non_oil_only,broad_non_oil_marine
nc:nc-0189-02-000029,nc,0,non_oil_marine,coast,True,data/external/dartis/raw/nc/nc-0189-02-000029.jpg,image_level_non_oil_only,broad_non_oil_marine
nc:nc-0190-02-000030,nc,0,non_oil_marine,coast,True,data/external/dartis/raw/nc/nc-0190-02-000030.jpg,image_level_non_oil_only,broad_non_oil_marine
nc:nc-0191-02-000031,nc,0,non_oil_marine,coast,True,data/external/dartis/raw/nc/nc-0191-02-000031.jpg,image_level_non_oil_only,broad_non_oil_marine
nc:nc-0192-02-000032,nc,0,non_oil_marine,coast,True,data/external/dartis/raw/nc/nc-0192-02-000032.jpg,image_level_non_oil_only,broad_non_oil_marine
nc:nc-0193-02-000033,nc,0,non_oil_marine,coast,True,data/external/dartis/raw/nc/nc-0193-02-000033.jpg,image_level_non_oil_only,broad_non_oil_marine
nc:nc-0194-02-000034,nc,0,non_oil_marine,coast,True,data/external/dartis/raw/nc/nc-0194-02-000034.jpg,image_level_non_oil_only,broad_non_oil_marine
nc:nc-0195-02-000035,nc,0,non_oil_marine,coast,True,data/external/dartis/raw/nc/nc-0195-02-000035.jpg,image_level_non_oil_only,broad_non_oil_marine
nc:nc-0196-02-000036,nc,0,non_oil_marine,coast,True,data/external/dartis/raw/nc/nc-0196-02-000036.jpg,image_level_non_oil_only,broad_non_oil_marine
nc:nc-0197-02-000037,nc,0,non_oil_marine,coast,True,data/external/dartis/raw/nc/nc-0197-02-000037.jpg,image_level_non_oil_only,broad_non_oil_marine
nc:nc-0198-02-000038,nc,0,non_oil_marine,coast,True,data/external/dartis/raw/nc/nc-0198-02-000038.jpg,image_level_non_oil_only,broad_non_oil_marine
nc:nc-0199-02-000039,nc,0,non_oil_marine,coast,True,data/external/dartis/raw/nc/nc-0199-02-000039.jpg,image_level_non_oil_only,broad_non_oil_marine
nc:nc-0200-02-000040,nc,0,non_oil_marine,coast,True,data/external/dartis/raw/nc/nc-0200-02-000040.jpg,image_level_non_oil_only,broad_non_oil_marine
nc:nc-0201-02-000041,nc,0,non_oil_marine,coast,True,data/external/dartis/raw/nc/nc-0201-02-000041.jpg,image_level_non_oil_only,broad_non_oil_marine
nc:nc-0202-02-000042,nc,0,non_oil_marine,coast,True,data/external/dartis/raw/nc/nc-0202-02-000042.jpg,image_level_non_oil_only,broad_non_oil_marine
nc:nc-0203-02-000043,nc,0,non_oil_marine,coast,True,data/external/dartis/raw/nc/nc-0203-02-000043.jpg,image_level_non_oil_only,broad_non_oil_marine
nc:nc-0204-02-000044,nc,0,non_oil_marine,coast,True,data/external/dartis/raw/nc/nc-0204-02-000044.jpg,image_level_non_oil_only,broad_non_oil_marine
nc:nc-0205-02-000045,nc,0,non_oil_marine,coast,True,data/external/dartis/raw/nc/nc-0205-02-000045.jpg,image_level_non_oil_only,broad_non_oil_marine
nc:nc-0206-02-000046,nc,0,non_oil_marine,coast,True,data/external/dartis/raw/nc/nc-0206-02-000046.jpg,image_level_non_oil_only,broad_non_oil_marine
nc:nc-0207-02-000047,nc,0,non_oil_marine,coast,True,data/external/dartis/raw/nc/nc-0207-02-000047.jpg,image_level_non_oil_only,broad_non_oil_marine
nc:nc-0208-02-000048,nc,0,non_oil_marine,coast,True,data/external/dartis/raw/nc/nc-0208-02-000048.jpg,image_level_non_oil_only,broad_non_oil_marine
nc:nc-0209-02-000049,nc,0,non_oil_marine,coast,True,data/external/dartis/raw/nc/nc-0209-02-000049.jpg,image_level_non_oil_only,broad_non_oil_marine
nc:nc-0210-02-000050,nc,0,non_oil_marine,coast,True,data/external/dartis/raw/nc/nc-0210-02-000050.jpg,image_level_non_oil_only,broad_non_oil_marine
nc:nc-0211-02-000051,nc,0,non_oil_marine,coast,True,data/external/dartis/raw/nc/nc-0211-02-000051.jpg,image_level_non_oil_only,broad_non_oil_marine
nc:nc-0212-02-000052,nc,0,non_oil_marine,coast,True,data/external/dartis/raw/nc/nc-0212-02-000052.jpg,image_level_non_oil_only,broad_non_oil_marine
nc:nc-0213-02-000053,nc,0,non_oil_marine,coast,True,data/external/dartis/raw/nc/nc-0213-02-000053.jpg,image_level_non_oil_only,broad_non_oil_marine
nc:nc-0214-02-000054,nc,0,non_oil_marine,coast,True,data/external/dartis/raw/nc/nc-0214-02-000054.jpg,image_level_non_oil_only,broad_non_oil_marine
nc:nc-0215-02-000055,nc,0,non_oil_marine,coast,True,data/external/dartis/raw/nc/nc-0215-02-000055.jpg,image_level_non_oil_only,broad_non_oil_marine
nc:nc-0216-02-000056,nc,0,non_oil_marine,coast,True,data/external/dartis/raw/nc/nc-0216-02-000056.jpg,image_level_non_oil_only,broad_non_oil_marine
nc:nc-0217-02-000057,nc,0,non_oil_marine,coast,True,data/external/dartis/raw/nc/nc-0217-02-000057.jpg,image_level_non_oil_only,broad_non_oil_marine
nc:nc-0218-02-000058,nc,0,non_oil_marine,coast,True,data/external/dartis/raw/nc/nc-0218-02-000058.jpg,image_level_non_oil_only,broad_non_oil_marine
nc:nc-0219-02-000059,nc,0,non_oil_marine,coast,True,data/external/dartis/raw/nc/nc-0219-02-000059.jpg,image_level_non_oil_only,broad_non_oil_marine
nc:nc-0220-02-000060,nc,0,non_oil_marine,coast,True,data/external/dartis/raw/nc/nc-0220-02-000060.jpg,image_level_non_oil_only,broad_non_oil_marine
nc:nc-0221-02-000061,nc,0,non_oil_marine,coast,True,data/external/dartis/raw/nc/nc-0221-02-000061.jpg,image_level_non_oil_only,broad_non_oil_marine
nc:nc-0222-02-000062,nc,0,non_oil_marine,coast,True,data/external/dartis/raw/nc/nc-0222-02-000062.jpg,image_level_non_oil_only,broad_non_oil_marine
nc:nc-0223-02-000063,nc,0,non_oil_marine,coast,True,data/external/dartis/raw/nc/nc-0223-02-000063.jpg,image_level_non_oil_only,broad_non_oil_marine
nc:nc-0224-02-000064,nc,0,non_oil_marine,coast,True,data/external/dartis/raw/nc/nc-0224-02-000064.jpg,image_level_non_oil_only,broad_non_oil_marine
nc:nc-0225-02-000065,nc,0,non_oil_marine,coast,True,data/external/dartis/raw/nc/nc-0225-02-000065.jpg,image_level_non_oil_only,broad_non_oil_marine
nc:nc-0226-02-000066,nc,0,non_oil_marine,coast,True,data/external/dartis/raw/nc/nc-0226-02-000066.jpg,image_level_non_oil_only,broad_non_oil_marine
nc:nc-0227-02-000067,nc,0,non_oil_marine,coast,True,data/external/dartis/raw/nc/nc-0227-02-000067.jpg,image_level_non_oil_only,broad_non_oil_marine
nc:nc-0228-02-000068,nc,0,non_oil_marine,coast,True,data/external/dartis/raw/nc/nc-0228-02-000068.jpg,image_level_non_oil_only,broad_non_oil_marine
nc:nc-0229-02-000069,nc,0,non_oil_marine,coast,True,data/external/dartis/raw/nc/nc-0229-02-000069.jpg,image_level_non_oil_only,broad_non_oil_marine
nc:nc-0230-02-000070,nc,0,non_oil_marine,coast,True,data/external/dartis/raw/nc/nc-0230-02-000070.jpg,image_level_non_oil_only,broad_non_oil_marine
nc:nc-0231-02-000071,nc,0,non_oil_marine,coast,True,data/external/dartis/raw/nc/nc-0231-02-000071.jpg,image_level_non_oil_only,broad_non_oil_marine
nc:nc-0232-02-000072,nc,0,non_oil_marine,coast,True,data/external/dartis/raw/nc/nc-0232-02-000072.jpg,image_level_non_oil_only,broad_non_oil_marine
nc:nc-0233-02-000073,nc,0,non_oil_marine,coast,True,data/external/dartis/raw/nc/nc-0233-02-000073.jpg,image_level_non_oil_only,broad_non_oil_marine
nc:nc-0234-02-000074,nc,0,non_oil_marine,coast,True,data/external/dartis/raw/nc/nc-0234-02-000074.jpg,image_level_non_oil_only,broad_non_oil_marine
nc:nc-0235-02-000075,nc,0,non_oil_marine,coast,True,data/external/dartis/raw/nc/nc-0235-02-000075.jpg,image_level_non_oil_only,broad_non_oil_marine
nc:nc-0236-03-000001,nc,0,non_oil_marine,coast,True,data/external/dartis/raw/nc/nc-0236-03-000001.jpg,image_level_non_oil_only,broad_non_oil_marine
nc:nc-0237-03-000002,nc,0,non_oil_marine,coast,True,data/external/dartis/raw/nc/nc-0237-03-000002.jpg,image_level_non_oil_only,broad_non_oil_marine
nc:nc-0238-03-000003,nc,0,non_oil_marine,coast,True,data/external/dartis/raw/nc/nc-0238-03-000003.jpg,image_level_non_oil_only,broad_non_oil_marine
nc:nc-0239-03-000004,nc,0,non_oil_marine,coast,True,data/external/dartis/raw/nc/nc-0239-03-000004.jpg,image_level_non_oil_only,broad_non_oil_marine
nc:nc-0240-03-000005,nc,0,non_oil_marine,coast,True,data/external/dartis/raw/nc/nc-0240-03-000005.jpg,image_level_non_oil_only,broad_non_oil_marine
nc:nc-0241-03-000006,nc,0,non_oil_marine,coast,True,data/external/dartis/raw/nc/nc-0241-03-000006.jpg,image_level_non_oil_only,broad_non_oil_marine
nc:nc-0242-03-000007,nc,0,non_oil_marine,coast,True,data/external/dartis/raw/nc/nc-0242-03-000007.jpg,image_level_non_oil_only,broad_non_oil_marine
nc:nc-0243-03-000008,nc,0,non_oil_marine,coast,True,data/external/dartis/raw/nc/nc-0243-03-000008.jpg,image_level_non_oil_only,broad_non_oil_marine
nc:nc-0244-03-000009,nc,0,non_oil_marine,coast,True,data/external/dartis/raw/nc/nc-0244-03-000009.jpg,image_level_non_oil_only,broad_non_oil_marine
nc:nc-0245-03-000010,nc,0,non_oil_marine,coast,True,data/external/dartis/raw/nc/nc-0245-03-000010.jpg,image_level_non_oil_only,broad_non_oil_marine
nc:nc-0246-03-000011,nc,0,non_oil_marine,coast,True,data/external/dartis/raw/nc/nc-0246-03-000011.jpg,image_level_non_oil_only,broad_non_oil_marine
nc:nc-0247-03-000012,nc,0,non_oil_marine,coast,True,data/external/dartis/raw/nc/nc-0247-03-000012.jpg,image_level_non_oil_only,broad_non_oil_marine
nc:nc-0248-03-000013,nc,0,non_oil_marine,coast,True,data/external/dartis/raw/nc/nc-0248-03-000013.jpg,image_level_non_oil_only,broad_non_oil_marine
nc:nc-0249-03-000014,nc,0,non_oil_marine,coast,True,data/external/dartis/raw/nc/nc-0249-03-000014.jpg,image_level_non_oil_only,broad_non_oil_marine
nc:nc-0250-03-000015,nc,0,non_oil_marine,coast,True,data/external/dartis/raw/nc/nc-0250-03-000015.jpg,image_level_non_oil_only,broad_non_oil_marine
nc:nc-0251-03-000016,nc,0,non_oil_marine,coast,True,data/external/dartis/raw/nc/nc-0251-03-000016.jpg,image_level_non_oil_only,broad_non_oil_marine
nc:nc-0252-03-000017,nc,0,non_oil_marine,coast,True,data/external/dartis/raw/nc/nc-0252-03-000017.jpg,image_level_non_oil_only,broad_non_oil_marine
nc:nc-0253-03-000018,nc,0,non_oil_marine,coast,True,data/external/dartis/raw/nc/nc-0253-03-000018.jpg,image_level_non_oil_only,broad_non_oil_marine
nc:nc-0254-03-000019,nc,0,non_oil_marine,coast,True,data/external/dartis/raw/nc/nc-0254-03-000019.jpg,image_level_non_oil_only,broad_non_oil_marine
nc:nc-0255-03-000020,nc,0,non_oil_marine,coast,True,data/external/dartis/raw/nc/nc-0255-03-000020.jpg,image_level_non_oil_only,broad_non_oil_marine
nc:nc-0256-03-000021,nc,0,non_oil_marine,coast,True,data/external/dartis/raw/nc/nc-0256-03-000021.jpg,image_level_non_oil_only,broad_non_oil_marine
nc:nc-0257-03-000022,nc,0,non_oil_marine,coast,True,data/external/dartis/raw/nc/nc-0257-03-000022.jpg,image_level_non_oil_only,broad_non_oil_marine
nc:nc-0258-03-000023,nc,0,non_oil_marine,coast,True,data/external/dartis/raw/nc/nc-0258-03-000023.jpg,image_level_non_oil_only,broad_non_oil_marine
nc:nc-0259-03-000024,nc,0,non_oil_marine,coast,True,data/external/dartis/raw/nc/nc-0259-03-000024.jpg,image_level_non_oil_only,broad_non_oil_marine
nc:nc-0260-03-000025,nc,0,non_oil_marine,coast,True,data/external/dartis/raw/nc/nc-0260-03-000025.jpg,image_level_non_oil_only,broad_non_oil_marine
nc:nc-0261-03-000026,nc,0,non_oil_marine,coast,True,data/external/dartis/raw/nc/nc-0261-03-000026.jpg,image_level_non_oil_only,broad_non_oil_marine
nc:nc-0262-03-000027,nc,0,non_oil_marine,coast,True,data/external/dartis/raw/nc/nc-0262-03-000027.jpg,image_level_non_oil_only,broad_non_oil_marine
nc:nc-0263-03-000028,nc,0,non_oil_marine,coast,True,data/external/dartis/raw/nc/nc-0263-03-000028.jpg,image_level_non_oil_only,broad_non_oil_marine
nc:nc-0264-03-000029,nc,0,non_oil_marine,coast,True,data/external/dartis/raw/nc/nc-0264-03-000029.jpg,image_level_non_oil_only,broad_non_oil_marine
nc:nc-0265-03-000030,nc,0,non_oil_marine,coast,True,data/external/dartis/raw/nc/nc-0265-03-000030.jpg,image_level_non_oil_only,broad_non_oil_marine
nc:nc-0266-03-000031,nc,0,non_oil_marine,coast,True,data/external/dartis/raw/nc/nc-0266-03-000031.jpg,image_level_non_oil_only,broad_non_oil_marine
nc:nc-0267-03-000032,nc,0,non_oil_marine,coast,True,data/external/dartis/raw/nc/nc-0267-03-000032.jpg,image_level_non_oil_only,broad_non_oil_marine
nc:nc-0268-03-000033,nc,0,non_oil_marine,coast,True,data/external/dartis/raw/nc/nc-0268-03-000033.jpg,image_level_non_oil_only,broad_non_oil_marine
nc:nc-0269-03-000034,nc,0,non_oil_marine,coast,True,data/external/dartis/raw/nc/nc-0269-03-000034.jpg,image_level_non_oil_only,broad_non_oil_marine
nc:nc-0270-03-000035,nc,0,non_oil_marine,coast,True,data/external/dartis/raw/nc/nc-0270-03-000035.jpg,image_level_non_oil_only,broad_non_oil_marine
nc:nc-0271-03-000036,nc,0,non_oil_marine,coast,True,data/external/dartis/raw/nc/nc-0271-03-000036.jpg,image_level_non_oil_only,broad_non_oil_marine
nc:nc-0272-03-000037,nc,0,non_oil_marine,coast,True,data/external/dartis/raw/nc/nc-0272-03-000037.jpg,image_level_non_oil_only,broad_non_oil_marine
nc:nc-0273-03-000038,nc,0,non_oil_marine,coast,True,data/external/dartis/raw/nc/nc-0273-03-000038.jpg,image_level_non_oil_only,broad_non_oil_marine
nc:nc-0274-03-000039,nc,0,non_oil_marine,coast,True,data/external/dartis/raw/nc/nc-0274-03-000039.jpg,image_level_non_oil_only,broad_non_oil_marine
nc:nc-0275-03-000040,nc,0,non_oil_marine,coast,True,data/external/dartis/raw/nc/nc-0275-03-000040.jpg,image_level_non_oil_only,broad_non_oil_marine
nc:nc-0276-03-000041,nc,0,non_oil_marine,coast,True,data/external/dartis/raw/nc/nc-0276-03-000041.jpg,image_level_non_oil_only,broad_non_oil_marine
nc:nc-0277-03-000042,nc,0,non_oil_marine,coast,True,data/external/dartis/raw/nc/nc-0277-03-000042.jpg,image_level_non_oil_only,broad_non_oil_marine
nc:nc-0278-03-000043,nc,0,non_oil_marine,coast,True,data/external/dartis/raw/nc/nc-0278-03-000043.jpg,image_level_non_oil_only,broad_non_oil_marine
nc:nc-0279-03-000044,nc,0,non_oil_marine,coast,True,data/external/dartis/raw/nc/nc-0279-03-000044.jpg,image_level_non_oil_only,broad_non_oil_marine
nc:nc-0280-04-000001,nc,0,non_oil_marine,coast,True,data/external/dartis/raw/nc/nc-0280-04-000001.jpg,image_level_non_oil_only,broad_non_oil_marine
nc:nc-0281-04-000002,nc,0,non_oil_marine,coast,True,data/external/dartis/raw/nc/nc-0281-04-000002.jpg,image_level_non_oil_only,broad_non_oil_marine
nc:nc-0282-04-000003,nc,0,non_oil_marine,coast,True,data/external/dartis/raw/nc/nc-0282-04-000003.jpg,image_level_non_oil_only,broad_non_oil_marine
nc:nc-0283-04-000004,nc,0,non_oil_marine,coast,True,data/external/dartis/raw/nc/nc-0283-04-000004.jpg,image_level_non_oil_only,broad_non_oil_marine
nc:nc-0284-04-000005,nc,0,non_oil_marine,coast,True,data/external/dartis/raw/nc/nc-0284-04-000005.jpg,image_level_non_oil_only,broad_non_oil_marine
nc:nc-0285-04-000006,nc,0,non_oil_marine,coast,True,data/external/dartis/raw/nc/nc-0285-04-000006.jpg,image_level_non_oil_only,broad_non_oil_marine
nc:nc-0286-04-000007,nc,0,non_oil_marine,coast,True,data/external/dartis/raw/nc/nc-0286-04-000007.jpg,image_level_non_oil_only,broad_non_oil_marine
nc:nc-0287-04-000008,nc,0,non_oil_marine,coast,True,data/external/dartis/raw/nc/nc-0287-04-000008.jpg,image_level_non_oil_only,broad_non_oil_marine
nc:nc-0288-04-000009,nc,0,non_oil_marine,coast,True,data/external/dartis/raw/nc/nc-0288-04-000009.jpg,image_level_non_oil_only,broad_non_oil_marine
nc:nc-0289-04-000010,nc,0,non_oil_marine,coast,True,data/external/dartis/raw/nc/nc-0289-04-000010.jpg,image_level_non_oil_only,broad_non_oil_marine
nc:nc-0290-04-000011,nc,0,non_oil_marine,coast,True,data/external/dartis/raw/nc/nc-0290-04-000011.jpg,image_level_non_oil_only,broad_non_oil_marine
nc:nc-0291-04-000012,nc,0,non_oil_marine,coast,True,data/external/dartis/raw/nc/nc-0291-04-000012.jpg,image_level_non_oil_only,broad_non_oil_marine
nc:nc-0292-04-000013,nc,0,non_oil_marine,coast,True,data/external/dartis/raw/nc/nc-0292-04-000013.jpg,image_level_non_oil_only,broad_non_oil_marine
nc:nc-0293-04-000014,nc,0,non_oil_marine,coast,True,data/external/dartis/raw/nc/nc-0293-04-000014.jpg,image_level_non_oil_only,broad_non_oil_marine
nc:nc-0294-04-000015,nc,0,non_oil_marine,coast,True,data/external/dartis/raw/nc/nc-0294-04-000015.jpg,image_level_non_oil_only,broad_non_oil_marine
nc:nc-0295-04-000016,nc,0,non_oil_marine,coast,True,data/external/dartis/raw/nc/nc-0295-04-000016.jpg,image_level_non_oil_only,broad_non_oil_marine
nc:nc-0296-04-000017,nc,0,non_oil_marine,coast,True,data/external/dartis/raw/nc/nc-0296-04-000017.jpg,image_level_non_oil_only,broad_non_oil_marine
nc:nc-0297-04-000018,nc,0,non_oil_marine,coast,True,data/external/dartis/raw/nc/nc-0297-04-000018.jpg,image_level_non_oil_only,broad_non_oil_marine
nc:nc-0298-04-000019,nc,0,non_oil_marine,coast,True,data/external/dartis/raw/nc/nc-0298-04-000019.jpg,image_level_non_oil_only,broad_non_oil_marine
nc:nc-0299-04-000020,nc,0,non_oil_marine,coast,True,data/external/dartis/raw/nc/nc-0299-04-000020.jpg,image_level_non_oil_only,broad_non_oil_marine
nc:nc-0300-04-000021,nc,0,non_oil_marine,coast,True,data/external/dartis/raw/nc/nc-0300-04-000021.jpg,image_level_non_oil_only,broad_non_oil_marine
nc:nc-0301-04-000022,nc,0,non_oil_marine,coast,True,data/external/dartis/raw/nc/nc-0301-04-000022.jpg,image_level_non_oil_only,broad_non_oil_marine
nc:nc-0302-04-000023,nc,0,non_oil_marine,coast,True,data/external/dartis/raw/nc/nc-0302-04-000023.jpg,image_level_non_oil_only,broad_non_oil_marine
nc:nc-0303-04-000024,nc,0,non_oil_marine,coast,True,data/external/dartis/raw/nc/nc-0303-04-000024.jpg,image_level_non_oil_only,broad_non_oil_marine
nc:nc-0304-04-000025,nc,0,non_oil_marine,coast,True,data/external/dartis/raw/nc/nc-0304-04-000025.jpg,image_level_non_oil_only,broad_non_oil_marine
nc:nc-0305-04-000026,nc,0,non_oil_marine,coast,True,data/external/dartis/raw/nc/nc-0305-04-000026.jpg,image_level_non_oil_only,broad_non_oil_marine
nc:nc-0306-04-000027,nc,0,non_oil_marine,coast,True,data/external/dartis/raw/nc/nc-0306-04-000027.jpg,image_level_non_oil_only,broad_non_oil_marine
nc:nc-0307-04-000028,nc,0,non_oil_marine,coast,True,data/external/dartis/raw/nc/nc-0307-04-000028.jpg,image_level_non_oil_only,broad_non_oil_marine
nc:nc-0308-04-000029,nc,0,non_oil_marine,coast,True,data/external/dartis/raw/nc/nc-0308-04-000029.jpg,image_level_non_oil_only,broad_non_oil_marine
nc:nc-0309-04-000030,nc,0,non_oil_marine,coast,True,data/external/dartis/raw/nc/nc-0309-04-000030.jpg,image_level_non_oil_only,broad_non_oil_marine
nc:nc-0310-04-000031,nc,0,non_oil_marine,coast,True,data/external/dartis/raw/nc/nc-0310-04-000031.jpg,image_level_non_oil_only,broad_non_oil_marine
nc:nc-0311-04-000032,nc,0,non_oil_marine,coast,True,data/external/dartis/raw/nc/nc-0311-04-000032.jpg,image_level_non_oil_only,broad_non_oil_marine
nc:nc-0312-04-000033,nc,0,non_oil_marine,coast,True,data/external/dartis/raw/nc/nc-0312-04-000033.jpg,image_level_non_oil_only,broad_non_oil_marine
nc:nc-0313-04-000034,nc,0,non_oil_marine,coast,True,data/external/dartis/raw/nc/nc-0313-04-000034.jpg,image_level_non_oil_only,broad_non_oil_marine
nc:nc-0314-04-000035,nc,0,non_oil_marine,coast,True,data/external/dartis/raw/nc/nc-0314-04-000035.jpg,image_level_non_oil_only,broad_non_oil_marine
nc:nc-0315-04-000036,nc,0,non_oil_marine,coast,True,data/external/dartis/raw/nc/nc-0315-04-000036.jpg,image_level_non_oil_only,broad_non_oil_marine
nc:nc-0316-04-000037,nc,0,non_oil_marine,coast,True,data/external/dartis/raw/nc/nc-0316-04-000037.jpg,image_level_non_oil_only,broad_non_oil_marine
nc:nc-0317-04-000038,nc,0,non_oil_marine,coast,True,data/external/dartis/raw/nc/nc-0317-04-000038.jpg,image_level_non_oil_only,broad_non_oil_marine
nc:nc-0318-04-000039,nc,0,non_oil_marine,coast,True,data/external/dartis/raw/nc/nc-0318-04-000039.jpg,image_level_non_oil_only,broad_non_oil_marine
nc:nc-0319-04-000040,nc,0,non_oil_marine,coast,True,data/external/dartis/raw/nc/nc-0319-04-000040.jpg,image_level_non_oil_only,broad_non_oil_marine
nc:nc-0320-04-000041,nc,0,non_oil_marine,coast,True,data/external/dartis/raw/nc/nc-0320-04-000041.jpg,image_level_non_oil_only,broad_non_oil_marine
nc:nc-0321-04-000042,nc,0,non_oil_marine,coast,True,data/external/dartis/raw/nc/nc-0321-04-000042.jpg,image_level_non_oil_only,broad_non_oil_marine
nc:nc-0322-04-000043,nc,0,non_oil_marine,coast,True,data/external/dartis/raw/nc/nc-0322-04-000043.jpg,image_level_non_oil_only,broad_non_oil_marine
nc:nc-0323-04-000044,nc,0,non_oil_marine,coast,True,data/external/dartis/raw/nc/nc-0323-04-000044.jpg,image_level_non_oil_only,broad_non_oil_marine
nc:nc-0324-04-000045,nc,0,non_oil_marine,coast,True,data/external/dartis/raw/nc/nc-0324-04-000045.jpg,image_level_non_oil_only,broad_non_oil_marine
nc:nc-0325-04-000046,nc,0,non_oil_marine,coast,True,data/external/dartis/raw/nc/nc-0325-04-000046.jpg,image_level_non_oil_only,broad_non_oil_marine
nc:nc-0326-04-000047,nc,0,non_oil_marine,coast,True,data/external/dartis/raw/nc/nc-0326-04-000047.jpg,image_level_non_oil_only,broad_non_oil_marine
nc:nc-0327-04-000048,nc,0,non_oil_marine,coast,True,data/external/dartis/raw/nc/nc-0327-04-000048.jpg,image_level_non_oil_only,broad_non_oil_marine
nc:nc-0328-04-000049,nc,0,non_oil_marine,coast,True,data/external/dartis/raw/nc/nc-0328-04-000049.jpg,image_level_non_oil_only,broad_non_oil_marine
nc:nc-0329-04-000050,nc,0,non_oil_marine,coast,True,data/external/dartis/raw/nc/nc-0329-04-000050.jpg,image_level_non_oil_only,broad_non_oil_marine
nc:nc-0330-04-000051,nc,0,non_oil_marine,coast,True,data/external/dartis/raw/nc/nc-0330-04-000051.jpg,image_level_non_oil_only,broad_non_oil_marine
nc:nc-0331-04-000052,nc,0,non_oil_marine,coast,True,data/external/dartis/raw/nc/nc-0331-04-000052.jpg,image_level_non_oil_only,broad_non_oil_marine
nc:nc-0332-04-000053,nc,0,non_oil_marine,coast,True,data/external/dartis/raw/nc/nc-0332-04-000053.jpg,image_level_non_oil_only,broad_non_oil_marine
nc:nc-0333-04-000054,nc,0,non_oil_marine,coast,True,data/external/dartis/raw/nc/nc-0333-04-000054.jpg,image_level_non_oil_only,broad_non_oil_marine
nc:nc-0334-04-000055,nc,0,non_oil_marine,coast,True,data/external/dartis/raw/nc/nc-0334-04-000055.jpg,image_level_non_oil_only,broad_non_oil_marine
nc:nc-0335-04-000056,nc,0,non_oil_marine,coast,True,data/external/dartis/raw/nc/nc-0335-04-000056.jpg,image_level_non_oil_only,broad_non_oil_marine
nc:nc-0336-04-000057,nc,0,non_oil_marine,coast,True,data/external/dartis/raw/nc/nc-0336-04-000057.jpg,image_level_non_oil_only,broad_non_oil_marine
nc:nc-0337-04-000058,nc,0,non_oil_marine,coast,True,data/external/dartis/raw/nc/nc-0337-04-000058.jpg,image_level_non_oil_only,broad_non_oil_marine
nc:nc-0338-04-000059,nc,0,non_oil_marine,coast,True,data/external/dartis/raw/nc/nc-0338-04-000059.jpg,image_level_non_oil_only,broad_non_oil_marine
nc:nc-0339-04-000060,nc,0,non_oil_marine,coast,True,data/external/dartis/raw/nc/nc-0339-04-000060.jpg,image_level_non_oil_only,broad_non_oil_marine
nc:nc-0340-04-000061,nc,0,non_oil_marine,coast,True,data/external/dartis/raw/nc/nc-0340-04-000061.jpg,image_level_non_oil_only,broad_non_oil_marine
nc:nc-0341-04-000062,nc,0,non_oil_marine,coast,True,data/external/dartis/raw/nc/nc-0341-04-000062.jpg,image_level_non_oil_only,broad_non_oil_marine
nc:nc-0342-04-000063,nc,0,non_oil_marine,coast,True,data/external/dartis/raw/nc/nc-0342-04-000063.jpg,image_level_non_oil_only,broad_non_oil_marine
nc:nc-0343-04-000064,nc,0,non_oil_marine,coast,True,data/external/dartis/raw/nc/nc-0343-04-000064.jpg,image_level_non_oil_only,broad_non_oil_marine
nc:nc-0344-04-000065,nc,0,non_oil_marine,coast,True,data/external/dartis/raw/nc/nc-0344-04-000065.jpg,image_level_non_oil_only,broad_non_oil_marine
nc:nc-0345-04-000066,nc,0,non_oil_marine,coast,True,data/external/dartis/raw/nc/nc-0345-04-000066.jpg,image_level_non_oil_only,broad_non_oil_marine
nc:nc-0346-04-000067,nc,0,non_oil_marine,coast,True,data/external/dartis/raw/nc/nc-0346-04-000067.jpg,image_level_non_oil_only,broad_non_oil_marine
nc:nc-0347-04-000068,nc,0,non_oil_marine,coast,True,data/external/dartis/raw/nc/nc-0347-04-000068.jpg,image_level_non_oil_only,broad_non_oil_marine
nc:nc-0348-04-000069,nc,0,non_oil_marine,coast,True,data/external/dartis/raw/nc/nc-0348-04-000069.jpg,image_level_non_oil_only,broad_non_oil_marine
nc:nc-0349-04-000070,nc,0,non_oil_marine,coast,True,data/external/dartis/raw/nc/nc-0349-04-000070.jpg,image_level_non_oil_only,broad_non_oil_marine
nc:nc-0350-04-000071,nc,0,non_oil_marine,coast,True,data/external/dartis/raw/nc/nc-0350-04-000071.jpg,image_level_non_oil_only,broad_non_oil_marine
nc:nc-0351-04-000072,nc,0,non_oil_marine,coast,True,data/external/dartis/raw/nc/nc-0351-04-000072.jpg,image_level_non_oil_only,broad_non_oil_marine
nw:nw-0001-00-000001,nw,0,non_oil_marine,water,False,data/external/dartis/raw/nw/nw-0001-00-000001.jpg,image_level_non_oil_only,broad_non_oil_marine
nw:nw-0002-00-000002,nw,0,non_oil_marine,water,False,data/external/dartis/raw/nw/nw-0002-00-000002.jpg,image_level_non_oil_only,broad_non_oil_marine
nw:nw-0003-00-000003,nw,0,non_oil_marine,water,False,data/external/dartis/raw/nw/nw-0003-00-000003.jpg,image_level_non_oil_only,broad_non_oil_marine
nw:nw-0004-00-000004,nw,0,non_oil_marine,water,False,data/external/dartis/raw/nw/nw-0004-00-000004.jpg,image_level_non_oil_only,broad_non_oil_marine
nw:nw-0005-00-000005,nw,0,non_oil_marine,water,False,data/external/dartis/raw/nw/nw-0005-00-000005.jpg,image_level_non_oil_only,broad_non_oil_marine
nw:nw-0006-00-000006,nw,0,non_oil_marine,water,False,data/external/dartis/raw/nw/nw-0006-00-000006.jpg,image_level_non_oil_only,broad_non_oil_marine
nw:nw-0007-00-000007,nw,0,non_oil_marine,water,False,data/external/dartis/raw/nw/nw-0007-00-000007.jpg,image_level_non_oil_only,broad_non_oil_marine
nw:nw-0008-00-000008,nw,0,non_oil_marine,water,False,data/external/dartis/raw/nw/nw-0008-00-000008.jpg,image_level_non_oil_only,broad_non_oil_marine
nw:nw-0009-00-000009,nw,0,non_oil_marine,water,False,data/external/dartis/raw/nw/nw-0009-00-000009.jpg,image_level_non_oil_only,broad_non_oil_marine
nw:nw-0010-00-000010,nw,0,non_oil_marine,water,False,data/external/dartis/raw/nw/nw-0010-00-000010.jpg,image_level_non_oil_only,broad_non_oil_marine
nw:nw-0011-00-000011,nw,0,non_oil_marine,water,False,data/external/dartis/raw/nw/nw-0011-00-000011.jpg,image_level_non_oil_only,broad_non_oil_marine
nw:nw-0012-00-000012,nw,0,non_oil_marine,water,False,data/external/dartis/raw/nw/nw-0012-00-000012.jpg,image_level_non_oil_only,broad_non_oil_marine
nw:nw-0013-00-000013,nw,0,non_oil_marine,water,False,data/external/dartis/raw/nw/nw-0013-00-000013.jpg,image_level_non_oil_only,broad_non_oil_marine
nw:nw-0014-00-000014,nw,0,non_oil_marine,water,False,data/external/dartis/raw/nw/nw-0014-00-000014.jpg,image_level_non_oil_only,broad_non_oil_marine
nw:nw-0015-00-000015,nw,0,non_oil_marine,water,False,data/external/dartis/raw/nw/nw-0015-00-000015.jpg,image_level_non_oil_only,broad_non_oil_marine
nw:nw-0016-00-000016,nw,0,non_oil_marine,water,False,data/external/dartis/raw/nw/nw-0016-00-000016.jpg,image_level_non_oil_only,broad_non_oil_marine
nw:nw-0017-00-000017,nw,0,non_oil_marine,water,False,data/external/dartis/raw/nw/nw-0017-00-000017.jpg,image_level_non_oil_only,broad_non_oil_marine
nw:nw-0018-00-000018,nw,0,non_oil_marine,water,False,data/external/dartis/raw/nw/nw-0018-00-000018.jpg,image_level_non_oil_only,broad_non_oil_marine
nw:nw-0019-00-000019,nw,0,non_oil_marine,water,False,data/external/dartis/raw/nw/nw-0019-00-000019.jpg,image_level_non_oil_only,broad_non_oil_marine
nw:nw-0020-00-000020,nw,0,non_oil_marine,water,False,data/external/dartis/raw/nw/nw-0020-00-000020.jpg,image_level_non_oil_only,broad_non_oil_marine
nw:nw-0021-00-000021,nw,0,non_oil_marine,water,False,data/external/dartis/raw/nw/nw-0021-00-000021.jpg,image_level_non_oil_only,broad_non_oil_marine
nw:nw-0022-00-000022,nw,0,non_oil_marine,water,False,data/external/dartis/raw/nw/nw-0022-00-000022.jpg,image_level_non_oil_only,broad_non_oil_marine
nw:nw-0023-00-000023,nw,0,non_oil_marine,water,False,data/external/dartis/raw/nw/nw-0023-00-000023.jpg,image_level_non_oil_only,broad_non_oil_marine
nw:nw-0024-00-000024,nw,0,non_oil_marine,water,False,data/external/dartis/raw/nw/nw-0024-00-000024.jpg,image_level_non_oil_only,broad_non_oil_marine
nw:nw-0025-00-000025,nw,0,non_oil_marine,water,False,data/external/dartis/raw/nw/nw-0025-00-000025.jpg,image_level_non_oil_only,broad_non_oil_marine
nw:nw-0026-00-000026,nw,0,non_oil_marine,water,False,data/external/dartis/raw/nw/nw-0026-00-000026.jpg,image_level_non_oil_only,broad_non_oil_marine
nw:nw-0027-00-000027,nw,0,non_oil_marine,water,False,data/external/dartis/raw/nw/nw-0027-00-000027.jpg,image_level_non_oil_only,broad_non_oil_marine
nw:nw-0028-00-000028,nw,0,non_oil_marine,water,False,data/external/dartis/raw/nw/nw-0028-00-000028.jpg,image_level_non_oil_only,broad_non_oil_marine
nw:nw-0029-00-000029,nw,0,non_oil_marine,water,False,data/external/dartis/raw/nw/nw-0029-00-000029.jpg,image_level_non_oil_only,broad_non_oil_marine
nw:nw-0030-00-000030,nw,0,non_oil_marine,water,False,data/external/dartis/raw/nw/nw-0030-00-000030.jpg,image_level_non_oil_only,broad_non_oil_marine
nw:nw-0031-00-000031,nw,0,non_oil_marine,water,False,data/external/dartis/raw/nw/nw-0031-00-000031.jpg,image_level_non_oil_only,broad_non_oil_marine
nw:nw-0032-00-000032,nw,0,non_oil_marine,water,False,data/external/dartis/raw/nw/nw-0032-00-000032.jpg,image_level_non_oil_only,broad_non_oil_marine
nw:nw-0033-00-000033,nw,0,non_oil_marine,water,False,data/external/dartis/raw/nw/nw-0033-00-000033.jpg,image_level_non_oil_only,broad_non_oil_marine
nw:nw-0034-00-000034,nw,0,non_oil_marine,water,False,data/external/dartis/raw/nw/nw-0034-00-000034.jpg,image_level_non_oil_only,broad_non_oil_marine
nw:nw-0035-00-000035,nw,0,non_oil_marine,water,False,data/external/dartis/raw/nw/nw-0035-00-000035.jpg,image_level_non_oil_only,broad_non_oil_marine
nw:nw-0036-00-000036,nw,0,non_oil_marine,water,False,data/external/dartis/raw/nw/nw-0036-00-000036.jpg,image_level_non_oil_only,broad_non_oil_marine
nw:nw-0037-00-000037,nw,0,non_oil_marine,water,False,data/external/dartis/raw/nw/nw-0037-00-000037.jpg,image_level_non_oil_only,broad_non_oil_marine
nw:nw-0038-00-000038,nw,0,non_oil_marine,water,False,data/external/dartis/raw/nw/nw-0038-00-000038.jpg,image_level_non_oil_only,broad_non_oil_marine
nw:nw-0039-00-000039,nw,0,non_oil_marine,water,False,data/external/dartis/raw/nw/nw-0039-00-000039.jpg,image_level_non_oil_only,broad_non_oil_marine
nw:nw-0040-00-000040,nw,0,non_oil_marine,water,False,data/external/dartis/raw/nw/nw-0040-00-000040.jpg,image_level_non_oil_only,broad_non_oil_marine
nw:nw-0041-00-000041,nw,0,non_oil_marine,water,False,data/external/dartis/raw/nw/nw-0041-00-000041.jpg,image_level_non_oil_only,broad_non_oil_marine
nw:nw-0042-00-000042,nw,0,non_oil_marine,water,False,data/external/dartis/raw/nw/nw-0042-00-000042.jpg,image_level_non_oil_only,broad_non_oil_marine
nw:nw-0043-00-000043,nw,0,non_oil_marine,water,False,data/external/dartis/raw/nw/nw-0043-00-000043.jpg,image_level_non_oil_only,broad_non_oil_marine
nw:nw-0044-00-000044,nw,0,non_oil_marine,water,False,data/external/dartis/raw/nw/nw-0044-00-000044.jpg,image_level_non_oil_only,broad_non_oil_marine
nw:nw-0045-00-000045,nw,0,non_oil_marine,water,False,data/external/dartis/raw/nw/nw-0045-00-000045.jpg,image_level_non_oil_only,broad_non_oil_marine
nw:nw-0046-00-000046,nw,0,non_oil_marine,water,False,data/external/dartis/raw/nw/nw-0046-00-000046.jpg,image_level_non_oil_only,broad_non_oil_marine
nw:nw-0047-00-000047,nw,0,non_oil_marine,water,False,data/external/dartis/raw/nw/nw-0047-00-000047.jpg,image_level_non_oil_only,broad_non_oil_marine
nw:nw-0048-00-000048,nw,0,non_oil_marine,water,False,data/external/dartis/raw/nw/nw-0048-00-000048.jpg,image_level_non_oil_only,broad_non_oil_marine
nw:nw-0049-00-000049,nw,0,non_oil_marine,water,False,data/external/dartis/raw/nw/nw-0049-00-000049.jpg,image_level_non_oil_only,broad_non_oil_marine
nw:nw-0050-00-000050,nw,0,non_oil_marine,water,False,data/external/dartis/raw/nw/nw-0050-00-000050.jpg,image_level_non_oil_only,broad_non_oil_marine
nw:nw-0051-00-000051,nw,0,non_oil_marine,water,False,data/external/dartis/raw/nw/nw-0051-00-000051.jpg,image_level_non_oil_only,broad_non_oil_marine
nw:nw-0052-00-000052,nw,0,non_oil_marine,water,False,data/external/dartis/raw/nw/nw-0052-00-000052.jpg,image_level_non_oil_only,broad_non_oil_marine
nw:nw-0053-00-000053,nw,0,non_oil_marine,water,False,data/external/dartis/raw/nw/nw-0053-00-000053.jpg,image_level_non_oil_only,broad_non_oil_marine
nw:nw-0054-00-000054,nw,0,non_oil_marine,water,False,data/external/dartis/raw/nw/nw-0054-00-000054.jpg,image_level_non_oil_only,broad_non_oil_marine
nw:nw-0055-00-000055,nw,0,non_oil_marine,water,False,data/external/dartis/raw/nw/nw-0055-00-000055.jpg,image_level_non_oil_only,broad_non_oil_marine
nw:nw-0056-00-000056,nw,0,non_oil_marine,water,False,data/external/dartis/raw/nw/nw-0056-00-000056.jpg,image_level_non_oil_only,broad_non_oil_marine
nw:nw-0057-00-000057,nw,0,non_oil_marine,water,False,data/external/dartis/raw/nw/nw-0057-00-000057.jpg,image_level_non_oil_only,broad_non_oil_marine
nw:nw-0058-00-000058,nw,0,non_oil_marine,water,False,data/external/dartis/raw/nw/nw-0058-00-000058.jpg,image_level_non_oil_only,broad_non_oil_marine
nw:nw-0059-00-000059,nw,0,non_oil_marine,water,False,data/external/dartis/raw/nw/nw-0059-00-000059.jpg,image_level_non_oil_only,broad_non_oil_marine
nw:nw-0060-00-000060,nw,0,non_oil_marine,water,False,data/external/dartis/raw/nw/nw-0060-00-000060.jpg,image_level_non_oil_only,broad_non_oil_marine
nw:nw-0061-00-000061,nw,0,non_oil_marine,water,False,data/external/dartis/raw/nw/nw-0061-00-000061.jpg,image_level_non_oil_only,broad_non_oil_marine
nw:nw-0062-00-000062,nw,0,non_oil_marine,water,False,data/external/dartis/raw/nw/nw-0062-00-000062.jpg,image_level_non_oil_only,broad_non_oil_marine
nw:nw-0063-00-000063,nw,0,non_oil_marine,water,False,data/external/dartis/raw/nw/nw-0063-00-000063.jpg,image_level_non_oil_only,broad_non_oil_marine
nw:nw-0064-00-000064,nw,0,non_oil_marine,water,False,data/external/dartis/raw/nw/nw-0064-00-000064.jpg,image_level_non_oil_only,broad_non_oil_marine
nw:nw-0065-00-000065,nw,0,non_oil_marine,water,False,data/external/dartis/raw/nw/nw-0065-00-000065.jpg,image_level_non_oil_only,broad_non_oil_marine
nw:nw-0066-00-000066,nw,0,non_oil_marine,water,False,data/external/dartis/raw/nw/nw-0066-00-000066.jpg,image_level_non_oil_only,broad_non_oil_marine
nw:nw-0067-00-000067,nw,0,non_oil_marine,water,False,data/external/dartis/raw/nw/nw-0067-00-000067.jpg,image_level_non_oil_only,broad_non_oil_marine
nw:nw-0068-00-000068,nw,0,non_oil_marine,water,False,data/external/dartis/raw/nw/nw-0068-00-000068.jpg,image_level_non_oil_only,broad_non_oil_marine
nw:nw-0069-00-000069,nw,0,non_oil_marine,water,False,data/external/dartis/raw/nw/nw-0069-00-000069.jpg,image_level_non_oil_only,broad_non_oil_marine
nw:nw-0070-00-000070,nw,0,non_oil_marine,water,False,data/external/dartis/raw/nw/nw-0070-00-000070.jpg,image_level_non_oil_only,broad_non_oil_marine
nw:nw-0071-00-000071,nw,0,non_oil_marine,water,False,data/external/dartis/raw/nw/nw-0071-00-000071.jpg,image_level_non_oil_only,broad_non_oil_marine
nw:nw-0072-00-000072,nw,0,non_oil_marine,water,False,data/external/dartis/raw/nw/nw-0072-00-000072.jpg,image_level_non_oil_only,broad_non_oil_marine
nw:nw-0073-00-000073,nw,0,non_oil_marine,water,False,data/external/dartis/raw/nw/nw-0073-00-000073.jpg,image_level_non_oil_only,broad_non_oil_marine
nw:nw-0074-00-000074,nw,0,non_oil_marine,water,False,data/external/dartis/raw/nw/nw-0074-00-000074.jpg,image_level_non_oil_only,broad_non_oil_marine
nw:nw-0075-00-000075,nw,0,non_oil_marine,water,False,data/external/dartis/raw/nw/nw-0075-00-000075.jpg,image_level_non_oil_only,broad_non_oil_marine
nw:nw-0076-00-000076,nw,0,non_oil_marine,water,False,data/external/dartis/raw/nw/nw-0076-00-000076.jpg,image_level_non_oil_only,broad_non_oil_marine
nw:nw-0077-00-000077,nw,0,non_oil_marine,water,False,data/external/dartis/raw/nw/nw-0077-00-000077.jpg,image_level_non_oil_only,broad_non_oil_marine
nw:nw-0078-00-000078,nw,0,non_oil_marine,water,False,data/external/dartis/raw/nw/nw-0078-00-000078.jpg,image_level_non_oil_only,broad_non_oil_marine
nw:nw-0079-00-000079,nw,0,non_oil_marine,water,False,data/external/dartis/raw/nw/nw-0079-00-000079.jpg,image_level_non_oil_only,broad_non_oil_marine
nw:nw-0080-00-000080,nw,0,non_oil_marine,water,False,data/external/dartis/raw/nw/nw-0080-00-000080.jpg,image_level_non_oil_only,broad_non_oil_marine
nw:nw-0081-00-000081,nw,0,non_oil_marine,water,False,data/external/dartis/raw/nw/nw-0081-00-000081.jpg,image_level_non_oil_only,broad_non_oil_marine
nw:nw-0082-00-000082,nw,0,non_oil_marine,water,False,data/external/dartis/raw/nw/nw-0082-00-000082.jpg,image_level_non_oil_only,broad_non_oil_marine
nw:nw-0083-00-000083,nw,0,non_oil_marine,water,False,data/external/dartis/raw/nw/nw-0083-00-000083.jpg,image_level_non_oil_only,broad_non_oil_marine
nw:nw-0084-00-000084,nw,0,non_oil_marine,water,False,data/external/dartis/raw/nw/nw-0084-00-000084.jpg,image_level_non_oil_only,broad_non_oil_marine
nw:nw-0085-00-000085,nw,0,non_oil_marine,water,False,data/external/dartis/raw/nw/nw-0085-00-000085.jpg,image_level_non_oil_only,broad_non_oil_marine
nw:nw-0086-00-000086,nw,0,non_oil_marine,water,False,data/external/dartis/raw/nw/nw-0086-00-000086.jpg,image_level_non_oil_only,broad_non_oil_marine
nw:nw-0087-00-000087,nw,0,non_oil_marine,water,False,data/external/dartis/raw/nw/nw-0087-00-000087.jpg,image_level_non_oil_only,broad_non_oil_marine
nw:nw-0088-00-000088,nw,0,non_oil_marine,water,False,data/external/dartis/raw/nw/nw-0088-00-000088.jpg,image_level_non_oil_only,broad_non_oil_marine
nw:nw-0089-00-000089,nw,0,non_oil_marine,water,False,data/external/dartis/raw/nw/nw-0089-00-000089.jpg,image_level_non_oil_only,broad_non_oil_marine
nw:nw-0090-00-000090,nw,0,non_oil_marine,water,False,data/external/dartis/raw/nw/nw-0090-00-000090.jpg,image_level_non_oil_only,broad_non_oil_marine
nw:nw-0091-00-000091,nw,0,non_oil_marine,water,False,data/external/dartis/raw/nw/nw-0091-00-000091.jpg,image_level_non_oil_only,broad_non_oil_marine
nw:nw-0092-00-000092,nw,0,non_oil_marine,water,False,data/external/dartis/raw/nw/nw-0092-00-000092.jpg,image_level_non_oil_only,broad_non_oil_marine
nw:nw-0093-00-000093,nw,0,non_oil_marine,water,False,data/external/dartis/raw/nw/nw-0093-00-000093.jpg,image_level_non_oil_only,broad_non_oil_marine
nw:nw-0094-00-000094,nw,0,non_oil_marine,water,False,data/external/dartis/raw/nw/nw-0094-00-000094.jpg,image_level_non_oil_only,broad_non_oil_marine
nw:nw-0095-00-000095,nw,0,non_oil_marine,water,False,data/external/dartis/raw/nw/nw-0095-00-000095.jpg,image_level_non_oil_only,broad_non_oil_marine
nw:nw-0096-00-000096,nw,0,non_oil_marine,water,False,data/external/dartis/raw/nw/nw-0096-00-000096.jpg,image_level_non_oil_only,broad_non_oil_marine
nw:nw-0097-00-000097,nw,0,non_oil_marine,water,False,data/external/dartis/raw/nw/nw-0097-00-000097.jpg,image_level_non_oil_only,broad_non_oil_marine
nw:nw-0098-00-000098,nw,0,non_oil_marine,water,False,data/external/dartis/raw/nw/nw-0098-00-000098.jpg,image_level_non_oil_only,broad_non_oil_marine
nw:nw-0099-00-000099,nw,0,non_oil_marine,water,False,data/external/dartis/raw/nw/nw-0099-00-000099.jpg,image_level_non_oil_only,broad_non_oil_marine
nw:nw-0100-00-000100,nw,0,non_oil_marine,water,False,data/external/dartis/raw/nw/nw-0100-00-000100.jpg,image_level_non_oil_only,broad_non_oil_marine
nw:nw-0101-00-000101,nw,0,non_oil_marine,water,False,data/external/dartis/raw/nw/nw-0101-00-000101.jpg,image_level_non_oil_only,broad_non_oil_marine
nw:nw-0102-00-000102,nw,0,non_oil_marine,water,False,data/external/dartis/raw/nw/nw-0102-00-000102.jpg,image_level_non_oil_only,broad_non_oil_marine
nw:nw-0103-00-000103,nw,0,non_oil_marine,water,False,data/external/dartis/raw/nw/nw-0103-00-000103.jpg,image_level_non_oil_only,broad_non_oil_marine
nw:nw-0104-00-000104,nw,0,non_oil_marine,water,False,data/external/dartis/raw/nw/nw-0104-00-000104.jpg,image_level_non_oil_only,broad_non_oil_marine
nw:nw-0105-00-000105,nw,0,non_oil_marine,water,False,data/external/dartis/raw/nw/nw-0105-00-000105.jpg,image_level_non_oil_only,broad_non_oil_marine
nw:nw-0106-00-000106,nw,0,non_oil_marine,water,False,data/external/dartis/raw/nw/nw-0106-00-000106.jpg,image_level_non_oil_only,broad_non_oil_marine
nw:nw-0107-00-000107,nw,0,non_oil_marine,water,False,data/external/dartis/raw/nw/nw-0107-00-000107.jpg,image_level_non_oil_only,broad_non_oil_marine
nw:nw-0108-00-000108,nw,0,non_oil_marine,water,False,data/external/dartis/raw/nw/nw-0108-00-000108.jpg,image_level_non_oil_only,broad_non_oil_marine
nw:nw-0109-00-000109,nw,0,non_oil_marine,water,False,data/external/dartis/raw/nw/nw-0109-00-000109.jpg,image_level_non_oil_only,broad_non_oil_marine
nw:nw-0110-00-000110,nw,0,non_oil_marine,water,False,data/external/dartis/raw/nw/nw-0110-00-000110.jpg,image_level_non_oil_only,broad_non_oil_marine
nw:nw-0111-00-000111,nw,0,non_oil_marine,water,False,data/external/dartis/raw/nw/nw-0111-00-000111.jpg,image_level_non_oil_only,broad_non_oil_marine
nw:nw-0112-00-000112,nw,0,non_oil_marine,water,False,data/external/dartis/raw/nw/nw-0112-00-000112.jpg,image_level_non_oil_only,broad_non_oil_marine
nw:nw-0113-00-000113,nw,0,non_oil_marine,water,False,data/external/dartis/raw/nw/nw-0113-00-000113.jpg,image_level_non_oil_only,broad_non_oil_marine
nw:nw-0114-00-000114,nw,0,non_oil_marine,water,False,data/external/dartis/raw/nw/nw-0114-00-000114.jpg,image_level_non_oil_only,broad_non_oil_marine
nw:nw-0115-00-000115,nw,0,non_oil_marine,water,False,data/external/dartis/raw/nw/nw-0115-00-000115.jpg,image_level_non_oil_only,broad_non_oil_marine
nw:nw-0116-00-000116,nw,0,non_oil_marine,water,False,data/external/dartis/raw/nw/nw-0116-00-000116.jpg,image_level_non_oil_only,broad_non_oil_marine
nw:nw-0117-00-000117,nw,0,non_oil_marine,water,False,data/external/dartis/raw/nw/nw-0117-00-000117.jpg,image_level_non_oil_only,broad_non_oil_marine
nw:nw-0118-00-000118,nw,0,non_oil_marine,water,False,data/external/dartis/raw/nw/nw-0118-00-000118.jpg,image_level_non_oil_only,broad_non_oil_marine
nw:nw-0119-00-000119,nw,0,non_oil_marine,water,False,data/external/dartis/raw/nw/nw-0119-00-000119.jpg,image_level_non_oil_only,broad_non_oil_marine
nw:nw-0120-00-000120,nw,0,non_oil_marine,water,False,data/external/dartis/raw/nw/nw-0120-00-000120.jpg,image_level_non_oil_only,broad_non_oil_marine
nw:nw-0121-00-000121,nw,0,non_oil_marine,water,False,data/external/dartis/raw/nw/nw-0121-00-000121.jpg,image_level_non_oil_only,broad_non_oil_marine
nw:nw-0122-00-000122,nw,0,non_oil_marine,water,False,data/external/dartis/raw/nw/nw-0122-00-000122.jpg,image_level_non_oil_only,broad_non_oil_marine
nw:nw-0123-00-000123,nw,0,non_oil_marine,water,False,data/external/dartis/raw/nw/nw-0123-00-000123.jpg,image_level_non_oil_only,broad_non_oil_marine
nw:nw-0124-00-000124,nw,0,non_oil_marine,water,False,data/external/dartis/raw/nw/nw-0124-00-000124.jpg,image_level_non_oil_only,broad_non_oil_marine
nw:nw-0125-00-000125,nw,0,non_oil_marine,water,False,data/external/dartis/raw/nw/nw-0125-00-000125.jpg,image_level_non_oil_only,broad_non_oil_marine
nw:nw-0126-00-000126,nw,0,non_oil_marine,water,False,data/external/dartis/raw/nw/nw-0126-00-000126.jpg,image_level_non_oil_only,broad_non_oil_marine
nw:nw-0127-00-000127,nw,0,non_oil_marine,water,False,data/external/dartis/raw/nw/nw-0127-00-000127.jpg,image_level_non_oil_only,broad_non_oil_marine
nw:nw-0128-00-000128,nw,0,non_oil_marine,water,False,data/external/dartis/raw/nw/nw-0128-00-000128.jpg,image_level_non_oil_only,broad_non_oil_marine
nw:nw-0129-00-000129,nw,0,non_oil_marine,water,False,data/external/dartis/raw/nw/nw-0129-00-000129.jpg,image_level_non_oil_only,broad_non_oil_marine
nw:nw-0130-00-000130,nw,0,non_oil_marine,water,False,data/external/dartis/raw/nw/nw-0130-00-000130.jpg,image_level_non_oil_only,broad_non_oil_marine
nw:nw-0131-00-000131,nw,0,non_oil_marine,water,False,data/external/dartis/raw/nw/nw-0131-00-000131.jpg,image_level_non_oil_only,broad_non_oil_marine
nw:nw-0132-00-000132,nw,0,non_oil_marine,water,False,data/external/dartis/raw/nw/nw-0132-00-000132.jpg,image_level_non_oil_only,broad_non_oil_marine
nw:nw-0133-00-000133,nw,0,non_oil_marine,water,False,data/external/dartis/raw/nw/nw-0133-00-000133.jpg,image_level_non_oil_only,broad_non_oil_marine
nw:nw-0134-00-000134,nw,0,non_oil_marine,water,False,data/external/dartis/raw/nw/nw-0134-00-000134.jpg,image_level_non_oil_only,broad_non_oil_marine
nw:nw-0135-00-000135,nw,0,non_oil_marine,water,False,data/external/dartis/raw/nw/nw-0135-00-000135.jpg,image_level_non_oil_only,broad_non_oil_marine
nw:nw-0136-00-000136,nw,0,non_oil_marine,water,False,data/external/dartis/raw/nw/nw-0136-00-000136.jpg,image_level_non_oil_only,broad_non_oil_marine
nw:nw-0137-00-000137,nw,0,non_oil_marine,water,False,data/external/dartis/raw/nw/nw-0137-00-000137.jpg,image_level_non_oil_only,broad_non_oil_marine
nw:nw-0138-00-000138,nw,0,non_oil_marine,water,False,data/external/dartis/raw/nw/nw-0138-00-000138.jpg,image_level_non_oil_only,broad_non_oil_marine
nw:nw-0139-00-000139,nw,0,non_oil_marine,water,False,data/external/dartis/raw/nw/nw-0139-00-000139.jpg,image_level_non_oil_only,broad_non_oil_marine
nw:nw-0140-00-000140,nw,0,non_oil_marine,water,False,data/external/dartis/raw/nw/nw-0140-00-000140.jpg,image_level_non_oil_only,broad_non_oil_marine
nw:nw-0141-00-000141,nw,0,non_oil_marine,water,False,data/external/dartis/raw/nw/nw-0141-00-000141.jpg,image_level_non_oil_only,broad_non_oil_marine
nw:nw-0142-00-000142,nw,0,non_oil_marine,water,False,data/external/dartis/raw/nw/nw-0142-00-000142.jpg,image_level_non_oil_only,broad_non_oil_marine
nw:nw-0143-00-000143,nw,0,non_oil_marine,water,False,data/external/dartis/raw/nw/nw-0143-00-000143.jpg,image_level_non_oil_only,broad_non_oil_marine
nw:nw-0144-00-000144,nw,0,non_oil_marine,water,False,data/external/dartis/raw/nw/nw-0144-00-000144.jpg,image_level_non_oil_only,broad_non_oil_marine
nw:nw-0145-00-000145,nw,0,non_oil_marine,water,False,data/external/dartis/raw/nw/nw-0145-00-000145.jpg,image_level_non_oil_only,broad_non_oil_marine
nw:nw-0146-00-000146,nw,0,non_oil_marine,water,False,data/external/dartis/raw/nw/nw-0146-00-000146.jpg,image_level_non_oil_only,broad_non_oil_marine
nw:nw-0147-00-000147,nw,0,non_oil_marine,water,False,data/external/dartis/raw/nw/nw-0147-00-000147.jpg,image_level_non_oil_only,broad_non_oil_marine
nw:nw-0148-00-000148,nw,0,non_oil_marine,water,False,data/external/dartis/raw/nw/nw-0148-00-000148.jpg,image_level_non_oil_only,broad_non_oil_marine
nw:nw-0149-00-000149,nw,0,non_oil_marine,water,False,data/external/dartis/raw/nw/nw-0149-00-000149.jpg,image_level_non_oil_only,broad_non_oil_marine
nw:nw-0150-00-000150,nw,0,non_oil_marine,water,False,data/external/dartis/raw/nw/nw-0150-00-000150.jpg,image_level_non_oil_only,broad_non_oil_marine
nw:nw-0151-00-000151,nw,0,non_oil_marine,water,False,data/external/dartis/raw/nw/nw-0151-00-000151.jpg,image_level_non_oil_only,broad_non_oil_marine
nw:nw-0152-00-000152,nw,0,non_oil_marine,water,False,data/external/dartis/raw/nw/nw-0152-00-000152.jpg,image_level_non_oil_only,broad_non_oil_marine
nw:nw-0153-00-000153,nw,0,non_oil_marine,water,False,data/external/dartis/raw/nw/nw-0153-00-000153.jpg,image_level_non_oil_only,broad_non_oil_marine
nw:nw-0154-00-000154,nw,0,non_oil_marine,water,False,data/external/dartis/raw/nw/nw-0154-00-000154.jpg,image_level_non_oil_only,broad_non_oil_marine
nw:nw-0155-00-000155,nw,0,non_oil_marine,water,False,data/external/dartis/raw/nw/nw-0155-00-000155.jpg,image_level_non_oil_only,broad_non_oil_marine
nw:nw-0156-00-000156,nw,0,non_oil_marine,water,False,data/external/dartis/raw/nw/nw-0156-00-000156.jpg,image_level_non_oil_only,broad_non_oil_marine
nw:nw-0157-00-000157,nw,0,non_oil_marine,water,False,data/external/dartis/raw/nw/nw-0157-00-000157.jpg,image_level_non_oil_only,broad_non_oil_marine
nw:nw-0158-00-000158,nw,0,non_oil_marine,water,False,data/external/dartis/raw/nw/nw-0158-00-000158.jpg,image_level_non_oil_only,broad_non_oil_marine
nw:nw-0159-00-000159,nw,0,non_oil_marine,water,False,data/external/dartis/raw/nw/nw-0159-00-000159.jpg,image_level_non_oil_only,broad_non_oil_marine
nw:nw-0160-00-000160,nw,0,non_oil_marine,water,False,data/external/dartis/raw/nw/nw-0160-00-000160.jpg,image_level_non_oil_only,broad_non_oil_marine
nw:nw-0161-00-000161,nw,0,non_oil_marine,water,False,data/external/dartis/raw/nw/nw-0161-00-000161.jpg,image_level_non_oil_only,broad_non_oil_marine
nw:nw-0162-00-000162,nw,0,non_oil_marine,water,False,data/external/dartis/raw/nw/nw-0162-00-000162.jpg,image_level_non_oil_only,broad_non_oil_marine
nw:nw-0163-00-000163,nw,0,non_oil_marine,water,False,data/external/dartis/raw/nw/nw-0163-00-000163.jpg,image_level_non_oil_only,broad_non_oil_marine
nw:nw-0164-00-000164,nw,0,non_oil_marine,water,False,data/external/dartis/raw/nw/nw-0164-00-000164.jpg,image_level_non_oil_only,broad_non_oil_marine
nw:nw-0165-00-000165,nw,0,non_oil_marine,water,False,data/external/dartis/raw/nw/nw-0165-00-000165.jpg,image_level_non_oil_only,broad_non_oil_marine
nw:nw-0166-00-000166,nw,0,non_oil_marine,water,False,data/external/dartis/raw/nw/nw-0166-00-000166.jpg,image_level_non_oil_only,broad_non_oil_marine
nw:nw-0167-00-000167,nw,0,non_oil_marine,water,False,data/external/dartis/raw/nw/nw-0167-00-000167.jpg,image_level_non_oil_only,broad_non_oil_marine
nw:nw-0168-00-000168,nw,0,non_oil_marine,water,False,data/external/dartis/raw/nw/nw-0168-00-000168.jpg,image_level_non_oil_only,broad_non_oil_marine
nw:nw-0169-00-000169,nw,0,non_oil_marine,water,False,data/external/dartis/raw/nw/nw-0169-00-000169.jpg,image_level_non_oil_only,broad_non_oil_marine
nw:nw-0170-00-000170,nw,0,non_oil_marine,water,False,data/external/dartis/raw/nw/nw-0170-00-000170.jpg,image_level_non_oil_only,broad_non_oil_marine
nw:nw-0171-00-000171,nw,0,non_oil_marine,water,False,data/external/dartis/raw/nw/nw-0171-00-000171.jpg,image_level_non_oil_only,broad_non_oil_marine
nw:nw-0172-00-000172,nw,0,non_oil_marine,water,False,data/external/dartis/raw/nw/nw-0172-00-000172.jpg,image_level_non_oil_only,broad_non_oil_marine
nw:nw-0173-01-000001,nw,0,non_oil_marine,water,False,data/external/dartis/raw/nw/nw-0173-01-000001.jpg,image_level_non_oil_only,broad_non_oil_marine
nw:nw-0174-01-000002,nw,0,non_oil_marine,water,False,data/external/dartis/raw/nw/nw-0174-01-000002.jpg,image_level_non_oil_only,broad_non_oil_marine
nw:nw-0175-01-000003,nw,0,non_oil_marine,water,False,data/external/dartis/raw/nw/nw-0175-01-000003.jpg,image_level_non_oil_only,broad_non_oil_marine
nw:nw-0176-01-000004,nw,0,non_oil_marine,water,False,data/external/dartis/raw/nw/nw-0176-01-000004.jpg,image_level_non_oil_only,broad_non_oil_marine
nw:nw-0177-01-000005,nw,0,non_oil_marine,water,False,data/external/dartis/raw/nw/nw-0177-01-000005.jpg,image_level_non_oil_only,broad_non_oil_marine
nw:nw-0178-01-000006,nw,0,non_oil_marine,water,False,data/external/dartis/raw/nw/nw-0178-01-000006.jpg,image_level_non_oil_only,broad_non_oil_marine
nw:nw-0179-01-000007,nw,0,non_oil_marine,water,False,data/external/dartis/raw/nw/nw-0179-01-000007.jpg,image_level_non_oil_only,broad_non_oil_marine
nw:nw-0180-01-000008,nw,0,non_oil_marine,water,False,data/external/dartis/raw/nw/nw-0180-01-000008.jpg,image_level_non_oil_only,broad_non_oil_marine
nw:nw-0181-01-000009,nw,0,non_oil_marine,water,False,data/external/dartis/raw/nw/nw-0181-01-000009.jpg,image_level_non_oil_only,broad_non_oil_marine
nw:nw-0182-01-000010,nw,0,non_oil_marine,water,False,data/external/dartis/raw/nw/nw-0182-01-000010.jpg,image_level_non_oil_only,broad_non_oil_marine
nw:nw-0183-01-000011,nw,0,non_oil_marine,water,False,data/external/dartis/raw/nw/nw-0183-01-000011.jpg,image_level_non_oil_only,broad_non_oil_marine
nw:nw-0184-01-000012,nw,0,non_oil_marine,water,False,data/external/dartis/raw/nw/nw-0184-01-000012.jpg,image_level_non_oil_only,broad_non_oil_marine
nw:nw-0185-01-000013,nw,0,non_oil_marine,water,False,data/external/dartis/raw/nw/nw-0185-01-000013.jpg,image_level_non_oil_only,broad_non_oil_marine
nw:nw-0186-01-000014,nw,0,non_oil_marine,water,False,data/external/dartis/raw/nw/nw-0186-01-000014.jpg,image_level_non_oil_only,broad_non_oil_marine
nw:nw-0187-01-000015,nw,0,non_oil_marine,water,False,data/external/dartis/raw/nw/nw-0187-01-000015.jpg,image_level_non_oil_only,broad_non_oil_marine
nw:nw-0188-01-000016,nw,0,non_oil_marine,water,False,data/external/dartis/raw/nw/nw-0188-01-000016.jpg,image_level_non_oil_only,broad_non_oil_marine
nw:nw-0189-01-000017,nw,0,non_oil_marine,water,False,data/external/dartis/raw/nw/nw-0189-01-000017.jpg,image_level_non_oil_only,broad_non_oil_marine
nw:nw-0190-01-000018,nw,0,non_oil_marine,water,False,data/external/dartis/raw/nw/nw-0190-01-000018.jpg,image_level_non_oil_only,broad_non_oil_marine
nw:nw-0191-01-000019,nw,0,non_oil_marine,water,False,data/external/dartis/raw/nw/nw-0191-01-000019.jpg,image_level_non_oil_only,broad_non_oil_marine
nw:nw-0192-01-000020,nw,0,non_oil_marine,water,False,data/external/dartis/raw/nw/nw-0192-01-000020.jpg,image_level_non_oil_only,broad_non_oil_marine
nw:nw-0193-01-000021,nw,0,non_oil_marine,water,False,data/external/dartis/raw/nw/nw-0193-01-000021.jpg,image_level_non_oil_only,broad_non_oil_marine
nw:nw-0194-01-000022,nw,0,non_oil_marine,water,False,data/external/dartis/raw/nw/nw-0194-01-000022.jpg,image_level_non_oil_only,broad_non_oil_marine
nw:nw-0195-01-000023,nw,0,non_oil_marine,water,False,data/external/dartis/raw/nw/nw-0195-01-000023.jpg,image_level_non_oil_only,broad_non_oil_marine
nw:nw-0196-01-000024,nw,0,non_oil_marine,water,False,data/external/dartis/raw/nw/nw-0196-01-000024.jpg,image_level_non_oil_only,broad_non_oil_marine
nw:nw-0197-01-000025,nw,0,non_oil_marine,water,False,data/external/dartis/raw/nw/nw-0197-01-000025.jpg,image_level_non_oil_only,broad_non_oil_marine
nw:nw-0198-01-000026,nw,0,non_oil_marine,water,False,data/external/dartis/raw/nw/nw-0198-01-000026.jpg,image_level_non_oil_only,broad_non_oil_marine
nw:nw-0199-01-000027,nw,0,non_oil_marine,water,False,data/external/dartis/raw/nw/nw-0199-01-000027.jpg,image_level_non_oil_only,broad_non_oil_marine
nw:nw-0200-01-000028,nw,0,non_oil_marine,water,False,data/external/dartis/raw/nw/nw-0200-01-000028.jpg,image_level_non_oil_only,broad_non_oil_marine
nw:nw-0201-01-000029,nw,0,non_oil_marine,water,False,data/external/dartis/raw/nw/nw-0201-01-000029.jpg,image_level_non_oil_only,broad_non_oil_marine
nw:nw-0202-01-000030,nw,0,non_oil_marine,water,False,data/external/dartis/raw/nw/nw-0202-01-000030.jpg,image_level_non_oil_only,broad_non_oil_marine
nw:nw-0203-01-000031,nw,0,non_oil_marine,water,False,data/external/dartis/raw/nw/nw-0203-01-000031.jpg,image_level_non_oil_only,broad_non_oil_marine
nw:nw-0204-01-000032,nw,0,non_oil_marine,water,False,data/external/dartis/raw/nw/nw-0204-01-000032.jpg,image_level_non_oil_only,broad_non_oil_marine
nw:nw-0205-01-000033,nw,0,non_oil_marine,water,False,data/external/dartis/raw/nw/nw-0205-01-000033.jpg,image_level_non_oil_only,broad_non_oil_marine
nw:nw-0206-01-000034,nw,0,non_oil_marine,water,False,data/external/dartis/raw/nw/nw-0206-01-000034.jpg,image_level_non_oil_only,broad_non_oil_marine
nw:nw-0207-01-000035,nw,0,non_oil_marine,water,False,data/external/dartis/raw/nw/nw-0207-01-000035.jpg,image_level_non_oil_only,broad_non_oil_marine
nw:nw-0208-01-000036,nw,0,non_oil_marine,water,False,data/external/dartis/raw/nw/nw-0208-01-000036.jpg,image_level_non_oil_only,broad_non_oil_marine
nw:nw-0209-01-000037,nw,0,non_oil_marine,water,False,data/external/dartis/raw/nw/nw-0209-01-000037.jpg,image_level_non_oil_only,broad_non_oil_marine
nw:nw-0210-01-000038,nw,0,non_oil_marine,water,False,data/external/dartis/raw/nw/nw-0210-01-000038.jpg,image_level_non_oil_only,broad_non_oil_marine
nw:nw-0211-01-000039,nw,0,non_oil_marine,water,False,data/external/dartis/raw/nw/nw-0211-01-000039.jpg,image_level_non_oil_only,broad_non_oil_marine
nw:nw-0212-01-000040,nw,0,non_oil_marine,water,False,data/external/dartis/raw/nw/nw-0212-01-000040.jpg,image_level_non_oil_only,broad_non_oil_marine
nw:nw-0213-01-000041,nw,0,non_oil_marine,water,False,data/external/dartis/raw/nw/nw-0213-01-000041.jpg,image_level_non_oil_only,broad_non_oil_marine
nw:nw-0214-01-000042,nw,0,non_oil_marine,water,False,data/external/dartis/raw/nw/nw-0214-01-000042.jpg,image_level_non_oil_only,broad_non_oil_marine
nw:nw-0215-01-000043,nw,0,non_oil_marine,water,False,data/external/dartis/raw/nw/nw-0215-01-000043.jpg,image_level_non_oil_only,broad_non_oil_marine
nw:nw-0216-01-000044,nw,0,non_oil_marine,water,False,data/external/dartis/raw/nw/nw-0216-01-000044.jpg,image_level_non_oil_only,broad_non_oil_marine
nw:nw-0217-01-000045,nw,0,non_oil_marine,water,False,data/external/dartis/raw/nw/nw-0217-01-000045.jpg,image_level_non_oil_only,broad_non_oil_marine
nw:nw-0218-01-000046,nw,0,non_oil_marine,water,False,data/external/dartis/raw/nw/nw-0218-01-000046.jpg,image_level_non_oil_only,broad_non_oil_marine
nw:nw-0219-01-000047,nw,0,non_oil_marine,water,False,data/external/dartis/raw/nw/nw-0219-01-000047.jpg,image_level_non_oil_only,broad_non_oil_marine
nw:nw-0220-01-000048,nw,0,non_oil_marine,water,False,data/external/dartis/raw/nw/nw-0220-01-000048.jpg,image_level_non_oil_only,broad_non_oil_marine
nw:nw-0221-01-000049,nw,0,non_oil_marine,water,False,data/external/dartis/raw/nw/nw-0221-01-000049.jpg,image_level_non_oil_only,broad_non_oil_marine
nw:nw-0222-01-000050,nw,0,non_oil_marine,water,False,data/external/dartis/raw/nw/nw-0222-01-000050.jpg,image_level_non_oil_only,broad_non_oil_marine
nw:nw-0223-01-000051,nw,0,non_oil_marine,water,False,data/external/dartis/raw/nw/nw-0223-01-000051.jpg,image_level_non_oil_only,broad_non_oil_marine
nw:nw-0224-01-000052,nw,0,non_oil_marine,water,False,data/external/dartis/raw/nw/nw-0224-01-000052.jpg,image_level_non_oil_only,broad_non_oil_marine
nw:nw-0225-01-000053,nw,0,non_oil_marine,water,False,data/external/dartis/raw/nw/nw-0225-01-000053.jpg,image_level_non_oil_only,broad_non_oil_marine
nw:nw-0226-01-000054,nw,0,non_oil_marine,water,False,data/external/dartis/raw/nw/nw-0226-01-000054.jpg,image_level_non_oil_only,broad_non_oil_marine
nw:nw-0227-01-000055,nw,0,non_oil_marine,water,False,data/external/dartis/raw/nw/nw-0227-01-000055.jpg,image_level_non_oil_only,broad_non_oil_marine
nw:nw-0228-01-000056,nw,0,non_oil_marine,water,False,data/external/dartis/raw/nw/nw-0228-01-000056.jpg,image_level_non_oil_only,broad_non_oil_marine
nw:nw-0229-01-000057,nw,0,non_oil_marine,water,False,data/external/dartis/raw/nw/nw-0229-01-000057.jpg,image_level_non_oil_only,broad_non_oil_marine
nw:nw-0230-01-000058,nw,0,non_oil_marine,water,False,data/external/dartis/raw/nw/nw-0230-01-000058.jpg,image_level_non_oil_only,broad_non_oil_marine
nw:nw-0231-01-000059,nw,0,non_oil_marine,water,False,data/external/dartis/raw/nw/nw-0231-01-000059.jpg,image_level_non_oil_only,broad_non_oil_marine
nw:nw-0232-01-000060,nw,0,non_oil_marine,water,False,data/external/dartis/raw/nw/nw-0232-01-000060.jpg,image_level_non_oil_only,broad_non_oil_marine
nw:nw-0233-01-000061,nw,0,non_oil_marine,water,False,data/external/dartis/raw/nw/nw-0233-01-000061.jpg,image_level_non_oil_only,broad_non_oil_marine
nw:nw-0234-01-000062,nw,0,non_oil_marine,water,False,data/external/dartis/raw/nw/nw-0234-01-000062.jpg,image_level_non_oil_only,broad_non_oil_marine
nw:nw-0235-01-000063,nw,0,non_oil_marine,water,False,data/external/dartis/raw/nw/nw-0235-01-000063.jpg,image_level_non_oil_only,broad_non_oil_marine
nw:nw-0236-01-000064,nw,0,non_oil_marine,water,False,data/external/dartis/raw/nw/nw-0236-01-000064.jpg,image_level_non_oil_only,broad_non_oil_marine
nw:nw-0237-01-000065,nw,0,non_oil_marine,water,False,data/external/dartis/raw/nw/nw-0237-01-000065.jpg,image_level_non_oil_only,broad_non_oil_marine
nw:nw-0238-01-000066,nw,0,non_oil_marine,water,False,data/external/dartis/raw/nw/nw-0238-01-000066.jpg,image_level_non_oil_only,broad_non_oil_marine
nw:nw-0239-01-000067,nw,0,non_oil_marine,water,False,data/external/dartis/raw/nw/nw-0239-01-000067.jpg,image_level_non_oil_only,broad_non_oil_marine
nw:nw-0240-01-000068,nw,0,non_oil_marine,water,False,data/external/dartis/raw/nw/nw-0240-01-000068.jpg,image_level_non_oil_only,broad_non_oil_marine
nw:nw-0241-01-000069,nw,0,non_oil_marine,water,False,data/external/dartis/raw/nw/nw-0241-01-000069.jpg,image_level_non_oil_only,broad_non_oil_marine
nw:nw-0242-01-000070,nw,0,non_oil_marine,water,False,data/external/dartis/raw/nw/nw-0242-01-000070.jpg,image_level_non_oil_only,broad_non_oil_marine
nw:nw-0243-01-000071,nw,0,non_oil_marine,water,False,data/external/dartis/raw/nw/nw-0243-01-000071.jpg,image_level_non_oil_only,broad_non_oil_marine
nw:nw-0244-01-000072,nw,0,non_oil_marine,water,False,data/external/dartis/raw/nw/nw-0244-01-000072.jpg,image_level_non_oil_only,broad_non_oil_marine
nw:nw-0245-01-000073,nw,0,non_oil_marine,water,False,data/external/dartis/raw/nw/nw-0245-01-000073.jpg,image_level_non_oil_only,broad_non_oil_marine
nw:nw-0246-01-000074,nw,0,non_oil_marine,water,False,data/external/dartis/raw/nw/nw-0246-01-000074.jpg,image_level_non_oil_only,broad_non_oil_marine
nw:nw-0247-01-000075,nw,0,non_oil_marine,water,False,data/external/dartis/raw/nw/nw-0247-01-000075.jpg,image_level_non_oil_only,broad_non_oil_marine
nw:nw-0248-01-000076,nw,0,non_oil_marine,water,False,data/external/dartis/raw/nw/nw-0248-01-000076.jpg,image_level_non_oil_only,broad_non_oil_marine
nw:nw-0249-01-000077,nw,0,non_oil_marine,water,False,data/external/dartis/raw/nw/nw-0249-01-000077.jpg,image_level_non_oil_only,broad_non_oil_marine
nw:nw-0250-01-000078,nw,0,non_oil_marine,water,False,data/external/dartis/raw/nw/nw-0250-01-000078.jpg,image_level_non_oil_only,broad_non_oil_marine
nw:nw-0251-01-000079,nw,0,non_oil_marine,water,False,data/external/dartis/raw/nw/nw-0251-01-000079.jpg,image_level_non_oil_only,broad_non_oil_marine
nw:nw-0252-01-000080,nw,0,non_oil_marine,water,False,data/external/dartis/raw/nw/nw-0252-01-000080.jpg,image_level_non_oil_only,broad_non_oil_marine
nw:nw-0253-01-000081,nw,0,non_oil_marine,water,False,data/external/dartis/raw/nw/nw-0253-01-000081.jpg,image_level_non_oil_only,broad_non_oil_marine
nw:nw-0254-01-000082,nw,0,non_oil_marine,water,False,data/external/dartis/raw/nw/nw-0254-01-000082.jpg,image_level_non_oil_only,broad_non_oil_marine
nw:nw-0255-01-000083,nw,0,non_oil_marine,water,False,data/external/dartis/raw/nw/nw-0255-01-000083.jpg,image_level_non_oil_only,broad_non_oil_marine
nw:nw-0256-01-000084,nw,0,non_oil_marine,water,False,data/external/dartis/raw/nw/nw-0256-01-000084.jpg,image_level_non_oil_only,broad_non_oil_marine
nw:nw-0257-01-000085,nw,0,non_oil_marine,water,False,data/external/dartis/raw/nw/nw-0257-01-000085.jpg,image_level_non_oil_only,broad_non_oil_marine
nw:nw-0258-01-000086,nw,0,non_oil_marine,water,False,data/external/dartis/raw/nw/nw-0258-01-000086.jpg,image_level_non_oil_only,broad_non_oil_marine
nw:nw-0259-01-000087,nw,0,non_oil_marine,water,False,data/external/dartis/raw/nw/nw-0259-01-000087.jpg,image_level_non_oil_only,broad_non_oil_marine
nw:nw-0260-01-000088,nw,0,non_oil_marine,water,False,data/external/dartis/raw/nw/nw-0260-01-000088.jpg,image_level_non_oil_only,broad_non_oil_marine
nw:nw-0261-01-000089,nw,0,non_oil_marine,water,False,data/external/dartis/raw/nw/nw-0261-01-000089.jpg,image_level_non_oil_only,broad_non_oil_marine
nw:nw-0262-01-000090,nw,0,non_oil_marine,water,False,data/external/dartis/raw/nw/nw-0262-01-000090.jpg,image_level_non_oil_only,broad_non_oil_marine
nw:nw-0263-01-000091,nw,0,non_oil_marine,water,False,data/external/dartis/raw/nw/nw-0263-01-000091.jpg,image_level_non_oil_only,broad_non_oil_marine
nw:nw-0264-01-000092,nw,0,non_oil_marine,water,False,data/external/dartis/raw/nw/nw-0264-01-000092.jpg,image_level_non_oil_only,broad_non_oil_marine
nw:nw-0265-01-000093,nw,0,non_oil_marine,water,False,data/external/dartis/raw/nw/nw-0265-01-000093.jpg,image_level_non_oil_only,broad_non_oil_marine
nw:nw-0266-01-000094,nw,0,non_oil_marine,water,False,data/external/dartis/raw/nw/nw-0266-01-000094.jpg,image_level_non_oil_only,broad_non_oil_marine
nw:nw-0267-01-000095,nw,0,non_oil_marine,water,False,data/external/dartis/raw/nw/nw-0267-01-000095.jpg,image_level_non_oil_only,broad_non_oil_marine
nw:nw-0268-01-000096,nw,0,non_oil_marine,water,False,data/external/dartis/raw/nw/nw-0268-01-000096.jpg,image_level_non_oil_only,broad_non_oil_marine
nw:nw-0269-01-000097,nw,0,non_oil_marine,water,False,data/external/dartis/raw/nw/nw-0269-01-000097.jpg,image_level_non_oil_only,broad_non_oil_marine
nw:nw-0270-01-000098,nw,0,non_oil_marine,water,False,data/external/dartis/raw/nw/nw-0270-01-000098.jpg,image_level_non_oil_only,broad_non_oil_marine
nw:nw-0271-01-000099,nw,0,non_oil_marine,water,False,data/external/dartis/raw/nw/nw-0271-01-000099.jpg,image_level_non_oil_only,broad_non_oil_marine
nw:nw-0272-01-000100,nw,0,non_oil_marine,water,False,data/external/dartis/raw/nw/nw-0272-01-000100.jpg,image_level_non_oil_only,broad_non_oil_marine
nw:nw-0273-01-000101,nw,0,non_oil_marine,water,False,data/external/dartis/raw/nw/nw-0273-01-000101.jpg,image_level_non_oil_only,broad_non_oil_marine
nw:nw-0274-01-000102,nw,0,non_oil_marine,water,False,data/external/dartis/raw/nw/nw-0274-01-000102.jpg,image_level_non_oil_only,broad_non_oil_marine
nw:nw-0275-01-000103,nw,0,non_oil_marine,water,False,data/external/dartis/raw/nw/nw-0275-01-000103.jpg,image_level_non_oil_only,broad_non_oil_marine
nw:nw-0276-01-000104,nw,0,non_oil_marine,water,False,data/external/dartis/raw/nw/nw-0276-01-000104.jpg,image_level_non_oil_only,broad_non_oil_marine
nw:nw-0277-01-000105,nw,0,non_oil_marine,water,False,data/external/dartis/raw/nw/nw-0277-01-000105.jpg,image_level_non_oil_only,broad_non_oil_marine
nw:nw-0278-01-000106,nw,0,non_oil_marine,water,False,data/external/dartis/raw/nw/nw-0278-01-000106.jpg,image_level_non_oil_only,broad_non_oil_marine
nw:nw-0279-01-000107,nw,0,non_oil_marine,water,False,data/external/dartis/raw/nw/nw-0279-01-000107.jpg,image_level_non_oil_only,broad_non_oil_marine
nw:nw-0280-01-000108,nw,0,non_oil_marine,water,False,data/external/dartis/raw/nw/nw-0280-01-000108.jpg,image_level_non_oil_only,broad_non_oil_marine
nw:nw-0281-01-000109,nw,0,non_oil_marine,water,False,data/external/dartis/raw/nw/nw-0281-01-000109.jpg,image_level_non_oil_only,broad_non_oil_marine
nw:nw-0282-01-000110,nw,0,non_oil_marine,water,False,data/external/dartis/raw/nw/nw-0282-01-000110.jpg,image_level_non_oil_only,broad_non_oil_marine
nw:nw-0283-01-000111,nw,0,non_oil_marine,water,False,data/external/dartis/raw/nw/nw-0283-01-000111.jpg,image_level_non_oil_only,broad_non_oil_marine
nw:nw-0284-01-000112,nw,0,non_oil_marine,water,False,data/external/dartis/raw/nw/nw-0284-01-000112.jpg,image_level_non_oil_only,broad_non_oil_marine
nw:nw-0285-01-000113,nw,0,non_oil_marine,water,False,data/external/dartis/raw/nw/nw-0285-01-000113.jpg,image_level_non_oil_only,broad_non_oil_marine
nw:nw-0286-01-000114,nw,0,non_oil_marine,water,False,data/external/dartis/raw/nw/nw-0286-01-000114.jpg,image_level_non_oil_only,broad_non_oil_marine
nw:nw-0287-01-000115,nw,0,non_oil_marine,water,False,data/external/dartis/raw/nw/nw-0287-01-000115.jpg,image_level_non_oil_only,broad_non_oil_marine
nw:nw-0288-01-000116,nw,0,non_oil_marine,water,False,data/external/dartis/raw/nw/nw-0288-01-000116.jpg,image_level_non_oil_only,broad_non_oil_marine
nw:nw-0289-01-000117,nw,0,non_oil_marine,water,False,data/external/dartis/raw/nw/nw-0289-01-000117.jpg,image_level_non_oil_only,broad_non_oil_marine
nw:nw-0290-01-000118,nw,0,non_oil_marine,water,False,data/external/dartis/raw/nw/nw-0290-01-000118.jpg,image_level_non_oil_only,broad_non_oil_marine
nw:nw-0291-01-000119,nw,0,non_oil_marine,water,False,data/external/dartis/raw/nw/nw-0291-01-000119.jpg,image_level_non_oil_only,broad_non_oil_marine
nw:nw-0292-01-000120,nw,0,non_oil_marine,water,False,data/external/dartis/raw/nw/nw-0292-01-000120.jpg,image_level_non_oil_only,broad_non_oil_marine
nw:nw-0293-01-000121,nw,0,non_oil_marine,water,False,data/external/dartis/raw/nw/nw-0293-01-000121.jpg,image_level_non_oil_only,broad_non_oil_marine
nw:nw-0294-01-000122,nw,0,non_oil_marine,water,False,data/external/dartis/raw/nw/nw-0294-01-000122.jpg,image_level_non_oil_only,broad_non_oil_marine
nw:nw-0295-01-000123,nw,0,non_oil_marine,water,False,data/external/dartis/raw/nw/nw-0295-01-000123.jpg,image_level_non_oil_only,broad_non_oil_marine
nw:nw-0296-01-000124,nw,0,non_oil_marine,water,False,data/external/dartis/raw/nw/nw-0296-01-000124.jpg,image_level_non_oil_only,broad_non_oil_marine
nw:nw-0297-01-000125,nw,0,non_oil_marine,water,False,data/external/dartis/raw/nw/nw-0297-01-000125.jpg,image_level_non_oil_only,broad_non_oil_marine
nw:nw-0298-01-000126,nw,0,non_oil_marine,water,False,data/external/dartis/raw/nw/nw-0298-01-000126.jpg,image_level_non_oil_only,broad_non_oil_marine
nw:nw-0299-01-000127,nw,0,non_oil_marine,water,False,data/external/dartis/raw/nw/nw-0299-01-000127.jpg,image_level_non_oil_only,broad_non_oil_marine
nw:nw-0300-01-000128,nw,0,non_oil_marine,water,False,data/external/dartis/raw/nw/nw-0300-01-000128.jpg,image_level_non_oil_only,broad_non_oil_marine
nw:nw-0301-01-000129,nw,0,non_oil_marine,water,False,data/external/dartis/raw/nw/nw-0301-01-000129.jpg,image_level_non_oil_only,broad_non_oil_marine
nw:nw-0302-01-000130,nw,0,non_oil_marine,water,False,data/external/dartis/raw/nw/nw-0302-01-000130.jpg,image_level_non_oil_only,broad_non_oil_marine
nw:nw-0303-01-000131,nw,0,non_oil_marine,water,False,data/external/dartis/raw/nw/nw-0303-01-000131.jpg,image_level_non_oil_only,broad_non_oil_marine
nw:nw-0304-01-000132,nw,0,non_oil_marine,water,False,data/external/dartis/raw/nw/nw-0304-01-000132.jpg,image_level_non_oil_only,broad_non_oil_marine
nw:nw-0305-01-000133,nw,0,non_oil_marine,water,False,data/external/dartis/raw/nw/nw-0305-01-000133.jpg,image_level_non_oil_only,broad_non_oil_marine
nw:nw-0306-01-000134,nw,0,non_oil_marine,water,False,data/external/dartis/raw/nw/nw-0306-01-000134.jpg,image_level_non_oil_only,broad_non_oil_marine
nw:nw-0307-01-000135,nw,0,non_oil_marine,water,False,data/external/dartis/raw/nw/nw-0307-01-000135.jpg,image_level_non_oil_only,broad_non_oil_marine
nw:nw-0308-01-000136,nw,0,non_oil_marine,water,False,data/external/dartis/raw/nw/nw-0308-01-000136.jpg,image_level_non_oil_only,broad_non_oil_marine
nw:nw-0309-01-000137,nw,0,non_oil_marine,water,False,data/external/dartis/raw/nw/nw-0309-01-000137.jpg,image_level_non_oil_only,broad_non_oil_marine
nw:nw-0310-01-000138,nw,0,non_oil_marine,water,False,data/external/dartis/raw/nw/nw-0310-01-000138.jpg,image_level_non_oil_only,broad_non_oil_marine
nw:nw-0311-01-000139,nw,0,non_oil_marine,water,False,data/external/dartis/raw/nw/nw-0311-01-000139.jpg,image_level_non_oil_only,broad_non_oil_marine
nw:nw-0312-01-000140,nw,0,non_oil_marine,water,False,data/external/dartis/raw/nw/nw-0312-01-000140.jpg,image_level_non_oil_only,broad_non_oil_marine
nw:nw-0313-01-000141,nw,0,non_oil_marine,water,False,data/external/dartis/raw/nw/nw-0313-01-000141.jpg,image_level_non_oil_only,broad_non_oil_marine
nw:nw-0314-01-000142,nw,0,non_oil_marine,water,False,data/external/dartis/raw/nw/nw-0314-01-000142.jpg,image_level_non_oil_only,broad_non_oil_marine
nw:nw-0315-01-000143,nw,0,non_oil_marine,water,False,data/external/dartis/raw/nw/nw-0315-01-000143.jpg,image_level_non_oil_only,broad_non_oil_marine
nw:nw-0316-01-000144,nw,0,non_oil_marine,water,False,data/external/dartis/raw/nw/nw-0316-01-000144.jpg,image_level_non_oil_only,broad_non_oil_marine
nw:nw-0317-01-000145,nw,0,non_oil_marine,water,False,data/external/dartis/raw/nw/nw-0317-01-000145.jpg,image_level_non_oil_only,broad_non_oil_marine
nw:nw-0318-01-000146,nw,0,non_oil_marine,water,False,data/external/dartis/raw/nw/nw-0318-01-000146.jpg,image_level_non_oil_only,broad_non_oil_marine
nw:nw-0319-01-000147,nw,0,non_oil_marine,water,False,data/external/dartis/raw/nw/nw-0319-01-000147.jpg,image_level_non_oil_only,broad_non_oil_marine
nw:nw-0320-01-000148,nw,0,non_oil_marine,water,False,data/external/dartis/raw/nw/nw-0320-01-000148.jpg,image_level_non_oil_only,broad_non_oil_marine
nw:nw-0321-01-000149,nw,0,non_oil_marine,water,False,data/external/dartis/raw/nw/nw-0321-01-000149.jpg,image_level_non_oil_only,broad_non_oil_marine
nw:nw-0322-01-000150,nw,0,non_oil_marine,water,False,data/external/dartis/raw/nw/nw-0322-01-000150.jpg,image_level_non_oil_only,broad_non_oil_marine
nw:nw-0323-01-000151,nw,0,non_oil_marine,water,False,data/external/dartis/raw/nw/nw-0323-01-000151.jpg,image_level_non_oil_only,broad_non_oil_marine
nw:nw-0324-01-000152,nw,0,non_oil_marine,water,False,data/external/dartis/raw/nw/nw-0324-01-000152.jpg,image_level_non_oil_only,broad_non_oil_marine
nw:nw-0325-01-000153,nw,0,non_oil_marine,water,False,data/external/dartis/raw/nw/nw-0325-01-000153.jpg,image_level_non_oil_only,broad_non_oil_marine
nw:nw-0326-01-000154,nw,0,non_oil_marine,water,False,data/external/dartis/raw/nw/nw-0326-01-000154.jpg,image_level_non_oil_only,broad_non_oil_marine
nw:nw-0327-01-000155,nw,0,non_oil_marine,water,False,data/external/dartis/raw/nw/nw-0327-01-000155.jpg,image_level_non_oil_only,broad_non_oil_marine
nw:nw-0328-01-000156,nw,0,non_oil_marine,water,False,data/external/dartis/raw/nw/nw-0328-01-000156.jpg,image_level_non_oil_only,broad_non_oil_marine
nw:nw-0329-01-000157,nw,0,non_oil_marine,water,False,data/external/dartis/raw/nw/nw-0329-01-000157.jpg,image_level_non_oil_only,broad_non_oil_marine
nw:nw-0330-01-000158,nw,0,non_oil_marine,water,False,data/external/dartis/raw/nw/nw-0330-01-000158.jpg,image_level_non_oil_only,broad_non_oil_marine
nw:nw-0331-01-000159,nw,0,non_oil_marine,water,False,data/external/dartis/raw/nw/nw-0331-01-000159.jpg,image_level_non_oil_only,broad_non_oil_marine
nw:nw-0332-01-000160,nw,0,non_oil_marine,water,False,data/external/dartis/raw/nw/nw-0332-01-000160.jpg,image_level_non_oil_only,broad_non_oil_marine
nw:nw-0333-01-000161,nw,0,non_oil_marine,water,False,data/external/dartis/raw/nw/nw-0333-01-000161.jpg,image_level_non_oil_only,broad_non_oil_marine
nw:nw-0334-01-000162,nw,0,non_oil_marine,water,False,data/external/dartis/raw/nw/nw-0334-01-000162.jpg,image_level_non_oil_only,broad_non_oil_marine
nw:nw-0335-01-000163,nw,0,non_oil_marine,water,False,data/external/dartis/raw/nw/nw-0335-01-000163.jpg,image_level_non_oil_only,broad_non_oil_marine
nw:nw-0336-01-000164,nw,0,non_oil_marine,water,False,data/external/dartis/raw/nw/nw-0336-01-000164.jpg,image_level_non_oil_only,broad_non_oil_marine
nw:nw-0337-01-000165,nw,0,non_oil_marine,water,False,data/external/dartis/raw/nw/nw-0337-01-000165.jpg,image_level_non_oil_only,broad_non_oil_marine
nw:nw-0338-01-000166,nw,0,non_oil_marine,water,False,data/external/dartis/raw/nw/nw-0338-01-000166.jpg,image_level_non_oil_only,broad_non_oil_marine
nw:nw-0339-01-000167,nw,0,non_oil_marine,water,False,data/external/dartis/raw/nw/nw-0339-01-000167.jpg,image_level_non_oil_only,broad_non_oil_marine
nw:nw-0340-01-000168,nw,0,non_oil_marine,water,False,data/external/dartis/raw/nw/nw-0340-01-000168.jpg,image_level_non_oil_only,broad_non_oil_marine
nw:nw-0341-01-000169,nw,0,non_oil_marine,water,False,data/external/dartis/raw/nw/nw-0341-01-000169.jpg,image_level_non_oil_only,broad_non_oil_marine
nw:nw-0342-01-000170,nw,0,non_oil_marine,water,False,data/external/dartis/raw/nw/nw-0342-01-000170.jpg,image_level_non_oil_only,broad_non_oil_marine
nw:nw-0343-01-000171,nw,0,non_oil_marine,water,False,data/external/dartis/raw/nw/nw-0343-01-000171.jpg,image_level_non_oil_only,broad_non_oil_marine
nw:nw-0344-02-000001,nw,0,non_oil_marine,water,False,data/external/dartis/raw/nw/nw-0344-02-000001.jpg,image_level_non_oil_only,broad_non_oil_marine
nw:nw-0345-02-000002,nw,0,non_oil_marine,water,False,data/external/dartis/raw/nw/nw-0345-02-000002.jpg,image_level_non_oil_only,broad_non_oil_marine
nw:nw-0346-02-000003,nw,0,non_oil_marine,water,False,data/external/dartis/raw/nw/nw-0346-02-000003.jpg,image_level_non_oil_only,broad_non_oil_marine
nw:nw-0347-02-000004,nw,0,non_oil_marine,water,False,data/external/dartis/raw/nw/nw-0347-02-000004.jpg,image_level_non_oil_only,broad_non_oil_marine
nw:nw-0348-02-000005,nw,0,non_oil_marine,water,False,data/external/dartis/raw/nw/nw-0348-02-000005.jpg,image_level_non_oil_only,broad_non_oil_marine
nw:nw-0349-02-000006,nw,0,non_oil_marine,water,False,data/external/dartis/raw/nw/nw-0349-02-000006.jpg,image_level_non_oil_only,broad_non_oil_marine
nw:nw-0350-02-000007,nw,0,non_oil_marine,water,False,data/external/dartis/raw/nw/nw-0350-02-000007.jpg,image_level_non_oil_only,broad_non_oil_marine
nw:nw-0351-02-000008,nw,0,non_oil_marine,water,False,data/external/dartis/raw/nw/nw-0351-02-000008.jpg,image_level_non_oil_only,broad_non_oil_marine
nw:nw-0352-02-000009,nw,0,non_oil_marine,water,False,data/external/dartis/raw/nw/nw-0352-02-000009.jpg,image_level_non_oil_only,broad_non_oil_marine
nw:nw-0353-02-000010,nw,0,non_oil_marine,water,False,data/external/dartis/raw/nw/nw-0353-02-000010.jpg,image_level_non_oil_only,broad_non_oil_marine
nw:nw-0354-02-000011,nw,0,non_oil_marine,water,False,data/external/dartis/raw/nw/nw-0354-02-000011.jpg,image_level_non_oil_only,broad_non_oil_marine
nw:nw-0355-02-000012,nw,0,non_oil_marine,water,False,data/external/dartis/raw/nw/nw-0355-02-000012.jpg,image_level_non_oil_only,broad_non_oil_marine
nw:nw-0356-02-000013,nw,0,non_oil_marine,water,False,data/external/dartis/raw/nw/nw-0356-02-000013.jpg,image_level_non_oil_only,broad_non_oil_marine
nw:nw-0357-02-000014,nw,0,non_oil_marine,water,False,data/external/dartis/raw/nw/nw-0357-02-000014.jpg,image_level_non_oil_only,broad_non_oil_marine
nw:nw-0358-02-000015,nw,0,non_oil_marine,water,False,data/external/dartis/raw/nw/nw-0358-02-000015.jpg,image_level_non_oil_only,broad_non_oil_marine
nw:nw-0359-02-000016,nw,0,non_oil_marine,water,False,data/external/dartis/raw/nw/nw-0359-02-000016.jpg,image_level_non_oil_only,broad_non_oil_marine
nw:nw-0360-02-000017,nw,0,non_oil_marine,water,False,data/external/dartis/raw/nw/nw-0360-02-000017.jpg,image_level_non_oil_only,broad_non_oil_marine
nw:nw-0361-02-000018,nw,0,non_oil_marine,water,False,data/external/dartis/raw/nw/nw-0361-02-000018.jpg,image_level_non_oil_only,broad_non_oil_marine
nw:nw-0362-02-000019,nw,0,non_oil_marine,water,False,data/external/dartis/raw/nw/nw-0362-02-000019.jpg,image_level_non_oil_only,broad_non_oil_marine
nw:nw-0363-02-000020,nw,0,non_oil_marine,water,False,data/external/dartis/raw/nw/nw-0363-02-000020.jpg,image_level_non_oil_only,broad_non_oil_marine
nw:nw-0364-02-000021,nw,0,non_oil_marine,water,False,data/external/dartis/raw/nw/nw-0364-02-000021.jpg,image_level_non_oil_only,broad_non_oil_marine
nw:nw-0365-02-000022,nw,0,non_oil_marine,water,False,data/external/dartis/raw/nw/nw-0365-02-000022.jpg,image_level_non_oil_only,broad_non_oil_marine
nw:nw-0366-02-000023,nw,0,non_oil_marine,water,False,data/external/dartis/raw/nw/nw-0366-02-000023.jpg,image_level_non_oil_only,broad_non_oil_marine
nw:nw-0367-02-000024,nw,0,non_oil_marine,water,False,data/external/dartis/raw/nw/nw-0367-02-000024.jpg,image_level_non_oil_only,broad_non_oil_marine
nw:nw-0368-02-000025,nw,0,non_oil_marine,water,False,data/external/dartis/raw/nw/nw-0368-02-000025.jpg,image_level_non_oil_only,broad_non_oil_marine
nw:nw-0369-02-000026,nw,0,non_oil_marine,water,False,data/external/dartis/raw/nw/nw-0369-02-000026.jpg,image_level_non_oil_only,broad_non_oil_marine
nw:nw-0370-02-000027,nw,0,non_oil_marine,water,False,data/external/dartis/raw/nw/nw-0370-02-000027.jpg,image_level_non_oil_only,broad_non_oil_marine
nw:nw-0371-02-000028,nw,0,non_oil_marine,water,False,data/external/dartis/raw/nw/nw-0371-02-000028.jpg,image_level_non_oil_only,broad_non_oil_marine
nw:nw-0372-02-000029,nw,0,non_oil_marine,water,False,data/external/dartis/raw/nw/nw-0372-02-000029.jpg,image_level_non_oil_only,broad_non_oil_marine
nw:nw-0373-02-000030,nw,0,non_oil_marine,water,False,data/external/dartis/raw/nw/nw-0373-02-000030.jpg,image_level_non_oil_only,broad_non_oil_marine
nw:nw-0374-02-000031,nw,0,non_oil_marine,water,False,data/external/dartis/raw/nw/nw-0374-02-000031.jpg,image_level_non_oil_only,broad_non_oil_marine
nw:nw-0375-02-000032,nw,0,non_oil_marine,water,False,data/external/dartis/raw/nw/nw-0375-02-000032.jpg,image_level_non_oil_only,broad_non_oil_marine
nw:nw-0376-02-000033,nw,0,non_oil_marine,water,False,data/external/dartis/raw/nw/nw-0376-02-000033.jpg,image_level_non_oil_only,broad_non_oil_marine
nw:nw-0377-02-000034,nw,0,non_oil_marine,water,False,data/external/dartis/raw/nw/nw-0377-02-000034.jpg,image_level_non_oil_only,broad_non_oil_marine
nw:nw-0378-02-000035,nw,0,non_oil_marine,water,False,data/external/dartis/raw/nw/nw-0378-02-000035.jpg,image_level_non_oil_only,broad_non_oil_marine
nw:nw-0379-02-000036,nw,0,non_oil_marine,water,False,data/external/dartis/raw/nw/nw-0379-02-000036.jpg,image_level_non_oil_only,broad_non_oil_marine
nw:nw-0380-02-000037,nw,0,non_oil_marine,water,False,data/external/dartis/raw/nw/nw-0380-02-000037.jpg,image_level_non_oil_only,broad_non_oil_marine
nw:nw-0381-02-000038,nw,0,non_oil_marine,water,False,data/external/dartis/raw/nw/nw-0381-02-000038.jpg,image_level_non_oil_only,broad_non_oil_marine
nw:nw-0382-02-000039,nw,0,non_oil_marine,water,False,data/external/dartis/raw/nw/nw-0382-02-000039.jpg,image_level_non_oil_only,broad_non_oil_marine
nw:nw-0383-02-000040,nw,0,non_oil_marine,water,False,data/external/dartis/raw/nw/nw-0383-02-000040.jpg,image_level_non_oil_only,broad_non_oil_marine
nw:nw-0384-02-000041,nw,0,non_oil_marine,water,False,data/external/dartis/raw/nw/nw-0384-02-000041.jpg,image_level_non_oil_only,broad_non_oil_marine
nw:nw-0385-02-000042,nw,0,non_oil_marine,water,False,data/external/dartis/raw/nw/nw-0385-02-000042.jpg,image_level_non_oil_only,broad_non_oil_marine
nw:nw-0386-02-000043,nw,0,non_oil_marine,water,False,data/external/dartis/raw/nw/nw-0386-02-000043.jpg,image_level_non_oil_only,broad_non_oil_marine
nw:nw-0387-02-000044,nw,0,non_oil_marine,water,False,data/external/dartis/raw/nw/nw-0387-02-000044.jpg,image_level_non_oil_only,broad_non_oil_marine
nw:nw-0388-02-000045,nw,0,non_oil_marine,water,False,data/external/dartis/raw/nw/nw-0388-02-000045.jpg,image_level_non_oil_only,broad_non_oil_marine
nw:nw-0389-02-000046,nw,0,non_oil_marine,water,False,data/external/dartis/raw/nw/nw-0389-02-000046.jpg,image_level_non_oil_only,broad_non_oil_marine
nw:nw-0390-02-000047,nw,0,non_oil_marine,water,False,data/external/dartis/raw/nw/nw-0390-02-000047.jpg,image_level_non_oil_only,broad_non_oil_marine
nw:nw-0391-02-000048,nw,0,non_oil_marine,water,False,data/external/dartis/raw/nw/nw-0391-02-000048.jpg,image_level_non_oil_only,broad_non_oil_marine
nw:nw-0392-02-000049,nw,0,non_oil_marine,water,False,data/external/dartis/raw/nw/nw-0392-02-000049.jpg,image_level_non_oil_only,broad_non_oil_marine
nw:nw-0393-02-000050,nw,0,non_oil_marine,water,False,data/external/dartis/raw/nw/nw-0393-02-000050.jpg,image_level_non_oil_only,broad_non_oil_marine
nw:nw-0394-02-000051,nw,0,non_oil_marine,water,False,data/external/dartis/raw/nw/nw-0394-02-000051.jpg,image_level_non_oil_only,broad_non_oil_marine
nw:nw-0395-02-000052,nw,0,non_oil_marine,water,False,data/external/dartis/raw/nw/nw-0395-02-000052.jpg,image_level_non_oil_only,broad_non_oil_marine
nw:nw-0396-02-000053,nw,0,non_oil_marine,water,False,data/external/dartis/raw/nw/nw-0396-02-000053.jpg,image_level_non_oil_only,broad_non_oil_marine
nw:nw-0397-02-000054,nw,0,non_oil_marine,water,False,data/external/dartis/raw/nw/nw-0397-02-000054.jpg,image_level_non_oil_only,broad_non_oil_marine
nw:nw-0398-02-000055,nw,0,non_oil_marine,water,False,data/external/dartis/raw/nw/nw-0398-02-000055.jpg,image_level_non_oil_only,broad_non_oil_marine
nw:nw-0399-02-000056,nw,0,non_oil_marine,water,False,data/external/dartis/raw/nw/nw-0399-02-000056.jpg,image_level_non_oil_only,broad_non_oil_marine
nw:nw-0400-02-000057,nw,0,non_oil_marine,water,False,data/external/dartis/raw/nw/nw-0400-02-000057.jpg,image_level_non_oil_only,broad_non_oil_marine
nw:nw-0401-02-000058,nw,0,non_oil_marine,water,False,data/external/dartis/raw/nw/nw-0401-02-000058.jpg,image_level_non_oil_only,broad_non_oil_marine
nw:nw-0402-02-000059,nw,0,non_oil_marine,water,False,data/external/dartis/raw/nw/nw-0402-02-000059.jpg,image_level_non_oil_only,broad_non_oil_marine
nw:nw-0403-02-000060,nw,0,non_oil_marine,water,False,data/external/dartis/raw/nw/nw-0403-02-000060.jpg,image_level_non_oil_only,broad_non_oil_marine
nw:nw-0404-02-000061,nw,0,non_oil_marine,water,False,data/external/dartis/raw/nw/nw-0404-02-000061.jpg,image_level_non_oil_only,broad_non_oil_marine
nw:nw-0405-02-000062,nw,0,non_oil_marine,water,False,data/external/dartis/raw/nw/nw-0405-02-000062.jpg,image_level_non_oil_only,broad_non_oil_marine
nw:nw-0406-02-000063,nw,0,non_oil_marine,water,False,data/external/dartis/raw/nw/nw-0406-02-000063.jpg,image_level_non_oil_only,broad_non_oil_marine
nw:nw-0407-02-000064,nw,0,non_oil_marine,water,False,data/external/dartis/raw/nw/nw-0407-02-000064.jpg,image_level_non_oil_only,broad_non_oil_marine
nw:nw-0408-02-000065,nw,0,non_oil_marine,water,False,data/external/dartis/raw/nw/nw-0408-02-000065.jpg,image_level_non_oil_only,broad_non_oil_marine
nw:nw-0409-02-000066,nw,0,non_oil_marine,water,False,data/external/dartis/raw/nw/nw-0409-02-000066.jpg,image_level_non_oil_only,broad_non_oil_marine
nw:nw-0410-02-000067,nw,0,non_oil_marine,water,False,data/external/dartis/raw/nw/nw-0410-02-000067.jpg,image_level_non_oil_only,broad_non_oil_marine
nw:nw-0411-02-000068,nw,0,non_oil_marine,water,False,data/external/dartis/raw/nw/nw-0411-02-000068.jpg,image_level_non_oil_only,broad_non_oil_marine
nw:nw-0412-02-000069,nw,0,non_oil_marine,water,False,data/external/dartis/raw/nw/nw-0412-02-000069.jpg,image_level_non_oil_only,broad_non_oil_marine
nw:nw-0413-02-000070,nw,0,non_oil_marine,water,False,data/external/dartis/raw/nw/nw-0413-02-000070.jpg,image_level_non_oil_only,broad_non_oil_marine
nw:nw-0414-02-000071,nw,0,non_oil_marine,water,False,data/external/dartis/raw/nw/nw-0414-02-000071.jpg,image_level_non_oil_only,broad_non_oil_marine
nw:nw-0415-02-000072,nw,0,non_oil_marine,water,False,data/external/dartis/raw/nw/nw-0415-02-000072.jpg,image_level_non_oil_only,broad_non_oil_marine
nw:nw-0416-02-000073,nw,0,non_oil_marine,water,False,data/external/dartis/raw/nw/nw-0416-02-000073.jpg,image_level_non_oil_only,broad_non_oil_marine
nw:nw-0417-02-000074,nw,0,non_oil_marine,water,False,data/external/dartis/raw/nw/nw-0417-02-000074.jpg,image_level_non_oil_only,broad_non_oil_marine
nw:nw-0418-02-000075,nw,0,non_oil_marine,water,False,data/external/dartis/raw/nw/nw-0418-02-000075.jpg,image_level_non_oil_only,broad_non_oil_marine
nw:nw-0419-02-000076,nw,0,non_oil_marine,water,False,data/external/dartis/raw/nw/nw-0419-02-000076.jpg,image_level_non_oil_only,broad_non_oil_marine
nw:nw-0420-02-000077,nw,0,non_oil_marine,water,False,data/external/dartis/raw/nw/nw-0420-02-000077.jpg,image_level_non_oil_only,broad_non_oil_marine
nw:nw-0421-02-000078,nw,0,non_oil_marine,water,False,data/external/dartis/raw/nw/nw-0421-02-000078.jpg,image_level_non_oil_only,broad_non_oil_marine
nw:nw-0422-02-000079,nw,0,non_oil_marine,water,False,data/external/dartis/raw/nw/nw-0422-02-000079.jpg,image_level_non_oil_only,broad_non_oil_marine
nw:nw-0423-02-000080,nw,0,non_oil_marine,water,False,data/external/dartis/raw/nw/nw-0423-02-000080.jpg,image_level_non_oil_only,broad_non_oil_marine
nw:nw-0424-02-000081,nw,0,non_oil_marine,water,False,data/external/dartis/raw/nw/nw-0424-02-000081.jpg,image_level_non_oil_only,broad_non_oil_marine
nw:nw-0425-02-000082,nw,0,non_oil_marine,water,False,data/external/dartis/raw/nw/nw-0425-02-000082.jpg,image_level_non_oil_only,broad_non_oil_marine
nw:nw-0426-02-000083,nw,0,non_oil_marine,water,False,data/external/dartis/raw/nw/nw-0426-02-000083.jpg,image_level_non_oil_only,broad_non_oil_marine
nw:nw-0427-02-000084,nw,0,non_oil_marine,water,False,data/external/dartis/raw/nw/nw-0427-02-000084.jpg,image_level_non_oil_only,broad_non_oil_marine
nw:nw-0428-02-000085,nw,0,non_oil_marine,water,False,data/external/dartis/raw/nw/nw-0428-02-000085.jpg,image_level_non_oil_only,broad_non_oil_marine
nw:nw-0429-02-000086,nw,0,non_oil_marine,water,False,data/external/dartis/raw/nw/nw-0429-02-000086.jpg,image_level_non_oil_only,broad_non_oil_marine
nw:nw-0430-02-000087,nw,0,non_oil_marine,water,False,data/external/dartis/raw/nw/nw-0430-02-000087.jpg,image_level_non_oil_only,broad_non_oil_marine
nw:nw-0431-02-000088,nw,0,non_oil_marine,water,False,data/external/dartis/raw/nw/nw-0431-02-000088.jpg,image_level_non_oil_only,broad_non_oil_marine
nw:nw-0432-02-000089,nw,0,non_oil_marine,water,False,data/external/dartis/raw/nw/nw-0432-02-000089.jpg,image_level_non_oil_only,broad_non_oil_marine
nw:nw-0433-02-000090,nw,0,non_oil_marine,water,False,data/external/dartis/raw/nw/nw-0433-02-000090.jpg,image_level_non_oil_only,broad_non_oil_marine
nw:nw-0434-02-000091,nw,0,non_oil_marine,water,False,data/external/dartis/raw/nw/nw-0434-02-000091.jpg,image_level_non_oil_only,broad_non_oil_marine
nw:nw-0435-02-000092,nw,0,non_oil_marine,water,False,data/external/dartis/raw/nw/nw-0435-02-000092.jpg,image_level_non_oil_only,broad_non_oil_marine
nw:nw-0436-02-000093,nw,0,non_oil_marine,water,False,data/external/dartis/raw/nw/nw-0436-02-000093.jpg,image_level_non_oil_only,broad_non_oil_marine
nw:nw-0437-02-000094,nw,0,non_oil_marine,water,False,data/external/dartis/raw/nw/nw-0437-02-000094.jpg,image_level_non_oil_only,broad_non_oil_marine
nw:nw-0438-02-000095,nw,0,non_oil_marine,water,False,data/external/dartis/raw/nw/nw-0438-02-000095.jpg,image_level_non_oil_only,broad_non_oil_marine
nw:nw-0439-02-000096,nw,0,non_oil_marine,water,False,data/external/dartis/raw/nw/nw-0439-02-000096.jpg,image_level_non_oil_only,broad_non_oil_marine
nw:nw-0440-02-000097,nw,0,non_oil_marine,water,False,data/external/dartis/raw/nw/nw-0440-02-000097.jpg,image_level_non_oil_only,broad_non_oil_marine
nw:nw-0441-02-000098,nw,0,non_oil_marine,water,False,data/external/dartis/raw/nw/nw-0441-02-000098.jpg,image_level_non_oil_only,broad_non_oil_marine
nw:nw-0442-02-000099,nw,0,non_oil_marine,water,False,data/external/dartis/raw/nw/nw-0442-02-000099.jpg,image_level_non_oil_only,broad_non_oil_marine
nw:nw-0443-02-000100,nw,0,non_oil_marine,water,False,data/external/dartis/raw/nw/nw-0443-02-000100.jpg,image_level_non_oil_only,broad_non_oil_marine
nw:nw-0444-02-000101,nw,0,non_oil_marine,water,False,data/external/dartis/raw/nw/nw-0444-02-000101.jpg,image_level_non_oil_only,broad_non_oil_marine
nw:nw-0445-02-000102,nw,0,non_oil_marine,water,False,data/external/dartis/raw/nw/nw-0445-02-000102.jpg,image_level_non_oil_only,broad_non_oil_marine
nw:nw-0446-02-000103,nw,0,non_oil_marine,water,False,data/external/dartis/raw/nw/nw-0446-02-000103.jpg,image_level_non_oil_only,broad_non_oil_marine
nw:nw-0447-02-000104,nw,0,non_oil_marine,water,False,data/external/dartis/raw/nw/nw-0447-02-000104.jpg,image_level_non_oil_only,broad_non_oil_marine
nw:nw-0448-02-000105,nw,0,non_oil_marine,water,False,data/external/dartis/raw/nw/nw-0448-02-000105.jpg,image_level_non_oil_only,broad_non_oil_marine
nw:nw-0449-02-000106,nw,0,non_oil_marine,water,False,data/external/dartis/raw/nw/nw-0449-02-000106.jpg,image_level_non_oil_only,broad_non_oil_marine
nw:nw-0450-02-000107,nw,0,non_oil_marine,water,False,data/external/dartis/raw/nw/nw-0450-02-000107.jpg,image_level_non_oil_only,broad_non_oil_marine
nw:nw-0451-02-000108,nw,0,non_oil_marine,water,False,data/external/dartis/raw/nw/nw-0451-02-000108.jpg,image_level_non_oil_only,broad_non_oil_marine
nw:nw-0452-02-000109,nw,0,non_oil_marine,water,False,data/external/dartis/raw/nw/nw-0452-02-000109.jpg,image_level_non_oil_only,broad_non_oil_marine
nw:nw-0453-02-000110,nw,0,non_oil_marine,water,False,data/external/dartis/raw/nw/nw-0453-02-000110.jpg,image_level_non_oil_only,broad_non_oil_marine
nw:nw-0454-02-000111,nw,0,non_oil_marine,water,False,data/external/dartis/raw/nw/nw-0454-02-000111.jpg,image_level_non_oil_only,broad_non_oil_marine
nw:nw-0455-02-000112,nw,0,non_oil_marine,water,False,data/external/dartis/raw/nw/nw-0455-02-000112.jpg,image_level_non_oil_only,broad_non_oil_marine
nw:nw-0456-02-000113,nw,0,non_oil_marine,water,False,data/external/dartis/raw/nw/nw-0456-02-000113.jpg,image_level_non_oil_only,broad_non_oil_marine
nw:nw-0457-02-000114,nw,0,non_oil_marine,water,False,data/external/dartis/raw/nw/nw-0457-02-000114.jpg,image_level_non_oil_only,broad_non_oil_marine
nw:nw-0458-02-000115,nw,0,non_oil_marine,water,False,data/external/dartis/raw/nw/nw-0458-02-000115.jpg,image_level_non_oil_only,broad_non_oil_marine
nw:nw-0459-02-000116,nw,0,non_oil_marine,water,False,data/external/dartis/raw/nw/nw-0459-02-000116.jpg,image_level_non_oil_only,broad_non_oil_marine
nw:nw-0460-02-000117,nw,0,non_oil_marine,water,False,data/external/dartis/raw/nw/nw-0460-02-000117.jpg,image_level_non_oil_only,broad_non_oil_marine
nw:nw-0461-02-000118,nw,0,non_oil_marine,water,False,data/external/dartis/raw/nw/nw-0461-02-000118.jpg,image_level_non_oil_only,broad_non_oil_marine
nw:nw-0462-02-000119,nw,0,non_oil_marine,water,False,data/external/dartis/raw/nw/nw-0462-02-000119.jpg,image_level_non_oil_only,broad_non_oil_marine
nw:nw-0463-02-000120,nw,0,non_oil_marine,water,False,data/external/dartis/raw/nw/nw-0463-02-000120.jpg,image_level_non_oil_only,broad_non_oil_marine
nw:nw-0464-02-000121,nw,0,non_oil_marine,water,False,data/external/dartis/raw/nw/nw-0464-02-000121.jpg,image_level_non_oil_only,broad_non_oil_marine
nw:nw-0465-02-000122,nw,0,non_oil_marine,water,False,data/external/dartis/raw/nw/nw-0465-02-000122.jpg,image_level_non_oil_only,broad_non_oil_marine
nw:nw-0466-02-000123,nw,0,non_oil_marine,water,False,data/external/dartis/raw/nw/nw-0466-02-000123.jpg,image_level_non_oil_only,broad_non_oil_marine
nw:nw-0467-02-000124,nw,0,non_oil_marine,water,False,data/external/dartis/raw/nw/nw-0467-02-000124.jpg,image_level_non_oil_only,broad_non_oil_marine
nw:nw-0468-02-000125,nw,0,non_oil_marine,water,False,data/external/dartis/raw/nw/nw-0468-02-000125.jpg,image_level_non_oil_only,broad_non_oil_marine
nw:nw-0469-02-000126,nw,0,non_oil_marine,water,False,data/external/dartis/raw/nw/nw-0469-02-000126.jpg,image_level_non_oil_only,broad_non_oil_marine
nw:nw-0470-02-000127,nw,0,non_oil_marine,water,False,data/external/dartis/raw/nw/nw-0470-02-000127.jpg,image_level_non_oil_only,broad_non_oil_marine
nw:nw-0471-02-000128,nw,0,non_oil_marine,water,False,data/external/dartis/raw/nw/nw-0471-02-000128.jpg,image_level_non_oil_only,broad_non_oil_marine
nw:nw-0472-02-000129,nw,0,non_oil_marine,water,False,data/external/dartis/raw/nw/nw-0472-02-000129.jpg,image_level_non_oil_only,broad_non_oil_marine
nw:nw-0473-02-000130,nw,0,non_oil_marine,water,False,data/external/dartis/raw/nw/nw-0473-02-000130.jpg,image_level_non_oil_only,broad_non_oil_marine
nw:nw-0474-02-000131,nw,0,non_oil_marine,water,False,data/external/dartis/raw/nw/nw-0474-02-000131.jpg,image_level_non_oil_only,broad_non_oil_marine
nw:nw-0475-02-000132,nw,0,non_oil_marine,water,False,data/external/dartis/raw/nw/nw-0475-02-000132.jpg,image_level_non_oil_only,broad_non_oil_marine
nw:nw-0476-02-000133,nw,0,non_oil_marine,water,False,data/external/dartis/raw/nw/nw-0476-02-000133.jpg,image_level_non_oil_only,broad_non_oil_marine
nw:nw-0477-02-000134,nw,0,non_oil_marine,water,False,data/external/dartis/raw/nw/nw-0477-02-000134.jpg,image_level_non_oil_only,broad_non_oil_marine
nw:nw-0478-02-000135,nw,0,non_oil_marine,water,False,data/external/dartis/raw/nw/nw-0478-02-000135.jpg,image_level_non_oil_only,broad_non_oil_marine
nw:nw-0479-02-000136,nw,0,non_oil_marine,water,False,data/external/dartis/raw/nw/nw-0479-02-000136.jpg,image_level_non_oil_only,broad_non_oil_marine
nw:nw-0480-02-000137,nw,0,non_oil_marine,water,False,data/external/dartis/raw/nw/nw-0480-02-000137.jpg,image_level_non_oil_only,broad_non_oil_marine
nw:nw-0481-02-000138,nw,0,non_oil_marine,water,False,data/external/dartis/raw/nw/nw-0481-02-000138.jpg,image_level_non_oil_only,broad_non_oil_marine
nw:nw-0482-02-000139,nw,0,non_oil_marine,water,False,data/external/dartis/raw/nw/nw-0482-02-000139.jpg,image_level_non_oil_only,broad_non_oil_marine
nw:nw-0483-02-000140,nw,0,non_oil_marine,water,False,data/external/dartis/raw/nw/nw-0483-02-000140.jpg,image_level_non_oil_only,broad_non_oil_marine
nw:nw-0484-02-000141,nw,0,non_oil_marine,water,False,data/external/dartis/raw/nw/nw-0484-02-000141.jpg,image_level_non_oil_only,broad_non_oil_marine
nw:nw-0485-02-000142,nw,0,non_oil_marine,water,False,data/external/dartis/raw/nw/nw-0485-02-000142.jpg,image_level_non_oil_only,broad_non_oil_marine
nw:nw-0486-02-000143,nw,0,non_oil_marine,water,False,data/external/dartis/raw/nw/nw-0486-02-000143.jpg,image_level_non_oil_only,broad_non_oil_marine
nw:nw-0487-02-000144,nw,0,non_oil_marine,water,False,data/external/dartis/raw/nw/nw-0487-02-000144.jpg,image_level_non_oil_only,broad_non_oil_marine
nw:nw-0488-02-000145,nw,0,non_oil_marine,water,False,data/external/dartis/raw/nw/nw-0488-02-000145.jpg,image_level_non_oil_only,broad_non_oil_marine
nw:nw-0489-02-000146,nw,0,non_oil_marine,water,False,data/external/dartis/raw/nw/nw-0489-02-000146.jpg,image_level_non_oil_only,broad_non_oil_marine
nw:nw-0490-02-000147,nw,0,non_oil_marine,water,False,data/external/dartis/raw/nw/nw-0490-02-000147.jpg,image_level_non_oil_only,broad_non_oil_marine
nw:nw-0491-02-000148,nw,0,non_oil_marine,water,False,data/external/dartis/raw/nw/nw-0491-02-000148.jpg,image_level_non_oil_only,broad_non_oil_marine
nw:nw-0492-02-000149,nw,0,non_oil_marine,water,False,data/external/dartis/raw/nw/nw-0492-02-000149.jpg,image_level_non_oil_only,broad_non_oil_marine
nw:nw-0493-02-000150,nw,0,non_oil_marine,water,False,data/external/dartis/raw/nw/nw-0493-02-000150.jpg,image_level_non_oil_only,broad_non_oil_marine
nw:nw-0494-02-000151,nw,0,non_oil_marine,water,False,data/external/dartis/raw/nw/nw-0494-02-000151.jpg,image_level_non_oil_only,broad_non_oil_marine
nw:nw-0495-02-000152,nw,0,non_oil_marine,water,False,data/external/dartis/raw/nw/nw-0495-02-000152.jpg,image_level_non_oil_only,broad_non_oil_marine
nw:nw-0496-02-000153,nw,0,non_oil_marine,water,False,data/external/dartis/raw/nw/nw-0496-02-000153.jpg,image_level_non_oil_only,broad_non_oil_marine
nw:nw-0497-02-000154,nw,0,non_oil_marine,water,False,data/external/dartis/raw/nw/nw-0497-02-000154.jpg,image_level_non_oil_only,broad_non_oil_marine
nw:nw-0498-02-000155,nw,0,non_oil_marine,water,False,data/external/dartis/raw/nw/nw-0498-02-000155.jpg,image_level_non_oil_only,broad_non_oil_marine
nw:nw-0499-02-000156,nw,0,non_oil_marine,water,False,data/external/dartis/raw/nw/nw-0499-02-000156.jpg,image_level_non_oil_only,broad_non_oil_marine
nw:nw-0500-02-000157,nw,0,non_oil_marine,water,False,data/external/dartis/raw/nw/nw-0500-02-000157.jpg,image_level_non_oil_only,broad_non_oil_marine
nw:nw-0501-02-000158,nw,0,non_oil_marine,water,False,data/external/dartis/raw/nw/nw-0501-02-000158.jpg,image_level_non_oil_only,broad_non_oil_marine
nw:nw-0502-02-000159,nw,0,non_oil_marine,water,False,data/external/dartis/raw/nw/nw-0502-02-000159.jpg,image_level_non_oil_only,broad_non_oil_marine
nw:nw-0503-02-000160,nw,0,non_oil_marine,water,False,data/external/dartis/raw/nw/nw-0503-02-000160.jpg,image_level_non_oil_only,broad_non_oil_marine
nw:nw-0504-03-000001,nw,0,non_oil_marine,water,False,data/external/dartis/raw/nw/nw-0504-03-000001.jpg,image_level_non_oil_only,broad_non_oil_marine
nw:nw-0505-03-000002,nw,0,non_oil_marine,water,False,data/external/dartis/raw/nw/nw-0505-03-000002.jpg,image_level_non_oil_only,broad_non_oil_marine
nw:nw-0506-03-000003,nw,0,non_oil_marine,water,False,data/external/dartis/raw/nw/nw-0506-03-000003.jpg,image_level_non_oil_only,broad_non_oil_marine
nw:nw-0507-03-000004,nw,0,non_oil_marine,water,False,data/external/dartis/raw/nw/nw-0507-03-000004.jpg,image_level_non_oil_only,broad_non_oil_marine
nw:nw-0508-03-000005,nw,0,non_oil_marine,water,False,data/external/dartis/raw/nw/nw-0508-03-000005.jpg,image_level_non_oil_only,broad_non_oil_marine
nw:nw-0509-03-000006,nw,0,non_oil_marine,water,False,data/external/dartis/raw/nw/nw-0509-03-000006.jpg,image_level_non_oil_only,broad_non_oil_marine
nw:nw-0510-03-000007,nw,0,non_oil_marine,water,False,data/external/dartis/raw/nw/nw-0510-03-000007.jpg,image_level_non_oil_only,broad_non_oil_marine
nw:nw-0511-03-000008,nw,0,non_oil_marine,water,False,data/external/dartis/raw/nw/nw-0511-03-000008.jpg,image_level_non_oil_only,broad_non_oil_marine
nw:nw-0512-03-000009,nw,0,non_oil_marine,water,False,data/external/dartis/raw/nw/nw-0512-03-000009.jpg,image_level_non_oil_only,broad_non_oil_marine
nw:nw-0513-03-000010,nw,0,non_oil_marine,water,False,data/external/dartis/raw/nw/nw-0513-03-000010.jpg,image_level_non_oil_only,broad_non_oil_marine
nw:nw-0514-03-000011,nw,0,non_oil_marine,water,False,data/external/dartis/raw/nw/nw-0514-03-000011.jpg,image_level_non_oil_only,broad_non_oil_marine
nw:nw-0515-03-000012,nw,0,non_oil_marine,water,False,data/external/dartis/raw/nw/nw-0515-03-000012.jpg,image_level_non_oil_only,broad_non_oil_marine
nw:nw-0516-03-000013,nw,0,non_oil_marine,water,False,data/external/dartis/raw/nw/nw-0516-03-000013.jpg,image_level_non_oil_only,broad_non_oil_marine
nw:nw-0517-03-000014,nw,0,non_oil_marine,water,False,data/external/dartis/raw/nw/nw-0517-03-000014.jpg,image_level_non_oil_only,broad_non_oil_marine
nw:nw-0518-03-000015,nw,0,non_oil_marine,water,False,data/external/dartis/raw/nw/nw-0518-03-000015.jpg,image_level_non_oil_only,broad_non_oil_marine
nw:nw-0519-03-000016,nw,0,non_oil_marine,water,False,data/external/dartis/raw/nw/nw-0519-03-000016.jpg,image_level_non_oil_only,broad_non_oil_marine
nw:nw-0520-03-000017,nw,0,non_oil_marine,water,False,data/external/dartis/raw/nw/nw-0520-03-000017.jpg,image_level_non_oil_only,broad_non_oil_marine
nw:nw-0521-03-000018,nw,0,non_oil_marine,water,False,data/external/dartis/raw/nw/nw-0521-03-000018.jpg,image_level_non_oil_only,broad_non_oil_marine
nw:nw-0522-03-000019,nw,0,non_oil_marine,water,False,data/external/dartis/raw/nw/nw-0522-03-000019.jpg,image_level_non_oil_only,broad_non_oil_marine
nw:nw-0523-03-000020,nw,0,non_oil_marine,water,False,data/external/dartis/raw/nw/nw-0523-03-000020.jpg,image_level_non_oil_only,broad_non_oil_marine
nw:nw-0524-03-000021,nw,0,non_oil_marine,water,False,data/external/dartis/raw/nw/nw-0524-03-000021.jpg,image_level_non_oil_only,broad_non_oil_marine
nw:nw-0525-03-000022,nw,0,non_oil_marine,water,False,data/external/dartis/raw/nw/nw-0525-03-000022.jpg,image_level_non_oil_only,broad_non_oil_marine
nw:nw-0526-03-000023,nw,0,non_oil_marine,water,False,data/external/dartis/raw/nw/nw-0526-03-000023.jpg,image_level_non_oil_only,broad_non_oil_marine
nw:nw-0527-03-000024,nw,0,non_oil_marine,water,False,data/external/dartis/raw/nw/nw-0527-03-000024.jpg,image_level_non_oil_only,broad_non_oil_marine
nw:nw-0528-03-000025,nw,0,non_oil_marine,water,False,data/external/dartis/raw/nw/nw-0528-03-000025.jpg,image_level_non_oil_only,broad_non_oil_marine
nw:nw-0529-03-000026,nw,0,non_oil_marine,water,False,data/external/dartis/raw/nw/nw-0529-03-000026.jpg,image_level_non_oil_only,broad_non_oil_marine
nw:nw-0530-03-000027,nw,0,non_oil_marine,water,False,data/external/dartis/raw/nw/nw-0530-03-000027.jpg,image_level_non_oil_only,broad_non_oil_marine
nw:nw-0531-03-000028,nw,0,non_oil_marine,water,False,data/external/dartis/raw/nw/nw-0531-03-000028.jpg,image_level_non_oil_only,broad_non_oil_marine
nw:nw-0532-03-000029,nw,0,non_oil_marine,water,False,data/external/dartis/raw/nw/nw-0532-03-000029.jpg,image_level_non_oil_only,broad_non_oil_marine
nw:nw-0533-03-000030,nw,0,non_oil_marine,water,False,data/external/dartis/raw/nw/nw-0533-03-000030.jpg,image_level_non_oil_only,broad_non_oil_marine
nw:nw-0534-03-000031,nw,0,non_oil_marine,water,False,data/external/dartis/raw/nw/nw-0534-03-000031.jpg,image_level_non_oil_only,broad_non_oil_marine
nw:nw-0535-03-000032,nw,0,non_oil_marine,water,False,data/external/dartis/raw/nw/nw-0535-03-000032.jpg,image_level_non_oil_only,broad_non_oil_marine
nw:nw-0536-03-000033,nw,0,non_oil_marine,water,False,data/external/dartis/raw/nw/nw-0536-03-000033.jpg,image_level_non_oil_only,broad_non_oil_marine
nw:nw-0537-03-000034,nw,0,non_oil_marine,water,False,data/external/dartis/raw/nw/nw-0537-03-000034.jpg,image_level_non_oil_only,broad_non_oil_marine
nw:nw-0538-03-000035,nw,0,non_oil_marine,water,False,data/external/dartis/raw/nw/nw-0538-03-000035.jpg,image_level_non_oil_only,broad_non_oil_marine
nw:nw-0539-03-000036,nw,0,non_oil_marine,water,False,data/external/dartis/raw/nw/nw-0539-03-000036.jpg,image_level_non_oil_only,broad_non_oil_marine
nw:nw-0540-03-000037,nw,0,non_oil_marine,water,False,data/external/dartis/raw/nw/nw-0540-03-000037.jpg,image_level_non_oil_only,broad_non_oil_marine
nw:nw-0541-03-000038,nw,0,non_oil_marine,water,False,data/external/dartis/raw/nw/nw-0541-03-000038.jpg,image_level_non_oil_only,broad_non_oil_marine
nw:nw-0542-03-000039,nw,0,non_oil_marine,water,False,data/external/dartis/raw/nw/nw-0542-03-000039.jpg,image_level_non_oil_only,broad_non_oil_marine
nw:nw-0543-03-000040,nw,0,non_oil_marine,water,False,data/external/dartis/raw/nw/nw-0543-03-000040.jpg,image_level_non_oil_only,broad_non_oil_marine
nw:nw-0544-03-000041,nw,0,non_oil_marine,water,False,data/external/dartis/raw/nw/nw-0544-03-000041.jpg,image_level_non_oil_only,broad_non_oil_marine
nw:nw-0545-03-000042,nw,0,non_oil_marine,water,False,data/external/dartis/raw/nw/nw-0545-03-000042.jpg,image_level_non_oil_only,broad_non_oil_marine
nw:nw-0546-03-000043,nw,0,non_oil_marine,water,False,data/external/dartis/raw/nw/nw-0546-03-000043.jpg,image_level_non_oil_only,broad_non_oil_marine
nw:nw-0547-03-000044,nw,0,non_oil_marine,water,False,data/external/dartis/raw/nw/nw-0547-03-000044.jpg,image_level_non_oil_only,broad_non_oil_marine
nw:nw-0548-03-000045,nw,0,non_oil_marine,water,False,data/external/dartis/raw/nw/nw-0548-03-000045.jpg,image_level_non_oil_only,broad_non_oil_marine
nw:nw-0549-03-000046,nw,0,non_oil_marine,water,False,data/external/dartis/raw/nw/nw-0549-03-000046.jpg,image_level_non_oil_only,broad_non_oil_marine
nw:nw-0550-03-000047,nw,0,non_oil_marine,water,False,data/external/dartis/raw/nw/nw-0550-03-000047.jpg,image_level_non_oil_only,broad_non_oil_marine
nw:nw-0551-03-000048,nw,0,non_oil_marine,water,False,data/external/dartis/raw/nw/nw-0551-03-000048.jpg,image_level_non_oil_only,broad_non_oil_marine
nw:nw-0552-03-000049,nw,0,non_oil_marine,water,False,data/external/dartis/raw/nw/nw-0552-03-000049.jpg,image_level_non_oil_only,broad_non_oil_marine
nw:nw-0553-03-000050,nw,0,non_oil_marine,water,False,data/external/dartis/raw/nw/nw-0553-03-000050.jpg,image_level_non_oil_only,broad_non_oil_marine
nw:nw-0554-03-000051,nw,0,non_oil_marine,water,False,data/external/dartis/raw/nw/nw-0554-03-000051.jpg,image_level_non_oil_only,broad_non_oil_marine
nw:nw-0555-03-000052,nw,0,non_oil_marine,water,False,data/external/dartis/raw/nw/nw-0555-03-000052.jpg,image_level_non_oil_only,broad_non_oil_marine
nw:nw-0556-03-000053,nw,0,non_oil_marine,water,False,data/external/dartis/raw/nw/nw-0556-03-000053.jpg,image_level_non_oil_only,broad_non_oil_marine
nw:nw-0557-03-000054,nw,0,non_oil_marine,water,False,data/external/dartis/raw/nw/nw-0557-03-000054.jpg,image_level_non_oil_only,broad_non_oil_marine
nw:nw-0558-03-000055,nw,0,non_oil_marine,water,False,data/external/dartis/raw/nw/nw-0558-03-000055.jpg,image_level_non_oil_only,broad_non_oil_marine
nw:nw-0559-03-000056,nw,0,non_oil_marine,water,False,data/external/dartis/raw/nw/nw-0559-03-000056.jpg,image_level_non_oil_only,broad_non_oil_marine
nw:nw-0560-03-000057,nw,0,non_oil_marine,water,False,data/external/dartis/raw/nw/nw-0560-03-000057.jpg,image_level_non_oil_only,broad_non_oil_marine
nw:nw-0561-03-000058,nw,0,non_oil_marine,water,False,data/external/dartis/raw/nw/nw-0561-03-000058.jpg,image_level_non_oil_only,broad_non_oil_marine
nw:nw-0562-03-000059,nw,0,non_oil_marine,water,False,data/external/dartis/raw/nw/nw-0562-03-000059.jpg,image_level_non_oil_only,broad_non_oil_marine
nw:nw-0563-03-000060,nw,0,non_oil_marine,water,False,data/external/dartis/raw/nw/nw-0563-03-000060.jpg,image_level_non_oil_only,broad_non_oil_marine
nw:nw-0564-03-000061,nw,0,non_oil_marine,water,False,data/external/dartis/raw/nw/nw-0564-03-000061.jpg,image_level_non_oil_only,broad_non_oil_marine
nw:nw-0565-03-000062,nw,0,non_oil_marine,water,False,data/external/dartis/raw/nw/nw-0565-03-000062.jpg,image_level_non_oil_only,broad_non_oil_marine
nw:nw-0566-03-000063,nw,0,non_oil_marine,water,False,data/external/dartis/raw/nw/nw-0566-03-000063.jpg,image_level_non_oil_only,broad_non_oil_marine
nw:nw-0567-03-000064,nw,0,non_oil_marine,water,False,data/external/dartis/raw/nw/nw-0567-03-000064.jpg,image_level_non_oil_only,broad_non_oil_marine
nw:nw-0568-03-000065,nw,0,non_oil_marine,water,False,data/external/dartis/raw/nw/nw-0568-03-000065.jpg,image_level_non_oil_only,broad_non_oil_marine
nw:nw-0569-03-000066,nw,0,non_oil_marine,water,False,data/external/dartis/raw/nw/nw-0569-03-000066.jpg,image_level_non_oil_only,broad_non_oil_marine
nw:nw-0570-03-000067,nw,0,non_oil_marine,water,False,data/external/dartis/raw/nw/nw-0570-03-000067.jpg,image_level_non_oil_only,broad_non_oil_marine
nw:nw-0571-03-000068,nw,0,non_oil_marine,water,False,data/external/dartis/raw/nw/nw-0571-03-000068.jpg,image_level_non_oil_only,broad_non_oil_marine
nw:nw-0572-03-000069,nw,0,non_oil_marine,water,False,data/external/dartis/raw/nw/nw-0572-03-000069.jpg,image_level_non_oil_only,broad_non_oil_marine
nw:nw-0573-03-000070,nw,0,non_oil_marine,water,False,data/external/dartis/raw/nw/nw-0573-03-000070.jpg,image_level_non_oil_only,broad_non_oil_marine
nw:nw-0574-03-000071,nw,0,non_oil_marine,water,False,data/external/dartis/raw/nw/nw-0574-03-000071.jpg,image_level_non_oil_only,broad_non_oil_marine
nw:nw-0575-03-000072,nw,0,non_oil_marine,water,False,data/external/dartis/raw/nw/nw-0575-03-000072.jpg,image_level_non_oil_only,broad_non_oil_marine
nw:nw-0576-03-000073,nw,0,non_oil_marine,water,False,data/external/dartis/raw/nw/nw-0576-03-000073.jpg,image_level_non_oil_only,broad_non_oil_marine
nw:nw-0577-03-000074,nw,0,non_oil_marine,water,False,data/external/dartis/raw/nw/nw-0577-03-000074.jpg,image_level_non_oil_only,broad_non_oil_marine
nw:nw-0578-03-000075,nw,0,non_oil_marine,water,False,data/external/dartis/raw/nw/nw-0578-03-000075.jpg,image_level_non_oil_only,broad_non_oil_marine
nw:nw-0579-03-000076,nw,0,non_oil_marine,water,False,data/external/dartis/raw/nw/nw-0579-03-000076.jpg,image_level_non_oil_only,broad_non_oil_marine
nw:nw-0580-03-000077,nw,0,non_oil_marine,water,False,data/external/dartis/raw/nw/nw-0580-03-000077.jpg,image_level_non_oil_only,broad_non_oil_marine
nw:nw-0581-03-000078,nw,0,non_oil_marine,water,False,data/external/dartis/raw/nw/nw-0581-03-000078.jpg,image_level_non_oil_only,broad_non_oil_marine
nw:nw-0582-03-000079,nw,0,non_oil_marine,water,False,data/external/dartis/raw/nw/nw-0582-03-000079.jpg,image_level_non_oil_only,broad_non_oil_marine
nw:nw-0583-03-000080,nw,0,non_oil_marine,water,False,data/external/dartis/raw/nw/nw-0583-03-000080.jpg,image_level_non_oil_only,broad_non_oil_marine
nw:nw-0584-03-000081,nw,0,non_oil_marine,water,False,data/external/dartis/raw/nw/nw-0584-03-000081.jpg,image_level_non_oil_only,broad_non_oil_marine
nw:nw-0585-03-000082,nw,0,non_oil_marine,water,False,data/external/dartis/raw/nw/nw-0585-03-000082.jpg,image_level_non_oil_only,broad_non_oil_marine
nw:nw-0586-03-000083,nw,0,non_oil_marine,water,False,data/external/dartis/raw/nw/nw-0586-03-000083.jpg,image_level_non_oil_only,broad_non_oil_marine
nw:nw-0587-03-000084,nw,0,non_oil_marine,water,False,data/external/dartis/raw/nw/nw-0587-03-000084.jpg,image_level_non_oil_only,broad_non_oil_marine
nw:nw-0588-03-000085,nw,0,non_oil_marine,water,False,data/external/dartis/raw/nw/nw-0588-03-000085.jpg,image_level_non_oil_only,broad_non_oil_marine
nw:nw-0589-03-000086,nw,0,non_oil_marine,water,False,data/external/dartis/raw/nw/nw-0589-03-000086.jpg,image_level_non_oil_only,broad_non_oil_marine
nw:nw-0590-03-000087,nw,0,non_oil_marine,water,False,data/external/dartis/raw/nw/nw-0590-03-000087.jpg,image_level_non_oil_only,broad_non_oil_marine
nw:nw-0591-03-000088,nw,0,non_oil_marine,water,False,data/external/dartis/raw/nw/nw-0591-03-000088.jpg,image_level_non_oil_only,broad_non_oil_marine
nw:nw-0592-03-000089,nw,0,non_oil_marine,water,False,data/external/dartis/raw/nw/nw-0592-03-000089.jpg,image_level_non_oil_only,broad_non_oil_marine
nw:nw-0593-03-000090,nw,0,non_oil_marine,water,False,data/external/dartis/raw/nw/nw-0593-03-000090.jpg,image_level_non_oil_only,broad_non_oil_marine
nw:nw-0594-03-000091,nw,0,non_oil_marine,water,False,data/external/dartis/raw/nw/nw-0594-03-000091.jpg,image_level_non_oil_only,broad_non_oil_marine
nw:nw-0595-03-000092,nw,0,non_oil_marine,water,False,data/external/dartis/raw/nw/nw-0595-03-000092.jpg,image_level_non_oil_only,broad_non_oil_marine
nw:nw-0596-03-000093,nw,0,non_oil_marine,water,False,data/external/dartis/raw/nw/nw-0596-03-000093.jpg,image_level_non_oil_only,broad_non_oil_marine
nw:nw-0597-03-000094,nw,0,non_oil_marine,water,False,data/external/dartis/raw/nw/nw-0597-03-000094.jpg,image_level_non_oil_only,broad_non_oil_marine
nw:nw-0598-03-000095,nw,0,non_oil_marine,water,False,data/external/dartis/raw/nw/nw-0598-03-000095.jpg,image_level_non_oil_only,broad_non_oil_marine
nw:nw-0599-03-000096,nw,0,non_oil_marine,water,False,data/external/dartis/raw/nw/nw-0599-03-000096.jpg,image_level_non_oil_only,broad_non_oil_marine
nw:nw-0600-03-000097,nw,0,non_oil_marine,water,False,data/external/dartis/raw/nw/nw-0600-03-000097.jpg,image_level_non_oil_only,broad_non_oil_marine
nw:nw-0601-03-000098,nw,0,non_oil_marine,water,False,data/external/dartis/raw/nw/nw-0601-03-000098.jpg,image_level_non_oil_only,broad_non_oil_marine
nw:nw-0602-03-000099,nw,0,non_oil_marine,water,False,data/external/dartis/raw/nw/nw-0602-03-000099.jpg,image_level_non_oil_only,broad_non_oil_marine
nw:nw-0603-03-000100,nw,0,non_oil_marine,water,False,data/external/dartis/raw/nw/nw-0603-03-000100.jpg,image_level_non_oil_only,broad_non_oil_marine
nw:nw-0604-03-000101,nw,0,non_oil_marine,water,False,data/external/dartis/raw/nw/nw-0604-03-000101.jpg,image_level_non_oil_only,broad_non_oil_marine
nw:nw-0605-03-000102,nw,0,non_oil_marine,water,False,data/external/dartis/raw/nw/nw-0605-03-000102.jpg,image_level_non_oil_only,broad_non_oil_marine
nw:nw-0606-03-000103,nw,0,non_oil_marine,water,False,data/external/dartis/raw/nw/nw-0606-03-000103.jpg,image_level_non_oil_only,broad_non_oil_marine
nw:nw-0607-03-000104,nw,0,non_oil_marine,water,False,data/external/dartis/raw/nw/nw-0607-03-000104.jpg,image_level_non_oil_only,broad_non_oil_marine
nw:nw-0608-03-000105,nw,0,non_oil_marine,water,False,data/external/dartis/raw/nw/nw-0608-03-000105.jpg,image_level_non_oil_only,broad_non_oil_marine
nw:nw-0609-03-000106,nw,0,non_oil_marine,water,False,data/external/dartis/raw/nw/nw-0609-03-000106.jpg,image_level_non_oil_only,broad_non_oil_marine
nw:nw-0610-03-000107,nw,0,non_oil_marine,water,False,data/external/dartis/raw/nw/nw-0610-03-000107.jpg,image_level_non_oil_only,broad_non_oil_marine
nw:nw-0611-03-000108,nw,0,non_oil_marine,water,False,data/external/dartis/raw/nw/nw-0611-03-000108.jpg,image_level_non_oil_only,broad_non_oil_marine
nw:nw-0612-03-000109,nw,0,non_oil_marine,water,False,data/external/dartis/raw/nw/nw-0612-03-000109.jpg,image_level_non_oil_only,broad_non_oil_marine
nw:nw-0613-03-000110,nw,0,non_oil_marine,water,False,data/external/dartis/raw/nw/nw-0613-03-000110.jpg,image_level_non_oil_only,broad_non_oil_marine
nw:nw-0614-03-000111,nw,0,non_oil_marine,water,False,data/external/dartis/raw/nw/nw-0614-03-000111.jpg,image_level_non_oil_only,broad_non_oil_marine
nw:nw-0615-03-000112,nw,0,non_oil_marine,water,False,data/external/dartis/raw/nw/nw-0615-03-000112.jpg,image_level_non_oil_only,broad_non_oil_marine
nw:nw-0616-03-000113,nw,0,non_oil_marine,water,False,data/external/dartis/raw/nw/nw-0616-03-000113.jpg,image_level_non_oil_only,broad_non_oil_marine
nw:nw-0617-03-000114,nw,0,non_oil_marine,water,False,data/external/dartis/raw/nw/nw-0617-03-000114.jpg,image_level_non_oil_only,broad_non_oil_marine
nw:nw-0618-03-000115,nw,0,non_oil_marine,water,False,data/external/dartis/raw/nw/nw-0618-03-000115.jpg,image_level_non_oil_only,broad_non_oil_marine
nw:nw-0619-03-000116,nw,0,non_oil_marine,water,False,data/external/dartis/raw/nw/nw-0619-03-000116.jpg,image_level_non_oil_only,broad_non_oil_marine
nw:nw-0620-03-000117,nw,0,non_oil_marine,water,False,data/external/dartis/raw/nw/nw-0620-03-000117.jpg,image_level_non_oil_only,broad_non_oil_marine
nw:nw-0621-03-000118,nw,0,non_oil_marine,water,False,data/external/dartis/raw/nw/nw-0621-03-000118.jpg,image_level_non_oil_only,broad_non_oil_marine
nw:nw-0622-03-000119,nw,0,non_oil_marine,water,False,data/external/dartis/raw/nw/nw-0622-03-000119.jpg,image_level_non_oil_only,broad_non_oil_marine
nw:nw-0623-03-000120,nw,0,non_oil_marine,water,False,data/external/dartis/raw/nw/nw-0623-03-000120.jpg,image_level_non_oil_only,broad_non_oil_marine
nw:nw-0624-03-000121,nw,0,non_oil_marine,water,False,data/external/dartis/raw/nw/nw-0624-03-000121.jpg,image_level_non_oil_only,broad_non_oil_marine
nw:nw-0625-03-000122,nw,0,non_oil_marine,water,False,data/external/dartis/raw/nw/nw-0625-03-000122.jpg,image_level_non_oil_only,broad_non_oil_marine
nw:nw-0626-03-000123,nw,0,non_oil_marine,water,False,data/external/dartis/raw/nw/nw-0626-03-000123.jpg,image_level_non_oil_only,broad_non_oil_marine
nw:nw-0627-03-000124,nw,0,non_oil_marine,water,False,data/external/dartis/raw/nw/nw-0627-03-000124.jpg,image_level_non_oil_only,broad_non_oil_marine
nw:nw-0628-03-000125,nw,0,non_oil_marine,water,False,data/external/dartis/raw/nw/nw-0628-03-000125.jpg,image_level_non_oil_only,broad_non_oil_marine
nw:nw-0629-03-000126,nw,0,non_oil_marine,water,False,data/external/dartis/raw/nw/nw-0629-03-000126.jpg,image_level_non_oil_only,broad_non_oil_marine
nw:nw-0630-03-000127,nw,0,non_oil_marine,water,False,data/external/dartis/raw/nw/nw-0630-03-000127.jpg,image_level_non_oil_only,broad_non_oil_marine
nw:nw-0631-03-000128,nw,0,non_oil_marine,water,False,data/external/dartis/raw/nw/nw-0631-03-000128.jpg,image_level_non_oil_only,broad_non_oil_marine
nw:nw-0632-03-000129,nw,0,non_oil_marine,water,False,data/external/dartis/raw/nw/nw-0632-03-000129.jpg,image_level_non_oil_only,broad_non_oil_marine
nw:nw-0633-03-000130,nw,0,non_oil_marine,water,False,data/external/dartis/raw/nw/nw-0633-03-000130.jpg,image_level_non_oil_only,broad_non_oil_marine
nw:nw-0634-03-000131,nw,0,non_oil_marine,water,False,data/external/dartis/raw/nw/nw-0634-03-000131.jpg,image_level_non_oil_only,broad_non_oil_marine
nw:nw-0635-03-000132,nw,0,non_oil_marine,water,False,data/external/dartis/raw/nw/nw-0635-03-000132.jpg,image_level_non_oil_only,broad_non_oil_marine
nw:nw-0636-03-000133,nw,0,non_oil_marine,water,False,data/external/dartis/raw/nw/nw-0636-03-000133.jpg,image_level_non_oil_only,broad_non_oil_marine
nw:nw-0637-03-000134,nw,0,non_oil_marine,water,False,data/external/dartis/raw/nw/nw-0637-03-000134.jpg,image_level_non_oil_only,broad_non_oil_marine
nw:nw-0638-03-000135,nw,0,non_oil_marine,water,False,data/external/dartis/raw/nw/nw-0638-03-000135.jpg,image_level_non_oil_only,broad_non_oil_marine
nw:nw-0639-03-000136,nw,0,non_oil_marine,water,False,data/external/dartis/raw/nw/nw-0639-03-000136.jpg,image_level_non_oil_only,broad_non_oil_marine
nw:nw-0640-03-000137,nw,0,non_oil_marine,water,False,data/external/dartis/raw/nw/nw-0640-03-000137.jpg,image_level_non_oil_only,broad_non_oil_marine
nw:nw-0641-03-000138,nw,0,non_oil_marine,water,False,data/external/dartis/raw/nw/nw-0641-03-000138.jpg,image_level_non_oil_only,broad_non_oil_marine
nw:nw-0642-03-000139,nw,0,non_oil_marine,water,False,data/external/dartis/raw/nw/nw-0642-03-000139.jpg,image_level_non_oil_only,broad_non_oil_marine
nw:nw-0643-03-000140,nw,0,non_oil_marine,water,False,data/external/dartis/raw/nw/nw-0643-03-000140.jpg,image_level_non_oil_only,broad_non_oil_marine
nw:nw-0644-03-000141,nw,0,non_oil_marine,water,False,data/external/dartis/raw/nw/nw-0644-03-000141.jpg,image_level_non_oil_only,broad_non_oil_marine
nw:nw-0645-03-000142,nw,0,non_oil_marine,water,False,data/external/dartis/raw/nw/nw-0645-03-000142.jpg,image_level_non_oil_only,broad_non_oil_marine
nw:nw-0646-03-000143,nw,0,non_oil_marine,water,False,data/external/dartis/raw/nw/nw-0646-03-000143.jpg,image_level_non_oil_only,broad_non_oil_marine
nw:nw-0647-03-000144,nw,0,non_oil_marine,water,False,data/external/dartis/raw/nw/nw-0647-03-000144.jpg,image_level_non_oil_only,broad_non_oil_marine
nw:nw-0648-03-000145,nw,0,non_oil_marine,water,False,data/external/dartis/raw/nw/nw-0648-03-000145.jpg,image_level_non_oil_only,broad_non_oil_marine
nw:nw-0649-03-000146,nw,0,non_oil_marine,water,False,data/external/dartis/raw/nw/nw-0649-03-000146.jpg,image_level_non_oil_only,broad_non_oil_marine
nw:nw-0650-03-000147,nw,0,non_oil_marine,water,False,data/external/dartis/raw/nw/nw-0650-03-000147.jpg,image_level_non_oil_only,broad_non_oil_marine
nw:nw-0651-03-000148,nw,0,non_oil_marine,water,False,data/external/dartis/raw/nw/nw-0651-03-000148.jpg,image_level_non_oil_only,broad_non_oil_marine
nw:nw-0652-03-000149,nw,0,non_oil_marine,water,False,data/external/dartis/raw/nw/nw-0652-03-000149.jpg,image_level_non_oil_only,broad_non_oil_marine
nw:nw-0653-03-000150,nw,0,non_oil_marine,water,False,data/external/dartis/raw/nw/nw-0653-03-000150.jpg,image_level_non_oil_only,broad_non_oil_marine
nw:nw-0654-03-000151,nw,0,non_oil_marine,water,False,data/external/dartis/raw/nw/nw-0654-03-000151.jpg,image_level_non_oil_only,broad_non_oil_marine
nw:nw-0655-03-000152,nw,0,non_oil_marine,water,False,data/external/dartis/raw/nw/nw-0655-03-000152.jpg,image_level_non_oil_only,broad_non_oil_marine
nw:nw-0656-03-000153,nw,0,non_oil_marine,water,False,data/external/dartis/raw/nw/nw-0656-03-000153.jpg,image_level_non_oil_only,broad_non_oil_marine
nw:nw-0657-03-000154,nw,0,non_oil_marine,water,False,data/external/dartis/raw/nw/nw-0657-03-000154.jpg,image_level_non_oil_only,broad_non_oil_marine
nw:nw-0658-03-000155,nw,0,non_oil_marine,water,False,data/external/dartis/raw/nw/nw-0658-03-000155.jpg,image_level_non_oil_only,broad_non_oil_marine
nw:nw-0659-03-000156,nw,0,non_oil_marine,water,False,data/external/dartis/raw/nw/nw-0659-03-000156.jpg,image_level_non_oil_only,broad_non_oil_marine
nw:nw-0660-03-000157,nw,0,non_oil_marine,water,False,data/external/dartis/raw/nw/nw-0660-03-000157.jpg,image_level_non_oil_only,broad_non_oil_marine
nw:nw-0661-03-000158,nw,0,non_oil_marine,water,False,data/external/dartis/raw/nw/nw-0661-03-000158.jpg,image_level_non_oil_only,broad_non_oil_marine
nw:nw-0662-03-000159,nw,0,non_oil_marine,water,False,data/external/dartis/raw/nw/nw-0662-03-000159.jpg,image_level_non_oil_only,broad_non_oil_marine
nw:nw-0663-03-000160,nw,0,non_oil_marine,water,False,data/external/dartis/raw/nw/nw-0663-03-000160.jpg,image_level_non_oil_only,broad_non_oil_marine
nw:nw-0664-03-000161,nw,0,non_oil_marine,water,False,data/external/dartis/raw/nw/nw-0664-03-000161.jpg,image_level_non_oil_only,broad_non_oil_marine
nw:nw-0665-03-000162,nw,0,non_oil_marine,water,False,data/external/dartis/raw/nw/nw-0665-03-000162.jpg,image_level_non_oil_only,broad_non_oil_marine
nw:nw-0666-04-000001,nw,0,non_oil_marine,water,False,data/external/dartis/raw/nw/nw-0666-04-000001.jpg,image_level_non_oil_only,broad_non_oil_marine
nw:nw-0667-04-000002,nw,0,non_oil_marine,water,False,data/external/dartis/raw/nw/nw-0667-04-000002.jpg,image_level_non_oil_only,broad_non_oil_marine
nw:nw-0668-04-000003,nw,0,non_oil_marine,water,False,data/external/dartis/raw/nw/nw-0668-04-000003.jpg,image_level_non_oil_only,broad_non_oil_marine
nw:nw-0669-04-000004,nw,0,non_oil_marine,water,False,data/external/dartis/raw/nw/nw-0669-04-000004.jpg,image_level_non_oil_only,broad_non_oil_marine
nw:nw-0670-04-000005,nw,0,non_oil_marine,water,False,data/external/dartis/raw/nw/nw-0670-04-000005.jpg,image_level_non_oil_only,broad_non_oil_marine
nw:nw-0671-04-000006,nw,0,non_oil_marine,water,False,data/external/dartis/raw/nw/nw-0671-04-000006.jpg,image_level_non_oil_only,broad_non_oil_marine
nw:nw-0672-04-000007,nw,0,non_oil_marine,water,False,data/external/dartis/raw/nw/nw-0672-04-000007.jpg,image_level_non_oil_only,broad_non_oil_marine
nw:nw-0673-04-000008,nw,0,non_oil_marine,water,False,data/external/dartis/raw/nw/nw-0673-04-000008.jpg,image_level_non_oil_only,broad_non_oil_marine
nw:nw-0674-04-000009,nw,0,non_oil_marine,water,False,data/external/dartis/raw/nw/nw-0674-04-000009.jpg,image_level_non_oil_only,broad_non_oil_marine
nw:nw-0675-04-000010,nw,0,non_oil_marine,water,False,data/external/dartis/raw/nw/nw-0675-04-000010.jpg,image_level_non_oil_only,broad_non_oil_marine
nw:nw-0676-04-000011,nw,0,non_oil_marine,water,False,data/external/dartis/raw/nw/nw-0676-04-000011.jpg,image_level_non_oil_only,broad_non_oil_marine
nw:nw-0677-04-000012,nw,0,non_oil_marine,water,False,data/external/dartis/raw/nw/nw-0677-04-000012.jpg,image_level_non_oil_only,broad_non_oil_marine
nw:nw-0678-04-000013,nw,0,non_oil_marine,water,False,data/external/dartis/raw/nw/nw-0678-04-000013.jpg,image_level_non_oil_only,broad_non_oil_marine
nw:nw-0679-04-000014,nw,0,non_oil_marine,water,False,data/external/dartis/raw/nw/nw-0679-04-000014.jpg,image_level_non_oil_only,broad_non_oil_marine
nw:nw-0680-04-000015,nw,0,non_oil_marine,water,False,data/external/dartis/raw/nw/nw-0680-04-000015.jpg,image_level_non_oil_only,broad_non_oil_marine
nw:nw-0681-04-000016,nw,0,non_oil_marine,water,False,data/external/dartis/raw/nw/nw-0681-04-000016.jpg,image_level_non_oil_only,broad_non_oil_marine
nw:nw-0682-04-000017,nw,0,non_oil_marine,water,False,data/external/dartis/raw/nw/nw-0682-04-000017.jpg,image_level_non_oil_only,broad_non_oil_marine
nw:nw-0683-04-000018,nw,0,non_oil_marine,water,False,data/external/dartis/raw/nw/nw-0683-04-000018.jpg,image_level_non_oil_only,broad_non_oil_marine
nw:nw-0684-04-000019,nw,0,non_oil_marine,water,False,data/external/dartis/raw/nw/nw-0684-04-000019.jpg,image_level_non_oil_only,broad_non_oil_marine
nw:nw-0685-04-000020,nw,0,non_oil_marine,water,False,data/external/dartis/raw/nw/nw-0685-04-000020.jpg,image_level_non_oil_only,broad_non_oil_marine
nw:nw-0686-04-000021,nw,0,non_oil_marine,water,False,data/external/dartis/raw/nw/nw-0686-04-000021.jpg,image_level_non_oil_only,broad_non_oil_marine
nw:nw-0687-04-000022,nw,0,non_oil_marine,water,False,data/external/dartis/raw/nw/nw-0687-04-000022.jpg,image_level_non_oil_only,broad_non_oil_marine
nw:nw-0688-04-000023,nw,0,non_oil_marine,water,False,data/external/dartis/raw/nw/nw-0688-04-000023.jpg,image_level_non_oil_only,broad_non_oil_marine
nw:nw-0689-04-000024,nw,0,non_oil_marine,water,False,data/external/dartis/raw/nw/nw-0689-04-000024.jpg,image_level_non_oil_only,broad_non_oil_marine
nw:nw-0690-04-000025,nw,0,non_oil_marine,water,False,data/external/dartis/raw/nw/nw-0690-04-000025.jpg,image_level_non_oil_only,broad_non_oil_marine
nw:nw-0691-04-000026,nw,0,non_oil_marine,water,False,data/external/dartis/raw/nw/nw-0691-04-000026.jpg,image_level_non_oil_only,broad_non_oil_marine
nw:nw-0692-04-000027,nw,0,non_oil_marine,water,False,data/external/dartis/raw/nw/nw-0692-04-000027.jpg,image_level_non_oil_only,broad_non_oil_marine
nw:nw-0693-04-000028,nw,0,non_oil_marine,water,False,data/external/dartis/raw/nw/nw-0693-04-000028.jpg,image_level_non_oil_only,broad_non_oil_marine
nw:nw-0694-04-000029,nw,0,non_oil_marine,water,False,data/external/dartis/raw/nw/nw-0694-04-000029.jpg,image_level_non_oil_only,broad_non_oil_marine
nw:nw-0695-04-000030,nw,0,non_oil_marine,water,False,data/external/dartis/raw/nw/nw-0695-04-000030.jpg,image_level_non_oil_only,broad_non_oil_marine
nw:nw-0696-04-000031,nw,0,non_oil_marine,water,False,data/external/dartis/raw/nw/nw-0696-04-000031.jpg,image_level_non_oil_only,broad_non_oil_marine
nw:nw-0697-04-000032,nw,0,non_oil_marine,water,False,data/external/dartis/raw/nw/nw-0697-04-000032.jpg,image_level_non_oil_only,broad_non_oil_marine
nw:nw-0698-04-000033,nw,0,non_oil_marine,water,False,data/external/dartis/raw/nw/nw-0698-04-000033.jpg,image_level_non_oil_only,broad_non_oil_marine
nw:nw-0699-04-000034,nw,0,non_oil_marine,water,False,data/external/dartis/raw/nw/nw-0699-04-000034.jpg,image_level_non_oil_only,broad_non_oil_marine
nw:nw-0700-04-000035,nw,0,non_oil_marine,water,False,data/external/dartis/raw/nw/nw-0700-04-000035.jpg,image_level_non_oil_only,broad_non_oil_marine
nw:nw-0701-04-000036,nw,0,non_oil_marine,water,False,data/external/dartis/raw/nw/nw-0701-04-000036.jpg,image_level_non_oil_only,broad_non_oil_marine
nw:nw-0702-04-000037,nw,0,non_oil_marine,water,False,data/external/dartis/raw/nw/nw-0702-04-000037.jpg,image_level_non_oil_only,broad_non_oil_marine
nw:nw-0703-04-000038,nw,0,non_oil_marine,water,False,data/external/dartis/raw/nw/nw-0703-04-000038.jpg,image_level_non_oil_only,broad_non_oil_marine
nw:nw-0704-04-000039,nw,0,non_oil_marine,water,False,data/external/dartis/raw/nw/nw-0704-04-000039.jpg,image_level_non_oil_only,broad_non_oil_marine
nw:nw-0705-04-000040,nw,0,non_oil_marine,water,False,data/external/dartis/raw/nw/nw-0705-04-000040.jpg,image_level_non_oil_only,broad_non_oil_marine
nw:nw-0706-04-000041,nw,0,non_oil_marine,water,False,data/external/dartis/raw/nw/nw-0706-04-000041.jpg,image_level_non_oil_only,broad_non_oil_marine
nw:nw-0707-04-000042,nw,0,non_oil_marine,water,False,data/external/dartis/raw/nw/nw-0707-04-000042.jpg,image_level_non_oil_only,broad_non_oil_marine
nw:nw-0708-04-000043,nw,0,non_oil_marine,water,False,data/external/dartis/raw/nw/nw-0708-04-000043.jpg,image_level_non_oil_only,broad_non_oil_marine
nw:nw-0709-04-000044,nw,0,non_oil_marine,water,False,data/external/dartis/raw/nw/nw-0709-04-000044.jpg,image_level_non_oil_only,broad_non_oil_marine
nw:nw-0710-04-000045,nw,0,non_oil_marine,water,False,data/external/dartis/raw/nw/nw-0710-04-000045.jpg,image_level_non_oil_only,broad_non_oil_marine
nw:nw-0711-04-000046,nw,0,non_oil_marine,water,False,data/external/dartis/raw/nw/nw-0711-04-000046.jpg,image_level_non_oil_only,broad_non_oil_marine
nw:nw-0712-04-000047,nw,0,non_oil_marine,water,False,data/external/dartis/raw/nw/nw-0712-04-000047.jpg,image_level_non_oil_only,broad_non_oil_marine
nw:nw-0713-04-000048,nw,0,non_oil_marine,water,False,data/external/dartis/raw/nw/nw-0713-04-000048.jpg,image_level_non_oil_only,broad_non_oil_marine
nw:nw-0714-04-000049,nw,0,non_oil_marine,water,False,data/external/dartis/raw/nw/nw-0714-04-000049.jpg,image_level_non_oil_only,broad_non_oil_marine
nw:nw-0715-04-000050,nw,0,non_oil_marine,water,False,data/external/dartis/raw/nw/nw-0715-04-000050.jpg,image_level_non_oil_only,broad_non_oil_marine
nw:nw-0716-04-000051,nw,0,non_oil_marine,water,False,data/external/dartis/raw/nw/nw-0716-04-000051.jpg,image_level_non_oil_only,broad_non_oil_marine
nw:nw-0717-04-000052,nw,0,non_oil_marine,water,False,data/external/dartis/raw/nw/nw-0717-04-000052.jpg,image_level_non_oil_only,broad_non_oil_marine
nw:nw-0718-04-000053,nw,0,non_oil_marine,water,False,data/external/dartis/raw/nw/nw-0718-04-000053.jpg,image_level_non_oil_only,broad_non_oil_marine
nw:nw-0719-04-000054,nw,0,non_oil_marine,water,False,data/external/dartis/raw/nw/nw-0719-04-000054.jpg,image_level_non_oil_only,broad_non_oil_marine
nw:nw-0720-04-000055,nw,0,non_oil_marine,water,False,data/external/dartis/raw/nw/nw-0720-04-000055.jpg,image_level_non_oil_only,broad_non_oil_marine
nw:nw-0721-04-000056,nw,0,non_oil_marine,water,False,data/external/dartis/raw/nw/nw-0721-04-000056.jpg,image_level_non_oil_only,broad_non_oil_marine
nw:nw-0722-04-000057,nw,0,non_oil_marine,water,False,data/external/dartis/raw/nw/nw-0722-04-000057.jpg,image_level_non_oil_only,broad_non_oil_marine
nw:nw-0723-04-000058,nw,0,non_oil_marine,water,False,data/external/dartis/raw/nw/nw-0723-04-000058.jpg,image_level_non_oil_only,broad_non_oil_marine
nw:nw-0724-04-000059,nw,0,non_oil_marine,water,False,data/external/dartis/raw/nw/nw-0724-04-000059.jpg,image_level_non_oil_only,broad_non_oil_marine
nw:nw-0725-04-000060,nw,0,non_oil_marine,water,False,data/external/dartis/raw/nw/nw-0725-04-000060.jpg,image_level_non_oil_only,broad_non_oil_marine
nw:nw-0726-04-000061,nw,0,non_oil_marine,water,False,data/external/dartis/raw/nw/nw-0726-04-000061.jpg,image_level_non_oil_only,broad_non_oil_marine
nw:nw-0727-04-000062,nw,0,non_oil_marine,water,False,data/external/dartis/raw/nw/nw-0727-04-000062.jpg,image_level_non_oil_only,broad_non_oil_marine
nw:nw-0728-04-000063,nw,0,non_oil_marine,water,False,data/external/dartis/raw/nw/nw-0728-04-000063.jpg,image_level_non_oil_only,broad_non_oil_marine
nw:nw-0729-04-000064,nw,0,non_oil_marine,water,False,data/external/dartis/raw/nw/nw-0729-04-000064.jpg,image_level_non_oil_only,broad_non_oil_marine
nw:nw-0730-04-000065,nw,0,non_oil_marine,water,False,data/external/dartis/raw/nw/nw-0730-04-000065.jpg,image_level_non_oil_only,broad_non_oil_marine
nw:nw-0731-04-000066,nw,0,non_oil_marine,water,False,data/external/dartis/raw/nw/nw-0731-04-000066.jpg,image_level_non_oil_only,broad_non_oil_marine
nw:nw-0732-04-000067,nw,0,non_oil_marine,water,False,data/external/dartis/raw/nw/nw-0732-04-000067.jpg,image_level_non_oil_only,broad_non_oil_marine
nw:nw-0733-04-000068,nw,0,non_oil_marine,water,False,data/external/dartis/raw/nw/nw-0733-04-000068.jpg,image_level_non_oil_only,broad_non_oil_marine
nw:nw-0734-04-000069,nw,0,non_oil_marine,water,False,data/external/dartis/raw/nw/nw-0734-04-000069.jpg,image_level_non_oil_only,broad_non_oil_marine
nw:nw-0735-04-000070,nw,0,non_oil_marine,water,False,data/external/dartis/raw/nw/nw-0735-04-000070.jpg,image_level_non_oil_only,broad_non_oil_marine
nw:nw-0736-04-000071,nw,0,non_oil_marine,water,False,data/external/dartis/raw/nw/nw-0736-04-000071.jpg,image_level_non_oil_only,broad_non_oil_marine
nw:nw-0737-04-000072,nw,0,non_oil_marine,water,False,data/external/dartis/raw/nw/nw-0737-04-000072.jpg,image_level_non_oil_only,broad_non_oil_marine
nw:nw-0738-04-000073,nw,0,non_oil_marine,water,False,data/external/dartis/raw/nw/nw-0738-04-000073.jpg,image_level_non_oil_only,broad_non_oil_marine
nw:nw-0739-04-000074,nw,0,non_oil_marine,water,False,data/external/dartis/raw/nw/nw-0739-04-000074.jpg,image_level_non_oil_only,broad_non_oil_marine
nw:nw-0740-04-000075,nw,0,non_oil_marine,water,False,data/external/dartis/raw/nw/nw-0740-04-000075.jpg,image_level_non_oil_only,broad_non_oil_marine
nw:nw-0741-04-000076,nw,0,non_oil_marine,water,False,data/external/dartis/raw/nw/nw-0741-04-000076.jpg,image_level_non_oil_only,broad_non_oil_marine
nw:nw-0742-04-000077,nw,0,non_oil_marine,water,False,data/external/dartis/raw/nw/nw-0742-04-000077.jpg,image_level_non_oil_only,broad_non_oil_marine
nw:nw-0743-04-000078,nw,0,non_oil_marine,water,False,data/external/dartis/raw/nw/nw-0743-04-000078.jpg,image_level_non_oil_only,broad_non_oil_marine
nw:nw-0744-04-000079,nw,0,non_oil_marine,water,False,data/external/dartis/raw/nw/nw-0744-04-000079.jpg,image_level_non_oil_only,broad_non_oil_marine
nw:nw-0745-04-000080,nw,0,non_oil_marine,water,False,data/external/dartis/raw/nw/nw-0745-04-000080.jpg,image_level_non_oil_only,broad_non_oil_marine
nw:nw-0746-04-000081,nw,0,non_oil_marine,water,False,data/external/dartis/raw/nw/nw-0746-04-000081.jpg,image_level_non_oil_only,broad_non_oil_marine
nw:nw-0747-05-000001,nw,0,non_oil_marine,water,False,data/external/dartis/raw/nw/nw-0747-05-000001.jpg,image_level_non_oil_only,broad_non_oil_marine
nw:nw-0748-05-000002,nw,0,non_oil_marine,water,False,data/external/dartis/raw/nw/nw-0748-05-000002.jpg,image_level_non_oil_only,broad_non_oil_marine
nw:nw-0749-05-000003,nw,0,non_oil_marine,water,False,data/external/dartis/raw/nw/nw-0749-05-000003.jpg,image_level_non_oil_only,broad_non_oil_marine
nw:nw-0750-05-000004,nw,0,non_oil_marine,water,False,data/external/dartis/raw/nw/nw-0750-05-000004.jpg,image_level_non_oil_only,broad_non_oil_marine
nw:nw-0751-05-000005,nw,0,non_oil_marine,water,False,data/external/dartis/raw/nw/nw-0751-05-000005.jpg,image_level_non_oil_only,broad_non_oil_marine
nw:nw-0752-05-000006,nw,0,non_oil_marine,water,False,data/external/dartis/raw/nw/nw-0752-05-000006.jpg,image_level_non_oil_only,broad_non_oil_marine
nw:nw-0753-05-000007,nw,0,non_oil_marine,water,False,data/external/dartis/raw/nw/nw-0753-05-000007.jpg,image_level_non_oil_only,broad_non_oil_marine
nw:nw-0754-05-000008,nw,0,non_oil_marine,water,False,data/external/dartis/raw/nw/nw-0754-05-000008.jpg,image_level_non_oil_only,broad_non_oil_marine
nw:nw-0755-05-000009,nw,0,non_oil_marine,water,False,data/external/dartis/raw/nw/nw-0755-05-000009.jpg,image_level_non_oil_only,broad_non_oil_marine
nw:nw-0756-05-000010,nw,0,non_oil_marine,water,False,data/external/dartis/raw/nw/nw-0756-05-000010.jpg,image_level_non_oil_only,broad_non_oil_marine
nw:nw-0757-05-000011,nw,0,non_oil_marine,water,False,data/external/dartis/raw/nw/nw-0757-05-000011.jpg,image_level_non_oil_only,broad_non_oil_marine
nw:nw-0758-05-000012,nw,0,non_oil_marine,water,False,data/external/dartis/raw/nw/nw-0758-05-000012.jpg,image_level_non_oil_only,broad_non_oil_marine
nw:nw-0759-05-000013,nw,0,non_oil_marine,water,False,data/external/dartis/raw/nw/nw-0759-05-000013.jpg,image_level_non_oil_only,broad_non_oil_marine
nw:nw-0760-05-000014,nw,0,non_oil_marine,water,False,data/external/dartis/raw/nw/nw-0760-05-000014.jpg,image_level_non_oil_only,broad_non_oil_marine
nw:nw-0761-05-000015,nw,0,non_oil_marine,water,False,data/external/dartis/raw/nw/nw-0761-05-000015.jpg,image_level_non_oil_only,broad_non_oil_marine
nw:nw-0762-05-000016,nw,0,non_oil_marine,water,False,data/external/dartis/raw/nw/nw-0762-05-000016.jpg,image_level_non_oil_only,broad_non_oil_marine
nw:nw-0763-05-000017,nw,0,non_oil_marine,water,False,data/external/dartis/raw/nw/nw-0763-05-000017.jpg,image_level_non_oil_only,broad_non_oil_marine
nw:nw-0764-05-000018,nw,0,non_oil_marine,water,False,data/external/dartis/raw/nw/nw-0764-05-000018.jpg,image_level_non_oil_only,broad_non_oil_marine
nw:nw-0765-05-000019,nw,0,non_oil_marine,water,False,data/external/dartis/raw/nw/nw-0765-05-000019.jpg,image_level_non_oil_only,broad_non_oil_marine
nw:nw-0766-05-000020,nw,0,non_oil_marine,water,False,data/external/dartis/raw/nw/nw-0766-05-000020.jpg,image_level_non_oil_only,broad_non_oil_marine
nw:nw-0767-05-000021,nw,0,non_oil_marine,water,False,data/external/dartis/raw/nw/nw-0767-05-000021.jpg,image_level_non_oil_only,broad_non_oil_marine
nw:nw-0768-05-000022,nw,0,non_oil_marine,water,False,data/external/dartis/raw/nw/nw-0768-05-000022.jpg,image_level_non_oil_only,broad_non_oil_marine
nw:nw-0769-05-000023,nw,0,non_oil_marine,water,False,data/external/dartis/raw/nw/nw-0769-05-000023.jpg,image_level_non_oil_only,broad_non_oil_marine
nw:nw-0770-05-000024,nw,0,non_oil_marine,water,False,data/external/dartis/raw/nw/nw-0770-05-000024.jpg,image_level_non_oil_only,broad_non_oil_marine
nw:nw-0771-05-000025,nw,0,non_oil_marine,water,False,data/external/dartis/raw/nw/nw-0771-05-000025.jpg,image_level_non_oil_only,broad_non_oil_marine
nw:nw-0772-05-000026,nw,0,non_oil_marine,water,False,data/external/dartis/raw/nw/nw-0772-05-000026.jpg,image_level_non_oil_only,broad_non_oil_marine
nw:nw-0773-05-000027,nw,0,non_oil_marine,water,False,data/external/dartis/raw/nw/nw-0773-05-000027.jpg,image_level_non_oil_only,broad_non_oil_marine
nw:nw-0774-05-000028,nw,0,non_oil_marine,water,False,data/external/dartis/raw/nw/nw-0774-05-000028.jpg,image_level_non_oil_only,broad_non_oil_marine
nw:nw-0775-05-000029,nw,0,non_oil_marine,water,False,data/external/dartis/raw/nw/nw-0775-05-000029.jpg,image_level_non_oil_only,broad_non_oil_marine
nw:nw-0776-05-000030,nw,0,non_oil_marine,water,False,data/external/dartis/raw/nw/nw-0776-05-000030.jpg,image_level_non_oil_only,broad_non_oil_marine
nw:nw-0777-05-000031,nw,0,non_oil_marine,water,False,data/external/dartis/raw/nw/nw-0777-05-000031.jpg,image_level_non_oil_only,broad_non_oil_marine
nw:nw-0778-05-000032,nw,0,non_oil_marine,water,False,data/external/dartis/raw/nw/nw-0778-05-000032.jpg,image_level_non_oil_only,broad_non_oil_marine
nw:nw-0779-05-000033,nw,0,non_oil_marine,water,False,data/external/dartis/raw/nw/nw-0779-05-000033.jpg,image_level_non_oil_only,broad_non_oil_marine
nw:nw-0780-05-000034,nw,0,non_oil_marine,water,False,data/external/dartis/raw/nw/nw-0780-05-000034.jpg,image_level_non_oil_only,broad_non_oil_marine
nw:nw-0781-05-000035,nw,0,non_oil_marine,water,False,data/external/dartis/raw/nw/nw-0781-05-000035.jpg,image_level_non_oil_only,broad_non_oil_marine
nw:nw-0782-05-000036,nw,0,non_oil_marine,water,False,data/external/dartis/raw/nw/nw-0782-05-000036.jpg,image_level_non_oil_only,broad_non_oil_marine
nw:nw-0783-05-000037,nw,0,non_oil_marine,water,False,data/external/dartis/raw/nw/nw-0783-05-000037.jpg,image_level_non_oil_only,broad_non_oil_marine
nw:nw-0784-05-000038,nw,0,non_oil_marine,water,False,data/external/dartis/raw/nw/nw-0784-05-000038.jpg,image_level_non_oil_only,broad_non_oil_marine
nw:nw-0785-05-000039,nw,0,non_oil_marine,water,False,data/external/dartis/raw/nw/nw-0785-05-000039.jpg,image_level_non_oil_only,broad_non_oil_marine
nw:nw-0786-05-000040,nw,0,non_oil_marine,water,False,data/external/dartis/raw/nw/nw-0786-05-000040.jpg,image_level_non_oil_only,broad_non_oil_marine
nw:nw-0787-05-000041,nw,0,non_oil_marine,water,False,data/external/dartis/raw/nw/nw-0787-05-000041.jpg,image_level_non_oil_only,broad_non_oil_marine
nw:nw-0788-05-000042,nw,0,non_oil_marine,water,False,data/external/dartis/raw/nw/nw-0788-05-000042.jpg,image_level_non_oil_only,broad_non_oil_marine
nw:nw-0789-05-000043,nw,0,non_oil_marine,water,False,data/external/dartis/raw/nw/nw-0789-05-000043.jpg,image_level_non_oil_only,broad_non_oil_marine
nw:nw-0790-05-000044,nw,0,non_oil_marine,water,False,data/external/dartis/raw/nw/nw-0790-05-000044.jpg,image_level_non_oil_only,broad_non_oil_marine
nw:nw-0791-05-000045,nw,0,non_oil_marine,water,False,data/external/dartis/raw/nw/nw-0791-05-000045.jpg,image_level_non_oil_only,broad_non_oil_marine
nw:nw-0792-05-000046,nw,0,non_oil_marine,water,False,data/external/dartis/raw/nw/nw-0792-05-000046.jpg,image_level_non_oil_only,broad_non_oil_marine
nw:nw-0793-05-000047,nw,0,non_oil_marine,water,False,data/external/dartis/raw/nw/nw-0793-05-000047.jpg,image_level_non_oil_only,broad_non_oil_marine
nw:nw-0794-05-000048,nw,0,non_oil_marine,water,False,data/external/dartis/raw/nw/nw-0794-05-000048.jpg,image_level_non_oil_only,broad_non_oil_marine
nw:nw-0795-05-000049,nw,0,non_oil_marine,water,False,data/external/dartis/raw/nw/nw-0795-05-000049.jpg,image_level_non_oil_only,broad_non_oil_marine
nw:nw-0796-05-000050,nw,0,non_oil_marine,water,False,data/external/dartis/raw/nw/nw-0796-05-000050.jpg,image_level_non_oil_only,broad_non_oil_marine
nw:nw-0797-05-000051,nw,0,non_oil_marine,water,False,data/external/dartis/raw/nw/nw-0797-05-000051.jpg,image_level_non_oil_only,broad_non_oil_marine
nw:nw-0798-05-000052,nw,0,non_oil_marine,water,False,data/external/dartis/raw/nw/nw-0798-05-000052.jpg,image_level_non_oil_only,broad_non_oil_marine
nw:nw-0799-05-000053,nw,0,non_oil_marine,water,False,data/external/dartis/raw/nw/nw-0799-05-000053.jpg,image_level_non_oil_only,broad_non_oil_marine
nw:nw-0800-05-000054,nw,0,non_oil_marine,water,False,data/external/dartis/raw/nw/nw-0800-05-000054.jpg,image_level_non_oil_only,broad_non_oil_marine
nw:nw-0801-05-000055,nw,0,non_oil_marine,water,False,data/external/dartis/raw/nw/nw-0801-05-000055.jpg,image_level_non_oil_only,broad_non_oil_marine
nw:nw-0802-05-000056,nw,0,non_oil_marine,water,False,data/external/dartis/raw/nw/nw-0802-05-000056.jpg,image_level_non_oil_only,broad_non_oil_marine
nw:nw-0803-05-000057,nw,0,non_oil_marine,water,False,data/external/dartis/raw/nw/nw-0803-05-000057.jpg,image_level_non_oil_only,broad_non_oil_marine
nw:nw-0804-05-000058,nw,0,non_oil_marine,water,False,data/external/dartis/raw/nw/nw-0804-05-000058.jpg,image_level_non_oil_only,broad_non_oil_marine
nw:nw-0805-05-000059,nw,0,non_oil_marine,water,False,data/external/dartis/raw/nw/nw-0805-05-000059.jpg,image_level_non_oil_only,broad_non_oil_marine
nw:nw-0806-05-000060,nw,0,non_oil_marine,water,False,data/external/dartis/raw/nw/nw-0806-05-000060.jpg,image_level_non_oil_only,broad_non_oil_marine
nw:nw-0807-05-000061,nw,0,non_oil_marine,water,False,data/external/dartis/raw/nw/nw-0807-05-000061.jpg,image_level_non_oil_only,broad_non_oil_marine
nw:nw-0808-05-000062,nw,0,non_oil_marine,water,False,data/external/dartis/raw/nw/nw-0808-05-000062.jpg,image_level_non_oil_only,broad_non_oil_marine
nw:nw-0809-05-000063,nw,0,non_oil_marine,water,False,data/external/dartis/raw/nw/nw-0809-05-000063.jpg,image_level_non_oil_only,broad_non_oil_marine
nw:nw-0810-05-000064,nw,0,non_oil_marine,water,False,data/external/dartis/raw/nw/nw-0810-05-000064.jpg,image_level_non_oil_only,broad_non_oil_marine
nw:nw-0811-05-000065,nw,0,non_oil_marine,water,False,data/external/dartis/raw/nw/nw-0811-05-000065.jpg,image_level_non_oil_only,broad_non_oil_marine
nw:nw-0812-05-000066,nw,0,non_oil_marine,water,False,data/external/dartis/raw/nw/nw-0812-05-000066.jpg,image_level_non_oil_only,broad_non_oil_marine
nw:nw-0813-05-000067,nw,0,non_oil_marine,water,False,data/external/dartis/raw/nw/nw-0813-05-000067.jpg,image_level_non_oil_only,broad_non_oil_marine
nw:nw-0814-05-000068,nw,0,non_oil_marine,water,False,data/external/dartis/raw/nw/nw-0814-05-000068.jpg,image_level_non_oil_only,broad_non_oil_marine
nw:nw-0815-05-000069,nw,0,non_oil_marine,water,False,data/external/dartis/raw/nw/nw-0815-05-000069.jpg,image_level_non_oil_only,broad_non_oil_marine
nw:nw-0816-05-000070,nw,0,non_oil_marine,water,False,data/external/dartis/raw/nw/nw-0816-05-000070.jpg,image_level_non_oil_only,broad_non_oil_marine
nw:nw-0817-05-000071,nw,0,non_oil_marine,water,False,data/external/dartis/raw/nw/nw-0817-05-000071.jpg,image_level_non_oil_only,broad_non_oil_marine
nw:nw-0818-05-000072,nw,0,non_oil_marine,water,False,data/external/dartis/raw/nw/nw-0818-05-000072.jpg,image_level_non_oil_only,broad_non_oil_marine
nw:nw-0819-05-000073,nw,0,non_oil_marine,water,False,data/external/dartis/raw/nw/nw-0819-05-000073.jpg,image_level_non_oil_only,broad_non_oil_marine
nw:nw-0820-05-000074,nw,0,non_oil_marine,water,False,data/external/dartis/raw/nw/nw-0820-05-000074.jpg,image_level_non_oil_only,broad_non_oil_marine
nw:nw-0821-05-000075,nw,0,non_oil_marine,water,False,data/external/dartis/raw/nw/nw-0821-05-000075.jpg,image_level_non_oil_only,broad_non_oil_marine
nw:nw-0822-05-000076,nw,0,non_oil_marine,water,False,data/external/dartis/raw/nw/nw-0822-05-000076.jpg,image_level_non_oil_only,broad_non_oil_marine
nw:nw-0823-05-000077,nw,0,non_oil_marine,water,False,data/external/dartis/raw/nw/nw-0823-05-000077.jpg,image_level_non_oil_only,broad_non_oil_marine
nw:nw-0824-05-000078,nw,0,non_oil_marine,water,False,data/external/dartis/raw/nw/nw-0824-05-000078.jpg,image_level_non_oil_only,broad_non_oil_marine
nw:nw-0825-05-000079,nw,0,non_oil_marine,water,False,data/external/dartis/raw/nw/nw-0825-05-000079.jpg,image_level_non_oil_only,broad_non_oil_marine
nw:nw-0826-05-000080,nw,0,non_oil_marine,water,False,data/external/dartis/raw/nw/nw-0826-05-000080.jpg,image_level_non_oil_only,broad_non_oil_marine
nw:nw-0827-05-000081,nw,0,non_oil_marine,water,False,data/external/dartis/raw/nw/nw-0827-05-000081.jpg,image_level_non_oil_only,broad_non_oil_marine
nw:nw-0828-05-000082,nw,0,non_oil_marine,water,False,data/external/dartis/raw/nw/nw-0828-05-000082.jpg,image_level_non_oil_only,broad_non_oil_marine
nw:nw-0829-05-000083,nw,0,non_oil_marine,water,False,data/external/dartis/raw/nw/nw-0829-05-000083.jpg,image_level_non_oil_only,broad_non_oil_marine
nw:nw-0830-05-000084,nw,0,non_oil_marine,water,False,data/external/dartis/raw/nw/nw-0830-05-000084.jpg,image_level_non_oil_only,broad_non_oil_marine
nw:nw-0831-05-000085,nw,0,non_oil_marine,water,False,data/external/dartis/raw/nw/nw-0831-05-000085.jpg,image_level_non_oil_only,broad_non_oil_marine
nw:nw-0832-05-000086,nw,0,non_oil_marine,water,False,data/external/dartis/raw/nw/nw-0832-05-000086.jpg,image_level_non_oil_only,broad_non_oil_marine
nw:nw-0833-05-000087,nw,0,non_oil_marine,water,False,data/external/dartis/raw/nw/nw-0833-05-000087.jpg,image_level_non_oil_only,broad_non_oil_marine
nw:nw-0834-05-000088,nw,0,non_oil_marine,water,False,data/external/dartis/raw/nw/nw-0834-05-000088.jpg,image_level_non_oil_only,broad_non_oil_marine
nw:nw-0835-05-000089,nw,0,non_oil_marine,water,False,data/external/dartis/raw/nw/nw-0835-05-000089.jpg,image_level_non_oil_only,broad_non_oil_marine
nw:nw-0836-05-000090,nw,0,non_oil_marine,water,False,data/external/dartis/raw/nw/nw-0836-05-000090.jpg,image_level_non_oil_only,broad_non_oil_marine
nw:nw-0837-05-000091,nw,0,non_oil_marine,water,False,data/external/dartis/raw/nw/nw-0837-05-000091.jpg,image_level_non_oil_only,broad_non_oil_marine
nw:nw-0838-05-000092,nw,0,non_oil_marine,water,False,data/external/dartis/raw/nw/nw-0838-05-000092.jpg,image_level_non_oil_only,broad_non_oil_marine
nw:nw-0839-05-000093,nw,0,non_oil_marine,water,False,data/external/dartis/raw/nw/nw-0839-05-000093.jpg,image_level_non_oil_only,broad_non_oil_marine
nw:nw-0840-05-000094,nw,0,non_oil_marine,water,False,data/external/dartis/raw/nw/nw-0840-05-000094.jpg,image_level_non_oil_only,broad_non_oil_marine
nw:nw-0841-05-000095,nw,0,non_oil_marine,water,False,data/external/dartis/raw/nw/nw-0841-05-000095.jpg,image_level_non_oil_only,broad_non_oil_marine
nw:nw-0842-05-000096,nw,0,non_oil_marine,water,False,data/external/dartis/raw/nw/nw-0842-05-000096.jpg,image_level_non_oil_only,broad_non_oil_marine
nw:nw-0843-05-000097,nw,0,non_oil_marine,water,False,data/external/dartis/raw/nw/nw-0843-05-000097.jpg,image_level_non_oil_only,broad_non_oil_marine
nw:nw-0844-05-000098,nw,0,non_oil_marine,water,False,data/external/dartis/raw/nw/nw-0844-05-000098.jpg,image_level_non_oil_only,broad_non_oil_marine
nw:nw-0845-05-000099,nw,0,non_oil_marine,water,False,data/external/dartis/raw/nw/nw-0845-05-000099.jpg,image_level_non_oil_only,broad_non_oil_marine
nw:nw-0846-05-000100,nw,0,non_oil_marine,water,False,data/external/dartis/raw/nw/nw-0846-05-000100.jpg,image_level_non_oil_only,broad_non_oil_marine
nw:nw-0847-05-000101,nw,0,non_oil_marine,water,False,data/external/dartis/raw/nw/nw-0847-05-000101.jpg,image_level_non_oil_only,broad_non_oil_marine
nw:nw-0848-05-000102,nw,0,non_oil_marine,water,False,data/external/dartis/raw/nw/nw-0848-05-000102.jpg,image_level_non_oil_only,broad_non_oil_marine
nw:nw-0849-05-000103,nw,0,non_oil_marine,water,False,data/external/dartis/raw/nw/nw-0849-05-000103.jpg,image_level_non_oil_only,broad_non_oil_marine
nw:nw-0850-05-000104,nw,0,non_oil_marine,water,False,data/external/dartis/raw/nw/nw-0850-05-000104.jpg,image_level_non_oil_only,broad_non_oil_marine
nw:nw-0851-05-000105,nw,0,non_oil_marine,water,False,data/external/dartis/raw/nw/nw-0851-05-000105.jpg,image_level_non_oil_only,broad_non_oil_marine
nw:nw-0852-05-000106,nw,0,non_oil_marine,water,False,data/external/dartis/raw/nw/nw-0852-05-000106.jpg,image_level_non_oil_only,broad_non_oil_marine
nw:nw-0853-05-000107,nw,0,non_oil_marine,water,False,data/external/dartis/raw/nw/nw-0853-05-000107.jpg,image_level_non_oil_only,broad_non_oil_marine
nw:nw-0854-05-000108,nw,0,non_oil_marine,water,False,data/external/dartis/raw/nw/nw-0854-05-000108.jpg,image_level_non_oil_only,broad_non_oil_marine
nw:nw-0855-05-000109,nw,0,non_oil_marine,water,False,data/external/dartis/raw/nw/nw-0855-05-000109.jpg,image_level_non_oil_only,broad_non_oil_marine
nw:nw-0856-05-000110,nw,0,non_oil_marine,water,False,data/external/dartis/raw/nw/nw-0856-05-000110.jpg,image_level_non_oil_only,broad_non_oil_marine
nw:nw-0857-05-000111,nw,0,non_oil_marine,water,False,data/external/dartis/raw/nw/nw-0857-05-000111.jpg,image_level_non_oil_only,broad_non_oil_marine
nw:nw-0858-05-000112,nw,0,non_oil_marine,water,False,data/external/dartis/raw/nw/nw-0858-05-000112.jpg,image_level_non_oil_only,broad_non_oil_marine
nw:nw-0859-05-000113,nw,0,non_oil_marine,water,False,data/external/dartis/raw/nw/nw-0859-05-000113.jpg,image_level_non_oil_only,broad_non_oil_marine
nw:nw-0860-05-000114,nw,0,non_oil_marine,water,False,data/external/dartis/raw/nw/nw-0860-05-000114.jpg,image_level_non_oil_only,broad_non_oil_marine
nw:nw-0861-05-000115,nw,0,non_oil_marine,water,False,data/external/dartis/raw/nw/nw-0861-05-000115.jpg,image_level_non_oil_only,broad_non_oil_marine
nw:nw-0862-05-000116,nw,0,non_oil_marine,water,False,data/external/dartis/raw/nw/nw-0862-05-000116.jpg,image_level_non_oil_only,broad_non_oil_marine
nw:nw-0863-05-000117,nw,0,non_oil_marine,water,False,data/external/dartis/raw/nw/nw-0863-05-000117.jpg,image_level_non_oil_only,broad_non_oil_marine
nw:nw-0864-05-000118,nw,0,non_oil_marine,water,False,data/external/dartis/raw/nw/nw-0864-05-000118.jpg,image_level_non_oil_only,broad_non_oil_marine
nw:nw-0865-05-000119,nw,0,non_oil_marine,water,False,data/external/dartis/raw/nw/nw-0865-05-000119.jpg,image_level_non_oil_only,broad_non_oil_marine
nw:nw-0866-05-000120,nw,0,non_oil_marine,water,False,data/external/dartis/raw/nw/nw-0866-05-000120.jpg,image_level_non_oil_only,broad_non_oil_marine
nw:nw-0867-05-000121,nw,0,non_oil_marine,water,False,data/external/dartis/raw/nw/nw-0867-05-000121.jpg,image_level_non_oil_only,broad_non_oil_marine
nw:nw-0868-05-000122,nw,0,non_oil_marine,water,False,data/external/dartis/raw/nw/nw-0868-05-000122.jpg,image_level_non_oil_only,broad_non_oil_marine
nw:nw-0869-05-000123,nw,0,non_oil_marine,water,False,data/external/dartis/raw/nw/nw-0869-05-000123.jpg,image_level_non_oil_only,broad_non_oil_marine
nw:nw-0870-05-000124,nw,0,non_oil_marine,water,False,data/external/dartis/raw/nw/nw-0870-05-000124.jpg,image_level_non_oil_only,broad_non_oil_marine
nw:nw-0871-05-000125,nw,0,non_oil_marine,water,False,data/external/dartis/raw/nw/nw-0871-05-000125.jpg,image_level_non_oil_only,broad_non_oil_marine
nw:nw-0872-05-000126,nw,0,non_oil_marine,water,False,data/external/dartis/raw/nw/nw-0872-05-000126.jpg,image_level_non_oil_only,broad_non_oil_marine
nw:nw-0873-05-000127,nw,0,non_oil_marine,water,False,data/external/dartis/raw/nw/nw-0873-05-000127.jpg,image_level_non_oil_only,broad_non_oil_marine
nw:nw-0874-05-000128,nw,0,non_oil_marine,water,False,data/external/dartis/raw/nw/nw-0874-05-000128.jpg,image_level_non_oil_only,broad_non_oil_marine
nw:nw-0875-05-000129,nw,0,non_oil_marine,water,False,data/external/dartis/raw/nw/nw-0875-05-000129.jpg,image_level_non_oil_only,broad_non_oil_marine
nw:nw-0876-05-000130,nw,0,non_oil_marine,water,False,data/external/dartis/raw/nw/nw-0876-05-000130.jpg,image_level_non_oil_only,broad_non_oil_marine
nw:nw-0877-05-000131,nw,0,non_oil_marine,water,False,data/external/dartis/raw/nw/nw-0877-05-000131.jpg,image_level_non_oil_only,broad_non_oil_marine
nw:nw-0878-05-000132,nw,0,non_oil_marine,water,False,data/external/dartis/raw/nw/nw-0878-05-000132.jpg,image_level_non_oil_only,broad_non_oil_marine
nw:nw-0879-05-000133,nw,0,non_oil_marine,water,False,data/external/dartis/raw/nw/nw-0879-05-000133.jpg,image_level_non_oil_only,broad_non_oil_marine
nw:nw-0880-05-000134,nw,0,non_oil_marine,water,False,data/external/dartis/raw/nw/nw-0880-05-000134.jpg,image_level_non_oil_only,broad_non_oil_marine
nw:nw-0881-05-000135,nw,0,non_oil_marine,water,False,data/external/dartis/raw/nw/nw-0881-05-000135.jpg,image_level_non_oil_only,broad_non_oil_marine
nw:nw-0882-05-000136,nw,0,non_oil_marine,water,False,data/external/dartis/raw/nw/nw-0882-05-000136.jpg,image_level_non_oil_only,broad_non_oil_marine
nw:nw-0883-05-000137,nw,0,non_oil_marine,water,False,data/external/dartis/raw/nw/nw-0883-05-000137.jpg,image_level_non_oil_only,broad_non_oil_marine
nw:nw-0884-05-000138,nw,0,non_oil_marine,water,False,data/external/dartis/raw/nw/nw-0884-05-000138.jpg,image_level_non_oil_only,broad_non_oil_marine
nw:nw-0885-05-000139,nw,0,non_oil_marine,water,False,data/external/dartis/raw/nw/nw-0885-05-000139.jpg,image_level_non_oil_only,broad_non_oil_marine
nw:nw-0886-05-000140,nw,0,non_oil_marine,water,False,data/external/dartis/raw/nw/nw-0886-05-000140.jpg,image_level_non_oil_only,broad_non_oil_marine
nw:nw-0887-05-000141,nw,0,non_oil_marine,water,False,data/external/dartis/raw/nw/nw-0887-05-000141.jpg,image_level_non_oil_only,broad_non_oil_marine
nw:nw-0888-05-000142,nw,0,non_oil_marine,water,False,data/external/dartis/raw/nw/nw-0888-05-000142.jpg,image_level_non_oil_only,broad_non_oil_marine
nw:nw-0889-05-000143,nw,0,non_oil_marine,water,False,data/external/dartis/raw/nw/nw-0889-05-000143.jpg,image_level_non_oil_only,broad_non_oil_marine
nw:nw-0890-05-000144,nw,0,non_oil_marine,water,False,data/external/dartis/raw/nw/nw-0890-05-000144.jpg,image_level_non_oil_only,broad_non_oil_marine
nw:nw-0891-05-000145,nw,0,non_oil_marine,water,False,data/external/dartis/raw/nw/nw-0891-05-000145.jpg,image_level_non_oil_only,broad_non_oil_marine
nw:nw-0892-05-000146,nw,0,non_oil_marine,water,False,data/external/dartis/raw/nw/nw-0892-05-000146.jpg,image_level_non_oil_only,broad_non_oil_marine
nw:nw-0893-05-000147,nw,0,non_oil_marine,water,False,data/external/dartis/raw/nw/nw-0893-05-000147.jpg,image_level_non_oil_only,broad_non_oil_marine
nw:nw-0894-05-000148,nw,0,non_oil_marine,water,False,data/external/dartis/raw/nw/nw-0894-05-000148.jpg,image_level_non_oil_only,broad_non_oil_marine
nw:nw-0895-05-000149,nw,0,non_oil_marine,water,False,data/external/dartis/raw/nw/nw-0895-05-000149.jpg,image_level_non_oil_only,broad_non_oil_marine
nw:nw-0896-05-000150,nw,0,non_oil_marine,water,False,data/external/dartis/raw/nw/nw-0896-05-000150.jpg,image_level_non_oil_only,broad_non_oil_marine
nw:nw-0897-05-000151,nw,0,non_oil_marine,water,False,data/external/dartis/raw/nw/nw-0897-05-000151.jpg,image_level_non_oil_only,broad_non_oil_marine
nw:nw-0898-05-000152,nw,0,non_oil_marine,water,False,data/external/dartis/raw/nw/nw-0898-05-000152.jpg,image_level_non_oil_only,broad_non_oil_marine
nw:nw-0899-05-000153,nw,0,non_oil_marine,water,False,data/external/dartis/raw/nw/nw-0899-05-000153.jpg,image_level_non_oil_only,broad_non_oil_marine
nw:nw-0900-05-000154,nw,0,non_oil_marine,water,False,data/external/dartis/raw/nw/nw-0900-05-000154.jpg,image_level_non_oil_only,broad_non_oil_marine
nw:nw-0901-05-000155,nw,0,non_oil_marine,water,False,data/external/dartis/raw/nw/nw-0901-05-000155.jpg,image_level_non_oil_only,broad_non_oil_marine
nw:nw-0902-05-000156,nw,0,non_oil_marine,water,False,data/external/dartis/raw/nw/nw-0902-05-000156.jpg,image_level_non_oil_only,broad_non_oil_marine
nw:nw-0903-05-000157,nw,0,non_oil_marine,water,False,data/external/dartis/raw/nw/nw-0903-05-000157.jpg,image_level_non_oil_only,broad_non_oil_marine
nw:nw-0904-05-000158,nw,0,non_oil_marine,water,False,data/external/dartis/raw/nw/nw-0904-05-000158.jpg,image_level_non_oil_only,broad_non_oil_marine
nw:nw-0905-05-000159,nw,0,non_oil_marine,water,False,data/external/dartis/raw/nw/nw-0905-05-000159.jpg,image_level_non_oil_only,broad_non_oil_marine
nw:nw-0906-05-000160,nw,0,non_oil_marine,water,False,data/external/dartis/raw/nw/nw-0906-05-000160.jpg,image_level_non_oil_only,broad_non_oil_marine
nw:nw-0907-05-000161,nw,0,non_oil_marine,water,False,data/external/dartis/raw/nw/nw-0907-05-000161.jpg,image_level_non_oil_only,broad_non_oil_marine
nw:nw-0908-05-000162,nw,0,non_oil_marine,water,False,data/external/dartis/raw/nw/nw-0908-05-000162.jpg,image_level_non_oil_only,broad_non_oil_marine
nw:nw-0909-05-000163,nw,0,non_oil_marine,water,False,data/external/dartis/raw/nw/nw-0909-05-000163.jpg,image_level_non_oil_only,broad_non_oil_marine
nw:nw-0910-05-000164,nw,0,non_oil_marine,water,False,data/external/dartis/raw/nw/nw-0910-05-000164.jpg,image_level_non_oil_only,broad_non_oil_marine
nw:nw-0911-05-000165,nw,0,non_oil_marine,water,False,data/external/dartis/raw/nw/nw-0911-05-000165.jpg,image_level_non_oil_only,broad_non_oil_marine
nw:nw-0912-05-000166,nw,0,non_oil_marine,water,False,data/external/dartis/raw/nw/nw-0912-05-000166.jpg,image_level_non_oil_only,broad_non_oil_marine
nw:nw-0913-06-000001,nw,0,non_oil_marine,water,False,data/external/dartis/raw/nw/nw-0913-06-000001.jpg,image_level_non_oil_only,broad_non_oil_marine
nw:nw-0914-06-000002,nw,0,non_oil_marine,water,False,data/external/dartis/raw/nw/nw-0914-06-000002.jpg,image_level_non_oil_only,broad_non_oil_marine
nw:nw-0915-06-000003,nw,0,non_oil_marine,water,False,data/external/dartis/raw/nw/nw-0915-06-000003.jpg,image_level_non_oil_only,broad_non_oil_marine
nw:nw-0916-06-000004,nw,0,non_oil_marine,water,False,data/external/dartis/raw/nw/nw-0916-06-000004.jpg,image_level_non_oil_only,broad_non_oil_marine
nw:nw-0917-06-000005,nw,0,non_oil_marine,water,False,data/external/dartis/raw/nw/nw-0917-06-000005.jpg,image_level_non_oil_only,broad_non_oil_marine
nw:nw-0918-06-000006,nw,0,non_oil_marine,water,False,data/external/dartis/raw/nw/nw-0918-06-000006.jpg,image_level_non_oil_only,broad_non_oil_marine
nw:nw-0919-06-000007,nw,0,non_oil_marine,water,False,data/external/dartis/raw/nw/nw-0919-06-000007.jpg,image_level_non_oil_only,broad_non_oil_marine
nw:nw-0920-06-000008,nw,0,non_oil_marine,water,False,data/external/dartis/raw/nw/nw-0920-06-000008.jpg,image_level_non_oil_only,broad_non_oil_marine
nw:nw-0921-06-000009,nw,0,non_oil_marine,water,False,data/external/dartis/raw/nw/nw-0921-06-000009.jpg,image_level_non_oil_only,broad_non_oil_marine
nw:nw-0922-06-000010,nw,0,non_oil_marine,water,False,data/external/dartis/raw/nw/nw-0922-06-000010.jpg,image_level_non_oil_only,broad_non_oil_marine
nw:nw-0923-06-000011,nw,0,non_oil_marine,water,False,data/external/dartis/raw/nw/nw-0923-06-000011.jpg,image_level_non_oil_only,broad_non_oil_marine
nw:nw-0924-06-000012,nw,0,non_oil_marine,water,False,data/external/dartis/raw/nw/nw-0924-06-000012.jpg,image_level_non_oil_only,broad_non_oil_marine
nw:nw-0925-06-000013,nw,0,non_oil_marine,water,False,data/external/dartis/raw/nw/nw-0925-06-000013.jpg,image_level_non_oil_only,broad_non_oil_marine
nw:nw-0926-06-000014,nw,0,non_oil_marine,water,False,data/external/dartis/raw/nw/nw-0926-06-000014.jpg,image_level_non_oil_only,broad_non_oil_marine
nw:nw-0927-06-000015,nw,0,non_oil_marine,water,False,data/external/dartis/raw/nw/nw-0927-06-000015.jpg,image_level_non_oil_only,broad_non_oil_marine
nw:nw-0928-06-000016,nw,0,non_oil_marine,water,False,data/external/dartis/raw/nw/nw-0928-06-000016.jpg,image_level_non_oil_only,broad_non_oil_marine
nw:nw-0929-06-000017,nw,0,non_oil_marine,water,False,data/external/dartis/raw/nw/nw-0929-06-000017.jpg,image_level_non_oil_only,broad_non_oil_marine
nw:nw-0930-06-000018,nw,0,non_oil_marine,water,False,data/external/dartis/raw/nw/nw-0930-06-000018.jpg,image_level_non_oil_only,broad_non_oil_marine
nw:nw-0931-06-000019,nw,0,non_oil_marine,water,False,data/external/dartis/raw/nw/nw-0931-06-000019.jpg,image_level_non_oil_only,broad_non_oil_marine
nw:nw-0932-06-000020,nw,0,non_oil_marine,water,False,data/external/dartis/raw/nw/nw-0932-06-000020.jpg,image_level_non_oil_only,broad_non_oil_marine
nw:nw-0933-06-000021,nw,0,non_oil_marine,water,False,data/external/dartis/raw/nw/nw-0933-06-000021.jpg,image_level_non_oil_only,broad_non_oil_marine
nw:nw-0934-06-000022,nw,0,non_oil_marine,water,False,data/external/dartis/raw/nw/nw-0934-06-000022.jpg,image_level_non_oil_only,broad_non_oil_marine
nw:nw-0935-06-000023,nw,0,non_oil_marine,water,False,data/external/dartis/raw/nw/nw-0935-06-000023.jpg,image_level_non_oil_only,broad_non_oil_marine
nw:nw-0936-06-000024,nw,0,non_oil_marine,water,False,data/external/dartis/raw/nw/nw-0936-06-000024.jpg,image_level_non_oil_only,broad_non_oil_marine
nw:nw-0937-06-000025,nw,0,non_oil_marine,water,False,data/external/dartis/raw/nw/nw-0937-06-000025.jpg,image_level_non_oil_only,broad_non_oil_marine
nw:nw-0938-06-000026,nw,0,non_oil_marine,water,False,data/external/dartis/raw/nw/nw-0938-06-000026.jpg,image_level_non_oil_only,broad_non_oil_marine
nw:nw-0939-06-000027,nw,0,non_oil_marine,water,False,data/external/dartis/raw/nw/nw-0939-06-000027.jpg,image_level_non_oil_only,broad_non_oil_marine
nw:nw-0940-06-000028,nw,0,non_oil_marine,water,False,data/external/dartis/raw/nw/nw-0940-06-000028.jpg,image_level_non_oil_only,broad_non_oil_marine
nw:nw-0941-06-000029,nw,0,non_oil_marine,water,False,data/external/dartis/raw/nw/nw-0941-06-000029.jpg,image_level_non_oil_only,broad_non_oil_marine
nw:nw-0942-06-000030,nw,0,non_oil_marine,water,False,data/external/dartis/raw/nw/nw-0942-06-000030.jpg,image_level_non_oil_only,broad_non_oil_marine
nw:nw-0943-06-000031,nw,0,non_oil_marine,water,False,data/external/dartis/raw/nw/nw-0943-06-000031.jpg,image_level_non_oil_only,broad_non_oil_marine
nw:nw-0944-06-000032,nw,0,non_oil_marine,water,False,data/external/dartis/raw/nw/nw-0944-06-000032.jpg,image_level_non_oil_only,broad_non_oil_marine
nw:nw-0945-06-000033,nw,0,non_oil_marine,water,False,data/external/dartis/raw/nw/nw-0945-06-000033.jpg,image_level_non_oil_only,broad_non_oil_marine
nw:nw-0946-06-000034,nw,0,non_oil_marine,water,False,data/external/dartis/raw/nw/nw-0946-06-000034.jpg,image_level_non_oil_only,broad_non_oil_marine
nw:nw-0947-06-000035,nw,0,non_oil_marine,water,False,data/external/dartis/raw/nw/nw-0947-06-000035.jpg,image_level_non_oil_only,broad_non_oil_marine
nw:nw-0948-06-000036,nw,0,non_oil_marine,water,False,data/external/dartis/raw/nw/nw-0948-06-000036.jpg,image_level_non_oil_only,broad_non_oil_marine
nw:nw-0949-06-000037,nw,0,non_oil_marine,water,False,data/external/dartis/raw/nw/nw-0949-06-000037.jpg,image_level_non_oil_only,broad_non_oil_marine
nw:nw-0950-06-000038,nw,0,non_oil_marine,water,False,data/external/dartis/raw/nw/nw-0950-06-000038.jpg,image_level_non_oil_only,broad_non_oil_marine
nw:nw-0951-06-000039,nw,0,non_oil_marine,water,False,data/external/dartis/raw/nw/nw-0951-06-000039.jpg,image_level_non_oil_only,broad_non_oil_marine
nw:nw-0952-06-000040,nw,0,non_oil_marine,water,False,data/external/dartis/raw/nw/nw-0952-06-000040.jpg,image_level_non_oil_only,broad_non_oil_marine
nw:nw-0953-06-000041,nw,0,non_oil_marine,water,False,data/external/dartis/raw/nw/nw-0953-06-000041.jpg,image_level_non_oil_only,broad_non_oil_marine
nw:nw-0954-06-000042,nw,0,non_oil_marine,water,False,data/external/dartis/raw/nw/nw-0954-06-000042.jpg,image_level_non_oil_only,broad_non_oil_marine
nw:nw-0955-06-000043,nw,0,non_oil_marine,water,False,data/external/dartis/raw/nw/nw-0955-06-000043.jpg,image_level_non_oil_only,broad_non_oil_marine
nw:nw-0956-06-000044,nw,0,non_oil_marine,water,False,data/external/dartis/raw/nw/nw-0956-06-000044.jpg,image_level_non_oil_only,broad_non_oil_marine
nw:nw-0957-06-000045,nw,0,non_oil_marine,water,False,data/external/dartis/raw/nw/nw-0957-06-000045.jpg,image_level_non_oil_only,broad_non_oil_marine
nw:nw-0958-06-000046,nw,0,non_oil_marine,water,False,data/external/dartis/raw/nw/nw-0958-06-000046.jpg,image_level_non_oil_only,broad_non_oil_marine
nw:nw-0959-06-000047,nw,0,non_oil_marine,water,False,data/external/dartis/raw/nw/nw-0959-06-000047.jpg,image_level_non_oil_only,broad_non_oil_marine
nw:nw-0960-06-000048,nw,0,non_oil_marine,water,False,data/external/dartis/raw/nw/nw-0960-06-000048.jpg,image_level_non_oil_only,broad_non_oil_marine
nw:nw-0961-06-000049,nw,0,non_oil_marine,water,False,data/external/dartis/raw/nw/nw-0961-06-000049.jpg,image_level_non_oil_only,broad_non_oil_marine
nw:nw-0962-06-000050,nw,0,non_oil_marine,water,False,data/external/dartis/raw/nw/nw-0962-06-000050.jpg,image_level_non_oil_only,broad_non_oil_marine
nw:nw-0963-06-000051,nw,0,non_oil_marine,water,False,data/external/dartis/raw/nw/nw-0963-06-000051.jpg,image_level_non_oil_only,broad_non_oil_marine
nw:nw-0964-06-000052,nw,0,non_oil_marine,water,False,data/external/dartis/raw/nw/nw-0964-06-000052.jpg,image_level_non_oil_only,broad_non_oil_marine
nw:nw-0965-06-000053,nw,0,non_oil_marine,water,False,data/external/dartis/raw/nw/nw-0965-06-000053.jpg,image_level_non_oil_only,broad_non_oil_marine
nw:nw-0966-06-000054,nw,0,non_oil_marine,water,False,data/external/dartis/raw/nw/nw-0966-06-000054.jpg,image_level_non_oil_only,broad_non_oil_marine
nw:nw-0967-06-000055,nw,0,non_oil_marine,water,False,data/external/dartis/raw/nw/nw-0967-06-000055.jpg,image_level_non_oil_only,broad_non_oil_marine
nw:nw-0968-06-000056,nw,0,non_oil_marine,water,False,data/external/dartis/raw/nw/nw-0968-06-000056.jpg,image_level_non_oil_only,broad_non_oil_marine
nw:nw-0969-06-000057,nw,0,non_oil_marine,water,False,data/external/dartis/raw/nw/nw-0969-06-000057.jpg,image_level_non_oil_only,broad_non_oil_marine
nw:nw-0970-06-000058,nw,0,non_oil_marine,water,False,data/external/dartis/raw/nw/nw-0970-06-000058.jpg,image_level_non_oil_only,broad_non_oil_marine
nw:nw-0971-06-000059,nw,0,non_oil_marine,water,False,data/external/dartis/raw/nw/nw-0971-06-000059.jpg,image_level_non_oil_only,broad_non_oil_marine
nw:nw-0972-06-000060,nw,0,non_oil_marine,water,False,data/external/dartis/raw/nw/nw-0972-06-000060.jpg,image_level_non_oil_only,broad_non_oil_marine
nw:nw-0973-06-000061,nw,0,non_oil_marine,water,False,data/external/dartis/raw/nw/nw-0973-06-000061.jpg,image_level_non_oil_only,broad_non_oil_marine
nw:nw-0974-06-000062,nw,0,non_oil_marine,water,False,data/external/dartis/raw/nw/nw-0974-06-000062.jpg,image_level_non_oil_only,broad_non_oil_marine
nw:nw-0975-06-000063,nw,0,non_oil_marine,water,False,data/external/dartis/raw/nw/nw-0975-06-000063.jpg,image_level_non_oil_only,broad_non_oil_marine
nw:nw-0976-06-000064,nw,0,non_oil_marine,water,False,data/external/dartis/raw/nw/nw-0976-06-000064.jpg,image_level_non_oil_only,broad_non_oil_marine
nw:nw-0977-06-000065,nw,0,non_oil_marine,water,False,data/external/dartis/raw/nw/nw-0977-06-000065.jpg,image_level_non_oil_only,broad_non_oil_marine
nw:nw-0978-06-000066,nw,0,non_oil_marine,water,False,data/external/dartis/raw/nw/nw-0978-06-000066.jpg,image_level_non_oil_only,broad_non_oil_marine
nw:nw-0979-06-000067,nw,0,non_oil_marine,water,False,data/external/dartis/raw/nw/nw-0979-06-000067.jpg,image_level_non_oil_only,broad_non_oil_marine
nw:nw-0980-06-000068,nw,0,non_oil_marine,water,False,data/external/dartis/raw/nw/nw-0980-06-000068.jpg,image_level_non_oil_only,broad_non_oil_marine
nw:nw-0981-06-000069,nw,0,non_oil_marine,water,False,data/external/dartis/raw/nw/nw-0981-06-000069.jpg,image_level_non_oil_only,broad_non_oil_marine
nw:nw-0982-06-000070,nw,0,non_oil_marine,water,False,data/external/dartis/raw/nw/nw-0982-06-000070.jpg,image_level_non_oil_only,broad_non_oil_marine
nw:nw-0983-06-000071,nw,0,non_oil_marine,water,False,data/external/dartis/raw/nw/nw-0983-06-000071.jpg,image_level_non_oil_only,broad_non_oil_marine
nw:nw-0984-06-000072,nw,0,non_oil_marine,water,False,data/external/dartis/raw/nw/nw-0984-06-000072.jpg,image_level_non_oil_only,broad_non_oil_marine
nw:nw-0985-06-000073,nw,0,non_oil_marine,water,False,data/external/dartis/raw/nw/nw-0985-06-000073.jpg,image_level_non_oil_only,broad_non_oil_marine
nw:nw-0986-06-000074,nw,0,non_oil_marine,water,False,data/external/dartis/raw/nw/nw-0986-06-000074.jpg,image_level_non_oil_only,broad_non_oil_marine
nw:nw-0987-06-000075,nw,0,non_oil_marine,water,False,data/external/dartis/raw/nw/nw-0987-06-000075.jpg,image_level_non_oil_only,broad_non_oil_marine
nw:nw-0988-06-000076,nw,0,non_oil_marine,water,False,data/external/dartis/raw/nw/nw-0988-06-000076.jpg,image_level_non_oil_only,broad_non_oil_marine
nw:nw-0989-06-000077,nw,0,non_oil_marine,water,False,data/external/dartis/raw/nw/nw-0989-06-000077.jpg,image_level_non_oil_only,broad_non_oil_marine
nw:nw-0990-06-000078,nw,0,non_oil_marine,water,False,data/external/dartis/raw/nw/nw-0990-06-000078.jpg,image_level_non_oil_only,broad_non_oil_marine
nw:nw-0991-06-000079,nw,0,non_oil_marine,water,False,data/external/dartis/raw/nw/nw-0991-06-000079.jpg,image_level_non_oil_only,broad_non_oil_marine
nw:nw-0992-06-000080,nw,0,non_oil_marine,water,False,data/external/dartis/raw/nw/nw-0992-06-000080.jpg,image_level_non_oil_only,broad_non_oil_marine
nw:nw-0993-06-000081,nw,0,non_oil_marine,water,False,data/external/dartis/raw/nw/nw-0993-06-000081.jpg,image_level_non_oil_only,broad_non_oil_marine
nw:nw-0994-06-000082,nw,0,non_oil_marine,water,False,data/external/dartis/raw/nw/nw-0994-06-000082.jpg,image_level_non_oil_only,broad_non_oil_marine
nw:nw-0995-06-000083,nw,0,non_oil_marine,water,False,data/external/dartis/raw/nw/nw-0995-06-000083.jpg,image_level_non_oil_only,broad_non_oil_marine
nw:nw-0996-06-000084,nw,0,non_oil_marine,water,False,data/external/dartis/raw/nw/nw-0996-06-000084.jpg,image_level_non_oil_only,broad_non_oil_marine
nw:nw-0997-06-000085,nw,0,non_oil_marine,water,False,data/external/dartis/raw/nw/nw-0997-06-000085.jpg,image_level_non_oil_only,broad_non_oil_marine
nw:nw-0998-06-000086,nw,0,non_oil_marine,water,False,data/external/dartis/raw/nw/nw-0998-06-000086.jpg,image_level_non_oil_only,broad_non_oil_marine
nw:nw-0999-06-000087,nw,0,non_oil_marine,water,False,data/external/dartis/raw/nw/nw-0999-06-000087.jpg,image_level_non_oil_only,broad_non_oil_marine
nw:nw-1000-06-000088,nw,0,non_oil_marine,water,False,data/external/dartis/raw/nw/nw-1000-06-000088.jpg,image_level_non_oil_only,broad_non_oil_marine
nw:nw-1001-06-000089,nw,0,non_oil_marine,water,False,data/external/dartis/raw/nw/nw-1001-06-000089.jpg,image_level_non_oil_only,broad_non_oil_marine
nw:nw-1002-06-000090,nw,0,non_oil_marine,water,False,data/external/dartis/raw/nw/nw-1002-06-000090.jpg,image_level_non_oil_only,broad_non_oil_marine
nw:nw-1003-06-000091,nw,0,non_oil_marine,water,False,data/external/dartis/raw/nw/nw-1003-06-000091.jpg,image_level_non_oil_only,broad_non_oil_marine
nw:nw-1004-06-000092,nw,0,non_oil_marine,water,False,data/external/dartis/raw/nw/nw-1004-06-000092.jpg,image_level_non_oil_only,broad_non_oil_marine
nw:nw-1005-06-000093,nw,0,non_oil_marine,water,False,data/external/dartis/raw/nw/nw-1005-06-000093.jpg,image_level_non_oil_only,broad_non_oil_marine
nw:nw-1006-06-000094,nw,0,non_oil_marine,water,False,data/external/dartis/raw/nw/nw-1006-06-000094.jpg,image_level_non_oil_only,broad_non_oil_marine
nw:nw-1007-06-000095,nw,0,non_oil_marine,water,False,data/external/dartis/raw/nw/nw-1007-06-000095.jpg,image_level_non_oil_only,broad_non_oil_marine
nw:nw-1008-06-000096,nw,0,non_oil_marine,water,False,data/external/dartis/raw/nw/nw-1008-06-000096.jpg,image_level_non_oil_only,broad_non_oil_marine
nw:nw-1009-06-000097,nw,0,non_oil_marine,water,False,data/external/dartis/raw/nw/nw-1009-06-000097.jpg,image_level_non_oil_only,broad_non_oil_marine
nw:nw-1010-06-000098,nw,0,non_oil_marine,water,False,data/external/dartis/raw/nw/nw-1010-06-000098.jpg,image_level_non_oil_only,broad_non_oil_marine
nw:nw-1011-06-000099,nw,0,non_oil_marine,water,False,data/external/dartis/raw/nw/nw-1011-06-000099.jpg,image_level_non_oil_only,broad_non_oil_marine
nw:nw-1012-06-000100,nw,0,non_oil_marine,water,False,data/external/dartis/raw/nw/nw-1012-06-000100.jpg,image_level_non_oil_only,broad_non_oil_marine
nw:nw-1013-06-000101,nw,0,non_oil_marine,water,False,data/external/dartis/raw/nw/nw-1013-06-000101.jpg,image_level_non_oil_only,broad_non_oil_marine
nw:nw-1014-06-000102,nw,0,non_oil_marine,water,False,data/external/dartis/raw/nw/nw-1014-06-000102.jpg,image_level_non_oil_only,broad_non_oil_marine
nw:nw-1015-06-000103,nw,0,non_oil_marine,water,False,data/external/dartis/raw/nw/nw-1015-06-000103.jpg,image_level_non_oil_only,broad_non_oil_marine
nw:nw-1016-06-000104,nw,0,non_oil_marine,water,False,data/external/dartis/raw/nw/nw-1016-06-000104.jpg,image_level_non_oil_only,broad_non_oil_marine
nw:nw-1017-06-000105,nw,0,non_oil_marine,water,False,data/external/dartis/raw/nw/nw-1017-06-000105.jpg,image_level_non_oil_only,broad_non_oil_marine
nw:nw-1018-06-000106,nw,0,non_oil_marine,water,False,data/external/dartis/raw/nw/nw-1018-06-000106.jpg,image_level_non_oil_only,broad_non_oil_marine
nw:nw-1019-06-000107,nw,0,non_oil_marine,water,False,data/external/dartis/raw/nw/nw-1019-06-000107.jpg,image_level_non_oil_only,broad_non_oil_marine
nw:nw-1020-06-000108,nw,0,non_oil_marine,water,False,data/external/dartis/raw/nw/nw-1020-06-000108.jpg,image_level_non_oil_only,broad_non_oil_marine
nw:nw-1021-06-000109,nw,0,non_oil_marine,water,False,data/external/dartis/raw/nw/nw-1021-06-000109.jpg,image_level_non_oil_only,broad_non_oil_marine
nw:nw-1022-06-000110,nw,0,non_oil_marine,water,False,data/external/dartis/raw/nw/nw-1022-06-000110.jpg,image_level_non_oil_only,broad_non_oil_marine
nw:nw-1023-06-000111,nw,0,non_oil_marine,water,False,data/external/dartis/raw/nw/nw-1023-06-000111.jpg,image_level_non_oil_only,broad_non_oil_marine
nw:nw-1024-06-000112,nw,0,non_oil_marine,water,False,data/external/dartis/raw/nw/nw-1024-06-000112.jpg,image_level_non_oil_only,broad_non_oil_marine
nw:nw-1025-06-000113,nw,0,non_oil_marine,water,False,data/external/dartis/raw/nw/nw-1025-06-000113.jpg,image_level_non_oil_only,broad_non_oil_marine
nw:nw-1026-06-000114,nw,0,non_oil_marine,water,False,data/external/dartis/raw/nw/nw-1026-06-000114.jpg,image_level_non_oil_only,broad_non_oil_marine
nw:nw-1027-06-000115,nw,0,non_oil_marine,water,False,data/external/dartis/raw/nw/nw-1027-06-000115.jpg,image_level_non_oil_only,broad_non_oil_marine
nw:nw-1028-06-000116,nw,0,non_oil_marine,water,False,data/external/dartis/raw/nw/nw-1028-06-000116.jpg,image_level_non_oil_only,broad_non_oil_marine
nw:nw-1029-06-000117,nw,0,non_oil_marine,water,False,data/external/dartis/raw/nw/nw-1029-06-000117.jpg,image_level_non_oil_only,broad_non_oil_marine
nw:nw-1030-06-000118,nw,0,non_oil_marine,water,False,data/external/dartis/raw/nw/nw-1030-06-000118.jpg,image_level_non_oil_only,broad_non_oil_marine
nw:nw-1031-06-000119,nw,0,non_oil_marine,water,False,data/external/dartis/raw/nw/nw-1031-06-000119.jpg,image_level_non_oil_only,broad_non_oil_marine
nw:nw-1032-06-000120,nw,0,non_oil_marine,water,False,data/external/dartis/raw/nw/nw-1032-06-000120.jpg,image_level_non_oil_only,broad_non_oil_marine
nw:nw-1033-06-000121,nw,0,non_oil_marine,water,False,data/external/dartis/raw/nw/nw-1033-06-000121.jpg,image_level_non_oil_only,broad_non_oil_marine
nw:nw-1034-06-000122,nw,0,non_oil_marine,water,False,data/external/dartis/raw/nw/nw-1034-06-000122.jpg,image_level_non_oil_only,broad_non_oil_marine
nw:nw-1035-06-000123,nw,0,non_oil_marine,water,False,data/external/dartis/raw/nw/nw-1035-06-000123.jpg,image_level_non_oil_only,broad_non_oil_marine
nw:nw-1036-06-000124,nw,0,non_oil_marine,water,False,data/external/dartis/raw/nw/nw-1036-06-000124.jpg,image_level_non_oil_only,broad_non_oil_marine
nw:nw-1037-06-000125,nw,0,non_oil_marine,water,False,data/external/dartis/raw/nw/nw-1037-06-000125.jpg,image_level_non_oil_only,broad_non_oil_marine
nw:nw-1038-06-000126,nw,0,non_oil_marine,water,False,data/external/dartis/raw/nw/nw-1038-06-000126.jpg,image_level_non_oil_only,broad_non_oil_marine
nw:nw-1039-06-000127,nw,0,non_oil_marine,water,False,data/external/dartis/raw/nw/nw-1039-06-000127.jpg,image_level_non_oil_only,broad_non_oil_marine
nw:nw-1040-06-000128,nw,0,non_oil_marine,water,False,data/external/dartis/raw/nw/nw-1040-06-000128.jpg,image_level_non_oil_only,broad_non_oil_marine
nw:nw-1041-06-000129,nw,0,non_oil_marine,water,False,data/external/dartis/raw/nw/nw-1041-06-000129.jpg,image_level_non_oil_only,broad_non_oil_marine
nw:nw-1042-06-000130,nw,0,non_oil_marine,water,False,data/external/dartis/raw/nw/nw-1042-06-000130.jpg,image_level_non_oil_only,broad_non_oil_marine
nw:nw-1043-06-000131,nw,0,non_oil_marine,water,False,data/external/dartis/raw/nw/nw-1043-06-000131.jpg,image_level_non_oil_only,broad_non_oil_marine
nw:nw-1044-06-000132,nw,0,non_oil_marine,water,False,data/external/dartis/raw/nw/nw-1044-06-000132.jpg,image_level_non_oil_only,broad_non_oil_marine
nw:nw-1045-06-000133,nw,0,non_oil_marine,water,False,data/external/dartis/raw/nw/nw-1045-06-000133.jpg,image_level_non_oil_only,broad_non_oil_marine
nw:nw-1046-06-000134,nw,0,non_oil_marine,water,False,data/external/dartis/raw/nw/nw-1046-06-000134.jpg,image_level_non_oil_only,broad_non_oil_marine
nw:nw-1047-06-000135,nw,0,non_oil_marine,water,False,data/external/dartis/raw/nw/nw-1047-06-000135.jpg,image_level_non_oil_only,broad_non_oil_marine
nw:nw-1048-06-000136,nw,0,non_oil_marine,water,False,data/external/dartis/raw/nw/nw-1048-06-000136.jpg,image_level_non_oil_only,broad_non_oil_marine
nw:nw-1049-06-000137,nw,0,non_oil_marine,water,False,data/external/dartis/raw/nw/nw-1049-06-000137.jpg,image_level_non_oil_only,broad_non_oil_marine
nw:nw-1050-06-000138,nw,0,non_oil_marine,water,False,data/external/dartis/raw/nw/nw-1050-06-000138.jpg,image_level_non_oil_only,broad_non_oil_marine
nw:nw-1051-06-000139,nw,0,non_oil_marine,water,False,data/external/dartis/raw/nw/nw-1051-06-000139.jpg,image_level_non_oil_only,broad_non_oil_marine
nw:nw-1052-06-000140,nw,0,non_oil_marine,water,False,data/external/dartis/raw/nw/nw-1052-06-000140.jpg,image_level_non_oil_only,broad_non_oil_marine
nw:nw-1053-06-000141,nw,0,non_oil_marine,water,False,data/external/dartis/raw/nw/nw-1053-06-000141.jpg,image_level_non_oil_only,broad_non_oil_marine
nw:nw-1054-06-000142,nw,0,non_oil_marine,water,False,data/external/dartis/raw/nw/nw-1054-06-000142.jpg,image_level_non_oil_only,broad_non_oil_marine
nw:nw-1055-06-000143,nw,0,non_oil_marine,water,False,data/external/dartis/raw/nw/nw-1055-06-000143.jpg,image_level_non_oil_only,broad_non_oil_marine
nw:nw-1056-06-000144,nw,0,non_oil_marine,water,False,data/external/dartis/raw/nw/nw-1056-06-000144.jpg,image_level_non_oil_only,broad_non_oil_marine
nw:nw-1057-06-000145,nw,0,non_oil_marine,water,False,data/external/dartis/raw/nw/nw-1057-06-000145.jpg,image_level_non_oil_only,broad_non_oil_marine
nw:nw-1058-06-000146,nw,0,non_oil_marine,water,False,data/external/dartis/raw/nw/nw-1058-06-000146.jpg,image_level_non_oil_only,broad_non_oil_marine
nw:nw-1059-06-000147,nw,0,non_oil_marine,water,False,data/external/dartis/raw/nw/nw-1059-06-000147.jpg,image_level_non_oil_only,broad_non_oil_marine
nw:nw-1060-06-000148,nw,0,non_oil_marine,water,False,data/external/dartis/raw/nw/nw-1060-06-000148.jpg,image_level_non_oil_only,broad_non_oil_marine
nw:nw-1061-06-000149,nw,0,non_oil_marine,water,False,data/external/dartis/raw/nw/nw-1061-06-000149.jpg,image_level_non_oil_only,broad_non_oil_marine
nw:nw-1062-06-000150,nw,0,non_oil_marine,water,False,data/external/dartis/raw/nw/nw-1062-06-000150.jpg,image_level_non_oil_only,broad_non_oil_marine
nw:nw-1063-06-000151,nw,0,non_oil_marine,water,False,data/external/dartis/raw/nw/nw-1063-06-000151.jpg,image_level_non_oil_only,broad_non_oil_marine
nw:nw-1064-06-000152,nw,0,non_oil_marine,water,False,data/external/dartis/raw/nw/nw-1064-06-000152.jpg,image_level_non_oil_only,broad_non_oil_marine
nw:nw-1065-06-000153,nw,0,non_oil_marine,water,False,data/external/dartis/raw/nw/nw-1065-06-000153.jpg,image_level_non_oil_only,broad_non_oil_marine
nw:nw-1066-06-000154,nw,0,non_oil_marine,water,False,data/external/dartis/raw/nw/nw-1066-06-000154.jpg,image_level_non_oil_only,broad_non_oil_marine
nw:nw-1067-06-000155,nw,0,non_oil_marine,water,False,data/external/dartis/raw/nw/nw-1067-06-000155.jpg,image_level_non_oil_only,broad_non_oil_marine
nw:nw-1068-06-000156,nw,0,non_oil_marine,water,False,data/external/dartis/raw/nw/nw-1068-06-000156.jpg,image_level_non_oil_only,broad_non_oil_marine
nw:nw-1069-06-000157,nw,0,non_oil_marine,water,False,data/external/dartis/raw/nw/nw-1069-06-000157.jpg,image_level_non_oil_only,broad_non_oil_marine
nw:nw-1070-06-000158,nw,0,non_oil_marine,water,False,data/external/dartis/raw/nw/nw-1070-06-000158.jpg,image_level_non_oil_only,broad_non_oil_marine
nw:nw-1071-06-000159,nw,0,non_oil_marine,water,False,data/external/dartis/raw/nw/nw-1071-06-000159.jpg,image_level_non_oil_only,broad_non_oil_marine
nw:nw-1072-06-000160,nw,0,non_oil_marine,water,False,data/external/dartis/raw/nw/nw-1072-06-000160.jpg,image_level_non_oil_only,broad_non_oil_marine
nw:nw-1073-06-000161,nw,0,non_oil_marine,water,False,data/external/dartis/raw/nw/nw-1073-06-000161.jpg,image_level_non_oil_only,broad_non_oil_marine
nw:nw-1074-06-000162,nw,0,non_oil_marine,water,False,data/external/dartis/raw/nw/nw-1074-06-000162.jpg,image_level_non_oil_only,broad_non_oil_marine
nw:nw-1075-06-000163,nw,0,non_oil_marine,water,False,data/external/dartis/raw/nw/nw-1075-06-000163.jpg,image_level_non_oil_only,broad_non_oil_marine
nw:nw-1076-06-000164,nw,0,non_oil_marine,water,False,data/external/dartis/raw/nw/nw-1076-06-000164.jpg,image_level_non_oil_only,broad_non_oil_marine
nw:nw-1077-06-000165,nw,0,non_oil_marine,water,False,data/external/dartis/raw/nw/nw-1077-06-000165.jpg,image_level_non_oil_only,broad_non_oil_marine
nw:nw-1078-06-000166,nw,0,non_oil_marine,water,False,data/external/dartis/raw/nw/nw-1078-06-000166.jpg,image_level_non_oil_only,broad_non_oil_marine
nw:nw-1079-07-000001,nw,0,non_oil_marine,water,False,data/external/dartis/raw/nw/nw-1079-07-000001.jpg,image_level_non_oil_only,broad_non_oil_marine
nw:nw-1080-07-000002,nw,0,non_oil_marine,water,False,data/external/dartis/raw/nw/nw-1080-07-000002.jpg,image_level_non_oil_only,broad_non_oil_marine
nw:nw-1081-07-000003,nw,0,non_oil_marine,water,False,data/external/dartis/raw/nw/nw-1081-07-000003.jpg,image_level_non_oil_only,broad_non_oil_marine
nw:nw-1082-07-000004,nw,0,non_oil_marine,water,False,data/external/dartis/raw/nw/nw-1082-07-000004.jpg,image_level_non_oil_only,broad_non_oil_marine
nw:nw-1083-07-000005,nw,0,non_oil_marine,water,False,data/external/dartis/raw/nw/nw-1083-07-000005.jpg,image_level_non_oil_only,broad_non_oil_marine
nw:nw-1084-07-000006,nw,0,non_oil_marine,water,False,data/external/dartis/raw/nw/nw-1084-07-000006.jpg,image_level_non_oil_only,broad_non_oil_marine
nw:nw-1085-07-000007,nw,0,non_oil_marine,water,False,data/external/dartis/raw/nw/nw-1085-07-000007.jpg,image_level_non_oil_only,broad_non_oil_marine
nw:nw-1086-07-000008,nw,0,non_oil_marine,water,False,data/external/dartis/raw/nw/nw-1086-07-000008.jpg,image_level_non_oil_only,broad_non_oil_marine
nw:nw-1087-07-000009,nw,0,non_oil_marine,water,False,data/external/dartis/raw/nw/nw-1087-07-000009.jpg,image_level_non_oil_only,broad_non_oil_marine
nw:nw-1088-07-000010,nw,0,non_oil_marine,water,False,data/external/dartis/raw/nw/nw-1088-07-000010.jpg,image_level_non_oil_only,broad_non_oil_marine
nw:nw-1089-07-000011,nw,0,non_oil_marine,water,False,data/external/dartis/raw/nw/nw-1089-07-000011.jpg,image_level_non_oil_only,broad_non_oil_marine
nw:nw-1090-07-000012,nw,0,non_oil_marine,water,False,data/external/dartis/raw/nw/nw-1090-07-000012.jpg,image_level_non_oil_only,broad_non_oil_marine
nw:nw-1091-07-000013,nw,0,non_oil_marine,water,False,data/external/dartis/raw/nw/nw-1091-07-000013.jpg,image_level_non_oil_only,broad_non_oil_marine
nw:nw-1092-07-000014,nw,0,non_oil_marine,water,False,data/external/dartis/raw/nw/nw-1092-07-000014.jpg,image_level_non_oil_only,broad_non_oil_marine
nw:nw-1093-07-000015,nw,0,non_oil_marine,water,False,data/external/dartis/raw/nw/nw-1093-07-000015.jpg,image_level_non_oil_only,broad_non_oil_marine
nw:nw-1094-07-000016,nw,0,non_oil_marine,water,False,data/external/dartis/raw/nw/nw-1094-07-000016.jpg,image_level_non_oil_only,broad_non_oil_marine
nw:nw-1095-07-000017,nw,0,non_oil_marine,water,False,data/external/dartis/raw/nw/nw-1095-07-000017.jpg,image_level_non_oil_only,broad_non_oil_marine
nw:nw-1096-07-000018,nw,0,non_oil_marine,water,False,data/external/dartis/raw/nw/nw-1096-07-000018.jpg,image_level_non_oil_only,broad_non_oil_marine
nw:nw-1097-07-000019,nw,0,non_oil_marine,water,False,data/external/dartis/raw/nw/nw-1097-07-000019.jpg,image_level_non_oil_only,broad_non_oil_marine
nw:nw-1098-07-000020,nw,0,non_oil_marine,water,False,data/external/dartis/raw/nw/nw-1098-07-000020.jpg,image_level_non_oil_only,broad_non_oil_marine
nw:nw-1099-07-000021,nw,0,non_oil_marine,water,False,data/external/dartis/raw/nw/nw-1099-07-000021.jpg,image_level_non_oil_only,broad_non_oil_marine
nw:nw-1100-07-000022,nw,0,non_oil_marine,water,False,data/external/dartis/raw/nw/nw-1100-07-000022.jpg,image_level_non_oil_only,broad_non_oil_marine
nw:nw-1101-07-000023,nw,0,non_oil_marine,water,False,data/external/dartis/raw/nw/nw-1101-07-000023.jpg,image_level_non_oil_only,broad_non_oil_marine
nw:nw-1102-07-000024,nw,0,non_oil_marine,water,False,data/external/dartis/raw/nw/nw-1102-07-000024.jpg,image_level_non_oil_only,broad_non_oil_marine
nw:nw-1103-07-000025,nw,0,non_oil_marine,water,False,data/external/dartis/raw/nw/nw-1103-07-000025.jpg,image_level_non_oil_only,broad_non_oil_marine
nw:nw-1104-07-000026,nw,0,non_oil_marine,water,False,data/external/dartis/raw/nw/nw-1104-07-000026.jpg,image_level_non_oil_only,broad_non_oil_marine
nw:nw-1105-07-000027,nw,0,non_oil_marine,water,False,data/external/dartis/raw/nw/nw-1105-07-000027.jpg,image_level_non_oil_only,broad_non_oil_marine
nw:nw-1106-07-000028,nw,0,non_oil_marine,water,False,data/external/dartis/raw/nw/nw-1106-07-000028.jpg,image_level_non_oil_only,broad_non_oil_marine
nw:nw-1107-07-000029,nw,0,non_oil_marine,water,False,data/external/dartis/raw/nw/nw-1107-07-000029.jpg,image_level_non_oil_only,broad_non_oil_marine
nw:nw-1108-07-000030,nw,0,non_oil_marine,water,False,data/external/dartis/raw/nw/nw-1108-07-000030.jpg,image_level_non_oil_only,broad_non_oil_marine
nw:nw-1109-07-000031,nw,0,non_oil_marine,water,False,data/external/dartis/raw/nw/nw-1109-07-000031.jpg,image_level_non_oil_only,broad_non_oil_marine
nw:nw-1110-07-000032,nw,0,non_oil_marine,water,False,data/external/dartis/raw/nw/nw-1110-07-000032.jpg,image_level_non_oil_only,broad_non_oil_marine
nw:nw-1111-07-000033,nw,0,non_oil_marine,water,False,data/external/dartis/raw/nw/nw-1111-07-000033.jpg,image_level_non_oil_only,broad_non_oil_marine
nw:nw-1112-07-000034,nw,0,non_oil_marine,water,False,data/external/dartis/raw/nw/nw-1112-07-000034.jpg,image_level_non_oil_only,broad_non_oil_marine
nw:nw-1113-07-000035,nw,0,non_oil_marine,water,False,data/external/dartis/raw/nw/nw-1113-07-000035.jpg,image_level_non_oil_only,broad_non_oil_marine
nw:nw-1114-07-000036,nw,0,non_oil_marine,water,False,data/external/dartis/raw/nw/nw-1114-07-000036.jpg,image_level_non_oil_only,broad_non_oil_marine
nw:nw-1115-07-000037,nw,0,non_oil_marine,water,False,data/external/dartis/raw/nw/nw-1115-07-000037.jpg,image_level_non_oil_only,broad_non_oil_marine
nw:nw-1116-07-000038,nw,0,non_oil_marine,water,False,data/external/dartis/raw/nw/nw-1116-07-000038.jpg,image_level_non_oil_only,broad_non_oil_marine
nw:nw-1117-07-000039,nw,0,non_oil_marine,water,False,data/external/dartis/raw/nw/nw-1117-07-000039.jpg,image_level_non_oil_only,broad_non_oil_marine
nw:nw-1118-07-000040,nw,0,non_oil_marine,water,False,data/external/dartis/raw/nw/nw-1118-07-000040.jpg,image_level_non_oil_only,broad_non_oil_marine
nw:nw-1119-07-000041,nw,0,non_oil_marine,water,False,data/external/dartis/raw/nw/nw-1119-07-000041.jpg,image_level_non_oil_only,broad_non_oil_marine
nw:nw-1120-07-000042,nw,0,non_oil_marine,water,False,data/external/dartis/raw/nw/nw-1120-07-000042.jpg,image_level_non_oil_only,broad_non_oil_marine
nw:nw-1121-07-000043,nw,0,non_oil_marine,water,False,data/external/dartis/raw/nw/nw-1121-07-000043.jpg,image_level_non_oil_only,broad_non_oil_marine
nw:nw-1122-07-000044,nw,0,non_oil_marine,water,False,data/external/dartis/raw/nw/nw-1122-07-000044.jpg,image_level_non_oil_only,broad_non_oil_marine
nw:nw-1123-07-000045,nw,0,non_oil_marine,water,False,data/external/dartis/raw/nw/nw-1123-07-000045.jpg,image_level_non_oil_only,broad_non_oil_marine
nw:nw-1124-07-000046,nw,0,non_oil_marine,water,False,data/external/dartis/raw/nw/nw-1124-07-000046.jpg,image_level_non_oil_only,broad_non_oil_marine
nw:nw-1125-07-000047,nw,0,non_oil_marine,water,False,data/external/dartis/raw/nw/nw-1125-07-000047.jpg,image_level_non_oil_only,broad_non_oil_marine
nw:nw-1126-07-000048,nw,0,non_oil_marine,water,False,data/external/dartis/raw/nw/nw-1126-07-000048.jpg,image_level_non_oil_only,broad_non_oil_marine
nw:nw-1127-07-000049,nw,0,non_oil_marine,water,False,data/external/dartis/raw/nw/nw-1127-07-000049.jpg,image_level_non_oil_only,broad_non_oil_marine
nw:nw-1128-07-000050,nw,0,non_oil_marine,water,False,data/external/dartis/raw/nw/nw-1128-07-000050.jpg,image_level_non_oil_only,broad_non_oil_marine
nw:nw-1129-07-000051,nw,0,non_oil_marine,water,False,data/external/dartis/raw/nw/nw-1129-07-000051.jpg,image_level_non_oil_only,broad_non_oil_marine
nw:nw-1130-07-000052,nw,0,non_oil_marine,water,False,data/external/dartis/raw/nw/nw-1130-07-000052.jpg,image_level_non_oil_only,broad_non_oil_marine
nw:nw-1131-07-000053,nw,0,non_oil_marine,water,False,data/external/dartis/raw/nw/nw-1131-07-000053.jpg,image_level_non_oil_only,broad_non_oil_marine
nw:nw-1132-07-000054,nw,0,non_oil_marine,water,False,data/external/dartis/raw/nw/nw-1132-07-000054.jpg,image_level_non_oil_only,broad_non_oil_marine
nw:nw-1133-07-000055,nw,0,non_oil_marine,water,False,data/external/dartis/raw/nw/nw-1133-07-000055.jpg,image_level_non_oil_only,broad_non_oil_marine
nw:nw-1134-07-000056,nw,0,non_oil_marine,water,False,data/external/dartis/raw/nw/nw-1134-07-000056.jpg,image_level_non_oil_only,broad_non_oil_marine
nw:nw-1135-07-000057,nw,0,non_oil_marine,water,False,data/external/dartis/raw/nw/nw-1135-07-000057.jpg,image_level_non_oil_only,broad_non_oil_marine
nw:nw-1136-07-000058,nw,0,non_oil_marine,water,False,data/external/dartis/raw/nw/nw-1136-07-000058.jpg,image_level_non_oil_only,broad_non_oil_marine
nw:nw-1137-07-000059,nw,0,non_oil_marine,water,False,data/external/dartis/raw/nw/nw-1137-07-000059.jpg,image_level_non_oil_only,broad_non_oil_marine
nw:nw-1138-07-000060,nw,0,non_oil_marine,water,False,data/external/dartis/raw/nw/nw-1138-07-000060.jpg,image_level_non_oil_only,broad_non_oil_marine
nw:nw-1139-07-000061,nw,0,non_oil_marine,water,False,data/external/dartis/raw/nw/nw-1139-07-000061.jpg,image_level_non_oil_only,broad_non_oil_marine
nw:nw-1140-07-000062,nw,0,non_oil_marine,water,False,data/external/dartis/raw/nw/nw-1140-07-000062.jpg,image_level_non_oil_only,broad_non_oil_marine
nw:nw-1141-07-000063,nw,0,non_oil_marine,water,False,data/external/dartis/raw/nw/nw-1141-07-000063.jpg,image_level_non_oil_only,broad_non_oil_marine
nw:nw-1142-07-000064,nw,0,non_oil_marine,water,False,data/external/dartis/raw/nw/nw-1142-07-000064.jpg,image_level_non_oil_only,broad_non_oil_marine
nw:nw-1143-07-000065,nw,0,non_oil_marine,water,False,data/external/dartis/raw/nw/nw-1143-07-000065.jpg,image_level_non_oil_only,broad_non_oil_marine
nw:nw-1144-07-000066,nw,0,non_oil_marine,water,False,data/external/dartis/raw/nw/nw-1144-07-000066.jpg,image_level_non_oil_only,broad_non_oil_marine
nw:nw-1145-07-000067,nw,0,non_oil_marine,water,False,data/external/dartis/raw/nw/nw-1145-07-000067.jpg,image_level_non_oil_only,broad_non_oil_marine
nw:nw-1146-07-000068,nw,0,non_oil_marine,water,False,data/external/dartis/raw/nw/nw-1146-07-000068.jpg,image_level_non_oil_only,broad_non_oil_marine
nw:nw-1147-07-000069,nw,0,non_oil_marine,water,False,data/external/dartis/raw/nw/nw-1147-07-000069.jpg,image_level_non_oil_only,broad_non_oil_marine
nw:nw-1148-07-000070,nw,0,non_oil_marine,water,False,data/external/dartis/raw/nw/nw-1148-07-000070.jpg,image_level_non_oil_only,broad_non_oil_marine
nw:nw-1149-07-000071,nw,0,non_oil_marine,water,False,data/external/dartis/raw/nw/nw-1149-07-000071.jpg,image_level_non_oil_only,broad_non_oil_marine
nw:nw-1150-07-000072,nw,0,non_oil_marine,water,False,data/external/dartis/raw/nw/nw-1150-07-000072.jpg,image_level_non_oil_only,broad_non_oil_marine
nw:nw-1151-07-000073,nw,0,non_oil_marine,water,False,data/external/dartis/raw/nw/nw-1151-07-000073.jpg,image_level_non_oil_only,broad_non_oil_marine
nw:nw-1152-07-000074,nw,0,non_oil_marine,water,False,data/external/dartis/raw/nw/nw-1152-07-000074.jpg,image_level_non_oil_only,broad_non_oil_marine
nw:nw-1153-07-000075,nw,0,non_oil_marine,water,False,data/external/dartis/raw/nw/nw-1153-07-000075.jpg,image_level_non_oil_only,broad_non_oil_marine
nw:nw-1154-07-000076,nw,0,non_oil_marine,water,False,data/external/dartis/raw/nw/nw-1154-07-000076.jpg,image_level_non_oil_only,broad_non_oil_marine
nw:nw-1155-07-000077,nw,0,non_oil_marine,water,False,data/external/dartis/raw/nw/nw-1155-07-000077.jpg,image_level_non_oil_only,broad_non_oil_marine
nw:nw-1156-07-000078,nw,0,non_oil_marine,water,False,data/external/dartis/raw/nw/nw-1156-07-000078.jpg,image_level_non_oil_only,broad_non_oil_marine
nw:nw-1157-07-000079,nw,0,non_oil_marine,water,False,data/external/dartis/raw/nw/nw-1157-07-000079.jpg,image_level_non_oil_only,broad_non_oil_marine
nw:nw-1158-07-000080,nw,0,non_oil_marine,water,False,data/external/dartis/raw/nw/nw-1158-07-000080.jpg,image_level_non_oil_only,broad_non_oil_marine
nw:nw-1159-07-000081,nw,0,non_oil_marine,water,False,data/external/dartis/raw/nw/nw-1159-07-000081.jpg,image_level_non_oil_only,broad_non_oil_marine
nw:nw-1160-07-000082,nw,0,non_oil_marine,water,False,data/external/dartis/raw/nw/nw-1160-07-000082.jpg,image_level_non_oil_only,broad_non_oil_marine
nw:nw-1161-07-000083,nw,0,non_oil_marine,water,False,data/external/dartis/raw/nw/nw-1161-07-000083.jpg,image_level_non_oil_only,broad_non_oil_marine
nw:nw-1162-07-000084,nw,0,non_oil_marine,water,False,data/external/dartis/raw/nw/nw-1162-07-000084.jpg,image_level_non_oil_only,broad_non_oil_marine
nw:nw-1163-07-000085,nw,0,non_oil_marine,water,False,data/external/dartis/raw/nw/nw-1163-07-000085.jpg,image_level_non_oil_only,broad_non_oil_marine
nw:nw-1164-07-000086,nw,0,non_oil_marine,water,False,data/external/dartis/raw/nw/nw-1164-07-000086.jpg,image_level_non_oil_only,broad_non_oil_marine
nw:nw-1165-07-000087,nw,0,non_oil_marine,water,False,data/external/dartis/raw/nw/nw-1165-07-000087.jpg,image_level_non_oil_only,broad_non_oil_marine
nw:nw-1166-07-000088,nw,0,non_oil_marine,water,False,data/external/dartis/raw/nw/nw-1166-07-000088.jpg,image_level_non_oil_only,broad_non_oil_marine
nw:nw-1167-07-000089,nw,0,non_oil_marine,water,False,data/external/dartis/raw/nw/nw-1167-07-000089.jpg,image_level_non_oil_only,broad_non_oil_marine
nw:nw-1168-07-000090,nw,0,non_oil_marine,water,False,data/external/dartis/raw/nw/nw-1168-07-000090.jpg,image_level_non_oil_only,broad_non_oil_marine
nw:nw-1169-07-000091,nw,0,non_oil_marine,water,False,data/external/dartis/raw/nw/nw-1169-07-000091.jpg,image_level_non_oil_only,broad_non_oil_marine
nw:nw-1170-07-000092,nw,0,non_oil_marine,water,False,data/external/dartis/raw/nw/nw-1170-07-000092.jpg,image_level_non_oil_only,broad_non_oil_marine
nw:nw-1171-07-000093,nw,0,non_oil_marine,water,False,data/external/dartis/raw/nw/nw-1171-07-000093.jpg,image_level_non_oil_only,broad_non_oil_marine
nw:nw-1172-07-000094,nw,0,non_oil_marine,water,False,data/external/dartis/raw/nw/nw-1172-07-000094.jpg,image_level_non_oil_only,broad_non_oil_marine
nw:nw-1173-07-000095,nw,0,non_oil_marine,water,False,data/external/dartis/raw/nw/nw-1173-07-000095.jpg,image_level_non_oil_only,broad_non_oil_marine
nw:nw-1174-07-000096,nw,0,non_oil_marine,water,False,data/external/dartis/raw/nw/nw-1174-07-000096.jpg,image_level_non_oil_only,broad_non_oil_marine
nw:nw-1175-07-000097,nw,0,non_oil_marine,water,False,data/external/dartis/raw/nw/nw-1175-07-000097.jpg,image_level_non_oil_only,broad_non_oil_marine
nw:nw-1176-07-000098,nw,0,non_oil_marine,water,False,data/external/dartis/raw/nw/nw-1176-07-000098.jpg,image_level_non_oil_only,broad_non_oil_marine
nw:nw-1177-07-000099,nw,0,non_oil_marine,water,False,data/external/dartis/raw/nw/nw-1177-07-000099.jpg,image_level_non_oil_only,broad_non_oil_marine
nw:nw-1178-07-000100,nw,0,non_oil_marine,water,False,data/external/dartis/raw/nw/nw-1178-07-000100.jpg,image_level_non_oil_only,broad_non_oil_marine
nw:nw-1179-07-000101,nw,0,non_oil_marine,water,False,data/external/dartis/raw/nw/nw-1179-07-000101.jpg,image_level_non_oil_only,broad_non_oil_marine
nw:nw-1180-07-000102,nw,0,non_oil_marine,water,False,data/external/dartis/raw/nw/nw-1180-07-000102.jpg,image_level_non_oil_only,broad_non_oil_marine
nw:nw-1181-07-000103,nw,0,non_oil_marine,water,False,data/external/dartis/raw/nw/nw-1181-07-000103.jpg,image_level_non_oil_only,broad_non_oil_marine
nw:nw-1182-07-000104,nw,0,non_oil_marine,water,False,data/external/dartis/raw/nw/nw-1182-07-000104.jpg,image_level_non_oil_only,broad_non_oil_marine
nw:nw-1183-07-000105,nw,0,non_oil_marine,water,False,data/external/dartis/raw/nw/nw-1183-07-000105.jpg,image_level_non_oil_only,broad_non_oil_marine
nw:nw-1184-07-000106,nw,0,non_oil_marine,water,False,data/external/dartis/raw/nw/nw-1184-07-000106.jpg,image_level_non_oil_only,broad_non_oil_marine
nw:nw-1185-07-000107,nw,0,non_oil_marine,water,False,data/external/dartis/raw/nw/nw-1185-07-000107.jpg,image_level_non_oil_only,broad_non_oil_marine
nw:nw-1186-07-000108,nw,0,non_oil_marine,water,False,data/external/dartis/raw/nw/nw-1186-07-000108.jpg,image_level_non_oil_only,broad_non_oil_marine
nw:nw-1187-07-000109,nw,0,non_oil_marine,water,False,data/external/dartis/raw/nw/nw-1187-07-000109.jpg,image_level_non_oil_only,broad_non_oil_marine
nw:nw-1188-07-000110,nw,0,non_oil_marine,water,False,data/external/dartis/raw/nw/nw-1188-07-000110.jpg,image_level_non_oil_only,broad_non_oil_marine
nw:nw-1189-07-000111,nw,0,non_oil_marine,water,False,data/external/dartis/raw/nw/nw-1189-07-000111.jpg,image_level_non_oil_only,broad_non_oil_marine
nw:nw-1190-07-000112,nw,0,non_oil_marine,water,False,data/external/dartis/raw/nw/nw-1190-07-000112.jpg,image_level_non_oil_only,broad_non_oil_marine
nw:nw-1191-07-000113,nw,0,non_oil_marine,water,False,data/external/dartis/raw/nw/nw-1191-07-000113.jpg,image_level_non_oil_only,broad_non_oil_marine
nw:nw-1192-07-000114,nw,0,non_oil_marine,water,False,data/external/dartis/raw/nw/nw-1192-07-000114.jpg,image_level_non_oil_only,broad_non_oil_marine
nw:nw-1193-07-000115,nw,0,non_oil_marine,water,False,data/external/dartis/raw/nw/nw-1193-07-000115.jpg,image_level_non_oil_only,broad_non_oil_marine
nw:nw-1194-07-000116,nw,0,non_oil_marine,water,False,data/external/dartis/raw/nw/nw-1194-07-000116.jpg,image_level_non_oil_only,broad_non_oil_marine
nw:nw-1195-07-000117,nw,0,non_oil_marine,water,False,data/external/dartis/raw/nw/nw-1195-07-000117.jpg,image_level_non_oil_only,broad_non_oil_marine
nw:nw-1196-07-000118,nw,0,non_oil_marine,water,False,data/external/dartis/raw/nw/nw-1196-07-000118.jpg,image_level_non_oil_only,broad_non_oil_marine
nw:nw-1197-07-000119,nw,0,non_oil_marine,water,False,data/external/dartis/raw/nw/nw-1197-07-000119.jpg,image_level_non_oil_only,broad_non_oil_marine
nw:nw-1198-07-000120,nw,0,non_oil_marine,water,False,data/external/dartis/raw/nw/nw-1198-07-000120.jpg,image_level_non_oil_only,broad_non_oil_marine
nw:nw-1199-07-000121,nw,0,non_oil_marine,water,False,data/external/dartis/raw/nw/nw-1199-07-000121.jpg,image_level_non_oil_only,broad_non_oil_marine
nw:nw-1200-07-000122,nw,0,non_oil_marine,water,False,data/external/dartis/raw/nw/nw-1200-07-000122.jpg,image_level_non_oil_only,broad_non_oil_marine
nw:nw-1201-07-000123,nw,0,non_oil_marine,water,False,data/external/dartis/raw/nw/nw-1201-07-000123.jpg,image_level_non_oil_only,broad_non_oil_marine
nw:nw-1202-07-000124,nw,0,non_oil_marine,water,False,data/external/dartis/raw/nw/nw-1202-07-000124.jpg,image_level_non_oil_only,broad_non_oil_marine
nw:nw-1203-07-000125,nw,0,non_oil_marine,water,False,data/external/dartis/raw/nw/nw-1203-07-000125.jpg,image_level_non_oil_only,broad_non_oil_marine
nw:nw-1204-07-000126,nw,0,non_oil_marine,water,False,data/external/dartis/raw/nw/nw-1204-07-000126.jpg,image_level_non_oil_only,broad_non_oil_marine
nw:nw-1205-07-000127,nw,0,non_oil_marine,water,False,data/external/dartis/raw/nw/nw-1205-07-000127.jpg,image_level_non_oil_only,broad_non_oil_marine
nw:nw-1206-07-000128,nw,0,non_oil_marine,water,False,data/external/dartis/raw/nw/nw-1206-07-000128.jpg,image_level_non_oil_only,broad_non_oil_marine
nw:nw-1207-07-000129,nw,0,non_oil_marine,water,False,data/external/dartis/raw/nw/nw-1207-07-000129.jpg,image_level_non_oil_only,broad_non_oil_marine
nw:nw-1208-07-000130,nw,0,non_oil_marine,water,False,data/external/dartis/raw/nw/nw-1208-07-000130.jpg,image_level_non_oil_only,broad_non_oil_marine
nw:nw-1209-07-000131,nw,0,non_oil_marine,water,False,data/external/dartis/raw/nw/nw-1209-07-000131.jpg,image_level_non_oil_only,broad_non_oil_marine
nw:nw-1210-07-000132,nw,0,non_oil_marine,water,False,data/external/dartis/raw/nw/nw-1210-07-000132.jpg,image_level_non_oil_only,broad_non_oil_marine
nw:nw-1211-07-000133,nw,0,non_oil_marine,water,False,data/external/dartis/raw/nw/nw-1211-07-000133.jpg,image_level_non_oil_only,broad_non_oil_marine
nw:nw-1212-07-000134,nw,0,non_oil_marine,water,False,data/external/dartis/raw/nw/nw-1212-07-000134.jpg,image_level_non_oil_only,broad_non_oil_marine
nw:nw-1213-07-000135,nw,0,non_oil_marine,water,False,data/external/dartis/raw/nw/nw-1213-07-000135.jpg,image_level_non_oil_only,broad_non_oil_marine
nw:nw-1214-07-000136,nw,0,non_oil_marine,water,False,data/external/dartis/raw/nw/nw-1214-07-000136.jpg,image_level_non_oil_only,broad_non_oil_marine
nw:nw-1215-07-000137,nw,0,non_oil_marine,water,False,data/external/dartis/raw/nw/nw-1215-07-000137.jpg,image_level_non_oil_only,broad_non_oil_marine
nw:nw-1216-07-000138,nw,0,non_oil_marine,water,False,data/external/dartis/raw/nw/nw-1216-07-000138.jpg,image_level_non_oil_only,broad_non_oil_marine
nw:nw-1217-07-000139,nw,0,non_oil_marine,water,False,data/external/dartis/raw/nw/nw-1217-07-000139.jpg,image_level_non_oil_only,broad_non_oil_marine
nw:nw-1218-07-000140,nw,0,non_oil_marine,water,False,data/external/dartis/raw/nw/nw-1218-07-000140.jpg,image_level_non_oil_only,broad_non_oil_marine
nw:nw-1219-07-000141,nw,0,non_oil_marine,water,False,data/external/dartis/raw/nw/nw-1219-07-000141.jpg,image_level_non_oil_only,broad_non_oil_marine
nw:nw-1220-07-000142,nw,0,non_oil_marine,water,False,data/external/dartis/raw/nw/nw-1220-07-000142.jpg,image_level_non_oil_only,broad_non_oil_marine
nw:nw-1221-07-000143,nw,0,non_oil_marine,water,False,data/external/dartis/raw/nw/nw-1221-07-000143.jpg,image_level_non_oil_only,broad_non_oil_marine
nw:nw-1222-07-000144,nw,0,non_oil_marine,water,False,data/external/dartis/raw/nw/nw-1222-07-000144.jpg,image_level_non_oil_only,broad_non_oil_marine
nw:nw-1223-07-000145,nw,0,non_oil_marine,water,False,data/external/dartis/raw/nw/nw-1223-07-000145.jpg,image_level_non_oil_only,broad_non_oil_marine
nw:nw-1224-07-000146,nw,0,non_oil_marine,water,False,data/external/dartis/raw/nw/nw-1224-07-000146.jpg,image_level_non_oil_only,broad_non_oil_marine
nw:nw-1225-07-000147,nw,0,non_oil_marine,water,False,data/external/dartis/raw/nw/nw-1225-07-000147.jpg,image_level_non_oil_only,broad_non_oil_marine
nw:nw-1226-07-000148,nw,0,non_oil_marine,water,False,data/external/dartis/raw/nw/nw-1226-07-000148.jpg,image_level_non_oil_only,broad_non_oil_marine
nw:nw-1227-07-000149,nw,0,non_oil_marine,water,False,data/external/dartis/raw/nw/nw-1227-07-000149.jpg,image_level_non_oil_only,broad_non_oil_marine
nw:nw-1228-07-000150,nw,0,non_oil_marine,water,False,data/external/dartis/raw/nw/nw-1228-07-000150.jpg,image_level_non_oil_only,broad_non_oil_marine
nw:nw-1229-07-000151,nw,0,non_oil_marine,water,False,data/external/dartis/raw/nw/nw-1229-07-000151.jpg,image_level_non_oil_only,broad_non_oil_marine
nw:nw-1230-07-000152,nw,0,non_oil_marine,water,False,data/external/dartis/raw/nw/nw-1230-07-000152.jpg,image_level_non_oil_only,broad_non_oil_marine
nw:nw-1231-07-000153,nw,0,non_oil_marine,water,False,data/external/dartis/raw/nw/nw-1231-07-000153.jpg,image_level_non_oil_only,broad_non_oil_marine
nw:nw-1232-07-000154,nw,0,non_oil_marine,water,False,data/external/dartis/raw/nw/nw-1232-07-000154.jpg,image_level_non_oil_only,broad_non_oil_marine
nw:nw-1233-07-000155,nw,0,non_oil_marine,water,False,data/external/dartis/raw/nw/nw-1233-07-000155.jpg,image_level_non_oil_only,broad_non_oil_marine
nw:nw-1234-07-000156,nw,0,non_oil_marine,water,False,data/external/dartis/raw/nw/nw-1234-07-000156.jpg,image_level_non_oil_only,broad_non_oil_marine
nw:nw-1235-07-000157,nw,0,non_oil_marine,water,False,data/external/dartis/raw/nw/nw-1235-07-000157.jpg,image_level_non_oil_only,broad_non_oil_marine
nw:nw-1236-07-000158,nw,0,non_oil_marine,water,False,data/external/dartis/raw/nw/nw-1236-07-000158.jpg,image_level_non_oil_only,broad_non_oil_marine
nw:nw-1237-07-000159,nw,0,non_oil_marine,water,False,data/external/dartis/raw/nw/nw-1237-07-000159.jpg,image_level_non_oil_only,broad_non_oil_marine
nw:nw-1238-07-000160,nw,0,non_oil_marine,water,False,data/external/dartis/raw/nw/nw-1238-07-000160.jpg,image_level_non_oil_only,broad_non_oil_marine
nw:nw-1239-07-000161,nw,0,non_oil_marine,water,False,data/external/dartis/raw/nw/nw-1239-07-000161.jpg,image_level_non_oil_only,broad_non_oil_marine
nw:nw-1240-07-000162,nw,0,non_oil_marine,water,False,data/external/dartis/raw/nw/nw-1240-07-000162.jpg,image_level_non_oil_only,broad_non_oil_marine
nw:nw-1241-07-000163,nw,0,non_oil_marine,water,False,data/external/dartis/raw/nw/nw-1241-07-000163.jpg,image_level_non_oil_only,broad_non_oil_marine
nw:nw-1242-07-000164,nw,0,non_oil_marine,water,False,data/external/dartis/raw/nw/nw-1242-07-000164.jpg,image_level_non_oil_only,broad_non_oil_marine
nw:nw-1243-07-000165,nw,0,non_oil_marine,water,False,data/external/dartis/raw/nw/nw-1243-07-000165.jpg,image_level_non_oil_only,broad_non_oil_marine
nw:nw-1244-07-000166,nw,0,non_oil_marine,water,False,data/external/dartis/raw/nw/nw-1244-07-000166.jpg,image_level_non_oil_only,broad_non_oil_marine
nw:nw-1245-07-000167,nw,0,non_oil_marine,water,False,data/external/dartis/raw/nw/nw-1245-07-000167.jpg,image_level_non_oil_only,broad_non_oil_marine
nw:nw-1246-07-000168,nw,0,non_oil_marine,water,False,data/external/dartis/raw/nw/nw-1246-07-000168.jpg,image_level_non_oil_only,broad_non_oil_marine
nw:nw-1247-07-000169,nw,0,non_oil_marine,water,False,data/external/dartis/raw/nw/nw-1247-07-000169.jpg,image_level_non_oil_only,broad_non_oil_marine
nw:nw-1248-07-000170,nw,0,non_oil_marine,water,False,data/external/dartis/raw/nw/nw-1248-07-000170.jpg,image_level_non_oil_only,broad_non_oil_marine
nw:nw-1249-07-000171,nw,0,non_oil_marine,water,False,data/external/dartis/raw/nw/nw-1249-07-000171.jpg,image_level_non_oil_only,broad_non_oil_marine
nw:nw-1250-08-000001,nw,0,non_oil_marine,water,False,data/external/dartis/raw/nw/nw-1250-08-000001.jpg,image_level_non_oil_only,broad_non_oil_marine
nw:nw-1251-08-000002,nw,0,non_oil_marine,water,False,data/external/dartis/raw/nw/nw-1251-08-000002.jpg,image_level_non_oil_only,broad_non_oil_marine
nw:nw-1252-08-000003,nw,0,non_oil_marine,water,False,data/external/dartis/raw/nw/nw-1252-08-000003.jpg,image_level_non_oil_only,broad_non_oil_marine
nw:nw-1253-08-000004,nw,0,non_oil_marine,water,False,data/external/dartis/raw/nw/nw-1253-08-000004.jpg,image_level_non_oil_only,broad_non_oil_marine
nw:nw-1254-08-000005,nw,0,non_oil_marine,water,False,data/external/dartis/raw/nw/nw-1254-08-000005.jpg,image_level_non_oil_only,broad_non_oil_marine
nw:nw-1255-08-000006,nw,0,non_oil_marine,water,False,data/external/dartis/raw/nw/nw-1255-08-000006.jpg,image_level_non_oil_only,broad_non_oil_marine
nw:nw-1256-08-000007,nw,0,non_oil_marine,water,False,data/external/dartis/raw/nw/nw-1256-08-000007.jpg,image_level_non_oil_only,broad_non_oil_marine
nw:nw-1257-08-000008,nw,0,non_oil_marine,water,False,data/external/dartis/raw/nw/nw-1257-08-000008.jpg,image_level_non_oil_only,broad_non_oil_marine
nw:nw-1258-08-000009,nw,0,non_oil_marine,water,False,data/external/dartis/raw/nw/nw-1258-08-000009.jpg,image_level_non_oil_only,broad_non_oil_marine
nw:nw-1259-08-000010,nw,0,non_oil_marine,water,False,data/external/dartis/raw/nw/nw-1259-08-000010.jpg,image_level_non_oil_only,broad_non_oil_marine
nw:nw-1260-08-000011,nw,0,non_oil_marine,water,False,data/external/dartis/raw/nw/nw-1260-08-000011.jpg,image_level_non_oil_only,broad_non_oil_marine
nw:nw-1261-08-000012,nw,0,non_oil_marine,water,False,data/external/dartis/raw/nw/nw-1261-08-000012.jpg,image_level_non_oil_only,broad_non_oil_marine
nw:nw-1262-08-000013,nw,0,non_oil_marine,water,False,data/external/dartis/raw/nw/nw-1262-08-000013.jpg,image_level_non_oil_only,broad_non_oil_marine
nw:nw-1263-08-000014,nw,0,non_oil_marine,water,False,data/external/dartis/raw/nw/nw-1263-08-000014.jpg,image_level_non_oil_only,broad_non_oil_marine
nw:nw-1264-08-000015,nw,0,non_oil_marine,water,False,data/external/dartis/raw/nw/nw-1264-08-000015.jpg,image_level_non_oil_only,broad_non_oil_marine
nw:nw-1265-08-000016,nw,0,non_oil_marine,water,False,data/external/dartis/raw/nw/nw-1265-08-000016.jpg,image_level_non_oil_only,broad_non_oil_marine
nw:nw-1266-08-000017,nw,0,non_oil_marine,water,False,data/external/dartis/raw/nw/nw-1266-08-000017.jpg,image_level_non_oil_only,broad_non_oil_marine
nw:nw-1267-08-000018,nw,0,non_oil_marine,water,False,data/external/dartis/raw/nw/nw-1267-08-000018.jpg,image_level_non_oil_only,broad_non_oil_marine
nw:nw-1268-08-000019,nw,0,non_oil_marine,water,False,data/external/dartis/raw/nw/nw-1268-08-000019.jpg,image_level_non_oil_only,broad_non_oil_marine
nw:nw-1269-08-000020,nw,0,non_oil_marine,water,False,data/external/dartis/raw/nw/nw-1269-08-000020.jpg,image_level_non_oil_only,broad_non_oil_marine
nw:nw-1270-08-000021,nw,0,non_oil_marine,water,False,data/external/dartis/raw/nw/nw-1270-08-000021.jpg,image_level_non_oil_only,broad_non_oil_marine
nw:nw-1271-08-000022,nw,0,non_oil_marine,water,False,data/external/dartis/raw/nw/nw-1271-08-000022.jpg,image_level_non_oil_only,broad_non_oil_marine
nw:nw-1272-08-000023,nw,0,non_oil_marine,water,False,data/external/dartis/raw/nw/nw-1272-08-000023.jpg,image_level_non_oil_only,broad_non_oil_marine
nw:nw-1273-08-000024,nw,0,non_oil_marine,water,False,data/external/dartis/raw/nw/nw-1273-08-000024.jpg,image_level_non_oil_only,broad_non_oil_marine
nw:nw-1274-08-000025,nw,0,non_oil_marine,water,False,data/external/dartis/raw/nw/nw-1274-08-000025.jpg,image_level_non_oil_only,broad_non_oil_marine
nw:nw-1275-08-000026,nw,0,non_oil_marine,water,False,data/external/dartis/raw/nw/nw-1275-08-000026.jpg,image_level_non_oil_only,broad_non_oil_marine
nw:nw-1276-08-000027,nw,0,non_oil_marine,water,False,data/external/dartis/raw/nw/nw-1276-08-000027.jpg,image_level_non_oil_only,broad_non_oil_marine
nw:nw-1277-08-000028,nw,0,non_oil_marine,water,False,data/external/dartis/raw/nw/nw-1277-08-000028.jpg,image_level_non_oil_only,broad_non_oil_marine
nw:nw-1278-08-000029,nw,0,non_oil_marine,water,False,data/external/dartis/raw/nw/nw-1278-08-000029.jpg,image_level_non_oil_only,broad_non_oil_marine
nw:nw-1279-08-000030,nw,0,non_oil_marine,water,False,data/external/dartis/raw/nw/nw-1279-08-000030.jpg,image_level_non_oil_only,broad_non_oil_marine
nw:nw-1280-08-000031,nw,0,non_oil_marine,water,False,data/external/dartis/raw/nw/nw-1280-08-000031.jpg,image_level_non_oil_only,broad_non_oil_marine
nw:nw-1281-08-000032,nw,0,non_oil_marine,water,False,data/external/dartis/raw/nw/nw-1281-08-000032.jpg,image_level_non_oil_only,broad_non_oil_marine
nw:nw-1282-08-000033,nw,0,non_oil_marine,water,False,data/external/dartis/raw/nw/nw-1282-08-000033.jpg,image_level_non_oil_only,broad_non_oil_marine
nw:nw-1283-08-000034,nw,0,non_oil_marine,water,False,data/external/dartis/raw/nw/nw-1283-08-000034.jpg,image_level_non_oil_only,broad_non_oil_marine
nw:nw-1284-08-000035,nw,0,non_oil_marine,water,False,data/external/dartis/raw/nw/nw-1284-08-000035.jpg,image_level_non_oil_only,broad_non_oil_marine
nw:nw-1285-08-000036,nw,0,non_oil_marine,water,False,data/external/dartis/raw/nw/nw-1285-08-000036.jpg,image_level_non_oil_only,broad_non_oil_marine
nw:nw-1286-08-000037,nw,0,non_oil_marine,water,False,data/external/dartis/raw/nw/nw-1286-08-000037.jpg,image_level_non_oil_only,broad_non_oil_marine
nw:nw-1287-08-000038,nw,0,non_oil_marine,water,False,data/external/dartis/raw/nw/nw-1287-08-000038.jpg,image_level_non_oil_only,broad_non_oil_marine
nw:nw-1288-08-000039,nw,0,non_oil_marine,water,False,data/external/dartis/raw/nw/nw-1288-08-000039.jpg,image_level_non_oil_only,broad_non_oil_marine
nw:nw-1289-08-000040,nw,0,non_oil_marine,water,False,data/external/dartis/raw/nw/nw-1289-08-000040.jpg,image_level_non_oil_only,broad_non_oil_marine
nw:nw-1290-08-000041,nw,0,non_oil_marine,water,False,data/external/dartis/raw/nw/nw-1290-08-000041.jpg,image_level_non_oil_only,broad_non_oil_marine
nw:nw-1291-08-000042,nw,0,non_oil_marine,water,False,data/external/dartis/raw/nw/nw-1291-08-000042.jpg,image_level_non_oil_only,broad_non_oil_marine
nw:nw-1292-08-000043,nw,0,non_oil_marine,water,False,data/external/dartis/raw/nw/nw-1292-08-000043.jpg,image_level_non_oil_only,broad_non_oil_marine
nw:nw-1293-08-000044,nw,0,non_oil_marine,water,False,data/external/dartis/raw/nw/nw-1293-08-000044.jpg,image_level_non_oil_only,broad_non_oil_marine
nw:nw-1294-08-000045,nw,0,non_oil_marine,water,False,data/external/dartis/raw/nw/nw-1294-08-000045.jpg,image_level_non_oil_only,broad_non_oil_marine
nw:nw-1295-08-000046,nw,0,non_oil_marine,water,False,data/external/dartis/raw/nw/nw-1295-08-000046.jpg,image_level_non_oil_only,broad_non_oil_marine
nw:nw-1296-08-000047,nw,0,non_oil_marine,water,False,data/external/dartis/raw/nw/nw-1296-08-000047.jpg,image_level_non_oil_only,broad_non_oil_marine
nw:nw-1297-08-000048,nw,0,non_oil_marine,water,False,data/external/dartis/raw/nw/nw-1297-08-000048.jpg,image_level_non_oil_only,broad_non_oil_marine
nw:nw-1298-08-000049,nw,0,non_oil_marine,water,False,data/external/dartis/raw/nw/nw-1298-08-000049.jpg,image_level_non_oil_only,broad_non_oil_marine
nw:nw-1299-08-000050,nw,0,non_oil_marine,water,False,data/external/dartis/raw/nw/nw-1299-08-000050.jpg,image_level_non_oil_only,broad_non_oil_marine
nw:nw-1300-08-000051,nw,0,non_oil_marine,water,False,data/external/dartis/raw/nw/nw-1300-08-000051.jpg,image_level_non_oil_only,broad_non_oil_marine
nw:nw-1301-08-000052,nw,0,non_oil_marine,water,False,data/external/dartis/raw/nw/nw-1301-08-000052.jpg,image_level_non_oil_only,broad_non_oil_marine
nw:nw-1302-08-000053,nw,0,non_oil_marine,water,False,data/external/dartis/raw/nw/nw-1302-08-000053.jpg,image_level_non_oil_only,broad_non_oil_marine
nw:nw-1303-08-000054,nw,0,non_oil_marine,water,False,data/external/dartis/raw/nw/nw-1303-08-000054.jpg,image_level_non_oil_only,broad_non_oil_marine
nw:nw-1304-08-000055,nw,0,non_oil_marine,water,False,data/external/dartis/raw/nw/nw-1304-08-000055.jpg,image_level_non_oil_only,broad_non_oil_marine
nw:nw-1305-08-000056,nw,0,non_oil_marine,water,False,data/external/dartis/raw/nw/nw-1305-08-000056.jpg,image_level_non_oil_only,broad_non_oil_marine
nw:nw-1306-08-000057,nw,0,non_oil_marine,water,False,data/external/dartis/raw/nw/nw-1306-08-000057.jpg,image_level_non_oil_only,broad_non_oil_marine
nw:nw-1307-08-000058,nw,0,non_oil_marine,water,False,data/external/dartis/raw/nw/nw-1307-08-000058.jpg,image_level_non_oil_only,broad_non_oil_marine
nw:nw-1308-08-000059,nw,0,non_oil_marine,water,False,data/external/dartis/raw/nw/nw-1308-08-000059.jpg,image_level_non_oil_only,broad_non_oil_marine
nw:nw-1309-08-000060,nw,0,non_oil_marine,water,False,data/external/dartis/raw/nw/nw-1309-08-000060.jpg,image_level_non_oil_only,broad_non_oil_marine
nw:nw-1310-08-000061,nw,0,non_oil_marine,water,False,data/external/dartis/raw/nw/nw-1310-08-000061.jpg,image_level_non_oil_only,broad_non_oil_marine
nw:nw-1311-08-000062,nw,0,non_oil_marine,water,False,data/external/dartis/raw/nw/nw-1311-08-000062.jpg,image_level_non_oil_only,broad_non_oil_marine
nw:nw-1312-08-000063,nw,0,non_oil_marine,water,False,data/external/dartis/raw/nw/nw-1312-08-000063.jpg,image_level_non_oil_only,broad_non_oil_marine
nw:nw-1313-08-000064,nw,0,non_oil_marine,water,False,data/external/dartis/raw/nw/nw-1313-08-000064.jpg,image_level_non_oil_only,broad_non_oil_marine
nw:nw-1314-08-000065,nw,0,non_oil_marine,water,False,data/external/dartis/raw/nw/nw-1314-08-000065.jpg,image_level_non_oil_only,broad_non_oil_marine
nw:nw-1315-08-000066,nw,0,non_oil_marine,water,False,data/external/dartis/raw/nw/nw-1315-08-000066.jpg,image_level_non_oil_only,broad_non_oil_marine
nw:nw-1316-08-000067,nw,0,non_oil_marine,water,False,data/external/dartis/raw/nw/nw-1316-08-000067.jpg,image_level_non_oil_only,broad_non_oil_marine
nw:nw-1317-08-000068,nw,0,non_oil_marine,water,False,data/external/dartis/raw/nw/nw-1317-08-000068.jpg,image_level_non_oil_only,broad_non_oil_marine
nw:nw-1318-08-000069,nw,0,non_oil_marine,water,False,data/external/dartis/raw/nw/nw-1318-08-000069.jpg,image_level_non_oil_only,broad_non_oil_marine
nw:nw-1319-08-000070,nw,0,non_oil_marine,water,False,data/external/dartis/raw/nw/nw-1319-08-000070.jpg,image_level_non_oil_only,broad_non_oil_marine
nw:nw-1320-08-000071,nw,0,non_oil_marine,water,False,data/external/dartis/raw/nw/nw-1320-08-000071.jpg,image_level_non_oil_only,broad_non_oil_marine
nw:nw-1321-08-000072,nw,0,non_oil_marine,water,False,data/external/dartis/raw/nw/nw-1321-08-000072.jpg,image_level_non_oil_only,broad_non_oil_marine
nw:nw-1322-08-000073,nw,0,non_oil_marine,water,False,data/external/dartis/raw/nw/nw-1322-08-000073.jpg,image_level_non_oil_only,broad_non_oil_marine
nw:nw-1323-08-000074,nw,0,non_oil_marine,water,False,data/external/dartis/raw/nw/nw-1323-08-000074.jpg,image_level_non_oil_only,broad_non_oil_marine
nw:nw-1324-08-000075,nw,0,non_oil_marine,water,False,data/external/dartis/raw/nw/nw-1324-08-000075.jpg,image_level_non_oil_only,broad_non_oil_marine
nw:nw-1325-08-000076,nw,0,non_oil_marine,water,False,data/external/dartis/raw/nw/nw-1325-08-000076.jpg,image_level_non_oil_only,broad_non_oil_marine
nw:nw-1326-08-000077,nw,0,non_oil_marine,water,False,data/external/dartis/raw/nw/nw-1326-08-000077.jpg,image_level_non_oil_only,broad_non_oil_marine
nw:nw-1327-08-000078,nw,0,non_oil_marine,water,False,data/external/dartis/raw/nw/nw-1327-08-000078.jpg,image_level_non_oil_only,broad_non_oil_marine
nw:nw-1328-08-000079,nw,0,non_oil_marine,water,False,data/external/dartis/raw/nw/nw-1328-08-000079.jpg,image_level_non_oil_only,broad_non_oil_marine
nw:nw-1329-08-000080,nw,0,non_oil_marine,water,False,data/external/dartis/raw/nw/nw-1329-08-000080.jpg,image_level_non_oil_only,broad_non_oil_marine
nw:nw-1330-08-000081,nw,0,non_oil_marine,water,False,data/external/dartis/raw/nw/nw-1330-08-000081.jpg,image_level_non_oil_only,broad_non_oil_marine
nw:nw-1331-08-000082,nw,0,non_oil_marine,water,False,data/external/dartis/raw/nw/nw-1331-08-000082.jpg,image_level_non_oil_only,broad_non_oil_marine
nw:nw-1332-08-000083,nw,0,non_oil_marine,water,False,data/external/dartis/raw/nw/nw-1332-08-000083.jpg,image_level_non_oil_only,broad_non_oil_marine
nw:nw-1333-08-000084,nw,0,non_oil_marine,water,False,data/external/dartis/raw/nw/nw-1333-08-000084.jpg,image_level_non_oil_only,broad_non_oil_marine
nw:nw-1334-08-000085,nw,0,non_oil_marine,water,False,data/external/dartis/raw/nw/nw-1334-08-000085.jpg,image_level_non_oil_only,broad_non_oil_marine
nw:nw-1335-08-000086,nw,0,non_oil_marine,water,False,data/external/dartis/raw/nw/nw-1335-08-000086.jpg,image_level_non_oil_only,broad_non_oil_marine
nw:nw-1336-08-000087,nw,0,non_oil_marine,water,False,data/external/dartis/raw/nw/nw-1336-08-000087.jpg,image_level_non_oil_only,broad_non_oil_marine
nw:nw-1337-08-000088,nw,0,non_oil_marine,water,False,data/external/dartis/raw/nw/nw-1337-08-000088.jpg,image_level_non_oil_only,broad_non_oil_marine
nw:nw-1338-08-000089,nw,0,non_oil_marine,water,False,data/external/dartis/raw/nw/nw-1338-08-000089.jpg,image_level_non_oil_only,broad_non_oil_marine
nw:nw-1339-08-000090,nw,0,non_oil_marine,water,False,data/external/dartis/raw/nw/nw-1339-08-000090.jpg,image_level_non_oil_only,broad_non_oil_marine
nw:nw-1340-08-000091,nw,0,non_oil_marine,water,False,data/external/dartis/raw/nw/nw-1340-08-000091.jpg,image_level_non_oil_only,broad_non_oil_marine
nw:nw-1341-08-000092,nw,0,non_oil_marine,water,False,data/external/dartis/raw/nw/nw-1341-08-000092.jpg,image_level_non_oil_only,broad_non_oil_marine
nw:nw-1342-08-000093,nw,0,non_oil_marine,water,False,data/external/dartis/raw/nw/nw-1342-08-000093.jpg,image_level_non_oil_only,broad_non_oil_marine
nw:nw-1343-08-000094,nw,0,non_oil_marine,water,False,data/external/dartis/raw/nw/nw-1343-08-000094.jpg,image_level_non_oil_only,broad_non_oil_marine
nw:nw-1344-08-000095,nw,0,non_oil_marine,water,False,data/external/dartis/raw/nw/nw-1344-08-000095.jpg,image_level_non_oil_only,broad_non_oil_marine
nw:nw-1345-08-000096,nw,0,non_oil_marine,water,False,data/external/dartis/raw/nw/nw-1345-08-000096.jpg,image_level_non_oil_only,broad_non_oil_marine
nw:nw-1346-08-000097,nw,0,non_oil_marine,water,False,data/external/dartis/raw/nw/nw-1346-08-000097.jpg,image_level_non_oil_only,broad_non_oil_marine
nw:nw-1347-08-000098,nw,0,non_oil_marine,water,False,data/external/dartis/raw/nw/nw-1347-08-000098.jpg,image_level_non_oil_only,broad_non_oil_marine
nw:nw-1348-08-000099,nw,0,non_oil_marine,water,False,data/external/dartis/raw/nw/nw-1348-08-000099.jpg,image_level_non_oil_only,broad_non_oil_marine
nw:nw-1349-08-000100,nw,0,non_oil_marine,water,False,data/external/dartis/raw/nw/nw-1349-08-000100.jpg,image_level_non_oil_only,broad_non_oil_marine
nw:nw-1350-08-000101,nw,0,non_oil_marine,water,False,data/external/dartis/raw/nw/nw-1350-08-000101.jpg,image_level_non_oil_only,broad_non_oil_marine
nw:nw-1351-08-000102,nw,0,non_oil_marine,water,False,data/external/dartis/raw/nw/nw-1351-08-000102.jpg,image_level_non_oil_only,broad_non_oil_marine
nw:nw-1352-08-000103,nw,0,non_oil_marine,water,False,data/external/dartis/raw/nw/nw-1352-08-000103.jpg,image_level_non_oil_only,broad_non_oil_marine
nw:nw-1353-08-000104,nw,0,non_oil_marine,water,False,data/external/dartis/raw/nw/nw-1353-08-000104.jpg,image_level_non_oil_only,broad_non_oil_marine
nw:nw-1354-08-000105,nw,0,non_oil_marine,water,False,data/external/dartis/raw/nw/nw-1354-08-000105.jpg,image_level_non_oil_only,broad_non_oil_marine
nw:nw-1355-08-000106,nw,0,non_oil_marine,water,False,data/external/dartis/raw/nw/nw-1355-08-000106.jpg,image_level_non_oil_only,broad_non_oil_marine
nw:nw-1356-08-000107,nw,0,non_oil_marine,water,False,data/external/dartis/raw/nw/nw-1356-08-000107.jpg,image_level_non_oil_only,broad_non_oil_marine
nw:nw-1357-08-000108,nw,0,non_oil_marine,water,False,data/external/dartis/raw/nw/nw-1357-08-000108.jpg,image_level_non_oil_only,broad_non_oil_marine
nw:nw-1358-08-000109,nw,0,non_oil_marine,water,False,data/external/dartis/raw/nw/nw-1358-08-000109.jpg,image_level_non_oil_only,broad_non_oil_marine
nw:nw-1359-08-000110,nw,0,non_oil_marine,water,False,data/external/dartis/raw/nw/nw-1359-08-000110.jpg,image_level_non_oil_only,broad_non_oil_marine
nw:nw-1360-08-000111,nw,0,non_oil_marine,water,False,data/external/dartis/raw/nw/nw-1360-08-000111.jpg,image_level_non_oil_only,broad_non_oil_marine
nw:nw-1361-08-000112,nw,0,non_oil_marine,water,False,data/external/dartis/raw/nw/nw-1361-08-000112.jpg,image_level_non_oil_only,broad_non_oil_marine
nw:nw-1362-08-000113,nw,0,non_oil_marine,water,False,data/external/dartis/raw/nw/nw-1362-08-000113.jpg,image_level_non_oil_only,broad_non_oil_marine
nw:nw-1363-08-000114,nw,0,non_oil_marine,water,False,data/external/dartis/raw/nw/nw-1363-08-000114.jpg,image_level_non_oil_only,broad_non_oil_marine
nw:nw-1364-08-000115,nw,0,non_oil_marine,water,False,data/external/dartis/raw/nw/nw-1364-08-000115.jpg,image_level_non_oil_only,broad_non_oil_marine
nw:nw-1365-08-000116,nw,0,non_oil_marine,water,False,data/external/dartis/raw/nw/nw-1365-08-000116.jpg,image_level_non_oil_only,broad_non_oil_marine
nw:nw-1366-08-000117,nw,0,non_oil_marine,water,False,data/external/dartis/raw/nw/nw-1366-08-000117.jpg,image_level_non_oil_only,broad_non_oil_marine
nw:nw-1367-08-000118,nw,0,non_oil_marine,water,False,data/external/dartis/raw/nw/nw-1367-08-000118.jpg,image_level_non_oil_only,broad_non_oil_marine
nw:nw-1368-08-000119,nw,0,non_oil_marine,water,False,data/external/dartis/raw/nw/nw-1368-08-000119.jpg,image_level_non_oil_only,broad_non_oil_marine
nw:nw-1369-08-000120,nw,0,non_oil_marine,water,False,data/external/dartis/raw/nw/nw-1369-08-000120.jpg,image_level_non_oil_only,broad_non_oil_marine
nw:nw-1370-08-000121,nw,0,non_oil_marine,water,False,data/external/dartis/raw/nw/nw-1370-08-000121.jpg,image_level_non_oil_only,broad_non_oil_marine
nw:nw-1371-08-000122,nw,0,non_oil_marine,water,False,data/external/dartis/raw/nw/nw-1371-08-000122.jpg,image_level_non_oil_only,broad_non_oil_marine
nw:nw-1372-08-000123,nw,0,non_oil_marine,water,False,data/external/dartis/raw/nw/nw-1372-08-000123.jpg,image_level_non_oil_only,broad_non_oil_marine
nw:nw-1373-08-000124,nw,0,non_oil_marine,water,False,data/external/dartis/raw/nw/nw-1373-08-000124.jpg,image_level_non_oil_only,broad_non_oil_marine
nw:nw-1374-08-000125,nw,0,non_oil_marine,water,False,data/external/dartis/raw/nw/nw-1374-08-000125.jpg,image_level_non_oil_only,broad_non_oil_marine
nw:nw-1375-08-000126,nw,0,non_oil_marine,water,False,data/external/dartis/raw/nw/nw-1375-08-000126.jpg,image_level_non_oil_only,broad_non_oil_marine
nw:nw-1376-08-000127,nw,0,non_oil_marine,water,False,data/external/dartis/raw/nw/nw-1376-08-000127.jpg,image_level_non_oil_only,broad_non_oil_marine
nw:nw-1377-08-000128,nw,0,non_oil_marine,water,False,data/external/dartis/raw/nw/nw-1377-08-000128.jpg,image_level_non_oil_only,broad_non_oil_marine
nw:nw-1378-08-000129,nw,0,non_oil_marine,water,False,data/external/dartis/raw/nw/nw-1378-08-000129.jpg,image_level_non_oil_only,broad_non_oil_marine
nw:nw-1379-08-000130,nw,0,non_oil_marine,water,False,data/external/dartis/raw/nw/nw-1379-08-000130.jpg,image_level_non_oil_only,broad_non_oil_marine
nw:nw-1380-08-000131,nw,0,non_oil_marine,water,False,data/external/dartis/raw/nw/nw-1380-08-000131.jpg,image_level_non_oil_only,broad_non_oil_marine
nw:nw-1381-08-000132,nw,0,non_oil_marine,water,False,data/external/dartis/raw/nw/nw-1381-08-000132.jpg,image_level_non_oil_only,broad_non_oil_marine
nw:nw-1382-08-000133,nw,0,non_oil_marine,water,False,data/external/dartis/raw/nw/nw-1382-08-000133.jpg,image_level_non_oil_only,broad_non_oil_marine
nw:nw-1383-08-000134,nw,0,non_oil_marine,water,False,data/external/dartis/raw/nw/nw-1383-08-000134.jpg,image_level_non_oil_only,broad_non_oil_marine
nw:nw-1384-08-000135,nw,0,non_oil_marine,water,False,data/external/dartis/raw/nw/nw-1384-08-000135.jpg,image_level_non_oil_only,broad_non_oil_marine
nw:nw-1385-08-000136,nw,0,non_oil_marine,water,False,data/external/dartis/raw/nw/nw-1385-08-000136.jpg,image_level_non_oil_only,broad_non_oil_marine
nw:nw-1386-08-000137,nw,0,non_oil_marine,water,False,data/external/dartis/raw/nw/nw-1386-08-000137.jpg,image_level_non_oil_only,broad_non_oil_marine
nw:nw-1387-08-000138,nw,0,non_oil_marine,water,False,data/external/dartis/raw/nw/nw-1387-08-000138.jpg,image_level_non_oil_only,broad_non_oil_marine
nw:nw-1388-08-000139,nw,0,non_oil_marine,water,False,data/external/dartis/raw/nw/nw-1388-08-000139.jpg,image_level_non_oil_only,broad_non_oil_marine
nw:nw-1389-08-000140,nw,0,non_oil_marine,water,False,data/external/dartis/raw/nw/nw-1389-08-000140.jpg,image_level_non_oil_only,broad_non_oil_marine
nw:nw-1390-08-000141,nw,0,non_oil_marine,water,False,data/external/dartis/raw/nw/nw-1390-08-000141.jpg,image_level_non_oil_only,broad_non_oil_marine
nw:nw-1391-08-000142,nw,0,non_oil_marine,water,False,data/external/dartis/raw/nw/nw-1391-08-000142.jpg,image_level_non_oil_only,broad_non_oil_marine
nw:nw-1392-08-000143,nw,0,non_oil_marine,water,False,data/external/dartis/raw/nw/nw-1392-08-000143.jpg,image_level_non_oil_only,broad_non_oil_marine
nw:nw-1393-08-000144,nw,0,non_oil_marine,water,False,data/external/dartis/raw/nw/nw-1393-08-000144.jpg,image_level_non_oil_only,broad_non_oil_marine
nw:nw-1394-08-000145,nw,0,non_oil_marine,water,False,data/external/dartis/raw/nw/nw-1394-08-000145.jpg,image_level_non_oil_only,broad_non_oil_marine
nw:nw-1395-08-000146,nw,0,non_oil_marine,water,False,data/external/dartis/raw/nw/nw-1395-08-000146.jpg,image_level_non_oil_only,broad_non_oil_marine
nw:nw-1396-08-000147,nw,0,non_oil_marine,water,False,data/external/dartis/raw/nw/nw-1396-08-000147.jpg,image_level_non_oil_only,broad_non_oil_marine
nw:nw-1397-08-000148,nw,0,non_oil_marine,water,False,data/external/dartis/raw/nw/nw-1397-08-000148.jpg,image_level_non_oil_only,broad_non_oil_marine
nw:nw-1398-08-000149,nw,0,non_oil_marine,water,False,data/external/dartis/raw/nw/nw-1398-08-000149.jpg,image_level_non_oil_only,broad_non_oil_marine
nw:nw-1399-08-000150,nw,0,non_oil_marine,water,False,data/external/dartis/raw/nw/nw-1399-08-000150.jpg,image_level_non_oil_only,broad_non_oil_marine
nw:nw-1400-08-000151,nw,0,non_oil_marine,water,False,data/external/dartis/raw/nw/nw-1400-08-000151.jpg,image_level_non_oil_only,broad_non_oil_marine
nw:nw-1401-08-000152,nw,0,non_oil_marine,water,False,data/external/dartis/raw/nw/nw-1401-08-000152.jpg,image_level_non_oil_only,broad_non_oil_marine
nw:nw-1402-08-000153,nw,0,non_oil_marine,water,False,data/external/dartis/raw/nw/nw-1402-08-000153.jpg,image_level_non_oil_only,broad_non_oil_marine
nw:nw-1403-08-000154,nw,0,non_oil_marine,water,False,data/external/dartis/raw/nw/nw-1403-08-000154.jpg,image_level_non_oil_only,broad_non_oil_marine
nw:nw-1404-08-000155,nw,0,non_oil_marine,water,False,data/external/dartis/raw/nw/nw-1404-08-000155.jpg,image_level_non_oil_only,broad_non_oil_marine
nw:nw-1405-08-000156,nw,0,non_oil_marine,water,False,data/external/dartis/raw/nw/nw-1405-08-000156.jpg,image_level_non_oil_only,broad_non_oil_marine
nw:nw-1406-08-000157,nw,0,non_oil_marine,water,False,data/external/dartis/raw/nw/nw-1406-08-000157.jpg,image_level_non_oil_only,broad_non_oil_marine
nw:nw-1407-08-000158,nw,0,non_oil_marine,water,False,data/external/dartis/raw/nw/nw-1407-08-000158.jpg,image_level_non_oil_only,broad_non_oil_marine
nw:nw-1408-08-000159,nw,0,non_oil_marine,water,False,data/external/dartis/raw/nw/nw-1408-08-000159.jpg,image_level_non_oil_only,broad_non_oil_marine
nw:nw-1409-08-000160,nw,0,non_oil_marine,water,False,data/external/dartis/raw/nw/nw-1409-08-000160.jpg,image_level_non_oil_only,broad_non_oil_marine
nw:nw-1410-08-000161,nw,0,non_oil_marine,water,False,data/external/dartis/raw/nw/nw-1410-08-000161.jpg,image_level_non_oil_only,broad_non_oil_marine
nw:nw-1411-08-000162,nw,0,non_oil_marine,water,False,data/external/dartis/raw/nw/nw-1411-08-000162.jpg,image_level_non_oil_only,broad_non_oil_marine
nw:nw-1412-08-000163,nw,0,non_oil_marine,water,False,data/external/dartis/raw/nw/nw-1412-08-000163.jpg,image_level_non_oil_only,broad_non_oil_marine
nw:nw-1413-08-000164,nw,0,non_oil_marine,water,False,data/external/dartis/raw/nw/nw-1413-08-000164.jpg,image_level_non_oil_only,broad_non_oil_marine
nw:nw-1414-08-000165,nw,0,non_oil_marine,water,False,data/external/dartis/raw/nw/nw-1414-08-000165.jpg,image_level_non_oil_only,broad_non_oil_marine
nw:nw-1415-08-000166,nw,0,non_oil_marine,water,False,data/external/dartis/raw/nw/nw-1415-08-000166.jpg,image_level_non_oil_only,broad_non_oil_marine
nw:nw-1416-08-000167,nw,0,non_oil_marine,water,False,data/external/dartis/raw/nw/nw-1416-08-000167.jpg,image_level_non_oil_only,broad_non_oil_marine
nw:nw-1417-08-000168,nw,0,non_oil_marine,water,False,data/external/dartis/raw/nw/nw-1417-08-000168.jpg,image_level_non_oil_only,broad_non_oil_marine
nw:nw-1418-08-000169,nw,0,non_oil_marine,water,False,data/external/dartis/raw/nw/nw-1418-08-000169.jpg,image_level_non_oil_only,broad_non_oil_marine
nw:nw-1419-08-000170,nw,0,non_oil_marine,water,False,data/external/dartis/raw/nw/nw-1419-08-000170.jpg,image_level_non_oil_only,broad_non_oil_marine
nw:nw-1420-08-000171,nw,0,non_oil_marine,water,False,data/external/dartis/raw/nw/nw-1420-08-000171.jpg,image_level_non_oil_only,broad_non_oil_marine
nw:nw-1421-08-000172,nw,0,non_oil_marine,water,False,data/external/dartis/raw/nw/nw-1421-08-000172.jpg,image_level_non_oil_only,broad_non_oil_marine
nw:nw-1422-08-000173,nw,0,non_oil_marine,water,False,data/external/dartis/raw/nw/nw-1422-08-000173.jpg,image_level_non_oil_only,broad_non_oil_marine
nw:nw-1423-08-000174,nw,0,non_oil_marine,water,False,data/external/dartis/raw/nw/nw-1423-08-000174.jpg,image_level_non_oil_only,broad_non_oil_marine
nw:nw-1424-08-000175,nw,0,non_oil_marine,water,False,data/external/dartis/raw/nw/nw-1424-08-000175.jpg,image_level_non_oil_only,broad_non_oil_marine
nw:nw-1425-09-000001,nw,0,non_oil_marine,water,False,data/external/dartis/raw/nw/nw-1425-09-000001.jpg,image_level_non_oil_only,broad_non_oil_marine
nw:nw-1426-09-000002,nw,0,non_oil_marine,water,False,data/external/dartis/raw/nw/nw-1426-09-000002.jpg,image_level_non_oil_only,broad_non_oil_marine
nw:nw-1427-09-000003,nw,0,non_oil_marine,water,False,data/external/dartis/raw/nw/nw-1427-09-000003.jpg,image_level_non_oil_only,broad_non_oil_marine
nw:nw-1428-09-000004,nw,0,non_oil_marine,water,False,data/external/dartis/raw/nw/nw-1428-09-000004.jpg,image_level_non_oil_only,broad_non_oil_marine
nw:nw-1429-09-000005,nw,0,non_oil_marine,water,False,data/external/dartis/raw/nw/nw-1429-09-000005.jpg,image_level_non_oil_only,broad_non_oil_marine
nw:nw-1430-09-000006,nw,0,non_oil_marine,water,False,data/external/dartis/raw/nw/nw-1430-09-000006.jpg,image_level_non_oil_only,broad_non_oil_marine
nw:nw-1431-09-000007,nw,0,non_oil_marine,water,False,data/external/dartis/raw/nw/nw-1431-09-000007.jpg,image_level_non_oil_only,broad_non_oil_marine
nw:nw-1432-09-000008,nw,0,non_oil_marine,water,False,data/external/dartis/raw/nw/nw-1432-09-000008.jpg,image_level_non_oil_only,broad_non_oil_marine
nw:nw-1433-09-000009,nw,0,non_oil_marine,water,False,data/external/dartis/raw/nw/nw-1433-09-000009.jpg,image_level_non_oil_only,broad_non_oil_marine
nw:nw-1434-09-000010,nw,0,non_oil_marine,water,False,data/external/dartis/raw/nw/nw-1434-09-000010.jpg,image_level_non_oil_only,broad_non_oil_marine
nw:nw-1435-09-000011,nw,0,non_oil_marine,water,False,data/external/dartis/raw/nw/nw-1435-09-000011.jpg,image_level_non_oil_only,broad_non_oil_marine
nw:nw-1436-09-000012,nw,0,non_oil_marine,water,False,data/external/dartis/raw/nw/nw-1436-09-000012.jpg,image_level_non_oil_only,broad_non_oil_marine
nw:nw-1437-09-000013,nw,0,non_oil_marine,water,False,data/external/dartis/raw/nw/nw-1437-09-000013.jpg,image_level_non_oil_only,broad_non_oil_marine
nw:nw-1438-09-000014,nw,0,non_oil_marine,water,False,data/external/dartis/raw/nw/nw-1438-09-000014.jpg,image_level_non_oil_only,broad_non_oil_marine
nw:nw-1439-09-000015,nw,0,non_oil_marine,water,False,data/external/dartis/raw/nw/nw-1439-09-000015.jpg,image_level_non_oil_only,broad_non_oil_marine
nw:nw-1440-09-000016,nw,0,non_oil_marine,water,False,data/external/dartis/raw/nw/nw-1440-09-000016.jpg,image_level_non_oil_only,broad_non_oil_marine
nw:nw-1441-09-000017,nw,0,non_oil_marine,water,False,data/external/dartis/raw/nw/nw-1441-09-000017.jpg,image_level_non_oil_only,broad_non_oil_marine
nw:nw-1442-09-000018,nw,0,non_oil_marine,water,False,data/external/dartis/raw/nw/nw-1442-09-000018.jpg,image_level_non_oil_only,broad_non_oil_marine
nw:nw-1443-09-000019,nw,0,non_oil_marine,water,False,data/external/dartis/raw/nw/nw-1443-09-000019.jpg,image_level_non_oil_only,broad_non_oil_marine
nw:nw-1444-09-000020,nw,0,non_oil_marine,water,False,data/external/dartis/raw/nw/nw-1444-09-000020.jpg,image_level_non_oil_only,broad_non_oil_marine
nw:nw-1445-09-000021,nw,0,non_oil_marine,water,False,data/external/dartis/raw/nw/nw-1445-09-000021.jpg,image_level_non_oil_only,broad_non_oil_marine
nw:nw-1446-09-000022,nw,0,non_oil_marine,water,False,data/external/dartis/raw/nw/nw-1446-09-000022.jpg,image_level_non_oil_only,broad_non_oil_marine
nw:nw-1447-09-000023,nw,0,non_oil_marine,water,False,data/external/dartis/raw/nw/nw-1447-09-000023.jpg,image_level_non_oil_only,broad_non_oil_marine
nw:nw-1448-09-000024,nw,0,non_oil_marine,water,False,data/external/dartis/raw/nw/nw-1448-09-000024.jpg,image_level_non_oil_only,broad_non_oil_marine
nw:nw-1449-09-000025,nw,0,non_oil_marine,water,False,data/external/dartis/raw/nw/nw-1449-09-000025.jpg,image_level_non_oil_only,broad_non_oil_marine
nw:nw-1450-09-000026,nw,0,non_oil_marine,water,False,data/external/dartis/raw/nw/nw-1450-09-000026.jpg,image_level_non_oil_only,broad_non_oil_marine
nw:nw-1451-09-000027,nw,0,non_oil_marine,water,False,data/external/dartis/raw/nw/nw-1451-09-000027.jpg,image_level_non_oil_only,broad_non_oil_marine
nw:nw-1452-09-000028,nw,0,non_oil_marine,water,False,data/external/dartis/raw/nw/nw-1452-09-000028.jpg,image_level_non_oil_only,broad_non_oil_marine
nw:nw-1453-09-000029,nw,0,non_oil_marine,water,False,data/external/dartis/raw/nw/nw-1453-09-000029.jpg,image_level_non_oil_only,broad_non_oil_marine
nw:nw-1454-09-000030,nw,0,non_oil_marine,water,False,data/external/dartis/raw/nw/nw-1454-09-000030.jpg,image_level_non_oil_only,broad_non_oil_marine
nw:nw-1455-09-000031,nw,0,non_oil_marine,water,False,data/external/dartis/raw/nw/nw-1455-09-000031.jpg,image_level_non_oil_only,broad_non_oil_marine
nw:nw-1456-09-000032,nw,0,non_oil_marine,water,False,data/external/dartis/raw/nw/nw-1456-09-000032.jpg,image_level_non_oil_only,broad_non_oil_marine
nw:nw-1457-09-000033,nw,0,non_oil_marine,water,False,data/external/dartis/raw/nw/nw-1457-09-000033.jpg,image_level_non_oil_only,broad_non_oil_marine
nw:nw-1458-09-000034,nw,0,non_oil_marine,water,False,data/external/dartis/raw/nw/nw-1458-09-000034.jpg,image_level_non_oil_only,broad_non_oil_marine
nw:nw-1459-09-000035,nw,0,non_oil_marine,water,False,data/external/dartis/raw/nw/nw-1459-09-000035.jpg,image_level_non_oil_only,broad_non_oil_marine
nw:nw-1460-09-000036,nw,0,non_oil_marine,water,False,data/external/dartis/raw/nw/nw-1460-09-000036.jpg,image_level_non_oil_only,broad_non_oil_marine
nw:nw-1461-09-000037,nw,0,non_oil_marine,water,False,data/external/dartis/raw/nw/nw-1461-09-000037.jpg,image_level_non_oil_only,broad_non_oil_marine
nw:nw-1462-09-000038,nw,0,non_oil_marine,water,False,data/external/dartis/raw/nw/nw-1462-09-000038.jpg,image_level_non_oil_only,broad_non_oil_marine
nw:nw-1463-09-000039,nw,0,non_oil_marine,water,False,data/external/dartis/raw/nw/nw-1463-09-000039.jpg,image_level_non_oil_only,broad_non_oil_marine
nw:nw-1464-09-000040,nw,0,non_oil_marine,water,False,data/external/dartis/raw/nw/nw-1464-09-000040.jpg,image_level_non_oil_only,broad_non_oil_marine
nw:nw-1465-09-000041,nw,0,non_oil_marine,water,False,data/external/dartis/raw/nw/nw-1465-09-000041.jpg,image_level_non_oil_only,broad_non_oil_marine
nw:nw-1466-09-000042,nw,0,non_oil_marine,water,False,data/external/dartis/raw/nw/nw-1466-09-000042.jpg,image_level_non_oil_only,broad_non_oil_marine
nw:nw-1467-09-000043,nw,0,non_oil_marine,water,False,data/external/dartis/raw/nw/nw-1467-09-000043.jpg,image_level_non_oil_only,broad_non_oil_marine
nw:nw-1468-09-000044,nw,0,non_oil_marine,water,False,data/external/dartis/raw/nw/nw-1468-09-000044.jpg,image_level_non_oil_only,broad_non_oil_marine
nw:nw-1469-09-000045,nw,0,non_oil_marine,water,False,data/external/dartis/raw/nw/nw-1469-09-000045.jpg,image_level_non_oil_only,broad_non_oil_marine
nw:nw-1470-09-000046,nw,0,non_oil_marine,water,False,data/external/dartis/raw/nw/nw-1470-09-000046.jpg,image_level_non_oil_only,broad_non_oil_marine
nw:nw-1471-09-000047,nw,0,non_oil_marine,water,False,data/external/dartis/raw/nw/nw-1471-09-000047.jpg,image_level_non_oil_only,broad_non_oil_marine
nw:nw-1472-09-000048,nw,0,non_oil_marine,water,False,data/external/dartis/raw/nw/nw-1472-09-000048.jpg,image_level_non_oil_only,broad_non_oil_marine
nw:nw-1473-09-000049,nw,0,non_oil_marine,water,False,data/external/dartis/raw/nw/nw-1473-09-000049.jpg,image_level_non_oil_only,broad_non_oil_marine
nw:nw-1474-09-000050,nw,0,non_oil_marine,water,False,data/external/dartis/raw/nw/nw-1474-09-000050.jpg,image_level_non_oil_only,broad_non_oil_marine
nw:nw-1475-09-000051,nw,0,non_oil_marine,water,False,data/external/dartis/raw/nw/nw-1475-09-000051.jpg,image_level_non_oil_only,broad_non_oil_marine
nw:nw-1476-09-000052,nw,0,non_oil_marine,water,False,data/external/dartis/raw/nw/nw-1476-09-000052.jpg,image_level_non_oil_only,broad_non_oil_marine
nw:nw-1477-09-000053,nw,0,non_oil_marine,water,False,data/external/dartis/raw/nw/nw-1477-09-000053.jpg,image_level_non_oil_only,broad_non_oil_marine
nw:nw-1478-09-000054,nw,0,non_oil_marine,water,False,data/external/dartis/raw/nw/nw-1478-09-000054.jpg,image_level_non_oil_only,broad_non_oil_marine
nw:nw-1479-09-000055,nw,0,non_oil_marine,water,False,data/external/dartis/raw/nw/nw-1479-09-000055.jpg,image_level_non_oil_only,broad_non_oil_marine
nw:nw-1480-09-000056,nw,0,non_oil_marine,water,False,data/external/dartis/raw/nw/nw-1480-09-000056.jpg,image_level_non_oil_only,broad_non_oil_marine
nw:nw-1481-09-000057,nw,0,non_oil_marine,water,False,data/external/dartis/raw/nw/nw-1481-09-000057.jpg,image_level_non_oil_only,broad_non_oil_marine
nw:nw-1482-09-000058,nw,0,non_oil_marine,water,False,data/external/dartis/raw/nw/nw-1482-09-000058.jpg,image_level_non_oil_only,broad_non_oil_marine
nw:nw-1483-09-000059,nw,0,non_oil_marine,water,False,data/external/dartis/raw/nw/nw-1483-09-000059.jpg,image_level_non_oil_only,broad_non_oil_marine
nw:nw-1484-09-000060,nw,0,non_oil_marine,water,False,data/external/dartis/raw/nw/nw-1484-09-000060.jpg,image_level_non_oil_only,broad_non_oil_marine
nw:nw-1485-09-000061,nw,0,non_oil_marine,water,False,data/external/dartis/raw/nw/nw-1485-09-000061.jpg,image_level_non_oil_only,broad_non_oil_marine
nw:nw-1486-09-000062,nw,0,non_oil_marine,water,False,data/external/dartis/raw/nw/nw-1486-09-000062.jpg,image_level_non_oil_only,broad_non_oil_marine
nw:nw-1487-09-000063,nw,0,non_oil_marine,water,False,data/external/dartis/raw/nw/nw-1487-09-000063.jpg,image_level_non_oil_only,broad_non_oil_marine
nw:nw-1488-09-000064,nw,0,non_oil_marine,water,False,data/external/dartis/raw/nw/nw-1488-09-000064.jpg,image_level_non_oil_only,broad_non_oil_marine
nw:nw-1489-09-000065,nw,0,non_oil_marine,water,False,data/external/dartis/raw/nw/nw-1489-09-000065.jpg,image_level_non_oil_only,broad_non_oil_marine
nw:nw-1490-09-000066,nw,0,non_oil_marine,water,False,data/external/dartis/raw/nw/nw-1490-09-000066.jpg,image_level_non_oil_only,broad_non_oil_marine
nw:nw-1491-09-000067,nw,0,non_oil_marine,water,False,data/external/dartis/raw/nw/nw-1491-09-000067.jpg,image_level_non_oil_only,broad_non_oil_marine
nw:nw-1492-09-000068,nw,0,non_oil_marine,water,False,data/external/dartis/raw/nw/nw-1492-09-000068.jpg,image_level_non_oil_only,broad_non_oil_marine
nw:nw-1493-09-000069,nw,0,non_oil_marine,water,False,data/external/dartis/raw/nw/nw-1493-09-000069.jpg,image_level_non_oil_only,broad_non_oil_marine
nw:nw-1494-09-000070,nw,0,non_oil_marine,water,False,data/external/dartis/raw/nw/nw-1494-09-000070.jpg,image_level_non_oil_only,broad_non_oil_marine
nw:nw-1495-09-000071,nw,0,non_oil_marine,water,False,data/external/dartis/raw/nw/nw-1495-09-000071.jpg,image_level_non_oil_only,broad_non_oil_marine
nw:nw-1496-09-000072,nw,0,non_oil_marine,water,False,data/external/dartis/raw/nw/nw-1496-09-000072.jpg,image_level_non_oil_only,broad_non_oil_marine
nw:nw-1497-09-000073,nw,0,non_oil_marine,water,False,data/external/dartis/raw/nw/nw-1497-09-000073.jpg,image_level_non_oil_only,broad_non_oil_marine
nw:nw-1498-09-000074,nw,0,non_oil_marine,water,False,data/external/dartis/raw/nw/nw-1498-09-000074.jpg,image_level_non_oil_only,broad_non_oil_marine
nw:nw-1499-09-000075,nw,0,non_oil_marine,water,False,data/external/dartis/raw/nw/nw-1499-09-000075.jpg,image_level_non_oil_only,broad_non_oil_marine
nw:nw-1500-09-000076,nw,0,non_oil_marine,water,False,data/external/dartis/raw/nw/nw-1500-09-000076.jpg,image_level_non_oil_only,broad_non_oil_marine
nw:nw-1501-09-000077,nw,0,non_oil_marine,water,False,data/external/dartis/raw/nw/nw-1501-09-000077.jpg,image_level_non_oil_only,broad_non_oil_marine
nw:nw-1502-09-000078,nw,0,non_oil_marine,water,False,data/external/dartis/raw/nw/nw-1502-09-000078.jpg,image_level_non_oil_only,broad_non_oil_marine
nw:nw-1503-09-000079,nw,0,non_oil_marine,water,False,data/external/dartis/raw/nw/nw-1503-09-000079.jpg,image_level_non_oil_only,broad_non_oil_marine
nw:nw-1504-09-000080,nw,0,non_oil_marine,water,False,data/external/dartis/raw/nw/nw-1504-09-000080.jpg,image_level_non_oil_only,broad_non_oil_marine
nw:nw-1505-09-000081,nw,0,non_oil_marine,water,False,data/external/dartis/raw/nw/nw-1505-09-000081.jpg,image_level_non_oil_only,broad_non_oil_marine
nw:nw-1506-09-000082,nw,0,non_oil_marine,water,False,data/external/dartis/raw/nw/nw-1506-09-000082.jpg,image_level_non_oil_only,broad_non_oil_marine
nw:nw-1507-09-000083,nw,0,non_oil_marine,water,False,data/external/dartis/raw/nw/nw-1507-09-000083.jpg,image_level_non_oil_only,broad_non_oil_marine
nw:nw-1508-09-000084,nw,0,non_oil_marine,water,False,data/external/dartis/raw/nw/nw-1508-09-000084.jpg,image_level_non_oil_only,broad_non_oil_marine
nw:nw-1509-09-000085,nw,0,non_oil_marine,water,False,data/external/dartis/raw/nw/nw-1509-09-000085.jpg,image_level_non_oil_only,broad_non_oil_marine
nw:nw-1510-09-000086,nw,0,non_oil_marine,water,False,data/external/dartis/raw/nw/nw-1510-09-000086.jpg,image_level_non_oil_only,broad_non_oil_marine
nw:nw-1511-09-000087,nw,0,non_oil_marine,water,False,data/external/dartis/raw/nw/nw-1511-09-000087.jpg,image_level_non_oil_only,broad_non_oil_marine
nw:nw-1512-09-000088,nw,0,non_oil_marine,water,False,data/external/dartis/raw/nw/nw-1512-09-000088.jpg,image_level_non_oil_only,broad_non_oil_marine
nw:nw-1513-09-000089,nw,0,non_oil_marine,water,False,data/external/dartis/raw/nw/nw-1513-09-000089.jpg,image_level_non_oil_only,broad_non_oil_marine
nw:nw-1514-09-000090,nw,0,non_oil_marine,water,False,data/external/dartis/raw/nw/nw-1514-09-000090.jpg,image_level_non_oil_only,broad_non_oil_marine
nw:nw-1515-09-000091,nw,0,non_oil_marine,water,False,data/external/dartis/raw/nw/nw-1515-09-000091.jpg,image_level_non_oil_only,broad_non_oil_marine
nw:nw-1516-09-000092,nw,0,non_oil_marine,water,False,data/external/dartis/raw/nw/nw-1516-09-000092.jpg,image_level_non_oil_only,broad_non_oil_marine
nw:nw-1517-09-000093,nw,0,non_oil_marine,water,False,data/external/dartis/raw/nw/nw-1517-09-000093.jpg,image_level_non_oil_only,broad_non_oil_marine
nw:nw-1518-09-000094,nw,0,non_oil_marine,water,False,data/external/dartis/raw/nw/nw-1518-09-000094.jpg,image_level_non_oil_only,broad_non_oil_marine
nw:nw-1519-09-000095,nw,0,non_oil_marine,water,False,data/external/dartis/raw/nw/nw-1519-09-000095.jpg,image_level_non_oil_only,broad_non_oil_marine
nw:nw-1520-09-000096,nw,0,non_oil_marine,water,False,data/external/dartis/raw/nw/nw-1520-09-000096.jpg,image_level_non_oil_only,broad_non_oil_marine
nw:nw-1521-09-000097,nw,0,non_oil_marine,water,False,data/external/dartis/raw/nw/nw-1521-09-000097.jpg,image_level_non_oil_only,broad_non_oil_marine
nw:nw-1522-09-000098,nw,0,non_oil_marine,water,False,data/external/dartis/raw/nw/nw-1522-09-000098.jpg,image_level_non_oil_only,broad_non_oil_marine
nw:nw-1523-09-000099,nw,0,non_oil_marine,water,False,data/external/dartis/raw/nw/nw-1523-09-000099.jpg,image_level_non_oil_only,broad_non_oil_marine
nw:nw-1524-09-000100,nw,0,non_oil_marine,water,False,data/external/dartis/raw/nw/nw-1524-09-000100.jpg,image_level_non_oil_only,broad_non_oil_marine
nw:nw-1525-09-000101,nw,0,non_oil_marine,water,False,data/external/dartis/raw/nw/nw-1525-09-000101.jpg,image_level_non_oil_only,broad_non_oil_marine
nw:nw-1526-09-000102,nw,0,non_oil_marine,water,False,data/external/dartis/raw/nw/nw-1526-09-000102.jpg,image_level_non_oil_only,broad_non_oil_marine
nw:nw-1527-09-000103,nw,0,non_oil_marine,water,False,data/external/dartis/raw/nw/nw-1527-09-000103.jpg,image_level_non_oil_only,broad_non_oil_marine
nw:nw-1528-09-000104,nw,0,non_oil_marine,water,False,data/external/dartis/raw/nw/nw-1528-09-000104.jpg,image_level_non_oil_only,broad_non_oil_marine
nw:nw-1529-09-000105,nw,0,non_oil_marine,water,False,data/external/dartis/raw/nw/nw-1529-09-000105.jpg,image_level_non_oil_only,broad_non_oil_marine
nw:nw-1530-09-000106,nw,0,non_oil_marine,water,False,data/external/dartis/raw/nw/nw-1530-09-000106.jpg,image_level_non_oil_only,broad_non_oil_marine
nw:nw-1531-09-000107,nw,0,non_oil_marine,water,False,data/external/dartis/raw/nw/nw-1531-09-000107.jpg,image_level_non_oil_only,broad_non_oil_marine
nw:nw-1532-09-000108,nw,0,non_oil_marine,water,False,data/external/dartis/raw/nw/nw-1532-09-000108.jpg,image_level_non_oil_only,broad_non_oil_marine
nw:nw-1533-09-000109,nw,0,non_oil_marine,water,False,data/external/dartis/raw/nw/nw-1533-09-000109.jpg,image_level_non_oil_only,broad_non_oil_marine
nw:nw-1534-09-000110,nw,0,non_oil_marine,water,False,data/external/dartis/raw/nw/nw-1534-09-000110.jpg,image_level_non_oil_only,broad_non_oil_marine
nw:nw-1535-09-000111,nw,0,non_oil_marine,water,False,data/external/dartis/raw/nw/nw-1535-09-000111.jpg,image_level_non_oil_only,broad_non_oil_marine
nw:nw-1536-09-000112,nw,0,non_oil_marine,water,False,data/external/dartis/raw/nw/nw-1536-09-000112.jpg,image_level_non_oil_only,broad_non_oil_marine
nw:nw-1537-09-000113,nw,0,non_oil_marine,water,False,data/external/dartis/raw/nw/nw-1537-09-000113.jpg,image_level_non_oil_only,broad_non_oil_marine
nw:nw-1538-09-000114,nw,0,non_oil_marine,water,False,data/external/dartis/raw/nw/nw-1538-09-000114.jpg,image_level_non_oil_only,broad_non_oil_marine
nw:nw-1539-09-000115,nw,0,non_oil_marine,water,False,data/external/dartis/raw/nw/nw-1539-09-000115.jpg,image_level_non_oil_only,broad_non_oil_marine
nw:nw-1540-09-000116,nw,0,non_oil_marine,water,False,data/external/dartis/raw/nw/nw-1540-09-000116.jpg,image_level_non_oil_only,broad_non_oil_marine
nw:nw-1541-09-000117,nw,0,non_oil_marine,water,False,data/external/dartis/raw/nw/nw-1541-09-000117.jpg,image_level_non_oil_only,broad_non_oil_marine
nw:nw-1542-09-000118,nw,0,non_oil_marine,water,False,data/external/dartis/raw/nw/nw-1542-09-000118.jpg,image_level_non_oil_only,broad_non_oil_marine
nw:nw-1543-09-000119,nw,0,non_oil_marine,water,False,data/external/dartis/raw/nw/nw-1543-09-000119.jpg,image_level_non_oil_only,broad_non_oil_marine
nw:nw-1544-09-000120,nw,0,non_oil_marine,water,False,data/external/dartis/raw/nw/nw-1544-09-000120.jpg,image_level_non_oil_only,broad_non_oil_marine
nw:nw-1545-09-000121,nw,0,non_oil_marine,water,False,data/external/dartis/raw/nw/nw-1545-09-000121.jpg,image_level_non_oil_only,broad_non_oil_marine
nw:nw-1546-09-000122,nw,0,non_oil_marine,water,False,data/external/dartis/raw/nw/nw-1546-09-000122.jpg,image_level_non_oil_only,broad_non_oil_marine
nw:nw-1547-09-000123,nw,0,non_oil_marine,water,False,data/external/dartis/raw/nw/nw-1547-09-000123.jpg,image_level_non_oil_only,broad_non_oil_marine
nw:nw-1548-09-000124,nw,0,non_oil_marine,water,False,data/external/dartis/raw/nw/nw-1548-09-000124.jpg,image_level_non_oil_only,broad_non_oil_marine
nw:nw-1549-09-000125,nw,0,non_oil_marine,water,False,data/external/dartis/raw/nw/nw-1549-09-000125.jpg,image_level_non_oil_only,broad_non_oil_marine
nw:nw-1550-09-000126,nw,0,non_oil_marine,water,False,data/external/dartis/raw/nw/nw-1550-09-000126.jpg,image_level_non_oil_only,broad_non_oil_marine
nw:nw-1551-09-000127,nw,0,non_oil_marine,water,False,data/external/dartis/raw/nw/nw-1551-09-000127.jpg,image_level_non_oil_only,broad_non_oil_marine
nw:nw-1552-09-000128,nw,0,non_oil_marine,water,False,data/external/dartis/raw/nw/nw-1552-09-000128.jpg,image_level_non_oil_only,broad_non_oil_marine
nw:nw-1553-09-000129,nw,0,non_oil_marine,water,False,data/external/dartis/raw/nw/nw-1553-09-000129.jpg,image_level_non_oil_only,broad_non_oil_marine
nw:nw-1554-09-000130,nw,0,non_oil_marine,water,False,data/external/dartis/raw/nw/nw-1554-09-000130.jpg,image_level_non_oil_only,broad_non_oil_marine
nw:nw-1555-09-000131,nw,0,non_oil_marine,water,False,data/external/dartis/raw/nw/nw-1555-09-000131.jpg,image_level_non_oil_only,broad_non_oil_marine
nw:nw-1556-09-000132,nw,0,non_oil_marine,water,False,data/external/dartis/raw/nw/nw-1556-09-000132.jpg,image_level_non_oil_only,broad_non_oil_marine
nw:nw-1557-09-000133,nw,0,non_oil_marine,water,False,data/external/dartis/raw/nw/nw-1557-09-000133.jpg,image_level_non_oil_only,broad_non_oil_marine
nw:nw-1558-09-000134,nw,0,non_oil_marine,water,False,data/external/dartis/raw/nw/nw-1558-09-000134.jpg,image_level_non_oil_only,broad_non_oil_marine
nw:nw-1559-09-000135,nw,0,non_oil_marine,water,False,data/external/dartis/raw/nw/nw-1559-09-000135.jpg,image_level_non_oil_only,broad_non_oil_marine
nw:nw-1560-09-000136,nw,0,non_oil_marine,water,False,data/external/dartis/raw/nw/nw-1560-09-000136.jpg,image_level_non_oil_only,broad_non_oil_marine
nw:nw-1561-09-000137,nw,0,non_oil_marine,water,False,data/external/dartis/raw/nw/nw-1561-09-000137.jpg,image_level_non_oil_only,broad_non_oil_marine
nw:nw-1562-09-000138,nw,0,non_oil_marine,water,False,data/external/dartis/raw/nw/nw-1562-09-000138.jpg,image_level_non_oil_only,broad_non_oil_marine
nw:nw-1563-09-000139,nw,0,non_oil_marine,water,False,data/external/dartis/raw/nw/nw-1563-09-000139.jpg,image_level_non_oil_only,broad_non_oil_marine
nw:nw-1564-09-000140,nw,0,non_oil_marine,water,False,data/external/dartis/raw/nw/nw-1564-09-000140.jpg,image_level_non_oil_only,broad_non_oil_marine
nw:nw-1565-09-000141,nw,0,non_oil_marine,water,False,data/external/dartis/raw/nw/nw-1565-09-000141.jpg,image_level_non_oil_only,broad_non_oil_marine
nw:nw-1566-09-000142,nw,0,non_oil_marine,water,False,data/external/dartis/raw/nw/nw-1566-09-000142.jpg,image_level_non_oil_only,broad_non_oil_marine
nw:nw-1567-09-000143,nw,0,non_oil_marine,water,False,data/external/dartis/raw/nw/nw-1567-09-000143.jpg,image_level_non_oil_only,broad_non_oil_marine
nw:nw-1568-09-000144,nw,0,non_oil_marine,water,False,data/external/dartis/raw/nw/nw-1568-09-000144.jpg,image_level_non_oil_only,broad_non_oil_marine
nw:nw-1569-09-000145,nw,0,non_oil_marine,water,False,data/external/dartis/raw/nw/nw-1569-09-000145.jpg,image_level_non_oil_only,broad_non_oil_marine
nw:nw-1570-09-000146,nw,0,non_oil_marine,water,False,data/external/dartis/raw/nw/nw-1570-09-000146.jpg,image_level_non_oil_only,broad_non_oil_marine
nw:nw-1571-09-000147,nw,0,non_oil_marine,water,False,data/external/dartis/raw/nw/nw-1571-09-000147.jpg,image_level_non_oil_only,broad_non_oil_marine
nw:nw-1572-09-000148,nw,0,non_oil_marine,water,False,data/external/dartis/raw/nw/nw-1572-09-000148.jpg,image_level_non_oil_only,broad_non_oil_marine
nw:nw-1573-09-000149,nw,0,non_oil_marine,water,False,data/external/dartis/raw/nw/nw-1573-09-000149.jpg,image_level_non_oil_only,broad_non_oil_marine
nw:nw-1574-09-000150,nw,0,non_oil_marine,water,False,data/external/dartis/raw/nw/nw-1574-09-000150.jpg,image_level_non_oil_only,broad_non_oil_marine
nw:nw-1575-09-000151,nw,0,non_oil_marine,water,False,data/external/dartis/raw/nw/nw-1575-09-000151.jpg,image_level_non_oil_only,broad_non_oil_marine
nw:nw-1576-09-000152,nw,0,non_oil_marine,water,False,data/external/dartis/raw/nw/nw-1576-09-000152.jpg,image_level_non_oil_only,broad_non_oil_marine
nw:nw-1577-09-000153,nw,0,non_oil_marine,water,False,data/external/dartis/raw/nw/nw-1577-09-000153.jpg,image_level_non_oil_only,broad_non_oil_marine
nw:nw-1578-09-000154,nw,0,non_oil_marine,water,False,data/external/dartis/raw/nw/nw-1578-09-000154.jpg,image_level_non_oil_only,broad_non_oil_marine
nw:nw-1579-09-000155,nw,0,non_oil_marine,water,False,data/external/dartis/raw/nw/nw-1579-09-000155.jpg,image_level_non_oil_only,broad_non_oil_marine
nw:nw-1580-09-000156,nw,0,non_oil_marine,water,False,data/external/dartis/raw/nw/nw-1580-09-000156.jpg,image_level_non_oil_only,broad_non_oil_marine
nw:nw-1581-09-000157,nw,0,non_oil_marine,water,False,data/external/dartis/raw/nw/nw-1581-09-000157.jpg,image_level_non_oil_only,broad_non_oil_marine
nw:nw-1582-09-000158,nw,0,non_oil_marine,water,False,data/external/dartis/raw/nw/nw-1582-09-000158.jpg,image_level_non_oil_only,broad_non_oil_marine
nw:nw-1583-09-000159,nw,0,non_oil_marine,water,False,data/external/dartis/raw/nw/nw-1583-09-000159.jpg,image_level_non_oil_only,broad_non_oil_marine
nw:nw-1584-09-000160,nw,0,non_oil_marine,water,False,data/external/dartis/raw/nw/nw-1584-09-000160.jpg,image_level_non_oil_only,broad_non_oil_marine
nw:nw-1585-09-000161,nw,0,non_oil_marine,water,False,data/external/dartis/raw/nw/nw-1585-09-000161.jpg,image_level_non_oil_only,broad_non_oil_marine
nw:nw-1586-09-000162,nw,0,non_oil_marine,water,False,data/external/dartis/raw/nw/nw-1586-09-000162.jpg,image_level_non_oil_only,broad_non_oil_marine
nw:nw-1587-09-000163,nw,0,non_oil_marine,water,False,data/external/dartis/raw/nw/nw-1587-09-000163.jpg,image_level_non_oil_only,broad_non_oil_marine
nw:nw-1588-09-000164,nw,0,non_oil_marine,water,False,data/external/dartis/raw/nw/nw-1588-09-000164.jpg,image_level_non_oil_only,broad_non_oil_marine
nw:nw-1589-09-000165,nw,0,non_oil_marine,water,False,data/external/dartis/raw/nw/nw-1589-09-000165.jpg,image_level_non_oil_only,broad_non_oil_marine
nw:nw-1590-09-000166,nw,0,non_oil_marine,water,False,data/external/dartis/raw/nw/nw-1590-09-000166.jpg,image_level_non_oil_only,broad_non_oil_marine
nw:nw-1591-09-000167,nw,0,non_oil_marine,water,False,data/external/dartis/raw/nw/nw-1591-09-000167.jpg,image_level_non_oil_only,broad_non_oil_marine
nw:nw-1592-09-000168,nw,0,non_oil_marine,water,False,data/external/dartis/raw/nw/nw-1592-09-000168.jpg,image_level_non_oil_only,broad_non_oil_marine
nw:nw-1593-10-000001,nw,0,non_oil_marine,water,False,data/external/dartis/raw/nw/nw-1593-10-000001.jpg,image_level_non_oil_only,broad_non_oil_marine
nw:nw-1594-10-000002,nw,0,non_oil_marine,water,False,data/external/dartis/raw/nw/nw-1594-10-000002.jpg,image_level_non_oil_only,broad_non_oil_marine
nw:nw-1595-10-000003,nw,0,non_oil_marine,water,False,data/external/dartis/raw/nw/nw-1595-10-000003.jpg,image_level_non_oil_only,broad_non_oil_marine
nw:nw-1596-10-000004,nw,0,non_oil_marine,water,False,data/external/dartis/raw/nw/nw-1596-10-000004.jpg,image_level_non_oil_only,broad_non_oil_marine
nw:nw-1597-10-000005,nw,0,non_oil_marine,water,False,data/external/dartis/raw/nw/nw-1597-10-000005.jpg,image_level_non_oil_only,broad_non_oil_marine
nw:nw-1598-10-000006,nw,0,non_oil_marine,water,False,data/external/dartis/raw/nw/nw-1598-10-000006.jpg,image_level_non_oil_only,broad_non_oil_marine
nw:nw-1599-10-000007,nw,0,non_oil_marine,water,False,data/external/dartis/raw/nw/nw-1599-10-000007.jpg,image_level_non_oil_only,broad_non_oil_marine
nw:nw-1600-10-000008,nw,0,non_oil_marine,water,False,data/external/dartis/raw/nw/nw-1600-10-000008.jpg,image_level_non_oil_only,broad_non_oil_marine
nw:nw-1601-10-000009,nw,0,non_oil_marine,water,False,data/external/dartis/raw/nw/nw-1601-10-000009.jpg,image_level_non_oil_only,broad_non_oil_marine
nw:nw-1602-10-000010,nw,0,non_oil_marine,water,False,data/external/dartis/raw/nw/nw-1602-10-000010.jpg,image_level_non_oil_only,broad_non_oil_marine
nw:nw-1603-10-000011,nw,0,non_oil_marine,water,False,data/external/dartis/raw/nw/nw-1603-10-000011.jpg,image_level_non_oil_only,broad_non_oil_marine
nw:nw-1604-10-000012,nw,0,non_oil_marine,water,False,data/external/dartis/raw/nw/nw-1604-10-000012.jpg,image_level_non_oil_only,broad_non_oil_marine
nw:nw-1605-10-000013,nw,0,non_oil_marine,water,False,data/external/dartis/raw/nw/nw-1605-10-000013.jpg,image_level_non_oil_only,broad_non_oil_marine
nw:nw-1606-10-000014,nw,0,non_oil_marine,water,False,data/external/dartis/raw/nw/nw-1606-10-000014.jpg,image_level_non_oil_only,broad_non_oil_marine
nw:nw-1607-10-000015,nw,0,non_oil_marine,water,False,data/external/dartis/raw/nw/nw-1607-10-000015.jpg,image_level_non_oil_only,broad_non_oil_marine
nw:nw-1608-10-000016,nw,0,non_oil_marine,water,False,data/external/dartis/raw/nw/nw-1608-10-000016.jpg,image_level_non_oil_only,broad_non_oil_marine
nw:nw-1609-10-000017,nw,0,non_oil_marine,water,False,data/external/dartis/raw/nw/nw-1609-10-000017.jpg,image_level_non_oil_only,broad_non_oil_marine
nw:nw-1610-10-000018,nw,0,non_oil_marine,water,False,data/external/dartis/raw/nw/nw-1610-10-000018.jpg,image_level_non_oil_only,broad_non_oil_marine
nw:nw-1611-10-000019,nw,0,non_oil_marine,water,False,data/external/dartis/raw/nw/nw-1611-10-000019.jpg,image_level_non_oil_only,broad_non_oil_marine
nw:nw-1612-10-000020,nw,0,non_oil_marine,water,False,data/external/dartis/raw/nw/nw-1612-10-000020.jpg,image_level_non_oil_only,broad_non_oil_marine
nw:nw-1613-10-000021,nw,0,non_oil_marine,water,False,data/external/dartis/raw/nw/nw-1613-10-000021.jpg,image_level_non_oil_only,broad_non_oil_marine
nw:nw-1614-10-000022,nw,0,non_oil_marine,water,False,data/external/dartis/raw/nw/nw-1614-10-000022.jpg,image_level_non_oil_only,broad_non_oil_marine
nw:nw-1615-10-000023,nw,0,non_oil_marine,water,False,data/external/dartis/raw/nw/nw-1615-10-000023.jpg,image_level_non_oil_only,broad_non_oil_marine
nw:nw-1616-10-000024,nw,0,non_oil_marine,water,False,data/external/dartis/raw/nw/nw-1616-10-000024.jpg,image_level_non_oil_only,broad_non_oil_marine
nw:nw-1617-10-000025,nw,0,non_oil_marine,water,False,data/external/dartis/raw/nw/nw-1617-10-000025.jpg,image_level_non_oil_only,broad_non_oil_marine
nw:nw-1618-10-000026,nw,0,non_oil_marine,water,False,data/external/dartis/raw/nw/nw-1618-10-000026.jpg,image_level_non_oil_only,broad_non_oil_marine
nw:nw-1619-10-000027,nw,0,non_oil_marine,water,False,data/external/dartis/raw/nw/nw-1619-10-000027.jpg,image_level_non_oil_only,broad_non_oil_marine
nw:nw-1620-10-000028,nw,0,non_oil_marine,water,False,data/external/dartis/raw/nw/nw-1620-10-000028.jpg,image_level_non_oil_only,broad_non_oil_marine
nw:nw-1621-10-000029,nw,0,non_oil_marine,water,False,data/external/dartis/raw/nw/nw-1621-10-000029.jpg,image_level_non_oil_only,broad_non_oil_marine
nw:nw-1622-10-000030,nw,0,non_oil_marine,water,False,data/external/dartis/raw/nw/nw-1622-10-000030.jpg,image_level_non_oil_only,broad_non_oil_marine
nw:nw-1623-10-000031,nw,0,non_oil_marine,water,False,data/external/dartis/raw/nw/nw-1623-10-000031.jpg,image_level_non_oil_only,broad_non_oil_marine
nw:nw-1624-10-000032,nw,0,non_oil_marine,water,False,data/external/dartis/raw/nw/nw-1624-10-000032.jpg,image_level_non_oil_only,broad_non_oil_marine
nw:nw-1625-10-000033,nw,0,non_oil_marine,water,False,data/external/dartis/raw/nw/nw-1625-10-000033.jpg,image_level_non_oil_only,broad_non_oil_marine
nw:nw-1626-10-000034,nw,0,non_oil_marine,water,False,data/external/dartis/raw/nw/nw-1626-10-000034.jpg,image_level_non_oil_only,broad_non_oil_marine
nw:nw-1627-10-000035,nw,0,non_oil_marine,water,False,data/external/dartis/raw/nw/nw-1627-10-000035.jpg,image_level_non_oil_only,broad_non_oil_marine
nw:nw-1628-10-000036,nw,0,non_oil_marine,water,False,data/external/dartis/raw/nw/nw-1628-10-000036.jpg,image_level_non_oil_only,broad_non_oil_marine
nw:nw-1629-10-000037,nw,0,non_oil_marine,water,False,data/external/dartis/raw/nw/nw-1629-10-000037.jpg,image_level_non_oil_only,broad_non_oil_marine
nw:nw-1630-10-000038,nw,0,non_oil_marine,water,False,data/external/dartis/raw/nw/nw-1630-10-000038.jpg,image_level_non_oil_only,broad_non_oil_marine
nw:nw-1631-10-000039,nw,0,non_oil_marine,water,False,data/external/dartis/raw/nw/nw-1631-10-000039.jpg,image_level_non_oil_only,broad_non_oil_marine
nw:nw-1632-10-000040,nw,0,non_oil_marine,water,False,data/external/dartis/raw/nw/nw-1632-10-000040.jpg,image_level_non_oil_only,broad_non_oil_marine
nw:nw-1633-10-000041,nw,0,non_oil_marine,water,False,data/external/dartis/raw/nw/nw-1633-10-000041.jpg,image_level_non_oil_only,broad_non_oil_marine
nw:nw-1634-10-000042,nw,0,non_oil_marine,water,False,data/external/dartis/raw/nw/nw-1634-10-000042.jpg,image_level_non_oil_only,broad_non_oil_marine
nw:nw-1635-10-000043,nw,0,non_oil_marine,water,False,data/external/dartis/raw/nw/nw-1635-10-000043.jpg,image_level_non_oil_only,broad_non_oil_marine
nw:nw-1636-10-000044,nw,0,non_oil_marine,water,False,data/external/dartis/raw/nw/nw-1636-10-000044.jpg,image_level_non_oil_only,broad_non_oil_marine
nw:nw-1637-10-000045,nw,0,non_oil_marine,water,False,data/external/dartis/raw/nw/nw-1637-10-000045.jpg,image_level_non_oil_only,broad_non_oil_marine
nw:nw-1638-10-000046,nw,0,non_oil_marine,water,False,data/external/dartis/raw/nw/nw-1638-10-000046.jpg,image_level_non_oil_only,broad_non_oil_marine
nw:nw-1639-10-000047,nw,0,non_oil_marine,water,False,data/external/dartis/raw/nw/nw-1639-10-000047.jpg,image_level_non_oil_only,broad_non_oil_marine
nw:nw-1640-10-000048,nw,0,non_oil_marine,water,False,data/external/dartis/raw/nw/nw-1640-10-000048.jpg,image_level_non_oil_only,broad_non_oil_marine
nw:nw-1641-10-000049,nw,0,non_oil_marine,water,False,data/external/dartis/raw/nw/nw-1641-10-000049.jpg,image_level_non_oil_only,broad_non_oil_marine
nw:nw-1642-10-000050,nw,0,non_oil_marine,water,False,data/external/dartis/raw/nw/nw-1642-10-000050.jpg,image_level_non_oil_only,broad_non_oil_marine
nw:nw-1643-10-000051,nw,0,non_oil_marine,water,False,data/external/dartis/raw/nw/nw-1643-10-000051.jpg,image_level_non_oil_only,broad_non_oil_marine
nw:nw-1644-10-000052,nw,0,non_oil_marine,water,False,data/external/dartis/raw/nw/nw-1644-10-000052.jpg,image_level_non_oil_only,broad_non_oil_marine
nw:nw-1645-10-000053,nw,0,non_oil_marine,water,False,data/external/dartis/raw/nw/nw-1645-10-000053.jpg,image_level_non_oil_only,broad_non_oil_marine
nw:nw-1646-10-000054,nw,0,non_oil_marine,water,False,data/external/dartis/raw/nw/nw-1646-10-000054.jpg,image_level_non_oil_only,broad_non_oil_marine
nw:nw-1647-10-000055,nw,0,non_oil_marine,water,False,data/external/dartis/raw/nw/nw-1647-10-000055.jpg,image_level_non_oil_only,broad_non_oil_marine
nw:nw-1648-10-000056,nw,0,non_oil_marine,water,False,data/external/dartis/raw/nw/nw-1648-10-000056.jpg,image_level_non_oil_only,broad_non_oil_marine
nw:nw-1649-10-000057,nw,0,non_oil_marine,water,False,data/external/dartis/raw/nw/nw-1649-10-000057.jpg,image_level_non_oil_only,broad_non_oil_marine
nw:nw-1650-10-000058,nw,0,non_oil_marine,water,False,data/external/dartis/raw/nw/nw-1650-10-000058.jpg,image_level_non_oil_only,broad_non_oil_marine
nw:nw-1651-10-000059,nw,0,non_oil_marine,water,False,data/external/dartis/raw/nw/nw-1651-10-000059.jpg,image_level_non_oil_only,broad_non_oil_marine
nw:nw-1652-10-000060,nw,0,non_oil_marine,water,False,data/external/dartis/raw/nw/nw-1652-10-000060.jpg,image_level_non_oil_only,broad_non_oil_marine
nw:nw-1653-10-000061,nw,0,non_oil_marine,water,False,data/external/dartis/raw/nw/nw-1653-10-000061.jpg,image_level_non_oil_only,broad_non_oil_marine
nw:nw-1654-10-000062,nw,0,non_oil_marine,water,False,data/external/dartis/raw/nw/nw-1654-10-000062.jpg,image_level_non_oil_only,broad_non_oil_marine
nw:nw-1655-10-000063,nw,0,non_oil_marine,water,False,data/external/dartis/raw/nw/nw-1655-10-000063.jpg,image_level_non_oil_only,broad_non_oil_marine
nw:nw-1656-10-000064,nw,0,non_oil_marine,water,False,data/external/dartis/raw/nw/nw-1656-10-000064.jpg,image_level_non_oil_only,broad_non_oil_marine
nw:nw-1657-10-000065,nw,0,non_oil_marine,water,False,data/external/dartis/raw/nw/nw-1657-10-000065.jpg,image_level_non_oil_only,broad_non_oil_marine
nw:nw-1658-10-000066,nw,0,non_oil_marine,water,False,data/external/dartis/raw/nw/nw-1658-10-000066.jpg,image_level_non_oil_only,broad_non_oil_marine
nw:nw-1659-10-000067,nw,0,non_oil_marine,water,False,data/external/dartis/raw/nw/nw-1659-10-000067.jpg,image_level_non_oil_only,broad_non_oil_marine
nw:nw-1660-10-000068,nw,0,non_oil_marine,water,False,data/external/dartis/raw/nw/nw-1660-10-000068.jpg,image_level_non_oil_only,broad_non_oil_marine
nw:nw-1661-10-000069,nw,0,non_oil_marine,water,False,data/external/dartis/raw/nw/nw-1661-10-000069.jpg,image_level_non_oil_only,broad_non_oil_marine
nw:nw-1662-10-000070,nw,0,non_oil_marine,water,False,data/external/dartis/raw/nw/nw-1662-10-000070.jpg,image_level_non_oil_only,broad_non_oil_marine
nw:nw-1663-10-000071,nw,0,non_oil_marine,water,False,data/external/dartis/raw/nw/nw-1663-10-000071.jpg,image_level_non_oil_only,broad_non_oil_marine
nw:nw-1664-10-000072,nw,0,non_oil_marine,water,False,data/external/dartis/raw/nw/nw-1664-10-000072.jpg,image_level_non_oil_only,broad_non_oil_marine
nw:nw-1665-10-000073,nw,0,non_oil_marine,water,False,data/external/dartis/raw/nw/nw-1665-10-000073.jpg,image_level_non_oil_only,broad_non_oil_marine
nw:nw-1666-10-000074,nw,0,non_oil_marine,water,False,data/external/dartis/raw/nw/nw-1666-10-000074.jpg,image_level_non_oil_only,broad_non_oil_marine
nw:nw-1667-10-000075,nw,0,non_oil_marine,water,False,data/external/dartis/raw/nw/nw-1667-10-000075.jpg,image_level_non_oil_only,broad_non_oil_marine
nw:nw-1668-10-000076,nw,0,non_oil_marine,water,False,data/external/dartis/raw/nw/nw-1668-10-000076.jpg,image_level_non_oil_only,broad_non_oil_marine
nw:nw-1669-10-000077,nw,0,non_oil_marine,water,False,data/external/dartis/raw/nw/nw-1669-10-000077.jpg,image_level_non_oil_only,broad_non_oil_marine
nw:nw-1670-10-000078,nw,0,non_oil_marine,water,False,data/external/dartis/raw/nw/nw-1670-10-000078.jpg,image_level_non_oil_only,broad_non_oil_marine
nw:nw-1671-10-000079,nw,0,non_oil_marine,water,False,data/external/dartis/raw/nw/nw-1671-10-000079.jpg,image_level_non_oil_only,broad_non_oil_marine
nw:nw-1672-10-000080,nw,0,non_oil_marine,water,False,data/external/dartis/raw/nw/nw-1672-10-000080.jpg,image_level_non_oil_only,broad_non_oil_marine
nw:nw-1673-10-000081,nw,0,non_oil_marine,water,False,data/external/dartis/raw/nw/nw-1673-10-000081.jpg,image_level_non_oil_only,broad_non_oil_marine
nw:nw-1674-10-000082,nw,0,non_oil_marine,water,False,data/external/dartis/raw/nw/nw-1674-10-000082.jpg,image_level_non_oil_only,broad_non_oil_marine
nw:nw-1675-10-000083,nw,0,non_oil_marine,water,False,data/external/dartis/raw/nw/nw-1675-10-000083.jpg,image_level_non_oil_only,broad_non_oil_marine
nw:nw-1676-10-000084,nw,0,non_oil_marine,water,False,data/external/dartis/raw/nw/nw-1676-10-000084.jpg,image_level_non_oil_only,broad_non_oil_marine
nw:nw-1677-10-000085,nw,0,non_oil_marine,water,False,data/external/dartis/raw/nw/nw-1677-10-000085.jpg,image_level_non_oil_only,broad_non_oil_marine
nw:nw-1678-10-000086,nw,0,non_oil_marine,water,False,data/external/dartis/raw/nw/nw-1678-10-000086.jpg,image_level_non_oil_only,broad_non_oil_marine
nw:nw-1679-10-000087,nw,0,non_oil_marine,water,False,data/external/dartis/raw/nw/nw-1679-10-000087.jpg,image_level_non_oil_only,broad_non_oil_marine
nw:nw-1680-10-000088,nw,0,non_oil_marine,water,False,data/external/dartis/raw/nw/nw-1680-10-000088.jpg,image_level_non_oil_only,broad_non_oil_marine
nw:nw-1681-10-000089,nw,0,non_oil_marine,water,False,data/external/dartis/raw/nw/nw-1681-10-000089.jpg,image_level_non_oil_only,broad_non_oil_marine
nw:nw-1682-10-000090,nw,0,non_oil_marine,water,False,data/external/dartis/raw/nw/nw-1682-10-000090.jpg,image_level_non_oil_only,broad_non_oil_marine
nw:nw-1683-10-000091,nw,0,non_oil_marine,water,False,data/external/dartis/raw/nw/nw-1683-10-000091.jpg,image_level_non_oil_only,broad_non_oil_marine
nw:nw-1684-10-000092,nw,0,non_oil_marine,water,False,data/external/dartis/raw/nw/nw-1684-10-000092.jpg,image_level_non_oil_only,broad_non_oil_marine
nw:nw-1685-10-000093,nw,0,non_oil_marine,water,False,data/external/dartis/raw/nw/nw-1685-10-000093.jpg,image_level_non_oil_only,broad_non_oil_marine
nw:nw-1686-10-000094,nw,0,non_oil_marine,water,False,data/external/dartis/raw/nw/nw-1686-10-000094.jpg,image_level_non_oil_only,broad_non_oil_marine
nw:nw-1687-10-000095,nw,0,non_oil_marine,water,False,data/external/dartis/raw/nw/nw-1687-10-000095.jpg,image_level_non_oil_only,broad_non_oil_marine
nw:nw-1688-10-000096,nw,0,non_oil_marine,water,False,data/external/dartis/raw/nw/nw-1688-10-000096.jpg,image_level_non_oil_only,broad_non_oil_marine
nw:nw-1689-10-000097,nw,0,non_oil_marine,water,False,data/external/dartis/raw/nw/nw-1689-10-000097.jpg,image_level_non_oil_only,broad_non_oil_marine
nw:nw-1690-10-000098,nw,0,non_oil_marine,water,False,data/external/dartis/raw/nw/nw-1690-10-000098.jpg,image_level_non_oil_only,broad_non_oil_marine
nw:nw-1691-10-000099,nw,0,non_oil_marine,water,False,data/external/dartis/raw/nw/nw-1691-10-000099.jpg,image_level_non_oil_only,broad_non_oil_marine
nw:nw-1692-10-000100,nw,0,non_oil_marine,water,False,data/external/dartis/raw/nw/nw-1692-10-000100.jpg,image_level_non_oil_only,broad_non_oil_marine
nw:nw-1693-10-000101,nw,0,non_oil_marine,water,False,data/external/dartis/raw/nw/nw-1693-10-000101.jpg,image_level_non_oil_only,broad_non_oil_marine
nw:nw-1694-10-000102,nw,0,non_oil_marine,water,False,data/external/dartis/raw/nw/nw-1694-10-000102.jpg,image_level_non_oil_only,broad_non_oil_marine
nw:nw-1695-10-000103,nw,0,non_oil_marine,water,False,data/external/dartis/raw/nw/nw-1695-10-000103.jpg,image_level_non_oil_only,broad_non_oil_marine
nw:nw-1696-10-000104,nw,0,non_oil_marine,water,False,data/external/dartis/raw/nw/nw-1696-10-000104.jpg,image_level_non_oil_only,broad_non_oil_marine
nw:nw-1697-10-000105,nw,0,non_oil_marine,water,False,data/external/dartis/raw/nw/nw-1697-10-000105.jpg,image_level_non_oil_only,broad_non_oil_marine
nw:nw-1698-10-000106,nw,0,non_oil_marine,water,False,data/external/dartis/raw/nw/nw-1698-10-000106.jpg,image_level_non_oil_only,broad_non_oil_marine
nw:nw-1699-10-000107,nw,0,non_oil_marine,water,False,data/external/dartis/raw/nw/nw-1699-10-000107.jpg,image_level_non_oil_only,broad_non_oil_marine
nw:nw-1700-10-000108,nw,0,non_oil_marine,water,False,data/external/dartis/raw/nw/nw-1700-10-000108.jpg,image_level_non_oil_only,broad_non_oil_marine
nw:nw-1701-10-000109,nw,0,non_oil_marine,water,False,data/external/dartis/raw/nw/nw-1701-10-000109.jpg,image_level_non_oil_only,broad_non_oil_marine
nw:nw-1702-10-000110,nw,0,non_oil_marine,water,False,data/external/dartis/raw/nw/nw-1702-10-000110.jpg,image_level_non_oil_only,broad_non_oil_marine
nw:nw-1703-10-000111,nw,0,non_oil_marine,water,False,data/external/dartis/raw/nw/nw-1703-10-000111.jpg,image_level_non_oil_only,broad_non_oil_marine
nw:nw-1704-10-000112,nw,0,non_oil_marine,water,False,data/external/dartis/raw/nw/nw-1704-10-000112.jpg,image_level_non_oil_only,broad_non_oil_marine
nw:nw-1705-10-000113,nw,0,non_oil_marine,water,False,data/external/dartis/raw/nw/nw-1705-10-000113.jpg,image_level_non_oil_only,broad_non_oil_marine
nw:nw-1706-10-000114,nw,0,non_oil_marine,water,False,data/external/dartis/raw/nw/nw-1706-10-000114.jpg,image_level_non_oil_only,broad_non_oil_marine
nw:nw-1707-10-000115,nw,0,non_oil_marine,water,False,data/external/dartis/raw/nw/nw-1707-10-000115.jpg,image_level_non_oil_only,broad_non_oil_marine
nw:nw-1708-10-000116,nw,0,non_oil_marine,water,False,data/external/dartis/raw/nw/nw-1708-10-000116.jpg,image_level_non_oil_only,broad_non_oil_marine
nw:nw-1709-10-000117,nw,0,non_oil_marine,water,False,data/external/dartis/raw/nw/nw-1709-10-000117.jpg,image_level_non_oil_only,broad_non_oil_marine
nw:nw-1710-10-000118,nw,0,non_oil_marine,water,False,data/external/dartis/raw/nw/nw-1710-10-000118.jpg,image_level_non_oil_only,broad_non_oil_marine
nw:nw-1711-10-000119,nw,0,non_oil_marine,water,False,data/external/dartis/raw/nw/nw-1711-10-000119.jpg,image_level_non_oil_only,broad_non_oil_marine
nw:nw-1712-10-000120,nw,0,non_oil_marine,water,False,data/external/dartis/raw/nw/nw-1712-10-000120.jpg,image_level_non_oil_only,broad_non_oil_marine
nw:nw-1713-10-000121,nw,0,non_oil_marine,water,False,data/external/dartis/raw/nw/nw-1713-10-000121.jpg,image_level_non_oil_only,broad_non_oil_marine
nw:nw-1714-10-000122,nw,0,non_oil_marine,water,False,data/external/dartis/raw/nw/nw-1714-10-000122.jpg,image_level_non_oil_only,broad_non_oil_marine
nw:nw-1715-10-000123,nw,0,non_oil_marine,water,False,data/external/dartis/raw/nw/nw-1715-10-000123.jpg,image_level_non_oil_only,broad_non_oil_marine
nw:nw-1716-10-000124,nw,0,non_oil_marine,water,False,data/external/dartis/raw/nw/nw-1716-10-000124.jpg,image_level_non_oil_only,broad_non_oil_marine
nw:nw-1717-10-000125,nw,0,non_oil_marine,water,False,data/external/dartis/raw/nw/nw-1717-10-000125.jpg,image_level_non_oil_only,broad_non_oil_marine
nw:nw-1718-10-000126,nw,0,non_oil_marine,water,False,data/external/dartis/raw/nw/nw-1718-10-000126.jpg,image_level_non_oil_only,broad_non_oil_marine
nw:nw-1719-10-000127,nw,0,non_oil_marine,water,False,data/external/dartis/raw/nw/nw-1719-10-000127.jpg,image_level_non_oil_only,broad_non_oil_marine
nw:nw-1720-10-000128,nw,0,non_oil_marine,water,False,data/external/dartis/raw/nw/nw-1720-10-000128.jpg,image_level_non_oil_only,broad_non_oil_marine
nw:nw-1721-10-000129,nw,0,non_oil_marine,water,False,data/external/dartis/raw/nw/nw-1721-10-000129.jpg,image_level_non_oil_only,broad_non_oil_marine
nw:nw-1722-10-000130,nw,0,non_oil_marine,water,False,data/external/dartis/raw/nw/nw-1722-10-000130.jpg,image_level_non_oil_only,broad_non_oil_marine
nw:nw-1723-10-000131,nw,0,non_oil_marine,water,False,data/external/dartis/raw/nw/nw-1723-10-000131.jpg,image_level_non_oil_only,broad_non_oil_marine
nw:nw-1724-10-000132,nw,0,non_oil_marine,water,False,data/external/dartis/raw/nw/nw-1724-10-000132.jpg,image_level_non_oil_only,broad_non_oil_marine
nw:nw-1725-10-000133,nw,0,non_oil_marine,water,False,data/external/dartis/raw/nw/nw-1725-10-000133.jpg,image_level_non_oil_only,broad_non_oil_marine
nw:nw-1726-10-000134,nw,0,non_oil_marine,water,False,data/external/dartis/raw/nw/nw-1726-10-000134.jpg,image_level_non_oil_only,broad_non_oil_marine
nw:nw-1727-10-000135,nw,0,non_oil_marine,water,False,data/external/dartis/raw/nw/nw-1727-10-000135.jpg,image_level_non_oil_only,broad_non_oil_marine
nw:nw-1728-10-000136,nw,0,non_oil_marine,water,False,data/external/dartis/raw/nw/nw-1728-10-000136.jpg,image_level_non_oil_only,broad_non_oil_marine
nw:nw-1729-10-000137,nw,0,non_oil_marine,water,False,data/external/dartis/raw/nw/nw-1729-10-000137.jpg,image_level_non_oil_only,broad_non_oil_marine
nw:nw-1730-10-000138,nw,0,non_oil_marine,water,False,data/external/dartis/raw/nw/nw-1730-10-000138.jpg,image_level_non_oil_only,broad_non_oil_marine
nw:nw-1731-10-000139,nw,0,non_oil_marine,water,False,data/external/dartis/raw/nw/nw-1731-10-000139.jpg,image_level_non_oil_only,broad_non_oil_marine
nw:nw-1732-10-000140,nw,0,non_oil_marine,water,False,data/external/dartis/raw/nw/nw-1732-10-000140.jpg,image_level_non_oil_only,broad_non_oil_marine
nw:nw-1733-10-000141,nw,0,non_oil_marine,water,False,data/external/dartis/raw/nw/nw-1733-10-000141.jpg,image_level_non_oil_only,broad_non_oil_marine
nw:nw-1734-10-000142,nw,0,non_oil_marine,water,False,data/external/dartis/raw/nw/nw-1734-10-000142.jpg,image_level_non_oil_only,broad_non_oil_marine
nw:nw-1735-10-000143,nw,0,non_oil_marine,water,False,data/external/dartis/raw/nw/nw-1735-10-000143.jpg,image_level_non_oil_only,broad_non_oil_marine
nw:nw-1736-10-000144,nw,0,non_oil_marine,water,False,data/external/dartis/raw/nw/nw-1736-10-000144.jpg,image_level_non_oil_only,broad_non_oil_marine
nw:nw-1737-10-000145,nw,0,non_oil_marine,water,False,data/external/dartis/raw/nw/nw-1737-10-000145.jpg,image_level_non_oil_only,broad_non_oil_marine
nw:nw-1738-10-000146,nw,0,non_oil_marine,water,False,data/external/dartis/raw/nw/nw-1738-10-000146.jpg,image_level_non_oil_only,broad_non_oil_marine
nw:nw-1739-10-000147,nw,0,non_oil_marine,water,False,data/external/dartis/raw/nw/nw-1739-10-000147.jpg,image_level_non_oil_only,broad_non_oil_marine
nw:nw-1740-10-000148,nw,0,non_oil_marine,water,False,data/external/dartis/raw/nw/nw-1740-10-000148.jpg,image_level_non_oil_only,broad_non_oil_marine
nw:nw-1741-10-000149,nw,0,non_oil_marine,water,False,data/external/dartis/raw/nw/nw-1741-10-000149.jpg,image_level_non_oil_only,broad_non_oil_marine
nw:nw-1742-10-000150,nw,0,non_oil_marine,water,False,data/external/dartis/raw/nw/nw-1742-10-000150.jpg,image_level_non_oil_only,broad_non_oil_marine
nw:nw-1743-10-000151,nw,0,non_oil_marine,water,False,data/external/dartis/raw/nw/nw-1743-10-000151.jpg,image_level_non_oil_only,broad_non_oil_marine
nw:nw-1744-10-000152,nw,0,non_oil_marine,water,False,data/external/dartis/raw/nw/nw-1744-10-000152.jpg,image_level_non_oil_only,broad_non_oil_marine
nw:nw-1745-10-000153,nw,0,non_oil_marine,water,False,data/external/dartis/raw/nw/nw-1745-10-000153.jpg,image_level_non_oil_only,broad_non_oil_marine
nw:nw-1746-10-000154,nw,0,non_oil_marine,water,False,data/external/dartis/raw/nw/nw-1746-10-000154.jpg,image_level_non_oil_only,broad_non_oil_marine
nw:nw-1747-10-000155,nw,0,non_oil_marine,water,False,data/external/dartis/raw/nw/nw-1747-10-000155.jpg,image_level_non_oil_only,broad_non_oil_marine
nw:nw-1748-10-000156,nw,0,non_oil_marine,water,False,data/external/dartis/raw/nw/nw-1748-10-000156.jpg,image_level_non_oil_only,broad_non_oil_marine
nw:nw-1749-10-000157,nw,0,non_oil_marine,water,False,data/external/dartis/raw/nw/nw-1749-10-000157.jpg,image_level_non_oil_only,broad_non_oil_marine
nw:nw-1750-10-000158,nw,0,non_oil_marine,water,False,data/external/dartis/raw/nw/nw-1750-10-000158.jpg,image_level_non_oil_only,broad_non_oil_marine
nw:nw-1751-10-000159,nw,0,non_oil_marine,water,False,data/external/dartis/raw/nw/nw-1751-10-000159.jpg,image_level_non_oil_only,broad_non_oil_marine
nw:nw-1752-10-000160,nw,0,non_oil_marine,water,False,data/external/dartis/raw/nw/nw-1752-10-000160.jpg,image_level_non_oil_only,broad_non_oil_marine
nw:nw-1753-10-000161,nw,0,non_oil_marine,water,False,data/external/dartis/raw/nw/nw-1753-10-000161.jpg,image_level_non_oil_only,broad_non_oil_marine
nw:nw-1754-10-000162,nw,0,non_oil_marine,water,False,data/external/dartis/raw/nw/nw-1754-10-000162.jpg,image_level_non_oil_only,broad_non_oil_marine
nw:nw-1755-10-000163,nw,0,non_oil_marine,water,False,data/external/dartis/raw/nw/nw-1755-10-000163.jpg,image_level_non_oil_only,broad_non_oil_marine
nw:nw-1756-10-000164,nw,0,non_oil_marine,water,False,data/external/dartis/raw/nw/nw-1756-10-000164.jpg,image_level_non_oil_only,broad_non_oil_marine
nw:nw-1757-10-000165,nw,0,non_oil_marine,water,False,data/external/dartis/raw/nw/nw-1757-10-000165.jpg,image_level_non_oil_only,broad_non_oil_marine
nw:nw-1758-10-000166,nw,0,non_oil_marine,water,False,data/external/dartis/raw/nw/nw-1758-10-000166.jpg,image_level_non_oil_only,broad_non_oil_marine
nw:nw-1759-10-000167,nw,0,non_oil_marine,water,False,data/external/dartis/raw/nw/nw-1759-10-000167.jpg,image_level_non_oil_only,broad_non_oil_marine
nw:nw-1760-10-000168,nw,0,non_oil_marine,water,False,data/external/dartis/raw/nw/nw-1760-10-000168.jpg,image_level_non_oil_only,broad_non_oil_marine
nw:nw-1761-10-000169,nw,0,non_oil_marine,water,False,data/external/dartis/raw/nw/nw-1761-10-000169.jpg,image_level_non_oil_only,broad_non_oil_marine
nw:nw-1762-10-000170,nw,0,non_oil_marine,water,False,data/external/dartis/raw/nw/nw-1762-10-000170.jpg,image_level_non_oil_only,broad_non_oil_marine
nw:nw-1763-10-000171,nw,0,non_oil_marine,water,False,data/external/dartis/raw/nw/nw-1763-10-000171.jpg,image_level_non_oil_only,broad_non_oil_marine
nw:nw-1764-10-000172,nw,0,non_oil_marine,water,False,data/external/dartis/raw/nw/nw-1764-10-000172.jpg,image_level_non_oil_only,broad_non_oil_marine
nw:nw-1765-10-000173,nw,0,non_oil_marine,water,False,data/external/dartis/raw/nw/nw-1765-10-000173.jpg,image_level_non_oil_only,broad_non_oil_marine
nw:nw-1766-10-000174,nw,0,non_oil_marine,water,False,data/external/dartis/raw/nw/nw-1766-10-000174.jpg,image_level_non_oil_only,broad_non_oil_marine
nw:nw-1767-11-000001,nw,0,non_oil_marine,water,False,data/external/dartis/raw/nw/nw-1767-11-000001.jpg,image_level_non_oil_only,broad_non_oil_marine
nw:nw-1768-11-000002,nw,0,non_oil_marine,water,False,data/external/dartis/raw/nw/nw-1768-11-000002.jpg,image_level_non_oil_only,broad_non_oil_marine
nw:nw-1769-11-000003,nw,0,non_oil_marine,water,False,data/external/dartis/raw/nw/nw-1769-11-000003.jpg,image_level_non_oil_only,broad_non_oil_marine
nw:nw-1770-11-000004,nw,0,non_oil_marine,water,False,data/external/dartis/raw/nw/nw-1770-11-000004.jpg,image_level_non_oil_only,broad_non_oil_marine
nw:nw-1771-11-000005,nw,0,non_oil_marine,water,False,data/external/dartis/raw/nw/nw-1771-11-000005.jpg,image_level_non_oil_only,broad_non_oil_marine
nw:nw-1772-11-000006,nw,0,non_oil_marine,water,False,data/external/dartis/raw/nw/nw-1772-11-000006.jpg,image_level_non_oil_only,broad_non_oil_marine
nw:nw-1773-11-000007,nw,0,non_oil_marine,water,False,data/external/dartis/raw/nw/nw-1773-11-000007.jpg,image_level_non_oil_only,broad_non_oil_marine
nw:nw-1774-11-000008,nw,0,non_oil_marine,water,False,data/external/dartis/raw/nw/nw-1774-11-000008.jpg,image_level_non_oil_only,broad_non_oil_marine
nw:nw-1775-11-000009,nw,0,non_oil_marine,water,False,data/external/dartis/raw/nw/nw-1775-11-000009.jpg,image_level_non_oil_only,broad_non_oil_marine
nw:nw-1776-11-000010,nw,0,non_oil_marine,water,False,data/external/dartis/raw/nw/nw-1776-11-000010.jpg,image_level_non_oil_only,broad_non_oil_marine
nw:nw-1777-11-000011,nw,0,non_oil_marine,water,False,data/external/dartis/raw/nw/nw-1777-11-000011.jpg,image_level_non_oil_only,broad_non_oil_marine
nw:nw-1778-11-000012,nw,0,non_oil_marine,water,False,data/external/dartis/raw/nw/nw-1778-11-000012.jpg,image_level_non_oil_only,broad_non_oil_marine
nw:nw-1779-11-000013,nw,0,non_oil_marine,water,False,data/external/dartis/raw/nw/nw-1779-11-000013.jpg,image_level_non_oil_only,broad_non_oil_marine
nw:nw-1780-11-000014,nw,0,non_oil_marine,water,False,data/external/dartis/raw/nw/nw-1780-11-000014.jpg,image_level_non_oil_only,broad_non_oil_marine
nw:nw-1781-11-000015,nw,0,non_oil_marine,water,False,data/external/dartis/raw/nw/nw-1781-11-000015.jpg,image_level_non_oil_only,broad_non_oil_marine
nw:nw-1782-11-000016,nw,0,non_oil_marine,water,False,data/external/dartis/raw/nw/nw-1782-11-000016.jpg,image_level_non_oil_only,broad_non_oil_marine
nw:nw-1783-11-000017,nw,0,non_oil_marine,water,False,data/external/dartis/raw/nw/nw-1783-11-000017.jpg,image_level_non_oil_only,broad_non_oil_marine
nw:nw-1784-11-000018,nw,0,non_oil_marine,water,False,data/external/dartis/raw/nw/nw-1784-11-000018.jpg,image_level_non_oil_only,broad_non_oil_marine
nw:nw-1785-11-000019,nw,0,non_oil_marine,water,False,data/external/dartis/raw/nw/nw-1785-11-000019.jpg,image_level_non_oil_only,broad_non_oil_marine
nw:nw-1786-11-000020,nw,0,non_oil_marine,water,False,data/external/dartis/raw/nw/nw-1786-11-000020.jpg,image_level_non_oil_only,broad_non_oil_marine
nw:nw-1787-11-000021,nw,0,non_oil_marine,water,False,data/external/dartis/raw/nw/nw-1787-11-000021.jpg,image_level_non_oil_only,broad_non_oil_marine
nw:nw-1788-11-000022,nw,0,non_oil_marine,water,False,data/external/dartis/raw/nw/nw-1788-11-000022.jpg,image_level_non_oil_only,broad_non_oil_marine
nw:nw-1789-11-000023,nw,0,non_oil_marine,water,False,data/external/dartis/raw/nw/nw-1789-11-000023.jpg,image_level_non_oil_only,broad_non_oil_marine
nw:nw-1790-11-000024,nw,0,non_oil_marine,water,False,data/external/dartis/raw/nw/nw-1790-11-000024.jpg,image_level_non_oil_only,broad_non_oil_marine
nw:nw-1791-11-000025,nw,0,non_oil_marine,water,False,data/external/dartis/raw/nw/nw-1791-11-000025.jpg,image_level_non_oil_only,broad_non_oil_marine
nw:nw-1792-11-000026,nw,0,non_oil_marine,water,False,data/external/dartis/raw/nw/nw-1792-11-000026.jpg,image_level_non_oil_only,broad_non_oil_marine
nw:nw-1793-11-000027,nw,0,non_oil_marine,water,False,data/external/dartis/raw/nw/nw-1793-11-000027.jpg,image_level_non_oil_only,broad_non_oil_marine
nw:nw-1794-11-000028,nw,0,non_oil_marine,water,False,data/external/dartis/raw/nw/nw-1794-11-000028.jpg,image_level_non_oil_only,broad_non_oil_marine
nw:nw-1795-11-000029,nw,0,non_oil_marine,water,False,data/external/dartis/raw/nw/nw-1795-11-000029.jpg,image_level_non_oil_only,broad_non_oil_marine
nw:nw-1796-11-000030,nw,0,non_oil_marine,water,False,data/external/dartis/raw/nw/nw-1796-11-000030.jpg,image_level_non_oil_only,broad_non_oil_marine
nw:nw-1797-11-000031,nw,0,non_oil_marine,water,False,data/external/dartis/raw/nw/nw-1797-11-000031.jpg,image_level_non_oil_only,broad_non_oil_marine
nw:nw-1798-11-000032,nw,0,non_oil_marine,water,False,data/external/dartis/raw/nw/nw-1798-11-000032.jpg,image_level_non_oil_only,broad_non_oil_marine
nw:nw-1799-11-000033,nw,0,non_oil_marine,water,False,data/external/dartis/raw/nw/nw-1799-11-000033.jpg,image_level_non_oil_only,broad_non_oil_marine
nw:nw-1800-11-000034,nw,0,non_oil_marine,water,False,data/external/dartis/raw/nw/nw-1800-11-000034.jpg,image_level_non_oil_only,broad_non_oil_marine
nw:nw-1801-11-000035,nw,0,non_oil_marine,water,False,data/external/dartis/raw/nw/nw-1801-11-000035.jpg,image_level_non_oil_only,broad_non_oil_marine
nw:nw-1802-11-000036,nw,0,non_oil_marine,water,False,data/external/dartis/raw/nw/nw-1802-11-000036.jpg,image_level_non_oil_only,broad_non_oil_marine
nw:nw-1803-11-000037,nw,0,non_oil_marine,water,False,data/external/dartis/raw/nw/nw-1803-11-000037.jpg,image_level_non_oil_only,broad_non_oil_marine
nw:nw-1804-11-000038,nw,0,non_oil_marine,water,False,data/external/dartis/raw/nw/nw-1804-11-000038.jpg,image_level_non_oil_only,broad_non_oil_marine
nw:nw-1805-11-000039,nw,0,non_oil_marine,water,False,data/external/dartis/raw/nw/nw-1805-11-000039.jpg,image_level_non_oil_only,broad_non_oil_marine
nw:nw-1806-11-000040,nw,0,non_oil_marine,water,False,data/external/dartis/raw/nw/nw-1806-11-000040.jpg,image_level_non_oil_only,broad_non_oil_marine
nw:nw-1807-11-000041,nw,0,non_oil_marine,water,False,data/external/dartis/raw/nw/nw-1807-11-000041.jpg,image_level_non_oil_only,broad_non_oil_marine
nw:nw-1808-11-000042,nw,0,non_oil_marine,water,False,data/external/dartis/raw/nw/nw-1808-11-000042.jpg,image_level_non_oil_only,broad_non_oil_marine
nw:nw-1809-11-000043,nw,0,non_oil_marine,water,False,data/external/dartis/raw/nw/nw-1809-11-000043.jpg,image_level_non_oil_only,broad_non_oil_marine
nw:nw-1810-11-000044,nw,0,non_oil_marine,water,False,data/external/dartis/raw/nw/nw-1810-11-000044.jpg,image_level_non_oil_only,broad_non_oil_marine
nw:nw-1811-11-000045,nw,0,non_oil_marine,water,False,data/external/dartis/raw/nw/nw-1811-11-000045.jpg,image_level_non_oil_only,broad_non_oil_marine
nw:nw-1812-11-000046,nw,0,non_oil_marine,water,False,data/external/dartis/raw/nw/nw-1812-11-000046.jpg,image_level_non_oil_only,broad_non_oil_marine
nw:nw-1813-11-000047,nw,0,non_oil_marine,water,False,data/external/dartis/raw/nw/nw-1813-11-000047.jpg,image_level_non_oil_only,broad_non_oil_marine
nw:nw-1814-11-000048,nw,0,non_oil_marine,water,False,data/external/dartis/raw/nw/nw-1814-11-000048.jpg,image_level_non_oil_only,broad_non_oil_marine
nw:nw-1815-11-000049,nw,0,non_oil_marine,water,False,data/external/dartis/raw/nw/nw-1815-11-000049.jpg,image_level_non_oil_only,broad_non_oil_marine
nw:nw-1816-11-000050,nw,0,non_oil_marine,water,False,data/external/dartis/raw/nw/nw-1816-11-000050.jpg,image_level_non_oil_only,broad_non_oil_marine
nw:nw-1817-11-000051,nw,0,non_oil_marine,water,False,data/external/dartis/raw/nw/nw-1817-11-000051.jpg,image_level_non_oil_only,broad_non_oil_marine
nw:nw-1818-11-000052,nw,0,non_oil_marine,water,False,data/external/dartis/raw/nw/nw-1818-11-000052.jpg,image_level_non_oil_only,broad_non_oil_marine
nw:nw-1819-11-000053,nw,0,non_oil_marine,water,False,data/external/dartis/raw/nw/nw-1819-11-000053.jpg,image_level_non_oil_only,broad_non_oil_marine
nw:nw-1820-11-000054,nw,0,non_oil_marine,water,False,data/external/dartis/raw/nw/nw-1820-11-000054.jpg,image_level_non_oil_only,broad_non_oil_marine
nw:nw-1821-11-000055,nw,0,non_oil_marine,water,False,data/external/dartis/raw/nw/nw-1821-11-000055.jpg,image_level_non_oil_only,broad_non_oil_marine
nw:nw-1822-11-000056,nw,0,non_oil_marine,water,False,data/external/dartis/raw/nw/nw-1822-11-000056.jpg,image_level_non_oil_only,broad_non_oil_marine
nw:nw-1823-11-000057,nw,0,non_oil_marine,water,False,data/external/dartis/raw/nw/nw-1823-11-000057.jpg,image_level_non_oil_only,broad_non_oil_marine
nw:nw-1824-11-000058,nw,0,non_oil_marine,water,False,data/external/dartis/raw/nw/nw-1824-11-000058.jpg,image_level_non_oil_only,broad_non_oil_marine
nw:nw-1825-11-000059,nw,0,non_oil_marine,water,False,data/external/dartis/raw/nw/nw-1825-11-000059.jpg,image_level_non_oil_only,broad_non_oil_marine
nw:nw-1826-11-000060,nw,0,non_oil_marine,water,False,data/external/dartis/raw/nw/nw-1826-11-000060.jpg,image_level_non_oil_only,broad_non_oil_marine
nw:nw-1827-11-000061,nw,0,non_oil_marine,water,False,data/external/dartis/raw/nw/nw-1827-11-000061.jpg,image_level_non_oil_only,broad_non_oil_marine
nw:nw-1828-11-000062,nw,0,non_oil_marine,water,False,data/external/dartis/raw/nw/nw-1828-11-000062.jpg,image_level_non_oil_only,broad_non_oil_marine
nw:nw-1829-11-000063,nw,0,non_oil_marine,water,False,data/external/dartis/raw/nw/nw-1829-11-000063.jpg,image_level_non_oil_only,broad_non_oil_marine
nw:nw-1830-11-000064,nw,0,non_oil_marine,water,False,data/external/dartis/raw/nw/nw-1830-11-000064.jpg,image_level_non_oil_only,broad_non_oil_marine
nw:nw-1831-11-000065,nw,0,non_oil_marine,water,False,data/external/dartis/raw/nw/nw-1831-11-000065.jpg,image_level_non_oil_only,broad_non_oil_marine
nw:nw-1832-11-000066,nw,0,non_oil_marine,water,False,data/external/dartis/raw/nw/nw-1832-11-000066.jpg,image_level_non_oil_only,broad_non_oil_marine
nw:nw-1833-11-000067,nw,0,non_oil_marine,water,False,data/external/dartis/raw/nw/nw-1833-11-000067.jpg,image_level_non_oil_only,broad_non_oil_marine
nw:nw-1834-11-000068,nw,0,non_oil_marine,water,False,data/external/dartis/raw/nw/nw-1834-11-000068.jpg,image_level_non_oil_only,broad_non_oil_marine
nw:nw-1835-11-000069,nw,0,non_oil_marine,water,False,data/external/dartis/raw/nw/nw-1835-11-000069.jpg,image_level_non_oil_only,broad_non_oil_marine
nw:nw-1836-11-000070,nw,0,non_oil_marine,water,False,data/external/dartis/raw/nw/nw-1836-11-000070.jpg,image_level_non_oil_only,broad_non_oil_marine
nw:nw-1837-11-000071,nw,0,non_oil_marine,water,False,data/external/dartis/raw/nw/nw-1837-11-000071.jpg,image_level_non_oil_only,broad_non_oil_marine
nw:nw-1838-11-000072,nw,0,non_oil_marine,water,False,data/external/dartis/raw/nw/nw-1838-11-000072.jpg,image_level_non_oil_only,broad_non_oil_marine
nw:nw-1839-11-000073,nw,0,non_oil_marine,water,False,data/external/dartis/raw/nw/nw-1839-11-000073.jpg,image_level_non_oil_only,broad_non_oil_marine
nw:nw-1840-11-000074,nw,0,non_oil_marine,water,False,data/external/dartis/raw/nw/nw-1840-11-000074.jpg,image_level_non_oil_only,broad_non_oil_marine
nw:nw-1841-11-000075,nw,0,non_oil_marine,water,False,data/external/dartis/raw/nw/nw-1841-11-000075.jpg,image_level_non_oil_only,broad_non_oil_marine
nw:nw-1842-11-000076,nw,0,non_oil_marine,water,False,data/external/dartis/raw/nw/nw-1842-11-000076.jpg,image_level_non_oil_only,broad_non_oil_marine
nw:nw-1843-11-000077,nw,0,non_oil_marine,water,False,data/external/dartis/raw/nw/nw-1843-11-000077.jpg,image_level_non_oil_only,broad_non_oil_marine
nw:nw-1844-11-000078,nw,0,non_oil_marine,water,False,data/external/dartis/raw/nw/nw-1844-11-000078.jpg,image_level_non_oil_only,broad_non_oil_marine
nw:nw-1845-11-000079,nw,0,non_oil_marine,water,False,data/external/dartis/raw/nw/nw-1845-11-000079.jpg,image_level_non_oil_only,broad_non_oil_marine
nw:nw-1846-11-000080,nw,0,non_oil_marine,water,False,data/external/dartis/raw/nw/nw-1846-11-000080.jpg,image_level_non_oil_only,broad_non_oil_marine
nw:nw-1847-11-000081,nw,0,non_oil_marine,water,False,data/external/dartis/raw/nw/nw-1847-11-000081.jpg,image_level_non_oil_only,broad_non_oil_marine
nw:nw-1848-11-000082,nw,0,non_oil_marine,water,False,data/external/dartis/raw/nw/nw-1848-11-000082.jpg,image_level_non_oil_only,broad_non_oil_marine
nw:nw-1849-11-000083,nw,0,non_oil_marine,water,False,data/external/dartis/raw/nw/nw-1849-11-000083.jpg,image_level_non_oil_only,broad_non_oil_marine
nw:nw-1850-11-000084,nw,0,non_oil_marine,water,False,data/external/dartis/raw/nw/nw-1850-11-000084.jpg,image_level_non_oil_only,broad_non_oil_marine
nw:nw-1851-11-000085,nw,0,non_oil_marine,water,False,data/external/dartis/raw/nw/nw-1851-11-000085.jpg,image_level_non_oil_only,broad_non_oil_marine
nw:nw-1852-11-000086,nw,0,non_oil_marine,water,False,data/external/dartis/raw/nw/nw-1852-11-000086.jpg,image_level_non_oil_only,broad_non_oil_marine
nw:nw-1853-11-000087,nw,0,non_oil_marine,water,False,data/external/dartis/raw/nw/nw-1853-11-000087.jpg,image_level_non_oil_only,broad_non_oil_marine
nw:nw-1854-11-000088,nw,0,non_oil_marine,water,False,data/external/dartis/raw/nw/nw-1854-11-000088.jpg,image_level_non_oil_only,broad_non_oil_marine
nw:nw-1855-11-000089,nw,0,non_oil_marine,water,False,data/external/dartis/raw/nw/nw-1855-11-000089.jpg,image_level_non_oil_only,broad_non_oil_marine
nw:nw-1856-11-000090,nw,0,non_oil_marine,water,False,data/external/dartis/raw/nw/nw-1856-11-000090.jpg,image_level_non_oil_only,broad_non_oil_marine
nw:nw-1857-11-000091,nw,0,non_oil_marine,water,False,data/external/dartis/raw/nw/nw-1857-11-000091.jpg,image_level_non_oil_only,broad_non_oil_marine
nw:nw-1858-11-000092,nw,0,non_oil_marine,water,False,data/external/dartis/raw/nw/nw-1858-11-000092.jpg,image_level_non_oil_only,broad_non_oil_marine
nw:nw-1859-11-000093,nw,0,non_oil_marine,water,False,data/external/dartis/raw/nw/nw-1859-11-000093.jpg,image_level_non_oil_only,broad_non_oil_marine
nw:nw-1860-11-000094,nw,0,non_oil_marine,water,False,data/external/dartis/raw/nw/nw-1860-11-000094.jpg,image_level_non_oil_only,broad_non_oil_marine
nw:nw-1861-11-000095,nw,0,non_oil_marine,water,False,data/external/dartis/raw/nw/nw-1861-11-000095.jpg,image_level_non_oil_only,broad_non_oil_marine
nw:nw-1862-11-000096,nw,0,non_oil_marine,water,False,data/external/dartis/raw/nw/nw-1862-11-000096.jpg,image_level_non_oil_only,broad_non_oil_marine
nw:nw-1863-11-000097,nw,0,non_oil_marine,water,False,data/external/dartis/raw/nw/nw-1863-11-000097.jpg,image_level_non_oil_only,broad_non_oil_marine
nw:nw-1864-11-000098,nw,0,non_oil_marine,water,False,data/external/dartis/raw/nw/nw-1864-11-000098.jpg,image_level_non_oil_only,broad_non_oil_marine
nw:nw-1865-11-000099,nw,0,non_oil_marine,water,False,data/external/dartis/raw/nw/nw-1865-11-000099.jpg,image_level_non_oil_only,broad_non_oil_marine
nw:nw-1866-11-000100,nw,0,non_oil_marine,water,False,data/external/dartis/raw/nw/nw-1866-11-000100.jpg,image_level_non_oil_only,broad_non_oil_marine
nw:nw-1867-11-000101,nw,0,non_oil_marine,water,False,data/external/dartis/raw/nw/nw-1867-11-000101.jpg,image_level_non_oil_only,broad_non_oil_marine
nw:nw-1868-11-000102,nw,0,non_oil_marine,water,False,data/external/dartis/raw/nw/nw-1868-11-000102.jpg,image_level_non_oil_only,broad_non_oil_marine
nw:nw-1869-11-000103,nw,0,non_oil_marine,water,False,data/external/dartis/raw/nw/nw-1869-11-000103.jpg,image_level_non_oil_only,broad_non_oil_marine
nw:nw-1870-11-000104,nw,0,non_oil_marine,water,False,data/external/dartis/raw/nw/nw-1870-11-000104.jpg,image_level_non_oil_only,broad_non_oil_marine
nw:nw-1871-11-000105,nw,0,non_oil_marine,water,False,data/external/dartis/raw/nw/nw-1871-11-000105.jpg,image_level_non_oil_only,broad_non_oil_marine
nw:nw-1872-11-000106,nw,0,non_oil_marine,water,False,data/external/dartis/raw/nw/nw-1872-11-000106.jpg,image_level_non_oil_only,broad_non_oil_marine
nw:nw-1873-11-000107,nw,0,non_oil_marine,water,False,data/external/dartis/raw/nw/nw-1873-11-000107.jpg,image_level_non_oil_only,broad_non_oil_marine
nw:nw-1874-11-000108,nw,0,non_oil_marine,water,False,data/external/dartis/raw/nw/nw-1874-11-000108.jpg,image_level_non_oil_only,broad_non_oil_marine
nw:nw-1875-11-000109,nw,0,non_oil_marine,water,False,data/external/dartis/raw/nw/nw-1875-11-000109.jpg,image_level_non_oil_only,broad_non_oil_marine
nw:nw-1876-11-000110,nw,0,non_oil_marine,water,False,data/external/dartis/raw/nw/nw-1876-11-000110.jpg,image_level_non_oil_only,broad_non_oil_marine
nw:nw-1877-11-000111,nw,0,non_oil_marine,water,False,data/external/dartis/raw/nw/nw-1877-11-000111.jpg,image_level_non_oil_only,broad_non_oil_marine
nw:nw-1878-11-000112,nw,0,non_oil_marine,water,False,data/external/dartis/raw/nw/nw-1878-11-000112.jpg,image_level_non_oil_only,broad_non_oil_marine
nw:nw-1879-11-000113,nw,0,non_oil_marine,water,False,data/external/dartis/raw/nw/nw-1879-11-000113.jpg,image_level_non_oil_only,broad_non_oil_marine
nw:nw-1880-11-000114,nw,0,non_oil_marine,water,False,data/external/dartis/raw/nw/nw-1880-11-000114.jpg,image_level_non_oil_only,broad_non_oil_marine
nw:nw-1881-11-000115,nw,0,non_oil_marine,water,False,data/external/dartis/raw/nw/nw-1881-11-000115.jpg,image_level_non_oil_only,broad_non_oil_marine
nw:nw-1882-11-000116,nw,0,non_oil_marine,water,False,data/external/dartis/raw/nw/nw-1882-11-000116.jpg,image_level_non_oil_only,broad_non_oil_marine
nw:nw-1883-11-000117,nw,0,non_oil_marine,water,False,data/external/dartis/raw/nw/nw-1883-11-000117.jpg,image_level_non_oil_only,broad_non_oil_marine
nw:nw-1884-11-000118,nw,0,non_oil_marine,water,False,data/external/dartis/raw/nw/nw-1884-11-000118.jpg,image_level_non_oil_only,broad_non_oil_marine
nw:nw-1885-11-000119,nw,0,non_oil_marine,water,False,data/external/dartis/raw/nw/nw-1885-11-000119.jpg,image_level_non_oil_only,broad_non_oil_marine
nw:nw-1886-11-000120,nw,0,non_oil_marine,water,False,data/external/dartis/raw/nw/nw-1886-11-000120.jpg,image_level_non_oil_only,broad_non_oil_marine
nw:nw-1887-11-000121,nw,0,non_oil_marine,water,False,data/external/dartis/raw/nw/nw-1887-11-000121.jpg,image_level_non_oil_only,broad_non_oil_marine
nw:nw-1888-11-000122,nw,0,non_oil_marine,water,False,data/external/dartis/raw/nw/nw-1888-11-000122.jpg,image_level_non_oil_only,broad_non_oil_marine
nw:nw-1889-11-000123,nw,0,non_oil_marine,water,False,data/external/dartis/raw/nw/nw-1889-11-000123.jpg,image_level_non_oil_only,broad_non_oil_marine
nw:nw-1890-11-000124,nw,0,non_oil_marine,water,False,data/external/dartis/raw/nw/nw-1890-11-000124.jpg,image_level_non_oil_only,broad_non_oil_marine
nw:nw-1891-11-000125,nw,0,non_oil_marine,water,False,data/external/dartis/raw/nw/nw-1891-11-000125.jpg,image_level_non_oil_only,broad_non_oil_marine
nw:nw-1892-11-000126,nw,0,non_oil_marine,water,False,data/external/dartis/raw/nw/nw-1892-11-000126.jpg,image_level_non_oil_only,broad_non_oil_marine
nw:nw-1893-11-000127,nw,0,non_oil_marine,water,False,data/external/dartis/raw/nw/nw-1893-11-000127.jpg,image_level_non_oil_only,broad_non_oil_marine
nw:nw-1894-11-000128,nw,0,non_oil_marine,water,False,data/external/dartis/raw/nw/nw-1894-11-000128.jpg,image_level_non_oil_only,broad_non_oil_marine
nw:nw-1895-11-000129,nw,0,non_oil_marine,water,False,data/external/dartis/raw/nw/nw-1895-11-000129.jpg,image_level_non_oil_only,broad_non_oil_marine
nw:nw-1896-11-000130,nw,0,non_oil_marine,water,False,data/external/dartis/raw/nw/nw-1896-11-000130.jpg,image_level_non_oil_only,broad_non_oil_marine
nw:nw-1897-11-000131,nw,0,non_oil_marine,water,False,data/external/dartis/raw/nw/nw-1897-11-000131.jpg,image_level_non_oil_only,broad_non_oil_marine
nw:nw-1898-11-000132,nw,0,non_oil_marine,water,False,data/external/dartis/raw/nw/nw-1898-11-000132.jpg,image_level_non_oil_only,broad_non_oil_marine
nw:nw-1899-11-000133,nw,0,non_oil_marine,water,False,data/external/dartis/raw/nw/nw-1899-11-000133.jpg,image_level_non_oil_only,broad_non_oil_marine
nw:nw-1900-11-000134,nw,0,non_oil_marine,water,False,data/external/dartis/raw/nw/nw-1900-11-000134.jpg,image_level_non_oil_only,broad_non_oil_marine
nw:nw-1901-11-000135,nw,0,non_oil_marine,water,False,data/external/dartis/raw/nw/nw-1901-11-000135.jpg,image_level_non_oil_only,broad_non_oil_marine
nw:nw-1902-11-000136,nw,0,non_oil_marine,water,False,data/external/dartis/raw/nw/nw-1902-11-000136.jpg,image_level_non_oil_only,broad_non_oil_marine
nw:nw-1903-11-000137,nw,0,non_oil_marine,water,False,data/external/dartis/raw/nw/nw-1903-11-000137.jpg,image_level_non_oil_only,broad_non_oil_marine
nw:nw-1904-11-000138,nw,0,non_oil_marine,water,False,data/external/dartis/raw/nw/nw-1904-11-000138.jpg,image_level_non_oil_only,broad_non_oil_marine
nw:nw-1905-11-000139,nw,0,non_oil_marine,water,False,data/external/dartis/raw/nw/nw-1905-11-000139.jpg,image_level_non_oil_only,broad_non_oil_marine
nw:nw-1906-11-000140,nw,0,non_oil_marine,water,False,data/external/dartis/raw/nw/nw-1906-11-000140.jpg,image_level_non_oil_only,broad_non_oil_marine
nw:nw-1907-11-000141,nw,0,non_oil_marine,water,False,data/external/dartis/raw/nw/nw-1907-11-000141.jpg,image_level_non_oil_only,broad_non_oil_marine
nw:nw-1908-11-000142,nw,0,non_oil_marine,water,False,data/external/dartis/raw/nw/nw-1908-11-000142.jpg,image_level_non_oil_only,broad_non_oil_marine
nw:nw-1909-11-000143,nw,0,non_oil_marine,water,False,data/external/dartis/raw/nw/nw-1909-11-000143.jpg,image_level_non_oil_only,broad_non_oil_marine
nw:nw-1910-11-000144,nw,0,non_oil_marine,water,False,data/external/dartis/raw/nw/nw-1910-11-000144.jpg,image_level_non_oil_only,broad_non_oil_marine
nw:nw-1911-11-000145,nw,0,non_oil_marine,water,False,data/external/dartis/raw/nw/nw-1911-11-000145.jpg,image_level_non_oil_only,broad_non_oil_marine
nw:nw-1912-11-000146,nw,0,non_oil_marine,water,False,data/external/dartis/raw/nw/nw-1912-11-000146.jpg,image_level_non_oil_only,broad_non_oil_marine
nw:nw-1913-11-000147,nw,0,non_oil_marine,water,False,data/external/dartis/raw/nw/nw-1913-11-000147.jpg,image_level_non_oil_only,broad_non_oil_marine
nw:nw-1914-11-000148,nw,0,non_oil_marine,water,False,data/external/dartis/raw/nw/nw-1914-11-000148.jpg,image_level_non_oil_only,broad_non_oil_marine
nw:nw-1915-11-000149,nw,0,non_oil_marine,water,False,data/external/dartis/raw/nw/nw-1915-11-000149.jpg,image_level_non_oil_only,broad_non_oil_marine
nw:nw-1916-11-000150,nw,0,non_oil_marine,water,False,data/external/dartis/raw/nw/nw-1916-11-000150.jpg,image_level_non_oil_only,broad_non_oil_marine
nw:nw-1917-11-000151,nw,0,non_oil_marine,water,False,data/external/dartis/raw/nw/nw-1917-11-000151.jpg,image_level_non_oil_only,broad_non_oil_marine
nw:nw-1918-11-000152,nw,0,non_oil_marine,water,False,data/external/dartis/raw/nw/nw-1918-11-000152.jpg,image_level_non_oil_only,broad_non_oil_marine
nw:nw-1919-11-000153,nw,0,non_oil_marine,water,False,data/external/dartis/raw/nw/nw-1919-11-000153.jpg,image_level_non_oil_only,broad_non_oil_marine
nw:nw-1920-11-000154,nw,0,non_oil_marine,water,False,data/external/dartis/raw/nw/nw-1920-11-000154.jpg,image_level_non_oil_only,broad_non_oil_marine
nw:nw-1921-11-000155,nw,0,non_oil_marine,water,False,data/external/dartis/raw/nw/nw-1921-11-000155.jpg,image_level_non_oil_only,broad_non_oil_marine
nw:nw-1922-11-000156,nw,0,non_oil_marine,water,False,data/external/dartis/raw/nw/nw-1922-11-000156.jpg,image_level_non_oil_only,broad_non_oil_marine
nw:nw-1923-11-000157,nw,0,non_oil_marine,water,False,data/external/dartis/raw/nw/nw-1923-11-000157.jpg,image_level_non_oil_only,broad_non_oil_marine
nw:nw-1924-11-000158,nw,0,non_oil_marine,water,False,data/external/dartis/raw/nw/nw-1924-11-000158.jpg,image_level_non_oil_only,broad_non_oil_marine
nw:nw-1925-11-000159,nw,0,non_oil_marine,water,False,data/external/dartis/raw/nw/nw-1925-11-000159.jpg,image_level_non_oil_only,broad_non_oil_marine
nw:nw-1926-11-000160,nw,0,non_oil_marine,water,False,data/external/dartis/raw/nw/nw-1926-11-000160.jpg,image_level_non_oil_only,broad_non_oil_marine
nw:nw-1927-11-000161,nw,0,non_oil_marine,water,False,data/external/dartis/raw/nw/nw-1927-11-000161.jpg,image_level_non_oil_only,broad_non_oil_marine
nw:nw-1928-11-000162,nw,0,non_oil_marine,water,False,data/external/dartis/raw/nw/nw-1928-11-000162.jpg,image_level_non_oil_only,broad_non_oil_marine
nw:nw-1929-11-000163,nw,0,non_oil_marine,water,False,data/external/dartis/raw/nw/nw-1929-11-000163.jpg,image_level_non_oil_only,broad_non_oil_marine
nw:nw-1930-11-000164,nw,0,non_oil_marine,water,False,data/external/dartis/raw/nw/nw-1930-11-000164.jpg,image_level_non_oil_only,broad_non_oil_marine
nw:nw-1931-11-000165,nw,0,non_oil_marine,water,False,data/external/dartis/raw/nw/nw-1931-11-000165.jpg,image_level_non_oil_only,broad_non_oil_marine
nw:nw-1932-11-000166,nw,0,non_oil_marine,water,False,data/external/dartis/raw/nw/nw-1932-11-000166.jpg,image_level_non_oil_only,broad_non_oil_marine
nw:nw-1933-11-000167,nw,0,non_oil_marine,water,False,data/external/dartis/raw/nw/nw-1933-11-000167.jpg,image_level_non_oil_only,broad_non_oil_marine
nw:nw-1934-11-000168,nw,0,non_oil_marine,water,False,data/external/dartis/raw/nw/nw-1934-11-000168.jpg,image_level_non_oil_only,broad_non_oil_marine
nw:nw-1935-11-000169,nw,0,non_oil_marine,water,False,data/external/dartis/raw/nw/nw-1935-11-000169.jpg,image_level_non_oil_only,broad_non_oil_marine
nw:nw-1936-11-000170,nw,0,non_oil_marine,water,False,data/external/dartis/raw/nw/nw-1936-11-000170.jpg,image_level_non_oil_only,broad_non_oil_marine
nw:nw-1937-11-000171,nw,0,non_oil_marine,water,False,data/external/dartis/raw/nw/nw-1937-11-000171.jpg,image_level_non_oil_only,broad_non_oil_marine
nw:nw-1938-11-000172,nw,0,non_oil_marine,water,False,data/external/dartis/raw/nw/nw-1938-11-000172.jpg,image_level_non_oil_only,broad_non_oil_marine
nw:nw-1939-11-000173,nw,0,non_oil_marine,water,False,data/external/dartis/raw/nw/nw-1939-11-000173.jpg,image_level_non_oil_only,broad_non_oil_marine
