sample_key,dataset_group,split,split_file,split_csv_row,image_path,mask_path,split_conflict,image_open_ok,mask_open_ok,same_shape,expected_bands,same_crs,transform_exact,transform_close_1e_9,transform_close_1e_6,transform_max_abs_difference,image_width,image_height,image_bands,mask_width,mask_height,mask_bands,mask_nodata,mask_unique_values,mask_values_valid,image_band1_min,image_band1_max,image_band2_min,image_band2_max,inspection_error,pixel_training_eligible
flood:external_holdout:Bolivia_103757_S1Hand:c9b06196d5c4,flood,external_holdout,data/external/sen1floods11/flood_splits/flood_bolivia_data.csv,1,data/external/sen1floods11/flood_sar/Bolivia_103757_S1Hand.tif,data/external/sen1floods11/flood_mask/Bolivia_103757_LabelHand.tif,False,True,True,True,True,True,False,True,True,6.423897871976614e-18,512.0,512.0,2.0,512.0,512.0,1.0,,-1.0|0.0|1.0,True,-40.821441650390625,-0.6905989646911621,-48.24835968017578,-6.994661331176758,,True
flood:external_holdout:Bolivia_129334_S1Hand:284c8889b286,flood,external_holdout,data/external/sen1floods11/flood_splits/flood_bolivia_data.csv,2,data/external/sen1floods11/flood_sar/Bolivia_129334_S1Hand.tif,data/external/sen1floods11/flood_mask/Bolivia_129334_LabelHand.tif,False,True,True,True,True,True,False,True,True,6.423897871976614e-18,512.0,512.0,2.0,512.0,512.0,1.0,,-1.0|0.0|1.0,True,-36.82529830932617,0.4744816720485687,-54.34866714477539,-6.3170928955078125,,True
flood:external_holdout:Bolivia_195474_S1Hand:5fddc0a11efd,flood,external_holdout,data/external/sen1floods11/flood_splits/flood_bolivia_data.csv,3,data/external/sen1floods11/flood_sar/Bolivia_195474_S1Hand.tif,data/external/sen1floods11/flood_mask/Bolivia_195474_LabelHand.tif,False,True,True,True,True,True,False,True,True,6.423897871976614e-18,512.0,512.0,2.0,512.0,512.0,1.0,,-1.0|0.0|1.0,True,-23.107797622680664,7.00493049621582,-35.958290100097656,0.08897902816534042,,True
flood:external_holdout:Bolivia_23014_S1Hand:97dfbf90af92,flood,external_holdout,data/external/sen1floods11/flood_splits/flood_bolivia_data.csv,4,data/external/sen1floods11/flood_sar/Bolivia_23014_S1Hand.tif,data/external/sen1floods11/flood_mask/Bolivia_23014_LabelHand.tif,False,True,True,True,True,True,False,True,True,6.423897871976614e-18,512.0,512.0,2.0,512.0,512.0,1.0,,-1.0|0.0|1.0,True,-66.51229858398438,0.17055276036262512,-68.47930145263672,-6.397890090942383,,True
flood:external_holdout:Bolivia_233925_S1Hand:f486ba7fb6bb,flood,external_holdout,data/external/sen1floods11/flood_splits/flood_bolivia_data.csv,5,data/external/sen1floods11/flood_sar/Bolivia_233925_S1Hand.tif,data/external/sen1floods11/flood_mask/Bolivia_233925_LabelHand.tif,False,True,True,True,True,True,False,True,True,6.423897871976614e-18,512.0,512.0,2.0,512.0,512.0,1.0,,-1.0|0.0|1.0,True,-89.78575897216797,-1.1250704526901245,-103.87602996826172,-6.185252666473389,,True
flood:external_holdout:Bolivia_242570_S1Hand:a9ea00fc229e,flood,external_holdout,data/external/sen1floods11/flood_splits/flood_bolivia_data.csv,6,data/external/sen1floods11/flood_sar/Bolivia_242570_S1Hand.tif,data/external/sen1floods11/flood_mask/Bolivia_242570_LabelHand.tif,False,True,True,True,True,True,False,True,True,6.423897871976614e-18,512.0,512.0,2.0,512.0,512.0,1.0,,-1.0|0.0|1.0,True,-38.02528762817383,-1.0283496379852295,-54.61154556274414,-6.917205333709717,,True
flood:external_holdout:Bolivia_290290_S1Hand:e0e301c0f1d9,flood,external_holdout,data/external/sen1floods11/flood_splits/flood_bolivia_data.csv,7,data/external/sen1floods11/flood_sar/Bolivia_290290_S1Hand.tif,data/external/sen1floods11/flood_mask/Bolivia_290290_LabelHand.tif,False,True,True,True,True,True,False,True,True,6.423897871976614e-18,512.0,512.0,2.0,512.0,512.0,1.0,,-1.0|0.0|1.0,True,-40.59314727783203,1.619675874710083,-47.65573501586914,-4.674552917480469,,True
flood:external_holdout:Bolivia_294583_S1Hand:aa11fd1ddb09,flood,external_holdout,data/external/sen1floods11/flood_splits/flood_bolivia_data.csv,8,data/external/sen1floods11/flood_sar/Bolivia_294583_S1Hand.tif,data/external/sen1floods11/flood_mask/Bolivia_294583_LabelHand.tif,False,True,True,True,True,True,False,True,True,6.423897871976614e-18,512.0,512.0,2.0,512.0,512.0,1.0,,-1.0|0.0|1.0,True,-40.45533752441406,2.5029430389404297,-48.29588317871094,-5.808106899261475,,True
flood:external_holdout:Bolivia_312675_S1Hand:ecc6b2f52832,flood,external_holdout,data/external/sen1floods11/flood_splits/flood_bolivia_data.csv,9,data/external/sen1floods11/flood_sar/Bolivia_312675_S1Hand.tif,data/external/sen1floods11/flood_mask/Bolivia_312675_LabelHand.tif,False,True,True,True,True,True,False,True,True,6.423897871976614e-18,512.0,512.0,2.0,512.0,512.0,1.0,,-1.0|0.0|1.0,True,-30.476381301879883,1.1514215469360352,-44.518531799316406,-5.498597621917725,,True
flood:external_holdout:Bolivia_314919_S1Hand:ad2ac4945159,flood,external_holdout,data/external/sen1floods11/flood_splits/flood_bolivia_data.csv,10,data/external/sen1floods11/flood_sar/Bolivia_314919_S1Hand.tif,data/external/sen1floods11/flood_mask/Bolivia_314919_LabelHand.tif,False,True,True,True,True,True,False,True,True,6.423897871976614e-18,512.0,512.0,2.0,512.0,512.0,1.0,,-1.0|0.0|1.0,True,-48.3681640625,8.278704643249512,-48.38965606689453,3.168764114379883,,True
flood:external_holdout:Bolivia_360519_S1Hand:a27787570028,flood,external_holdout,data/external/sen1floods11/flood_splits/flood_bolivia_data.csv,11,data/external/sen1floods11/flood_sar/Bolivia_360519_S1Hand.tif,data/external/sen1floods11/flood_mask/Bolivia_360519_LabelHand.tif,False,True,True,True,True,True,False,True,True,6.423897871976614e-18,512.0,512.0,2.0,512.0,512.0,1.0,,-1.0|0.0|1.0,True,-60.1744270324707,0.6965633034706116,-73.74602508544922,-5.23923397064209,,True
flood:external_holdout:Bolivia_379434_S1Hand:95476151d6e7,flood,external_holdout,data/external/sen1floods11/flood_splits/flood_bolivia_data.csv,12,data/external/sen1floods11/flood_sar/Bolivia_379434_S1Hand.tif,data/external/sen1floods11/flood_mask/Bolivia_379434_LabelHand.tif,False,True,True,True,True,True,False,True,True,6.423897871976614e-18,512.0,512.0,2.0,512.0,512.0,1.0,,0.0|1.0,True,-36.919776916503906,0.5694412589073181,-46.358943939208984,-6.112007141113281,,True
flood:external_holdout:Bolivia_432776_S1Hand:a206d87251e1,flood,external_holdout,data/external/sen1floods11/flood_splits/flood_bolivia_data.csv,13,data/external/sen1floods11/flood_sar/Bolivia_432776_S1Hand.tif,data/external/sen1floods11/flood_mask/Bolivia_432776_LabelHand.tif,False,True,True,True,True,True,False,True,True,6.423897871976614e-18,512.0,512.0,2.0,512.0,512.0,1.0,,-1.0|0.0|1.0,True,-68.3624267578125,1.2049789428710938,-82.45033264160156,-7.053070545196533,,True
flood:external_holdout:Bolivia_60373_S1Hand:c1532b1a2e2d,flood,external_holdout,data/external/sen1floods11/flood_splits/flood_bolivia_data.csv,14,data/external/sen1floods11/flood_sar/Bolivia_60373_S1Hand.tif,data/external/sen1floods11/flood_mask/Bolivia_60373_LabelHand.tif,False,True,True,True,True,True,False,True,True,6.423897871976614e-18,512.0,512.0,2.0,512.0,512.0,1.0,,-1.0|0.0|1.0,True,-35.225833892822266,-0.14513804018497467,-47.97657775878906,-6.573159694671631,,True
flood:external_holdout:Bolivia_76104_S1Hand:7b97a38b636a,flood,external_holdout,data/external/sen1floods11/flood_splits/flood_bolivia_data.csv,15,data/external/sen1floods11/flood_sar/Bolivia_76104_S1Hand.tif,data/external/sen1floods11/flood_mask/Bolivia_76104_LabelHand.tif,False,True,True,True,True,True,False,True,True,6.423897871976614e-18,512.0,512.0,2.0,512.0,512.0,1.0,,-1.0|0.0|1.0,True,-21.967544555664062,0.31533199548721313,-34.948543548583984,-6.090136528015137,,True
flood:test:Ghana_1078550_S1Hand:485c627107a0,flood,test,data/external/sen1floods11/flood_splits/flood_test_data.csv,2,data/external/sen1floods11/flood_sar/Ghana_1078550_S1Hand.tif,data/external/sen1floods11/flood_mask/Ghana_1078550_LabelHand.tif,False,True,True,True,True,True,False,True,True,3.1170812458958252e-19,512.0,512.0,2.0,512.0,512.0,1.0,,0.0|1.0,True,-21.302204132080078,-0.6199936270713806,-33.612953186035156,-6.918473720550537,,True
flood:test:Ghana_141271_S1Hand:d907bf0760ae,flood,test,data/external/sen1floods11/flood_splits/flood_test_data.csv,11,data/external/sen1floods11/flood_sar/Ghana_141271_S1Hand.tif,data/external/sen1floods11/flood_mask/Ghana_141271_LabelHand.tif,False,True,True,True,True,True,False,True,True,3.1170812458958252e-19,512.0,512.0,2.0,512.0,512.0,1.0,,0.0|1.0,True,-21.823841094970703,4.748376369476318,-30.93682289123535,-7.106031894683838,,True
flood:test:Ghana_167233_S1Hand:a8d6ce5bbd97,flood,test,data/external/sen1floods11/flood_splits/flood_test_data.csv,10,data/external/sen1floods11/flood_sar/Ghana_167233_S1Hand.tif,data/external/sen1floods11/flood_mask/Ghana_167233_LabelHand.tif,False,True,True,True,True,True,False,True,True,3.1170812458958252e-19,512.0,512.0,2.0,512.0,512.0,1.0,,0.0,True,-19.406476974487305,-1.4234942197799683,-31.703296661376953,-7.901623249053955,,True
flood:test:Ghana_313799_S1Hand:22b3f7c0f078,flood,test,data/external/sen1floods11/flood_splits/flood_test_data.csv,1,data/external/sen1floods11/flood_sar/Ghana_313799_S1Hand.tif,data/external/sen1floods11/flood_mask/Ghana_313799_LabelHand.tif,False,True,True,True,True,True,False,True,True,3.1170812458958252e-19,512.0,512.0,2.0,512.0,512.0,1.0,,-1.0|0.0|1.0,True,-26.14348030090332,-0.2598145604133606,-37.855064392089844,-6.627669334411621,,True
flood:test:Ghana_319168_S1Hand:e749112a7a6b,flood,test,data/external/sen1floods11/flood_splits/flood_test_data.csv,5,data/external/sen1floods11/flood_sar/Ghana_319168_S1Hand.tif,data/external/sen1floods11/flood_mask/Ghana_319168_LabelHand.tif,False,True,True,True,True,True,False,True,True,3.1170812458958252e-19,512.0,512.0,2.0,512.0,512.0,1.0,,-1.0|0.0|1.0,True,-33.995445251464844,0.48615479469299316,-47.36772918701172,-0.6350928544998169,,True
flood:test:Ghana_359826_S1Hand:74c708db23e8,flood,test,data/external/sen1floods11/flood_splits/flood_test_data.csv,4,data/external/sen1floods11/flood_sar/Ghana_359826_S1Hand.tif,data/external/sen1floods11/flood_mask/Ghana_359826_LabelHand.tif,False,True,True,True,True,True,False,True,True,3.1170812458958252e-19,512.0,512.0,2.0,512.0,512.0,1.0,,0.0|1.0,True,-32.1573600769043,1.7683868408203125,-49.14693832397461,-7.016384601593018,,True
flood:test:Ghana_406026_S1Hand:236aefb93b81,flood,test,data/external/sen1floods11/flood_splits/flood_test_data.csv,7,data/external/sen1floods11/flood_sar/Ghana_406026_S1Hand.tif,data/external/sen1floods11/flood_mask/Ghana_406026_LabelHand.tif,False,True,True,True,True,True,False,True,True,3.1170812458958252e-19,512.0,512.0,2.0,512.0,512.0,1.0,,0.0|1.0,True,-46.683616638183594,2.211312770843506,-47.640995025634766,-8.382214546203613,,True
flood:test:Ghana_53713_S1Hand:582f2fcf6d64,flood,test,data/external/sen1floods11/flood_splits/flood_test_data.csv,8,data/external/sen1floods11/flood_sar/Ghana_53713_S1Hand.tif,data/external/sen1floods11/flood_mask/Ghana_53713_LabelHand.tif,False,True,True,True,True,True,False,True,True,3.1170812458958252e-19,512.0,512.0,2.0,512.0,512.0,1.0,,0.0,True,-20.834808349609375,-0.36368072032928467,-31.463926315307617,-8.686059951782227,,True
flood:test:Ghana_83483_S1Hand:834777d58183,flood,test,data/external/sen1floods11/flood_splits/flood_test_data.csv,9,data/external/sen1floods11/flood_sar/Ghana_83483_S1Hand.tif,data/external/sen1floods11/flood_mask/Ghana_83483_LabelHand.tif,False,True,True,True,True,True,False,True,True,3.1170812458958252e-19,512.0,512.0,2.0,512.0,512.0,1.0,,-1.0,True,-19.468196868896484,-1.4886407852172852,-26.499563217163086,-7.506401538848877,,True
flood:test:Ghana_866994_S1Hand:c665353798ea,flood,test,data/external/sen1floods11/flood_splits/flood_test_data.csv,6,data/external/sen1floods11/flood_sar/Ghana_866994_S1Hand.tif,data/external/sen1floods11/flood_mask/Ghana_866994_LabelHand.tif,False,True,True,True,True,True,False,True,True,3.1170812458958252e-19,512.0,512.0,2.0,512.0,512.0,1.0,,-1.0|0.0|1.0,True,-47.27793884277344,7.897639751434326,-56.69415283203125,-7.8792266845703125,,True
flood:test:Ghana_97059_S1Hand:1648acf4a4bf,flood,test,data/external/sen1floods11/flood_splits/flood_test_data.csv,3,data/external/sen1floods11/flood_sar/Ghana_97059_S1Hand.tif,data/external/sen1floods11/flood_mask/Ghana_97059_LabelHand.tif,False,True,True,True,True,True,False,True,True,3.1170812458958252e-19,512.0,512.0,2.0,512.0,512.0,1.0,,-1.0|0.0,True,-26.313440322875977,-0.7885403633117676,-44.361087799072266,-6.3158769607543945,,True
flood:test:India_1018327_S1Hand:217c75bff451,flood,test,data/external/sen1floods11/flood_splits/flood_test_data.csv,21,data/external/sen1floods11/flood_sar/India_1018327_S1Hand.tif,data/external/sen1floods11/flood_mask/India_1018327_LabelHand.tif,False,True,True,True,True,True,False,True,True,6.423897871976614e-18,512.0,512.0,2.0,512.0,512.0,1.0,,-1.0|0.0|1.0,True,-48.30550003051758,21.734254837036133,-48.32838821411133,7.1483941078186035,,True
flood:test:India_399883_S1Hand:8f7c38aeb40b,flood,test,data/external/sen1floods11/flood_splits/flood_test_data.csv,25,data/external/sen1floods11/flood_sar/India_399883_S1Hand.tif,data/external/sen1floods11/flood_mask/India_399883_LabelHand.tif,False,True,True,True,True,True,False,True,True,6.423897871976614e-18,512.0,512.0,2.0,512.0,512.0,1.0,,-1.0|0.0|1.0,True,-48.932979583740234,0.924241840839386,-56.64678192138672,-4.948674201965332,,True
flood:test:India_44475_S1Hand:0c475636a11d,flood,test,data/external/sen1floods11/flood_splits/flood_test_data.csv,19,data/external/sen1floods11/flood_sar/India_44475_S1Hand.tif,data/external/sen1floods11/flood_mask/India_44475_LabelHand.tif,False,True,True,True,True,True,False,True,True,6.423897871976614e-18,512.0,512.0,2.0,512.0,512.0,1.0,,-1.0|0.0,True,-24.184703826904297,5.990004062652588,-45.035789489746094,0.3613256812095642,,True
flood:test:India_570384_S1Hand:51e111426985,flood,test,data/external/sen1floods11/flood_splits/flood_test_data.csv,18,data/external/sen1floods11/flood_sar/India_570384_S1Hand.tif,data/external/sen1floods11/flood_mask/India_570384_LabelHand.tif,False,True,True,True,True,True,False,True,True,6.423897871976614e-18,512.0,512.0,2.0,512.0,512.0,1.0,,-1.0|0.0|1.0,True,-35.934242248535156,13.73193073272705,-50.00730895996094,8.522713661193848,,True
flood:test:India_591317_S1Hand:31aa2fcb0e02,flood,test,data/external/sen1floods11/flood_splits/flood_test_data.csv,13,data/external/sen1floods11/flood_sar/India_591317_S1Hand.tif,data/external/sen1floods11/flood_mask/India_591317_LabelHand.tif,False,True,True,True,True,True,False,True,True,6.423897871976614e-18,512.0,512.0,2.0,512.0,512.0,1.0,,-1.0|0.0|1.0,True,-49.67542266845703,10.636155128479004,-53.18480682373047,-0.548915445804596,,True
flood:test:India_592446_S1Hand:73a52dea28e6,flood,test,data/external/sen1floods11/flood_splits/flood_test_data.csv,22,data/external/sen1floods11/flood_sar/India_592446_S1Hand.tif,data/external/sen1floods11/flood_mask/India_592446_LabelHand.tif,False,True,True,True,True,True,False,True,True,6.423897871976614e-18,512.0,512.0,2.0,512.0,512.0,1.0,,-1.0|0.0|1.0,True,-47.779842376708984,7.660681247711182,-48.4382438659668,-3.9168131351470947,,True
flood:test:India_631692_S1Hand:51e66b9232c6,flood,test,data/external/sen1floods11/flood_splits/flood_test_data.csv,24,data/external/sen1floods11/flood_sar/India_631692_S1Hand.tif,data/external/sen1floods11/flood_mask/India_631692_LabelHand.tif,False,True,True,True,True,True,False,True,True,6.423897871976614e-18,512.0,512.0,2.0,512.0,512.0,1.0,,0.0|1.0,True,-24.175580978393555,2.5097672939300537,-29.22733497619629,-4.457502841949463,,True
flood:test:India_747992_S1Hand:39153c14330b,flood,test,data/external/sen1floods11/flood_splits/flood_test_data.csv,14,data/external/sen1floods11/flood_sar/India_747992_S1Hand.tif,data/external/sen1floods11/flood_mask/India_747992_LabelHand.tif,False,True,True,True,True,True,False,True,True,6.423897871976614e-18,512.0,512.0,2.0,512.0,512.0,1.0,,-1.0|0.0|1.0,True,-38.07270812988281,9.851446151733398,-47.86728286743164,-1.39195716381073,,True
flood:test:India_772630_S1Hand:547b38282b73,flood,test,data/external/sen1floods11/flood_splits/flood_test_data.csv,23,data/external/sen1floods11/flood_sar/India_772630_S1Hand.tif,data/external/sen1floods11/flood_mask/India_772630_LabelHand.tif,False,True,True,True,True,True,False,True,True,6.423897871976614e-18,512.0,512.0,2.0,512.0,512.0,1.0,,-1.0|0.0|1.0,True,-29.494007110595703,11.588814735412598,-47.682125091552734,1.9575787782669067,,True
flood:test:India_79637_S1Hand:f71828f8cadc,flood,test,data/external/sen1floods11/flood_splits/flood_test_data.csv,15,data/external/sen1floods11/flood_sar/India_79637_S1Hand.tif,data/external/sen1floods11/flood_mask/India_79637_LabelHand.tif,False,True,True,True,True,True,False,True,True,6.423897871976614e-18,512.0,512.0,2.0,512.0,512.0,1.0,,0.0|1.0,True,-27.05678939819336,6.290122032165527,-47.405487060546875,-0.4672885239124298,,True
flood:test:India_80221_S1Hand:73e7b97e7e5f,flood,test,data/external/sen1floods11/flood_splits/flood_test_data.csv,20,data/external/sen1floods11/flood_sar/India_80221_S1Hand.tif,data/external/sen1floods11/flood_mask/India_80221_LabelHand.tif,False,True,True,True,True,True,False,True,True,6.423897871976614e-18,512.0,512.0,2.0,512.0,512.0,1.0,,-1.0|0.0|1.0,True,-47.691627502441406,8.930299758911133,-53.199344635009766,-5.561323642730713,,True
flood:test:India_828067_S1Hand:7c2bf605db37,flood,test,data/external/sen1floods11/flood_splits/flood_test_data.csv,17,data/external/sen1floods11/flood_sar/India_828067_S1Hand.tif,data/external/sen1floods11/flood_mask/India_828067_LabelHand.tif,False,True,True,True,True,True,False,True,True,6.423897871976614e-18,512.0,512.0,2.0,512.0,512.0,1.0,,-1.0|0.0|1.0,True,-30.58640480041504,19.380794525146484,-48.2692985534668,11.045951843261719,,True
flood:test:India_900498_S1Hand:550f35ed3db3,flood,test,data/external/sen1floods11/flood_splits/flood_test_data.csv,12,data/external/sen1floods11/flood_sar/India_900498_S1Hand.tif,data/external/sen1floods11/flood_mask/India_900498_LabelHand.tif,False,True,True,True,True,True,False,True,True,6.423897871976614e-18,512.0,512.0,2.0,512.0,512.0,1.0,,-1.0|0.0|1.0,True,-48.26825714111328,2.0556297302246094,-53.7394905090332,-5.647802352905273,,True
flood:test:India_952728_S1Hand:0067401d8895,flood,test,data/external/sen1floods11/flood_splits/flood_test_data.csv,16,data/external/sen1floods11/flood_sar/India_952728_S1Hand.tif,data/external/sen1floods11/flood_mask/India_952728_LabelHand.tif,False,True,True,True,True,True,False,True,True,6.423897871976614e-18,512.0,512.0,2.0,512.0,512.0,1.0,,-1.0|0.0|1.0,True,-31.83875274658203,20.504467010498047,-48.283687591552734,12.556062698364258,,True
flood:test:Mekong_1443339_S1Hand:a210be3594ac,flood,test,data/external/sen1floods11/flood_splits/flood_test_data.csv,28,data/external/sen1floods11/flood_sar/Mekong_1443339_S1Hand.tif,data/external/sen1floods11/flood_mask/Mekong_1443339_LabelHand.tif,False,True,True,True,True,True,False,True,True,6.423897871976614e-18,512.0,512.0,2.0,512.0,512.0,1.0,,-1.0|0.0|1.0,True,-46.6623420715332,11.692955017089844,-52.33989715576172,3.783937692642212,,True
flood:test:Mekong_254910_S1Hand:e70a4bf8f7b8,flood,test,data/external/sen1floods11/flood_splits/flood_test_data.csv,30,data/external/sen1floods11/flood_sar/Mekong_254910_S1Hand.tif,data/external/sen1floods11/flood_mask/Mekong_254910_LabelHand.tif,False,True,True,True,True,True,False,True,True,6.423897871976614e-18,512.0,512.0,2.0,512.0,512.0,1.0,,-1.0|0.0|1.0,True,-33.60940170288086,1.2316908836364746,-49.24321746826172,-5.795480251312256,,True
flood:test:Mekong_333434_S1Hand:ddc0f407e5fb,flood,test,data/external/sen1floods11/flood_splits/flood_test_data.csv,26,data/external/sen1floods11/flood_sar/Mekong_333434_S1Hand.tif,data/external/sen1floods11/flood_mask/Mekong_333434_LabelHand.tif,False,True,True,True,True,True,False,True,True,6.423897871976614e-18,512.0,512.0,2.0,512.0,512.0,1.0,,-1.0|0.0|1.0,True,-38.41206359863281,7.670294761657715,-43.44799041748047,-7.934159278869629,,True
flood:test:Mekong_382276_S1Hand:256aa9e1f838,flood,test,data/external/sen1floods11/flood_splits/flood_test_data.csv,29,data/external/sen1floods11/flood_sar/Mekong_382276_S1Hand.tif,data/external/sen1floods11/flood_mask/Mekong_382276_LabelHand.tif,False,True,True,True,True,True,False,True,True,6.423897871976614e-18,512.0,512.0,2.0,512.0,512.0,1.0,,-1.0|0.0|1.0,True,-32.358314514160156,12.733827590942383,-46.940773010253906,-4.063085556030273,,True
flood:test:Mekong_424793_S1Hand:4dbf18432219,flood,test,data/external/sen1floods11/flood_splits/flood_test_data.csv,31,data/external/sen1floods11/flood_sar/Mekong_424793_S1Hand.tif,data/external/sen1floods11/flood_mask/Mekong_424793_LabelHand.tif,False,True,True,True,True,True,False,True,True,6.423897871976614e-18,512.0,512.0,2.0,512.0,512.0,1.0,,-1.0|0.0|1.0,True,-29.240478515625,5.133743762969971,-45.6171875,-4.078113079071045,,True
flood:test:Mekong_45934_S1Hand:536cb90d037f,flood,test,data/external/sen1floods11/flood_splits/flood_test_data.csv,27,data/external/sen1floods11/flood_sar/Mekong_45934_S1Hand.tif,data/external/sen1floods11/flood_mask/Mekong_45934_LabelHand.tif,False,True,True,True,True,True,False,True,True,6.423897871976614e-18,512.0,512.0,2.0,512.0,512.0,1.0,,-1.0|0.0|1.0,True,-25.577228546142578,13.352533340454102,-30.152318954467773,4.910778999328613,,True
flood:test:Nigeria_22088_S1Hand:0952cd760231,flood,test,data/external/sen1floods11/flood_splits/flood_test_data.csv,35,data/external/sen1floods11/flood_sar/Nigeria_22088_S1Hand.tif,data/external/sen1floods11/flood_mask/Nigeria_22088_LabelHand.tif,False,True,True,True,True,True,False,True,True,5.149960319306146e-19,512.0,512.0,2.0,512.0,512.0,1.0,,-1.0|0.0|1.0,True,-46.75930404663086,2.7232162952423096,-55.978763580322266,-6.598796367645264,,True
flood:test:Nigeria_225131_S1Hand:1894ac272682,flood,test,data/external/sen1floods11/flood_splits/flood_test_data.csv,33,data/external/sen1floods11/flood_sar/Nigeria_225131_S1Hand.tif,data/external/sen1floods11/flood_mask/Nigeria_225131_LabelHand.tif,False,True,True,True,True,True,False,True,True,5.149960319306146e-19,512.0,512.0,2.0,512.0,512.0,1.0,,-1.0|0.0|1.0,True,-22.2404727935791,8.589542388916016,-33.27029037475586,-2.385209560394287,,True
flood:test:Nigeria_417184_S1Hand:b0378d07b110,flood,test,data/external/sen1floods11/flood_splits/flood_test_data.csv,32,data/external/sen1floods11/flood_sar/Nigeria_417184_S1Hand.tif,data/external/sen1floods11/flood_mask/Nigeria_417184_LabelHand.tif,False,True,True,True,True,True,False,True,True,5.149960319306146e-19,512.0,512.0,2.0,512.0,512.0,1.0,,-1.0|0.0|1.0,True,-49.95847702026367,0.7486366629600525,-56.69089889526367,-4.69016170501709,,True
flood:test:Nigeria_812045_S1Hand:fd62b9a7af61,flood,test,data/external/sen1floods11/flood_splits/flood_test_data.csv,34,data/external/sen1floods11/flood_sar/Nigeria_812045_S1Hand.tif,data/external/sen1floods11/flood_mask/Nigeria_812045_LabelHand.tif,False,True,True,True,True,True,False,True,True,5.149960319306146e-19,512.0,512.0,2.0,512.0,512.0,1.0,,-1.0|0.0|1.0,True,-42.932151794433594,0.028858397156000137,-57.32727813720703,-7.997669696807861,,True
flood:test:Pakistan_167553_S1Hand:7f99af2b32fc,flood,test,data/external/sen1floods11/flood_splits/flood_test_data.csv,41,data/external/sen1floods11/flood_sar/Pakistan_167553_S1Hand.tif,data/external/sen1floods11/flood_mask/Pakistan_167553_LabelHand.tif,False,True,True,True,True,True,False,True,True,6.423897871976614e-18,512.0,512.0,2.0,512.0,512.0,1.0,,-1.0|0.0|1.0,True,-31.5108699798584,19.36794090270996,-50.79191970825195,3.011573314666748,,True
flood:test:Pakistan_528249_S1Hand:b55718e45b95,flood,test,data/external/sen1floods11/flood_splits/flood_test_data.csv,40,data/external/sen1floods11/flood_sar/Pakistan_528249_S1Hand.tif,data/external/sen1floods11/flood_mask/Pakistan_528249_LabelHand.tif,False,True,True,True,True,True,False,True,True,6.423897871976614e-18,512.0,512.0,2.0,512.0,512.0,1.0,,-1.0|0.0,True,-27.72484588623047,3.487161636352539,-47.489013671875,-8.381501197814941,,True
flood:test:Pakistan_664885_S1Hand:4d43da445c73,flood,test,data/external/sen1floods11/flood_splits/flood_test_data.csv,37,data/external/sen1floods11/flood_sar/Pakistan_664885_S1Hand.tif,data/external/sen1floods11/flood_mask/Pakistan_664885_LabelHand.tif,False,True,True,True,True,True,False,True,True,6.423897871976614e-18,512.0,512.0,2.0,512.0,512.0,1.0,,-1.0|0.0|1.0,True,-41.575775146484375,7.474541187286377,-47.884830474853516,-1.3678706884384155,,True
flood:test:Pakistan_694942_S1Hand:119391f44bbb,flood,test,data/external/sen1floods11/flood_splits/flood_test_data.csv,38,data/external/sen1floods11/flood_sar/Pakistan_694942_S1Hand.tif,data/external/sen1floods11/flood_mask/Pakistan_694942_LabelHand.tif,False,True,True,True,True,True,False,True,True,6.423897871976614e-18,512.0,512.0,2.0,512.0,512.0,1.0,,-1.0|0.0|1.0,True,-39.282108306884766,9.890836715698242,-47.558773040771484,-6.502700328826904,,True
flood:test:Pakistan_70625_S1Hand:b592e9130f86,flood,test,data/external/sen1floods11/flood_splits/flood_test_data.csv,39,data/external/sen1floods11/flood_sar/Pakistan_70625_S1Hand.tif,data/external/sen1floods11/flood_mask/Pakistan_70625_LabelHand.tif,False,True,True,True,True,True,False,True,True,6.423897871976614e-18,512.0,512.0,2.0,512.0,512.0,1.0,,0.0|1.0,True,-32.30615997314453,2.5704312324523926,-49.25492477416992,-2.733043670654297,,True
flood:test:Pakistan_849790_S1Hand:f1eb040467c8,flood,test,data/external/sen1floods11/flood_splits/flood_test_data.csv,36,data/external/sen1floods11/flood_sar/Pakistan_849790_S1Hand.tif,data/external/sen1floods11/flood_mask/Pakistan_849790_LabelHand.tif,False,True,True,True,True,True,False,True,True,6.423897871976614e-18,512.0,512.0,2.0,512.0,512.0,1.0,,-1.0|0.0|1.0,True,-29.129093170166016,1.5755544900894165,-49.52626419067383,-7.523432731628418,,True
flood:test:Paraguay_1029191_S1Hand:2a0cfc305e7d,flood,test,data/external/sen1floods11/flood_splits/flood_test_data.csv,48,data/external/sen1floods11/flood_sar/Paraguay_1029191_S1Hand.tif,data/external/sen1floods11/flood_mask/Paraguay_1029191_LabelHand.tif,False,True,True,True,True,True,False,True,True,5.149960319306146e-19,512.0,512.0,2.0,512.0,512.0,1.0,,-1.0|0.0|1.0,True,-41.2896728515625,-0.33678412437438965,-47.15082931518555,-7.573127269744873,,True
flood:test:Paraguay_232281_S1Hand:64fbbd9fccd5,flood,test,data/external/sen1floods11/flood_splits/flood_test_data.csv,45,data/external/sen1floods11/flood_sar/Paraguay_232281_S1Hand.tif,data/external/sen1floods11/flood_mask/Paraguay_232281_LabelHand.tif,False,True,True,True,True,True,False,True,True,5.149960319306146e-19,512.0,512.0,2.0,512.0,512.0,1.0,,0.0|1.0,True,-20.764970779418945,-0.2231762856245041,-49.22208023071289,-8.689884185791016,,True
flood:test:Paraguay_271769_S1Hand:e3784b108879,flood,test,data/external/sen1floods11/flood_splits/flood_test_data.csv,46,data/external/sen1floods11/flood_sar/Paraguay_271769_S1Hand.tif,data/external/sen1floods11/flood_mask/Paraguay_271769_LabelHand.tif,False,True,True,True,True,True,False,True,True,5.149960319306146e-19,512.0,512.0,2.0,512.0,512.0,1.0,,0.0|1.0,True,-32.7183837890625,0.5949988961219788,-47.37569046020508,-7.679908752441406,,True
flood:test:Paraguay_280900_S1Hand:2e69b78530a0,flood,test,data/external/sen1floods11/flood_splits/flood_test_data.csv,43,data/external/sen1floods11/flood_sar/Paraguay_280900_S1Hand.tif,data/external/sen1floods11/flood_mask/Paraguay_280900_LabelHand.tif,False,True,True,True,True,True,False,True,True,5.149960319306146e-19,512.0,512.0,2.0,512.0,512.0,1.0,,-1.0|0.0|1.0,True,-27.962377548217773,1.762710452079773,-44.13162612915039,-6.021251201629639,,True
flood:test:Paraguay_34417_S1Hand:00773528fe85,flood,test,data/external/sen1floods11/flood_splits/flood_test_data.csv,51,data/external/sen1floods11/flood_sar/Paraguay_34417_S1Hand.tif,data/external/sen1floods11/flood_mask/Paraguay_34417_LabelHand.tif,False,True,True,True,True,True,False,True,True,5.149960319306146e-19,512.0,512.0,2.0,512.0,512.0,1.0,,-1.0|1.0,True,,,,,,True
flood:test:Paraguay_40936_S1Hand:525d18992f51,flood,test,data/external/sen1floods11/flood_splits/flood_test_data.csv,47,data/external/sen1floods11/flood_sar/Paraguay_40936_S1Hand.tif,data/external/sen1floods11/flood_mask/Paraguay_40936_LabelHand.tif,False,True,True,True,True,True,False,True,True,5.149960319306146e-19,512.0,512.0,2.0,512.0,512.0,1.0,,-1.0|0.0,True,-24.3001651763916,4.2827277183532715,-47.55804443359375,-7.296215534210205,,True
flood:test:Paraguay_511199_S1Hand:87f5fdc18bba,flood,test,data/external/sen1floods11/flood_splits/flood_test_data.csv,53,data/external/sen1floods11/flood_sar/Paraguay_511199_S1Hand.tif,data/external/sen1floods11/flood_mask/Paraguay_511199_LabelHand.tif,False,True,True,True,True,True,False,True,True,5.149960319306146e-19,512.0,512.0,2.0,512.0,512.0,1.0,,0.0|1.0,True,-28.069902420043945,0.19606515765190125,-44.865291595458984,-6.341599464416504,,True
flood:test:Paraguay_59731_S1Hand:eb7053b40190,flood,test,data/external/sen1floods11/flood_splits/flood_test_data.csv,49,data/external/sen1floods11/flood_sar/Paraguay_59731_S1Hand.tif,data/external/sen1floods11/flood_mask/Paraguay_59731_LabelHand.tif,False,True,True,True,True,True,False,True,True,5.149960319306146e-19,512.0,512.0,2.0,512.0,512.0,1.0,,-1.0|0.0|1.0,True,-35.2492561340332,8.574748992919922,-45.55290222167969,0.9544737935066223,,True
flood:test:Paraguay_651904_S1Hand:593f5e3a2460,flood,test,data/external/sen1floods11/flood_splits/flood_test_data.csv,55,data/external/sen1floods11/flood_sar/Paraguay_651904_S1Hand.tif,data/external/sen1floods11/flood_mask/Paraguay_651904_LabelHand.tif,False,True,True,True,True,True,False,True,True,5.149960319306146e-19,512.0,512.0,2.0,512.0,512.0,1.0,,0.0|1.0,True,-48.71731185913086,1.6141389608383179,-51.90385055541992,-7.4690775871276855,,True
flood:test:Paraguay_683296_S1Hand:64b5b3085af4,flood,test,data/external/sen1floods11/flood_splits/flood_test_data.csv,50,data/external/sen1floods11/flood_sar/Paraguay_683296_S1Hand.tif,data/external/sen1floods11/flood_mask/Paraguay_683296_LabelHand.tif,False,True,True,True,True,True,False,True,True,5.149960319306146e-19,512.0,512.0,2.0,512.0,512.0,1.0,,-1.0|0.0|1.0,True,-36.65074157714844,-1.3681367635726929,-47.13563537597656,-6.479938983917236,,True
flood:test:Paraguay_790830_S1Hand:e6a12155777f,flood,test,data/external/sen1floods11/flood_splits/flood_test_data.csv,44,data/external/sen1floods11/flood_sar/Paraguay_790830_S1Hand.tif,data/external/sen1floods11/flood_mask/Paraguay_790830_LabelHand.tif,False,True,True,True,True,True,False,True,True,5.149960319306146e-19,512.0,512.0,2.0,512.0,512.0,1.0,,-1.0|0.0|1.0,True,-46.00796127319336,11.262852668762207,-47.103153228759766,3.1394903659820557,,True
flood:test:Paraguay_80102_S1Hand:fdc363a23251,flood,test,data/external/sen1floods11/flood_splits/flood_test_data.csv,54,data/external/sen1floods11/flood_sar/Paraguay_80102_S1Hand.tif,data/external/sen1floods11/flood_mask/Paraguay_80102_LabelHand.tif,False,True,True,True,True,True,False,True,True,5.149960319306146e-19,512.0,512.0,2.0,512.0,512.0,1.0,,-1.0|0.0|1.0,True,-22.282276153564453,1.8668839931488037,-35.624141693115234,-6.607964038848877,,True
flood:test:Paraguay_868895_S1Hand:07173e3e4bc5,flood,test,data/external/sen1floods11/flood_splits/flood_test_data.csv,52,data/external/sen1floods11/flood_sar/Paraguay_868895_S1Hand.tif,data/external/sen1floods11/flood_mask/Paraguay_868895_LabelHand.tif,False,True,True,True,True,True,False,True,True,5.149960319306146e-19,512.0,512.0,2.0,512.0,512.0,1.0,,-1.0|0.0|1.0,True,-34.444740295410156,-0.06336236745119095,-50.28068161010742,-7.582499027252197,,True
flood:test:Paraguay_913449_S1Hand:71671528d7ce,flood,test,data/external/sen1floods11/flood_splits/flood_test_data.csv,42,data/external/sen1floods11/flood_sar/Paraguay_913449_S1Hand.tif,data/external/sen1floods11/flood_mask/Paraguay_913449_LabelHand.tif,False,True,True,True,True,True,False,True,True,5.149960319306146e-19,512.0,512.0,2.0,512.0,512.0,1.0,,0.0|1.0,True,-29.645042419433594,-0.03300154581665993,-47.42148208618164,-7.149256706237793,,True
flood:test:Somalia_166342_S1Hand:f09a10a44448,flood,test,data/external/sen1floods11/flood_splits/flood_test_data.csv,59,data/external/sen1floods11/flood_sar/Somalia_166342_S1Hand.tif,data/external/sen1floods11/flood_mask/Somalia_166342_LabelHand.tif,False,True,True,True,True,True,False,True,True,5.149960319306146e-19,512.0,512.0,2.0,512.0,512.0,1.0,,-1.0|0.0|1.0,True,-27.52281379699707,-2.813397169113159,-47.418701171875,-7.7296366691589355,,True
flood:test:Somalia_322855_S1Hand:afeae2ff1f87,flood,test,data/external/sen1floods11/flood_splits/flood_test_data.csv,61,data/external/sen1floods11/flood_sar/Somalia_322855_S1Hand.tif,data/external/sen1floods11/flood_mask/Somalia_322855_LabelHand.tif,False,True,True,True,True,True,False,True,True,9.486769009248164e-20,512.0,512.0,2.0,512.0,512.0,1.0,,-1.0|0.0|1.0,True,-37.6495361328125,0.6321398019790649,-47.67980194091797,-6.115029811859131,,True
flood:test:Somalia_60129_S1Hand:11085b795169,flood,test,data/external/sen1floods11/flood_splits/flood_test_data.csv,57,data/external/sen1floods11/flood_sar/Somalia_60129_S1Hand.tif,data/external/sen1floods11/flood_mask/Somalia_60129_LabelHand.tif,False,True,True,True,True,True,False,True,True,5.149960319306146e-19,512.0,512.0,2.0,512.0,512.0,1.0,,-1.0|0.0|1.0,True,-26.310657501220703,0.41956454515457153,-42.04541778564453,-6.296524524688721,,True
flood:test:Somalia_685158_S1Hand:fee85d7401d2,flood,test,data/external/sen1floods11/flood_splits/flood_test_data.csv,58,data/external/sen1floods11/flood_sar/Somalia_685158_S1Hand.tif,data/external/sen1floods11/flood_mask/Somalia_685158_LabelHand.tif,False,True,True,True,True,True,False,True,True,9.486769009248164e-20,512.0,512.0,2.0,512.0,512.0,1.0,,-1.0|0.0|1.0,True,-35.76026153564453,-1.449386477470398,-47.327919006347656,-6.06334924697876,,True
flood:test:Somalia_699062_S1Hand:b1b929462268,flood,test,data/external/sen1floods11/flood_splits/flood_test_data.csv,56,data/external/sen1floods11/flood_sar/Somalia_699062_S1Hand.tif,data/external/sen1floods11/flood_mask/Somalia_699062_LabelHand.tif,False,True,True,True,True,True,False,True,True,9.486769009248164e-20,512.0,512.0,2.0,512.0,512.0,1.0,,-1.0|0.0|1.0,True,-27.778236389160156,-2.316145181655884,-47.36018753051758,-6.046270847320557,,True
flood:test:Somalia_94102_S1Hand:38784caef616,flood,test,data/external/sen1floods11/flood_splits/flood_test_data.csv,60,data/external/sen1floods11/flood_sar/Somalia_94102_S1Hand.tif,data/external/sen1floods11/flood_mask/Somalia_94102_LabelHand.tif,False,True,True,True,True,True,False,True,True,5.149960319306146e-19,512.0,512.0,2.0,512.0,512.0,1.0,,-1.0|0.0|1.0,True,-41.44264602661133,-0.22686845064163208,-54.26240921020508,-6.295097827911377,,True
flood:test:Spain_5650136_S1Hand:ba8a42dfa600,flood,test,data/external/sen1floods11/flood_splits/flood_test_data.csv,64,data/external/sen1floods11/flood_sar/Spain_5650136_S1Hand.tif,data/external/sen1floods11/flood_mask/Spain_5650136_LabelHand.tif,False,True,True,True,True,True,False,True,True,3.1170812458958252e-19,512.0,512.0,2.0,512.0,512.0,1.0,,-1.0|0.0|1.0,True,-47.103511810302734,11.904999732971191,-57.42806625366211,7.80930233001709,,True
flood:test:Spain_6095801_S1Hand:fd9470313806,flood,test,data/external/sen1floods11/flood_splits/flood_test_data.csv,66,data/external/sen1floods11/flood_sar/Spain_6095801_S1Hand.tif,data/external/sen1floods11/flood_mask/Spain_6095801_LabelHand.tif,False,True,True,True,True,True,False,True,True,3.1170812458958252e-19,512.0,512.0,2.0,512.0,512.0,1.0,,-1.0|0.0|1.0,True,-32.04591369628906,26.06484603881836,-48.251304626464844,15.660923957824707,,True
flood:test:Spain_6860600_S1Hand:25decb8b4d4e,flood,test,data/external/sen1floods11/flood_splits/flood_test_data.csv,62,data/external/sen1floods11/flood_sar/Spain_6860600_S1Hand.tif,data/external/sen1floods11/flood_mask/Spain_6860600_LabelHand.tif,False,True,True,True,True,True,False,True,True,3.1170812458958252e-19,512.0,512.0,2.0,512.0,512.0,1.0,,-1.0|0.0|1.0,True,-26.99415397644043,25.60030746459961,-35.80205154418945,7.2440643310546875,,True
flood:test:Spain_7370579_S1Hand:6357c4c5f155,flood,test,data/external/sen1floods11/flood_splits/flood_test_data.csv,65,data/external/sen1floods11/flood_sar/Spain_7370579_S1Hand.tif,data/external/sen1floods11/flood_mask/Spain_7370579_LabelHand.tif,False,True,True,True,True,True,False,True,True,3.1170812458958252e-19,512.0,512.0,2.0,512.0,512.0,1.0,,-1.0|0.0|1.0,True,-39.241085052490234,25.647573471069336,-47.060482025146484,4.432816028594971,,True
flood:test:Spain_7387658_S1Hand:e4efb37faad4,flood,test,data/external/sen1floods11/flood_splits/flood_test_data.csv,67,data/external/sen1floods11/flood_sar/Spain_7387658_S1Hand.tif,data/external/sen1floods11/flood_mask/Spain_7387658_LabelHand.tif,False,True,True,True,True,True,False,True,True,3.1170812458958252e-19,512.0,512.0,2.0,512.0,512.0,1.0,,-1.0|0.0|1.0,True,-46.73637771606445,21.006298065185547,-50.89105224609375,16.239166259765625,,True
flood:test:Spain_7558720_S1Hand:69ac94e6227a,flood,test,data/external/sen1floods11/flood_splits/flood_test_data.csv,63,data/external/sen1floods11/flood_sar/Spain_7558720_S1Hand.tif,data/external/sen1floods11/flood_mask/Spain_7558720_LabelHand.tif,False,True,True,True,True,True,False,True,True,3.1170812458958252e-19,512.0,512.0,2.0,512.0,512.0,1.0,,-1.0|0.0|1.0,True,-34.681514739990234,23.036691665649414,-48.55954360961914,6.697352886199951,,True
flood:test:Sri-Lanka_1049830_S1Hand:823ee1f2f258,flood,test,data/external/sen1floods11/flood_splits/flood_test_data.csv,69,data/external/sen1floods11/flood_sar/Sri-Lanka_1049830_S1Hand.tif,data/external/sen1floods11/flood_mask/Sri-Lanka_1049830_LabelHand.tif,False,True,True,True,True,True,False,True,True,6.423897871976614e-18,512.0,512.0,2.0,512.0,512.0,1.0,,-1.0|0.0|1.0,True,-26.861867904663086,15.394603729248047,-47.64445114135742,3.9928717613220215,,True
flood:test:Sri-Lanka_117737_S1Hand:5f8e3824906c,flood,test,data/external/sen1floods11/flood_splits/flood_test_data.csv,68,data/external/sen1floods11/flood_sar/Sri-Lanka_117737_S1Hand.tif,data/external/sen1floods11/flood_mask/Sri-Lanka_117737_LabelHand.tif,False,True,True,True,True,True,False,True,True,6.423897871976614e-18,512.0,512.0,2.0,512.0,512.0,1.0,,0.0|1.0,True,-26.055835723876953,14.858243942260742,-45.91227340698242,9.66456413269043,,True
flood:test:Sri-Lanka_377277_S1Hand:8758793c2e8b,flood,test,data/external/sen1floods11/flood_splits/flood_test_data.csv,72,data/external/sen1floods11/flood_sar/Sri-Lanka_377277_S1Hand.tif,data/external/sen1floods11/flood_mask/Sri-Lanka_377277_LabelHand.tif,False,True,True,True,True,True,False,True,True,6.423897871976614e-18,512.0,512.0,2.0,512.0,512.0,1.0,,-1.0|0.0|1.0,True,-31.330854415893555,9.962108612060547,-41.78691101074219,3.4980621337890625,,True
flood:test:Sri-Lanka_450918_S1Hand:5f01c1d5ff1a,flood,test,data/external/sen1floods11/flood_splits/flood_test_data.csv,74,data/external/sen1floods11/flood_sar/Sri-Lanka_450918_S1Hand.tif,data/external/sen1floods11/flood_mask/Sri-Lanka_450918_LabelHand.tif,False,True,True,True,True,True,False,True,True,6.423897871976614e-18,512.0,512.0,2.0,512.0,512.0,1.0,,-1.0|0.0|1.0,True,-26.640073776245117,18.960004806518555,-32.36655044555664,0.07190188020467758,,True
flood:test:Sri-Lanka_534068_S1Hand:7a399ec6ed97,flood,test,data/external/sen1floods11/flood_splits/flood_test_data.csv,70,data/external/sen1floods11/flood_sar/Sri-Lanka_534068_S1Hand.tif,data/external/sen1floods11/flood_mask/Sri-Lanka_534068_LabelHand.tif,False,True,True,True,True,True,False,True,True,6.423897871976614e-18,512.0,512.0,2.0,512.0,512.0,1.0,,0.0|1.0,True,-24.43688201904297,-2.7134804725646973,-48.25899124145508,-2.542667865753174,,True
flood:test:Sri-Lanka_649970_S1Hand:5e8d5f601d7b,flood,test,data/external/sen1floods11/flood_splits/flood_test_data.csv,73,data/external/sen1floods11/flood_sar/Sri-Lanka_649970_S1Hand.tif,data/external/sen1floods11/flood_mask/Sri-Lanka_649970_LabelHand.tif,False,True,True,True,True,True,False,True,True,6.423897871976614e-18,512.0,512.0,2.0,512.0,512.0,1.0,,-1.0|0.0|1.0,True,-27.096277236938477,9.623023986816406,-41.46038055419922,-0.688543438911438,,True
flood:test:Sri-Lanka_713926_S1Hand:7224558b244f,flood,test,data/external/sen1floods11/flood_splits/flood_test_data.csv,76,data/external/sen1floods11/flood_sar/Sri-Lanka_713926_S1Hand.tif,data/external/sen1floods11/flood_mask/Sri-Lanka_713926_LabelHand.tif,False,True,True,True,True,True,False,True,True,6.423897871976614e-18,512.0,512.0,2.0,512.0,512.0,1.0,,-1.0|0.0|1.0,True,-48.353824615478516,14.202475547790527,-54.378440856933594,7.582413673400879,,True
flood:test:Sri-Lanka_849649_S1Hand:bb4c2090cad3,flood,test,data/external/sen1floods11/flood_splits/flood_test_data.csv,75,data/external/sen1floods11/flood_sar/Sri-Lanka_849649_S1Hand.tif,data/external/sen1floods11/flood_mask/Sri-Lanka_849649_LabelHand.tif,False,True,True,True,True,True,False,True,True,6.423897871976614e-18,512.0,512.0,2.0,512.0,512.0,1.0,,-1.0|0.0|1.0,True,-24.405481338500977,9.232563018798828,-38.39328384399414,-1.4821770191192627,,True
flood:test:Sri-Lanka_922192_S1Hand:520f485c73ab,flood,test,data/external/sen1floods11/flood_splits/flood_test_data.csv,71,data/external/sen1floods11/flood_sar/Sri-Lanka_922192_S1Hand.tif,data/external/sen1floods11/flood_mask/Sri-Lanka_922192_LabelHand.tif,False,True,True,True,True,True,False,True,True,6.423897871976614e-18,512.0,512.0,2.0,512.0,512.0,1.0,,-1.0|0.0|1.0,True,-23.19249153137207,16.80155372619629,-39.92021179199219,9.158103942871094,,True
flood:test:USA_1049586_S1Hand:a7d9e9fee02d,flood,test,data/external/sen1floods11/flood_splits/flood_test_data.csv,86,data/external/sen1floods11/flood_sar/USA_1049586_S1Hand.tif,data/external/sen1floods11/flood_mask/USA_1049586_LabelHand.tif,False,True,True,True,True,True,False,True,True,6.423897871976614e-18,512.0,512.0,2.0,512.0,512.0,1.0,,-1.0|0.0|1.0,True,-27.31111717224121,22.10909652709961,-47.1006965637207,7.10017728805542,,True
flood:test:USA_350244_S1Hand:efcb15ed6b4c,flood,test,data/external/sen1floods11/flood_splits/flood_test_data.csv,79,data/external/sen1floods11/flood_sar/USA_350244_S1Hand.tif,data/external/sen1floods11/flood_mask/USA_350244_LabelHand.tif,False,True,True,True,True,True,False,True,True,6.423897871976614e-18,512.0,512.0,2.0,512.0,512.0,1.0,,-1.0|0.0|1.0,True,-31.819015502929688,18.222135543823242,-44.848854064941406,11.201139450073242,,True
flood:test:USA_430764_S1Hand:5eb478b46197,flood,test,data/external/sen1floods11/flood_splits/flood_test_data.csv,78,data/external/sen1floods11/flood_sar/USA_430764_S1Hand.tif,data/external/sen1floods11/flood_mask/USA_430764_LabelHand.tif,False,True,True,True,True,True,False,True,True,6.423897871976614e-18,512.0,512.0,2.0,512.0,512.0,1.0,,-1.0|0.0|1.0,True,-29.502323150634766,10.307272911071777,-47.09009552001953,-1.682410478591919,,True
flood:test:USA_504150_S1Hand:f77fce47df2d,flood,test,data/external/sen1floods11/flood_splits/flood_test_data.csv,89,data/external/sen1floods11/flood_sar/USA_504150_S1Hand.tif,data/external/sen1floods11/flood_mask/USA_504150_LabelHand.tif,False,True,True,True,True,True,False,True,True,6.423897871976614e-18,512.0,512.0,2.0,512.0,512.0,1.0,,-1.0|0.0|1.0,True,-31.025779724121094,24.190916061401367,-47.01963424682617,14.478318214416504,,True
flood:test:USA_519181_S1Hand:a0d6380d5bdc,flood,test,data/external/sen1floods11/flood_splits/flood_test_data.csv,83,data/external/sen1floods11/flood_sar/USA_519181_S1Hand.tif,data/external/sen1floods11/flood_mask/USA_519181_LabelHand.tif,False,True,True,True,True,True,False,True,True,6.423897871976614e-18,512.0,512.0,2.0,512.0,512.0,1.0,,-1.0|0.0|1.0,True,-32.79340744018555,16.705520629882812,-49.998878479003906,10.82824420928955,,True
flood:test:USA_527077_S1Hand:20f1e2fdf7cd,flood,test,data/external/sen1floods11/flood_splits/flood_test_data.csv,80,data/external/sen1floods11/flood_sar/USA_527077_S1Hand.tif,data/external/sen1floods11/flood_mask/USA_527077_LabelHand.tif,False,True,True,True,True,True,False,True,True,6.423897871976614e-18,512.0,512.0,2.0,512.0,512.0,1.0,,-1.0|0.0|1.0,True,-30.9516544342041,9.421891212463379,-49.599822998046875,-2.426790714263916,,True
flood:test:USA_595451_S1Hand:722fc4a86a03,flood,test,data/external/sen1floods11/flood_splits/flood_test_data.csv,87,data/external/sen1floods11/flood_sar/USA_595451_S1Hand.tif,data/external/sen1floods11/flood_mask/USA_595451_LabelHand.tif,False,True,True,True,True,True,False,True,True,6.423897871976614e-18,512.0,512.0,2.0,512.0,512.0,1.0,,-1.0|0.0|1.0,True,-47.374732971191406,4.013206481933594,-54.85744094848633,-5.739983081817627,,True
flood:test:USA_66511_S1Hand:1db2743c8c80,flood,test,data/external/sen1floods11/flood_splits/flood_test_data.csv,82,data/external/sen1floods11/flood_sar/USA_66511_S1Hand.tif,data/external/sen1floods11/flood_mask/USA_66511_LabelHand.tif,False,True,True,True,True,True,False,True,True,6.423897871976614e-18,512.0,512.0,2.0,512.0,512.0,1.0,,-1.0|0.0|1.0,True,-24.944461822509766,8.539327621459961,-42.97040939331055,3.465052366256714,,True
flood:test:USA_670826_S1Hand:d48817126d9f,flood,test,data/external/sen1floods11/flood_splits/flood_test_data.csv,88,data/external/sen1floods11/flood_sar/USA_670826_S1Hand.tif,data/external/sen1floods11/flood_mask/USA_670826_LabelHand.tif,False,True,True,True,True,True,False,True,True,6.423897871976614e-18,512.0,512.0,2.0,512.0,512.0,1.0,,-1.0|0.0|1.0,True,-26.85092544555664,7.2056884765625,-39.36382293701172,-5.565240383148193,,True
flood:test:USA_67102_S1Hand:5615b16e4f58,flood,test,data/external/sen1floods11/flood_splits/flood_test_data.csv,85,data/external/sen1floods11/flood_sar/USA_67102_S1Hand.tif,data/external/sen1floods11/flood_mask/USA_67102_LabelHand.tif,False,True,True,True,True,True,False,True,True,6.423897871976614e-18,512.0,512.0,2.0,512.0,512.0,1.0,,-1.0|0.0|1.0,True,-46.0614013671875,8.124828338623047,-54.18590545654297,-2.213469982147217,,True
flood:test:USA_758178_S1Hand:bafd429d7e5c,flood,test,data/external/sen1floods11/flood_splits/flood_test_data.csv,90,data/external/sen1floods11/flood_sar/USA_758178_S1Hand.tif,data/external/sen1floods11/flood_mask/USA_758178_LabelHand.tif,False,True,True,True,True,True,False,True,True,6.423897871976614e-18,512.0,512.0,2.0,512.0,512.0,1.0,,-1.0|0.0|1.0,True,-32.322017669677734,10.6558198928833,-47.57260513305664,-2.2448461055755615,,True
flood:test:USA_778194_S1Hand:b52f67a18016,flood,test,data/external/sen1floods11/flood_splits/flood_test_data.csv,84,data/external/sen1floods11/flood_sar/USA_778194_S1Hand.tif,data/external/sen1floods11/flood_mask/USA_778194_LabelHand.tif,False,True,True,True,True,True,False,True,True,6.423897871976614e-18,512.0,512.0,2.0,512.0,512.0,1.0,,-1.0|0.0|1.0,True,-31.500244140625,8.937461853027344,-47.0411262512207,1.1146717071533203,,True
flood:test:USA_905409_S1Hand:3ba23a4ed176,flood,test,data/external/sen1floods11/flood_splits/flood_test_data.csv,77,data/external/sen1floods11/flood_sar/USA_905409_S1Hand.tif,data/external/sen1floods11/flood_mask/USA_905409_LabelHand.tif,False,True,True,True,True,True,False,True,True,6.423897871976614e-18,512.0,512.0,2.0,512.0,512.0,1.0,,-1.0|0.0|1.0,True,-31.781105041503906,13.142108917236328,-47.90217590332031,-1.29961097240448,,True
flood:test:USA_933610_S1Hand:20676fe3b4e0,flood,test,data/external/sen1floods11/flood_splits/flood_test_data.csv,81,data/external/sen1floods11/flood_sar/USA_933610_S1Hand.tif,data/external/sen1floods11/flood_mask/USA_933610_LabelHand.tif,False,True,True,True,True,True,False,True,True,6.423897871976614e-18,512.0,512.0,2.0,512.0,512.0,1.0,,-1.0|0.0|1.0,True,-29.0617618560791,10.092225074768066,-47.225433349609375,0.9080577492713928,,True
flood:train:Ghana_103272_S1Hand:f5cda7a43406,flood,train,data/external/sen1floods11/flood_splits/flood_train_data.csv,1,data/external/sen1floods11/flood_sar/Ghana_103272_S1Hand.tif,data/external/sen1floods11/flood_mask/Ghana_103272_LabelHand.tif,False,True,True,True,True,True,False,True,True,3.1170812458958252e-19,512.0,512.0,2.0,512.0,512.0,1.0,,-1.0|0.0|1.0,True,-39.31133270263672,8.586925506591797,-47.37702941894531,-1.3846466541290283,,True
flood:train:Ghana_1089161_S1Hand:f5225b043754,flood,train,data/external/sen1floods11/flood_splits/flood_train_data.csv,24,data/external/sen1floods11/flood_sar/Ghana_1089161_S1Hand.tif,data/external/sen1floods11/flood_mask/Ghana_1089161_LabelHand.tif,False,True,True,True,True,True,False,True,True,3.1170812458958252e-19,512.0,512.0,2.0,512.0,512.0,1.0,,-1.0|0.0|1.0,True,-47.30429458618164,14.499911308288574,-47.39408874511719,4.60711145401001,,True
flood:train:Ghana_11745_S1Hand:e4780a29859b,flood,train,data/external/sen1floods11/flood_splits/flood_train_data.csv,15,data/external/sen1floods11/flood_sar/Ghana_11745_S1Hand.tif,data/external/sen1floods11/flood_mask/Ghana_11745_LabelHand.tif,False,True,True,True,True,True,False,True,True,3.1170812458958252e-19,512.0,512.0,2.0,512.0,512.0,1.0,,0.0,True,-22.41020393371582,-1.5771209001541138,-30.262853622436523,-7.6068902015686035,,True
flood:train:Ghana_128663_S1Hand:92b6dc727f46,flood,train,data/external/sen1floods11/flood_splits/flood_train_data.csv,18,data/external/sen1floods11/flood_sar/Ghana_128663_S1Hand.tif,data/external/sen1floods11/flood_mask/Ghana_128663_LabelHand.tif,False,True,True,True,True,True,False,True,True,3.1170812458958252e-19,512.0,512.0,2.0,512.0,512.0,1.0,,-1.0|0.0,True,-33.372314453125,7.974895477294922,-47.39174270629883,-6.1559648513793945,,True
flood:train:Ghana_134751_S1Hand:b680d4c42c7e,flood,train,data/external/sen1floods11/flood_splits/flood_train_data.csv,6,data/external/sen1floods11/flood_sar/Ghana_134751_S1Hand.tif,data/external/sen1floods11/flood_mask/Ghana_134751_LabelHand.tif,False,True,True,True,True,True,False,True,True,3.1170812458958252e-19,512.0,512.0,2.0,512.0,512.0,1.0,,-1.0|0.0,True,-19.562410354614258,-1.6273949146270752,-27.34563636779785,-7.688567638397217,,True
flood:train:Ghana_135389_S1Hand:f6e2d38c87d6,flood,train,data/external/sen1floods11/flood_splits/flood_train_data.csv,31,data/external/sen1floods11/flood_sar/Ghana_135389_S1Hand.tif,data/external/sen1floods11/flood_mask/Ghana_135389_LabelHand.tif,False,True,True,True,True,True,False,True,True,3.1170812458958252e-19,512.0,512.0,2.0,512.0,512.0,1.0,,-1.0|0.0|1.0,True,-18.329784393310547,-1.0667792558670044,-30.259918212890625,-7.998263359069824,,True
flood:train:Ghana_141910_S1Hand:b13456f945fe,flood,train,data/external/sen1floods11/flood_splits/flood_train_data.csv,13,data/external/sen1floods11/flood_sar/Ghana_141910_S1Hand.tif,data/external/sen1floods11/flood_mask/Ghana_141910_LabelHand.tif,False,True,True,True,True,True,False,True,True,3.1170812458958252e-19,512.0,512.0,2.0,512.0,512.0,1.0,,0.0|1.0,True,-47.00370407104492,1.2820369005203247,-52.01399230957031,-7.835407733917236,,True
flood:train:Ghana_144050_S1Hand:b005f17256bb,flood,train,data/external/sen1floods11/flood_splits/flood_train_data.csv,9,data/external/sen1floods11/flood_sar/Ghana_144050_S1Hand.tif,data/external/sen1floods11/flood_mask/Ghana_144050_LabelHand.tif,False,True,True,True,True,True,False,True,True,3.1170812458958252e-19,512.0,512.0,2.0,512.0,512.0,1.0,,-1.0|0.0,True,-22.17821502685547,1.352729320526123,-33.035343170166016,-8.136757850646973,,True
flood:train:Ghana_146222_S1Hand:5883120f90b2,flood,train,data/external/sen1floods11/flood_splits/flood_train_data.csv,14,data/external/sen1floods11/flood_sar/Ghana_146222_S1Hand.tif,data/external/sen1floods11/flood_mask/Ghana_146222_LabelHand.tif,False,True,True,True,True,True,False,True,True,2.574980159653073e-19,512.0,512.0,2.0,512.0,512.0,1.0,,-1.0|0.0,True,-18.969100952148438,-0.34680506587028503,-25.991682052612305,-6.960108757019043,,True
flood:train:Ghana_147015_S1Hand:db9f70e21e45,flood,train,data/external/sen1floods11/flood_splits/flood_train_data.csv,3,data/external/sen1floods11/flood_sar/Ghana_147015_S1Hand.tif,data/external/sen1floods11/flood_mask/Ghana_147015_LabelHand.tif,False,True,True,True,True,True,False,True,True,3.1170812458958252e-19,512.0,512.0,2.0,512.0,512.0,1.0,,0.0|1.0,True,-24.409690856933594,5.363552570343018,-40.818878173828125,-7.601754665374756,,True
flood:train:Ghana_154838_S1Hand:0df1ef301cc0,flood,train,data/external/sen1floods11/flood_splits/flood_train_data.csv,5,data/external/sen1floods11/flood_sar/Ghana_154838_S1Hand.tif,data/external/sen1floods11/flood_mask/Ghana_154838_LabelHand.tif,False,True,True,True,True,True,False,True,True,2.574980159653073e-19,512.0,512.0,2.0,512.0,512.0,1.0,,-1.0|0.0,True,-21.893796920776367,-0.7746400237083435,-33.114044189453125,-7.571880340576172,,True
flood:train:Ghana_156478_S1Hand:359cb8cc4b4f,flood,train,data/external/sen1floods11/flood_splits/flood_train_data.csv,8,data/external/sen1floods11/flood_sar/Ghana_156478_S1Hand.tif,data/external/sen1floods11/flood_mask/Ghana_156478_LabelHand.tif,False,True,True,True,True,True,False,True,True,3.1170812458958252e-19,512.0,512.0,2.0,512.0,512.0,1.0,,0.0,True,-19.7031192779541,0.6663958430290222,-28.585163116455078,-7.053567886352539,,True
flood:train:Ghana_161233_S1Hand:d2e9139c814c,flood,train,data/external/sen1floods11/flood_splits/flood_train_data.csv,16,data/external/sen1floods11/flood_sar/Ghana_161233_S1Hand.tif,data/external/sen1floods11/flood_mask/Ghana_161233_LabelHand.tif,False,True,True,True,True,True,False,True,True,2.574980159653073e-19,512.0,512.0,2.0,512.0,512.0,1.0,,-1.0|0.0,True,-41.0362434387207,-1.133704662322998,-49.955928802490234,-8.468496322631836,,True
flood:train:Ghana_168875_S1Hand:e6d2b502df67,flood,train,data/external/sen1floods11/flood_splits/flood_train_data.csv,12,data/external/sen1floods11/flood_sar/Ghana_168875_S1Hand.tif,data/external/sen1floods11/flood_mask/Ghana_168875_LabelHand.tif,False,True,True,True,True,True,False,True,True,3.1170812458958252e-19,512.0,512.0,2.0,512.0,512.0,1.0,,-1.0|0.0,True,-18.17755889892578,-0.33255019783973694,-27.50217056274414,-6.669896602630615,,True
flood:train:Ghana_187318_S1Hand:727ed1fde19e,flood,train,data/external/sen1floods11/flood_splits/flood_train_data.csv,22,data/external/sen1floods11/flood_sar/Ghana_187318_S1Hand.tif,data/external/sen1floods11/flood_mask/Ghana_187318_LabelHand.tif,False,True,True,True,True,True,False,True,True,3.1170812458958252e-19,512.0,512.0,2.0,512.0,512.0,1.0,,0.0,True,-24.8123836517334,-0.4809912145137787,-28.88812828063965,-7.278665065765381,,True
flood:train:Ghana_194723_S1Hand:d32b3b764434,flood,train,data/external/sen1floods11/flood_splits/flood_train_data.csv,27,data/external/sen1floods11/flood_sar/Ghana_194723_S1Hand.tif,data/external/sen1floods11/flood_mask/Ghana_194723_LabelHand.tif,False,True,True,True,True,True,False,True,True,3.1170812458958252e-19,512.0,512.0,2.0,512.0,512.0,1.0,,-1.0|0.0,True,-31.465248107910156,1.7929918766021729,-37.3897705078125,-7.1728363037109375,,True
flood:train:Ghana_247288_S1Hand:8ebdebd68cd3,flood,train,data/external/sen1floods11/flood_splits/flood_train_data.csv,26,data/external/sen1floods11/flood_sar/Ghana_247288_S1Hand.tif,data/external/sen1floods11/flood_mask/Ghana_247288_LabelHand.tif,False,True,True,True,True,True,False,True,True,3.1170812458958252e-19,512.0,512.0,2.0,512.0,512.0,1.0,,-1.0|0.0|1.0,True,-41.867149353027344,10.29537296295166,-47.50373077392578,1.4361077547073364,,True
flood:train:Ghana_24858_S1Hand:79dc8bffdc8f,flood,train,data/external/sen1floods11/flood_splits/flood_train_data.csv,2,data/external/sen1floods11/flood_sar/Ghana_24858_S1Hand.tif,data/external/sen1floods11/flood_mask/Ghana_24858_LabelHand.tif,False,True,True,True,True,True,True,True,True,0.0,512.0,512.0,2.0,512.0,512.0,1.0,0.0,1.0,True,-21.869802474975586,2.3687150478363037,-27.676944732666016,-5.7996625900268555,,True
flood:train:Ghana_26376_S1Hand:c15a95d1e60e,flood,train,data/external/sen1floods11/flood_splits/flood_train_data.csv,28,data/external/sen1floods11/flood_sar/Ghana_26376_S1Hand.tif,data/external/sen1floods11/flood_mask/Ghana_26376_LabelHand.tif,False,True,True,True,True,True,False,True,True,3.1170812458958252e-19,512.0,512.0,2.0,512.0,512.0,1.0,,-1.0,True,-21.57434844970703,-0.9177781939506531,-31.11555290222168,-7.330989837646484,,True
flood:train:Ghana_264787_S1Hand:a40def849a8f,flood,train,data/external/sen1floods11/flood_splits/flood_train_data.csv,19,data/external/sen1floods11/flood_sar/Ghana_264787_S1Hand.tif,data/external/sen1floods11/flood_mask/Ghana_264787_LabelHand.tif,False,True,True,True,True,True,False,True,True,2.574980159653073e-19,512.0,512.0,2.0,512.0,512.0,1.0,,-1.0|0.0,True,-21.75059700012207,-0.7550718784332275,-27.1519718170166,-6.6780009269714355,,True
flood:train:Ghana_362274_S1Hand:49597eec33ab,flood,train,data/external/sen1floods11/flood_splits/flood_train_data.csv,23,data/external/sen1floods11/flood_sar/Ghana_362274_S1Hand.tif,data/external/sen1floods11/flood_mask/Ghana_362274_LabelHand.tif,False,True,True,True,True,True,False,True,True,3.1170812458958252e-19,512.0,512.0,2.0,512.0,512.0,1.0,,-1.0|0.0|1.0,True,-38.66444396972656,1.060044288635254,-49.38657760620117,-8.033466339111328,,True
flood:train:Ghana_45911_S1Hand:d761469adf1e,flood,train,data/external/sen1floods11/flood_splits/flood_train_data.csv,29,data/external/sen1floods11/flood_sar/Ghana_45911_S1Hand.tif,data/external/sen1floods11/flood_mask/Ghana_45911_LabelHand.tif,False,True,True,True,True,True,False,True,True,3.1170812458958252e-19,512.0,512.0,2.0,512.0,512.0,1.0,,-1.0|0.0,True,-18.769611358642578,-0.43767839670181274,-25.849567413330078,-5.88416862487793,,True
flood:train:Ghana_49890_S1Hand:5f69fad8f3fc,flood,train,data/external/sen1floods11/flood_splits/flood_train_data.csv,10,data/external/sen1floods11/flood_sar/Ghana_49890_S1Hand.tif,data/external/sen1floods11/flood_mask/Ghana_49890_LabelHand.tif,False,True,True,True,True,True,False,True,True,3.1170812458958252e-19,512.0,512.0,2.0,512.0,512.0,1.0,,0.0,True,-20.357154846191406,-1.0393366813659668,-33.13071823120117,-8.277268409729004,,True
flood:train:Ghana_597288_S1Hand:b88fa86fb565,flood,train,data/external/sen1floods11/flood_splits/flood_train_data.csv,20,data/external/sen1floods11/flood_sar/Ghana_597288_S1Hand.tif,data/external/sen1floods11/flood_mask/Ghana_597288_LabelHand.tif,False,True,True,True,True,True,False,True,True,3.1170812458958252e-19,512.0,512.0,2.0,512.0,512.0,1.0,,0.0|1.0,True,-30.958139419555664,4.02759313583374,-47.094303131103516,-5.914017677307129,,True
flood:train:Ghana_61925_S1Hand:5b1a8cbf1df8,flood,train,data/external/sen1floods11/flood_splits/flood_train_data.csv,7,data/external/sen1floods11/flood_sar/Ghana_61925_S1Hand.tif,data/external/sen1floods11/flood_mask/Ghana_61925_LabelHand.tif,False,True,True,True,True,True,False,True,True,3.1170812458958252e-19,512.0,512.0,2.0,512.0,512.0,1.0,,0.0|1.0,True,-35.04561996459961,-1.0659159421920776,-51.49372863769531,-6.789277076721191,,True
flood:train:Ghana_7496_S1Hand:093ee391fe64,flood,train,data/external/sen1floods11/flood_splits/flood_train_data.csv,17,data/external/sen1floods11/flood_sar/Ghana_7496_S1Hand.tif,data/external/sen1floods11/flood_mask/Ghana_7496_LabelHand.tif,False,True,True,True,True,True,False,True,True,3.1170812458958252e-19,512.0,512.0,2.0,512.0,512.0,1.0,,0.0,True,-19.681922912597656,-1.176804542541504,-30.300926208496094,-6.545165061950684,,True
flood:train:Ghana_8090_S1Hand:b3698fc0ede5,flood,train,data/external/sen1floods11/flood_splits/flood_train_data.csv,21,data/external/sen1floods11/flood_sar/Ghana_8090_S1Hand.tif,data/external/sen1floods11/flood_mask/Ghana_8090_LabelHand.tif,False,True,True,True,True,True,False,True,True,3.1170812458958252e-19,512.0,512.0,2.0,512.0,512.0,1.0,,-1.0|0.0|1.0,True,-19.748449325561523,-0.8957521915435791,-28.558345794677734,-7.834022045135498,,True
flood:train:Ghana_83200_S1Hand:2e55faff848d,flood,train,data/external/sen1floods11/flood_splits/flood_train_data.csv,30,data/external/sen1floods11/flood_sar/Ghana_83200_S1Hand.tif,data/external/sen1floods11/flood_mask/Ghana_83200_LabelHand.tif,False,True,True,True,True,True,False,True,True,3.1170812458958252e-19,512.0,512.0,2.0,512.0,512.0,1.0,,-1.0|0.0|1.0,True,-22.962343215942383,-0.4719741940498352,-41.793609619140625,-8.266036987304688,,True
flood:train:Ghana_887131_S1Hand:b90991fb66c7,flood,train,data/external/sen1floods11/flood_splits/flood_train_data.csv,25,data/external/sen1floods11/flood_sar/Ghana_887131_S1Hand.tif,data/external/sen1floods11/flood_mask/Ghana_887131_LabelHand.tif,False,True,True,True,True,True,False,True,True,3.1170812458958252e-19,512.0,512.0,2.0,512.0,512.0,1.0,,0.0|1.0,True,-28.248119354248047,0.5559736490249634,-47.41618347167969,-7.493337631225586,,True
flood:train:Ghana_953791_S1Hand:366d66e9dba0,flood,train,data/external/sen1floods11/flood_splits/flood_train_data.csv,4,data/external/sen1floods11/flood_sar/Ghana_953791_S1Hand.tif,data/external/sen1floods11/flood_mask/Ghana_953791_LabelHand.tif,False,True,True,True,True,True,False,True,True,3.1170812458958252e-19,512.0,512.0,2.0,512.0,512.0,1.0,,0.0|1.0,True,-29.255308151245117,1.6661620140075684,-44.252525329589844,-8.281761169433594,,True
flood:train:Ghana_97516_S1Hand:3983eb10bfd3,flood,train,data/external/sen1floods11/flood_splits/flood_train_data.csv,11,data/external/sen1floods11/flood_sar/Ghana_97516_S1Hand.tif,data/external/sen1floods11/flood_mask/Ghana_97516_LabelHand.tif,False,True,True,True,True,True,False,True,True,3.1170812458958252e-19,512.0,512.0,2.0,512.0,512.0,1.0,,-1.0|0.0|1.0,True,-32.78690719604492,0.6991075873374939,-47.023780822753906,-7.449826717376709,,True
flood:train:India_1017769_S1Hand:bad97b837064,flood,train,data/external/sen1floods11/flood_splits/flood_train_data.csv,52,data/external/sen1floods11/flood_sar/India_1017769_S1Hand.tif,data/external/sen1floods11/flood_mask/India_1017769_LabelHand.tif,False,True,True,True,True,True,False,True,True,6.423897871976614e-18,512.0,512.0,2.0,512.0,512.0,1.0,,-1.0|0.0|1.0,True,-50.74601745605469,1.4039870500564575,-53.53538131713867,-6.851314067840576,,True
flood:train:India_103447_S1Hand:45c9575a171a,flood,train,data/external/sen1floods11/flood_splits/flood_train_data.csv,59,data/external/sen1floods11/flood_sar/India_103447_S1Hand.tif,data/external/sen1floods11/flood_mask/India_103447_LabelHand.tif,False,True,True,True,True,True,False,True,True,6.423897871976614e-18,512.0,512.0,2.0,512.0,512.0,1.0,,-1.0|0.0|1.0,True,-35.024864196777344,12.600322723388672,-48.52445983886719,7.414898872375488,,True
flood:train:India_1072277_S1Hand:3fc0b9bbfe11,flood,train,data/external/sen1floods11/flood_splits/flood_train_data.csv,33,data/external/sen1floods11/flood_sar/India_1072277_S1Hand.tif,data/external/sen1floods11/flood_mask/India_1072277_LabelHand.tif,False,True,True,True,True,True,False,True,True,6.423897871976614e-18,512.0,512.0,2.0,512.0,512.0,1.0,,-1.0|0.0|1.0,True,-27.218896865844727,14.217148780822754,-47.85340881347656,6.320088863372803,,True
flood:train:India_135434_S1Hand:eddbe5ca8f58,flood,train,data/external/sen1floods11/flood_splits/flood_train_data.csv,64,data/external/sen1floods11/flood_sar/India_135434_S1Hand.tif,data/external/sen1floods11/flood_mask/India_135434_LabelHand.tif,False,True,True,True,True,True,False,True,True,6.423897871976614e-18,512.0,512.0,2.0,512.0,512.0,1.0,,-1.0|0.0|1.0,True,-34.53193664550781,18.142297744750977,-47.474037170410156,3.9573569297790527,,True
flood:train:India_136196_S1Hand:8936d7bf3418,flood,train,data/external/sen1floods11/flood_splits/flood_train_data.csv,60,data/external/sen1floods11/flood_sar/India_136196_S1Hand.tif,data/external/sen1floods11/flood_mask/India_136196_LabelHand.tif,False,True,True,True,True,True,False,True,True,6.423897871976614e-18,512.0,512.0,2.0,512.0,512.0,1.0,,-1.0|0.0,True,-31.234445571899414,8.933173179626465,-47.74314498901367,0.11700110137462616,,True
flood:train:India_166709_S1Hand:678c02ccea6f,flood,train,data/external/sen1floods11/flood_splits/flood_train_data.csv,37,data/external/sen1floods11/flood_sar/India_166709_S1Hand.tif,data/external/sen1floods11/flood_mask/India_166709_LabelHand.tif,False,True,True,True,True,True,False,True,True,6.423897871976614e-18,512.0,512.0,2.0,512.0,512.0,1.0,,-1.0|0.0|1.0,True,-23.38611602783203,4.845066070556641,-48.0546760559082,-2.8133862018585205,,True
flood:train:India_177319_S1Hand:4efca13e4b19,flood,train,data/external/sen1floods11/flood_splits/flood_train_data.csv,35,data/external/sen1floods11/flood_sar/India_177319_S1Hand.tif,data/external/sen1floods11/flood_mask/India_177319_LabelHand.tif,False,True,True,True,True,True,False,True,True,6.423897871976614e-18,512.0,512.0,2.0,512.0,512.0,1.0,,-1.0|0.0|1.0,True,-22.91071891784668,10.506058692932129,-36.461116790771484,4.103365898132324,,True
flood:train:India_179238_S1Hand:69bacee65bc8,flood,train,data/external/sen1floods11/flood_splits/flood_train_data.csv,46,data/external/sen1floods11/flood_sar/India_179238_S1Hand.tif,data/external/sen1floods11/flood_mask/India_179238_LabelHand.tif,False,True,True,True,True,True,False,True,True,6.423897871976614e-18,512.0,512.0,2.0,512.0,512.0,1.0,,-1.0|0.0|1.0,True,-23.72027015686035,13.025178909301758,-45.91145706176758,4.6203742027282715,,True
flood:train:India_207862_S1Hand:914e426c032b,flood,train,data/external/sen1floods11/flood_splits/flood_train_data.csv,44,data/external/sen1floods11/flood_sar/India_207862_S1Hand.tif,data/external/sen1floods11/flood_mask/India_207862_LabelHand.tif,False,True,True,True,True,True,False,True,True,6.423897871976614e-18,512.0,512.0,2.0,512.0,512.0,1.0,,-1.0|0.0|1.0,True,-30.213293075561523,18.246971130371094,-47.67412185668945,9.74384593963623,,True
flood:train:India_25540_S1Hand:94d4e45f236d,flood,train,data/external/sen1floods11/flood_splits/flood_train_data.csv,62,data/external/sen1floods11/flood_sar/India_25540_S1Hand.tif,data/external/sen1floods11/flood_mask/India_25540_LabelHand.tif,False,True,True,True,True,True,False,True,True,6.423897871976614e-18,512.0,512.0,2.0,512.0,512.0,1.0,,-1.0|0.0|1.0,True,-25.536182403564453,14.669412612915039,-46.631187438964844,4.855196952819824,,True
flood:train:India_265762_S1Hand:10c3ede82c60,flood,train,data/external/sen1floods11/flood_splits/flood_train_data.csv,71,data/external/sen1floods11/flood_sar/India_265762_S1Hand.tif,data/external/sen1floods11/flood_mask/India_265762_LabelHand.tif,False,True,True,True,True,True,False,True,True,6.423897871976614e-18,512.0,512.0,2.0,512.0,512.0,1.0,,-1.0|0.0|1.0,True,-25.01263427734375,19.41176986694336,-48.338504791259766,12.405827522277832,,True
flood:train:India_273873_S1Hand:fc5272cfe6bc,flood,train,data/external/sen1floods11/flood_splits/flood_train_data.csv,69,data/external/sen1floods11/flood_sar/India_273873_S1Hand.tif,data/external/sen1floods11/flood_mask/India_273873_LabelHand.tif,False,True,True,True,True,True,False,True,True,6.423897871976614e-18,512.0,512.0,2.0,512.0,512.0,1.0,,-1.0|0.0|1.0,True,-34.578773498535156,9.03127384185791,-48.247684478759766,1.251583456993103,,True
flood:train:India_285297_S1Hand:7e6e47390c2d,flood,train,data/external/sen1floods11/flood_splits/flood_train_data.csv,32,data/external/sen1floods11/flood_sar/India_285297_S1Hand.tif,data/external/sen1floods11/flood_mask/India_285297_LabelHand.tif,False,True,True,True,True,True,False,True,True,6.423897871976614e-18,512.0,512.0,2.0,512.0,512.0,1.0,,-1.0|0.0|1.0,True,-40.93282699584961,19.613025665283203,-47.662391662597656,12.022953987121582,,True
flood:train:India_287642_S1Hand:8b2e960cd5c5,flood,train,data/external/sen1floods11/flood_splits/flood_train_data.csv,47,data/external/sen1floods11/flood_sar/India_287642_S1Hand.tif,data/external/sen1floods11/flood_mask/India_287642_LabelHand.tif,False,True,True,True,True,True,False,True,True,6.423897871976614e-18,512.0,512.0,2.0,512.0,512.0,1.0,,-1.0|0.0|1.0,True,-29.61748695373535,9.789983749389648,-47.56338882446289,-3.32016658782959,,True
flood:train:India_324254_S1Hand:7bf968bbb4c3,flood,train,data/external/sen1floods11/flood_splits/flood_train_data.csv,34,data/external/sen1floods11/flood_sar/India_324254_S1Hand.tif,data/external/sen1floods11/flood_mask/India_324254_LabelHand.tif,False,True,True,True,True,True,False,True,True,6.423897871976614e-18,512.0,512.0,2.0,512.0,512.0,1.0,,0.0|1.0,True,-25.558988571166992,16.531782150268555,-34.89799118041992,9.225789070129395,,True
flood:train:India_373039_S1Hand:c039d06f7c62,flood,train,data/external/sen1floods11/flood_splits/flood_train_data.csv,50,data/external/sen1floods11/flood_sar/India_373039_S1Hand.tif,data/external/sen1floods11/flood_mask/India_373039_LabelHand.tif,False,True,True,True,True,True,False,True,True,6.423897871976614e-18,512.0,512.0,2.0,512.0,512.0,1.0,,-1.0|0.0|1.0,True,-28.684608459472656,8.62438678741455,-47.620601654052734,2.1634349822998047,,True
flood:train:India_383430_S1Hand:be9601e7621a,flood,train,data/external/sen1floods11/flood_splits/flood_train_data.csv,49,data/external/sen1floods11/flood_sar/India_383430_S1Hand.tif,data/external/sen1floods11/flood_mask/India_383430_LabelHand.tif,False,True,True,True,True,True,False,True,True,6.423897871976614e-18,512.0,512.0,2.0,512.0,512.0,1.0,,-1.0|0.0|1.0,True,-44.11168670654297,15.132442474365234,-48.09110641479492,7.660780429840088,,True
flood:train:India_391908_S1Hand:be3b64c28825,flood,train,data/external/sen1floods11/flood_splits/flood_train_data.csv,36,data/external/sen1floods11/flood_sar/India_391908_S1Hand.tif,data/external/sen1floods11/flood_mask/India_391908_LabelHand.tif,False,True,True,True,True,True,False,True,True,6.423897871976614e-18,512.0,512.0,2.0,512.0,512.0,1.0,,-1.0|0.0|1.0,True,-31.256975173950195,10.478002548217773,-48.20242691040039,1.5298054218292236,,True
flood:train:India_500266_S1Hand:0762b10da390,flood,train,data/external/sen1floods11/flood_splits/flood_train_data.csv,45,data/external/sen1floods11/flood_sar/India_500266_S1Hand.tif,data/external/sen1floods11/flood_mask/India_500266_LabelHand.tif,False,True,True,True,True,True,False,True,True,6.423897871976614e-18,512.0,512.0,2.0,512.0,512.0,1.0,,-1.0|0.0|1.0,True,-27.738290786743164,13.66256332397461,-46.984840393066406,5.407844543457031,,True
flood:train:India_534470_S1Hand:b0c9dec11e8b,flood,train,data/external/sen1floods11/flood_splits/flood_train_data.csv,38,data/external/sen1floods11/flood_sar/India_534470_S1Hand.tif,data/external/sen1floods11/flood_mask/India_534470_LabelHand.tif,False,True,True,True,True,True,False,True,True,6.423897871976614e-18,512.0,512.0,2.0,512.0,512.0,1.0,,-1.0|0.0|1.0,True,-24.918350219726562,14.339391708374023,-47.1828727722168,6.245117664337158,,True
flood:train:India_56450_S1Hand:3cb70d936e7a,flood,train,data/external/sen1floods11/flood_splits/flood_train_data.csv,63,data/external/sen1floods11/flood_sar/India_56450_S1Hand.tif,data/external/sen1floods11/flood_mask/India_56450_LabelHand.tif,False,True,True,True,True,True,False,True,True,6.423897871976614e-18,512.0,512.0,2.0,512.0,512.0,1.0,,-1.0|0.0|1.0,True,-24.93910789489746,17.049142837524414,-36.1848030090332,9.9008207321167,,True
flood:train:India_566697_S1Hand:ff211abcfd17,flood,train,data/external/sen1floods11/flood_splits/flood_train_data.csv,57,data/external/sen1floods11/flood_sar/India_566697_S1Hand.tif,data/external/sen1floods11/flood_mask/India_566697_LabelHand.tif,False,True,True,True,True,True,False,True,True,6.423897871976614e-18,512.0,512.0,2.0,512.0,512.0,1.0,,-1.0|0.0|1.0,True,-28.041501998901367,18.989574432373047,-47.75184631347656,5.557286262512207,,True
flood:train:India_591549_S1Hand:870bf3034674,flood,train,data/external/sen1floods11/flood_splits/flood_train_data.csv,68,data/external/sen1floods11/flood_sar/India_591549_S1Hand.tif,data/external/sen1floods11/flood_mask/India_591549_LabelHand.tif,False,True,True,True,True,True,False,True,True,6.423897871976614e-18,512.0,512.0,2.0,512.0,512.0,1.0,,-1.0|0.0|1.0,True,-30.96001434326172,24.666152954101562,-41.364959716796875,17.376384735107422,,True
flood:train:India_59460_S1Hand:19ef79faf886,flood,train,data/external/sen1floods11/flood_splits/flood_train_data.csv,55,data/external/sen1floods11/flood_sar/India_59460_S1Hand.tif,data/external/sen1floods11/flood_mask/India_59460_LabelHand.tif,False,True,True,True,True,True,False,True,True,6.423897871976614e-18,512.0,512.0,2.0,512.0,512.0,1.0,,-1.0|0.0|1.0,True,-28.737777709960938,9.932669639587402,-42.24137496948242,4.643434047698975,,True
flood:train:India_624341_S1Hand:4365a0cd863c,flood,train,data/external/sen1floods11/flood_splits/flood_train_data.csv,56,data/external/sen1floods11/flood_sar/India_624341_S1Hand.tif,data/external/sen1floods11/flood_mask/India_624341_LabelHand.tif,False,True,True,True,True,True,False,True,True,6.423897871976614e-18,512.0,512.0,2.0,512.0,512.0,1.0,,-1.0|0.0|1.0,True,-26.693893432617188,17.538829803466797,-45.546791076660156,5.842587947845459,,True
flood:train:India_652725_S1Hand:a96f66907d7b,flood,train,data/external/sen1floods11/flood_splits/flood_train_data.csv,65,data/external/sen1floods11/flood_sar/India_652725_S1Hand.tif,data/external/sen1floods11/flood_mask/India_652725_LabelHand.tif,False,True,True,True,True,True,False,True,True,6.423897871976614e-18,512.0,512.0,2.0,512.0,512.0,1.0,,-1.0|0.0|1.0,True,-37.160160064697266,18.260488510131836,-47.62818145751953,8.753785133361816,,True
flood:train:India_664410_S1Hand:c79e58c2dc9b,flood,train,data/external/sen1floods11/flood_splits/flood_train_data.csv,42,data/external/sen1floods11/flood_sar/India_664410_S1Hand.tif,data/external/sen1floods11/flood_mask/India_664410_LabelHand.tif,False,True,True,True,True,True,False,True,True,6.423897871976614e-18,512.0,512.0,2.0,512.0,512.0,1.0,,-1.0|0.0|1.0,True,-29.8994197845459,7.957015037536621,-47.92378616333008,-3.243798017501831,,True
flood:train:India_698338_S1Hand:f07784c3351e,flood,train,data/external/sen1floods11/flood_splits/flood_train_data.csv,51,data/external/sen1floods11/flood_sar/India_698338_S1Hand.tif,data/external/sen1floods11/flood_mask/India_698338_LabelHand.tif,False,True,True,True,True,True,False,True,True,6.423897871976614e-18,512.0,512.0,2.0,512.0,512.0,1.0,,-1.0|0.0|1.0,True,-23.44485092163086,21.434837341308594,-48.17338180541992,13.438753128051758,,True
flood:train:India_707886_S1Hand:dde9aa2cffde,flood,train,data/external/sen1floods11/flood_splits/flood_train_data.csv,70,data/external/sen1floods11/flood_sar/India_707886_S1Hand.tif,data/external/sen1floods11/flood_mask/India_707886_LabelHand.tif,False,True,True,True,True,True,False,True,True,6.423897871976614e-18,512.0,512.0,2.0,512.0,512.0,1.0,,-1.0|0.0|1.0,True,-45.424644470214844,7.687286853790283,-47.89493942260742,1.9563871622085571,,True
flood:train:India_73419_S1Hand:785e228d898b,flood,train,data/external/sen1floods11/flood_splits/flood_train_data.csv,67,data/external/sen1floods11/flood_sar/India_73419_S1Hand.tif,data/external/sen1floods11/flood_mask/India_73419_LabelHand.tif,False,True,True,True,True,True,False,True,True,6.423897871976614e-18,512.0,512.0,2.0,512.0,512.0,1.0,,-1.0|0.0|1.0,True,-30.22062110900879,19.847043991088867,-46.71711349487305,9.690164566040039,,True
flood:train:India_747970_S1Hand:0e7b15714ba5,flood,train,data/external/sen1floods11/flood_splits/flood_train_data.csv,43,data/external/sen1floods11/flood_sar/India_747970_S1Hand.tif,data/external/sen1floods11/flood_mask/India_747970_LabelHand.tif,False,True,True,True,True,True,False,True,True,6.423897871976614e-18,512.0,512.0,2.0,512.0,512.0,1.0,,-1.0|0.0|1.0,True,-31.350502014160156,16.39934539794922,-47.908687591552734,8.042376518249512,,True
flood:train:India_773682_S1Hand:79158f61cb63,flood,train,data/external/sen1floods11/flood_splits/flood_train_data.csv,39,data/external/sen1floods11/flood_sar/India_773682_S1Hand.tif,data/external/sen1floods11/flood_mask/India_773682_LabelHand.tif,False,True,True,True,True,True,False,True,True,6.423897871976614e-18,512.0,512.0,2.0,512.0,512.0,1.0,,-1.0|0.0|1.0,True,-34.34920120239258,11.680649757385254,-47.6882209777832,1.7223070859909058,,True
flood:train:India_774689_S1Hand:392c19d71c0c,flood,train,data/external/sen1floods11/flood_splits/flood_train_data.csv,48,data/external/sen1floods11/flood_sar/India_774689_S1Hand.tif,data/external/sen1floods11/flood_mask/India_774689_LabelHand.tif,False,True,True,True,True,True,False,True,True,6.423897871976614e-18,512.0,512.0,2.0,512.0,512.0,1.0,,-1.0|0.0|1.0,True,-42.972900390625,14.318520545959473,-47.70676803588867,2.5531578063964844,,True
flood:train:India_804466_S1Hand:2de732528d47,flood,train,data/external/sen1floods11/flood_splits/flood_train_data.csv,58,data/external/sen1floods11/flood_sar/India_804466_S1Hand.tif,data/external/sen1floods11/flood_mask/India_804466_LabelHand.tif,False,True,True,True,True,True,False,True,True,6.423897871976614e-18,512.0,512.0,2.0,512.0,512.0,1.0,,-1.0|0.0|1.0,True,-33.73932647705078,8.92487621307373,-47.7435417175293,-2.6379475593566895,,True
flood:train:India_842775_S1Hand:5f714a9a57f1,flood,train,data/external/sen1floods11/flood_splits/flood_train_data.csv,61,data/external/sen1floods11/flood_sar/India_842775_S1Hand.tif,data/external/sen1floods11/flood_mask/India_842775_LabelHand.tif,False,True,True,True,True,True,False,True,True,6.423897871976614e-18,512.0,512.0,2.0,512.0,512.0,1.0,,-1.0|0.0|1.0,True,-24.075664520263672,18.926128387451172,-44.20407485961914,10.17697811126709,,True
flood:train:India_91379_S1Hand:38915ae18cf3,flood,train,data/external/sen1floods11/flood_splits/flood_train_data.csv,54,data/external/sen1floods11/flood_sar/India_91379_S1Hand.tif,data/external/sen1floods11/flood_mask/India_91379_LabelHand.tif,False,True,True,True,True,True,False,True,True,6.423897871976614e-18,512.0,512.0,2.0,512.0,512.0,1.0,,-1.0|0.0|1.0,True,-29.40143585205078,18.39676856994629,-47.9688835144043,10.509784698486328,,True
flood:train:India_943439_S1Hand:ab5ad0cb1f58,flood,train,data/external/sen1floods11/flood_splits/flood_train_data.csv,66,data/external/sen1floods11/flood_sar/India_943439_S1Hand.tif,data/external/sen1floods11/flood_mask/India_943439_LabelHand.tif,False,True,True,True,True,True,False,True,True,6.423897871976614e-18,512.0,512.0,2.0,512.0,512.0,1.0,,-1.0|0.0|1.0,True,-47.95964813232422,12.625666618347168,-48.833168029785156,4.796529293060303,,True
flood:train:India_956930_S1Hand:4930e7533667,flood,train,data/external/sen1floods11/flood_splits/flood_train_data.csv,40,data/external/sen1floods11/flood_sar/India_956930_S1Hand.tif,data/external/sen1floods11/flood_mask/India_956930_LabelHand.tif,False,True,True,True,True,True,False,True,True,6.423897871976614e-18,512.0,512.0,2.0,512.0,512.0,1.0,,-1.0|0.0|1.0,True,-36.52406311035156,21.5538387298584,-48.570621490478516,8.801491737365723,,True
flood:train:India_979278_S1Hand:9f969ddbbbf0,flood,train,data/external/sen1floods11/flood_splits/flood_train_data.csv,41,data/external/sen1floods11/flood_sar/India_979278_S1Hand.tif,data/external/sen1floods11/flood_mask/India_979278_LabelHand.tif,False,True,True,True,True,True,False,True,True,6.423897871976614e-18,512.0,512.0,2.0,512.0,512.0,1.0,,-1.0|0.0|1.0,True,-39.01594543457031,6.60865592956543,-47.47959899902344,-4.876285076141357,,True
flood:train:India_981708_S1Hand:c885f4512125,flood,train,data/external/sen1floods11/flood_splits/flood_train_data.csv,53,data/external/sen1floods11/flood_sar/India_981708_S1Hand.tif,data/external/sen1floods11/flood_mask/India_981708_LabelHand.tif,False,True,True,True,True,True,False,True,True,6.423897871976614e-18,512.0,512.0,2.0,512.0,512.0,1.0,,-1.0|0.0|1.0,True,-65.45004272460938,20.16878318786621,-79.16144561767578,12.642666816711426,,True
flood:train:Mekong_1111068_S1Hand:7ac01890d3c9,flood,train,data/external/sen1floods11/flood_splits/flood_train_data.csv,82,data/external/sen1floods11/flood_sar/Mekong_1111068_S1Hand.tif,data/external/sen1floods11/flood_mask/Mekong_1111068_LabelHand.tif,False,True,True,True,True,True,False,True,True,6.423897871976614e-18,512.0,512.0,2.0,512.0,512.0,1.0,,-1.0|0.0|1.0,True,-25.876781463623047,9.312369346618652,-47.227386474609375,-0.7480763792991638,,True
flood:train:Mekong_1191208_S1Hand:62956fd9ec66,flood,train,data/external/sen1floods11/flood_splits/flood_train_data.csv,76,data/external/sen1floods11/flood_sar/Mekong_1191208_S1Hand.tif,data/external/sen1floods11/flood_mask/Mekong_1191208_LabelHand.tif,False,True,True,True,True,True,False,True,True,6.423897871976614e-18,512.0,512.0,2.0,512.0,512.0,1.0,,-1.0|0.0|1.0,True,-49.05044174194336,5.686763286590576,-53.28076171875,-7.360809326171875,,True
flood:train:Mekong_119477_S1Hand:8e3e94523af4,flood,train,data/external/sen1floods11/flood_splits/flood_train_data.csv,79,data/external/sen1floods11/flood_sar/Mekong_119477_S1Hand.tif,data/external/sen1floods11/flood_mask/Mekong_119477_LabelHand.tif,False,True,True,True,True,True,False,True,True,6.423897871976614e-18,512.0,512.0,2.0,512.0,512.0,1.0,,-1.0|0.0|1.0,True,-21.79966926574707,2.8337385654449463,-34.64883804321289,-5.684020042419434,,True
flood:train:Mekong_1248200_S1Hand:e524aa70b8f1,flood,train,data/external/sen1floods11/flood_splits/flood_train_data.csv,89,data/external/sen1floods11/flood_sar/Mekong_1248200_S1Hand.tif,data/external/sen1floods11/flood_mask/Mekong_1248200_LabelHand.tif,False,True,True,True,True,True,False,True,True,6.423897871976614e-18,512.0,512.0,2.0,512.0,512.0,1.0,,-1.0|0.0|1.0,True,-32.37672424316406,8.134356498718262,-54.56930923461914,-6.82032585144043,,True
flood:train:Mekong_1282475_S1Hand:f01f875cb548,flood,train,data/external/sen1floods11/flood_splits/flood_train_data.csv,83,data/external/sen1floods11/flood_sar/Mekong_1282475_S1Hand.tif,data/external/sen1floods11/flood_mask/Mekong_1282475_LabelHand.tif,False,True,True,True,True,True,False,True,True,6.423897871976614e-18,512.0,512.0,2.0,512.0,512.0,1.0,,0.0|1.0,True,-34.79486846923828,0.6270921230316162,-47.18962860107422,0.29792749881744385,,True
flood:train:Mekong_1395593_S1Hand:857a1e23b39a,flood,train,data/external/sen1floods11/flood_splits/flood_train_data.csv,86,data/external/sen1floods11/flood_sar/Mekong_1395593_S1Hand.tif,data/external/sen1floods11/flood_mask/Mekong_1395593_LabelHand.tif,False,True,True,True,True,True,False,True,True,6.423897871976614e-18,512.0,512.0,2.0,512.0,512.0,1.0,,-1.0|0.0|1.0,True,-36.33318328857422,4.855796813964844,-52.43720245361328,-3.0543558597564697,,True
flood:train:Mekong_1396181_S1Hand:3a296af26969,flood,train,data/external/sen1floods11/flood_splits/flood_train_data.csv,88,data/external/sen1floods11/flood_sar/Mekong_1396181_S1Hand.tif,data/external/sen1floods11/flood_mask/Mekong_1396181_LabelHand.tif,False,True,True,True,True,True,False,True,True,6.423897871976614e-18,512.0,512.0,2.0,512.0,512.0,1.0,,-1.0|0.0|1.0,True,-49.98988342285156,17.12140655517578,-53.2747917175293,-6.824774742126465,,True
flood:train:Mekong_1439641_S1Hand:dc7fd49b4fb2,flood,train,data/external/sen1floods11/flood_splits/flood_train_data.csv,75,data/external/sen1floods11/flood_sar/Mekong_1439641_S1Hand.tif,data/external/sen1floods11/flood_mask/Mekong_1439641_LabelHand.tif,False,True,True,True,True,True,False,True,True,6.423897871976614e-18,512.0,512.0,2.0,512.0,512.0,1.0,,-1.0|0.0|1.0,True,-44.19001007080078,12.386762619018555,-60.388580322265625,5.9002604484558105,,True
flood:train:Mekong_16233_S1Hand:482132bee7d7,flood,train,data/external/sen1floods11/flood_splits/flood_train_data.csv,84,data/external/sen1floods11/flood_sar/Mekong_16233_S1Hand.tif,data/external/sen1floods11/flood_mask/Mekong_16233_LabelHand.tif,False,True,True,True,True,True,False,True,True,6.423897871976614e-18,512.0,512.0,2.0,512.0,512.0,1.0,,-1.0|0.0|1.0,True,-38.4688720703125,6.3225579261779785,-47.12521743774414,-4.813234806060791,,True
flood:train:Mekong_213094_S1Hand:48d9b75e6f91,flood,train,data/external/sen1floods11/flood_splits/flood_train_data.csv,78,data/external/sen1floods11/flood_sar/Mekong_213094_S1Hand.tif,data/external/sen1floods11/flood_mask/Mekong_213094_LabelHand.tif,False,True,True,True,True,True,False,True,True,6.423897871976614e-18,512.0,512.0,2.0,512.0,512.0,1.0,,-1.0|0.0|1.0,True,-19.66054344177246,2.602128744125366,-30.69773292541504,-6.762739658355713,,True
flood:train:Mekong_221789_S1Hand:cb291c9ddf56,flood,train,data/external/sen1floods11/flood_splits/flood_train_data.csv,72,data/external/sen1floods11/flood_sar/Mekong_221789_S1Hand.tif,data/external/sen1floods11/flood_mask/Mekong_221789_LabelHand.tif,False,True,True,True,True,True,False,True,True,6.423897871976614e-18,512.0,512.0,2.0,512.0,512.0,1.0,,-1.0|0.0,True,-20.834142684936523,0.8818097710609436,-30.570409774780273,-4.781608581542969,,True
flood:train:Mekong_269835_S1Hand:08e8fc68e0ad,flood,train,data/external/sen1floods11/flood_splits/flood_train_data.csv,80,data/external/sen1floods11/flood_sar/Mekong_269835_S1Hand.tif,data/external/sen1floods11/flood_mask/Mekong_269835_LabelHand.tif,False,True,True,True,True,True,False,True,True,6.423897871976614e-18,512.0,512.0,2.0,512.0,512.0,1.0,,-1.0|0.0|1.0,True,-29.137998580932617,-1.1959410905838013,-44.97561264038086,-6.987168312072754,,True
flood:train:Mekong_342411_S1Hand:d6dbb0ee4adc,flood,train,data/external/sen1floods11/flood_splits/flood_train_data.csv,85,data/external/sen1floods11/flood_sar/Mekong_342411_S1Hand.tif,data/external/sen1floods11/flood_mask/Mekong_342411_LabelHand.tif,False,True,True,True,True,True,False,True,True,6.423897871976614e-18,512.0,512.0,2.0,512.0,512.0,1.0,,-1.0|0.0|1.0,True,-31.355478286743164,5.6486334800720215,-47.41660690307617,-2.912876844406128,,True
flood:train:Mekong_52610_S1Hand:ca0c8eeacb7c,flood,train,data/external/sen1floods11/flood_splits/flood_train_data.csv,73,data/external/sen1floods11/flood_sar/Mekong_52610_S1Hand.tif,data/external/sen1floods11/flood_mask/Mekong_52610_LabelHand.tif,False,True,True,True,True,True,False,True,True,6.423897871976614e-18,512.0,512.0,2.0,512.0,512.0,1.0,,0.0|1.0,True,-46.31296920776367,6.422411918640137,-56.2050895690918,-1.0437963008880615,,True
flood:train:Mekong_596495_S1Hand:ba30f7e57079,flood,train,data/external/sen1floods11/flood_splits/flood_train_data.csv,74,data/external/sen1floods11/flood_sar/Mekong_596495_S1Hand.tif,data/external/sen1floods11/flood_mask/Mekong_596495_LabelHand.tif,False,True,True,True,True,True,False,True,True,6.423897871976614e-18,512.0,512.0,2.0,512.0,512.0,1.0,,-1.0|0.0|1.0,True,-49.99800109863281,16.682897567749023,-55.50377655029297,-5.6141886711120605,,True
flood:train:Mekong_774566_S1Hand:41c51e379024,flood,train,data/external/sen1floods11/flood_splits/flood_train_data.csv,77,data/external/sen1floods11/flood_sar/Mekong_774566_S1Hand.tif,data/external/sen1floods11/flood_mask/Mekong_774566_LabelHand.tif,False,True,True,True,True,True,False,True,True,6.423897871976614e-18,512.0,512.0,2.0,512.0,512.0,1.0,,-1.0|0.0|1.0,True,-45.17073440551758,-0.008005879819393158,-54.22976303100586,-3.7352259159088135,,True
flood:train:Mekong_846007_S1Hand:634167a99b74,flood,train,data/external/sen1floods11/flood_splits/flood_train_data.csv,81,data/external/sen1floods11/flood_sar/Mekong_846007_S1Hand.tif,data/external/sen1floods11/flood_mask/Mekong_846007_LabelHand.tif,False,True,True,True,True,True,False,True,True,6.423897871976614e-18,512.0,512.0,2.0,512.0,512.0,1.0,,-1.0|0.0|1.0,True,-33.18582534790039,12.713202476501465,-47.182003021240234,-2.044987440109253,,True
flood:train:Mekong_922373_S1Hand:1b1671aba991,flood,train,data/external/sen1floods11/flood_splits/flood_train_data.csv,87,data/external/sen1floods11/flood_sar/Mekong_922373_S1Hand.tif,data/external/sen1floods11/flood_mask/Mekong_922373_LabelHand.tif,False,True,True,True,True,True,False,True,True,6.423897871976614e-18,512.0,512.0,2.0,512.0,512.0,1.0,,-1.0|0.0|1.0,True,-34.69304275512695,9.001314163208008,-51.15391159057617,-5.971607685089111,,True
flood:train:Nigeria_143329_S1Hand:b06291c9c44f,flood,train,data/external/sen1floods11/flood_splits/flood_train_data.csv,91,data/external/sen1floods11/flood_sar/Nigeria_143329_S1Hand.tif,data/external/sen1floods11/flood_mask/Nigeria_143329_LabelHand.tif,False,True,True,True,True,True,False,True,True,5.149960319306146e-19,512.0,512.0,2.0,512.0,512.0,1.0,,-1.0|0.0|1.0,True,-25.250598907470703,-1.182840347290039,-36.88106155395508,-8.180024147033691,,True
flood:train:Nigeria_35845_S1Hand:95df41f0fe73,flood,train,data/external/sen1floods11/flood_splits/flood_train_data.csv,95,data/external/sen1floods11/flood_sar/Nigeria_35845_S1Hand.tif,data/external/sen1floods11/flood_mask/Nigeria_35845_LabelHand.tif,False,True,True,True,True,True,False,True,True,5.149960319306146e-19,512.0,512.0,2.0,512.0,512.0,1.0,,-1.0|0.0|1.0,True,-25.306209564208984,4.02932071685791,-30.846149444580078,-5.612537860870361,,True
flood:train:Nigeria_439488_S1Hand:53874510c017,flood,train,data/external/sen1floods11/flood_splits/flood_train_data.csv,92,data/external/sen1floods11/flood_sar/Nigeria_439488_S1Hand.tif,data/external/sen1floods11/flood_mask/Nigeria_439488_LabelHand.tif,False,True,True,True,True,True,False,True,True,5.149960319306146e-19,512.0,512.0,2.0,512.0,512.0,1.0,,-1.0|0.0|1.0,True,-22.404293060302734,10.973958015441895,-39.38518524169922,1.7357279062271118,,True
flood:train:Nigeria_529525_S1Hand:4a9db779e313,flood,train,data/external/sen1floods11/flood_splits/flood_train_data.csv,90,data/external/sen1floods11/flood_sar/Nigeria_529525_S1Hand.tif,data/external/sen1floods11/flood_mask/Nigeria_529525_LabelHand.tif,False,True,True,True,True,True,False,True,True,5.149960319306146e-19,512.0,512.0,2.0,512.0,512.0,1.0,,0.0|1.0,True,-45.57707595825195,0.028538497164845467,-60.44136047363281,-7.430656433105469,,True
flood:train:Nigeria_598959_S1Hand:eb1d593c74c5,flood,train,data/external/sen1floods11/flood_splits/flood_train_data.csv,96,data/external/sen1floods11/flood_sar/Nigeria_598959_S1Hand.tif,data/external/sen1floods11/flood_mask/Nigeria_598959_LabelHand.tif,False,True,True,True,True,True,False,True,True,5.149960319306146e-19,512.0,512.0,2.0,512.0,512.0,1.0,,-1.0|0.0|1.0,True,-24.740982055664062,3.3714611530303955,-47.07490539550781,-6.935851097106934,,True
flood:train:Nigeria_600295_S1Hand:d5626392ca01,flood,train,data/external/sen1floods11/flood_splits/flood_train_data.csv,99,data/external/sen1floods11/flood_sar/Nigeria_600295_S1Hand.tif,data/external/sen1floods11/flood_mask/Nigeria_600295_LabelHand.tif,False,True,True,True,True,True,False,True,True,5.149960319306146e-19,512.0,512.0,2.0,512.0,512.0,1.0,,-1.0|0.0|1.0,True,-40.959659576416016,2.922909736633301,-55.90470886230469,-1.2436424493789673,,True
flood:train:Nigeria_707067_S1Hand:02f8695efc22,flood,train,data/external/sen1floods11/flood_splits/flood_train_data.csv,93,data/external/sen1floods11/flood_sar/Nigeria_707067_S1Hand.tif,data/external/sen1floods11/flood_mask/Nigeria_707067_LabelHand.tif,False,True,True,True,True,True,False,True,True,5.149960319306146e-19,512.0,512.0,2.0,512.0,512.0,1.0,,-1.0|0.0|1.0,True,-23.45110321044922,1.0527902841567993,-40.1300163269043,-5.457533836364746,,True
flood:train:Nigeria_78061_S1Hand:54f3fee13215,flood,train,data/external/sen1floods11/flood_splits/flood_train_data.csv,98,data/external/sen1floods11/flood_sar/Nigeria_78061_S1Hand.tif,data/external/sen1floods11/flood_mask/Nigeria_78061_LabelHand.tif,False,True,True,True,True,True,False,True,True,5.149960319306146e-19,512.0,512.0,2.0,512.0,512.0,1.0,,-1.0|0.0|1.0,True,-33.754817962646484,7.638461589813232,-47.01171875,-6.973537921905518,,True
flood:train:Nigeria_81933_S1Hand:ce80111d1bce,flood,train,data/external/sen1floods11/flood_splits/flood_train_data.csv,94,data/external/sen1floods11/flood_sar/Nigeria_81933_S1Hand.tif,data/external/sen1floods11/flood_mask/Nigeria_81933_LabelHand.tif,False,True,True,True,True,True,False,True,True,5.149960319306146e-19,512.0,512.0,2.0,512.0,512.0,1.0,,-1.0|0.0|1.0,True,-39.11888885498047,6.381307601928711,-58.0816650390625,-4.7603302001953125,,True
flood:train:Nigeria_952958_S1Hand:4c3dc1ef3261,flood,train,data/external/sen1floods11/flood_splits/flood_train_data.csv,97,data/external/sen1floods11/flood_sar/Nigeria_952958_S1Hand.tif,data/external/sen1floods11/flood_mask/Nigeria_952958_LabelHand.tif,False,True,True,True,True,True,False,True,True,5.149960319306146e-19,512.0,512.0,2.0,512.0,512.0,1.0,,-1.0|0.0|1.0,True,-41.67474365234375,-0.6740323305130005,-49.99916458129883,-6.687373638153076,,True
flood:train:Pakistan_1036366_S1Hand:c0a24ecb95fc,flood,train,data/external/sen1floods11/flood_splits/flood_train_data.csv,114,data/external/sen1floods11/flood_sar/Pakistan_1036366_S1Hand.tif,data/external/sen1floods11/flood_mask/Pakistan_1036366_LabelHand.tif,False,True,True,True,True,True,False,True,True,6.423897871976614e-18,512.0,512.0,2.0,512.0,512.0,1.0,,-1.0|0.0|1.0,True,-42.88795852661133,5.504057884216309,-54.27027893066406,-7.569937229156494,,True
flood:train:Pakistan_132143_S1Hand:0e292770b6f0,flood,train,data/external/sen1floods11/flood_splits/flood_train_data.csv,101,data/external/sen1floods11/flood_sar/Pakistan_132143_S1Hand.tif,data/external/sen1floods11/flood_mask/Pakistan_132143_LabelHand.tif,False,True,True,True,True,True,False,True,True,6.423897871976614e-18,512.0,512.0,2.0,512.0,512.0,1.0,,0.0,True,-25.466920852661133,10.03133487701416,-47.732540130615234,-5.286617279052734,,True
flood:train:Pakistan_211386_S1Hand:fd0e3e3bd75b,flood,train,data/external/sen1floods11/flood_splits/flood_train_data.csv,109,data/external/sen1floods11/flood_sar/Pakistan_211386_S1Hand.tif,data/external/sen1floods11/flood_mask/Pakistan_211386_LabelHand.tif,False,True,True,True,True,True,False,True,True,6.423897871976614e-18,512.0,512.0,2.0,512.0,512.0,1.0,,-1.0|0.0|1.0,True,-29.8132266998291,8.449261665344238,-46.386512756347656,-4.779975891113281,,True
flood:train:Pakistan_246510_S1Hand:a86c9d828f6b,flood,train,data/external/sen1floods11/flood_splits/flood_train_data.csv,104,data/external/sen1floods11/flood_sar/Pakistan_246510_S1Hand.tif,data/external/sen1floods11/flood_mask/Pakistan_246510_LabelHand.tif,False,True,True,True,True,True,False,True,True,6.423897871976614e-18,512.0,512.0,2.0,512.0,512.0,1.0,,-1.0|0.0|1.0,True,-37.62701416015625,6.0703840255737305,-50.85842514038086,-4.292677402496338,,True
flood:train:Pakistan_246718_S1Hand:4ac9e49efb68,flood,train,data/external/sen1floods11/flood_splits/flood_train_data.csv,111,data/external/sen1floods11/flood_sar/Pakistan_246718_S1Hand.tif,data/external/sen1floods11/flood_mask/Pakistan_246718_LabelHand.tif,False,True,True,True,True,True,False,True,True,6.423897871976614e-18,512.0,512.0,2.0,512.0,512.0,1.0,,-1.0|0.0|1.0,True,-30.488515853881836,0.40511396527290344,-50.66446304321289,-7.1887288093566895,,True
flood:train:Pakistan_35915_S1Hand:cc9f953a30a5,flood,train,data/external/sen1floods11/flood_splits/flood_train_data.csv,103,data/external/sen1floods11/flood_sar/Pakistan_35915_S1Hand.tif,data/external/sen1floods11/flood_mask/Pakistan_35915_LabelHand.tif,False,True,True,True,True,True,False,True,True,6.423897871976614e-18,512.0,512.0,2.0,512.0,512.0,1.0,,-1.0|0.0|1.0,True,-38.000770568847656,2.211752414703369,-48.59144973754883,-7.034748077392578,,True
flood:train:Pakistan_366265_S1Hand:cef252d5048c,flood,train,data/external/sen1floods11/flood_splits/flood_train_data.csv,106,data/external/sen1floods11/flood_sar/Pakistan_366265_S1Hand.tif,data/external/sen1floods11/flood_mask/Pakistan_366265_LabelHand.tif,False,True,True,True,True,True,False,True,True,6.423897871976614e-18,512.0,512.0,2.0,512.0,512.0,1.0,,-1.0|0.0|1.0,True,-31.04475975036621,16.128679275512695,-47.834598541259766,-4.497114181518555,,True
flood:train:Pakistan_401863_S1Hand:230da9486488,flood,train,data/external/sen1floods11/flood_splits/flood_train_data.csv,110,data/external/sen1floods11/flood_sar/Pakistan_401863_S1Hand.tif,data/external/sen1floods11/flood_mask/Pakistan_401863_LabelHand.tif,False,True,True,True,True,True,False,True,True,6.423897871976614e-18,512.0,512.0,2.0,512.0,512.0,1.0,,-1.0|0.0|1.0,True,-36.7765998840332,4.280869483947754,-48.64945983886719,-5.4884867668151855,,True
flood:train:Pakistan_474121_S1Hand:b5e19c7894e7,flood,train,data/external/sen1floods11/flood_splits/flood_train_data.csv,112,data/external/sen1floods11/flood_sar/Pakistan_474121_S1Hand.tif,data/external/sen1floods11/flood_mask/Pakistan_474121_LabelHand.tif,False,True,True,True,True,True,False,True,True,6.423897871976614e-18,512.0,512.0,2.0,512.0,512.0,1.0,,-1.0|0.0|1.0,True,-46.6773796081543,7.318414211273193,-47.965946197509766,-3.0055582523345947,,True
flood:train:Pakistan_548910_S1Hand:409829b997ab,flood,train,data/external/sen1floods11/flood_splits/flood_train_data.csv,107,data/external/sen1floods11/flood_sar/Pakistan_548910_S1Hand.tif,data/external/sen1floods11/flood_mask/Pakistan_548910_LabelHand.tif,False,True,True,True,True,True,False,True,True,6.423897871976614e-18,512.0,512.0,2.0,512.0,512.0,1.0,,-1.0|0.0|1.0,True,-24.793420791625977,18.72072410583496,-45.18570327758789,3.5580599308013916,,True
flood:train:Pakistan_65724_S1Hand:89b47230ab0c,flood,train,data/external/sen1floods11/flood_splits/flood_train_data.csv,113,data/external/sen1floods11/flood_sar/Pakistan_65724_S1Hand.tif,data/external/sen1floods11/flood_mask/Pakistan_65724_LabelHand.tif,False,True,True,True,True,True,False,True,True,6.423897871976614e-18,512.0,512.0,2.0,512.0,512.0,1.0,,-1.0|0.0,True,-26.083904266357422,11.822362899780273,-49.16130447387695,0.7193731069564819,,True
flood:train:Pakistan_667363_S1Hand:9279976a8639,flood,train,data/external/sen1floods11/flood_splits/flood_train_data.csv,105,data/external/sen1floods11/flood_sar/Pakistan_667363_S1Hand.tif,data/external/sen1floods11/flood_mask/Pakistan_667363_LabelHand.tif,False,True,True,True,True,True,False,True,True,6.423897871976614e-18,512.0,512.0,2.0,512.0,512.0,1.0,,-1.0|0.0|1.0,True,-29.214588165283203,8.718287467956543,-49.79814147949219,-5.7175984382629395,,True
flood:train:Pakistan_712873_S1Hand:2a6e6779cd76,flood,train,data/external/sen1floods11/flood_splits/flood_train_data.csv,102,data/external/sen1floods11/flood_sar/Pakistan_712873_S1Hand.tif,data/external/sen1floods11/flood_mask/Pakistan_712873_LabelHand.tif,False,True,True,True,True,True,False,True,True,6.423897871976614e-18,512.0,512.0,2.0,512.0,512.0,1.0,,-1.0|0.0|1.0,True,-27.42228126525879,4.571086406707764,-47.35213088989258,-5.714178562164307,,True
flood:train:Pakistan_740461_S1Hand:6ab1974a6097,flood,train,data/external/sen1floods11/flood_splits/flood_train_data.csv,108,data/external/sen1floods11/flood_sar/Pakistan_740461_S1Hand.tif,data/external/sen1floods11/flood_mask/Pakistan_740461_LabelHand.tif,False,True,True,True,True,True,False,True,True,6.423897871976614e-18,512.0,512.0,2.0,512.0,512.0,1.0,,-1.0|0.0,True,-32.708351135253906,6.918482303619385,-50.79145431518555,-1.2600821256637573,,True
flood:train:Pakistan_760290_S1Hand:128089c5b0df,flood,train,data/external/sen1floods11/flood_splits/flood_train_data.csv,115,data/external/sen1floods11/flood_sar/Pakistan_760290_S1Hand.tif,data/external/sen1floods11/flood_mask/Pakistan_760290_LabelHand.tif,False,True,True,True,True,True,False,True,True,6.423897871976614e-18,512.0,512.0,2.0,512.0,512.0,1.0,,-1.0|0.0,True,-37.99095153808594,12.86832046508789,-49.956321716308594,-1.7716608047485352,,True
flood:train:Pakistan_909806_S1Hand:903ec1c7112e,flood,train,data/external/sen1floods11/flood_splits/flood_train_data.csv,100,data/external/sen1floods11/flood_sar/Pakistan_909806_S1Hand.tif,data/external/sen1floods11/flood_mask/Pakistan_909806_LabelHand.tif,False,True,True,True,True,True,False,True,True,6.423897871976614e-18,512.0,512.0,2.0,512.0,512.0,1.0,,-1.0|0.0|1.0,True,-28.609193801879883,7.278606414794922,-41.72344970703125,-5.757524490356445,,True
flood:train:Paraguay_1029042_S1Hand:7e772fe174b9,flood,train,data/external/sen1floods11/flood_splits/flood_train_data.csv,125,data/external/sen1floods11/flood_sar/Paraguay_1029042_S1Hand.tif,data/external/sen1floods11/flood_mask/Paraguay_1029042_LabelHand.tif,False,True,True,True,True,True,False,True,True,5.149960319306146e-19,512.0,512.0,2.0,512.0,512.0,1.0,,-1.0|0.0|1.0,True,-41.03055953979492,-0.9950191974639893,-52.543949127197266,-6.467805862426758,,True
flood:train:Paraguay_1056717_S1Hand:bdde7a11332a,flood,train,data/external/sen1floods11/flood_splits/flood_train_data.csv,141,data/external/sen1floods11/flood_sar/Paraguay_1056717_S1Hand.tif,data/external/sen1floods11/flood_mask/Paraguay_1056717_LabelHand.tif,False,True,True,True,True,True,False,True,True,5.149960319306146e-19,512.0,512.0,2.0,512.0,512.0,1.0,,0.0|1.0,True,-30.24329376220703,-1.2864758968353271,-43.812355041503906,-7.808838844299316,,True
flood:train:Paraguay_1076204_S1Hand:d807276e004b,flood,train,data/external/sen1floods11/flood_splits/flood_train_data.csv,135,data/external/sen1floods11/flood_sar/Paraguay_1076204_S1Hand.tif,data/external/sen1floods11/flood_mask/Paraguay_1076204_LabelHand.tif,False,True,True,True,True,True,False,True,True,5.149960319306146e-19,512.0,512.0,2.0,512.0,512.0,1.0,,0.0|1.0,True,-34.12682342529297,-0.19036069512367249,-47.21147918701172,-7.622372150421143,,True
flood:train:Paraguay_11869_S1Hand:d4ee814be392,flood,train,data/external/sen1floods11/flood_splits/flood_train_data.csv,128,data/external/sen1floods11/flood_sar/Paraguay_11869_S1Hand.tif,data/external/sen1floods11/flood_mask/Paraguay_11869_LabelHand.tif,False,True,True,True,True,True,False,True,True,5.149960319306146e-19,512.0,512.0,2.0,512.0,512.0,1.0,,-1.0|0.0|1.0,True,-29.008779525756836,3.5455944538116455,-44.17133712768555,-7.187385082244873,,True
flood:train:Paraguay_126224_S1Hand:a70d33958a5d,flood,train,data/external/sen1floods11/flood_splits/flood_train_data.csv,120,data/external/sen1floods11/flood_sar/Paraguay_126224_S1Hand.tif,data/external/sen1floods11/flood_mask/Paraguay_126224_LabelHand.tif,False,True,True,True,True,True,False,True,True,5.149960319306146e-19,512.0,512.0,2.0,512.0,512.0,1.0,,0.0|1.0,True,-34.11396026611328,0.5948666334152222,-51.07952880859375,-6.971851825714111,,True
flood:train:Paraguay_12870_S1Hand:b30e4d54db67,flood,train,data/external/sen1floods11/flood_splits/flood_train_data.csv,119,data/external/sen1floods11/flood_sar/Paraguay_12870_S1Hand.tif,data/external/sen1floods11/flood_mask/Paraguay_12870_LabelHand.tif,False,True,True,True,True,True,False,True,True,5.149960319306146e-19,512.0,512.0,2.0,512.0,512.0,1.0,,0.0,True,-27.285722732543945,-0.5173852443695068,-50.02348327636719,-7.284607887268066,,True
flood:train:Paraguay_148318_S1Hand:b5037b766662,flood,train,data/external/sen1floods11/flood_splits/flood_train_data.csv,133,data/external/sen1floods11/flood_sar/Paraguay_148318_S1Hand.tif,data/external/sen1floods11/flood_mask/Paraguay_148318_LabelHand.tif,False,True,True,True,True,True,False,True,True,5.149960319306146e-19,512.0,512.0,2.0,512.0,512.0,1.0,,-1.0|0.0|1.0,True,-27.53431510925293,5.201471328735352,-47.6016960144043,-6.387582778930664,,True
flood:train:Paraguay_149787_S1Hand:083dd2ba52a8,flood,train,data/external/sen1floods11/flood_splits/flood_train_data.csv,143,data/external/sen1floods11/flood_sar/Paraguay_149787_S1Hand.tif,data/external/sen1floods11/flood_mask/Paraguay_149787_LabelHand.tif,False,True,True,True,True,True,False,True,True,5.149960319306146e-19,512.0,512.0,2.0,512.0,512.0,1.0,,0.0|1.0,True,-42.060218811035156,-0.3746403455734253,-47.158634185791016,-7.305418491363525,,True
flood:train:Paraguay_149830_S1Hand:ed37a50c302d,flood,train,data/external/sen1floods11/flood_splits/flood_train_data.csv,150,data/external/sen1floods11/flood_sar/Paraguay_149830_S1Hand.tif,data/external/sen1floods11/flood_mask/Paraguay_149830_LabelHand.tif,False,True,True,True,True,True,False,True,True,5.149960319306146e-19,512.0,512.0,2.0,512.0,512.0,1.0,,-1.0|0.0|1.0,True,-26.489688873291016,-1.173006296157837,-42.34761428833008,-6.071680068969727,,True
flood:train:Paraguay_179624_S1Hand:e7e23eb062e6,flood,train,data/external/sen1floods11/flood_splits/flood_train_data.csv,124,data/external/sen1floods11/flood_sar/Paraguay_179624_S1Hand.tif,data/external/sen1floods11/flood_mask/Paraguay_179624_LabelHand.tif,False,True,True,True,True,True,False,True,True,5.149960319306146e-19,512.0,512.0,2.0,512.0,512.0,1.0,,-1.0|0.0|1.0,True,-22.57650375366211,-0.553678035736084,-40.1982536315918,-7.5105671882629395,,True
flood:train:Paraguay_191503_S1Hand:49270613be7e,flood,train,data/external/sen1floods11/flood_splits/flood_train_data.csv,134,data/external/sen1floods11/flood_sar/Paraguay_191503_S1Hand.tif,data/external/sen1floods11/flood_mask/Paraguay_191503_LabelHand.tif,False,True,True,True,True,True,False,True,True,5.149960319306146e-19,512.0,512.0,2.0,512.0,512.0,1.0,,0.0|1.0,True,-24.573827743530273,1.5352929830551147,-47.32033157348633,-6.007511615753174,,True
flood:train:Paraguay_198534_S1Hand:d398662503de,flood,train,data/external/sen1floods11/flood_splits/flood_train_data.csv,136,data/external/sen1floods11/flood_sar/Paraguay_198534_S1Hand.tif,data/external/sen1floods11/flood_mask/Paraguay_198534_LabelHand.tif,False,True,True,True,True,True,False,True,True,5.149960319306146e-19,512.0,512.0,2.0,512.0,512.0,1.0,,-1.0|0.0,True,-32.36965560913086,-0.6622538566589355,-49.069862365722656,-7.403337478637695,,True
flood:train:Paraguay_212687_S1Hand:6f2422f34858,flood,train,data/external/sen1floods11/flood_splits/flood_train_data.csv,147,data/external/sen1floods11/flood_sar/Paraguay_212687_S1Hand.tif,data/external/sen1floods11/flood_mask/Paraguay_212687_LabelHand.tif,False,True,True,True,True,True,False,True,True,5.149960319306146e-19,512.0,512.0,2.0,512.0,512.0,1.0,,0.0|1.0,True,-22.92219352722168,-0.9431818723678589,-40.32464599609375,-8.058342933654785,,True
flood:train:Paraguay_215904_S1Hand:3f19355ea4ba,flood,train,data/external/sen1floods11/flood_splits/flood_train_data.csv,121,data/external/sen1floods11/flood_sar/Paraguay_215904_S1Hand.tif,data/external/sen1floods11/flood_mask/Paraguay_215904_LabelHand.tif,False,True,True,True,True,True,False,True,True,5.149960319306146e-19,512.0,512.0,2.0,512.0,512.0,1.0,,-1.0|0.0,True,-25.813945770263672,1.3455549478530884,-47.58055114746094,-8.770272254943848,,True
flood:train:Paraguay_224845_S1Hand:8917a9993eb0,flood,train,data/external/sen1floods11/flood_splits/flood_train_data.csv,149,data/external/sen1floods11/flood_sar/Paraguay_224845_S1Hand.tif,data/external/sen1floods11/flood_mask/Paraguay_224845_LabelHand.tif,False,True,True,True,True,True,False,True,True,5.149960319306146e-19,512.0,512.0,2.0,512.0,512.0,1.0,,-1.0|0.0,True,-23.17710304260254,-1.0015215873718262,-35.6918830871582,-9.65478801727295,,True
flood:train:Paraguay_225187_S1Hand:9f5c2701e981,flood,train,data/external/sen1floods11/flood_splits/flood_train_data.csv,154,data/external/sen1floods11/flood_sar/Paraguay_225187_S1Hand.tif,data/external/sen1floods11/flood_mask/Paraguay_225187_LabelHand.tif,False,True,True,True,True,True,False,True,True,5.149960319306146e-19,512.0,512.0,2.0,512.0,512.0,1.0,,0.0|1.0,True,-29.21370506286621,-0.0346970371901989,-48.00151824951172,-7.645862102508545,,True
flood:train:Paraguay_24341_S1Hand:7698cc86975f,flood,train,data/external/sen1floods11/flood_splits/flood_train_data.csv,130,data/external/sen1floods11/flood_sar/Paraguay_24341_S1Hand.tif,data/external/sen1floods11/flood_mask/Paraguay_24341_LabelHand.tif,False,True,True,True,True,True,False,True,True,5.149960319306146e-19,512.0,512.0,2.0,512.0,512.0,1.0,,0.0|1.0,True,-45.840023040771484,2.6553080081939697,-50.02437210083008,-7.350345611572266,,True
flood:train:Paraguay_246154_S1Hand:d01c586f7312,flood,train,data/external/sen1floods11/flood_splits/flood_train_data.csv,126,data/external/sen1floods11/flood_sar/Paraguay_246154_S1Hand.tif,data/external/sen1floods11/flood_mask/Paraguay_246154_LabelHand.tif,False,True,True,True,True,True,False,True,True,5.149960319306146e-19,512.0,512.0,2.0,512.0,512.0,1.0,,0.0|1.0,True,-23.16195297241211,-0.6292224526405334,-31.540002822875977,-7.997079372406006,,True
flood:train:Paraguay_247656_S1Hand:b779bd69e24f,flood,train,data/external/sen1floods11/flood_splits/flood_train_data.csv,123,data/external/sen1floods11/flood_sar/Paraguay_247656_S1Hand.tif,data/external/sen1floods11/flood_mask/Paraguay_247656_LabelHand.tif,False,True,True,True,True,True,False,True,True,5.149960319306146e-19,512.0,512.0,2.0,512.0,512.0,1.0,,0.0|1.0,True,-40.09366989135742,4.772086143493652,-47.17520523071289,-5.909398078918457,,True
flood:train:Paraguay_339807_S1Hand:7026043dfdd9,flood,train,data/external/sen1floods11/flood_splits/flood_train_data.csv,140,data/external/sen1floods11/flood_sar/Paraguay_339807_S1Hand.tif,data/external/sen1floods11/flood_mask/Paraguay_339807_LabelHand.tif,False,True,True,True,True,True,False,True,True,5.149960319306146e-19,512.0,512.0,2.0,512.0,512.0,1.0,,-1.0|0.0|1.0,True,-40.8910026550293,-0.5821983218193054,-51.407508850097656,-7.260214805603027,,True
flood:train:Paraguay_36015_S1Hand:0570cdde6d92,flood,train,data/external/sen1floods11/flood_splits/flood_train_data.csv,118,data/external/sen1floods11/flood_sar/Paraguay_36015_S1Hand.tif,data/external/sen1floods11/flood_mask/Paraguay_36015_LabelHand.tif,False,True,True,True,True,True,False,True,True,5.149960319306146e-19,512.0,512.0,2.0,512.0,512.0,1.0,,-1.0|0.0,True,-29.947721481323242,-0.843929648399353,-48.096622467041016,-7.015497207641602,,True
flood:train:Paraguay_36146_S1Hand:102f20b6b867,flood,train,data/external/sen1floods11/flood_splits/flood_train_data.csv,144,data/external/sen1floods11/flood_sar/Paraguay_36146_S1Hand.tif,data/external/sen1floods11/flood_mask/Paraguay_36146_LabelHand.tif,False,True,True,True,True,True,False,True,True,5.149960319306146e-19,512.0,512.0,2.0,512.0,512.0,1.0,,0.0,True,-27.123252868652344,7.0610127449035645,-41.34925079345703,-6.608428001403809,,True
flood:train:Paraguay_403081_S1Hand:2fd7163cc05a,flood,train,data/external/sen1floods11/flood_splits/flood_train_data.csv,142,data/external/sen1floods11/flood_sar/Paraguay_403081_S1Hand.tif,data/external/sen1floods11/flood_mask/Paraguay_403081_LabelHand.tif,False,True,True,True,True,True,False,True,True,5.149960319306146e-19,512.0,512.0,2.0,512.0,512.0,1.0,,-1.0|0.0|1.0,True,-41.80555725097656,4.885923385620117,-47.005882263183594,-7.240124225616455,,True
flood:train:Paraguay_44682_S1Hand:22a111291c12,flood,train,data/external/sen1floods11/flood_splits/flood_train_data.csv,152,data/external/sen1floods11/flood_sar/Paraguay_44682_S1Hand.tif,data/external/sen1floods11/flood_mask/Paraguay_44682_LabelHand.tif,False,True,True,True,True,True,False,True,True,5.149960319306146e-19,512.0,512.0,2.0,512.0,512.0,1.0,,0.0|1.0,True,-22.4393367767334,-0.7144181728363037,-31.817197799682617,-7.157193183898926,,True
flood:train:Paraguay_470303_S1Hand:d4e0d66ded1e,flood,train,data/external/sen1floods11/flood_splits/flood_train_data.csv,137,data/external/sen1floods11/flood_sar/Paraguay_470303_S1Hand.tif,data/external/sen1floods11/flood_mask/Paraguay_470303_LabelHand.tif,False,True,True,True,True,True,False,True,True,5.149960319306146e-19,512.0,512.0,2.0,512.0,512.0,1.0,,0.0|1.0,True,-25.248348236083984,0.772796630859375,-47.16895294189453,-7.497365474700928,,True
flood:train:Paraguay_482517_S1Hand:737d8636733e,flood,train,data/external/sen1floods11/flood_splits/flood_train_data.csv,146,data/external/sen1floods11/flood_sar/Paraguay_482517_S1Hand.tif,data/external/sen1floods11/flood_mask/Paraguay_482517_LabelHand.tif,False,True,True,True,True,True,False,True,True,5.149960319306146e-19,512.0,512.0,2.0,512.0,512.0,1.0,,-1.0|0.0|1.0,True,-41.92350769042969,-0.6609313488006592,-50.24412155151367,-7.201335906982422,,True
flood:train:Paraguay_48673_S1Hand:1e4da49bb92d,flood,train,data/external/sen1floods11/flood_splits/flood_train_data.csv,151,data/external/sen1floods11/flood_sar/Paraguay_48673_S1Hand.tif,data/external/sen1floods11/flood_mask/Paraguay_48673_LabelHand.tif,False,True,True,True,True,True,False,True,True,5.149960319306146e-19,512.0,512.0,2.0,512.0,512.0,1.0,,0.0|1.0,True,-26.74226951599121,2.5581746101379395,-46.142356872558594,-7.104846000671387,,True
flood:train:Paraguay_54421_S1Hand:007d8a54b4a6,flood,train,data/external/sen1floods11/flood_splits/flood_train_data.csv,122,data/external/sen1floods11/flood_sar/Paraguay_54421_S1Hand.tif,data/external/sen1floods11/flood_mask/Paraguay_54421_LabelHand.tif,False,True,True,True,True,True,False,True,True,5.149960319306146e-19,512.0,512.0,2.0,512.0,512.0,1.0,,0.0|1.0,True,-25.660884857177734,9.58089828491211,-47.316768646240234,-2.5297961235046387,,True
flood:train:Paraguay_605682_S1Hand:507d4adb0544,flood,train,data/external/sen1floods11/flood_splits/flood_train_data.csv,131,data/external/sen1floods11/flood_sar/Paraguay_605682_S1Hand.tif,data/external/sen1floods11/flood_mask/Paraguay_605682_LabelHand.tif,False,True,True,True,True,True,False,True,True,5.149960319306146e-19,512.0,512.0,2.0,512.0,512.0,1.0,,0.0|1.0,True,-40.710487365722656,1.3893386125564575,-51.69742965698242,-7.744848251342773,,True
flood:train:Paraguay_62897_S1Hand:f8c3783b09c0,flood,train,data/external/sen1floods11/flood_splits/flood_train_data.csv,117,data/external/sen1floods11/flood_sar/Paraguay_62897_S1Hand.tif,data/external/sen1floods11/flood_mask/Paraguay_62897_LabelHand.tif,False,True,True,True,True,True,False,True,True,5.149960319306146e-19,512.0,512.0,2.0,512.0,512.0,1.0,,0.0|1.0,True,-22.912227630615234,-0.20618696510791779,-46.64323806762695,-7.063796043395996,,True
flood:train:Paraguay_721886_S1Hand:1fa15ca154c8,flood,train,data/external/sen1floods11/flood_splits/flood_train_data.csv,116,data/external/sen1floods11/flood_sar/Paraguay_721886_S1Hand.tif,data/external/sen1floods11/flood_mask/Paraguay_721886_LabelHand.tif,False,True,True,True,True,True,False,True,True,5.149960319306146e-19,512.0,512.0,2.0,512.0,512.0,1.0,,0.0|1.0,True,-30.128280639648438,-0.34619641304016113,-52.54009246826172,-6.164196491241455,,True
flood:train:Paraguay_791364_S1Hand:deeb0ecd90f7,flood,train,data/external/sen1floods11/flood_splits/flood_train_data.csv,148,data/external/sen1floods11/flood_sar/Paraguay_791364_S1Hand.tif,data/external/sen1floods11/flood_mask/Paraguay_791364_LabelHand.tif,False,True,True,True,True,True,False,True,True,5.149960319306146e-19,512.0,512.0,2.0,512.0,512.0,1.0,,-1.0|0.0|1.0,True,-20.188814163208008,-1.677152395248413,-29.857864379882812,-7.2708210945129395,,True
flood:train:Paraguay_792268_S1Hand:42b39a2519cf,flood,train,data/external/sen1floods11/flood_splits/flood_train_data.csv,145,data/external/sen1floods11/flood_sar/Paraguay_792268_S1Hand.tif,data/external/sen1floods11/flood_mask/Paraguay_792268_LabelHand.tif,False,True,True,True,True,True,False,True,True,5.149960319306146e-19,512.0,512.0,2.0,512.0,512.0,1.0,,-1.0|0.0|1.0,True,-29.349470138549805,16.183732986450195,-38.02297592163086,0.5475631952285767,,True
flood:train:Paraguay_795075_S1Hand:05fa09eb3d23,flood,train,data/external/sen1floods11/flood_splits/flood_train_data.csv,139,data/external/sen1floods11/flood_sar/Paraguay_795075_S1Hand.tif,data/external/sen1floods11/flood_mask/Paraguay_795075_LabelHand.tif,False,True,True,True,True,True,False,True,True,5.149960319306146e-19,512.0,512.0,2.0,512.0,512.0,1.0,,-1.0|0.0|1.0,True,-33.783241271972656,0.5763022899627686,-47.06117248535156,-6.58402156829834,,True
flood:train:Paraguay_822142_S1Hand:8d8e172eba12,flood,train,data/external/sen1floods11/flood_splits/flood_train_data.csv,138,data/external/sen1floods11/flood_sar/Paraguay_822142_S1Hand.tif,data/external/sen1floods11/flood_mask/Paraguay_822142_LabelHand.tif,False,True,True,True,True,True,False,True,True,5.149960319306146e-19,512.0,512.0,2.0,512.0,512.0,1.0,,0.0|1.0,True,-43.57405471801758,1.0020085573196411,-55.64052200317383,-7.697040557861328,,True
flood:train:Paraguay_892933_S1Hand:e344ed975fd9,flood,train,data/external/sen1floods11/flood_splits/flood_train_data.csv,127,data/external/sen1floods11/flood_sar/Paraguay_892933_S1Hand.tif,data/external/sen1floods11/flood_mask/Paraguay_892933_LabelHand.tif,False,True,True,True,True,True,False,True,True,5.149960319306146e-19,512.0,512.0,2.0,512.0,512.0,1.0,,0.0|1.0,True,-25.808618545532227,1.465036153793335,-50.98354721069336,-7.7856903076171875,,True
flood:train:Paraguay_921838_S1Hand:25fa8ce93944,flood,train,data/external/sen1floods11/flood_splits/flood_train_data.csv,129,data/external/sen1floods11/flood_sar/Paraguay_921838_S1Hand.tif,data/external/sen1floods11/flood_mask/Paraguay_921838_LabelHand.tif,False,True,True,True,True,True,False,True,True,5.149960319306146e-19,512.0,512.0,2.0,512.0,512.0,1.0,,0.0|1.0,True,-31.913394927978516,0.33458957076072693,-55.41850662231445,-6.856717109680176,,True
flood:train:Paraguay_989230_S1Hand:d91195eb5393,flood,train,data/external/sen1floods11/flood_splits/flood_train_data.csv,153,data/external/sen1floods11/flood_sar/Paraguay_989230_S1Hand.tif,data/external/sen1floods11/flood_mask/Paraguay_989230_LabelHand.tif,False,True,True,True,True,True,False,True,True,5.149960319306146e-19,512.0,512.0,2.0,512.0,512.0,1.0,,-1.0|0.0|1.0,True,-41.320552825927734,8.896536827087402,-47.1705436706543,-2.8345515727996826,,True
flood:train:Paraguay_997480_S1Hand:c6fa99e4d5c0,flood,train,data/external/sen1floods11/flood_splits/flood_train_data.csv,132,data/external/sen1floods11/flood_sar/Paraguay_997480_S1Hand.tif,data/external/sen1floods11/flood_mask/Paraguay_997480_LabelHand.tif,False,True,True,True,True,True,False,True,True,5.149960319306146e-19,512.0,512.0,2.0,512.0,512.0,1.0,,0.0|1.0,True,-28.94131851196289,0.07666707783937454,-47.27628707885742,-8.074847221374512,,True
flood:train:Somalia_1068756_S1Hand:4fad08c77ac1,flood,train,data/external/sen1floods11/flood_splits/flood_train_data.csv,168,data/external/sen1floods11/flood_sar/Somalia_1068756_S1Hand.tif,data/external/sen1floods11/flood_mask/Somalia_1068756_LabelHand.tif,False,True,True,True,True,True,False,True,True,9.486769009248164e-20,512.0,512.0,2.0,512.0,512.0,1.0,,-1.0|0.0|1.0,True,-40.83101272583008,-3.8674373626708984,-52.10914993286133,-6.669859886169434,,True
flood:train:Somalia_1087508_S1Hand:569cbe918734,flood,train,data/external/sen1floods11/flood_splits/flood_train_data.csv,164,data/external/sen1floods11/flood_sar/Somalia_1087508_S1Hand.tif,data/external/sen1floods11/flood_mask/Somalia_1087508_LabelHand.tif,False,True,True,True,True,True,False,True,True,9.486769009248164e-20,512.0,512.0,2.0,512.0,512.0,1.0,,-1.0|0.0|1.0,True,-34.298316955566406,15.819951057434082,-48.232666015625,4.69561243057251,,True
flood:train:Somalia_195014_S1Hand:809fb249dc61,flood,train,data/external/sen1floods11/flood_splits/flood_train_data.csv,162,data/external/sen1floods11/flood_sar/Somalia_195014_S1Hand.tif,data/external/sen1floods11/flood_mask/Somalia_195014_LabelHand.tif,False,True,True,True,True,True,False,True,True,9.486769009248164e-20,512.0,512.0,2.0,512.0,512.0,1.0,,-1.0|0.0,True,-24.00997543334961,-3.256425380706787,-37.98169708251953,-8.428604125976562,,True
flood:train:Somalia_205466_S1Hand:ba92f7941492,flood,train,data/external/sen1floods11/flood_splits/flood_train_data.csv,169,data/external/sen1floods11/flood_sar/Somalia_205466_S1Hand.tif,data/external/sen1floods11/flood_mask/Somalia_205466_LabelHand.tif,False,True,True,True,True,True,False,True,True,5.149960319306146e-19,512.0,512.0,2.0,512.0,512.0,1.0,,-1.0|0.0|1.0,True,-24.874116897583008,-2.5159056186676025,-38.3635139465332,-9.30813217163086,,True
flood:train:Somalia_230192_S1Hand:8526efa91322,flood,train,data/external/sen1floods11/flood_splits/flood_train_data.csv,158,data/external/sen1floods11/flood_sar/Somalia_230192_S1Hand.tif,data/external/sen1floods11/flood_mask/Somalia_230192_LabelHand.tif,False,True,True,True,True,True,False,True,True,9.486769009248164e-20,512.0,512.0,2.0,512.0,512.0,1.0,,-1.0|0.0|1.0,True,-28.15744400024414,-3.6522374153137207,-47.02149200439453,-7.862863540649414,,True
flood:train:Somalia_295782_S1Hand:4880958a4e90,flood,train,data/external/sen1floods11/flood_splits/flood_train_data.csv,165,data/external/sen1floods11/flood_sar/Somalia_295782_S1Hand.tif,data/external/sen1floods11/flood_mask/Somalia_295782_LabelHand.tif,False,True,True,True,True,True,False,True,True,9.486769009248164e-20,512.0,512.0,2.0,512.0,512.0,1.0,,-1.0|0.0|1.0,True,-45.61882400512695,5.72369384765625,-49.42341613769531,-6.936770439147949,,True
flood:train:Somalia_32375_S1Hand:ce8c66949fc7,flood,train,data/external/sen1floods11/flood_splits/flood_train_data.csv,163,data/external/sen1floods11/flood_sar/Somalia_32375_S1Hand.tif,data/external/sen1floods11/flood_mask/Somalia_32375_LabelHand.tif,False,True,True,True,True,True,False,True,True,5.149960319306146e-19,512.0,512.0,2.0,512.0,512.0,1.0,,-1.0|0.0|1.0,True,-28.218412399291992,-2.9141881465911865,-49.30238723754883,-8.522970199584961,,True
flood:train:Somalia_371421_S1Hand:71684fe27f99,flood,train,data/external/sen1floods11/flood_splits/flood_train_data.csv,157,data/external/sen1floods11/flood_sar/Somalia_371421_S1Hand.tif,data/external/sen1floods11/flood_mask/Somalia_371421_LabelHand.tif,False,True,True,True,True,True,False,True,True,5.149960319306146e-19,512.0,512.0,2.0,512.0,512.0,1.0,,-1.0|0.0|1.0,True,-31.98052406311035,-0.07346539944410324,-47.35078048706055,-6.422182083129883,,True
flood:train:Somalia_626316_S1Hand:bbdcd1a56725,flood,train,data/external/sen1floods11/flood_splits/flood_train_data.csv,167,data/external/sen1floods11/flood_sar/Somalia_626316_S1Hand.tif,data/external/sen1floods11/flood_mask/Somalia_626316_LabelHand.tif,False,True,True,True,True,True,False,True,True,9.486769009248164e-20,512.0,512.0,2.0,512.0,512.0,1.0,,-1.0|0.0|1.0,True,-47.418209075927734,-3.1478888988494873,-49.93235778808594,-8.918181419372559,,True
flood:train:Somalia_7931_S1Hand:9f05b70972a1,flood,train,data/external/sen1floods11/flood_splits/flood_train_data.csv,161,data/external/sen1floods11/flood_sar/Somalia_7931_S1Hand.tif,data/external/sen1floods11/flood_mask/Somalia_7931_LabelHand.tif,False,True,True,True,True,True,False,True,True,9.486769009248164e-20,512.0,512.0,2.0,512.0,512.0,1.0,,-1.0|0.0,True,-21.435157775878906,-2.6892831325531006,-38.78050994873047,-7.208049774169922,,True
flood:train:Somalia_886726_S1Hand:360ea05ba51b,flood,train,data/external/sen1floods11/flood_splits/flood_train_data.csv,159,data/external/sen1floods11/flood_sar/Somalia_886726_S1Hand.tif,data/external/sen1floods11/flood_mask/Somalia_886726_LabelHand.tif,False,True,True,True,True,True,False,True,True,5.149960319306146e-19,512.0,512.0,2.0,512.0,512.0,1.0,,-1.0|0.0|1.0,True,-46.3815803527832,-1.170570731163025,-49.57455062866211,-6.683744430541992,,True
flood:train:Somalia_93023_S1Hand:341cccd8cf8d,flood,train,data/external/sen1floods11/flood_splits/flood_train_data.csv,156,data/external/sen1floods11/flood_sar/Somalia_93023_S1Hand.tif,data/external/sen1floods11/flood_mask/Somalia_93023_LabelHand.tif,False,True,True,True,True,True,False,True,True,9.486769009248164e-20,512.0,512.0,2.0,512.0,512.0,1.0,,-1.0|0.0,True,-28.289472579956055,2.465320587158203,-46.49220275878906,-8.624273300170898,,True
flood:train:Somalia_970508_S1Hand:75c66ecbe581,flood,train,data/external/sen1floods11/flood_splits/flood_train_data.csv,166,data/external/sen1floods11/flood_sar/Somalia_970508_S1Hand.tif,data/external/sen1floods11/flood_mask/Somalia_970508_LabelHand.tif,False,True,True,True,True,True,False,True,True,5.149960319306146e-19,512.0,512.0,2.0,512.0,512.0,1.0,,-1.0|0.0|1.0,True,-43.763797760009766,17.324668884277344,-51.28024673461914,6.813714981079102,,True
flood:train:Somalia_989553_S1Hand:227321ea88a8,flood,train,data/external/sen1floods11/flood_splits/flood_train_data.csv,155,data/external/sen1floods11/flood_sar/Somalia_989553_S1Hand.tif,data/external/sen1floods11/flood_mask/Somalia_989553_LabelHand.tif,False,True,True,True,True,True,False,True,True,5.149960319306146e-19,512.0,512.0,2.0,512.0,512.0,1.0,,-1.0|0.0|1.0,True,-42.91502380371094,4.688422203063965,-48.63090515136719,-3.44748854637146,,True
flood:train:Somalia_992457_S1Hand:18df797a4c80,flood,train,data/external/sen1floods11/flood_splits/flood_train_data.csv,160,data/external/sen1floods11/flood_sar/Somalia_992457_S1Hand.tif,data/external/sen1floods11/flood_mask/Somalia_992457_LabelHand.tif,False,True,True,True,True,True,False,True,True,9.486769009248164e-20,512.0,512.0,2.0,512.0,512.0,1.0,,-1.0|0.0|1.0,True,-36.51329803466797,5.262760162353516,-48.56592559814453,-5.436066627502441,,True
flood:train:Spain_1167260_S1Hand:ec9a821c82cc,flood,train,data/external/sen1floods11/flood_splits/flood_train_data.csv,180,data/external/sen1floods11/flood_sar/Spain_1167260_S1Hand.tif,data/external/sen1floods11/flood_mask/Spain_1167260_LabelHand.tif,False,True,True,True,True,True,False,True,True,3.1170812458958252e-19,512.0,512.0,2.0,512.0,512.0,1.0,,-1.0|0.0|1.0,True,-46.37406539916992,29.926393508911133,-48.39236831665039,8.728548049926758,,True
flood:train:Spain_2472849_S1Hand:3ac193b786a2,flood,train,data/external/sen1floods11/flood_splits/flood_train_data.csv,174,data/external/sen1floods11/flood_sar/Spain_2472849_S1Hand.tif,data/external/sen1floods11/flood_mask/Spain_2472849_LabelHand.tif,False,True,True,True,True,True,False,True,True,3.1170812458958252e-19,512.0,512.0,2.0,512.0,512.0,1.0,,-1.0|0.0|1.0,True,-25.402368545532227,18.294143676757812,-43.28633117675781,6.577904224395752,,True
flood:train:Spain_2523247_S1Hand:079bab105a1c,flood,train,data/external/sen1floods11/flood_splits/flood_train_data.csv,177,data/external/sen1floods11/flood_sar/Spain_2523247_S1Hand.tif,data/external/sen1floods11/flood_mask/Spain_2523247_LabelHand.tif,False,True,True,True,True,True,False,True,True,3.1170812458958252e-19,512.0,512.0,2.0,512.0,512.0,1.0,,-1.0|0.0|1.0,True,-39.05948257446289,27.659074783325195,-47.006988525390625,16.763376235961914,,True
flood:train:Spain_2594119_S1Hand:f864cddc82cb,flood,train,data/external/sen1floods11/flood_splits/flood_train_data.csv,187,data/external/sen1floods11/flood_sar/Spain_2594119_S1Hand.tif,data/external/sen1floods11/flood_mask/Spain_2594119_LabelHand.tif,False,True,True,True,True,True,False,True,True,3.1170812458958252e-19,512.0,512.0,2.0,512.0,512.0,1.0,,-1.0|0.0|1.0,True,-35.925987243652344,13.860987663269043,-47.61344909667969,7.021809101104736,,True
flood:train:Spain_2938657_S1Hand:e544546ec824,flood,train,data/external/sen1floods11/flood_splits/flood_train_data.csv,181,data/external/sen1floods11/flood_sar/Spain_2938657_S1Hand.tif,data/external/sen1floods11/flood_mask/Spain_2938657_LabelHand.tif,False,True,True,True,True,True,False,True,True,3.1170812458958252e-19,512.0,512.0,2.0,512.0,512.0,1.0,,-1.0|0.0|1.0,True,-39.221622467041016,17.0135440826416,-49.75697708129883,10.227700233459473,,True
flood:train:Spain_3285448_S1Hand:20d32eb63ef4,flood,train,data/external/sen1floods11/flood_splits/flood_train_data.csv,184,data/external/sen1floods11/flood_sar/Spain_3285448_S1Hand.tif,data/external/sen1floods11/flood_mask/Spain_3285448_LabelHand.tif,False,True,True,True,True,True,False,True,True,3.1170812458958252e-19,512.0,512.0,2.0,512.0,512.0,1.0,,-1.0|0.0|1.0,True,-46.68904495239258,17.27616310119629,-47.099266052246094,8.267282485961914,,True
flood:train:Spain_337094_S1Hand:944f737c5689,flood,train,data/external/sen1floods11/flood_splits/flood_train_data.csv,186,data/external/sen1floods11/flood_sar/Spain_337094_S1Hand.tif,data/external/sen1floods11/flood_mask/Spain_337094_LabelHand.tif,False,True,True,True,True,True,False,True,True,3.1170812458958252e-19,512.0,512.0,2.0,512.0,512.0,1.0,,-1.0|0.0|1.0,True,-36.67293167114258,22.76370620727539,-49.895835876464844,8.525270462036133,,True
flood:train:Spain_4915752_S1Hand:8663a35d632d,flood,train,data/external/sen1floods11/flood_splits/flood_train_data.csv,173,data/external/sen1floods11/flood_sar/Spain_4915752_S1Hand.tif,data/external/sen1floods11/flood_mask/Spain_4915752_LabelHand.tif,False,True,True,True,True,True,False,True,True,3.1170812458958252e-19,512.0,512.0,2.0,512.0,512.0,1.0,,-1.0|0.0|1.0,True,-39.45210266113281,14.218104362487793,-47.06450271606445,2.705688238143921,,True
flood:train:Spain_5678382_S1Hand:51c166582ef6,flood,train,data/external/sen1floods11/flood_splits/flood_train_data.csv,182,data/external/sen1floods11/flood_sar/Spain_5678382_S1Hand.tif,data/external/sen1floods11/flood_mask/Spain_5678382_LabelHand.tif,False,True,True,True,True,True,False,True,True,3.1170812458958252e-19,512.0,512.0,2.0,512.0,512.0,1.0,,-1.0|0.0|1.0,True,-45.400875091552734,21.95953941345215,-49.99983215332031,15.287854194641113,,True
flood:train:Spain_5816638_S1Hand:ca78cb76a20e,flood,train,data/external/sen1floods11/flood_splits/flood_train_data.csv,176,data/external/sen1floods11/flood_sar/Spain_5816638_S1Hand.tif,data/external/sen1floods11/flood_mask/Spain_5816638_LabelHand.tif,False,True,True,True,True,True,False,True,True,3.1170812458958252e-19,512.0,512.0,2.0,512.0,512.0,1.0,,-1.0|0.0|1.0,True,-24.3780460357666,19.185457229614258,-39.46833419799805,14.670994758605957,,True
flood:train:Spain_5923267_S1Hand:608c8ae058e2,flood,train,data/external/sen1floods11/flood_splits/flood_train_data.csv,170,data/external/sen1floods11/flood_sar/Spain_5923267_S1Hand.tif,data/external/sen1floods11/flood_mask/Spain_5923267_LabelHand.tif,False,True,True,True,True,True,False,True,True,3.1170812458958252e-19,512.0,512.0,2.0,512.0,512.0,1.0,,-1.0|0.0|1.0,True,-53.18175506591797,11.767354011535645,-55.9581413269043,-4.99265718460083,,True
flood:train:Spain_6199994_S1Hand:ab84be846a34,flood,train,data/external/sen1floods11/flood_splits/flood_train_data.csv,178,data/external/sen1floods11/flood_sar/Spain_6199994_S1Hand.tif,data/external/sen1floods11/flood_mask/Spain_6199994_LabelHand.tif,False,True,True,True,True,True,False,True,True,3.1170812458958252e-19,512.0,512.0,2.0,512.0,512.0,1.0,,-1.0|0.0|1.0,True,-26.46768569946289,23.647417068481445,-38.52141571044922,13.490933418273926,,True
flood:train:Spain_716716_S1Hand:821cc90d296c,flood,train,data/external/sen1floods11/flood_splits/flood_train_data.csv,183,data/external/sen1floods11/flood_sar/Spain_716716_S1Hand.tif,data/external/sen1floods11/flood_mask/Spain_716716_LabelHand.tif,False,True,True,True,True,True,False,True,True,3.1170812458958252e-19,512.0,512.0,2.0,512.0,512.0,1.0,,-1.0|0.0|1.0,True,-32.580833435058594,9.110443115234375,-47.08732604980469,2.582338333129883,,True
flood:train:Spain_7786924_S1Hand:b3adef7aa2cf,flood,train,data/external/sen1floods11/flood_splits/flood_train_data.csv,171,data/external/sen1floods11/flood_sar/Spain_7786924_S1Hand.tif,data/external/sen1floods11/flood_mask/Spain_7786924_LabelHand.tif,False,True,True,True,True,True,False,True,True,3.1170812458958252e-19,512.0,512.0,2.0,512.0,512.0,1.0,,-1.0|0.0|1.0,True,-31.180259704589844,17.702171325683594,-47.052982330322266,2.2994141578674316,,True
flood:train:Spain_7856615_S1Hand:5157c3cbdd68,flood,train,data/external/sen1floods11/flood_splits/flood_train_data.csv,172,data/external/sen1floods11/flood_sar/Spain_7856615_S1Hand.tif,data/external/sen1floods11/flood_mask/Spain_7856615_LabelHand.tif,False,True,True,True,True,True,False,True,True,3.1170812458958252e-19,512.0,512.0,2.0,512.0,512.0,1.0,,-1.0|0.0|1.0,True,-38.39353942871094,29.42822265625,-47.01869201660156,12.626842498779297,,True
flood:train:Spain_8104659_S1Hand:0ff3faf0f1a4,flood,train,data/external/sen1floods11/flood_splits/flood_train_data.csv,175,data/external/sen1floods11/flood_sar/Spain_8104659_S1Hand.tif,data/external/sen1floods11/flood_mask/Spain_8104659_LabelHand.tif,False,True,True,True,True,True,False,True,True,3.1170812458958252e-19,512.0,512.0,2.0,512.0,512.0,1.0,,-1.0|0.0|1.0,True,-40.64519500732422,13.869498252868652,-47.007049560546875,4.189901351928711,,True
flood:train:Spain_8154154_S1Hand:71d92ea64a18,flood,train,data/external/sen1floods11/flood_splits/flood_train_data.csv,179,data/external/sen1floods11/flood_sar/Spain_8154154_S1Hand.tif,data/external/sen1floods11/flood_mask/Spain_8154154_LabelHand.tif,False,True,True,True,True,True,False,True,True,3.1170812458958252e-19,512.0,512.0,2.0,512.0,512.0,1.0,,-1.0|0.0|1.0,True,-44.39204406738281,20.01021385192871,-49.999229431152344,6.054754257202148,,True
flood:train:Spain_8199661_S1Hand:bd0e6b67cc52,flood,train,data/external/sen1floods11/flood_splits/flood_train_data.csv,185,data/external/sen1floods11/flood_sar/Spain_8199661_S1Hand.tif,data/external/sen1floods11/flood_mask/Spain_8199661_LabelHand.tif,False,True,True,True,True,True,False,True,True,3.1170812458958252e-19,512.0,512.0,2.0,512.0,512.0,1.0,,-1.0|0.0|1.0,True,-44.942691802978516,15.337540626525879,-47.06793212890625,4.902751445770264,,True
flood:train:Sri-Lanka_1038087_S1Hand:da386b1abb94,flood,train,data/external/sen1floods11/flood_splits/flood_train_data.csv,194,data/external/sen1floods11/flood_sar/Sri-Lanka_1038087_S1Hand.tif,data/external/sen1floods11/flood_mask/Sri-Lanka_1038087_LabelHand.tif,False,True,True,True,True,True,False,True,True,6.423897871976614e-18,512.0,512.0,2.0,512.0,512.0,1.0,,-1.0|0.0|1.0,True,-27.18939781188965,17.424293518066406,-46.61417770385742,-1.1892552375793457,,True
flood:train:Sri-Lanka_120804_S1Hand:97e2ef534615,flood,train,data/external/sen1floods11/flood_splits/flood_train_data.csv,210,data/external/sen1floods11/flood_sar/Sri-Lanka_120804_S1Hand.tif,data/external/sen1floods11/flood_mask/Sri-Lanka_120804_LabelHand.tif,False,True,True,True,True,True,False,True,True,6.423897871976614e-18,512.0,512.0,2.0,512.0,512.0,1.0,,0.0|1.0,True,-28.79827880859375,15.527957916259766,-46.91796875,4.737132549285889,,True
flood:train:Sri-Lanka_135713_S1Hand:95e418ba231f,flood,train,data/external/sen1floods11/flood_splits/flood_train_data.csv,198,data/external/sen1floods11/flood_sar/Sri-Lanka_135713_S1Hand.tif,data/external/sen1floods11/flood_mask/Sri-Lanka_135713_LabelHand.tif,False,True,True,True,True,True,False,True,True,6.423897871976614e-18,512.0,512.0,2.0,512.0,512.0,1.0,,-1.0|0.0,True,-24.377336502075195,15.224024772644043,-30.342195510864258,0.5328845381736755,,True
flood:train:Sri-Lanka_14484_S1Hand:b19f2b4ec86c,flood,train,data/external/sen1floods11/flood_splits/flood_train_data.csv,193,data/external/sen1floods11/flood_sar/Sri-Lanka_14484_S1Hand.tif,data/external/sen1floods11/flood_mask/Sri-Lanka_14484_LabelHand.tif,False,True,True,True,True,True,False,True,True,6.423897871976614e-18,512.0,512.0,2.0,512.0,512.0,1.0,,-1.0|0.0|1.0,True,-29.421722412109375,15.913252830505371,-47.78068161010742,5.807165622711182,,True
flood:train:Sri-Lanka_152185_S1Hand:ce9d6182c7ea,flood,train,data/external/sen1floods11/flood_splits/flood_train_data.csv,188,data/external/sen1floods11/flood_sar/Sri-Lanka_152185_S1Hand.tif,data/external/sen1floods11/flood_mask/Sri-Lanka_152185_LabelHand.tif,False,True,True,True,True,True,False,True,True,6.423897871976614e-18,512.0,512.0,2.0,512.0,512.0,1.0,,0.0|1.0,True,-29.145709991455078,8.731497764587402,-38.913291931152344,-1.1659795045852661,,True
flood:train:Sri-Lanka_163406_S1Hand:c49a29a5e9e4,flood,train,data/external/sen1floods11/flood_splits/flood_train_data.csv,196,data/external/sen1floods11/flood_sar/Sri-Lanka_163406_S1Hand.tif,data/external/sen1floods11/flood_mask/Sri-Lanka_163406_LabelHand.tif,False,True,True,True,True,True,False,True,True,6.423897871976614e-18,512.0,512.0,2.0,512.0,512.0,1.0,,0.0|1.0,True,-26.419448852539062,6.157220840454102,-44.49424362182617,8.391927719116211,,True
flood:train:Sri-Lanka_178753_S1Hand:64cee3fc60cf,flood,train,data/external/sen1floods11/flood_splits/flood_train_data.csv,195,data/external/sen1floods11/flood_sar/Sri-Lanka_178753_S1Hand.tif,data/external/sen1floods11/flood_mask/Sri-Lanka_178753_LabelHand.tif,False,True,True,True,True,True,False,True,True,6.423897871976614e-18,512.0,512.0,2.0,512.0,512.0,1.0,,-1.0|0.0|1.0,True,-21.824214935302734,18.019018173217773,-28.6519775390625,6.083716869354248,,True
flood:train:Sri-Lanka_233609_S1Hand:96edeb8c058e,flood,train,data/external/sen1floods11/flood_splits/flood_train_data.csv,197,data/external/sen1floods11/flood_sar/Sri-Lanka_233609_S1Hand.tif,data/external/sen1floods11/flood_mask/Sri-Lanka_233609_LabelHand.tif,False,True,True,True,True,True,False,True,True,6.423897871976614e-18,512.0,512.0,2.0,512.0,512.0,1.0,,-1.0|0.0|1.0,True,-27.897174835205078,12.672064781188965,-47.03927993774414,-1.4599062204360962,,True
flood:train:Sri-Lanka_249079_S1Hand:59268d448bea,flood,train,data/external/sen1floods11/flood_splits/flood_train_data.csv,209,data/external/sen1floods11/flood_sar/Sri-Lanka_249079_S1Hand.tif,data/external/sen1floods11/flood_mask/Sri-Lanka_249079_LabelHand.tif,False,True,True,True,True,True,False,True,True,6.423897871976614e-18,512.0,512.0,2.0,512.0,512.0,1.0,,-1.0|0.0|1.0,True,-24.994447708129883,13.947107315063477,-34.59684371948242,1.5237542390823364,,True
flood:train:Sri-Lanka_400518_S1Hand:643df81b467c,flood,train,data/external/sen1floods11/flood_splits/flood_train_data.csv,204,data/external/sen1floods11/flood_sar/Sri-Lanka_400518_S1Hand.tif,data/external/sen1floods11/flood_mask/Sri-Lanka_400518_LabelHand.tif,False,True,True,True,True,True,False,True,True,6.423897871976614e-18,512.0,512.0,2.0,512.0,512.0,1.0,,0.0|1.0,True,-26.569377899169922,12.77652359008789,-34.089195251464844,5.551016807556152,,True
flood:train:Sri-Lanka_49764_S1Hand:4b759073c9f8,flood,train,data/external/sen1floods11/flood_splits/flood_train_data.csv,206,data/external/sen1floods11/flood_sar/Sri-Lanka_49764_S1Hand.tif,data/external/sen1floods11/flood_mask/Sri-Lanka_49764_LabelHand.tif,False,True,True,True,True,True,False,True,True,6.423897871976614e-18,512.0,512.0,2.0,512.0,512.0,1.0,,-1.0|0.0|1.0,True,-23.444576263427734,19.249671936035156,-29.323911666870117,2.63314151763916,,True
flood:train:Sri-Lanka_52223_S1Hand:6ba7381d21d0,flood,train,data/external/sen1floods11/flood_splits/flood_train_data.csv,203,data/external/sen1floods11/flood_sar/Sri-Lanka_52223_S1Hand.tif,data/external/sen1floods11/flood_mask/Sri-Lanka_52223_LabelHand.tif,False,True,True,True,True,True,False,True,True,6.423897871976614e-18,512.0,512.0,2.0,512.0,512.0,1.0,,0.0,True,-22.179645538330078,-1.2316269874572754,-32.599769592285156,-6.796510219573975,,True
flood:train:Sri-Lanka_523539_S1Hand:4930df1b709f,flood,train,data/external/sen1floods11/flood_splits/flood_train_data.csv,205,data/external/sen1floods11/flood_sar/Sri-Lanka_523539_S1Hand.tif,data/external/sen1floods11/flood_mask/Sri-Lanka_523539_LabelHand.tif,False,True,True,True,True,True,False,True,True,6.423897871976614e-18,512.0,512.0,2.0,512.0,512.0,1.0,,-1.0|0.0|1.0,True,-27.299293518066406,12.092830657958984,-46.42946243286133,11.177824974060059,,True
flood:train:Sri-Lanka_551926_S1Hand:3d3f26e4fff5,flood,train,data/external/sen1floods11/flood_splits/flood_train_data.csv,211,data/external/sen1floods11/flood_sar/Sri-Lanka_551926_S1Hand.tif,data/external/sen1floods11/flood_mask/Sri-Lanka_551926_LabelHand.tif,False,True,True,True,True,True,False,True,True,6.423897871976614e-18,512.0,512.0,2.0,512.0,512.0,1.0,,0.0|1.0,True,-28.637189865112305,3.708425521850586,-48.16065979003906,-2.5494561195373535,,True
flood:train:Sri-Lanka_55568_S1Hand:2587501cf365,flood,train,data/external/sen1floods11/flood_splits/flood_train_data.csv,189,data/external/sen1floods11/flood_sar/Sri-Lanka_55568_S1Hand.tif,data/external/sen1floods11/flood_mask/Sri-Lanka_55568_LabelHand.tif,False,True,True,True,True,True,False,True,True,6.423897871976614e-18,512.0,512.0,2.0,512.0,512.0,1.0,,-1.0|0.0|1.0,True,-24.681978225708008,5.802995204925537,-47.683929443359375,2.113391876220703,,True
flood:train:Sri-Lanka_579082_S1Hand:ba365321a19b,flood,train,data/external/sen1floods11/flood_splits/flood_train_data.csv,200,data/external/sen1floods11/flood_sar/Sri-Lanka_579082_S1Hand.tif,data/external/sen1floods11/flood_mask/Sri-Lanka_579082_LabelHand.tif,False,True,True,True,True,True,False,True,True,6.423897871976614e-18,512.0,512.0,2.0,512.0,512.0,1.0,,-1.0|0.0|1.0,True,-27.9280948638916,17.504989624023438,-43.024017333984375,4.493461608886719,,True
flood:train:Sri-Lanka_653336_S1Hand:f7b148880a9c,flood,train,data/external/sen1floods11/flood_splits/flood_train_data.csv,207,data/external/sen1floods11/flood_sar/Sri-Lanka_653336_S1Hand.tif,data/external/sen1floods11/flood_mask/Sri-Lanka_653336_LabelHand.tif,False,True,True,True,True,True,False,True,True,6.423897871976614e-18,512.0,512.0,2.0,512.0,512.0,1.0,,-1.0|0.0|1.0,True,-27.847030639648438,9.998974800109863,-48.304107666015625,-3.7108592987060547,,True
flood:train:Sri-Lanka_748447_S1Hand:7e5bfbec5450,flood,train,data/external/sen1floods11/flood_splits/flood_train_data.csv,199,data/external/sen1floods11/flood_sar/Sri-Lanka_748447_S1Hand.tif,data/external/sen1floods11/flood_mask/Sri-Lanka_748447_LabelHand.tif,False,True,True,True,True,True,False,True,True,6.423897871976614e-18,512.0,512.0,2.0,512.0,512.0,1.0,,-1.0|0.0|1.0,True,-27.32801055908203,17.777101516723633,-33.97774124145508,1.107011318206787,,True
flood:train:Sri-Lanka_845821_S1Hand:e65ed6e2d872,flood,train,data/external/sen1floods11/flood_splits/flood_train_data.csv,192,data/external/sen1floods11/flood_sar/Sri-Lanka_845821_S1Hand.tif,data/external/sen1floods11/flood_mask/Sri-Lanka_845821_LabelHand.tif,False,True,True,True,True,True,False,True,True,6.423897871976614e-18,512.0,512.0,2.0,512.0,512.0,1.0,,-1.0|0.0|1.0,True,-25.924121856689453,-3.1049604415893555,-48.25225830078125,-7.851001262664795,,True
flood:train:Sri-Lanka_847275_S1Hand:3015503f2b95,flood,train,data/external/sen1floods11/flood_splits/flood_train_data.csv,191,data/external/sen1floods11/flood_sar/Sri-Lanka_847275_S1Hand.tif,data/external/sen1floods11/flood_mask/Sri-Lanka_847275_LabelHand.tif,False,True,True,True,True,True,False,True,True,6.423897871976614e-18,512.0,512.0,2.0,512.0,512.0,1.0,,-1.0|0.0|1.0,True,-26.21584129333496,11.876367568969727,-48.02230453491211,1.095085620880127,,True
flood:train:Sri-Lanka_883641_S1Hand:5543e1880135,flood,train,data/external/sen1floods11/flood_splits/flood_train_data.csv,202,data/external/sen1floods11/flood_sar/Sri-Lanka_883641_S1Hand.tif,data/external/sen1floods11/flood_mask/Sri-Lanka_883641_LabelHand.tif,False,True,True,True,True,True,False,True,True,6.423897871976614e-18,512.0,512.0,2.0,512.0,512.0,1.0,,0.0|1.0,True,-27.394670486450195,10.38095760345459,-48.084075927734375,-2.9879825115203857,,True
flood:train:Sri-Lanka_916628_S1Hand:f089f60c1a93,flood,train,data/external/sen1floods11/flood_splits/flood_train_data.csv,201,data/external/sen1floods11/flood_sar/Sri-Lanka_916628_S1Hand.tif,data/external/sen1floods11/flood_mask/Sri-Lanka_916628_LabelHand.tif,False,True,True,True,True,True,False,True,True,6.423897871976614e-18,512.0,512.0,2.0,512.0,512.0,1.0,,-1.0|0.0|1.0,True,-29.593320846557617,21.582841873168945,-47.755226135253906,5.504329204559326,,True
flood:train:Sri-Lanka_92824_S1Hand:00be3317761d,flood,train,data/external/sen1floods11/flood_splits/flood_train_data.csv,190,data/external/sen1floods11/flood_sar/Sri-Lanka_92824_S1Hand.tif,data/external/sen1floods11/flood_mask/Sri-Lanka_92824_LabelHand.tif,False,True,True,True,True,True,False,True,True,6.423897871976614e-18,512.0,512.0,2.0,512.0,512.0,1.0,,-1.0|0.0|1.0,True,-26.35708999633789,11.365900039672852,-47.80146408081055,4.803298473358154,,True
flood:train:Sri-Lanka_956740_S1Hand:5e17a1a0b070,flood,train,data/external/sen1floods11/flood_splits/flood_train_data.csv,208,data/external/sen1floods11/flood_sar/Sri-Lanka_956740_S1Hand.tif,data/external/sen1floods11/flood_mask/Sri-Lanka_956740_LabelHand.tif,False,True,True,True,True,True,False,True,True,6.423897871976614e-18,512.0,512.0,2.0,512.0,512.0,1.0,,-1.0|0.0|1.0,True,-33.434104919433594,9.075401306152344,-46.06577682495117,-0.576727032661438,,True
flood:train:USA_1010394_S1Hand:37765d9a4162,flood,train,data/external/sen1floods11/flood_splits/flood_train_data.csv,237,data/external/sen1floods11/flood_sar/USA_1010394_S1Hand.tif,data/external/sen1floods11/flood_mask/USA_1010394_LabelHand.tif,False,True,True,True,True,True,False,True,True,6.423897871976614e-18,512.0,512.0,2.0,512.0,512.0,1.0,,-1.0|0.0|1.0,True,-30.426332473754883,11.55487060546875,-41.171268463134766,0.936217188835144,,True
flood:train:USA_1068362_S1Hand:c25373db9532,flood,train,data/external/sen1floods11/flood_splits/flood_train_data.csv,248,data/external/sen1floods11/flood_sar/USA_1068362_S1Hand.tif,data/external/sen1floods11/flood_mask/USA_1068362_LabelHand.tif,False,True,True,True,True,True,False,True,True,6.423897871976614e-18,512.0,512.0,2.0,512.0,512.0,1.0,,-1.0|0.0|1.0,True,-41.9606819152832,9.71751880645752,-50.407806396484375,-0.37801116704940796,,True
flood:train:USA_11422_S1Hand:efa308f18f19,flood,train,data/external/sen1floods11/flood_splits/flood_train_data.csv,214,data/external/sen1floods11/flood_sar/USA_11422_S1Hand.tif,data/external/sen1floods11/flood_mask/USA_11422_LabelHand.tif,False,True,True,True,True,True,False,True,True,6.423897871976614e-18,512.0,512.0,2.0,512.0,512.0,1.0,,-1.0|0.0|1.0,True,-34.795082092285156,11.11606502532959,-52.89332580566406,-1.538562536239624,,True
flood:train:USA_114964_S1Hand:f271a625d590,flood,train,data/external/sen1floods11/flood_splits/flood_train_data.csv,216,data/external/sen1floods11/flood_sar/USA_114964_S1Hand.tif,data/external/sen1floods11/flood_mask/USA_114964_LabelHand.tif,False,True,True,True,True,True,False,True,True,6.423897871976614e-18,512.0,512.0,2.0,512.0,512.0,1.0,,-1.0|0.0|1.0,True,-29.64801597595215,10.563253402709961,-34.348670959472656,-6.72361946105957,,True
flood:train:USA_115033_S1Hand:3267527676b1,flood,train,data/external/sen1floods11/flood_splits/flood_train_data.csv,222,data/external/sen1floods11/flood_sar/USA_115033_S1Hand.tif,data/external/sen1floods11/flood_mask/USA_115033_LabelHand.tif,False,True,True,True,True,True,False,True,True,6.423897871976614e-18,512.0,512.0,2.0,512.0,512.0,1.0,,-1.0|0.0|1.0,True,-27.353260040283203,8.28525447845459,-47.190513610839844,1.155466914176941,,True
flood:train:USA_170264_S1Hand:a7d8a66525b7,flood,train,data/external/sen1floods11/flood_splits/flood_train_data.csv,235,data/external/sen1floods11/flood_sar/USA_170264_S1Hand.tif,data/external/sen1floods11/flood_mask/USA_170264_LabelHand.tif,False,True,True,True,True,True,False,True,True,6.423897871976614e-18,512.0,512.0,2.0,512.0,512.0,1.0,,-1.0|0.0|1.0,True,-44.576473236083984,16.563373565673828,-53.111698150634766,4.301804542541504,,True
flood:train:USA_179917_S1Hand:00056744194b,flood,train,data/external/sen1floods11/flood_splits/flood_train_data.csv,241,data/external/sen1floods11/flood_sar/USA_179917_S1Hand.tif,data/external/sen1floods11/flood_mask/USA_179917_LabelHand.tif,False,True,True,True,True,True,False,True,True,6.423897871976614e-18,512.0,512.0,2.0,512.0,512.0,1.0,,-1.0|0.0|1.0,True,-28.366886138916016,16.228240966796875,-47.008506774902344,11.163671493530273,,True
flood:train:USA_181263_S1Hand:727cf00da772,flood,train,data/external/sen1floods11/flood_splits/flood_train_data.csv,220,data/external/sen1floods11/flood_sar/USA_181263_S1Hand.tif,data/external/sen1floods11/flood_mask/USA_181263_LabelHand.tif,False,True,True,True,True,True,False,True,True,6.423897871976614e-18,512.0,512.0,2.0,512.0,512.0,1.0,,-1.0|0.0|1.0,True,-32.07051086425781,7.937187671661377,-50.786922454833984,-5.9220075607299805,,True
flood:train:USA_181503_S1Hand:087459fdeef5,flood,train,data/external/sen1floods11/flood_splits/flood_train_data.csv,252,data/external/sen1floods11/flood_sar/USA_181503_S1Hand.tif,data/external/sen1floods11/flood_mask/USA_181503_LabelHand.tif,False,True,True,True,True,True,False,True,True,6.423897871976614e-18,512.0,512.0,2.0,512.0,512.0,1.0,,-1.0|0.0|1.0,True,-33.70520782470703,5.886042594909668,-49.979183197021484,1.0785812139511108,,True
flood:train:USA_198411_S1Hand:a4430e292521,flood,train,data/external/sen1floods11/flood_splits/flood_train_data.csv,238,data/external/sen1floods11/flood_sar/USA_198411_S1Hand.tif,data/external/sen1floods11/flood_mask/USA_198411_LabelHand.tif,False,True,True,True,True,True,False,True,True,6.423897871976614e-18,512.0,512.0,2.0,512.0,512.0,1.0,,-1.0|0.0|1.0,True,-39.54983901977539,3.5954627990722656,-47.395904541015625,-4.863161563873291,,True
flood:train:USA_211406_S1Hand:b67da7fbc9e7,flood,train,data/external/sen1floods11/flood_splits/flood_train_data.csv,226,data/external/sen1floods11/flood_sar/USA_211406_S1Hand.tif,data/external/sen1floods11/flood_mask/USA_211406_LabelHand.tif,False,True,True,True,True,True,False,True,True,6.423897871976614e-18,512.0,512.0,2.0,512.0,512.0,1.0,,-1.0|0.0|1.0,True,-31.350284576416016,13.479044914245605,-47.193580627441406,-3.46333646774292,,True
flood:train:USA_217598_S1Hand:238f49e3680b,flood,train,data/external/sen1floods11/flood_splits/flood_train_data.csv,230,data/external/sen1floods11/flood_sar/USA_217598_S1Hand.tif,data/external/sen1floods11/flood_mask/USA_217598_LabelHand.tif,False,True,True,True,True,True,False,True,True,6.423897871976614e-18,512.0,512.0,2.0,512.0,512.0,1.0,,-1.0|0.0|1.0,True,-45.437744140625,11.599827766418457,-51.876792907714844,-6.4312920570373535,,True
flood:train:USA_224165_S1Hand:70f7bc426577,flood,train,data/external/sen1floods11/flood_splits/flood_train_data.csv,233,data/external/sen1floods11/flood_sar/USA_224165_S1Hand.tif,data/external/sen1floods11/flood_mask/USA_224165_LabelHand.tif,False,True,True,True,True,True,False,True,True,6.423897871976614e-18,512.0,512.0,2.0,512.0,512.0,1.0,,-1.0|0.0|1.0,True,-24.883697509765625,13.18204402923584,-42.9261589050293,2.204540967941284,,True
flood:train:USA_231124_S1Hand:ba18e88764ae,flood,train,data/external/sen1floods11/flood_splits/flood_train_data.csv,234,data/external/sen1floods11/flood_sar/USA_231124_S1Hand.tif,data/external/sen1floods11/flood_mask/USA_231124_LabelHand.tif,False,True,True,True,True,True,False,True,True,6.423897871976614e-18,512.0,512.0,2.0,512.0,512.0,1.0,,-1.0|0.0|1.0,True,-29.948543548583984,11.478311538696289,-43.204471588134766,-4.128901958465576,,True
flood:train:USA_232060_S1Hand:ccc4cd23d727,flood,train,data/external/sen1floods11/flood_splits/flood_train_data.csv,245,data/external/sen1floods11/flood_sar/USA_232060_S1Hand.tif,data/external/sen1floods11/flood_mask/USA_232060_LabelHand.tif,False,True,True,True,True,True,False,True,True,6.423897871976614e-18,512.0,512.0,2.0,512.0,512.0,1.0,,-1.0|0.0|1.0,True,-30.373546600341797,7.98885440826416,-46.97390365600586,-4.673516750335693,,True
flood:train:USA_260929_S1Hand:e0ed71c0c311,flood,train,data/external/sen1floods11/flood_splits/flood_train_data.csv,240,data/external/sen1floods11/flood_sar/USA_260929_S1Hand.tif,data/external/sen1floods11/flood_mask/USA_260929_LabelHand.tif,False,True,True,True,True,True,False,True,True,6.423897871976614e-18,512.0,512.0,2.0,512.0,512.0,1.0,,-1.0|0.0|1.0,True,-26.368194580078125,1.377384901046753,-39.70213317871094,-6.530673027038574,,True
flood:train:USA_347609_S1Hand:3ecc3aa25272,flood,train,data/external/sen1floods11/flood_splits/flood_train_data.csv,224,data/external/sen1floods11/flood_sar/USA_347609_S1Hand.tif,data/external/sen1floods11/flood_mask/USA_347609_LabelHand.tif,False,True,True,True,True,True,False,True,True,6.423897871976614e-18,512.0,512.0,2.0,512.0,512.0,1.0,,-1.0|0.0|1.0,True,-30.9315128326416,7.934258937835693,-47.27271270751953,-2.308687925338745,,True
flood:train:USA_348639_S1Hand:6f593a5b56b3,flood,train,data/external/sen1floods11/flood_splits/flood_train_data.csv,251,data/external/sen1floods11/flood_sar/USA_348639_S1Hand.tif,data/external/sen1floods11/flood_mask/USA_348639_LabelHand.tif,False,True,True,True,True,True,False,True,True,6.423897871976614e-18,512.0,512.0,2.0,512.0,512.0,1.0,,-1.0|0.0|1.0,True,-33.35209655761719,15.212315559387207,-50.59444046020508,1.5232584476470947,,True
flood:train:USA_354981_S1Hand:b9d8afe99e01,flood,train,data/external/sen1floods11/flood_splits/flood_train_data.csv,244,data/external/sen1floods11/flood_sar/USA_354981_S1Hand.tif,data/external/sen1floods11/flood_mask/USA_354981_LabelHand.tif,False,True,True,True,True,True,False,True,True,6.423897871976614e-18,512.0,512.0,2.0,512.0,512.0,1.0,,-1.0|0.0|1.0,True,-29.653949737548828,12.266790390014648,-45.809486389160156,-3.3576161861419678,,True
flood:train:USA_375183_S1Hand:0a709bf3718c,flood,train,data/external/sen1floods11/flood_splits/flood_train_data.csv,223,data/external/sen1floods11/flood_sar/USA_375183_S1Hand.tif,data/external/sen1floods11/flood_mask/USA_375183_LabelHand.tif,False,True,True,True,True,True,False,True,True,6.423897871976614e-18,512.0,512.0,2.0,512.0,512.0,1.0,,-1.0|0.0|1.0,True,-41.37241744995117,9.855027198791504,-49.99143600463867,-2.0513291358947754,,True
flood:train:USA_387945_S1Hand:8cf76fbee645,flood,train,data/external/sen1floods11/flood_splits/flood_train_data.csv,232,data/external/sen1floods11/flood_sar/USA_387945_S1Hand.tif,data/external/sen1floods11/flood_mask/USA_387945_LabelHand.tif,False,True,True,True,True,True,False,True,True,6.423897871976614e-18,512.0,512.0,2.0,512.0,512.0,1.0,,-1.0|0.0|1.0,True,-31.298870086669922,1.124733567237854,-47.575164794921875,-6.866023063659668,,True
flood:train:USA_438959_S1Hand:4ad366c053d0,flood,train,data/external/sen1floods11/flood_splits/flood_train_data.csv,219,data/external/sen1floods11/flood_sar/USA_438959_S1Hand.tif,data/external/sen1floods11/flood_mask/USA_438959_LabelHand.tif,False,True,True,True,True,True,False,True,True,6.423897871976614e-18,512.0,512.0,2.0,512.0,512.0,1.0,,-1.0|0.0|1.0,True,-49.9672966003418,8.999667167663574,-60.048831939697266,1.578107476234436,,True
flood:train:USA_486103_S1Hand:3aeef63a7878,flood,train,data/external/sen1floods11/flood_splits/flood_train_data.csv,239,data/external/sen1floods11/flood_sar/USA_486103_S1Hand.tif,data/external/sen1floods11/flood_mask/USA_486103_LabelHand.tif,False,True,True,True,True,True,False,True,True,6.423897871976614e-18,512.0,512.0,2.0,512.0,512.0,1.0,,-1.0|0.0|1.0,True,-44.243526458740234,18.471363067626953,-55.710418701171875,9.405572891235352,,True
flood:train:USA_58086_S1Hand:17bfa8b8beb2,flood,train,data/external/sen1floods11/flood_splits/flood_train_data.csv,236,data/external/sen1floods11/flood_sar/USA_58086_S1Hand.tif,data/external/sen1floods11/flood_mask/USA_58086_LabelHand.tif,False,True,True,True,True,True,False,True,True,6.423897871976614e-18,512.0,512.0,2.0,512.0,512.0,1.0,,-1.0|0.0|1.0,True,-40.02201843261719,13.172749519348145,-54.73534393310547,-2.0345585346221924,,True
flood:train:USA_604222_S1Hand:7599a479b9d3,flood,train,data/external/sen1floods11/flood_splits/flood_train_data.csv,243,data/external/sen1floods11/flood_sar/USA_604222_S1Hand.tif,data/external/sen1floods11/flood_mask/USA_604222_LabelHand.tif,False,True,True,True,True,True,False,True,True,6.423897871976614e-18,512.0,512.0,2.0,512.0,512.0,1.0,,-1.0|0.0|1.0,True,-34.15848159790039,18.39916229248047,-50.400535583496094,9.617524147033691,,True
flood:train:USA_605492_S1Hand:a79839162209,flood,train,data/external/sen1floods11/flood_splits/flood_train_data.csv,221,data/external/sen1floods11/flood_sar/USA_605492_S1Hand.tif,data/external/sen1floods11/flood_mask/USA_605492_LabelHand.tif,False,True,True,True,True,True,False,True,True,6.423897871976614e-18,512.0,512.0,2.0,512.0,512.0,1.0,,-1.0|0.0|1.0,True,-47.28136444091797,9.085756301879883,-47.29391860961914,-2.3526549339294434,,True
flood:train:USA_638521_S1Hand:f4862fd3a451,flood,train,data/external/sen1floods11/flood_splits/flood_train_data.csv,231,data/external/sen1floods11/flood_sar/USA_638521_S1Hand.tif,data/external/sen1floods11/flood_mask/USA_638521_LabelHand.tif,False,True,True,True,True,True,False,True,True,6.423897871976614e-18,512.0,512.0,2.0,512.0,512.0,1.0,,-1.0|0.0|1.0,True,-38.78211212158203,3.123027801513672,-49.982425689697266,-1.0468804836273193,,True
flood:train:USA_652955_S1Hand:284f7e45262a,flood,train,data/external/sen1floods11/flood_splits/flood_train_data.csv,247,data/external/sen1floods11/flood_sar/USA_652955_S1Hand.tif,data/external/sen1floods11/flood_mask/USA_652955_LabelHand.tif,False,True,True,True,True,True,False,True,True,6.423897871976614e-18,512.0,512.0,2.0,512.0,512.0,1.0,,-1.0|0.0|1.0,True,-35.996517181396484,9.388431549072266,-47.06172561645508,1.2769638299942017,,True
flood:train:USA_655230_S1Hand:215a25b43fd7,flood,train,data/external/sen1floods11/flood_splits/flood_train_data.csv,246,data/external/sen1floods11/flood_sar/USA_655230_S1Hand.tif,data/external/sen1floods11/flood_mask/USA_655230_LabelHand.tif,False,True,True,True,True,True,False,True,True,6.423897871976614e-18,512.0,512.0,2.0,512.0,512.0,1.0,,-1.0|0.0|1.0,True,-31.793437957763672,6.54788064956665,-47.245635986328125,3.000253438949585,,True
flood:train:USA_66026_S1Hand:17b71f66ed5a,flood,train,data/external/sen1floods11/flood_splits/flood_train_data.csv,213,data/external/sen1floods11/flood_sar/USA_66026_S1Hand.tif,data/external/sen1floods11/flood_mask/USA_66026_LabelHand.tif,False,True,True,True,True,True,False,True,True,6.423897871976614e-18,512.0,512.0,2.0,512.0,512.0,1.0,,-1.0|0.0|1.0,True,-27.414226531982422,6.770513534545898,-44.6594123840332,-5.055872440338135,,True
flood:train:USA_664261_S1Hand:35f531794125,flood,train,data/external/sen1floods11/flood_splits/flood_train_data.csv,228,data/external/sen1floods11/flood_sar/USA_664261_S1Hand.tif,data/external/sen1floods11/flood_mask/USA_664261_LabelHand.tif,False,True,True,True,True,True,False,True,True,6.423897871976614e-18,512.0,512.0,2.0,512.0,512.0,1.0,,-1.0|0.0|1.0,True,-47.320777893066406,5.486131191253662,-47.430233001708984,-4.891757488250732,,True
flood:train:USA_693819_S1Hand:9db5ccbe2866,flood,train,data/external/sen1floods11/flood_splits/flood_train_data.csv,217,data/external/sen1floods11/flood_sar/USA_693819_S1Hand.tif,data/external/sen1floods11/flood_mask/USA_693819_LabelHand.tif,False,True,True,True,True,True,False,True,True,6.423897871976614e-18,512.0,512.0,2.0,512.0,512.0,1.0,,-1.0|0.0|1.0,True,-30.820316314697266,8.805354118347168,-51.38384246826172,-4.704962253570557,,True
flood:train:USA_770353_S1Hand:e7dbb2dd0ef9,flood,train,data/external/sen1floods11/flood_splits/flood_train_data.csv,229,data/external/sen1floods11/flood_sar/USA_770353_S1Hand.tif,data/external/sen1floods11/flood_mask/USA_770353_LabelHand.tif,False,True,True,True,True,True,False,True,True,6.423897871976614e-18,512.0,512.0,2.0,512.0,512.0,1.0,,-1.0|0.0|1.0,True,-33.74466323852539,18.61863136291504,-47.11022186279297,4.861273288726807,,True
flood:train:USA_788696_S1Hand:9d0152e1bbf5,flood,train,data/external/sen1floods11/flood_splits/flood_train_data.csv,250,data/external/sen1floods11/flood_sar/USA_788696_S1Hand.tif,data/external/sen1floods11/flood_mask/USA_788696_LabelHand.tif,False,True,True,True,True,True,False,True,True,6.423897871976614e-18,512.0,512.0,2.0,512.0,512.0,1.0,,-1.0|0.0|1.0,True,-35.80317306518555,12.768694877624512,-54.65358352661133,-0.7619383335113525,,True
flood:train:USA_806273_S1Hand:a0bb01f387f7,flood,train,data/external/sen1floods11/flood_splits/flood_train_data.csv,249,data/external/sen1floods11/flood_sar/USA_806273_S1Hand.tif,data/external/sen1floods11/flood_mask/USA_806273_LabelHand.tif,False,True,True,True,True,True,False,True,True,6.423897871976614e-18,512.0,512.0,2.0,512.0,512.0,1.0,,-1.0|0.0|1.0,True,-36.358707427978516,11.318750381469727,-47.029666900634766,-1.2018102407455444,,True
flood:train:USA_831672_S1Hand:03b7d6b097bf,flood,train,data/external/sen1floods11/flood_splits/flood_train_data.csv,227,data/external/sen1floods11/flood_sar/USA_831672_S1Hand.tif,data/external/sen1floods11/flood_mask/USA_831672_LabelHand.tif,False,True,True,True,True,True,False,True,True,6.423897871976614e-18,512.0,512.0,2.0,512.0,512.0,1.0,,-1.0|0.0|1.0,True,-32.0041389465332,6.841395854949951,-47.27750778198242,-0.7163950204849243,,True
flood:train:USA_84195_S1Hand:8e2eb0b62e63,flood,train,data/external/sen1floods11/flood_splits/flood_train_data.csv,242,data/external/sen1floods11/flood_sar/USA_84195_S1Hand.tif,data/external/sen1floods11/flood_mask/USA_84195_LabelHand.tif,False,True,True,True,True,True,False,True,True,6.423897871976614e-18,512.0,512.0,2.0,512.0,512.0,1.0,,-1.0|0.0|1.0,True,-35.37210464477539,9.654884338378906,-49.3656005859375,-4.7006144523620605,,True
flood:train:USA_86502_S1Hand:ac46df50cc18,flood,train,data/external/sen1floods11/flood_splits/flood_train_data.csv,218,data/external/sen1floods11/flood_sar/USA_86502_S1Hand.tif,data/external/sen1floods11/flood_mask/USA_86502_LabelHand.tif,False,True,True,True,True,True,False,True,True,6.423897871976614e-18,512.0,512.0,2.0,512.0,512.0,1.0,,-1.0|0.0|1.0,True,-27.10141372680664,14.97262954711914,-47.06084442138672,0.2226490080356598,,True
flood:train:USA_908474_S1Hand:861ea8019045,flood,train,data/external/sen1floods11/flood_splits/flood_train_data.csv,225,data/external/sen1floods11/flood_sar/USA_908474_S1Hand.tif,data/external/sen1floods11/flood_mask/USA_908474_LabelHand.tif,False,True,True,True,True,True,False,True,True,6.423897871976614e-18,512.0,512.0,2.0,512.0,512.0,1.0,,-1.0|0.0|1.0,True,-26.631832122802734,18.22730827331543,-47.096954345703125,5.964843273162842,,True
flood:train:USA_955053_S1Hand:0164f8a1042a,flood,train,data/external/sen1floods11/flood_splits/flood_train_data.csv,215,data/external/sen1floods11/flood_sar/USA_955053_S1Hand.tif,data/external/sen1floods11/flood_mask/USA_955053_LabelHand.tif,False,True,True,True,True,True,False,True,True,6.423897871976614e-18,512.0,512.0,2.0,512.0,512.0,1.0,,-1.0|0.0|1.0,True,-47.36436080932617,14.273825645446777,-56.32072448730469,-6.4423909187316895,,True
flood:train:USA_994009_S1Hand:8ac02544dcde,flood,train,data/external/sen1floods11/flood_splits/flood_train_data.csv,212,data/external/sen1floods11/flood_sar/USA_994009_S1Hand.tif,data/external/sen1floods11/flood_mask/USA_994009_LabelHand.tif,False,True,True,True,True,True,False,True,True,6.423897871976614e-18,512.0,512.0,2.0,512.0,512.0,1.0,,-1.0|0.0|1.0,True,-32.6587028503418,23.054107666015625,-47.11249542236328,-0.726010799407959,,True
flood:validation:Ghana_1033830_S1Hand:3152b03f5927,flood,validation,data/external/sen1floods11/flood_splits/flood_valid_data.csv,9,data/external/sen1floods11/flood_sar/Ghana_1033830_S1Hand.tif,data/external/sen1floods11/flood_mask/Ghana_1033830_LabelHand.tif,False,True,True,True,True,True,False,True,True,3.1170812458958252e-19,512.0,512.0,2.0,512.0,512.0,1.0,,-1.0|0.0|1.0,True,-36.25850296020508,-1.369239330291748,-47.46397399902344,-7.660024642944336,,True
flood:validation:Ghana_124834_S1Hand:1c0616a7c54b,flood,validation,data/external/sen1floods11/flood_splits/flood_valid_data.csv,8,data/external/sen1floods11/flood_sar/Ghana_124834_S1Hand.tif,data/external/sen1floods11/flood_mask/Ghana_124834_LabelHand.tif,False,True,True,True,True,True,False,True,True,3.1170812458958252e-19,512.0,512.0,2.0,512.0,512.0,1.0,,0.0,True,-20.214859008789062,-0.8555722832679749,-30.869009017944336,-8.633987426757812,,True
flood:validation:Ghana_132163_S1Hand:059e5bdf37c2,flood,validation,data/external/sen1floods11/flood_splits/flood_valid_data.csv,6,data/external/sen1floods11/flood_sar/Ghana_132163_S1Hand.tif,data/external/sen1floods11/flood_mask/Ghana_132163_LabelHand.tif,False,True,True,True,True,True,False,True,True,3.1170812458958252e-19,512.0,512.0,2.0,512.0,512.0,1.0,,-1.0|0.0,True,-32.040138244628906,22.991493225097656,-46.01615524291992,11.744241714477539,,True
flood:validation:Ghana_142312_S1Hand:d074cbe76bd0,flood,validation,data/external/sen1floods11/flood_splits/flood_valid_data.csv,4,data/external/sen1floods11/flood_sar/Ghana_142312_S1Hand.tif,data/external/sen1floods11/flood_mask/Ghana_142312_LabelHand.tif,False,True,True,True,True,True,False,True,True,3.1170812458958252e-19,512.0,512.0,2.0,512.0,512.0,1.0,,0.0,True,-24.167490005493164,-1.3450714349746704,-41.9868278503418,-8.663284301757812,,True
flood:validation:Ghana_234935_S1Hand:22520830fb8d,flood,validation,data/external/sen1floods11/flood_splits/flood_valid_data.csv,5,data/external/sen1floods11/flood_sar/Ghana_234935_S1Hand.tif,data/external/sen1floods11/flood_mask/Ghana_234935_LabelHand.tif,False,True,True,True,True,True,False,True,True,3.1170812458958252e-19,512.0,512.0,2.0,512.0,512.0,1.0,,-1.0,True,-25.92315101623535,0.01705431565642357,-37.710731506347656,-6.759596824645996,,True
flood:validation:Ghana_277_S1Hand:16ae028416fd,flood,validation,data/external/sen1floods11/flood_splits/flood_valid_data.csv,10,data/external/sen1floods11/flood_sar/Ghana_277_S1Hand.tif,data/external/sen1floods11/flood_mask/Ghana_277_LabelHand.tif,False,True,True,True,True,True,False,True,True,3.1170812458958252e-19,512.0,512.0,2.0,512.0,512.0,1.0,,-1.0,True,-37.25895309448242,-1.0735124349594116,-50.29744338989258,-6.512228012084961,,True
flood:validation:Ghana_308249_S1Hand:c063aa9411ad,flood,validation,data/external/sen1floods11/flood_splits/flood_valid_data.csv,11,data/external/sen1floods11/flood_sar/Ghana_308249_S1Hand.tif,data/external/sen1floods11/flood_mask/Ghana_308249_LabelHand.tif,False,True,True,True,True,True,False,True,True,3.1170812458958252e-19,512.0,512.0,2.0,512.0,512.0,1.0,,0.0|1.0,True,-31.606164932250977,-0.6949998140335083,-43.23710250854492,-7.647477626800537,,True
flood:validation:Ghana_495107_S1Hand:1239b9a8066a,flood,validation,data/external/sen1floods11/flood_splits/flood_valid_data.csv,7,data/external/sen1floods11/flood_sar/Ghana_495107_S1Hand.tif,data/external/sen1floods11/flood_mask/Ghana_495107_LabelHand.tif,False,True,True,True,True,True,False,True,True,3.1170812458958252e-19,512.0,512.0,2.0,512.0,512.0,1.0,,0.0|1.0,True,-22.456378936767578,0.8427680134773254,-35.89622497558594,-7.3843488693237305,,True
flood:validation:Ghana_5079_S1Hand:1991b629c908,flood,validation,data/external/sen1floods11/flood_splits/flood_valid_data.csv,1,data/external/sen1floods11/flood_sar/Ghana_5079_S1Hand.tif,data/external/sen1floods11/flood_mask/Ghana_5079_LabelHand.tif,False,True,True,True,True,True,False,True,True,3.1170812458958252e-19,512.0,512.0,2.0,512.0,512.0,1.0,,-1.0,True,-19.357038497924805,-0.011350544169545174,-32.19017791748047,-6.597295761108398,,True
flood:validation:Ghana_868803_S1Hand:0e7cbd2a68ac,flood,validation,data/external/sen1floods11/flood_splits/flood_valid_data.csv,3,data/external/sen1floods11/flood_sar/Ghana_868803_S1Hand.tif,data/external/sen1floods11/flood_mask/Ghana_868803_LabelHand.tif,False,True,True,True,True,True,False,True,True,3.1170812458958252e-19,512.0,512.0,2.0,512.0,512.0,1.0,,0.0|1.0,True,-42.78726577758789,1.5702232122421265,-53.264976501464844,-7.458230972290039,,True
flood:validation:Ghana_895194_S1Hand:b87973f154c7,flood,validation,data/external/sen1floods11/flood_splits/flood_valid_data.csv,2,data/external/sen1floods11/flood_sar/Ghana_895194_S1Hand.tif,data/external/sen1floods11/flood_mask/Ghana_895194_LabelHand.tif,False,True,True,True,True,True,False,True,True,3.1170812458958252e-19,512.0,512.0,2.0,512.0,512.0,1.0,,-1.0|0.0|1.0,True,-30.22317886352539,1.5611845254898071,-47.43441390991211,-6.866971492767334,,True
flood:validation:India_1018317_S1Hand:3205cac20a46,flood,validation,data/external/sen1floods11/flood_splits/flood_valid_data.csv,20,data/external/sen1floods11/flood_sar/India_1018317_S1Hand.tif,data/external/sen1floods11/flood_mask/India_1018317_LabelHand.tif,False,True,True,True,True,True,False,True,True,6.423897871976614e-18,512.0,512.0,2.0,512.0,512.0,1.0,,-1.0|0.0|1.0,True,-47.723121643066406,8.057482719421387,-56.850257873535156,-0.7512606382369995,,True
flood:validation:India_1050276_S1Hand:977f8980d4d1,flood,validation,data/external/sen1floods11/flood_splits/flood_valid_data.csv,12,data/external/sen1floods11/flood_sar/India_1050276_S1Hand.tif,data/external/sen1floods11/flood_mask/India_1050276_LabelHand.tif,False,True,True,True,True,True,False,True,True,6.423897871976614e-18,512.0,512.0,2.0,512.0,512.0,1.0,,-1.0|0.0|1.0,True,-30.722150802612305,16.914295196533203,-48.08401107788086,4.926021575927734,,True
flood:validation:India_1068117_S1Hand:020d05d6cc6c,flood,validation,data/external/sen1floods11/flood_splits/flood_valid_data.csv,25,data/external/sen1floods11/flood_sar/India_1068117_S1Hand.tif,data/external/sen1floods11/flood_mask/India_1068117_LabelHand.tif,False,True,True,True,True,True,False,True,True,6.423897871976614e-18,512.0,512.0,2.0,512.0,512.0,1.0,,-1.0|0.0|1.0,True,-48.23322677612305,17.87894630432129,-49.90521240234375,10.780976295471191,,True
flood:validation:India_118868_S1Hand:4008d7e3a626,flood,validation,data/external/sen1floods11/flood_splits/flood_valid_data.csv,14,data/external/sen1floods11/flood_sar/India_118868_S1Hand.tif,data/external/sen1floods11/flood_mask/India_118868_LabelHand.tif,False,True,True,True,True,True,False,True,True,6.423897871976614e-18,512.0,512.0,2.0,512.0,512.0,1.0,,-1.0|0.0|1.0,True,-72.6576919555664,16.25044822692871,-78.15071105957031,6.3122358322143555,,True
flood:validation:India_164336_S1Hand:a2550957651b,flood,validation,data/external/sen1floods11/flood_splits/flood_valid_data.csv,22,data/external/sen1floods11/flood_sar/India_164336_S1Hand.tif,data/external/sen1floods11/flood_mask/India_164336_LabelHand.tif,False,True,True,True,True,True,False,True,True,6.423897871976614e-18,512.0,512.0,2.0,512.0,512.0,1.0,,-1.0|0.0|1.0,True,-23.524127960205078,13.94088077545166,-43.072853088378906,7.236952781677246,,True
flood:validation:India_180633_S1Hand:55adbdc26796,flood,validation,data/external/sen1floods11/flood_splits/flood_valid_data.csv,16,data/external/sen1floods11/flood_sar/India_180633_S1Hand.tif,data/external/sen1floods11/flood_mask/India_180633_LabelHand.tif,False,True,True,True,True,True,False,True,True,6.423897871976614e-18,512.0,512.0,2.0,512.0,512.0,1.0,,-1.0|0.0|1.0,True,-47.91963195800781,10.842442512512207,-47.92287063598633,4.501889228820801,,True
flood:validation:India_244057_S1Hand:5a13e113a066,flood,validation,data/external/sen1floods11/flood_splits/flood_valid_data.csv,17,data/external/sen1floods11/flood_sar/India_244057_S1Hand.tif,data/external/sen1floods11/flood_mask/India_244057_LabelHand.tif,False,True,True,True,True,True,False,True,True,6.423897871976614e-18,512.0,512.0,2.0,512.0,512.0,1.0,,-1.0|0.0|1.0,True,-33.47003173828125,9.394251823425293,-47.95560836791992,1.8859844207763672,,True
flood:validation:India_533192_S1Hand:a672b962fd05,flood,validation,data/external/sen1floods11/flood_splits/flood_valid_data.csv,15,data/external/sen1floods11/flood_sar/India_533192_S1Hand.tif,data/external/sen1floods11/flood_mask/India_533192_LabelHand.tif,False,True,True,True,True,True,False,True,True,6.423897871976614e-18,512.0,512.0,2.0,512.0,512.0,1.0,,-1.0|0.0|1.0,True,-87.50163269042969,12.194382667541504,-87.50163269042969,7.255858421325684,,True
flood:validation:India_691027_S1Hand:6b1a73c025d5,flood,validation,data/external/sen1floods11/flood_splits/flood_valid_data.csv,18,data/external/sen1floods11/flood_sar/India_691027_S1Hand.tif,data/external/sen1floods11/flood_mask/India_691027_LabelHand.tif,False,True,True,True,True,True,False,True,True,6.423897871976614e-18,512.0,512.0,2.0,512.0,512.0,1.0,,-1.0|0.0|1.0,True,-29.535512924194336,15.77019214630127,-48.302371978759766,9.084555625915527,,True
flood:validation:India_70352_S1Hand:daf9324cc996,flood,validation,data/external/sen1floods11/flood_splits/flood_valid_data.csv,23,data/external/sen1floods11/flood_sar/India_70352_S1Hand.tif,data/external/sen1floods11/flood_mask/India_70352_LabelHand.tif,False,True,True,True,True,True,False,True,True,6.423897871976614e-18,512.0,512.0,2.0,512.0,512.0,1.0,,-1.0|0.0|1.0,True,-47.78550338745117,19.186077117919922,-48.03810119628906,2.470085382461548,,True
flood:validation:India_764946_S1Hand:2243bf100453,flood,validation,data/external/sen1floods11/flood_splits/flood_valid_data.csv,13,data/external/sen1floods11/flood_sar/India_764946_S1Hand.tif,data/external/sen1floods11/flood_mask/India_764946_LabelHand.tif,False,True,True,True,True,True,False,True,True,6.423897871976614e-18,512.0,512.0,2.0,512.0,512.0,1.0,,-1.0|0.0|1.0,True,-27.6104679107666,3.2757630348205566,-40.195003509521484,-2.9938344955444336,,True
flood:validation:India_769408_S1Hand:bae44a6b2015,flood,validation,data/external/sen1floods11/flood_splits/flood_valid_data.csv,19,data/external/sen1floods11/flood_sar/India_769408_S1Hand.tif,data/external/sen1floods11/flood_mask/India_769408_LabelHand.tif,False,True,True,True,True,True,False,True,True,6.423897871976614e-18,512.0,512.0,2.0,512.0,512.0,1.0,,-1.0|0.0|1.0,True,-29.440937042236328,16.768476486206055,-47.59795379638672,-0.24931353330612183,,True
flood:validation:India_833266_S1Hand:ab12f3528aa4,flood,validation,data/external/sen1floods11/flood_splits/flood_valid_data.csv,24,data/external/sen1floods11/flood_sar/India_833266_S1Hand.tif,data/external/sen1floods11/flood_mask/India_833266_LabelHand.tif,False,True,True,True,True,True,False,True,True,6.423897871976614e-18,512.0,512.0,2.0,512.0,512.0,1.0,,-1.0|0.0|1.0,True,-30.23045539855957,21.087770462036133,-45.5046272277832,12.694729804992676,,True
flood:validation:India_869358_S1Hand:15f53cdee62c,flood,validation,data/external/sen1floods11/flood_splits/flood_valid_data.csv,21,data/external/sen1floods11/flood_sar/India_869358_S1Hand.tif,data/external/sen1floods11/flood_mask/India_869358_LabelHand.tif,False,True,True,True,True,True,False,True,True,6.423897871976614e-18,512.0,512.0,2.0,512.0,512.0,1.0,,0.0|1.0,True,-29.265640258789062,18.669315338134766,-47.9835319519043,8.306883811950684,,True
flood:validation:Mekong_1149855_S1Hand:61c2ce26145d,flood,validation,data/external/sen1floods11/flood_splits/flood_valid_data.csv,26,data/external/sen1floods11/flood_sar/Mekong_1149855_S1Hand.tif,data/external/sen1floods11/flood_mask/Mekong_1149855_LabelHand.tif,False,True,True,True,True,True,False,True,True,6.423897871976614e-18,512.0,512.0,2.0,512.0,512.0,1.0,,-1.0|0.0|1.0,True,-31.568744659423828,15.99582290649414,-46.16984558105469,-5.157065391540527,,True
flood:validation:Mekong_1413877_S1Hand:ce045126db81,flood,validation,data/external/sen1floods11/flood_splits/flood_valid_data.csv,30,data/external/sen1floods11/flood_sar/Mekong_1413877_S1Hand.tif,data/external/sen1floods11/flood_mask/Mekong_1413877_LabelHand.tif,False,True,True,True,True,True,False,True,True,6.423897871976614e-18,512.0,512.0,2.0,512.0,512.0,1.0,,-1.0|0.0|1.0,True,-24.252962112426758,11.519562721252441,-34.144927978515625,6.001758098602295,,True
flood:validation:Mekong_293769_S1Hand:c91b9549fd83,flood,validation,data/external/sen1floods11/flood_splits/flood_valid_data.csv,29,data/external/sen1floods11/flood_sar/Mekong_293769_S1Hand.tif,data/external/sen1floods11/flood_mask/Mekong_293769_LabelHand.tif,False,True,True,True,True,True,False,True,True,6.423897871976614e-18,512.0,512.0,2.0,512.0,512.0,1.0,,-1.0|0.0|1.0,True,-45.68611526489258,-0.9181337952613831,-51.8822135925293,-7.2050395011901855,,True
flood:validation:Mekong_474783_S1Hand:6ea70cb9fde2,flood,validation,data/external/sen1floods11/flood_splits/flood_valid_data.csv,28,data/external/sen1floods11/flood_sar/Mekong_474783_S1Hand.tif,data/external/sen1floods11/flood_mask/Mekong_474783_LabelHand.tif,False,True,True,True,True,True,False,True,True,6.423897871976614e-18,512.0,512.0,2.0,512.0,512.0,1.0,,-1.0|0.0|1.0,True,-22.92221450805664,16.576597213745117,-35.62849426269531,5.155568599700928,,True
flood:validation:Mekong_977338_S1Hand:391a4012d3c9,flood,validation,data/external/sen1floods11/flood_splits/flood_valid_data.csv,27,data/external/sen1floods11/flood_sar/Mekong_977338_S1Hand.tif,data/external/sen1floods11/flood_mask/Mekong_977338_LabelHand.tif,False,True,True,True,True,True,False,True,True,6.423897871976614e-18,512.0,512.0,2.0,512.0,512.0,1.0,,-1.0|0.0|1.0,True,-49.98041915893555,1.464631199836731,-54.99637222290039,-6.349227428436279,,True
flood:validation:Mekong_98310_S1Hand:e27bed38ea3e,flood,validation,data/external/sen1floods11/flood_splits/flood_valid_data.csv,31,data/external/sen1floods11/flood_sar/Mekong_98310_S1Hand.tif,data/external/sen1floods11/flood_mask/Mekong_98310_LabelHand.tif,False,True,True,True,True,True,False,True,True,6.423897871976614e-18,512.0,512.0,2.0,512.0,512.0,1.0,,-1.0|0.0|1.0,True,-50.739898681640625,3.602144956588745,-54.712642669677734,-1.3971525430679321,,True
flood:validation:Nigeria_1095404_S1Hand:a2dfe086499e,flood,validation,data/external/sen1floods11/flood_splits/flood_valid_data.csv,34,data/external/sen1floods11/flood_sar/Nigeria_1095404_S1Hand.tif,data/external/sen1floods11/flood_mask/Nigeria_1095404_LabelHand.tif,False,True,True,True,True,True,False,True,True,5.149960319306146e-19,512.0,512.0,2.0,512.0,512.0,1.0,,-1.0|0.0|1.0,True,-39.49478530883789,10.945784568786621,-47.12413787841797,-0.4954579174518585,,True
flood:validation:Nigeria_31096_S1Hand:7e9badc2c292,flood,validation,data/external/sen1floods11/flood_splits/flood_valid_data.csv,32,data/external/sen1floods11/flood_sar/Nigeria_31096_S1Hand.tif,data/external/sen1floods11/flood_mask/Nigeria_31096_LabelHand.tif,False,True,True,True,True,True,False,True,True,5.149960319306146e-19,512.0,512.0,2.0,512.0,512.0,1.0,,-1.0|0.0|1.0,True,-22.347267150878906,13.172327041625977,-40.25123977661133,4.283108234405518,,True
flood:validation:Nigeria_820924_S1Hand:3c49895d7ce3,flood,validation,data/external/sen1floods11/flood_splits/flood_valid_data.csv,35,data/external/sen1floods11/flood_sar/Nigeria_820924_S1Hand.tif,data/external/sen1floods11/flood_mask/Nigeria_820924_LabelHand.tif,False,True,True,True,True,True,False,True,True,5.149960319306146e-19,512.0,512.0,2.0,512.0,512.0,1.0,,-1.0|0.0|1.0,True,-25.12737464904785,11.370491027832031,-32.296844482421875,-3.8899271488189697,,True
flood:validation:Nigeria_984831_S1Hand:f516e90e1fe5,flood,validation,data/external/sen1floods11/flood_splits/flood_valid_data.csv,33,data/external/sen1floods11/flood_sar/Nigeria_984831_S1Hand.tif,data/external/sen1floods11/flood_mask/Nigeria_984831_LabelHand.tif,False,True,True,True,True,True,False,True,True,5.149960319306146e-19,512.0,512.0,2.0,512.0,512.0,1.0,,-1.0|0.0|1.0,True,-46.784542083740234,-0.7883625030517578,-53.772823333740234,-7.333073616027832,,True
flood:validation:Pakistan_1027214_S1Hand:c8d39f5fa21a,flood,validation,data/external/sen1floods11/flood_splits/flood_valid_data.csv,39,data/external/sen1floods11/flood_sar/Pakistan_1027214_S1Hand.tif,data/external/sen1floods11/flood_mask/Pakistan_1027214_LabelHand.tif,False,True,True,True,True,True,False,True,True,6.423897871976614e-18,512.0,512.0,2.0,512.0,512.0,1.0,,-1.0|0.0|1.0,True,-34.93605422973633,2.809725761413574,-47.60755920410156,-7.224615097045898,,True
flood:validation:Pakistan_210595_S1Hand:76f2737d2de1,flood,validation,data/external/sen1floods11/flood_splits/flood_valid_data.csv,38,data/external/sen1floods11/flood_sar/Pakistan_210595_S1Hand.tif,data/external/sen1floods11/flood_mask/Pakistan_210595_LabelHand.tif,False,True,True,True,True,True,False,True,True,6.423897871976614e-18,512.0,512.0,2.0,512.0,512.0,1.0,,0.0,True,-23.336946487426758,4.654808521270752,-48.01552200317383,-6.089413166046143,,True
flood:validation:Pakistan_336228_S1Hand:31ce629cf6e1,flood,validation,data/external/sen1floods11/flood_splits/flood_valid_data.csv,40,data/external/sen1floods11/flood_sar/Pakistan_336228_S1Hand.tif,data/external/sen1floods11/flood_mask/Pakistan_336228_LabelHand.tif,False,True,True,True,True,True,False,True,True,6.423897871976614e-18,512.0,512.0,2.0,512.0,512.0,1.0,,-1.0|0.0,True,-27.637081146240234,7.782470226287842,-47.57923889160156,-6.040896415710449,,True
flood:validation:Pakistan_43105_S1Hand:3f9df75ffca5,flood,validation,data/external/sen1floods11/flood_splits/flood_valid_data.csv,36,data/external/sen1floods11/flood_sar/Pakistan_43105_S1Hand.tif,data/external/sen1floods11/flood_mask/Pakistan_43105_LabelHand.tif,False,True,True,True,True,True,False,True,True,6.423897871976614e-18,512.0,512.0,2.0,512.0,512.0,1.0,,-1.0|0.0|1.0,True,-28.288427352905273,2.745039939880371,-47.59080505371094,-8.068363189697266,,True
flood:validation:Pakistan_94095_S1Hand:dfabd228fec1,flood,validation,data/external/sen1floods11/flood_splits/flood_valid_data.csv,37,data/external/sen1floods11/flood_sar/Pakistan_94095_S1Hand.tif,data/external/sen1floods11/flood_mask/Pakistan_94095_LabelHand.tif,False,True,True,True,True,True,False,True,True,6.423897871976614e-18,512.0,512.0,2.0,512.0,512.0,1.0,,-1.0|0.0|1.0,True,-41.065982818603516,1.577284574508667,-58.28885269165039,-7.655535697937012,,True
flood:validation:Pakistan_9684_S1Hand:28f384a870d7,flood,validation,data/external/sen1floods11/flood_splits/flood_valid_data.csv,41,data/external/sen1floods11/flood_sar/Pakistan_9684_S1Hand.tif,data/external/sen1floods11/flood_mask/Pakistan_9684_LabelHand.tif,False,True,True,True,True,True,False,True,True,6.423897871976614e-18,512.0,512.0,2.0,512.0,512.0,1.0,,-1.0|0.0|1.0,True,-25.674663543701172,8.450963020324707,-40.3978385925293,-6.481184005737305,,True
flood:validation:Paraguay_1019808_S1Hand:fc0fa296d125,flood,validation,data/external/sen1floods11/flood_splits/flood_valid_data.csv,47,data/external/sen1floods11/flood_sar/Paraguay_1019808_S1Hand.tif,data/external/sen1floods11/flood_mask/Paraguay_1019808_LabelHand.tif,False,True,True,True,True,True,False,True,True,5.149960319306146e-19,512.0,512.0,2.0,512.0,512.0,1.0,,0.0|1.0,True,-20.33332633972168,-1.0353503227233887,-41.252357482910156,-6.824246406555176,,True
flood:validation:Paraguay_153941_S1Hand:c2507228d02f,flood,validation,data/external/sen1floods11/flood_splits/flood_valid_data.csv,55,data/external/sen1floods11/flood_sar/Paraguay_153941_S1Hand.tif,data/external/sen1floods11/flood_mask/Paraguay_153941_LabelHand.tif,False,True,True,True,True,True,False,True,True,5.149960319306146e-19,512.0,512.0,2.0,512.0,512.0,1.0,,0.0|1.0,True,-24.15343475341797,-1.9859447479248047,-40.835060119628906,-8.02479362487793,,True
flood:validation:Paraguay_172476_S1Hand:479df81bc0e3,flood,validation,data/external/sen1floods11/flood_splits/flood_valid_data.csv,44,data/external/sen1floods11/flood_sar/Paraguay_172476_S1Hand.tif,data/external/sen1floods11/flood_mask/Paraguay_172476_LabelHand.tif,False,True,True,True,True,True,False,True,True,5.149960319306146e-19,512.0,512.0,2.0,512.0,512.0,1.0,,-1.0|0.0|1.0,True,-26.235136032104492,2.8064775466918945,-42.36543273925781,-5.076996803283691,,True
flood:validation:Paraguay_205585_S1Hand:f557e0e7e62c,flood,validation,data/external/sen1floods11/flood_splits/flood_valid_data.csv,50,data/external/sen1floods11/flood_sar/Paraguay_205585_S1Hand.tif,data/external/sen1floods11/flood_mask/Paraguay_205585_LabelHand.tif,False,True,True,True,True,True,False,True,True,5.149960319306146e-19,512.0,512.0,2.0,512.0,512.0,1.0,,0.0,True,-22.974838256835938,8.667435646057129,-35.03858184814453,-0.4810105860233307,,True
flood:validation:Paraguay_252217_S1Hand:b11c80509bd6,flood,validation,data/external/sen1floods11/flood_splits/flood_valid_data.csv,49,data/external/sen1floods11/flood_sar/Paraguay_252217_S1Hand.tif,data/external/sen1floods11/flood_mask/Paraguay_252217_LabelHand.tif,False,True,True,True,True,True,False,True,True,5.149960319306146e-19,512.0,512.0,2.0,512.0,512.0,1.0,,-1.0|0.0|1.0,True,-23.751296997070312,-0.6150626540184021,-47.64533615112305,-7.592186450958252,,True
flood:validation:Paraguay_284928_S1Hand:de6f031147df,flood,validation,data/external/sen1floods11/flood_splits/flood_valid_data.csv,46,data/external/sen1floods11/flood_sar/Paraguay_284928_S1Hand.tif,data/external/sen1floods11/flood_mask/Paraguay_284928_LabelHand.tif,False,True,True,True,True,True,False,True,True,5.149960319306146e-19,512.0,512.0,2.0,512.0,512.0,1.0,,0.0,True,-22.173856735229492,-0.5365507006645203,-43.59669876098633,-7.505367755889893,,True
flood:validation:Paraguay_305760_S1Hand:980be5ef5abf,flood,validation,data/external/sen1floods11/flood_splits/flood_valid_data.csv,42,data/external/sen1floods11/flood_sar/Paraguay_305760_S1Hand.tif,data/external/sen1floods11/flood_mask/Paraguay_305760_LabelHand.tif,False,True,True,True,True,True,False,True,True,5.149960319306146e-19,512.0,512.0,2.0,512.0,512.0,1.0,,0.0|1.0,True,-27.872087478637695,0.6219855546951294,-47.34817886352539,-7.064899921417236,,True
flood:validation:Paraguay_581976_S1Hand:5d969b211082,flood,validation,data/external/sen1floods11/flood_splits/flood_valid_data.csv,45,data/external/sen1floods11/flood_sar/Paraguay_581976_S1Hand.tif,data/external/sen1floods11/flood_mask/Paraguay_581976_LabelHand.tif,False,True,True,True,True,True,False,True,True,5.149960319306146e-19,512.0,512.0,2.0,512.0,512.0,1.0,,0.0|1.0,True,-35.443885803222656,0.5776785016059875,-52.3105583190918,-7.234420299530029,,True
flood:validation:Paraguay_648632_S1Hand:dbbd562eae25,flood,validation,data/external/sen1floods11/flood_splits/flood_valid_data.csv,43,data/external/sen1floods11/flood_sar/Paraguay_648632_S1Hand.tif,data/external/sen1floods11/flood_mask/Paraguay_648632_LabelHand.tif,False,True,True,True,True,True,False,True,True,5.149960319306146e-19,512.0,512.0,2.0,512.0,512.0,1.0,,0.0|1.0,True,-33.42554473876953,-1.1004594564437866,-47.29639434814453,-7.987337112426758,,True
flood:validation:Paraguay_657443_S1Hand:82e67f57b1b2,flood,validation,data/external/sen1floods11/flood_splits/flood_valid_data.csv,53,data/external/sen1floods11/flood_sar/Paraguay_657443_S1Hand.tif,data/external/sen1floods11/flood_mask/Paraguay_657443_LabelHand.tif,False,True,True,True,True,True,False,True,True,5.149960319306146e-19,512.0,512.0,2.0,512.0,512.0,1.0,,0.0|1.0,True,-43.36085891723633,-0.6828096508979797,-52.20219802856445,-7.644739627838135,,True
flood:validation:Paraguay_76868_S1Hand:d99c53e12ab2,flood,validation,data/external/sen1floods11/flood_splits/flood_valid_data.csv,48,data/external/sen1floods11/flood_sar/Paraguay_76868_S1Hand.tif,data/external/sen1floods11/flood_mask/Paraguay_76868_LabelHand.tif,False,True,True,True,True,True,False,True,True,5.149960319306146e-19,512.0,512.0,2.0,512.0,512.0,1.0,,-1.0|0.0|1.0,True,-40.795310974121094,5.12713098526001,-55.297977447509766,0.3826184868812561,,True
flood:validation:Paraguay_7894_S1Hand:b64e7bc5f05a,flood,validation,data/external/sen1floods11/flood_splits/flood_valid_data.csv,51,data/external/sen1floods11/flood_sar/Paraguay_7894_S1Hand.tif,data/external/sen1floods11/flood_mask/Paraguay_7894_LabelHand.tif,False,True,True,True,True,True,False,True,True,5.149960319306146e-19,512.0,512.0,2.0,512.0,512.0,1.0,,-1.0|0.0,True,-24.6581974029541,14.695966720581055,-36.06769561767578,0.06045638397336006,,True
flood:validation:Paraguay_896458_S1Hand:b07d12141d81,flood,validation,data/external/sen1floods11/flood_splits/flood_valid_data.csv,52,data/external/sen1floods11/flood_sar/Paraguay_896458_S1Hand.tif,data/external/sen1floods11/flood_mask/Paraguay_896458_LabelHand.tif,False,True,True,True,True,True,False,True,True,5.149960319306146e-19,512.0,512.0,2.0,512.0,512.0,1.0,,-1.0|0.0|1.0,True,-45.80951690673828,1.362470269203186,-50.9678840637207,-6.972995758056641,,True
flood:validation:Paraguay_934240_S1Hand:343cd154c300,flood,validation,data/external/sen1floods11/flood_splits/flood_valid_data.csv,54,data/external/sen1floods11/flood_sar/Paraguay_934240_S1Hand.tif,data/external/sen1floods11/flood_mask/Paraguay_934240_LabelHand.tif,False,True,True,True,True,True,False,True,True,5.149960319306146e-19,512.0,512.0,2.0,512.0,512.0,1.0,,0.0|1.0,True,-20.519287109375,1.0344613790512085,-40.85911178588867,-8.472871780395508,,True
flood:validation:Somalia_12849_S1Hand:3cf3cbbfdde5,flood,validation,data/external/sen1floods11/flood_splits/flood_valid_data.csv,56,data/external/sen1floods11/flood_sar/Somalia_12849_S1Hand.tif,data/external/sen1floods11/flood_mask/Somalia_12849_LabelHand.tif,False,True,True,True,True,True,False,True,True,9.486769009248164e-20,512.0,512.0,2.0,512.0,512.0,1.0,,-1.0|0.0|1.0,True,-42.102745056152344,12.196305274963379,-51.915321350097656,2.898597478866577,,True
flood:validation:Somalia_167787_S1Hand:baa55a8ac963,flood,validation,data/external/sen1floods11/flood_splits/flood_valid_data.csv,60,data/external/sen1floods11/flood_sar/Somalia_167787_S1Hand.tif,data/external/sen1floods11/flood_mask/Somalia_167787_LabelHand.tif,False,True,True,True,True,True,False,True,True,9.486769009248164e-20,512.0,512.0,2.0,512.0,512.0,1.0,,-1.0|0.0|1.0,True,-34.1387825012207,0.3031092882156372,-50.251766204833984,-6.9548797607421875,,True
flood:validation:Somalia_256539_S1Hand:e71b8c03f074,flood,validation,data/external/sen1floods11/flood_splits/flood_valid_data.csv,57,data/external/sen1floods11/flood_sar/Somalia_256539_S1Hand.tif,data/external/sen1floods11/flood_mask/Somalia_256539_LabelHand.tif,False,True,True,True,True,True,False,True,True,9.486769009248164e-20,512.0,512.0,2.0,512.0,512.0,1.0,,-1.0|0.0|1.0,True,-27.278440475463867,17.74751091003418,-47.54434585571289,7.916557788848877,,True
flood:validation:Somalia_61368_S1Hand:755f5c5865cf,flood,validation,data/external/sen1floods11/flood_splits/flood_valid_data.csv,58,data/external/sen1floods11/flood_sar/Somalia_61368_S1Hand.tif,data/external/sen1floods11/flood_mask/Somalia_61368_LabelHand.tif,False,True,True,True,True,True,False,True,True,5.149960319306146e-19,512.0,512.0,2.0,512.0,512.0,1.0,,-1.0|0.0,True,-28.058788299560547,-1.960696816444397,-47.3519401550293,-7.953036308288574,,True
flood:validation:Somalia_649376_S1Hand:da368face487,flood,validation,data/external/sen1floods11/flood_splits/flood_valid_data.csv,59,data/external/sen1floods11/flood_sar/Somalia_649376_S1Hand.tif,data/external/sen1floods11/flood_mask/Somalia_649376_LabelHand.tif,False,True,True,True,True,True,False,True,True,9.486769009248164e-20,512.0,512.0,2.0,512.0,512.0,1.0,,-1.0|0.0|1.0,True,-29.154987335205078,-1.43769109249115,-47.57371520996094,-8.315754890441895,,True
flood:validation:Spain_1199913_S1Hand:35b83ee29460,flood,validation,data/external/sen1floods11/flood_splits/flood_valid_data.csv,61,data/external/sen1floods11/flood_sar/Spain_1199913_S1Hand.tif,data/external/sen1floods11/flood_mask/Spain_1199913_LabelHand.tif,False,True,True,True,True,True,False,True,True,3.1170812458958252e-19,512.0,512.0,2.0,512.0,512.0,1.0,,-1.0|0.0|1.0,True,-46.11629867553711,12.913407325744629,-53.55232620239258,3.6642003059387207,,True
flood:validation:Spain_4282030_S1Hand:7b624cb20a2c,flood,validation,data/external/sen1floods11/flood_splits/flood_valid_data.csv,65,data/external/sen1floods11/flood_sar/Spain_4282030_S1Hand.tif,data/external/sen1floods11/flood_mask/Spain_4282030_LabelHand.tif,False,True,True,True,True,True,False,True,True,3.1170812458958252e-19,512.0,512.0,2.0,512.0,512.0,1.0,,-1.0|0.0|1.0,True,-44.79744338989258,16.605451583862305,-58.431278228759766,4.2994890213012695,,True
flood:validation:Spain_6537196_S1Hand:5e93921e9978,flood,validation,data/external/sen1floods11/flood_splits/flood_valid_data.csv,64,data/external/sen1floods11/flood_sar/Spain_6537196_S1Hand.tif,data/external/sen1floods11/flood_mask/Spain_6537196_LabelHand.tif,False,True,True,True,True,True,False,True,True,3.1170812458958252e-19,512.0,512.0,2.0,512.0,512.0,1.0,,-1.0|0.0|1.0,True,-37.18797302246094,16.63773536682129,-50.92074203491211,12.22587776184082,,True
flood:validation:Spain_7604243_S1Hand:c9c322a3c5c8,flood,validation,data/external/sen1floods11/flood_splits/flood_valid_data.csv,63,data/external/sen1floods11/flood_sar/Spain_7604243_S1Hand.tif,data/external/sen1floods11/flood_mask/Spain_7604243_LabelHand.tif,False,True,True,True,True,True,False,True,True,3.1170812458958252e-19,512.0,512.0,2.0,512.0,512.0,1.0,,-1.0|0.0|1.0,True,-45.68764114379883,19.30228042602539,-48.551292419433594,6.492935657501221,,True
flood:validation:Spain_8372658_S1Hand:3c18ae666b56,flood,validation,data/external/sen1floods11/flood_splits/flood_valid_data.csv,62,data/external/sen1floods11/flood_sar/Spain_8372658_S1Hand.tif,data/external/sen1floods11/flood_mask/Spain_8372658_LabelHand.tif,False,True,True,True,True,True,False,True,True,3.1170812458958252e-19,512.0,512.0,2.0,512.0,512.0,1.0,,-1.0|0.0|1.0,True,-46.83738708496094,36.83202362060547,-51.96451187133789,10.9528169631958,,True
flood:validation:Spain_8565131_S1Hand:774b62f8a578,flood,validation,data/external/sen1floods11/flood_splits/flood_valid_data.csv,66,data/external/sen1floods11/flood_sar/Spain_8565131_S1Hand.tif,data/external/sen1floods11/flood_mask/Spain_8565131_LabelHand.tif,False,True,True,True,True,True,False,True,True,3.1170812458958252e-19,512.0,512.0,2.0,512.0,512.0,1.0,,-1.0|0.0|1.0,True,-52.048709869384766,16.280344009399414,-51.55350875854492,-2.2653586864471436,,True
flood:validation:Sri-Lanka_101973_S1Hand:45fbaeb5a9bc,flood,validation,data/external/sen1floods11/flood_splits/flood_valid_data.csv,74,data/external/sen1floods11/flood_sar/Sri-Lanka_101973_S1Hand.tif,data/external/sen1floods11/flood_mask/Sri-Lanka_101973_LabelHand.tif,False,True,True,True,True,True,False,True,True,6.423897871976614e-18,512.0,512.0,2.0,512.0,512.0,1.0,,-1.0|0.0|1.0,True,-25.355199813842773,14.373910903930664,-43.616825103759766,0.4887712001800537,,True
flood:validation:Sri-Lanka_132922_S1Hand:a45db3ccd613,flood,validation,data/external/sen1floods11/flood_splits/flood_valid_data.csv,70,data/external/sen1floods11/flood_sar/Sri-Lanka_132922_S1Hand.tif,data/external/sen1floods11/flood_mask/Sri-Lanka_132922_LabelHand.tif,False,True,True,True,True,True,False,True,True,6.423897871976614e-18,512.0,512.0,2.0,512.0,512.0,1.0,,0.0|1.0,True,-24.036142349243164,14.207763671875,-43.85365676879883,0.8314272165298462,,True
flood:validation:Sri-Lanka_236030_S1Hand:31e07f891318,flood,validation,data/external/sen1floods11/flood_splits/flood_valid_data.csv,71,data/external/sen1floods11/flood_sar/Sri-Lanka_236030_S1Hand.tif,data/external/sen1floods11/flood_mask/Sri-Lanka_236030_LabelHand.tif,False,True,True,True,True,True,False,True,True,6.423897871976614e-18,512.0,512.0,2.0,512.0,512.0,1.0,,-1.0|0.0|1.0,True,-28.27484703063965,19.46799087524414,-46.02082061767578,0.05433348938822746,,True
flood:validation:Sri-Lanka_236628_S1Hand:262804edd8ca,flood,validation,data/external/sen1floods11/flood_splits/flood_valid_data.csv,73,data/external/sen1floods11/flood_sar/Sri-Lanka_236628_S1Hand.tif,data/external/sen1floods11/flood_mask/Sri-Lanka_236628_LabelHand.tif,False,True,True,True,True,True,False,True,True,6.423897871976614e-18,512.0,512.0,2.0,512.0,512.0,1.0,,-1.0|0.0|1.0,True,-27.302961349487305,10.694802284240723,-43.42295455932617,-2.478182554244995,,True
flood:validation:Sri-Lanka_31559_S1Hand:afb17dab971f,flood,validation,data/external/sen1floods11/flood_splits/flood_valid_data.csv,72,data/external/sen1floods11/flood_sar/Sri-Lanka_31559_S1Hand.tif,data/external/sen1floods11/flood_mask/Sri-Lanka_31559_LabelHand.tif,False,True,True,True,True,True,False,True,True,6.423897871976614e-18,512.0,512.0,2.0,512.0,512.0,1.0,,-1.0|0.0|1.0,True,-21.494033813476562,20.588050842285156,-29.271636962890625,1.4558290243148804,,True
flood:validation:Sri-Lanka_321316_S1Hand:4afd5c810433,flood,validation,data/external/sen1floods11/flood_splits/flood_valid_data.csv,75,data/external/sen1floods11/flood_sar/Sri-Lanka_321316_S1Hand.tif,data/external/sen1floods11/flood_mask/Sri-Lanka_321316_LabelHand.tif,False,True,True,True,True,True,False,True,True,6.423897871976614e-18,512.0,512.0,2.0,512.0,512.0,1.0,,-1.0|0.0|1.0,True,-27.07120132446289,8.301881790161133,-53.36668395996094,-5.581446170806885,,True
flood:validation:Sri-Lanka_612594_S1Hand:9b83274ad1c7,flood,validation,data/external/sen1floods11/flood_splits/flood_valid_data.csv,69,data/external/sen1floods11/flood_sar/Sri-Lanka_612594_S1Hand.tif,data/external/sen1floods11/flood_mask/Sri-Lanka_612594_LabelHand.tif,False,True,True,True,True,True,False,True,True,6.423897871976614e-18,512.0,512.0,2.0,512.0,512.0,1.0,,0.0|1.0,True,-31.807035446166992,6.741239547729492,-48.01637649536133,-5.447816848754883,,True
flood:validation:Sri-Lanka_63307_S1Hand:56cadfb176cc,flood,validation,data/external/sen1floods11/flood_splits/flood_valid_data.csv,68,data/external/sen1floods11/flood_sar/Sri-Lanka_63307_S1Hand.tif,data/external/sen1floods11/flood_mask/Sri-Lanka_63307_LabelHand.tif,False,True,True,True,True,True,False,True,True,6.423897871976614e-18,512.0,512.0,2.0,512.0,512.0,1.0,,0.0|1.0,True,-27.050783157348633,12.591419219970703,-41.49602508544922,2.1120424270629883,,True
flood:validation:Sri-Lanka_85652_S1Hand:de9991d904a8,flood,validation,data/external/sen1floods11/flood_splits/flood_valid_data.csv,67,data/external/sen1floods11/flood_sar/Sri-Lanka_85652_S1Hand.tif,data/external/sen1floods11/flood_mask/Sri-Lanka_85652_LabelHand.tif,False,True,True,True,True,True,False,True,True,6.423897871976614e-18,512.0,512.0,2.0,512.0,512.0,1.0,,-1.0|0.0|1.0,True,-21.584325790405273,21.329185485839844,-36.237266540527344,7.401996612548828,,True
flood:validation:USA_1039203_S1Hand:98c7b55f6459,flood,validation,data/external/sen1floods11/flood_splits/flood_valid_data.csv,82,data/external/sen1floods11/flood_sar/USA_1039203_S1Hand.tif,data/external/sen1floods11/flood_mask/USA_1039203_LabelHand.tif,False,True,True,True,True,True,False,True,True,6.423897871976614e-18,512.0,512.0,2.0,512.0,512.0,1.0,,-1.0|0.0|1.0,True,-29.800827026367188,6.570636749267578,-47.22119903564453,-4.09051513671875,,True
flood:validation:USA_1082482_S1Hand:c8f4aa62cbc8,flood,validation,data/external/sen1floods11/flood_splits/flood_valid_data.csv,84,data/external/sen1floods11/flood_sar/USA_1082482_S1Hand.tif,data/external/sen1floods11/flood_mask/USA_1082482_LabelHand.tif,False,True,True,True,True,True,False,True,True,6.423897871976614e-18,512.0,512.0,2.0,512.0,512.0,1.0,,-1.0|0.0|1.0,True,-28.130992889404297,10.761445045471191,-47.223793029785156,-4.886499404907227,,True
flood:validation:USA_19225_S1Hand:ed3d3f8bc67d,flood,validation,data/external/sen1floods11/flood_splits/flood_valid_data.csv,79,data/external/sen1floods11/flood_sar/USA_19225_S1Hand.tif,data/external/sen1floods11/flood_mask/USA_19225_LabelHand.tif,False,True,True,True,True,True,False,True,True,6.423897871976614e-18,512.0,512.0,2.0,512.0,512.0,1.0,,-1.0|0.0|1.0,True,-34.987152099609375,11.674089431762695,-48.77617645263672,-6.0781331062316895,,True
flood:validation:USA_225017_S1Hand:7c656db9aed0,flood,validation,data/external/sen1floods11/flood_splits/flood_valid_data.csv,85,data/external/sen1floods11/flood_sar/USA_225017_S1Hand.tif,data/external/sen1floods11/flood_mask/USA_225017_LabelHand.tif,False,True,True,True,True,True,False,True,True,6.423897871976614e-18,512.0,512.0,2.0,512.0,512.0,1.0,,-1.0|0.0|1.0,True,-37.827606201171875,11.981566429138184,-47.796356201171875,1.1546010971069336,,True
flood:validation:USA_251323_S1Hand:c5e654bfb8a8,flood,validation,data/external/sen1floods11/flood_splits/flood_valid_data.csv,83,data/external/sen1floods11/flood_sar/USA_251323_S1Hand.tif,data/external/sen1floods11/flood_mask/USA_251323_LabelHand.tif,False,True,True,True,True,True,False,True,True,6.423897871976614e-18,512.0,512.0,2.0,512.0,512.0,1.0,,-1.0|0.0|1.0,True,-25.249662399291992,11.965231895446777,-46.28901290893555,-4.808569431304932,,True
flood:validation:USA_275372_S1Hand:f60776754189,flood,validation,data/external/sen1floods11/flood_splits/flood_valid_data.csv,78,data/external/sen1floods11/flood_sar/USA_275372_S1Hand.tif,data/external/sen1floods11/flood_mask/USA_275372_LabelHand.tif,False,True,True,True,True,True,False,True,True,6.423897871976614e-18,512.0,512.0,2.0,512.0,512.0,1.0,,-1.0|0.0|1.0,True,-35.28883361816406,15.992267608642578,-47.34318161010742,12.55744743347168,,True
flood:validation:USA_308150_S1Hand:cfc0275ca8ae,flood,validation,data/external/sen1floods11/flood_splits/flood_valid_data.csv,81,data/external/sen1floods11/flood_sar/USA_308150_S1Hand.tif,data/external/sen1floods11/flood_mask/USA_308150_LabelHand.tif,False,True,True,True,True,True,False,True,True,6.423897871976614e-18,512.0,512.0,2.0,512.0,512.0,1.0,,-1.0|0.0|1.0,True,-41.2886848449707,7.171456336975098,-47.856502532958984,-5.945343017578125,,True
flood:validation:USA_366607_S1Hand:b3ae8e40ccca,flood,validation,data/external/sen1floods11/flood_splits/flood_valid_data.csv,80,data/external/sen1floods11/flood_sar/USA_366607_S1Hand.tif,data/external/sen1floods11/flood_mask/USA_366607_LabelHand.tif,False,True,True,True,True,True,False,True,True,6.423897871976614e-18,512.0,512.0,2.0,512.0,512.0,1.0,,-1.0|0.0|1.0,True,-47.29182434082031,13.540224075317383,-50.90673065185547,0.24133433401584625,,True
flood:validation:USA_646878_S1Hand:17d3ee7e75f2,flood,validation,data/external/sen1floods11/flood_splits/flood_valid_data.csv,87,data/external/sen1floods11/flood_sar/USA_646878_S1Hand.tif,data/external/sen1floods11/flood_mask/USA_646878_LabelHand.tif,False,True,True,True,True,True,False,True,True,6.423897871976614e-18,512.0,512.0,2.0,512.0,512.0,1.0,,-1.0|0.0|1.0,True,-27.31187629699707,11.414167404174805,-47.1319580078125,2.8425962924957275,,True
flood:validation:USA_741073_S1Hand:bc0f1227133c,flood,validation,data/external/sen1floods11/flood_splits/flood_valid_data.csv,77,data/external/sen1floods11/flood_sar/USA_741073_S1Hand.tif,data/external/sen1floods11/flood_mask/USA_741073_LabelHand.tif,False,True,True,True,True,True,False,True,True,6.423897871976614e-18,512.0,512.0,2.0,512.0,512.0,1.0,,-1.0|0.0|1.0,True,-30.46135711669922,6.070502281188965,-47.21601486206055,-2.146878957748413,,True
flood:validation:USA_741178_S1Hand:224ab49f030c,flood,validation,data/external/sen1floods11/flood_splits/flood_valid_data.csv,89,data/external/sen1floods11/flood_sar/USA_741178_S1Hand.tif,data/external/sen1floods11/flood_mask/USA_741178_LabelHand.tif,False,True,True,True,True,True,False,True,True,6.423897871976614e-18,512.0,512.0,2.0,512.0,512.0,1.0,,-1.0|0.0|1.0,True,-29.73633575439453,19.073152542114258,-46.99677276611328,10.480340003967285,,True
flood:validation:USA_761032_S1Hand:7df249e93e9f,flood,validation,data/external/sen1floods11/flood_splits/flood_valid_data.csv,88,data/external/sen1floods11/flood_sar/USA_761032_S1Hand.tif,data/external/sen1floods11/flood_mask/USA_761032_LabelHand.tif,False,True,True,True,True,True,False,True,True,6.423897871976614e-18,512.0,512.0,2.0,512.0,512.0,1.0,,-1.0|0.0|1.0,True,-41.767845153808594,4.60135555267334,-49.7788200378418,-5.953062534332275,,True
flood:validation:USA_826217_S1Hand:7b8b7c87c184,flood,validation,data/external/sen1floods11/flood_splits/flood_valid_data.csv,76,data/external/sen1floods11/flood_sar/USA_826217_S1Hand.tif,data/external/sen1floods11/flood_mask/USA_826217_LabelHand.tif,False,True,True,True,True,True,False,True,True,6.423897871976614e-18,512.0,512.0,2.0,512.0,512.0,1.0,,-1.0|0.0|1.0,True,-32.358829498291016,5.29976224899292,-47.193321228027344,1.246941328048706,,True
flood:validation:USA_986268_S1Hand:4d2b3c9d04e8,flood,validation,data/external/sen1floods11/flood_splits/flood_valid_data.csv,86,data/external/sen1floods11/flood_sar/USA_986268_S1Hand.tif,data/external/sen1floods11/flood_mask/USA_986268_LabelHand.tif,False,True,True,True,True,True,False,True,True,6.423897871976614e-18,512.0,512.0,2.0,512.0,512.0,1.0,,-1.0|0.0|1.0,True,-32.77843475341797,8.159928321838379,-47.338321685791016,-5.2220869064331055,,True
permanent:test:sentinel_10_589_inhabited_-69.26971803251075_-15.653179287904821:959a45a320ba,permanent,test,data/external/sen1floods11/permanent_splits/permanent_water_test_data.csv,87,data/external/sen1floods11/permanent_sar/sentinel_10_589_inhabited_-69.26971803251075_-15.653179287904821.tif,data/external/sen1floods11/permanent_mask/water_10_589_inhabited_-69.26971803251075_-15.653179287904821.tif,False,True,True,True,True,True,False,True,True,3.552713678800501e-15,531.0,514.0,2.0,531.0,514.0,1.0,,-1.0|0.0|1.0|nan,False,0.28293943405151367,1.0,0.0,0.7817683815956116,,False
permanent:test:sentinel_10_754_inhabited_78.51070554645935_33.89498267396236:a63f54068e96,permanent,test,data/external/sen1floods11/permanent_splits/permanent_water_test_data.csv,5,data/external/sen1floods11/permanent_sar/sentinel_10_754_inhabited_78.51070554645935_33.89498267396236.tif,data/external/sen1floods11/permanent_mask/water_10_754_inhabited_78.51070554645935_33.89498267396236.tif,False,True,True,True,True,True,False,True,True,1.4210854715202004e-14,615.0,514.0,2.0,615.0,514.0,1.0,,-1.0|0.0|1.0,True,0.03902558237314224,1.0,0.0386490672826767,0.9754142165184021,,True
permanent:test:sentinel_12_198_inhabited_118.23150374674876_-34.91523837229395:9871a535c363,permanent,test,data/external/sen1floods11/permanent_splits/permanent_water_test_data.csv,89,data/external/sen1floods11/permanent_sar/sentinel_12_198_inhabited_118.23150374674876_-34.91523837229395.tif,data/external/sen1floods11/permanent_mask/water_12_198_inhabited_118.23150374674876_-34.91523837229395.tif,False,True,True,True,True,True,False,True,True,1.4210854715202004e-14,623.0,514.0,2.0,623.0,514.0,1.0,,-1.0|0.0|1.0|nan,False,0.2547104060649872,1.0,0.03366694226861,0.9276576638221741,,False
permanent:test:sentinel_12_199_inhabited_137.16886001062807_-33.67839521759439:ff7999bf7d86,permanent,test,data/external/sen1floods11/permanent_splits/permanent_water_test_data.csv,37,data/external/sen1floods11/permanent_sar/sentinel_12_199_inhabited_137.16886001062807_-33.67839521759439.tif,data/external/sen1floods11/permanent_mask/water_12_199_inhabited_137.16886001062807_-33.67839521759439.tif,False,True,True,True,True,True,True,True,True,0.0,613.0,514.0,2.0,613.0,514.0,1.0,,-1.0|0.0|1.0,True,0.3280049264431,1.0,0.0,1.0,,True
permanent:test:sentinel_12_201_inhabited_128.94500682427363_-31.699151869405586:ba0da90907ef,permanent,test,data/external/sen1floods11/permanent_splits/permanent_water_test_data.csv,103,data/external/sen1floods11/permanent_sar/sentinel_12_201_inhabited_128.94500682427363_-31.699151869405586.tif,data/external/sen1floods11/permanent_mask/water_12_201_inhabited_128.94500682427363_-31.699151869405586.tif,False,True,True,True,True,True,True,True,True,0.0,600.0,514.0,2.0,600.0,514.0,1.0,,-1.0|0.0|1.0,True,0.011625752784311771,1.0,0.0,0.8385669589042664,,True
permanent:test:sentinel_12_422_rural_-119.65593236456468_34.012060831221646:5fe925afcac8,permanent,test,data/external/sen1floods11/permanent_splits/permanent_water_test_data.csv,159,data/external/sen1floods11/permanent_sar/sentinel_12_422_rural_-119.65593236456468_34.012060831221646.tif,data/external/sen1floods11/permanent_mask/water_12_422_rural_-119.65593236456468_34.012060831221646.tif,False,True,True,True,True,True,False,True,True,1.4210854715202004e-14,616.0,513.0,2.0,616.0,513.0,1.0,,-1.0|0.0|1.0,True,0.004196575842797756,1.0,0.014797135256230831,0.9268345832824707,,True
permanent:test:sentinel_12_787_inhabited_-16.83878737150028_28.360698715408567:f5bf95acf0df,permanent,test,data/external/sen1floods11/permanent_splits/permanent_water_test_data.csv,20,data/external/sen1floods11/permanent_sar/sentinel_12_787_inhabited_-16.83878737150028_28.360698715408567.tif,data/external/sen1floods11/permanent_mask/water_12_787_inhabited_-16.83878737150028_28.360698715408567.tif,False,True,True,True,True,True,False,True,True,2.1316282072803006e-14,580.0,514.0,2.0,580.0,514.0,1.0,,-1.0|0.0|1.0,True,0.3537963330745697,1.0,0.03188218176364899,1.0,,True
permanent:test:sentinel_12_789_inhabited_23.712068030787027_35.60459309965142:ef2241e04e3d,permanent,test,data/external/sen1floods11/permanent_splits/permanent_water_test_data.csv,82,data/external/sen1floods11/permanent_sar/sentinel_12_789_inhabited_23.712068030787027_35.60459309965142.tif,data/external/sen1floods11/permanent_mask/water_12_789_inhabited_23.712068030787027_35.60459309965142.tif,False,True,True,True,True,True,False,True,True,1.4210854715202004e-14,628.0,513.0,2.0,628.0,513.0,1.0,,-1.0|0.0|1.0,True,0.4180149435997009,1.0,0.0,1.0,,True
permanent:test:sentinel_12_789_low_density_25.076597544151998_35.328556908038905:ad715fe391db,permanent,test,data/external/sen1floods11/permanent_splits/permanent_water_test_data.csv,124,data/external/sen1floods11/permanent_sar/sentinel_12_789_low_density_25.076597544151998_35.328556908038905.tif,data/external/sen1floods11/permanent_mask/water_12_789_low_density_25.076597544151998_35.328556908038905.tif,False,True,True,True,True,True,False,True,True,3.552713678800501e-15,626.0,514.0,2.0,626.0,514.0,1.0,,-1.0|0.0|1.0,True,0.3593767285346985,1.0,0.05614584684371948,1.0,,True
permanent:test:sentinel_12_793_low_density_-0.6147718031375297_38.16544591644328:19d9f9666915,permanent,test,data/external/sen1floods11/permanent_splits/permanent_water_test_data.csv,97,data/external/sen1floods11/permanent_sar/sentinel_12_793_low_density_-0.6147718031375297_38.16544591644328.tif,data/external/sen1floods11/permanent_mask/water_12_793_low_density_-0.6147718031375297_38.16544591644328.tif,False,True,True,True,True,True,False,True,True,1.0547118733938987e-14,649.0,514.0,2.0,649.0,514.0,1.0,,-1.0|0.0|1.0,True,0.0,1.0,0.0,0.9665058255195618,,True
permanent:test:sentinel_12_793_rural_-3.6406464323890466_36.75669995703234:6c3c49668695,permanent,test,data/external/sen1floods11/permanent_splits/permanent_water_test_data.csv,149,data/external/sen1floods11/permanent_sar/sentinel_12_793_rural_-3.6406464323890466_36.75669995703234.tif,data/external/sen1floods11/permanent_mask/water_12_793_rural_-3.6406464323890466_36.75669995703234.tif,False,True,True,True,True,True,False,True,True,7.105427357601002e-15,637.0,514.0,2.0,637.0,514.0,1.0,,-1.0|0.0|1.0|nan,False,0.04457804188132286,1.0,0.0,0.991113543510437,,False
permanent:test:sentinel_12_795_low_density_10.204059700370784_43.92795112601348:7638dd6a82a3,permanent,test,data/external/sen1floods11/permanent_splits/permanent_water_test_data.csv,85,data/external/sen1floods11/permanent_sar/sentinel_12_795_low_density_10.204059700370784_43.92795112601348.tif,data/external/sen1floods11/permanent_mask/water_12_795_low_density_10.204059700370784_43.92795112601348.tif,False,True,True,True,True,True,False,True,True,1.7763568394002505e-15,709.0,514.0,2.0,709.0,514.0,1.0,,-1.0|0.0|1.0,True,0.05078749731183052,1.0,0.050783026963472366,1.0,,True
permanent:test:sentinel_12_795_low_density_13.299482928752898_41.27584726526391:b720f94b82d2,permanent,test,data/external/sen1floods11/permanent_splits/permanent_water_test_data.csv,54,data/external/sen1floods11/permanent_sar/sentinel_12_795_low_density_13.299482928752898_41.27584726526391.tif,data/external/sen1floods11/permanent_mask/water_12_795_low_density_13.299482928752898_41.27584726526391.tif,False,True,True,True,True,True,False,True,True,7.105427357601002e-15,679.0,514.0,2.0,679.0,514.0,1.0,,-1.0|0.0|1.0,True,0.0,1.0,0.0,1.0,,True
permanent:test:sentinel_12_795_low_density_7.134280762147038_43.589558865269574:2d80e80637a5,permanent,test,data/external/sen1floods11/permanent_splits/permanent_water_test_data.csv,137,data/external/sen1floods11/permanent_sar/sentinel_12_795_low_density_7.134280762147038_43.589558865269574.tif,data/external/sen1floods11/permanent_mask/water_12_795_low_density_7.134280762147038_43.589558865269574.tif,False,True,True,True,True,True,True,True,True,0.0,704.0,514.0,2.0,704.0,514.0,1.0,,-1.0|0.0|1.0,True,0.44543612003326416,1.0,0.0,1.0,,True
permanent:test:sentinel_12_797_high_density_12.633672254957624_32.77276071184164:16f7eb643648,permanent,test,data/external/sen1floods11/permanent_splits/permanent_water_test_data.csv,58,data/external/sen1floods11/permanent_sar/sentinel_12_797_high_density_12.633672254957624_32.77276071184164.tif,data/external/sen1floods11/permanent_mask/water_12_797_high_density_12.633672254957624_32.77276071184164.tif,False,True,True,True,True,True,False,True,True,1.7763568394002505e-15,607.0,514.0,2.0,607.0,514.0,1.0,,-1.0|0.0|1.0,True,0.2857781648635864,1.0,0.03530213236808777,1.0,,True
permanent:test:sentinel_12_798_high_density_-2.8763431345252637_35.12114628163892:4c15d1d3dd17,permanent,test,data/external/sen1floods11/permanent_splits/permanent_water_test_data.csv,105,data/external/sen1floods11/permanent_sar/sentinel_12_798_high_density_-2.8763431345252637_35.12114628163892.tif,data/external/sen1floods11/permanent_mask/water_12_798_high_density_-2.8763431345252637_35.12114628163892.tif,False,True,True,True,True,True,False,True,True,1.5987211554602254e-14,624.0,514.0,2.0,624.0,514.0,1.0,,-1.0|0.0|1.0,True,0.05578383430838585,1.0,0.0,0.9960845708847046,,True
permanent:test:sentinel_12_798_rural_-2.370632024952913_35.11957667806809:0d9e8128f9ba,permanent,test,data/external/sen1floods11/permanent_splits/permanent_water_test_data.csv,44,data/external/sen1floods11/permanent_sar/sentinel_12_798_rural_-2.370632024952913_35.11957667806809.tif,data/external/sen1floods11/permanent_mask/water_12_798_rural_-2.370632024952913_35.11957667806809.tif,False,True,True,True,True,True,False,True,True,7.105427357601002e-15,624.0,514.0,2.0,624.0,514.0,1.0,,-1.0|0.0|1.0|nan,False,0.24545960128307343,1.0,0.0,0.9331251382827759,,False
permanent:test:sentinel_12_801_inhabited_21.029160699960244_40.97624026548288:c6a055992709,permanent,test,data/external/sen1floods11/permanent_splits/permanent_water_test_data.csv,13,data/external/sen1floods11/permanent_sar/sentinel_12_801_inhabited_21.029160699960244_40.97624026548288.tif,data/external/sen1floods11/permanent_mask/water_12_801_inhabited_21.029160699960244_40.97624026548288.tif,False,True,True,True,True,True,False,True,True,7.105427357601002e-15,676.0,513.0,2.0,676.0,513.0,1.0,,-1.0|0.0|1.0,True,0.2003934383392334,1.0,0.0,0.9414379596710205,,True
permanent:test:sentinel_12_804_low_density_36.21950759402265_36.7002299012915:9d176ef2977c,permanent,test,data/external/sen1floods11/permanent_splits/permanent_water_test_data.csv,91,data/external/sen1floods11/permanent_sar/sentinel_12_804_low_density_36.21950759402265_36.7002299012915.tif,data/external/sen1floods11/permanent_mask/water_12_804_low_density_36.21950759402265_36.7002299012915.tif,False,True,True,True,True,True,False,True,True,2.1316282072803006e-14,636.0,514.0,2.0,636.0,514.0,1.0,,-1.0|0.0|1.0,True,0.21171405911445618,1.0,0.03538786247372627,1.0,,True
permanent:test:sentinel_12_804_rural_30.821698882310613_38.000949678581655:b3272dde413f,permanent,test,data/external/sen1floods11/permanent_splits/permanent_water_test_data.csv,12,data/external/sen1floods11/permanent_sar/sentinel_12_804_rural_30.821698882310613_38.000949678581655.tif,data/external/sen1floods11/permanent_mask/water_12_804_rural_30.821698882310613_38.000949678581655.tif,False,True,True,True,True,True,False,True,True,1.0658141036401503e-14,648.0,514.0,2.0,648.0,514.0,1.0,,-1.0|0.0|1.0,True,0.0,1.0,0.0,0.8697937726974487,,True
permanent:test:sentinel_12_806_high_density_13.396758218233817_38.085253443098104:731d7ea7ff96,permanent,test,data/external/sen1floods11/permanent_splits/permanent_water_test_data.csv,118,data/external/sen1floods11/permanent_sar/sentinel_12_806_high_density_13.396758218233817_38.085253443098104.tif,data/external/sen1floods11/permanent_mask/water_12_806_high_density_13.396758218233817_38.085253443098104.tif,False,True,True,True,True,True,False,True,True,8.881784197001252e-15,649.0,514.0,2.0,649.0,514.0,1.0,,-1.0|0.0|1.0,True,0.040007054805755615,1.0,0.04109921306371689,1.0,,True
permanent:test:sentinel_13_100_inhabited_44.29070345581236_-20.332996925294164:0b06fa6b6897,permanent,test,data/external/sen1floods11/permanent_splits/permanent_water_test_data.csv,14,data/external/sen1floods11/permanent_sar/sentinel_13_100_inhabited_44.29070345581236_-20.332996925294164.tif,data/external/sen1floods11/permanent_mask/water_13_100_inhabited_44.29070345581236_-20.332996925294164.tif,False,True,True,True,True,True,False,True,True,7.105427357601002e-15,544.0,514.0,2.0,544.0,514.0,1.0,,-1.0|0.0|1.0,True,0.2937793433666229,0.9411711692810059,0.058578427881002426,0.8250995874404907,,True
permanent:test:sentinel_13_104_inhabited_12.947503787099146_-13.005530069107639:6e303f354ea5,permanent,test,data/external/sen1floods11/permanent_splits/permanent_water_test_data.csv,147,data/external/sen1floods11/permanent_sar/sentinel_13_104_inhabited_12.947503787099146_-13.005530069107639.tif,data/external/sen1floods11/permanent_mask/water_13_104_inhabited_12.947503787099146_-13.005530069107639.tif,False,True,True,True,True,True,False,True,True,1.4210854715202004e-14,524.0,514.0,2.0,524.0,514.0,1.0,,-1.0|0.0|1.0,True,7.786017522448674e-05,1.0,0.036674827337265015,0.9744085073471069,,True
permanent:test:sentinel_13_207_inhabited_114.71955142986323_-21.612504758873087:630209328db8,permanent,test,data/external/sen1floods11/permanent_splits/permanent_water_test_data.csv,99,data/external/sen1floods11/permanent_sar/sentinel_13_207_inhabited_114.71955142986323_-21.612504758873087.tif,data/external/sen1floods11/permanent_mask/water_13_207_inhabited_114.71955142986323_-21.612504758873087.tif,False,True,True,True,True,True,False,True,True,1.4210854715202004e-14,549.0,514.0,2.0,549.0,514.0,1.0,,-1.0|0.0|1.0,True,0.0,0.8785146474838257,0.0,0.6825684309005737,,True
permanent:test:sentinel_13_314_inhabited_68.59733018466164_23.740829232581753:998e2824a9af,permanent,test,data/external/sen1floods11/permanent_splits/permanent_water_test_data.csv,56,data/external/sen1floods11/permanent_sar/sentinel_13_314_inhabited_68.59733018466164_23.740829232581753.tif,data/external/sen1floods11/permanent_mask/water_13_314_inhabited_68.59733018466164_23.740829232581753.tif,False,True,True,True,True,True,False,True,True,1.4210854715202004e-14,557.0,514.0,2.0,557.0,514.0,1.0,,-1.0|0.0|1.0,True,0.05617028474807739,0.9063730835914612,0.0,0.7777227759361267,,True
permanent:test:sentinel_13_315_inhabited_79.67992643368339_9.48629158110076:1cd2ebeddd84,permanent,test,data/external/sen1floods11/permanent_splits/permanent_water_test_data.csv,128,data/external/sen1floods11/permanent_sar/sentinel_13_315_inhabited_79.67992643368339_9.48629158110076.tif,data/external/sen1floods11/permanent_mask/water_13_315_inhabited_79.67992643368339_9.48629158110076.tif,False,True,True,True,True,True,False,True,True,1.4210854715202004e-14,518.0,514.0,2.0,518.0,514.0,1.0,,-1.0|0.0|1.0|nan,False,0.025919262319803238,0.9630813598632812,0.0,0.8263739347457886,,False
permanent:test:sentinel_13_434_inhabited_-120.20977055180686_42.64160303141858:a5a3455b3649,permanent,test,data/external/sen1floods11/permanent_splits/permanent_water_test_data.csv,145,data/external/sen1floods11/permanent_sar/sentinel_13_434_inhabited_-120.20977055180686_42.64160303141858.tif,data/external/sen1floods11/permanent_mask/water_13_434_inhabited_-120.20977055180686_42.64160303141858.tif,False,True,True,True,True,True,False,True,True,1.4210854715202004e-14,693.0,514.0,2.0,693.0,514.0,1.0,,-1.0|0.0|1.0,True,0.0,1.0,0.0,0.851823627948761,,True
permanent:test:sentinel_13_435_inhabited_-112.3906878044779_29.41297521840494:66bf0fe510e3,permanent,test,data/external/sen1floods11/permanent_splits/permanent_water_test_data.csv,142,data/external/sen1floods11/permanent_sar/sentinel_13_435_inhabited_-112.3906878044779_29.41297521840494.tif,data/external/sen1floods11/permanent_mask/water_13_435_inhabited_-112.3906878044779_29.41297521840494.tif,False,True,True,True,True,True,False,True,True,1.4210854715202004e-14,586.0,514.0,2.0,586.0,514.0,1.0,,-1.0|0.0|1.0,True,0.04840446263551712,1.0,0.0482792854309082,0.8938201665878296,,True
permanent:test:sentinel_13_602_inhabited_-74.01337661968228_11.336145194021729:194ba6bdf0fe,permanent,test,data/external/sen1floods11/permanent_splits/permanent_water_test_data.csv,29,data/external/sen1floods11/permanent_sar/sentinel_13_602_inhabited_-74.01337661968228_11.336145194021729.tif,data/external/sen1floods11/permanent_mask/water_13_602_inhabited_-74.01337661968228_11.336145194021729.tif,False,True,True,True,True,True,False,True,True,1.4210854715202004e-14,521.0,513.0,2.0,521.0,513.0,1.0,,-1.0|0.0|1.0,True,0.4709031879901886,1.0,0.0,1.0,,True
permanent:test:sentinel_13_608_inhabited_-75.68831307557971_-14.815247313446543:d585e9e3e0a4,permanent,test,data/external/sen1floods11/permanent_splits/permanent_water_test_data.csv,123,data/external/sen1floods11/permanent_sar/sentinel_13_608_inhabited_-75.68831307557971_-14.815247313446543.tif,data/external/sen1floods11/permanent_mask/water_13_608_inhabited_-75.68831307557971_-14.815247313446543.tif,False,True,True,True,True,True,False,True,True,1.4210854715202004e-14,528.0,513.0,2.0,528.0,513.0,1.0,,-1.0|0.0|1.0,True,0.0361333005130291,1.0,0.0,0.7854563593864441,,True
permanent:test:sentinel_13_839_inhabited_-16.166203323204822_23.12013128414419:117ec0866e22,permanent,test,data/external/sen1floods11/permanent_splits/permanent_water_test_data.csv,116,data/external/sen1floods11/permanent_sar/sentinel_13_839_inhabited_-16.166203323204822_23.12013128414419.tif,data/external/sen1floods11/permanent_mask/water_13_839_inhabited_-16.166203323204822_23.12013128414419.tif,False,True,True,True,True,True,False,True,True,1.0658141036401503e-14,555.0,514.0,2.0,555.0,514.0,1.0,,-1.0|0.0|1.0,True,0.10601883381605148,0.9525830149650574,0.023674560710787773,0.739044189453125,,True
permanent:test:sentinel_13_841_inhabited_51.09270984386083_28.520597620084086:0c85452c2009,permanent,test,data/external/sen1floods11/permanent_splits/permanent_water_test_data.csv,34,data/external/sen1floods11/permanent_sar/sentinel_13_841_inhabited_51.09270984386083_28.520597620084086.tif,data/external/sen1floods11/permanent_mask/water_13_841_inhabited_51.09270984386083_28.520597620084086.tif,False,True,True,True,True,True,False,True,True,3.552713678800501e-15,581.0,514.0,2.0,581.0,514.0,1.0,,-1.0|0.0|1.0,True,0.06159961596131325,1.0,0.0484941191971302,0.8734078407287598,,True
permanent:test:sentinel_13_92_inhabited_40.10037025926187_15.990501364395897:d56a2983c8b8,permanent,test,data/external/sen1floods11/permanent_splits/permanent_water_test_data.csv,109,data/external/sen1floods11/permanent_sar/sentinel_13_92_inhabited_40.10037025926187_15.990501364395897.tif,data/external/sen1floods11/permanent_mask/water_13_92_inhabited_40.10037025926187_15.990501364395897.tif,False,True,True,True,True,True,False,True,True,7.105427357601002e-15,531.0,513.0,2.0,531.0,513.0,1.0,,-1.0|0.0|1.0,True,0.0,0.9211329221725464,0.0,0.7894867062568665,,True
permanent:test:sentinel_13_95_inhabited_47.74632840819079_4.243329612570685:9f376de75cab,permanent,test,data/external/sen1floods11/permanent_splits/permanent_water_test_data.csv,53,data/external/sen1floods11/permanent_sar/sentinel_13_95_inhabited_47.74632840819079_4.243329612570685.tif,data/external/sen1floods11/permanent_mask/water_13_95_inhabited_47.74632840819079_4.243329612570685.tif,False,True,True,True,True,True,False,True,True,8.881784197001252e-15,512.0,513.0,2.0,512.0,513.0,1.0,,-1.0|0.0|1.0,True,0.11452370136976242,1.0,0.0,0.878635585308075,,True
permanent:test:sentinel_14_323_high_density_90.8606541195883_22.431708508906897:89492f29f286,permanent,test,data/external/sen1floods11/permanent_splits/permanent_water_test_data.csv,81,data/external/sen1floods11/permanent_sar/sentinel_14_323_high_density_90.8606541195883_22.431708508906897.tif,data/external/sen1floods11/permanent_mask/water_14_323_high_density_90.8606541195883_22.431708508906897.tif,False,True,True,True,True,True,False,True,True,1.4210854715202004e-14,553.0,514.0,2.0,553.0,514.0,1.0,,-1.0|0.0|1.0|nan,False,0.1941373497247696,1.0,0.0,1.0,,False
permanent:test:sentinel_14_613_low_density_-88.20434532654534_17.491559633815275:6ec948a4356a,permanent,test,data/external/sen1floods11/permanent_splits/permanent_water_test_data.csv,138,data/external/sen1floods11/permanent_sar/sentinel_14_613_low_density_-88.20434532654534_17.491559633815275.tif,data/external/sen1floods11/permanent_mask/water_14_613_low_density_-88.20434532654534_17.491559633815275.tif,False,True,True,True,True,True,False,True,True,1.4210854715202004e-14,535.0,514.0,2.0,535.0,514.0,1.0,,-1.0|0.0|1.0,True,0.1967872977256775,1.0,0.03656443580985069,1.0,,True
permanent:test:sentinel_14_616_high_density_-34.89682674404427_-8.153163057354156:26f22641eaaf,permanent,test,data/external/sen1floods11/permanent_splits/permanent_water_test_data.csv,122,data/external/sen1floods11/permanent_sar/sentinel_14_616_high_density_-34.89682674404427_-8.153163057354156.tif,data/external/sen1floods11/permanent_mask/water_14_616_high_density_-34.89682674404427_-8.153163057354156.tif,False,True,True,True,True,True,False,True,True,5.329070518200751e-15,516.0,513.0,2.0,516.0,513.0,1.0,,-1.0|0.0|1.0,True,0.4669151306152344,1.0,0.0,1.0,,True
permanent:test:sentinel_1_135_inhabited_147.7619272278004_-2.065763285928818:6693733c50d9,permanent,test,data/external/sen1floods11/permanent_splits/permanent_water_test_data.csv,49,data/external/sen1floods11/permanent_sar/sentinel_1_135_inhabited_147.7619272278004_-2.065763285928818.tif,data/external/sen1floods11/permanent_mask/water_1_135_inhabited_147.7619272278004_-2.065763285928818.tif,False,True,True,True,True,True,False,True,True,2.842170943040401e-14,511.0,514.0,2.0,511.0,514.0,1.0,,-1.0|0.0|1.0,True,0.15948206186294556,0.9937847256660461,0.0,0.8743440508842468,,True
permanent:test:sentinel_1_146_inhabited_166.65906240017762_-20.44727922619293:64c1d2731d24,permanent,test,data/external/sen1floods11/permanent_splits/permanent_water_test_data.csv,25,data/external/sen1floods11/permanent_sar/sentinel_1_146_inhabited_166.65906240017762_-20.44727922619293.tif,data/external/sen1floods11/permanent_mask/water_1_146_inhabited_166.65906240017762_-20.44727922619293.tif,False,True,True,True,True,True,False,True,True,3.552713678800501e-15,545.0,514.0,2.0,545.0,514.0,1.0,,-1.0|0.0|1.0,True,0.40979593992233276,1.0,0.04856817051768303,0.8735799789428711,,True
permanent:test:sentinel_1_146_rural_165.9289202754843_-21.424134493971316:bbaa1acc686c,permanent,test,data/external/sen1floods11/permanent_splits/permanent_water_test_data.csv,90,data/external/sen1floods11/permanent_sar/sentinel_1_146_rural_165.9289202754843_-21.424134493971316.tif,data/external/sen1floods11/permanent_mask/water_1_146_rural_165.9289202754843_-21.424134493971316.tif,False,True,True,True,True,True,True,True,True,0.0,548.0,514.0,2.0,548.0,514.0,1.0,,-1.0|0.0|1.0,True,0.30055636167526245,1.0,0.0,0.9472229480743408,,True
permanent:test:sentinel_1_16_rural_28.64504221228365_-32.44717053022219:1d1b0fd60793,permanent,test,data/external/sen1floods11/permanent_splits/permanent_water_test_data.csv,162,data/external/sen1floods11/permanent_sar/sentinel_1_16_rural_28.64504221228365_-32.44717053022219.tif,data/external/sen1floods11/permanent_mask/water_1_16_rural_28.64504221228365_-32.44717053022219.tif,False,True,True,True,True,True,False,True,True,1.0658141036401503e-14,605.0,514.0,2.0,605.0,514.0,1.0,,-1.0|0.0|1.0,True,0.32956141233444214,1.0,0.0,0.9135994911193848,,True
permanent:test:sentinel_1_1_high_density_29.21731432328078_-1.6766755053082918:29374fdbcdc6,permanent,test,data/external/sen1floods11/permanent_splits/permanent_water_test_data.csv,107,data/external/sen1floods11/permanent_sar/sentinel_1_1_high_density_29.21731432328078_-1.6766755053082918.tif,data/external/sen1floods11/permanent_mask/water_1_1_high_density_29.21731432328078_-1.6766755053082918.tif,False,True,True,True,True,True,False,True,True,2.220446049250313e-15,510.0,514.0,2.0,510.0,514.0,1.0,,-1.0|0.0|1.0,True,0.2616412341594696,1.0,0.048325806856155396,1.0,,True
permanent:test:sentinel_1_1_low_density_29.0793185229798_-1.676827114744109:cbfb3121936f,permanent,test,data/external/sen1floods11/permanent_splits/permanent_water_test_data.csv,63,data/external/sen1floods11/permanent_sar/sentinel_1_1_low_density_29.0793185229798_-1.676827114744109.tif,data/external/sen1floods11/permanent_mask/water_1_1_low_density_29.0793185229798_-1.676827114744109.tif,False,True,True,True,True,True,False,True,True,2.1316282072803006e-14,510.0,514.0,2.0,510.0,514.0,1.0,,-1.0|0.0|1.0,True,0.0499662421643734,1.0,0.04991895705461502,1.0,,True
permanent:test:sentinel_1_20_high_density_55.522438798667665_-20.894972971958897:61714d7e085f,permanent,test,data/external/sen1floods11/permanent_splits/permanent_water_test_data.csv,136,data/external/sen1floods11/permanent_sar/sentinel_1_20_high_density_55.522438798667665_-20.894972971958897.tif,data/external/sen1floods11/permanent_mask/water_1_20_high_density_55.522438798667665_-20.894972971958897.tif,False,True,True,True,True,True,False,True,True,2.1316282072803006e-14,547.0,514.0,2.0,547.0,514.0,1.0,,-1.0|0.0|1.0,True,0.5353577733039856,1.0,0.0,1.0,,True
permanent:test:sentinel_1_20_low_density_57.804419435577024_-20.18718877994754:0aa0f9aa9a06,permanent,test,data/external/sen1floods11/permanent_splits/permanent_water_test_data.csv,7,data/external/sen1floods11/permanent_sar/sentinel_1_20_low_density_57.804419435577024_-20.18718877994754.tif,data/external/sen1floods11/permanent_mask/water_1_20_low_density_57.804419435577024_-20.18718877994754.tif,False,True,True,True,True,True,False,True,True,2.1316282072803006e-14,544.0,514.0,2.0,544.0,514.0,1.0,,-1.0|0.0|1.0,True,0.5425429344177246,0.9129925966262817,0.0,0.9098817110061646,,True
permanent:test:sentinel_1_223_inhabited_103.86730788216143_10.319612845069779:560609c6bce5,permanent,test,data/external/sen1floods11/permanent_splits/permanent_water_test_data.csv,119,data/external/sen1floods11/permanent_sar/sentinel_1_223_inhabited_103.86730788216143_10.319612845069779.tif,data/external/sen1floods11/permanent_mask/water_1_223_inhabited_103.86730788216143_10.319612845069779.tif,False,True,True,True,True,True,False,True,True,1.4210854715202004e-14,518.0,513.0,2.0,518.0,513.0,1.0,,-1.0|0.0|1.0,True,0.04658796265721321,1.0,0.0,1.0,,True
permanent:test:sentinel_1_231_rural_123.75996857842783_12.416540788261132:f588eccabe63,permanent,test,data/external/sen1floods11/permanent_splits/permanent_water_test_data.csv,67,data/external/sen1floods11/permanent_sar/sentinel_1_231_rural_123.75996857842783_12.416540788261132.tif,data/external/sen1floods11/permanent_mask/water_1_231_rural_123.75996857842783_12.416540788261132.tif,False,True,True,True,True,True,False,True,True,1.4210854715202004e-14,522.0,514.0,2.0,522.0,514.0,1.0,,-1.0|0.0|1.0,True,0.020641064271330833,1.0,0.03172314167022705,1.0,,True
permanent:test:sentinel_1_236_low_density_117.59575187315475_23.755258883590706:e831793cec96,permanent,test,data/external/sen1floods11/permanent_splits/permanent_water_test_data.csv,146,data/external/sen1floods11/permanent_sar/sentinel_1_236_low_density_117.59575187315475_23.755258883590706.tif,data/external/sen1floods11/permanent_mask/water_1_236_low_density_117.59575187315475_23.755258883590706.tif,False,True,True,True,True,True,False,True,True,1.4210854715202004e-14,557.0,514.0,2.0,557.0,514.0,1.0,,-1.0|0.0|1.0,True,0.053476106375455856,1.0,0.0,1.0,,True
permanent:test:sentinel_1_236_rural_119.64063318885032_25.37944631039888:ac10e1182dfa,permanent,test,data/external/sen1floods11/permanent_splits/permanent_water_test_data.csv,28,data/external/sen1floods11/permanent_sar/sentinel_1_236_rural_119.64063318885032_25.37944631039888.tif,data/external/sen1floods11/permanent_mask/water_1_236_rural_119.64063318885032_25.37944631039888.tif,False,True,True,True,True,True,False,True,True,7.105427357601002e-15,565.0,514.0,2.0,565.0,514.0,1.0,,-1.0|0.0|1.0,True,0.4353867769241333,1.0,0.05617557093501091,1.0,,True
permanent:test:sentinel_1_241_low_density_120.31554934699672_16.515520381529665:7d8041291cd6,permanent,test,data/external/sen1floods11/permanent_splits/permanent_water_test_data.csv,157,data/external/sen1floods11/permanent_sar/sentinel_1_241_low_density_120.31554934699672_16.515520381529665.tif,data/external/sen1floods11/permanent_mask/water_1_241_low_density_120.31554934699672_16.515520381529665.tif,False,True,True,True,True,True,False,True,True,1.4210854715202004e-14,532.0,514.0,2.0,532.0,514.0,1.0,,-1.0|0.0|1.0,True,0.00022513001749757677,1.0,0.0,1.0,,True
permanent:test:sentinel_1_241_rural_121.91163997806711_18.901384695681152:4ea02b853efb,permanent,test,data/external/sen1floods11/permanent_splits/permanent_water_test_data.csv,16,data/external/sen1floods11/permanent_sar/sentinel_1_241_rural_121.91163997806711_18.901384695681152.tif,data/external/sen1floods11/permanent_mask/water_1_241_rural_121.91163997806711_18.901384695681152.tif,False,True,True,True,True,True,True,True,True,0.0,539.0,514.0,2.0,539.0,514.0,1.0,,-1.0|0.0|1.0,True,0.4446792006492615,1.0,0.014897959306836128,1.0,,True
permanent:test:sentinel_1_243_inhabited_120.33157089708173_13.667537129704318:8138f420bdb6,permanent,test,data/external/sen1floods11/permanent_splits/permanent_water_test_data.csv,143,data/external/sen1floods11/permanent_sar/sentinel_1_243_inhabited_120.33157089708173_13.667537129704318.tif,data/external/sen1floods11/permanent_mask/water_1_243_inhabited_120.33157089708173_13.667537129704318.tif,False,True,True,True,True,True,False,True,True,3.552713678800501e-15,525.0,514.0,2.0,525.0,514.0,1.0,,-1.0|0.0|1.0,True,0.3193890452384949,1.0,0.0,0.86607426404953,,True
permanent:test:sentinel_1_248_inhabited_121.05200109968067_12.286009523123614:86876c679985,permanent,test,data/external/sen1floods11/permanent_splits/permanent_water_test_data.csv,113,data/external/sen1floods11/permanent_sar/sentinel_1_248_inhabited_121.05200109968067_12.286009523123614.tif,data/external/sen1floods11/permanent_mask/water_1_248_inhabited_121.05200109968067_12.286009523123614.tif,False,True,True,True,True,True,False,True,True,2.842170943040401e-14,522.0,514.0,2.0,522.0,514.0,1.0,,-1.0|0.0|1.0,True,0.02474050223827362,1.0,0.0,0.9236369132995605,,True
permanent:test:sentinel_1_248_low_density_121.32892465240283_13.120913767966604:eb6a4e713782,permanent,test,data/external/sen1floods11/permanent_splits/permanent_water_test_data.csv,139,data/external/sen1floods11/permanent_sar/sentinel_1_248_low_density_121.32892465240283_13.120913767966604.tif,data/external/sen1floods11/permanent_mask/water_1_248_low_density_121.32892465240283_13.120913767966604.tif,False,True,True,True,True,True,False,True,True,2.842170943040401e-14,524.0,514.0,2.0,524.0,514.0,1.0,,-1.0|0.0|1.0|nan,False,0.040363918989896774,1.0,0.04031865671277046,1.0,,False
permanent:test:sentinel_1_250_inhabited_97.87776754245502_12.567467981617114:e69b13c9893e,permanent,test,data/external/sen1floods11/permanent_splits/permanent_water_test_data.csv,108,data/external/sen1floods11/permanent_sar/sentinel_1_250_inhabited_97.87776754245502_12.567467981617114.tif,data/external/sen1floods11/permanent_mask/water_1_250_inhabited_97.87776754245502_12.567467981617114.tif,False,True,True,True,True,True,True,True,True,0.0,523.0,513.0,2.0,523.0,513.0,1.0,,-1.0|0.0|1.0,True,0.04994697868824005,1.0,0.04965561628341675,0.9815296530723572,,True
permanent:test:sentinel_1_253_inhabited_73.71737257355244_21.243768315460485:b8cb8e51dfb9,permanent,test,data/external/sen1floods11/permanent_splits/permanent_water_test_data.csv,38,data/external/sen1floods11/permanent_sar/sentinel_1_253_inhabited_73.71737257355244_21.243768315460485.tif,data/external/sen1floods11/permanent_mask/water_1_253_inhabited_73.71737257355244_21.243768315460485.tif,False,True,True,True,True,True,False,True,True,3.552713678800501e-15,547.0,513.0,2.0,547.0,513.0,1.0,,-1.0|0.0|1.0,True,0.08318691700696945,1.0,0.03877970203757286,0.7893514037132263,,True
permanent:test:sentinel_1_265_rural_102.83342963011157_1.8619912859884489:bd6b5c99ef76,permanent,test,data/external/sen1floods11/permanent_splits/permanent_water_test_data.csv,144,data/external/sen1floods11/permanent_sar/sentinel_1_265_rural_102.83342963011157_1.8619912859884489.tif,data/external/sen1floods11/permanent_mask/water_1_265_rural_102.83342963011157_1.8619912859884489.tif,False,True,True,True,True,True,False,True,True,1.4210854715202004e-14,510.0,514.0,2.0,510.0,514.0,1.0,,-1.0|0.0|1.0,True,0.0,1.0,0.0,1.0,,True
permanent:test:sentinel_1_277_inhabited_100.1974944697818_2.6951787769258653:73a4649b1fd4,permanent,test,data/external/sen1floods11/permanent_splits/permanent_water_test_data.csv,88,data/external/sen1floods11/permanent_sar/sentinel_1_277_inhabited_100.1974944697818_2.6951787769258653.tif,data/external/sen1floods11/permanent_mask/water_1_277_inhabited_100.1974944697818_2.6951787769258653.tif,False,True,True,True,True,True,False,True,True,1.4210854715202004e-14,511.0,514.0,2.0,511.0,514.0,1.0,,-1.0|0.0|1.0,True,0.07992412894964218,1.0,0.0,0.9933526515960693,,True
permanent:test:sentinel_1_283_rural_120.30911932327763_23.936137858722685:4c6f3e1594d3,permanent,test,data/external/sen1floods11/permanent_splits/permanent_water_test_data.csv,69,data/external/sen1floods11/permanent_sar/sentinel_1_283_rural_120.30911932327763_23.936137858722685.tif,data/external/sen1floods11/permanent_mask/water_1_283_rural_120.30911932327763_23.936137858722685.tif,False,True,True,True,True,True,False,True,True,2.842170943040401e-14,559.0,514.0,2.0,559.0,514.0,1.0,,-1.0|0.0|1.0,True,0.00024847002350725234,1.0,0.0,1.0,,True
permanent:test:sentinel_1_289_high_density_108.39155194289711_-6.363636622585254:2e89c7fa5c23,permanent,test,data/external/sen1floods11/permanent_splits/permanent_water_test_data.csv,64,data/external/sen1floods11/permanent_sar/sentinel_1_289_high_density_108.39155194289711_-6.363636622585254.tif,data/external/sen1floods11/permanent_mask/water_1_289_high_density_108.39155194289711_-6.363636622585254.tif,False,True,True,True,True,True,False,True,True,2.842170943040401e-14,513.0,514.0,2.0,513.0,514.0,1.0,,-1.0|0.0|1.0,True,0.22278964519500732,1.0,0.04839201271533966,1.0,,True
permanent:test:sentinel_1_289_rural_108.52333175632958_-7.683066787895676:e07edc0f343b,permanent,test,data/external/sen1floods11/permanent_splits/permanent_water_test_data.csv,1,data/external/sen1floods11/permanent_sar/sentinel_1_289_rural_108.52333175632958_-7.683066787895676.tif,data/external/sen1floods11/permanent_mask/water_1_289_rural_108.52333175632958_-7.683066787895676.tif,False,True,True,True,True,True,False,True,True,1.4210854715202004e-14,515.0,513.0,2.0,515.0,513.0,1.0,,-1.0|0.0|1.0,True,0.0,1.0,0.0,1.0,,True
permanent:test:sentinel_1_29_inhabited_16.160174618580566_-2.270752620456779:1935cc79fabd,permanent,test,data/external/sen1floods11/permanent_splits/permanent_water_test_data.csv,59,data/external/sen1floods11/permanent_sar/sentinel_1_29_inhabited_16.160174618580566_-2.270752620456779.tif,data/external/sen1floods11/permanent_mask/water_1_29_inhabited_16.160174618580566_-2.270752620456779.tif,False,True,True,True,True,True,False,True,True,2.4868995751603507e-14,511.0,514.0,2.0,511.0,514.0,1.0,,-1.0|0.0|1.0,True,0.16038960218429565,0.9674820303916931,0.0,0.8615581393241882,,True
permanent:test:sentinel_1_30_inhabited_-11.53151624757741_6.964380093808642:d337483671c8,permanent,test,data/external/sen1floods11/permanent_splits/permanent_water_test_data.csv,71,data/external/sen1floods11/permanent_sar/sentinel_1_30_inhabited_-11.53151624757741_6.964380093808642.tif,data/external/sen1floods11/permanent_mask/water_1_30_inhabited_-11.53151624757741_6.964380093808642.tif,False,True,True,True,True,True,False,True,True,1.5987211554602254e-14,514.0,514.0,2.0,514.0,514.0,1.0,,-1.0|0.0|1.0,True,0.0,0.9901196956634521,0.0,0.8659343123435974,,True
permanent:test:sentinel_1_441_low_density_-52.15464921884003_-32.186286363989275:58a14e8762ac,permanent,test,data/external/sen1floods11/permanent_splits/permanent_water_test_data.csv,66,data/external/sen1floods11/permanent_sar/sentinel_1_441_low_density_-52.15464921884003_-32.186286363989275.tif,data/external/sen1floods11/permanent_mask/water_1_441_low_density_-52.15464921884003_-32.186286363989275.tif,False,True,True,True,True,True,False,True,True,1.4210854715202004e-14,603.0,514.0,2.0,603.0,514.0,1.0,,-1.0|0.0|1.0,True,0.323250949382782,1.0,0.0026820083148777485,1.0,,True
permanent:test:sentinel_1_441_rural_-41.318971231551785_-22.15044625085974:99de5ef7e494,permanent,test,data/external/sen1floods11/permanent_splits/permanent_water_test_data.csv,140,data/external/sen1floods11/permanent_sar/sentinel_1_441_rural_-41.318971231551785_-22.15044625085974.tif,data/external/sen1floods11/permanent_mask/water_1_441_rural_-41.318971231551785_-22.15044625085974.tif,False,True,True,True,True,True,True,True,True,0.0,551.0,513.0,2.0,551.0,513.0,1.0,,-1.0|0.0|1.0,True,0.0,0.9556719660758972,0.04576132819056511,0.8358725309371948,,True
permanent:test:sentinel_1_443_inhabited_-37.59004351650662_-11.902290500171432:fab2808ba7c7,permanent,test,data/external/sen1floods11/permanent_splits/permanent_water_test_data.csv,153,data/external/sen1floods11/permanent_sar/sentinel_1_443_inhabited_-37.59004351650662_-11.902290500171432.tif,data/external/sen1floods11/permanent_mask/water_1_443_inhabited_-37.59004351650662_-11.902290500171432.tif,False,True,True,True,True,True,False,True,True,7.105427357601002e-15,522.0,514.0,2.0,522.0,514.0,1.0,,-1.0|0.0|1.0,True,0.3102840781211853,0.9770065546035767,0.0,0.8258007168769836,,True
permanent:test:sentinel_1_449_inhabited_-81.35492531699559_13.368670340698163:68f9b40c611e,permanent,test,data/external/sen1floods11/permanent_splits/permanent_water_test_data.csv,17,data/external/sen1floods11/permanent_sar/sentinel_1_449_inhabited_-81.35492531699559_13.368670340698163.tif,data/external/sen1floods11/permanent_mask/water_1_449_inhabited_-81.35492531699559_13.368670340698163.tif,False,True,True,True,True,True,False,True,True,3.552713678800501e-15,525.0,513.0,2.0,525.0,513.0,1.0,,-1.0|0.0|1.0,True,0.2667052447795868,1.0,0.0,0.9749523401260376,,True
permanent:test:sentinel_1_466_inhabited_-62.72270533820358_7.281787824995027:23c266ce978f,permanent,test,data/external/sen1floods11/permanent_splits/permanent_water_test_data.csv,33,data/external/sen1floods11/permanent_sar/sentinel_1_466_inhabited_-62.72270533820358_7.281787824995027.tif,data/external/sen1floods11/permanent_mask/water_1_466_inhabited_-62.72270533820358_7.281787824995027.tif,False,True,True,True,True,True,False,True,True,1.4210854715202004e-14,515.0,513.0,2.0,515.0,513.0,1.0,,-1.0|0.0|1.0,True,0.047767266631126404,0.9973250031471252,0.0,0.8760079741477966,,True
permanent:test:sentinel_1_470_inhabited_-82.25271180489428_9.35514050091681:75a6251b4381,permanent,test,data/external/sen1floods11/permanent_splits/permanent_water_test_data.csv,30,data/external/sen1floods11/permanent_sar/sentinel_1_470_inhabited_-82.25271180489428_9.35514050091681.tif,data/external/sen1floods11/permanent_mask/water_1_470_inhabited_-82.25271180489428_9.35514050091681.tif,False,True,True,True,True,True,False,True,True,5.329070518200751e-15,517.0,514.0,2.0,517.0,514.0,1.0,,-1.0|0.0|1.0,True,0.03999317064881325,1.0,0.03953780606389046,1.0,,True
permanent:test:sentinel_1_473_rural_-64.23202186277395_-0.40633558349525567:2be91e43a1f2,permanent,test,data/external/sen1floods11/permanent_splits/permanent_water_test_data.csv,126,data/external/sen1floods11/permanent_sar/sentinel_1_473_rural_-64.23202186277395_-0.40633558349525567.tif,data/external/sen1floods11/permanent_mask/water_1_473_rural_-64.23202186277395_-0.40633558349525567.tif,False,True,True,True,True,True,False,True,True,4.052314039881821e-15,510.0,514.0,2.0,510.0,514.0,1.0,,-1.0|0.0|1.0,True,0.0,0.9763045907020569,0.0,0.8576590418815613,,True
permanent:test:sentinel_1_482_rural_-58.18785307606177_-2.8678262515131823:a59e4294537c,permanent,test,data/external/sen1floods11/permanent_splits/permanent_water_test_data.csv,41,data/external/sen1floods11/permanent_sar/sentinel_1_482_rural_-58.18785307606177_-2.8678262515131823.tif,data/external/sen1floods11/permanent_mask/water_1_482_rural_-58.18785307606177_-2.8678262515131823.tif,False,True,True,True,True,True,False,True,True,1.4210854715202004e-14,511.0,513.0,2.0,511.0,513.0,1.0,,-1.0|0.0|1.0,True,0.07729368656873703,0.9522597193717957,0.0,0.8377243280410767,,True
permanent:test:sentinel_1_495_rural_-65.91935461959996_17.974926188008805:95dbcc81e822,permanent,test,data/external/sen1floods11/permanent_splits/permanent_water_test_data.csv,76,data/external/sen1floods11/permanent_sar/sentinel_1_495_rural_-65.91935461959996_17.974926188008805.tif,data/external/sen1floods11/permanent_mask/water_1_4_inhabited_44.34339219385988_-12.189131093636444.tif,False,True,True,False,True,True,False,False,False,110.26344005466542,537.0,514.0,2.0,522.0,514.0,1.0,,-1.0|0.0|1.0,True,0.2642430365085602,1.0,0.0,0.9514063000679016,,False
permanent:test:sentinel_1_511_rural_-54.34542786190325_-2.32705768945864:08a02b33603d,permanent,test,data/external/sen1floods11/permanent_splits/permanent_water_test_data.csv,154,data/external/sen1floods11/permanent_sar/sentinel_1_511_rural_-54.34542786190325_-2.32705768945864.tif,data/external/sen1floods11/permanent_mask/water_1_514_inhabited_-97.68125049992861_21.84036482270417.tif,False,True,True,False,True,True,False,False,False,43.3375140833065,511.0,514.0,2.0,550.0,514.0,1.0,,-1.0|0.0|1.0,True,0.0006986699299886823,0.959934651851654,0.0,0.841417670249939,,False
permanent:test:sentinel_1_518_inhabited_-49.441223800403456_-2.2130875256336164:2a58f188a57b,permanent,test,data/external/sen1floods11/permanent_splits/permanent_water_test_data.csv,19,data/external/sen1floods11/permanent_sar/sentinel_1_518_inhabited_-49.441223800403456_-2.2130875256336164.tif,data/external/sen1floods11/permanent_mask/water_1_518_inhabited_-49.69648504020795_-4.275323662629159.tif,False,True,True,False,True,True,False,False,False,2.062262397753176,511.0,514.0,2.0,512.0,514.0,1.0,,-1.0|0.0|1.0,True,0.19872750341892242,1.0,0.0,0.8549528121948242,,False
permanent:test:sentinel_1_519_inhabited_-88.07712717349054_18.51752298149527:741c9914accb,permanent,test,data/external/sen1floods11/permanent_splits/permanent_water_test_data.csv,75,data/external/sen1floods11/permanent_sar/sentinel_1_519_inhabited_-88.07712717349054_18.51752298149527.tif,data/external/sen1floods11/permanent_mask/water_1_519_inhabited_-88.22311814198035_18.5860326100804.tif,False,True,True,False,True,True,False,False,False,0.1459762336694297,539.0,514.0,2.0,538.0,514.0,1.0,,-1.0|0.0|1.0,True,0.04176811873912811,0.961765706539154,0.0,0.8344932198524475,,False
permanent:test:sentinel_1_519_inhabited_-88.22311814198035_18.5860326100804:26f13813bff2,permanent,test,data/external/sen1floods11/permanent_splits/permanent_water_test_data.csv,100,data/external/sen1floods11/permanent_sar/sentinel_1_519_inhabited_-88.22311814198035_18.5860326100804.tif,data/external/sen1floods11/permanent_mask/water_1_519_rural_-86.77277768794286_20.51804070081006.tif,False,True,True,False,True,True,False,False,False,1.9320066815558548,538.0,514.0,2.0,545.0,514.0,1.0,,-1.0|0.0|1.0,True,0.3178672194480896,1.0,0.039746660739183426,0.8841525316238403,,False
permanent:test:sentinel_1_5_inhabited_10.06661682860042_-1.006392353156414:38d060b58190,permanent,test,data/external/sen1floods11/permanent_splits/permanent_water_test_data.csv,45,data/external/sen1floods11/permanent_sar/sentinel_1_5_inhabited_10.06661682860042_-1.006392353156414.tif,data/external/sen1floods11/permanent_mask/water_1_5_inhabited_9.88917582038065_-2.51512027638772.tif,False,True,True,True,True,True,False,False,False,1.5087205196787283,511.0,514.0,2.0,511.0,514.0,1.0,,-1.0|0.0|1.0,True,0.059223756194114685,1.0,0.0,0.8928257822990417,,True
permanent:test:sentinel_1_622_inhabited_-176.1918133551542_-13.25590413415757:b5edf0500811,permanent,test,data/external/sen1floods11/permanent_splits/permanent_water_test_data.csv,74,data/external/sen1floods11/permanent_sar/sentinel_1_622_inhabited_-176.1918133551542_-13.25590413415757.tif,data/external/sen1floods11/permanent_mask/water_1_622_inhabited_-178.1347105706564_-14.312653115510548.tif,False,True,True,False,True,True,False,False,False,1.9430559595505486,524.0,514.0,2.0,527.0,514.0,1.0,,0.0|1.0|nan,False,0.372732013463974,1.0,0.1946706473827362,1.0,,False
permanent:test:sentinel_1_623_rural_-155.36497544729198_20.05258635554822:27227f8cfa05,permanent,test,data/external/sen1floods11/permanent_splits/permanent_water_test_data.csv,152,data/external/sen1floods11/permanent_sar/sentinel_1_623_rural_-155.36497544729198_20.05258635554822.tif,data/external/sen1floods11/permanent_mask/water_1_623_rural_-156.15155641401878_20.848464547971457.tif,False,True,True,False,True,True,False,False,False,0.795907341729901,543.0,513.0,2.0,546.0,514.0,1.0,,-1.0|0.0|1.0,True,0.25959253311157227,1.0,0.0,0.9936990737915039,,False
permanent:test:sentinel_1_630_inhabited_-149.89322592191172_-17.53038948578868:31e205a70e2f,permanent,test,data/external/sen1floods11/permanent_splits/permanent_water_test_data.csv,148,data/external/sen1floods11/permanent_sar/sentinel_1_630_inhabited_-149.89322592191172_-17.53038948578868.tif,data/external/sen1floods11/permanent_mask/water_1_630_rural_-149.5347498700231_-17.743391824909686.tif,False,True,True,False,True,True,False,False,False,0.3584277983636923,535.0,514.0,2.0,536.0,513.0,1.0,,-1.0|0.0|1.0,True,0.19641102850437164,1.0,0.0,1.0,,False
permanent:test:sentinel_1_630_rural_-151.46756505804342_-16.665279290409643:a578d7967253,permanent,test,data/external/sen1floods11/permanent_splits/permanent_water_test_data.csv,125,data/external/sen1floods11/permanent_sar/sentinel_1_630_rural_-151.46756505804342_-16.665279290409643.tif,data/external/sen1floods11/permanent_mask/water_1_7_inhabited_8.90370111026595_3.6294362523406845.tif,False,True,True,False,True,True,False,False,False,160.37218525507961,533.0,514.0,2.0,512.0,514.0,1.0,,-1.0|0.0|1.0,True,0.4565560519695282,1.0,0.2990257143974304,1.0,,False
permanent:test:sentinel_2_163_rural_123.50181784114065_-8.33627604211391:e7b842956d69,permanent,test,data/external/sen1floods11/permanent_splits/permanent_water_test_data.csv,61,data/external/sen1floods11/permanent_sar/sentinel_2_163_rural_123.50181784114065_-8.33627604211391.tif,data/external/sen1floods11/permanent_mask/water_2_164_inhabited_165.78258595621335_-21.77180614400744.tif,False,True,True,False,True,True,False,False,False,42.279298678613685,516.0,514.0,2.0,550.0,513.0,1.0,,-1.0|0.0|1.0,True,0.031042952090501785,1.0,0.0,1.0,,False
permanent:test:sentinel_2_164_inhabited_165.78258595621335_-21.77180614400744:64a525d74361,permanent,test,data/external/sen1floods11/permanent_splits/permanent_water_test_data.csv,21,data/external/sen1floods11/permanent_sar/sentinel_2_164_inhabited_165.78258595621335_-21.77180614400744.tif,data/external/sen1floods11/permanent_mask/water_2_290_inhabited_79.22223092425455_16.55038163356551.tif,False,True,True,False,True,True,False,False,False,86.55959465260361,550.0,513.0,2.0,533.0,514.0,1.0,,-1.0|0.0|1.0,True,0.13897311687469482,1.0,0.05400330573320389,0.8914942145347595,,False
permanent:test:sentinel_2_292_high_density_82.80599260450478_24.0988905880724:9afb08651457,permanent,test,data/external/sen1floods11/permanent_splits/permanent_water_test_data.csv,98,data/external/sen1floods11/permanent_sar/sentinel_2_292_high_density_82.80599260450478_24.0988905880724.tif,data/external/sen1floods11/permanent_mask/water_2_292_inhabited_82.88152085814805_24.097976472356443.tif,False,True,True,False,True,True,False,False,False,0.07554831539447093,559.0,514.0,2.0,559.0,513.0,1.0,,-1.0|0.0|1.0,True,0.19110599160194397,0.7973100543022156,0.0,0.6388237476348877,,False
permanent:test:sentinel_2_297_inhabited_83.76667917186337_21.529565479278993:030483f9b8fe,permanent,test,data/external/sen1floods11/permanent_splits/permanent_water_test_data.csv,72,data/external/sen1floods11/permanent_sar/sentinel_2_297_inhabited_83.76667917186337_21.529565479278993.tif,data/external/sen1floods11/permanent_mask/water_2_299_inhabited_107.12974674050035_11.119232223276855.tif,False,True,True,False,True,True,False,False,False,23.36437205619302,549.0,514.0,2.0,520.0,514.0,1.0,,-1.0|0.0|1.0,True,0.04331694543361664,1.0,0.0,0.958161473274231,,False
permanent:test:sentinel_2_32_inhabited_44.153251665839896_-18.53964904092246:13c66278ee4d,permanent,test,data/external/sen1floods11/permanent_splits/permanent_water_test_data.csv,83,data/external/sen1floods11/permanent_sar/sentinel_2_32_inhabited_44.153251665839896_-18.53964904092246.tif,data/external/sen1floods11/permanent_mask/water_2_32_inhabited_47.48036978495905_-14.710632343631648.tif,False,True,True,False,True,True,False,False,False,3.828979067031046,538.0,514.0,2.0,527.0,514.0,1.0,,-1.0|0.0|1.0,True,0.5004055500030518,0.9173031449317932,0.17365483939647675,0.779342532157898,,False
permanent:test:sentinel_2_525_rural_-41.695916880003765_-9.725838948792928:0e2ea4458252,permanent,test,data/external/sen1floods11/permanent_splits/permanent_water_test_data.csv,115,data/external/sen1floods11/permanent_sar/sentinel_2_525_rural_-41.695916880003765_-9.725838948792928.tif,data/external/sen1floods11/permanent_mask/water_2_527_inhabited_-85.037567563106_9.952619910169078.tif,False,True,True,False,True,True,False,False,False,43.34173616514186,518.0,513.0,2.0,519.0,514.0,1.0,,-1.0|0.0|1.0,True,0.34725403785705566,0.8208957314491272,0.0,0.641030490398407,,False
permanent:test:sentinel_2_534_inhabited_-103.0242167277843_18.175732885748637:0f6f2164f411,permanent,test,data/external/sen1floods11/permanent_splits/permanent_water_test_data.csv,135,data/external/sen1floods11/permanent_sar/sentinel_2_534_inhabited_-103.0242167277843_18.175732885748637.tif,data/external/sen1floods11/permanent_mask/water_2_534_inhabited_-103.0242167277843_18.175732885748637.tif,False,True,True,True,True,True,False,True,True,1.4210854715202004e-14,538.0,514.0,2.0,538.0,514.0,1.0,,-1.0|0.0|1.0|nan,False,0.03236301615834236,1.0,0.0,0.964021623134613,,False
permanent:test:sentinel_2_534_rural_-102.36801987586027_17.980424259607712:f4d559981067,permanent,test,data/external/sen1floods11/permanent_splits/permanent_water_test_data.csv,43,data/external/sen1floods11/permanent_sar/sentinel_2_534_rural_-102.36801987586027_17.980424259607712.tif,data/external/sen1floods11/permanent_mask/water_2_534_rural_-102.36801987586027_17.980424259607712.tif,False,True,True,True,True,True,False,True,True,1.4210854715202004e-14,537.0,514.0,2.0,537.0,514.0,1.0,,-1.0|0.0|1.0|nan,False,0.18319134414196014,1.0,0.0,1.0,,False
permanent:test:sentinel_2_537_inhabited_-61.26831602040957_13.200076188968426:5f930e9f42f0,permanent,test,data/external/sen1floods11/permanent_splits/permanent_water_test_data.csv,158,data/external/sen1floods11/permanent_sar/sentinel_2_537_inhabited_-61.26831602040957_13.200076188968426.tif,data/external/sen1floods11/permanent_mask/water_2_537_inhabited_-61.26831602040957_13.200076188968426.tif,False,True,True,True,True,True,False,True,True,1.4210854715202004e-14,525.0,514.0,2.0,525.0,514.0,1.0,,-1.0|0.0|1.0|nan,False,0.20965304970741272,1.0,0.0,1.0,,False
permanent:test:sentinel_2_540_inhabited_-44.16795332201311_-2.454360565433466:418396482df1,permanent,test,data/external/sen1floods11/permanent_splits/permanent_water_test_data.csv,68,data/external/sen1floods11/permanent_sar/sentinel_2_540_inhabited_-44.16795332201311_-2.454360565433466.tif,data/external/sen1floods11/permanent_mask/water_2_540_inhabited_-44.16795332201311_-2.454360565433466.tif,False,True,True,True,True,True,False,True,True,2.1316282072803006e-14,511.0,514.0,2.0,511.0,514.0,1.0,,-1.0|0.0|1.0|nan,False,0.1178213432431221,1.0,0.03625892475247383,1.0,,False
permanent:test:sentinel_2_543_low_density_-66.5023553277317_17.98891438801347:4bf1c6e7e578,permanent,test,data/external/sen1floods11/permanent_splits/permanent_water_test_data.csv,57,data/external/sen1floods11/permanent_sar/sentinel_2_543_low_density_-66.5023553277317_17.98891438801347.tif,data/external/sen1floods11/permanent_mask/water_2_543_low_density_-66.5023553277317_17.98891438801347.tif,False,True,True,True,True,True,False,True,True,1.4210854715202004e-14,537.0,514.0,2.0,537.0,514.0,1.0,,-1.0|0.0|1.0,True,0.07918163388967514,1.0,0.0,0.986264169216156,,True
permanent:test:sentinel_2_543_rural_-66.64715571624025_17.98624338648246:607422da7498,permanent,test,data/external/sen1floods11/permanent_splits/permanent_water_test_data.csv,150,data/external/sen1floods11/permanent_sar/sentinel_2_543_rural_-66.64715571624025_17.98624338648246.tif,data/external/sen1floods11/permanent_mask/water_2_543_rural_-66.64715571624025_17.98624338648246.tif,False,True,True,True,True,True,False,True,True,3.552713678800501e-15,537.0,514.0,2.0,537.0,514.0,1.0,,-1.0|0.0|1.0,True,0.03650602698326111,1.0,0.0,1.0,,True
permanent:test:sentinel_2_547_rural_-96.79169105347353_15.726067753724454:de8d258e2272,permanent,test,data/external/sen1floods11/permanent_splits/permanent_water_test_data.csv,94,data/external/sen1floods11/permanent_sar/sentinel_2_547_rural_-96.79169105347353_15.726067753724454.tif,data/external/sen1floods11/permanent_mask/water_2_547_rural_-96.79169105347353_15.726067753724454.tif,False,True,True,True,True,True,False,True,True,1.4210854715202004e-14,530.0,514.0,2.0,530.0,514.0,1.0,,-1.0|0.0|1.0,True,0.058050766587257385,1.0,0.0,0.900180995464325,,True
permanent:test:sentinel_3_302_inhabited_76.4689857334107_31.421769029274927:5cae36b5d64b,permanent,test,data/external/sen1floods11/permanent_splits/permanent_water_test_data.csv,134,data/external/sen1floods11/permanent_sar/sentinel_3_302_inhabited_76.4689857334107_31.421769029274927.tif,data/external/sen1floods11/permanent_mask/water_3_302_inhabited_76.4689857334107_31.421769029274927.tif,False,True,True,True,True,True,False,True,True,1.4210854715202004e-14,598.0,513.0,2.0,598.0,513.0,1.0,,-1.0|0.0|1.0,True,0.19941268861293793,1.0,0.0,1.0,,True
permanent:test:sentinel_4_175_rural_174.17075701638726_-41.882182449208315:085446bbe96a,permanent,test,data/external/sen1floods11/permanent_splits/permanent_water_test_data.csv,110,data/external/sen1floods11/permanent_sar/sentinel_4_175_rural_174.17075701638726_-41.882182449208315.tif,data/external/sen1floods11/permanent_mask/water_4_175_rural_174.17075701638726_-41.882182449208315.tif,False,True,True,True,True,True,True,True,True,0.0,685.0,514.0,2.0,685.0,514.0,1.0,,-1.0|0.0|1.0,True,0.21739496290683746,1.0,0.03886519372463226,0.8596279621124268,,True
permanent:test:sentinel_4_180_inhabited_168.67120945503981_-44.01243325457207:98822acd944c,permanent,test,data/external/sen1floods11/permanent_splits/permanent_water_test_data.csv,131,data/external/sen1floods11/permanent_sar/sentinel_4_180_inhabited_168.67120945503981_-44.01243325457207.tif,data/external/sen1floods11/permanent_mask/water_4_180_inhabited_168.67120945503981_-44.01243325457207.tif,False,True,True,True,True,True,True,True,True,0.0,710.0,514.0,2.0,710.0,514.0,1.0,,-1.0|0.0|1.0,True,0.1793559342622757,1.0,0.0,0.9599031209945679,,True
permanent:test:sentinel_4_330_rural_-81.31556037289577_34.01409864040308:aff594581c24,permanent,test,data/external/sen1floods11/permanent_splits/permanent_water_test_data.csv,104,data/external/sen1floods11/permanent_sar/sentinel_4_330_rural_-81.31556037289577_34.01409864040308.tif,data/external/sen1floods11/permanent_mask/water_4_330_rural_-81.31556037289577_34.01409864040308.tif,False,True,True,True,True,True,False,True,True,1.4210854715202004e-14,616.0,514.0,2.0,616.0,514.0,1.0,,-1.0|0.0|1.0,True,0.03856261819601059,1.0,0.0,1.0,,True
permanent:test:sentinel_4_333_rural_-79.57649312564766_45.12436361146145:b6807474c162,permanent,test,data/external/sen1floods11/permanent_splits/permanent_water_test_data.csv,32,data/external/sen1floods11/permanent_sar/sentinel_4_333_rural_-79.57649312564766_45.12436361146145.tif,data/external/sen1floods11/permanent_mask/water_4_333_rural_-79.57649312564766_45.12436361146145.tif,False,True,True,True,True,True,False,True,True,1.4210854715202004e-14,723.0,514.0,2.0,723.0,514.0,1.0,,-1.0|0.0|1.0,True,0.023692311719059944,1.0,0.0,1.0,,True
permanent:test:sentinel_4_334_high_density_-79.50044315718114_44.29373118542765:c896f653b17c,permanent,test,data/external/sen1floods11/permanent_splits/permanent_water_test_data.csv,141,data/external/sen1floods11/permanent_sar/sentinel_4_334_high_density_-79.50044315718114_44.29373118542765.tif,data/external/sen1floods11/permanent_mask/water_4_334_high_density_-79.50044315718114_44.29373118542765.tif,False,True,True,True,True,True,False,True,True,1.4210854715202004e-14,713.0,514.0,2.0,713.0,514.0,1.0,,-1.0|0.0|1.0|nan,False,0.07711692899465561,1.0,0.03975099325180054,0.9478842616081238,,False
permanent:test:sentinel_4_334_low_density_-80.55073536020875_41.95626595411027:acd2569e2056,permanent,test,data/external/sen1floods11/permanent_splits/permanent_water_test_data.csv,111,data/external/sen1floods11/permanent_sar/sentinel_4_334_low_density_-80.55073536020875_41.95626595411027.tif,data/external/sen1floods11/permanent_mask/water_4_334_low_density_-80.55073536020875_41.95626595411027.tif,False,True,True,True,True,True,False,True,True,1.4210854715202004e-14,686.0,514.0,2.0,686.0,514.0,1.0,,-1.0|0.0|1.0,True,0.41740643978118896,1.0,0.0,1.0,,True
permanent:test:sentinel_4_334_rural_-76.12512661477528_44.270610746465536:fb5fe7683d2b,permanent,test,data/external/sen1floods11/permanent_splits/permanent_water_test_data.csv,101,data/external/sen1floods11/permanent_sar/sentinel_4_334_rural_-76.12512661477528_44.270610746465536.tif,data/external/sen1floods11/permanent_mask/water_4_334_rural_-76.12512661477528_44.270610746465536.tif,False,True,True,True,True,True,False,True,True,1.4210854715202004e-14,713.0,514.0,2.0,713.0,514.0,1.0,,-1.0|0.0|1.0,True,0.06771854311227798,1.0,0.0,0.8799021244049072,,True
permanent:test:sentinel_4_335_rural_-64.01948772926356_46.065523775307:6607faaf7812,permanent,test,data/external/sen1floods11/permanent_splits/permanent_water_test_data.csv,155,data/external/sen1floods11/permanent_sar/sentinel_4_335_rural_-64.01948772926356_46.065523775307.tif,data/external/sen1floods11/permanent_mask/water_4_335_rural_-64.01948772926356_46.065523775307.tif,False,True,True,True,True,True,False,True,True,1.4210854715202004e-14,736.0,514.0,2.0,736.0,514.0,1.0,,-1.0|0.0|1.0,True,0.3072696328163147,1.0,0.0,0.9398530125617981,,True
permanent:test:sentinel_4_341_rural_-92.14135253314852_35.4974409013371:8888465b28be,permanent,test,data/external/sen1floods11/permanent_splits/permanent_water_test_data.csv,3,data/external/sen1floods11/permanent_sar/sentinel_4_341_rural_-92.14135253314852_35.4974409013371.tif,data/external/sen1floods11/permanent_mask/water_4_341_rural_-92.14135253314852_35.4974409013371.tif,False,True,True,True,True,True,False,True,True,1.4210854715202004e-14,627.0,514.0,2.0,627.0,514.0,1.0,,-1.0|0.0|1.0,True,0.035537026822566986,1.0,0.0,0.8852880597114563,,True
permanent:test:sentinel_4_343_rural_-87.20536399933975_45.1336207052484:71bee1ce756c,permanent,test,data/external/sen1floods11/permanent_splits/permanent_water_test_data.csv,15,data/external/sen1floods11/permanent_sar/sentinel_4_343_rural_-87.20536399933975_45.1336207052484.tif,data/external/sen1floods11/permanent_mask/water_4_343_rural_-87.20536399933975_45.1336207052484.tif,False,True,True,True,True,True,False,True,True,1.4210854715202004e-14,724.0,514.0,2.0,724.0,514.0,1.0,,-1.0|0.0|1.0,True,0.5255756378173828,1.0,0.16346845030784607,0.7908992767333984,,True
permanent:test:sentinel_4_344_rural_-85.54103574484846_45.59859792669752:61f205076c82,permanent,test,data/external/sen1floods11/permanent_splits/permanent_water_test_data.csv,47,data/external/sen1floods11/permanent_sar/sentinel_4_344_rural_-85.54103574484846_45.59859792669752.tif,data/external/sen1floods11/permanent_mask/water_4_344_rural_-85.54103574484846_45.59859792669752.tif,False,True,True,True,True,True,False,True,True,1.4210854715202004e-14,729.0,514.0,2.0,729.0,514.0,1.0,,-1.0|0.0|1.0,True,0.1687878519296646,0.9776031970977783,0.01990632154047489,0.8710241913795471,,True
permanent:test:sentinel_4_563_rural_-73.25155704110526_-42.65184558653834:29234a11e5d3,permanent,test,data/external/sen1floods11/permanent_splits/permanent_water_test_data.csv,42,data/external/sen1floods11/permanent_sar/sentinel_4_563_rural_-73.25155704110526_-42.65184558653834.tif,data/external/sen1floods11/permanent_mask/water_4_563_rural_-73.25155704110526_-42.65184558653834.tif,False,True,True,True,True,True,False,True,True,1.4210854715202004e-14,694.0,514.0,2.0,694.0,514.0,1.0,,-1.0|0.0|1.0,True,0.04796542972326279,1.0,0.0,0.9067208766937256,,True
permanent:test:sentinel_4_645_rural_-27.24525012778802_38.78998315088785:0d08c729798b,permanent,test,data/external/sen1floods11/permanent_splits/permanent_water_test_data.csv,60,data/external/sen1floods11/permanent_sar/sentinel_4_645_rural_-27.24525012778802_38.78998315088785.tif,data/external/sen1floods11/permanent_mask/water_4_645_rural_-27.24525012778802_38.78998315088785.tif,False,True,True,True,True,True,False,True,True,3.552713678800501e-15,655.0,514.0,2.0,655.0,514.0,1.0,,-1.0|0.0|1.0,True,0.25392916798591614,1.0,0.036870501935482025,1.0,,True
permanent:test:sentinel_4_646_inhabited_27.627337119754642_42.585008120848244:0eb2a1b8a5cb,permanent,test,data/external/sen1floods11/permanent_splits/permanent_water_test_data.csv,112,data/external/sen1floods11/permanent_sar/sentinel_4_646_inhabited_27.627337119754642_42.585008120848244.tif,data/external/sen1floods11/permanent_mask/water_4_646_inhabited_27.627337119754642_42.585008120848244.tif,False,True,True,True,True,True,False,True,True,1.7763568394002505e-14,693.0,514.0,2.0,693.0,514.0,1.0,,-1.0|0.0|1.0,True,0.3362745940685272,1.0,0.03657088801264763,1.0,,True
permanent:test:sentinel_4_647_rural_10.554723407213768_55.48541934172195:ed5cafaa8174,permanent,test,data/external/sen1floods11/permanent_splits/permanent_water_test_data.csv,121,data/external/sen1floods11/permanent_sar/sentinel_4_647_rural_10.554723407213768_55.48541934172195.tif,data/external/sen1floods11/permanent_mask/water_4_647_rural_10.554723407213768_55.48541934172195.tif,False,True,True,True,True,True,False,True,True,1.7763568394002505e-15,901.0,514.0,2.0,901.0,514.0,1.0,,-1.0|0.0|1.0|nan,False,0.20598742365837097,1.0,0.0,1.0,,False
permanent:test:sentinel_4_648_high_density_-5.620790518990652_43.53394495693101:0663626238cd,permanent,test,data/external/sen1floods11/permanent_splits/permanent_water_test_data.csv,6,data/external/sen1floods11/permanent_sar/sentinel_4_648_high_density_-5.620790518990652_43.53394495693101.tif,data/external/sen1floods11/permanent_mask/water_4_648_high_density_-5.620790518990652_43.53394495693101.tif,False,True,True,True,True,True,False,True,True,4.440892098500626e-15,704.0,514.0,2.0,704.0,514.0,1.0,,-1.0|0.0|1.0,True,0.16884736716747284,1.0,0.0,1.0,,True
permanent:test:sentinel_4_648_rural_-1.2403301717233455_45.94372788913318:a606f3d5b4ae,permanent,test,data/external/sen1floods11/permanent_splits/permanent_water_test_data.csv,11,data/external/sen1floods11/permanent_sar/sentinel_4_648_rural_-1.2403301717233455_45.94372788913318.tif,data/external/sen1floods11/permanent_mask/water_4_648_rural_-1.2403301717233455_45.94372788913318.tif,False,True,True,True,True,True,False,True,True,1.1102230246251565e-14,734.0,514.0,2.0,734.0,514.0,1.0,,-1.0|0.0|1.0,True,0.0,1.0,0.0,0.9803454279899597,,True
permanent:test:sentinel_4_651_high_density_-2.0659951591835974_57.12767058689764:5d9b1a8b5c47,permanent,test,data/external/sen1floods11/permanent_splits/permanent_water_test_data.csv,77,data/external/sen1floods11/permanent_sar/sentinel_4_651_high_density_-2.0659951591835974_57.12767058689764.tif,data/external/sen1floods11/permanent_mask/water_4_651_high_density_-2.0659951591835974_57.12767058689764.tif,False,True,True,True,True,True,False,True,True,7.549516567451064e-15,940.0,514.0,2.0,940.0,514.0,1.0,,-1.0|0.0|1.0,True,0.04284214600920677,1.0,0.0,1.0,,True
permanent:test:sentinel_4_651_low_density_-1.9106311602794361_55.684112425562446:c5302d5002bf,permanent,test,data/external/sen1floods11/permanent_splits/permanent_water_test_data.csv,78,data/external/sen1floods11/permanent_sar/sentinel_4_651_low_density_-1.9106311602794361_55.684112425562446.tif,data/external/sen1floods11/permanent_mask/water_4_651_low_density_-1.9106311602794361_55.684112425562446.tif,False,True,True,True,True,True,False,True,True,1.1102230246251565e-15,905.0,514.0,2.0,905.0,514.0,1.0,,-1.0|0.0|1.0,True,0.18416091799736023,1.0,0.0,0.9725626707077026,,True
permanent:test:sentinel_4_654_rural_19.27532045092207_54.30810964518696:29b1b2573495,permanent,test,data/external/sen1floods11/permanent_splits/permanent_water_test_data.csv,106,data/external/sen1floods11/permanent_sar/sentinel_4_654_rural_19.27532045092207_54.30810964518696.tif,data/external/sen1floods11/permanent_mask/water_4_654_rural_19.27532045092207_54.30810964518696.tif,False,True,True,True,True,True,False,True,True,7.105427357601002e-15,875.0,514.0,2.0,875.0,514.0,1.0,,-1.0|0.0|1.0,True,0.2527526319026947,1.0,0.04686233028769493,1.0,,True
permanent:test:sentinel_4_655_low_density_125.21374254027646_38.74918237624882:2006aa1b4094,permanent,test,data/external/sen1floods11/permanent_splits/permanent_water_test_data.csv,130,data/external/sen1floods11/permanent_sar/sentinel_4_655_low_density_125.21374254027646_38.74918237624882.tif,data/external/sen1floods11/permanent_mask/water_4_655_low_density_125.21374254027646_38.74918237624882.tif,False,True,True,True,True,True,False,True,True,2.842170943040401e-14,655.0,514.0,2.0,655.0,514.0,1.0,,-1.0|0.0|1.0,True,0.12081421166658401,1.0,0.0,1.0,,True
permanent:test:sentinel_4_655_rural_127.73919901290604_39.84822593109373:bcd504872ed8,permanent,test,data/external/sen1floods11/permanent_splits/permanent_water_test_data.csv,65,data/external/sen1floods11/permanent_sar/sentinel_4_655_rural_127.73919901290604_39.84822593109373.tif,data/external/sen1floods11/permanent_mask/water_4_655_rural_127.73919901290604_39.84822593109373.tif,False,True,True,True,True,True,False,True,True,2.842170943040401e-14,665.0,513.0,2.0,665.0,513.0,1.0,,-1.0|0.0|1.0,True,0.0,1.0,0.0,0.9635716676712036,,True
permanent:test:sentinel_4_655_rural_129.38216817335135_36.25324069349197:9aac00fe0517,permanent,test,data/external/sen1floods11/permanent_splits/permanent_water_test_data.csv,117,data/external/sen1floods11/permanent_sar/sentinel_4_655_rural_129.38216817335135_36.25324069349197.tif,data/external/sen1floods11/permanent_mask/water_4_655_rural_129.38216817335135_36.25324069349197.tif,False,True,True,True,True,True,True,True,True,0.0,633.0,514.0,2.0,633.0,514.0,1.0,,-1.0|0.0|1.0,True,0.24891752004623413,1.0,0.050029292702674866,1.0,,True
permanent:test:sentinel_4_657_high_density_120.84802398109187_31.988409295641567:2e42d6da7ef2,permanent,test,data/external/sen1floods11/permanent_splits/permanent_water_test_data.csv,22,data/external/sen1floods11/permanent_sar/sentinel_4_657_high_density_120.84802398109187_31.988409295641567.tif,data/external/sen1floods11/permanent_mask/water_4_657_high_density_120.84802398109187_31.988409295641567.tif,False,True,True,True,True,True,False,True,True,7.105427357601002e-15,601.0,514.0,2.0,601.0,514.0,1.0,,-1.0|0.0|1.0,True,0.43057674169540405,1.0,0.03959285095334053,1.0,,True
permanent:test:sentinel_4_657_low_density_116.50267905462042_30.17911120680169:c0176d1d4fd0,permanent,test,data/external/sen1floods11/permanent_splits/permanent_water_test_data.csv,96,data/external/sen1floods11/permanent_sar/sentinel_4_657_low_density_116.50267905462042_30.17911120680169.tif,data/external/sen1floods11/permanent_mask/water_4_657_low_density_116.50267905462042_30.17911120680169.tif,False,True,True,True,True,True,False,True,True,1.4210854715202004e-14,591.0,514.0,2.0,591.0,514.0,1.0,,-1.0|0.0|1.0|nan,False,0.0,1.0,0.0,0.9067621827125549,,False
permanent:test:sentinel_4_658_high_density_37.818523395384126_44.66300718006772:89f0d5d32546,permanent,test,data/external/sen1floods11/permanent_splits/permanent_water_test_data.csv,151,data/external/sen1floods11/permanent_sar/sentinel_4_658_high_density_37.818523395384126_44.66300718006772.tif,data/external/sen1floods11/permanent_mask/water_4_658_high_density_37.818523395384126_44.66300718006772.tif,False,True,True,True,True,True,False,True,True,1.4210854715202004e-14,717.0,514.0,2.0,717.0,514.0,1.0,,-1.0|0.0|1.0,True,0.2754441797733307,1.0,0.0,1.0,,True
permanent:test:sentinel_4_661_high_density_48.449412707691806_54.29863851454943:ae9d69875890,permanent,test,data/external/sen1floods11/permanent_splits/permanent_water_test_data.csv,92,data/external/sen1floods11/permanent_sar/sentinel_4_661_high_density_48.449412707691806_54.29863851454943.tif,data/external/sen1floods11/permanent_mask/water_4_661_high_density_48.449412707691806_54.29863851454943.tif,False,True,True,True,True,True,False,True,True,7.105427357601002e-15,874.0,514.0,2.0,874.0,514.0,1.0,,-1.0|0.0|1.0,True,0.1857561320066452,1.0,0.05618264153599739,1.0,,True
permanent:test:sentinel_4_663_low_density_-2.700467270775251_51.56661418561895:64afcd73c678,permanent,test,data/external/sen1floods11/permanent_splits/permanent_water_test_data.csv,8,data/external/sen1floods11/permanent_sar/sentinel_4_663_low_density_-2.700467270775251_51.56661418561895.tif,data/external/sen1floods11/permanent_mask/water_4_663_low_density_-2.700467270775251_51.56661418561895.tif,False,True,True,True,True,True,False,True,True,3.9968028886505635e-15,821.0,514.0,2.0,821.0,514.0,1.0,,-1.0|0.0|1.0,True,0.0,1.0,0.0,1.0,,True
permanent:test:sentinel_4_663_rural_1.7305191505286506_52.593750276875994:3a41c0aa485e,permanent,test,data/external/sen1floods11/permanent_splits/permanent_water_test_data.csv,52,data/external/sen1floods11/permanent_sar/sentinel_4_663_rural_1.7305191505286506_52.593750276875994.tif,data/external/sen1floods11/permanent_mask/water_4_663_rural_1.7305191505286506_52.593750276875994.tif,False,True,True,True,True,True,False,True,True,1.6653345369377348e-14,840.0,514.0,2.0,840.0,514.0,1.0,,-1.0|0.0|1.0,True,0.0,1.0,0.0,1.0,,True
permanent:test:sentinel_4_670_inhabited_138.4912465599369_37.904833755374625:f70c20dd12e3,permanent,test,data/external/sen1floods11/permanent_splits/permanent_water_test_data.csv,18,data/external/sen1floods11/permanent_sar/sentinel_4_670_inhabited_138.4912465599369_37.904833755374625.tif,data/external/sen1floods11/permanent_mask/water_4_670_inhabited_138.4912465599369_37.904833755374625.tif,False,True,True,True,True,True,False,True,True,2.842170943040401e-14,646.0,514.0,2.0,646.0,514.0,1.0,,-1.0|0.0|1.0,True,0.13117927312850952,1.0,0.0,1.0,,True
permanent:test:sentinel_4_673_rural_121.35260247899662_38.9952221950748:d1961cedbb97,permanent,test,data/external/sen1floods11/permanent_splits/permanent_water_test_data.csv,84,data/external/sen1floods11/permanent_sar/sentinel_4_673_rural_121.35260247899662_38.9952221950748.tif,data/external/sen1floods11/permanent_mask/water_4_673_rural_121.35260247899662_38.9952221950748.tif,False,True,True,True,True,True,False,True,True,2.842170943040401e-14,657.0,514.0,2.0,657.0,514.0,1.0,,-1.0|0.0|1.0,True,0.0,1.0,0.0,1.0,,True
permanent:test:sentinel_4_681_inhabited_127.91764331886287_34.91221510177971:277939914524,permanent,test,data/external/sen1floods11/permanent_splits/permanent_water_test_data.csv,102,data/external/sen1floods11/permanent_sar/sentinel_4_681_inhabited_127.91764331886287_34.91221510177971.tif,data/external/sen1floods11/permanent_mask/water_4_681_inhabited_127.91764331886287_34.91221510177971.tif,False,True,True,True,True,True,True,True,True,0.0,622.0,514.0,2.0,622.0,514.0,1.0,,-1.0|0.0|1.0,True,0.0005788143025711179,1.0,0.0,1.0,,True
permanent:test:sentinel_4_682_high_density_138.8717951620401_35.09365592364442:20d59b5893db,permanent,test,data/external/sen1floods11/permanent_splits/permanent_water_test_data.csv,51,data/external/sen1floods11/permanent_sar/sentinel_4_682_high_density_138.8717951620401_35.09365592364442.tif,data/external/sen1floods11/permanent_mask/water_4_682_high_density_138.8717951620401_35.09365592364442.tif,False,True,True,True,True,True,False,True,True,2.842170943040401e-14,624.0,514.0,2.0,624.0,514.0,1.0,,-1.0|0.0|1.0,True,0.36191120743751526,1.0,0.042060233652591705,1.0,,True
permanent:test:sentinel_4_682_low_density_129.15803591800096_32.973130417678234:0f9182137ed5,permanent,test,data/external/sen1floods11/permanent_splits/permanent_water_test_data.csv,80,data/external/sen1floods11/permanent_sar/sentinel_4_682_low_density_129.15803591800096_32.973130417678234.tif,data/external/sen1floods11/permanent_mask/water_4_682_low_density_129.15803591800096_32.973130417678234.tif,False,True,True,True,True,True,True,True,True,0.0,608.0,514.0,2.0,608.0,514.0,1.0,,-1.0|0.0|1.0,True,0.15506547689437866,1.0,0.0,1.0,,True
permanent:test:sentinel_4_682_low_density_130.05307559965073_32.2067536378246:cb633433cf0a,permanent,test,data/external/sen1floods11/permanent_splits/permanent_water_test_data.csv,156,data/external/sen1floods11/permanent_sar/sentinel_4_682_low_density_130.05307559965073_32.2067536378246.tif,data/external/sen1floods11/permanent_mask/water_4_682_low_density_130.05307559965073_32.2067536378246.tif,False,True,True,True,True,True,True,True,True,0.0,603.0,514.0,2.0,603.0,514.0,1.0,,-1.0|0.0|1.0,True,0.1237136647105217,1.0,0.05112331733107567,0.9679142832756042,,True
permanent:test:sentinel_4_685_rural_136.81698342829853_50.07481746908758:21ae01d550fa,permanent,test,data/external/sen1floods11/permanent_splits/permanent_water_test_data.csv,93,data/external/sen1floods11/permanent_sar/sentinel_4_685_rural_136.81698342829853_50.07481746908758.tif,data/external/sen1floods11/permanent_mask/water_4_685_rural_136.81698342829853_50.07481746908758.tif,False,True,True,True,True,True,True,True,True,0.0,795.0,514.0,2.0,795.0,514.0,1.0,,-1.0|0.0|1.0,True,0.33357682824134827,1.0,0.04965650662779808,0.9600095748901367,,True
permanent:test:sentinel_4_686_low_density_6.366535038269994_46.4171818616849:f2b5dd1a7e25,permanent,test,data/external/sen1floods11/permanent_splits/permanent_water_test_data.csv,27,data/external/sen1floods11/permanent_sar/sentinel_4_686_low_density_6.366535038269994_46.4171818616849.tif,data/external/sen1floods11/permanent_mask/water_4_686_low_density_6.366535038269994_46.4171818616849.tif,False,True,True,True,True,True,False,True,True,2.042810365310288e-14,740.0,514.0,2.0,740.0,514.0,1.0,,1.0,True,0.040650319308042526,0.7734732627868652,0.04057719558477402,0.6350327730178833,,True
permanent:test:sentinel_4_687_inhabited_61.858179285062555_55.76357806543591:6b4f53822a03,permanent,test,data/external/sen1floods11/permanent_splits/permanent_water_test_data.csv,133,data/external/sen1floods11/permanent_sar/sentinel_4_687_inhabited_61.858179285062555_55.76357806543591.tif,data/external/sen1floods11/permanent_mask/water_4_687_inhabited_61.858179285062555_55.76357806543591.tif,False,True,True,True,True,True,False,True,True,1.4210854715202004e-14,906.0,514.0,2.0,906.0,514.0,1.0,,-1.0|0.0|1.0,True,0.09657967835664749,1.0,0.037056658416986465,0.8144233822822571,,True
permanent:test:sentinel_5_347_low_density_-74.31144077049882_39.520303639623314:75cd27fc7f10,permanent,test,data/external/sen1floods11/permanent_splits/permanent_water_test_data.csv,55,data/external/sen1floods11/permanent_sar/sentinel_5_347_low_density_-74.31144077049882_39.520303639623314.tif,data/external/sen1floods11/permanent_mask/water_5_347_low_density_-74.31144077049882_39.520303639623314.tif,False,True,True,True,True,True,True,True,True,0.0,661.0,514.0,2.0,661.0,514.0,1.0,,-1.0|0.0|1.0,True,0.0,0.9398142099380493,0.0,0.9679470658302307,,True
permanent:test:sentinel_5_708_low_density_14.492546629309714_67.23378167352843:089dab6db796,permanent,test,data/external/sen1floods11/permanent_splits/permanent_water_test_data.csv,35,data/external/sen1floods11/permanent_sar/sentinel_5_708_low_density_14.492546629309714_67.23378167352843.tif,data/external/sen1floods11/permanent_mask/water_5_708_low_density_14.492546629309714_67.23378167352843.tif,False,True,True,True,True,True,False,True,True,2.1316282072803006e-14,1317.0,514.0,2.0,1317.0,514.0,1.0,,-1.0|0.0|1.0,True,0.4772529900074005,1.0,0.0,0.8845486044883728,,True
permanent:test:sentinel_6_370_inhabited_-76.95854151986643_50.83157596796893:bae8b5e98601,permanent,test,data/external/sen1floods11/permanent_splits/permanent_water_test_data.csv,2,data/external/sen1floods11/permanent_sar/sentinel_6_370_inhabited_-76.95854151986643_50.83157596796893.tif,data/external/sen1floods11/permanent_mask/water_6_370_inhabited_-76.95854151986643_50.83157596796893.tif,False,True,True,True,True,True,True,True,True,0.0,808.0,513.0,2.0,808.0,513.0,1.0,,-1.0|0.0|1.0,True,0.34026771783828735,0.9452221989631653,0.056880299001932144,0.8482080698013306,,True
permanent:test:sentinel_6_371_inhabited_-150.45847494874965_61.01236361994177:b8a2f4eed146,permanent,test,data/external/sen1floods11/permanent_splits/permanent_water_test_data.csv,31,data/external/sen1floods11/permanent_sar/sentinel_6_371_inhabited_-150.45847494874965_61.01236361994177.tif,data/external/sen1floods11/permanent_mask/water_6_371_inhabited_-150.45847494874965_61.01236361994177.tif,False,True,True,True,True,True,False,True,True,2.842170943040401e-14,1052.0,513.0,2.0,1052.0,513.0,1.0,,-1.0|0.0|1.0,True,0.17794249951839447,0.9217327237129211,0.0,0.7619276642799377,,True
permanent:test:sentinel_6_371_rural_-151.07035725440457_60.23577549867575:1016a6f49e88,permanent,test,data/external/sen1floods11/permanent_splits/permanent_water_test_data.csv,40,data/external/sen1floods11/permanent_sar/sentinel_6_371_rural_-151.07035725440457_60.23577549867575.tif,data/external/sen1floods11/permanent_mask/water_6_371_rural_-151.07035725440457_60.23577549867575.tif,False,True,True,True,True,True,True,True,True,0.0,1027.0,514.0,2.0,1027.0,514.0,1.0,,-1.0|0.0|1.0,True,0.0,1.0,0.0,0.8397033214569092,,True
permanent:test:sentinel_6_374_rural_-55.74757435175508_52.553591612788665:b84a99731f82,permanent,test,data/external/sen1floods11/permanent_splits/permanent_water_test_data.csv,129,data/external/sen1floods11/permanent_sar/sentinel_6_374_rural_-55.74757435175508_52.553591612788665.tif,data/external/sen1floods11/permanent_mask/water_6_374_rural_-55.74757435175508_52.553591612788665.tif,False,True,True,True,True,True,False,True,True,7.105427357601002e-15,839.0,514.0,2.0,839.0,514.0,1.0,,-1.0|0.0|1.0,True,0.050948403775691986,1.0,0.0,0.8537027835845947,,True
permanent:test:sentinel_6_375_inhabited_-162.04167217753653_67.04616945580575:f621c5d5e490,permanent,test,data/external/sen1floods11/permanent_splits/permanent_water_test_data.csv,48,data/external/sen1floods11/permanent_sar/sentinel_6_375_inhabited_-162.04167217753653_67.04616945580575.tif,data/external/sen1floods11/permanent_mask/water_6_375_inhabited_-162.04167217753653_67.04616945580575.tif,False,True,True,True,True,True,False,True,True,2.842170943040401e-14,1307.0,513.0,2.0,1307.0,513.0,1.0,,-1.0|0.0|1.0,True,0.10965113341808319,0.9000076651573181,0.0,0.7861201763153076,,True
permanent:test:sentinel_6_377_rural_-102.15882560903893_54.60211601404486:37a307aa920e,permanent,test,data/external/sen1floods11/permanent_splits/permanent_water_test_data.csv,95,data/external/sen1floods11/permanent_sar/sentinel_6_377_rural_-102.15882560903893_54.60211601404486.tif,data/external/sen1floods11/permanent_mask/water_6_377_rural_-102.15882560903893_54.60211601404486.tif,False,True,True,True,True,True,False,True,True,1.4210854715202004e-14,880.0,514.0,2.0,880.0,514.0,1.0,,-1.0|0.0|1.0,True,0.23126712441444397,0.945820689201355,0.0,0.7749984860420227,,True
permanent:test:sentinel_6_379_inhabited_-103.67206614253628_58.60550585803067:ac55cf79fbdc,permanent,test,data/external/sen1floods11/permanent_splits/permanent_water_test_data.csv,23,data/external/sen1floods11/permanent_sar/sentinel_6_379_inhabited_-103.67206614253628_58.60550585803067.tif,data/external/sen1floods11/permanent_mask/water_6_379_inhabited_-103.67206614253628_58.60550585803067.tif,False,True,True,True,True,True,False,True,True,1.4210854715202004e-14,979.0,513.0,2.0,979.0,513.0,1.0,,-1.0|0.0|1.0,True,0.14110863208770752,0.9156448841094971,0.0,0.7884630560874939,,True
permanent:test:sentinel_6_382_inhabited_-81.32788086910644_52.84282674351937:aac51cb95b11,permanent,test,data/external/sen1floods11/permanent_splits/permanent_water_test_data.csv,24,data/external/sen1floods11/permanent_sar/sentinel_6_382_inhabited_-81.32788086910644_52.84282674351937.tif,data/external/sen1floods11/permanent_mask/water_6_382_inhabited_-81.32788086910644_52.84282674351937.tif,False,True,True,True,True,True,False,True,True,7.105427357601002e-15,844.0,514.0,2.0,844.0,514.0,1.0,,-1.0|0.0|1.0,True,0.09126260876655579,0.9114987850189209,0.0,0.7406385540962219,,True
permanent:test:sentinel_6_383_rural_-132.40220138022286_59.977245737799066:0461f6abd5a8,permanent,test,data/external/sen1floods11/permanent_splits/permanent_water_test_data.csv,10,data/external/sen1floods11/permanent_sar/sentinel_6_383_rural_-132.40220138022286_59.977245737799066.tif,data/external/sen1floods11/permanent_mask/water_6_383_rural_-132.40220138022286_59.977245737799066.tif,False,True,True,True,True,True,True,True,True,0.0,1019.0,514.0,2.0,1019.0,514.0,1.0,,-1.0|0.0|1.0,True,0.11382472515106201,1.0,0.049452997744083405,0.945901095867157,,True
permanent:test:sentinel_6_713_inhabited_150.20927808637785_45.99412019013816:59cd7e130185,permanent,test,data/external/sen1floods11/permanent_splits/permanent_water_test_data.csv,163,data/external/sen1floods11/permanent_sar/sentinel_6_713_inhabited_150.20927808637785_45.99412019013816.tif,data/external/sen1floods11/permanent_mask/water_6_713_inhabited_150.20927808637785_45.99412019013816.tif,False,True,True,True,True,True,True,True,True,0.0,735.0,514.0,2.0,735.0,514.0,1.0,,-1.0|0.0|1.0,True,0.3098394274711609,1.0,0.0,1.0,,True
permanent:test:sentinel_6_715_inhabited_137.4255838355781_55.02087019397397:3f424119eda1,permanent,test,data/external/sen1floods11/permanent_splits/permanent_water_test_data.csv,160,data/external/sen1floods11/permanent_sar/sentinel_6_715_inhabited_137.4255838355781_55.02087019397397.tif,data/external/sen1floods11/permanent_mask/water_6_715_inhabited_137.4255838355781_55.02087019397397.tif,False,True,True,True,True,True,True,True,True,0.0,890.0,513.0,2.0,890.0,513.0,1.0,,-1.0|0.0|1.0,True,0.3583826422691345,0.9653613567352295,0.0055784741416573524,0.7544339895248413,,True
permanent:test:sentinel_6_716_inhabited_142.69589347086895_48.39927457544687:408e75706edd,permanent,test,data/external/sen1floods11/permanent_splits/permanent_water_test_data.csv,26,data/external/sen1floods11/permanent_sar/sentinel_6_716_inhabited_142.69589347086895_48.39927457544687.tif,data/external/sen1floods11/permanent_mask/water_6_716_inhabited_142.69589347086895_48.39927457544687.tif,False,True,True,True,True,True,False,True,True,7.105427357601002e-15,768.0,514.0,2.0,768.0,514.0,1.0,,-1.0|0.0|1.0,True,0.10630936175584793,1.0,0.04839853197336197,0.9614395499229431,,True
permanent:test:sentinel_7_39_inhabited_29.645098182843117_-4.547065739927205:a1877498f28c,permanent,test,data/external/sen1floods11/permanent_splits/permanent_water_test_data.csv,50,data/external/sen1floods11/permanent_sar/sentinel_7_39_inhabited_29.645098182843117_-4.547065739927205.tif,data/external/sen1floods11/permanent_mask/water_7_39_inhabited_29.645098182843117_-4.547065739927205.tif,False,True,True,True,True,True,False,True,True,3.552713678800501e-15,512.0,514.0,2.0,512.0,514.0,1.0,,-1.0|0.0|1.0,True,0.03310699388384819,1.0,0.0,1.0,,True
permanent:test:sentinel_7_48_inhabited_32.00302176979371_-27.395762624746034:3381acc7086b,permanent,test,data/external/sen1floods11/permanent_splits/permanent_water_test_data.csv,79,data/external/sen1floods11/permanent_sar/sentinel_7_48_inhabited_32.00302176979371_-27.395762624746034.tif,data/external/sen1floods11/permanent_mask/water_7_48_inhabited_32.00302176979371_-27.395762624746034.tif,False,True,True,True,True,True,False,True,True,3.552713678800501e-15,575.0,514.0,2.0,575.0,514.0,1.0,,-1.0|0.0|1.0,True,0.3177989721298218,1.0,0.0,1.0,,True
permanent:test:sentinel_7_565_inhabited_-64.67694204768468_-15.421185637397189:f1ec18b076f7,permanent,test,data/external/sen1floods11/permanent_splits/permanent_water_test_data.csv,39,data/external/sen1floods11/permanent_sar/sentinel_7_565_inhabited_-64.67694204768468_-15.421185637397189.tif,data/external/sen1floods11/permanent_mask/water_7_565_inhabited_-64.67694204768468_-15.421185637397189.tif,False,True,True,True,True,True,False,True,True,1.4210854715202004e-14,530.0,514.0,2.0,530.0,514.0,1.0,,-1.0|0.0|1.0,True,0.0,0.9410170912742615,0.0,0.8217921853065491,,True
permanent:test:sentinel_7_567_inhabited_-49.55793185227528_-21.403051864190626:378dd640bd36,permanent,test,data/external/sen1floods11/permanent_splits/permanent_water_test_data.csv,161,data/external/sen1floods11/permanent_sar/sentinel_7_567_inhabited_-49.55793185227528_-21.403051864190626.tif,data/external/sen1floods11/permanent_mask/water_7_567_inhabited_-49.55793185227528_-21.403051864190626.tif,False,True,True,True,True,True,False,True,True,7.105427357601002e-15,548.0,514.0,2.0,548.0,514.0,1.0,,-1.0|0.0|1.0,True,0.043225258588790894,1.0,0.008229016326367855,0.9048126935958862,,True
permanent:test:sentinel_7_571_inhabited_-56.80983032290908_-28.132290182147905:afbf4fa63f9b,permanent,test,data/external/sen1floods11/permanent_splits/permanent_water_test_data.csv,70,data/external/sen1floods11/permanent_sar/sentinel_7_571_inhabited_-56.80983032290908_-28.132290182147905.tif,data/external/sen1floods11/permanent_mask/water_7_571_inhabited_-56.80983032290908_-28.132290182147905.tif,False,True,True,True,True,True,False,True,True,7.105427357601002e-15,579.0,514.0,2.0,579.0,514.0,1.0,,-1.0|0.0|1.0,True,0.037708841264247894,0.9419184923171997,0.0,0.8731403946876526,,True
permanent:test:sentinel_7_640_rural_-155.64039628295913_18.93911760879541:cd3210a9ddbd,permanent,test,data/external/sen1floods11/permanent_splits/permanent_water_test_data.csv,86,data/external/sen1floods11/permanent_sar/sentinel_7_640_rural_-155.64039628295913_18.93911760879541.tif,data/external/sen1floods11/permanent_mask/water_7_640_rural_-155.64039628295913_18.93911760879541.tif,False,True,True,True,True,True,False,True,True,2.842170943040401e-14,539.0,514.0,2.0,539.0,514.0,1.0,,-1.0|0.0|1.0,True,0.47146937251091003,0.9579790830612183,0.0,0.780033528804779,,True
permanent:test:sentinel_7_65_inhabited_28.015711444206623_-17.0345374486455:0dd07b4bf3b3,permanent,test,data/external/sen1floods11/permanent_splits/permanent_water_test_data.csv,46,data/external/sen1floods11/permanent_sar/sentinel_7_65_inhabited_28.015711444206623_-17.0345374486455.tif,data/external/sen1floods11/permanent_mask/water_7_65_inhabited_28.015711444206623_-17.0345374486455.tif,False,True,True,True,True,True,False,True,True,2.1316282072803006e-14,534.0,513.0,2.0,534.0,513.0,1.0,,-1.0|0.0|1.0,True,0.057377029210329056,0.93161940574646,0.031556759029626846,0.8129618763923645,,True
permanent:test:sentinel_8_393_inhabited_-80.0695805201377_33.27521221854392:4b93d0192842,permanent,test,data/external/sen1floods11/permanent_splits/permanent_water_test_data.csv,114,data/external/sen1floods11/permanent_sar/sentinel_8_393_inhabited_-80.0695805201377_33.27521221854392.tif,data/external/sen1floods11/permanent_mask/water_8_393_inhabited_-80.0695805201377_33.27521221854392.tif,False,True,True,True,True,True,False,True,True,7.105427357601002e-15,610.0,514.0,2.0,610.0,514.0,1.0,,-1.0|0.0|1.0,True,0.09697896242141724,0.8979568481445312,0.050433479249477386,0.8399391770362854,,True
permanent:test:sentinel_8_577_inhabited_-64.85517677589196_-40.81758099090023:a7c4c1eacb0b,permanent,test,data/external/sen1floods11/permanent_splits/permanent_water_test_data.csv,127,data/external/sen1floods11/permanent_sar/sentinel_8_577_inhabited_-64.85517677589196_-40.81758099090023.tif,data/external/sen1floods11/permanent_mask/water_8_577_inhabited_-64.85517677589196_-40.81758099090023.tif,False,True,True,True,True,True,True,True,True,0.0,674.0,514.0,2.0,674.0,514.0,1.0,,-1.0|0.0|1.0,True,0.06553908437490463,1.0,0.0,0.9551879167556763,,True
permanent:test:sentinel_8_724_inhabited_84.18819799444562_49.19179506477684:95f521cc4c86,permanent,test,data/external/sen1floods11/permanent_splits/permanent_water_test_data.csv,9,data/external/sen1floods11/permanent_sar/sentinel_8_724_inhabited_84.18819799444562_49.19179506477684.tif,data/external/sen1floods11/permanent_mask/water_8_724_inhabited_84.18819799444562_49.19179506477684.tif,False,True,True,True,True,True,False,True,True,2.842170943040401e-14,781.0,514.0,2.0,781.0,514.0,1.0,,-1.0|0.0|1.0|nan,False,0.0,1.0,0.04010118916630745,0.8654024004936218,,False
permanent:test:sentinel_8_727_rural_43.00628169287255_38.29864372401075:85c4fe0a4ef3,permanent,test,data/external/sen1floods11/permanent_splits/permanent_water_test_data.csv,120,data/external/sen1floods11/permanent_sar/sentinel_8_727_rural_43.00628169287255_38.29864372401075.tif,data/external/sen1floods11/permanent_mask/water_8_727_rural_43.00628169287255_38.29864372401075.tif,False,True,True,True,True,True,False,True,True,1.4210854715202004e-14,650.0,513.0,2.0,650.0,513.0,1.0,,-1.0|0.0|1.0,True,0.03656448796391487,1.0,0.036105409264564514,1.0,,True
permanent:test:sentinel_8_727_rural_43.5217537746509_38.859933069113254:4b892641afc3,permanent,test,data/external/sen1floods11/permanent_splits/permanent_water_test_data.csv,62,data/external/sen1floods11/permanent_sar/sentinel_8_727_rural_43.5217537746509_38.859933069113254.tif,data/external/sen1floods11/permanent_mask/water_8_727_rural_43.5217537746509_38.859933069113254.tif,False,True,True,True,True,True,False,True,True,7.105427357601002e-15,655.0,514.0,2.0,655.0,514.0,1.0,,-1.0|0.0|1.0,True,0.0,1.0,0.0,1.0,,True
permanent:test:sentinel_8_735_rural_30.750081260291225_46.60617640073415:f21b2f46e8b1,permanent,test,data/external/sen1floods11/permanent_splits/permanent_water_test_data.csv,73,data/external/sen1floods11/permanent_sar/sentinel_8_735_rural_30.750081260291225_46.60617640073415.tif,data/external/sen1floods11/permanent_mask/water_8_735_rural_30.750081260291225_46.60617640073415.tif,False,True,True,True,True,True,False,True,True,2.1316282072803006e-14,742.0,514.0,2.0,742.0,514.0,1.0,,-1.0|0.0|1.0,True,0.21004623174667358,1.0,0.03727731853723526,1.0,,True
permanent:test:sentinel_8_737_inhabited_98.9977242812406_49.31739010504821:cd53e0132cc7,permanent,test,data/external/sen1floods11/permanent_splits/permanent_water_test_data.csv,36,data/external/sen1floods11/permanent_sar/sentinel_8_737_inhabited_98.9977242812406_49.31739010504821.tif,data/external/sen1floods11/permanent_mask/water_8_737_inhabited_98.9977242812406_49.31739010504821.tif,False,True,True,True,True,True,True,True,True,0.0,783.0,514.0,2.0,783.0,514.0,1.0,,-1.0|0.0|1.0,True,0.00204067537561059,1.0,0.0,0.7895649075508118,,True
permanent:test:sentinel_9_585_inhabited_-58.425549916816756_-33.30557423761684:52c7fc36e68b,permanent,test,data/external/sen1floods11/permanent_splits/permanent_water_test_data.csv,132,data/external/sen1floods11/permanent_sar/sentinel_9_585_inhabited_-58.425549916816756_-33.30557423761684.tif,data/external/sen1floods11/permanent_mask/water_9_585_inhabited_-58.425549916816756_-33.30557423761684.tif,False,True,True,True,True,True,False,True,True,7.105427357601002e-15,611.0,514.0,2.0,611.0,514.0,1.0,,-1.0|0.0|1.0,True,0.3787223994731903,0.9797383546829224,0.03751447796821594,0.8329511880874634,,True
permanent:test:sentinel_9_585_inhabited_-60.03003257606975_-31.170775149178567:7c37da146493,permanent,test,data/external/sen1floods11/permanent_splits/permanent_water_test_data.csv,4,data/external/sen1floods11/permanent_sar/sentinel_9_585_inhabited_-60.03003257606975_-31.170775149178567.tif,data/external/sen1floods11/permanent_mask/water_9_585_inhabited_-60.03003257606975_-31.170775149178567.tif,False,True,True,True,True,True,False,True,True,7.105427357601002e-15,596.0,513.0,2.0,596.0,513.0,1.0,,-1.0|0.0|1.0,True,0.040912922471761703,0.9643740653991699,0.0,0.8444415926933289,,True
permanent:train:sentinel_10_194_inhabited_169.08472865033218_-44.627307617033836:d14b29de5f8d,permanent,train,data/external/sen1floods11/permanent_splits/permanent_water_train_data.csv,175,data/external/sen1floods11/permanent_sar/sentinel_10_194_inhabited_169.08472865033218_-44.627307617033836.tif,data/external/sen1floods11/permanent_mask/water_10_194_inhabited_169.08472865033218_-44.627307617033836.tif,False,True,True,True,True,True,False,True,True,2.842170943040401e-14,717.0,514.0,2.0,717.0,514.0,1.0,,-1.0|0.0|1.0,True,0.23765186965465546,1.0,0.0,0.9720185995101929,,True
permanent:train:sentinel_10_588_inhabited_-69.0890174214209_-16.10575129022326:c1d6a41ef786,permanent,train,data/external/sen1floods11/permanent_splits/permanent_water_train_data.csv,278,data/external/sen1floods11/permanent_sar/sentinel_10_588_inhabited_-69.0890174214209_-16.10575129022326.tif,data/external/sen1floods11/permanent_mask/water_10_588_inhabited_-69.0890174214209_-16.10575129022326.tif,False,True,True,True,True,True,False,True,True,1.4210854715202004e-14,532.0,514.0,2.0,532.0,514.0,1.0,,-1.0|0.0|1.0,True,0.052273694425821304,1.0,0.0,1.0,,True
permanent:train:sentinel_10_749_inhabited_85.60504168136961_48.73279303873935:996acb7c14b4,permanent,train,data/external/sen1floods11/permanent_splits/permanent_water_train_data.csv,64,data/external/sen1floods11/permanent_sar/sentinel_10_749_inhabited_85.60504168136961_48.73279303873935.tif,data/external/sen1floods11/permanent_mask/water_10_749_inhabited_85.60504168136961_48.73279303873935.tif,False,True,True,True,True,True,False,True,True,2.842170943040401e-14,773.0,514.0,2.0,773.0,514.0,1.0,,1.0,True,0.0,0.8534473180770874,0.0,0.7418797612190247,,True
permanent:train:sentinel_10_749_inhabited_88.83010435467857_48.38121967528145:169b4ce24fa0,permanent,train,data/external/sen1floods11/permanent_splits/permanent_water_train_data.csv,11,data/external/sen1floods11/permanent_sar/sentinel_10_749_inhabited_88.83010435467857_48.38121967528145.tif,data/external/sen1floods11/permanent_mask/water_10_749_inhabited_88.83010435467857_48.38121967528145.tif,False,True,True,True,True,True,False,True,True,1.4210854715202004e-14,768.0,514.0,2.0,768.0,514.0,1.0,,-1.0|0.0|1.0,True,0.40053948760032654,1.0,0.0,0.7946621179580688,,True
permanent:train:sentinel_10_751_rural_85.61899420856585_28.867885787429604:7ce49803281a,permanent,train,data/external/sen1floods11/permanent_splits/permanent_water_train_data.csv,230,data/external/sen1floods11/permanent_sar/sentinel_10_751_rural_85.61899420856585_28.867885787429604.tif,data/external/sen1floods11/permanent_mask/water_10_751_rural_85.61899420856585_28.867885787429604.tif,False,True,True,True,True,True,False,True,True,3.552713678800501e-15,583.0,514.0,2.0,583.0,514.0,1.0,,-1.0|0.0|1.0,True,0.039135709404945374,1.0,0.0,0.8093454241752625,,True
permanent:train:sentinel_10_764_inhabited_100.26516132826785_50.88880407088885:565ca780a2d5,permanent,train,data/external/sen1floods11/permanent_splits/permanent_water_train_data.csv,240,data/external/sen1floods11/permanent_sar/sentinel_10_764_inhabited_100.26516132826785_50.88880407088885.tif,data/external/sen1floods11/permanent_mask/water_10_764_inhabited_100.26516132826785_50.88880407088885.tif,False,True,True,True,True,True,False,True,True,7.105427357601002e-15,809.0,514.0,2.0,809.0,514.0,1.0,,-1.0|0.0|1.0,True,0.04768215864896774,1.0,0.04767347872257233,0.8822704553604126,,True
permanent:train:sentinel_10_764_inhabited_100.61174941674798_51.43705946361214:9deb68d64e45,permanent,train,data/external/sen1floods11/permanent_splits/permanent_water_train_data.csv,460,data/external/sen1floods11/permanent_sar/sentinel_10_764_inhabited_100.61174941674798_51.43705946361214.tif,data/external/sen1floods11/permanent_mask/water_10_764_inhabited_100.61174941674798_51.43705946361214.tif,False,True,True,True,True,True,False,True,True,1.4210854715202004e-14,819.0,514.0,2.0,819.0,514.0,1.0,,-1.0|1.0,True,0.0,0.9417803287506104,0.0,0.8066737055778503,,True
permanent:train:sentinel_10_81_inhabited_25.74955169783489_-30.661884700555113:558e742c44eb,permanent,train,data/external/sen1floods11/permanent_splits/permanent_water_train_data.csv,122,data/external/sen1floods11/permanent_sar/sentinel_10_81_inhabited_25.74955169783489_-30.661884700555113.tif,data/external/sen1floods11/permanent_mask/water_10_81_inhabited_25.74955169783489_-30.661884700555113.tif,False,True,True,True,True,True,False,True,True,3.552713678800501e-15,594.0,513.0,2.0,594.0,513.0,1.0,,-1.0|0.0|1.0,True,0.2296724170446396,1.0,0.0,0.8630024790763855,,True
permanent:train:sentinel_11_776_low_density_44.09069939626215_67.79091513644912:df9860e41fab,permanent,train,data/external/sen1floods11/permanent_splits/permanent_water_train_data.csv,177,data/external/sen1floods11/permanent_sar/sentinel_11_776_low_density_44.09069939626215_67.79091513644912.tif,data/external/sen1floods11/permanent_mask/water_11_776_low_density_44.09069939626215_67.79091513644912.tif,False,True,True,True,True,True,False,True,True,1.4210854715202004e-14,1349.0,514.0,2.0,1349.0,514.0,1.0,,-1.0|0.0|1.0,True,0.4437420666217804,0.8553855419158936,0.014846280217170715,0.7460600733757019,,True
permanent:train:sentinel_11_782_inhabited_113.047972677059_55.130760280335075:a751bd44559a,permanent,train,data/external/sen1floods11/permanent_splits/permanent_water_train_data.csv,108,data/external/sen1floods11/permanent_sar/sentinel_11_782_inhabited_113.047972677059_55.130760280335075.tif,data/external/sen1floods11/permanent_mask/water_11_782_inhabited_113.047972677059_55.130760280335075.tif,False,True,True,True,True,True,False,True,True,2.842170943040401e-14,892.0,514.0,2.0,892.0,514.0,1.0,,-1.0|0.0|1.0,True,0.08784731477499008,1.0,0.0,0.8955677151679993,,True
permanent:train:sentinel_12_198_inhabited_123.06634203226115_-34.120020126826624:9efd1a76e339,permanent,train,data/external/sen1floods11/permanent_splits/permanent_water_train_data.csv,73,data/external/sen1floods11/permanent_sar/sentinel_12_198_inhabited_123.06634203226115_-34.120020126826624.tif,data/external/sen1floods11/permanent_mask/water_12_198_inhabited_123.06634203226115_-34.120020126826624.tif,False,True,True,True,True,True,False,True,True,1.4210854715202004e-14,617.0,514.0,2.0,617.0,514.0,1.0,,-1.0|1.0|nan,False,0.39262357354164124,0.9114972352981567,0.0,0.7020485401153564,,False
permanent:train:sentinel_12_199_inhabited_137.3014959714628_-33.4749130592225:e85db7e97f9c,permanent,train,data/external/sen1floods11/permanent_splits/permanent_water_train_data.csv,481,data/external/sen1floods11/permanent_sar/sentinel_12_199_inhabited_137.3014959714628_-33.4749130592225.tif,data/external/sen1floods11/permanent_mask/water_12_199_inhabited_137.3014959714628_-33.4749130592225.tif,False,True,True,True,True,True,False,True,True,7.105427357601002e-15,612.0,514.0,2.0,612.0,514.0,1.0,,-1.0|0.0|1.0,True,0.3710605502128601,0.9871821403503418,0.0,0.8441927433013916,,True
permanent:train:sentinel_12_199_inhabited_137.3573551303593_-34.50584830457708:16e81fe6033a,permanent,train,data/external/sen1floods11/permanent_splits/permanent_water_train_data.csv,83,data/external/sen1floods11/permanent_sar/sentinel_12_199_inhabited_137.3573551303593_-34.50584830457708.tif,data/external/sen1floods11/permanent_mask/water_12_199_inhabited_137.3573551303593_-34.50584830457708.tif,False,True,True,True,True,True,False,True,True,7.105427357601002e-15,619.0,514.0,2.0,619.0,514.0,1.0,,-1.0|0.0|1.0,True,0.18664023280143738,0.9412862062454224,0.0,0.825859785079956,,True
permanent:train:sentinel_12_200_inhabited_138.52378907942497_-35.031785896527865:a7273c7b41ab,permanent,train,data/external/sen1floods11/permanent_splits/permanent_water_train_data.csv,469,data/external/sen1floods11/permanent_sar/sentinel_12_200_inhabited_138.52378907942497_-35.031785896527865.tif,data/external/sen1floods11/permanent_mask/water_12_200_inhabited_138.52378907942497_-35.031785896527865.tif,False,True,True,True,True,True,True,True,True,0.0,623.0,514.0,2.0,623.0,514.0,1.0,,-1.0|0.0|1.0,True,0.03252724930644035,1.0,0.010623021982610226,1.0,,True
permanent:train:sentinel_12_203_inhabited_139.18925640243913_-35.38974469269428:ce7d17363c37,permanent,train,data/external/sen1floods11/permanent_splits/permanent_water_train_data.csv,86,data/external/sen1floods11/permanent_sar/sentinel_12_203_inhabited_139.18925640243913_-35.38974469269428.tif,data/external/sen1floods11/permanent_mask/water_12_203_inhabited_139.18925640243913_-35.38974469269428.tif,False,True,True,True,True,True,False,True,True,7.105427357601002e-15,626.0,514.0,2.0,626.0,514.0,1.0,,-1.0|0.0|1.0,True,0.059853680431842804,0.9234074354171753,0.0,0.7609692811965942,,True
permanent:train:sentinel_12_203_rural_137.9848398306002_-35.73532502433634:79bbcbc1f0ac,permanent,train,data/external/sen1floods11/permanent_splits/permanent_water_train_data.csv,291,data/external/sen1floods11/permanent_sar/sentinel_12_203_rural_137.9848398306002_-35.73532502433634.tif,data/external/sen1floods11/permanent_mask/water_12_203_rural_137.9848398306002_-35.73532502433634.tif,False,True,True,True,True,True,False,True,True,2.842170943040401e-14,629.0,514.0,2.0,629.0,514.0,1.0,,-1.0|0.0|1.0,True,0.0,1.0,0.0,0.9750795364379883,,True
permanent:train:sentinel_12_204_inhabited_139.84022272882746_-36.598366196826575:cdf071a8fd51,permanent,train,data/external/sen1floods11/permanent_splits/permanent_water_train_data.csv,255,data/external/sen1floods11/permanent_sar/sentinel_12_204_inhabited_139.84022272882746_-36.598366196826575.tif,data/external/sen1floods11/permanent_mask/water_12_204_inhabited_139.84022272882746_-36.598366196826575.tif,False,True,True,True,True,True,False,True,True,2.842170943040401e-14,636.0,514.0,2.0,636.0,514.0,1.0,,-1.0|0.0|1.0,True,0.05347064509987831,0.9233967661857605,0.0,0.8508126139640808,,True
permanent:train:sentinel_12_204_inhabited_139.84125724027186_-36.52914757117393:92fc0912b8df,permanent,train,data/external/sen1floods11/permanent_splits/permanent_water_train_data.csv,309,data/external/sen1floods11/permanent_sar/sentinel_12_204_inhabited_139.84125724027186_-36.52914757117393.tif,data/external/sen1floods11/permanent_mask/water_12_204_inhabited_139.84125724027186_-36.52914757117393.tif,False,True,True,True,True,True,True,True,True,0.0,635.0,513.0,2.0,635.0,513.0,1.0,,-1.0|0.0|1.0,True,0.040108609944581985,1.0,0.03967401757836342,0.9218380451202393,,True
permanent:train:sentinel_12_205_inhabited_114.763585052766_-28.97651840729366:920bfd49e753,permanent,train,data/external/sen1floods11/permanent_splits/permanent_water_train_data.csv,205,data/external/sen1floods11/permanent_sar/sentinel_12_205_inhabited_114.763585052766_-28.97651840729366.tif,data/external/sen1floods11/permanent_mask/water_12_205_inhabited_114.763585052766_-28.97651840729366.tif,False,True,True,True,True,True,False,True,True,2.842170943040401e-14,584.0,514.0,2.0,584.0,514.0,1.0,,-1.0|0.0|1.0,True,0.3510075807571411,1.0,0.049271270632743835,1.0,,True
permanent:train:sentinel_12_205_rural_114.8409192423359_-29.04707476326233:5073962cf637,permanent,train,data/external/sen1floods11/permanent_splits/permanent_water_train_data.csv,295,data/external/sen1floods11/permanent_sar/sentinel_12_205_rural_114.8409192423359_-29.04707476326233.tif,data/external/sen1floods11/permanent_mask/water_12_205_rural_114.8409192423359_-29.04707476326233.tif,False,True,True,True,True,True,False,True,True,2.842170943040401e-14,584.0,513.0,2.0,584.0,513.0,1.0,,-1.0|0.0|1.0,True,0.3214623034000397,1.0,0.04824630171060562,0.9664039611816406,,True
permanent:train:sentinel_12_206_inhabited_118.14840839861779_-34.98530422714674:aee09b2b54d1,permanent,train,data/external/sen1floods11/permanent_splits/permanent_water_train_data.csv,65,data/external/sen1floods11/permanent_sar/sentinel_12_206_inhabited_118.14840839861779_-34.98530422714674.tif,data/external/sen1floods11/permanent_mask/water_12_206_inhabited_118.14840839861779_-34.98530422714674.tif,False,True,True,True,True,True,False,True,True,1.4210854715202004e-14,623.0,513.0,2.0,623.0,513.0,1.0,,-1.0|0.0|1.0,True,0.03515373542904854,1.0,0.0,0.8046860098838806,,True
permanent:train:sentinel_12_422_rural_-119.57284147553476_34.01382663523881:b2c1279d2373,permanent,train,data/external/sen1floods11/permanent_splits/permanent_water_train_data.csv,486,data/external/sen1floods11/permanent_sar/sentinel_12_422_rural_-119.57284147553476_34.01382663523881.tif,data/external/sen1floods11/permanent_mask/water_12_422_rural_-119.57284147553476_34.01382663523881.tif,False,True,True,True,True,True,False,True,True,1.4210854715202004e-14,616.0,514.0,2.0,616.0,514.0,1.0,,-1.0|0.0|1.0,True,0.206002876162529,1.0,0.0008290648693218827,0.9192149639129639,,True
permanent:train:sentinel_12_423_inhabited_-121.09519195248437_35.55701895051221:fcd7639154e8,permanent,train,data/external/sen1floods11/permanent_splits/permanent_water_train_data.csv,53,data/external/sen1floods11/permanent_sar/sentinel_12_423_inhabited_-121.09519195248437_35.55701895051221.tif,data/external/sen1floods11/permanent_mask/water_12_423_inhabited_-121.09519195248437_35.55701895051221.tif,False,True,True,True,True,True,False,True,True,1.4210854715202004e-14,628.0,514.0,2.0,628.0,514.0,1.0,,-1.0|0.0|1.0,True,0.0,1.0,0.0,1.0,,True
permanent:train:sentinel_12_423_rural_-122.77934091115819_38.99803588783952:f4120fe12813,permanent,train,data/external/sen1floods11/permanent_splits/permanent_water_train_data.csv,203,data/external/sen1floods11/permanent_sar/sentinel_12_423_rural_-122.77934091115819_38.99803588783952.tif,data/external/sen1floods11/permanent_mask/water_12_423_rural_-122.77934091115819_38.99803588783952.tif,False,True,True,True,True,True,False,True,True,1.4210854715202004e-14,656.0,514.0,2.0,656.0,514.0,1.0,,-1.0|0.0|1.0,True,0.36160242557525635,1.0,0.0,1.0,,True
permanent:train:sentinel_12_596_inhabited_-70.4525391779478_-25.114589085127356:1f30034633e3,permanent,train,data/external/sen1floods11/permanent_splits/permanent_water_train_data.csv,189,data/external/sen1floods11/permanent_sar/sentinel_12_596_inhabited_-70.4525391779478_-25.114589085127356.tif,data/external/sen1floods11/permanent_mask/water_12_596_inhabited_-70.4525391779478_-25.114589085127356.tif,False,True,True,True,True,True,False,True,True,7.105427357601002e-15,564.0,514.0,2.0,564.0,514.0,1.0,,-1.0|0.0|1.0|nan,False,0.040317341685295105,1.0,0.04018246755003929,1.0,,False
permanent:train:sentinel_12_596_inhabited_-71.48739397312836_-29.015245699942835:a4a188cb267c,permanent,train,data/external/sen1floods11/permanent_splits/permanent_water_train_data.csv,213,data/external/sen1floods11/permanent_sar/sentinel_12_596_inhabited_-71.48739397312836_-29.015245699942835.tif,data/external/sen1floods11/permanent_mask/water_12_596_inhabited_-71.48739397312836_-29.015245699942835.tif,False,True,True,True,True,True,False,True,True,1.4210854715202004e-14,583.0,514.0,2.0,583.0,514.0,1.0,,-1.0|0.0|1.0,True,0.0,1.0,0.0,0.8413106799125671,,True
permanent:train:sentinel_12_785_low_density_22.769195572136947_37.96159365268394:68ce7e9858ec,permanent,train,data/external/sen1floods11/permanent_splits/permanent_water_train_data.csv,311,data/external/sen1floods11/permanent_sar/sentinel_12_785_low_density_22.769195572136947_37.96159365268394.tif,data/external/sen1floods11/permanent_mask/water_12_785_low_density_22.769195572136947_37.96159365268394.tif,False,True,True,True,True,True,False,True,True,1.0658141036401503e-14,648.0,513.0,2.0,648.0,513.0,1.0,,-1.0|0.0|1.0,True,0.5348238348960876,1.0,0.03970704600214958,1.0,,True
permanent:train:sentinel_12_785_low_density_26.76750204092183_40.36395218163212:df9086b0e081,permanent,train,data/external/sen1floods11/permanent_splits/permanent_water_train_data.csv,361,data/external/sen1floods11/permanent_sar/sentinel_12_785_low_density_26.76750204092183_40.36395218163212.tif,data/external/sen1floods11/permanent_mask/water_12_785_low_density_26.76750204092183_40.36395218163212.tif,False,True,True,True,True,True,False,True,True,1.4210854715202004e-14,670.0,513.0,2.0,670.0,513.0,1.0,,0.0,True,0.5246490240097046,1.0,0.17729230225086212,0.8773647546768188,,True
permanent:train:sentinel_12_785_low_density_28.685129530754132_36.95206655148695:962829c1b3a8,permanent,train,data/external/sen1floods11/permanent_splits/permanent_water_train_data.csv,133,data/external/sen1floods11/permanent_sar/sentinel_12_785_low_density_28.685129530754132_36.95206655148695.tif,data/external/sen1floods11/permanent_mask/water_12_785_low_density_28.685129530754132_36.95206655148695.tif,False,True,True,True,True,True,False,True,True,2.1316282072803006e-14,638.0,513.0,2.0,638.0,513.0,1.0,,-1.0|0.0|1.0,True,0.16020835936069489,1.0,0.0,1.0,,True
permanent:train:sentinel_12_785_rural_25.33243846709345_39.86784151662784:4d3d1b5f4c48,permanent,train,data/external/sen1floods11/permanent_splits/permanent_water_train_data.csv,102,data/external/sen1floods11/permanent_sar/sentinel_12_785_rural_25.33243846709345_39.86784151662784.tif,data/external/sen1floods11/permanent_mask/water_12_785_rural_25.33243846709345_39.86784151662784.tif,False,True,True,True,True,True,False,True,True,1.4210854715202004e-14,664.0,514.0,2.0,664.0,514.0,1.0,,-1.0|0.0|1.0,True,0.04944511875510216,1.0,0.04910432547330856,0.9040395617485046,,True
permanent:train:sentinel_12_786_rural_28.615157317023456_40.18875410124223:bff360b75712,permanent,train,data/external/sen1floods11/permanent_splits/permanent_water_train_data.csv,169,data/external/sen1floods11/permanent_sar/sentinel_12_786_rural_28.615157317023456_40.18875410124223.tif,data/external/sen1floods11/permanent_mask/water_12_786_rural_28.615157317023456_40.18875410124223.tif,False,True,True,True,True,True,False,True,True,3.552713678800501e-15,668.0,514.0,2.0,668.0,514.0,1.0,,-1.0|0.0|1.0,True,0.0,1.0,0.0,0.930627703666687,,True
permanent:train:sentinel_12_789_high_density_25.16105737720532_35.32987234284967:bdad8e2d2fa9,permanent,train,data/external/sen1floods11/permanent_splits/permanent_water_train_data.csv,21,data/external/sen1floods11/permanent_sar/sentinel_12_789_high_density_25.16105737720532_35.32987234284967.tif,data/external/sen1floods11/permanent_mask/water_12_789_high_density_25.16105737720532_35.32987234284967.tif,False,True,True,True,True,True,False,True,True,7.105427357601002e-15,626.0,514.0,2.0,626.0,514.0,1.0,,-1.0|0.0|1.0|nan,False,0.40764620900154114,1.0,0.056761160492897034,1.0,,False
permanent:train:sentinel_12_789_rural_24.982385657094795_35.41088974988972:b1816f03e5bc,permanent,train,data/external/sen1floods11/permanent_splits/permanent_water_train_data.csv,471,data/external/sen1floods11/permanent_sar/sentinel_12_789_rural_24.982385657094795_35.41088974988972.tif,data/external/sen1floods11/permanent_mask/water_12_789_rural_24.982385657094795_35.41088974988972.tif,False,True,True,True,True,True,False,True,True,1.4210854715202004e-14,626.0,514.0,2.0,626.0,514.0,1.0,,-1.0|0.0|1.0,True,0.36744359135627747,1.0,0.0,1.0,,True
permanent:train:sentinel_12_790_rural_33.87407840822382_35.40498144099391:8ece0e185a81,permanent,train,data/external/sen1floods11/permanent_splits/permanent_water_train_data.csv,288,data/external/sen1floods11/permanent_sar/sentinel_12_790_rural_33.87407840822382_35.40498144099391.tif,data/external/sen1floods11/permanent_mask/water_12_790_rural_33.87407840822382_35.40498144099391.tif,False,True,True,True,True,True,False,True,True,1.4210854715202004e-14,626.0,513.0,2.0,626.0,513.0,1.0,,-1.0|0.0|1.0,True,0.27982041239738464,1.0,0.0,0.9049770832061768,,True
permanent:train:sentinel_12_791_high_density_35.78470956850325_35.51959371537062:7ebb6d1507bd,permanent,train,data/external/sen1floods11/permanent_splits/permanent_water_train_data.csv,357,data/external/sen1floods11/permanent_sar/sentinel_12_791_high_density_35.78470956850325_35.51959371537062.tif,data/external/sen1floods11/permanent_mask/water_12_791_high_density_35.78470956850325_35.51959371537062.tif,False,True,True,True,True,True,True,True,True,0.0,627.0,514.0,2.0,627.0,514.0,1.0,,-1.0|0.0|1.0|nan,False,0.03730844706296921,1.0,0.0,1.0,,False
permanent:train:sentinel_12_791_rural_31.179296491291705_36.83786005530609:02d53a236a75,permanent,train,data/external/sen1floods11/permanent_splits/permanent_water_train_data.csv,204,data/external/sen1floods11/permanent_sar/sentinel_12_791_rural_31.179296491291705_36.83786005530609.tif,data/external/sen1floods11/permanent_mask/water_12_791_rural_31.179296491291705_36.83786005530609.tif,False,True,True,True,True,True,False,True,True,1.4210854715202004e-14,638.0,514.0,2.0,638.0,514.0,1.0,,-1.0|0.0|1.0,True,0.13759583234786987,1.0,0.0,1.0,,True
permanent:train:sentinel_12_794_rural_17.373576279042148_43.10204088799529:f8d985ff81ba,permanent,train,data/external/sen1floods11/permanent_splits/permanent_water_train_data.csv,273,data/external/sen1floods11/permanent_sar/sentinel_12_794_rural_17.373576279042148_43.10204088799529.tif,data/external/sen1floods11/permanent_mask/water_12_794_rural_17.373576279042148_43.10204088799529.tif,False,True,True,True,True,True,False,True,True,3.552713678800501e-15,699.0,514.0,2.0,699.0,514.0,1.0,,-1.0|0.0|1.0,True,0.21942660212516785,1.0,0.038480423390865326,1.0,,True
permanent:train:sentinel_12_795_low_density_9.292829022795956_44.3364939645302:6eac22d9855a,permanent,train,data/external/sen1floods11/permanent_splits/permanent_water_train_data.csv,104,data/external/sen1floods11/permanent_sar/sentinel_12_795_low_density_9.292829022795956_44.3364939645302.tif,data/external/sen1floods11/permanent_mask/water_12_795_low_density_9.292829022795956_44.3364939645302.tif,False,True,True,True,True,True,False,True,True,1.4210854715202004e-14,714.0,514.0,2.0,714.0,514.0,1.0,,-1.0|0.0|1.0|nan,False,0.06617113202810287,1.0,0.0,1.0,,False
permanent:train:sentinel_12_797_high_density_15.264644435814922_32.32062570142645:74a91a839444,permanent,train,data/external/sen1floods11/permanent_splits/permanent_water_train_data.csv,438,data/external/sen1floods11/permanent_sar/sentinel_12_797_high_density_15.264644435814922_32.32062570142645.tif,data/external/sen1floods11/permanent_mask/water_12_797_high_density_15.264644435814922_32.32062570142645.tif,False,True,True,True,True,True,False,True,True,1.2434497875801753e-14,604.0,514.0,2.0,604.0,514.0,1.0,,-1.0|0.0|1.0|nan,False,0.0,1.0,0.0,1.0,,False
permanent:train:sentinel_12_797_low_density_12.79755313687387_32.77575276864851:1e703e75d3a3,permanent,train,data/external/sen1floods11/permanent_splits/permanent_water_train_data.csv,348,data/external/sen1floods11/permanent_sar/sentinel_12_797_low_density_12.79755313687387_32.77575276864851.tif,data/external/sen1floods11/permanent_mask/water_12_797_low_density_12.79755313687387_32.77575276864851.tif,False,True,True,True,True,True,False,True,True,3.552713678800501e-15,607.0,514.0,2.0,607.0,514.0,1.0,,-1.0|0.0|1.0,True,0.45303457975387573,1.0,0.011172585189342499,1.0,,True
permanent:train:sentinel_12_797_rural_12.551745191302663_32.77118664916978:b5fde148285c,permanent,train,data/external/sen1floods11/permanent_splits/permanent_water_train_data.csv,118,data/external/sen1floods11/permanent_sar/sentinel_12_797_rural_12.551745191302663_32.77118664916978.tif,data/external/sen1floods11/permanent_mask/water_12_797_rural_12.551745191302663_32.77118664916978.tif,False,True,True,True,True,True,False,True,True,1.0658141036401503e-14,607.0,514.0,2.0,607.0,514.0,1.0,,0.0,True,0.48119333386421204,1.0,0.03693920001387596,1.0,,True
permanent:train:sentinel_12_798_low_density_-2.9605621761216963_35.25970838777369:a895d5535e99,permanent,train,data/external/sen1floods11/permanent_splits/permanent_water_train_data.csv,183,data/external/sen1floods11/permanent_sar/sentinel_12_798_low_density_-2.9605621761216963_35.25970838777369.tif,data/external/sen1floods11/permanent_mask/water_12_798_low_density_-2.9605621761216963_35.25970838777369.tif,False,True,True,True,True,True,False,True,True,7.105427357601002e-15,625.0,514.0,2.0,625.0,514.0,1.0,,-1.0|0.0|1.0,True,0.0,1.0,0.0,1.0,,True
permanent:train:sentinel_12_798_rural_-3.466741491304659_35.189562269101934:805da4bfc79a,permanent,train,data/external/sen1floods11/permanent_splits/permanent_water_train_data.csv,200,data/external/sen1floods11/permanent_sar/sentinel_12_798_rural_-3.466741491304659_35.189562269101934.tif,data/external/sen1floods11/permanent_mask/water_12_798_rural_-3.466741491304659_35.189562269101934.tif,False,True,True,True,True,True,False,True,True,3.1086244689504383e-15,624.0,513.0,2.0,624.0,513.0,1.0,,-1.0|0.0|1.0,True,0.2619434893131256,1.0,0.0009936537826433778,1.0,,True
permanent:train:sentinel_12_798_rural_3.2926135951675968_36.78893479854769:ac367281c66f,permanent,train,data/external/sen1floods11/permanent_splits/permanent_water_train_data.csv,323,data/external/sen1floods11/permanent_sar/sentinel_12_798_rural_3.2926135951675968_36.78893479854769.tif,data/external/sen1floods11/permanent_mask/water_12_798_rural_3.2926135951675968_36.78893479854769.tif,False,True,True,True,True,True,False,True,True,1.9539925233402755e-14,637.0,513.0,2.0,637.0,513.0,1.0,,-1.0|0.0|1.0,True,0.03479786589741707,1.0,0.0,1.0,,True
permanent:train:sentinel_12_799_low_density_5.038645958261185_43.507899347677835:6762753a4c6a,permanent,train,data/external/sen1floods11/permanent_splits/permanent_water_train_data.csv,181,data/external/sen1floods11/permanent_sar/sentinel_12_799_low_density_5.038645958261185_43.507899347677835.tif,data/external/sen1floods11/permanent_mask/water_12_799_low_density_5.038645958261185_43.507899347677835.tif,False,True,True,True,True,True,False,True,True,2.6645352591003757e-15,703.0,514.0,2.0,703.0,514.0,1.0,,-1.0|0.0|1.0,True,0.13374975323677063,1.0,0.0,0.8545135259628296,,True
permanent:train:sentinel_12_799_low_density_6.6388701760081466_43.2606957034769:eefdc811d8a0,permanent,train,data/external/sen1floods11/permanent_splits/permanent_water_train_data.csv,26,data/external/sen1floods11/permanent_sar/sentinel_12_799_low_density_6.6388701760081466_43.2606957034769.tif,data/external/sen1floods11/permanent_mask/water_12_799_low_density_6.6388701760081466_43.2606957034769.tif,False,True,True,True,True,True,False,True,True,7.105427357601002e-15,700.0,514.0,2.0,700.0,514.0,1.0,,-1.0|0.0|1.0,True,0.4183914065361023,1.0,0.03150446340441704,1.0,,True
permanent:train:sentinel_12_799_rural_3.206637667756107_41.94238923163196:16a7cc5f6fef,permanent,train,data/external/sen1floods11/permanent_splits/permanent_water_train_data.csv,406,data/external/sen1floods11/permanent_sar/sentinel_12_799_rural_3.206637667756107_41.94238923163196.tif,data/external/sen1floods11/permanent_mask/water_12_799_rural_3.206637667756107_41.94238923163196.tif,False,True,True,True,True,True,False,True,True,7.105427357601002e-15,686.0,513.0,2.0,686.0,513.0,1.0,,-1.0|0.0|1.0,True,0.26677411794662476,1.0,0.019294004887342453,1.0,,True
permanent:train:sentinel_12_801_low_density_20.671527418170722_41.153279954607854:e09613a4a4fb,permanent,train,data/external/sen1floods11/permanent_splits/permanent_water_train_data.csv,321,data/external/sen1floods11/permanent_sar/sentinel_12_801_low_density_20.671527418170722_41.153279954607854.tif,data/external/sen1floods11/permanent_mask/water_12_801_low_density_20.671527418170722_41.153279954607854.tif,False,True,True,True,True,True,True,True,True,0.0,678.0,514.0,2.0,678.0,514.0,1.0,,-1.0|0.0|1.0,True,0.3075171113014221,1.0,0.011124113574624062,1.0,,True
permanent:train:sentinel_12_803_rural_-1.6508305556025193_37.37379941091976:f79d1a1f4fe9,permanent,train,data/external/sen1floods11/permanent_splits/permanent_water_train_data.csv,150,data/external/sen1floods11/permanent_sar/sentinel_12_803_rural_-1.6508305556025193_37.37379941091976.tif,data/external/sen1floods11/permanent_mask/water_12_803_rural_-1.6508305556025193_37.37379941091976.tif,False,True,True,True,True,True,False,True,True,2.1094237467877974e-14,643.0,514.0,2.0,643.0,514.0,1.0,,-1.0|0.0|1.0|nan,False,0.04080548882484436,1.0,0.04059968888759613,1.0,,False
permanent:train:sentinel_12_805_rural_-5.289394587799609_36.25872092868665:cca121830a47,permanent,train,data/external/sen1floods11/permanent_splits/permanent_water_train_data.csv,315,data/external/sen1floods11/permanent_sar/sentinel_12_805_rural_-5.289394587799609_36.25872092868665.tif,data/external/sen1floods11/permanent_mask/water_12_805_rural_-5.289394587799609_36.25872092868665.tif,False,True,True,True,True,True,False,True,True,1.7763568394002505e-15,633.0,514.0,2.0,633.0,514.0,1.0,,-1.0|0.0|1.0,True,0.4526675343513489,1.0,0.0,1.0,,True
permanent:train:sentinel_12_806_low_density_12.679841787265003_37.59692390943208:321ceb0be7c1,permanent,train,data/external/sen1floods11/permanent_splits/permanent_water_train_data.csv,327,data/external/sen1floods11/permanent_sar/sentinel_12_806_low_density_12.679841787265003_37.59692390943208.tif,data/external/sen1floods11/permanent_mask/water_12_806_low_density_12.679841787265003_37.59692390943208.tif,False,True,True,True,True,True,False,True,True,1.2434497875801753e-14,644.0,514.0,2.0,644.0,514.0,1.0,,-1.0|0.0|1.0,True,0.3632393181324005,1.0,0.048062559217214584,0.9731325507164001,,True
permanent:train:sentinel_12_806_low_density_13.220008370677329_38.15191700384711:61e29e935805,permanent,train,data/external/sen1floods11/permanent_splits/permanent_water_train_data.csv,199,data/external/sen1floods11/permanent_sar/sentinel_12_806_low_density_13.220008370677329_38.15191700384711.tif,data/external/sen1floods11/permanent_mask/water_12_806_low_density_13.220008370677329_38.15191700384711.tif,False,True,True,True,True,True,False,True,True,1.5987211554602254e-14,648.0,514.0,2.0,648.0,514.0,1.0,,-1.0|0.0|1.0,True,0.04326527565717697,1.0,0.01521383598446846,1.0,,True
permanent:train:sentinel_12_806_low_density_14.496760479805225_40.59547316742808:8bf6b250ce47,permanent,train,data/external/sen1floods11/permanent_splits/permanent_water_train_data.csv,451,data/external/sen1floods11/permanent_sar/sentinel_12_806_low_density_14.496760479805225_40.59547316742808.tif,data/external/sen1floods11/permanent_mask/water_12_806_low_density_14.496760479805225_40.59547316742808.tif,False,True,True,True,True,True,False,True,True,7.105427357601002e-15,672.0,514.0,2.0,672.0,514.0,1.0,,-1.0|0.0|1.0,True,0.024804584681987762,1.0,0.0,1.0,,True
permanent:train:sentinel_12_806_low_density_17.426421085626544_40.32802074534345:25d48c4892a6,permanent,train,data/external/sen1floods11/permanent_splits/permanent_water_train_data.csv,67,data/external/sen1floods11/permanent_sar/sentinel_12_806_low_density_17.426421085626544_40.32802074534345.tif,data/external/sen1floods11/permanent_mask/water_12_806_low_density_17.426421085626544_40.32802074534345.tif,False,True,True,True,True,True,False,True,True,1.4210854715202004e-14,669.0,513.0,2.0,669.0,513.0,1.0,,-1.0|0.0|1.0,True,0.0,1.0,0.0,0.8976761102676392,,True
permanent:train:sentinel_12_806_low_density_9.457579429417624_42.63138723090513:2e216d3943ab,permanent,train,data/external/sen1floods11/permanent_splits/permanent_water_train_data.csv,168,data/external/sen1floods11/permanent_sar/sentinel_12_806_low_density_9.457579429417624_42.63138723090513.tif,data/external/sen1floods11/permanent_mask/water_12_806_low_density_9.457579429417624_42.63138723090513.tif,False,True,True,True,True,True,False,True,True,2.3092638912203256e-14,694.0,513.0,2.0,694.0,513.0,1.0,,-1.0|0.0|1.0,True,0.05837955325841904,1.0,0.0,1.0,,True
permanent:train:sentinel_12_806_rural_14.419791936521696_44.89375228228038:7aab54fb71ad,permanent,train,data/external/sen1floods11/permanent_splits/permanent_water_train_data.csv,232,data/external/sen1floods11/permanent_sar/sentinel_12_806_rural_14.419791936521696_44.89375228228038.tif,data/external/sen1floods11/permanent_mask/water_12_806_rural_14.419791936521696_44.89375228228038.tif,False,True,True,True,True,True,False,True,True,1.7763568394002505e-15,720.0,514.0,2.0,720.0,514.0,1.0,,-1.0|0.0|1.0,True,0.0,1.0,0.0,0.962816059589386,,True
permanent:train:sentinel_12_89_rural_17.917488507339375_-32.73284729831226:c0c6d1fe7413,permanent,train,data/external/sen1floods11/permanent_splits/permanent_water_train_data.csv,30,data/external/sen1floods11/permanent_sar/sentinel_12_89_rural_17.917488507339375_-32.73284729831226.tif,data/external/sen1floods11/permanent_mask/water_12_89_rural_17.917488507339375_-32.73284729831226.tif,False,True,True,True,True,True,False,True,True,7.105427357601002e-15,606.0,514.0,2.0,606.0,514.0,1.0,,-1.0|0.0|1.0,True,0.10297413170337677,1.0,0.0,0.9820830225944519,,True
permanent:train:sentinel_13_101_inhabited_25.581630870364226_-30.620080628179053:f320a2a6baf5,permanent,train,data/external/sen1floods11/permanent_splits/permanent_water_train_data.csv,90,data/external/sen1floods11/permanent_sar/sentinel_13_101_inhabited_25.581630870364226_-30.620080628179053.tif,data/external/sen1floods11/permanent_mask/water_13_101_inhabited_25.581630870364226_-30.620080628179053.tif,False,True,True,True,True,True,False,True,True,7.105427357601002e-15,593.0,514.0,2.0,593.0,514.0,1.0,,-1.0|0.0|1.0,True,0.22969408333301544,1.0,0.0,0.9007195234298706,,True
permanent:train:sentinel_13_102_inhabited_17.585263183352385_-30.84089085324464:fb6e707b97c6,permanent,train,data/external/sen1floods11/permanent_splits/permanent_water_train_data.csv,270,data/external/sen1floods11/permanent_sar/sentinel_13_102_inhabited_17.585263183352385_-30.84089085324464.tif,data/external/sen1floods11/permanent_mask/water_13_102_inhabited_17.585263183352385_-30.84089085324464.tif,False,True,True,True,True,True,False,True,True,1.7763568394002505e-14,595.0,514.0,2.0,595.0,514.0,1.0,,-1.0|0.0|1.0|nan,False,0.03395453095436096,1.0,0.0,0.812947154045105,,False
permanent:train:sentinel_13_105_inhabited_53.51915197759867_12.402374224214334:7e2869aab0e2,permanent,train,data/external/sen1floods11/permanent_splits/permanent_water_train_data.csv,185,data/external/sen1floods11/permanent_sar/sentinel_13_105_inhabited_53.51915197759867_12.402374224214334.tif,data/external/sen1floods11/permanent_mask/water_13_105_inhabited_53.51915197759867_12.402374224214334.tif,False,True,True,True,True,True,False,True,True,1.4210854715202004e-14,522.0,514.0,2.0,522.0,514.0,1.0,,-1.0|0.0|1.0,True,0.3005581200122833,1.0,0.0,0.9685328602790833,,True
permanent:train:sentinel_13_106_rural_51.23629289778179_11.653419152176511:c3311705df48,permanent,train,data/external/sen1floods11/permanent_splits/permanent_water_train_data.csv,3,data/external/sen1floods11/permanent_sar/sentinel_13_106_rural_51.23629289778179_11.653419152176511.tif,data/external/sen1floods11/permanent_mask/water_13_106_rural_51.23629289778179_11.653419152176511.tif,False,True,True,True,True,True,False,True,True,3.552713678800501e-15,521.0,514.0,2.0,521.0,514.0,1.0,,-1.0|0.0|1.0,True,0.04303732141852379,1.0,0.0,0.9942384958267212,,True
permanent:train:sentinel_13_207_inhabited_115.32149885837102_-20.856602407393993:5ed1dfc0d1c7,permanent,train,data/external/sen1floods11/permanent_splits/permanent_water_train_data.csv,377,data/external/sen1floods11/permanent_sar/sentinel_13_207_inhabited_115.32149885837102_-20.856602407393993.tif,data/external/sen1floods11/permanent_mask/water_13_207_inhabited_115.32149885837102_-20.856602407393993.tif,False,True,True,True,True,True,False,True,True,2.842170943040401e-14,547.0,513.0,2.0,547.0,513.0,1.0,,-1.0|0.0|1.0,True,0.2751075327396393,0.9453606605529785,0.0,0.8399890661239624,,True
permanent:train:sentinel_13_207_inhabited_115.54685736651115_-20.4423875923373:629ee05ff98c,permanent,train,data/external/sen1floods11/permanent_splits/permanent_water_train_data.csv,110,data/external/sen1floods11/permanent_sar/sentinel_13_207_inhabited_115.54685736651115_-20.4423875923373.tif,data/external/sen1floods11/permanent_mask/water_13_207_inhabited_115.54685736651115_-20.4423875923373.tif,False,True,True,True,True,True,False,True,True,4.263256414560601e-14,545.0,513.0,2.0,545.0,513.0,1.0,,-1.0|0.0|1.0,True,0.11971890181303024,0.9693955779075623,0.0,0.8086967468261719,,True
permanent:train:sentinel_13_212_inhabited_131.4264430513036_-31.544010825554093:b6d8e0c71ebf,permanent,train,data/external/sen1floods11/permanent_splits/permanent_water_train_data.csv,488,data/external/sen1floods11/permanent_sar/sentinel_13_212_inhabited_131.4264430513036_-31.544010825554093.tif,data/external/sen1floods11/permanent_mask/water_13_212_inhabited_131.4264430513036_-31.544010825554093.tif,False,True,True,True,True,True,False,True,True,2.842170943040401e-14,598.0,514.0,2.0,598.0,514.0,1.0,,-1.0|0.0|1.0,True,0.06402918696403503,0.9380241632461548,0.0,0.748910129070282,,True
permanent:train:sentinel_13_213_inhabited_116.17711562760726_-20.942101210992767:7450b9165857,permanent,train,data/external/sen1floods11/permanent_splits/permanent_water_train_data.csv,253,data/external/sen1floods11/permanent_sar/sentinel_13_213_inhabited_116.17711562760726_-20.942101210992767.tif,data/external/sen1floods11/permanent_mask/water_13_213_inhabited_116.17711562760726_-20.942101210992767.tif,False,True,True,True,True,True,False,True,True,3.552713678800501e-15,546.0,514.0,2.0,546.0,514.0,1.0,,-1.0|0.0|1.0,True,0.17282868921756744,0.9743890166282654,0.0,0.7840489745140076,,True
permanent:train:sentinel_13_315_inhabited_79.75135231435749_9.069856133719451:121026c57fcc,permanent,train,data/external/sen1floods11/permanent_splits/permanent_water_train_data.csv,37,data/external/sen1floods11/permanent_sar/sentinel_13_315_inhabited_79.75135231435749_9.069856133719451.tif,data/external/sen1floods11/permanent_mask/water_13_315_inhabited_79.75135231435749_9.069856133719451.tif,False,True,True,True,True,True,False,True,True,5.329070518200751e-15,517.0,514.0,2.0,517.0,514.0,1.0,,-1.0|0.0|1.0,True,0.11899362504482269,1.0,0.0,0.8839945793151855,,True
permanent:train:sentinel_13_315_rural_79.95932032838915_9.626137908338933:83a3d642f986,permanent,train,data/external/sen1floods11/permanent_splits/permanent_water_train_data.csv,152,data/external/sen1floods11/permanent_sar/sentinel_13_315_rural_79.95932032838915_9.626137908338933.tif,data/external/sen1floods11/permanent_mask/water_13_315_rural_79.95932032838915_9.626137908338933.tif,False,True,True,True,True,True,False,True,True,8.881784197001252e-15,517.0,514.0,2.0,517.0,514.0,1.0,,-1.0|0.0|1.0,True,0.0,1.0,0.0,0.9094122648239136,,True
permanent:train:sentinel_13_316_rural_80.25336682915653_13.591210696972489:9c2a631aecca,permanent,train,data/external/sen1floods11/permanent_splits/permanent_water_train_data.csv,478,data/external/sen1floods11/permanent_sar/sentinel_13_316_rural_80.25336682915653_13.591210696972489.tif,data/external/sen1floods11/permanent_mask/water_13_316_rural_80.25336682915653_13.591210696972489.tif,False,True,True,True,True,True,False,True,True,1.4210854715202004e-14,525.0,514.0,2.0,525.0,514.0,1.0,,-1.0|0.0|1.0,True,0.0385950542986393,0.9326630234718323,0.04069868475198746,0.845180332660675,,True
permanent:train:sentinel_13_316_rural_81.34881188945131_16.32315030298296:d98545350cb4,permanent,train,data/external/sen1floods11/permanent_splits/permanent_water_train_data.csv,151,data/external/sen1floods11/permanent_sar/sentinel_13_316_rural_81.34881188945131_16.32315030298296.tif,data/external/sen1floods11/permanent_mask/water_13_316_rural_81.34881188945131_16.32315030298296.tif,False,True,True,True,True,True,False,True,True,1.4210854715202004e-14,532.0,513.0,2.0,532.0,513.0,1.0,,-1.0|0.0|1.0,True,0.03236282244324684,0.9810115694999695,0.0,0.8659098148345947,,True
permanent:train:sentinel_13_426_inhabited_-111.28446509693698_24.26158089000737:54be72126b6d,permanent,train,data/external/sen1floods11/permanent_splits/permanent_water_train_data.csv,332,data/external/sen1floods11/permanent_sar/sentinel_13_426_inhabited_-111.28446509693698_24.26158089000737.tif,data/external/sen1floods11/permanent_mask/water_13_426_inhabited_-111.28446509693698_24.26158089000737.tif,False,True,True,True,True,True,False,True,True,1.4210854715202004e-14,559.0,514.0,2.0,559.0,514.0,1.0,,-1.0|0.0|1.0,True,0.2035924643278122,0.8902884125709534,0.04890673607587814,0.7944402694702148,,True
permanent:train:sentinel_13_426_inhabited_-115.78033143856852_30.04754988932082:5ecd170ff8a4,permanent,train,data/external/sen1floods11/permanent_splits/permanent_water_train_data.csv,42,data/external/sen1floods11/permanent_sar/sentinel_13_426_inhabited_-115.78033143856852_30.04754988932082.tif,data/external/sen1floods11/permanent_mask/water_13_426_inhabited_-115.78033143856852_30.04754988932082.tif,False,True,True,True,True,True,False,True,True,1.4210854715202004e-14,590.0,514.0,2.0,590.0,514.0,1.0,,-1.0|0.0|1.0,True,0.20275548100471497,1.0,0.0562107227742672,0.9382297992706299,,True
permanent:train:sentinel_13_426_rural_-110.98184820394486_24.053746649007316:4e640829c98b,permanent,train,data/external/sen1floods11/permanent_splits/permanent_water_train_data.csv,143,data/external/sen1floods11/permanent_sar/sentinel_13_426_rural_-110.98184820394486_24.053746649007316.tif,data/external/sen1floods11/permanent_mask/water_13_426_rural_-110.98184820394486_24.053746649007316.tif,False,True,True,True,True,True,False,True,True,1.4210854715202004e-14,559.0,514.0,2.0,559.0,514.0,1.0,,-1.0|0.0|1.0,True,0.05182876065373421,0.9452136158943176,0.0,0.8303107023239136,,True
permanent:train:sentinel_13_430_rural_-118.94816600895757_37.946579859436994:47786334c4c9,permanent,train,data/external/sen1floods11/permanent_splits/permanent_water_train_data.csv,397,data/external/sen1floods11/permanent_sar/sentinel_13_430_rural_-118.94816600895757_37.946579859436994.tif,data/external/sen1floods11/permanent_mask/water_13_430_rural_-118.94816600895757_37.946579859436994.tif,False,True,True,True,True,True,False,True,True,1.4210854715202004e-14,647.0,513.0,2.0,647.0,513.0,1.0,,-1.0|0.0|1.0,True,0.0,0.8648096323013306,0.0,0.7237642407417297,,True
permanent:train:sentinel_13_431_inhabited_-110.8264752868386_25.633962880327466:4f9db5827eff,permanent,train,data/external/sen1floods11/permanent_splits/permanent_water_train_data.csv,266,data/external/sen1floods11/permanent_sar/sentinel_13_431_inhabited_-110.8264752868386_25.633962880327466.tif,data/external/sen1floods11/permanent_mask/water_13_431_inhabited_-110.8264752868386_25.633962880327466.tif,False,True,True,True,True,True,True,True,True,0.0,566.0,514.0,2.0,566.0,514.0,1.0,,-1.0|0.0|1.0,True,0.1678558588027954,1.0,0.05594922602176666,0.8709142804145813,,True
permanent:train:sentinel_13_435_inhabited_-112.54067412751165_28.85688964423181:209a0a7fb7a8,permanent,train,data/external/sen1floods11/permanent_splits/permanent_water_train_data.csv,356,data/external/sen1floods11/permanent_sar/sentinel_13_435_inhabited_-112.54067412751165_28.85688964423181.tif,data/external/sen1floods11/permanent_mask/water_13_435_inhabited_-112.54067412751165_28.85688964423181.tif,False,True,True,True,True,True,False,True,True,3.552713678800501e-15,583.0,513.0,2.0,583.0,513.0,1.0,,-1.0|0.0|1.0,True,0.2169937938451767,1.0,0.0,0.9484395980834961,,True
permanent:train:sentinel_13_435_inhabited_-113.12211415027465_31.05412506562042:19a1129d5405,permanent,train,data/external/sen1floods11/permanent_splits/permanent_water_train_data.csv,16,data/external/sen1floods11/permanent_sar/sentinel_13_435_inhabited_-113.12211415027465_31.05412506562042.tif,data/external/sen1floods11/permanent_mask/water_13_435_inhabited_-113.12211415027465_31.05412506562042.tif,False,True,True,True,True,True,False,True,True,1.4210854715202004e-14,596.0,514.0,2.0,596.0,514.0,1.0,,-1.0|0.0|1.0,True,0.0,1.0,0.0,0.8086377382278442,,True
permanent:train:sentinel_13_597_high_density_-63.788207534924474_10.99300399065591:9985c9783a2e,permanent,train,data/external/sen1floods11/permanent_splits/permanent_water_train_data.csv,329,data/external/sen1floods11/permanent_sar/sentinel_13_597_high_density_-63.788207534924474_10.99300399065591.tif,data/external/sen1floods11/permanent_mask/water_13_597_high_density_-63.788207534924474_10.99300399065591.tif,False,True,True,True,True,True,True,True,True,0.0,520.0,514.0,2.0,520.0,514.0,1.0,,-1.0|0.0|1.0|nan,False,0.31291598081588745,1.0,0.0,1.0,,False
permanent:train:sentinel_13_597_rural_-63.858906582126856_11.13171324712545:693e492e3130,permanent,train,data/external/sen1floods11/permanent_splits/permanent_water_train_data.csv,164,data/external/sen1floods11/permanent_sar/sentinel_13_597_rural_-63.858906582126856_11.13171324712545.tif,data/external/sen1floods11/permanent_mask/water_13_597_rural_-63.858906582126856_11.13171324712545.tif,False,True,True,True,True,True,False,True,True,7.105427357601002e-15,520.0,514.0,2.0,520.0,514.0,1.0,,-1.0|0.0|1.0,True,0.0,1.0,0.0,0.9430176019668579,,True
permanent:train:sentinel_13_597_rural_-64.37010238599495_10.993704069521302:668e945925f7,permanent,train,data/external/sen1floods11/permanent_splits/permanent_water_train_data.csv,447,data/external/sen1floods11/permanent_sar/sentinel_13_597_rural_-64.37010238599495_10.993704069521302.tif,data/external/sen1floods11/permanent_mask/water_13_597_rural_-64.37010238599495_10.993704069521302.tif,False,True,True,True,True,True,False,True,True,8.881784197001252e-15,520.0,513.0,2.0,520.0,513.0,1.0,,-1.0|0.0|1.0,True,0.1662704050540924,1.0,0.0,0.949982762336731,,True
permanent:train:sentinel_13_599_low_density_-60.93426246499067_14.07841207807198:6c7ebc870d26,permanent,train,data/external/sen1floods11/permanent_splits/permanent_water_train_data.csv,220,data/external/sen1floods11/permanent_sar/sentinel_13_599_low_density_-60.93426246499067_14.07841207807198.tif,data/external/sen1floods11/permanent_mask/water_13_599_low_density_-60.93426246499067_14.07841207807198.tif,False,True,True,True,True,True,False,True,True,7.105427357601002e-15,526.0,514.0,2.0,526.0,514.0,1.0,,-1.0|0.0|1.0,True,0.40759655833244324,1.0,0.05679434910416603,1.0,,True
permanent:train:sentinel_13_599_rural_-61.197978160392516_13.13017532085461:21c65eb1798f,permanent,train,data/external/sen1floods11/permanent_splits/permanent_water_train_data.csv,331,data/external/sen1floods11/permanent_sar/sentinel_13_599_rural_-61.197978160392516_13.13017532085461.tif,data/external/sen1floods11/permanent_mask/water_13_599_rural_-61.197978160392516_13.13017532085461.tif,False,True,True,True,True,True,False,True,True,7.105427357601002e-15,524.0,513.0,2.0,524.0,513.0,1.0,,-1.0|0.0|1.0,True,0.3506229817867279,1.0,0.0,1.0,,True
permanent:train:sentinel_13_599_rural_-64.76319443936147_18.33583690907261:def24dd8ab14,permanent,train,data/external/sen1floods11/permanent_splits/permanent_water_train_data.csv,392,data/external/sen1floods11/permanent_sar/sentinel_13_599_rural_-64.76319443936147_18.33583690907261.tif,data/external/sen1floods11/permanent_mask/water_13_599_rural_-64.76319443936147_18.33583690907261.tif,False,True,True,True,True,True,False,True,True,3.552713678800501e-15,538.0,514.0,2.0,538.0,514.0,1.0,,-1.0|0.0|1.0,True,0.19195064902305603,1.0,0.03957716375589371,1.0,,True
permanent:train:sentinel_13_601_inhabited_-90.44359439805953_0.35473486610478006:b07f3e059e62,permanent,train,data/external/sen1floods11/permanent_splits/permanent_water_train_data.csv,330,data/external/sen1floods11/permanent_sar/sentinel_13_601_inhabited_-90.44359439805953_0.35473486610478006.tif,data/external/sen1floods11/permanent_mask/water_13_601_inhabited_-90.44359439805953_0.35473486610478006.tif,False,True,True,True,True,True,False,True,True,1.4210854715202004e-14,510.0,514.0,2.0,510.0,514.0,1.0,,-1.0|0.0|1.0,True,0.28830310702323914,1.0,0.05646585673093796,0.9163416028022766,,True
permanent:train:sentinel_13_601_inhabited_-90.58134048870153_-0.26944118115446714:3ecafcf37342,permanent,train,data/external/sen1floods11/permanent_splits/permanent_water_train_data.csv,464,data/external/sen1floods11/permanent_sar/sentinel_13_601_inhabited_-90.58134048870153_-0.26944118115446714.tif,data/external/sen1floods11/permanent_mask/water_13_601_inhabited_-90.58134048870153_-0.26944118115446714.tif,False,True,True,True,True,True,False,True,True,1.4210854715202004e-14,511.0,514.0,2.0,511.0,514.0,1.0,,-1.0|0.0|1.0,True,0.2746461033821106,1.0,0.05650966241955757,0.8445054292678833,,True
permanent:train:sentinel_13_601_inhabited_-90.7192337296783_0.5626315345195873:1db33bd73416,permanent,train,data/external/sen1floods11/permanent_splits/permanent_water_train_data.csv,88,data/external/sen1floods11/permanent_sar/sentinel_13_601_inhabited_-90.7192337296783_0.5626315345195873.tif,data/external/sen1floods11/permanent_mask/water_13_601_inhabited_-90.7192337296783_0.5626315345195873.tif,False,True,True,True,True,True,False,True,True,1.2212453270876722e-15,511.0,514.0,2.0,511.0,514.0,1.0,,-1.0|0.0|1.0,True,0.3911794424057007,1.0,0.0,0.9366528391838074,,True
permanent:train:sentinel_13_602_inhabited_-74.85805521403442_11.059935097468133:41fbc8f95faa,permanent,train,data/external/sen1floods11/permanent_splits/permanent_water_train_data.csv,398,data/external/sen1floods11/permanent_sar/sentinel_13_602_inhabited_-74.85805521403442_11.059935097468133.tif,data/external/sen1floods11/permanent_mask/water_13_602_inhabited_-74.85805521403442_11.059935097468133.tif,False,True,True,True,True,True,False,True,True,8.881784197001252e-15,520.0,514.0,2.0,520.0,514.0,1.0,,-1.0|0.0|1.0,True,0.057644594460725784,1.0,0.0,0.9589728713035583,,True
permanent:train:sentinel_13_606_inhabited_-70.27111619248731_11.317604251841502:4d9079d2e4f1,permanent,train,data/external/sen1floods11/permanent_splits/permanent_water_train_data.csv,19,data/external/sen1floods11/permanent_sar/sentinel_13_606_inhabited_-70.27111619248731_11.317604251841502.tif,data/external/sen1floods11/permanent_mask/water_13_606_inhabited_-70.27111619248731_11.317604251841502.tif,False,True,True,True,True,True,False,True,True,1.4210854715202004e-14,520.0,514.0,2.0,520.0,514.0,1.0,,-1.0|0.0|1.0,True,0.34974631667137146,0.9511849284172058,0.0,0.8326666355133057,,True
permanent:train:sentinel_13_608_high_density_-77.0677359864632_-12.103476221500804:99e50aa2e852,permanent,train,data/external/sen1floods11/permanent_splits/permanent_water_train_data.csv,400,data/external/sen1floods11/permanent_sar/sentinel_13_608_high_density_-77.0677359864632_-12.103476221500804.tif,data/external/sen1floods11/permanent_mask/water_13_608_high_density_-77.0677359864632_-12.103476221500804.tif,False,True,True,True,True,True,False,True,True,1.4210854715202004e-14,522.0,514.0,2.0,522.0,514.0,1.0,,-1.0|0.0|1.0,True,0.00023551873164251447,1.0,0.0,1.0,,True
permanent:train:sentinel_13_608_high_density_-77.20879073008686_-12.102388200843764:10270b0c6c48,permanent,train,data/external/sen1floods11/permanent_splits/permanent_water_train_data.csv,297,data/external/sen1floods11/permanent_sar/sentinel_13_608_high_density_-77.20879073008686_-12.102388200843764.tif,data/external/sen1floods11/permanent_mask/water_13_608_high_density_-77.20879073008686_-12.102388200843764.tif,False,True,True,True,True,True,False,True,True,1.4210854715202004e-14,522.0,514.0,2.0,522.0,514.0,1.0,,-1.0|0.0|1.0,True,0.037688128650188446,1.0,0.03763463720679283,0.9111490845680237,,True
permanent:train:sentinel_13_608_inhabited_-77.86146043307762_-10.664069483246365:74059f6d94ff,permanent,train,data/external/sen1floods11/permanent_splits/permanent_water_train_data.csv,317,data/external/sen1floods11/permanent_sar/sentinel_13_608_inhabited_-77.86146043307762_-10.664069483246365.tif,data/external/sen1floods11/permanent_mask/water_13_608_inhabited_-77.86146043307762_-10.664069483246365.tif,False,True,True,True,True,True,False,True,True,1.4210854715202004e-14,519.0,514.0,2.0,519.0,514.0,1.0,,-1.0|0.0|1.0,True,0.04900272190570831,0.9915259480476379,0.050542201846838,0.7992765307426453,,True
permanent:train:sentinel_13_809_rural_35.47889550005583_31.58964526573506:a5084a9e02c6,permanent,train,data/external/sen1floods11/permanent_splits/permanent_water_train_data.csv,473,data/external/sen1floods11/permanent_sar/sentinel_13_809_rural_35.47889550005583_31.58964526573506.tif,data/external/sen1floods11/permanent_mask/water_13_809_rural_35.47889550005583_31.58964526573506.tif,False,True,True,True,True,True,False,True,True,7.105427357601002e-15,599.0,514.0,2.0,599.0,514.0,1.0,,1.0,True,0.05062711611390114,0.6760724186897278,0.0,0.5549307465553284,,True
permanent:train:sentinel_13_811_inhabited_52.16149393895706_23.956074499532637:b9836b325d21,permanent,train,data/external/sen1floods11/permanent_splits/permanent_water_train_data.csv,354,data/external/sen1floods11/permanent_sar/sentinel_13_811_inhabited_52.16149393895706_23.956074499532637.tif,data/external/sen1floods11/permanent_mask/water_13_811_inhabited_52.16149393895706_23.956074499532637.tif,False,True,True,True,True,True,False,True,True,7.105427357601002e-15,559.0,514.0,2.0,559.0,514.0,1.0,,-1.0|0.0|1.0,True,0.0572737492620945,1.0,0.0,0.9547582268714905,,True
permanent:train:sentinel_13_817_inhabited_58.64659647423817_45.7664117357429:076eeee39e1d,permanent,train,data/external/sen1floods11/permanent_splits/permanent_water_train_data.csv,404,data/external/sen1floods11/permanent_sar/sentinel_13_817_inhabited_58.64659647423817_45.7664117357429.tif,data/external/sen1floods11/permanent_mask/water_13_817_inhabited_58.64659647423817_45.7664117357429.tif,False,True,True,True,True,True,False,True,True,7.105427357601002e-15,731.0,513.0,2.0,731.0,513.0,1.0,,-1.0|0.0|1.0,True,0.0,1.0,0.0,0.8479901552200317,,True
permanent:train:sentinel_13_817_inhabited_73.80927910536501_46.18645459587645:0379c0f1d120,permanent,train,data/external/sen1floods11/permanent_splits/permanent_water_train_data.csv,435,data/external/sen1floods11/permanent_sar/sentinel_13_817_inhabited_73.80927910536501_46.18645459587645.tif,data/external/sen1floods11/permanent_mask/water_13_817_inhabited_73.80927910536501_46.18645459587645.tif,False,True,True,True,True,True,False,True,True,1.4210854715202004e-14,737.0,514.0,2.0,737.0,514.0,1.0,,-1.0|0.0|1.0,True,0.09940734505653381,0.9250699281692505,0.0,0.7942654490470886,,True
permanent:train:sentinel_13_821_inhabited_57.67932827372471_19.751338406579524:dc6cb7406f86,permanent,train,data/external/sen1floods11/permanent_splits/permanent_water_train_data.csv,376,data/external/sen1floods11/permanent_sar/sentinel_13_821_inhabited_57.67932827372471_19.751338406579524.tif,data/external/sen1floods11/permanent_mask/water_13_821_inhabited_57.67932827372471_19.751338406579524.tif,False,True,True,True,True,True,False,True,True,2.1316282072803006e-14,542.0,514.0,2.0,542.0,514.0,1.0,,-1.0|0.0|1.0,True,0.11385468393564224,1.0,0.04097498208284378,0.8304300904273987,,True
permanent:train:sentinel_13_821_inhabited_58.99735828130433_21.244468394325878:56b54cbb7224,permanent,train,data/external/sen1floods11/permanent_splits/permanent_water_train_data.csv,76,data/external/sen1floods11/permanent_sar/sentinel_13_821_inhabited_58.99735828130433_21.244468394325878.tif,data/external/sen1floods11/permanent_mask/water_13_821_inhabited_58.99735828130433_21.244468394325878.tif,False,True,True,True,True,True,True,True,True,0.0,548.0,514.0,2.0,548.0,514.0,1.0,,-1.0|0.0|1.0|nan,False,0.03448796644806862,1.0,0.0,0.7101843357086182,,False
permanent:train:sentinel_13_826_inhabited_92.33536801998393_50.29058890996277:cd0764955f72,permanent,train,data/external/sen1floods11/permanent_splits/permanent_water_train_data.csv,25,data/external/sen1floods11/permanent_sar/sentinel_13_826_inhabited_92.33536801998393_50.29058890996277.tif,data/external/sen1floods11/permanent_mask/water_13_826_inhabited_92.33536801998393_50.29058890996277.tif,False,True,True,True,True,True,True,True,True,0.0,799.0,514.0,2.0,799.0,514.0,1.0,,-1.0|0.0|1.0|nan,False,0.027625923976302147,0.8562811017036438,0.0,0.7334121465682983,,False
permanent:train:sentinel_13_826_inhabited_93.01120275294736_50.23529605690004:f545585ca0d3,permanent,train,data/external/sen1floods11/permanent_splits/permanent_water_train_data.csv,18,data/external/sen1floods11/permanent_sar/sentinel_13_826_inhabited_93.01120275294736_50.23529605690004.tif,data/external/sen1floods11/permanent_mask/water_13_826_inhabited_93.01120275294736_50.23529605690004.tif,False,True,True,True,True,True,False,True,True,1.4210854715202004e-14,797.0,514.0,2.0,797.0,514.0,1.0,,1.0,True,0.03701503574848175,0.782895028591156,0.0,0.6359410285949707,,True
permanent:train:sentinel_13_826_rural_93.11622796005916_49.12998746507504:757cdab78a0e,permanent,train,data/external/sen1floods11/permanent_splits/permanent_water_train_data.csv,23,data/external/sen1floods11/permanent_sar/sentinel_13_826_rural_93.11622796005916_49.12998746507504.tif,data/external/sen1floods11/permanent_mask/water_13_826_rural_93.11622796005916_49.12998746507504.tif,False,True,True,True,True,True,False,True,True,2.842170943040401e-14,780.0,513.0,2.0,780.0,513.0,1.0,,-1.0|0.0|1.0,True,0.0227799154818058,1.0,0.0,0.7747560739517212,,True
permanent:train:sentinel_13_827_inhabited_83.19488864378002_48.178508941391804:3b7b97cb6f39,permanent,train,data/external/sen1floods11/permanent_splits/permanent_water_train_data.csv,339,data/external/sen1floods11/permanent_sar/sentinel_13_827_inhabited_83.19488864378002_48.178508941391804.tif,data/external/sen1floods11/permanent_mask/water_13_827_inhabited_83.19488864378002_48.178508941391804.tif,False,True,True,True,True,True,False,True,True,2.842170943040401e-14,765.0,514.0,2.0,765.0,514.0,1.0,,1.0,True,0.14955218136310577,0.9534786939620972,0.0,0.7773622870445251,,True
permanent:train:sentinel_13_827_inhabited_83.8604674443205_48.993088603633204:beb1f76cc869,permanent,train,data/external/sen1floods11/permanent_splits/permanent_water_train_data.csv,235,data/external/sen1floods11/permanent_sar/sentinel_13_827_inhabited_83.8604674443205_48.993088603633204.tif,data/external/sen1floods11/permanent_mask/water_13_827_inhabited_83.8604674443205_48.993088603633204.tif,False,True,True,True,True,True,True,True,True,0.0,778.0,514.0,2.0,778.0,514.0,1.0,,-1.0|0.0|1.0|nan,False,0.0,1.0,0.0,0.938148558139801,,False
permanent:train:sentinel_13_827_inhabited_84.32079828247194_48.013254656351094:79ff635cf0a3,permanent,train,data/external/sen1floods11/permanent_splits/permanent_water_train_data.csv,22,data/external/sen1floods11/permanent_sar/sentinel_13_827_inhabited_84.32079828247194_48.013254656351094.tif,data/external/sen1floods11/permanent_mask/water_13_827_inhabited_84.32079828247194_48.013254656351094.tif,False,True,True,True,True,True,False,True,True,2.842170943040401e-14,763.0,514.0,2.0,763.0,514.0,1.0,,-1.0|0.0|1.0,True,0.3311499357223511,0.9874687194824219,0.03498498722910881,0.8159102201461792,,True
permanent:train:sentinel_13_830_inhabited_43.28201020651237_33.96244887290101:a7875ad3bc62,permanent,train,data/external/sen1floods11/permanent_splits/permanent_water_train_data.csv,263,data/external/sen1floods11/permanent_sar/sentinel_13_830_inhabited_43.28201020651237_33.96244887290101.tif,data/external/sen1floods11/permanent_mask/water_13_830_inhabited_43.28201020651237_33.96244887290101.tif,False,True,True,True,True,True,False,True,True,1.4210854715202004e-14,615.0,514.0,2.0,615.0,514.0,1.0,,1.0,True,0.4841221570968628,0.8664286136627197,0.0,0.6684476137161255,,True
permanent:train:sentinel_13_836_rural_33.67699505986361_27.357186941532674:d0b34ddff029,permanent,train,data/external/sen1floods11/permanent_splits/permanent_water_train_data.csv,106,data/external/sen1floods11/permanent_sar/sentinel_13_836_rural_33.67699505986361_27.357186941532674.tif,data/external/sen1floods11/permanent_mask/water_13_836_rural_33.67699505986361_27.357186941532674.tif,False,True,True,True,True,True,True,True,True,0.0,574.0,514.0,2.0,574.0,514.0,1.0,,-1.0|0.0|1.0,True,0.0,1.0,0.0,1.0,,True
permanent:train:sentinel_13_837_rural_34.441378621546356_28.018632155396627:ff70cc8361eb,permanent,train,data/external/sen1floods11/permanent_splits/permanent_water_train_data.csv,284,data/external/sen1floods11/permanent_sar/sentinel_13_837_rural_34.441378621546356_28.018632155396627.tif,data/external/sen1floods11/permanent_mask/water_13_837_rural_34.441378621546356_28.018632155396627.tif,False,True,True,True,True,True,False,True,True,2.1316282072803006e-14,578.0,514.0,2.0,578.0,514.0,1.0,,-1.0|0.0|1.0,True,0.059093181043863297,1.0,0.0,1.0,,True
permanent:train:sentinel_13_839_inhabited_-16.361471817436275_19.402355780833688:26c7e71a4f7d,permanent,train,data/external/sen1floods11/permanent_splits/permanent_water_train_data.csv,458,data/external/sen1floods11/permanent_sar/sentinel_13_839_inhabited_-16.361471817436275_19.402355780833688.tif,data/external/sen1floods11/permanent_mask/water_13_839_inhabited_-16.361471817436275_19.402355780833688.tif,False,True,True,True,True,True,False,True,True,2.1316282072803006e-14,541.0,514.0,2.0,541.0,514.0,1.0,,-1.0|0.0|1.0,True,0.30096906423568726,0.9857786297798157,0.040206149220466614,0.7338958978652954,,True
permanent:train:sentinel_13_840_inhabited_58.63707629348907_20.230803247351293:a6db0241c190,permanent,train,data/external/sen1floods11/permanent_splits/permanent_water_train_data.csv,7,data/external/sen1floods11/permanent_sar/sentinel_13_840_inhabited_58.63707629348907_20.230803247351293.tif,data/external/sen1floods11/permanent_mask/water_13_840_inhabited_58.63707629348907_20.230803247351293.tif,False,True,True,True,True,True,False,True,True,3.552713678800501e-15,544.0,514.0,2.0,544.0,514.0,1.0,,-1.0|0.0|1.0,True,0.05354476720094681,1.0,0.0,0.9189404845237732,,True
permanent:train:sentinel_13_840_inhabited_58.78565354058989_20.36810342788795:c476eb9395e6,permanent,train,data/external/sen1floods11/permanent_splits/permanent_water_train_data.csv,85,data/external/sen1floods11/permanent_sar/sentinel_13_840_inhabited_58.78565354058989_20.36810342788795.tif,data/external/sen1floods11/permanent_mask/water_13_840_inhabited_58.78565354058989_20.36810342788795.tif,False,True,True,True,True,True,False,True,True,7.105427357601002e-15,545.0,514.0,2.0,545.0,514.0,1.0,,-1.0|0.0|1.0,True,0.35424748063087463,1.0,0.05508853867650032,0.8898842334747314,,True
permanent:train:sentinel_13_840_rural_57.822090853051826_18.98732940938527:a6e4525a848d,permanent,train,data/external/sen1floods11/permanent_splits/permanent_water_train_data.csv,94,data/external/sen1floods11/permanent_sar/sentinel_13_840_rural_57.822090853051826_18.98732940938527.tif,data/external/sen1floods11/permanent_mask/water_13_840_rural_57.822090853051826_18.98732940938527.tif,False,True,True,True,True,True,False,True,True,2.1316282072803006e-14,540.0,514.0,2.0,540.0,514.0,1.0,,-1.0|0.0|1.0,True,0.37368592619895935,1.0,0.04078371822834015,0.9496060609817505,,True
permanent:train:sentinel_13_842_inhabited_32.96015443361271_23.348883168185964:1522c0141e2d,permanent,train,data/external/sen1floods11/permanent_splits/permanent_water_train_data.csv,274,data/external/sen1floods11/permanent_sar/sentinel_13_842_inhabited_32.96015443361271_23.348883168185964.tif,data/external/sen1floods11/permanent_mask/water_13_842_inhabited_32.96015443361271_23.348883168185964.tif,False,True,True,True,True,True,False,True,True,2.1316282072803006e-14,556.0,514.0,2.0,556.0,514.0,1.0,,-1.0|0.0|1.0,True,0.28200218081474304,1.0,0.04960726574063301,0.8986810445785522,,True
permanent:train:sentinel_13_92_inhabited_39.13785991957243_16.63427961988609:dca0c05aea09,permanent,train,data/external/sen1floods11/permanent_splits/permanent_water_train_data.csv,115,data/external/sen1floods11/permanent_sar/sentinel_13_92_inhabited_39.13785991957243_16.63427961988609.tif,data/external/sen1floods11/permanent_mask/water_13_92_inhabited_39.13785991957243_16.63427961988609.tif,False,True,True,True,True,True,False,True,True,2.1316282072803006e-14,532.0,514.0,2.0,532.0,514.0,1.0,,-1.0|0.0|1.0,True,0.04895157366991043,0.9192957878112793,0.0483664907515049,0.8076486587524414,,True
permanent:train:sentinel_13_92_inhabited_39.88661433206285_16.33860108813315:d13723a4e5f7,permanent,train,data/external/sen1floods11/permanent_splits/permanent_water_train_data.csv,216,data/external/sen1floods11/permanent_sar/sentinel_13_92_inhabited_39.88661433206285_16.33860108813315.tif,data/external/sen1floods11/permanent_mask/water_13_92_inhabited_39.88661433206285_16.33860108813315.tif,False,True,True,True,True,True,False,True,True,7.105427357601002e-15,532.0,513.0,2.0,532.0,513.0,1.0,,-1.0|0.0|1.0,True,0.013108758255839348,0.9536018967628479,0.0,0.825285792350769,,True
permanent:train:sentinel_13_93_inhabited_42.81067876606208_12.9530063177991:c47bf2fd2244,permanent,train,data/external/sen1floods11/permanent_splits/permanent_water_train_data.csv,153,data/external/sen1floods11/permanent_sar/sentinel_13_93_inhabited_42.81067876606208_12.9530063177991.tif,data/external/sen1floods11/permanent_mask/water_13_93_inhabited_42.81067876606208_12.9530063177991.tif,False,True,True,True,True,True,False,True,True,1.4210854715202004e-14,524.0,514.0,2.0,524.0,514.0,1.0,,-1.0|0.0|1.0,True,0.14296655356884003,0.9476143717765808,0.0,0.7975641489028931,,True
permanent:train:sentinel_13_95_inhabited_48.02421066763942_4.589204244882268:dbb3520c58d6,permanent,train,data/external/sen1floods11/permanent_splits/permanent_water_train_data.csv,389,data/external/sen1floods11/permanent_sar/sentinel_13_95_inhabited_48.02421066763942_4.589204244882268.tif,data/external/sen1floods11/permanent_mask/water_13_95_inhabited_48.02421066763942_4.589204244882268.tif,False,True,True,True,True,True,False,True,True,2.6645352591003757e-15,513.0,514.0,2.0,513.0,514.0,1.0,,-1.0|0.0|1.0,True,0.0992104783654213,1.0,0.0,0.767894983291626,,True
permanent:train:sentinel_13_95_rural_47.81570756148135_4.312476892606472:1deb3b5129eb,permanent,train,data/external/sen1floods11/permanent_splits/permanent_water_train_data.csv,342,data/external/sen1floods11/permanent_sar/sentinel_13_95_rural_47.81570756148135_4.312476892606472.tif,data/external/sen1floods11/permanent_mask/water_13_95_rural_47.81570756148135_4.312476892606472.tif,False,True,True,True,True,True,False,True,True,7.105427357601002e-15,512.0,514.0,2.0,512.0,514.0,1.0,,-1.0|0.0|1.0,True,0.14288699626922607,0.9769428968429565,0.03547098860144615,0.7997002601623535,,True
permanent:train:sentinel_13_98_inhabited_11.863282284155884_-18.089623185305545:ff7cb50cd3d7,permanent,train,data/external/sen1floods11/permanent_splits/permanent_water_train_data.csv,448,data/external/sen1floods11/permanent_sar/sentinel_13_98_inhabited_11.863282284155884_-18.089623185305545.tif,data/external/sen1floods11/permanent_mask/water_13_98_inhabited_11.863282284155884_-18.089623185305545.tif,False,True,True,True,True,True,False,True,True,1.7763568394002505e-14,537.0,514.0,2.0,537.0,514.0,1.0,,-1.0|0.0|1.0,True,0.03235241025686264,1.0,0.0,0.6720012426376343,,True
permanent:train:sentinel_13_98_inhabited_12.67025917910115_-19.252422967012624:057d8ac14f60,permanent,train,data/external/sen1floods11/permanent_splits/permanent_water_train_data.csv,228,data/external/sen1floods11/permanent_sar/sentinel_13_98_inhabited_12.67025917910115_-19.252422967012624.tif,data/external/sen1floods11/permanent_mask/water_13_98_inhabited_12.67025917910115_-19.252422967012624.tif,False,True,True,True,True,True,False,True,True,3.552713678800501e-15,540.0,514.0,2.0,540.0,514.0,1.0,,-1.0|0.0|1.0,True,0.04037541151046753,1.0,0.040097612887620926,0.7661170363426208,,True
permanent:train:sentinel_13_98_inhabited_12.955396395963747_-19.81080051912723:91daedc82e7d,permanent,train,data/external/sen1floods11/permanent_splits/permanent_water_train_data.csv,72,data/external/sen1floods11/permanent_sar/sentinel_13_98_inhabited_12.955396395963747_-19.81080051912723.tif,data/external/sen1floods11/permanent_mask/water_13_98_inhabited_12.955396395963747_-19.81080051912723.tif,False,True,True,True,True,True,False,True,True,7.105427357601002e-15,543.0,514.0,2.0,543.0,514.0,1.0,,-1.0|0.0|1.0,True,0.0,0.9576688408851624,0.0,0.7668035626411438,,True
permanent:train:sentinel_13_99_inhabited_43.23432903894787_-22.202822851833513:b061041f3bd1,permanent,train,data/external/sen1floods11/permanent_splits/permanent_water_train_data.csv,157,data/external/sen1floods11/permanent_sar/sentinel_13_99_inhabited_43.23432903894787_-22.202822851833513.tif,data/external/sen1floods11/permanent_mask/water_13_99_inhabited_43.23432903894787_-22.202822851833513.tif,False,True,True,True,True,True,True,True,True,0.0,551.0,514.0,2.0,551.0,514.0,1.0,,-1.0|0.0|1.0,True,0.43610984086990356,0.9410930275917053,0.06584509462118149,0.7946773171424866,,True
permanent:train:sentinel_13_99_inhabited_43.236411439139836_-22.272014722879838:1e6212edf7ba,permanent,train,data/external/sen1floods11/permanent_splits/permanent_water_train_data.csv,296,data/external/sen1floods11/permanent_sar/sentinel_13_99_inhabited_43.236411439139836_-22.272014722879838.tif,data/external/sen1floods11/permanent_mask/water_13_99_inhabited_43.236411439139836_-22.272014722879838.tif,False,True,True,True,True,True,False,True,True,3.552713678800501e-15,552.0,514.0,2.0,552.0,514.0,1.0,,-1.0|0.0|1.0,True,0.45212092995643616,0.9451008439064026,0.06569427251815796,0.7933396100997925,,True
permanent:train:sentinel_14_111_high_density_3.110102589050057_6.413681113708076:467ab59abdab,permanent,train,data/external/sen1floods11/permanent_splits/permanent_water_train_data.csv,45,data/external/sen1floods11/permanent_sar/sentinel_14_111_high_density_3.110102589050057_6.413681113708076.tif,data/external/sen1floods11/permanent_mask/water_14_111_high_density_3.110102589050057_6.413681113708076.tif,False,True,True,True,True,True,False,True,True,3.1086244689504383e-15,514.0,514.0,2.0,514.0,514.0,1.0,,-1.0|0.0|1.0,True,0.08782009035348892,0.9937560558319092,0.0,0.8385756611824036,,True
permanent:train:sentinel_14_111_low_density_8.75099027648859_-0.6953031681627624:f1ab2a4dade4,permanent,train,data/external/sen1floods11/permanent_splits/permanent_water_train_data.csv,443,data/external/sen1floods11/permanent_sar/sentinel_14_111_low_density_8.75099027648859_-0.6953031681627624.tif,data/external/sen1floods11/permanent_mask/water_14_111_low_density_8.75099027648859_-0.6953031681627624.tif,False,True,True,True,True,True,False,True,True,1.9539925233402755e-14,510.0,514.0,2.0,510.0,514.0,1.0,,-1.0|0.0|1.0,True,0.08727876096963882,1.0,0.04951662942767143,1.0,,True
permanent:train:sentinel_14_113_low_density_-11.810580168805213_7.170974704715846:1357370ac5cb,permanent,train,data/external/sen1floods11/permanent_splits/permanent_water_train_data.csv,247,data/external/sen1floods11/permanent_sar/sentinel_14_113_low_density_-11.810580168805213_7.170974704715846.tif,data/external/sen1floods11/permanent_mask/water_14_113_low_density_-11.810580168805213_7.170974704715846.tif,False,True,True,True,True,True,False,True,True,1.5987211554602254e-14,515.0,514.0,2.0,515.0,514.0,1.0,,-1.0|0.0|1.0,True,0.04030577465891838,1.0,0.040108829736709595,0.8776454329490662,,True
permanent:train:sentinel_14_319_low_density_100.57056070031729_7.19410852098112:c85671dec159,permanent,train,data/external/sen1floods11/permanent_splits/permanent_water_train_data.csv,446,data/external/sen1floods11/permanent_sar/sentinel_14_319_low_density_100.57056070031729_7.19410852098112.tif,data/external/sen1floods11/permanent_mask/water_14_319_low_density_100.57056070031729_7.19410852098112.tif,False,True,True,True,True,True,False,True,True,2.842170943040401e-14,515.0,513.0,2.0,515.0,513.0,1.0,,-1.0|0.0|1.0,True,0.0,1.0,0.0,1.0,,True
permanent:train:sentinel_14_321_low_density_98.51280595988045_13.194390835125287:fb0d59f3830c,permanent,train,data/external/sen1floods11/permanent_splits/permanent_water_train_data.csv,107,data/external/sen1floods11/permanent_sar/sentinel_14_321_low_density_98.51280595988045_13.194390835125287.tif,data/external/sen1floods11/permanent_mask/water_14_321_low_density_98.51280595988045_13.194390835125287.tif,False,True,True,True,True,True,False,True,True,8.881784197001252e-15,524.0,514.0,2.0,524.0,514.0,1.0,,-1.0|0.0|1.0,True,0.043467387557029724,1.0,0.0,0.9045662879943848,,True
permanent:train:sentinel_14_611_low_density_-69.87356503806734_12.413423876624773:034dc2639219,permanent,train,data/external/sen1floods11/permanent_splits/permanent_water_train_data.csv,182,data/external/sen1floods11/permanent_sar/sentinel_14_611_low_density_-69.87356503806734_12.413423876624773.tif,data/external/sen1floods11/permanent_mask/water_14_611_low_density_-69.87356503806734_12.413423876624773.tif,False,True,True,True,True,True,False,True,True,5.329070518200751e-15,523.0,514.0,2.0,523.0,514.0,1.0,,-1.0|0.0|1.0,True,0.5100697875022888,1.0,0.0,1.0,,True
permanent:train:sentinel_14_612_high_density_-80.36923211092926_27.595655206769912:e0cc3f9f712f,permanent,train,data/external/sen1floods11/permanent_splits/permanent_water_train_data.csv,109,data/external/sen1floods11/permanent_sar/sentinel_14_612_high_density_-80.36923211092926_27.595655206769912.tif,data/external/sen1floods11/permanent_mask/water_14_612_high_density_-80.36923211092926_27.595655206769912.tif,False,True,True,True,True,True,False,True,True,1.4210854715202004e-14,576.0,513.0,2.0,576.0,513.0,1.0,,-1.0|0.0|1.0,True,0.12805429100990295,1.0,0.05611483007669449,1.0,,True
permanent:train:sentinel_14_616_low_density_-38.60327613067901_-12.991929810894629:aa40f00a594b,permanent,train,data/external/sen1floods11/permanent_splits/permanent_water_train_data.csv,450,data/external/sen1floods11/permanent_sar/sentinel_14_616_low_density_-38.60327613067901_-12.991929810894629.tif,data/external/sen1floods11/permanent_mask/water_14_616_low_density_-38.60327613067901_-12.991929810894629.tif,False,True,True,True,True,True,False,True,True,8.881784197001252e-15,524.0,513.0,2.0,524.0,513.0,1.0,,-1.0|0.0|1.0,True,0.2520233690738678,1.0,0.04060759395360947,0.8789926767349243,,True
permanent:train:sentinel_14_616_low_density_-48.50788935890669_-27.56044168575085:908b8156245b,permanent,train,data/external/sen1floods11/permanent_splits/permanent_water_train_data.csv,212,data/external/sen1floods11/permanent_sar/sentinel_14_616_low_density_-48.50788935890669_-27.56044168575085.tif,data/external/sen1floods11/permanent_mask/water_14_616_low_density_-48.50788935890669_-27.56044168575085.tif,False,True,True,True,True,True,False,True,True,7.105427357601002e-15,576.0,514.0,2.0,576.0,514.0,1.0,,-1.0|0.0|1.0,True,0.009784244000911713,1.0,0.03943758085370064,1.0,,True
permanent:train:sentinel_1_10_inhabited_18.127587971674583_-0.9102630526462279:bdd6c3ee5dc0,permanent,train,data/external/sen1floods11/permanent_splits/permanent_water_train_data.csv,472,data/external/sen1floods11/permanent_sar/sentinel_1_10_inhabited_18.127587971674583_-0.9102630526462279.tif,data/external/sen1floods11/permanent_mask/water_1_10_inhabited_18.127587971674583_-0.9102630526462279.tif,False,True,True,True,True,True,False,True,True,2.1316282072803006e-14,511.0,514.0,2.0,511.0,514.0,1.0,,-1.0|0.0|1.0|nan,False,0.0,1.0,0.0,1.0,,False
permanent:train:sentinel_1_11_high_density_-1.6511828245857418_4.972843004015486:4c783301b7d6,permanent,train,data/external/sen1floods11/permanent_splits/permanent_water_train_data.csv,457,data/external/sen1floods11/permanent_sar/sentinel_1_11_high_density_-1.6511828245857418_4.972843004015486.tif,data/external/sen1floods11/permanent_mask/water_1_11_high_density_-1.6511828245857418_4.972843004015486.tif,False,True,True,True,True,True,False,True,True,1.7763568394002505e-15,513.0,513.0,2.0,513.0,513.0,1.0,,-1.0|0.0|1.0,True,0.0,1.0,0.0,1.0,,True
permanent:train:sentinel_1_11_low_density_-1.4392685061217791_6.50029469257021:80d27d3b2b2d,permanent,train,data/external/sen1floods11/permanent_splits/permanent_water_train_data.csv,98,data/external/sen1floods11/permanent_sar/sentinel_1_11_low_density_-1.4392685061217791_6.50029469257021.tif,data/external/sen1floods11/permanent_mask/water_1_11_low_density_-1.4392685061217791_6.50029469257021.tif,False,True,True,True,True,True,False,True,True,7.993605777301127e-15,513.0,514.0,2.0,513.0,514.0,1.0,,-1.0|0.0|1.0,True,0.0,1.0,0.039605431258678436,0.9531166553497314,,True
permanent:train:sentinel_1_11_rural_-0.12052504237358863_6.494511238503891:24153ef81cab,permanent,train,data/external/sen1floods11/permanent_splits/permanent_water_train_data.csv,359,data/external/sen1floods11/permanent_sar/sentinel_1_11_rural_-0.12052504237358863_6.494511238503891.tif,data/external/sen1floods11/permanent_mask/water_1_11_rural_-0.12052504237358863_6.494511238503891.tif,False,True,True,True,True,True,False,True,True,1.5237811012980274e-14,514.0,514.0,2.0,514.0,514.0,1.0,,-1.0|0.0|1.0|nan,False,0.09521373361349106,1.0,0.05559829995036125,0.9000520706176758,,False
permanent:train:sentinel_1_11_rural_-0.39732819936729497_6.634816853150564:f676b098a4c7,permanent,train,data/external/sen1floods11/permanent_splits/permanent_water_train_data.csv,99,data/external/sen1floods11/permanent_sar/sentinel_1_11_rural_-0.39732819936729497_6.634816853150564.tif,data/external/sen1floods11/permanent_mask/water_1_11_rural_-0.39732819936729497_6.634816853150564.tif,False,True,True,True,True,True,False,True,True,1.2378986724570495e-14,514.0,513.0,2.0,514.0,513.0,1.0,,-1.0|0.0|1.0,True,0.05327632278203964,1.0,0.0,0.8460397720336914,,True
permanent:train:sentinel_1_135_rural_147.7620699190341_-2.3436678408827256:52f63335fdad,permanent,train,data/external/sen1floods11/permanent_splits/permanent_water_train_data.csv,466,data/external/sen1floods11/permanent_sar/sentinel_1_135_rural_147.7620699190341_-2.3436678408827256.tif,data/external/sen1floods11/permanent_mask/water_1_135_rural_147.7620699190341_-2.3436678408827256.tif,False,True,True,True,True,True,False,True,True,2.842170943040401e-14,511.0,513.0,2.0,511.0,513.0,1.0,,-1.0|0.0|1.0,True,0.13273464143276215,1.0,0.0023104569409042597,0.8865015506744385,,True
permanent:train:sentinel_1_13_inhabited_55.490685540066075_-4.66821951554933:75959dbfe6b4,permanent,train,data/external/sen1floods11/permanent_splits/permanent_water_train_data.csv,338,data/external/sen1floods11/permanent_sar/sentinel_1_13_inhabited_55.490685540066075_-4.66821951554933.tif,data/external/sen1floods11/permanent_mask/water_1_13_inhabited_55.490685540066075_-4.66821951554933.tif,False,True,True,True,True,True,False,True,True,8.881784197001252e-15,512.0,514.0,2.0,512.0,514.0,1.0,,-1.0|0.0|1.0,True,0.422929584980011,1.0,0.30559369921684265,1.0,,True
permanent:train:sentinel_1_146_inhabited_166.45031404346162_-21.697923298652896:215b8c2bf9e2,permanent,train,data/external/sen1floods11/permanent_splits/permanent_water_train_data.csv,46,data/external/sen1floods11/permanent_sar/sentinel_1_146_inhabited_166.45031404346162_-21.697923298652896.tif,data/external/sen1floods11/permanent_mask/water_1_146_inhabited_166.45031404346162_-21.697923298652896.tif,False,True,True,True,True,True,False,True,True,3.552713678800501e-15,550.0,514.0,2.0,550.0,514.0,1.0,,-1.0|0.0|1.0,True,0.3301149010658264,1.0,0.037049390375614166,0.973109245300293,,True
permanent:train:sentinel_1_150_inhabited_146.61389598878233_-18.73615716524677:23e3b5f1a9c1,permanent,train,data/external/sen1floods11/permanent_splits/permanent_water_train_data.csv,260,data/external/sen1floods11/permanent_sar/sentinel_1_150_inhabited_146.61389598878233_-18.73615716524677.tif,data/external/sen1floods11/permanent_mask/water_1_150_inhabited_146.61389598878233_-18.73615716524677.tif,False,True,True,True,True,True,False,True,True,7.105427357601002e-15,539.0,514.0,2.0,539.0,514.0,1.0,,-1.0|0.0|1.0,True,0.35739627480506897,1.0,0.04786922037601471,0.9275633096694946,,True
permanent:train:sentinel_1_152_rural_156.5748410406182_-8.001183516149558:a6a6b5d6aec6,permanent,train,data/external/sen1floods11/permanent_splits/permanent_water_train_data.csv,227,data/external/sen1floods11/permanent_sar/sentinel_1_152_rural_156.5748410406182_-8.001183516149558.tif,data/external/sen1floods11/permanent_mask/water_1_152_rural_156.5748410406182_-8.001183516149558.tif,False,True,True,True,True,True,False,True,True,2.842170943040401e-14,515.0,514.0,2.0,515.0,514.0,1.0,,-1.0|0.0|1.0,True,0.19662760198116302,1.0,0.04799056798219681,0.9192782044410706,,True
permanent:train:sentinel_1_159_rural_167.69762716743466_-16.50116207613757:3fdfac9b210d,permanent,train,data/external/sen1floods11/permanent_splits/permanent_water_train_data.csv,344,data/external/sen1floods11/permanent_sar/sentinel_1_159_rural_167.69762716743466_-16.50116207613757.tif,data/external/sen1floods11/permanent_mask/water_1_159_rural_167.69762716743466_-16.50116207613757.tif,False,True,True,True,True,True,False,True,True,2.842170943040401e-14,532.0,514.0,2.0,532.0,514.0,1.0,,-1.0|0.0|1.0,True,0.0,1.0,0.0,0.9807438254356384,,True
permanent:train:sentinel_1_159_rural_168.55481799934276_-16.929195645358895:0ab21df7e152,permanent,train,data/external/sen1floods11/permanent_splits/permanent_water_train_data.csv,202,data/external/sen1floods11/permanent_sar/sentinel_1_159_rural_168.55481799934276_-16.929195645358895.tif,data/external/sen1floods11/permanent_mask/water_1_159_rural_168.55481799934276_-16.929195645358895.tif,False,True,True,True,True,True,False,True,True,2.842170943040401e-14,534.0,514.0,2.0,534.0,514.0,1.0,,-1.0|0.0|1.0,True,0.37426191568374634,1.0,0.0,0.9962177276611328,,True
permanent:train:sentinel_1_159_rural_169.45186427646658_-19.517775152501088:8a7c2080cebd,permanent,train,data/external/sen1floods11/permanent_splits/permanent_water_train_data.csv,5,data/external/sen1floods11/permanent_sar/sentinel_1_159_rural_169.45186427646658_-19.517775152501088.tif,data/external/sen1floods11/permanent_mask/water_1_159_rural_169.45186427646658_-19.517775152501088.tif,False,True,True,True,True,True,False,True,True,7.105427357601002e-15,542.0,514.0,2.0,542.0,514.0,1.0,,-1.0|0.0|1.0,True,0.2991952896118164,1.0,0.012624707072973251,0.9478492736816406,,True
permanent:train:sentinel_1_16_inhabited_29.955447157061897_-31.329064318373796:8b74c8d22989,permanent,train,data/external/sen1floods11/permanent_splits/permanent_water_train_data.csv,432,data/external/sen1floods11/permanent_sar/sentinel_1_16_inhabited_29.955447157061897_-31.329064318373796.tif,data/external/sen1floods11/permanent_mask/water_1_16_inhabited_29.955447157061897_-31.329064318373796.tif,False,True,True,True,True,True,True,True,True,0.0,598.0,513.0,2.0,598.0,513.0,1.0,,-1.0|0.0|1.0,True,0.2799670398235321,1.0,0.05533800274133682,0.8965808749198914,,True
permanent:train:sentinel_1_18_inhabited_48.179284824975106_-13.731239847353846:f95c5de5dc2f,permanent,train,data/external/sen1floods11/permanent_splits/permanent_water_train_data.csv,433,data/external/sen1floods11/permanent_sar/sentinel_1_18_inhabited_48.179284824975106_-13.731239847353846.tif,data/external/sen1floods11/permanent_mask/water_1_18_inhabited_48.179284824975106_-13.731239847353846.tif,False,True,True,True,True,True,False,True,True,2.1316282072803006e-14,526.0,513.0,2.0,526.0,513.0,1.0,,-1.0|0.0|1.0,True,0.018408842384815216,1.0,0.0,0.900098979473114,,True
permanent:train:sentinel_1_18_rural_48.315363211823126_-13.313404242241756:22c311f72953,permanent,train,data/external/sen1floods11/permanent_splits/permanent_water_train_data.csv,286,data/external/sen1floods11/permanent_sar/sentinel_1_18_rural_48.315363211823126_-13.313404242241756.tif,data/external/sen1floods11/permanent_mask/water_1_18_rural_48.315363211823126_-13.313404242241756.tif,False,True,True,True,True,True,False,True,True,3.552713678800501e-15,525.0,514.0,2.0,525.0,514.0,1.0,,-1.0|0.0|1.0,True,0.4713493883609772,1.0,0.0,0.965709388256073,,True
permanent:train:sentinel_1_19_inhabited_32.7021151738519_-27.399008850312946:1f125c56360c,permanent,train,data/external/sen1floods11/permanent_splits/permanent_water_train_data.csv,417,data/external/sen1floods11/permanent_sar/sentinel_1_19_inhabited_32.7021151738519_-27.399008850312946.tif,data/external/sen1floods11/permanent_mask/water_1_19_inhabited_32.7021151738519_-27.399008850312946.tif,False,True,True,True,True,True,False,True,True,1.4210854715202004e-14,575.0,514.0,2.0,575.0,514.0,1.0,,-1.0|0.0|1.0,True,0.2552763819694519,1.0,0.023710699751973152,0.8902111053466797,,True
permanent:train:sentinel_1_19_rural_32.6478256185262_-26.116384105097673:17a8ecee9c3f,permanent,train,data/external/sen1floods11/permanent_splits/permanent_water_train_data.csv,477,data/external/sen1floods11/permanent_sar/sentinel_1_19_rural_32.6478256185262_-26.116384105097673.tif,data/external/sen1floods11/permanent_mask/water_1_19_rural_32.6478256185262_-26.116384105097673.tif,False,True,True,True,True,True,True,True,True,0.0,569.0,514.0,2.0,569.0,514.0,1.0,,-1.0|0.0|1.0,True,0.35977649688720703,1.0,0.0,0.8671947121620178,,True
permanent:train:sentinel_1_19_rural_32.724477565634935_-26.185897031419834:c36ffb0f5a0c,permanent,train,data/external/sen1floods11/permanent_splits/permanent_water_train_data.csv,12,data/external/sen1floods11/permanent_sar/sentinel_1_19_rural_32.724477565634935_-26.185897031419834.tif,data/external/sen1floods11/permanent_mask/water_1_19_rural_32.724477565634935_-26.185897031419834.tif,False,True,True,True,True,True,False,True,True,7.105427357601002e-15,569.0,514.0,2.0,569.0,514.0,1.0,,-1.0|0.0|1.0,True,0.3001299500465393,0.936677873134613,0.0,0.8057249188423157,,True
permanent:train:sentinel_1_1_inhabited_28.94160364604518_-1.9547405879001232:e0664cf37ca7,permanent,train,data/external/sen1floods11/permanent_splits/permanent_water_train_data.csv,195,data/external/sen1floods11/permanent_sar/sentinel_1_1_inhabited_28.94160364604518_-1.9547405879001232.tif,data/external/sen1floods11/permanent_mask/water_1_1_inhabited_28.94160364604518_-1.9547405879001232.tif,False,True,True,True,True,True,False,True,True,1.0658141036401503e-14,511.0,514.0,2.0,511.0,514.0,1.0,,-1.0|0.0|1.0,True,0.05083763226866722,1.0,0.0,1.0,,True
permanent:train:sentinel_1_20_low_density_55.44881904027526_-20.896908221816087:5c13cd0e05df,permanent,train,data/external/sen1floods11/permanent_splits/permanent_water_train_data.csv,410,data/external/sen1floods11/permanent_sar/sentinel_1_20_low_density_55.44881904027526_-20.896908221816087.tif,data/external/sen1floods11/permanent_mask/water_1_20_low_density_55.44881904027526_-20.896908221816087.tif,False,True,True,True,True,True,False,True,True,3.552713678800501e-15,546.0,514.0,2.0,546.0,514.0,1.0,,-1.0|0.0|1.0,True,0.0,1.0,0.0,1.0,,True
permanent:train:sentinel_1_20_low_density_55.74542060594627_-20.958131679279905:d6d7e39b7fd3,permanent,train,data/external/sen1floods11/permanent_splits/permanent_water_train_data.csv,44,data/external/sen1floods11/permanent_sar/sentinel_1_20_low_density_55.74542060594627_-20.958131679279905.tif,data/external/sen1floods11/permanent_mask/water_1_20_low_density_55.74542060594627_-20.958131679279905.tif,False,True,True,True,True,True,False,True,True,7.105427357601002e-15,547.0,514.0,2.0,547.0,514.0,1.0,,-1.0|1.0,True,0.44817304611206055,0.6549525260925293,0.26808637380599976,0.48829978704452515,,True
permanent:train:sentinel_1_20_rural_55.747614483664584_-21.027287877517793:fb2b025091dd,permanent,train,data/external/sen1floods11/permanent_splits/permanent_water_train_data.csv,441,data/external/sen1floods11/permanent_sar/sentinel_1_20_rural_55.747614483664584_-21.027287877517793.tif,data/external/sen1floods11/permanent_mask/water_1_20_rural_55.747614483664584_-21.027287877517793.tif,False,True,True,True,True,True,True,True,True,0.0,546.0,514.0,2.0,546.0,514.0,1.0,,-1.0|0.0|1.0,True,0.44403138756752014,1.0,0.26382213830947876,0.9305158257484436,,True
permanent:train:sentinel_1_20_rural_57.73027350326031_-20.048720314934883:d5444136eb0e,permanent,train,data/external/sen1floods11/permanent_splits/permanent_water_train_data.csv,437,data/external/sen1floods11/permanent_sar/sentinel_1_20_rural_57.73027350326031_-20.048720314934883.tif,data/external/sen1floods11/permanent_mask/water_1_20_rural_57.73027350326031_-20.048720314934883.tif,False,True,True,True,True,True,True,True,True,0.0,544.0,514.0,2.0,544.0,514.0,1.0,,-1.0|0.0|1.0,True,0.5659963488578796,0.8658069968223572,0.0,0.7381682991981506,,True
permanent:train:sentinel_1_219_inhabited_109.86543645049679_1.760894546904724:f28c65d31124,permanent,train,data/external/sen1floods11/permanent_splits/permanent_water_train_data.csv,271,data/external/sen1floods11/permanent_sar/sentinel_1_219_inhabited_109.86543645049679_1.760894546904724.tif,data/external/sen1floods11/permanent_mask/water_1_219_inhabited_109.86543645049679_1.760894546904724.tif,False,True,True,True,True,True,False,True,True,1.4210854715202004e-14,511.0,514.0,2.0,511.0,514.0,1.0,,-1.0|0.0|1.0,True,0.0,1.0,0.0,0.896822988986969,,True
permanent:train:sentinel_1_221_inhabited_110.76304457435333_1.5527793825382978:4940ea6bee7c,permanent,train,data/external/sen1floods11/permanent_splits/permanent_water_train_data.csv,15,data/external/sen1floods11/permanent_sar/sentinel_1_221_inhabited_110.76304457435333_1.5527793825382978.tif,data/external/sen1floods11/permanent_mask/water_1_221_inhabited_110.76304457435333_1.5527793825382978.tif,False,True,True,True,True,True,False,True,True,7.549516567451064e-15,510.0,513.0,2.0,510.0,513.0,1.0,,-1.0|0.0|1.0,True,0.04015277698636055,1.0,0.030258584767580032,1.0,,True
permanent:train:sentinel_1_221_rural_114.04433651194624_4.569700136874496:b9cfa046bac1,permanent,train,data/external/sen1floods11/permanent_splits/permanent_water_train_data.csv,136,data/external/sen1floods11/permanent_sar/sentinel_1_221_rural_114.04433651194624_4.569700136874496.tif,data/external/sen1floods11/permanent_mask/water_1_221_rural_114.04433651194624_4.569700136874496.tif,False,True,True,True,True,True,False,True,True,7.105427357601002e-15,512.0,514.0,2.0,512.0,514.0,1.0,,-1.0|0.0|1.0,True,0.3417677581310272,1.0,0.05707072839140892,1.0,,True
permanent:train:sentinel_1_221_rural_115.01174294459237_4.920225611584824:b7a0270c7663,permanent,train,data/external/sen1floods11/permanent_splits/permanent_water_train_data.csv,369,data/external/sen1floods11/permanent_sar/sentinel_1_221_rural_115.01174294459237_4.920225611584824.tif,data/external/sen1floods11/permanent_mask/water_1_221_rural_115.01174294459237_4.920225611584824.tif,False,True,True,True,True,True,False,True,True,3.552713678800501e-15,512.0,514.0,2.0,512.0,514.0,1.0,,-1.0|0.0|1.0,True,0.16748543083667755,1.0,0.047493621706962585,1.0,,True
permanent:train:sentinel_1_223_rural_104.00843397140194_10.042270136848606:ade4e87ab768,permanent,train,data/external/sen1floods11/permanent_splits/permanent_water_train_data.csv,52,data/external/sen1floods11/permanent_sar/sentinel_1_223_rural_104.00843397140194_10.042270136848606.tif,data/external/sen1floods11/permanent_mask/water_1_223_rural_104.00843397140194_10.042270136848606.tif,False,True,True,True,True,True,False,True,True,2.842170943040401e-14,518.0,514.0,2.0,518.0,514.0,1.0,,-1.0|0.0|1.0,True,0.044329818338155746,1.0,0.0,1.0,,True
permanent:train:sentinel_1_230_rural_112.69785743964559_-8.44286639369548:eb4cc3ba3c66,permanent,train,data/external/sen1floods11/permanent_splits/permanent_water_train_data.csv,444,data/external/sen1floods11/permanent_sar/sentinel_1_230_rural_112.69785743964559_-8.44286639369548.tif,data/external/sen1floods11/permanent_mask/water_1_230_rural_112.69785743964559_-8.44286639369548.tif,False,True,True,True,True,True,False,True,True,4.263256414560601e-14,516.0,513.0,2.0,516.0,513.0,1.0,,-1.0|0.0|1.0,True,0.06123235449194908,1.0,0.03951588645577431,1.0,,True
permanent:train:sentinel_1_230_rural_112.9709149517544_-7.191838838544918:3a1bb07a7ebb,permanent,train,data/external/sen1floods11/permanent_splits/permanent_water_train_data.csv,366,data/external/sen1floods11/permanent_sar/sentinel_1_230_rural_112.9709149517544_-7.191838838544918.tif,data/external/sen1floods11/permanent_mask/water_1_230_rural_112.9709149517544_-7.191838838544918.tif,False,True,True,True,True,True,False,True,True,3.552713678800501e-15,514.0,514.0,2.0,514.0,514.0,1.0,,-1.0|0.0|1.0,True,0.03963677957653999,1.0,0.03956605866551399,0.8934321999549866,,True
permanent:train:sentinel_1_231_low_density_123.30544348984797_9.286390080874783:e173ab42c58d,permanent,train,data/external/sen1floods11/permanent_splits/permanent_water_train_data.csv,391,data/external/sen1floods11/permanent_sar/sentinel_1_231_low_density_123.30544348984797_9.286390080874783.tif,data/external/sen1floods11/permanent_mask/water_1_231_low_density_123.30544348984797_9.286390080874783.tif,False,True,True,True,True,True,False,True,True,3.552713678800501e-15,517.0,514.0,2.0,517.0,514.0,1.0,,-1.0|0.0|1.0,True,0.20629237592220306,1.0,0.056248344480991364,1.0,,True
permanent:train:sentinel_1_231_rural_123.68949694537915_12.486174110311742:b2f67a56a198,permanent,train,data/external/sen1floods11/permanent_splits/permanent_water_train_data.csv,214,data/external/sen1floods11/permanent_sar/sentinel_1_231_rural_123.68949694537915_12.486174110311742.tif,data/external/sen1floods11/permanent_mask/water_1_231_rural_123.68949694537915_12.486174110311742.tif,False,True,True,True,True,True,False,True,True,1.4210854715202004e-14,523.0,513.0,2.0,523.0,513.0,1.0,,-1.0|0.0|1.0,True,0.03370076045393944,1.0,0.0,1.0,,True
permanent:train:sentinel_1_231_rural_123.74533826787146_11.145835220161716:5c97e94dafb2,permanent,train,data/external/sen1floods11/permanent_splits/permanent_water_train_data.csv,248,data/external/sen1floods11/permanent_sar/sentinel_1_231_rural_123.74533826787146_11.145835220161716.tif,data/external/sen1floods11/permanent_mask/water_1_231_rural_123.74533826787146_11.145835220161716.tif,False,True,True,True,True,True,False,True,True,2.842170943040401e-14,520.0,514.0,2.0,520.0,514.0,1.0,,-1.0|0.0|1.0,True,0.056016456335783005,1.0,0.0,1.0,,True
permanent:train:sentinel_1_236_low_density_119.66547484081904_26.487853977456027:786b7c7c5fc4,permanent,train,data/external/sen1floods11/permanent_splits/permanent_water_train_data.csv,91,data/external/sen1floods11/permanent_sar/sentinel_1_236_low_density_119.66547484081904_26.487853977456027.tif,data/external/sen1floods11/permanent_mask/water_1_236_low_density_119.66547484081904_26.487853977456027.tif,False,True,True,True,True,True,True,True,True,0.0,571.0,513.0,2.0,571.0,513.0,1.0,,-1.0|0.0|1.0,True,0.28202560544013977,1.0,0.004673540126532316,1.0,,True
permanent:train:sentinel_1_236_rural_115.325413949096_29.29518806407817:b87cc920624f,permanent,train,data/external/sen1floods11/permanent_splits/permanent_water_train_data.csv,39,data/external/sen1floods11/permanent_sar/sentinel_1_236_rural_115.325413949096_29.29518806407817.tif,data/external/sen1floods11/permanent_mask/water_1_236_rural_115.325413949096_29.29518806407817.tif,False,True,True,True,True,True,True,True,True,0.0,586.0,513.0,2.0,586.0,513.0,1.0,,-1.0|0.0|1.0,True,0.22826260328292847,1.0,0.0405663326382637,0.8859084248542786,,True
permanent:train:sentinel_1_236_rural_119.65287342124199_25.933672439432723:b91bc5b68533,permanent,train,data/external/sen1floods11/permanent_splits/permanent_water_train_data.csv,121,data/external/sen1floods11/permanent_sar/sentinel_1_236_rural_119.65287342124199_25.933672439432723.tif,data/external/sen1floods11/permanent_mask/water_1_236_rural_119.65287342124199_25.933672439432723.tif,False,True,True,True,True,True,False,True,True,2.842170943040401e-14,568.0,514.0,2.0,568.0,514.0,1.0,,-1.0|0.0,True,0.3639313876628876,1.0,0.01132134161889553,1.0,,True
permanent:train:sentinel_1_238_inhabited_92.29570431611354_20.79856274808234:97c229fd4f57,permanent,train,data/external/sen1floods11/permanent_splits/permanent_water_train_data.csv,463,data/external/sen1floods11/permanent_sar/sentinel_1_238_inhabited_92.29570431611354_20.79856274808234.tif,data/external/sen1floods11/permanent_mask/water_1_238_inhabited_92.29570431611354_20.79856274808234.tif,False,True,True,True,True,True,False,True,True,7.105427357601002e-15,547.0,513.0,2.0,547.0,513.0,1.0,,-1.0|0.0|1.0,True,0.0006634041201323271,1.0,0.0,0.8384549617767334,,True
permanent:train:sentinel_1_239_inhabited_102.56681997812606_18.6035613363215:d772d0618307,permanent,train,data/external/sen1floods11/permanent_splits/permanent_water_train_data.csv,326,data/external/sen1floods11/permanent_sar/sentinel_1_239_inhabited_102.56681997812606_18.6035613363215.tif,data/external/sen1floods11/permanent_mask/water_1_239_inhabited_102.56681997812606_18.6035613363215.tif,False,True,True,True,True,True,False,True,True,3.552713678800501e-15,538.0,514.0,2.0,538.0,514.0,1.0,,-1.0|0.0|1.0,True,0.12761972844600677,1.0,0.0,0.9093167185783386,,True
permanent:train:sentinel_1_23_high_density_3.5269393555261783_6.5523680746723505:fc98aabbecc7,permanent,train,data/external/sen1floods11/permanent_splits/permanent_water_train_data.csv,154,data/external/sen1floods11/permanent_sar/sentinel_1_23_high_density_3.5269393555261783_6.5523680746723505.tif,data/external/sen1floods11/permanent_mask/water_1_23_high_density_3.5269393555261783_6.5523680746723505.tif,False,True,True,True,True,True,False,True,True,1.3766765505351941e-14,514.0,514.0,2.0,514.0,514.0,1.0,,-1.0|0.0|1.0,True,0.0011921086115762591,1.0,0.0,1.0,,True
permanent:train:sentinel_1_23_rural_3.7354380025832_6.621573323021831:e6b70430dcf6,permanent,train,data/external/sen1floods11/permanent_splits/permanent_water_train_data.csv,63,data/external/sen1floods11/permanent_sar/sentinel_1_23_rural_3.7354380025832_6.621573323021831.tif,data/external/sen1floods11/permanent_mask/water_1_23_rural_3.7354380025832_6.621573323021831.tif,False,True,True,True,True,True,False,True,True,3.552713678800501e-15,514.0,514.0,2.0,514.0,514.0,1.0,,-1.0|0.0|1.0,True,0.025093315169215202,1.0,0.0,0.9873245358467102,,True
permanent:train:sentinel_1_241_low_density_121.14575369932936_13.653330433748039:6626e69213e1,permanent,train,data/external/sen1floods11/permanent_splits/permanent_water_train_data.csv,55,data/external/sen1floods11/permanent_sar/sentinel_1_241_low_density_121.14575369932936_13.653330433748039.tif,data/external/sen1floods11/permanent_mask/water_1_241_low_density_121.14575369932936_13.653330433748039.tif,False,True,True,True,True,True,False,True,True,1.4210854715202004e-14,525.0,514.0,2.0,525.0,514.0,1.0,,-1.0|0.0|1.0,True,0.34687402844429016,1.0,0.0,1.0,,True
permanent:train:sentinel_1_241_low_density_124.04454840765872_12.90166868737078:cc1ceef0b3e4,permanent,train,data/external/sen1floods11/permanent_splits/permanent_water_train_data.csv,322,data/external/sen1floods11/permanent_sar/sentinel_1_241_low_density_124.04454840765872_12.90166868737078.tif,data/external/sen1floods11/permanent_mask/water_1_241_low_density_124.04454840765872_12.90166868737078.tif,False,True,True,True,True,True,False,True,True,2.842170943040401e-14,524.0,514.0,2.0,524.0,514.0,1.0,,-1.0|0.0|1.0,True,0.21282154321670532,1.0,0.05646044388413429,0.9386654496192932,,True
permanent:train:sentinel_1_241_rural_122.25783566565457_16.531457208694686:daac672dd644,permanent,train,data/external/sen1floods11/permanent_splits/permanent_water_train_data.csv,60,data/external/sen1floods11/permanent_sar/sentinel_1_241_rural_122.25783566565457_16.531457208694686.tif,data/external/sen1floods11/permanent_mask/water_1_241_rural_122.25783566565457_16.531457208694686.tif,False,True,True,True,True,True,True,True,True,0.0,533.0,514.0,2.0,533.0,514.0,1.0,,-1.0|0.0|1.0|nan,False,0.31445571780204773,1.0,0.036701034754514694,1.0,,False
permanent:train:sentinel_1_241_rural_122.27914570958897_18.209091420729465:4983dda67443,permanent,train,data/external/sen1floods11/permanent_splits/permanent_water_train_data.csv,82,data/external/sen1floods11/permanent_sar/sentinel_1_241_rural_122.27914570958897_18.209091420729465.tif,data/external/sen1floods11/permanent_mask/water_1_241_rural_122.27914570958897_18.209091420729465.tif,False,True,True,True,True,True,False,True,True,1.4210854715202004e-14,537.0,514.0,2.0,537.0,514.0,1.0,,-1.0|0.0|1.0,True,0.3860672414302826,1.0,0.04143793135881424,1.0,,True
permanent:train:sentinel_1_242_low_density_74.61670191041563_13.859135783768783:98531071e325,permanent,train,data/external/sen1floods11/permanent_splits/permanent_water_train_data.csv,482,data/external/sen1floods11/permanent_sar/sentinel_1_242_low_density_74.61670191041563_13.859135783768783.tif,data/external/sen1floods11/permanent_mask/water_1_242_low_density_74.61670191041563_13.859135783768783.tif,False,True,True,True,True,True,False,True,True,5.329070518200751e-15,526.0,514.0,2.0,526.0,514.0,1.0,,-1.0|0.0|1.0,True,0.03316523879766464,1.0,0.0,0.9474360346794128,,True
permanent:train:sentinel_1_242_low_density_74.688319532435_13.442575481557977:b78e71e74e83,permanent,train,data/external/sen1floods11/permanent_splits/permanent_water_train_data.csv,319,data/external/sen1floods11/permanent_sar/sentinel_1_242_low_density_74.688319532435_13.442575481557977.tif,data/external/sen1floods11/permanent_mask/water_1_242_low_density_74.688319532435_13.442575481557977.tif,False,True,True,True,True,True,False,True,True,1.4210854715202004e-14,524.0,514.0,2.0,524.0,514.0,1.0,,-1.0|0.0|1.0,True,0.05729639530181885,1.0,0.0570649579167366,1.0,,True
permanent:train:sentinel_1_243_inhabited_120.3299968344099_13.806273140780181:b3063f48a962,permanent,train,data/external/sen1floods11/permanent_splits/permanent_water_train_data.csv,423,data/external/sen1floods11/permanent_sar/sentinel_1_243_inhabited_120.3299968344099_13.806273140780181.tif,data/external/sen1floods11/permanent_mask/water_1_243_inhabited_120.3299968344099_13.806273140780181.tif,False,True,True,True,True,True,False,True,True,2.842170943040401e-14,526.0,514.0,2.0,526.0,514.0,1.0,,-1.0|0.0|1.0,True,0.26017671823501587,1.0,0.0,0.9458699822425842,,True
permanent:train:sentinel_1_243_rural_120.04523418203576_13.872370395695413:a17a171a957c,permanent,train,data/external/sen1floods11/permanent_splits/permanent_water_train_data.csv,395,data/external/sen1floods11/permanent_sar/sentinel_1_243_rural_120.04523418203576_13.872370395695413.tif,data/external/sen1floods11/permanent_mask/water_1_243_rural_120.04523418203576_13.872370395695413.tif,False,True,True,True,True,True,False,True,True,2.842170943040401e-14,526.0,513.0,2.0,526.0,513.0,1.0,,-1.0|0.0|1.0,True,0.34292519092559814,1.0,0.0,0.8459712862968445,,True
permanent:train:sentinel_1_245_inhabited_98.7689545607946_-1.4834626566624816:f1068eb2a73c,permanent,train,data/external/sen1floods11/permanent_splits/permanent_water_train_data.csv,449,data/external/sen1floods11/permanent_sar/sentinel_1_245_inhabited_98.7689545607946_-1.4834626566624816.tif,data/external/sen1floods11/permanent_mask/water_1_245_inhabited_98.7689545607946_-1.4834626566624816.tif,False,True,True,True,True,True,False,True,True,1.4210854715202004e-14,511.0,514.0,2.0,511.0,514.0,1.0,,-1.0|0.0|1.0,True,0.05323350057005882,1.0,0.0,0.9109652042388916,,True
permanent:train:sentinel_1_247_high_density_125.01146433918898_11.209435378487015:e89790203d6d,permanent,train,data/external/sen1floods11/permanent_splits/permanent_water_train_data.csv,218,data/external/sen1floods11/permanent_sar/sentinel_1_247_high_density_125.01146433918898_11.209435378487015.tif,data/external/sen1floods11/permanent_mask/water_1_247_high_density_125.01146433918898_11.209435378487015.tif,False,True,True,True,True,True,False,True,True,4.263256414560601e-14,521.0,514.0,2.0,521.0,514.0,1.0,,-1.0|0.0|1.0,True,0.2341950237751007,1.0,0.040902163833379745,1.0,,True
permanent:train:sentinel_1_247_high_density_125.68405730568655_7.069039654634072:fdc07add4ff8,permanent,train,data/external/sen1floods11/permanent_splits/permanent_water_train_data.csv,174,data/external/sen1floods11/permanent_sar/sentinel_1_247_high_density_125.68405730568655_7.069039654634072.tif,data/external/sen1floods11/permanent_mask/water_1_247_high_density_125.68405730568655_7.069039654634072.tif,False,True,True,True,True,True,False,True,True,1.4210854715202004e-14,514.0,514.0,2.0,514.0,514.0,1.0,,-1.0|0.0|1.0,True,0.19483375549316406,1.0,0.0,1.0,,True
permanent:train:sentinel_1_247_low_density_124.311470196718_11.907717226153474:932c93e4d04e,permanent,train,data/external/sen1floods11/permanent_splits/permanent_water_train_data.csv,20,data/external/sen1floods11/permanent_sar/sentinel_1_247_low_density_124.311470196718_11.907717226153474.tif,data/external/sen1floods11/permanent_mask/water_1_247_low_density_124.311470196718_11.907717226153474.tif,False,True,True,True,True,True,False,True,True,2.842170943040401e-14,521.0,514.0,2.0,521.0,514.0,1.0,,-1.0|0.0|1.0,True,0.05248245596885681,1.0,0.0,1.0,,True
permanent:train:sentinel_1_247_low_density_124.51745391078086_10.865183858958884:efaad383f948,permanent,train,data/external/sen1floods11/permanent_splits/permanent_water_train_data.csv,299,data/external/sen1floods11/permanent_sar/sentinel_1_247_low_density_124.51745391078086_10.865183858958884.tif,data/external/sen1floods11/permanent_mask/water_1_247_low_density_124.51745391078086_10.865183858958884.tif,False,True,True,True,True,True,False,True,True,3.552713678800501e-15,520.0,514.0,2.0,520.0,514.0,1.0,,-1.0|0.0|1.0,True,0.09012138843536377,1.0,0.0,0.977606475353241,,True
permanent:train:sentinel_1_247_low_density_125.2107415652675_9.040399312160387:4d6ba36e820f,permanent,train,data/external/sen1floods11/permanent_splits/permanent_water_train_data.csv,416,data/external/sen1floods11/permanent_sar/sentinel_1_247_low_density_125.2107415652675_9.040399312160387.tif,data/external/sen1floods11/permanent_mask/water_1_247_low_density_125.2107415652675_9.040399312160387.tif,False,True,True,True,True,True,False,True,True,1.4210854715202004e-14,516.0,514.0,2.0,516.0,514.0,1.0,,-1.0|0.0|1.0,True,0.2932737171649933,1.0,0.010378497652709484,0.9475732445716858,,True
permanent:train:sentinel_1_247_rural_125.71947594535406_10.793677714465828:18231412c7ab,permanent,train,data/external/sen1floods11/permanent_splits/permanent_water_train_data.csv,131,data/external/sen1floods11/permanent_sar/sentinel_1_247_rural_125.71947594535406_10.793677714465828.tif,data/external/sen1floods11/permanent_mask/water_1_247_rural_125.71947594535406_10.793677714465828.tif,False,True,True,True,True,True,False,True,True,1.4210854715202004e-14,520.0,514.0,2.0,520.0,514.0,1.0,,-1.0|0.0|1.0,True,0.21517540514469147,0.9867649078369141,0.0,0.8693697452545166,,True
permanent:train:sentinel_1_247_rural_125.78738359529702_11.002461743990267:d90d324b434d,permanent,train,data/external/sen1floods11/permanent_splits/permanent_water_train_data.csv,475,data/external/sen1floods11/permanent_sar/sentinel_1_247_rural_125.78738359529702_11.002461743990267.tif,data/external/sen1floods11/permanent_mask/water_1_247_rural_125.78738359529702_11.002461743990267.tif,False,True,True,True,True,True,False,True,True,2.842170943040401e-14,520.0,514.0,2.0,520.0,514.0,1.0,,-1.0|0.0|1.0,True,0.055710162967443466,1.0,0.0,0.9033209681510925,,True
permanent:train:sentinel_1_247_rural_126.18743630540793_9.049201577639892:7d738ea0601a,permanent,train,data/external/sen1floods11/permanent_splits/permanent_water_train_data.csv,275,data/external/sen1floods11/permanent_sar/sentinel_1_247_rural_126.18743630540793_9.049201577639892.tif,data/external/sen1floods11/permanent_mask/water_1_247_rural_126.18743630540793_9.049201577639892.tif,False,True,True,True,True,True,False,True,True,7.105427357601002e-15,517.0,514.0,2.0,517.0,514.0,1.0,,-1.0|0.0|1.0,True,0.3426382839679718,1.0,0.046969883143901825,1.0,,True
permanent:train:sentinel_1_250_inhabited_97.61584886477769_16.13298302035665:f201e838d40a,permanent,train,data/external/sen1floods11/permanent_splits/permanent_water_train_data.csv,210,data/external/sen1floods11/permanent_sar/sentinel_1_250_inhabited_97.61584886477769_16.13298302035665.tif,data/external/sen1floods11/permanent_mask/water_1_250_inhabited_97.61584886477769_16.13298302035665.tif,False,True,True,True,True,True,False,True,True,1.4210854715202004e-14,532.0,513.0,2.0,532.0,513.0,1.0,,-1.0|0.0|1.0,True,0.00012177631288068369,1.0,0.0,0.893944501876831,,True
permanent:train:sentinel_1_250_rural_97.68902271306477_15.925202288569235:906cd09b2eb9,permanent,train,data/external/sen1floods11/permanent_splits/permanent_water_train_data.csv,380,data/external/sen1floods11/permanent_sar/sentinel_1_250_rural_97.68902271306477_15.925202288569235.tif,data/external/sen1floods11/permanent_mask/water_1_250_rural_97.68902271306477_15.925202288569235.tif,False,True,True,True,True,True,False,True,True,1.4210854715202004e-14,531.0,513.0,2.0,531.0,513.0,1.0,,-1.0|0.0|1.0,True,0.12098689377307892,1.0,0.05820653960108757,0.9080607295036316,,True
permanent:train:sentinel_1_251_high_density_127.87275354855782_26.337002588817956:839e1c850624,permanent,train,data/external/sen1floods11/permanent_splits/permanent_water_train_data.csv,390,data/external/sen1floods11/permanent_sar/sentinel_1_251_high_density_127.87275354855782_26.337002588817956.tif,data/external/sen1floods11/permanent_mask/water_1_251_high_density_127.87275354855782_26.337002588817956.tif,False,True,True,True,True,True,False,True,True,1.4210854715202004e-14,569.0,514.0,2.0,569.0,514.0,1.0,,-1.0|0.0|1.0,True,0.18243716657161713,1.0,0.0,1.0,,True
permanent:train:sentinel_1_251_inhabited_128.63902776908722_27.381083264078093:d15db5c05e7b,permanent,train,data/external/sen1floods11/permanent_splits/permanent_water_train_data.csv,142,data/external/sen1floods11/permanent_sar/sentinel_1_251_inhabited_128.63902776908722_27.381083264078093.tif,data/external/sen1floods11/permanent_mask/water_1_251_inhabited_128.63902776908722_27.381083264078093.tif,False,True,True,True,True,True,False,True,True,3.552713678800501e-15,575.0,514.0,2.0,575.0,514.0,1.0,,-1.0|0.0|1.0,True,0.3856055736541748,1.0,0.04767068102955818,1.0,,True
permanent:train:sentinel_1_251_rural_128.2552819915287_26.68620816961646:599d19e8858d,permanent,train,data/external/sen1floods11/permanent_splits/permanent_water_train_data.csv,59,data/external/sen1floods11/permanent_sar/sentinel_1_251_rural_128.2552819915287_26.68620816961646.tif,data/external/sen1floods11/permanent_mask/water_1_251_rural_128.2552819915287_26.68620816961646.tif,False,True,True,True,True,True,True,True,True,0.0,571.0,513.0,2.0,571.0,513.0,1.0,,-1.0|0.0|1.0,True,0.25709912180900574,1.0,0.041231922805309296,1.0,,True
permanent:train:sentinel_1_256_inhabited_97.05513028461004_19.92052561874937:a587361eae09,permanent,train,data/external/sen1floods11/permanent_splits/permanent_water_train_data.csv,280,data/external/sen1floods11/permanent_sar/sentinel_1_256_inhabited_97.05513028461004_19.92052561874937.tif,data/external/sen1floods11/permanent_mask/water_1_256_inhabited_97.05513028461004_19.92052561874937.tif,False,True,True,True,True,True,False,True,True,2.842170943040401e-14,543.0,514.0,2.0,543.0,514.0,1.0,,-1.0|0.0|1.0,True,0.05228467658162117,1.0,0.0,1.0,,True
permanent:train:sentinel_1_25_inhabited_39.63811754855641_-4.1517307587308:fa57e74061f7,permanent,train,data/external/sen1floods11/permanent_splits/permanent_water_train_data.csv,147,data/external/sen1floods11/permanent_sar/sentinel_1_25_inhabited_39.63811754855641_-4.1517307587308.tif,data/external/sen1floods11/permanent_mask/water_1_25_inhabited_39.63811754855641_-4.1517307587308.tif,False,True,True,True,True,True,False,True,True,1.4210854715202004e-14,512.0,514.0,2.0,512.0,514.0,1.0,,-1.0|0.0|1.0,True,0.4232387840747833,1.0,0.0,1.0,,True
permanent:train:sentinel_1_25_inhabited_39.91422062668473_-3.5262169811555206:622e22772828,permanent,train,data/external/sen1floods11/permanent_splits/permanent_water_train_data.csv,415,data/external/sen1floods11/permanent_sar/sentinel_1_25_inhabited_39.91422062668473_-3.5262169811555206.tif,data/external/sen1floods11/permanent_mask/water_1_25_inhabited_39.91422062668473_-3.5262169811555206.tif,False,True,True,True,True,True,False,True,True,7.105427357601002e-15,511.0,514.0,2.0,511.0,514.0,1.0,,-1.0|0.0|1.0,True,0.36081889271736145,1.0,0.0,0.9314473867416382,,True
permanent:train:sentinel_1_25_inhabited_40.90613427872061_-2.2963077285940767:56be27019dac,permanent,train,data/external/sen1floods11/permanent_splits/permanent_water_train_data.csv,223,data/external/sen1floods11/permanent_sar/sentinel_1_25_inhabited_40.90613427872061_-2.2963077285940767.tif,data/external/sen1floods11/permanent_mask/water_1_25_inhabited_40.90613427872061_-2.2963077285940767.tif,False,True,True,True,True,True,False,True,True,2.1316282072803006e-14,511.0,514.0,2.0,511.0,514.0,1.0,,-1.0|0.0|1.0,True,0.3060382604598999,1.0,0.05619676783680916,0.958520770072937,,True
permanent:train:sentinel_1_260_low_density_107.21168272235745_16.858362825124907:71c65395a388,permanent,train,data/external/sen1floods11/permanent_splits/permanent_water_train_data.csv,349,data/external/sen1floods11/permanent_sar/sentinel_1_260_low_density_107.21168272235745_16.858362825124907.tif,data/external/sen1floods11/permanent_mask/water_1_260_low_density_107.21168272235745_16.858362825124907.tif,False,True,True,True,True,True,False,True,True,7.105427357601002e-15,533.0,513.0,2.0,533.0,513.0,1.0,,-1.0|0.0|1.0,True,0.3535352051258087,1.0,0.04556861147284508,1.0,,True
permanent:train:sentinel_1_260_rural_108.05697667265494_16.269765945171102:199e434d1335,permanent,train,data/external/sen1floods11/permanent_splits/permanent_water_train_data.csv,281,data/external/sen1floods11/permanent_sar/sentinel_1_260_rural_108.05697667265494_16.269765945171102.tif,data/external/sen1floods11/permanent_mask/water_1_260_rural_108.05697667265494_16.269765945171102.tif,False,True,True,True,True,True,False,True,True,1.4210854715202004e-14,532.0,514.0,2.0,532.0,514.0,1.0,,-1.0|0.0|1.0,True,0.4059230387210846,1.0,0.0,1.0,,True
permanent:train:sentinel_1_261_inhabited_84.80127088008179_19.15115678208887:fbc5bca0b395,permanent,train,data/external/sen1floods11/permanent_splits/permanent_water_train_data.csv,305,data/external/sen1floods11/permanent_sar/sentinel_1_261_inhabited_84.80127088008179_19.15115678208887.tif,data/external/sen1floods11/permanent_mask/water_1_261_inhabited_84.80127088008179_19.15115678208887.tif,False,True,True,True,True,True,False,True,True,2.842170943040401e-14,540.0,514.0,2.0,540.0,514.0,1.0,,-1.0|0.0|1.0,True,0.10277815163135529,1.0,0.006154343485832214,0.853113055229187,,True
permanent:train:sentinel_1_262_rural_119.24511984361175_10.090098454747867:9900994dbaef,permanent,train,data/external/sen1floods11/permanent_splits/permanent_water_train_data.csv,399,data/external/sen1floods11/permanent_sar/sentinel_1_262_rural_119.24511984361175_10.090098454747867.tif,data/external/sen1floods11/permanent_mask/water_1_262_rural_119.24511984361175_10.090098454747867.tif,False,True,True,True,True,True,False,True,True,5.329070518200751e-15,518.0,513.0,2.0,518.0,513.0,1.0,,-1.0|0.0|1.0,True,0.23510326445102692,0.9915574193000793,0.057217422872781754,0.8600645065307617,,True
permanent:train:sentinel_1_262_rural_120.2424646807307_11.952963724542792:710b889f38d1,permanent,train,data/external/sen1floods11/permanent_splits/permanent_water_train_data.csv,13,data/external/sen1floods11/permanent_sar/sentinel_1_262_rural_120.2424646807307_11.952963724542792.tif,data/external/sen1floods11/permanent_mask/water_1_262_rural_120.2424646807307_11.952963724542792.tif,False,True,True,True,True,True,True,True,True,0.0,522.0,514.0,2.0,522.0,514.0,1.0,,-1.0|0.0|1.0|nan,False,0.14739038050174713,1.0,0.016079800203442574,1.0,,False
permanent:train:sentinel_1_265_high_density_100.25397344372473_5.300448699311101:aa115ab994e1,permanent,train,data/external/sen1floods11/permanent_splits/permanent_water_train_data.csv,58,data/external/sen1floods11/permanent_sar/sentinel_1_265_high_density_100.25397344372473_5.300448699311101.tif,data/external/sen1floods11/permanent_mask/water_1_265_high_density_100.25397344372473_5.300448699311101.tif,False,True,True,True,True,True,False,True,True,8.881784197001252e-16,513.0,514.0,2.0,513.0,514.0,1.0,,-1.0|0.0|1.0,True,0.052796319127082825,1.0,0.0,1.0,,True
permanent:train:sentinel_1_265_high_density_103.93812286599122_1.3072434421313541:607a8d852a34,permanent,train,data/external/sen1floods11/permanent_splits/permanent_water_train_data.csv,430,data/external/sen1floods11/permanent_sar/sentinel_1_265_high_density_103.93812286599122_1.3072434421313541.tif,data/external/sen1floods11/permanent_mask/water_1_265_high_density_103.93812286599122_1.3072434421313541.tif,False,True,True,True,True,True,False,True,True,1.4210854715202004e-14,511.0,514.0,2.0,511.0,514.0,1.0,,-1.0|0.0|1.0,True,0.24309174716472626,1.0,0.029409777373075485,1.0,,True
permanent:train:sentinel_1_265_low_density_102.90251448273263_1.7926433464052591:f157a0ea6008,permanent,train,data/external/sen1floods11/permanent_splits/permanent_water_train_data.csv,368,data/external/sen1floods11/permanent_sar/sentinel_1_265_low_density_102.90251448273263_1.7926433464052591.tif,data/external/sen1floods11/permanent_mask/water_1_265_low_density_102.90251448273263_1.7926433464052591.tif,False,True,True,True,True,True,False,True,True,1.4210854715202004e-14,510.0,514.0,2.0,510.0,514.0,1.0,,-1.0|0.0|1.0,True,0.0,1.0,0.0,1.0,,True
permanent:train:sentinel_1_265_low_density_103.38584536411771_1.5153140154872453:5c60be65fddf,permanent,train,data/external/sen1floods11/permanent_splits/permanent_water_train_data.csv,474,data/external/sen1floods11/permanent_sar/sentinel_1_265_low_density_103.38584536411771_1.5153140154872453.tif,data/external/sen1floods11/permanent_mask/water_1_265_low_density_103.38584536411771_1.5153140154872453.tif,False,True,True,True,True,True,False,True,True,1.4210854715202004e-14,511.0,513.0,2.0,511.0,513.0,1.0,,-1.0|0.0|1.0,True,0.08129090070724487,1.0,0.0,1.0,,True
permanent:train:sentinel_1_265_rural_103.59298398535344_1.376537872501903:376c72295049,permanent,train,data/external/sen1floods11/permanent_splits/permanent_water_train_data.csv,148,data/external/sen1floods11/permanent_sar/sentinel_1_265_rural_103.59298398535344_1.376537872501903.tif,data/external/sen1floods11/permanent_mask/water_1_265_rural_103.59298398535344_1.376537872501903.tif,False,True,True,True,True,True,False,True,True,5.995204332975845e-15,511.0,513.0,2.0,511.0,513.0,1.0,,-1.0|0.0|1.0,True,0.43686336278915405,1.0,0.14731906354427338,1.0,,True
permanent:train:sentinel_1_268_high_density_110.43599180758834_21.26983622021893:131410fc1fbd,permanent,train,data/external/sen1floods11/permanent_splits/permanent_water_train_data.csv,167,data/external/sen1floods11/permanent_sar/sentinel_1_268_high_density_110.43599180758834_21.26983622021893.tif,data/external/sen1floods11/permanent_mask/water_1_268_high_density_110.43599180758834_21.26983622021893.tif,False,True,True,True,True,True,False,True,True,3.552713678800501e-15,548.0,514.0,2.0,548.0,514.0,1.0,,-1.0|0.0|1.0,True,0.09083225578069687,1.0,0.0,1.0,,True
permanent:train:sentinel_1_268_high_density_117.06812428190473_23.61765102508136:d076ab8191e4,permanent,train,data/external/sen1floods11/permanent_splits/permanent_water_train_data.csv,100,data/external/sen1floods11/permanent_sar/sentinel_1_268_high_density_117.06812428190473_23.61765102508136.tif,data/external/sen1floods11/permanent_mask/water_1_268_high_density_117.06812428190473_23.61765102508136.tif,False,True,True,True,True,True,False,True,True,2.842170943040401e-14,557.0,513.0,2.0,557.0,513.0,1.0,,-1.0|0.0|1.0,True,0.0,1.0,0.0063966806046664715,1.0,,True
permanent:train:sentinel_1_268_low_density_110.0160648840822_18.381235016897747:d0c4f41d743a,permanent,train,data/external/sen1floods11/permanent_splits/permanent_water_train_data.csv,407,data/external/sen1floods11/permanent_sar/sentinel_1_268_low_density_110.0160648840822_18.381235016897747.tif,data/external/sen1floods11/permanent_mask/water_1_268_low_density_110.0160648840822_18.381235016897747.tif,False,True,True,True,True,True,False,True,True,2.842170943040401e-14,538.0,514.0,2.0,538.0,514.0,1.0,,-1.0|0.0|1.0,True,0.14444121718406677,1.0,0.0,0.940506100654602,,True
permanent:train:sentinel_1_268_low_density_110.36285363210972_21.061408918778763:20a6c5019953,permanent,train,data/external/sen1floods11/permanent_splits/permanent_water_train_data.csv,208,data/external/sen1floods11/permanent_sar/sentinel_1_268_low_density_110.36285363210972_21.061408918778763.tif,data/external/sen1floods11/permanent_mask/water_1_268_low_density_110.36285363210972_21.061408918778763.tif,False,True,True,True,True,True,True,True,True,0.0,547.0,513.0,2.0,547.0,513.0,1.0,,-1.0|0.0|1.0,True,0.1219187080860138,1.0,0.0,1.0,,True
permanent:train:sentinel_1_268_rural_114.44477716384883_22.570631802227:20669793aace,permanent,train,data/external/sen1floods11/permanent_splits/permanent_water_train_data.csv,420,data/external/sen1floods11/permanent_sar/sentinel_1_268_rural_114.44477716384883_22.570631802227.tif,data/external/sen1floods11/permanent_mask/water_1_268_rural_114.44477716384883_22.570631802227.tif,False,True,True,True,True,True,False,True,True,1.4210854715202004e-14,553.0,514.0,2.0,553.0,514.0,1.0,,-1.0|0.0|1.0,True,0.0,1.0,0.0,1.0,,True
permanent:train:sentinel_1_269_inhabited_120.69347153857939_22.08313612045798:a51e606e9c00,permanent,train,data/external/sen1floods11/permanent_splits/permanent_water_train_data.csv,336,data/external/sen1floods11/permanent_sar/sentinel_1_269_inhabited_120.69347153857939_22.08313612045798.tif,data/external/sen1floods11/permanent_mask/water_1_269_inhabited_120.69347153857939_22.08313612045798.tif,False,True,True,True,True,True,True,True,True,0.0,550.0,514.0,2.0,550.0,514.0,1.0,,-1.0|0.0|1.0|nan,False,0.44506001472473145,1.0,0.0,1.0,,False
permanent:train:sentinel_1_278_low_density_99.16129748518414_3.5295345523392836:1a5bbe0a55eb,permanent,train,data/external/sen1floods11/permanent_splits/permanent_water_train_data.csv,396,data/external/sen1floods11/permanent_sar/sentinel_1_278_low_density_99.16129748518414_3.5295345523392836.tif,data/external/sen1floods11/permanent_mask/water_1_278_low_density_99.16129748518414_3.5295345523392836.tif,False,True,True,True,True,True,False,True,True,2.842170943040401e-14,512.0,514.0,2.0,512.0,514.0,1.0,,-1.0|0.0|1.0,True,0.0003177032631356269,1.0,0.00023304717615246773,1.0,,True
permanent:train:sentinel_1_278_rural_101.87822775704873_-3.423621984117837:aaf0c9705722,permanent,train,data/external/sen1floods11/permanent_splits/permanent_water_train_data.csv,10,data/external/sen1floods11/permanent_sar/sentinel_1_278_rural_101.87822775704873_-3.423621984117837.tif,data/external/sen1floods11/permanent_mask/water_1_278_rural_101.87822775704873_-3.423621984117837.tif,False,True,True,True,True,True,False,True,True,4.263256414560601e-14,511.0,513.0,2.0,511.0,513.0,1.0,,-1.0|0.0|1.0,True,0.06944195181131363,1.0,0.0,0.9349549412727356,,True
permanent:train:sentinel_1_278_rural_99.11581465443899_0.49112539002652905:46186c16b1e3,permanent,train,data/external/sen1floods11/permanent_splits/permanent_water_train_data.csv,188,data/external/sen1floods11/permanent_sar/sentinel_1_278_rural_99.11581465443899_0.49112539002652905.tif,data/external/sen1floods11/permanent_mask/water_1_278_rural_99.11581465443899_0.49112539002652905.tif,False,True,True,True,True,True,False,True,True,9.2148511043888e-15,511.0,514.0,2.0,511.0,514.0,1.0,,-1.0|0.0|1.0,True,0.05930820107460022,1.0,0.0,0.8527843952178955,,True
permanent:train:sentinel_1_279_inhabited_98.95389577698626_2.417840527805745:0c886bc39508,permanent,train,data/external/sen1floods11/permanent_splits/permanent_water_train_data.csv,120,data/external/sen1floods11/permanent_sar/sentinel_1_279_inhabited_98.95389577698626_2.417840527805745.tif,data/external/sen1floods11/permanent_mask/water_1_279_inhabited_98.95389577698626_2.417840527805745.tif,False,True,True,True,True,True,False,True,True,3.1086244689504383e-15,511.0,514.0,2.0,511.0,514.0,1.0,,-1.0|0.0|1.0,True,0.0,1.0,0.0,0.9923774003982544,,True
permanent:train:sentinel_1_280_rural_102.2131062461625_1.4447130685080367:75461647757e,permanent,train,data/external/sen1floods11/permanent_splits/permanent_water_train_data.csv,268,data/external/sen1floods11/permanent_sar/sentinel_1_280_rural_102.2131062461625_1.4447130685080367.tif,data/external/sen1floods11/permanent_mask/water_1_280_rural_102.2131062461625_1.4447130685080367.tif,False,True,True,True,True,True,False,True,True,4.6629367034256575e-15,511.0,513.0,2.0,511.0,513.0,1.0,,-1.0|0.0|1.0,True,0.0,1.0,0.03488114848732948,1.0,,True
permanent:train:sentinel_1_283_high_density_120.23353310132067_22.769240163147483:a809af8ee39e,permanent,train,data/external/sen1floods11/permanent_splits/permanent_water_train_data.csv,211,data/external/sen1floods11/permanent_sar/sentinel_1_283_high_density_120.23353310132067_22.769240163147483.tif,data/external/sen1floods11/permanent_mask/water_1_283_high_density_120.23353310132067_22.769240163147483.tif,False,True,True,True,True,True,False,True,True,1.4210854715202004e-14,554.0,514.0,2.0,554.0,514.0,1.0,,-1.0|0.0|1.0,True,0.2886962592601776,1.0,0.00922941230237484,1.0,,True
permanent:train:sentinel_1_284_inhabited_99.9091467001607_6.3430623303246545:e6880ddedee2,permanent,train,data/external/sen1floods11/permanent_splits/permanent_water_train_data.csv,374,data/external/sen1floods11/permanent_sar/sentinel_1_284_inhabited_99.9091467001607_6.3430623303246545.tif,data/external/sen1floods11/permanent_mask/water_1_284_inhabited_99.9091467001607_6.3430623303246545.tif,False,True,True,True,True,True,False,True,True,1.4210854715202004e-14,514.0,514.0,2.0,514.0,514.0,1.0,,-1.0|0.0|1.0,True,0.21614545583724976,1.0,0.0,0.9565469622612,,True
permanent:train:sentinel_1_284_rural_98.33081666858617_7.7921809906734945:ef02f7b06f2a,permanent,train,data/external/sen1floods11/permanent_splits/permanent_water_train_data.csv,384,data/external/sen1floods11/permanent_sar/sentinel_1_284_rural_98.33081666858617_7.7921809906734945.tif,data/external/sen1floods11/permanent_mask/water_1_284_rural_98.33081666858617_7.7921809906734945.tif,False,True,True,True,True,True,False,True,True,1.7763568394002505e-15,516.0,514.0,2.0,516.0,514.0,1.0,,-1.0|0.0|1.0,True,0.08634483814239502,1.0,0.056173138320446014,1.0,,True
permanent:train:sentinel_1_284_rural_99.82717504549521_10.066438464558283:536359571290,permanent,train,data/external/sen1floods11/permanent_splits/permanent_water_train_data.csv,146,data/external/sen1floods11/permanent_sar/sentinel_1_284_rural_99.82717504549521_10.066438464558283.tif,data/external/sen1floods11/permanent_mask/water_1_284_rural_99.82717504549521_10.066438464558283.tif,False,True,True,True,True,True,False,True,True,7.105427357601002e-15,519.0,514.0,2.0,519.0,514.0,1.0,,-1.0|0.0|1.0,True,0.0,1.0,0.0,1.0,,True
permanent:train:sentinel_1_285_inhabited_104.26082800922909_12.639758927895578:0cb0c9a48e64,permanent,train,data/external/sen1floods11/permanent_splits/permanent_water_train_data.csv,171,data/external/sen1floods11/permanent_sar/sentinel_1_285_inhabited_104.26082800922909_12.639758927895578.tif,data/external/sen1floods11/permanent_mask/water_1_285_inhabited_104.26082800922909_12.639758927895578.tif,False,True,True,True,True,True,False,True,True,1.4210854715202004e-14,523.0,514.0,2.0,523.0,514.0,1.0,,1.0,True,0.13273335993289948,0.7109732031822205,0.0,0.5719653964042664,,True
permanent:train:sentinel_1_289_high_density_107.20404428225288_-7.4654626564875155:f35bc4d43e04,permanent,train,data/external/sen1floods11/permanent_splits/permanent_water_train_data.csv,196,data/external/sen1floods11/permanent_sar/sentinel_1_289_high_density_107.20404428225288_-7.4654626564875155.tif,data/external/sen1floods11/permanent_mask/water_1_289_high_density_107.20404428225288_-7.4654626564875155.tif,False,True,True,True,True,True,False,True,True,4.263256414560601e-14,515.0,514.0,2.0,515.0,514.0,1.0,,-1.0|0.0|1.0,True,0.13284564018249512,1.0,0.0,0.9207545518875122,,True
permanent:train:sentinel_1_289_low_density_108.5296324661181_-6.503139599042308:28dd6a36bf14,permanent,train,data/external/sen1floods11/permanent_splits/permanent_water_train_data.csv,341,data/external/sen1floods11/permanent_sar/sentinel_1_289_low_density_108.5296324661181_-6.503139599042308.tif,data/external/sen1floods11/permanent_mask/water_1_289_low_density_108.5296324661181_-6.503139599042308.tif,False,True,True,True,True,True,False,True,True,1.4210854715202004e-14,514.0,513.0,2.0,514.0,513.0,1.0,,-1.0|0.0|1.0,True,0.05146317929029465,1.0,0.0,0.8094179630279541,,True
permanent:train:sentinel_1_289_rural_107.42266954780227_-6.080465869287227:bee758f9d1f0,permanent,train,data/external/sen1floods11/permanent_splits/permanent_water_train_data.csv,56,data/external/sen1floods11/permanent_sar/sentinel_1_289_rural_107.42266954780227_-6.080465869287227.tif,data/external/sen1floods11/permanent_mask/water_1_289_rural_107.42266954780227_-6.080465869287227.tif,False,True,True,True,True,True,False,True,True,2.842170943040401e-14,514.0,514.0,2.0,514.0,514.0,1.0,,-1.0|0.0|1.0|nan,False,2.5683719286462292e-05,1.0,0.0,0.8636302947998047,,False
permanent:train:sentinel_1_28_low_density_39.89687472358683_-16.227038838876986:5155eeac5c55,permanent,train,data/external/sen1floods11/permanent_splits/permanent_water_train_data.csv,197,data/external/sen1floods11/permanent_sar/sentinel_1_28_low_density_39.89687472358683_-16.227038838876986.tif,data/external/sen1floods11/permanent_mask/water_1_28_low_density_39.89687472358683_-16.227038838876986.tif,False,True,True,True,True,True,False,True,True,3.552713678800501e-15,531.0,513.0,2.0,531.0,513.0,1.0,,-1.0|0.0|1.0,True,0.40654492378234863,1.0,0.0,0.9779133200645447,,True
permanent:train:sentinel_1_28_low_density_40.11127276133756_-16.017768767337714:67eb5836f847,permanent,train,data/external/sen1floods11/permanent_splits/permanent_water_train_data.csv,308,data/external/sen1floods11/permanent_sar/sentinel_1_28_low_density_40.11127276133756_-16.017768767337714.tif,data/external/sen1floods11/permanent_mask/water_1_28_low_density_40.11127276133756_-16.017768767337714.tif,False,True,True,True,True,True,False,True,True,2.1316282072803006e-14,531.0,514.0,2.0,531.0,514.0,1.0,,-1.0|0.0|1.0,True,0.2981630861759186,1.0,0.0,1.0,,True
permanent:train:sentinel_1_28_rural_39.96872867796205_-16.22672224270219:f12ad8f1a85c,permanent,train,data/external/sen1floods11/permanent_splits/permanent_water_train_data.csv,347,data/external/sen1floods11/permanent_sar/sentinel_1_28_rural_39.96872867796205_-16.22672224270219.tif,data/external/sen1floods11/permanent_mask/water_1_28_rural_39.96872867796205_-16.22672224270219.tif,False,True,True,True,True,True,False,True,True,2.1316282072803006e-14,532.0,514.0,2.0,532.0,514.0,1.0,,-1.0|0.0|1.0,True,0.4105490744113922,0.9298458099365234,0.0,0.8123112916946411,,True
permanent:train:sentinel_1_28_rural_40.71116008515868_-14.334966457181993:7996703e7430,permanent,train,data/external/sen1floods11/permanent_splits/permanent_water_train_data.csv,9,data/external/sen1floods11/permanent_sar/sentinel_1_28_rural_40.71116008515868_-14.334966457181993.tif,data/external/sen1floods11/permanent_mask/water_1_28_rural_40.71116008515868_-14.334966457181993.tif,False,True,True,True,True,True,False,True,True,1.4210854715202004e-14,526.0,514.0,2.0,526.0,514.0,1.0,,-1.0|0.0|1.0,True,0.3019164502620697,1.0,0.0,0.8177347183227539,,True
permanent:train:sentinel_1_29_rural_16.160121109367925_-2.2012842851451455:7b3f03713230,permanent,train,data/external/sen1floods11/permanent_splits/permanent_water_train_data.csv,160,data/external/sen1floods11/permanent_sar/sentinel_1_29_rural_16.160121109367925_-2.2012842851451455.tif,data/external/sen1floods11/permanent_mask/water_1_29_rural_16.160121109367925_-2.2012842851451455.tif,False,True,True,True,True,True,False,True,True,2.4868995751603507e-14,511.0,513.0,2.0,511.0,513.0,1.0,,-1.0|0.0|1.0|nan,False,0.06629148870706558,0.9714295268058777,0.0,0.8713472485542297,,False
permanent:train:sentinel_1_30_high_density_-10.695385749944718_6.273678717933036:0c0cbb5987e3,permanent,train,data/external/sen1floods11/permanent_splits/permanent_water_train_data.csv,244,data/external/sen1floods11/permanent_sar/sentinel_1_30_high_density_-10.695385749944718_6.273678717933036.tif,data/external/sen1floods11/permanent_mask/water_1_30_high_density_-10.695385749944718_6.273678717933036.tif,False,True,True,True,True,True,False,True,True,7.105427357601002e-15,514.0,514.0,2.0,514.0,514.0,1.0,,-1.0|0.0|1.0,True,0.32509300112724304,1.0,0.0,1.0,,True
permanent:train:sentinel_1_30_low_density_-11.601359147377531_7.033402519014931:c6672d0cccef,permanent,train,data/external/sen1floods11/permanent_splits/permanent_water_train_data.csv,328,data/external/sen1floods11/permanent_sar/sentinel_1_30_low_density_-11.601359147377531_7.033402519014931.tif,data/external/sen1floods11/permanent_mask/water_1_30_low_density_-11.601359147377531_7.033402519014931.tif,False,True,True,True,True,True,False,True,True,3.552713678800501e-15,515.0,513.0,2.0,515.0,513.0,1.0,,-1.0|0.0|1.0,True,0.043088532984256744,1.0,0.04271164536476135,0.8793754577636719,,True
permanent:train:sentinel_1_30_rural_-10.834924399210198_6.481526336236255:2efaa55c1487,permanent,train,data/external/sen1floods11/permanent_splits/permanent_water_train_data.csv,355,data/external/sen1floods11/permanent_sar/sentinel_1_30_rural_-10.834924399210198_6.481526336236255.tif,data/external/sen1floods11/permanent_mask/water_1_30_rural_-10.834924399210198_6.481526336236255.tif,False,True,True,True,True,True,False,True,True,1.5987211554602254e-14,513.0,514.0,2.0,513.0,514.0,1.0,,-1.0|0.0,True,0.4038914442062378,1.0,0.26235154271125793,1.0,,True
permanent:train:sentinel_1_439_rural_-50.999849064422826_-20.211321434848788:82557917ed7c,permanent,train,data/external/sen1floods11/permanent_splits/permanent_water_train_data.csv,206,data/external/sen1floods11/permanent_sar/sentinel_1_439_rural_-50.999849064422826_-20.211321434848788.tif,data/external/sen1floods11/permanent_mask/water_1_439_rural_-50.999849064422826_-20.211321434848788.tif,False,True,True,True,True,True,False,True,True,2.1316282072803006e-14,544.0,514.0,2.0,544.0,514.0,1.0,,-1.0|0.0|1.0,True,0.016304686665534973,1.0,0.0,0.8609825968742371,,True
permanent:train:sentinel_1_439_rural_-51.003371754255035_-22.813032994593375:7f76aa39f954,permanent,train,data/external/sen1floods11/permanent_splits/permanent_water_train_data.csv,103,data/external/sen1floods11/permanent_sar/sentinel_1_439_rural_-51.003371754255035_-22.813032994593375.tif,data/external/sen1floods11/permanent_mask/water_1_439_rural_-51.003371754255035_-22.813032994593375.tif,False,True,True,True,True,True,False,True,True,2.1316282072803006e-14,553.0,513.0,2.0,553.0,513.0,1.0,,-1.0|0.0|1.0,True,0.20706768333911896,1.0,0.03500015288591385,0.9785283207893372,,True
permanent:train:sentinel_1_441_rural_-38.271563603313176_-12.851245172658409:98e6e37732a5,permanent,train,data/external/sen1floods11/permanent_splits/permanent_water_train_data.csv,269,data/external/sen1floods11/permanent_sar/sentinel_1_441_rural_-38.271563603313176_-12.851245172658409.tif,data/external/sen1floods11/permanent_mask/water_1_441_rural_-38.271563603313176_-12.851245172658409.tif,False,True,True,True,True,True,False,True,True,1.4210854715202004e-14,523.0,514.0,2.0,523.0,514.0,1.0,,-1.0|0.0|1.0,True,0.0,1.0,0.0,0.9905537962913513,,True
permanent:train:sentinel_1_442_inhabited_-39.80305969652337_-19.550964241641886:292d3604eb6c,permanent,train,data/external/sen1floods11/permanent_splits/permanent_water_train_data.csv,163,data/external/sen1floods11/permanent_sar/sentinel_1_442_inhabited_-39.80305969652337_-19.550964241641886.tif,data/external/sen1floods11/permanent_mask/water_1_442_inhabited_-39.80305969652337_-19.550964241641886.tif,False,True,True,True,True,True,False,True,True,2.1316282072803006e-14,542.0,514.0,2.0,542.0,514.0,1.0,,-1.0|0.0|1.0,True,0.03451446071267128,1.0,0.0,0.909907877445221,,True
permanent:train:sentinel_1_442_low_density_-39.11212198829194_-16.621027171555255:e7d412f93e58,permanent,train,data/external/sen1floods11/permanent_splits/permanent_water_train_data.csv,184,data/external/sen1floods11/permanent_sar/sentinel_1_442_low_density_-39.11212198829194_-16.621027171555255.tif,data/external/sen1floods11/permanent_mask/water_1_442_low_density_-39.11212198829194_-16.621027171555255.tif,False,True,True,True,True,True,False,True,True,1.4210854715202004e-14,533.0,514.0,2.0,533.0,514.0,1.0,,-1.0|0.0|1.0|nan,False,0.2855624258518219,1.0,0.034698400646448135,0.9945952892303467,,False
permanent:train:sentinel_1_450_inhabited_-83.19271260246592_15.007639687498516:e2c532800e06,permanent,train,data/external/sen1floods11/permanent_splits/permanent_water_train_data.csv,257,data/external/sen1floods11/permanent_sar/sentinel_1_450_inhabited_-83.19271260246592_15.007639687498516.tif,data/external/sen1floods11/permanent_mask/water_1_450_inhabited_-83.19271260246592_15.007639687498516.tif,False,True,True,True,True,True,False,True,True,1.4210854715202004e-14,529.0,514.0,2.0,529.0,514.0,1.0,,-1.0|0.0|1.0,True,0.19408977031707764,0.9936348795890808,0.0,0.8689902424812317,,True
permanent:train:sentinel_1_450_inhabited_-86.59889504236375_16.33188568194666:efb5c020cbb1,permanent,train,data/external/sen1floods11/permanent_splits/permanent_water_train_data.csv,324,data/external/sen1floods11/permanent_sar/sentinel_1_450_inhabited_-86.59889504236375_16.33188568194666.tif,data/external/sen1floods11/permanent_mask/water_1_450_inhabited_-86.59889504236375_16.33188568194666.tif,False,True,True,True,True,True,False,True,True,7.105427357601002e-15,532.0,514.0,2.0,532.0,514.0,1.0,,-1.0|0.0|1.0,True,0.0,1.0,0.0,1.0,,True
permanent:train:sentinel_1_458_inhabited_-85.77955306019727_12.137071088837466:fceae1315842,permanent,train,data/external/sen1floods11/permanent_splits/permanent_water_train_data.csv,346,data/external/sen1floods11/permanent_sar/sentinel_1_458_inhabited_-85.77955306019727_12.137071088837466.tif,data/external/sen1floods11/permanent_mask/water_1_458_inhabited_-85.77955306019727_12.137071088837466.tif,False,True,True,True,True,True,False,True,True,1.4210854715202004e-14,522.0,514.0,2.0,522.0,514.0,1.0,,-1.0|0.0|1.0,True,0.43715545535087585,1.0,0.0861544981598854,0.8474270701408386,,True
permanent:train:sentinel_1_465_rural_-58.35477952399753_6.9620881158671715:0997927e98d5,permanent,train,data/external/sen1floods11/permanent_splits/permanent_water_train_data.csv,455,data/external/sen1floods11/permanent_sar/sentinel_1_465_rural_-58.35477952399753_6.9620881158671715.tif,data/external/sen1floods11/permanent_mask/water_1_465_rural_-58.35477952399753_6.9620881158671715.tif,False,True,True,True,True,True,False,True,True,1.4210854715202004e-14,514.0,514.0,2.0,514.0,514.0,1.0,,-1.0|0.0|1.0,True,0.44252437353134155,1.0,0.049824394285678864,0.8550935983657837,,True
permanent:train:sentinel_1_465_rural_-58.42449756896814_7.031337955227187:bd6a83cecea1,permanent,train,data/external/sen1floods11/permanent_splits/permanent_water_train_data.csv,480,data/external/sen1floods11/permanent_sar/sentinel_1_465_rural_-58.42449756896814_7.031337955227187.tif,data/external/sen1floods11/permanent_mask/water_1_465_rural_-58.42449756896814_7.031337955227187.tif,False,True,True,True,True,True,False,True,True,7.105427357601002e-15,514.0,513.0,2.0,514.0,513.0,1.0,,-1.0|0.0|1.0,True,0.39495763182640076,1.0,0.049147866666316986,1.0,,True
permanent:train:sentinel_1_467_inhabited_-54.2549170287204_-2.3752248990379625:4bee68869100,permanent,train,data/external/sen1floods11/permanent_splits/permanent_water_train_data.csv,429,data/external/sen1floods11/permanent_sar/sentinel_1_467_inhabited_-54.2549170287204_-2.3752248990379625.tif,data/external/sen1floods11/permanent_mask/water_1_467_inhabited_-54.2549170287204_-2.3752248990379625.tif,False,True,True,True,True,True,False,True,True,7.105427357601002e-15,511.0,514.0,2.0,511.0,514.0,1.0,,-1.0|0.0|1.0,True,0.1102280467748642,0.973594605922699,0.0,0.8572389483451843,,True
permanent:train:sentinel_1_467_inhabited_-55.17890073530808_-2.0246726697213147:25bd0f4b296b,permanent,train,data/external/sen1floods11/permanent_splits/permanent_water_train_data.csv,439,data/external/sen1floods11/permanent_sar/sentinel_1_467_inhabited_-55.17890073530808_-2.0246726697213147.tif,data/external/sen1floods11/permanent_mask/water_1_467_inhabited_-55.17890073530808_-2.0246726697213147.tif,False,True,True,True,True,True,False,True,True,1.4210854715202004e-14,511.0,513.0,2.0,511.0,513.0,1.0,,-1.0|1.0,True,0.2718917727470398,0.9590733051300049,0.0,0.8570242524147034,,True
permanent:train:sentinel_1_467_rural_-55.109873851000735_-2.024592405902353:96eca1e83c4f,permanent,train,data/external/sen1floods11/permanent_splits/permanent_water_train_data.csv,217,data/external/sen1floods11/permanent_sar/sentinel_1_467_rural_-55.109873851000735_-2.024592405902353.tif,data/external/sen1floods11/permanent_mask/water_1_467_rural_-55.109873851000735_-2.024592405902353.tif,False,True,True,True,True,True,False,True,True,7.105427357601002e-15,511.0,514.0,2.0,511.0,514.0,1.0,,-1.0|0.0|1.0|nan,False,0.20917530357837677,0.9350450038909912,0.0,0.8455556035041809,,False
permanent:train:sentinel_1_468_inhabited_-68.61934922566357_18.15881059725081:e33d16aa9257,permanent,train,data/external/sen1floods11/permanent_splits/permanent_water_train_data.csv,352,data/external/sen1floods11/permanent_sar/sentinel_1_468_inhabited_-68.61934922566357_18.15881059725081.tif,data/external/sen1floods11/permanent_mask/water_1_468_inhabited_-68.61934922566357_18.15881059725081.tif,False,True,True,True,True,True,False,True,True,3.552713678800501e-15,537.0,514.0,2.0,537.0,514.0,1.0,,-1.0|0.0|1.0,True,0.3793907165527344,0.9337261915206909,0.0,0.8315241932868958,,True
permanent:train:sentinel_1_468_inhabited_-68.69195676811682_18.15893991118136:dca6c3dc44b0,permanent,train,data/external/sen1floods11/permanent_splits/permanent_water_train_data.csv,125,data/external/sen1floods11/permanent_sar/sentinel_1_468_inhabited_-68.69195676811682_18.15893991118136.tif,data/external/sen1floods11/permanent_mask/water_1_468_inhabited_-68.69195676811682_18.15893991118136.tif,False,True,True,True,True,True,False,True,True,1.4210854715202004e-14,538.0,513.0,2.0,538.0,513.0,1.0,,-1.0|0.0|1.0,True,0.0005160441505722702,0.9294812679290771,0.0,0.8415517807006836,,True
permanent:train:sentinel_1_470_rural_-82.04231358078849_9.147457869352568:941fb7a4c571,permanent,train,data/external/sen1floods11/permanent_splits/permanent_water_train_data.csv,256,data/external/sen1floods11/permanent_sar/sentinel_1_470_rural_-82.04231358078849_9.147457869352568.tif,data/external/sen1floods11/permanent_mask/water_1_470_rural_-82.04231358078849_9.147457869352568.tif,False,True,True,True,True,True,False,True,True,1.4210854715202004e-14,517.0,514.0,2.0,517.0,514.0,1.0,,-1.0|0.0|1.0,True,0.0,1.0,0.0,0.8912738561630249,,True
permanent:train:sentinel_1_471_inhabited_-81.19309562156391_7.782754451046512:e832a781eef2,permanent,train,data/external/sen1floods11/permanent_splits/permanent_water_train_data.csv,294,data/external/sen1floods11/permanent_sar/sentinel_1_471_inhabited_-81.19309562156391_7.782754451046512.tif,data/external/sen1floods11/permanent_mask/water_1_471_inhabited_-81.19309562156391_7.782754451046512.tif,False,True,True,True,True,True,False,True,True,7.993605777301127e-15,516.0,514.0,2.0,516.0,514.0,1.0,,-1.0|0.0|1.0,True,0.3844122886657715,1.0,0.04934854060411453,0.8775451183319092,,True
permanent:train:sentinel_1_471_rural_-80.84501373423089_7.2270033094523916:cd40c571fadd,permanent,train,data/external/sen1floods11/permanent_splits/permanent_water_train_data.csv,454,data/external/sen1floods11/permanent_sar/sentinel_1_471_rural_-80.84501373423089_7.2270033094523916.tif,data/external/sen1floods11/permanent_mask/water_1_471_rural_-80.84501373423089_7.2270033094523916.tif,False,True,True,True,True,True,False,True,True,1.4210854715202004e-14,514.0,514.0,2.0,514.0,514.0,1.0,,-1.0|0.0|1.0,True,0.06030920892953873,1.0,0.028117116540670395,0.9675456285476685,,True
permanent:train:sentinel_1_475_rural_-61.65673939497314_16.283326071474633:ef1bcd22068d,permanent,train,data/external/sen1floods11/permanent_splits/permanent_water_train_data.csv,310,data/external/sen1floods11/permanent_sar/sentinel_1_475_rural_-61.65673939497314_16.283326071474633.tif,data/external/sen1floods11/permanent_mask/water_1_475_rural_-61.65673939497314_16.283326071474633.tif,False,True,True,True,True,True,False,True,True,7.105427357601002e-15,532.0,514.0,2.0,532.0,514.0,1.0,,-1.0|0.0|1.0,True,0.41022297739982605,1.0,0.2131568044424057,1.0,,True
permanent:train:sentinel_1_475_rural_-61.81782442052887_17.026216766079774:53f51b1ca50c,permanent,train,data/external/sen1floods11/permanent_splits/permanent_water_train_data.csv,62,data/external/sen1floods11/permanent_sar/sentinel_1_475_rural_-61.81782442052887_17.026216766079774.tif,data/external/sen1floods11/permanent_mask/water_1_475_rural_-61.81782442052887_17.026216766079774.tif,False,True,True,True,True,True,False,True,True,7.105427357601002e-15,533.0,514.0,2.0,533.0,514.0,1.0,,-1.0|0.0|1.0,True,0.3518184721469879,1.0,0.0,1.0,,True
permanent:train:sentinel_1_478_inhabited_-73.85929684188152_9.106251316517678:c9abc63faf85,permanent,train,data/external/sen1floods11/permanent_splits/permanent_water_train_data.csv,141,data/external/sen1floods11/permanent_sar/sentinel_1_478_inhabited_-73.85929684188152_9.106251316517678.tif,data/external/sen1floods11/permanent_mask/water_1_478_inhabited_-73.85929684188152_9.106251316517678.tif,False,True,True,True,True,True,False,True,True,1.4210854715202004e-14,517.0,514.0,2.0,517.0,514.0,1.0,,-1.0|0.0|1.0,True,0.0411873459815979,0.9136265516281128,0.041128966957330704,0.838648796081543,,True
permanent:train:sentinel_1_480_rural_-48.43005575001879_-0.3921601012463512:c54cba7cc2e4,permanent,train,data/external/sen1floods11/permanent_splits/permanent_water_train_data.csv,371,data/external/sen1floods11/permanent_sar/sentinel_1_480_rural_-48.43005575001879_-0.3921601012463512.tif,data/external/sen1floods11/permanent_mask/water_1_480_rural_-48.43005575001879_-0.3921601012463512.tif,False,True,True,True,True,True,False,True,True,1.4210854715202004e-14,511.0,513.0,2.0,511.0,513.0,1.0,,-1.0|0.0|1.0,True,0.29417043924331665,1.0,0.0,0.8850460648536682,,True
permanent:train:sentinel_1_480_rural_-48.88971326391116_-1.587484566037267:5ff6ed26b300,permanent,train,data/external/sen1floods11/permanent_splits/permanent_water_train_data.csv,105,data/external/sen1floods11/permanent_sar/sentinel_1_480_rural_-48.88971326391116_-1.587484566037267.tif,data/external/sen1floods11/permanent_mask/water_1_480_rural_-48.88971326391116_-1.587484566037267.tif,False,True,True,True,True,True,False,True,True,2.1316282072803006e-14,511.0,514.0,2.0,511.0,514.0,1.0,,-1.0|0.0|1.0,True,0.11006418615579605,0.997539222240448,0.0,0.8873432874679565,,True
permanent:train:sentinel_1_480_rural_-49.37246446215932_-1.9351963479828698:88fd70487d63,permanent,train,data/external/sen1floods11/permanent_splits/permanent_water_train_data.csv,476,data/external/sen1floods11/permanent_sar/sentinel_1_480_rural_-49.37246446215932_-1.9351963479828698.tif,data/external/sen1floods11/permanent_mask/water_1_480_rural_-49.37246446215932_-1.9351963479828698.tif,False,True,True,True,True,True,False,True,True,1.4210854715202004e-14,511.0,513.0,2.0,511.0,513.0,1.0,,-1.0|0.0|1.0,True,0.3266763687133789,0.9932444095611572,0.0,0.8581939935684204,,True
permanent:train:sentinel_1_482_rural_-55.45495476332481_-2.094417469298262:d69c39c628bc,permanent,train,data/external/sen1floods11/permanent_splits/permanent_water_train_data.csv,69,data/external/sen1floods11/permanent_sar/sentinel_1_482_rural_-55.45495476332481_-2.094417469298262.tif,data/external/sen1floods11/permanent_mask/water_1_482_rural_-55.45495476332481_-2.094417469298262.tif,False,True,True,True,True,True,False,True,True,1.4210854715202004e-14,511.0,514.0,2.0,511.0,514.0,1.0,,-1.0|0.0|1.0,True,0.305573433637619,0.9401789307594299,0.03123755380511284,0.8354292511940002,,True
permanent:train:sentinel_1_482_rural_-60.79242291958162_-3.257159282691649:6b802c6f0804,permanent,train,data/external/sen1floods11/permanent_splits/permanent_water_train_data.csv,445,data/external/sen1floods11/permanent_sar/sentinel_1_482_rural_-60.79242291958162_-3.257159282691649.tif,data/external/sen1floods11/permanent_mask/water_1_482_rural_-60.79242291958162_-3.257159282691649.tif,False,True,True,True,True,True,False,True,True,8.43769498715119e-15,511.0,513.0,2.0,511.0,513.0,1.0,,-1.0|0.0|1.0,True,0.2060791552066803,0.9999195337295532,0.03599162399768829,0.8786917924880981,,True
permanent:train:sentinel_1_485_inhabited_-41.648895659395194_-2.8836070101413274:3e20c3731323,permanent,train,data/external/sen1floods11/permanent_splits/permanent_water_train_data.csv,75,data/external/sen1floods11/permanent_sar/sentinel_1_485_inhabited_-41.648895659395194_-2.8836070101413274.tif,data/external/sen1floods11/permanent_mask/water_1_485_inhabited_-41.648895659395194_-2.8836070101413274.tif,False,True,True,True,True,True,False,True,True,7.105427357601002e-15,512.0,514.0,2.0,512.0,514.0,1.0,,-1.0|0.0|1.0,True,0.2321133017539978,1.0,0.004431888461112976,0.9322659969329834,,True
permanent:train:sentinel_1_492_rural_-34.97631467942299_-6.473803173211687:1423d9659f29,permanent,train,data/external/sen1floods11/permanent_splits/permanent_water_train_data.csv,434,data/external/sen1floods11/permanent_sar/sentinel_1_492_rural_-34.97631467942299_-6.473803173211687.tif,data/external/sen1floods11/permanent_mask/water_1_492_rural_-34.97713515401683_-6.682101160721305.tif,False,True,True,True,True,True,False,False,False,0.2083193143873121,514.0,514.0,2.0,514.0,514.0,1.0,,-1.0|0.0|1.0,True,0.36582133173942566,1.0,0.03954966738820076,0.9420729279518127,,True
permanent:train:sentinel_1_492_rural_-34.97713515401683_-6.682101160721305:468738bbb97d,permanent,train,data/external/sen1floods11/permanent_splits/permanent_water_train_data.csv,8,data/external/sen1floods11/permanent_sar/sentinel_1_492_rural_-34.97713515401683_-6.682101160721305.tif,data/external/sen1floods11/permanent_mask/water_1_494_inhabited_-88.34797297147684_17.35182924320449.tif,False,True,True,False,True,True,False,False,False,53.37178563844997,514.0,514.0,2.0,535.0,514.0,1.0,,-1.0|0.0|1.0,True,0.45036277174949646,1.0,0.03888033330440521,0.8540602922439575,,False
permanent:train:sentinel_1_494_inhabited_-96.56868249158859_18.267581449247515:300ff62fc654,permanent,train,data/external/sen1floods11/permanent_splits/permanent_water_train_data.csv,252,data/external/sen1floods11/permanent_sar/sentinel_1_494_inhabited_-96.56868249158859_18.267581449247515.tif,data/external/sen1floods11/permanent_mask/water_1_495_inhabited_-66.0727387776364_18.457895882208582.tif,False,True,True,False,True,True,False,False,False,30.495917433761093,538.0,514.0,2.0,538.0,513.0,1.0,,-1.0|0.0|1.0,True,0.0,0.9592747688293457,0.0,0.8655387759208679,,False
permanent:train:sentinel_1_495_inhabited_-66.0727387776364_18.457895882208582:d7cb6a806e42,permanent,train,data/external/sen1floods11/permanent_splits/permanent_water_train_data.csv,32,data/external/sen1floods11/permanent_sar/sentinel_1_495_inhabited_-66.0727387776364_18.457895882208582.tif,data/external/sen1floods11/permanent_mask/water_1_495_rural_-65.91935461959996_17.974926188008805.tif,False,True,True,False,True,True,False,False,False,0.48293429674264843,538.0,513.0,2.0,537.0,514.0,1.0,,-1.0|0.0|1.0,True,0.4182825982570648,1.0,0.0,1.0,,False
permanent:train:sentinel_1_4_inhabited_45.049477468369865_-12.745510968479103:aea3cce089de,permanent,train,data/external/sen1floods11/permanent_splits/permanent_water_train_data.csv,413,data/external/sen1floods11/permanent_sar/sentinel_1_4_inhabited_45.049477468369865_-12.745510968479103.tif,data/external/sen1floods11/permanent_mask/water_1_4_rural_45.19108514052415_-12.88434507977814.tif,False,True,True,True,True,True,False,False,False,0.14157448877721635,524.0,514.0,2.0,524.0,514.0,1.0,,-1.0|0.0|1.0,True,0.11919399350881577,0.9693088531494141,0.0,0.8121419548988342,,True
permanent:train:sentinel_1_500_high_density_-48.45084407912996_-25.51837406282004:d31ec0480097,permanent,train,data/external/sen1floods11/permanent_splits/permanent_water_train_data.csv,381,data/external/sen1floods11/permanent_sar/sentinel_1_500_high_density_-48.45084407912996_-25.51837406282004.tif,data/external/sen1floods11/permanent_mask/water_1_500_rural_-47.395348105173_-24.66334589492285.tif,False,True,True,False,True,True,False,False,False,1.0557001218972388,566.0,514.0,2.0,562.0,514.0,1.0,,-1.0|0.0|1.0,True,0.025378867983818054,1.0,0.0,0.8855957984924316,,False
permanent:train:sentinel_1_500_rural_-47.395348105173_-24.66334589492285:22105437cd9e,permanent,train,data/external/sen1floods11/permanent_splits/permanent_water_train_data.csv,237,data/external/sen1floods11/permanent_sar/sentinel_1_500_rural_-47.395348105173_-24.66334589492285.tif,data/external/sen1floods11/permanent_mask/water_1_507_inhabited_-52.067808225824166_-2.3306472658066637.tif,False,True,True,False,True,True,False,False,False,22.332656952381775,562.0,514.0,2.0,511.0,513.0,1.0,,-1.0|0.0|1.0,True,0.058044444769620895,1.0,0.0,0.8894016146659851,,False
permanent:train:sentinel_1_507_inhabited_-52.067808225824166_-2.3306472658066637:09d10c587dad,permanent,train,data/external/sen1floods11/permanent_splits/permanent_water_train_data.csv,465,data/external/sen1floods11/permanent_sar/sentinel_1_507_inhabited_-52.067808225824166_-2.3306472658066637.tif,data/external/sen1floods11/permanent_mask/water_1_507_inhabited_-54.207668393958095_-2.3967534389239997.tif,False,True,True,True,True,True,False,False,False,2.13987683830112,511.0,513.0,2.0,511.0,513.0,1.0,,-1.0|0.0|1.0,True,0.0,0.9096469879150391,0.0,0.8253517746925354,,True
permanent:train:sentinel_1_507_inhabited_-54.207668393958095_-2.3967534389239997:341df67e0296,permanent,train,data/external/sen1floods11/permanent_splits/permanent_water_train_data.csv,440,data/external/sen1floods11/permanent_sar/sentinel_1_507_inhabited_-54.207668393958095_-2.3967534389239997.tif,data/external/sen1floods11/permanent_mask/water_1_508_inhabited_-49.558235071146925_-4.205618994961695.tif,False,True,True,False,True,True,False,False,False,4.649410416017396,511.0,513.0,2.0,512.0,514.0,1.0,,-1.0|0.0|1.0,True,0.1515626758337021,0.9468743801116943,0.0,0.8471292853355408,,False
permanent:train:sentinel_1_508_inhabited_-49.558235071146925_-4.205618994961695:c39b49c22907,permanent,train,data/external/sen1floods11/permanent_splits/permanent_water_train_data.csv,89,data/external/sen1floods11/permanent_sar/sentinel_1_508_inhabited_-49.558235071146925_-4.205618994961695.tif,data/external/sen1floods11/permanent_mask/water_1_510_inhabited_-61.81922457825966_10.100051168299157.tif,False,True,True,False,True,True,False,False,False,14.305670899603385,512.0,514.0,2.0,518.0,514.0,1.0,,-1.0|0.0|1.0,True,0.07977041602134705,1.0,0.0,0.8834259510040283,,False
permanent:train:sentinel_1_510_inhabited_-61.81922457825966_10.100051168299157:e8bfa053a16b,permanent,train,data/external/sen1floods11/permanent_splits/permanent_water_train_data.csv,137,data/external/sen1floods11/permanent_sar/sentinel_1_510_inhabited_-61.81922457825966_10.100051168299157.tif,data/external/sen1floods11/permanent_mask/water_1_510_low_density_-61.67878073148033_10.168962115979111.tif,False,True,True,False,True,True,False,False,False,0.14040667890787972,518.0,514.0,2.0,519.0,513.0,1.0,,-1.0|0.0|1.0,True,0.28200551867485046,1.0,0.03966663032770157,0.9160151481628418,,False
permanent:train:sentinel_1_510_low_density_-61.67878073148033_10.168962115979111:8138af5bcaca,permanent,train,data/external/sen1floods11/permanent_splits/permanent_water_train_data.csv,461,data/external/sen1floods11/permanent_sar/sentinel_1_510_low_density_-61.67878073148033_10.168962115979111.tif,data/external/sen1floods11/permanent_mask/water_1_511_rural_-54.34542786190325_-2.32705768945864.tif,False,True,True,False,True,True,False,False,False,12.496014759744595,519.0,513.0,2.0,511.0,514.0,1.0,,-1.0|1.0,True,0.255463570356369,1.0,0.020929930731654167,1.0,,False
permanent:train:sentinel_1_514_inhabited_-97.68125049992861_21.84036482270417:413f1d3e5360,permanent,train,data/external/sen1floods11/permanent_splits/permanent_water_train_data.csv,233,data/external/sen1floods11/permanent_sar/sentinel_1_514_inhabited_-97.68125049992861_21.84036482270417.tif,data/external/sen1floods11/permanent_mask/water_1_517_inhabited_-61.21257279814046_14.844146747373921.tif,False,True,True,False,True,True,False,False,False,36.4696242416275,550.0,514.0,2.0,528.0,514.0,1.0,,-1.0|0.0|1.0,True,0.18135978281497955,1.0,0.05653935670852661,0.8371322154998779,,False
permanent:train:sentinel_1_517_inhabited_-61.21257279814046_14.844146747373921:c8ec4580650b,permanent,train,data/external/sen1floods11/permanent_splits/permanent_water_train_data.csv,372,data/external/sen1floods11/permanent_sar/sentinel_1_517_inhabited_-61.21257279814046_14.844146747373921.tif,data/external/sen1floods11/permanent_mask/water_1_517_rural_-61.30610690183753_15.239722520027215.tif,False,True,True,False,True,True,False,False,False,0.39561805112623993,528.0,514.0,2.0,530.0,514.0,1.0,,-1.0|0.0|1.0|nan,False,0.03774554282426834,1.0,0.03723415359854698,1.0,,False
permanent:train:sentinel_1_517_rural_-61.30610690183753_15.239722520027215:4854a78999db,permanent,train,data/external/sen1floods11/permanent_splits/permanent_water_train_data.csv,304,data/external/sen1floods11/permanent_sar/sentinel_1_517_rural_-61.30610690183753_15.239722520027215.tif,data/external/sen1floods11/permanent_mask/water_1_518_inhabited_-49.441223800403456_-2.2130875256336164.tif,False,True,True,False,True,True,False,False,False,17.452828665987717,530.0,514.0,2.0,511.0,514.0,1.0,,-1.0|0.0|1.0,True,0.2610456347465515,1.0,0.0,1.0,,False
permanent:train:sentinel_1_518_inhabited_-49.69648504020795_-4.275323662629159:fbe9099436f7,permanent,train,data/external/sen1floods11/permanent_splits/permanent_water_train_data.csv,81,data/external/sen1floods11/permanent_sar/sentinel_1_518_inhabited_-49.69648504020795_-4.275323662629159.tif,data/external/sen1floods11/permanent_mask/water_1_519_inhabited_-88.07712717349054_18.51752298149527.tif,False,True,True,False,True,True,False,False,False,38.38186798693274,512.0,514.0,2.0,539.0,514.0,1.0,,-1.0|0.0|1.0|nan,False,0.16011051833629608,1.0,0.0,0.9892643094062805,,False
permanent:train:sentinel_1_519_rural_-86.77277768794286_20.51804070081006:00ebf9026c5e,permanent,train,data/external/sen1floods11/permanent_splits/permanent_water_train_data.csv,219,data/external/sen1floods11/permanent_sar/sentinel_1_519_rural_-86.77277768794286_20.51804070081006.tif,data/external/sen1floods11/permanent_mask/water_1_5_inhabited_10.06661682860042_-1.006392353156414.tif,False,True,True,False,True,True,False,False,False,96.84090291087995,545.0,514.0,2.0,511.0,514.0,1.0,,-1.0|0.0|1.0,True,0.3677245080471039,0.9356608986854553,0.0,0.8327072858810425,,False
permanent:train:sentinel_1_5_inhabited_9.88917582038065_-2.51512027638772:156598d9af79,permanent,train,data/external/sen1floods11/permanent_splits/permanent_water_train_data.csv,119,data/external/sen1floods11/permanent_sar/sentinel_1_5_inhabited_9.88917582038065_-2.51512027638772.tif,data/external/sen1floods11/permanent_mask/water_1_622_inhabited_-176.1918133551542_-13.25590413415757.tif,False,True,True,False,True,True,False,False,False,186.0816093604667,511.0,514.0,2.0,524.0,514.0,1.0,,-1.0|0.0|1.0,True,0.0,0.9814003705978394,0.0,0.8648414611816406,,False
permanent:train:sentinel_1_622_inhabited_-178.1347105706564_-14.312653115510548:93b36eab34fb,permanent,train,data/external/sen1floods11/permanent_splits/permanent_water_train_data.csv,172,data/external/sen1floods11/permanent_sar/sentinel_1_622_inhabited_-178.1347105706564_-14.312653115510548.tif,data/external/sen1floods11/permanent_mask/water_1_623_rural_-155.36497544729198_20.05258635554822.tif,False,True,True,False,True,True,False,False,False,34.36523085704912,527.0,514.0,2.0,543.0,513.0,1.0,,-1.0|0.0|1.0,True,0.5264191627502441,1.0,0.018962638452649117,1.0,,False
permanent:train:sentinel_1_623_rural_-156.15155641401878_20.848464547971457:8e882e43ca0c,permanent,train,data/external/sen1floods11/permanent_splits/permanent_water_train_data.csv,80,data/external/sen1floods11/permanent_sar/sentinel_1_623_rural_-156.15155641401878_20.848464547971457.tif,data/external/sen1floods11/permanent_mask/water_1_625_inhabited_-140.09105608128587_-9.366613767927328.tif,False,True,True,False,True,True,False,False,False,30.215104075945337,546.0,514.0,2.0,518.0,514.0,1.0,,-1.0|0.0|1.0|nan,False,0.35157352685928345,1.0,0.0,1.0,,False
permanent:train:sentinel_1_625_inhabited_-140.09105608128587_-9.366613767927328:36e6fab8d0a3,permanent,train,data/external/sen1floods11/permanent_splits/permanent_water_train_data.csv,87,data/external/sen1floods11/permanent_sar/sentinel_1_625_inhabited_-140.09105608128587_-9.366613767927328.tif,data/external/sen1floods11/permanent_mask/water_1_625_inhabited_-140.16228130241257_-8.811121254194308.tif,False,True,True,False,True,True,False,False,False,0.555518171699509,518.0,514.0,2.0,516.0,514.0,1.0,,-1.0|0.0|1.0,True,0.5516211986541748,1.0,0.34588369727134705,1.0,,False
permanent:train:sentinel_1_625_rural_-140.09211288823556_-8.949875101674381:9c1f290ac961,permanent,train,data/external/sen1floods11/permanent_splits/permanent_water_train_data.csv,302,data/external/sen1floods11/permanent_sar/sentinel_1_625_rural_-140.09211288823556_-8.949875101674381.tif,data/external/sen1floods11/permanent_mask/water_1_628_inhabited_-109.29597357316332_-27.12842168018775.tif,False,True,True,False,True,True,False,False,False,30.793529287389873,517.0,513.0,2.0,574.0,514.0,1.0,,-1.0|0.0|1.0,True,0.5001400113105774,1.0,0.0,0.9280276894569397,,False
permanent:train:sentinel_1_628_inhabited_-109.29597357316332_-27.12842168018775:0adeb9ce2833,permanent,train,data/external/sen1floods11/permanent_splits/permanent_water_train_data.csv,193,data/external/sen1floods11/permanent_sar/sentinel_1_628_inhabited_-109.29597357316332_-27.12842168018775.tif,data/external/sen1floods11/permanent_mask/water_1_630_inhabited_-149.89322592191172_-17.53038948578868.tif,False,True,True,False,True,True,False,False,False,40.59549651006007,574.0,514.0,2.0,535.0,514.0,1.0,,-1.0|0.0|1.0,True,0.5139731764793396,1.0,0.2653195559978485,0.8713368773460388,,False
permanent:train:sentinel_1_7_inhabited_8.90370111026595_3.6294362523406845:7367026caa92,permanent,train,data/external/sen1floods11/permanent_splits/permanent_water_train_data.csv,306,data/external/sen1floods11/permanent_sar/sentinel_1_7_inhabited_8.90370111026595_3.6294362523406845.tif,data/external/sen1floods11/permanent_mask/water_1_7_rural_8.765460059407019_3.3514871063762426.tif,False,True,True,True,True,True,False,False,False,0.27793874890657433,512.0,514.0,2.0,512.0,514.0,1.0,,-1.0|0.0|1.0,True,0.10522318631410599,1.0,0.0,0.8934605717658997,,True
permanent:train:sentinel_1_7_rural_8.765460059407019_3.3514871063762426:7eaf140dc12e,permanent,train,data/external/sen1floods11/permanent_splits/permanent_water_train_data.csv,114,data/external/sen1floods11/permanent_sar/sentinel_1_7_rural_8.765460059407019_3.3514871063762426.tif,data/external/sen1floods11/permanent_mask/water_2_163_inhabited_121.68843521573584_-8.33442551517673.tif,False,True,True,False,True,True,False,False,False,112.92281262177282,512.0,514.0,2.0,516.0,514.0,1.0,,-1.0|0.0|1.0,True,0.011262946762144566,1.0,0.0,0.8954060077667236,,False
permanent:train:sentinel_2_163_inhabited_121.68843521573584_-8.33442551517673:49dbd44434e9,permanent,train,data/external/sen1floods11/permanent_splits/permanent_water_train_data.csv,370,data/external/sen1floods11/permanent_sar/sentinel_2_163_inhabited_121.68843521573584_-8.33442551517673.tif,data/external/sen1floods11/permanent_mask/water_2_163_rural_122.94384160812089_-8.197651508564382.tif,False,True,True,True,True,True,False,False,False,1.2553956095570271,516.0,514.0,2.0,516.0,514.0,1.0,,-1.0|0.0|1.0,True,0.27444806694984436,1.0,0.0,0.9857649207115173,,True
permanent:train:sentinel_2_163_rural_122.94384160812089_-8.197651508564382:0876006b992f,permanent,train,data/external/sen1floods11/permanent_splits/permanent_water_train_data.csv,409,data/external/sen1floods11/permanent_sar/sentinel_2_163_rural_122.94384160812089_-8.197651508564382.tif,data/external/sen1floods11/permanent_mask/water_2_163_rural_123.50181784114065_-8.33627604211391.tif,False,True,True,True,True,True,False,False,False,0.5579436229666044,516.0,514.0,2.0,516.0,514.0,1.0,,-1.0|0.0|1.0,True,0.04134145379066467,1.0,0.04090208560228348,1.0,,True
permanent:train:sentinel_2_292_inhabited_82.88152085814805_24.097976472356443:7ba078399636,permanent,train,data/external/sen1floods11/permanent_splits/permanent_water_train_data.csv,401,data/external/sen1floods11/permanent_sar/sentinel_2_292_inhabited_82.88152085814805_24.097976472356443.tif,data/external/sen1floods11/permanent_mask/water_2_292_low_density_82.72953239874134_24.030425550497792.tif,False,True,True,True,True,True,False,False,False,0.15199494607303166,559.0,513.0,2.0,559.0,513.0,1.0,,-1.0|0.0|1.0,True,0.17257405817508698,0.9424074292182922,0.0,0.7845773100852966,,True
permanent:train:sentinel_2_292_low_density_82.72953239874134_24.030425550497792:6d820f3e2698,permanent,train,data/external/sen1floods11/permanent_splits/permanent_water_train_data.csv,166,data/external/sen1floods11/permanent_sar/sentinel_2_292_low_density_82.72953239874134_24.030425550497792.tif,data/external/sen1floods11/permanent_mask/water_2_293_rural_80.11139351071589_13.590746950462929.tif,False,True,True,False,True,True,False,False,False,10.439681242866605,559.0,513.0,2.0,525.0,513.0,1.0,,-1.0|0.0|1.0,True,0.0,1.0,0.0,0.838685154914856,,False
permanent:train:sentinel_2_299_inhabited_107.12974674050035_11.119232223276855:e02a8260d600,permanent,train,data/external/sen1floods11/permanent_splits/permanent_water_train_data.csv,36,data/external/sen1floods11/permanent_sar/sentinel_2_299_inhabited_107.12974674050035_11.119232223276855.tif,data/external/sen1floods11/permanent_mask/water_2_300_inhabited_108.92735306637812_10.5481016421494.tif,False,True,True,False,True,True,False,False,False,1.797708546579969,520.0,514.0,2.0,519.0,514.0,1.0,,-1.0|0.0|1.0,True,0.05724428594112396,1.0,0.057130612432956696,0.8641276955604553,,False
permanent:train:sentinel_2_300_inhabited_108.92735306637812_10.5481016421494:43ee951cd148,permanent,train,data/external/sen1floods11/permanent_splits/permanent_water_train_data.csv,161,data/external/sen1floods11/permanent_sar/sentinel_2_300_inhabited_108.92735306637812_10.5481016421494.tif,data/external/sen1floods11/permanent_mask/water_2_300_inhabited_109.26316796671313_12.216367282870893.tif,False,True,True,False,True,True,False,False,False,1.6682613141383662,519.0,514.0,2.0,523.0,514.0,1.0,,-1.0|0.0|1.0,True,0.48712223768234253,1.0,0.0,1.0,,False
permanent:train:sentinel_2_300_inhabited_109.26316796671313_12.216367282870893:146c3438277a,permanent,train,data/external/sen1floods11/permanent_splits/permanent_water_train_data.csv,97,data/external/sen1floods11/permanent_sar/sentinel_2_300_inhabited_109.26316796671313_12.216367282870893.tif,data/external/sen1floods11/permanent_mask/water_2_301_inhabited_79.73892479972153_8.256440296853016.tif,False,True,True,False,True,True,False,False,False,29.523940296343795,523.0,514.0,2.0,516.0,514.0,1.0,,-1.0|0.0|1.0,True,0.15526852011680603,1.0,0.0,1.0,,False
permanent:train:sentinel_2_32_inhabited_47.48036978495905_-14.710632343631648:e06f0031e835,permanent,train,data/external/sen1floods11/permanent_splits/permanent_water_train_data.csv,4,data/external/sen1floods11/permanent_sar/sentinel_2_32_inhabited_47.48036978495905_-14.710632343631648.tif,data/external/sen1floods11/permanent_mask/water_2_521_inhabited_-102.92399843160813_20.207531198953358.tif,False,True,True,False,True,True,False,False,False,150.4051076831883,527.0,514.0,2.0,544.0,514.0,1.0,,1.0,True,0.039432987570762634,0.9798475503921509,0.0,0.8485892415046692,,False
permanent:train:sentinel_2_521_inhabited_-102.92399843160813_20.207531198953358:d17cb045f45e,permanent,train,data/external/sen1floods11/permanent_splits/permanent_water_train_data.csv,421,data/external/sen1floods11/permanent_sar/sentinel_2_521_inhabited_-102.92399843160813_20.207531198953358.tif,data/external/sen1floods11/permanent_mask/water_2_521_low_density_-102.99657921945504_20.277739745039863.tif,False,True,True,True,True,True,False,False,False,0.07258387495686236,544.0,514.0,2.0,544.0,514.0,1.0,,1.0,True,0.12342435121536255,0.7471365928649902,0.04041016101837158,0.6262971758842468,,True
permanent:train:sentinel_2_521_low_density_-102.99657921945504_20.277739745039863:a88e7922d221,permanent,train,data/external/sen1floods11/permanent_splits/permanent_water_train_data.csv,462,data/external/sen1floods11/permanent_sar/sentinel_2_521_low_density_-102.99657921945504_20.277739745039863.tif,data/external/sen1floods11/permanent_mask/water_2_521_rural_-101.08713863915688_20.245491526221343.tif,False,True,True,True,True,True,False,False,False,1.9094589679244507,544.0,514.0,2.0,544.0,514.0,1.0,,-1.0|0.0|1.0,True,0.03988588601350784,0.7280111908912659,0.0,0.6225201487541199,,True
permanent:train:sentinel_2_521_rural_-101.08713863915688_20.245491526221343:50e6ec6b831c,permanent,train,data/external/sen1floods11/permanent_splits/permanent_water_train_data.csv,290,data/external/sen1floods11/permanent_sar/sentinel_2_521_rural_-101.08713863915688_20.245491526221343.tif,data/external/sen1floods11/permanent_mask/water_2_521_rural_-103.14359578118716_20.27936285782332.tif,False,True,True,True,True,True,False,False,False,2.0565131799348393,544.0,514.0,2.0,544.0,514.0,1.0,,-1.0|1.0,True,0.0,1.0,0.0,0.8275741338729858,,True
permanent:train:sentinel_2_522_rural_-101.7985480803247_18.613616609197024:c8c6188982d8,permanent,train,data/external/sen1floods11/permanent_splits/permanent_water_train_data.csv,191,data/external/sen1floods11/permanent_sar/sentinel_2_522_rural_-101.7985480803247_18.613616609197024.tif,data/external/sen1floods11/permanent_mask/water_2_525_rural_-35.0449045718271_-6.265237639638863.tif,False,True,True,False,True,True,False,False,False,66.75479690973418,539.0,514.0,2.0,513.0,514.0,1.0,,-1.0|0.0|1.0,True,0.15193384885787964,1.0,0.0,0.8544104099273682,,False
permanent:train:sentinel_2_525_rural_-35.0449045718271_-6.265237639638863:3c0935b34d71,permanent,train,data/external/sen1floods11/permanent_splits/permanent_water_train_data.csv,190,data/external/sen1floods11/permanent_sar/sentinel_2_525_rural_-35.0449045718271_-6.265237639638863.tif,data/external/sen1floods11/permanent_mask/water_2_525_rural_-41.695916880003765_-9.725838948792928.tif,False,True,True,False,True,True,False,False,False,6.651216195149367,513.0,514.0,2.0,518.0,513.0,1.0,,1.0,True,0.23907001316547394,1.0,0.04127860069274902,0.9106433391571045,,False
permanent:train:sentinel_2_527_inhabited_-85.037567563106_9.952619910169078:1a5078acf81a,permanent,train,data/external/sen1floods11/permanent_splits/permanent_water_train_data.csv,412,data/external/sen1floods11/permanent_sar/sentinel_2_527_inhabited_-85.037567563106_9.952619910169078.tif,data/external/sen1floods11/permanent_mask/water_2_527_inhabited_-85.8059197247263_10.51182685507962.tif,False,True,True,True,True,True,False,False,False,0.7683290625074335,519.0,514.0,2.0,519.0,514.0,1.0,,-1.0|0.0|1.0,True,0.08595450967550278,1.0,0.05673035606741905,0.93327796459198,,True
permanent:train:sentinel_2_527_inhabited_-85.8059197247263_10.51182685507962:d873019f49de,permanent,train,data/external/sen1floods11/permanent_splits/permanent_water_train_data.csv,312,data/external/sen1floods11/permanent_sar/sentinel_2_527_inhabited_-85.8059197247263_10.51182685507962.tif,data/external/sen1floods11/permanent_mask/water_2_528_inhabited_-92.32867045020168_16.03037464601581.tif,False,True,True,False,True,True,False,False,False,6.523296098690736,519.0,514.0,2.0,531.0,514.0,1.0,,-1.0|0.0|1.0,True,0.21902304887771606,1.0,0.04990990459918976,0.9318353533744812,,False
permanent:train:sentinel_2_529_rural_-57.5697146516289_-18.107615658056197:101bb1cb3310,permanent,train,data/external/sen1floods11/permanent_splits/permanent_water_train_data.csv,343,data/external/sen1floods11/permanent_sar/sentinel_2_529_rural_-57.5697146516289_-18.107615658056197.tif,data/external/sen1floods11/permanent_mask/water_2_529_rural_-57.5697146516289_-18.107615658056197.tif,False,True,True,True,True,True,False,True,True,7.105427357601002e-15,537.0,514.0,2.0,537.0,514.0,1.0,,-1.0|0.0|1.0,True,0.0,0.975714921951294,0.0,0.9085382223129272,,True
permanent:train:sentinel_2_536_inhabited_-68.65252047840015_11.320132562138804:d39125996842,permanent,train,data/external/sen1floods11/permanent_splits/permanent_water_train_data.csv,130,data/external/sen1floods11/permanent_sar/sentinel_2_536_inhabited_-68.65252047840015_11.320132562138804.tif,data/external/sen1floods11/permanent_mask/water_2_536_inhabited_-68.65252047840015_11.320132562138804.tif,False,True,True,True,True,True,False,True,True,1.4210854715202004e-14,520.0,514.0,2.0,520.0,514.0,1.0,,-1.0|0.0|1.0,True,0.30880099534988403,0.9981885552406311,0.0,0.8451187014579773,,True
permanent:train:sentinel_2_536_inhabited_-69.28613198348849_11.528564322680028:7879753e5c4e,permanent,train,data/external/sen1floods11/permanent_splits/permanent_water_train_data.csv,17,data/external/sen1floods11/permanent_sar/sentinel_2_536_inhabited_-69.28613198348849_11.528564322680028.tif,data/external/sen1floods11/permanent_mask/water_2_536_inhabited_-69.28613198348849_11.528564322680028.tif,False,True,True,True,True,True,False,True,True,1.7763568394002505e-15,521.0,513.0,2.0,521.0,513.0,1.0,,-1.0|0.0|1.0,True,0.1409216821193695,1.0,0.0,0.9285680055618286,,True
permanent:train:sentinel_2_541_inhabited_-80.35692053292071_7.990709087775015:64e0ee7d8354,permanent,train,data/external/sen1floods11/permanent_splits/permanent_water_train_data.csv,362,data/external/sen1floods11/permanent_sar/sentinel_2_541_inhabited_-80.35692053292071_7.990709087775015.tif,data/external/sen1floods11/permanent_mask/water_2_541_inhabited_-80.35692053292071_7.990709087775015.tif,False,True,True,True,True,True,False,True,True,3.552713678800501e-15,515.0,514.0,2.0,515.0,514.0,1.0,,-1.0|0.0|1.0,True,0.2664426267147064,1.0,0.0,0.8441236019134521,,True
permanent:train:sentinel_2_546_inhabited_-73.31016300625069_11.263533192467417:ba012cb2e1ce,permanent,train,data/external/sen1floods11/permanent_splits/permanent_water_train_data.csv,487,data/external/sen1floods11/permanent_sar/sentinel_2_546_inhabited_-73.31016300625069_11.263533192467417.tif,data/external/sen1floods11/permanent_mask/water_2_546_inhabited_-73.31016300625069_11.263533192467417.tif,False,True,True,True,True,True,False,True,True,1.4210854715202004e-14,521.0,514.0,2.0,521.0,514.0,1.0,,-1.0|0.0|1.0,True,0.0574556402862072,1.0,0.0,0.9103580117225647,,True
permanent:train:sentinel_2_547_inhabited_-101.34737623573704_17.509882080043884:47142adeaa60,permanent,train,data/external/sen1floods11/permanent_splits/permanent_water_train_data.csv,333,data/external/sen1floods11/permanent_sar/sentinel_2_547_inhabited_-101.34737623573704_17.509882080043884.tif,data/external/sen1floods11/permanent_mask/water_2_547_inhabited_-101.34737623573704_17.509882080043884.tif,False,True,True,True,True,True,False,True,True,3.552713678800501e-15,535.0,514.0,2.0,535.0,514.0,1.0,,-1.0|0.0|1.0,True,0.052690859884023666,1.0,0.0008379921200685203,0.9955616593360901,,True
permanent:train:sentinel_2_547_low_density_-101.56617540622752_17.645898039477146:3f64b59f1c9d,permanent,train,data/external/sen1floods11/permanent_splits/permanent_water_train_data.csv,173,data/external/sen1floods11/permanent_sar/sentinel_2_547_low_density_-101.56617540622752_17.645898039477146.tif,data/external/sen1floods11/permanent_mask/water_2_547_low_density_-101.56617540622752_17.645898039477146.tif,False,True,True,True,True,True,False,True,True,3.552713678800501e-15,536.0,514.0,2.0,536.0,514.0,1.0,,-1.0|0.0|1.0,True,0.09998561441898346,1.0,0.023460915312170982,1.0,,True
permanent:train:sentinel_2_636_rural_-155.3528199378203_19.22044229425731:1379ec0df99e,permanent,train,data/external/sen1floods11/permanent_splits/permanent_water_train_data.csv,207,data/external/sen1floods11/permanent_sar/sentinel_2_636_rural_-155.3528199378203_19.22044229425731.tif,data/external/sen1floods11/permanent_mask/water_2_636_rural_-155.3528199378203_19.22044229425731.tif,False,True,True,True,True,True,True,True,True,0.0,541.0,514.0,2.0,541.0,514.0,1.0,,-1.0|0.0|1.0,True,0.44986268877983093,0.9575919508934021,0.05099182948470116,0.8311894536018372,,True
permanent:train:sentinel_3_553_low_density_-91.15815642367212_14.72766610965581:8fd390996f03,permanent,train,data/external/sen1floods11/permanent_splits/permanent_water_train_data.csv,320,data/external/sen1floods11/permanent_sar/sentinel_3_553_low_density_-91.15815642367212_14.72766610965581.tif,data/external/sen1floods11/permanent_mask/water_3_553_low_density_-91.15815642367212_14.72766610965581.tif,False,True,True,True,True,True,False,True,True,1.4210854715202004e-14,527.0,514.0,2.0,527.0,514.0,1.0,,-1.0|0.0|1.0,True,0.2401932030916214,1.0,0.0,1.0,,True
permanent:train:sentinel_4_168_rural_153.45578457665283_-27.61597087116941:50f6958bd091,permanent,train,data/external/sen1floods11/permanent_splits/permanent_water_train_data.csv,483,data/external/sen1floods11/permanent_sar/sentinel_4_168_rural_153.45578457665283_-27.61597087116941.tif,data/external/sen1floods11/permanent_mask/water_4_168_rural_153.45578457665283_-27.61597087116941.tif,False,True,True,True,True,True,False,True,True,2.842170943040401e-14,576.0,513.0,2.0,576.0,513.0,1.0,,-1.0|0.0|1.0,True,0.060782045125961304,1.0,0.0,0.9695927500724792,,True
permanent:train:sentinel_4_169_rural_167.4789885245821_-45.46589953844803:2cdb4aa7269c,permanent,train,data/external/sen1floods11/permanent_splits/permanent_water_train_data.csv,111,data/external/sen1floods11/permanent_sar/sentinel_4_169_rural_167.4789885245821_-45.46589953844803.tif,data/external/sen1floods11/permanent_mask/water_4_169_rural_167.4789885245821_-45.46589953844803.tif,False,True,True,True,True,True,False,True,True,7.105427357601002e-15,728.0,514.0,2.0,728.0,514.0,1.0,,-1.0|0.0|1.0,True,0.2649446725845337,1.0,0.05521215498447418,0.9671000838279724,,True
permanent:train:sentinel_4_171_rural_176.8963557806997_-39.44157375142368:f942e937134e,permanent,train,data/external/sen1floods11/permanent_splits/permanent_water_train_data.csv,221,data/external/sen1floods11/permanent_sar/sentinel_4_171_rural_176.8963557806997_-39.44157375142368.tif,data/external/sen1floods11/permanent_mask/water_4_171_rural_176.8963557806997_-39.44157375142368.tif,False,True,True,True,True,True,False,True,True,2.842170943040401e-14,661.0,513.0,2.0,661.0,513.0,1.0,,-1.0|0.0|1.0,True,0.3984679877758026,1.0,0.05444180592894554,1.0,,True
permanent:train:sentinel_4_172_rural_168.5092593638797_-46.59902846174547:a45cc6a4e272,permanent,train,data/external/sen1floods11/permanent_splits/permanent_water_train_data.csv,414,data/external/sen1floods11/permanent_sar/sentinel_4_172_rural_168.5092593638797_-46.59902846174547.tif,data/external/sen1floods11/permanent_mask/water_4_172_rural_168.5092593638797_-46.59902846174547.tif,False,True,True,True,True,True,True,True,True,0.0,742.0,514.0,2.0,742.0,514.0,1.0,,-1.0|0.0|1.0,True,0.04697621613740921,0.9834589958190918,0.0,0.8074280619621277,,True
permanent:train:sentinel_4_172_rural_169.61874613339182_-46.57059723342871:4d097df092f5,permanent,train,data/external/sen1floods11/permanent_splits/permanent_water_train_data.csv,96,data/external/sen1floods11/permanent_sar/sentinel_4_172_rural_169.61874613339182_-46.57059723342871.tif,data/external/sen1floods11/permanent_mask/water_4_172_rural_169.61874613339182_-46.57059723342871.tif,False,True,True,True,True,True,True,True,True,0.0,742.0,513.0,2.0,742.0,513.0,1.0,,-1.0|0.0|1.0,True,0.3825772702693939,1.0,0.0,0.8112151026725769,,True
permanent:train:sentinel_4_173_rural_174.1335814909047_-35.18430944806097:ff27cc09ac01,permanent,train,data/external/sen1floods11/permanent_splits/permanent_water_train_data.csv,101,data/external/sen1floods11/permanent_sar/sentinel_4_173_rural_174.1335814909047_-35.18430944806097.tif,data/external/sen1floods11/permanent_mask/water_4_173_rural_174.1335814909047_-35.18430944806097.tif,False,True,True,True,True,True,False,True,True,2.842170943040401e-14,625.0,514.0,2.0,625.0,514.0,1.0,,-1.0|0.0|1.0,True,0.22038081288337708,1.0,0.0,0.9123533368110657,,True
permanent:train:sentinel_4_173_rural_175.16870383214845_-36.815898982617874:bf725b98ace3,permanent,train,data/external/sen1floods11/permanent_splits/permanent_water_train_data.csv,79,data/external/sen1floods11/permanent_sar/sentinel_4_173_rural_175.16870383214845_-36.815898982617874.tif,data/external/sen1floods11/permanent_mask/water_4_173_rural_175.16870383214845_-36.815898982617874.tif,False,True,True,True,True,True,False,True,True,2.842170943040401e-14,637.0,514.0,2.0,637.0,514.0,1.0,,-1.0|0.0|1.0,True,0.29372385144233704,1.0,0.048673223704099655,1.0,,True
permanent:train:sentinel_4_174_inhabited_167.69565178566796_-46.785766695661685:3ce3727e55f4,permanent,train,data/external/sen1floods11/permanent_splits/permanent_water_train_data.csv,134,data/external/sen1floods11/permanent_sar/sentinel_4_174_inhabited_167.69565178566796_-46.785766695661685.tif,data/external/sen1floods11/permanent_mask/water_4_174_inhabited_167.69565178566796_-46.785766695661685.tif,False,True,True,True,True,True,False,True,True,7.105427357601002e-15,746.0,514.0,2.0,746.0,514.0,1.0,,-1.0|0.0|1.0,True,0.17444904148578644,1.0,0.0,0.9717541337013245,,True
permanent:train:sentinel_4_174_inhabited_167.97767654999527_-47.13915491324831:916796edc4c7,permanent,train,data/external/sen1floods11/permanent_splits/permanent_water_train_data.csv,236,data/external/sen1floods11/permanent_sar/sentinel_4_174_inhabited_167.97767654999527_-47.13915491324831.tif,data/external/sen1floods11/permanent_mask/water_4_174_inhabited_167.97767654999527_-47.13915491324831.tif,False,True,True,True,True,True,False,True,True,2.842170943040401e-14,751.0,514.0,2.0,751.0,514.0,1.0,,-1.0|0.0|1.0|nan,False,0.2016245275735855,1.0,0.0,0.9378390908241272,,False
permanent:train:sentinel_4_175_rural_174.0816552591373_-41.95377331662139:5806c422812a,permanent,train,data/external/sen1floods11/permanent_splits/permanent_water_train_data.csv,27,data/external/sen1floods11/permanent_sar/sentinel_4_175_rural_174.0816552591373_-41.95377331662139.tif,data/external/sen1floods11/permanent_mask/water_4_175_rural_174.0816552591373_-41.95377331662139.tif,False,True,True,True,True,True,False,True,True,2.842170943040401e-14,686.0,514.0,2.0,686.0,514.0,1.0,,-1.0|0.0|1.0,True,0.037694815546274185,1.0,0.03750188276171684,0.9548095464706421,,True
permanent:train:sentinel_4_175_rural_174.0938018504069_-40.893506104537245:f8d997730803,permanent,train,data/external/sen1floods11/permanent_splits/permanent_water_train_data.csv,300,data/external/sen1floods11/permanent_sar/sentinel_4_175_rural_174.0938018504069_-40.893506104537245.tif,data/external/sen1floods11/permanent_mask/water_4_175_rural_174.0938018504069_-40.893506104537245.tif,False,True,True,True,True,True,True,True,True,0.0,675.0,514.0,2.0,675.0,514.0,1.0,,-1.0|0.0|1.0|nan,False,0.07592667639255524,1.0,0.0,0.9613502621650696,,False
permanent:train:sentinel_4_178_rural_147.33444212800865_-43.09621730201949:25acc15c6279,permanent,train,data/external/sen1floods11/permanent_splits/permanent_water_train_data.csv,170,data/external/sen1floods11/permanent_sar/sentinel_4_178_rural_147.33444212800865_-43.09621730201949.tif,data/external/sen1floods11/permanent_mask/water_4_178_rural_147.33444212800865_-43.09621730201949.tif,False,True,True,True,True,True,False,True,True,2.842170943040401e-14,698.0,514.0,2.0,698.0,514.0,1.0,,-1.0|0.0|1.0,True,0.04190747067332268,1.0,0.0,1.0,,True
permanent:train:sentinel_4_178_rural_148.1540070652278_-40.44224061882747:b889a39f887f,permanent,train,data/external/sen1floods11/permanent_splits/permanent_water_train_data.csv,176,data/external/sen1floods11/permanent_sar/sentinel_4_178_rural_148.1540070652278_-40.44224061882747.tif,data/external/sen1floods11/permanent_mask/water_4_178_rural_148.1540070652278_-40.44224061882747.tif,False,True,True,True,True,True,False,True,True,7.105427357601002e-15,671.0,514.0,2.0,671.0,514.0,1.0,,-1.0|0.0|1.0,True,0.0,1.0,0.0,0.891567051410675,,True
permanent:train:sentinel_4_179_inhabited_144.77082466856365_-40.49674421100374:348685f56eba,permanent,train,data/external/sen1floods11/permanent_splits/permanent_water_train_data.csv,378,data/external/sen1floods11/permanent_sar/sentinel_4_179_inhabited_144.77082466856365_-40.49674421100374.tif,data/external/sen1floods11/permanent_mask/water_4_179_inhabited_144.77082466856365_-40.49674421100374.tif,False,True,True,True,True,True,False,True,True,2.842170943040401e-14,671.0,514.0,2.0,671.0,514.0,1.0,,-1.0|0.0|1.0|nan,False,0.0,1.0,0.0,0.8554103374481201,,False
permanent:train:sentinel_4_179_inhabited_146.22735435486334_-42.74006444177972:22cc23975da7,permanent,train,data/external/sen1floods11/permanent_splits/permanent_water_train_data.csv,373,data/external/sen1floods11/permanent_sar/sentinel_4_179_inhabited_146.22735435486334_-42.74006444177972.tif,data/external/sen1floods11/permanent_mask/water_4_179_inhabited_146.22735435486334_-42.74006444177972.tif,False,True,True,True,True,True,False,True,True,2.842170943040401e-14,694.0,514.0,2.0,694.0,514.0,1.0,,-1.0|0.0|1.0,True,0.032928697764873505,1.0,0.0,0.8981447219848633,,True
permanent:train:sentinel_4_180_inhabited_170.40517103158172_-43.066492934397225:74628e8f35d9,permanent,train,data/external/sen1floods11/permanent_splits/permanent_water_train_data.csv,424,data/external/sen1floods11/permanent_sar/sentinel_4_180_inhabited_170.40517103158172_-43.066492934397225.tif,data/external/sen1floods11/permanent_mask/water_4_180_inhabited_170.40517103158172_-43.066492934397225.tif,False,True,True,True,True,True,True,True,True,0.0,698.0,514.0,2.0,698.0,514.0,1.0,,-1.0|0.0|1.0,True,0.36562225222587585,1.0,0.0,0.8687055110931396,,True
permanent:train:sentinel_4_332_rural_-95.9700660115677_32.91833698393349:62b712abe828,permanent,train,data/external/sen1floods11/permanent_splits/permanent_water_train_data.csv,78,data/external/sen1floods11/permanent_sar/sentinel_4_332_rural_-95.9700660115677_32.91833698393349.tif,data/external/sen1floods11/permanent_mask/water_4_332_rural_-95.9700660115677_32.91833698393349.tif,False,True,True,True,True,True,True,True,True,0.0,608.0,514.0,2.0,608.0,514.0,1.0,,-1.0|0.0|1.0,True,0.0,1.0,0.0,0.9937401413917542,,True
permanent:train:sentinel_4_334_low_density_-73.22825377899996_44.498194346031305:ea47f7effe9d,permanent,train,data/external/sen1floods11/permanent_splits/permanent_water_train_data.csv,57,data/external/sen1floods11/permanent_sar/sentinel_4_334_low_density_-73.22825377899996_44.498194346031305.tif,data/external/sen1floods11/permanent_mask/water_4_334_low_density_-73.22825377899996_44.498194346031305.tif,False,True,True,True,True,True,False,True,True,1.4210854715202004e-14,715.0,514.0,2.0,715.0,514.0,1.0,,-1.0|0.0|1.0,True,0.28447043895721436,1.0,0.0415244959294796,1.0,,True
permanent:train:sentinel_4_334_low_density_-77.4071538404494_43.259005704177646:93345d66513a,permanent,train,data/external/sen1floods11/permanent_splits/permanent_water_train_data.csv,24,data/external/sen1floods11/permanent_sar/sentinel_4_334_low_density_-77.4071538404494_43.259005704177646.tif,data/external/sen1floods11/permanent_mask/water_4_334_low_density_-77.4071538404494_43.259005704177646.tif,False,True,True,True,True,True,False,True,True,1.4210854715202004e-14,700.0,514.0,2.0,700.0,514.0,1.0,,-1.0|0.0|1.0,True,0.5074330568313599,1.0,0.05612794682383537,1.0,,True
permanent:train:sentinel_4_336_rural_-87.04830108293423_34.687240076330205:cc74005d0e08,permanent,train,data/external/sen1floods11/permanent_splits/permanent_water_train_data.csv,452,data/external/sen1floods11/permanent_sar/sentinel_4_336_rural_-87.04830108293423_34.687240076330205.tif,data/external/sen1floods11/permanent_mask/water_4_336_rural_-87.04830108293423_34.687240076330205.tif,False,True,True,True,True,True,False,True,True,7.105427357601002e-15,621.0,514.0,2.0,621.0,514.0,1.0,,-1.0|0.0|1.0|nan,False,0.04254748299717903,1.0,0.0,0.9627225399017334,,False
permanent:train:sentinel_4_337_low_density_-89.8657751653519_29.97121007928583:db18b3bdd3ba,permanent,train,data/external/sen1floods11/permanent_splits/permanent_water_train_data.csv,35,data/external/sen1floods11/permanent_sar/sentinel_4_337_low_density_-89.8657751653519_29.97121007928583.tif,data/external/sen1floods11/permanent_mask/water_4_337_low_density_-89.8657751653519_29.97121007928583.tif,False,True,True,True,True,True,False,True,True,3.552713678800501e-15,589.0,514.0,2.0,589.0,514.0,1.0,,-1.0|0.0|1.0,True,0.0,0.9499996900558472,0.0,0.8243623375892639,,True
permanent:train:sentinel_4_338_rural_-67.01062596130873_44.91723836752888:724f051a4bb4,permanent,train,data/external/sen1floods11/permanent_splits/permanent_water_train_data.csv,117,data/external/sen1floods11/permanent_sar/sentinel_4_338_rural_-67.01062596130873_44.91723836752888.tif,data/external/sen1floods11/permanent_mask/water_4_338_rural_-67.01062596130873_44.91723836752888.tif,False,True,True,True,True,True,False,True,True,1.4210854715202004e-14,721.0,513.0,2.0,721.0,513.0,1.0,,-1.0|0.0|1.0,True,0.28090915083885193,1.0,0.0,0.9519827961921692,,True
permanent:train:sentinel_4_343_rural_-89.98569376998222_44.12682703299717:e667e9cd62aa,permanent,train,data/external/sen1floods11/permanent_splits/permanent_water_train_data.csv,38,data/external/sen1floods11/permanent_sar/sentinel_4_343_rural_-89.98569376998222_44.12682703299717.tif,data/external/sen1floods11/permanent_mask/water_4_343_rural_-89.98569376998222_44.12682703299717.tif,False,True,True,True,True,True,False,True,True,1.4210854715202004e-14,711.0,514.0,2.0,711.0,514.0,1.0,,-1.0|0.0|1.0,True,0.28319573402404785,1.0,0.0,0.790869951248169,,True
permanent:train:sentinel_4_344_rural_-90.7418948812319_46.79086790726683:a3d9217bfc58,permanent,train,data/external/sen1floods11/permanent_splits/permanent_water_train_data.csv,47,data/external/sen1floods11/permanent_sar/sentinel_4_344_rural_-90.7418948812319_46.79086790726683.tif,data/external/sen1floods11/permanent_mask/water_4_344_rural_-90.7418948812319_46.79086790726683.tif,False,True,True,True,True,True,False,True,True,1.4210854715202004e-14,745.0,514.0,2.0,745.0,514.0,1.0,,-1.0|0.0|1.0|nan,False,0.23505184054374695,1.0,0.0,0.882108211517334,,False
permanent:train:sentinel_4_561_rural_-69.01624489222867_-54.036153531038345:8eabb59f63a4,permanent,train,data/external/sen1floods11/permanent_splits/permanent_water_train_data.csv,411,data/external/sen1floods11/permanent_sar/sentinel_4_561_rural_-69.01624489222867_-54.036153531038345.tif,data/external/sen1floods11/permanent_mask/water_4_561_rural_-69.01624489222867_-54.036153531038345.tif,False,True,True,True,True,True,False,True,True,1.4210854715202004e-14,869.0,514.0,2.0,869.0,514.0,1.0,,-1.0|0.0|1.0,True,0.04551736265420914,0.8490445613861084,0.04538892209529877,0.7461391091346741,,True
permanent:train:sentinel_4_561_rural_-71.25693425338312_-54.733717463435205:8785b8942cc1,permanent,train,data/external/sen1floods11/permanent_splits/permanent_water_train_data.csv,254,data/external/sen1floods11/permanent_sar/sentinel_4_561_rural_-71.25693425338312_-54.733717463435205.tif,data/external/sen1floods11/permanent_mask/water_4_561_rural_-71.25693425338312_-54.733717463435205.tif,False,True,True,True,True,True,False,True,True,1.4210854715202004e-14,884.0,514.0,2.0,884.0,514.0,1.0,,-1.0|0.0|1.0,True,0.07383344322443008,1.0,0.0,0.9405045509338379,,True
permanent:train:sentinel_4_563_rural_-72.9850945394545_-41.24805814749883:b43b44a670d0,permanent,train,data/external/sen1floods11/permanent_splits/permanent_water_train_data.csv,265,data/external/sen1floods11/permanent_sar/sentinel_4_563_rural_-72.9850945394545_-41.24805814749883.tif,data/external/sen1floods11/permanent_mask/water_4_563_rural_-72.9850945394545_-41.24805814749883.tif,False,True,True,True,True,True,False,True,True,1.4210854715202004e-14,679.0,514.0,2.0,679.0,514.0,1.0,,-1.0|0.0|1.0|nan,False,0.1074768602848053,1.0,0.0,1.0,,False
permanent:train:sentinel_4_646_rural_27.62595479842808_42.446686806170355:1b4b5bd96c53,permanent,train,data/external/sen1floods11/permanent_splits/permanent_water_train_data.csv,242,data/external/sen1floods11/permanent_sar/sentinel_4_646_rural_27.62595479842808_42.446686806170355.tif,data/external/sen1floods11/permanent_mask/water_4_646_rural_27.62595479842808_42.446686806170355.tif,False,True,True,True,True,True,False,True,True,7.105427357601002e-15,691.0,513.0,2.0,691.0,513.0,1.0,,-1.0|0.0|1.0,True,0.27951371669769287,1.0,0.03613882139325142,1.0,,True
permanent:train:sentinel_4_647_rural_16.085319689196364_54.24096896062523:aeeaf3405bde,permanent,train,data/external/sen1floods11/permanent_splits/permanent_water_train_data.csv,287,data/external/sen1floods11/permanent_sar/sentinel_4_647_rural_16.085319689196364_54.24096896062523.tif,data/external/sen1floods11/permanent_mask/water_4_647_rural_16.085319689196364_54.24096896062523.tif,False,True,True,True,True,True,False,True,True,7.105427357601002e-15,873.0,514.0,2.0,873.0,514.0,1.0,,-1.0|0.0|1.0,True,0.22424043715000153,1.0,0.037091974169015884,1.0,,True
permanent:train:sentinel_4_648_low_density_-8.694761012204637_41.18180928314779:5774115e86d6,permanent,train,data/external/sen1floods11/permanent_splits/permanent_water_train_data.csv,238,data/external/sen1floods11/permanent_sar/sentinel_4_648_low_density_-8.694761012204637_41.18180928314779.tif,data/external/sen1floods11/permanent_mask/water_4_648_low_density_-8.694761012204637_41.18180928314779.tif,False,True,True,True,True,True,False,True,True,2.3092638912203256e-14,678.0,514.0,2.0,678.0,514.0,1.0,,-1.0|0.0|1.0,True,0.0,1.0,0.0,1.0,,True
permanent:train:sentinel_4_648_low_density_-8.782627598462788_42.28879449696889:545267569114,permanent,train,data/external/sen1floods11/permanent_splits/permanent_water_train_data.csv,29,data/external/sen1floods11/permanent_sar/sentinel_4_648_low_density_-8.782627598462788_42.28879449696889.tif,data/external/sen1floods11/permanent_mask/water_4_648_low_density_-8.782627598462788_42.28879449696889.tif,False,True,True,True,True,True,False,True,True,1.4210854715202004e-14,690.0,514.0,2.0,690.0,514.0,1.0,,-1.0|0.0|1.0,True,0.25496429204940796,1.0,0.01541680097579956,1.0,,True
permanent:train:sentinel_4_648_low_density_-8.7962278566758_42.26012247719523:e3d0e83ce039,permanent,train,data/external/sen1floods11/permanent_splits/permanent_water_train_data.csv,250,data/external/sen1floods11/permanent_sar/sentinel_4_648_low_density_-8.7962278566758_42.26012247719523.tif,data/external/sen1floods11/permanent_mask/water_4_648_low_density_-8.7962278566758_42.26012247719523.tif,False,True,True,True,True,True,False,True,True,1.0658141036401503e-14,689.0,513.0,2.0,689.0,513.0,1.0,,-1.0|0.0|1.0,True,0.0,1.0,0.0,1.0,,True
permanent:train:sentinel_4_648_low_density_-8.982381948354005_42.53697022519948:c32fdae7437c,permanent,train,data/external/sen1floods11/permanent_splits/permanent_water_train_data.csv,209,data/external/sen1floods11/permanent_sar/sentinel_4_648_low_density_-8.982381948354005_42.53697022519948.tif,data/external/sen1floods11/permanent_mask/water_4_648_low_density_-8.982381948354005_42.53697022519948.tif,False,True,True,True,True,True,False,True,True,1.4210854715202004e-14,692.0,513.0,2.0,692.0,513.0,1.0,,-1.0|0.0|1.0,True,0.2153080403804779,1.0,0.0,1.0,,True
permanent:train:sentinel_4_651_high_density_-1.3351262010185512_54.84937762655949:8b59452c68bb,permanent,train,data/external/sen1floods11/permanent_splits/permanent_water_train_data.csv,246,data/external/sen1floods11/permanent_sar/sentinel_4_651_high_density_-1.3351262010185512_54.84937762655949.tif,data/external/sen1floods11/permanent_mask/water_4_651_high_density_-1.3351262010185512_54.84937762655949.tif,False,True,True,True,True,True,False,True,True,2.0650148258027912e-14,886.0,513.0,2.0,886.0,513.0,1.0,,-1.0|0.0|1.0,True,0.00025911841657944024,1.0,0.0,1.0,,True
permanent:train:sentinel_4_651_low_density_-1.4467285821841946_55.05793424193019:c61c29f515ea,permanent,train,data/external/sen1floods11/permanent_splits/permanent_water_train_data.csv,385,data/external/sen1floods11/permanent_sar/sentinel_4_651_low_density_-1.4467285821841946_55.05793424193019.tif,data/external/sen1floods11/permanent_mask/water_4_651_low_density_-1.4467285821841946_55.05793424193019.tif,False,True,True,True,True,True,False,True,True,5.551115123125783e-15,890.0,514.0,2.0,890.0,514.0,1.0,,-1.0|0.0|1.0,True,0.0,1.0,0.0,1.0,,True
permanent:train:sentinel_4_651_low_density_-5.496903314422765_50.12782280330989:62558f058a28,permanent,train,data/external/sen1floods11/permanent_splits/permanent_water_train_data.csv,51,data/external/sen1floods11/permanent_sar/sentinel_4_651_low_density_-5.496903314422765_50.12782280330989.tif,data/external/sen1floods11/permanent_mask/water_4_651_low_density_-5.496903314422765_50.12782280330989.tif,False,True,True,True,True,True,False,True,True,1.687538997430238e-14,795.0,513.0,2.0,795.0,513.0,1.0,,-1.0|0.0|1.0,True,0.0,1.0,0.0,1.0,,True
permanent:train:sentinel_4_651_low_density_0.28483845709201583_53.27372305561701:569261d6c9a4,permanent,train,data/external/sen1floods11/permanent_splits/permanent_water_train_data.csv,43,data/external/sen1floods11/permanent_sar/sentinel_4_651_low_density_0.28483845709201583_53.27372305561701.tif,data/external/sen1floods11/permanent_mask/water_4_651_low_density_0.28483845709201583_53.27372305561701.tif,False,True,True,True,True,True,False,True,True,1.1324274851176597e-14,853.0,513.0,2.0,853.0,513.0,1.0,,-1.0|0.0|1.0,True,0.104561947286129,1.0,0.030368216335773468,1.0,,True
permanent:train:sentinel_4_651_low_density_1.7285170141556534_52.66277716118333:2c6d5e9d7bb7,permanent,train,data/external/sen1floods11/permanent_splits/permanent_water_train_data.csv,229,data/external/sen1floods11/permanent_sar/sentinel_4_651_low_density_1.7285170141556534_52.66277716118333.tif,data/external/sen1floods11/permanent_mask/water_4_651_low_density_1.7285170141556534_52.66277716118333.tif,False,True,True,True,True,True,False,True,True,1.7985612998927536e-14,841.0,513.0,2.0,841.0,513.0,1.0,,-1.0|0.0|1.0,True,0.3613591492176056,1.0,0.0,1.0,,True
permanent:train:sentinel_4_651_rural_-6.550089474034039_54.581523885380044:236ce0718931,permanent,train,data/external/sen1floods11/permanent_splits/permanent_water_train_data.csv,84,data/external/sen1floods11/permanent_sar/sentinel_4_651_rural_-6.550089474034039_54.581523885380044.tif,data/external/sen1floods11/permanent_mask/water_4_651_rural_-6.550089474034039_54.581523885380044.tif,False,True,True,True,True,True,False,True,True,2.042810365310288e-14,881.0,514.0,2.0,881.0,514.0,1.0,,-1.0|0.0|1.0,True,0.34310656785964966,1.0,0.037910573184490204,1.0,,True
permanent:train:sentinel_4_652_inhabited_31.59183914345336_37.812561577275666:dcb2ed378647,permanent,train,data/external/sen1floods11/permanent_splits/permanent_water_train_data.csv,427,data/external/sen1floods11/permanent_sar/sentinel_4_652_inhabited_31.59183914345336_37.812561577275666.tif,data/external/sen1floods11/permanent_mask/water_4_652_inhabited_31.59183914345336_37.812561577275666.tif,False,True,True,True,True,True,False,True,True,7.105427357601002e-15,646.0,513.0,2.0,646.0,513.0,1.0,,-1.0|0.0|1.0,True,0.0,1.0,0.0,0.8370836973190308,,True
permanent:train:sentinel_4_654_rural_21.703265301714925_53.78544057430835:c2ad9b6af093,permanent,train,data/external/sen1floods11/permanent_splits/permanent_water_train_data.csv,112,data/external/sen1floods11/permanent_sar/sentinel_4_654_rural_21.703265301714925_53.78544057430835.tif,data/external/sen1floods11/permanent_mask/water_4_654_rural_21.703265301714925_53.78544057430835.tif,False,True,True,True,True,True,False,True,True,3.552713678800501e-15,863.0,514.0,2.0,863.0,514.0,1.0,,-1.0|0.0|1.0,True,0.43940067291259766,1.0,0.0,0.8590874075889587,,True
permanent:train:sentinel_4_655_low_density_125.61582414136673_37.766013021378754:df3c9bfe634a,permanent,train,data/external/sen1floods11/permanent_splits/permanent_water_train_data.csv,353,data/external/sen1floods11/permanent_sar/sentinel_4_655_low_density_125.61582414136673_37.766013021378754.tif,data/external/sen1floods11/permanent_mask/water_4_655_low_density_125.61582414136673_37.766013021378754.tif,False,True,True,True,True,True,False,True,True,1.4210854715202004e-14,645.0,514.0,2.0,645.0,514.0,1.0,,-1.0|0.0|1.0,True,0.049963779747486115,1.0,0.04991237819194794,0.8588758111000061,,True
permanent:train:sentinel_4_655_low_density_128.63960745222417_40.17412824978694:996fb3165000,permanent,train,data/external/sen1floods11/permanent_splits/permanent_water_train_data.csv,239,data/external/sen1floods11/permanent_sar/sentinel_4_655_low_density_128.63960745222417_40.17412824978694.tif,data/external/sen1floods11/permanent_mask/water_4_655_low_density_128.63960745222417_40.17412824978694.tif,False,True,True,True,True,True,False,True,True,7.105427357601002e-15,668.0,513.0,2.0,668.0,513.0,1.0,,-1.0|0.0|1.0,True,0.046196456998586655,1.0,0.0,1.0,,True
permanent:train:sentinel_4_655_rural_125.35666564724148_37.84069404582187:98351b969a53,permanent,train,data/external/sen1floods11/permanent_splits/permanent_water_train_data.csv,313,data/external/sen1floods11/permanent_sar/sentinel_4_655_rural_125.35666564724148_37.84069404582187.tif,data/external/sen1floods11/permanent_mask/water_4_655_rural_125.35666564724148_37.84069404582187.tif,False,True,True,True,True,True,False,True,True,1.4210854715202004e-14,647.0,514.0,2.0,647.0,514.0,1.0,,-1.0|0.0|1.0,True,0.05240105092525482,1.0,0.0,0.930234968662262,,True
permanent:train:sentinel_4_657_high_density_119.06050860089807_29.565632542969656:22c225a89ee7,permanent,train,data/external/sen1floods11/permanent_splits/permanent_water_train_data.csv,285,data/external/sen1floods11/permanent_sar/sentinel_4_657_high_density_119.06050860089807_29.565632542969656.tif,data/external/sen1floods11/permanent_mask/water_4_657_high_density_119.06050860089807_29.565632542969656.tif,False,True,True,True,True,True,True,True,True,0.0,586.0,514.0,2.0,586.0,514.0,1.0,,-1.0|0.0|1.0,True,0.11240345239639282,1.0,0.0,1.0,,True
permanent:train:sentinel_4_657_low_density_120.93082056945221_31.920519482102858:3a24a03c5bc1,permanent,train,data/external/sen1floods11/permanent_splits/permanent_water_train_data.csv,419,data/external/sen1floods11/permanent_sar/sentinel_4_657_low_density_120.93082056945221_31.920519482102858.tif,data/external/sen1floods11/permanent_mask/water_4_657_low_density_120.93082056945221_31.920519482102858.tif,False,True,True,True,True,True,False,True,True,3.552713678800501e-15,601.0,514.0,2.0,601.0,514.0,1.0,,-1.0|0.0|1.0,True,0.3012605309486389,1.0,0.04048794507980347,1.0,,True
permanent:train:sentinel_4_657_low_density_121.80967817337904_31.458627958582714:a253e047e1ef,permanent,train,data/external/sen1floods11/permanent_splits/permanent_water_train_data.csv,470,data/external/sen1floods11/permanent_sar/sentinel_4_657_low_density_121.80967817337904_31.458627958582714.tif,data/external/sen1floods11/permanent_mask/water_4_657_low_density_121.80967817337904_31.458627958582714.tif,False,True,True,True,True,True,True,True,True,0.0,599.0,514.0,2.0,599.0,514.0,1.0,,-1.0|0.0|1.0,True,0.2757013440132141,1.0,0.0494840070605278,1.0,,True
permanent:train:sentinel_4_657_low_density_122.21444415330349_30.08914438394736:7709e7258a74,permanent,train,data/external/sen1floods11/permanent_splits/permanent_water_train_data.csv,277,data/external/sen1floods11/permanent_sar/sentinel_4_657_low_density_122.21444415330349_30.08914438394736.tif,data/external/sen1floods11/permanent_mask/water_4_657_low_density_122.21444415330349_30.08914438394736.tif,False,True,True,True,True,True,True,True,True,0.0,589.0,514.0,2.0,589.0,514.0,1.0,,-1.0|0.0|1.0,True,0.38577985763549805,1.0,0.0,1.0,,True
permanent:train:sentinel_4_657_rural_112.89901194726758_29.42947835140374:ee2659caf37a,permanent,train,data/external/sen1floods11/permanent_splits/permanent_water_train_data.csv,224,data/external/sen1floods11/permanent_sar/sentinel_4_657_rural_112.89901194726758_29.42947835140374.tif,data/external/sen1floods11/permanent_mask/water_4_657_rural_112.89901194726758_29.42947835140374.tif,False,True,True,True,True,True,False,True,True,3.552713678800501e-15,586.0,513.0,2.0,586.0,513.0,1.0,,-1.0|0.0|1.0,True,0.05821272358298302,0.983912467956543,0.0,0.8319511413574219,,True
permanent:train:sentinel_4_657_rural_120.44754765638082_31.023138772400035:8974fc52f479,permanent,train,data/external/sen1floods11/permanent_splits/permanent_water_train_data.csv,394,data/external/sen1floods11/permanent_sar/sentinel_4_657_rural_120.44754765638082_31.023138772400035.tif,data/external/sen1floods11/permanent_mask/water_4_657_rural_120.44754765638082_31.023138772400035.tif,False,True,True,True,True,True,False,True,True,2.842170943040401e-14,595.0,514.0,2.0,595.0,514.0,1.0,,-1.0|0.0|1.0,True,0.0,1.0,0.0,1.0,,True
permanent:train:sentinel_4_658_rural_38.84096851233296_44.22595284941528:d567de073dbc,permanent,train,data/external/sen1floods11/permanent_splits/permanent_water_train_data.csv,128,data/external/sen1floods11/permanent_sar/sentinel_4_658_rural_38.84096851233296_44.22595284941528.tif,data/external/sen1floods11/permanent_mask/water_4_658_rural_38.84096851233296_44.22595284941528.tif,False,True,True,True,True,True,False,True,True,2.1316282072803006e-14,712.0,514.0,2.0,712.0,514.0,1.0,,-1.0|0.0|1.0,True,0.058881163597106934,1.0,0.05006803572177887,1.0,,True
permanent:train:sentinel_4_659_inhabited_112.03660842622801_31.009119358687997:d222062f4356,permanent,train,data/external/sen1floods11/permanent_splits/permanent_water_train_data.csv,231,data/external/sen1floods11/permanent_sar/sentinel_4_659_inhabited_112.03660842622801_31.009119358687997.tif,data/external/sen1floods11/permanent_mask/water_4_659_inhabited_112.03660842622801_31.009119358687997.tif,False,True,True,True,True,True,False,True,True,2.842170943040401e-14,595.0,514.0,2.0,595.0,514.0,1.0,,-1.0|0.0|1.0,True,0.011321240104734898,1.0,0.0,0.9460097551345825,,True
permanent:train:sentinel_4_661_low_density_31.50030271702822_50.00780163935534:ad116d856849,permanent,train,data/external/sen1floods11/permanent_splits/permanent_water_train_data.csv,201,data/external/sen1floods11/permanent_sar/sentinel_4_661_low_density_31.50030271702822_50.00780163935534.tif,data/external/sen1floods11/permanent_mask/water_4_661_low_density_31.50030271702822_50.00780163935534.tif,False,True,True,True,True,True,False,True,True,2.1316282072803006e-14,793.0,514.0,2.0,793.0,514.0,1.0,,-1.0|0.0|1.0,True,0.05251190811395645,1.0,0.0,0.8814189434051514,,True
permanent:train:sentinel_4_661_low_density_49.34845220298651_55.174133956281956:54c928ba0aa3,permanent,train,data/external/sen1floods11/permanent_splits/permanent_water_train_data.csv,135,data/external/sen1floods11/permanent_sar/sentinel_4_661_low_density_49.34845220298651_55.174133956281956.tif,data/external/sen1floods11/permanent_mask/water_4_661_low_density_49.34845220298651_55.174133956281956.tif,False,True,True,True,True,True,False,True,True,7.105427357601002e-15,893.0,514.0,2.0,893.0,514.0,1.0,,-1.0|0.0|1.0,True,0.0716625452041626,1.0,0.03667878359556198,0.90525883436203,,True
permanent:train:sentinel_4_661_rural_48.862548420293564_53.66441611261678:4f1557625652,permanent,train,data/external/sen1floods11/permanent_splits/permanent_water_train_data.csv,34,data/external/sen1floods11/permanent_sar/sentinel_4_661_rural_48.862548420293564_53.66441611261678.tif,data/external/sen1floods11/permanent_mask/water_4_661_rural_48.862548420293564_53.66441611261678.tif,False,True,True,True,True,True,False,True,True,7.105427357601002e-15,861.0,513.0,2.0,861.0,513.0,1.0,,-1.0|0.0|1.0,True,0.0446622259914875,1.0,0.0,0.8787550330162048,,True
permanent:train:sentinel_4_663_low_density_1.7344922095672706_52.45569650826131:91a68f71e275,permanent,train,data/external/sen1floods11/permanent_splits/permanent_water_train_data.csv,298,data/external/sen1floods11/permanent_sar/sentinel_4_663_low_density_1.7344922095672706_52.45569650826131.tif,data/external/sen1floods11/permanent_mask/water_4_663_low_density_1.7344922095672706_52.45569650826131.tif,False,True,True,True,True,True,False,True,True,1.554312234475219e-14,838.0,514.0,2.0,838.0,514.0,1.0,,-1.0|0.0|1.0,True,0.0,1.0,0.0,1.0,,True
permanent:train:sentinel_4_664_low_density_4.096081177583795_51.97402887156913:f915df971b6e,permanent,train,data/external/sen1floods11/permanent_splits/permanent_water_train_data.csv,431,data/external/sen1floods11/permanent_sar/sentinel_4_664_low_density_4.096081177583795_51.97402887156913.tif,data/external/sen1floods11/permanent_mask/water_4_664_low_density_4.096081177583795_51.97402887156913.tif,False,True,True,True,True,True,False,True,True,7.105427357601002e-15,828.0,514.0,2.0,828.0,514.0,1.0,,-1.0|0.0|1.0,True,0.2363097071647644,1.0,0.0,1.0,,True
permanent:train:sentinel_4_664_low_density_5.2517241021000975_52.717258457854335:d9a4f007ae9a,permanent,train,data/external/sen1floods11/permanent_splits/permanent_water_train_data.csv,49,data/external/sen1floods11/permanent_sar/sentinel_4_664_low_density_5.2517241021000975_52.717258457854335.tif,data/external/sen1floods11/permanent_mask/water_4_664_low_density_5.2517241021000975_52.717258457854335.tif,False,True,True,True,True,True,False,True,True,9.769962616701378e-15,842.0,514.0,2.0,842.0,514.0,1.0,,-1.0|0.0|1.0,True,0.36763593554496765,1.0,0.04651530832052231,1.0,,True
permanent:train:sentinel_4_664_rural_-1.2928851367392582_49.579803742942445:3824815e9e27,permanent,train,data/external/sen1floods11/permanent_splits/permanent_water_train_data.csv,234,data/external/sen1floods11/permanent_sar/sentinel_4_664_rural_-1.2928851367392582_49.579803742942445.tif,data/external/sen1floods11/permanent_mask/water_4_664_rural_-1.2928851367392582_49.579803742942445.tif,False,True,True,True,True,True,False,True,True,3.552713678800501e-15,787.0,514.0,2.0,787.0,514.0,1.0,,-1.0|0.0|1.0,True,0.09875623881816864,1.0,0.024025926366448402,0.9879065155982971,,True
permanent:train:sentinel_4_665_low_density_40.266525282715385_40.946266188201626:0c5829308be3,permanent,train,data/external/sen1floods11/permanent_splits/permanent_water_train_data.csv,178,data/external/sen1floods11/permanent_sar/sentinel_4_665_low_density_40.266525282715385_40.946266188201626.tif,data/external/sen1floods11/permanent_mask/water_4_665_low_density_40.266525282715385_40.946266188201626.tif,False,True,True,True,True,True,False,True,True,1.4210854715202004e-14,675.0,514.0,2.0,675.0,514.0,1.0,,-1.0|0.0|1.0,True,0.05286499112844467,1.0,0.05569673329591751,1.0,,True
permanent:train:sentinel_4_665_rural_28.027742098848815_41.97143581589409:89592963896e,permanent,train,data/external/sen1floods11/permanent_splits/permanent_water_train_data.csv,267,data/external/sen1floods11/permanent_sar/sentinel_4_665_rural_28.027742098848815_41.97143581589409.tif,data/external/sen1floods11/permanent_mask/water_4_665_rural_28.027742098848815_41.97143581589409.tif,False,True,True,True,True,True,False,True,True,7.105427357601002e-15,686.0,514.0,2.0,686.0,514.0,1.0,,-1.0|0.0|1.0,True,0.04002004116773605,1.0,0.03994007408618927,0.9244992733001709,,True
permanent:train:sentinel_4_665_rural_35.185464355233826_42.02618019952724:c1ccbdf81c9b,permanent,train,data/external/sen1floods11/permanent_splits/permanent_water_train_data.csv,358,data/external/sen1floods11/permanent_sar/sentinel_4_665_rural_35.185464355233826_42.02618019952724.tif,data/external/sen1floods11/permanent_mask/water_4_665_rural_35.185464355233826_42.02618019952724.tif,False,True,True,True,True,True,False,True,True,7.105427357601002e-15,687.0,514.0,2.0,687.0,514.0,1.0,,-1.0|0.0|1.0,True,0.2107163667678833,1.0,0.05652522295713425,1.0,,True
permanent:train:sentinel_4_666_low_density_141.67359996335594_42.63129804888406:744e20c64938,permanent,train,data/external/sen1floods11/permanent_splits/permanent_water_train_data.csv,251,data/external/sen1floods11/permanent_sar/sentinel_4_666_low_density_141.67359996335594_42.63129804888406.tif,data/external/sen1floods11/permanent_mask/water_4_666_low_density_141.67359996335594_42.63129804888406.tif,False,True,True,True,True,True,True,True,True,0.0,694.0,513.0,2.0,694.0,513.0,1.0,,-1.0|0.0|1.0,True,0.2772665321826935,1.0,0.04299939423799515,1.0,,True
permanent:train:sentinel_4_666_rural_140.7372288740418_42.56381401354122:4918dd42f4ae,permanent,train,data/external/sen1floods11/permanent_splits/permanent_water_train_data.csv,467,data/external/sen1floods11/permanent_sar/sentinel_4_666_rural_140.7372288740418_42.56381401354122.tif,data/external/sen1floods11/permanent_mask/water_4_666_rural_140.7372288740418_42.56381401354122.tif,False,True,True,True,True,True,True,True,True,0.0,693.0,514.0,2.0,693.0,514.0,1.0,,-1.0|0.0|1.0,True,0.0579296313226223,1.0,0.0,1.0,,True
permanent:train:sentinel_4_667_low_density_118.12599695672318_34.14347945746879:b007b7172407,permanent,train,data/external/sen1floods11/permanent_splits/permanent_water_train_data.csv,405,data/external/sen1floods11/permanent_sar/sentinel_4_667_low_density_118.12599695672318_34.14347945746879.tif,data/external/sen1floods11/permanent_mask/water_4_667_low_density_118.12599695672318_34.14347945746879.tif,False,True,True,True,True,True,False,True,True,1.4210854715202004e-14,616.0,513.0,2.0,616.0,513.0,1.0,,-1.0|0.0|1.0,True,0.24560953676700592,1.0,0.0,1.0,,True
permanent:train:sentinel_4_667_rural_118.20927958709838_34.142690196582336:575d30057cd9,permanent,train,data/external/sen1floods11/permanent_splits/permanent_water_train_data.csv,459,data/external/sen1floods11/permanent_sar/sentinel_4_667_rural_118.20927958709838_34.142690196582336.tif,data/external/sen1floods11/permanent_mask/water_4_667_rural_118.20927958709838_34.142690196582336.tif,False,True,True,True,True,True,False,True,True,1.4210854715202004e-14,616.0,514.0,2.0,616.0,514.0,1.0,,-1.0|0.0|1.0,True,0.1283845752477646,1.0,0.0,1.0,,True
permanent:train:sentinel_4_668_inhabited_-16.355938073028945_33.06080972169214:4730f6ff43c7,permanent,train,data/external/sen1floods11/permanent_splits/permanent_water_train_data.csv,116,data/external/sen1floods11/permanent_sar/sentinel_4_668_inhabited_-16.355938073028945_33.06080972169214.tif,data/external/sen1floods11/permanent_mask/water_4_668_inhabited_-16.355938073028945_33.06080972169214.tif,False,True,True,True,True,True,False,True,True,1.4210854715202004e-14,609.0,514.0,2.0,609.0,514.0,1.0,,-1.0|0.0|1.0|nan,False,0.14540261030197144,1.0,0.0,1.0,,False
permanent:train:sentinel_4_669_rural_129.65915415348826_41.553591292579895:8ccf13e8e9e7,permanent,train,data/external/sen1floods11/permanent_splits/permanent_water_train_data.csv,436,data/external/sen1floods11/permanent_sar/sentinel_4_669_rural_129.65915415348826_41.553591292579895.tif,data/external/sen1floods11/permanent_mask/water_4_669_rural_129.65915415348826_41.553591292579895.tif,False,True,True,True,True,True,True,True,True,0.0,682.0,513.0,2.0,682.0,513.0,1.0,,-1.0|0.0|1.0,True,0.35569334030151367,1.0,0.033689774572849274,0.8420969843864441,,True
permanent:train:sentinel_4_670_inhabited_133.38276216097665_36.24062143751072:744538cf8f29,permanent,train,data/external/sen1floods11/permanent_splits/permanent_water_train_data.csv,279,data/external/sen1floods11/permanent_sar/sentinel_4_670_inhabited_133.38276216097665_36.24062143751072.tif,data/external/sen1floods11/permanent_mask/water_4_670_inhabited_133.38276216097665_36.24062143751072.tif,False,True,True,True,True,True,False,True,True,2.842170943040401e-14,633.0,514.0,2.0,633.0,514.0,1.0,,-1.0|0.0|1.0,True,0.2055252194404602,1.0,0.010039600543677807,0.9446499347686768,,True
permanent:train:sentinel_4_670_inhabited_136.10049953013188_35.70450371785492:35d2959ef18c,permanent,train,data/external/sen1floods11/permanent_splits/permanent_water_train_data.csv,92,data/external/sen1floods11/permanent_sar/sentinel_4_670_inhabited_136.10049953013188_35.70450371785492.tif,data/external/sen1floods11/permanent_mask/water_4_670_inhabited_136.10049953013188_35.70450371785492.tif,False,True,True,True,True,True,False,True,True,2.842170943040401e-14,629.0,514.0,2.0,629.0,514.0,1.0,,-1.0|0.0|1.0,True,0.28574976325035095,1.0,0.05624062567949295,1.0,,True
permanent:train:sentinel_4_671_low_density_140.92534051108248_41.73406003041495:05afdbd3ce6e,permanent,train,data/external/sen1floods11/permanent_splits/permanent_water_train_data.csv,14,data/external/sen1floods11/permanent_sar/sentinel_4_671_low_density_140.92534051108248_41.73406003041495.tif,data/external/sen1floods11/permanent_mask/water_4_671_low_density_140.92534051108248_41.73406003041495.tif,False,True,True,True,True,True,False,True,True,2.842170943040401e-14,684.0,513.0,2.0,684.0,513.0,1.0,,-1.0|0.0|1.0,True,0.3888464868068695,1.0,0.03577378764748573,1.0,,True
permanent:train:sentinel_4_672_rural_-6.577397008885342_57.93821476268566:f1d0e0bc2308,permanent,train,data/external/sen1floods11/permanent_splits/permanent_water_train_data.csv,155,data/external/sen1floods11/permanent_sar/sentinel_4_672_rural_-6.577397008885342_57.93821476268566.tif,data/external/sen1floods11/permanent_mask/water_4_672_rural_-6.577397008885342_57.93821476268566.tif,False,True,True,True,True,True,False,True,True,9.769962616701378e-15,961.0,514.0,2.0,961.0,514.0,1.0,,-1.0|0.0|1.0,True,0.33790987730026245,1.0,0.0,0.9361686110496521,,True
permanent:train:sentinel_4_673_high_density_120.94158929849634_40.69811721457736:87b29cc985d5,permanent,train,data/external/sen1floods11/permanent_splits/permanent_water_train_data.csv,1,data/external/sen1floods11/permanent_sar/sentinel_4_673_high_density_120.94158929849634_40.69811721457736.tif,data/external/sen1floods11/permanent_mask/water_4_673_high_density_120.94158929849634_40.69811721457736.tif,False,True,True,True,True,True,True,True,True,0.0,673.0,513.0,2.0,673.0,513.0,1.0,,-1.0|0.0|1.0,True,0.0,1.0,0.0,1.0,,True
permanent:train:sentinel_4_674_rural_16.7291425356971_47.79550783370924:8404a4052b42,permanent,train,data/external/sen1floods11/permanent_splits/permanent_water_train_data.csv,337,data/external/sen1floods11/permanent_sar/sentinel_4_674_rural_16.7291425356971_47.79550783370924.tif,data/external/sen1floods11/permanent_mask/water_4_674_rural_16.7291425356971_47.79550783370924.tif,False,True,True,True,True,True,False,True,True,3.552713678800501e-15,759.0,514.0,2.0,759.0,514.0,1.0,,-1.0|0.0|1.0,True,0.2022346556186676,1.0,0.0,0.9091989398002625,,True
permanent:train:sentinel_4_675_rural_12.098994824942094_44.57137265341941:fd7264f12f93,permanent,train,data/external/sen1floods11/permanent_splits/permanent_water_train_data.csv,425,data/external/sen1floods11/permanent_sar/sentinel_4_675_rural_12.098994824942094_44.57137265341941.tif,data/external/sen1floods11/permanent_mask/water_4_675_rural_12.098994824942094_44.57137265341941.tif,False,True,True,True,True,True,False,True,True,1.5987211554602254e-14,716.0,514.0,2.0,716.0,514.0,1.0,,-1.0|0.0|1.0,True,0.33679646253585815,1.0,0.04875904694199562,0.9076415300369263,,True
permanent:train:sentinel_4_675_rural_12.490111496541934_44.10523606569639:7a6f29f1e550,permanent,train,data/external/sen1floods11/permanent_splits/permanent_water_train_data.csv,386,data/external/sen1floods11/permanent_sar/sentinel_4_675_rural_12.490111496541934_44.10523606569639.tif,data/external/sen1floods11/permanent_mask/water_4_675_rural_12.490111496541934_44.10523606569639.tif,False,True,True,True,True,True,False,True,True,2.3092638912203256e-14,710.0,514.0,2.0,710.0,514.0,1.0,,-1.0|0.0|1.0,True,0.4250398874282837,1.0,0.0,1.0,,True
permanent:train:sentinel_4_681_low_density_126.51073896818698_33.22711635458146:b2ec93a1ba08,permanent,train,data/external/sen1floods11/permanent_splits/permanent_water_train_data.csv,303,data/external/sen1floods11/permanent_sar/sentinel_4_681_low_density_126.51073896818698_33.22711635458146.tif,data/external/sen1floods11/permanent_mask/water_4_681_low_density_126.51073896818698_33.22711635458146.tif,False,True,True,True,True,True,False,True,True,1.4210854715202004e-14,610.0,514.0,2.0,610.0,514.0,1.0,,-1.0|0.0|1.0|nan,False,0.25382158160209656,1.0,0.0,1.0,,False
permanent:train:sentinel_4_681_rural_127.83456134803505_34.8421982970385:e9cab3af5e00,permanent,train,data/external/sen1floods11/permanent_splits/permanent_water_train_data.csv,225,data/external/sen1floods11/permanent_sar/sentinel_4_681_rural_127.83456134803505_34.8421982970385.tif,data/external/sen1floods11/permanent_mask/water_4_681_rural_127.83456134803505_34.8421982970385.tif,False,True,True,True,True,True,False,True,True,2.842170943040401e-14,622.0,514.0,2.0,622.0,514.0,1.0,,-1.0|0.0|1.0|nan,False,0.028590237721800804,1.0,0.041894495487213135,1.0,,False
permanent:train:sentinel_4_681_rural_128.59086947771002_34.77783563243306:9d0f742fbbb1,permanent,train,data/external/sen1floods11/permanent_splits/permanent_water_train_data.csv,145,data/external/sen1floods11/permanent_sar/sentinel_4_681_rural_128.59086947771002_34.77783563243306.tif,data/external/sen1floods11/permanent_mask/water_4_681_rural_128.59086947771002_34.77783563243306.tif,False,True,True,True,True,True,False,True,True,2.842170943040401e-14,621.0,514.0,2.0,621.0,514.0,1.0,,-1.0|0.0|1.0,True,0.17472100257873535,1.0,0.0,1.0,,True
permanent:train:sentinel_4_682_high_density_131.4435035719341_31.86652422744668:49e28fcc07cf,permanent,train,data/external/sen1floods11/permanent_splits/permanent_water_train_data.csv,360,data/external/sen1floods11/permanent_sar/sentinel_4_682_high_density_131.4435035719341_31.86652422744668.tif,data/external/sen1floods11/permanent_mask/water_4_682_high_density_131.4435035719341_31.86652422744668.tif,False,True,True,True,True,True,False,True,True,3.552713678800501e-15,601.0,513.0,2.0,601.0,513.0,1.0,,-1.0|0.0|1.0,True,0.35554659366607666,1.0,0.00930713303387165,1.0,,True
permanent:train:sentinel_4_682_high_density_131.90654108442496_33.98138221597393:92c040f9b178,permanent,train,data/external/sen1floods11/permanent_splits/permanent_water_train_data.csv,289,data/external/sen1floods11/permanent_sar/sentinel_4_682_high_density_131.90654108442496_33.98138221597393.tif,data/external/sen1floods11/permanent_mask/water_4_682_high_density_131.90654108442496_33.98138221597393.tif,False,True,True,True,True,True,True,True,True,0.0,615.0,514.0,2.0,615.0,514.0,1.0,,-1.0|0.0|1.0,True,0.43991902470588684,1.0,0.025563890114426613,1.0,,True
permanent:train:sentinel_4_682_high_density_132.648339299272_34.20553230772856:70799a501023,permanent,train,data/external/sen1floods11/permanent_splits/permanent_water_train_data.csv,379,data/external/sen1floods11/permanent_sar/sentinel_4_682_high_density_132.648339299272_34.20553230772856.tif,data/external/sen1floods11/permanent_mask/water_4_682_high_density_132.648339299272_34.20553230772856.tif,False,True,True,True,True,True,False,True,True,2.842170943040401e-14,617.0,514.0,2.0,617.0,514.0,1.0,,-1.0|0.0|1.0,True,0.08620177209377289,1.0,0.03902814909815788,1.0,,True
permanent:train:sentinel_4_682_low_density_132.47970055653175_34.27141998489427:e46086a8fc60,permanent,train,data/external/sen1floods11/permanent_splits/permanent_water_train_data.csv,282,data/external/sen1floods11/permanent_sar/sentinel_4_682_low_density_132.47970055653175_34.27141998489427.tif,data/external/sen1floods11/permanent_mask/water_4_682_low_density_132.47970055653175_34.27141998489427.tif,False,True,True,True,True,True,True,True,True,0.0,618.0,514.0,2.0,618.0,514.0,1.0,,-1.0|0.0|1.0,True,0.09854838252067566,1.0,0.03695918619632721,1.0,,True
permanent:train:sentinel_4_682_low_density_136.18130735942245_35.42676860874104:cf5a1d108657,permanent,train,data/external/sen1floods11/permanent_splits/permanent_water_train_data.csv,316,data/external/sen1floods11/permanent_sar/sentinel_4_682_low_density_136.18130735942245_35.42676860874104.tif,data/external/sen1floods11/permanent_mask/water_4_682_low_density_136.18130735942245_35.42676860874104.tif,False,True,True,True,True,True,False,True,True,7.105427357601002e-15,626.0,514.0,2.0,626.0,514.0,1.0,,-1.0|0.0|1.0,True,0.21802358329296112,1.0,0.05631769075989723,1.0,,True
permanent:train:sentinel_4_682_low_density_140.43074594043637_35.466307457781944:ed078b88d88a,permanent,train,data/external/sen1floods11/permanent_splits/permanent_water_train_data.csv,162,data/external/sen1floods11/permanent_sar/sentinel_4_682_low_density_140.43074594043637_35.466307457781944.tif,data/external/sen1floods11/permanent_mask/water_4_682_low_density_140.43074594043637_35.466307457781944.tif,False,True,True,True,True,True,True,True,True,0.0,627.0,514.0,2.0,627.0,514.0,1.0,,-1.0|0.0|1.0,True,0.13775043189525604,1.0,0.0273115336894989,1.0,,True
permanent:train:sentinel_4_682_rural_129.3593375759577_34.306312450637485:c5fec1522e93,permanent,train,data/external/sen1floods11/permanent_splits/permanent_water_train_data.csv,367,data/external/sen1floods11/permanent_sar/sentinel_4_682_rural_129.3593375759577_34.306312450637485.tif,data/external/sen1floods11/permanent_mask/water_4_682_rural_129.3593375759577_34.306312450637485.tif,False,True,True,True,True,True,False,True,True,7.105427357601002e-15,618.0,514.0,2.0,618.0,514.0,1.0,,-1.0|0.0|1.0,True,0.19903980195522308,1.0,0.04868387430906296,1.0,,True
permanent:train:sentinel_4_682_rural_134.22932249597335_34.50270017923335:0c3287c51c0d,permanent,train,data/external/sen1floods11/permanent_splits/permanent_water_train_data.csv,485,data/external/sen1floods11/permanent_sar/sentinel_4_682_rural_134.22932249597335_34.50270017923335.tif,data/external/sen1floods11/permanent_mask/water_4_682_rural_134.22932249597335_34.50270017923335.tif,False,True,True,True,True,True,False,True,True,7.105427357601002e-15,619.0,514.0,2.0,619.0,514.0,1.0,,-1.0|0.0|1.0,True,0.4143144190311432,1.0,0.0,1.0,,True
permanent:train:sentinel_4_685_rural_131.89133109073165_42.96269398007511:4d962aa88b13,permanent,train,data/external/sen1floods11/permanent_splits/permanent_water_train_data.csv,71,data/external/sen1floods11/permanent_sar/sentinel_4_685_rural_131.89133109073165_42.96269398007511.tif,data/external/sen1floods11/permanent_mask/water_4_685_rural_131.89133109073165_42.96269398007511.tif,False,True,True,True,True,True,True,True,True,0.0,697.0,513.0,2.0,697.0,513.0,1.0,,-1.0|0.0|1.0,True,0.09383334964513779,1.0,0.040196582674980164,1.0,,True
permanent:train:sentinel_4_686_low_density_6.46316821719922_46.48848734663055:6030654b0f76,permanent,train,data/external/sen1floods11/permanent_splits/permanent_water_train_data.csv,393,data/external/sen1floods11/permanent_sar/sentinel_4_686_low_density_6.46316821719922_46.48848734663055.tif,data/external/sen1floods11/permanent_mask/water_4_686_low_density_6.46316821719922_46.48848734663055.tif,False,True,True,True,True,True,False,True,True,1.7763568394002505e-15,741.0,513.0,2.0,741.0,513.0,1.0,,-1.0|0.0|1.0,True,0.05478084832429886,1.0,0.041806116700172424,1.0,,True
permanent:train:sentinel_4_686_rural_13.546062298806344_47.937530202261485:ae1a96673adf,permanent,train,data/external/sen1floods11/permanent_splits/permanent_water_train_data.csv,180,data/external/sen1floods11/permanent_sar/sentinel_4_686_rural_13.546062298806344_47.937530202261485.tif,data/external/sen1floods11/permanent_mask/water_4_686_rural_13.546062298806344_47.937530202261485.tif,False,True,True,True,True,True,False,True,True,1.0658141036401503e-14,761.0,514.0,2.0,761.0,514.0,1.0,,-1.0|0.0|1.0,True,0.01650683768093586,1.0,0.0,1.0,,True
permanent:train:sentinel_4_687_inhabited_71.62321819121632_56.169797712303776:6ca648d140fb,permanent,train,data/external/sen1floods11/permanent_splits/permanent_water_train_data.csv,350,data/external/sen1floods11/permanent_sar/sentinel_4_687_inhabited_71.62321819121632_56.169797712303776.tif,data/external/sen1floods11/permanent_mask/water_4_687_inhabited_71.62321819121632_56.169797712303776.tif,False,True,True,True,True,True,False,True,True,1.4210854715202004e-14,916.0,514.0,2.0,916.0,514.0,1.0,,-1.0|0.0|1.0,True,0.11467954516410828,0.8728569149971008,0.0,0.7430679202079773,,True
permanent:train:sentinel_5_364_low_density_-122.51286503220427_47.29484442652939:39bf627752f0,permanent,train,data/external/sen1floods11/permanent_splits/permanent_water_train_data.csv,292,data/external/sen1floods11/permanent_sar/sentinel_5_364_low_density_-122.51286503220427_47.29484442652939.tif,data/external/sen1floods11/permanent_mask/water_5_364_low_density_-122.51286503220427_47.29484442652939.tif,False,True,True,True,True,True,True,True,True,0.0,752.0,514.0,2.0,752.0,514.0,1.0,,-1.0|0.0|1.0,True,0.0036868187598884106,1.0,0.0,1.0,,True
permanent:train:sentinel_5_689_low_density_10.578695534477092_45.57039411253447:e04c8e7dd172,permanent,train,data/external/sen1floods11/permanent_splits/permanent_water_train_data.csv,41,data/external/sen1floods11/permanent_sar/sentinel_5_689_low_density_10.578695534477092_45.57039411253447.tif,data/external/sen1floods11/permanent_mask/water_5_689_low_density_10.578695534477092_45.57039411253447.tif,False,True,True,True,True,True,False,True,True,7.105427357601002e-15,729.0,514.0,2.0,729.0,514.0,1.0,,-1.0|0.0|1.0|nan,False,0.0567011833190918,1.0,0.05637229606509209,1.0,,False
permanent:train:sentinel_5_689_low_density_8.358473447157962_46.998626343548985:4f94fdd92bd5,permanent,train,data/external/sen1floods11/permanent_splits/permanent_water_train_data.csv,363,data/external/sen1floods11/permanent_sar/sentinel_5_689_low_density_8.358473447157962_46.998626343548985.tif,data/external/sen1floods11/permanent_mask/water_5_689_low_density_8.358473447157962_46.998626343548985.tif,False,True,True,True,True,True,False,True,True,1.0658141036401503e-14,748.0,514.0,2.0,748.0,514.0,1.0,,-1.0|0.0|1.0,True,0.2195441871881485,1.0,0.0,1.0,,True
permanent:train:sentinel_6_369_rural_-160.33139288668946_55.295532982462014:27da7fb8b0a5,permanent,train,data/external/sen1floods11/permanent_splits/permanent_water_train_data.csv,243,data/external/sen1floods11/permanent_sar/sentinel_6_369_rural_-160.33139288668946_55.295532982462014.tif,data/external/sen1floods11/permanent_mask/water_6_369_rural_-160.33139288668946_55.295532982462014.tif,False,True,True,True,True,True,True,True,True,0.0,896.0,514.0,2.0,896.0,514.0,1.0,,-1.0|0.0|1.0,True,0.18706147372722626,1.0,0.0,0.8246052861213684,,True
permanent:train:sentinel_6_370_inhabited_-76.84328713493801_49.80858684069159:8f9787914d29,permanent,train,data/external/sen1floods11/permanent_splits/permanent_water_train_data.csv,262,data/external/sen1floods11/permanent_sar/sentinel_6_370_inhabited_-76.84328713493801_49.80858684069159.tif,data/external/sen1floods11/permanent_mask/water_6_370_inhabited_-76.84328713493801_49.80858684069159.tif,False,True,True,True,True,True,False,True,True,1.4210854715202004e-14,790.0,514.0,2.0,790.0,514.0,1.0,,-1.0|0.0|1.0,True,0.2379501312971115,0.9324552416801453,0.056151360273361206,0.7934311032295227,,True
permanent:train:sentinel_6_371_inhabited_-150.93200918512034_60.23995367636284:9cbeac8032c1,permanent,train,data/external/sen1floods11/permanent_splits/permanent_water_train_data.csv,198,data/external/sen1floods11/permanent_sar/sentinel_6_371_inhabited_-150.93200918512034_60.23995367636284.tif,data/external/sen1floods11/permanent_mask/water_6_371_inhabited_-150.93200918512034_60.23995367636284.tif,False,True,True,True,True,True,True,True,True,0.0,1027.0,514.0,2.0,1027.0,514.0,1.0,,-1.0|0.0|1.0,True,0.035276517271995544,0.8763158321380615,0.035143669694662094,0.7446122765541077,,True
permanent:train:sentinel_6_373_rural_-56.740968425340704_51.281597364484796:f5ef8bf057c2,permanent,train,data/external/sen1floods11/permanent_splits/permanent_water_train_data.csv,127,data/external/sen1floods11/permanent_sar/sentinel_6_373_rural_-56.740968425340704_51.281597364484796.tif,data/external/sen1floods11/permanent_mask/water_6_373_rural_-56.740968425340704_51.281597364484796.tif,False,True,True,True,True,True,False,True,True,7.105427357601002e-15,816.0,514.0,2.0,816.0,514.0,1.0,,-1.0|0.0|1.0,True,0.039839472621679306,1.0,0.039703965187072754,0.9251874685287476,,True
permanent:train:sentinel_6_374_rural_-65.65178626088796_53.74004692558428:1aad24993cbc,permanent,train,data/external/sen1floods11/permanent_splits/permanent_water_train_data.csv,124,data/external/sen1floods11/permanent_sar/sentinel_6_374_rural_-65.65178626088796_53.74004692558428.tif,data/external/sen1floods11/permanent_mask/water_6_374_rural_-65.65178626088796_53.74004692558428.tif,False,True,True,True,True,True,False,True,True,1.4210854715202004e-14,863.0,513.0,2.0,863.0,513.0,1.0,,-1.0|0.0|1.0,True,0.2401457130908966,0.9126231074333191,0.0,0.766597330570221,,True
permanent:train:sentinel_6_375_inhabited_-160.34674557161648_61.61515827764975:bc68fb29ad25,permanent,train,data/external/sen1floods11/permanent_splits/permanent_water_train_data.csv,426,data/external/sen1floods11/permanent_sar/sentinel_6_375_inhabited_-160.34674557161648_61.61515827764975.tif,data/external/sen1floods11/permanent_mask/water_6_375_inhabited_-160.34674557161648_61.61515827764975.tif,False,True,True,True,True,True,False,True,True,2.842170943040401e-14,1072.0,514.0,2.0,1072.0,514.0,1.0,,-1.0|0.0|1.0,True,0.3617718517780304,1.0,0.0,0.7354652285575867,,True
permanent:train:sentinel_6_379_rural_-105.5636212685091_60.599134266217895:06d39890cfc6,permanent,train,data/external/sen1floods11/permanent_splits/permanent_water_train_data.csv,259,data/external/sen1floods11/permanent_sar/sentinel_6_379_rural_-105.5636212685091_60.599134266217895.tif,data/external/sen1floods11/permanent_mask/water_6_379_rural_-105.5636212685091_60.599134266217895.tif,False,True,True,True,True,True,False,True,True,1.4210854715202004e-14,1038.0,513.0,2.0,1038.0,513.0,1.0,,-1.0|0.0|1.0,True,0.1640714406967163,0.9673497676849365,0.012082630768418312,0.7996072769165039,,True
permanent:train:sentinel_6_379_rural_-106.61091249652772_61.89128811038439:a352de2002b2,permanent,train,data/external/sen1floods11/permanent_splits/permanent_water_train_data.csv,387,data/external/sen1floods11/permanent_sar/sentinel_6_379_rural_-106.61091249652772_61.89128811038439.tif,data/external/sen1floods11/permanent_mask/water_6_379_rural_-106.61091249652772_61.89128811038439.tif,False,True,True,True,True,True,True,True,True,0.0,1083.0,514.0,2.0,1083.0,514.0,1.0,,-1.0|0.0|1.0,True,0.33525675535202026,0.903899073600769,0.04798637330532074,0.7429831624031067,,True
permanent:train:sentinel_6_383_inhabited_-132.27607570692615_59.8366993316955:7dc6441ca674,permanent,train,data/external/sen1floods11/permanent_splits/permanent_water_train_data.csv,159,data/external/sen1floods11/permanent_sar/sentinel_6_383_inhabited_-132.27607570692615_59.8366993316955.tif,data/external/sen1floods11/permanent_mask/water_6_383_inhabited_-132.27607570692615_59.8366993316955.tif,False,True,True,True,True,True,False,True,True,7.105427357601002e-15,1015.0,514.0,2.0,1015.0,514.0,1.0,,-1.0|0.0|1.0,True,0.10062094777822495,0.9873250722885132,0.04978654161095619,0.796004593372345,,True
permanent:train:sentinel_6_711_rural_-21.83272638259962_66.1816077298563:982e939f0583,permanent,train,data/external/sen1floods11/permanent_splits/permanent_water_train_data.csv,77,data/external/sen1floods11/permanent_sar/sentinel_6_711_rural_-21.83272638259962_66.1816077298563.tif,data/external/sen1floods11/permanent_mask/water_6_711_rural_-21.83272638259962_66.1816077298563.tif,False,True,True,True,True,True,False,True,True,2.1316282072803006e-14,1263.0,514.0,2.0,1263.0,514.0,1.0,,-1.0|0.0|1.0,True,0.2857833206653595,1.0,0.0,0.8070633411407471,,True
permanent:train:sentinel_6_715_inhabited_138.51757309255646_53.96232419489644:f423b74a8580,permanent,train,data/external/sen1floods11/permanent_splits/permanent_water_train_data.csv,388,data/external/sen1floods11/permanent_sar/sentinel_6_715_inhabited_138.51757309255646_53.96232419489644.tif,data/external/sen1floods11/permanent_mask/water_6_715_inhabited_138.51757309255646_53.96232419489644.tif,False,True,True,True,True,True,False,True,True,2.842170943040401e-14,867.0,514.0,2.0,867.0,514.0,1.0,,-1.0|0.0|1.0,True,0.15466263890266418,1.0,0.022265279665589333,0.8442788124084473,,True
permanent:train:sentinel_6_716_inhabited_142.7961340625504_53.72550579704898:2fff8567f678,permanent,train,data/external/sen1floods11/permanent_splits/permanent_water_train_data.csv,364,data/external/sen1floods11/permanent_sar/sentinel_6_716_inhabited_142.7961340625504_53.72550579704898.tif,data/external/sen1floods11/permanent_mask/water_6_716_inhabited_142.7961340625504_53.72550579704898.tif,False,True,True,True,True,True,True,True,True,0.0,862.0,514.0,2.0,862.0,514.0,1.0,,-1.0|0.0|1.0,True,0.24674120545387268,0.9069833755493164,0.057131219655275345,0.7667779326438904,,True
permanent:train:sentinel_6_716_inhabited_143.11747026176488_53.16787737391137:da4d97415d8d,permanent,train,data/external/sen1floods11/permanent_splits/permanent_water_train_data.csv,422,data/external/sen1floods11/permanent_sar/sentinel_6_716_inhabited_143.11747026176488_53.16787737391137.tif,data/external/sen1floods11/permanent_mask/water_6_716_inhabited_143.11747026176488_53.16787737391137.tif,False,True,True,True,True,True,False,True,True,2.842170943040401e-14,851.0,514.0,2.0,851.0,514.0,1.0,,-1.0|0.0|1.0,True,0.22910283505916595,0.953780472278595,0.0,0.830487072467804,,True
permanent:train:sentinel_6_718_inhabited_106.81771222608336_52.405388930176336:9b96b727ad79,permanent,train,data/external/sen1floods11/permanent_splits/permanent_water_train_data.csv,479,data/external/sen1floods11/permanent_sar/sentinel_6_718_inhabited_106.81771222608336_52.405388930176336.tif,data/external/sen1floods11/permanent_mask/water_6_718_inhabited_106.81771222608336_52.405388930176336.tif,False,True,True,True,True,True,False,True,True,2.842170943040401e-14,836.0,514.0,2.0,836.0,514.0,1.0,,1.0,True,0.04951324313879013,1.0,0.04793190211057663,0.8334939479827881,,True
permanent:train:sentinel_6_718_inhabited_111.44048904279705_52.63396245017597:246ec8965021,permanent,train,data/external/sen1floods11/permanent_splits/permanent_water_train_data.csv,314,data/external/sen1floods11/permanent_sar/sentinel_6_718_inhabited_111.44048904279705_52.63396245017597.tif,data/external/sen1floods11/permanent_mask/water_6_718_inhabited_111.44048904279705_52.63396245017597.tif,False,True,True,True,True,True,False,True,True,2.842170943040401e-14,841.0,514.0,2.0,841.0,514.0,1.0,,-1.0|0.0|1.0,True,0.20233666896820068,0.9299811720848083,0.0,0.762214720249176,,True
permanent:train:sentinel_7_181_rural_136.8399745533301_-13.892650387286482:88da379b6a83,permanent,train,data/external/sen1floods11/permanent_splits/permanent_water_train_data.csv,149,data/external/sen1floods11/permanent_sar/sentinel_7_181_rural_136.8399745533301_-13.892650387286482.tif,data/external/sen1floods11/permanent_mask/water_7_181_rural_136.8399745533301_-13.892650387286482.tif,False,True,True,True,True,True,False,True,True,5.329070518200751e-15,526.0,514.0,2.0,526.0,514.0,1.0,,-1.0|0.0|1.0,True,0.050605691969394684,0.9399929046630859,0.0,0.817255973815918,,True
permanent:train:sentinel_7_183_inhabited_142.29561780570532_-10.536677425250474:611de2857bd2,permanent,train,data/external/sen1floods11/permanent_splits/permanent_water_train_data.csv,403,data/external/sen1floods11/permanent_sar/sentinel_7_183_inhabited_142.29561780570532_-10.536677425250474.tif,data/external/sen1floods11/permanent_mask/water_7_183_inhabited_142.29561780570532_-10.536677425250474.tif,False,True,True,True,True,True,False,True,True,2.842170943040401e-14,520.0,514.0,2.0,520.0,514.0,1.0,,-1.0|0.0|1.0,True,0.07841598987579346,0.9875621795654297,0.049719423055648804,0.9066588282585144,,True
permanent:train:sentinel_7_183_inhabited_142.64257154047186_-9.771286106729647:6da8fc7689e5,permanent,train,data/external/sen1floods11/permanent_splits/permanent_water_train_data.csv,123,data/external/sen1floods11/permanent_sar/sentinel_7_183_inhabited_142.64257154047186_-9.771286106729647.tif,data/external/sen1floods11/permanent_mask/water_7_183_inhabited_142.64257154047186_-9.771286106729647.tif,False,True,True,True,True,True,False,True,True,5.329070518200751e-15,518.0,513.0,2.0,518.0,513.0,1.0,,-1.0|0.0|1.0,True,0.04781670123338699,1.0,0.04768630117177963,0.9014132618904114,,True
permanent:train:sentinel_7_35_inhabited_13.37155091997869_-8.320044914279368:a657ca9e42fd,permanent,train,data/external/sen1floods11/permanent_splits/permanent_water_train_data.csv,402,data/external/sen1floods11/permanent_sar/sentinel_7_35_inhabited_13.37155091997869_-8.320044914279368.tif,data/external/sen1floods11/permanent_mask/water_7_35_inhabited_13.37155091997869_-8.320044914279368.tif,False,True,True,True,True,True,False,True,True,1.7763568394002505e-15,516.0,514.0,2.0,516.0,514.0,1.0,,-1.0|0.0|1.0,True,0.0,1.0,0.031082898378372192,0.8566864132881165,,True
permanent:train:sentinel_7_384_high_density_-93.85502519989726_29.85633917704801:39be619b3da8,permanent,train,data/external/sen1floods11/permanent_splits/permanent_water_train_data.csv,156,data/external/sen1floods11/permanent_sar/sentinel_7_384_high_density_-93.85502519989726_29.85633917704801.tif,data/external/sen1floods11/permanent_mask/water_7_384_high_density_-93.85502519989726_29.85633917704801.tif,False,True,True,True,True,True,False,True,True,1.4210854715202004e-14,588.0,514.0,2.0,588.0,514.0,1.0,,1.0,True,0.08025127649307251,0.8740572333335876,0.049449946731328964,0.8090950846672058,,True
permanent:train:sentinel_7_384_low_density_-93.77659407146817_29.995436375309197:dc00e868d1c5,permanent,train,data/external/sen1floods11/permanent_splits/permanent_water_train_data.csv,194,data/external/sen1floods11/permanent_sar/sentinel_7_384_low_density_-93.77659407146817_29.995436375309197.tif,data/external/sen1floods11/permanent_mask/water_7_384_low_density_-93.77659407146817_29.995436375309197.tif,False,True,True,True,True,True,False,True,True,1.4210854715202004e-14,589.0,514.0,2.0,589.0,514.0,1.0,,-1.0|0.0|1.0,True,0.08584455400705338,1.0,0.0,1.0,,True
permanent:train:sentinel_7_384_rural_-93.29885936190517_29.99738946157061:30ac49edcf09,permanent,train,data/external/sen1floods11/permanent_splits/permanent_water_train_data.csv,335,data/external/sen1floods11/permanent_sar/sentinel_7_384_rural_-93.29885936190517_29.99738946157061.tif,data/external/sen1floods11/permanent_mask/water_7_384_rural_-93.29885936190517_29.99738946157061.tif,False,True,True,True,True,True,False,True,True,1.4210854715202004e-14,589.0,513.0,2.0,589.0,513.0,1.0,,-1.0|0.0|1.0,True,0.03892077878117561,0.9124734401702881,0.0,0.7864468693733215,,True
permanent:train:sentinel_7_39_inhabited_29.769988685148032_-6.326701888559562:1463a6efffcb,permanent,train,data/external/sen1floods11/permanent_splits/permanent_water_train_data.csv,192,data/external/sen1floods11/permanent_sar/sentinel_7_39_inhabited_29.769988685148032_-6.326701888559562.tif,data/external/sen1floods11/permanent_mask/water_7_39_inhabited_29.769988685148032_-6.326701888559562.tif,False,True,True,True,True,True,False,True,True,2.1316282072803006e-14,513.0,513.0,2.0,513.0,513.0,1.0,,-1.0|0.0|1.0,True,0.09249282628297806,1.0,0.0,0.8830333948135376,,True
permanent:train:sentinel_7_39_inhabited_29.847420974941116_-5.588586891182666:e53a2c74d098,permanent,train,data/external/sen1floods11/permanent_splits/permanent_water_train_data.csv,293,data/external/sen1floods11/permanent_sar/sentinel_7_39_inhabited_29.847420974941116_-5.588586891182666.tif,data/external/sen1floods11/permanent_mask/water_7_39_inhabited_29.847420974941116_-5.588586891182666.tif,False,True,True,True,True,True,False,True,True,1.7763568394002505e-14,513.0,514.0,2.0,513.0,514.0,1.0,,-1.0|0.0|1.0,True,0.03815943002700806,1.0,0.0009652795270085335,1.0,,True
permanent:train:sentinel_7_39_low_density_29.64477266846622_-4.616422597712503:a1298f70f65b,permanent,train,data/external/sen1floods11/permanent_splits/permanent_water_train_data.csv,6,data/external/sen1floods11/permanent_sar/sentinel_7_39_low_density_29.64477266846622_-4.616422597712503.tif,data/external/sen1floods11/permanent_mask/water_7_39_low_density_29.64477266846622_-4.616422597712503.tif,False,True,True,True,True,True,False,True,True,3.552713678800501e-15,513.0,514.0,2.0,513.0,514.0,1.0,,-1.0|0.0|1.0,True,0.03299931809306145,1.0,0.0,0.9767126441001892,,True
permanent:train:sentinel_7_44_low_density_-0.4663818382809578_6.704583948232781:8ab1089b1c71,permanent,train,data/external/sen1floods11/permanent_splits/permanent_water_train_data.csv,340,data/external/sen1floods11/permanent_sar/sentinel_7_44_low_density_-0.4663818382809578_6.704583948232781.tif,data/external/sen1floods11/permanent_mask/water_7_44_low_density_-0.4663818382809578_6.704583948232781.tif,False,True,True,True,True,True,False,True,True,8.382183835919932e-15,514.0,514.0,2.0,514.0,514.0,1.0,,-1.0|0.0|1.0,True,0.0507173053920269,1.0,0.0,0.894496738910675,,True
permanent:train:sentinel_7_44_low_density_2.415535172561113_6.482832852844917:6a9eaf289460,permanent,train,data/external/sen1floods11/permanent_splits/permanent_water_train_data.csv,93,data/external/sen1floods11/permanent_sar/sentinel_7_44_low_density_2.415535172561113_6.482832852844917.tif,data/external/sen1floods11/permanent_mask/water_7_44_low_density_2.415535172561113_6.482832852844917.tif,False,True,True,True,True,True,False,True,True,2.220446049250313e-15,514.0,514.0,2.0,514.0,514.0,1.0,,-1.0|0.0|1.0,True,0.03544740751385689,1.0,0.0,1.0,,True
permanent:train:sentinel_7_44_rural_0.019044820599267345_6.6324535295922376:13b0e1856f21,permanent,train,data/external/sen1floods11/permanent_splits/permanent_water_train_data.csv,453,data/external/sen1floods11/permanent_sar/sentinel_7_44_rural_0.019044820599267345_6.6324535295922376.tif,data/external/sen1floods11/permanent_mask/water_7_44_rural_0.019044820599267345_6.6324535295922376.tif,False,True,True,True,True,True,False,True,True,1.7763568394002505e-15,514.0,514.0,2.0,514.0,514.0,1.0,,-1.0|1.0,True,0.0569036640226841,0.6077262163162231,0.056880634278059006,0.5253595113754272,,True
permanent:train:sentinel_7_44_rural_2.8323050525214324_6.413667736404916:a78a1025b367,permanent,train,data/external/sen1floods11/permanent_splits/permanent_water_train_data.csv,325,data/external/sen1floods11/permanent_sar/sentinel_7_44_rural_2.8323050525214324_6.413667736404916.tif,data/external/sen1floods11/permanent_mask/water_7_44_rural_2.8323050525214324_6.413667736404916.tif,False,True,True,True,True,True,False,True,True,1.2878587085651816e-14,513.0,514.0,2.0,513.0,514.0,1.0,,-1.0|0.0|1.0,True,0.09379976242780685,1.0,0.041826050728559494,0.9831376075744629,,True
permanent:train:sentinel_7_567_rural_-49.632653008627884_-21.3343014441486:b48f6c10b880,permanent,train,data/external/sen1floods11/permanent_splits/permanent_water_train_data.csv,442,data/external/sen1floods11/permanent_sar/sentinel_7_567_rural_-49.632653008627884_-21.3343014441486.tif,data/external/sen1floods11/permanent_mask/water_7_567_rural_-49.632653008627884_-21.3343014441486.tif,False,True,True,True,True,True,False,True,True,3.552713678800501e-15,548.0,514.0,2.0,548.0,514.0,1.0,,-1.0|0.0|1.0,True,0.007510180119425058,0.9846248626708984,0.0,0.8577303886413574,,True
permanent:train:sentinel_7_572_inhabited_-62.583296002868664_7.559563066018387:102f88c7d596,permanent,train,data/external/sen1floods11/permanent_splits/permanent_water_train_data.csv,408,data/external/sen1floods11/permanent_sar/sentinel_7_572_inhabited_-62.583296002868664_7.559563066018387.tif,data/external/sen1floods11/permanent_mask/water_7_572_inhabited_-62.583296002868664_7.559563066018387.tif,False,True,True,True,True,True,False,True,True,8.881784197001252e-16,515.0,514.0,2.0,515.0,514.0,1.0,,-1.0|0.0|1.0,True,0.049944307655096054,0.9734185338020325,0.049919307231903076,0.842195987701416,,True
permanent:train:sentinel_7_572_inhabited_-63.00101121225231_7.629232060877423:d53f0de52072,permanent,train,data/external/sen1floods11/permanent_splits/permanent_water_train_data.csv,126,data/external/sen1floods11/permanent_sar/sentinel_7_572_inhabited_-63.00101121225231_7.629232060877423.tif,data/external/sen1floods11/permanent_mask/water_7_572_inhabited_-63.00101121225231_7.629232060877423.tif,False,True,True,True,True,True,False,True,True,7.105427357601002e-15,515.0,514.0,2.0,515.0,514.0,1.0,,-1.0|0.0|1.0,True,0.0,1.0,0.0,0.8640061616897583,,True
permanent:train:sentinel_7_573_inhabited_-83.55574585563117_13.633549861474956:f78c62497910,permanent,train,data/external/sen1floods11/permanent_splits/permanent_water_train_data.csv,301,data/external/sen1floods11/permanent_sar/sentinel_7_573_inhabited_-83.55574585563117_13.633549861474956.tif,data/external/sen1floods11/permanent_mask/water_7_573_inhabited_-83.55574585563117_13.633549861474956.tif,False,True,True,True,True,True,False,True,True,1.4210854715202004e-14,526.0,514.0,2.0,526.0,514.0,1.0,,-1.0|0.0|1.0,True,0.35353973507881165,0.9832181930541992,0.0,0.8594721555709839,,True
permanent:train:sentinel_7_574_high_density_-55.96899101456394_-34.85228478362141:b2ac79b8298d,permanent,train,data/external/sen1floods11/permanent_splits/permanent_water_train_data.csv,418,data/external/sen1floods11/permanent_sar/sentinel_7_574_high_density_-55.96899101456394_-34.85228478362141.tif,data/external/sen1floods11/permanent_mask/water_7_574_high_density_-55.96899101456394_-34.85228478362141.tif,False,True,True,True,True,True,False,True,True,7.105427357601002e-15,621.0,514.0,2.0,621.0,514.0,1.0,,-1.0|0.0|1.0,True,0.0503891259431839,1.0,0.04986146464943886,1.0,,True
permanent:train:sentinel_7_574_low_density_-51.07329491787412_-30.22945891679615:766d0a78eee8,permanent,train,data/external/sen1floods11/permanent_splits/permanent_water_train_data.csv,249,data/external/sen1floods11/permanent_sar/sentinel_7_574_low_density_-51.07329491787412_-30.22945891679615.tif,data/external/sen1floods11/permanent_mask/water_7_574_low_density_-51.07329491787412_-30.22945891679615.tif,False,True,True,True,True,True,False,True,True,2.1316282072803006e-14,591.0,514.0,2.0,591.0,514.0,1.0,,-1.0|0.0|1.0|nan,False,0.3890300989151001,1.0,0.035300105810165405,1.0,,False
permanent:train:sentinel_7_574_rural_-51.14134525905076_-31.091474496044093:eb29bb5c34f5,permanent,train,data/external/sen1floods11/permanent_splits/permanent_water_train_data.csv,272,data/external/sen1floods11/permanent_sar/sentinel_7_574_rural_-51.14134525905076_-31.091474496044093.tif,data/external/sen1floods11/permanent_mask/water_7_574_rural_-51.14134525905076_-31.091474496044093.tif,False,True,True,True,True,True,False,True,True,7.105427357601002e-15,596.0,514.0,2.0,596.0,514.0,1.0,,-1.0|0.0|1.0,True,0.3129584789276123,1.0,0.0,0.8098391890525818,,True
permanent:train:sentinel_7_574_rural_-56.89336712204431_-34.64883829805793:29f4d13f4b4b,permanent,train,data/external/sen1floods11/permanent_splits/permanent_water_train_data.csv,226,data/external/sen1floods11/permanent_sar/sentinel_7_574_rural_-56.89336712204431_-34.64883829805793.tif,data/external/sen1floods11/permanent_mask/water_7_574_rural_-56.89336712204431_-34.64883829805793.tif,False,True,True,True,True,True,False,True,True,1.4210854715202004e-14,621.0,514.0,2.0,621.0,514.0,1.0,,-1.0|0.0|1.0,True,0.058089036494493484,0.9672256112098694,0.0,0.8106064796447754,,True
permanent:train:sentinel_7_58_inhabited_18.286902734112097_-2.347792509357164:f242f6c5accc,permanent,train,data/external/sen1floods11/permanent_splits/permanent_water_train_data.csv,318,data/external/sen1floods11/permanent_sar/sentinel_7_58_inhabited_18.286902734112097_-2.347792509357164.tif,data/external/sen1floods11/permanent_mask/water_7_58_inhabited_18.286902734112097_-2.347792509357164.tif,False,True,True,True,True,True,False,True,True,8.43769498715119e-15,511.0,513.0,2.0,511.0,513.0,1.0,,-1.0|0.0|1.0,True,0.05375494807958603,0.996870219707489,0.0,0.8753227591514587,,True
permanent:train:sentinel_7_66_low_density_35.13497841310671_-14.321277016947915:5f2a3bd1c0e9,permanent,train,data/external/sen1floods11/permanent_splits/permanent_water_train_data.csv,48,data/external/sen1floods11/permanent_sar/sentinel_7_66_low_density_35.13497841310671_-14.321277016947915.tif,data/external/sen1floods11/permanent_mask/water_7_66_low_density_35.13497841310671_-14.321277016947915.tif,False,True,True,True,True,True,False,True,True,7.105427357601002e-15,527.0,514.0,2.0,527.0,514.0,1.0,,-1.0|0.0|1.0,True,0.0,1.0,0.0,0.9500352740287781,,True
permanent:train:sentinel_7_66_rural_35.206823449279824_-14.390014059686782:fd394ac3821b,permanent,train,data/external/sen1floods11/permanent_splits/permanent_water_train_data.csv,186,data/external/sen1floods11/permanent_sar/sentinel_7_66_rural_35.206823449279824_-14.390014059686782.tif,data/external/sen1floods11/permanent_mask/water_7_66_rural_35.206823449279824_-14.390014059686782.tif,False,True,True,True,True,True,False,True,True,3.552713678800501e-15,527.0,514.0,2.0,527.0,514.0,1.0,,-1.0|0.0|1.0,True,0.054056648164987564,1.0,0.0,1.0,,True
permanent:train:sentinel_8_190_low_density_170.52663248517652_-45.88675841407436:7f4e371aad14,permanent,train,data/external/sen1floods11/permanent_splits/permanent_water_train_data.csv,276,data/external/sen1floods11/permanent_sar/sentinel_8_190_low_density_170.52663248517652_-45.88675841407436.tif,data/external/sen1floods11/permanent_mask/water_8_190_low_density_170.52663248517652_-45.88675841407436.tif,False,True,True,True,True,True,True,True,True,0.0,733.0,514.0,2.0,733.0,514.0,1.0,,-1.0|0.0|1.0,True,0.3599832355976105,1.0,0.0,1.0,,True
permanent:train:sentinel_8_190_rural_170.22586166002057_-46.161608484806656:3031d1ae544e,permanent,train,data/external/sen1floods11/permanent_splits/permanent_water_train_data.csv,138,data/external/sen1floods11/permanent_sar/sentinel_8_190_rural_170.22586166002057_-46.161608484806656.tif,data/external/sen1floods11/permanent_mask/water_8_190_rural_170.22586166002057_-46.161608484806656.tif,False,True,True,True,True,True,True,True,True,0.0,737.0,514.0,2.0,737.0,514.0,1.0,,1.0|nan,False,0.4179229140281677,0.8491727709770203,0.0,0.6167487502098083,,False
permanent:train:sentinel_8_190_rural_171.21425708132526_-44.50488745671254:13ac77049aae,permanent,train,data/external/sen1floods11/permanent_splits/permanent_water_train_data.csv,283,data/external/sen1floods11/permanent_sar/sentinel_8_190_rural_171.21425708132526_-44.50488745671254.tif,data/external/sen1floods11/permanent_mask/water_8_190_rural_171.21425708132526_-44.50488745671254.tif,False,True,True,True,True,True,False,True,True,2.842170943040401e-14,716.0,514.0,2.0,716.0,514.0,1.0,,-1.0|0.0|1.0,True,0.1598598212003708,1.0,0.038908686488866806,1.0,,True
permanent:train:sentinel_8_386_inhabited_-109.66759059585645_52.73264235648873:42ec7d0a683d,permanent,train,data/external/sen1floods11/permanent_splits/permanent_water_train_data.csv,68,data/external/sen1floods11/permanent_sar/sentinel_8_386_inhabited_-109.66759059585645_52.73264235648873.tif,data/external/sen1floods11/permanent_mask/water_8_386_inhabited_-109.66759059585645_52.73264235648873.tif,False,True,True,True,True,True,False,True,True,1.4210854715202004e-14,843.0,514.0,2.0,843.0,514.0,1.0,,-1.0|0.0|1.0,True,0.04831133037805557,0.8804410696029663,0.04815307632088661,0.7545533180236816,,True
permanent:train:sentinel_8_387_high_density_-88.35450555452013_44.157826703520726:66e38f19df8e,permanent,train,data/external/sen1floods11/permanent_splits/permanent_water_train_data.csv,33,data/external/sen1floods11/permanent_sar/sentinel_8_387_high_density_-88.35450555452013_44.157826703520726.tif,data/external/sen1floods11/permanent_mask/water_8_387_high_density_-88.35450555452013_44.157826703520726.tif,False,True,True,True,True,True,False,True,True,1.4210854715202004e-14,711.0,514.0,2.0,711.0,514.0,1.0,,1.0,True,0.0,0.8346015810966492,0.0,0.7386446595191956,,True
permanent:train:sentinel_8_390_rural_-95.59962173245162_35.3399454521294:56b14c96aece,permanent,train,data/external/sen1floods11/permanent_splits/permanent_water_train_data.csv,2,data/external/sen1floods11/permanent_sar/sentinel_8_390_rural_-95.59962173245162_35.3399454521294.tif,data/external/sen1floods11/permanent_mask/water_8_390_rural_-95.59962173245162_35.3399454521294.tif,False,True,True,True,True,True,False,True,True,1.4210854715202004e-14,625.0,513.0,2.0,625.0,513.0,1.0,,-1.0|0.0|1.0,True,0.04319237545132637,1.0,0.0,1.0,,True
permanent:train:sentinel_8_393_rural_-80.06884476846389_33.34447989430815:bde6b277ba10,permanent,train,data/external/sen1floods11/permanent_splits/permanent_water_train_data.csv,365,data/external/sen1floods11/permanent_sar/sentinel_8_393_rural_-80.06884476846389_33.34447989430815.tif,data/external/sen1floods11/permanent_mask/water_8_393_rural_-80.06884476846389_33.34447989430815.tif,False,True,True,True,True,True,False,True,True,1.4210854715202004e-14,611.0,514.0,2.0,611.0,514.0,1.0,,-1.0|0.0|1.0,True,0.05064043030142784,0.9110139012336731,0.050565678626298904,0.8436039686203003,,True
permanent:train:sentinel_8_394_inhabited_-111.54204952839034_46.418715792447294:6cbfb957d99c,permanent,train,data/external/sen1floods11/permanent_splits/permanent_water_train_data.csv,28,data/external/sen1floods11/permanent_sar/sentinel_8_394_inhabited_-111.54204952839034_46.418715792447294.tif,data/external/sen1floods11/permanent_mask/water_8_394_inhabited_-111.54204952839034_46.418715792447294.tif,False,True,True,True,True,True,False,True,True,7.105427357601002e-15,740.0,514.0,2.0,740.0,514.0,1.0,,-1.0|0.0|1.0,True,0.15827611088752747,0.9486121535301208,0.0,0.798164963722229,,True
permanent:train:sentinel_8_394_rural_-111.54273622995258_46.4878318587757:50ce45f05ce8,permanent,train,data/external/sen1floods11/permanent_splits/permanent_water_train_data.csv,61,data/external/sen1floods11/permanent_sar/sentinel_8_394_rural_-111.54273622995258_46.4878318587757.tif,data/external/sen1floods11/permanent_mask/water_8_394_rural_-111.54273622995258_46.4878318587757.tif,False,True,True,True,True,True,False,True,True,1.4210854715202004e-14,741.0,514.0,2.0,741.0,514.0,1.0,,-1.0|0.0|1.0,True,0.23485000431537628,1.0,0.0,0.8238478302955627,,True
permanent:train:sentinel_8_399_low_density_-86.61802012678196_30.39836520559962:45fb8d82eab7,permanent,train,data/external/sen1floods11/permanent_splits/permanent_water_train_data.csv,382,data/external/sen1floods11/permanent_sar/sentinel_8_399_low_density_-86.61802012678196_30.39836520559962.tif,data/external/sen1floods11/permanent_mask/water_8_399_low_density_-86.61802012678196_30.39836520559962.tif,False,True,True,True,True,True,True,True,True,0.0,592.0,514.0,2.0,592.0,514.0,1.0,,-1.0|0.0|1.0,True,0.0,1.0,0.03908809274435043,1.0,,True
permanent:train:sentinel_8_399_low_density_-88.51863614609537_30.340120427639512:dfb4eb16d24f,permanent,train,data/external/sen1floods11/permanent_splits/permanent_water_train_data.csv,129,data/external/sen1floods11/permanent_sar/sentinel_8_399_low_density_-88.51863614609537_30.340120427639512.tif,data/external/sen1floods11/permanent_mask/water_8_399_low_density_-88.51863614609537_30.340120427639512.tif,False,True,True,True,True,True,False,True,True,1.4210854715202004e-14,591.0,514.0,2.0,591.0,514.0,1.0,,-1.0|0.0|1.0,True,0.04139617085456848,1.0,0.0,1.0,,True
permanent:train:sentinel_8_399_rural_-88.91930867125275_30.40413974146383:2bf7c473e230,permanent,train,data/external/sen1floods11/permanent_splits/permanent_water_train_data.csv,345,data/external/sen1floods11/permanent_sar/sentinel_8_399_rural_-88.91930867125275_30.40413974146383.tif,data/external/sen1floods11/permanent_mask/water_8_399_rural_-88.91930867125275_30.40413974146383.tif,False,True,True,True,True,True,False,True,True,1.4210854715202004e-14,592.0,514.0,2.0,592.0,514.0,1.0,,-1.0|0.0|1.0|nan,False,0.052223097532987595,1.0,0.0,1.0,,False
permanent:train:sentinel_8_402_inhabited_-101.70792576961551_41.19493687664913:1032225b713a,permanent,train,data/external/sen1floods11/permanent_splits/permanent_water_train_data.csv,383,data/external/sen1floods11/permanent_sar/sentinel_8_402_inhabited_-101.70792576961551_41.19493687664913.tif,data/external/sen1floods11/permanent_mask/water_8_402_inhabited_-101.70792576961551_41.19493687664913.tif,False,True,True,True,True,True,False,True,True,1.4210854715202004e-14,678.0,514.0,2.0,678.0,514.0,1.0,,-1.0|0.0|1.0,True,0.05569108575582504,1.0,0.055600978434085846,0.8948783874511719,,True
permanent:train:sentinel_8_575_inhabited_-63.59366141506369_-37.2527258991166:7e6ed45df5aa,permanent,train,data/external/sen1floods11/permanent_splits/permanent_water_train_data.csv,261,data/external/sen1floods11/permanent_sar/sentinel_8_575_inhabited_-63.59366141506369_-37.2527258991166.tif,data/external/sen1floods11/permanent_mask/water_8_575_inhabited_-63.59366141506369_-37.2527258991166.tif,False,True,True,True,True,True,False,True,True,1.4210854715202004e-14,641.0,514.0,2.0,641.0,514.0,1.0,,-1.0|0.0|1.0|nan,False,0.05466875061392784,0.928171694278717,0.0,0.7988100051879883,,False
permanent:train:sentinel_8_575_inhabited_-63.73069404953713_-38.30882385171577:e97bc992079a,permanent,train,data/external/sen1floods11/permanent_splits/permanent_water_train_data.csv,258,data/external/sen1floods11/permanent_sar/sentinel_8_575_inhabited_-63.73069404953713_-38.30882385171577.tif,data/external/sen1floods11/permanent_mask/water_8_575_inhabited_-63.73069404953713_-38.30882385171577.tif,False,True,True,True,True,True,False,True,True,1.4210854715202004e-14,651.0,514.0,2.0,651.0,514.0,1.0,,-1.0|0.0|1.0|nan,False,0.052643291652202606,0.8902143836021423,0.0,0.7772599458694458,,False
permanent:train:sentinel_8_576_rural_-61.18914468120564_-34.4878870455338:66fff804da5b,permanent,train,data/external/sen1floods11/permanent_splits/permanent_water_train_data.csv,139,data/external/sen1floods11/permanent_sar/sentinel_8_576_rural_-61.18914468120564_-34.4878870455338.tif,data/external/sen1floods11/permanent_mask/water_8_576_rural_-61.18914468120564_-34.4878870455338.tif,False,True,True,True,True,True,False,True,True,1.4210854715202004e-14,620.0,514.0,2.0,620.0,514.0,1.0,,-1.0|0.0|1.0|nan,False,0.04167284071445465,0.9708486795425415,0.0,0.8337525725364685,,False
permanent:train:sentinel_8_577_inhabited_-64.98589978237477_-42.12968039407878:e83319f65256,permanent,train,data/external/sen1floods11/permanent_splits/permanent_water_train_data.csv,456,data/external/sen1floods11/permanent_sar/sentinel_8_577_inhabited_-64.98589978237477_-42.12968039407878.tif,data/external/sen1floods11/permanent_mask/water_8_577_inhabited_-64.98589978237477_-42.12968039407878.tif,False,True,True,True,True,True,False,True,True,1.4210854715202004e-14,688.0,513.0,2.0,688.0,513.0,1.0,,-1.0|0.0|1.0,True,0.03992617502808571,0.9236943125724792,0.0,0.8267862796783447,,True
permanent:train:sentinel_8_578_high_density_-67.51194485634343_-45.89294764633654:80be9f02c39d,permanent,train,data/external/sen1floods11/permanent_splits/permanent_water_train_data.csv,95,data/external/sen1floods11/permanent_sar/sentinel_8_578_high_density_-67.51194485634343_-45.89294764633654.tif,data/external/sen1floods11/permanent_mask/water_8_578_high_density_-67.51194485634343_-45.89294764633654.tif,False,True,True,True,True,True,False,True,True,1.4210854715202004e-14,734.0,514.0,2.0,734.0,514.0,1.0,,-1.0|0.0|1.0|nan,False,0.4236719608306885,1.0,0.0,1.0,,False
permanent:train:sentinel_8_578_rural_-60.03458085914426_-51.30808442474227:4f371fc122e4,permanent,train,data/external/sen1floods11/permanent_splits/permanent_water_train_data.csv,484,data/external/sen1floods11/permanent_sar/sentinel_8_578_rural_-60.03458085914426_-51.30808442474227.tif,data/external/sen1floods11/permanent_mask/water_8_578_rural_-60.03458085914426_-51.30808442474227.tif,False,True,True,True,True,True,False,True,True,1.4210854715202004e-14,816.0,514.0,2.0,816.0,514.0,1.0,,-1.0|0.0|1.0,True,0.2556130886077881,0.8864696621894836,0.0,0.7358834147453308,,True
permanent:train:sentinel_8_578_rural_-61.28873870323436_-51.75251410853711:17cf3e374f0f,permanent,train,data/external/sen1floods11/permanent_splits/permanent_water_train_data.csv,334,data/external/sen1floods11/permanent_sar/sentinel_8_578_rural_-61.28873870323436_-51.75251410853711.tif,data/external/sen1floods11/permanent_mask/water_8_578_rural_-61.28873870323436_-51.75251410853711.tif,False,True,True,True,True,True,False,True,True,1.4210854715202004e-14,825.0,514.0,2.0,825.0,514.0,1.0,,-1.0|0.0|1.0|nan,False,0.0,0.9865982532501221,0.0,0.8076602220535278,,False
permanent:train:sentinel_8_726_inhabited_115.74290620342694_50.14014329952056:e8d0bb92c4e7,permanent,train,data/external/sen1floods11/permanent_splits/permanent_water_train_data.csv,468,data/external/sen1floods11/permanent_sar/sentinel_8_726_inhabited_115.74290620342694_50.14014329952056.tif,data/external/sen1floods11/permanent_mask/water_8_726_inhabited_115.74290620342694_50.14014329952056.tif,False,True,True,True,True,True,False,True,True,2.842170943040401e-14,796.0,513.0,2.0,796.0,513.0,1.0,,-1.0|0.0|1.0,True,0.03556795418262482,0.8320519924163818,0.03553888574242592,0.6661918759346008,,True
permanent:train:sentinel_8_731_rural_82.1631908921453_54.41098110648995:374339c431f5,permanent,train,data/external/sen1floods11/permanent_splits/permanent_water_train_data.csv,375,data/external/sen1floods11/permanent_sar/sentinel_8_731_rural_82.1631908921453_54.41098110648995.tif,data/external/sen1floods11/permanent_mask/water_8_731_rural_82.1631908921453_54.41098110648995.tif,False,True,True,True,True,True,False,True,True,1.4210854715202004e-14,876.0,514.0,2.0,876.0,514.0,1.0,,-1.0|0.0|1.0,True,0.29065653681755066,1.0,0.0,0.9184902310371399,,True
permanent:train:sentinel_8_731_rural_82.97022129630318_54.82044251982367:432502528a9a,permanent,train,data/external/sen1floods11/permanent_splits/permanent_water_train_data.csv,132,data/external/sen1floods11/permanent_sar/sentinel_8_731_rural_82.97022129630318_54.82044251982367.tif,data/external/sen1floods11/permanent_mask/water_8_731_rural_82.97022129630318_54.82044251982367.tif,False,True,True,True,True,True,True,True,True,0.0,886.0,513.0,2.0,886.0,513.0,1.0,,-1.0|0.0|1.0,True,0.0,1.0,0.0,1.0,,True
permanent:train:sentinel_8_732_inhabited_75.89911707788139_49.75246459483292:1ac307606c5e,permanent,train,data/external/sen1floods11/permanent_splits/permanent_water_train_data.csv,351,data/external/sen1floods11/permanent_sar/sentinel_8_732_inhabited_75.89911707788139_49.75246459483292.tif,data/external/sen1floods11/permanent_mask/water_8_732_inhabited_75.89911707788139_49.75246459483292.tif,False,True,True,True,True,True,False,True,True,7.105427357601002e-15,790.0,514.0,2.0,790.0,514.0,1.0,,-1.0|0.0|1.0,True,0.36091452836990356,0.9842511415481567,0.0,0.7942336797714233,,True
permanent:train:sentinel_8_732_inhabited_79.48111295411447_53.09317405396298:55552fbb5fbb,permanent,train,data/external/sen1floods11/permanent_splits/permanent_water_train_data.csv,31,data/external/sen1floods11/permanent_sar/sentinel_8_732_inhabited_79.48111295411447_53.09317405396298.tif,data/external/sen1floods11/permanent_mask/water_8_732_inhabited_79.48111295411447_53.09317405396298.tif,False,True,True,True,True,True,False,True,True,1.4210854715202004e-14,849.0,513.0,2.0,849.0,513.0,1.0,,-1.0|0.0|1.0,True,0.36918509006500244,0.8792676329612732,0.0,0.7117788195610046,,True
permanent:train:sentinel_8_734_inhabited_115.85035716151184_50.14125807478392:d165deb388cc,permanent,train,data/external/sen1floods11/permanent_splits/permanent_water_train_data.csv,264,data/external/sen1floods11/permanent_sar/sentinel_8_734_inhabited_115.85035716151184_50.14125807478392.tif,data/external/sen1floods11/permanent_mask/water_8_734_inhabited_115.85035716151184_50.14125807478392.tif,False,True,True,True,True,True,False,True,True,1.4210854715202004e-14,796.0,514.0,2.0,796.0,514.0,1.0,,-1.0|0.0|1.0,True,0.0,1.0,0.0,0.731263279914856,,True
permanent:train:sentinel_8_734_inhabited_124.36158603345767_45.22698090400439:91d32dd766ad,permanent,train,data/external/sen1floods11/permanent_splits/permanent_water_train_data.csv,179,data/external/sen1floods11/permanent_sar/sentinel_8_734_inhabited_124.36158603345767_45.22698090400439.tif,data/external/sen1floods11/permanent_mask/water_8_734_inhabited_124.36158603345767_45.22698090400439.tif,False,True,True,True,True,True,False,True,True,1.4210854715202004e-14,725.0,513.0,2.0,725.0,513.0,1.0,,-1.0|1.0,True,0.2950960397720337,0.9643610119819641,0.0,0.7093213200569153,,True
permanent:train:sentinel_8_735_high_density_28.651160098928973_44.085830057911785:ddead338045a,permanent,train,data/external/sen1floods11/permanent_splits/permanent_water_train_data.csv,307,data/external/sen1floods11/permanent_sar/sentinel_8_735_high_density_28.651160098928973_44.085830057911785.tif,data/external/sen1floods11/permanent_mask/water_8_735_high_density_28.651160098928973_44.085830057911785.tif,False,True,True,True,True,True,False,True,True,1.7763568394002505e-14,710.0,514.0,2.0,710.0,514.0,1.0,,-1.0|0.0|1.0,True,0.16774262487888336,1.0,0.0,1.0,,True
permanent:train:sentinel_8_735_low_density_44.83805365102179_49.05200670585238:85d09a9742d1,permanent,train,data/external/sen1floods11/permanent_splits/permanent_water_train_data.csv,158,data/external/sen1floods11/permanent_sar/sentinel_8_735_low_density_44.83805365102179_49.05200670585238.tif,data/external/sen1floods11/permanent_mask/water_8_735_low_density_44.83805365102179_49.05200670585238.tif,False,True,True,True,True,True,False,True,True,7.105427357601002e-15,779.0,513.0,2.0,779.0,513.0,1.0,,-1.0|0.0|1.0,True,0.24477361142635345,1.0,0.0,1.0,,True
permanent:train:sentinel_8_737_inhabited_106.44120356953464_51.236596116653416:49c1acf7e7e7,permanent,train,data/external/sen1floods11/permanent_splits/permanent_water_train_data.csv,215,data/external/sen1floods11/permanent_sar/sentinel_8_737_inhabited_106.44120356953464_51.236596116653416.tif,data/external/sen1floods11/permanent_mask/water_8_737_inhabited_106.44120356953464_51.236596116653416.tif,False,True,True,True,True,True,False,True,True,1.4210854715202004e-14,815.0,514.0,2.0,815.0,514.0,1.0,,1.0,True,0.07064324617385864,1.0,0.0,0.8196057677268982,,True
permanent:train:sentinel_8_738_rural_103.40083240275835_53.41920568658673:7774147105d0,permanent,train,data/external/sen1floods11/permanent_splits/permanent_water_train_data.csv,144,data/external/sen1floods11/permanent_sar/sentinel_8_738_rural_103.40083240275835_53.41920568658673.tif,data/external/sen1floods11/permanent_mask/water_8_738_rural_103.40083240275835_53.41920568658673.tif,False,True,True,True,True,True,False,True,True,1.4210854715202004e-14,855.0,514.0,2.0,855.0,514.0,1.0,,-1.0|0.0|1.0,True,0.04855872318148613,1.0,0.0,1.0,,True
permanent:train:sentinel_9_312_inhabited_68.21588084414567_23.61607696240949:941a3f93e503,permanent,train,data/external/sen1floods11/permanent_splits/permanent_water_train_data.csv,50,data/external/sen1floods11/permanent_sar/sentinel_9_312_inhabited_68.21588084414567_23.61607696240949.tif,data/external/sen1floods11/permanent_mask/water_9_312_inhabited_68.21588084414567_23.61607696240949.tif,False,True,True,True,True,True,False,True,True,3.552713678800501e-15,557.0,514.0,2.0,557.0,514.0,1.0,,-1.0|0.0|1.0,True,0.0,1.0,0.0,0.8374065160751343,,True
permanent:train:sentinel_9_312_inhabited_69.1251004671454_24.018778378546195:26d16aad2a2b,permanent,train,data/external/sen1floods11/permanent_splits/permanent_water_train_data.csv,66,data/external/sen1floods11/permanent_sar/sentinel_9_312_inhabited_69.1251004671454_24.018778378546195.tif,data/external/sen1floods11/permanent_mask/water_9_312_inhabited_69.1251004671454_24.018778378546195.tif,False,True,True,True,True,True,False,True,True,1.4210854715202004e-14,559.0,514.0,2.0,559.0,514.0,1.0,,-1.0|1.0,True,0.05158071592450142,0.8521440625190735,0.0,0.6140038967132568,,True
permanent:train:sentinel_9_581_inhabited_-80.91203848216523_24.77565727315599:842ebafcb757,permanent,train,data/external/sen1floods11/permanent_splits/permanent_water_train_data.csv,187,data/external/sen1floods11/permanent_sar/sentinel_9_581_inhabited_-80.91203848216523_24.77565727315599.tif,data/external/sen1floods11/permanent_mask/water_9_581_inhabited_-80.91203848216523_24.77565727315599.tif,False,True,True,True,True,True,False,True,True,3.552713678800501e-15,562.0,513.0,2.0,562.0,513.0,1.0,,-1.0|0.0|1.0,True,0.1912630945444107,1.0,0.0,1.0,,True
permanent:train:sentinel_9_581_rural_-80.1456037339979_25.744165103762327:e84d5f595298,permanent,train,data/external/sen1floods11/permanent_splits/permanent_water_train_data.csv,54,data/external/sen1floods11/permanent_sar/sentinel_9_581_rural_-80.1456037339979_25.744165103762327.tif,data/external/sen1floods11/permanent_mask/water_9_581_rural_-80.1456037339979_25.744165103762327.tif,False,True,True,True,True,True,False,True,True,1.4210854715202004e-14,567.0,514.0,2.0,567.0,514.0,1.0,,-1.0|0.0|1.0,True,0.05463212728500366,1.0,0.0,1.0,,True
permanent:train:sentinel_9_584_inhabited_-55.89193328925934_-16.25810093681529:500373253c5b,permanent,train,data/external/sen1floods11/permanent_splits/permanent_water_train_data.csv,165,data/external/sen1floods11/permanent_sar/sentinel_9_584_inhabited_-55.89193328925934_-16.25810093681529.tif,data/external/sen1floods11/permanent_mask/water_9_584_inhabited_-55.89193328925934_-16.25810093681529.tif,False,True,True,True,True,True,False,True,True,7.105427357601002e-15,532.0,514.0,2.0,532.0,514.0,1.0,,-1.0|0.0|1.0,True,0.04165017232298851,0.9607996940612793,0.0,0.8508468270301819,,True
permanent:train:sentinel_9_585_inhabited_-60.05715728777787_-32.79148447716506:5578b5f2670b,permanent,train,data/external/sen1floods11/permanent_splits/permanent_water_train_data.csv,40,data/external/sen1floods11/permanent_sar/sentinel_9_585_inhabited_-60.05715728777787_-32.79148447716506.tif,data/external/sen1floods11/permanent_mask/water_9_585_inhabited_-60.05715728777787_-32.79148447716506.tif,False,True,True,True,True,True,False,True,True,7.105427357601002e-15,607.0,514.0,2.0,607.0,514.0,1.0,,-1.0|1.0,True,0.18655559420585632,0.9385607838630676,0.0,0.8111994862556458,,True
permanent:train:sentinel_9_586_inhabited_-56.18987704434743_-27.367420578450336:689d5373bb84,permanent,train,data/external/sen1floods11/permanent_splits/permanent_water_train_data.csv,241,data/external/sen1floods11/permanent_sar/sentinel_9_586_inhabited_-56.18987704434743_-27.367420578450336.tif,data/external/sen1floods11/permanent_mask/water_9_586_inhabited_-56.18987704434743_-27.367420578450336.tif,False,True,True,True,True,True,False,True,True,1.4210854715202004e-14,575.0,514.0,2.0,575.0,514.0,1.0,,-1.0|0.0|1.0,True,0.03186844289302826,0.9625185132026672,0.0,0.8497276902198792,,True
permanent:train:sentinel_9_742_rural_118.96523098868906_39.18198718359733:20a458922fdb,permanent,train,data/external/sen1floods11/permanent_splits/permanent_water_train_data.csv,222,data/external/sen1floods11/permanent_sar/sentinel_9_742_rural_118.96523098868906_39.18198718359733.tif,data/external/sen1floods11/permanent_mask/water_9_742_rural_118.96523098868906_39.18198718359733.tif,False,True,True,True,True,True,False,True,True,1.4210854715202004e-14,659.0,514.0,2.0,659.0,514.0,1.0,,-1.0|0.0|1.0,True,0.06770587712526321,1.0,0.0,1.0,,True
permanent:train:sentinel_9_743_inhabited_124.19961810589336_46.605953445681486:d1a20362e403,permanent,train,data/external/sen1floods11/permanent_splits/permanent_water_train_data.csv,245,data/external/sen1floods11/permanent_sar/sentinel_9_743_inhabited_124.19961810589336_46.605953445681486.tif,data/external/sen1floods11/permanent_mask/water_9_743_inhabited_124.19961810589336_46.605953445681486.tif,False,True,True,True,True,True,False,True,True,1.4210854715202004e-14,743.0,514.0,2.0,743.0,514.0,1.0,,-1.0|0.0|1.0,True,0.0,1.0,0.0,0.8318416476249695,,True
permanent:train:sentinel_9_744_rural_32.04276573748307_31.36958416964645:841d979cc432,permanent,train,data/external/sen1floods11/permanent_splits/permanent_water_train_data.csv,70,data/external/sen1floods11/permanent_sar/sentinel_9_744_rural_32.04276573748307_31.36958416964645.tif,data/external/sen1floods11/permanent_mask/water_9_744_rural_32.04276573748307_31.36958416964645.tif,False,True,True,True,True,True,False,True,True,7.105427357601002e-15,598.0,514.0,2.0,598.0,514.0,1.0,,-1.0|0.0|1.0,True,0.263654500246048,1.0,0.056033991277217865,0.8641178607940674,,True
permanent:train:sentinel_9_746_inhabited_132.29967326970097_44.80464160682832:9ee8cda74b59,permanent,train,data/external/sen1floods11/permanent_splits/permanent_water_train_data.csv,113,data/external/sen1floods11/permanent_sar/sentinel_9_746_inhabited_132.29967326970097_44.80464160682832.tif,data/external/sen1floods11/permanent_mask/water_9_746_inhabited_132.29967326970097_44.80464160682832.tif,False,True,True,True,True,True,True,True,True,0.0,719.0,514.0,2.0,719.0,514.0,1.0,,1.0,True,0.42721420526504517,1.0,0.040866415947675705,0.8543880581855774,,True
permanent:train:sentinel_9_75_inhabited_36.72257445667031_-18.31717557116394:512fadcd5eca,permanent,train,data/external/sen1floods11/permanent_splits/permanent_water_train_data.csv,428,data/external/sen1floods11/permanent_sar/sentinel_9_75_inhabited_36.72257445667031_-18.31717557116394.tif,data/external/sen1floods11/permanent_mask/water_9_75_inhabited_36.72257445667031_-18.31717557116394.tif,False,True,True,True,True,True,False,True,True,7.105427357601002e-15,538.0,514.0,2.0,538.0,514.0,1.0,,-1.0|0.0|1.0,True,0.12901198863983154,0.9622748494148254,0.0,0.8221674561500549,,True
permanent:validation:sentinel_10_194_inhabited_167.78498987527377_-45.267540887186534:b17a586c805d,permanent,validation,data/external/sen1floods11/permanent_splits/permanent_water_validation_data.csv,154,data/external/sen1floods11/permanent_sar/sentinel_10_194_inhabited_167.78498987527377_-45.267540887186534.tif,data/external/sen1floods11/permanent_mask/water_10_194_inhabited_167.78498987527377_-45.267540887186534.tif,False,True,True,True,True,True,False,True,True,2.842170943040401e-14,725.0,514.0,2.0,725.0,514.0,1.0,,-1.0|0.0|1.0,True,0.3096482455730438,0.9522473812103271,0.0,0.832356870174408,,True
permanent:validation:sentinel_10_754_inhabited_78.37066301877482_32.969638941553384:4fccdb987fbb,permanent,validation,data/external/sen1floods11/permanent_splits/permanent_water_validation_data.csv,63,data/external/sen1floods11/permanent_sar/sentinel_10_754_inhabited_78.37066301877482_32.969638941553384.tif,data/external/sen1floods11/permanent_mask/water_10_754_inhabited_78.37066301877482_32.969638941553384.tif,False,True,True,True,True,True,False,True,True,2.842170943040401e-14,608.0,514.0,2.0,608.0,514.0,1.0,,0.0|nan,False,0.43912211060523987,1.0,0.028905702754855156,0.9880791306495667,,False
permanent:validation:sentinel_10_769_inhabited_81.46284893979214_30.67961408634362:08a98e0b1f21,permanent,validation,data/external/sen1floods11/permanent_splits/permanent_water_validation_data.csv,15,data/external/sen1floods11/permanent_sar/sentinel_10_769_inhabited_81.46284893979214_30.67961408634362.tif,data/external/sen1floods11/permanent_mask/water_10_769_inhabited_81.46284893979214_30.67961408634362.tif,False,True,True,True,True,True,False,True,True,2.842170943040401e-14,593.0,514.0,2.0,593.0,514.0,1.0,,-1.0|1.0,True,0.023242011666297913,0.7528997659683228,0.0,0.6612437963485718,,True
permanent:validation:sentinel_11_782_inhabited_112.31417408950186_54.79577031369496:5f716b127c10,permanent,validation,data/external/sen1floods11/permanent_splits/permanent_water_validation_data.csv,149,data/external/sen1floods11/permanent_sar/sentinel_11_782_inhabited_112.31417408950186_54.79577031369496.tif,data/external/sen1floods11/permanent_mask/water_11_782_inhabited_112.31417408950186_54.79577031369496.tif,False,True,True,True,True,True,False,True,True,1.4210854715202004e-14,885.0,514.0,2.0,885.0,514.0,1.0,,-1.0|0.0|1.0,True,0.16145209968090057,0.9573394060134888,0.0,0.7925624847412109,,True
permanent:validation:sentinel_12_198_inhabited_121.9903475707615_-34.039640371237205:19c6995a31c7,permanent,validation,data/external/sen1floods11/permanent_splits/permanent_water_validation_data.csv,134,data/external/sen1floods11/permanent_sar/sentinel_12_198_inhabited_121.9903475707615_-34.039640371237205.tif,data/external/sen1floods11/permanent_mask/water_12_198_inhabited_121.9903475707615_-34.039640371237205.tif,False,True,True,True,True,True,False,True,True,7.105427357601002e-15,616.0,513.0,2.0,616.0,513.0,1.0,,-1.0|0.0|1.0,True,0.04233719781041145,1.0,0.0,0.8448959589004517,,True
permanent:validation:sentinel_12_202_inhabited_115.88115617248798_-34.639322576409874:52f7e69d18ae,permanent,validation,data/external/sen1floods11/permanent_splits/permanent_water_validation_data.csv,96,data/external/sen1floods11/permanent_sar/sentinel_12_202_inhabited_115.88115617248798_-34.639322576409874.tif,data/external/sen1floods11/permanent_mask/water_12_202_inhabited_115.88115617248798_-34.639322576409874.tif,False,True,True,True,True,True,False,True,True,2.842170943040401e-14,621.0,514.0,2.0,621.0,514.0,1.0,,-1.0|0.0|1.0,True,0.058567386120557785,0.9409573078155518,0.0,0.8154975771903992,,True
permanent:validation:sentinel_12_202_inhabited_117.64411528318048_-35.05827741588638:11c74ab128ce,permanent,validation,data/external/sen1floods11/permanent_splits/permanent_water_validation_data.csv,72,data/external/sen1floods11/permanent_sar/sentinel_12_202_inhabited_117.64411528318048_-35.05827741588638.tif,data/external/sen1floods11/permanent_mask/water_12_202_inhabited_117.64411528318048_-35.05827741588638.tif,False,True,True,True,True,True,False,True,True,1.4210854715202004e-14,624.0,514.0,2.0,624.0,514.0,1.0,,-1.0|0.0|1.0,True,0.2591193914413452,1.0,0.0,1.0,,True
permanent:validation:sentinel_12_206_rural_118.06427853904242_-34.98607119252793:d20798a66b0a,permanent,validation,data/external/sen1floods11/permanent_splits/permanent_water_validation_data.csv,65,data/external/sen1floods11/permanent_sar/sentinel_12_206_rural_118.06427853904242_-34.98607119252793.tif,data/external/sen1floods11/permanent_mask/water_12_206_rural_118.06427853904242_-34.98607119252793.tif,False,True,True,True,True,True,False,True,True,7.105427357601002e-15,622.0,514.0,2.0,622.0,514.0,1.0,,-1.0|0.0|1.0,True,0.03614530712366104,1.0,0.03569537773728371,0.8813410401344299,,True
permanent:validation:sentinel_12_596_inhabited_-70.67853533753855_-26.397155862028946:6cc19f3b2451,permanent,validation,data/external/sen1floods11/permanent_splits/permanent_water_validation_data.csv,156,data/external/sen1floods11/permanent_sar/sentinel_12_596_inhabited_-70.67853533753855_-26.397155862028946.tif,data/external/sen1floods11/permanent_mask/water_12_596_inhabited_-70.67853533753855_-26.397155862028946.tif,False,True,True,True,True,True,False,True,True,1.4210854715202004e-14,570.0,514.0,2.0,570.0,514.0,1.0,,-1.0|0.0|1.0|nan,False,0.0,1.0,0.0,0.9155614972114563,,False
permanent:validation:sentinel_12_785_high_density_23.639933153045423_37.940078490101065:0e8f7c36ca97,permanent,validation,data/external/sen1floods11/permanent_splits/permanent_water_validation_data.csv,75,data/external/sen1floods11/permanent_sar/sentinel_12_785_high_density_23.639933153045423_37.940078490101065.tif,data/external/sen1floods11/permanent_mask/water_12_785_high_density_23.639933153045423_37.940078490101065.tif,False,True,True,True,True,True,False,True,True,1.0658141036401503e-14,647.0,514.0,2.0,647.0,514.0,1.0,,-1.0|0.0|1.0,True,0.3630271553993225,1.0,0.0485275462269783,1.0,,True
permanent:validation:sentinel_12_791_high_density_35.621613488372404_36.615551572286556:39978ec61874,permanent,validation,data/external/sen1floods11/permanent_splits/permanent_water_validation_data.csv,130,data/external/sen1floods11/permanent_sar/sentinel_12_791_high_density_35.621613488372404_36.615551572286556.tif,data/external/sen1floods11/permanent_mask/water_12_791_high_density_35.621613488372404_36.615551572286556.tif,False,True,True,True,True,True,False,True,True,2.1316282072803006e-14,635.0,513.0,2.0,635.0,513.0,1.0,,-1.0|0.0|1.0,True,0.2672845423221588,1.0,0.0,0.8426704406738281,,True
permanent:validation:sentinel_12_795_rural_15.869771203373848_41.56341915130169:f92f15a90a32,permanent,validation,data/external/sen1floods11/permanent_splits/permanent_water_validation_data.csv,35,data/external/sen1floods11/permanent_sar/sentinel_12_795_rural_15.869771203373848_41.56341915130169.tif,data/external/sen1floods11/permanent_mask/water_12_795_rural_15.869771203373848_41.56341915130169.tif,False,True,True,True,True,True,False,True,True,1.2434497875801753e-14,682.0,514.0,2.0,682.0,514.0,1.0,,-1.0|0.0|1.0,True,0.056188520044088364,1.0,0.053693581372499466,1.0,,True
permanent:validation:sentinel_12_796_rural_-13.452697640949298_29.156750812772884:dce42260ab14,permanent,validation,data/external/sen1floods11/permanent_splits/permanent_water_validation_data.csv,131,data/external/sen1floods11/permanent_sar/sentinel_12_796_rural_-13.452697640949298_29.156750812772884.tif,data/external/sen1floods11/permanent_mask/water_12_796_rural_-13.452697640949298_29.156750812772884.tif,False,True,True,True,True,True,False,True,True,3.552713678800501e-15,585.0,513.0,2.0,585.0,513.0,1.0,,-1.0|0.0|1.0|nan,False,0.4432740807533264,1.0,0.0,0.9116431474685669,,False
permanent:validation:sentinel_12_798_low_density_-3.8884921871416775_35.18720340464466:e8371517aa3d,permanent,validation,data/external/sen1floods11/permanent_splits/permanent_water_validation_data.csv,71,data/external/sen1floods11/permanent_sar/sentinel_12_798_low_density_-3.8884921871416775_35.18720340464466.tif,data/external/sen1floods11/permanent_mask/water_12_798_low_density_-3.8884921871416775_35.18720340464466.tif,False,True,True,True,True,True,True,True,True,0.0,624.0,514.0,2.0,624.0,514.0,1.0,,-1.0|0.0|1.0,True,0.04328562691807747,1.0,0.0,1.0,,True
permanent:validation:sentinel_12_798_low_density_10.713199858653235_34.65224059216171:d590626465ee,permanent,validation,data/external/sen1floods11/permanent_splits/permanent_water_validation_data.csv,13,data/external/sen1floods11/permanent_sar/sentinel_12_798_low_density_10.713199858653235_34.65224059216171.tif,data/external/sen1floods11/permanent_mask/water_12_798_low_density_10.713199858653235_34.65224059216171.tif,False,True,True,True,True,True,False,True,True,1.9539925233402755e-14,620.0,514.0,2.0,620.0,514.0,1.0,,-1.0|0.0|1.0,True,0.03919040411710739,1.0,0.039085712283849716,1.0,,True
permanent:validation:sentinel_12_799_high_density_5.873224688727276_43.0750588675209:904adc15d7ee,permanent,validation,data/external/sen1floods11/permanent_splits/permanent_water_validation_data.csv,21,data/external/sen1floods11/permanent_sar/sentinel_12_799_high_density_5.873224688727276_43.0750588675209.tif,data/external/sen1floods11/permanent_mask/water_12_799_high_density_5.873224688727276_43.0750588675209.tif,False,True,True,True,True,True,False,True,True,1.7763568394002505e-15,698.0,513.0,2.0,698.0,513.0,1.0,,-1.0|0.0|1.0,True,0.21559002995491028,1.0,0.04742586985230446,1.0,,True
permanent:validation:sentinel_12_799_rural_1.8383357548999186_41.23834622540443:30b8e88e4127,permanent,validation,data/external/sen1floods11/permanent_splits/permanent_water_validation_data.csv,127,data/external/sen1floods11/permanent_sar/sentinel_12_799_rural_1.8383357548999186_41.23834622540443.tif,data/external/sen1floods11/permanent_mask/water_12_799_rural_1.8383357548999186_41.23834622540443.tif,False,True,True,True,True,True,False,True,True,1.2434497875801753e-14,678.0,514.0,2.0,678.0,514.0,1.0,,-1.0|0.0|1.0,True,0.0,1.0,0.0,1.0,,True
permanent:validation:sentinel_12_805_high_density_-6.247383399020867_36.46310382547134:897a240d4973,permanent,validation,data/external/sen1floods11/permanent_splits/permanent_water_validation_data.csv,31,data/external/sen1floods11/permanent_sar/sentinel_12_805_high_density_-6.247383399020867_36.46310382547134.tif,data/external/sen1floods11/permanent_mask/water_12_805_high_density_-6.247383399020867_36.46310382547134.tif,False,True,True,True,True,True,False,True,True,5.329070518200751e-15,634.0,513.0,2.0,634.0,513.0,1.0,,-1.0|0.0|1.0,True,0.26703009009361267,1.0,0.0,1.0,,True
permanent:validation:sentinel_12_805_low_density_-6.140512124072928_36.351336457566724:78e36117dabf,permanent,validation,data/external/sen1floods11/permanent_splits/permanent_water_validation_data.csv,22,data/external/sen1floods11/permanent_sar/sentinel_12_805_low_density_-6.140512124072928_36.351336457566724.tif,data/external/sen1floods11/permanent_mask/water_12_805_low_density_-6.140512124072928_36.351336457566724.tif,False,True,True,True,True,True,False,True,True,4.440892098500626e-15,633.0,514.0,2.0,633.0,514.0,1.0,,-1.0|0.0|1.0,True,0.3671939969062805,1.0,0.032285939902067184,1.0,,True
permanent:validation:sentinel_12_805_rural_-4.481285081186773_36.694116473747215:7c5bd75dc3e8,permanent,validation,data/external/sen1floods11/permanent_splits/permanent_water_validation_data.csv,20,data/external/sen1floods11/permanent_sar/sentinel_12_805_rural_-4.481285081186773_36.694116473747215.tif,data/external/sen1floods11/permanent_mask/water_12_805_rural_-4.481285081186773_36.694116473747215.tif,False,True,True,True,True,True,False,True,True,2.3092638912203256e-14,636.0,514.0,2.0,636.0,514.0,1.0,,-1.0|0.0|1.0,True,0.3378600478172302,1.0,0.05268816649913788,1.0,,True
permanent:validation:sentinel_12_806_high_density_14.2220753958119_40.801505931602556:7368477ee0cb,permanent,validation,data/external/sen1floods11/permanent_splits/permanent_water_validation_data.csv,56,data/external/sen1floods11/permanent_sar/sentinel_12_806_high_density_14.2220753958119_40.801505931602556.tif,data/external/sen1floods11/permanent_mask/water_12_806_high_density_14.2220753958119_40.801505931602556.tif,False,True,True,True,True,True,False,True,True,2.3092638912203256e-14,674.0,514.0,2.0,674.0,514.0,1.0,,-1.0|0.0|1.0,True,0.01433637086302042,1.0,0.0,1.0,,True
permanent:validation:sentinel_12_806_rural_16.978740717163728_40.47491691134712:965926f3a635,permanent,validation,data/external/sen1floods11/permanent_splits/permanent_water_validation_data.csv,80,data/external/sen1floods11/permanent_sar/sentinel_12_806_rural_16.978740717163728_40.47491691134712.tif,data/external/sen1floods11/permanent_mask/water_12_806_rural_16.978740717163728_40.47491691134712.tif,False,True,True,True,True,True,False,True,True,2.1316282072803006e-14,670.0,514.0,2.0,670.0,514.0,1.0,,-1.0|0.0|1.0,True,0.0,1.0,0.0,1.0,,True
permanent:validation:sentinel_13_100_inhabited_43.30023901161886_-21.92411565868999:703d20112db3,permanent,validation,data/external/sen1floods11/permanent_splits/permanent_water_validation_data.csv,141,data/external/sen1floods11/permanent_sar/sentinel_13_100_inhabited_43.30023901161886_-21.92411565868999.tif,data/external/sen1floods11/permanent_mask/water_13_100_inhabited_43.30023901161886_-21.92411565868999.tif,False,True,True,True,True,True,False,True,True,2.1316282072803006e-14,551.0,514.0,2.0,551.0,514.0,1.0,,-1.0|0.0|1.0,True,0.6318068504333496,1.0,0.2579523026943207,0.7955659627914429,,True
permanent:validation:sentinel_13_104_rural_12.948640857867774_-12.866722712414917:4ecb4d97c1c3,permanent,validation,data/external/sen1floods11/permanent_splits/permanent_water_validation_data.csv,103,data/external/sen1floods11/permanent_sar/sentinel_13_104_rural_12.948640857867774_-12.866722712414917.tif,data/external/sen1floods11/permanent_mask/water_13_104_rural_12.948640857867774_-12.866722712414917.tif,False,True,True,True,True,True,False,True,True,3.552713678800501e-15,524.0,514.0,2.0,524.0,514.0,1.0,,-1.0|0.0|1.0,True,0.03731716051697731,1.0,0.0,0.8471527099609375,,True
permanent:validation:sentinel_13_105_inhabited_52.22514314739394_12.206419028420656:94577cc47246,permanent,validation,data/external/sen1floods11/permanent_splits/permanent_water_validation_data.csv,161,data/external/sen1floods11/permanent_sar/sentinel_13_105_inhabited_52.22514314739394_12.206419028420656.tif,data/external/sen1floods11/permanent_mask/water_13_105_inhabited_52.22514314739394_12.206419028420656.tif,False,True,True,True,True,True,False,True,True,7.105427357601002e-15,522.0,514.0,2.0,522.0,514.0,1.0,,-1.0|0.0|1.0,True,0.20487815141677856,1.0,0.030012035742402077,0.886335015296936,,True
permanent:validation:sentinel_13_107_inhabited_42.80379837313662_13.716355368037446:cef36c571d7f,permanent,validation,data/external/sen1floods11/permanent_splits/permanent_water_validation_data.csv,122,data/external/sen1floods11/permanent_sar/sentinel_13_107_inhabited_42.80379837313662_13.716355368037446.tif,data/external/sen1floods11/permanent_mask/water_13_107_inhabited_42.80379837313662_13.716355368037446.tif,False,True,True,True,True,True,False,True,True,1.7763568394002505e-15,526.0,514.0,2.0,526.0,514.0,1.0,,-1.0|0.0|1.0,True,0.22912664711475372,1.0,0.0,0.8376981019973755,,True
permanent:validation:sentinel_13_107_inhabited_50.99689713952544_15.15569521977608:0e3435daaf38,permanent,validation,data/external/sen1floods11/permanent_splits/permanent_water_validation_data.csv,93,data/external/sen1floods11/permanent_sar/sentinel_13_107_inhabited_50.99689713952544_15.15569521977608.tif,data/external/sen1floods11/permanent_mask/water_13_107_inhabited_50.99689713952544_15.15569521977608.tif,False,True,True,True,True,True,False,True,True,7.105427357601002e-15,529.0,513.0,2.0,529.0,513.0,1.0,,-1.0|0.0|1.0,True,0.04889720305800438,1.0,0.0488758459687233,1.0,,True
permanent:validation:sentinel_13_215_inhabited_137.56798968682094_-32.99802111975856:1d44635cdf02,permanent,validation,data/external/sen1floods11/permanent_splits/permanent_water_validation_data.csv,43,data/external/sen1floods11/permanent_sar/sentinel_13_215_inhabited_137.56798968682094_-32.99802111975856.tif,data/external/sen1floods11/permanent_mask/water_13_215_inhabited_137.56798968682094_-32.99802111975856.tif,False,True,True,True,True,True,False,True,True,2.842170943040401e-14,609.0,514.0,2.0,609.0,514.0,1.0,,-1.0|0.0|1.0,True,0.3520030677318573,1.0,0.0,1.0,,True
permanent:validation:sentinel_13_314_inhabited_68.9690408484769_22.230504951173312:a8b581d3c481,permanent,validation,data/external/sen1floods11/permanent_splits/permanent_water_validation_data.csv,16,data/external/sen1floods11/permanent_sar/sentinel_13_314_inhabited_68.9690408484769_22.230504951173312.tif,data/external/sen1floods11/permanent_mask/water_13_314_inhabited_68.9690408484769_22.230504951173312.tif,False,True,True,True,True,True,False,True,True,1.4210854715202004e-14,551.0,514.0,2.0,551.0,514.0,1.0,,-1.0|0.0|1.0,True,0.049539096653461456,1.0,0.04938111454248428,1.0,,True
permanent:validation:sentinel_13_314_low_density_71.77441293063552_21.041093254379266:8e3d58bf2563,permanent,validation,data/external/sen1floods11/permanent_splits/permanent_water_validation_data.csv,53,data/external/sen1floods11/permanent_sar/sentinel_13_314_low_density_71.77441293063552_21.041093254379266.tif,data/external/sen1floods11/permanent_mask/water_13_314_low_density_71.77441293063552_21.041093254379266.tif,False,True,True,True,True,True,False,True,True,1.4210854715202004e-14,547.0,513.0,2.0,547.0,513.0,1.0,,-1.0|0.0|1.0,True,0.03664494678378105,1.0,0.03636781498789787,0.902671217918396,,True
permanent:validation:sentinel_13_315_low_density_79.95910629153859_9.695592866347404:65b069db9e38,permanent,validation,data/external/sen1floods11/permanent_splits/permanent_water_validation_data.csv,67,data/external/sen1floods11/permanent_sar/sentinel_13_315_low_density_79.95910629153859_9.695592866347404.tif,data/external/sen1floods11/permanent_mask/water_13_315_low_density_79.95910629153859_9.695592866347404.tif,False,True,True,True,True,True,False,True,True,4.263256414560601e-14,518.0,514.0,2.0,518.0,514.0,1.0,,-1.0|0.0|1.0,True,0.0,1.0,0.0,0.8650533556938171,,True
permanent:validation:sentinel_13_430_rural_-119.54643467909625_39.909088201372214:8d5a7d09b7c0,permanent,validation,data/external/sen1floods11/permanent_splits/permanent_water_validation_data.csv,34,data/external/sen1floods11/permanent_sar/sentinel_13_430_rural_-119.54643467909625_39.909088201372214.tif,data/external/sen1floods11/permanent_mask/water_13_430_rural_-119.54643467909625_39.909088201372214.tif,False,True,True,True,True,True,True,True,True,0.0,665.0,514.0,2.0,665.0,514.0,1.0,,-1.0|0.0|1.0,True,0.058444611728191376,1.0,0.0,0.8007981777191162,,True
permanent:validation:sentinel_13_431_inhabited_-110.90636008221107_23.98435411841359:1da33f13ae49,permanent,validation,data/external/sen1floods11/permanent_splits/permanent_water_validation_data.csv,46,data/external/sen1floods11/permanent_sar/sentinel_13_431_inhabited_-110.90636008221107_23.98435411841359.tif,data/external/sen1floods11/permanent_mask/water_13_431_inhabited_-110.90636008221107_23.98435411841359.tif,False,True,True,True,True,True,False,True,True,1.4210854715202004e-14,559.0,514.0,2.0,559.0,514.0,1.0,,-1.0|0.0|1.0,True,0.27149996161460876,0.9684054255485535,0.0,0.8341162800788879,,True
permanent:validation:sentinel_13_431_inhabited_-111.05602089086788_25.70340892013383:7f0a407c88b8,permanent,validation,data/external/sen1floods11/permanent_splits/permanent_water_validation_data.csv,19,data/external/sen1floods11/permanent_sar/sentinel_13_431_inhabited_-111.05602089086788_25.70340892013383.tif,data/external/sen1floods11/permanent_mask/water_13_431_inhabited_-111.05602089086788_25.70340892013383.tif,False,True,True,True,True,True,False,True,True,3.552713678800501e-15,567.0,514.0,2.0,567.0,514.0,1.0,,-1.0|0.0|1.0,True,0.1128150075674057,1.0,0.0,0.8972663879394531,,True
permanent:validation:sentinel_13_437_inhabited_-98.96692081116339_26.26950517617194:0acb28e69bf7,permanent,validation,data/external/sen1floods11/permanent_splits/permanent_water_validation_data.csv,159,data/external/sen1floods11/permanent_sar/sentinel_13_437_inhabited_-98.96692081116339_26.26950517617194.tif,data/external/sen1floods11/permanent_mask/water_13_437_inhabited_-98.96692081116339_26.26950517617194.tif,False,True,True,True,True,True,False,True,True,1.4210854715202004e-14,569.0,514.0,2.0,569.0,514.0,1.0,,-1.0|0.0|1.0,True,0.011480248533189297,0.9863240718841553,0.0,0.8234255909919739,,True
permanent:validation:sentinel_13_607_rural_-110.29973951579926_24.46831819214828:f195f5bdde93,permanent,validation,data/external/sen1floods11/permanent_splits/permanent_water_validation_data.csv,110,data/external/sen1floods11/permanent_sar/sentinel_13_607_rural_-110.29973951579926_24.46831819214828.tif,data/external/sen1floods11/permanent_mask/water_13_607_rural_-110.29973951579926_24.46831819214828.tif,False,True,True,True,True,True,False,True,True,1.4210854715202004e-14,561.0,514.0,2.0,561.0,514.0,1.0,,-1.0|0.0|1.0,True,0.3004862666130066,1.0,0.0,0.8892332315444946,,True
permanent:validation:sentinel_13_811_inhabited_51.77666459984256_24.194226168595073:d739dbb39379,permanent,validation,data/external/sen1floods11/permanent_splits/permanent_water_validation_data.csv,2,data/external/sen1floods11/permanent_sar/sentinel_13_811_inhabited_51.77666459984256_24.194226168595073.tif,data/external/sen1floods11/permanent_mask/water_13_811_inhabited_51.77666459984256_24.194226168595073.tif,False,True,True,True,True,True,False,True,True,2.1316282072803006e-14,559.0,514.0,2.0,559.0,514.0,1.0,,-1.0|0.0|1.0,True,0.030612455680966377,1.0,0.0,0.8343419432640076,,True
permanent:validation:sentinel_13_815_inhabited_52.63782849078931_46.81578536395348:a41295654ac7,permanent,validation,data/external/sen1floods11/permanent_splits/permanent_water_validation_data.csv,12,data/external/sen1floods11/permanent_sar/sentinel_13_815_inhabited_52.63782849078931_46.81578536395348.tif,data/external/sen1floods11/permanent_mask/water_13_815_inhabited_52.63782849078931_46.81578536395348.tif,False,True,True,True,True,True,False,True,True,7.105427357601002e-15,746.0,514.0,2.0,746.0,514.0,1.0,,-1.0|0.0|1.0,True,0.1819942742586136,0.8231308460235596,0.0,0.6906660795211792,,True
permanent:validation:sentinel_13_831_inhabited_43.680573576871474_32.66180044122769:2aad0f0af922,permanent,validation,data/external/sen1floods11/permanent_splits/permanent_water_validation_data.csv,1,data/external/sen1floods11/permanent_sar/sentinel_13_831_inhabited_43.680573576871474_32.66180044122769.tif,data/external/sen1floods11/permanent_mask/water_13_831_inhabited_43.680573576871474_32.66180044122769.tif,False,True,True,True,True,True,False,True,True,7.105427357601002e-15,607.0,513.0,2.0,607.0,513.0,1.0,,-1.0|1.0,True,0.32869642972946167,0.9655861854553223,0.0,0.7166147232055664,,True
permanent:validation:sentinel_13_833_rural_32.38289704763781_30.28752978981517:c04d0d037135,permanent,validation,data/external/sen1floods11/permanent_splits/permanent_water_validation_data.csv,28,data/external/sen1floods11/permanent_sar/sentinel_13_833_rural_32.38289704763781_30.28752978981517.tif,data/external/sen1floods11/permanent_mask/water_13_833_rural_32.38289704763781_30.28752978981517.tif,False,True,True,True,True,True,False,True,True,7.105427357601002e-15,591.0,514.0,2.0,591.0,514.0,1.0,,-1.0|0.0|1.0,True,0.0,1.0,0.0,0.9695003032684326,,True
permanent:validation:sentinel_13_841_inhabited_48.862222905916674_30.302084295653614:247bcbb29a40,permanent,validation,data/external/sen1floods11/permanent_splits/permanent_water_validation_data.csv,41,data/external/sen1floods11/permanent_sar/sentinel_13_841_inhabited_48.862222905916674_30.302084295653614.tif,data/external/sen1floods11/permanent_mask/water_13_841_inhabited_48.862222905916674_30.302084295653614.tif,False,True,True,True,True,True,False,True,True,7.105427357601002e-15,591.0,514.0,2.0,591.0,514.0,1.0,,-1.0|0.0|1.0,True,0.0,0.9218515753746033,0.0,0.737920343875885,,True
permanent:validation:sentinel_14_322_high_density_112.61411106276083_-3.389242314995769:4e10c92acf3e,permanent,validation,data/external/sen1floods11/permanent_splits/permanent_water_validation_data.csv,7,data/external/sen1floods11/permanent_sar/sentinel_14_322_high_density_112.61411106276083_-3.389242314995769.tif,data/external/sen1floods11/permanent_mask/water_14_322_high_density_112.61411106276083_-3.389242314995769.tif,False,True,True,True,True,True,False,True,True,1.4210854715202004e-14,512.0,514.0,2.0,512.0,514.0,1.0,,-1.0|0.0|1.0,True,0.2865499258041382,1.0,0.04579799994826317,0.8493683338165283,,True
permanent:validation:sentinel_14_612_low_density_-81.83463094922423_26.368381282931054:a8cff7a26ddf,permanent,validation,data/external/sen1floods11/permanent_splits/permanent_water_validation_data.csv,89,data/external/sen1floods11/permanent_sar/sentinel_14_612_low_density_-81.83463094922423_26.368381282931054.tif,data/external/sen1floods11/permanent_mask/water_14_612_low_density_-81.83463094922423_26.368381282931054.tif,False,True,True,True,True,True,False,True,True,1.4210854715202004e-14,569.0,513.0,2.0,569.0,513.0,1.0,,-1.0|0.0|1.0,True,0.13360294699668884,1.0,0.036299705505371094,1.0,,True
permanent:validation:sentinel_14_613_low_density_-92.21078519565171_18.593983187258697:588f16b7d8c2,permanent,validation,data/external/sen1floods11/permanent_splits/permanent_water_validation_data.csv,44,data/external/sen1floods11/permanent_sar/sentinel_14_613_low_density_-92.21078519565171_18.593983187258697.tif,data/external/sen1floods11/permanent_mask/water_14_613_low_density_-92.21078519565171_18.593983187258697.tif,False,True,True,True,True,True,False,True,True,1.4210854715202004e-14,539.0,514.0,2.0,539.0,514.0,1.0,,-1.0|0.0|1.0,True,0.2417946457862854,1.0,0.0,0.9170740246772766,,True
permanent:validation:sentinel_1_10_inhabited_18.058708237702003_-0.8408170128398617:129406590f0e,permanent,validation,data/external/sen1floods11/permanent_splits/permanent_water_validation_data.csv,98,data/external/sen1floods11/permanent_sar/sentinel_1_10_inhabited_18.058708237702003_-0.8408170128398617.tif,data/external/sen1floods11/permanent_mask/water_1_10_inhabited_18.058708237702003_-0.8408170128398617.tif,False,True,True,True,True,True,False,True,True,1.4210854715202004e-14,510.0,514.0,2.0,510.0,514.0,1.0,,-1.0|0.0|1.0,True,0.0,0.8871521353721619,0.0,0.790098249912262,,True
permanent:validation:sentinel_1_10_inhabited_18.081953531493618_-0.9595316601857515:79849ed1eccb,permanent,validation,data/external/sen1floods11/permanent_splits/permanent_water_validation_data.csv,147,data/external/sen1floods11/permanent_sar/sentinel_1_10_inhabited_18.081953531493618_-0.9595316601857515.tif,data/external/sen1floods11/permanent_mask/water_1_10_inhabited_18.081953531493618_-0.9595316601857515.tif,False,True,True,True,True,True,False,True,True,2.1316282072803006e-14,511.0,513.0,2.0,511.0,513.0,1.0,,-1.0|0.0|1.0,True,0.02293984219431877,1.0,0.0,0.8953941464424133,,True
permanent:validation:sentinel_1_135_inhabited_147.2786052646174_-2.552291342769245:806adab64bb5,permanent,validation,data/external/sen1floods11/permanent_splits/permanent_water_validation_data.csv,111,data/external/sen1floods11/permanent_sar/sentinel_1_135_inhabited_147.2786052646174_-2.552291342769245.tif,data/external/sen1floods11/permanent_mask/water_1_135_inhabited_147.2786052646174_-2.552291342769245.tif,False,True,True,True,True,True,False,True,True,2.842170943040401e-14,511.0,514.0,2.0,511.0,514.0,1.0,,-1.0|0.0|1.0,True,0.13134682178497314,1.0,0.0,0.9650793075561523,,True
permanent:validation:sentinel_1_13_inhabited_55.76817093952096_-4.321448603926004:c4a0447f8674,permanent,validation,data/external/sen1floods11/permanent_splits/permanent_water_validation_data.csv,133,data/external/sen1floods11/permanent_sar/sentinel_1_13_inhabited_55.76817093952096_-4.321448603926004.tif,data/external/sen1floods11/permanent_mask/water_1_13_inhabited_55.76817093952096_-4.321448603926004.tif,False,True,True,True,True,True,False,True,True,2.1316282072803006e-14,512.0,514.0,2.0,512.0,514.0,1.0,,-1.0|0.0|1.0,True,0.48480814695358276,1.0,0.0362129732966423,1.0,,True
permanent:validation:sentinel_1_152_rural_156.71449562651105_-7.93256241003808:3e93571031e9,permanent,validation,data/external/sen1floods11/permanent_splits/permanent_water_validation_data.csv,142,data/external/sen1floods11/permanent_sar/sentinel_1_152_rural_156.71449562651105_-7.93256241003808.tif,data/external/sen1floods11/permanent_mask/water_1_152_rural_156.71449562651105_-7.93256241003808.tif,False,True,True,True,True,True,False,True,True,2.842170943040401e-14,516.0,514.0,2.0,516.0,514.0,1.0,,-1.0|0.0|1.0,True,0.1734398752450943,1.0,0.04945264384150505,0.9331049919128418,,True
permanent:validation:sentinel_1_152_rural_157.61693741590952_-8.769932537763628:724ddc7b6dda,permanent,validation,data/external/sen1floods11/permanent_splits/permanent_water_validation_data.csv,114,data/external/sen1floods11/permanent_sar/sentinel_1_152_rural_157.61693741590952_-8.769932537763628.tif,data/external/sen1floods11/permanent_mask/water_1_152_rural_157.61693741590952_-8.769932537763628.tif,False,True,True,True,True,True,False,True,True,2.842170943040401e-14,516.0,514.0,2.0,516.0,514.0,1.0,,-1.0|0.0|1.0|nan,False,0.2318125069141388,1.0,0.0,0.9705445170402527,,False
permanent:validation:sentinel_1_219_inhabited_109.16345354895596_-1.2889923415196:f3207794da3e,permanent,validation,data/external/sen1floods11/permanent_splits/permanent_water_validation_data.csv,32,data/external/sen1floods11/permanent_sar/sentinel_1_219_inhabited_109.16345354895596_-1.2889923415196.tif,data/external/sen1floods11/permanent_mask/water_1_219_inhabited_109.16345354895596_-1.2889923415196.tif,False,True,True,True,True,True,False,True,True,2.842170943040401e-14,511.0,514.0,2.0,511.0,514.0,1.0,,-1.0|0.0|1.0,True,0.0,1.0,0.0,0.9640015363693237,,True
permanent:validation:sentinel_1_219_inhabited_109.23250272876857_-1.219595351824822:778618a9edca,permanent,validation,data/external/sen1floods11/permanent_splits/permanent_water_validation_data.csv,92,data/external/sen1floods11/permanent_sar/sentinel_1_219_inhabited_109.23250272876857_-1.219595351824822.tif,data/external/sen1floods11/permanent_mask/water_1_219_inhabited_109.23250272876857_-1.219595351824822.tif,False,True,True,True,True,True,False,True,True,2.842170943040401e-14,510.0,513.0,2.0,510.0,513.0,1.0,,-1.0|0.0|1.0,True,0.051772285252809525,1.0,0.0,0.9811769127845764,,True
permanent:validation:sentinel_1_223_inhabited_102.39605870328434_12.03758854433509:8299668c5593,permanent,validation,data/external/sen1floods11/permanent_splits/permanent_water_validation_data.csv,10,data/external/sen1floods11/permanent_sar/sentinel_1_223_inhabited_102.39605870328434_12.03758854433509.tif,data/external/sen1floods11/permanent_mask/water_1_223_inhabited_102.39605870328434_12.03758854433509.tif,False,True,True,True,True,True,False,True,True,2.842170943040401e-14,522.0,514.0,2.0,522.0,514.0,1.0,,-1.0|0.0|1.0,True,0.30720096826553345,1.0,0.0,0.9688668251037598,,True
permanent:validation:sentinel_1_236_high_density_118.73601535813772_24.72477447103512:abaabf8d931b,permanent,validation,data/external/sen1floods11/permanent_splits/permanent_water_validation_data.csv,62,data/external/sen1floods11/permanent_sar/sentinel_1_236_high_density_118.73601535813772_24.72477447103512.tif,data/external/sen1floods11/permanent_mask/water_1_236_high_density_118.73601535813772_24.72477447103512.tif,False,True,True,True,True,True,False,True,True,2.842170943040401e-14,562.0,514.0,2.0,562.0,514.0,1.0,,-1.0|0.0|1.0,True,0.4256373643875122,1.0,0.0,1.0,,True
permanent:validation:sentinel_1_236_high_density_121.35740493083115_28.154772969659387:e65df0ac154c,permanent,validation,data/external/sen1floods11/permanent_splits/permanent_water_validation_data.csv,129,data/external/sen1floods11/permanent_sar/sentinel_1_236_high_density_121.35740493083115_28.154772969659387.tif,data/external/sen1floods11/permanent_mask/water_1_236_high_density_121.35740493083115_28.154772969659387.tif,False,True,True,True,True,True,False,True,True,2.842170943040401e-14,579.0,513.0,2.0,579.0,513.0,1.0,,-1.0|0.0|1.0,True,0.4007355272769928,1.0,0.03504998981952667,1.0,,True
permanent:validation:sentinel_1_242_high_density_74.68823035041393_13.512021521364344:8c3a078f7d8b,permanent,validation,data/external/sen1floods11/permanent_splits/permanent_water_validation_data.csv,84,data/external/sen1floods11/permanent_sar/sentinel_1_242_high_density_74.68823035041393_13.512021521364344.tif,data/external/sen1floods11/permanent_mask/water_1_242_high_density_74.68823035041393_13.512021521364344.tif,False,True,True,True,True,True,False,True,True,2.842170943040401e-14,526.0,514.0,2.0,526.0,514.0,1.0,,-1.0|0.0|1.0|nan,False,0.057580217719078064,1.0,0.0312722846865654,1.0,,False
permanent:validation:sentinel_1_242_inhabited_74.75954475356171_13.164871586151474:7a7d086fb32b,permanent,validation,data/external/sen1floods11/permanent_splits/permanent_water_validation_data.csv,118,data/external/sen1floods11/permanent_sar/sentinel_1_242_inhabited_74.75954475356171_13.164871586151474.tif,data/external/sen1floods11/permanent_mask/water_1_242_inhabited_74.75954475356171_13.164871586151474.tif,False,True,True,True,True,True,False,True,True,1.4210854715202004e-14,524.0,514.0,2.0,524.0,514.0,1.0,,-1.0|0.0|1.0,True,0.05624212697148323,1.0,0.056154996156692505,1.0,,True
permanent:validation:sentinel_1_247_low_density_125.4260893915426_11.830387495684622:d0d81a6569e1,permanent,validation,data/external/sen1floods11/permanent_splits/permanent_water_validation_data.csv,36,data/external/sen1floods11/permanent_sar/sentinel_1_247_low_density_125.4260893915426_11.830387495684622.tif,data/external/sen1floods11/permanent_mask/water_1_247_low_density_125.4260893915426_11.830387495684622.tif,False,True,True,True,True,True,False,True,True,2.842170943040401e-14,522.0,514.0,2.0,522.0,514.0,1.0,,-1.0|0.0|1.0|nan,False,0.0,1.0,0.0,1.0,,False
permanent:validation:sentinel_1_248_inhabited_120.97195131756924_13.465388242547405:1abe5783b729,permanent,validation,data/external/sen1floods11/permanent_splits/permanent_water_validation_data.csv,115,data/external/sen1floods11/permanent_sar/sentinel_1_248_inhabited_120.97195131756924_13.465388242547405.tif,data/external/sen1floods11/permanent_mask/water_1_248_inhabited_120.97195131756924_13.465388242547405.tif,False,True,True,True,True,True,False,True,True,1.4210854715202004e-14,524.0,514.0,2.0,524.0,514.0,1.0,,-1.0|0.0|1.0,True,0.27699074149131775,1.0,0.0,1.0,,True
permanent:validation:sentinel_1_251_rural_129.18340820299505_28.24313897523552:8930ab1aa315,permanent,validation,data/external/sen1floods11/permanent_splits/permanent_water_validation_data.csv,29,data/external/sen1floods11/permanent_sar/sentinel_1_251_rural_129.18340820299505_28.24313897523552.tif,data/external/sen1floods11/permanent_mask/water_1_251_rural_129.18340820299505_28.24313897523552.tif,False,True,True,True,True,True,True,True,True,0.0,579.0,514.0,2.0,579.0,514.0,1.0,,-1.0|0.0|1.0,True,0.19179369509220123,1.0,0.0,0.9504466652870178,,True
permanent:validation:sentinel_1_261_low_density_84.94551388095866_19.29157387426188:2e711a10d89a,permanent,validation,data/external/sen1floods11/permanent_splits/permanent_water_validation_data.csv,132,data/external/sen1floods11/permanent_sar/sentinel_1_261_low_density_84.94551388095866_19.29157387426188.tif,data/external/sen1floods11/permanent_mask/water_1_261_low_density_84.94551388095866_19.29157387426188.tif,False,True,True,True,True,True,False,True,True,2.842170943040401e-14,541.0,514.0,2.0,541.0,514.0,1.0,,-1.0|0.0|1.0,True,0.12250489741563797,1.0,0.04818747565150261,1.0,,True
permanent:validation:sentinel_1_262_rural_119.89103400850655_11.879932567489455:f12b4ac06ef9,permanent,validation,data/external/sen1floods11/permanent_splits/permanent_water_validation_data.csv,101,data/external/sen1floods11/permanent_sar/sentinel_1_262_rural_119.89103400850655_11.879932567489455.tif,data/external/sen1floods11/permanent_mask/water_1_262_rural_119.89103400850655_11.879932567489455.tif,False,True,True,True,True,True,False,True,True,1.4210854715202004e-14,522.0,514.0,2.0,522.0,514.0,1.0,,-1.0|0.0|1.0,True,0.06931287050247192,1.0,0.0,0.9033414125442505,,True
permanent:validation:sentinel_1_278_high_density_99.36868581607885_3.390513158796001:d1d951588a8c,permanent,validation,data/external/sen1floods11/permanent_splits/permanent_water_validation_data.csv,123,data/external/sen1floods11/permanent_sar/sentinel_1_278_high_density_99.36868581607885_3.390513158796001.tif,data/external/sen1floods11/permanent_mask/water_1_278_high_density_99.36868581607885_3.390513158796001.tif,False,True,True,True,True,True,False,True,True,1.4210854715202004e-14,511.0,514.0,2.0,511.0,514.0,1.0,,-1.0|0.0|1.0,True,0.1833868771791458,1.0,0.05722660943865776,0.883741557598114,,True
permanent:validation:sentinel_1_279_rural_98.95389577698627_2.487326699521592:3c8ecae93c06,permanent,validation,data/external/sen1floods11/permanent_splits/permanent_water_validation_data.csv,139,data/external/sen1floods11/permanent_sar/sentinel_1_279_rural_98.95389577698627_2.487326699521592.tif,data/external/sen1floods11/permanent_mask/water_1_279_rural_98.95389577698627_2.487326699521592.tif,False,True,True,True,True,True,False,True,True,8.881784197001252e-16,511.0,514.0,2.0,511.0,514.0,1.0,,-1.0|0.0|1.0,True,0.05137559026479721,1.0,6.250700971577317e-05,1.0,,True
permanent:validation:sentinel_1_280_rural_100.40428082203431_2.278190401013927:f8ffdcd01459,permanent,validation,data/external/sen1floods11/permanent_splits/permanent_water_validation_data.csv,106,data/external/sen1floods11/permanent_sar/sentinel_1_280_rural_100.40428082203431_2.278190401013927.tif,data/external/sen1floods11/permanent_mask/water_1_280_rural_100.40428082203431_2.278190401013927.tif,False,True,True,True,True,True,False,True,True,3.9968028886505635e-15,511.0,514.0,2.0,511.0,514.0,1.0,,-1.0|0.0|1.0,True,0.07013605535030365,1.0,0.042921166867017746,1.0,,True
permanent:validation:sentinel_1_284_low_density_98.56567752107115_9.997728176425733:a9a85a37d4c2,permanent,validation,data/external/sen1floods11/permanent_splits/permanent_water_validation_data.csv,108,data/external/sen1floods11/permanent_sar/sentinel_1_284_low_density_98.56567752107115_9.997728176425733.tif,data/external/sen1floods11/permanent_mask/water_1_284_low_density_98.56567752107115_9.997728176425733.tif,False,True,True,True,True,True,False,True,True,1.4210854715202004e-14,519.0,514.0,2.0,519.0,514.0,1.0,,-1.0|0.0|1.0,True,0.032043952494859695,1.0,0.0,1.0,,True
permanent:validation:sentinel_1_285_rural_104.33154489283568_12.639946210139826:f86b4f69dc87,permanent,validation,data/external/sen1floods11/permanent_splits/permanent_water_validation_data.csv,144,data/external/sen1floods11/permanent_sar/sentinel_1_285_rural_104.33154489283568_12.639946210139826.tif,data/external/sen1floods11/permanent_mask/water_1_285_rural_104.33154489283568_12.639946210139826.tif,False,True,True,True,True,True,False,True,True,3.552713678800501e-15,523.0,514.0,2.0,523.0,514.0,1.0,,1.0,True,0.14755403995513916,0.7239908576011658,0.0,0.5838891863822937,,True
permanent:validation:sentinel_1_289_inhabited_107.13459824244651_-7.4648606778453015:d35b9350c7f6,permanent,validation,data/external/sen1floods11/permanent_splits/permanent_water_validation_data.csv,76,data/external/sen1floods11/permanent_sar/sentinel_1_289_inhabited_107.13459824244651_-7.4648606778453015.tif,data/external/sen1floods11/permanent_mask/water_1_289_inhabited_107.13459824244651_-7.4648606778453015.tif,False,True,True,True,True,True,False,True,True,1.4210854715202004e-14,515.0,513.0,2.0,515.0,513.0,1.0,,-1.0|0.0|1.0,True,0.05893729627132416,1.0,0.0,1.0,,True
permanent:validation:sentinel_1_450_inhabited_-88.1052997739462_15.704601641253161:4dde7aa88e91,permanent,validation,data/external/sen1floods11/permanent_splits/permanent_water_validation_data.csv,126,data/external/sen1floods11/permanent_sar/sentinel_1_450_inhabited_-88.1052997739462_15.704601641253161.tif,data/external/sen1floods11/permanent_mask/water_1_450_inhabited_-88.1052997739462_15.704601641253161.tif,False,True,True,True,True,True,False,True,True,1.4210854715202004e-14,530.0,514.0,2.0,530.0,514.0,1.0,,-1.0|0.0|1.0,True,0.032379601150751114,1.0,0.0,1.0,,True
permanent:validation:sentinel_1_458_inhabited_-85.69076344002107_11.531712448023757:9188ca52cfde,permanent,validation,data/external/sen1floods11/permanent_splits/permanent_water_validation_data.csv,151,data/external/sen1floods11/permanent_sar/sentinel_1_458_inhabited_-85.69076344002107_11.531712448023757.tif,data/external/sen1floods11/permanent_mask/water_1_458_inhabited_-85.69076344002107_11.531712448023757.tif,False,True,True,True,True,True,False,True,True,1.4210854715202004e-14,521.0,513.0,2.0,521.0,513.0,1.0,,-1.0|0.0|1.0,True,0.26906344294548035,1.0,0.007854866795241833,0.9752643704414368,,True
permanent:validation:sentinel_1_464_inhabited_-62.58316222983704_7.6984997366416525:5664eac4a269,permanent,validation,data/external/sen1floods11/permanent_splits/permanent_water_validation_data.csv,58,data/external/sen1floods11/permanent_sar/sentinel_1_464_inhabited_-62.58316222983704_7.6984997366416525.tif,data/external/sen1floods11/permanent_mask/water_1_464_inhabited_-62.58316222983704_7.6984997366416525.tif,False,True,True,True,True,True,False,True,True,1.4210854715202004e-14,515.0,514.0,2.0,515.0,514.0,1.0,,-1.0|0.0|1.0,True,0.031526774168014526,0.9942320585250854,0.05023951455950737,0.8305246829986572,,True
permanent:validation:sentinel_1_465_rural_-58.49357350338707_6.892222920561783:77baec97dea3,permanent,validation,data/external/sen1floods11/permanent_splits/permanent_water_validation_data.csv,155,data/external/sen1floods11/permanent_sar/sentinel_1_465_rural_-58.49357350338707_6.892222920561783.tif,data/external/sen1floods11/permanent_mask/water_1_465_rural_-58.49357350338707_6.892222920561783.tif,False,True,True,True,True,True,False,True,True,1.4210854715202004e-14,514.0,514.0,2.0,514.0,514.0,1.0,,-1.0|0.0|1.0,True,0.3011561334133148,1.0,0.04801496863365173,0.8990882635116577,,True
permanent:validation:sentinel_1_471_rural_-81.68022565704658_7.5043906086841:4936a8447299,permanent,validation,data/external/sen1floods11/permanent_splits/permanent_water_validation_data.csv,87,data/external/sen1floods11/permanent_sar/sentinel_1_471_rural_-81.68022565704658_7.5043906086841.tif,data/external/sen1floods11/permanent_mask/water_1_471_rural_-81.68022565704658_7.5043906086841.tif,False,True,True,True,True,True,False,True,True,1.4210854715202004e-14,515.0,513.0,2.0,515.0,513.0,1.0,,-1.0|0.0|1.0,True,0.0,1.0,0.0,0.8814001083374023,,True
permanent:validation:sentinel_1_473_high_density_-59.91501006439612_-3.142279462251723:b76e5dd8a4c0,permanent,validation,data/external/sen1floods11/permanent_splits/permanent_water_validation_data.csv,57,data/external/sen1floods11/permanent_sar/sentinel_1_473_high_density_-59.91501006439612_-3.142279462251723.tif,data/external/sen1floods11/permanent_mask/water_1_473_high_density_-59.91501006439612_-3.142279462251723.tif,False,True,True,True,True,True,False,True,True,7.105427357601002e-15,511.0,514.0,2.0,511.0,514.0,1.0,,-1.0|0.0|1.0,True,0.020994942635297775,1.0,0.0,1.0,,True
permanent:validation:sentinel_1_476_rural_-56.145442102349854_-2.094948102323622:6f645d9b1f53,permanent,validation,data/external/sen1floods11/permanent_splits/permanent_water_validation_data.csv,162,data/external/sen1floods11/permanent_sar/sentinel_1_476_rural_-56.145442102349854_-2.094948102323622.tif,data/external/sen1floods11/permanent_mask/water_1_476_rural_-56.145442102349854_-2.094948102323622.tif,False,True,True,True,True,True,False,True,True,1.4210854715202004e-14,511.0,514.0,2.0,511.0,514.0,1.0,,-1.0|0.0|1.0,True,0.0,0.9760816693305969,0.0,0.868065357208252,,True
permanent:validation:sentinel_1_476_rural_-57.00843868382956_-5.386834864019507:66a9cbd33977,permanent,validation,data/external/sen1floods11/permanent_splits/permanent_water_validation_data.csv,39,data/external/sen1floods11/permanent_sar/sentinel_1_476_rural_-57.00843868382956_-5.386834864019507.tif,data/external/sen1floods11/permanent_mask/water_1_476_rural_-57.00843868382956_-5.386834864019507.tif,False,True,True,True,True,True,False,True,True,1.4210854715202004e-14,513.0,514.0,2.0,513.0,514.0,1.0,,-1.0|0.0|1.0,True,0.03367336094379425,1.0,0.0,0.9308260083198547,,True
permanent:validation:sentinel_1_484_inhabited_-63.77517804164631_-0.2875094586230299:7ee45e0bd4de,permanent,validation,data/external/sen1floods11/permanent_splits/permanent_water_validation_data.csv,4,data/external/sen1floods11/permanent_sar/sentinel_1_484_inhabited_-63.77517804164631_-0.2875094586230299.tif,data/external/sen1floods11/permanent_mask/water_1_484_inhabited_-63.77517804164631_-0.2875094586230299.tif,False,True,True,True,True,True,False,True,True,7.105427357601002e-15,511.0,513.0,2.0,511.0,513.0,1.0,,-1.0|0.0|1.0,True,0.2596493661403656,0.9698550701141357,0.0,0.859155535697937,,True
permanent:validation:sentinel_1_484_rural_-66.03850625884911_-0.2995891633768148:209098355fd1,permanent,validation,data/external/sen1floods11/permanent_splits/permanent_water_validation_data.csv,59,data/external/sen1floods11/permanent_sar/sentinel_1_484_rural_-66.03850625884911_-0.2995891633768148.tif,data/external/sen1floods11/permanent_mask/water_1_484_rural_-66.03850625884911_-0.2995891633768148.tif,False,True,True,True,True,True,False,True,True,1.4210854715202004e-14,510.0,514.0,2.0,510.0,514.0,1.0,,-1.0|0.0|1.0,True,0.0,0.9914876222610474,0.0,0.8911234140396118,,True
permanent:validation:sentinel_1_494_inhabited_-88.34797297147684_17.35182924320449:8a216e5b9dc5,permanent,validation,data/external/sen1floods11/permanent_splits/permanent_water_validation_data.csv,25,data/external/sen1floods11/permanent_sar/sentinel_1_494_inhabited_-88.34797297147684_17.35182924320449.tif,data/external/sen1floods11/permanent_mask/water_1_494_inhabited_-96.56868249158859_18.267581449247515.tif,False,True,True,False,True,True,False,False,False,8.220842491091403,535.0,514.0,2.0,538.0,514.0,1.0,,-1.0|0.0|1.0,True,0.3867102563381195,1.0,0.0,0.8929707407951355,,False
permanent:validation:sentinel_1_4_inhabited_44.34339219385988_-12.189131093636444:d857091ea07c,permanent,validation,data/external/sen1floods11/permanent_splits/permanent_water_validation_data.csv,24,data/external/sen1floods11/permanent_sar/sentinel_1_4_inhabited_44.34339219385988_-12.189131093636444.tif,data/external/sen1floods11/permanent_mask/water_1_4_inhabited_45.049477468369865_-12.745510968479103.tif,False,True,True,False,True,True,False,False,False,0.7059859817895244,522.0,514.0,2.0,524.0,514.0,1.0,,-1.0|0.0|1.0,True,0.19253623485565186,0.9849850535392761,0.03507833182811737,0.8413726687431335,,False
permanent:validation:sentinel_1_4_rural_45.19108514052415_-12.88434507977814:08e7843d1274,permanent,validation,data/external/sen1floods11/permanent_splits/permanent_water_validation_data.csv,85,data/external/sen1floods11/permanent_sar/sentinel_1_4_rural_45.19108514052415_-12.88434507977814.tif,data/external/sen1floods11/permanent_mask/water_1_500_high_density_-48.45084407912996_-25.51837406282004.tif,False,True,True,False,True,True,False,False,False,93.64379881469858,524.0,514.0,2.0,566.0,514.0,1.0,,-1.0|0.0|1.0,True,0.4366702139377594,1.0,0.025157751515507698,0.8697477579116821,,False
permanent:validation:sentinel_1_625_inhabited_-140.16228130241257_-8.811121254194308:c62f40aec5a7,permanent,validation,data/external/sen1floods11/permanent_splits/permanent_water_validation_data.csv,97,data/external/sen1floods11/permanent_sar/sentinel_1_625_inhabited_-140.16228130241257_-8.811121254194308.tif,data/external/sen1floods11/permanent_mask/water_1_625_rural_-140.09211288823556_-8.949875101674381.tif,False,True,True,False,True,True,False,False,False,0.13878971139645913,516.0,514.0,2.0,517.0,513.0,1.0,,-1.0|0.0|1.0,True,0.5603421330451965,1.0,0.3223620355129242,0.9840608835220337,,False
permanent:validation:sentinel_1_630_rural_-149.5347498700231_-17.743391824909686:7c8f355bae28,permanent,validation,data/external/sen1floods11/permanent_splits/permanent_water_validation_data.csv,136,data/external/sen1floods11/permanent_sar/sentinel_1_630_rural_-149.5347498700231_-17.743391824909686.tif,data/external/sen1floods11/permanent_mask/water_1_630_rural_-151.46756505804342_-16.665279290409643.tif,False,True,True,False,True,True,False,False,False,1.9326355022547261,536.0,513.0,2.0,533.0,514.0,1.0,,-1.0|0.0|1.0,True,0.010590439662337303,1.0,0.0498075857758522,1.0,,False
permanent:validation:sentinel_2_290_inhabited_79.22223092425455_16.55038163356551:77a8c80fa13b,permanent,validation,data/external/sen1floods11/permanent_splits/permanent_water_validation_data.csv,99,data/external/sen1floods11/permanent_sar/sentinel_2_290_inhabited_79.22223092425455_16.55038163356551.tif,data/external/sen1floods11/permanent_mask/water_2_292_high_density_82.80599260450478_24.0988905880724.tif,False,True,True,False,True,True,False,False,False,7.548543332456344,533.0,514.0,2.0,559.0,514.0,1.0,,-1.0|1.0,True,0.029239840805530548,1.0,0.0340472050011158,0.9809796810150146,,False
permanent:validation:sentinel_2_293_rural_80.11139351071589_13.590746950462929:d7301b3712d8,permanent,validation,data/external/sen1floods11/permanent_splits/permanent_water_validation_data.csv,79,data/external/sen1floods11/permanent_sar/sentinel_2_293_rural_80.11139351071589_13.590746950462929.tif,data/external/sen1floods11/permanent_mask/water_2_297_inhabited_83.76667917186337_21.529565479278993.tif,False,True,True,False,True,True,False,False,False,7.9388613234062735,525.0,513.0,2.0,549.0,514.0,1.0,,-1.0|0.0|1.0,True,0.042835187166929245,0.928739607334137,0.0,0.8354901075363159,,False
permanent:validation:sentinel_2_301_inhabited_79.73892479972153_8.256440296853016:0b23bad49bae,permanent,validation,data/external/sen1floods11/permanent_splits/permanent_water_validation_data.csv,14,data/external/sen1floods11/permanent_sar/sentinel_2_301_inhabited_79.73892479972153_8.256440296853016.tif,data/external/sen1floods11/permanent_mask/water_2_32_inhabited_44.153251665839896_-18.53964904092246.tif,False,True,True,False,True,True,False,False,False,35.586670148866446,516.0,514.0,2.0,538.0,514.0,1.0,,-1.0|0.0|1.0,True,0.0,1.0,0.0,0.8857499361038208,,False
permanent:validation:sentinel_2_521_rural_-103.14359578118716_20.27936285782332:2505044924a4,permanent,validation,data/external/sen1floods11/permanent_splits/permanent_water_validation_data.csv,5,data/external/sen1floods11/permanent_sar/sentinel_2_521_rural_-103.14359578118716_20.27936285782332.tif,data/external/sen1floods11/permanent_mask/water_2_522_rural_-101.7985480803247_18.613616609197024.tif,False,True,True,False,True,True,False,False,False,1.6657460313428238,544.0,514.0,2.0,539.0,514.0,1.0,,-1.0|0.0|1.0|nan,False,0.0,0.9124836921691895,0.03734425827860832,0.792733907699585,,False
permanent:validation:sentinel_2_528_inhabited_-92.32867045020168_16.03037464601581:27dc02d66b31,permanent,validation,data/external/sen1floods11/permanent_splits/permanent_water_validation_data.csv,68,data/external/sen1floods11/permanent_sar/sentinel_2_528_inhabited_-92.32867045020168_16.03037464601581.tif,data/external/sen1floods11/permanent_mask/water_2_529_inhabited_-57.78503572329768_-17.551561297590442.tif,False,True,True,False,True,True,False,False,False,34.54345660941841,531.0,514.0,2.0,535.0,514.0,1.0,,-1.0|0.0|1.0,True,0.03189919516444206,1.0,0.0,0.967460036277771,,False
permanent:validation:sentinel_2_533_inhabited_-111.00741223028427_18.751269058716897:441b3f8dfb64,permanent,validation,data/external/sen1floods11/permanent_splits/permanent_water_validation_data.csv,125,data/external/sen1floods11/permanent_sar/sentinel_2_533_inhabited_-111.00741223028427_18.751269058716897.tif,data/external/sen1floods11/permanent_mask/water_2_533_inhabited_-111.00741223028427_18.751269058716897.tif,False,True,True,True,True,True,False,True,True,1.4210854715202004e-14,539.0,514.0,2.0,539.0,514.0,1.0,,-1.0|0.0|1.0,True,0.5113486051559448,1.0,0.2485315203666687,0.8771727085113525,,True
permanent:validation:sentinel_2_636_rural_-157.97436111994955_21.668796450571786:7c7bf460b74a,permanent,validation,data/external/sen1floods11/permanent_splits/permanent_water_validation_data.csv,81,data/external/sen1floods11/permanent_sar/sentinel_2_636_rural_-157.97436111994955_21.668796450571786.tif,data/external/sen1floods11/permanent_mask/water_2_636_rural_-157.97436111994955_21.668796450571786.tif,False,True,True,True,True,True,False,True,True,7.105427357601002e-15,550.0,514.0,2.0,550.0,514.0,1.0,,-1.0|0.0|1.0,True,0.4441671073436737,1.0,0.11306626349687576,0.9626835584640503,,True
permanent:validation:sentinel_4_169_inhabited_166.95267190904175_-45.1768472308605:4b41e1c28c12,permanent,validation,data/external/sen1floods11/permanent_splits/permanent_water_validation_data.csv,52,data/external/sen1floods11/permanent_sar/sentinel_4_169_inhabited_166.95267190904175_-45.1768472308605.tif,data/external/sen1floods11/permanent_mask/water_4_169_inhabited_166.95267190904175_-45.1768472308605.tif,False,True,True,True,True,True,False,True,True,2.842170943040401e-14,724.0,514.0,2.0,724.0,514.0,1.0,,-1.0|0.0|1.0,True,0.10790974646806717,1.0,0.0,0.9581902027130127,,True
permanent:validation:sentinel_4_171_low_density_177.16081168687646_-37.98808963114352:fde1936d20c3,permanent,validation,data/external/sen1floods11/permanent_splits/permanent_water_validation_data.csv,47,data/external/sen1floods11/permanent_sar/sentinel_4_171_low_density_177.16081168687646_-37.98808963114352.tif,data/external/sen1floods11/permanent_mask/water_4_171_low_density_177.16081168687646_-37.98808963114352.tif,False,True,True,True,True,True,False,True,True,7.105427357601002e-15,647.0,513.0,2.0,647.0,513.0,1.0,,-1.0|0.0|1.0,True,0.027646368369460106,1.0,0.0,0.9084995985031128,,True
permanent:validation:sentinel_4_171_rural_176.98556009727392_-39.64922071017949:464df30e77c8,permanent,validation,data/external/sen1floods11/permanent_splits/permanent_water_validation_data.csv,117,data/external/sen1floods11/permanent_sar/sentinel_4_171_rural_176.98556009727392_-39.64922071017949.tif,data/external/sen1floods11/permanent_mask/water_4_171_rural_176.98556009727392_-39.64922071017949.tif,False,True,True,True,True,True,False,True,True,7.105427357601002e-15,663.0,514.0,2.0,663.0,514.0,1.0,,-1.0|0.0|1.0,True,0.19938230514526367,1.0,0.054318275302648544,0.9698960781097412,,True
permanent:validation:sentinel_4_173_rural_174.09872915707095_-36.15252743709883:c6d3cb01407b,permanent,validation,data/external/sen1floods11/permanent_splits/permanent_water_validation_data.csv,88,data/external/sen1floods11/permanent_sar/sentinel_4_173_rural_174.09872915707095_-36.15252743709883.tif,data/external/sen1floods11/permanent_mask/water_4_173_rural_174.09872915707095_-36.15252743709883.tif,False,True,True,True,True,True,False,True,True,7.105427357601002e-15,632.0,514.0,2.0,632.0,514.0,1.0,,-1.0|0.0|1.0,True,0.0,1.0,0.0,0.8630055785179138,,True
permanent:validation:sentinel_4_176_inhabited_147.74127267172085_-37.921278920059734:67ea0a00a4f5,permanent,validation,data/external/sen1floods11/permanent_splits/permanent_water_validation_data.csv,42,data/external/sen1floods11/permanent_sar/sentinel_4_176_inhabited_147.74127267172085_-37.921278920059734.tif,data/external/sen1floods11/permanent_mask/water_4_176_inhabited_147.74127267172085_-37.921278920059734.tif,False,True,True,True,True,True,False,True,True,2.842170943040401e-14,647.0,514.0,2.0,647.0,514.0,1.0,,-1.0|0.0|1.0,True,0.03944185748696327,1.0,0.0,1.0,,True
permanent:validation:sentinel_4_177_inhabited_146.70077265460662_-41.843102887575924:8e86c160221c,permanent,validation,data/external/sen1floods11/permanent_splits/permanent_water_validation_data.csv,64,data/external/sen1floods11/permanent_sar/sentinel_4_177_inhabited_146.70077265460662_-41.843102887575924.tif,data/external/sen1floods11/permanent_mask/water_4_177_inhabited_146.70077265460662_-41.843102887575924.tif,False,True,True,True,True,True,False,True,True,7.105427357601002e-15,685.0,514.0,2.0,685.0,514.0,1.0,,-1.0|0.0|1.0,True,0.052270155400037766,1.0,0.0,0.9132170677185059,,True
permanent:validation:sentinel_4_308_inhabited_75.99012287128116_31.98065045980857:4d4bbe141a79,permanent,validation,data/external/sen1floods11/permanent_splits/permanent_water_validation_data.csv,30,data/external/sen1floods11/permanent_sar/sentinel_4_308_inhabited_75.99012287128116_31.98065045980857.tif,data/external/sen1floods11/permanent_mask/water_4_308_inhabited_75.99012287128116_31.98065045980857.tif,False,True,True,True,True,True,False,True,True,1.4210854715202004e-14,602.0,514.0,2.0,602.0,514.0,1.0,,-1.0|0.0|1.0,True,0.0008292719721794128,1.0,0.0,0.9032531976699829,,True
permanent:validation:sentinel_4_334_high_density_-73.79128217351328_45.445075536528435:67030d89c38f,permanent,validation,data/external/sen1floods11/permanent_splits/permanent_water_validation_data.csv,158,data/external/sen1floods11/permanent_sar/sentinel_4_334_high_density_-73.79128217351328_45.445075536528435.tif,data/external/sen1floods11/permanent_mask/water_4_334_high_density_-73.79128217351328_45.445075536528435.tif,False,True,True,True,True,True,False,True,True,1.4210854715202004e-14,727.0,514.0,2.0,727.0,514.0,1.0,,-1.0|0.0|1.0,True,0.11294195055961609,1.0,0.03787004202604294,1.0,,True
permanent:validation:sentinel_4_334_rural_-81.93371217463181_41.46913145952657:f83ab94999dd,permanent,validation,data/external/sen1floods11/permanent_splits/permanent_water_validation_data.csv,55,data/external/sen1floods11/permanent_sar/sentinel_4_334_rural_-81.93371217463181_41.46913145952657.tif,data/external/sen1floods11/permanent_mask/water_4_334_rural_-81.93371217463181_41.46913145952657.tif,False,True,True,True,True,True,True,True,True,0.0,681.0,514.0,2.0,681.0,514.0,1.0,,-1.0|0.0|1.0,True,0.31651726365089417,1.0,0.050051119178533554,1.0,,True
permanent:validation:sentinel_4_337_rural_-91.13685083883874_29.937392256896494:97b698488667,permanent,validation,data/external/sen1floods11/permanent_splits/permanent_water_validation_data.csv,150,data/external/sen1floods11/permanent_sar/sentinel_4_337_rural_-91.13685083883874_29.937392256896494.tif,data/external/sen1floods11/permanent_mask/water_4_337_rural_-91.13685083883874_29.937392256896494.tif,False,True,True,True,True,True,False,True,True,1.4210854715202004e-14,589.0,513.0,2.0,589.0,513.0,1.0,,-1.0|0.0|1.0,True,0.13541816174983978,1.0,0.0,0.896648645401001,,True
permanent:validation:sentinel_4_340_inhabited_-94.82582500844505_36.591682004347454:985d39e2ba80,permanent,validation,data/external/sen1floods11/permanent_splits/permanent_water_validation_data.csv,37,data/external/sen1floods11/permanent_sar/sentinel_4_340_inhabited_-94.82582500844505_36.591682004347454.tif,data/external/sen1floods11/permanent_mask/water_4_340_inhabited_-94.82582500844505_36.591682004347454.tif,False,True,True,True,True,True,False,True,True,1.4210854715202004e-14,636.0,514.0,2.0,636.0,514.0,1.0,,-1.0|0.0|1.0,True,0.020831886678934097,1.0,0.0,0.9094840884208679,,True
permanent:validation:sentinel_4_341_rural_-95.67494932654748_35.061398786623805:d835b3c48435,permanent,validation,data/external/sen1floods11/permanent_splits/permanent_water_validation_data.csv,86,data/external/sen1floods11/permanent_sar/sentinel_4_341_rural_-95.67494932654748_35.061398786623805.tif,data/external/sen1floods11/permanent_mask/water_4_341_rural_-95.67494932654748_35.061398786623805.tif,False,True,True,True,True,True,False,True,True,1.4210854715202004e-14,624.0,514.0,2.0,624.0,514.0,1.0,,-1.0|0.0|1.0,True,0.0,0.9789068698883057,0.0,0.8645065426826477,,True
permanent:validation:sentinel_4_344_rural_-90.74668841486434_46.859832364159416:4f0345b4dfa9,permanent,validation,data/external/sen1floods11/permanent_splits/permanent_water_validation_data.csv,18,data/external/sen1floods11/permanent_sar/sentinel_4_344_rural_-90.74668841486434_46.859832364159416.tif,data/external/sen1floods11/permanent_mask/water_4_344_rural_-90.74668841486434_46.859832364159416.tif,False,True,True,True,True,True,False,True,True,1.4210854715202004e-14,746.0,514.0,2.0,746.0,514.0,1.0,,-1.0|0.0|1.0,True,0.21548131108283997,0.9557399749755859,0.0,0.8376278877258301,,True
permanent:validation:sentinel_4_561_rural_-68.26965760285023_-55.028597816099584:316a39020b80,permanent,validation,data/external/sen1floods11/permanent_splits/permanent_water_validation_data.csv,119,data/external/sen1floods11/permanent_sar/sentinel_4_561_rural_-68.26965760285023_-55.028597816099584.tif,data/external/sen1floods11/permanent_mask/water_4_561_rural_-68.26965760285023_-55.028597816099584.tif,False,True,True,True,True,True,False,True,True,1.4210854715202004e-14,890.0,513.0,2.0,890.0,513.0,1.0,,-1.0|0.0|1.0,True,0.20778223872184753,1.0,0.033408258110284805,0.9178712964057922,,True
permanent:validation:sentinel_4_563_rural_-73.0780132872062_-41.81172865256387:c9e7d24b4074,permanent,validation,data/external/sen1floods11/permanent_splits/permanent_water_validation_data.csv,107,data/external/sen1floods11/permanent_sar/sentinel_4_563_rural_-73.0780132872062_-41.81172865256387.tif,data/external/sen1floods11/permanent_mask/water_4_563_rural_-73.0780132872062_-41.81172865256387.tif,False,True,True,True,True,True,False,True,True,1.4210854715202004e-14,685.0,514.0,2.0,685.0,514.0,1.0,,-1.0|0.0|1.0|nan,False,0.049906447529792786,1.0,0.0,1.0,,False
permanent:validation:sentinel_4_650_inhabited_45.38933231425931_40.17591189020831:22b6ab6f21dd,permanent,validation,data/external/sen1floods11/permanent_splits/permanent_water_validation_data.csv,6,data/external/sen1floods11/permanent_sar/sentinel_4_650_inhabited_45.38933231425931_40.17591189020831.tif,data/external/sen1floods11/permanent_mask/water_4_650_inhabited_45.38933231425931_40.17591189020831.tif,False,True,True,True,True,True,False,True,True,2.1316282072803006e-14,668.0,514.0,2.0,668.0,514.0,1.0,,-1.0|0.0|1.0,True,0.012494638562202454,0.911303699016571,0.0,0.7978622913360596,,True
permanent:validation:sentinel_4_654_rural_30.489388835403616_50.88838491538983:60f33401f04d,permanent,validation,data/external/sen1floods11/permanent_splits/permanent_water_validation_data.csv,116,data/external/sen1floods11/permanent_sar/sentinel_4_654_rural_30.489388835403616_50.88838491538983.tif,data/external/sen1floods11/permanent_mask/water_4_654_rural_30.489388835403616_50.88838491538983.tif,False,True,True,True,True,True,False,True,True,7.105427357601002e-15,808.0,514.0,2.0,808.0,514.0,1.0,,-1.0|1.0,True,0.0,0.8686606884002686,0.0,0.6591350436210632,,True
permanent:validation:sentinel_4_657_low_density_119.13973790841565_29.56437953557364:dd2b3e454a56,permanent,validation,data/external/sen1floods11/permanent_splits/permanent_water_validation_data.csv,137,data/external/sen1floods11/permanent_sar/sentinel_4_657_low_density_119.13973790841565_29.56437953557364.tif,data/external/sen1floods11/permanent_mask/water_4_657_low_density_119.13973790841565_29.56437953557364.tif,False,True,True,True,True,True,False,True,True,1.4210854715202004e-14,586.0,514.0,2.0,586.0,514.0,1.0,,-1.0|0.0|1.0,True,0.021399622783064842,1.0,0.0,1.0,,True
permanent:validation:sentinel_4_657_low_density_120.84486247844494_31.238210134409826:237cdc664969,permanent,validation,data/external/sen1floods11/permanent_splits/permanent_water_validation_data.csv,145,data/external/sen1floods11/permanent_sar/sentinel_4_657_low_density_120.84486247844494_31.238210134409826.tif,data/external/sen1floods11/permanent_mask/water_4_657_low_density_120.84486247844494_31.238210134409826.tif,False,True,True,True,True,True,False,True,True,1.4210854715202004e-14,597.0,514.0,2.0,597.0,514.0,1.0,,-1.0|0.0|1.0,True,0.0,1.0,0.03739994019269943,1.0,,True
permanent:validation:sentinel_4_658_low_density_39.033204817848045_44.08776530776899:6dc2129921be,permanent,validation,data/external/sen1floods11/permanent_splits/permanent_water_validation_data.csv,74,data/external/sen1floods11/permanent_sar/sentinel_4_658_low_density_39.033204817848045_44.08776530776899.tif,data/external/sen1floods11/permanent_mask/water_4_658_low_density_39.033204817848045_44.08776530776899.tif,False,True,True,True,True,True,False,True,True,1.4210854715202004e-14,710.0,514.0,2.0,710.0,514.0,1.0,,-1.0|0.0|1.0,True,0.051795076578855515,1.0,0.0,1.0,,True
permanent:validation:sentinel_4_663_low_density_1.1254904831929_51.80532324231306:957c59588200,permanent,validation,data/external/sen1floods11/permanent_splits/permanent_water_validation_data.csv,153,data/external/sen1floods11/permanent_sar/sentinel_4_663_low_density_1.1254904831929_51.80532324231306.tif,data/external/sen1floods11/permanent_mask/water_4_663_low_density_1.1254904831929_51.80532324231306.tif,False,True,True,True,True,True,False,True,True,4.440892098500626e-16,825.0,514.0,2.0,825.0,514.0,1.0,,-1.0|0.0|1.0,True,0.3053305745124817,1.0,0.034575995057821274,1.0,,True
permanent:validation:sentinel_4_667_low_density_119.43106435754046_39.795898380231534:24f0f452f8f9,permanent,validation,data/external/sen1floods11/permanent_splits/permanent_water_validation_data.csv,148,data/external/sen1floods11/permanent_sar/sentinel_4_667_low_density_119.43106435754046_39.795898380231534.tif,data/external/sen1floods11/permanent_mask/water_4_667_low_density_119.43106435754046_39.795898380231534.tif,False,True,True,True,True,True,False,True,True,1.4210854715202004e-14,664.0,514.0,2.0,664.0,514.0,1.0,,-1.0|0.0|1.0,True,0.21769626438617706,1.0,0.0,1.0,,True
permanent:validation:sentinel_4_669_rural_129.99208847454273_41.95746099319259:e48abc980911,permanent,validation,data/external/sen1floods11/permanent_splits/permanent_water_validation_data.csv,95,data/external/sen1floods11/permanent_sar/sentinel_4_669_rural_129.99208847454273_41.95746099319259.tif,data/external/sen1floods11/permanent_mask/water_4_669_rural_129.99208847454273_41.95746099319259.tif,False,True,True,True,True,True,True,True,True,0.0,686.0,514.0,2.0,686.0,514.0,1.0,,-1.0|0.0|1.0,True,0.33693021535873413,1.0,0.0455588772892952,0.8743767738342285,,True
permanent:validation:sentinel_4_671_high_density_140.74036362208238_41.8029620598928:46bcb1b039b7,permanent,validation,data/external/sen1floods11/permanent_splits/permanent_water_validation_data.csv,113,data/external/sen1floods11/permanent_sar/sentinel_4_671_high_density_140.74036362208238_41.8029620598928.tif,data/external/sen1floods11/permanent_mask/water_4_671_high_density_140.74036362208238_41.8029620598928.tif,False,True,True,True,True,True,False,True,True,2.842170943040401e-14,684.0,513.0,2.0,684.0,513.0,1.0,,-1.0|0.0|1.0,True,0.28339752554893494,1.0,0.006075737997889519,1.0,,True
permanent:validation:sentinel_4_671_rural_140.36368997879464_42.49318631195569:61ab905dff0d,permanent,validation,data/external/sen1floods11/permanent_splits/permanent_water_validation_data.csv,121,data/external/sen1floods11/permanent_sar/sentinel_4_671_rural_140.36368997879464_42.49318631195569.tif,data/external/sen1floods11/permanent_mask/water_4_671_rural_140.36368997879464_42.49318631195569.tif,False,True,True,True,True,True,False,True,True,2.842170943040401e-14,692.0,514.0,2.0,692.0,514.0,1.0,,-1.0|0.0|1.0,True,0.0,1.0,0.0,1.0,,True
permanent:validation:sentinel_4_673_rural_121.42642735603748_39.3911324003071:80d68ace7c27,permanent,validation,data/external/sen1floods11/permanent_splits/permanent_water_validation_data.csv,100,data/external/sen1floods11/permanent_sar/sentinel_4_673_rural_121.42642735603748_39.3911324003071.tif,data/external/sen1floods11/permanent_mask/water_4_673_rural_121.42642735603748_39.3911324003071.tif,False,True,True,True,True,True,True,True,True,0.0,660.0,514.0,2.0,660.0,514.0,1.0,,-1.0|0.0|1.0,True,0.0,1.0,0.0,0.992801308631897,,True
permanent:validation:sentinel_4_682_high_density_136.68017374887776_35.005405854695674:4836dd6995fa,permanent,validation,data/external/sen1floods11/permanent_splits/permanent_water_validation_data.csv,9,data/external/sen1floods11/permanent_sar/sentinel_4_682_high_density_136.68017374887776_35.005405854695674.tif,data/external/sen1floods11/permanent_mask/water_4_682_high_density_136.68017374887776_35.005405854695674.tif,False,True,True,True,True,True,False,True,True,7.105427357601002e-15,623.0,513.0,2.0,623.0,513.0,1.0,,-1.0|0.0|1.0,True,0.131557434797287,1.0,0.0,1.0,,True
permanent:validation:sentinel_4_682_low_density_133.22718412522192_34.423020502509324:d535abf2fe80,permanent,validation,data/external/sen1floods11/permanent_splits/permanent_water_validation_data.csv,163,data/external/sen1floods11/permanent_sar/sentinel_4_682_low_density_133.22718412522192_34.423020502509324.tif,data/external/sen1floods11/permanent_mask/water_4_682_low_density_133.22718412522192_34.423020502509324.tif,False,True,True,True,True,True,False,True,True,7.105427357601002e-15,619.0,514.0,2.0,619.0,514.0,1.0,,-1.0|0.0|1.0,True,0.3093743324279785,1.0,0.04688467085361481,1.0,,True
permanent:validation:sentinel_4_683_rural_138.53544071047762_35.10394306977472:e676cdedb767,permanent,validation,data/external/sen1floods11/permanent_splits/permanent_water_validation_data.csv,17,data/external/sen1floods11/permanent_sar/sentinel_4_683_rural_138.53544071047762_35.10394306977472.tif,data/external/sen1floods11/permanent_mask/water_4_683_rural_138.53544071047762_35.10394306977472.tif,False,True,True,True,True,True,False,True,True,2.842170943040401e-14,624.0,514.0,2.0,624.0,514.0,1.0,,-1.0|0.0|1.0,True,0.20556269586086273,1.0,0.038382258266210556,1.0,,True
permanent:validation:sentinel_4_683_rural_141.30718225249115_40.72629873323513:3e2cb6588660,permanent,validation,data/external/sen1floods11/permanent_splits/permanent_water_validation_data.csv,60,data/external/sen1floods11/permanent_sar/sentinel_4_683_rural_141.30718225249115_40.72629873323513.tif,data/external/sen1floods11/permanent_mask/water_4_683_rural_141.30718225249115_40.72629873323513.tif,False,True,True,True,True,True,False,True,True,2.842170943040401e-14,674.0,514.0,2.0,674.0,514.0,1.0,,-1.0|0.0|1.0,True,0.0,1.0,0.0377013124525547,1.0,,True
permanent:validation:sentinel_4_686_rural_6.944858149396658_46.981976060215416:a727fbe6f26d,permanent,validation,data/external/sen1floods11/permanent_splits/permanent_water_validation_data.csv,23,data/external/sen1floods11/permanent_sar/sentinel_4_686_rural_6.944858149396658_46.981976060215416.tif,data/external/sen1floods11/permanent_mask/water_4_686_rural_6.944858149396658_46.981976060215416.tif,False,True,True,True,True,True,False,True,True,2.042810365310288e-14,748.0,514.0,2.0,748.0,514.0,1.0,,-1.0|0.0|1.0|nan,False,0.0,1.0,0.0,1.0,,False
permanent:validation:sentinel_5_360_low_density_-131.57518974424448_55.31203611546081:6d65f4c09c1c,permanent,validation,data/external/sen1floods11/permanent_splits/permanent_water_validation_data.csv,8,data/external/sen1floods11/permanent_sar/sentinel_5_360_low_density_-131.57518974424448_55.31203611546081.tif,data/external/sen1floods11/permanent_mask/water_5_360_low_density_-131.57518974424448_55.31203611546081.tif,False,True,True,True,True,True,False,True,True,2.842170943040401e-14,897.0,514.0,2.0,897.0,514.0,1.0,,-1.0|0.0|1.0,True,0.19363951683044434,1.0,0.0,1.0,,True
permanent:validation:sentinel_6_369_inhabited_-162.56716385938196_54.955437345115705:af21ae40c0c4,permanent,validation,data/external/sen1floods11/permanent_splits/permanent_water_validation_data.csv,128,data/external/sen1floods11/permanent_sar/sentinel_6_369_inhabited_-162.56716385938196_54.955437345115705.tif,data/external/sen1floods11/permanent_mask/water_6_369_inhabited_-162.56716385938196_54.955437345115705.tif,False,True,True,True,True,True,False,True,True,2.842170943040401e-14,889.0,514.0,2.0,889.0,514.0,1.0,,-1.0|0.0|1.0|nan,False,0.3619040250778198,0.9540504217147827,0.05584784597158432,0.7948414087295532,,False
permanent:validation:sentinel_6_369_rural_-158.25694773100957_56.26665384628568:8d6118937b3c,permanent,validation,data/external/sen1floods11/permanent_splits/permanent_water_validation_data.csv,109,data/external/sen1floods11/permanent_sar/sentinel_6_369_rural_-158.25694773100957_56.26665384628568.tif,data/external/sen1floods11/permanent_mask/water_6_369_rural_-158.25694773100957_56.26665384628568.tif,False,True,True,True,True,True,True,True,True,0.0,919.0,513.0,2.0,919.0,513.0,1.0,,-1.0|0.0|1.0,True,0.22514650225639343,1.0,0.0,0.8496725559234619,,True
permanent:validation:sentinel_6_377_rural_-93.24181408212843_52.998239792535124:92f07156ab7f,permanent,validation,data/external/sen1floods11/permanent_splits/permanent_water_validation_data.csv,73,data/external/sen1floods11/permanent_sar/sentinel_6_377_rural_-93.24181408212843_52.998239792535124.tif,data/external/sen1floods11/permanent_mask/water_6_377_rural_-93.24181408212843_52.998239792535124.tif,False,True,True,True,True,True,False,True,True,1.4210854715202004e-14,847.0,514.0,2.0,847.0,514.0,1.0,,-1.0|0.0|1.0,True,0.23365916311740875,0.9382165670394897,0.04845476523041725,0.7809817790985107,,True
permanent:validation:sentinel_6_377_rural_-99.90340783710492_54.81749951312839:7ecb43d908e0,permanent,validation,data/external/sen1floods11/permanent_splits/permanent_water_validation_data.csv,66,data/external/sen1floods11/permanent_sar/sentinel_6_377_rural_-99.90340783710492_54.81749951312839.tif,data/external/sen1floods11/permanent_mask/water_6_377_rural_-99.90340783710492_54.81749951312839.tif,False,True,True,True,True,True,False,True,True,1.4210854715202004e-14,886.0,514.0,2.0,886.0,514.0,1.0,,-1.0|0.0|1.0,True,0.22159317135810852,1.0,0.022769425064325333,0.807680606842041,,True
permanent:validation:sentinel_6_383_rural_-139.01497689686622_61.344018178993934:cf298b70e4c7,permanent,validation,data/external/sen1floods11/permanent_splits/permanent_water_validation_data.csv,77,data/external/sen1floods11/permanent_sar/sentinel_6_383_rural_-139.01497689686622_61.344018178993934.tif,data/external/sen1floods11/permanent_mask/water_6_383_rural_-139.01497689686622_61.344018178993934.tif,False,True,True,True,True,True,False,True,True,2.842170943040401e-14,1064.0,513.0,2.0,1064.0,513.0,1.0,,-1.0|0.0|1.0,True,0.0,0.8882975578308105,0.0,0.7273878455162048,,True
permanent:validation:sentinel_6_713_inhabited_167.856843829649_54.698579747134055:da2c824449ff,permanent,validation,data/external/sen1floods11/permanent_splits/permanent_water_validation_data.csv,48,data/external/sen1floods11/permanent_sar/sentinel_6_713_inhabited_167.856843829649_54.698579747134055.tif,data/external/sen1floods11/permanent_mask/water_6_713_inhabited_167.856843829649_54.698579747134055.tif,False,True,True,True,True,True,True,True,True,0.0,883.0,514.0,2.0,883.0,514.0,1.0,,-1.0|0.0|1.0,True,0.2011028379201889,1.0,0.0,0.8488948345184326,,True
permanent:validation:sentinel_6_718_inhabited_108.55502704661747_53.60667967217676:7f5fd2733ac7,permanent,validation,data/external/sen1floods11/permanent_splits/permanent_water_validation_data.csv,157,data/external/sen1floods11/permanent_sar/sentinel_6_718_inhabited_108.55502704661747_53.60667967217676.tif,data/external/sen1floods11/permanent_mask/water_6_718_inhabited_108.55502704661747_53.60667967217676.tif,False,True,True,True,True,True,False,True,True,1.4210854715202004e-14,860.0,514.0,2.0,860.0,514.0,1.0,,-1.0|1.0,True,0.08395630121231079,0.9724112153053284,0.0,0.8098993301391602,,True
permanent:validation:sentinel_7_181_rural_130.87062948229476_-12.451495681419093:93b9c63cba6b,permanent,validation,data/external/sen1floods11/permanent_splits/permanent_water_validation_data.csv,78,data/external/sen1floods11/permanent_sar/sentinel_7_181_rural_130.87062948229476_-12.451495681419093.tif,data/external/sen1floods11/permanent_mask/water_7_181_rural_130.87062948229476_-12.451495681419093.tif,False,True,True,True,True,True,False,True,True,1.7763568394002505e-15,523.0,514.0,2.0,523.0,514.0,1.0,,-1.0|0.0|1.0,True,0.3472479581832886,1.0,0.056549105793237686,1.0,,True
permanent:validation:sentinel_7_183_rural_143.38954677164193_-12.602868784880423:218b0d44686a,permanent,validation,data/external/sen1floods11/permanent_splits/permanent_water_validation_data.csv,120,data/external/sen1floods11/permanent_sar/sentinel_7_183_rural_143.38954677164193_-12.602868784880423.tif,data/external/sen1floods11/permanent_mask/water_7_183_rural_143.38954677164193_-12.602868784880423.tif,False,True,True,True,True,True,False,True,True,3.552713678800501e-15,523.0,513.0,2.0,523.0,513.0,1.0,,-1.0|0.0|1.0,True,0.2909049093723297,1.0,0.0,0.8796386122703552,,True
permanent:validation:sentinel_7_184_inhabited_139.6247545068239_-17.07973043782217:214cce0e31aa,permanent,validation,data/external/sen1floods11/permanent_splits/permanent_water_validation_data.csv,50,data/external/sen1floods11/permanent_sar/sentinel_7_184_inhabited_139.6247545068239_-17.07973043782217.tif,data/external/sen1floods11/permanent_mask/water_7_184_inhabited_139.6247545068239_-17.07973043782217.tif,False,True,True,True,True,True,False,True,True,2.842170943040401e-14,534.0,514.0,2.0,534.0,514.0,1.0,,-1.0|0.0|1.0,True,0.0,0.9786080121994019,0.0,0.8102171421051025,,True
permanent:validation:sentinel_7_184_inhabited_139.98213361985339_-17.70654627290506:312039e643e4,permanent,validation,data/external/sen1floods11/permanent_splits/permanent_water_validation_data.csv,45,data/external/sen1floods11/permanent_sar/sentinel_7_184_inhabited_139.98213361985339_-17.70654627290506.tif,data/external/sen1floods11/permanent_mask/water_7_184_inhabited_139.98213361985339_-17.70654627290506.tif,False,True,True,True,True,True,True,True,True,0.0,536.0,514.0,2.0,536.0,514.0,1.0,,-1.0|0.0|1.0|nan,False,0.05524202063679695,0.9642359614372253,0.0,0.824682354927063,,False
permanent:validation:sentinel_7_384_rural_-95.03337832607873_29.150530366803324:f07ecab97c9d,permanent,validation,data/external/sen1floods11/permanent_splits/permanent_water_validation_data.csv,135,data/external/sen1floods11/permanent_sar/sentinel_7_384_rural_-95.03337832607873_29.150530366803324.tif,data/external/sen1floods11/permanent_mask/water_7_384_rural_-95.03337832607873_29.150530366803324.tif,False,True,True,True,True,True,False,True,True,1.4210854715202004e-14,584.0,514.0,2.0,584.0,514.0,1.0,,-1.0|0.0|1.0,True,0.03392200917005539,1.0,0.0,1.0,,True
permanent:validation:sentinel_7_42_inhabited_28.51850630169002_-16.753787987219493:999963eef4eb,permanent,validation,data/external/sen1floods11/permanent_splits/permanent_water_validation_data.csv,11,data/external/sen1floods11/permanent_sar/sentinel_7_42_inhabited_28.51850630169002_-16.753787987219493.tif,data/external/sen1floods11/permanent_mask/water_7_42_inhabited_28.51850630169002_-16.753787987219493.tif,False,True,True,True,True,True,False,True,True,1.7763568394002505e-14,534.0,514.0,2.0,534.0,514.0,1.0,,-1.0|0.0|1.0,True,0.0,0.9322789907455444,0.04054982587695122,0.7829447984695435,,True
permanent:validation:sentinel_7_43_low_density_13.93215356351896_8.860010838144287:bab4179afa3a,permanent,validation,data/external/sen1floods11/permanent_splits/permanent_water_validation_data.csv,160,data/external/sen1floods11/permanent_sar/sentinel_7_43_low_density_13.93215356351896_8.860010838144287.tif,data/external/sen1floods11/permanent_mask/water_7_43_low_density_13.93215356351896_8.860010838144287.tif,False,True,True,True,True,True,False,True,True,2.1316282072803006e-14,517.0,514.0,2.0,517.0,514.0,1.0,,-1.0|0.0|1.0,True,0.02910994552075863,0.9343762993812561,0.0,0.7188447117805481,,True
permanent:validation:sentinel_7_44_high_density_2.346254119493725_6.343807000200579:f8119dfc8379,permanent,validation,data/external/sen1floods11/permanent_splits/permanent_water_validation_data.csv,138,data/external/sen1floods11/permanent_sar/sentinel_7_44_high_density_2.346254119493725_6.343807000200579.tif,data/external/sen1floods11/permanent_mask/water_7_44_high_density_2.346254119493725_6.343807000200579.tif,False,True,True,True,True,True,False,True,True,6.217248937900877e-15,514.0,514.0,2.0,514.0,514.0,1.0,,-1.0|0.0|1.0,True,0.03385625034570694,1.0,0.0,1.0,,True
permanent:validation:sentinel_7_44_rural_-0.18912385297980006_6.633679782381936:7bd2c06685ee,permanent,validation,data/external/sen1floods11/permanent_splits/permanent_water_validation_data.csv,104,data/external/sen1floods11/permanent_sar/sentinel_7_44_rural_-0.18912385297980006_6.633679782381936.tif,data/external/sen1floods11/permanent_mask/water_7_44_rural_-0.18912385297980006_6.633679782381936.tif,False,True,True,True,True,True,False,True,True,6.13398221105399e-15,514.0,514.0,2.0,514.0,514.0,1.0,,-1.0|0.0|1.0,True,0.06057674437761307,0.8765610456466675,0.0,0.7856253981590271,,True
permanent:validation:sentinel_7_53_inhabited_14.937689769273108_10.788045869835324:c2b40f1f3465,permanent,validation,data/external/sen1floods11/permanent_splits/permanent_water_validation_data.csv,51,data/external/sen1floods11/permanent_sar/sentinel_7_53_inhabited_14.937689769273108_10.788045869835324.tif,data/external/sen1floods11/permanent_mask/water_7_53_inhabited_14.937689769273108_10.788045869835324.tif,False,True,True,True,True,True,False,True,True,2.1316282072803006e-14,520.0,514.0,2.0,520.0,514.0,1.0,,-1.0|0.0|1.0,True,0.05293480306863785,0.9755255579948425,0.0,0.832855224609375,,True
permanent:validation:sentinel_7_567_inhabited_-47.849199869493795_-18.44627992396436:cb02d85399c9,permanent,validation,data/external/sen1floods11/permanent_splits/permanent_water_validation_data.csv,3,data/external/sen1floods11/permanent_sar/sentinel_7_567_inhabited_-47.849199869493795_-18.44627992396436.tif,data/external/sen1floods11/permanent_mask/water_7_567_inhabited_-47.849199869493795_-18.44627992396436.tif,False,True,True,True,True,True,False,True,True,1.4210854715202004e-14,538.0,514.0,2.0,538.0,514.0,1.0,,-1.0|0.0|1.0,True,0.0,0.9310027956962585,0.0,0.8184180855751038,,True
permanent:validation:sentinel_7_569_inhabited_-62.87402493245228_-30.660841270908605:9c448b89ae29,permanent,validation,data/external/sen1floods11/permanent_splits/permanent_water_validation_data.csv,94,data/external/sen1floods11/permanent_sar/sentinel_7_569_inhabited_-62.87402493245228_-30.660841270908605.tif,data/external/sen1floods11/permanent_mask/water_7_569_inhabited_-62.87402493245228_-30.660841270908605.tif,False,True,True,True,True,True,False,True,True,7.105427357601002e-15,594.0,514.0,2.0,594.0,514.0,1.0,,-1.0|1.0,True,0.173422172665596,0.9062639474868774,0.0,0.7948573231697083,,True
permanent:validation:sentinel_7_573_inhabited_-83.27809992853837_14.260798229360026:c53ec99ccc29,permanent,validation,data/external/sen1floods11/permanent_splits/permanent_water_validation_data.csv,49,data/external/sen1floods11/permanent_sar/sentinel_7_573_inhabited_-83.27809992853837_14.260798229360026.tif,data/external/sen1floods11/permanent_mask/water_7_573_inhabited_-83.27809992853837_14.260798229360026.tif,False,True,True,True,True,True,False,True,True,1.4210854715202004e-14,527.0,513.0,2.0,527.0,513.0,1.0,,-1.0|0.0|1.0,True,0.30738627910614014,0.9508681297302246,0.03898084536194801,0.8436446189880371,,True
permanent:validation:sentinel_7_573_rural_-83.9845642266379_15.484103553261317:2f8e8a8afb07,permanent,validation,data/external/sen1floods11/permanent_splits/permanent_water_validation_data.csv,102,data/external/sen1floods11/permanent_sar/sentinel_7_573_rural_-83.9845642266379_15.484103553261317.tif,data/external/sen1floods11/permanent_mask/water_7_573_rural_-83.9845642266379_15.484103553261317.tif,False,True,True,True,True,True,False,True,True,1.4210854715202004e-14,529.0,514.0,2.0,529.0,514.0,1.0,,-1.0|0.0|1.0,True,0.16048195958137512,0.9794423580169678,0.0,0.8346309661865234,,True
permanent:validation:sentinel_7_58_inhabited_18.217322921274132_-2.6252556133067806:21b1a8a95f03,permanent,validation,data/external/sen1floods11/permanent_splits/permanent_water_validation_data.csv,33,data/external/sen1floods11/permanent_sar/sentinel_7_58_inhabited_18.217322921274132_-2.6252556133067806.tif,data/external/sen1floods11/permanent_mask/water_7_58_inhabited_18.217322921274132_-2.6252556133067806.tif,False,True,True,True,True,True,False,True,True,1.0658141036401503e-14,511.0,514.0,2.0,511.0,514.0,1.0,,-1.0|0.0|1.0,True,0.07355118542909622,0.9931671023368835,0.029627013951539993,0.8642712235450745,,True
permanent:validation:sentinel_7_640_rural_-157.1422304359618_21.19874031302279:464a6fac1da3,permanent,validation,data/external/sen1floods11/permanent_splits/permanent_water_validation_data.csv,61,data/external/sen1floods11/permanent_sar/sentinel_7_640_rural_-157.1422304359618_21.19874031302279.tif,data/external/sen1floods11/permanent_mask/water_7_640_rural_-157.1422304359618_21.19874031302279.tif,False,True,True,True,True,True,False,True,True,2.842170943040401e-14,548.0,514.0,2.0,548.0,514.0,1.0,,-1.0|0.0|1.0,True,0.32964837551116943,1.0,0.0,0.8648110628128052,,True
permanent:validation:sentinel_7_65_rural_28.374936625072216_-16.82420165195446:1765f00a2646,permanent,validation,data/external/sen1floods11/permanent_splits/permanent_water_validation_data.csv,69,data/external/sen1floods11/permanent_sar/sentinel_7_65_rural_28.374936625072216_-16.82420165195446.tif,data/external/sen1floods11/permanent_mask/water_7_65_rural_28.374936625072216_-16.82420165195446.tif,False,True,True,True,True,True,False,True,True,3.552713678800501e-15,533.0,514.0,2.0,533.0,514.0,1.0,,-1.0|0.0|1.0,True,0.17124620079994202,1.0,0.0,0.8033373355865479,,True
permanent:validation:sentinel_8_192_inhabited_147.05906588335205_-36.16927136155453:ea6d19b0667a,permanent,validation,data/external/sen1floods11/permanent_splits/permanent_water_validation_data.csv,83,data/external/sen1floods11/permanent_sar/sentinel_8_192_inhabited_147.05906588335205_-36.16927136155453.tif,data/external/sen1floods11/permanent_mask/water_8_192_inhabited_147.05906588335205_-36.16927136155453.tif,False,True,True,True,True,True,False,True,True,7.105427357601002e-15,633.0,513.0,2.0,633.0,513.0,1.0,,-1.0|0.0|1.0,True,0.019855834543704987,1.0,0.0,0.9329327940940857,,True
permanent:validation:sentinel_8_386_rural_-108.44629186742922_53.11984839646469:3d3afd7982fd,permanent,validation,data/external/sen1floods11/permanent_splits/permanent_water_validation_data.csv,140,data/external/sen1floods11/permanent_sar/sentinel_8_386_rural_-108.44629186742922_53.11984839646469.tif,data/external/sen1floods11/permanent_mask/water_8_386_rural_-108.44629186742922_53.11984839646469.tif,False,True,True,True,True,True,False,True,True,1.4210854715202004e-14,850.0,513.0,2.0,850.0,513.0,1.0,,-1.0|0.0|1.0,True,0.03477388992905617,1.0,0.0,0.8305924534797668,,True
permanent:validation:sentinel_8_387_high_density_-87.75402071115786_42.122055331277394:2f327b4c3e67,permanent,validation,data/external/sen1floods11/permanent_splits/permanent_water_validation_data.csv,40,data/external/sen1floods11/permanent_sar/sentinel_8_387_high_density_-87.75402071115786_42.122055331277394.tif,data/external/sen1floods11/permanent_mask/water_8_387_high_density_-87.75402071115786_42.122055331277394.tif,False,True,True,True,True,True,False,True,True,1.4210854715202004e-14,688.0,514.0,2.0,688.0,514.0,1.0,,-1.0|0.0|1.0,True,0.5201852321624756,1.0,0.03527272492647171,0.900633692741394,,True
permanent:validation:sentinel_8_387_rural_-89.36921413114122_43.10405640167146:8176e532f0e8,permanent,validation,data/external/sen1floods11/permanent_splits/permanent_water_validation_data.csv,70,data/external/sen1floods11/permanent_sar/sentinel_8_387_rural_-89.36921413114122_43.10405640167146.tif,data/external/sen1floods11/permanent_mask/water_8_387_rural_-89.36921413114122_43.10405640167146.tif,False,True,True,True,True,True,True,True,True,0.0,698.0,514.0,2.0,698.0,514.0,1.0,,-1.0|0.0|1.0,True,0.0,1.0,0.005469336174428463,1.0,,True
permanent:validation:sentinel_8_397_rural_-97.66063161665748_50.45629356420987:f8db0fb04489,permanent,validation,data/external/sen1floods11/permanent_splits/permanent_water_validation_data.csv,146,data/external/sen1floods11/permanent_sar/sentinel_8_397_rural_-97.66063161665748_50.45629356420987.tif,data/external/sen1floods11/permanent_mask/water_8_397_rural_-97.66063161665748_50.45629356420987.tif,False,True,True,True,True,True,True,True,True,0.0,801.0,514.0,2.0,801.0,514.0,1.0,,-1.0|0.0|1.0,True,0.3384277820587158,1.0,0.03956442326307297,0.7704561948776245,,True
permanent:validation:sentinel_8_397_rural_-99.73781020128311_51.328627503295486:f708432f9368,permanent,validation,data/external/sen1floods11/permanent_splits/permanent_water_validation_data.csv,124,data/external/sen1floods11/permanent_sar/sentinel_8_397_rural_-99.73781020128311_51.328627503295486.tif,data/external/sen1floods11/permanent_mask/water_8_397_rural_-99.73781020128311_51.328627503295486.tif,False,True,True,True,True,True,False,True,True,7.105427357601002e-15,817.0,514.0,2.0,817.0,514.0,1.0,,-1.0|0.0|1.0,True,0.32723528146743774,0.96455317735672,0.0,0.7981480360031128,,True
permanent:validation:sentinel_8_576_inhabited_-59.97524806052712_-32.793455399830684:af09831a6722,permanent,validation,data/external/sen1floods11/permanent_splits/permanent_water_validation_data.csv,112,data/external/sen1floods11/permanent_sar/sentinel_8_576_inhabited_-59.97524806052712_-32.793455399830684.tif,data/external/sen1floods11/permanent_mask/water_8_576_inhabited_-59.97524806052712_-32.793455399830684.tif,False,True,True,True,True,True,False,True,True,1.4210854715202004e-14,608.0,514.0,2.0,608.0,514.0,1.0,,-1.0|0.0|1.0|nan,False,0.06149652600288391,0.9928768873214722,0.0,0.8422821164131165,,False
permanent:validation:sentinel_8_578_rural_-69.50861437144911_-53.3531663999852:dab5b1f4404a,permanent,validation,data/external/sen1floods11/permanent_splits/permanent_water_validation_data.csv,91,data/external/sen1floods11/permanent_sar/sentinel_8_578_rural_-69.50861437144911_-53.3531663999852.tif,data/external/sen1floods11/permanent_mask/water_8_578_rural_-69.50861437144911_-53.3531663999852.tif,False,True,True,True,True,True,False,True,True,7.105427357601002e-15,855.0,514.0,2.0,855.0,514.0,1.0,,-1.0|0.0|1.0,True,0.0,0.8355913758277893,0.0,0.726222574710846,,True
permanent:validation:sentinel_8_733_inhabited_70.27842465911391_53.06437717935982:f57c04e23e0b,permanent,validation,data/external/sen1floods11/permanent_splits/permanent_water_validation_data.csv,38,data/external/sen1floods11/permanent_sar/sentinel_8_733_inhabited_70.27842465911391_53.06437717935982.tif,data/external/sen1floods11/permanent_mask/water_8_733_inhabited_70.27842465911391_53.06437717935982.tif,False,True,True,True,True,True,False,True,True,1.4210854715202004e-14,849.0,514.0,2.0,849.0,514.0,1.0,,-1.0|0.0|1.0,True,0.3932473063468933,1.0,0.018966475501656532,1.0,,True
permanent:validation:sentinel_8_735_high_density_45.985045919494425_51.456510062407254:09fad1f299ce,permanent,validation,data/external/sen1floods11/permanent_splits/permanent_water_validation_data.csv,54,data/external/sen1floods11/permanent_sar/sentinel_8_735_high_density_45.985045919494425_51.456510062407254.tif,data/external/sen1floods11/permanent_mask/water_8_735_high_density_45.985045919494425_51.456510062407254.tif,False,True,True,True,True,True,False,True,True,7.105427357601002e-15,818.0,514.0,2.0,818.0,514.0,1.0,,-1.0|0.0|1.0,True,0.2323043942451477,1.0,0.0,1.0,,True
permanent:validation:sentinel_8_735_low_density_28.649238226374944_44.01670953248233:8d6ad638b996,permanent,validation,data/external/sen1floods11/permanent_splits/permanent_water_validation_data.csv,143,data/external/sen1floods11/permanent_sar/sentinel_8_735_low_density_28.649238226374944_44.01670953248233.tif,data/external/sen1floods11/permanent_mask/water_8_735_low_density_28.649238226374944_44.01670953248233.tif,False,True,True,True,True,True,False,True,True,1.4210854715202004e-14,709.0,514.0,2.0,709.0,514.0,1.0,,-1.0|0.0|1.0,True,0.05048710107803345,1.0,0.0,1.0,,True
permanent:validation:sentinel_8_735_low_density_34.404684678977546_47.467879842908346:ccfb671c1bc0,permanent,validation,data/external/sen1floods11/permanent_splits/permanent_water_validation_data.csv,105,data/external/sen1floods11/permanent_sar/sentinel_8_735_low_density_34.404684678977546_47.467879842908346.tif,data/external/sen1floods11/permanent_mask/water_8_735_low_density_34.404684678977546_47.467879842908346.tif,False,True,True,True,True,True,False,True,True,7.105427357601002e-15,755.0,514.0,2.0,755.0,514.0,1.0,,-1.0|0.0|1.0,True,0.09404794871807098,1.0,0.0563226081430912,1.0,,True
permanent:validation:sentinel_8_735_low_density_44.67730305804507_48.854981325805866:ccf58c99f80d,permanent,validation,data/external/sen1floods11/permanent_splits/permanent_water_validation_data.csv,90,data/external/sen1floods11/permanent_sar/sentinel_8_735_low_density_44.67730305804507_48.854981325805866.tif,data/external/sen1floods11/permanent_mask/water_8_735_low_density_44.67730305804507_48.854981325805866.tif,False,True,True,True,True,True,False,True,True,7.105427357601002e-15,776.0,514.0,2.0,776.0,514.0,1.0,,-1.0|0.0|1.0,True,0.25316616892814636,1.0,0.0,0.997890293598175,,True
permanent:validation:sentinel_8_735_low_density_45.983561038843604_51.38746088259465:f7efe89b8a74,permanent,validation,data/external/sen1floods11/permanent_splits/permanent_water_validation_data.csv,82,data/external/sen1floods11/permanent_sar/sentinel_8_735_low_density_45.983561038843604_51.38746088259465.tif,data/external/sen1floods11/permanent_mask/water_8_735_low_density_45.983561038843604_51.38746088259465.tif,False,True,True,True,True,True,True,True,True,0.0,817.0,514.0,2.0,817.0,514.0,1.0,,-1.0|0.0|1.0,True,0.1072830930352211,1.0,0.0,0.8833028674125671,,True
permanent:validation:sentinel_8_738_rural_103.3508102071408_53.49126921871147:24cb1f1baf4f,permanent,validation,data/external/sen1floods11/permanent_splits/permanent_water_validation_data.csv,27,data/external/sen1floods11/permanent_sar/sentinel_8_738_rural_103.3508102071408_53.49126921871147.tif,data/external/sen1floods11/permanent_mask/water_8_738_rural_103.3508102071408_53.49126921871147.tif,False,True,True,True,True,True,False,True,True,2.842170943040401e-14,857.0,514.0,2.0,857.0,514.0,1.0,,-1.0|0.0|1.0,True,0.04567423835396767,1.0,0.0,0.8485148549079895,,True
permanent:validation:sentinel_8_739_rural_38.15099396992905_35.97494819674641:c8c183909481,permanent,validation,data/external/sen1floods11/permanent_splits/permanent_water_validation_data.csv,152,data/external/sen1floods11/permanent_sar/sentinel_8_739_rural_38.15099396992905_35.97494819674641.tif,data/external/sen1floods11/permanent_mask/water_8_739_rural_38.15099396992905_35.97494819674641.tif,False,True,True,True,True,True,False,True,True,1.4210854715202004e-14,631.0,514.0,2.0,631.0,514.0,1.0,,-1.0|0.0|1.0,True,0.03412426635622978,1.0,0.0,1.0,,True
permanent:validation:sentinel_9_748_inhabited_119.64066886165875_34.518989275381585:f7446b4867f8,permanent,validation,data/external/sen1floods11/permanent_splits/permanent_water_validation_data.csv,26,data/external/sen1floods11/permanent_sar/sentinel_9_748_inhabited_119.64066886165875_34.518989275381585.tif,data/external/sen1floods11/permanent_mask/water_9_748_inhabited_119.64066886165875_34.518989275381585.tif,False,True,True,True,True,True,False,True,True,1.4210854715202004e-14,619.0,514.0,2.0,619.0,514.0,1.0,,-1.0|0.0|1.0,True,0.32947811484336853,1.0,0.04000380262732506,1.0,,True
