bbox,candidate_id,class_name,component_index,crop_box,crop_path,group,hard_negative_weight,height,label,scene_id,source_image_path,source_manifest,source_row_label,split_role,standard_deviation,unique_values,v07_decision,v07_probability,width
,OIL::oc-0001::oc-0001__obj_001,CONFIRMED_OIL,,,data/external/dartis/processed/verifier_positive/oc/oc-0001__obj_001.png,oc,1.0,224.0,1,oc-0001,,data/metadata/dartis_positive_verifier_crops.csv,1,train,20.973801823510744,166.0,,,224.0
,OIL::oc-0001::oc-0001__obj_002,CONFIRMED_OIL,,,data/external/dartis/processed/verifier_positive/oc/oc-0001__obj_002.png,oc,1.0,224.0,1,oc-0001,,data/metadata/dartis_positive_verifier_crops.csv,1,train,21.563998341740724,182.0,,,224.0
,OIL::oc-0001::oc-0001__obj_003,CONFIRMED_OIL,,,data/external/dartis/processed/verifier_positive/oc/oc-0001__obj_003.png,oc,1.0,224.0,1,oc-0001,,data/metadata/dartis_positive_verifier_crops.csv,1,train,25.919386300645478,194.0,,,224.0
,OIL::oc-0001::oc-0001__obj_004,CONFIRMED_OIL,,,data/external/dartis/processed/verifier_positive/oc/oc-0001__obj_004.png,oc,1.0,224.0,1,oc-0001,,data/metadata/dartis_positive_verifier_crops.csv,1,train,30.63654143057267,181.0,,,224.0
,OIL::oc-0001::oc-0001__obj_005,CONFIRMED_OIL,,,data/external/dartis/processed/verifier_positive/oc/oc-0001__obj_005.png,oc,1.0,224.0,1,oc-0001,,data/metadata/dartis_positive_verifier_crops.csv,1,train,25.769872049890896,160.0,,,224.0
,OIL::oc-0002::oc-0002__obj_001,CONFIRMED_OIL,,,data/external/dartis/processed/verifier_positive/oc/oc-0002__obj_001.png,oc,1.0,224.0,1,oc-0002,,data/metadata/dartis_positive_verifier_crops.csv,1,train,26.769305340959708,169.0,,,224.0
,OIL::oc-0002::oc-0002__obj_002,CONFIRMED_OIL,,,data/external/dartis/processed/verifier_positive/oc/oc-0002__obj_002.png,oc,1.0,224.0,1,oc-0002,,data/metadata/dartis_positive_verifier_crops.csv,1,train,24.015183657053512,170.0,,,224.0
,OIL::oc-0003::oc-0003__obj_001,CONFIRMED_OIL,,,data/external/dartis/processed/verifier_positive/oc/oc-0003__obj_001.png,oc,1.0,224.0,1,oc-0003,,data/metadata/dartis_positive_verifier_crops.csv,1,train,33.825906434956615,184.0,,,224.0
,OIL::oc-0004::oc-0004__obj_001,CONFIRMED_OIL,,,data/external/dartis/processed/verifier_positive/oc/oc-0004__obj_001.png,oc,1.0,224.0,1,oc-0004,,data/metadata/dartis_positive_verifier_crops.csv,1,train,10.881765387375411,86.0,,,224.0
,OIL::oc-0004::oc-0004__obj_002,CONFIRMED_OIL,,,data/external/dartis/processed/verifier_positive/oc/oc-0004__obj_002.png,oc,1.0,224.0,1,oc-0004,,data/metadata/dartis_positive_verifier_crops.csv,1,train,10.71789388115912,82.0,,,224.0
,OIL::oc-0005::oc-0005__obj_001,CONFIRMED_OIL,,,data/external/dartis/processed/verifier_positive/oc/oc-0005__obj_001.png,oc,1.0,224.0,1,oc-0005,,data/metadata/dartis_positive_verifier_crops.csv,1,train,29.66135256188499,220.0,,,224.0
,OIL::oc-0006::oc-0006__obj_001,CONFIRMED_OIL,,,data/external/dartis/processed/verifier_positive/oc/oc-0006__obj_001.png,oc,1.0,224.0,1,oc-0006,,data/metadata/dartis_positive_verifier_crops.csv,1,train,9.416444414926406,82.0,,,224.0
,OIL::oc-0006::oc-0006__obj_002,CONFIRMED_OIL,,,data/external/dartis/processed/verifier_positive/oc/oc-0006__obj_002.png,oc,1.0,224.0,1,oc-0006,,data/metadata/dartis_positive_verifier_crops.csv,1,train,13.975188501801416,108.0,,,224.0
,OIL::oc-0007::oc-0007__obj_001,CONFIRMED_OIL,,,data/external/dartis/processed/verifier_positive/oc/oc-0007__obj_001.png,oc,1.0,224.0,1,oc-0007,,data/metadata/dartis_positive_verifier_crops.csv,1,calibration,15.436392170097797,96.0,,,224.0
,OIL::oc-0007::oc-0007__obj_002,CONFIRMED_OIL,,,data/external/dartis/processed/verifier_positive/oc/oc-0007__obj_002.png,oc,1.0,224.0,1,oc-0007,,data/metadata/dartis_positive_verifier_crops.csv,1,calibration,16.925187221012866,100.0,,,224.0
,OIL::oc-0007::oc-0007__obj_003,CONFIRMED_OIL,,,data/external/dartis/processed/verifier_positive/oc/oc-0007__obj_003.png,oc,1.0,224.0,1,oc-0007,,data/metadata/dartis_positive_verifier_crops.csv,1,calibration,13.21498718418284,99.0,,,224.0
,OIL::oc-0007::oc-0007__obj_004,CONFIRMED_OIL,,,data/external/dartis/processed/verifier_positive/oc/oc-0007__obj_004.png,oc,1.0,224.0,1,oc-0007,,data/metadata/dartis_positive_verifier_crops.csv,1,calibration,9.922013887110378,84.0,,,224.0
,OIL::oc-0007::oc-0007__obj_005,CONFIRMED_OIL,,,data/external/dartis/processed/verifier_positive/oc/oc-0007__obj_005.png,oc,1.0,224.0,1,oc-0007,,data/metadata/dartis_positive_verifier_crops.csv,1,calibration,11.289712483074272,88.0,,,224.0
,OIL::oc-0007::oc-0007__obj_006,CONFIRMED_OIL,,,data/external/dartis/processed/verifier_positive/oc/oc-0007__obj_006.png,oc,1.0,224.0,1,oc-0007,,data/metadata/dartis_positive_verifier_crops.csv,1,calibration,13.853144974487108,96.0,,,224.0
,OIL::oc-0007::oc-0007__obj_007,CONFIRMED_OIL,,,data/external/dartis/processed/verifier_positive/oc/oc-0007__obj_007.png,oc,1.0,224.0,1,oc-0007,,data/metadata/dartis_positive_verifier_crops.csv,1,calibration,11.805332205433247,88.0,,,224.0
,OIL::oc-0008::oc-0008__obj_001,CONFIRMED_OIL,,,data/external/dartis/processed/verifier_positive/oc/oc-0008__obj_001.png,oc,1.0,224.0,1,oc-0008,,data/metadata/dartis_positive_verifier_crops.csv,1,train,12.70651772326147,182.0,,,224.0
,OIL::oc-0008::oc-0008__obj_002,CONFIRMED_OIL,,,data/external/dartis/processed/verifier_positive/oc/oc-0008__obj_002.png,oc,1.0,224.0,1,oc-0008,,data/metadata/dartis_positive_verifier_crops.csv,1,train,9.493031660597158,84.0,,,224.0
,OIL::oc-0008::oc-0008__obj_003,CONFIRMED_OIL,,,data/external/dartis/processed/verifier_positive/oc/oc-0008__obj_003.png,oc,1.0,224.0,1,oc-0008,,data/metadata/dartis_positive_verifier_crops.csv,1,train,10.561216807576526,88.0,,,224.0
,OIL::oc-0008::oc-0008__obj_004,CONFIRMED_OIL,,,data/external/dartis/processed/verifier_positive/oc/oc-0008__obj_004.png,oc,1.0,224.0,1,oc-0008,,data/metadata/dartis_positive_verifier_crops.csv,1,train,11.23956487692884,131.0,,,224.0
,OIL::oc-0008::oc-0008__obj_005,CONFIRMED_OIL,,,data/external/dartis/processed/verifier_positive/oc/oc-0008__obj_005.png,oc,1.0,224.0,1,oc-0008,,data/metadata/dartis_positive_verifier_crops.csv,1,train,8.52914387314657,76.0,,,224.0
,OIL::oc-0009::oc-0009__obj_001,CONFIRMED_OIL,,,data/external/dartis/processed/verifier_positive/oc/oc-0009__obj_001.png,oc,1.0,224.0,1,oc-0009,,data/metadata/dartis_positive_verifier_crops.csv,1,train,32.66255529855698,169.0,,,224.0
,OIL::oc-0010::oc-0010__obj_001,CONFIRMED_OIL,,,data/external/dartis/processed/verifier_positive/oc/oc-0010__obj_001.png,oc,1.0,224.0,1,oc-0010,,data/metadata/dartis_positive_verifier_crops.csv,1,train,20.5465082960498,172.0,,,224.0
,OIL::oc-0011::oc-0011__obj_001,CONFIRMED_OIL,,,data/external/dartis/processed/verifier_positive/oc/oc-0011__obj_001.png,oc,1.0,224.0,1,oc-0011,,data/metadata/dartis_positive_verifier_crops.csv,1,train,26.49881326289793,200.0,,,224.0
,OIL::oc-0011::oc-0011__obj_002,CONFIRMED_OIL,,,data/external/dartis/processed/verifier_positive/oc/oc-0011__obj_002.png,oc,1.0,224.0,1,oc-0011,,data/metadata/dartis_positive_verifier_crops.csv,1,train,14.608226071343816,109.0,,,224.0
,OIL::oc-0011::oc-0011__obj_003,CONFIRMED_OIL,,,data/external/dartis/processed/verifier_positive/oc/oc-0011__obj_003.png,oc,1.0,224.0,1,oc-0011,,data/metadata/dartis_positive_verifier_crops.csv,1,train,13.160612552897796,106.0,,,224.0
,OIL::oc-0011::oc-0011__obj_004,CONFIRMED_OIL,,,data/external/dartis/processed/verifier_positive/oc/oc-0011__obj_004.png,oc,1.0,224.0,1,oc-0011,,data/metadata/dartis_positive_verifier_crops.csv,1,train,12.503163409023331,100.0,,,224.0
,OIL::oc-0011::oc-0011__obj_005,CONFIRMED_OIL,,,data/external/dartis/processed/verifier_positive/oc/oc-0011__obj_005.png,oc,1.0,224.0,1,oc-0011,,data/metadata/dartis_positive_verifier_crops.csv,1,train,15.627502191230882,109.0,,,224.0
,OIL::oc-0011::oc-0011__obj_006,CONFIRMED_OIL,,,data/external/dartis/processed/verifier_positive/oc/oc-0011__obj_006.png,oc,1.0,224.0,1,oc-0011,,data/metadata/dartis_positive_verifier_crops.csv,1,train,13.225894781606009,100.0,,,224.0
,OIL::oc-0011::oc-0011__obj_007,CONFIRMED_OIL,,,data/external/dartis/processed/verifier_positive/oc/oc-0011__obj_007.png,oc,1.0,224.0,1,oc-0011,,data/metadata/dartis_positive_verifier_crops.csv,1,train,12.22908576387946,95.0,,,224.0
,OIL::oc-0012::oc-0012__obj_001,CONFIRMED_OIL,,,data/external/dartis/processed/verifier_positive/oc/oc-0012__obj_001.png,oc,1.0,224.0,1,oc-0012,,data/metadata/dartis_positive_verifier_crops.csv,1,train,34.07289559613436,223.0,,,224.0
,OIL::oc-0012::oc-0012__obj_002,CONFIRMED_OIL,,,data/external/dartis/processed/verifier_positive/oc/oc-0012__obj_002.png,oc,1.0,224.0,1,oc-0012,,data/metadata/dartis_positive_verifier_crops.csv,1,train,22.486539724778996,146.0,,,224.0
,OIL::oc-0012::oc-0012__obj_003,CONFIRMED_OIL,,,data/external/dartis/processed/verifier_positive/oc/oc-0012__obj_003.png,oc,1.0,224.0,1,oc-0012,,data/metadata/dartis_positive_verifier_crops.csv,1,train,20.309016034046305,194.0,,,224.0
,OIL::oc-0012::oc-0012__obj_004,CONFIRMED_OIL,,,data/external/dartis/processed/verifier_positive/oc/oc-0012__obj_004.png,oc,1.0,224.0,1,oc-0012,,data/metadata/dartis_positive_verifier_crops.csv,1,train,33.29606888557791,217.0,,,224.0
,OIL::oc-0013::oc-0013__obj_001,CONFIRMED_OIL,,,data/external/dartis/processed/verifier_positive/oc/oc-0013__obj_001.png,oc,1.0,224.0,1,oc-0013,,data/metadata/dartis_positive_verifier_crops.csv,1,train,24.302102489367943,174.0,,,224.0
,OIL::oc-0013::oc-0013__obj_002,CONFIRMED_OIL,,,data/external/dartis/processed/verifier_positive/oc/oc-0013__obj_002.png,oc,1.0,224.0,1,oc-0013,,data/metadata/dartis_positive_verifier_crops.csv,1,train,33.84106458961341,175.0,,,224.0
,OIL::oc-0013::oc-0013__obj_003,CONFIRMED_OIL,,,data/external/dartis/processed/verifier_positive/oc/oc-0013__obj_003.png,oc,1.0,224.0,1,oc-0013,,data/metadata/dartis_positive_verifier_crops.csv,1,train,29.808510771094337,161.0,,,224.0
,OIL::oc-0014::oc-0014__obj_001,CONFIRMED_OIL,,,data/external/dartis/processed/verifier_positive/oc/oc-0014__obj_001.png,oc,1.0,224.0,1,oc-0014,,data/metadata/dartis_positive_verifier_crops.csv,1,calibration,11.694583415536814,158.0,,,224.0
,OIL::oc-0015::oc-0015__obj_001,CONFIRMED_OIL,,,data/external/dartis/processed/verifier_positive/oc/oc-0015__obj_001.png,oc,1.0,224.0,1,oc-0015,,data/metadata/dartis_positive_verifier_crops.csv,1,train,32.93554970489333,207.0,,,224.0
,OIL::oc-0015::oc-0015__obj_002,CONFIRMED_OIL,,,data/external/dartis/processed/verifier_positive/oc/oc-0015__obj_002.png,oc,1.0,224.0,1,oc-0015,,data/metadata/dartis_positive_verifier_crops.csv,1,train,27.080164011962527,206.0,,,224.0
,OIL::oc-0015::oc-0015__obj_003,CONFIRMED_OIL,,,data/external/dartis/processed/verifier_positive/oc/oc-0015__obj_003.png,oc,1.0,224.0,1,oc-0015,,data/metadata/dartis_positive_verifier_crops.csv,1,train,26.88677494670625,196.0,,,224.0
,OIL::oc-0015::oc-0015__obj_004,CONFIRMED_OIL,,,data/external/dartis/processed/verifier_positive/oc/oc-0015__obj_004.png,oc,1.0,224.0,1,oc-0015,,data/metadata/dartis_positive_verifier_crops.csv,1,train,23.249460639254337,187.0,,,224.0
,OIL::oc-0015::oc-0015__obj_005,CONFIRMED_OIL,,,data/external/dartis/processed/verifier_positive/oc/oc-0015__obj_005.png,oc,1.0,224.0,1,oc-0015,,data/metadata/dartis_positive_verifier_crops.csv,1,train,31.522223839118386,207.0,,,224.0
,OIL::oc-0015::oc-0015__obj_006,CONFIRMED_OIL,,,data/external/dartis/processed/verifier_positive/oc/oc-0015__obj_006.png,oc,1.0,224.0,1,oc-0015,,data/metadata/dartis_positive_verifier_crops.csv,1,train,33.82929977367536,229.0,,,224.0
,OIL::oc-0016::oc-0016__obj_001,CONFIRMED_OIL,,,data/external/dartis/processed/verifier_positive/oc/oc-0016__obj_001.png,oc,1.0,224.0,1,oc-0016,,data/metadata/dartis_positive_verifier_crops.csv,1,train,23.56068132446069,151.0,,,224.0
,OIL::oc-0016::oc-0016__obj_002,CONFIRMED_OIL,,,data/external/dartis/processed/verifier_positive/oc/oc-0016__obj_002.png,oc,1.0,224.0,1,oc-0016,,data/metadata/dartis_positive_verifier_crops.csv,1,train,9.26047937262045,81.0,,,224.0
,OIL::oc-0016::oc-0016__obj_003,CONFIRMED_OIL,,,data/external/dartis/processed/verifier_positive/oc/oc-0016__obj_003.png,oc,1.0,224.0,1,oc-0016,,data/metadata/dartis_positive_verifier_crops.csv,1,train,11.596615722165158,87.0,,,224.0
,OIL::oc-0016::oc-0016__obj_004,CONFIRMED_OIL,,,data/external/dartis/processed/verifier_positive/oc/oc-0016__obj_004.png,oc,1.0,224.0,1,oc-0016,,data/metadata/dartis_positive_verifier_crops.csv,1,train,20.515182968232807,186.0,,,224.0
,OIL::oc-0016::oc-0016__obj_005,CONFIRMED_OIL,,,data/external/dartis/processed/verifier_positive/oc/oc-0016__obj_005.png,oc,1.0,224.0,1,oc-0016,,data/metadata/dartis_positive_verifier_crops.csv,1,train,21.64492842292733,171.0,,,224.0
,OIL::oc-0016::oc-0016__obj_006,CONFIRMED_OIL,,,data/external/dartis/processed/verifier_positive/oc/oc-0016__obj_006.png,oc,1.0,224.0,1,oc-0016,,data/metadata/dartis_positive_verifier_crops.csv,1,train,21.33798417695585,196.0,,,224.0
,OIL::oc-0017::oc-0017__obj_001,CONFIRMED_OIL,,,data/external/dartis/processed/verifier_positive/oc/oc-0017__obj_001.png,oc,1.0,224.0,1,oc-0017,,data/metadata/dartis_positive_verifier_crops.csv,1,train,20.434173115085237,141.0,,,224.0
,OIL::oc-0017::oc-0017__obj_002,CONFIRMED_OIL,,,data/external/dartis/processed/verifier_positive/oc/oc-0017__obj_002.png,oc,1.0,224.0,1,oc-0017,,data/metadata/dartis_positive_verifier_crops.csv,1,train,27.02070495841248,183.0,,,224.0
,OIL::oc-0017::oc-0017__obj_003,CONFIRMED_OIL,,,data/external/dartis/processed/verifier_positive/oc/oc-0017__obj_003.png,oc,1.0,224.0,1,oc-0017,,data/metadata/dartis_positive_verifier_crops.csv,1,train,21.99782324751588,123.0,,,224.0
,OIL::oc-0017::oc-0017__obj_004,CONFIRMED_OIL,,,data/external/dartis/processed/verifier_positive/oc/oc-0017__obj_004.png,oc,1.0,224.0,1,oc-0017,,data/metadata/dartis_positive_verifier_crops.csv,1,train,26.36499736922065,186.0,,,224.0
,OIL::oc-0018::oc-0018__obj_001,CONFIRMED_OIL,,,data/external/dartis/processed/verifier_positive/oc/oc-0018__obj_001.png,oc,1.0,224.0,1,oc-0018,,data/metadata/dartis_positive_verifier_crops.csv,1,train,31.2261934137926,179.0,,,224.0
,OIL::oc-0018::oc-0018__obj_002,CONFIRMED_OIL,,,data/external/dartis/processed/verifier_positive/oc/oc-0018__obj_002.png,oc,1.0,224.0,1,oc-0018,,data/metadata/dartis_positive_verifier_crops.csv,1,train,22.723461369689552,164.0,,,224.0
,OIL::oc-0018::oc-0018__obj_003,CONFIRMED_OIL,,,data/external/dartis/processed/verifier_positive/oc/oc-0018__obj_003.png,oc,1.0,224.0,1,oc-0018,,data/metadata/dartis_positive_verifier_crops.csv,1,train,30.291481837861376,203.0,,,224.0
,OIL::oc-0018::oc-0018__obj_004,CONFIRMED_OIL,,,data/external/dartis/processed/verifier_positive/oc/oc-0018__obj_004.png,oc,1.0,224.0,1,oc-0018,,data/metadata/dartis_positive_verifier_crops.csv,1,train,12.94152491242478,104.0,,,224.0
,OIL::oc-0019::oc-0019__obj_001,CONFIRMED_OIL,,,data/external/dartis/processed/verifier_positive/oc/oc-0019__obj_001.png,oc,1.0,224.0,1,oc-0019,,data/metadata/dartis_positive_verifier_crops.csv,1,calibration,19.93367435664364,164.0,,,224.0
,OIL::oc-0019::oc-0019__obj_002,CONFIRMED_OIL,,,data/external/dartis/processed/verifier_positive/oc/oc-0019__obj_002.png,oc,1.0,224.0,1,oc-0019,,data/metadata/dartis_positive_verifier_crops.csv,1,calibration,22.01172933208285,170.0,,,224.0
,OIL::oc-0020::oc-0020__obj_001,CONFIRMED_OIL,,,data/external/dartis/processed/verifier_positive/oc/oc-0020__obj_001.png,oc,1.0,224.0,1,oc-0020,,data/metadata/dartis_positive_verifier_crops.csv,1,train,11.199488302801951,146.0,,,224.0
,OIL::oc-0021::oc-0021__obj_001,CONFIRMED_OIL,,,data/external/dartis/processed/verifier_positive/oc/oc-0021__obj_001.png,oc,1.0,224.0,1,oc-0021,,data/metadata/dartis_positive_verifier_crops.csv,1,train,21.82081409718148,229.0,,,224.0
,OIL::oc-0021::oc-0021__obj_002,CONFIRMED_OIL,,,data/external/dartis/processed/verifier_positive/oc/oc-0021__obj_002.png,oc,1.0,224.0,1,oc-0021,,data/metadata/dartis_positive_verifier_crops.csv,1,train,22.288252538845736,246.0,,,224.0
,OIL::oc-0021::oc-0021__obj_003,CONFIRMED_OIL,,,data/external/dartis/processed/verifier_positive/oc/oc-0021__obj_003.png,oc,1.0,224.0,1,oc-0021,,data/metadata/dartis_positive_verifier_crops.csv,1,train,12.25152605076952,123.0,,,224.0
,OIL::oc-0021::oc-0021__obj_004,CONFIRMED_OIL,,,data/external/dartis/processed/verifier_positive/oc/oc-0021__obj_004.png,oc,1.0,224.0,1,oc-0021,,data/metadata/dartis_positive_verifier_crops.csv,1,train,12.134396496361797,105.0,,,224.0
,OIL::oc-0022::oc-0022__obj_001,CONFIRMED_OIL,,,data/external/dartis/processed/verifier_positive/oc/oc-0022__obj_001.png,oc,1.0,224.0,1,oc-0022,,data/metadata/dartis_positive_verifier_crops.csv,1,train,25.27215570880719,169.0,,,224.0
,OIL::oc-0022::oc-0022__obj_002,CONFIRMED_OIL,,,data/external/dartis/processed/verifier_positive/oc/oc-0022__obj_002.png,oc,1.0,224.0,1,oc-0022,,data/metadata/dartis_positive_verifier_crops.csv,1,train,18.112959343519258,145.0,,,224.0
,OIL::oc-0023::oc-0023__obj_001,CONFIRMED_OIL,,,data/external/dartis/processed/verifier_positive/oc/oc-0023__obj_001.png,oc,1.0,224.0,1,oc-0023,,data/metadata/dartis_positive_verifier_crops.csv,1,calibration,12.01960204089589,101.0,,,224.0
,OIL::oc-0024::oc-0024__obj_001,CONFIRMED_OIL,,,data/external/dartis/processed/verifier_positive/oc/oc-0024__obj_001.png,oc,1.0,224.0,1,oc-0024,,data/metadata/dartis_positive_verifier_crops.csv,1,train,11.494990175803816,103.0,,,224.0
,OIL::oc-0025::oc-0025__obj_001,CONFIRMED_OIL,,,data/external/dartis/processed/verifier_positive/oc/oc-0025__obj_001.png,oc,1.0,224.0,1,oc-0025,,data/metadata/dartis_positive_verifier_crops.csv,1,calibration,18.777504985069804,141.0,,,224.0
,OIL::oc-0025::oc-0025__obj_002,CONFIRMED_OIL,,,data/external/dartis/processed/verifier_positive/oc/oc-0025__obj_002.png,oc,1.0,224.0,1,oc-0025,,data/metadata/dartis_positive_verifier_crops.csv,1,calibration,22.736514819998877,115.0,,,224.0
,OIL::oc-0026::oc-0026__obj_001,CONFIRMED_OIL,,,data/external/dartis/processed/verifier_positive/oc/oc-0026__obj_001.png,oc,1.0,224.0,1,oc-0026,,data/metadata/dartis_positive_verifier_crops.csv,1,train,30.678523575088164,228.0,,,224.0
,OIL::oc-0026::oc-0026__obj_002,CONFIRMED_OIL,,,data/external/dartis/processed/verifier_positive/oc/oc-0026__obj_002.png,oc,1.0,224.0,1,oc-0026,,data/metadata/dartis_positive_verifier_crops.csv,1,train,10.155554541544303,157.0,,,224.0
,OIL::oc-0026::oc-0026__obj_003,CONFIRMED_OIL,,,data/external/dartis/processed/verifier_positive/oc/oc-0026__obj_003.png,oc,1.0,224.0,1,oc-0026,,data/metadata/dartis_positive_verifier_crops.csv,1,train,33.58226115306214,222.0,,,224.0
,OIL::oc-0026::oc-0026__obj_004,CONFIRMED_OIL,,,data/external/dartis/processed/verifier_positive/oc/oc-0026__obj_004.png,oc,1.0,224.0,1,oc-0026,,data/metadata/dartis_positive_verifier_crops.csv,1,train,18.28476210465707,231.0,,,224.0
,OIL::oc-0027::oc-0027__obj_001,CONFIRMED_OIL,,,data/external/dartis/processed/verifier_positive/oc/oc-0027__obj_001.png,oc,1.0,224.0,1,oc-0027,,data/metadata/dartis_positive_verifier_crops.csv,1,train,16.847035002976767,155.0,,,224.0
,OIL::oc-0027::oc-0027__obj_002,CONFIRMED_OIL,,,data/external/dartis/processed/verifier_positive/oc/oc-0027__obj_002.png,oc,1.0,224.0,1,oc-0027,,data/metadata/dartis_positive_verifier_crops.csv,1,train,23.190997122250156,173.0,,,224.0
,OIL::oc-0027::oc-0027__obj_003,CONFIRMED_OIL,,,data/external/dartis/processed/verifier_positive/oc/oc-0027__obj_003.png,oc,1.0,224.0,1,oc-0027,,data/metadata/dartis_positive_verifier_crops.csv,1,train,23.118740217572785,176.0,,,224.0
,OIL::oc-0028::oc-0028__obj_001,CONFIRMED_OIL,,,data/external/dartis/processed/verifier_positive/oc/oc-0028__obj_001.png,oc,1.0,224.0,1,oc-0028,,data/metadata/dartis_positive_verifier_crops.csv,1,train,33.092703446990896,236.0,,,224.0
,OIL::oc-0028::oc-0028__obj_002,CONFIRMED_OIL,,,data/external/dartis/processed/verifier_positive/oc/oc-0028__obj_002.png,oc,1.0,224.0,1,oc-0028,,data/metadata/dartis_positive_verifier_crops.csv,1,train,18.174449181857856,205.0,,,224.0
,OIL::oc-0028::oc-0028__obj_003,CONFIRMED_OIL,,,data/external/dartis/processed/verifier_positive/oc/oc-0028__obj_003.png,oc,1.0,224.0,1,oc-0028,,data/metadata/dartis_positive_verifier_crops.csv,1,train,18.831323427408496,148.0,,,224.0
,OIL::oc-0029::oc-0029__obj_001,CONFIRMED_OIL,,,data/external/dartis/processed/verifier_positive/oc/oc-0029__obj_001.png,oc,1.0,224.0,1,oc-0029,,data/metadata/dartis_positive_verifier_crops.csv,1,train,25.25425868890019,179.0,,,224.0
,OIL::oc-0029::oc-0029__obj_002,CONFIRMED_OIL,,,data/external/dartis/processed/verifier_positive/oc/oc-0029__obj_002.png,oc,1.0,224.0,1,oc-0029,,data/metadata/dartis_positive_verifier_crops.csv,1,train,21.97444984769077,166.0,,,224.0
,OIL::oc-0029::oc-0029__obj_003,CONFIRMED_OIL,,,data/external/dartis/processed/verifier_positive/oc/oc-0029__obj_003.png,oc,1.0,224.0,1,oc-0029,,data/metadata/dartis_positive_verifier_crops.csv,1,train,25.395117984004173,171.0,,,224.0
,OIL::oc-0029::oc-0029__obj_004,CONFIRMED_OIL,,,data/external/dartis/processed/verifier_positive/oc/oc-0029__obj_004.png,oc,1.0,224.0,1,oc-0029,,data/metadata/dartis_positive_verifier_crops.csv,1,train,36.68902137247006,210.0,,,224.0
,OIL::oc-0029::oc-0029__obj_005,CONFIRMED_OIL,,,data/external/dartis/processed/verifier_positive/oc/oc-0029__obj_005.png,oc,1.0,224.0,1,oc-0029,,data/metadata/dartis_positive_verifier_crops.csv,1,train,21.218533720134072,161.0,,,224.0
,OIL::oc-0030::oc-0030__obj_001,CONFIRMED_OIL,,,data/external/dartis/processed/verifier_positive/oc/oc-0030__obj_001.png,oc,1.0,224.0,1,oc-0030,,data/metadata/dartis_positive_verifier_crops.csv,1,calibration,24.50030296456672,173.0,,,224.0
,OIL::oc-0030::oc-0030__obj_002,CONFIRMED_OIL,,,data/external/dartis/processed/verifier_positive/oc/oc-0030__obj_002.png,oc,1.0,224.0,1,oc-0030,,data/metadata/dartis_positive_verifier_crops.csv,1,calibration,29.287172777805477,169.0,,,224.0
,OIL::oc-0031::oc-0031__obj_001,CONFIRMED_OIL,,,data/external/dartis/processed/verifier_positive/oc/oc-0031__obj_001.png,oc,1.0,224.0,1,oc-0031,,data/metadata/dartis_positive_verifier_crops.csv,1,train,28.21921667960122,224.0,,,224.0
,OIL::oc-0031::oc-0031__obj_002,CONFIRMED_OIL,,,data/external/dartis/processed/verifier_positive/oc/oc-0031__obj_002.png,oc,1.0,224.0,1,oc-0031,,data/metadata/dartis_positive_verifier_crops.csv,1,train,28.93846845574421,216.0,,,224.0
,OIL::oc-0032::oc-0032__obj_001,CONFIRMED_OIL,,,data/external/dartis/processed/verifier_positive/oc/oc-0032__obj_001.png,oc,1.0,224.0,1,oc-0032,,data/metadata/dartis_positive_verifier_crops.csv,1,train,13.122728546555985,113.0,,,224.0
,OIL::oc-0032::oc-0032__obj_002,CONFIRMED_OIL,,,data/external/dartis/processed/verifier_positive/oc/oc-0032__obj_002.png,oc,1.0,224.0,1,oc-0032,,data/metadata/dartis_positive_verifier_crops.csv,1,train,12.50733053743013,127.0,,,224.0
,OIL::oc-0032::oc-0032__obj_003,CONFIRMED_OIL,,,data/external/dartis/processed/verifier_positive/oc/oc-0032__obj_003.png,oc,1.0,224.0,1,oc-0032,,data/metadata/dartis_positive_verifier_crops.csv,1,train,10.670961266399178,80.0,,,224.0
,OIL::oc-0033::oc-0033__obj_001,CONFIRMED_OIL,,,data/external/dartis/processed/verifier_positive/oc/oc-0033__obj_001.png,oc,1.0,224.0,1,oc-0033,,data/metadata/dartis_positive_verifier_crops.csv,1,train,13.203300394724888,125.0,,,224.0
,OIL::oc-0033::oc-0033__obj_002,CONFIRMED_OIL,,,data/external/dartis/processed/verifier_positive/oc/oc-0033__obj_002.png,oc,1.0,224.0,1,oc-0033,,data/metadata/dartis_positive_verifier_crops.csv,1,train,8.758789328038707,84.0,,,224.0
,OIL::oc-0034::oc-0034__obj_001,CONFIRMED_OIL,,,data/external/dartis/processed/verifier_positive/oc/oc-0034__obj_001.png,oc,1.0,224.0,1,oc-0034,,data/metadata/dartis_positive_verifier_crops.csv,1,train,9.00333567079346,74.0,,,224.0
,OIL::oc-0034::oc-0034__obj_002,CONFIRMED_OIL,,,data/external/dartis/processed/verifier_positive/oc/oc-0034__obj_002.png,oc,1.0,224.0,1,oc-0034,,data/metadata/dartis_positive_verifier_crops.csv,1,train,9.538535818855758,74.0,,,224.0
,OIL::oc-0035::oc-0035__obj_001,CONFIRMED_OIL,,,data/external/dartis/processed/verifier_positive/oc/oc-0035__obj_001.png,oc,1.0,224.0,1,oc-0035,,data/metadata/dartis_positive_verifier_crops.csv,1,train,19.20494079715572,183.0,,,224.0
,OIL::oc-0035::oc-0035__obj_002,CONFIRMED_OIL,,,data/external/dartis/processed/verifier_positive/oc/oc-0035__obj_002.png,oc,1.0,224.0,1,oc-0035,,data/metadata/dartis_positive_verifier_crops.csv,1,train,25.803005664423974,221.0,,,224.0
,OIL::oc-0035::oc-0035__obj_003,CONFIRMED_OIL,,,data/external/dartis/processed/verifier_positive/oc/oc-0035__obj_003.png,oc,1.0,224.0,1,oc-0035,,data/metadata/dartis_positive_verifier_crops.csv,1,train,28.70384582999653,199.0,,,224.0
,OIL::oc-0035::oc-0035__obj_004,CONFIRMED_OIL,,,data/external/dartis/processed/verifier_positive/oc/oc-0035__obj_004.png,oc,1.0,224.0,1,oc-0035,,data/metadata/dartis_positive_verifier_crops.csv,1,train,9.376908627287296,83.0,,,224.0
,OIL::oc-0035::oc-0035__obj_005,CONFIRMED_OIL,,,data/external/dartis/processed/verifier_positive/oc/oc-0035__obj_005.png,oc,1.0,224.0,1,oc-0035,,data/metadata/dartis_positive_verifier_crops.csv,1,train,26.48754880403772,209.0,,,224.0
,OIL::oc-0036::oc-0036__obj_001,CONFIRMED_OIL,,,data/external/dartis/processed/verifier_positive/oc/oc-0036__obj_001.png,oc,1.0,224.0,1,oc-0036,,data/metadata/dartis_positive_verifier_crops.csv,1,train,20.106825191634584,211.0,,,224.0
,OIL::oc-0037::oc-0037__obj_001,CONFIRMED_OIL,,,data/external/dartis/processed/verifier_positive/oc/oc-0037__obj_001.png,oc,1.0,224.0,1,oc-0037,,data/metadata/dartis_positive_verifier_crops.csv,1,calibration,8.29934005818834,81.0,,,224.0
,OIL::oc-0037::oc-0037__obj_002,CONFIRMED_OIL,,,data/external/dartis/processed/verifier_positive/oc/oc-0037__obj_002.png,oc,1.0,224.0,1,oc-0037,,data/metadata/dartis_positive_verifier_crops.csv,1,calibration,11.083578585406409,112.0,,,224.0
,OIL::oc-0038::oc-0038__obj_001,CONFIRMED_OIL,,,data/external/dartis/processed/verifier_positive/oc/oc-0038__obj_001.png,oc,1.0,224.0,1,oc-0038,,data/metadata/dartis_positive_verifier_crops.csv,1,train,27.40969288834366,202.0,,,224.0
,OIL::oc-0038::oc-0038__obj_002,CONFIRMED_OIL,,,data/external/dartis/processed/verifier_positive/oc/oc-0038__obj_002.png,oc,1.0,224.0,1,oc-0038,,data/metadata/dartis_positive_verifier_crops.csv,1,train,16.198572198231197,153.0,,,224.0
,OIL::oc-0039::oc-0039__obj_001,CONFIRMED_OIL,,,data/external/dartis/processed/verifier_positive/oc/oc-0039__obj_001.png,oc,1.0,224.0,1,oc-0039,,data/metadata/dartis_positive_verifier_crops.csv,1,train,26.332714213018,176.0,,,224.0
,OIL::oc-0039::oc-0039__obj_002,CONFIRMED_OIL,,,data/external/dartis/processed/verifier_positive/oc/oc-0039__obj_002.png,oc,1.0,224.0,1,oc-0039,,data/metadata/dartis_positive_verifier_crops.csv,1,train,32.17839124244139,205.0,,,224.0
,OIL::oc-0039::oc-0039__obj_003,CONFIRMED_OIL,,,data/external/dartis/processed/verifier_positive/oc/oc-0039__obj_003.png,oc,1.0,224.0,1,oc-0039,,data/metadata/dartis_positive_verifier_crops.csv,1,train,24.827469564020596,173.0,,,224.0
,OIL::oc-0039::oc-0039__obj_004,CONFIRMED_OIL,,,data/external/dartis/processed/verifier_positive/oc/oc-0039__obj_004.png,oc,1.0,224.0,1,oc-0039,,data/metadata/dartis_positive_verifier_crops.csv,1,train,25.04443570170877,178.0,,,224.0
,OIL::oc-0039::oc-0039__obj_005,CONFIRMED_OIL,,,data/external/dartis/processed/verifier_positive/oc/oc-0039__obj_005.png,oc,1.0,224.0,1,oc-0039,,data/metadata/dartis_positive_verifier_crops.csv,1,train,27.30935165015813,168.0,,,224.0
,OIL::oc-0039::oc-0039__obj_006,CONFIRMED_OIL,,,data/external/dartis/processed/verifier_positive/oc/oc-0039__obj_006.png,oc,1.0,224.0,1,oc-0039,,data/metadata/dartis_positive_verifier_crops.csv,1,train,17.661934546519813,177.0,,,224.0
,OIL::oc-0040::oc-0040__obj_001,CONFIRMED_OIL,,,data/external/dartis/processed/verifier_positive/oc/oc-0040__obj_001.png,oc,1.0,224.0,1,oc-0040,,data/metadata/dartis_positive_verifier_crops.csv,1,train,17.050875017896935,148.0,,,224.0
,OIL::oc-0040::oc-0040__obj_002,CONFIRMED_OIL,,,data/external/dartis/processed/verifier_positive/oc/oc-0040__obj_002.png,oc,1.0,224.0,1,oc-0040,,data/metadata/dartis_positive_verifier_crops.csv,1,train,28.4542562384719,179.0,,,224.0
,OIL::oc-0040::oc-0040__obj_003,CONFIRMED_OIL,,,data/external/dartis/processed/verifier_positive/oc/oc-0040__obj_003.png,oc,1.0,224.0,1,oc-0040,,data/metadata/dartis_positive_verifier_crops.csv,1,train,23.955978453155407,196.0,,,224.0
,OIL::oc-0041::oc-0041__obj_001,CONFIRMED_OIL,,,data/external/dartis/processed/verifier_positive/oc/oc-0041__obj_001.png,oc,1.0,224.0,1,oc-0041,,data/metadata/dartis_positive_verifier_crops.csv,1,calibration,21.342105769218907,168.0,,,224.0
,OIL::oc-0042::oc-0042__obj_001,CONFIRMED_OIL,,,data/external/dartis/processed/verifier_positive/oc/oc-0042__obj_001.png,oc,1.0,224.0,1,oc-0042,,data/metadata/dartis_positive_verifier_crops.csv,1,calibration,22.075378641734165,223.0,,,224.0
,OIL::oc-0042::oc-0042__obj_002,CONFIRMED_OIL,,,data/external/dartis/processed/verifier_positive/oc/oc-0042__obj_002.png,oc,1.0,224.0,1,oc-0042,,data/metadata/dartis_positive_verifier_crops.csv,1,calibration,26.473075553611515,200.0,,,224.0
,OIL::oc-0042::oc-0042__obj_003,CONFIRMED_OIL,,,data/external/dartis/processed/verifier_positive/oc/oc-0042__obj_003.png,oc,1.0,224.0,1,oc-0042,,data/metadata/dartis_positive_verifier_crops.csv,1,calibration,28.000115503973824,224.0,,,224.0
,OIL::oc-0043::oc-0043__obj_001,CONFIRMED_OIL,,,data/external/dartis/processed/verifier_positive/oc/oc-0043__obj_001.png,oc,1.0,224.0,1,oc-0043,,data/metadata/dartis_positive_verifier_crops.csv,1,train,16.140655979181837,199.0,,,224.0
,OIL::oc-0044::oc-0044__obj_001,CONFIRMED_OIL,,,data/external/dartis/processed/verifier_positive/oc/oc-0044__obj_001.png,oc,1.0,224.0,1,oc-0044,,data/metadata/dartis_positive_verifier_crops.csv,1,train,6.916193537822919,56.0,,,224.0
,OIL::oc-0045::oc-0045__obj_001,CONFIRMED_OIL,,,data/external/dartis/processed/verifier_positive/oc/oc-0045__obj_001.png,oc,1.0,224.0,1,oc-0045,,data/metadata/dartis_positive_verifier_crops.csv,1,train,25.114511138121934,205.0,,,224.0
,OIL::oc-0046::oc-0046__obj_001,CONFIRMED_OIL,,,data/external/dartis/processed/verifier_positive/oc/oc-0046__obj_001.png,oc,1.0,224.0,1,oc-0046,,data/metadata/dartis_positive_verifier_crops.csv,1,train,23.333980616017985,182.0,,,224.0
,OIL::oc-0047::oc-0047__obj_001,CONFIRMED_OIL,,,data/external/dartis/processed/verifier_positive/oc/oc-0047__obj_001.png,oc,1.0,224.0,1,oc-0047,,data/metadata/dartis_positive_verifier_crops.csv,1,train,30.33340489225865,238.0,,,224.0
,OIL::oc-0047::oc-0047__obj_002,CONFIRMED_OIL,,,data/external/dartis/processed/verifier_positive/oc/oc-0047__obj_002.png,oc,1.0,224.0,1,oc-0047,,data/metadata/dartis_positive_verifier_crops.csv,1,train,38.94034823993045,242.0,,,224.0
,OIL::oc-0047::oc-0047__obj_003,CONFIRMED_OIL,,,data/external/dartis/processed/verifier_positive/oc/oc-0047__obj_003.png,oc,1.0,224.0,1,oc-0047,,data/metadata/dartis_positive_verifier_crops.csv,1,train,27.880017111909293,228.0,,,224.0
,OIL::oc-0048::oc-0048__obj_001,CONFIRMED_OIL,,,data/external/dartis/processed/verifier_positive/oc/oc-0048__obj_001.png,oc,1.0,224.0,1,oc-0048,,data/metadata/dartis_positive_verifier_crops.csv,1,train,11.645947978500418,94.0,,,224.0
,OIL::oc-0048::oc-0048__obj_002,CONFIRMED_OIL,,,data/external/dartis/processed/verifier_positive/oc/oc-0048__obj_002.png,oc,1.0,224.0,1,oc-0048,,data/metadata/dartis_positive_verifier_crops.csv,1,train,15.43170340510762,121.0,,,224.0
,OIL::oc-0048::oc-0048__obj_003,CONFIRMED_OIL,,,data/external/dartis/processed/verifier_positive/oc/oc-0048__obj_003.png,oc,1.0,224.0,1,oc-0048,,data/metadata/dartis_positive_verifier_crops.csv,1,train,14.228418178258533,108.0,,,224.0
,OIL::oc-0049::oc-0049__obj_001,CONFIRMED_OIL,,,data/external/dartis/processed/verifier_positive/oc/oc-0049__obj_001.png,oc,1.0,224.0,1,oc-0049,,data/metadata/dartis_positive_verifier_crops.csv,1,train,16.711171156954162,132.0,,,224.0
,OIL::oc-0049::oc-0049__obj_002,CONFIRMED_OIL,,,data/external/dartis/processed/verifier_positive/oc/oc-0049__obj_002.png,oc,1.0,224.0,1,oc-0049,,data/metadata/dartis_positive_verifier_crops.csv,1,train,16.081960499445923,134.0,,,224.0
,OIL::oc-0050::oc-0050__obj_001,CONFIRMED_OIL,,,data/external/dartis/processed/verifier_positive/oc/oc-0050__obj_001.png,oc,1.0,224.0,1,oc-0050,,data/metadata/dartis_positive_verifier_crops.csv,1,train,26.630373871334054,202.0,,,224.0
,OIL::oc-0050::oc-0050__obj_002,CONFIRMED_OIL,,,data/external/dartis/processed/verifier_positive/oc/oc-0050__obj_002.png,oc,1.0,224.0,1,oc-0050,,data/metadata/dartis_positive_verifier_crops.csv,1,train,16.261247033410836,170.0,,,224.0
,OIL::oc-0050::oc-0050__obj_003,CONFIRMED_OIL,,,data/external/dartis/processed/verifier_positive/oc/oc-0050__obj_003.png,oc,1.0,224.0,1,oc-0050,,data/metadata/dartis_positive_verifier_crops.csv,1,train,23.841527417960357,176.0,,,224.0
,OIL::oc-0050::oc-0050__obj_004,CONFIRMED_OIL,,,data/external/dartis/processed/verifier_positive/oc/oc-0050__obj_004.png,oc,1.0,224.0,1,oc-0050,,data/metadata/dartis_positive_verifier_crops.csv,1,train,18.135583122782403,199.0,,,224.0
,OIL::oc-0050::oc-0050__obj_005,CONFIRMED_OIL,,,data/external/dartis/processed/verifier_positive/oc/oc-0050__obj_005.png,oc,1.0,224.0,1,oc-0050,,data/metadata/dartis_positive_verifier_crops.csv,1,train,9.60425471846228,80.0,,,224.0
,OIL::oc-0051::oc-0051__obj_001,CONFIRMED_OIL,,,data/external/dartis/processed/verifier_positive/oc/oc-0051__obj_001.png,oc,1.0,224.0,1,oc-0051,,data/metadata/dartis_positive_verifier_crops.csv,1,train,24.548656460022087,179.0,,,224.0
,OIL::oc-0051::oc-0051__obj_002,CONFIRMED_OIL,,,data/external/dartis/processed/verifier_positive/oc/oc-0051__obj_002.png,oc,1.0,224.0,1,oc-0051,,data/metadata/dartis_positive_verifier_crops.csv,1,train,23.57017374224686,166.0,,,224.0
,OIL::oc-0051::oc-0051__obj_003,CONFIRMED_OIL,,,data/external/dartis/processed/verifier_positive/oc/oc-0051__obj_003.png,oc,1.0,224.0,1,oc-0051,,data/metadata/dartis_positive_verifier_crops.csv,1,train,27.346109119371132,178.0,,,224.0
,OIL::oc-0051::oc-0051__obj_004,CONFIRMED_OIL,,,data/external/dartis/processed/verifier_positive/oc/oc-0051__obj_004.png,oc,1.0,224.0,1,oc-0051,,data/metadata/dartis_positive_verifier_crops.csv,1,train,11.099815389159184,139.0,,,224.0
,OIL::oc-0052::oc-0052__obj_001,CONFIRMED_OIL,,,data/external/dartis/processed/verifier_positive/oc/oc-0052__obj_001.png,oc,1.0,224.0,1,oc-0052,,data/metadata/dartis_positive_verifier_crops.csv,1,train,30.137448538618447,198.0,,,224.0
,OIL::oc-0052::oc-0052__obj_002,CONFIRMED_OIL,,,data/external/dartis/processed/verifier_positive/oc/oc-0052__obj_002.png,oc,1.0,224.0,1,oc-0052,,data/metadata/dartis_positive_verifier_crops.csv,1,train,16.899003300540922,161.0,,,224.0
,OIL::oc-0052::oc-0052__obj_003,CONFIRMED_OIL,,,data/external/dartis/processed/verifier_positive/oc/oc-0052__obj_003.png,oc,1.0,224.0,1,oc-0052,,data/metadata/dartis_positive_verifier_crops.csv,1,train,27.69966754984413,187.0,,,224.0
,OIL::oc-0053::oc-0053__obj_001,CONFIRMED_OIL,,,data/external/dartis/processed/verifier_positive/oc/oc-0053__obj_001.png,oc,1.0,224.0,1,oc-0053,,data/metadata/dartis_positive_verifier_crops.csv,1,train,24.21069964793666,155.0,,,224.0
,OIL::oc-0053::oc-0053__obj_002,CONFIRMED_OIL,,,data/external/dartis/processed/verifier_positive/oc/oc-0053__obj_002.png,oc,1.0,224.0,1,oc-0053,,data/metadata/dartis_positive_verifier_crops.csv,1,train,40.89724302031946,185.0,,,224.0
,OIL::oc-0053::oc-0053__obj_003,CONFIRMED_OIL,,,data/external/dartis/processed/verifier_positive/oc/oc-0053__obj_003.png,oc,1.0,224.0,1,oc-0053,,data/metadata/dartis_positive_verifier_crops.csv,1,train,26.37817083856356,184.0,,,224.0
,OIL::oc-0054::oc-0054__obj_001,CONFIRMED_OIL,,,data/external/dartis/processed/verifier_positive/oc/oc-0054__obj_001.png,oc,1.0,224.0,1,oc-0054,,data/metadata/dartis_positive_verifier_crops.csv,1,train,25.206685328350787,160.0,,,224.0
,OIL::oc-0054::oc-0054__obj_002,CONFIRMED_OIL,,,data/external/dartis/processed/verifier_positive/oc/oc-0054__obj_002.png,oc,1.0,224.0,1,oc-0054,,data/metadata/dartis_positive_verifier_crops.csv,1,train,21.869401094644264,169.0,,,224.0
,OIL::oc-0054::oc-0054__obj_003,CONFIRMED_OIL,,,data/external/dartis/processed/verifier_positive/oc/oc-0054__obj_003.png,oc,1.0,224.0,1,oc-0054,,data/metadata/dartis_positive_verifier_crops.csv,1,train,20.28567551345912,163.0,,,224.0
,OIL::oc-0055::oc-0055__obj_001,CONFIRMED_OIL,,,data/external/dartis/processed/verifier_positive/oc/oc-0055__obj_001.png,oc,1.0,224.0,1,oc-0055,,data/metadata/dartis_positive_verifier_crops.csv,1,train,14.156138103482856,96.0,,,224.0
,OIL::oc-0055::oc-0055__obj_002,CONFIRMED_OIL,,,data/external/dartis/processed/verifier_positive/oc/oc-0055__obj_002.png,oc,1.0,224.0,1,oc-0055,,data/metadata/dartis_positive_verifier_crops.csv,1,train,10.641307087213612,89.0,,,224.0
,OIL::oc-0055::oc-0055__obj_003,CONFIRMED_OIL,,,data/external/dartis/processed/verifier_positive/oc/oc-0055__obj_003.png,oc,1.0,224.0,1,oc-0055,,data/metadata/dartis_positive_verifier_crops.csv,1,train,10.960001034027266,86.0,,,224.0
,OIL::oc-0056::oc-0056__obj_001,CONFIRMED_OIL,,,data/external/dartis/processed/verifier_positive/oc/oc-0056__obj_001.png,oc,1.0,224.0,1,oc-0056,,data/metadata/dartis_positive_verifier_crops.csv,1,train,17.955625112140066,216.0,,,224.0
,OIL::oc-0056::oc-0056__obj_002,CONFIRMED_OIL,,,data/external/dartis/processed/verifier_positive/oc/oc-0056__obj_002.png,oc,1.0,224.0,1,oc-0056,,data/metadata/dartis_positive_verifier_crops.csv,1,train,10.433911980394004,93.0,,,224.0
,OIL::oc-0057::oc-0057__obj_001,CONFIRMED_OIL,,,data/external/dartis/processed/verifier_positive/oc/oc-0057__obj_001.png,oc,1.0,224.0,1,oc-0057,,data/metadata/dartis_positive_verifier_crops.csv,1,train,26.43337515361946,222.0,,,224.0
,OIL::oc-0058::oc-0058__obj_001,CONFIRMED_OIL,,,data/external/dartis/processed/verifier_positive/oc/oc-0058__obj_001.png,oc,1.0,224.0,1,oc-0058,,data/metadata/dartis_positive_verifier_crops.csv,1,train,24.34282261347057,143.0,,,224.0
,OIL::oc-0059::oc-0059__obj_001,CONFIRMED_OIL,,,data/external/dartis/processed/verifier_positive/oc/oc-0059__obj_001.png,oc,1.0,224.0,1,oc-0059,,data/metadata/dartis_positive_verifier_crops.csv,1,train,22.90885931542064,237.0,,,224.0
,OIL::oc-0060::oc-0060__obj_001,CONFIRMED_OIL,,,data/external/dartis/processed/verifier_positive/oc/oc-0060__obj_001.png,oc,1.0,224.0,1,oc-0060,,data/metadata/dartis_positive_verifier_crops.csv,1,train,30.15626459586444,232.0,,,224.0
,OIL::oc-0060::oc-0060__obj_002,CONFIRMED_OIL,,,data/external/dartis/processed/verifier_positive/oc/oc-0060__obj_002.png,oc,1.0,224.0,1,oc-0060,,data/metadata/dartis_positive_verifier_crops.csv,1,train,27.77251095117196,229.0,,,224.0
,OIL::oc-0061::oc-0061__obj_001,CONFIRMED_OIL,,,data/external/dartis/processed/verifier_positive/oc/oc-0061__obj_001.png,oc,1.0,224.0,1,oc-0061,,data/metadata/dartis_positive_verifier_crops.csv,1,train,27.16296282816559,199.0,,,224.0
,OIL::oc-0062::oc-0062__obj_001,CONFIRMED_OIL,,,data/external/dartis/processed/verifier_positive/oc/oc-0062__obj_001.png,oc,1.0,224.0,1,oc-0062,,data/metadata/dartis_positive_verifier_crops.csv,1,calibration,26.530683702757404,167.0,,,224.0
,OIL::oc-0062::oc-0062__obj_002,CONFIRMED_OIL,,,data/external/dartis/processed/verifier_positive/oc/oc-0062__obj_002.png,oc,1.0,224.0,1,oc-0062,,data/metadata/dartis_positive_verifier_crops.csv,1,calibration,24.91077738967301,145.0,,,224.0
,OIL::oc-0063::oc-0063__obj_001,CONFIRMED_OIL,,,data/external/dartis/processed/verifier_positive/oc/oc-0063__obj_001.png,oc,1.0,224.0,1,oc-0063,,data/metadata/dartis_positive_verifier_crops.csv,1,calibration,27.70778518586292,167.0,,,224.0
,OIL::oc-0063::oc-0063__obj_002,CONFIRMED_OIL,,,data/external/dartis/processed/verifier_positive/oc/oc-0063__obj_002.png,oc,1.0,224.0,1,oc-0063,,data/metadata/dartis_positive_verifier_crops.csv,1,calibration,16.558595700613107,152.0,,,224.0
,OIL::oc-0063::oc-0063__obj_003,CONFIRMED_OIL,,,data/external/dartis/processed/verifier_positive/oc/oc-0063__obj_003.png,oc,1.0,224.0,1,oc-0063,,data/metadata/dartis_positive_verifier_crops.csv,1,calibration,26.312737411213856,151.0,,,224.0
,OIL::oc-0064::oc-0064__obj_001,CONFIRMED_OIL,,,data/external/dartis/processed/verifier_positive/oc/oc-0064__obj_001.png,oc,1.0,224.0,1,oc-0064,,data/metadata/dartis_positive_verifier_crops.csv,1,train,14.419782222105349,171.0,,,224.0
,OIL::oc-0065::oc-0065__obj_001,CONFIRMED_OIL,,,data/external/dartis/processed/verifier_positive/oc/oc-0065__obj_001.png,oc,1.0,224.0,1,oc-0065,,data/metadata/dartis_positive_verifier_crops.csv,1,train,27.627689168015586,230.0,,,224.0
,OIL::oc-0065::oc-0065__obj_002,CONFIRMED_OIL,,,data/external/dartis/processed/verifier_positive/oc/oc-0065__obj_002.png,oc,1.0,224.0,1,oc-0065,,data/metadata/dartis_positive_verifier_crops.csv,1,train,9.298892145063462,75.0,,,224.0
,OIL::oc-0065::oc-0065__obj_003,CONFIRMED_OIL,,,data/external/dartis/processed/verifier_positive/oc/oc-0065__obj_003.png,oc,1.0,224.0,1,oc-0065,,data/metadata/dartis_positive_verifier_crops.csv,1,train,12.793607536037516,154.0,,,224.0
,OIL::oc-0065::oc-0065__obj_004,CONFIRMED_OIL,,,data/external/dartis/processed/verifier_positive/oc/oc-0065__obj_004.png,oc,1.0,224.0,1,oc-0065,,data/metadata/dartis_positive_verifier_crops.csv,1,train,12.514612615791595,91.0,,,224.0
,OIL::oc-0066::oc-0066__obj_001,CONFIRMED_OIL,,,data/external/dartis/processed/verifier_positive/oc/oc-0066__obj_001.png,oc,1.0,224.0,1,oc-0066,,data/metadata/dartis_positive_verifier_crops.csv,1,train,9.910361632645447,77.0,,,224.0
,OIL::oc-0066::oc-0066__obj_002,CONFIRMED_OIL,,,data/external/dartis/processed/verifier_positive/oc/oc-0066__obj_002.png,oc,1.0,224.0,1,oc-0066,,data/metadata/dartis_positive_verifier_crops.csv,1,train,9.886785997878832,83.0,,,224.0
,OIL::oc-0067::oc-0067__obj_001,CONFIRMED_OIL,,,data/external/dartis/processed/verifier_positive/oc/oc-0067__obj_001.png,oc,1.0,224.0,1,oc-0067,,data/metadata/dartis_positive_verifier_crops.csv,1,train,27.042284389821774,233.0,,,224.0
,OIL::oc-0067::oc-0067__obj_002,CONFIRMED_OIL,,,data/external/dartis/processed/verifier_positive/oc/oc-0067__obj_002.png,oc,1.0,224.0,1,oc-0067,,data/metadata/dartis_positive_verifier_crops.csv,1,train,22.708740252398936,233.0,,,224.0
,OIL::oc-0067::oc-0067__obj_003,CONFIRMED_OIL,,,data/external/dartis/processed/verifier_positive/oc/oc-0067__obj_003.png,oc,1.0,224.0,1,oc-0067,,data/metadata/dartis_positive_verifier_crops.csv,1,train,22.54721903428104,228.0,,,224.0
,OIL::oc-0067::oc-0067__obj_004,CONFIRMED_OIL,,,data/external/dartis/processed/verifier_positive/oc/oc-0067__obj_004.png,oc,1.0,224.0,1,oc-0067,,data/metadata/dartis_positive_verifier_crops.csv,1,train,18.11290955965693,157.0,,,224.0
,OIL::oc-0068::oc-0068__obj_001,CONFIRMED_OIL,,,data/external/dartis/processed/verifier_positive/oc/oc-0068__obj_001.png,oc,1.0,224.0,1,oc-0068,,data/metadata/dartis_positive_verifier_crops.csv,1,train,18.77207876088872,228.0,,,224.0
,OIL::oc-0069::oc-0069__obj_001,CONFIRMED_OIL,,,data/external/dartis/processed/verifier_positive/oc/oc-0069__obj_001.png,oc,1.0,224.0,1,oc-0069,,data/metadata/dartis_positive_verifier_crops.csv,1,train,25.154040828862424,161.0,,,224.0
,OIL::oc-0069::oc-0069__obj_002,CONFIRMED_OIL,,,data/external/dartis/processed/verifier_positive/oc/oc-0069__obj_002.png,oc,1.0,224.0,1,oc-0069,,data/metadata/dartis_positive_verifier_crops.csv,1,train,23.429516859540808,203.0,,,224.0
,OIL::oc-0070::oc-0070__obj_001,CONFIRMED_OIL,,,data/external/dartis/processed/verifier_positive/oc/oc-0070__obj_001.png,oc,1.0,224.0,1,oc-0070,,data/metadata/dartis_positive_verifier_crops.csv,1,train,29.37247088571189,238.0,,,224.0
,OIL::oc-0070::oc-0070__obj_002,CONFIRMED_OIL,,,data/external/dartis/processed/verifier_positive/oc/oc-0070__obj_002.png,oc,1.0,224.0,1,oc-0070,,data/metadata/dartis_positive_verifier_crops.csv,1,train,21.546827946862948,177.0,,,224.0
,OIL::oc-0071::oc-0071__obj_001,CONFIRMED_OIL,,,data/external/dartis/processed/verifier_positive/oc/oc-0071__obj_001.png,oc,1.0,224.0,1,oc-0071,,data/metadata/dartis_positive_verifier_crops.csv,1,train,8.902098527975992,87.0,,,224.0
,OIL::oc-0071::oc-0071__obj_002,CONFIRMED_OIL,,,data/external/dartis/processed/verifier_positive/oc/oc-0071__obj_002.png,oc,1.0,224.0,1,oc-0071,,data/metadata/dartis_positive_verifier_crops.csv,1,train,17.303293763320518,126.0,,,224.0
,OIL::oc-0071::oc-0071__obj_003,CONFIRMED_OIL,,,data/external/dartis/processed/verifier_positive/oc/oc-0071__obj_003.png,oc,1.0,224.0,1,oc-0071,,data/metadata/dartis_positive_verifier_crops.csv,1,train,8.107220512838666,79.0,,,224.0
,OIL::oc-0071::oc-0071__obj_004,CONFIRMED_OIL,,,data/external/dartis/processed/verifier_positive/oc/oc-0071__obj_004.png,oc,1.0,224.0,1,oc-0071,,data/metadata/dartis_positive_verifier_crops.csv,1,train,8.653462671830985,65.0,,,224.0
,OIL::oc-0071::oc-0071__obj_005,CONFIRMED_OIL,,,data/external/dartis/processed/verifier_positive/oc/oc-0071__obj_005.png,oc,1.0,224.0,1,oc-0071,,data/metadata/dartis_positive_verifier_crops.csv,1,train,7.829497948528379,69.0,,,224.0
,OIL::oc-0071::oc-0071__obj_006,CONFIRMED_OIL,,,data/external/dartis/processed/verifier_positive/oc/oc-0071__obj_006.png,oc,1.0,224.0,1,oc-0071,,data/metadata/dartis_positive_verifier_crops.csv,1,train,9.403956595438244,94.0,,,224.0
,OIL::oc-0071::oc-0071__obj_007,CONFIRMED_OIL,,,data/external/dartis/processed/verifier_positive/oc/oc-0071__obj_007.png,oc,1.0,224.0,1,oc-0071,,data/metadata/dartis_positive_verifier_crops.csv,1,train,12.325290680065594,72.0,,,224.0
,OIL::oc-0072::oc-0072__obj_001,CONFIRMED_OIL,,,data/external/dartis/processed/verifier_positive/oc/oc-0072__obj_001.png,oc,1.0,224.0,1,oc-0072,,data/metadata/dartis_positive_verifier_crops.csv,1,train,22.44463724634988,172.0,,,224.0
,OIL::oc-0072::oc-0072__obj_002,CONFIRMED_OIL,,,data/external/dartis/processed/verifier_positive/oc/oc-0072__obj_002.png,oc,1.0,224.0,1,oc-0072,,data/metadata/dartis_positive_verifier_crops.csv,1,train,13.214838034581613,124.0,,,224.0
,OIL::oc-0073::oc-0073__obj_001,CONFIRMED_OIL,,,data/external/dartis/processed/verifier_positive/oc/oc-0073__obj_001.png,oc,1.0,224.0,1,oc-0073,,data/metadata/dartis_positive_verifier_crops.csv,1,calibration,17.569864677544444,113.0,,,224.0
,OIL::oc-0073::oc-0073__obj_002,CONFIRMED_OIL,,,data/external/dartis/processed/verifier_positive/oc/oc-0073__obj_002.png,oc,1.0,224.0,1,oc-0073,,data/metadata/dartis_positive_verifier_crops.csv,1,calibration,16.933875955545407,114.0,,,224.0
,OIL::oc-0073::oc-0073__obj_003,CONFIRMED_OIL,,,data/external/dartis/processed/verifier_positive/oc/oc-0073__obj_003.png,oc,1.0,224.0,1,oc-0073,,data/metadata/dartis_positive_verifier_crops.csv,1,calibration,15.931148626616071,110.0,,,224.0
,OIL::oc-0073::oc-0073__obj_004,CONFIRMED_OIL,,,data/external/dartis/processed/verifier_positive/oc/oc-0073__obj_004.png,oc,1.0,224.0,1,oc-0073,,data/metadata/dartis_positive_verifier_crops.csv,1,calibration,13.758682096704408,106.0,,,224.0
,OIL::oc-0073::oc-0073__obj_005,CONFIRMED_OIL,,,data/external/dartis/processed/verifier_positive/oc/oc-0073__obj_005.png,oc,1.0,224.0,1,oc-0073,,data/metadata/dartis_positive_verifier_crops.csv,1,calibration,16.3298395306554,107.0,,,224.0
,OIL::oc-0073::oc-0073__obj_006,CONFIRMED_OIL,,,data/external/dartis/processed/verifier_positive/oc/oc-0073__obj_006.png,oc,1.0,224.0,1,oc-0073,,data/metadata/dartis_positive_verifier_crops.csv,1,calibration,18.44473690114873,198.0,,,224.0
,OIL::oc-0074::oc-0074__obj_001,CONFIRMED_OIL,,,data/external/dartis/processed/verifier_positive/oc/oc-0074__obj_001.png,oc,1.0,224.0,1,oc-0074,,data/metadata/dartis_positive_verifier_crops.csv,1,train,35.15839712200236,222.0,,,224.0
,OIL::oc-0075::oc-0075__obj_001,CONFIRMED_OIL,,,data/external/dartis/processed/verifier_positive/oc/oc-0075__obj_001.png,oc,1.0,224.0,1,oc-0075,,data/metadata/dartis_positive_verifier_crops.csv,1,train,17.947337371393758,162.0,,,224.0
,OIL::oc-0075::oc-0075__obj_002,CONFIRMED_OIL,,,data/external/dartis/processed/verifier_positive/oc/oc-0075__obj_002.png,oc,1.0,224.0,1,oc-0075,,data/metadata/dartis_positive_verifier_crops.csv,1,train,15.609930868070634,170.0,,,224.0
,OIL::oc-0075::oc-0075__obj_003,CONFIRMED_OIL,,,data/external/dartis/processed/verifier_positive/oc/oc-0075__obj_003.png,oc,1.0,224.0,1,oc-0075,,data/metadata/dartis_positive_verifier_crops.csv,1,train,25.953698313396597,176.0,,,224.0
,OIL::oc-0075::oc-0075__obj_004,CONFIRMED_OIL,,,data/external/dartis/processed/verifier_positive/oc/oc-0075__obj_004.png,oc,1.0,224.0,1,oc-0075,,data/metadata/dartis_positive_verifier_crops.csv,1,train,24.107375685631563,182.0,,,224.0
,OIL::oc-0075::oc-0075__obj_005,CONFIRMED_OIL,,,data/external/dartis/processed/verifier_positive/oc/oc-0075__obj_005.png,oc,1.0,224.0,1,oc-0075,,data/metadata/dartis_positive_verifier_crops.csv,1,train,20.538712867524435,175.0,,,224.0
,OIL::oc-0075::oc-0075__obj_006,CONFIRMED_OIL,,,data/external/dartis/processed/verifier_positive/oc/oc-0075__obj_006.png,oc,1.0,224.0,1,oc-0075,,data/metadata/dartis_positive_verifier_crops.csv,1,train,23.06871582124285,217.0,,,224.0
,OIL::oc-0076::oc-0076__obj_001,CONFIRMED_OIL,,,data/external/dartis/processed/verifier_positive/oc/oc-0076__obj_001.png,oc,1.0,224.0,1,oc-0076,,data/metadata/dartis_positive_verifier_crops.csv,1,train,20.41922217340976,246.0,,,224.0
,OIL::oc-0076::oc-0076__obj_002,CONFIRMED_OIL,,,data/external/dartis/processed/verifier_positive/oc/oc-0076__obj_002.png,oc,1.0,224.0,1,oc-0076,,data/metadata/dartis_positive_verifier_crops.csv,1,train,31.675159594087678,249.0,,,224.0
,OIL::oc-0076::oc-0076__obj_003,CONFIRMED_OIL,,,data/external/dartis/processed/verifier_positive/oc/oc-0076__obj_003.png,oc,1.0,224.0,1,oc-0076,,data/metadata/dartis_positive_verifier_crops.csv,1,train,12.701013819914063,101.0,,,224.0
,OIL::oc-0077::oc-0077__obj_001,CONFIRMED_OIL,,,data/external/dartis/processed/verifier_positive/oc/oc-0077__obj_001.png,oc,1.0,224.0,1,oc-0077,,data/metadata/dartis_positive_verifier_crops.csv,1,train,9.404580011577524,75.0,,,224.0
,OIL::oc-0077::oc-0077__obj_002,CONFIRMED_OIL,,,data/external/dartis/processed/verifier_positive/oc/oc-0077__obj_002.png,oc,1.0,224.0,1,oc-0077,,data/metadata/dartis_positive_verifier_crops.csv,1,train,9.38154704478884,78.0,,,224.0
,OIL::oc-0078::oc-0078__obj_001,CONFIRMED_OIL,,,data/external/dartis/processed/verifier_positive/oc/oc-0078__obj_001.png,oc,1.0,224.0,1,oc-0078,,data/metadata/dartis_positive_verifier_crops.csv,1,train,21.142017656675385,105.0,,,224.0
,OIL::oc-0078::oc-0078__obj_002,CONFIRMED_OIL,,,data/external/dartis/processed/verifier_positive/oc/oc-0078__obj_002.png,oc,1.0,224.0,1,oc-0078,,data/metadata/dartis_positive_verifier_crops.csv,1,train,19.616944499372803,107.0,,,224.0
,OIL::oc-0078::oc-0078__obj_003,CONFIRMED_OIL,,,data/external/dartis/processed/verifier_positive/oc/oc-0078__obj_003.png,oc,1.0,224.0,1,oc-0078,,data/metadata/dartis_positive_verifier_crops.csv,1,train,18.842266926792863,153.0,,,224.0
,OIL::oc-0078::oc-0078__obj_004,CONFIRMED_OIL,,,data/external/dartis/processed/verifier_positive/oc/oc-0078__obj_004.png,oc,1.0,224.0,1,oc-0078,,data/metadata/dartis_positive_verifier_crops.csv,1,train,24.44020883074757,214.0,,,224.0
,OIL::oc-0078::oc-0078__obj_005,CONFIRMED_OIL,,,data/external/dartis/processed/verifier_positive/oc/oc-0078__obj_005.png,oc,1.0,224.0,1,oc-0078,,data/metadata/dartis_positive_verifier_crops.csv,1,train,30.282408099199056,226.0,,,224.0
,OIL::oc-0079::oc-0079__obj_001,CONFIRMED_OIL,,,data/external/dartis/processed/verifier_positive/oc/oc-0079__obj_001.png,oc,1.0,224.0,1,oc-0079,,data/metadata/dartis_positive_verifier_crops.csv,1,train,30.11844998131031,175.0,,,224.0
,OIL::oc-0079::oc-0079__obj_002,CONFIRMED_OIL,,,data/external/dartis/processed/verifier_positive/oc/oc-0079__obj_002.png,oc,1.0,224.0,1,oc-0079,,data/metadata/dartis_positive_verifier_crops.csv,1,train,22.265395593899598,165.0,,,224.0
,OIL::oc-0079::oc-0079__obj_003,CONFIRMED_OIL,,,data/external/dartis/processed/verifier_positive/oc/oc-0079__obj_003.png,oc,1.0,224.0,1,oc-0079,,data/metadata/dartis_positive_verifier_crops.csv,1,train,24.20795285842309,167.0,,,224.0
,OIL::oc-0079::oc-0079__obj_004,CONFIRMED_OIL,,,data/external/dartis/processed/verifier_positive/oc/oc-0079__obj_004.png,oc,1.0,224.0,1,oc-0079,,data/metadata/dartis_positive_verifier_crops.csv,1,train,14.147479996203629,101.0,,,224.0
,OIL::oc-0080::oc-0080__obj_001,CONFIRMED_OIL,,,data/external/dartis/processed/verifier_positive/oc/oc-0080__obj_001.png,oc,1.0,224.0,1,oc-0080,,data/metadata/dartis_positive_verifier_crops.csv,1,train,29.98068871606502,206.0,,,224.0
,OIL::oc-0080::oc-0080__obj_002,CONFIRMED_OIL,,,data/external/dartis/processed/verifier_positive/oc/oc-0080__obj_002.png,oc,1.0,224.0,1,oc-0080,,data/metadata/dartis_positive_verifier_crops.csv,1,train,16.531027863951422,129.0,,,224.0
,OIL::oc-0081::oc-0081__obj_001,CONFIRMED_OIL,,,data/external/dartis/processed/verifier_positive/oc/oc-0081__obj_001.png,oc,1.0,224.0,1,oc-0081,,data/metadata/dartis_positive_verifier_crops.csv,1,train,35.93055784761532,200.0,,,224.0
,OIL::oc-0081::oc-0081__obj_002,CONFIRMED_OIL,,,data/external/dartis/processed/verifier_positive/oc/oc-0081__obj_002.png,oc,1.0,224.0,1,oc-0081,,data/metadata/dartis_positive_verifier_crops.csv,1,train,22.63790830236,195.0,,,224.0
,OIL::oc-0082::oc-0082__obj_001,CONFIRMED_OIL,,,data/external/dartis/processed/verifier_positive/oc/oc-0082__obj_001.png,oc,1.0,224.0,1,oc-0082,,data/metadata/dartis_positive_verifier_crops.csv,1,train,22.315461942762205,190.0,,,224.0
,OIL::oc-0083::oc-0083__obj_001,CONFIRMED_OIL,,,data/external/dartis/processed/verifier_positive/oc/oc-0083__obj_001.png,oc,1.0,224.0,1,oc-0083,,data/metadata/dartis_positive_verifier_crops.csv,1,calibration,11.430948997729848,99.0,,,224.0
,OIL::oc-0083::oc-0083__obj_002,CONFIRMED_OIL,,,data/external/dartis/processed/verifier_positive/oc/oc-0083__obj_002.png,oc,1.0,224.0,1,oc-0083,,data/metadata/dartis_positive_verifier_crops.csv,1,calibration,12.24044630627355,99.0,,,224.0
,OIL::oc-0084::oc-0084__obj_001,CONFIRMED_OIL,,,data/external/dartis/processed/verifier_positive/oc/oc-0084__obj_001.png,oc,1.0,224.0,1,oc-0084,,data/metadata/dartis_positive_verifier_crops.csv,1,train,13.759959444651129,107.0,,,224.0
,OIL::oc-0085::oc-0085__obj_001,CONFIRMED_OIL,,,data/external/dartis/processed/verifier_positive/oc/oc-0085__obj_001.png,oc,1.0,224.0,1,oc-0085,,data/metadata/dartis_positive_verifier_crops.csv,1,train,10.385159457769284,122.0,,,224.0
,OIL::oc-0085::oc-0085__obj_002,CONFIRMED_OIL,,,data/external/dartis/processed/verifier_positive/oc/oc-0085__obj_002.png,oc,1.0,224.0,1,oc-0085,,data/metadata/dartis_positive_verifier_crops.csv,1,train,11.140006229365971,89.0,,,224.0
,OIL::oc-0085::oc-0085__obj_003,CONFIRMED_OIL,,,data/external/dartis/processed/verifier_positive/oc/oc-0085__obj_003.png,oc,1.0,224.0,1,oc-0085,,data/metadata/dartis_positive_verifier_crops.csv,1,train,10.780354140898917,85.0,,,224.0
,OIL::oc-0085::oc-0085__obj_004,CONFIRMED_OIL,,,data/external/dartis/processed/verifier_positive/oc/oc-0085__obj_004.png,oc,1.0,224.0,1,oc-0085,,data/metadata/dartis_positive_verifier_crops.csv,1,train,11.79572549618426,86.0,,,224.0
,OIL::oc-0085::oc-0085__obj_005,CONFIRMED_OIL,,,data/external/dartis/processed/verifier_positive/oc/oc-0085__obj_005.png,oc,1.0,224.0,1,oc-0085,,data/metadata/dartis_positive_verifier_crops.csv,1,train,10.806868392499544,84.0,,,224.0
,OIL::oc-0085::oc-0085__obj_006,CONFIRMED_OIL,,,data/external/dartis/processed/verifier_positive/oc/oc-0085__obj_006.png,oc,1.0,224.0,1,oc-0085,,data/metadata/dartis_positive_verifier_crops.csv,1,train,10.89296490322822,86.0,,,224.0
,OIL::oc-0086::oc-0086__obj_002,CONFIRMED_OIL,,,data/external/dartis/processed/verifier_positive/oc/oc-0086__obj_002.png,oc,1.0,224.0,1,oc-0086,,data/metadata/dartis_positive_verifier_crops.csv,1,train,18.584161185341724,153.0,,,224.0
,OIL::oc-0086::oc-0086__obj_003,CONFIRMED_OIL,,,data/external/dartis/processed/verifier_positive/oc/oc-0086__obj_003.png,oc,1.0,224.0,1,oc-0086,,data/metadata/dartis_positive_verifier_crops.csv,1,train,21.586577957733432,178.0,,,224.0
,OIL::oc-0087::oc-0087__obj_001,CONFIRMED_OIL,,,data/external/dartis/processed/verifier_positive/oc/oc-0087__obj_001.png,oc,1.0,224.0,1,oc-0087,,data/metadata/dartis_positive_verifier_crops.csv,1,train,16.0747503266097,147.0,,,224.0
,OIL::oc-0087::oc-0087__obj_002,CONFIRMED_OIL,,,data/external/dartis/processed/verifier_positive/oc/oc-0087__obj_002.png,oc,1.0,224.0,1,oc-0087,,data/metadata/dartis_positive_verifier_crops.csv,1,train,18.90732427939693,152.0,,,224.0
,OIL::oc-0087::oc-0087__obj_003,CONFIRMED_OIL,,,data/external/dartis/processed/verifier_positive/oc/oc-0087__obj_003.png,oc,1.0,224.0,1,oc-0087,,data/metadata/dartis_positive_verifier_crops.csv,1,train,18.97144603650727,149.0,,,224.0
,OIL::oc-0087::oc-0087__obj_004,CONFIRMED_OIL,,,data/external/dartis/processed/verifier_positive/oc/oc-0087__obj_004.png,oc,1.0,224.0,1,oc-0087,,data/metadata/dartis_positive_verifier_crops.csv,1,train,18.79412346078084,148.0,,,224.0
,OIL::oc-0088::oc-0088__obj_001,CONFIRMED_OIL,,,data/external/dartis/processed/verifier_positive/oc/oc-0088__obj_001.png,oc,1.0,224.0,1,oc-0088,,data/metadata/dartis_positive_verifier_crops.csv,1,train,11.566703122307022,96.0,,,224.0
,OIL::oc-0089::oc-0089__obj_001,CONFIRMED_OIL,,,data/external/dartis/processed/verifier_positive/oc/oc-0089__obj_001.png,oc,1.0,224.0,1,oc-0089,,data/metadata/dartis_positive_verifier_crops.csv,1,train,28.176159642362816,174.0,,,224.0
,OIL::oc-0089::oc-0089__obj_002,CONFIRMED_OIL,,,data/external/dartis/processed/verifier_positive/oc/oc-0089__obj_002.png,oc,1.0,224.0,1,oc-0089,,data/metadata/dartis_positive_verifier_crops.csv,1,train,31.053775631063328,189.0,,,224.0
,OIL::oc-0090::oc-0090__obj_001,CONFIRMED_OIL,,,data/external/dartis/processed/verifier_positive/oc/oc-0090__obj_001.png,oc,1.0,224.0,1,oc-0090,,data/metadata/dartis_positive_verifier_crops.csv,1,train,25.61053905411797,190.0,,,224.0
,OIL::oc-0090::oc-0090__obj_002,CONFIRMED_OIL,,,data/external/dartis/processed/verifier_positive/oc/oc-0090__obj_002.png,oc,1.0,224.0,1,oc-0090,,data/metadata/dartis_positive_verifier_crops.csv,1,train,13.628956419398756,155.0,,,224.0
,OIL::oc-0090::oc-0090__obj_003,CONFIRMED_OIL,,,data/external/dartis/processed/verifier_positive/oc/oc-0090__obj_003.png,oc,1.0,224.0,1,oc-0090,,data/metadata/dartis_positive_verifier_crops.csv,1,train,20.258381525160708,188.0,,,224.0
,OIL::oc-0090::oc-0090__obj_004,CONFIRMED_OIL,,,data/external/dartis/processed/verifier_positive/oc/oc-0090__obj_004.png,oc,1.0,224.0,1,oc-0090,,data/metadata/dartis_positive_verifier_crops.csv,1,train,7.479678134588712,69.0,,,224.0
,OIL::oc-0091::oc-0091__obj_001,CONFIRMED_OIL,,,data/external/dartis/processed/verifier_positive/oc/oc-0091__obj_001.png,oc,1.0,224.0,1,oc-0091,,data/metadata/dartis_positive_verifier_crops.csv,1,train,26.8711630962242,217.0,,,224.0
,OIL::oc-0091::oc-0091__obj_002,CONFIRMED_OIL,,,data/external/dartis/processed/verifier_positive/oc/oc-0091__obj_002.png,oc,1.0,224.0,1,oc-0091,,data/metadata/dartis_positive_verifier_crops.csv,1,train,9.098187103910616,84.0,,,224.0
,OIL::oc-0091::oc-0091__obj_003,CONFIRMED_OIL,,,data/external/dartis/processed/verifier_positive/oc/oc-0091__obj_003.png,oc,1.0,224.0,1,oc-0091,,data/metadata/dartis_positive_verifier_crops.csv,1,train,14.225659045769222,95.0,,,224.0
,OIL::oc-0091::oc-0091__obj_004,CONFIRMED_OIL,,,data/external/dartis/processed/verifier_positive/oc/oc-0091__obj_004.png,oc,1.0,224.0,1,oc-0091,,data/metadata/dartis_positive_verifier_crops.csv,1,train,11.216007735515332,92.0,,,224.0
,OIL::oc-0091::oc-0091__obj_005,CONFIRMED_OIL,,,data/external/dartis/processed/verifier_positive/oc/oc-0091__obj_005.png,oc,1.0,224.0,1,oc-0091,,data/metadata/dartis_positive_verifier_crops.csv,1,train,26.587151602819848,214.0,,,224.0
,OIL::oc-0091::oc-0091__obj_006,CONFIRMED_OIL,,,data/external/dartis/processed/verifier_positive/oc/oc-0091__obj_006.png,oc,1.0,224.0,1,oc-0091,,data/metadata/dartis_positive_verifier_crops.csv,1,train,27.14117197111244,210.0,,,224.0
,OIL::oc-0091::oc-0091__obj_007,CONFIRMED_OIL,,,data/external/dartis/processed/verifier_positive/oc/oc-0091__obj_007.png,oc,1.0,224.0,1,oc-0091,,data/metadata/dartis_positive_verifier_crops.csv,1,train,12.73298473941747,93.0,,,224.0
,OIL::oc-0092::oc-0092__obj_001,CONFIRMED_OIL,,,data/external/dartis/processed/verifier_positive/oc/oc-0092__obj_001.png,oc,1.0,224.0,1,oc-0092,,data/metadata/dartis_positive_verifier_crops.csv,1,train,14.679150379759545,204.0,,,224.0
,OIL::oc-0092::oc-0092__obj_002,CONFIRMED_OIL,,,data/external/dartis/processed/verifier_positive/oc/oc-0092__obj_002.png,oc,1.0,224.0,1,oc-0092,,data/metadata/dartis_positive_verifier_crops.csv,1,train,14.040332308316623,208.0,,,224.0
,OIL::oc-0093::oc-0093__obj_001,CONFIRMED_OIL,,,data/external/dartis/processed/verifier_positive/oc/oc-0093__obj_001.png,oc,1.0,224.0,1,oc-0093,,data/metadata/dartis_positive_verifier_crops.csv,1,calibration,13.238787160144568,105.0,,,224.0
,OIL::oc-0093::oc-0093__obj_002,CONFIRMED_OIL,,,data/external/dartis/processed/verifier_positive/oc/oc-0093__obj_002.png,oc,1.0,224.0,1,oc-0093,,data/metadata/dartis_positive_verifier_crops.csv,1,calibration,12.366902108285036,102.0,,,224.0
,OIL::oc-0093::oc-0093__obj_003,CONFIRMED_OIL,,,data/external/dartis/processed/verifier_positive/oc/oc-0093__obj_003.png,oc,1.0,224.0,1,oc-0093,,data/metadata/dartis_positive_verifier_crops.csv,1,calibration,13.4383155361342,104.0,,,224.0
,OIL::oc-0093::oc-0093__obj_004,CONFIRMED_OIL,,,data/external/dartis/processed/verifier_positive/oc/oc-0093__obj_004.png,oc,1.0,224.0,1,oc-0093,,data/metadata/dartis_positive_verifier_crops.csv,1,calibration,12.410975365867325,102.0,,,224.0
,OIL::oc-0094::oc-0094__obj_001,CONFIRMED_OIL,,,data/external/dartis/processed/verifier_positive/oc/oc-0094__obj_001.png,oc,1.0,224.0,1,oc-0094,,data/metadata/dartis_positive_verifier_crops.csv,1,train,28.438508560200297,205.0,,,224.0
,OIL::oc-0095::oc-0095__obj_001,CONFIRMED_OIL,,,data/external/dartis/processed/verifier_positive/oc/oc-0095__obj_001.png,oc,1.0,224.0,1,oc-0095,,data/metadata/dartis_positive_verifier_crops.csv,1,train,28.05950110583406,187.0,,,224.0
,OIL::oc-0095::oc-0095__obj_002,CONFIRMED_OIL,,,data/external/dartis/processed/verifier_positive/oc/oc-0095__obj_002.png,oc,1.0,224.0,1,oc-0095,,data/metadata/dartis_positive_verifier_crops.csv,1,train,20.81577048632359,189.0,,,224.0
,OIL::oc-0095::oc-0095__obj_003,CONFIRMED_OIL,,,data/external/dartis/processed/verifier_positive/oc/oc-0095__obj_003.png,oc,1.0,224.0,1,oc-0095,,data/metadata/dartis_positive_verifier_crops.csv,1,train,10.555414800027554,85.0,,,224.0
,OIL::oc-0095::oc-0095__obj_004,CONFIRMED_OIL,,,data/external/dartis/processed/verifier_positive/oc/oc-0095__obj_004.png,oc,1.0,224.0,1,oc-0095,,data/metadata/dartis_positive_verifier_crops.csv,1,train,26.07602890996155,184.0,,,224.0
,OIL::oc-0095::oc-0095__obj_005,CONFIRMED_OIL,,,data/external/dartis/processed/verifier_positive/oc/oc-0095__obj_005.png,oc,1.0,224.0,1,oc-0095,,data/metadata/dartis_positive_verifier_crops.csv,1,train,10.300574720450458,78.0,,,224.0
,OIL::oc-0096::oc-0096__obj_001,CONFIRMED_OIL,,,data/external/dartis/processed/verifier_positive/oc/oc-0096__obj_001.png,oc,1.0,224.0,1,oc-0096,,data/metadata/dartis_positive_verifier_crops.csv,1,train,20.401630242421025,235.0,,,224.0
,OIL::oc-0097::oc-0097__obj_001,CONFIRMED_OIL,,,data/external/dartis/processed/verifier_positive/oc/oc-0097__obj_001.png,oc,1.0,224.0,1,oc-0097,,data/metadata/dartis_positive_verifier_crops.csv,1,train,16.146626954572586,165.0,,,224.0
,OIL::oc-0097::oc-0097__obj_002,CONFIRMED_OIL,,,data/external/dartis/processed/verifier_positive/oc/oc-0097__obj_002.png,oc,1.0,224.0,1,oc-0097,,data/metadata/dartis_positive_verifier_crops.csv,1,train,14.374241090795124,132.0,,,224.0
,OIL::oc-0097::oc-0097__obj_003,CONFIRMED_OIL,,,data/external/dartis/processed/verifier_positive/oc/oc-0097__obj_003.png,oc,1.0,224.0,1,oc-0097,,data/metadata/dartis_positive_verifier_crops.csv,1,train,30.782589533640454,233.0,,,224.0
,OIL::oc-0098::oc-0098__obj_001,CONFIRMED_OIL,,,data/external/dartis/processed/verifier_positive/oc/oc-0098__obj_001.png,oc,1.0,224.0,1,oc-0098,,data/metadata/dartis_positive_verifier_crops.csv,1,train,15.493015767203426,98.0,,,224.0
,OIL::oc-0098::oc-0098__obj_002,CONFIRMED_OIL,,,data/external/dartis/processed/verifier_positive/oc/oc-0098__obj_002.png,oc,1.0,224.0,1,oc-0098,,data/metadata/dartis_positive_verifier_crops.csv,1,train,9.661210639037035,84.0,,,224.0
,OIL::oc-0099::oc-0099__obj_001,CONFIRMED_OIL,,,data/external/dartis/processed/verifier_positive/oc/oc-0099__obj_001.png,oc,1.0,224.0,1,oc-0099,,data/metadata/dartis_positive_verifier_crops.csv,1,train,22.12837904837312,144.0,,,224.0
,OIL::oc-0099::oc-0099__obj_002,CONFIRMED_OIL,,,data/external/dartis/processed/verifier_positive/oc/oc-0099__obj_002.png,oc,1.0,224.0,1,oc-0099,,data/metadata/dartis_positive_verifier_crops.csv,1,train,20.421115469244235,148.0,,,224.0
,OIL::oc-0099::oc-0099__obj_003,CONFIRMED_OIL,,,data/external/dartis/processed/verifier_positive/oc/oc-0099__obj_003.png,oc,1.0,224.0,1,oc-0099,,data/metadata/dartis_positive_verifier_crops.csv,1,train,20.62310425438673,144.0,,,224.0
,OIL::oc-0099::oc-0099__obj_004,CONFIRMED_OIL,,,data/external/dartis/processed/verifier_positive/oc/oc-0099__obj_004.png,oc,1.0,224.0,1,oc-0099,,data/metadata/dartis_positive_verifier_crops.csv,1,train,22.96828720639517,145.0,,,224.0
,OIL::oc-0100::oc-0100__obj_001,CONFIRMED_OIL,,,data/external/dartis/processed/verifier_positive/oc/oc-0100__obj_001.png,oc,1.0,224.0,1,oc-0100,,data/metadata/dartis_positive_verifier_crops.csv,1,train,8.160753269607294,71.0,,,224.0
,OIL::oc-0100::oc-0100__obj_002,CONFIRMED_OIL,,,data/external/dartis/processed/verifier_positive/oc/oc-0100__obj_002.png,oc,1.0,224.0,1,oc-0100,,data/metadata/dartis_positive_verifier_crops.csv,1,train,33.12827030256463,238.0,,,224.0
,OIL::oc-0101::oc-0101__obj_001,CONFIRMED_OIL,,,data/external/dartis/processed/verifier_positive/oc/oc-0101__obj_001.png,oc,1.0,224.0,1,oc-0101,,data/metadata/dartis_positive_verifier_crops.csv,1,train,37.91833086842296,202.0,,,224.0
,OIL::oc-0102::oc-0102__obj_001,CONFIRMED_OIL,,,data/external/dartis/processed/verifier_positive/oc/oc-0102__obj_001.png,oc,1.0,224.0,1,oc-0102,,data/metadata/dartis_positive_verifier_crops.csv,1,train,32.84389419976339,177.0,,,224.0
,OIL::oc-0102::oc-0102__obj_002,CONFIRMED_OIL,,,data/external/dartis/processed/verifier_positive/oc/oc-0102__obj_002.png,oc,1.0,224.0,1,oc-0102,,data/metadata/dartis_positive_verifier_crops.csv,1,train,26.713660178178507,159.0,,,224.0
,OIL::oc-0103::oc-0103__obj_001,CONFIRMED_OIL,,,data/external/dartis/processed/verifier_positive/oc/oc-0103__obj_001.png,oc,1.0,224.0,1,oc-0103,,data/metadata/dartis_positive_verifier_crops.csv,1,calibration,18.42924848588699,241.0,,,224.0
,OIL::oc-0104::oc-0104__obj_001,CONFIRMED_OIL,,,data/external/dartis/processed/verifier_positive/oc/oc-0104__obj_001.png,oc,1.0,224.0,1,oc-0104,,data/metadata/dartis_positive_verifier_crops.csv,1,calibration,19.20878855948724,139.0,,,224.0
,OIL::oc-0105::oc-0105__obj_001,CONFIRMED_OIL,,,data/external/dartis/processed/verifier_positive/oc/oc-0105__obj_001.png,oc,1.0,224.0,1,oc-0105,,data/metadata/dartis_positive_verifier_crops.csv,1,train,18.769285394931835,184.0,,,224.0
,OIL::oc-0105::oc-0105__obj_002,CONFIRMED_OIL,,,data/external/dartis/processed/verifier_positive/oc/oc-0105__obj_002.png,oc,1.0,224.0,1,oc-0105,,data/metadata/dartis_positive_verifier_crops.csv,1,train,10.949565048939997,127.0,,,224.0
,OIL::oc-0105::oc-0105__obj_003,CONFIRMED_OIL,,,data/external/dartis/processed/verifier_positive/oc/oc-0105__obj_003.png,oc,1.0,224.0,1,oc-0105,,data/metadata/dartis_positive_verifier_crops.csv,1,train,25.43781415003458,181.0,,,224.0
,OIL::oc-0105::oc-0105__obj_004,CONFIRMED_OIL,,,data/external/dartis/processed/verifier_positive/oc/oc-0105__obj_004.png,oc,1.0,224.0,1,oc-0105,,data/metadata/dartis_positive_verifier_crops.csv,1,train,27.79507392371207,222.0,,,224.0
,OIL::oc-0106::oc-0106__obj_001,CONFIRMED_OIL,,,data/external/dartis/processed/verifier_positive/oc/oc-0106__obj_001.png,oc,1.0,224.0,1,oc-0106,,data/metadata/dartis_positive_verifier_crops.csv,1,train,14.03988535383192,130.0,,,224.0
,OIL::oc-0107::oc-0107__obj_001,CONFIRMED_OIL,,,data/external/dartis/processed/verifier_positive/oc/oc-0107__obj_001.png,oc,1.0,224.0,1,oc-0107,,data/metadata/dartis_positive_verifier_crops.csv,1,calibration,7.514314433819574,72.0,,,224.0
,OIL::oc-0107::oc-0107__obj_002,CONFIRMED_OIL,,,data/external/dartis/processed/verifier_positive/oc/oc-0107__obj_002.png,oc,1.0,224.0,1,oc-0107,,data/metadata/dartis_positive_verifier_crops.csv,1,calibration,20.18942631406496,182.0,,,224.0
,OIL::oc-0107::oc-0107__obj_003,CONFIRMED_OIL,,,data/external/dartis/processed/verifier_positive/oc/oc-0107__obj_003.png,oc,1.0,224.0,1,oc-0107,,data/metadata/dartis_positive_verifier_crops.csv,1,calibration,7.803947704896638,88.0,,,224.0
,OIL::oc-0107::oc-0107__obj_004,CONFIRMED_OIL,,,data/external/dartis/processed/verifier_positive/oc/oc-0107__obj_004.png,oc,1.0,224.0,1,oc-0107,,data/metadata/dartis_positive_verifier_crops.csv,1,calibration,12.697139960777422,115.0,,,224.0
,OIL::oc-0107::oc-0107__obj_005,CONFIRMED_OIL,,,data/external/dartis/processed/verifier_positive/oc/oc-0107__obj_005.png,oc,1.0,224.0,1,oc-0107,,data/metadata/dartis_positive_verifier_crops.csv,1,calibration,13.046870272170857,126.0,,,224.0
,OIL::oc-0107::oc-0107__obj_006,CONFIRMED_OIL,,,data/external/dartis/processed/verifier_positive/oc/oc-0107__obj_006.png,oc,1.0,224.0,1,oc-0107,,data/metadata/dartis_positive_verifier_crops.csv,1,calibration,12.033250435096704,107.0,,,224.0
,OIL::oc-0107::oc-0107__obj_007,CONFIRMED_OIL,,,data/external/dartis/processed/verifier_positive/oc/oc-0107__obj_007.png,oc,1.0,224.0,1,oc-0107,,data/metadata/dartis_positive_verifier_crops.csv,1,calibration,17.506664779494564,230.0,,,224.0
,OIL::oc-0107::oc-0107__obj_008,CONFIRMED_OIL,,,data/external/dartis/processed/verifier_positive/oc/oc-0107__obj_008.png,oc,1.0,224.0,1,oc-0107,,data/metadata/dartis_positive_verifier_crops.csv,1,calibration,12.948385144529244,113.0,,,224.0
,OIL::oc-0107::oc-0107__obj_009,CONFIRMED_OIL,,,data/external/dartis/processed/verifier_positive/oc/oc-0107__obj_009.png,oc,1.0,224.0,1,oc-0107,,data/metadata/dartis_positive_verifier_crops.csv,1,calibration,10.595861589958531,96.0,,,224.0
,OIL::oc-0107::oc-0107__obj_010,CONFIRMED_OIL,,,data/external/dartis/processed/verifier_positive/oc/oc-0107__obj_010.png,oc,1.0,224.0,1,oc-0107,,data/metadata/dartis_positive_verifier_crops.csv,1,calibration,11.531722435477782,109.0,,,224.0
,OIL::oc-0108::oc-0108__obj_001,CONFIRMED_OIL,,,data/external/dartis/processed/verifier_positive/oc/oc-0108__obj_001.png,oc,1.0,224.0,1,oc-0108,,data/metadata/dartis_positive_verifier_crops.csv,1,train,20.24609730299575,238.0,,,224.0
,OIL::oc-0108::oc-0108__obj_002,CONFIRMED_OIL,,,data/external/dartis/processed/verifier_positive/oc/oc-0108__obj_002.png,oc,1.0,224.0,1,oc-0108,,data/metadata/dartis_positive_verifier_crops.csv,1,train,9.19955640872575,71.0,,,224.0
,OIL::oc-0109::oc-0109__obj_001,CONFIRMED_OIL,,,data/external/dartis/processed/verifier_positive/oc/oc-0109__obj_001.png,oc,1.0,224.0,1,oc-0109,,data/metadata/dartis_positive_verifier_crops.csv,1,train,11.021127596876656,90.0,,,224.0
,OIL::oc-0110::oc-0110__obj_001,CONFIRMED_OIL,,,data/external/dartis/processed/verifier_positive/oc/oc-0110__obj_001.png,oc,1.0,224.0,1,oc-0110,,data/metadata/dartis_positive_verifier_crops.csv,1,train,15.295545860214618,134.0,,,224.0
,OIL::oc-0110::oc-0110__obj_002,CONFIRMED_OIL,,,data/external/dartis/processed/verifier_positive/oc/oc-0110__obj_002.png,oc,1.0,224.0,1,oc-0110,,data/metadata/dartis_positive_verifier_crops.csv,1,train,20.164460158202804,233.0,,,224.0
,OIL::oc-0111::oc-0111__obj_001,CONFIRMED_OIL,,,data/external/dartis/processed/verifier_positive/oc/oc-0111__obj_001.png,oc,1.0,224.0,1,oc-0111,,data/metadata/dartis_positive_verifier_crops.csv,1,train,13.22552479298696,132.0,,,224.0
,OIL::oc-0111::oc-0111__obj_002,CONFIRMED_OIL,,,data/external/dartis/processed/verifier_positive/oc/oc-0111__obj_002.png,oc,1.0,224.0,1,oc-0111,,data/metadata/dartis_positive_verifier_crops.csv,1,train,13.544489912307975,108.0,,,224.0
,OIL::oc-0111::oc-0111__obj_003,CONFIRMED_OIL,,,data/external/dartis/processed/verifier_positive/oc/oc-0111__obj_003.png,oc,1.0,224.0,1,oc-0111,,data/metadata/dartis_positive_verifier_crops.csv,1,train,21.760074310021643,226.0,,,224.0
,OIL::oc-0111::oc-0111__obj_004,CONFIRMED_OIL,,,data/external/dartis/processed/verifier_positive/oc/oc-0111__obj_004.png,oc,1.0,224.0,1,oc-0111,,data/metadata/dartis_positive_verifier_crops.csv,1,train,15.515004512733118,113.0,,,224.0
,OIL::oc-0111::oc-0111__obj_005,CONFIRMED_OIL,,,data/external/dartis/processed/verifier_positive/oc/oc-0111__obj_005.png,oc,1.0,224.0,1,oc-0111,,data/metadata/dartis_positive_verifier_crops.csv,1,train,13.867106995658744,101.0,,,224.0
,OIL::oc-0111::oc-0111__obj_006,CONFIRMED_OIL,,,data/external/dartis/processed/verifier_positive/oc/oc-0111__obj_006.png,oc,1.0,224.0,1,oc-0111,,data/metadata/dartis_positive_verifier_crops.csv,1,train,15.11756477319086,107.0,,,224.0
,OIL::oc-0112::oc-0112__obj_001,CONFIRMED_OIL,,,data/external/dartis/processed/verifier_positive/oc/oc-0112__obj_001.png,oc,1.0,224.0,1,oc-0112,,data/metadata/dartis_positive_verifier_crops.csv,1,train,21.25385217604914,242.0,,,224.0
,OIL::oc-0113::oc-0113__obj_001,CONFIRMED_OIL,,,data/external/dartis/processed/verifier_positive/oc/oc-0113__obj_001.png,oc,1.0,224.0,1,oc-0113,,data/metadata/dartis_positive_verifier_crops.csv,1,calibration,31.958490722319794,205.0,,,224.0
,OIL::oc-0113::oc-0113__obj_002,CONFIRMED_OIL,,,data/external/dartis/processed/verifier_positive/oc/oc-0113__obj_002.png,oc,1.0,224.0,1,oc-0113,,data/metadata/dartis_positive_verifier_crops.csv,1,calibration,33.75806207764868,198.0,,,224.0
,OIL::oc-0113::oc-0113__obj_003,CONFIRMED_OIL,,,data/external/dartis/processed/verifier_positive/oc/oc-0113__obj_003.png,oc,1.0,224.0,1,oc-0113,,data/metadata/dartis_positive_verifier_crops.csv,1,calibration,32.02028847986101,189.0,,,224.0
,OIL::oc-0113::oc-0113__obj_004,CONFIRMED_OIL,,,data/external/dartis/processed/verifier_positive/oc/oc-0113__obj_004.png,oc,1.0,224.0,1,oc-0113,,data/metadata/dartis_positive_verifier_crops.csv,1,calibration,29.20984989712943,198.0,,,224.0
,OIL::oc-0114::oc-0114__obj_001,CONFIRMED_OIL,,,data/external/dartis/processed/verifier_positive/oc/oc-0114__obj_001.png,oc,1.0,224.0,1,oc-0114,,data/metadata/dartis_positive_verifier_crops.csv,1,train,12.39696088290818,92.0,,,224.0
,OIL::oc-0114::oc-0114__obj_002,CONFIRMED_OIL,,,data/external/dartis/processed/verifier_positive/oc/oc-0114__obj_002.png,oc,1.0,224.0,1,oc-0114,,data/metadata/dartis_positive_verifier_crops.csv,1,train,10.862277017998355,84.0,,,224.0
,OIL::oc-0115::oc-0115__obj_001,CONFIRMED_OIL,,,data/external/dartis/processed/verifier_positive/oc/oc-0115__obj_001.png,oc,1.0,224.0,1,oc-0115,,data/metadata/dartis_positive_verifier_crops.csv,1,calibration,23.279762203172115,187.0,,,224.0
,OIL::oc-0115::oc-0115__obj_002,CONFIRMED_OIL,,,data/external/dartis/processed/verifier_positive/oc/oc-0115__obj_002.png,oc,1.0,224.0,1,oc-0115,,data/metadata/dartis_positive_verifier_crops.csv,1,calibration,22.273983021503057,190.0,,,224.0
,OIL::oc-0115::oc-0115__obj_003,CONFIRMED_OIL,,,data/external/dartis/processed/verifier_positive/oc/oc-0115__obj_003.png,oc,1.0,224.0,1,oc-0115,,data/metadata/dartis_positive_verifier_crops.csv,1,calibration,22.15545956691457,177.0,,,224.0
,OIL::oc-0115::oc-0115__obj_004,CONFIRMED_OIL,,,data/external/dartis/processed/verifier_positive/oc/oc-0115__obj_004.png,oc,1.0,224.0,1,oc-0115,,data/metadata/dartis_positive_verifier_crops.csv,1,calibration,29.550520715586657,200.0,,,224.0
,OIL::oc-0115::oc-0115__obj_005,CONFIRMED_OIL,,,data/external/dartis/processed/verifier_positive/oc/oc-0115__obj_005.png,oc,1.0,224.0,1,oc-0115,,data/metadata/dartis_positive_verifier_crops.csv,1,calibration,21.56765597487874,184.0,,,224.0
,OIL::oc-0115::oc-0115__obj_006,CONFIRMED_OIL,,,data/external/dartis/processed/verifier_positive/oc/oc-0115__obj_006.png,oc,1.0,224.0,1,oc-0115,,data/metadata/dartis_positive_verifier_crops.csv,1,calibration,23.32431891343697,205.0,,,224.0
,OIL::oc-0116::oc-0116__obj_001,CONFIRMED_OIL,,,data/external/dartis/processed/verifier_positive/oc/oc-0116__obj_001.png,oc,1.0,224.0,1,oc-0116,,data/metadata/dartis_positive_verifier_crops.csv,1,train,23.24942309542156,190.0,,,224.0
,OIL::oc-0117::oc-0117__obj_001,CONFIRMED_OIL,,,data/external/dartis/processed/verifier_positive/oc/oc-0117__obj_001.png,oc,1.0,224.0,1,oc-0117,,data/metadata/dartis_positive_verifier_crops.csv,1,train,35.39676729776791,199.0,,,224.0
,OIL::oc-0117::oc-0117__obj_002,CONFIRMED_OIL,,,data/external/dartis/processed/verifier_positive/oc/oc-0117__obj_002.png,oc,1.0,224.0,1,oc-0117,,data/metadata/dartis_positive_verifier_crops.csv,1,train,34.459344517359526,241.0,,,224.0
,OIL::oc-0118::oc-0118__obj_001,CONFIRMED_OIL,,,data/external/dartis/processed/verifier_positive/oc/oc-0118__obj_001.png,oc,1.0,224.0,1,oc-0118,,data/metadata/dartis_positive_verifier_crops.csv,1,train,25.395591969361007,225.0,,,224.0
,OIL::oc-0119::oc-0119__obj_001,CONFIRMED_OIL,,,data/external/dartis/processed/verifier_positive/oc/oc-0119__obj_001.png,oc,1.0,224.0,1,oc-0119,,data/metadata/dartis_positive_verifier_crops.csv,1,train,25.60756221127736,178.0,,,224.0
,OIL::oc-0119::oc-0119__obj_002,CONFIRMED_OIL,,,data/external/dartis/processed/verifier_positive/oc/oc-0119__obj_002.png,oc,1.0,224.0,1,oc-0119,,data/metadata/dartis_positive_verifier_crops.csv,1,train,28.72854107948864,190.0,,,224.0
,OIL::oc-0119::oc-0119__obj_003,CONFIRMED_OIL,,,data/external/dartis/processed/verifier_positive/oc/oc-0119__obj_003.png,oc,1.0,224.0,1,oc-0119,,data/metadata/dartis_positive_verifier_crops.csv,1,train,30.534422521990987,193.0,,,224.0
,OIL::oc-0120::oc-0120__obj_001,CONFIRMED_OIL,,,data/external/dartis/processed/verifier_positive/oc/oc-0120__obj_001.png,oc,1.0,224.0,1,oc-0120,,data/metadata/dartis_positive_verifier_crops.csv,1,calibration,20.918178897234768,149.0,,,224.0
,OIL::oc-0120::oc-0120__obj_002,CONFIRMED_OIL,,,data/external/dartis/processed/verifier_positive/oc/oc-0120__obj_002.png,oc,1.0,224.0,1,oc-0120,,data/metadata/dartis_positive_verifier_crops.csv,1,calibration,20.28157825172398,140.0,,,224.0
,OIL::oc-0121::oc-0121__obj_001,CONFIRMED_OIL,,,data/external/dartis/processed/verifier_positive/oc/oc-0121__obj_001.png,oc,1.0,224.0,1,oc-0121,,data/metadata/dartis_positive_verifier_crops.csv,1,train,19.51642616073191,205.0,,,224.0
,OIL::oc-0122::oc-0122__obj_001,CONFIRMED_OIL,,,data/external/dartis/processed/verifier_positive/oc/oc-0122__obj_001.png,oc,1.0,224.0,1,oc-0122,,data/metadata/dartis_positive_verifier_crops.csv,1,train,10.760412436980287,82.0,,,224.0
,OIL::oc-0122::oc-0122__obj_002,CONFIRMED_OIL,,,data/external/dartis/processed/verifier_positive/oc/oc-0122__obj_002.png,oc,1.0,224.0,1,oc-0122,,data/metadata/dartis_positive_verifier_crops.csv,1,train,11.450709232582875,84.0,,,224.0
,OIL::oc-0122::oc-0122__obj_003,CONFIRMED_OIL,,,data/external/dartis/processed/verifier_positive/oc/oc-0122__obj_003.png,oc,1.0,224.0,1,oc-0122,,data/metadata/dartis_positive_verifier_crops.csv,1,train,11.482962236533863,83.0,,,224.0
,OIL::oc-0122::oc-0122__obj_004,CONFIRMED_OIL,,,data/external/dartis/processed/verifier_positive/oc/oc-0122__obj_004.png,oc,1.0,224.0,1,oc-0122,,data/metadata/dartis_positive_verifier_crops.csv,1,train,10.820967394051335,82.0,,,224.0
,OIL::oc-0122::oc-0122__obj_005,CONFIRMED_OIL,,,data/external/dartis/processed/verifier_positive/oc/oc-0122__obj_005.png,oc,1.0,224.0,1,oc-0122,,data/metadata/dartis_positive_verifier_crops.csv,1,train,11.0498875407647,85.0,,,224.0
,OIL::oc-0123::oc-0123__obj_001,CONFIRMED_OIL,,,data/external/dartis/processed/verifier_positive/oc/oc-0123__obj_001.png,oc,1.0,224.0,1,oc-0123,,data/metadata/dartis_positive_verifier_crops.csv,1,train,15.30973751470132,137.0,,,224.0
,OIL::oc-0123::oc-0123__obj_002,CONFIRMED_OIL,,,data/external/dartis/processed/verifier_positive/oc/oc-0123__obj_002.png,oc,1.0,224.0,1,oc-0123,,data/metadata/dartis_positive_verifier_crops.csv,1,train,15.0099171237139,137.0,,,224.0
,OIL::oc-0123::oc-0123__obj_003,CONFIRMED_OIL,,,data/external/dartis/processed/verifier_positive/oc/oc-0123__obj_003.png,oc,1.0,224.0,1,oc-0123,,data/metadata/dartis_positive_verifier_crops.csv,1,train,15.612696755909816,136.0,,,224.0
,OIL::oc-0123::oc-0123__obj_004,CONFIRMED_OIL,,,data/external/dartis/processed/verifier_positive/oc/oc-0123__obj_004.png,oc,1.0,224.0,1,oc-0123,,data/metadata/dartis_positive_verifier_crops.csv,1,train,14.13784491652542,131.0,,,224.0
,OIL::oc-0123::oc-0123__obj_005,CONFIRMED_OIL,,,data/external/dartis/processed/verifier_positive/oc/oc-0123__obj_005.png,oc,1.0,224.0,1,oc-0123,,data/metadata/dartis_positive_verifier_crops.csv,1,train,14.864813074748742,137.0,,,224.0
,OIL::oc-0124::oc-0124__obj_001,CONFIRMED_OIL,,,data/external/dartis/processed/verifier_positive/oc/oc-0124__obj_001.png,oc,1.0,224.0,1,oc-0124,,data/metadata/dartis_positive_verifier_crops.csv,1,train,20.861902073993186,174.0,,,224.0
,OIL::oc-0124::oc-0124__obj_002,CONFIRMED_OIL,,,data/external/dartis/processed/verifier_positive/oc/oc-0124__obj_002.png,oc,1.0,224.0,1,oc-0124,,data/metadata/dartis_positive_verifier_crops.csv,1,train,12.394137380793891,111.0,,,224.0
,OIL::oc-0125::oc-0125__obj_001,CONFIRMED_OIL,,,data/external/dartis/processed/verifier_positive/oc/oc-0125__obj_001.png,oc,1.0,224.0,1,oc-0125,,data/metadata/dartis_positive_verifier_crops.csv,1,calibration,15.07674521571404,144.0,,,224.0
,OIL::oc-0125::oc-0125__obj_002,CONFIRMED_OIL,,,data/external/dartis/processed/verifier_positive/oc/oc-0125__obj_002.png,oc,1.0,224.0,1,oc-0125,,data/metadata/dartis_positive_verifier_crops.csv,1,calibration,29.382588088324624,246.0,,,224.0
,OIL::oc-0125::oc-0125__obj_003,CONFIRMED_OIL,,,data/external/dartis/processed/verifier_positive/oc/oc-0125__obj_003.png,oc,1.0,224.0,1,oc-0125,,data/metadata/dartis_positive_verifier_crops.csv,1,calibration,23.04844180696425,232.0,,,224.0
,OIL::oc-0126::oc-0126__obj_001,CONFIRMED_OIL,,,data/external/dartis/processed/verifier_positive/oc/oc-0126__obj_001.png,oc,1.0,224.0,1,oc-0126,,data/metadata/dartis_positive_verifier_crops.csv,1,train,15.33292136397512,127.0,,,224.0
,OIL::oc-0127::oc-0127__obj_001,CONFIRMED_OIL,,,data/external/dartis/processed/verifier_positive/oc/oc-0127__obj_001.png,oc,1.0,224.0,1,oc-0127,,data/metadata/dartis_positive_verifier_crops.csv,1,train,20.125383057905776,127.0,,,224.0
,OIL::oc-0127::oc-0127__obj_002,CONFIRMED_OIL,,,data/external/dartis/processed/verifier_positive/oc/oc-0127__obj_002.png,oc,1.0,224.0,1,oc-0127,,data/metadata/dartis_positive_verifier_crops.csv,1,train,15.223574371291706,115.0,,,224.0
,OIL::oc-0127::oc-0127__obj_003,CONFIRMED_OIL,,,data/external/dartis/processed/verifier_positive/oc/oc-0127__obj_003.png,oc,1.0,224.0,1,oc-0127,,data/metadata/dartis_positive_verifier_crops.csv,1,train,14.718177140628114,169.0,,,224.0
,OIL::oc-0127::oc-0127__obj_004,CONFIRMED_OIL,,,data/external/dartis/processed/verifier_positive/oc/oc-0127__obj_004.png,oc,1.0,224.0,1,oc-0127,,data/metadata/dartis_positive_verifier_crops.csv,1,train,16.372422828051533,135.0,,,224.0
,OIL::oc-0127::oc-0127__obj_005,CONFIRMED_OIL,,,data/external/dartis/processed/verifier_positive/oc/oc-0127__obj_005.png,oc,1.0,224.0,1,oc-0127,,data/metadata/dartis_positive_verifier_crops.csv,1,train,15.676452398062429,171.0,,,224.0
,OIL::oc-0127::oc-0127__obj_006,CONFIRMED_OIL,,,data/external/dartis/processed/verifier_positive/oc/oc-0127__obj_006.png,oc,1.0,224.0,1,oc-0127,,data/metadata/dartis_positive_verifier_crops.csv,1,train,11.96980964107545,103.0,,,224.0
,OIL::oc-0128::oc-0128__obj_001,CONFIRMED_OIL,,,data/external/dartis/processed/verifier_positive/oc/oc-0128__obj_001.png,oc,1.0,224.0,1,oc-0128,,data/metadata/dartis_positive_verifier_crops.csv,1,train,9.643899769894873,91.0,,,224.0
,OIL::oc-0129::oc-0129__obj_001,CONFIRMED_OIL,,,data/external/dartis/processed/verifier_positive/oc/oc-0129__obj_001.png,oc,1.0,224.0,1,oc-0129,,data/metadata/dartis_positive_verifier_crops.csv,1,train,26.87855851808899,181.0,,,224.0
,OIL::oc-0129::oc-0129__obj_002,CONFIRMED_OIL,,,data/external/dartis/processed/verifier_positive/oc/oc-0129__obj_002.png,oc,1.0,224.0,1,oc-0129,,data/metadata/dartis_positive_verifier_crops.csv,1,train,13.643114131755068,103.0,,,224.0
,OIL::oc-0129::oc-0129__obj_003,CONFIRMED_OIL,,,data/external/dartis/processed/verifier_positive/oc/oc-0129__obj_003.png,oc,1.0,224.0,1,oc-0129,,data/metadata/dartis_positive_verifier_crops.csv,1,train,29.705206678507118,172.0,,,224.0
,OIL::oc-0130::oc-0130__obj_001,CONFIRMED_OIL,,,data/external/dartis/processed/verifier_positive/oc/oc-0130__obj_001.png,oc,1.0,224.0,1,oc-0130,,data/metadata/dartis_positive_verifier_crops.csv,1,train,23.905947542389264,157.0,,,224.0
,OIL::oc-0130::oc-0130__obj_002,CONFIRMED_OIL,,,data/external/dartis/processed/verifier_positive/oc/oc-0130__obj_002.png,oc,1.0,224.0,1,oc-0130,,data/metadata/dartis_positive_verifier_crops.csv,1,train,23.184102938197128,143.0,,,224.0
,OIL::oc-0131::oc-0131__obj_001,CONFIRMED_OIL,,,data/external/dartis/processed/verifier_positive/oc/oc-0131__obj_001.png,oc,1.0,224.0,1,oc-0131,,data/metadata/dartis_positive_verifier_crops.csv,1,train,13.14103974842182,95.0,,,224.0
,OIL::oc-0132::oc-0132__obj_001,CONFIRMED_OIL,,,data/external/dartis/processed/verifier_positive/oc/oc-0132__obj_001.png,oc,1.0,224.0,1,oc-0132,,data/metadata/dartis_positive_verifier_crops.csv,1,train,26.06529262781219,197.0,,,224.0
,OIL::oc-0132::oc-0132__obj_002,CONFIRMED_OIL,,,data/external/dartis/processed/verifier_positive/oc/oc-0132__obj_002.png,oc,1.0,224.0,1,oc-0132,,data/metadata/dartis_positive_verifier_crops.csv,1,train,31.055555515021545,185.0,,,224.0
,OIL::oc-0133::oc-0133__obj_001,CONFIRMED_OIL,,,data/external/dartis/processed/verifier_positive/oc/oc-0133__obj_001.png,oc,1.0,224.0,1,oc-0133,,data/metadata/dartis_positive_verifier_crops.csv,1,train,17.350767126506028,213.0,,,224.0
,OIL::oc-0134::oc-0134__obj_001,CONFIRMED_OIL,,,data/external/dartis/processed/verifier_positive/oc/oc-0134__obj_001.png,oc,1.0,224.0,1,oc-0134,,data/metadata/dartis_positive_verifier_crops.csv,1,calibration,11.76504347154718,153.0,,,224.0
,OIL::oc-0134::oc-0134__obj_002,CONFIRMED_OIL,,,data/external/dartis/processed/verifier_positive/oc/oc-0134__obj_002.png,oc,1.0,224.0,1,oc-0134,,data/metadata/dartis_positive_verifier_crops.csv,1,calibration,12.056145727795732,110.0,,,224.0
,OIL::oc-0135::oc-0135__obj_001,CONFIRMED_OIL,,,data/external/dartis/processed/verifier_positive/oc/oc-0135__obj_001.png,oc,1.0,224.0,1,oc-0135,,data/metadata/dartis_positive_verifier_crops.csv,1,train,11.648952076206632,105.0,,,224.0
,OIL::oc-0135::oc-0135__obj_002,CONFIRMED_OIL,,,data/external/dartis/processed/verifier_positive/oc/oc-0135__obj_002.png,oc,1.0,224.0,1,oc-0135,,data/metadata/dartis_positive_verifier_crops.csv,1,train,12.127766449636022,160.0,,,224.0
,OIL::oc-0135::oc-0135__obj_003,CONFIRMED_OIL,,,data/external/dartis/processed/verifier_positive/oc/oc-0135__obj_003.png,oc,1.0,224.0,1,oc-0135,,data/metadata/dartis_positive_verifier_crops.csv,1,train,18.9326576919167,180.0,,,224.0
,OIL::oc-0136::oc-0136__obj_001,CONFIRMED_OIL,,,data/external/dartis/processed/verifier_positive/oc/oc-0136__obj_001.png,oc,1.0,224.0,1,oc-0136,,data/metadata/dartis_positive_verifier_crops.csv,1,train,26.727300974444585,168.0,,,224.0
,OIL::oc-0137::oc-0137__obj_001,CONFIRMED_OIL,,,data/external/dartis/processed/verifier_positive/oc/oc-0137__obj_001.png,oc,1.0,224.0,1,oc-0137,,data/metadata/dartis_positive_verifier_crops.csv,1,train,13.36362676709328,213.0,,,224.0
,OIL::oc-0138::oc-0138__obj_001,CONFIRMED_OIL,,,data/external/dartis/processed/verifier_positive/oc/oc-0138__obj_001.png,oc,1.0,224.0,1,oc-0138,,data/metadata/dartis_positive_verifier_crops.csv,1,train,14.381223685136575,110.0,,,224.0
,OIL::oc-0138::oc-0138__obj_002,CONFIRMED_OIL,,,data/external/dartis/processed/verifier_positive/oc/oc-0138__obj_002.png,oc,1.0,224.0,1,oc-0138,,data/metadata/dartis_positive_verifier_crops.csv,1,train,17.35093696559148,226.0,,,224.0
,OIL::oc-0138::oc-0138__obj_003,CONFIRMED_OIL,,,data/external/dartis/processed/verifier_positive/oc/oc-0138__obj_003.png,oc,1.0,224.0,1,oc-0138,,data/metadata/dartis_positive_verifier_crops.csv,1,train,15.715590984962647,134.0,,,224.0
,OIL::oc-0138::oc-0138__obj_004,CONFIRMED_OIL,,,data/external/dartis/processed/verifier_positive/oc/oc-0138__obj_004.png,oc,1.0,224.0,1,oc-0138,,data/metadata/dartis_positive_verifier_crops.csv,1,train,20.087499980966488,220.0,,,224.0
,OIL::oc-0139::oc-0139__obj_001,CONFIRMED_OIL,,,data/external/dartis/processed/verifier_positive/oc/oc-0139__obj_001.png,oc,1.0,224.0,1,oc-0139,,data/metadata/dartis_positive_verifier_crops.csv,1,train,13.223778268938872,131.0,,,224.0
,OIL::oc-0139::oc-0139__obj_002,CONFIRMED_OIL,,,data/external/dartis/processed/verifier_positive/oc/oc-0139__obj_002.png,oc,1.0,224.0,1,oc-0139,,data/metadata/dartis_positive_verifier_crops.csv,1,train,15.375495528659403,183.0,,,224.0
,OIL::oc-0139::oc-0139__obj_003,CONFIRMED_OIL,,,data/external/dartis/processed/verifier_positive/oc/oc-0139__obj_003.png,oc,1.0,224.0,1,oc-0139,,data/metadata/dartis_positive_verifier_crops.csv,1,train,11.83163070445377,142.0,,,224.0
,OIL::oc-0140::oc-0140__obj_001,CONFIRMED_OIL,,,data/external/dartis/processed/verifier_positive/oc/oc-0140__obj_001.png,oc,1.0,224.0,1,oc-0140,,data/metadata/dartis_positive_verifier_crops.csv,1,train,10.65842905979378,83.0,,,224.0
,OIL::oc-0141::oc-0141__obj_001,CONFIRMED_OIL,,,data/external/dartis/processed/verifier_positive/oc/oc-0141__obj_001.png,oc,1.0,224.0,1,oc-0141,,data/metadata/dartis_positive_verifier_crops.csv,1,train,25.90183837768205,228.0,,,224.0
,OIL::oc-0142::oc-0142__obj_001,CONFIRMED_OIL,,,data/external/dartis/processed/verifier_positive/oc/oc-0142__obj_001.png,oc,1.0,224.0,1,oc-0142,,data/metadata/dartis_positive_verifier_crops.csv,1,train,21.51952606223381,152.0,,,224.0
,OIL::oc-0143::oc-0143__obj_001,CONFIRMED_OIL,,,data/external/dartis/processed/verifier_positive/oc/oc-0143__obj_001.png,oc,1.0,224.0,1,oc-0143,,data/metadata/dartis_positive_verifier_crops.csv,1,train,14.775224683555434,202.0,,,224.0
,OIL::oc-0143::oc-0143__obj_002,CONFIRMED_OIL,,,data/external/dartis/processed/verifier_positive/oc/oc-0143__obj_002.png,oc,1.0,224.0,1,oc-0143,,data/metadata/dartis_positive_verifier_crops.csv,1,train,23.948913531370973,198.0,,,224.0
,OIL::oc-0144::oc-0144__obj_001,CONFIRMED_OIL,,,data/external/dartis/processed/verifier_positive/oc/oc-0144__obj_001.png,oc,1.0,224.0,1,oc-0144,,data/metadata/dartis_positive_verifier_crops.csv,1,train,11.72761565931491,100.0,,,224.0
,OIL::oc-0145::oc-0145__obj_001,CONFIRMED_OIL,,,data/external/dartis/processed/verifier_positive/oc/oc-0145__obj_001.png,oc,1.0,224.0,1,oc-0145,,data/metadata/dartis_positive_verifier_crops.csv,1,train,22.422295371480825,176.0,,,224.0
,OIL::oc-0145::oc-0145__obj_002,CONFIRMED_OIL,,,data/external/dartis/processed/verifier_positive/oc/oc-0145__obj_002.png,oc,1.0,224.0,1,oc-0145,,data/metadata/dartis_positive_verifier_crops.csv,1,train,28.286679728932363,231.0,,,224.0
,OIL::oc-0145::oc-0145__obj_003,CONFIRMED_OIL,,,data/external/dartis/processed/verifier_positive/oc/oc-0145__obj_003.png,oc,1.0,224.0,1,oc-0145,,data/metadata/dartis_positive_verifier_crops.csv,1,train,9.563342471115742,94.0,,,224.0
,OIL::oc-0145::oc-0145__obj_004,CONFIRMED_OIL,,,data/external/dartis/processed/verifier_positive/oc/oc-0145__obj_004.png,oc,1.0,224.0,1,oc-0145,,data/metadata/dartis_positive_verifier_crops.csv,1,train,11.668567188602532,90.0,,,224.0
,OIL::oc-0145::oc-0145__obj_005,CONFIRMED_OIL,,,data/external/dartis/processed/verifier_positive/oc/oc-0145__obj_005.png,oc,1.0,224.0,1,oc-0145,,data/metadata/dartis_positive_verifier_crops.csv,1,train,24.724497486422944,176.0,,,224.0
,OIL::oc-0145::oc-0145__obj_006,CONFIRMED_OIL,,,data/external/dartis/processed/verifier_positive/oc/oc-0145__obj_006.png,oc,1.0,224.0,1,oc-0145,,data/metadata/dartis_positive_verifier_crops.csv,1,train,24.64283334010664,163.0,,,224.0
,OIL::oc-0146::oc-0146__obj_001,CONFIRMED_OIL,,,data/external/dartis/processed/verifier_positive/oc/oc-0146__obj_001.png,oc,1.0,224.0,1,oc-0146,,data/metadata/dartis_positive_verifier_crops.csv,1,train,31.02937937994897,183.0,,,224.0
,OIL::oc-0146::oc-0146__obj_002,CONFIRMED_OIL,,,data/external/dartis/processed/verifier_positive/oc/oc-0146__obj_002.png,oc,1.0,224.0,1,oc-0146,,data/metadata/dartis_positive_verifier_crops.csv,1,train,21.594504952959664,162.0,,,224.0
,OIL::oc-0146::oc-0146__obj_003,CONFIRMED_OIL,,,data/external/dartis/processed/verifier_positive/oc/oc-0146__obj_003.png,oc,1.0,224.0,1,oc-0146,,data/metadata/dartis_positive_verifier_crops.csv,1,train,21.11186234869072,150.0,,,224.0
,OIL::oc-0146::oc-0146__obj_004,CONFIRMED_OIL,,,data/external/dartis/processed/verifier_positive/oc/oc-0146__obj_004.png,oc,1.0,224.0,1,oc-0146,,data/metadata/dartis_positive_verifier_crops.csv,1,train,28.32178387454396,178.0,,,224.0
,OIL::oc-0147::oc-0147__obj_001,CONFIRMED_OIL,,,data/external/dartis/processed/verifier_positive/oc/oc-0147__obj_001.png,oc,1.0,224.0,1,oc-0147,,data/metadata/dartis_positive_verifier_crops.csv,1,calibration,21.06562729399821,157.0,,,224.0
,OIL::oc-0147::oc-0147__obj_002,CONFIRMED_OIL,,,data/external/dartis/processed/verifier_positive/oc/oc-0147__obj_002.png,oc,1.0,224.0,1,oc-0147,,data/metadata/dartis_positive_verifier_crops.csv,1,calibration,27.302610883055376,171.0,,,224.0
,OIL::oc-0148::oc-0148__obj_001,CONFIRMED_OIL,,,data/external/dartis/processed/verifier_positive/oc/oc-0148__obj_001.png,oc,1.0,224.0,1,oc-0148,,data/metadata/dartis_positive_verifier_crops.csv,1,train,16.678586374759192,119.0,,,224.0
,OIL::oc-0149::oc-0149__obj_001,CONFIRMED_OIL,,,data/external/dartis/processed/verifier_positive/oc/oc-0149__obj_001.png,oc,1.0,224.0,1,oc-0149,,data/metadata/dartis_positive_verifier_crops.csv,1,calibration,9.379936437797534,78.0,,,224.0
,OIL::oc-0149::oc-0149__obj_002,CONFIRMED_OIL,,,data/external/dartis/processed/verifier_positive/oc/oc-0149__obj_002.png,oc,1.0,224.0,1,oc-0149,,data/metadata/dartis_positive_verifier_crops.csv,1,calibration,12.33861699972315,148.0,,,224.0
,OIL::oc-0150::oc-0150__obj_001,CONFIRMED_OIL,,,data/external/dartis/processed/verifier_positive/oc/oc-0150__obj_001.png,oc,1.0,224.0,1,oc-0150,,data/metadata/dartis_positive_verifier_crops.csv,1,train,12.736627374814152,101.0,,,224.0
,OIL::oc-0151::oc-0151__obj_001,CONFIRMED_OIL,,,data/external/dartis/processed/verifier_positive/oc/oc-0151__obj_001.png,oc,1.0,224.0,1,oc-0151,,data/metadata/dartis_positive_verifier_crops.csv,1,train,16.148100848870506,217.0,,,224.0
,OIL::oc-0151::oc-0151__obj_002,CONFIRMED_OIL,,,data/external/dartis/processed/verifier_positive/oc/oc-0151__obj_002.png,oc,1.0,224.0,1,oc-0151,,data/metadata/dartis_positive_verifier_crops.csv,1,train,11.358859852155538,84.0,,,224.0
,OIL::oc-0151::oc-0151__obj_003,CONFIRMED_OIL,,,data/external/dartis/processed/verifier_positive/oc/oc-0151__obj_003.png,oc,1.0,224.0,1,oc-0151,,data/metadata/dartis_positive_verifier_crops.csv,1,train,23.387873997272123,223.0,,,224.0
,OIL::oc-0152::oc-0152__obj_001,CONFIRMED_OIL,,,data/external/dartis/processed/verifier_positive/oc/oc-0152__obj_001.png,oc,1.0,224.0,1,oc-0152,,data/metadata/dartis_positive_verifier_crops.csv,1,train,11.164601964431808,104.0,,,224.0
,OIL::oc-0153::oc-0153__obj_001,CONFIRMED_OIL,,,data/external/dartis/processed/verifier_positive/oc/oc-0153__obj_001.png,oc,1.0,224.0,1,oc-0153,,data/metadata/dartis_positive_verifier_crops.csv,1,train,29.217203173242908,180.0,,,224.0
,OIL::oc-0153::oc-0153__obj_002,CONFIRMED_OIL,,,data/external/dartis/processed/verifier_positive/oc/oc-0153__obj_002.png,oc,1.0,224.0,1,oc-0153,,data/metadata/dartis_positive_verifier_crops.csv,1,train,12.074490642585245,104.0,,,224.0
,OIL::oc-0153::oc-0153__obj_003,CONFIRMED_OIL,,,data/external/dartis/processed/verifier_positive/oc/oc-0153__obj_003.png,oc,1.0,224.0,1,oc-0153,,data/metadata/dartis_positive_verifier_crops.csv,1,train,27.33762945078889,163.0,,,224.0
,OIL::oc-0153::oc-0153__obj_004,CONFIRMED_OIL,,,data/external/dartis/processed/verifier_positive/oc/oc-0153__obj_004.png,oc,1.0,224.0,1,oc-0153,,data/metadata/dartis_positive_verifier_crops.csv,1,train,37.946595647903,216.0,,,224.0
,OIL::oc-0154::oc-0154__obj_001,CONFIRMED_OIL,,,data/external/dartis/processed/verifier_positive/oc/oc-0154__obj_001.png,oc,1.0,224.0,1,oc-0154,,data/metadata/dartis_positive_verifier_crops.csv,1,calibration,37.61557950131535,222.0,,,224.0
,OIL::oc-0154::oc-0154__obj_002,CONFIRMED_OIL,,,data/external/dartis/processed/verifier_positive/oc/oc-0154__obj_002.png,oc,1.0,224.0,1,oc-0154,,data/metadata/dartis_positive_verifier_crops.csv,1,calibration,27.45615371105172,181.0,,,224.0
,OIL::oc-0154::oc-0154__obj_003,CONFIRMED_OIL,,,data/external/dartis/processed/verifier_positive/oc/oc-0154__obj_003.png,oc,1.0,224.0,1,oc-0154,,data/metadata/dartis_positive_verifier_crops.csv,1,calibration,29.81744615091397,178.0,,,224.0
,OIL::oc-0155::oc-0155__obj_001,CONFIRMED_OIL,,,data/external/dartis/processed/verifier_positive/oc/oc-0155__obj_001.png,oc,1.0,224.0,1,oc-0155,,data/metadata/dartis_positive_verifier_crops.csv,1,train,32.092974919252654,195.0,,,224.0
,OIL::oc-0155::oc-0155__obj_002,CONFIRMED_OIL,,,data/external/dartis/processed/verifier_positive/oc/oc-0155__obj_002.png,oc,1.0,224.0,1,oc-0155,,data/metadata/dartis_positive_verifier_crops.csv,1,train,27.126005760926205,167.0,,,224.0
,OIL::oc-0156::oc-0156__obj_001,CONFIRMED_OIL,,,data/external/dartis/processed/verifier_positive/oc/oc-0156__obj_001.png,oc,1.0,224.0,1,oc-0156,,data/metadata/dartis_positive_verifier_crops.csv,1,train,22.415096993374743,145.0,,,224.0
,OIL::oc-0156::oc-0156__obj_002,CONFIRMED_OIL,,,data/external/dartis/processed/verifier_positive/oc/oc-0156__obj_002.png,oc,1.0,224.0,1,oc-0156,,data/metadata/dartis_positive_verifier_crops.csv,1,train,21.696391940784206,151.0,,,224.0
,OIL::oc-0157::oc-0157__obj_001,CONFIRMED_OIL,,,data/external/dartis/processed/verifier_positive/oc/oc-0157__obj_001.png,oc,1.0,224.0,1,oc-0157,,data/metadata/dartis_positive_verifier_crops.csv,1,calibration,19.601249197620596,136.0,,,224.0
,OIL::oc-0158::oc-0158__obj_001,CONFIRMED_OIL,,,data/external/dartis/processed/verifier_positive/oc/oc-0158__obj_001.png,oc,1.0,224.0,1,oc-0158,,data/metadata/dartis_positive_verifier_crops.csv,1,train,17.61009712986698,133.0,,,224.0
,OIL::oc-0159::oc-0159__obj_001,CONFIRMED_OIL,,,data/external/dartis/processed/verifier_positive/oc/oc-0159__obj_001.png,oc,1.0,224.0,1,oc-0159,,data/metadata/dartis_positive_verifier_crops.csv,1,train,10.13111842000142,92.0,,,224.0
,OIL::oc-0159::oc-0159__obj_002,CONFIRMED_OIL,,,data/external/dartis/processed/verifier_positive/oc/oc-0159__obj_002.png,oc,1.0,224.0,1,oc-0159,,data/metadata/dartis_positive_verifier_crops.csv,1,train,9.305681203750652,90.0,,,224.0
,OIL::oc-0159::oc-0159__obj_003,CONFIRMED_OIL,,,data/external/dartis/processed/verifier_positive/oc/oc-0159__obj_003.png,oc,1.0,224.0,1,oc-0159,,data/metadata/dartis_positive_verifier_crops.csv,1,train,10.524310314717308,104.0,,,224.0
,OIL::oc-0160::oc-0160__obj_001,CONFIRMED_OIL,,,data/external/dartis/processed/verifier_positive/oc/oc-0160__obj_001.png,oc,1.0,224.0,1,oc-0160,,data/metadata/dartis_positive_verifier_crops.csv,1,train,10.42143309591252,110.0,,,224.0
,OIL::oc-0160::oc-0160__obj_002,CONFIRMED_OIL,,,data/external/dartis/processed/verifier_positive/oc/oc-0160__obj_002.png,oc,1.0,224.0,1,oc-0160,,data/metadata/dartis_positive_verifier_crops.csv,1,train,8.57585777864341,72.0,,,224.0
,OIL::oc-0161::oc-0161__obj_001,CONFIRMED_OIL,,,data/external/dartis/processed/verifier_positive/oc/oc-0161__obj_001.png,oc,1.0,224.0,1,oc-0161,,data/metadata/dartis_positive_verifier_crops.csv,1,train,8.921079936644844,81.0,,,224.0
,OIL::oc-0162::oc-0162__obj_001,CONFIRMED_OIL,,,data/external/dartis/processed/verifier_positive/oc/oc-0162__obj_001.png,oc,1.0,224.0,1,oc-0162,,data/metadata/dartis_positive_verifier_crops.csv,1,train,25.325341624196444,204.0,,,224.0
,OIL::oc-0163::oc-0163__obj_001,CONFIRMED_OIL,,,data/external/dartis/processed/verifier_positive/oc/oc-0163__obj_001.png,oc,1.0,224.0,1,oc-0163,,data/metadata/dartis_positive_verifier_crops.csv,1,train,10.003580396325123,73.0,,,224.0
,OIL::oc-0164::oc-0164__obj_001,CONFIRMED_OIL,,,data/external/dartis/processed/verifier_positive/oc/oc-0164__obj_001.png,oc,1.0,224.0,1,oc-0164,,data/metadata/dartis_positive_verifier_crops.csv,1,train,9.167000546378071,84.0,,,224.0
,OIL::oc-0165::oc-0165__obj_001,CONFIRMED_OIL,,,data/external/dartis/processed/verifier_positive/oc/oc-0165__obj_001.png,oc,1.0,224.0,1,oc-0165,,data/metadata/dartis_positive_verifier_crops.csv,1,train,13.347238998649914,119.0,,,224.0
,OIL::oc-0166::oc-0166__obj_001,CONFIRMED_OIL,,,data/external/dartis/processed/verifier_positive/oc/oc-0166__obj_001.png,oc,1.0,224.0,1,oc-0166,,data/metadata/dartis_positive_verifier_crops.csv,1,train,28.516015970409544,219.0,,,224.0
,OIL::oc-0167::oc-0167__obj_001,CONFIRMED_OIL,,,data/external/dartis/processed/verifier_positive/oc/oc-0167__obj_001.png,oc,1.0,224.0,1,oc-0167,,data/metadata/dartis_positive_verifier_crops.csv,1,train,13.990593997969158,97.0,,,224.0
,OIL::oc-0167::oc-0167__obj_002,CONFIRMED_OIL,,,data/external/dartis/processed/verifier_positive/oc/oc-0167__obj_002.png,oc,1.0,224.0,1,oc-0167,,data/metadata/dartis_positive_verifier_crops.csv,1,train,28.828359625623573,203.0,,,224.0
,OIL::oc-0167::oc-0167__obj_003,CONFIRMED_OIL,,,data/external/dartis/processed/verifier_positive/oc/oc-0167__obj_003.png,oc,1.0,224.0,1,oc-0167,,data/metadata/dartis_positive_verifier_crops.csv,1,train,20.845577522612537,177.0,,,224.0
,OIL::oc-0168::oc-0168__obj_001,CONFIRMED_OIL,,,data/external/dartis/processed/verifier_positive/oc/oc-0168__obj_001.png,oc,1.0,224.0,1,oc-0168,,data/metadata/dartis_positive_verifier_crops.csv,1,calibration,22.754881862901076,193.0,,,224.0
,OIL::oc-0168::oc-0168__obj_002,CONFIRMED_OIL,,,data/external/dartis/processed/verifier_positive/oc/oc-0168__obj_002.png,oc,1.0,224.0,1,oc-0168,,data/metadata/dartis_positive_verifier_crops.csv,1,calibration,23.21140213933977,187.0,,,224.0
,OIL::oc-0169::oc-0169__obj_001,CONFIRMED_OIL,,,data/external/dartis/processed/verifier_positive/oc/oc-0169__obj_001.png,oc,1.0,224.0,1,oc-0169,,data/metadata/dartis_positive_verifier_crops.csv,1,train,11.71743486318539,107.0,,,224.0
,OIL::oc-0169::oc-0169__obj_002,CONFIRMED_OIL,,,data/external/dartis/processed/verifier_positive/oc/oc-0169__obj_002.png,oc,1.0,224.0,1,oc-0169,,data/metadata/dartis_positive_verifier_crops.csv,1,train,10.91405230985181,103.0,,,224.0
,OIL::oc-0169::oc-0169__obj_003,CONFIRMED_OIL,,,data/external/dartis/processed/verifier_positive/oc/oc-0169__obj_003.png,oc,1.0,224.0,1,oc-0169,,data/metadata/dartis_positive_verifier_crops.csv,1,train,11.237240437990527,106.0,,,224.0
,OIL::oc-0169::oc-0169__obj_004,CONFIRMED_OIL,,,data/external/dartis/processed/verifier_positive/oc/oc-0169__obj_004.png,oc,1.0,224.0,1,oc-0169,,data/metadata/dartis_positive_verifier_crops.csv,1,train,10.574453464848135,95.0,,,224.0
,OIL::oc-0169::oc-0169__obj_005,CONFIRMED_OIL,,,data/external/dartis/processed/verifier_positive/oc/oc-0169__obj_005.png,oc,1.0,224.0,1,oc-0169,,data/metadata/dartis_positive_verifier_crops.csv,1,train,11.151770878017262,96.0,,,224.0
,OIL::oc-0169::oc-0169__obj_006,CONFIRMED_OIL,,,data/external/dartis/processed/verifier_positive/oc/oc-0169__obj_006.png,oc,1.0,224.0,1,oc-0169,,data/metadata/dartis_positive_verifier_crops.csv,1,train,10.533420552474771,101.0,,,224.0
,OIL::oc-0170::oc-0170__obj_001,CONFIRMED_OIL,,,data/external/dartis/processed/verifier_positive/oc/oc-0170__obj_001.png,oc,1.0,224.0,1,oc-0170,,data/metadata/dartis_positive_verifier_crops.csv,1,train,11.18198938751311,105.0,,,224.0
,OIL::oc-0170::oc-0170__obj_002,CONFIRMED_OIL,,,data/external/dartis/processed/verifier_positive/oc/oc-0170__obj_002.png,oc,1.0,224.0,1,oc-0170,,data/metadata/dartis_positive_verifier_crops.csv,1,train,14.482057420976837,148.0,,,224.0
,OIL::oc-0170::oc-0170__obj_003,CONFIRMED_OIL,,,data/external/dartis/processed/verifier_positive/oc/oc-0170__obj_003.png,oc,1.0,224.0,1,oc-0170,,data/metadata/dartis_positive_verifier_crops.csv,1,train,27.02398580242961,225.0,,,224.0
,OIL::oc-0170::oc-0170__obj_004,CONFIRMED_OIL,,,data/external/dartis/processed/verifier_positive/oc/oc-0170__obj_004.png,oc,1.0,224.0,1,oc-0170,,data/metadata/dartis_positive_verifier_crops.csv,1,train,22.311056476198026,225.0,,,224.0
,OIL::oc-0170::oc-0170__obj_005,CONFIRMED_OIL,,,data/external/dartis/processed/verifier_positive/oc/oc-0170__obj_005.png,oc,1.0,224.0,1,oc-0170,,data/metadata/dartis_positive_verifier_crops.csv,1,train,13.293740047119265,117.0,,,224.0
,OIL::oc-0170::oc-0170__obj_006,CONFIRMED_OIL,,,data/external/dartis/processed/verifier_positive/oc/oc-0170__obj_006.png,oc,1.0,224.0,1,oc-0170,,data/metadata/dartis_positive_verifier_crops.csv,1,train,17.332046086437476,209.0,,,224.0
,OIL::oc-0170::oc-0170__obj_007,CONFIRMED_OIL,,,data/external/dartis/processed/verifier_positive/oc/oc-0170__obj_007.png,oc,1.0,224.0,1,oc-0170,,data/metadata/dartis_positive_verifier_crops.csv,1,train,10.97294678829503,96.0,,,224.0
,OIL::oc-0170::oc-0170__obj_008,CONFIRMED_OIL,,,data/external/dartis/processed/verifier_positive/oc/oc-0170__obj_008.png,oc,1.0,224.0,1,oc-0170,,data/metadata/dartis_positive_verifier_crops.csv,1,train,10.746893868826753,93.0,,,224.0
,OIL::oc-0171::oc-0171__obj_001,CONFIRMED_OIL,,,data/external/dartis/processed/verifier_positive/oc/oc-0171__obj_001.png,oc,1.0,224.0,1,oc-0171,,data/metadata/dartis_positive_verifier_crops.csv,1,train,9.306201843116138,90.0,,,224.0
,OIL::oc-0171::oc-0171__obj_002,CONFIRMED_OIL,,,data/external/dartis/processed/verifier_positive/oc/oc-0171__obj_002.png,oc,1.0,224.0,1,oc-0171,,data/metadata/dartis_positive_verifier_crops.csv,1,train,9.41679115794881,89.0,,,224.0
,OIL::oc-0172::oc-0172__obj_001,CONFIRMED_OIL,,,data/external/dartis/processed/verifier_positive/oc/oc-0172__obj_001.png,oc,1.0,224.0,1,oc-0172,,data/metadata/dartis_positive_verifier_crops.csv,1,train,12.413923126655474,153.0,,,224.0
,OIL::oc-0173::oc-0173__obj_001,CONFIRMED_OIL,,,data/external/dartis/processed/verifier_positive/oc/oc-0173__obj_001.png,oc,1.0,224.0,1,oc-0173,,data/metadata/dartis_positive_verifier_crops.csv,1,train,12.638600460691896,113.0,,,224.0
,OIL::oc-0173::oc-0173__obj_002,CONFIRMED_OIL,,,data/external/dartis/processed/verifier_positive/oc/oc-0173__obj_002.png,oc,1.0,224.0,1,oc-0173,,data/metadata/dartis_positive_verifier_crops.csv,1,train,18.194613280548552,119.0,,,224.0
,OIL::oc-0173::oc-0173__obj_003,CONFIRMED_OIL,,,data/external/dartis/processed/verifier_positive/oc/oc-0173__obj_003.png,oc,1.0,224.0,1,oc-0173,,data/metadata/dartis_positive_verifier_crops.csv,1,train,12.9985855515208,118.0,,,224.0
,OIL::oc-0173::oc-0173__obj_004,CONFIRMED_OIL,,,data/external/dartis/processed/verifier_positive/oc/oc-0173__obj_004.png,oc,1.0,224.0,1,oc-0173,,data/metadata/dartis_positive_verifier_crops.csv,1,train,12.68430587926782,119.0,,,224.0
,OIL::oc-0173::oc-0173__obj_005,CONFIRMED_OIL,,,data/external/dartis/processed/verifier_positive/oc/oc-0173__obj_005.png,oc,1.0,224.0,1,oc-0173,,data/metadata/dartis_positive_verifier_crops.csv,1,train,13.309968818703556,112.0,,,224.0
,OIL::oc-0173::oc-0173__obj_006,CONFIRMED_OIL,,,data/external/dartis/processed/verifier_positive/oc/oc-0173__obj_006.png,oc,1.0,224.0,1,oc-0173,,data/metadata/dartis_positive_verifier_crops.csv,1,train,13.60150491056583,116.0,,,224.0
,OIL::oc-0173::oc-0173__obj_007,CONFIRMED_OIL,,,data/external/dartis/processed/verifier_positive/oc/oc-0173__obj_007.png,oc,1.0,224.0,1,oc-0173,,data/metadata/dartis_positive_verifier_crops.csv,1,train,12.416253755573177,113.0,,,224.0
,OIL::oc-0173::oc-0173__obj_008,CONFIRMED_OIL,,,data/external/dartis/processed/verifier_positive/oc/oc-0173__obj_008.png,oc,1.0,224.0,1,oc-0173,,data/metadata/dartis_positive_verifier_crops.csv,1,train,15.118338681343609,119.0,,,224.0
,OIL::oc-0173::oc-0173__obj_009,CONFIRMED_OIL,,,data/external/dartis/processed/verifier_positive/oc/oc-0173__obj_009.png,oc,1.0,224.0,1,oc-0173,,data/metadata/dartis_positive_verifier_crops.csv,1,train,12.500326067601184,107.0,,,224.0
,OIL::oc-0173::oc-0173__obj_010,CONFIRMED_OIL,,,data/external/dartis/processed/verifier_positive/oc/oc-0173__obj_010.png,oc,1.0,224.0,1,oc-0173,,data/metadata/dartis_positive_verifier_crops.csv,1,train,12.813242061981326,119.0,,,224.0
,OIL::oc-0173::oc-0173__obj_011,CONFIRMED_OIL,,,data/external/dartis/processed/verifier_positive/oc/oc-0173__obj_011.png,oc,1.0,224.0,1,oc-0173,,data/metadata/dartis_positive_verifier_crops.csv,1,train,11.714010914772269,109.0,,,224.0
,OIL::oc-0173::oc-0173__obj_012,CONFIRMED_OIL,,,data/external/dartis/processed/verifier_positive/oc/oc-0173__obj_012.png,oc,1.0,224.0,1,oc-0173,,data/metadata/dartis_positive_verifier_crops.csv,1,train,12.319681300251911,108.0,,,224.0
,OIL::oc-0173::oc-0173__obj_013,CONFIRMED_OIL,,,data/external/dartis/processed/verifier_positive/oc/oc-0173__obj_013.png,oc,1.0,224.0,1,oc-0173,,data/metadata/dartis_positive_verifier_crops.csv,1,train,12.461802675226194,115.0,,,224.0
,OIL::oc-0173::oc-0173__obj_014,CONFIRMED_OIL,,,data/external/dartis/processed/verifier_positive/oc/oc-0173__obj_014.png,oc,1.0,224.0,1,oc-0173,,data/metadata/dartis_positive_verifier_crops.csv,1,train,12.016811267666542,116.0,,,224.0
,OIL::oc-0173::oc-0173__obj_015,CONFIRMED_OIL,,,data/external/dartis/processed/verifier_positive/oc/oc-0173__obj_015.png,oc,1.0,224.0,1,oc-0173,,data/metadata/dartis_positive_verifier_crops.csv,1,train,14.548587909543832,116.0,,,224.0
,OIL::oc-0173::oc-0173__obj_016,CONFIRMED_OIL,,,data/external/dartis/processed/verifier_positive/oc/oc-0173__obj_016.png,oc,1.0,224.0,1,oc-0173,,data/metadata/dartis_positive_verifier_crops.csv,1,train,14.06488603180516,116.0,,,224.0
,OIL::oc-0174::oc-0174__obj_001,CONFIRMED_OIL,,,data/external/dartis/processed/verifier_positive/oc/oc-0174__obj_001.png,oc,1.0,224.0,1,oc-0174,,data/metadata/dartis_positive_verifier_crops.csv,1,train,11.192239524940916,158.0,,,224.0
,OIL::oc-0174::oc-0174__obj_002,CONFIRMED_OIL,,,data/external/dartis/processed/verifier_positive/oc/oc-0174__obj_002.png,oc,1.0,224.0,1,oc-0174,,data/metadata/dartis_positive_verifier_crops.csv,1,train,7.744946066801928,67.0,,,224.0
,OIL::oc-0175::oc-0175__obj_001,CONFIRMED_OIL,,,data/external/dartis/processed/verifier_positive/oc/oc-0175__obj_001.png,oc,1.0,224.0,1,oc-0175,,data/metadata/dartis_positive_verifier_crops.csv,1,train,13.961850542687625,220.0,,,224.0
,OIL::oc-0175::oc-0175__obj_002,CONFIRMED_OIL,,,data/external/dartis/processed/verifier_positive/oc/oc-0175__obj_002.png,oc,1.0,224.0,1,oc-0175,,data/metadata/dartis_positive_verifier_crops.csv,1,train,14.43838201338613,117.0,,,224.0
,OIL::oc-0175::oc-0175__obj_003,CONFIRMED_OIL,,,data/external/dartis/processed/verifier_positive/oc/oc-0175__obj_003.png,oc,1.0,224.0,1,oc-0175,,data/metadata/dartis_positive_verifier_crops.csv,1,train,19.931871444676503,237.0,,,224.0
,OIL::oc-0176::oc-0176__obj_001,CONFIRMED_OIL,,,data/external/dartis/processed/verifier_positive/oc/oc-0176__obj_001.png,oc,1.0,224.0,1,oc-0176,,data/metadata/dartis_positive_verifier_crops.csv,1,train,12.15793811757843,102.0,,,224.0
,OIL::oc-0176::oc-0176__obj_002,CONFIRMED_OIL,,,data/external/dartis/processed/verifier_positive/oc/oc-0176__obj_002.png,oc,1.0,224.0,1,oc-0176,,data/metadata/dartis_positive_verifier_crops.csv,1,train,13.547531559777386,117.0,,,224.0
,OIL::oc-0177::oc-0177__obj_001,CONFIRMED_OIL,,,data/external/dartis/processed/verifier_positive/oc/oc-0177__obj_001.png,oc,1.0,224.0,1,oc-0177,,data/metadata/dartis_positive_verifier_crops.csv,1,train,24.182913845550186,213.0,,,224.0
,OIL::oc-0178::oc-0178__obj_001,CONFIRMED_OIL,,,data/external/dartis/processed/verifier_positive/oc/oc-0178__obj_001.png,oc,1.0,224.0,1,oc-0178,,data/metadata/dartis_positive_verifier_crops.csv,1,train,20.226695046760703,182.0,,,224.0
,OIL::oc-0178::oc-0178__obj_002,CONFIRMED_OIL,,,data/external/dartis/processed/verifier_positive/oc/oc-0178__obj_002.png,oc,1.0,224.0,1,oc-0178,,data/metadata/dartis_positive_verifier_crops.csv,1,train,9.56255082394869,137.0,,,224.0
,OIL::oc-0179::oc-0179__obj_001,CONFIRMED_OIL,,,data/external/dartis/processed/verifier_positive/oc/oc-0179__obj_001.png,oc,1.0,224.0,1,oc-0179,,data/metadata/dartis_positive_verifier_crops.csv,1,train,27.658790153833795,216.0,,,224.0
,OIL::oc-0179::oc-0179__obj_002,CONFIRMED_OIL,,,data/external/dartis/processed/verifier_positive/oc/oc-0179__obj_002.png,oc,1.0,224.0,1,oc-0179,,data/metadata/dartis_positive_verifier_crops.csv,1,train,25.256420095276635,206.0,,,224.0
,OIL::oc-0180::oc-0180__obj_001,CONFIRMED_OIL,,,data/external/dartis/processed/verifier_positive/oc/oc-0180__obj_001.png,oc,1.0,224.0,1,oc-0180,,data/metadata/dartis_positive_verifier_crops.csv,1,train,14.511388550277834,112.0,,,224.0
,OIL::oc-0181::oc-0181__obj_001,CONFIRMED_OIL,,,data/external/dartis/processed/verifier_positive/oc/oc-0181__obj_001.png,oc,1.0,224.0,1,oc-0181,,data/metadata/dartis_positive_verifier_crops.csv,1,train,12.44572742220638,172.0,,,224.0
,OIL::oc-0181::oc-0181__obj_002,CONFIRMED_OIL,,,data/external/dartis/processed/verifier_positive/oc/oc-0181__obj_002.png,oc,1.0,224.0,1,oc-0181,,data/metadata/dartis_positive_verifier_crops.csv,1,train,38.98394833143897,239.0,,,224.0
,OIL::oc-0182::oc-0182__obj_001,CONFIRMED_OIL,,,data/external/dartis/processed/verifier_positive/oc/oc-0182__obj_001.png,oc,1.0,224.0,1,oc-0182,,data/metadata/dartis_positive_verifier_crops.csv,1,train,12.463440943228704,90.0,,,224.0
,OIL::oc-0183::oc-0183__obj_001,CONFIRMED_OIL,,,data/external/dartis/processed/verifier_positive/oc/oc-0183__obj_001.png,oc,1.0,224.0,1,oc-0183,,data/metadata/dartis_positive_verifier_crops.csv,1,calibration,17.457165466522262,191.0,,,224.0
,OIL::oc-0184::oc-0184__obj_001,CONFIRMED_OIL,,,data/external/dartis/processed/verifier_positive/oc/oc-0184__obj_001.png,oc,1.0,224.0,1,oc-0184,,data/metadata/dartis_positive_verifier_crops.csv,1,calibration,31.57075936808794,191.0,,,224.0
,OIL::oc-0184::oc-0184__obj_002,CONFIRMED_OIL,,,data/external/dartis/processed/verifier_positive/oc/oc-0184__obj_002.png,oc,1.0,224.0,1,oc-0184,,data/metadata/dartis_positive_verifier_crops.csv,1,calibration,20.233092155198424,147.0,,,224.0
,OIL::oc-0184::oc-0184__obj_003,CONFIRMED_OIL,,,data/external/dartis/processed/verifier_positive/oc/oc-0184__obj_003.png,oc,1.0,224.0,1,oc-0184,,data/metadata/dartis_positive_verifier_crops.csv,1,calibration,21.938622174842862,160.0,,,224.0
,OIL::oc-0184::oc-0184__obj_004,CONFIRMED_OIL,,,data/external/dartis/processed/verifier_positive/oc/oc-0184__obj_004.png,oc,1.0,224.0,1,oc-0184,,data/metadata/dartis_positive_verifier_crops.csv,1,calibration,25.58816108957127,193.0,,,224.0
,OIL::oc-0184::oc-0184__obj_005,CONFIRMED_OIL,,,data/external/dartis/processed/verifier_positive/oc/oc-0184__obj_005.png,oc,1.0,224.0,1,oc-0184,,data/metadata/dartis_positive_verifier_crops.csv,1,calibration,14.287470806099478,103.0,,,224.0
,OIL::oc-0185::oc-0185__obj_001,CONFIRMED_OIL,,,data/external/dartis/processed/verifier_positive/oc/oc-0185__obj_001.png,oc,1.0,224.0,1,oc-0185,,data/metadata/dartis_positive_verifier_crops.csv,1,train,13.033802159850326,125.0,,,224.0
,OIL::oc-0185::oc-0185__obj_002,CONFIRMED_OIL,,,data/external/dartis/processed/verifier_positive/oc/oc-0185__obj_002.png,oc,1.0,224.0,1,oc-0185,,data/metadata/dartis_positive_verifier_crops.csv,1,train,24.95528857463356,155.0,,,224.0
,OIL::oc-0186::oc-0186__obj_001,CONFIRMED_OIL,,,data/external/dartis/processed/verifier_positive/oc/oc-0186__obj_001.png,oc,1.0,224.0,1,oc-0186,,data/metadata/dartis_positive_verifier_crops.csv,1,train,27.142010285518403,190.0,,,224.0
,OIL::oc-0187::oc-0187__obj_001,CONFIRMED_OIL,,,data/external/dartis/processed/verifier_positive/oc/oc-0187__obj_001.png,oc,1.0,224.0,1,oc-0187,,data/metadata/dartis_positive_verifier_crops.csv,1,calibration,10.15595243440256,77.0,,,224.0
,OIL::oc-0188::oc-0188__obj_001,CONFIRMED_OIL,,,data/external/dartis/processed/verifier_positive/oc/oc-0188__obj_001.png,oc,1.0,224.0,1,oc-0188,,data/metadata/dartis_positive_verifier_crops.csv,1,train,10.844025548621527,100.0,,,224.0
,OIL::oc-0189::oc-0189__obj_001,CONFIRMED_OIL,,,data/external/dartis/processed/verifier_positive/oc/oc-0189__obj_001.png,oc,1.0,224.0,1,oc-0189,,data/metadata/dartis_positive_verifier_crops.csv,1,calibration,14.227147159760444,168.0,,,224.0
,OIL::oc-0189::oc-0189__obj_002,CONFIRMED_OIL,,,data/external/dartis/processed/verifier_positive/oc/oc-0189__obj_002.png,oc,1.0,224.0,1,oc-0189,,data/metadata/dartis_positive_verifier_crops.csv,1,calibration,18.906744858110734,197.0,,,224.0
,OIL::oc-0189::oc-0189__obj_003,CONFIRMED_OIL,,,data/external/dartis/processed/verifier_positive/oc/oc-0189__obj_003.png,oc,1.0,224.0,1,oc-0189,,data/metadata/dartis_positive_verifier_crops.csv,1,calibration,17.70684234142436,207.0,,,224.0
,OIL::oc-0189::oc-0189__obj_004,CONFIRMED_OIL,,,data/external/dartis/processed/verifier_positive/oc/oc-0189__obj_004.png,oc,1.0,224.0,1,oc-0189,,data/metadata/dartis_positive_verifier_crops.csv,1,calibration,10.447311968952295,94.0,,,224.0
,OIL::oc-0190::oc-0190__obj_001,CONFIRMED_OIL,,,data/external/dartis/processed/verifier_positive/oc/oc-0190__obj_001.png,oc,1.0,224.0,1,oc-0190,,data/metadata/dartis_positive_verifier_crops.csv,1,train,10.664863613626926,102.0,,,224.0
,OIL::oc-0191::oc-0191__obj_001,CONFIRMED_OIL,,,data/external/dartis/processed/verifier_positive/oc/oc-0191__obj_001.png,oc,1.0,224.0,1,oc-0191,,data/metadata/dartis_positive_verifier_crops.csv,1,train,11.319068475119735,166.0,,,224.0
,OIL::oc-0192::oc-0192__obj_001,CONFIRMED_OIL,,,data/external/dartis/processed/verifier_positive/oc/oc-0192__obj_001.png,oc,1.0,224.0,1,oc-0192,,data/metadata/dartis_positive_verifier_crops.csv,1,train,27.97843831988676,230.0,,,224.0
,OIL::oc-0193::oc-0193__obj_001,CONFIRMED_OIL,,,data/external/dartis/processed/verifier_positive/oc/oc-0193__obj_001.png,oc,1.0,224.0,1,oc-0193,,data/metadata/dartis_positive_verifier_crops.csv,1,train,10.48467164889875,88.0,,,224.0
,OIL::oc-0193::oc-0193__obj_002,CONFIRMED_OIL,,,data/external/dartis/processed/verifier_positive/oc/oc-0193__obj_002.png,oc,1.0,224.0,1,oc-0193,,data/metadata/dartis_positive_verifier_crops.csv,1,train,21.031224034726662,163.0,,,224.0
,OIL::oc-0194::oc-0194__obj_001,CONFIRMED_OIL,,,data/external/dartis/processed/verifier_positive/oc/oc-0194__obj_001.png,oc,1.0,224.0,1,oc-0194,,data/metadata/dartis_positive_verifier_crops.csv,1,train,24.5793091895733,152.0,,,224.0
,OIL::oc-0194::oc-0194__obj_002,CONFIRMED_OIL,,,data/external/dartis/processed/verifier_positive/oc/oc-0194__obj_002.png,oc,1.0,224.0,1,oc-0194,,data/metadata/dartis_positive_verifier_crops.csv,1,train,22.90170521900448,145.0,,,224.0
,OIL::oc-0195::oc-0195__obj_001,CONFIRMED_OIL,,,data/external/dartis/processed/verifier_positive/oc/oc-0195__obj_001.png,oc,1.0,224.0,1,oc-0195,,data/metadata/dartis_positive_verifier_crops.csv,1,train,21.57828521920986,205.0,,,224.0
,OIL::oc-0196::oc-0196__obj_001,CONFIRMED_OIL,,,data/external/dartis/processed/verifier_positive/oc/oc-0196__obj_001.png,oc,1.0,224.0,1,oc-0196,,data/metadata/dartis_positive_verifier_crops.csv,1,train,7.917506611996196,104.0,,,224.0
,OIL::oc-0197::oc-0197__obj_001,CONFIRMED_OIL,,,data/external/dartis/processed/verifier_positive/oc/oc-0197__obj_001.png,oc,1.0,224.0,1,oc-0197,,data/metadata/dartis_positive_verifier_crops.csv,1,calibration,17.542914387719154,107.0,,,224.0
,OIL::oc-0197::oc-0197__obj_002,CONFIRMED_OIL,,,data/external/dartis/processed/verifier_positive/oc/oc-0197__obj_002.png,oc,1.0,224.0,1,oc-0197,,data/metadata/dartis_positive_verifier_crops.csv,1,calibration,19.82567224930626,106.0,,,224.0
,OIL::oc-0198::oc-0198__obj_001,CONFIRMED_OIL,,,data/external/dartis/processed/verifier_positive/oc/oc-0198__obj_001.png,oc,1.0,224.0,1,oc-0198,,data/metadata/dartis_positive_verifier_crops.csv,1,train,18.60855972472703,160.0,,,224.0
,OIL::oc-0199::oc-0199__obj_001,CONFIRMED_OIL,,,data/external/dartis/processed/verifier_positive/oc/oc-0199__obj_001.png,oc,1.0,224.0,1,oc-0199,,data/metadata/dartis_positive_verifier_crops.csv,1,calibration,11.315095723465292,144.0,,,224.0
,OIL::oc-0200::oc-0200__obj_001,CONFIRMED_OIL,,,data/external/dartis/processed/verifier_positive/oc/oc-0200__obj_001.png,oc,1.0,224.0,1,oc-0200,,data/metadata/dartis_positive_verifier_crops.csv,1,train,9.241343153541736,76.0,,,224.0
,OIL::oc-0201::oc-0201__obj_001,CONFIRMED_OIL,,,data/external/dartis/processed/verifier_positive/oc/oc-0201__obj_001.png,oc,1.0,224.0,1,oc-0201,,data/metadata/dartis_positive_verifier_crops.csv,1,train,10.068198768953398,87.0,,,224.0
,OIL::oc-0202::oc-0202__obj_001,CONFIRMED_OIL,,,data/external/dartis/processed/verifier_positive/oc/oc-0202__obj_001.png,oc,1.0,224.0,1,oc-0202,,data/metadata/dartis_positive_verifier_crops.csv,1,train,25.8957332588461,248.0,,,224.0
,OIL::oc-0202::oc-0202__obj_002,CONFIRMED_OIL,,,data/external/dartis/processed/verifier_positive/oc/oc-0202__obj_002.png,oc,1.0,224.0,1,oc-0202,,data/metadata/dartis_positive_verifier_crops.csv,1,train,26.24839701133815,204.0,,,224.0
,OIL::oc-0202::oc-0202__obj_003,CONFIRMED_OIL,,,data/external/dartis/processed/verifier_positive/oc/oc-0202__obj_003.png,oc,1.0,224.0,1,oc-0202,,data/metadata/dartis_positive_verifier_crops.csv,1,train,32.95142435105776,247.0,,,224.0
,OIL::oc-0203::oc-0203__obj_001,CONFIRMED_OIL,,,data/external/dartis/processed/verifier_positive/oc/oc-0203__obj_001.png,oc,1.0,224.0,1,oc-0203,,data/metadata/dartis_positive_verifier_crops.csv,1,train,14.357079384397338,106.0,,,224.0
,OIL::oc-0203::oc-0203__obj_002,CONFIRMED_OIL,,,data/external/dartis/processed/verifier_positive/oc/oc-0203__obj_002.png,oc,1.0,224.0,1,oc-0203,,data/metadata/dartis_positive_verifier_crops.csv,1,train,15.83528584843942,109.0,,,224.0
,OIL::oc-0203::oc-0203__obj_003,CONFIRMED_OIL,,,data/external/dartis/processed/verifier_positive/oc/oc-0203__obj_003.png,oc,1.0,224.0,1,oc-0203,,data/metadata/dartis_positive_verifier_crops.csv,1,train,10.472943637941984,97.0,,,224.0
,OIL::oc-0204::oc-0204__obj_001,CONFIRMED_OIL,,,data/external/dartis/processed/verifier_positive/oc/oc-0204__obj_001.png,oc,1.0,224.0,1,oc-0204,,data/metadata/dartis_positive_verifier_crops.csv,1,train,9.071738424688537,76.0,,,224.0
,OIL::oc-0204::oc-0204__obj_002,CONFIRMED_OIL,,,data/external/dartis/processed/verifier_positive/oc/oc-0204__obj_002.png,oc,1.0,224.0,1,oc-0204,,data/metadata/dartis_positive_verifier_crops.csv,1,train,10.141945459393586,82.0,,,224.0
,OIL::oc-0204::oc-0204__obj_003,CONFIRMED_OIL,,,data/external/dartis/processed/verifier_positive/oc/oc-0204__obj_003.png,oc,1.0,224.0,1,oc-0204,,data/metadata/dartis_positive_verifier_crops.csv,1,train,9.951498014729372,72.0,,,224.0
,OIL::oc-0205::oc-0205__obj_001,CONFIRMED_OIL,,,data/external/dartis/processed/verifier_positive/oc/oc-0205__obj_001.png,oc,1.0,224.0,1,oc-0205,,data/metadata/dartis_positive_verifier_crops.csv,1,train,17.463006479323983,145.0,,,224.0
,OIL::oc-0206::oc-0206__obj_001,CONFIRMED_OIL,,,data/external/dartis/processed/verifier_positive/oc/oc-0206__obj_001.png,oc,1.0,224.0,1,oc-0206,,data/metadata/dartis_positive_verifier_crops.csv,1,train,14.5662700366618,144.0,,,224.0
,OIL::oc-0207::oc-0207__obj_001,CONFIRMED_OIL,,,data/external/dartis/processed/verifier_positive/oc/oc-0207__obj_001.png,oc,1.0,224.0,1,oc-0207,,data/metadata/dartis_positive_verifier_crops.csv,1,train,19.298729402822502,219.0,,,224.0
,OIL::oc-0207::oc-0207__obj_002,CONFIRMED_OIL,,,data/external/dartis/processed/verifier_positive/oc/oc-0207__obj_002.png,oc,1.0,224.0,1,oc-0207,,data/metadata/dartis_positive_verifier_crops.csv,1,train,22.23071923416557,221.0,,,224.0
,OIL::oc-0208::oc-0208__obj_001,CONFIRMED_OIL,,,data/external/dartis/processed/verifier_positive/oc/oc-0208__obj_001.png,oc,1.0,224.0,1,oc-0208,,data/metadata/dartis_positive_verifier_crops.csv,1,train,19.29726940068112,164.0,,,224.0
,OIL::oc-0209::oc-0209__obj_001,CONFIRMED_OIL,,,data/external/dartis/processed/verifier_positive/oc/oc-0209__obj_001.png,oc,1.0,224.0,1,oc-0209,,data/metadata/dartis_positive_verifier_crops.csv,1,train,29.43834889035037,223.0,,,224.0
,OIL::oc-0209::oc-0209__obj_002,CONFIRMED_OIL,,,data/external/dartis/processed/verifier_positive/oc/oc-0209__obj_002.png,oc,1.0,224.0,1,oc-0209,,data/metadata/dartis_positive_verifier_crops.csv,1,train,15.711785814335146,132.0,,,224.0
,OIL::oc-0210::oc-0210__obj_001,CONFIRMED_OIL,,,data/external/dartis/processed/verifier_positive/oc/oc-0210__obj_001.png,oc,1.0,224.0,1,oc-0210,,data/metadata/dartis_positive_verifier_crops.csv,1,calibration,31.41306910099343,172.0,,,224.0
,OIL::oc-0210::oc-0210__obj_002,CONFIRMED_OIL,,,data/external/dartis/processed/verifier_positive/oc/oc-0210__obj_002.png,oc,1.0,224.0,1,oc-0210,,data/metadata/dartis_positive_verifier_crops.csv,1,calibration,29.42434492957078,162.0,,,224.0
,OIL::oc-0210::oc-0210__obj_003,CONFIRMED_OIL,,,data/external/dartis/processed/verifier_positive/oc/oc-0210__obj_003.png,oc,1.0,224.0,1,oc-0210,,data/metadata/dartis_positive_verifier_crops.csv,1,calibration,19.82736121419397,159.0,,,224.0
,OIL::oc-0210::oc-0210__obj_004,CONFIRMED_OIL,,,data/external/dartis/processed/verifier_positive/oc/oc-0210__obj_004.png,oc,1.0,224.0,1,oc-0210,,data/metadata/dartis_positive_verifier_crops.csv,1,calibration,23.4524217521636,162.0,,,224.0
,OIL::oc-0211::oc-0211__obj_001,CONFIRMED_OIL,,,data/external/dartis/processed/verifier_positive/oc/oc-0211__obj_001.png,oc,1.0,224.0,1,oc-0211,,data/metadata/dartis_positive_verifier_crops.csv,1,train,15.491671310272244,138.0,,,224.0
,OIL::oc-0211::oc-0211__obj_002,CONFIRMED_OIL,,,data/external/dartis/processed/verifier_positive/oc/oc-0211__obj_002.png,oc,1.0,224.0,1,oc-0211,,data/metadata/dartis_positive_verifier_crops.csv,1,train,28.459832215892124,154.0,,,224.0
,OIL::oc-0212::oc-0212__obj_001,CONFIRMED_OIL,,,data/external/dartis/processed/verifier_positive/oc/oc-0212__obj_001.png,oc,1.0,224.0,1,oc-0212,,data/metadata/dartis_positive_verifier_crops.csv,1,train,9.501224455364609,112.0,,,224.0
,OIL::oc-0212::oc-0212__obj_002,CONFIRMED_OIL,,,data/external/dartis/processed/verifier_positive/oc/oc-0212__obj_002.png,oc,1.0,224.0,1,oc-0212,,data/metadata/dartis_positive_verifier_crops.csv,1,train,23.527894119244507,211.0,,,224.0
,OIL::oc-0213::oc-0213__obj_001,CONFIRMED_OIL,,,data/external/dartis/processed/verifier_positive/oc/oc-0213__obj_001.png,oc,1.0,224.0,1,oc-0213,,data/metadata/dartis_positive_verifier_crops.csv,1,train,20.60317908658757,242.0,,,224.0
,OIL::oc-0214::oc-0214__obj_001,CONFIRMED_OIL,,,data/external/dartis/processed/verifier_positive/oc/oc-0214__obj_001.png,oc,1.0,224.0,1,oc-0214,,data/metadata/dartis_positive_verifier_crops.csv,1,train,10.033801992939011,87.0,,,224.0
,OIL::oc-0215::oc-0215__obj_001,CONFIRMED_OIL,,,data/external/dartis/processed/verifier_positive/oc/oc-0215__obj_001.png,oc,1.0,224.0,1,oc-0215,,data/metadata/dartis_positive_verifier_crops.csv,1,train,10.776471832906438,95.0,,,224.0
,OIL::oc-0215::oc-0215__obj_002,CONFIRMED_OIL,,,data/external/dartis/processed/verifier_positive/oc/oc-0215__obj_002.png,oc,1.0,224.0,1,oc-0215,,data/metadata/dartis_positive_verifier_crops.csv,1,train,15.83628144303833,170.0,,,224.0
,OIL::oc-0215::oc-0215__obj_003,CONFIRMED_OIL,,,data/external/dartis/processed/verifier_positive/oc/oc-0215__obj_003.png,oc,1.0,224.0,1,oc-0215,,data/metadata/dartis_positive_verifier_crops.csv,1,train,29.62864528805215,222.0,,,224.0
,OIL::oc-0215::oc-0215__obj_004,CONFIRMED_OIL,,,data/external/dartis/processed/verifier_positive/oc/oc-0215__obj_004.png,oc,1.0,224.0,1,oc-0215,,data/metadata/dartis_positive_verifier_crops.csv,1,train,13.891001697053657,143.0,,,224.0
,OIL::oc-0215::oc-0215__obj_005,CONFIRMED_OIL,,,data/external/dartis/processed/verifier_positive/oc/oc-0215__obj_005.png,oc,1.0,224.0,1,oc-0215,,data/metadata/dartis_positive_verifier_crops.csv,1,train,9.89030785962774,89.0,,,224.0
,OIL::oc-0215::oc-0215__obj_006,CONFIRMED_OIL,,,data/external/dartis/processed/verifier_positive/oc/oc-0215__obj_006.png,oc,1.0,224.0,1,oc-0215,,data/metadata/dartis_positive_verifier_crops.csv,1,train,29.376681099578803,243.0,,,224.0
,OIL::oc-0215::oc-0215__obj_007,CONFIRMED_OIL,,,data/external/dartis/processed/verifier_positive/oc/oc-0215__obj_007.png,oc,1.0,224.0,1,oc-0215,,data/metadata/dartis_positive_verifier_crops.csv,1,train,28.13626062193864,221.0,,,224.0
,OIL::oc-0216::oc-0216__obj_001,CONFIRMED_OIL,,,data/external/dartis/processed/verifier_positive/oc/oc-0216__obj_001.png,oc,1.0,224.0,1,oc-0216,,data/metadata/dartis_positive_verifier_crops.csv,1,train,9.358891088768504,88.0,,,224.0
,OIL::oc-0216::oc-0216__obj_002,CONFIRMED_OIL,,,data/external/dartis/processed/verifier_positive/oc/oc-0216__obj_002.png,oc,1.0,224.0,1,oc-0216,,data/metadata/dartis_positive_verifier_crops.csv,1,train,9.080703676794784,92.0,,,224.0
,OIL::oc-0216::oc-0216__obj_003,CONFIRMED_OIL,,,data/external/dartis/processed/verifier_positive/oc/oc-0216__obj_003.png,oc,1.0,224.0,1,oc-0216,,data/metadata/dartis_positive_verifier_crops.csv,1,train,12.962544737745583,99.0,,,224.0
,OIL::oc-0216::oc-0216__obj_004,CONFIRMED_OIL,,,data/external/dartis/processed/verifier_positive/oc/oc-0216__obj_004.png,oc,1.0,224.0,1,oc-0216,,data/metadata/dartis_positive_verifier_crops.csv,1,train,13.004375315505683,104.0,,,224.0
,OIL::oc-0216::oc-0216__obj_005,CONFIRMED_OIL,,,data/external/dartis/processed/verifier_positive/oc/oc-0216__obj_005.png,oc,1.0,224.0,1,oc-0216,,data/metadata/dartis_positive_verifier_crops.csv,1,train,14.713200161625192,220.0,,,224.0
,OIL::oc-0216::oc-0216__obj_006,CONFIRMED_OIL,,,data/external/dartis/processed/verifier_positive/oc/oc-0216__obj_006.png,oc,1.0,224.0,1,oc-0216,,data/metadata/dartis_positive_verifier_crops.csv,1,train,9.43301657449796,89.0,,,224.0
,OIL::oc-0217::oc-0217__obj_001,CONFIRMED_OIL,,,data/external/dartis/processed/verifier_positive/oc/oc-0217__obj_001.png,oc,1.0,224.0,1,oc-0217,,data/metadata/dartis_positive_verifier_crops.csv,1,train,16.46765136940936,118.0,,,224.0
,OIL::oc-0217::oc-0217__obj_002,CONFIRMED_OIL,,,data/external/dartis/processed/verifier_positive/oc/oc-0217__obj_002.png,oc,1.0,224.0,1,oc-0217,,data/metadata/dartis_positive_verifier_crops.csv,1,train,16.15399235494228,117.0,,,224.0
,OIL::oc-0217::oc-0217__obj_003,CONFIRMED_OIL,,,data/external/dartis/processed/verifier_positive/oc/oc-0217__obj_003.png,oc,1.0,224.0,1,oc-0217,,data/metadata/dartis_positive_verifier_crops.csv,1,train,14.20882277920896,113.0,,,224.0
,OIL::oc-0218::oc-0218__obj_001,CONFIRMED_OIL,,,data/external/dartis/processed/verifier_positive/oc/oc-0218__obj_001.png,oc,1.0,224.0,1,oc-0218,,data/metadata/dartis_positive_verifier_crops.csv,1,calibration,10.878560316743714,75.0,,,224.0
,OIL::oc-0218::oc-0218__obj_002,CONFIRMED_OIL,,,data/external/dartis/processed/verifier_positive/oc/oc-0218__obj_002.png,oc,1.0,224.0,1,oc-0218,,data/metadata/dartis_positive_verifier_crops.csv,1,calibration,9.835821405315432,72.0,,,224.0
,OIL::oc-0218::oc-0218__obj_003,CONFIRMED_OIL,,,data/external/dartis/processed/verifier_positive/oc/oc-0218__obj_003.png,oc,1.0,224.0,1,oc-0218,,data/metadata/dartis_positive_verifier_crops.csv,1,calibration,10.524024531482036,86.0,,,224.0
,OIL::oc-0218::oc-0218__obj_004,CONFIRMED_OIL,,,data/external/dartis/processed/verifier_positive/oc/oc-0218__obj_004.png,oc,1.0,224.0,1,oc-0218,,data/metadata/dartis_positive_verifier_crops.csv,1,calibration,8.50732742310574,67.0,,,224.0
,OIL::oc-0218::oc-0218__obj_005,CONFIRMED_OIL,,,data/external/dartis/processed/verifier_positive/oc/oc-0218__obj_005.png,oc,1.0,224.0,1,oc-0218,,data/metadata/dartis_positive_verifier_crops.csv,1,calibration,8.177515138207848,71.0,,,224.0
,OIL::oc-0218::oc-0218__obj_006,CONFIRMED_OIL,,,data/external/dartis/processed/verifier_positive/oc/oc-0218__obj_006.png,oc,1.0,224.0,1,oc-0218,,data/metadata/dartis_positive_verifier_crops.csv,1,calibration,8.22568662238341,73.0,,,224.0
,OIL::oc-0218::oc-0218__obj_007,CONFIRMED_OIL,,,data/external/dartis/processed/verifier_positive/oc/oc-0218__obj_007.png,oc,1.0,224.0,1,oc-0218,,data/metadata/dartis_positive_verifier_crops.csv,1,calibration,9.5014672005887,73.0,,,224.0
,OIL::oc-0219::oc-0219__obj_001,CONFIRMED_OIL,,,data/external/dartis/processed/verifier_positive/oc/oc-0219__obj_001.png,oc,1.0,224.0,1,oc-0219,,data/metadata/dartis_positive_verifier_crops.csv,1,train,15.518203852139049,130.0,,,224.0
,OIL::oc-0220::oc-0220__obj_001,CONFIRMED_OIL,,,data/external/dartis/processed/verifier_positive/oc/oc-0220__obj_001.png,oc,1.0,224.0,1,oc-0220,,data/metadata/dartis_positive_verifier_crops.csv,1,train,25.817519455037893,190.0,,,224.0
,OIL::oc-0221::oc-0221__obj_001,CONFIRMED_OIL,,,data/external/dartis/processed/verifier_positive/oc/oc-0221__obj_001.png,oc,1.0,224.0,1,oc-0221,,data/metadata/dartis_positive_verifier_crops.csv,1,train,14.260703680193004,110.0,,,224.0
,OIL::oc-0221::oc-0221__obj_002,CONFIRMED_OIL,,,data/external/dartis/processed/verifier_positive/oc/oc-0221__obj_002.png,oc,1.0,224.0,1,oc-0221,,data/metadata/dartis_positive_verifier_crops.csv,1,train,23.966747265530127,179.0,,,224.0
,OIL::oc-0221::oc-0221__obj_003,CONFIRMED_OIL,,,data/external/dartis/processed/verifier_positive/oc/oc-0221__obj_003.png,oc,1.0,224.0,1,oc-0221,,data/metadata/dartis_positive_verifier_crops.csv,1,train,28.369730864522225,188.0,,,224.0
,OIL::oc-0221::oc-0221__obj_004,CONFIRMED_OIL,,,data/external/dartis/processed/verifier_positive/oc/oc-0221__obj_004.png,oc,1.0,224.0,1,oc-0221,,data/metadata/dartis_positive_verifier_crops.csv,1,train,12.323805560263692,112.0,,,224.0
,OIL::oc-0222::oc-0222__obj_001,CONFIRMED_OIL,,,data/external/dartis/processed/verifier_positive/oc/oc-0222__obj_001.png,oc,1.0,224.0,1,oc-0222,,data/metadata/dartis_positive_verifier_crops.csv,1,train,25.110165393606167,162.0,,,224.0
,OIL::oc-0222::oc-0222__obj_002,CONFIRMED_OIL,,,data/external/dartis/processed/verifier_positive/oc/oc-0222__obj_002.png,oc,1.0,224.0,1,oc-0222,,data/metadata/dartis_positive_verifier_crops.csv,1,train,28.024278884446943,156.0,,,224.0
,OIL::oc-0223::oc-0223__obj_001,CONFIRMED_OIL,,,data/external/dartis/processed/verifier_positive/oc/oc-0223__obj_001.png,oc,1.0,224.0,1,oc-0223,,data/metadata/dartis_positive_verifier_crops.csv,1,train,11.067427955305527,86.0,,,224.0
,OIL::oc-0224::oc-0224__obj_001,CONFIRMED_OIL,,,data/external/dartis/processed/verifier_positive/oc/oc-0224__obj_001.png,oc,1.0,224.0,1,oc-0224,,data/metadata/dartis_positive_verifier_crops.csv,1,train,16.892505232504814,138.0,,,224.0
,OIL::oc-0225::oc-0225__obj_001,CONFIRMED_OIL,,,data/external/dartis/processed/verifier_positive/oc/oc-0225__obj_001.png,oc,1.0,224.0,1,oc-0225,,data/metadata/dartis_positive_verifier_crops.csv,1,train,35.319604258170315,246.0,,,224.0
,OIL::oc-0225::oc-0225__obj_002,CONFIRMED_OIL,,,data/external/dartis/processed/verifier_positive/oc/oc-0225__obj_002.png,oc,1.0,224.0,1,oc-0225,,data/metadata/dartis_positive_verifier_crops.csv,1,train,13.596546526472466,148.0,,,224.0
,OIL::oc-0225::oc-0225__obj_003,CONFIRMED_OIL,,,data/external/dartis/processed/verifier_positive/oc/oc-0225__obj_003.png,oc,1.0,224.0,1,oc-0225,,data/metadata/dartis_positive_verifier_crops.csv,1,train,32.396981058706515,245.0,,,224.0
,OIL::oc-0226::oc-0226__obj_001,CONFIRMED_OIL,,,data/external/dartis/processed/verifier_positive/oc/oc-0226__obj_001.png,oc,1.0,224.0,1,oc-0226,,data/metadata/dartis_positive_verifier_crops.csv,1,train,17.618453497869424,198.0,,,224.0
,OIL::oc-0226::oc-0226__obj_002,CONFIRMED_OIL,,,data/external/dartis/processed/verifier_positive/oc/oc-0226__obj_002.png,oc,1.0,224.0,1,oc-0226,,data/metadata/dartis_positive_verifier_crops.csv,1,train,7.289922950227655,74.0,,,224.0
,OIL::oc-0226::oc-0226__obj_003,CONFIRMED_OIL,,,data/external/dartis/processed/verifier_positive/oc/oc-0226__obj_003.png,oc,1.0,224.0,1,oc-0226,,data/metadata/dartis_positive_verifier_crops.csv,1,train,10.495689240922797,116.0,,,224.0
,OIL::oc-0226::oc-0226__obj_004,CONFIRMED_OIL,,,data/external/dartis/processed/verifier_positive/oc/oc-0226__obj_004.png,oc,1.0,224.0,1,oc-0226,,data/metadata/dartis_positive_verifier_crops.csv,1,train,19.56915181247514,209.0,,,224.0
,OIL::oc-0227::oc-0227__obj_001,CONFIRMED_OIL,,,data/external/dartis/processed/verifier_positive/oc/oc-0227__obj_001.png,oc,1.0,224.0,1,oc-0227,,data/metadata/dartis_positive_verifier_crops.csv,1,train,15.608553707147172,141.0,,,224.0
,OIL::oc-0228::oc-0228__obj_001,CONFIRMED_OIL,,,data/external/dartis/processed/verifier_positive/oc/oc-0228__obj_001.png,oc,1.0,224.0,1,oc-0228,,data/metadata/dartis_positive_verifier_crops.csv,1,train,12.235459726762617,103.0,,,224.0
,OIL::oc-0229::oc-0229__obj_001,CONFIRMED_OIL,,,data/external/dartis/processed/verifier_positive/oc/oc-0229__obj_001.png,oc,1.0,224.0,1,oc-0229,,data/metadata/dartis_positive_verifier_crops.csv,1,train,17.616042687568214,192.0,,,224.0
,OIL::oc-0229::oc-0229__obj_002,CONFIRMED_OIL,,,data/external/dartis/processed/verifier_positive/oc/oc-0229__obj_002.png,oc,1.0,224.0,1,oc-0229,,data/metadata/dartis_positive_verifier_crops.csv,1,train,16.65601752733118,172.0,,,224.0
,OIL::oc-0230::oc-0230__obj_001,CONFIRMED_OIL,,,data/external/dartis/processed/verifier_positive/oc/oc-0230__obj_001.png,oc,1.0,224.0,1,oc-0230,,data/metadata/dartis_positive_verifier_crops.csv,1,train,27.39804452745028,190.0,,,224.0
,OIL::oc-0230::oc-0230__obj_002,CONFIRMED_OIL,,,data/external/dartis/processed/verifier_positive/oc/oc-0230__obj_002.png,oc,1.0,224.0,1,oc-0230,,data/metadata/dartis_positive_verifier_crops.csv,1,train,25.498020406831973,183.0,,,224.0
,OIL::oc-0230::oc-0230__obj_003,CONFIRMED_OIL,,,data/external/dartis/processed/verifier_positive/oc/oc-0230__obj_003.png,oc,1.0,224.0,1,oc-0230,,data/metadata/dartis_positive_verifier_crops.csv,1,train,13.364024402698224,112.0,,,224.0
,OIL::oc-0231::oc-0231__obj_001,CONFIRMED_OIL,,,data/external/dartis/processed/verifier_positive/oc/oc-0231__obj_001.png,oc,1.0,224.0,1,oc-0231,,data/metadata/dartis_positive_verifier_crops.csv,1,train,22.593569358669946,148.0,,,224.0
,OIL::oc-0232::oc-0232__obj_001,CONFIRMED_OIL,,,data/external/dartis/processed/verifier_positive/oc/oc-0232__obj_001.png,oc,1.0,224.0,1,oc-0232,,data/metadata/dartis_positive_verifier_crops.csv,1,train,24.606407507548752,208.0,,,224.0
,OIL::oc-0232::oc-0232__obj_002,CONFIRMED_OIL,,,data/external/dartis/processed/verifier_positive/oc/oc-0232__obj_002.png,oc,1.0,224.0,1,oc-0232,,data/metadata/dartis_positive_verifier_crops.csv,1,train,26.256567643342063,193.0,,,224.0
,OIL::oc-0233::oc-0233__obj_001,CONFIRMED_OIL,,,data/external/dartis/processed/verifier_positive/oc/oc-0233__obj_001.png,oc,1.0,224.0,1,oc-0233,,data/metadata/dartis_positive_verifier_crops.csv,1,train,16.454856010540507,140.0,,,224.0
,OIL::oc-0234::oc-0234__obj_001,CONFIRMED_OIL,,,data/external/dartis/processed/verifier_positive/oc/oc-0234__obj_001.png,oc,1.0,224.0,1,oc-0234,,data/metadata/dartis_positive_verifier_crops.csv,1,calibration,18.75104024678834,199.0,,,224.0
,OIL::oc-0234::oc-0234__obj_002,CONFIRMED_OIL,,,data/external/dartis/processed/verifier_positive/oc/oc-0234__obj_002.png,oc,1.0,224.0,1,oc-0234,,data/metadata/dartis_positive_verifier_crops.csv,1,calibration,16.71204967469983,220.0,,,224.0
,OIL::oc-0235::oc-0235__obj_001,CONFIRMED_OIL,,,data/external/dartis/processed/verifier_positive/oc/oc-0235__obj_001.png,oc,1.0,224.0,1,oc-0235,,data/metadata/dartis_positive_verifier_crops.csv,1,train,14.474204154206207,138.0,,,224.0
,OIL::oc-0236::oc-0236__obj_001,CONFIRMED_OIL,,,data/external/dartis/processed/verifier_positive/oc/oc-0236__obj_001.png,oc,1.0,224.0,1,oc-0236,,data/metadata/dartis_positive_verifier_crops.csv,1,train,12.3486765615413,99.0,,,224.0
,OIL::oc-0236::oc-0236__obj_002,CONFIRMED_OIL,,,data/external/dartis/processed/verifier_positive/oc/oc-0236__obj_002.png,oc,1.0,224.0,1,oc-0236,,data/metadata/dartis_positive_verifier_crops.csv,1,train,10.178512565403956,93.0,,,224.0
,OIL::oc-0236::oc-0236__obj_003,CONFIRMED_OIL,,,data/external/dartis/processed/verifier_positive/oc/oc-0236__obj_003.png,oc,1.0,224.0,1,oc-0236,,data/metadata/dartis_positive_verifier_crops.csv,1,train,11.06358122880432,155.0,,,224.0
,OIL::oc-0236::oc-0236__obj_004,CONFIRMED_OIL,,,data/external/dartis/processed/verifier_positive/oc/oc-0236__obj_004.png,oc,1.0,224.0,1,oc-0236,,data/metadata/dartis_positive_verifier_crops.csv,1,train,28.997325281261205,204.0,,,224.0
,OIL::oc-0237::oc-0237__obj_001,CONFIRMED_OIL,,,data/external/dartis/processed/verifier_positive/oc/oc-0237__obj_001.png,oc,1.0,224.0,1,oc-0237,,data/metadata/dartis_positive_verifier_crops.csv,1,train,5.02086557250378,57.0,,,224.0
,OIL::oc-0238::oc-0238__obj_001,CONFIRMED_OIL,,,data/external/dartis/processed/verifier_positive/oc/oc-0238__obj_001.png,oc,1.0,224.0,1,oc-0238,,data/metadata/dartis_positive_verifier_crops.csv,1,train,13.935377914375175,84.0,,,224.0
,OIL::oc-0238::oc-0238__obj_002,CONFIRMED_OIL,,,data/external/dartis/processed/verifier_positive/oc/oc-0238__obj_002.png,oc,1.0,224.0,1,oc-0238,,data/metadata/dartis_positive_verifier_crops.csv,1,train,19.28178477142663,132.0,,,224.0
,OIL::oc-0238::oc-0238__obj_003,CONFIRMED_OIL,,,data/external/dartis/processed/verifier_positive/oc/oc-0238__obj_003.png,oc,1.0,224.0,1,oc-0238,,data/metadata/dartis_positive_verifier_crops.csv,1,train,16.605065253016274,217.0,,,224.0
,OIL::oc-0239::oc-0239__obj_001,CONFIRMED_OIL,,,data/external/dartis/processed/verifier_positive/oc/oc-0239__obj_001.png,oc,1.0,224.0,1,oc-0239,,data/metadata/dartis_positive_verifier_crops.csv,1,train,14.089053638620689,113.0,,,224.0
,OIL::oc-0240::oc-0240__obj_001,CONFIRMED_OIL,,,data/external/dartis/processed/verifier_positive/oc/oc-0240__obj_001.png,oc,1.0,224.0,1,oc-0240,,data/metadata/dartis_positive_verifier_crops.csv,1,train,27.94546489077188,192.0,,,224.0
,OIL::oc-0241::oc-0241__obj_001,CONFIRMED_OIL,,,data/external/dartis/processed/verifier_positive/oc/oc-0241__obj_001.png,oc,1.0,224.0,1,oc-0241,,data/metadata/dartis_positive_verifier_crops.csv,1,train,19.87338052922613,236.0,,,224.0
,OIL::oc-0241::oc-0241__obj_002,CONFIRMED_OIL,,,data/external/dartis/processed/verifier_positive/oc/oc-0241__obj_002.png,oc,1.0,224.0,1,oc-0241,,data/metadata/dartis_positive_verifier_crops.csv,1,train,10.429309041575126,92.0,,,224.0
,OIL::oc-0241::oc-0241__obj_003,CONFIRMED_OIL,,,data/external/dartis/processed/verifier_positive/oc/oc-0241__obj_003.png,oc,1.0,224.0,1,oc-0241,,data/metadata/dartis_positive_verifier_crops.csv,1,train,27.82119727063986,240.0,,,224.0
,OIL::oc-0241::oc-0241__obj_004,CONFIRMED_OIL,,,data/external/dartis/processed/verifier_positive/oc/oc-0241__obj_004.png,oc,1.0,224.0,1,oc-0241,,data/metadata/dartis_positive_verifier_crops.csv,1,train,22.55824789936578,168.0,,,224.0
,OIL::oc-0242::oc-0242__obj_001,CONFIRMED_OIL,,,data/external/dartis/processed/verifier_positive/oc/oc-0242__obj_001.png,oc,1.0,224.0,1,oc-0242,,data/metadata/dartis_positive_verifier_crops.csv,1,train,16.625605972311586,140.0,,,224.0
,OIL::oc-0242::oc-0242__obj_002,CONFIRMED_OIL,,,data/external/dartis/processed/verifier_positive/oc/oc-0242__obj_002.png,oc,1.0,224.0,1,oc-0242,,data/metadata/dartis_positive_verifier_crops.csv,1,train,19.515612526775804,145.0,,,224.0
,OIL::oc-0242::oc-0242__obj_003,CONFIRMED_OIL,,,data/external/dartis/processed/verifier_positive/oc/oc-0242__obj_003.png,oc,1.0,224.0,1,oc-0242,,data/metadata/dartis_positive_verifier_crops.csv,1,train,35.36592197137934,243.0,,,224.0
,OIL::oc-0242::oc-0242__obj_004,CONFIRMED_OIL,,,data/external/dartis/processed/verifier_positive/oc/oc-0242__obj_004.png,oc,1.0,224.0,1,oc-0242,,data/metadata/dartis_positive_verifier_crops.csv,1,train,24.31691031410365,223.0,,,224.0
,OIL::oc-0243::oc-0243__obj_001,CONFIRMED_OIL,,,data/external/dartis/processed/verifier_positive/oc/oc-0243__obj_001.png,oc,1.0,224.0,1,oc-0243,,data/metadata/dartis_positive_verifier_crops.csv,1,calibration,19.956830754918567,179.0,,,224.0
,OIL::oc-0244::oc-0244__obj_001,CONFIRMED_OIL,,,data/external/dartis/processed/verifier_positive/oc/oc-0244__obj_001.png,oc,1.0,224.0,1,oc-0244,,data/metadata/dartis_positive_verifier_crops.csv,1,train,11.170789596238048,91.0,,,224.0
,OIL::oc-0245::oc-0245__obj_001,CONFIRMED_OIL,,,data/external/dartis/processed/verifier_positive/oc/oc-0245__obj_001.png,oc,1.0,224.0,1,oc-0245,,data/metadata/dartis_positive_verifier_crops.csv,1,train,21.87744111534002,194.0,,,224.0
,OIL::oc-0245::oc-0245__obj_002,CONFIRMED_OIL,,,data/external/dartis/processed/verifier_positive/oc/oc-0245__obj_002.png,oc,1.0,224.0,1,oc-0245,,data/metadata/dartis_positive_verifier_crops.csv,1,train,12.700132275533573,112.0,,,224.0
,OIL::oc-0245::oc-0245__obj_003,CONFIRMED_OIL,,,data/external/dartis/processed/verifier_positive/oc/oc-0245__obj_003.png,oc,1.0,224.0,1,oc-0245,,data/metadata/dartis_positive_verifier_crops.csv,1,train,25.088781491619287,217.0,,,224.0
,OIL::oc-0245::oc-0245__obj_004,CONFIRMED_OIL,,,data/external/dartis/processed/verifier_positive/oc/oc-0245__obj_004.png,oc,1.0,224.0,1,oc-0245,,data/metadata/dartis_positive_verifier_crops.csv,1,train,11.734052705417785,105.0,,,224.0
,OIL::oc-0246::oc-0246__obj_001,CONFIRMED_OIL,,,data/external/dartis/processed/verifier_positive/oc/oc-0246__obj_001.png,oc,1.0,224.0,1,oc-0246,,data/metadata/dartis_positive_verifier_crops.csv,1,train,11.933635190066976,135.0,,,224.0
,OIL::oc-0247::oc-0247__obj_001,CONFIRMED_OIL,,,data/external/dartis/processed/verifier_positive/oc/oc-0247__obj_001.png,oc,1.0,224.0,1,oc-0247,,data/metadata/dartis_positive_verifier_crops.csv,1,train,33.45021735210014,232.0,,,224.0
,OIL::oc-0247::oc-0247__obj_002,CONFIRMED_OIL,,,data/external/dartis/processed/verifier_positive/oc/oc-0247__obj_002.png,oc,1.0,224.0,1,oc-0247,,data/metadata/dartis_positive_verifier_crops.csv,1,train,20.21348222400632,165.0,,,224.0
,OIL::oc-0247::oc-0247__obj_003,CONFIRMED_OIL,,,data/external/dartis/processed/verifier_positive/oc/oc-0247__obj_003.png,oc,1.0,224.0,1,oc-0247,,data/metadata/dartis_positive_verifier_crops.csv,1,train,18.1907365513805,158.0,,,224.0
,OIL::oc-0248::oc-0248__obj_001,CONFIRMED_OIL,,,data/external/dartis/processed/verifier_positive/oc/oc-0248__obj_001.png,oc,1.0,224.0,1,oc-0248,,data/metadata/dartis_positive_verifier_crops.csv,1,train,33.50675414492729,190.0,,,224.0
,OIL::oc-0248::oc-0248__obj_002,CONFIRMED_OIL,,,data/external/dartis/processed/verifier_positive/oc/oc-0248__obj_002.png,oc,1.0,224.0,1,oc-0248,,data/metadata/dartis_positive_verifier_crops.csv,1,train,24.44288690807633,160.0,,,224.0
,OIL::oc-0249::oc-0249__obj_001,CONFIRMED_OIL,,,data/external/dartis/processed/verifier_positive/oc/oc-0249__obj_001.png,oc,1.0,224.0,1,oc-0249,,data/metadata/dartis_positive_verifier_crops.csv,1,train,12.544571005364912,103.0,,,224.0
,OIL::oc-0250::oc-0250__obj_001,CONFIRMED_OIL,,,data/external/dartis/processed/verifier_positive/oc/oc-0250__obj_001.png,oc,1.0,224.0,1,oc-0250,,data/metadata/dartis_positive_verifier_crops.csv,1,train,12.3864154004516,113.0,,,224.0
,OIL::oc-0251::oc-0251__obj_001,CONFIRMED_OIL,,,data/external/dartis/processed/verifier_positive/oc/oc-0251__obj_001.png,oc,1.0,224.0,1,oc-0251,,data/metadata/dartis_positive_verifier_crops.csv,1,train,13.903102585931537,115.0,,,224.0
,OIL::oc-0251::oc-0251__obj_002,CONFIRMED_OIL,,,data/external/dartis/processed/verifier_positive/oc/oc-0251__obj_002.png,oc,1.0,224.0,1,oc-0251,,data/metadata/dartis_positive_verifier_crops.csv,1,train,35.2116797316233,247.0,,,224.0
,OIL::oc-0251::oc-0251__obj_003,CONFIRMED_OIL,,,data/external/dartis/processed/verifier_positive/oc/oc-0251__obj_003.png,oc,1.0,224.0,1,oc-0251,,data/metadata/dartis_positive_verifier_crops.csv,1,train,20.42182110966852,240.0,,,224.0
,OIL::oc-0252::oc-0252__obj_001,CONFIRMED_OIL,,,data/external/dartis/processed/verifier_positive/oc/oc-0252__obj_001.png,oc,1.0,224.0,1,oc-0252,,data/metadata/dartis_positive_verifier_crops.csv,1,train,10.36072188392194,95.0,,,224.0
,OIL::oc-0252::oc-0252__obj_002,CONFIRMED_OIL,,,data/external/dartis/processed/verifier_positive/oc/oc-0252__obj_002.png,oc,1.0,224.0,1,oc-0252,,data/metadata/dartis_positive_verifier_crops.csv,1,train,15.571348785668196,234.0,,,224.0
,OIL::oc-0252::oc-0252__obj_003,CONFIRMED_OIL,,,data/external/dartis/processed/verifier_positive/oc/oc-0252__obj_003.png,oc,1.0,224.0,1,oc-0252,,data/metadata/dartis_positive_verifier_crops.csv,1,train,9.305140453391587,84.0,,,224.0
,OIL::oc-0252::oc-0252__obj_004,CONFIRMED_OIL,,,data/external/dartis/processed/verifier_positive/oc/oc-0252__obj_004.png,oc,1.0,224.0,1,oc-0252,,data/metadata/dartis_positive_verifier_crops.csv,1,train,9.16515277791751,76.0,,,224.0
,OIL::oc-0252::oc-0252__obj_005,CONFIRMED_OIL,,,data/external/dartis/processed/verifier_positive/oc/oc-0252__obj_005.png,oc,1.0,224.0,1,oc-0252,,data/metadata/dartis_positive_verifier_crops.csv,1,train,8.744162471463815,78.0,,,224.0
,OIL::oc-0253::oc-0253__obj_001,CONFIRMED_OIL,,,data/external/dartis/processed/verifier_positive/oc/oc-0253__obj_001.png,oc,1.0,224.0,1,oc-0253,,data/metadata/dartis_positive_verifier_crops.csv,1,train,17.48182025257183,106.0,,,224.0
,OIL::oc-0253::oc-0253__obj_002,CONFIRMED_OIL,,,data/external/dartis/processed/verifier_positive/oc/oc-0253__obj_002.png,oc,1.0,224.0,1,oc-0253,,data/metadata/dartis_positive_verifier_crops.csv,1,train,13.778434443142938,71.0,,,224.0
,OIL::oc-0253::oc-0253__obj_003,CONFIRMED_OIL,,,data/external/dartis/processed/verifier_positive/oc/oc-0253__obj_003.png,oc,1.0,224.0,1,oc-0253,,data/metadata/dartis_positive_verifier_crops.csv,1,train,7.550479581473332,73.0,,,224.0
,OIL::oc-0253::oc-0253__obj_004,CONFIRMED_OIL,,,data/external/dartis/processed/verifier_positive/oc/oc-0253__obj_004.png,oc,1.0,224.0,1,oc-0253,,data/metadata/dartis_positive_verifier_crops.csv,1,train,9.112118001725094,74.0,,,224.0
,OIL::oc-0253::oc-0253__obj_005,CONFIRMED_OIL,,,data/external/dartis/processed/verifier_positive/oc/oc-0253__obj_005.png,oc,1.0,224.0,1,oc-0253,,data/metadata/dartis_positive_verifier_crops.csv,1,train,8.211810222340088,68.0,,,224.0
,OIL::oc-0254::oc-0254__obj_001,CONFIRMED_OIL,,,data/external/dartis/processed/verifier_positive/oc/oc-0254__obj_001.png,oc,1.0,224.0,1,oc-0254,,data/metadata/dartis_positive_verifier_crops.csv,1,train,14.251744566482534,121.0,,,224.0
,OIL::oc-0254::oc-0254__obj_002,CONFIRMED_OIL,,,data/external/dartis/processed/verifier_positive/oc/oc-0254__obj_002.png,oc,1.0,224.0,1,oc-0254,,data/metadata/dartis_positive_verifier_crops.csv,1,train,16.62941971243483,136.0,,,224.0
,OIL::oc-0254::oc-0254__obj_003,CONFIRMED_OIL,,,data/external/dartis/processed/verifier_positive/oc/oc-0254__obj_003.png,oc,1.0,224.0,1,oc-0254,,data/metadata/dartis_positive_verifier_crops.csv,1,train,15.08178214796587,124.0,,,224.0
,OIL::oc-0255::oc-0255__obj_001,CONFIRMED_OIL,,,data/external/dartis/processed/verifier_positive/oc/oc-0255__obj_001.png,oc,1.0,224.0,1,oc-0255,,data/metadata/dartis_positive_verifier_crops.csv,1,train,27.8280897296592,244.0,,,224.0
,OIL::oc-0256::oc-0256__obj_001,CONFIRMED_OIL,,,data/external/dartis/processed/verifier_positive/oc/oc-0256__obj_001.png,oc,1.0,224.0,1,oc-0256,,data/metadata/dartis_positive_verifier_crops.csv,1,calibration,13.996413172973792,90.0,,,224.0
,OIL::oc-0256::oc-0256__obj_002,CONFIRMED_OIL,,,data/external/dartis/processed/verifier_positive/oc/oc-0256__obj_002.png,oc,1.0,224.0,1,oc-0256,,data/metadata/dartis_positive_verifier_crops.csv,1,calibration,8.808993212669641,76.0,,,224.0
,OIL::oc-0256::oc-0256__obj_003,CONFIRMED_OIL,,,data/external/dartis/processed/verifier_positive/oc/oc-0256__obj_003.png,oc,1.0,224.0,1,oc-0256,,data/metadata/dartis_positive_verifier_crops.csv,1,calibration,8.138827457830851,75.0,,,224.0
,OIL::oc-0256::oc-0256__obj_004,CONFIRMED_OIL,,,data/external/dartis/processed/verifier_positive/oc/oc-0256__obj_004.png,oc,1.0,224.0,1,oc-0256,,data/metadata/dartis_positive_verifier_crops.csv,1,calibration,13.75051039335269,95.0,,,224.0
,OIL::oc-0257::oc-0257__obj_001,CONFIRMED_OIL,,,data/external/dartis/processed/verifier_positive/oc/oc-0257__obj_001.png,oc,1.0,224.0,1,oc-0257,,data/metadata/dartis_positive_verifier_crops.csv,1,train,9.567271002097756,91.0,,,224.0
,OIL::oc-0258::oc-0258__obj_001,CONFIRMED_OIL,,,data/external/dartis/processed/verifier_positive/oc/oc-0258__obj_001.png,oc,1.0,224.0,1,oc-0258,,data/metadata/dartis_positive_verifier_crops.csv,1,train,14.99210283207508,112.0,,,224.0
,OIL::oc-0259::oc-0259__obj_001,CONFIRMED_OIL,,,data/external/dartis/processed/verifier_positive/oc/oc-0259__obj_001.png,oc,1.0,224.0,1,oc-0259,,data/metadata/dartis_positive_verifier_crops.csv,1,train,25.18601674856445,130.0,,,224.0
,OIL::oc-0259::oc-0259__obj_002,CONFIRMED_OIL,,,data/external/dartis/processed/verifier_positive/oc/oc-0259__obj_002.png,oc,1.0,224.0,1,oc-0259,,data/metadata/dartis_positive_verifier_crops.csv,1,train,24.658852901863284,134.0,,,224.0
,OIL::oc-0260::oc-0260__obj_001,CONFIRMED_OIL,,,data/external/dartis/processed/verifier_positive/oc/oc-0260__obj_001.png,oc,1.0,224.0,1,oc-0260,,data/metadata/dartis_positive_verifier_crops.csv,1,train,20.852083906438523,236.0,,,224.0
,OIL::oc-0261::oc-0261__obj_001,CONFIRMED_OIL,,,data/external/dartis/processed/verifier_positive/oc/oc-0261__obj_001.png,oc,1.0,224.0,1,oc-0261,,data/metadata/dartis_positive_verifier_crops.csv,1,train,9.890042017607591,176.0,,,224.0
,OIL::oc-0261::oc-0261__obj_002,CONFIRMED_OIL,,,data/external/dartis/processed/verifier_positive/oc/oc-0261__obj_002.png,oc,1.0,224.0,1,oc-0261,,data/metadata/dartis_positive_verifier_crops.csv,1,train,8.637363456527105,115.0,,,224.0
,OIL::oc-0261::oc-0261__obj_003,CONFIRMED_OIL,,,data/external/dartis/processed/verifier_positive/oc/oc-0261__obj_003.png,oc,1.0,224.0,1,oc-0261,,data/metadata/dartis_positive_verifier_crops.csv,1,train,7.332130760526377,76.0,,,224.0
,OIL::oc-0261::oc-0261__obj_004,CONFIRMED_OIL,,,data/external/dartis/processed/verifier_positive/oc/oc-0261__obj_004.png,oc,1.0,224.0,1,oc-0261,,data/metadata/dartis_positive_verifier_crops.csv,1,train,7.350703919022902,77.0,,,224.0
,OIL::oc-0261::oc-0261__obj_005,CONFIRMED_OIL,,,data/external/dartis/processed/verifier_positive/oc/oc-0261__obj_005.png,oc,1.0,224.0,1,oc-0261,,data/metadata/dartis_positive_verifier_crops.csv,1,train,23.95181692343828,222.0,,,224.0
,OIL::oc-0262::oc-0262__obj_001,CONFIRMED_OIL,,,data/external/dartis/processed/verifier_positive/oc/oc-0262__obj_001.png,oc,1.0,224.0,1,oc-0262,,data/metadata/dartis_positive_verifier_crops.csv,1,calibration,18.12251042910385,241.0,,,224.0
,OIL::oc-0263::oc-0263__obj_001,CONFIRMED_OIL,,,data/external/dartis/processed/verifier_positive/oc/oc-0263__obj_001.png,oc,1.0,224.0,1,oc-0263,,data/metadata/dartis_positive_verifier_crops.csv,1,train,28.366949054155057,226.0,,,224.0
,OIL::oc-0264::oc-0264__obj_001,CONFIRMED_OIL,,,data/external/dartis/processed/verifier_positive/oc/oc-0264__obj_001.png,oc,1.0,224.0,1,oc-0264,,data/metadata/dartis_positive_verifier_crops.csv,1,calibration,21.52309639241933,162.0,,,224.0
,OIL::oc-0264::oc-0264__obj_002,CONFIRMED_OIL,,,data/external/dartis/processed/verifier_positive/oc/oc-0264__obj_002.png,oc,1.0,224.0,1,oc-0264,,data/metadata/dartis_positive_verifier_crops.csv,1,calibration,21.57876384597038,155.0,,,224.0
,OIL::oc-0264::oc-0264__obj_003,CONFIRMED_OIL,,,data/external/dartis/processed/verifier_positive/oc/oc-0264__obj_003.png,oc,1.0,224.0,1,oc-0264,,data/metadata/dartis_positive_verifier_crops.csv,1,calibration,20.968852912220683,150.0,,,224.0
,OIL::oc-0264::oc-0264__obj_004,CONFIRMED_OIL,,,data/external/dartis/processed/verifier_positive/oc/oc-0264__obj_004.png,oc,1.0,224.0,1,oc-0264,,data/metadata/dartis_positive_verifier_crops.csv,1,calibration,20.555054862630872,150.0,,,224.0
,OIL::oc-0264::oc-0264__obj_005,CONFIRMED_OIL,,,data/external/dartis/processed/verifier_positive/oc/oc-0264__obj_005.png,oc,1.0,224.0,1,oc-0264,,data/metadata/dartis_positive_verifier_crops.csv,1,calibration,23.378319182446305,153.0,,,224.0
,OIL::oc-0265::oc-0265__obj_001,CONFIRMED_OIL,,,data/external/dartis/processed/verifier_positive/oc/oc-0265__obj_001.png,oc,1.0,224.0,1,oc-0265,,data/metadata/dartis_positive_verifier_crops.csv,1,train,20.147048290749503,188.0,,,224.0
,OIL::oc-0265::oc-0265__obj_002,CONFIRMED_OIL,,,data/external/dartis/processed/verifier_positive/oc/oc-0265__obj_002.png,oc,1.0,224.0,1,oc-0265,,data/metadata/dartis_positive_verifier_crops.csv,1,train,16.73164395437385,130.0,,,224.0
,OIL::oc-0265::oc-0265__obj_003,CONFIRMED_OIL,,,data/external/dartis/processed/verifier_positive/oc/oc-0265__obj_003.png,oc,1.0,224.0,1,oc-0265,,data/metadata/dartis_positive_verifier_crops.csv,1,train,14.90621346318153,123.0,,,224.0
,OIL::oc-0266::oc-0266__obj_001,CONFIRMED_OIL,,,data/external/dartis/processed/verifier_positive/oc/oc-0266__obj_001.png,oc,1.0,224.0,1,oc-0266,,data/metadata/dartis_positive_verifier_crops.csv,1,train,30.360949743807783,229.0,,,224.0
,OIL::oc-0267::oc-0267__obj_001,CONFIRMED_OIL,,,data/external/dartis/processed/verifier_positive/oc/oc-0267__obj_001.png,oc,1.0,224.0,1,oc-0267,,data/metadata/dartis_positive_verifier_crops.csv,1,calibration,20.609494417143505,205.0,,,224.0
,OIL::oc-0268::oc-0268__obj_001,CONFIRMED_OIL,,,data/external/dartis/processed/verifier_positive/oc/oc-0268__obj_001.png,oc,1.0,224.0,1,oc-0268,,data/metadata/dartis_positive_verifier_crops.csv,1,train,21.537453698084096,150.0,,,224.0
,OIL::oc-0268::oc-0268__obj_002,CONFIRMED_OIL,,,data/external/dartis/processed/verifier_positive/oc/oc-0268__obj_002.png,oc,1.0,224.0,1,oc-0268,,data/metadata/dartis_positive_verifier_crops.csv,1,train,22.05470095037696,152.0,,,224.0
,OIL::oc-0269::oc-0269__obj_001,CONFIRMED_OIL,,,data/external/dartis/processed/verifier_positive/oc/oc-0269__obj_001.png,oc,1.0,224.0,1,oc-0269,,data/metadata/dartis_positive_verifier_crops.csv,1,train,10.243674869774546,114.0,,,224.0
,OIL::oc-0270::oc-0270__obj_001,CONFIRMED_OIL,,,data/external/dartis/processed/verifier_positive/oc/oc-0270__obj_001.png,oc,1.0,224.0,1,oc-0270,,data/metadata/dartis_positive_verifier_crops.csv,1,train,34.80004732283173,230.0,,,224.0
,OIL::oc-0270::oc-0270__obj_002,CONFIRMED_OIL,,,data/external/dartis/processed/verifier_positive/oc/oc-0270__obj_002.png,oc,1.0,224.0,1,oc-0270,,data/metadata/dartis_positive_verifier_crops.csv,1,train,24.217066348821454,226.0,,,224.0
,OIL::oc-0271::oc-0271__obj_001,CONFIRMED_OIL,,,data/external/dartis/processed/verifier_positive/oc/oc-0271__obj_001.png,oc,1.0,224.0,1,oc-0271,,data/metadata/dartis_positive_verifier_crops.csv,1,train,10.66335360854868,72.0,,,224.0
,OIL::oc-0271::oc-0271__obj_002,CONFIRMED_OIL,,,data/external/dartis/processed/verifier_positive/oc/oc-0271__obj_002.png,oc,1.0,224.0,1,oc-0271,,data/metadata/dartis_positive_verifier_crops.csv,1,train,9.757777393673964,138.0,,,224.0
,OIL::oc-0272::oc-0272__obj_001,CONFIRMED_OIL,,,data/external/dartis/processed/verifier_positive/oc/oc-0272__obj_001.png,oc,1.0,224.0,1,oc-0272,,data/metadata/dartis_positive_verifier_crops.csv,1,train,16.38689761714584,139.0,,,224.0
,OIL::oc-0273::oc-0273__obj_001,CONFIRMED_OIL,,,data/external/dartis/processed/verifier_positive/oc/oc-0273__obj_001.png,oc,1.0,224.0,1,oc-0273,,data/metadata/dartis_positive_verifier_crops.csv,1,train,10.591521742232246,89.0,,,224.0
,OIL::oc-0273::oc-0273__obj_002,CONFIRMED_OIL,,,data/external/dartis/processed/verifier_positive/oc/oc-0273__obj_002.png,oc,1.0,224.0,1,oc-0273,,data/metadata/dartis_positive_verifier_crops.csv,1,train,8.755799059371924,87.0,,,224.0
,OIL::oc-0273::oc-0273__obj_003,CONFIRMED_OIL,,,data/external/dartis/processed/verifier_positive/oc/oc-0273__obj_003.png,oc,1.0,224.0,1,oc-0273,,data/metadata/dartis_positive_verifier_crops.csv,1,train,9.094554764720682,84.0,,,224.0
,OIL::oc-0274::oc-0274__obj_001,CONFIRMED_OIL,,,data/external/dartis/processed/verifier_positive/oc/oc-0274__obj_001.png,oc,1.0,224.0,1,oc-0274,,data/metadata/dartis_positive_verifier_crops.csv,1,train,19.01675575028745,135.0,,,224.0
,OIL::oc-0274::oc-0274__obj_002,CONFIRMED_OIL,,,data/external/dartis/processed/verifier_positive/oc/oc-0274__obj_002.png,oc,1.0,224.0,1,oc-0274,,data/metadata/dartis_positive_verifier_crops.csv,1,train,17.34811503654918,214.0,,,224.0
,OIL::oc-0274::oc-0274__obj_003,CONFIRMED_OIL,,,data/external/dartis/processed/verifier_positive/oc/oc-0274__obj_003.png,oc,1.0,224.0,1,oc-0274,,data/metadata/dartis_positive_verifier_crops.csv,1,train,11.477612911866125,107.0,,,224.0
,OIL::oc-0274::oc-0274__obj_004,CONFIRMED_OIL,,,data/external/dartis/processed/verifier_positive/oc/oc-0274__obj_004.png,oc,1.0,224.0,1,oc-0274,,data/metadata/dartis_positive_verifier_crops.csv,1,train,19.902048199323627,165.0,,,224.0
,OIL::oc-0275::oc-0275__obj_001,CONFIRMED_OIL,,,data/external/dartis/processed/verifier_positive/oc/oc-0275__obj_001.png,oc,1.0,224.0,1,oc-0275,,data/metadata/dartis_positive_verifier_crops.csv,1,train,20.560433542385898,207.0,,,224.0
,OIL::oc-0275::oc-0275__obj_002,CONFIRMED_OIL,,,data/external/dartis/processed/verifier_positive/oc/oc-0275__obj_002.png,oc,1.0,224.0,1,oc-0275,,data/metadata/dartis_positive_verifier_crops.csv,1,train,16.892549944389902,130.0,,,224.0
,OIL::oc-0275::oc-0275__obj_003,CONFIRMED_OIL,,,data/external/dartis/processed/verifier_positive/oc/oc-0275__obj_003.png,oc,1.0,224.0,1,oc-0275,,data/metadata/dartis_positive_verifier_crops.csv,1,train,12.160197292174118,136.0,,,224.0
,OIL::oc-0275::oc-0275__obj_004,CONFIRMED_OIL,,,data/external/dartis/processed/verifier_positive/oc/oc-0275__obj_004.png,oc,1.0,224.0,1,oc-0275,,data/metadata/dartis_positive_verifier_crops.csv,1,train,10.181946712082231,94.0,,,224.0
,OIL::oc-0276::oc-0276__obj_001,CONFIRMED_OIL,,,data/external/dartis/processed/verifier_positive/oc/oc-0276__obj_001.png,oc,1.0,224.0,1,oc-0276,,data/metadata/dartis_positive_verifier_crops.csv,1,train,19.47608571306368,184.0,,,224.0
,OIL::oc-0277::oc-0277__obj_001,CONFIRMED_OIL,,,data/external/dartis/processed/verifier_positive/oc/oc-0277__obj_001.png,oc,1.0,224.0,1,oc-0277,,data/metadata/dartis_positive_verifier_crops.csv,1,calibration,23.14415367343853,155.0,,,224.0
,OIL::oc-0277::oc-0277__obj_002,CONFIRMED_OIL,,,data/external/dartis/processed/verifier_positive/oc/oc-0277__obj_002.png,oc,1.0,224.0,1,oc-0277,,data/metadata/dartis_positive_verifier_crops.csv,1,calibration,21.954128657905247,151.0,,,224.0
,OIL::oc-0277::oc-0277__obj_003,CONFIRMED_OIL,,,data/external/dartis/processed/verifier_positive/oc/oc-0277__obj_003.png,oc,1.0,224.0,1,oc-0277,,data/metadata/dartis_positive_verifier_crops.csv,1,calibration,24.13202208554784,150.0,,,224.0
,OIL::oc-0277::oc-0277__obj_004,CONFIRMED_OIL,,,data/external/dartis/processed/verifier_positive/oc/oc-0277__obj_004.png,oc,1.0,224.0,1,oc-0277,,data/metadata/dartis_positive_verifier_crops.csv,1,calibration,21.434168940334107,150.0,,,224.0
,OIL::oc-0277::oc-0277__obj_005,CONFIRMED_OIL,,,data/external/dartis/processed/verifier_positive/oc/oc-0277__obj_005.png,oc,1.0,224.0,1,oc-0277,,data/metadata/dartis_positive_verifier_crops.csv,1,calibration,18.753909577207548,160.0,,,224.0
,OIL::oc-0278::oc-0278__obj_001,CONFIRMED_OIL,,,data/external/dartis/processed/verifier_positive/oc/oc-0278__obj_001.png,oc,1.0,224.0,1,oc-0278,,data/metadata/dartis_positive_verifier_crops.csv,1,train,27.79944207698928,167.0,,,224.0
,OIL::oc-0278::oc-0278__obj_002,CONFIRMED_OIL,,,data/external/dartis/processed/verifier_positive/oc/oc-0278__obj_002.png,oc,1.0,224.0,1,oc-0278,,data/metadata/dartis_positive_verifier_crops.csv,1,train,21.28201756477165,171.0,,,224.0
,OIL::oc-0279::oc-0279__obj_001,CONFIRMED_OIL,,,data/external/dartis/processed/verifier_positive/oc/oc-0279__obj_001.png,oc,1.0,224.0,1,oc-0279,,data/metadata/dartis_positive_verifier_crops.csv,1,train,11.824588829358314,108.0,,,224.0
,OIL::oc-0280::oc-0280__obj_001,CONFIRMED_OIL,,,data/external/dartis/processed/verifier_positive/oc/oc-0280__obj_001.png,oc,1.0,224.0,1,oc-0280,,data/metadata/dartis_positive_verifier_crops.csv,1,train,11.330300340449456,99.0,,,224.0
,OIL::oc-0280::oc-0280__obj_002,CONFIRMED_OIL,,,data/external/dartis/processed/verifier_positive/oc/oc-0280__obj_002.png,oc,1.0,224.0,1,oc-0280,,data/metadata/dartis_positive_verifier_crops.csv,1,train,12.84977260461885,109.0,,,224.0
,OIL::oc-0280::oc-0280__obj_003,CONFIRMED_OIL,,,data/external/dartis/processed/verifier_positive/oc/oc-0280__obj_003.png,oc,1.0,224.0,1,oc-0280,,data/metadata/dartis_positive_verifier_crops.csv,1,train,30.9959064651029,208.0,,,224.0
,OIL::oc-0280::oc-0280__obj_004,CONFIRMED_OIL,,,data/external/dartis/processed/verifier_positive/oc/oc-0280__obj_004.png,oc,1.0,224.0,1,oc-0280,,data/metadata/dartis_positive_verifier_crops.csv,1,train,15.797357400804628,139.0,,,224.0
,OIL::oc-0280::oc-0280__obj_005,CONFIRMED_OIL,,,data/external/dartis/processed/verifier_positive/oc/oc-0280__obj_005.png,oc,1.0,224.0,1,oc-0280,,data/metadata/dartis_positive_verifier_crops.csv,1,train,13.40714019479188,115.0,,,224.0
,OIL::oc-0280::oc-0280__obj_006,CONFIRMED_OIL,,,data/external/dartis/processed/verifier_positive/oc/oc-0280__obj_006.png,oc,1.0,224.0,1,oc-0280,,data/metadata/dartis_positive_verifier_crops.csv,1,train,13.753066895369956,92.0,,,224.0
,OIL::oc-0281::oc-0281__obj_001,CONFIRMED_OIL,,,data/external/dartis/processed/verifier_positive/oc/oc-0281__obj_001.png,oc,1.0,224.0,1,oc-0281,,data/metadata/dartis_positive_verifier_crops.csv,1,train,12.391109352039214,105.0,,,224.0
,OIL::oc-0281::oc-0281__obj_002,CONFIRMED_OIL,,,data/external/dartis/processed/verifier_positive/oc/oc-0281__obj_002.png,oc,1.0,224.0,1,oc-0281,,data/metadata/dartis_positive_verifier_crops.csv,1,train,12.867180133637232,140.0,,,224.0
,OIL::oc-0282::oc-0282__obj_001,CONFIRMED_OIL,,,data/external/dartis/processed/verifier_positive/oc/oc-0282__obj_001.png,oc,1.0,224.0,1,oc-0282,,data/metadata/dartis_positive_verifier_crops.csv,1,train,10.92504232009868,91.0,,,224.0
,OIL::oc-0283::oc-0283__obj_001,CONFIRMED_OIL,,,data/external/dartis/processed/verifier_positive/oc/oc-0283__obj_001.png,oc,1.0,224.0,1,oc-0283,,data/metadata/dartis_positive_verifier_crops.csv,1,train,18.12333820102749,120.0,,,224.0
,OIL::oc-0283::oc-0283__obj_002,CONFIRMED_OIL,,,data/external/dartis/processed/verifier_positive/oc/oc-0283__obj_002.png,oc,1.0,224.0,1,oc-0283,,data/metadata/dartis_positive_verifier_crops.csv,1,train,18.23674430090316,119.0,,,224.0
,OIL::oc-0283::oc-0283__obj_004,CONFIRMED_OIL,,,data/external/dartis/processed/verifier_positive/oc/oc-0283__obj_004.png,oc,1.0,224.0,1,oc-0283,,data/metadata/dartis_positive_verifier_crops.csv,1,train,14.249170011517224,113.0,,,224.0
,OIL::oc-0283::oc-0283__obj_005,CONFIRMED_OIL,,,data/external/dartis/processed/verifier_positive/oc/oc-0283__obj_005.png,oc,1.0,224.0,1,oc-0283,,data/metadata/dartis_positive_verifier_crops.csv,1,train,13.649548252863516,120.0,,,224.0
,OIL::oc-0283::oc-0283__obj_006,CONFIRMED_OIL,,,data/external/dartis/processed/verifier_positive/oc/oc-0283__obj_006.png,oc,1.0,224.0,1,oc-0283,,data/metadata/dartis_positive_verifier_crops.csv,1,train,12.981181261716948,111.0,,,224.0
,OIL::oc-0283::oc-0283__obj_007,CONFIRMED_OIL,,,data/external/dartis/processed/verifier_positive/oc/oc-0283__obj_007.png,oc,1.0,224.0,1,oc-0283,,data/metadata/dartis_positive_verifier_crops.csv,1,train,12.550132057913556,112.0,,,224.0
,OIL::oc-0284::oc-0284__obj_001,CONFIRMED_OIL,,,data/external/dartis/processed/verifier_positive/oc/oc-0284__obj_001.png,oc,1.0,224.0,1,oc-0284,,data/metadata/dartis_positive_verifier_crops.csv,1,train,15.036799557572218,133.0,,,224.0
,OIL::oc-0285::oc-0285__obj_001,CONFIRMED_OIL,,,data/external/dartis/processed/verifier_positive/oc/oc-0285__obj_001.png,oc,1.0,224.0,1,oc-0285,,data/metadata/dartis_positive_verifier_crops.csv,1,train,17.07411670658547,136.0,,,224.0
,OIL::oc-0285::oc-0285__obj_002,CONFIRMED_OIL,,,data/external/dartis/processed/verifier_positive/oc/oc-0285__obj_002.png,oc,1.0,224.0,1,oc-0285,,data/metadata/dartis_positive_verifier_crops.csv,1,train,14.519313099464703,125.0,,,224.0
,OIL::oc-0285::oc-0285__obj_003,CONFIRMED_OIL,,,data/external/dartis/processed/verifier_positive/oc/oc-0285__obj_003.png,oc,1.0,224.0,1,oc-0285,,data/metadata/dartis_positive_verifier_crops.csv,1,train,14.659452947969012,120.0,,,224.0
,OIL::oc-0286::oc-0286__obj_001,CONFIRMED_OIL,,,data/external/dartis/processed/verifier_positive/oc/oc-0286__obj_001.png,oc,1.0,224.0,1,oc-0286,,data/metadata/dartis_positive_verifier_crops.csv,1,calibration,8.642610658018317,79.0,,,224.0
,OIL::oc-0287::oc-0287__obj_001,CONFIRMED_OIL,,,data/external/dartis/processed/verifier_positive/oc/oc-0287__obj_001.png,oc,1.0,224.0,1,oc-0287,,data/metadata/dartis_positive_verifier_crops.csv,1,train,9.91598740658524,94.0,,,224.0
,OIL::oc-0287::oc-0287__obj_002,CONFIRMED_OIL,,,data/external/dartis/processed/verifier_positive/oc/oc-0287__obj_002.png,oc,1.0,224.0,1,oc-0287,,data/metadata/dartis_positive_verifier_crops.csv,1,train,20.855914138015635,138.0,,,224.0
,OIL::oc-0287::oc-0287__obj_003,CONFIRMED_OIL,,,data/external/dartis/processed/verifier_positive/oc/oc-0287__obj_003.png,oc,1.0,224.0,1,oc-0287,,data/metadata/dartis_positive_verifier_crops.csv,1,train,10.75407001545977,87.0,,,224.0
,OIL::oc-0288::oc-0288__obj_001,CONFIRMED_OIL,,,data/external/dartis/processed/verifier_positive/oc/oc-0288__obj_001.png,oc,1.0,224.0,1,oc-0288,,data/metadata/dartis_positive_verifier_crops.csv,1,train,11.631277777585083,145.0,,,224.0
,OIL::oc-0289::oc-0289__obj_001,CONFIRMED_OIL,,,data/external/dartis/processed/verifier_positive/oc/oc-0289__obj_001.png,oc,1.0,224.0,1,oc-0289,,data/metadata/dartis_positive_verifier_crops.csv,1,train,21.59245362512948,144.0,,,224.0
,OIL::oc-0289::oc-0289__obj_002,CONFIRMED_OIL,,,data/external/dartis/processed/verifier_positive/oc/oc-0289__obj_002.png,oc,1.0,224.0,1,oc-0289,,data/metadata/dartis_positive_verifier_crops.csv,1,train,25.967522619685266,143.0,,,224.0
,OIL::oc-0290::oc-0290__obj_001,CONFIRMED_OIL,,,data/external/dartis/processed/verifier_positive/oc/oc-0290__obj_001.png,oc,1.0,224.0,1,oc-0290,,data/metadata/dartis_positive_verifier_crops.csv,1,calibration,11.572505136686347,93.0,,,224.0
,OIL::oc-0290::oc-0290__obj_002,CONFIRMED_OIL,,,data/external/dartis/processed/verifier_positive/oc/oc-0290__obj_002.png,oc,1.0,224.0,1,oc-0290,,data/metadata/dartis_positive_verifier_crops.csv,1,calibration,20.521233384550044,254.0,,,224.0
,OIL::oc-0291::oc-0291__obj_001,CONFIRMED_OIL,,,data/external/dartis/processed/verifier_positive/oc/oc-0291__obj_001.png,oc,1.0,224.0,1,oc-0291,,data/metadata/dartis_positive_verifier_crops.csv,1,train,12.537946225757771,119.0,,,224.0
,OIL::oc-0291::oc-0291__obj_002,CONFIRMED_OIL,,,data/external/dartis/processed/verifier_positive/oc/oc-0291__obj_002.png,oc,1.0,224.0,1,oc-0291,,data/metadata/dartis_positive_verifier_crops.csv,1,train,12.950919369151114,128.0,,,224.0
,OIL::oc-0291::oc-0291__obj_003,CONFIRMED_OIL,,,data/external/dartis/processed/verifier_positive/oc/oc-0291__obj_003.png,oc,1.0,224.0,1,oc-0291,,data/metadata/dartis_positive_verifier_crops.csv,1,train,16.492783358970055,175.0,,,224.0
,OIL::oc-0291::oc-0291__obj_004,CONFIRMED_OIL,,,data/external/dartis/processed/verifier_positive/oc/oc-0291__obj_004.png,oc,1.0,224.0,1,oc-0291,,data/metadata/dartis_positive_verifier_crops.csv,1,train,7.89021870232872,99.0,,,224.0
,OIL::oc-0292::oc-0292__obj_001,CONFIRMED_OIL,,,data/external/dartis/processed/verifier_positive/oc/oc-0292__obj_001.png,oc,1.0,224.0,1,oc-0292,,data/metadata/dartis_positive_verifier_crops.csv,1,train,14.388363265215778,167.0,,,224.0
,OIL::oc-0293::oc-0293__obj_001,CONFIRMED_OIL,,,data/external/dartis/processed/verifier_positive/oc/oc-0293__obj_001.png,oc,1.0,224.0,1,oc-0293,,data/metadata/dartis_positive_verifier_crops.csv,1,train,13.383036153823303,177.0,,,224.0
,OIL::oc-0293::oc-0293__obj_002,CONFIRMED_OIL,,,data/external/dartis/processed/verifier_positive/oc/oc-0293__obj_002.png,oc,1.0,224.0,1,oc-0293,,data/metadata/dartis_positive_verifier_crops.csv,1,train,18.943103904335228,196.0,,,224.0
,OIL::oc-0293::oc-0293__obj_003,CONFIRMED_OIL,,,data/external/dartis/processed/verifier_positive/oc/oc-0293__obj_003.png,oc,1.0,224.0,1,oc-0293,,data/metadata/dartis_positive_verifier_crops.csv,1,train,8.840021028908172,86.0,,,224.0
,OIL::oc-0293::oc-0293__obj_004,CONFIRMED_OIL,,,data/external/dartis/processed/verifier_positive/oc/oc-0293__obj_004.png,oc,1.0,224.0,1,oc-0293,,data/metadata/dartis_positive_verifier_crops.csv,1,train,12.438446696018373,94.0,,,224.0
,OIL::oc-0293::oc-0293__obj_005,CONFIRMED_OIL,,,data/external/dartis/processed/verifier_positive/oc/oc-0293__obj_005.png,oc,1.0,224.0,1,oc-0293,,data/metadata/dartis_positive_verifier_crops.csv,1,train,9.187081595027466,90.0,,,224.0
,OIL::oc-0293::oc-0293__obj_006,CONFIRMED_OIL,,,data/external/dartis/processed/verifier_positive/oc/oc-0293__obj_006.png,oc,1.0,224.0,1,oc-0293,,data/metadata/dartis_positive_verifier_crops.csv,1,train,12.517941065630092,95.0,,,224.0
,OIL::oc-0293::oc-0293__obj_007,CONFIRMED_OIL,,,data/external/dartis/processed/verifier_positive/oc/oc-0293__obj_007.png,oc,1.0,224.0,1,oc-0293,,data/metadata/dartis_positive_verifier_crops.csv,1,train,14.55179813116794,97.0,,,224.0
,OIL::oc-0294::oc-0294__obj_001,CONFIRMED_OIL,,,data/external/dartis/processed/verifier_positive/oc/oc-0294__obj_001.png,oc,1.0,224.0,1,oc-0294,,data/metadata/dartis_positive_verifier_crops.csv,1,train,11.56543969418099,99.0,,,224.0
,OIL::oc-0294::oc-0294__obj_002,CONFIRMED_OIL,,,data/external/dartis/processed/verifier_positive/oc/oc-0294__obj_002.png,oc,1.0,224.0,1,oc-0294,,data/metadata/dartis_positive_verifier_crops.csv,1,train,11.970476615296478,136.0,,,224.0
,OIL::oc-0295::oc-0295__obj_001,CONFIRMED_OIL,,,data/external/dartis/processed/verifier_positive/oc/oc-0295__obj_001.png,oc,1.0,224.0,1,oc-0295,,data/metadata/dartis_positive_verifier_crops.csv,1,calibration,14.537977749368512,132.0,,,224.0
,OIL::oc-0295::oc-0295__obj_002,CONFIRMED_OIL,,,data/external/dartis/processed/verifier_positive/oc/oc-0295__obj_002.png,oc,1.0,224.0,1,oc-0295,,data/metadata/dartis_positive_verifier_crops.csv,1,calibration,15.86267589676647,144.0,,,224.0
,OIL::oc-0295::oc-0295__obj_003,CONFIRMED_OIL,,,data/external/dartis/processed/verifier_positive/oc/oc-0295__obj_003.png,oc,1.0,224.0,1,oc-0295,,data/metadata/dartis_positive_verifier_crops.csv,1,calibration,17.235270783090954,136.0,,,224.0
,OIL::oc-0295::oc-0295__obj_004,CONFIRMED_OIL,,,data/external/dartis/processed/verifier_positive/oc/oc-0295__obj_004.png,oc,1.0,224.0,1,oc-0295,,data/metadata/dartis_positive_verifier_crops.csv,1,calibration,14.702993075620846,125.0,,,224.0
,OIL::oc-0296::oc-0296__obj_001,CONFIRMED_OIL,,,data/external/dartis/processed/verifier_positive/oc/oc-0296__obj_001.png,oc,1.0,224.0,1,oc-0296,,data/metadata/dartis_positive_verifier_crops.csv,1,train,15.583291779943952,110.0,,,224.0
,OIL::oc-0296::oc-0296__obj_002,CONFIRMED_OIL,,,data/external/dartis/processed/verifier_positive/oc/oc-0296__obj_002.png,oc,1.0,224.0,1,oc-0296,,data/metadata/dartis_positive_verifier_crops.csv,1,train,13.816212091390843,109.0,,,224.0
,OIL::oc-0296::oc-0296__obj_003,CONFIRMED_OIL,,,data/external/dartis/processed/verifier_positive/oc/oc-0296__obj_003.png,oc,1.0,224.0,1,oc-0296,,data/metadata/dartis_positive_verifier_crops.csv,1,train,17.081791942600525,111.0,,,224.0
,OIL::oc-0296::oc-0296__obj_004,CONFIRMED_OIL,,,data/external/dartis/processed/verifier_positive/oc/oc-0296__obj_004.png,oc,1.0,224.0,1,oc-0296,,data/metadata/dartis_positive_verifier_crops.csv,1,train,12.869808976689493,100.0,,,224.0
,OIL::oc-0296::oc-0296__obj_005,CONFIRMED_OIL,,,data/external/dartis/processed/verifier_positive/oc/oc-0296__obj_005.png,oc,1.0,224.0,1,oc-0296,,data/metadata/dartis_positive_verifier_crops.csv,1,train,12.083067546026337,96.0,,,224.0
,OIL::oc-0296::oc-0296__obj_006,CONFIRMED_OIL,,,data/external/dartis/processed/verifier_positive/oc/oc-0296__obj_006.png,oc,1.0,224.0,1,oc-0296,,data/metadata/dartis_positive_verifier_crops.csv,1,train,16.530281334222664,112.0,,,224.0
,OIL::oc-0296::oc-0296__obj_007,CONFIRMED_OIL,,,data/external/dartis/processed/verifier_positive/oc/oc-0296__obj_007.png,oc,1.0,224.0,1,oc-0296,,data/metadata/dartis_positive_verifier_crops.csv,1,train,18.076689318660875,118.0,,,224.0
,OIL::oc-0296::oc-0296__obj_008,CONFIRMED_OIL,,,data/external/dartis/processed/verifier_positive/oc/oc-0296__obj_008.png,oc,1.0,224.0,1,oc-0296,,data/metadata/dartis_positive_verifier_crops.csv,1,train,16.429410442182682,111.0,,,224.0
,OIL::oc-0296::oc-0296__obj_009,CONFIRMED_OIL,,,data/external/dartis/processed/verifier_positive/oc/oc-0296__obj_009.png,oc,1.0,224.0,1,oc-0296,,data/metadata/dartis_positive_verifier_crops.csv,1,train,14.31942524027912,106.0,,,224.0
,OIL::oc-0296::oc-0296__obj_010,CONFIRMED_OIL,,,data/external/dartis/processed/verifier_positive/oc/oc-0296__obj_010.png,oc,1.0,224.0,1,oc-0296,,data/metadata/dartis_positive_verifier_crops.csv,1,train,16.000895176633882,107.0,,,224.0
,OIL::oc-0297::oc-0297__obj_001,CONFIRMED_OIL,,,data/external/dartis/processed/verifier_positive/oc/oc-0297__obj_001.png,oc,1.0,224.0,1,oc-0297,,data/metadata/dartis_positive_verifier_crops.csv,1,train,9.726509963023164,83.0,,,224.0
,OIL::oc-0297::oc-0297__obj_002,CONFIRMED_OIL,,,data/external/dartis/processed/verifier_positive/oc/oc-0297__obj_002.png,oc,1.0,224.0,1,oc-0297,,data/metadata/dartis_positive_verifier_crops.csv,1,train,11.31268040753754,101.0,,,224.0
,OIL::oc-0298::oc-0298__obj_001,CONFIRMED_OIL,,,data/external/dartis/processed/verifier_positive/oc/oc-0298__obj_001.png,oc,1.0,224.0,1,oc-0298,,data/metadata/dartis_positive_verifier_crops.csv,1,train,18.92057768315808,119.0,,,224.0
,OIL::oc-0298::oc-0298__obj_002,CONFIRMED_OIL,,,data/external/dartis/processed/verifier_positive/oc/oc-0298__obj_002.png,oc,1.0,224.0,1,oc-0298,,data/metadata/dartis_positive_verifier_crops.csv,1,train,14.7314369086037,111.0,,,224.0
,OIL::oc-0298::oc-0298__obj_003,CONFIRMED_OIL,,,data/external/dartis/processed/verifier_positive/oc/oc-0298__obj_003.png,oc,1.0,224.0,1,oc-0298,,data/metadata/dartis_positive_verifier_crops.csv,1,train,19.27121737762845,122.0,,,224.0
,OIL::oc-0298::oc-0298__obj_004,CONFIRMED_OIL,,,data/external/dartis/processed/verifier_positive/oc/oc-0298__obj_004.png,oc,1.0,224.0,1,oc-0298,,data/metadata/dartis_positive_verifier_crops.csv,1,train,16.974197107358403,117.0,,,224.0
,OIL::oc-0298::oc-0298__obj_005,CONFIRMED_OIL,,,data/external/dartis/processed/verifier_positive/oc/oc-0298__obj_005.png,oc,1.0,224.0,1,oc-0298,,data/metadata/dartis_positive_verifier_crops.csv,1,train,18.24472222833316,120.0,,,224.0
,OIL::oc-0299::oc-0299__obj_001,CONFIRMED_OIL,,,data/external/dartis/processed/verifier_positive/oc/oc-0299__obj_001.png,oc,1.0,224.0,1,oc-0299,,data/metadata/dartis_positive_verifier_crops.csv,1,train,23.12274230917193,175.0,,,224.0
,OIL::oc-0299::oc-0299__obj_002,CONFIRMED_OIL,,,data/external/dartis/processed/verifier_positive/oc/oc-0299__obj_002.png,oc,1.0,224.0,1,oc-0299,,data/metadata/dartis_positive_verifier_crops.csv,1,train,21.271627180538708,161.0,,,224.0
,OIL::oc-0300::oc-0300__obj_001,CONFIRMED_OIL,,,data/external/dartis/processed/verifier_positive/oc/oc-0300__obj_001.png,oc,1.0,224.0,1,oc-0300,,data/metadata/dartis_positive_verifier_crops.csv,1,train,22.10988793335655,158.0,,,224.0
,OIL::oc-0300::oc-0300__obj_002,CONFIRMED_OIL,,,data/external/dartis/processed/verifier_positive/oc/oc-0300__obj_002.png,oc,1.0,224.0,1,oc-0300,,data/metadata/dartis_positive_verifier_crops.csv,1,train,21.91523784525091,150.0,,,224.0
,OIL::oc-0301::oc-0301__obj_001,CONFIRMED_OIL,,,data/external/dartis/processed/verifier_positive/oc/oc-0301__obj_001.png,oc,1.0,224.0,1,oc-0301,,data/metadata/dartis_positive_verifier_crops.csv,1,train,19.70830956316485,150.0,,,224.0
,OIL::oc-0302::oc-0302__obj_001,CONFIRMED_OIL,,,data/external/dartis/processed/verifier_positive/oc/oc-0302__obj_001.png,oc,1.0,224.0,1,oc-0302,,data/metadata/dartis_positive_verifier_crops.csv,1,train,16.7983137030628,157.0,,,224.0
,OIL::oc-0302::oc-0302__obj_002,CONFIRMED_OIL,,,data/external/dartis/processed/verifier_positive/oc/oc-0302__obj_002.png,oc,1.0,224.0,1,oc-0302,,data/metadata/dartis_positive_verifier_crops.csv,1,train,28.859279857955933,232.0,,,224.0
,OIL::oc-0302::oc-0302__obj_003,CONFIRMED_OIL,,,data/external/dartis/processed/verifier_positive/oc/oc-0302__obj_003.png,oc,1.0,224.0,1,oc-0302,,data/metadata/dartis_positive_verifier_crops.csv,1,train,21.35990159060396,169.0,,,224.0
,OIL::oc-0303::oc-0303__obj_001,CONFIRMED_OIL,,,data/external/dartis/processed/verifier_positive/oc/oc-0303__obj_001.png,oc,1.0,224.0,1,oc-0303,,data/metadata/dartis_positive_verifier_crops.csv,1,train,17.98593177905817,169.0,,,224.0
,OIL::oc-0304::oc-0304__obj_001,CONFIRMED_OIL,,,data/external/dartis/processed/verifier_positive/oc/oc-0304__obj_001.png,oc,1.0,224.0,1,oc-0304,,data/metadata/dartis_positive_verifier_crops.csv,1,train,28.26724100737229,231.0,,,224.0
,OIL::oc-0305::oc-0305__obj_001,CONFIRMED_OIL,,,data/external/dartis/processed/verifier_positive/oc/oc-0305__obj_001.png,oc,1.0,224.0,1,oc-0305,,data/metadata/dartis_positive_verifier_crops.csv,1,train,11.16709497702253,123.0,,,224.0
,OIL::oc-0306::oc-0306__obj_001,CONFIRMED_OIL,,,data/external/dartis/processed/verifier_positive/oc/oc-0306__obj_001.png,oc,1.0,224.0,1,oc-0306,,data/metadata/dartis_positive_verifier_crops.csv,1,calibration,11.167004852726212,96.0,,,224.0
,OIL::oc-0306::oc-0306__obj_002,CONFIRMED_OIL,,,data/external/dartis/processed/verifier_positive/oc/oc-0306__obj_002.png,oc,1.0,224.0,1,oc-0306,,data/metadata/dartis_positive_verifier_crops.csv,1,calibration,17.470784324483716,242.0,,,224.0
,OIL::oc-0306::oc-0306__obj_003,CONFIRMED_OIL,,,data/external/dartis/processed/verifier_positive/oc/oc-0306__obj_003.png,oc,1.0,224.0,1,oc-0306,,data/metadata/dartis_positive_verifier_crops.csv,1,calibration,23.23517506838899,243.0,,,224.0
,OIL::oc-0306::oc-0306__obj_004,CONFIRMED_OIL,,,data/external/dartis/processed/verifier_positive/oc/oc-0306__obj_004.png,oc,1.0,224.0,1,oc-0306,,data/metadata/dartis_positive_verifier_crops.csv,1,calibration,30.731187999627128,217.0,,,224.0
,OIL::oc-0307::oc-0307__obj_001,CONFIRMED_OIL,,,data/external/dartis/processed/verifier_positive/oc/oc-0307__obj_001.png,oc,1.0,224.0,1,oc-0307,,data/metadata/dartis_positive_verifier_crops.csv,1,train,19.730237474025767,214.0,,,224.0
,OIL::oc-0307::oc-0307__obj_002,CONFIRMED_OIL,,,data/external/dartis/processed/verifier_positive/oc/oc-0307__obj_002.png,oc,1.0,224.0,1,oc-0307,,data/metadata/dartis_positive_verifier_crops.csv,1,train,19.240613132490907,165.0,,,224.0
,OIL::oc-0308::oc-0308__obj_001,CONFIRMED_OIL,,,data/external/dartis/processed/verifier_positive/oc/oc-0308__obj_001.png,oc,1.0,224.0,1,oc-0308,,data/metadata/dartis_positive_verifier_crops.csv,1,train,8.786678161761632,75.0,,,224.0
,OIL::oc-0308::oc-0308__obj_002,CONFIRMED_OIL,,,data/external/dartis/processed/verifier_positive/oc/oc-0308__obj_002.png,oc,1.0,224.0,1,oc-0308,,data/metadata/dartis_positive_verifier_crops.csv,1,train,8.257304190719395,70.0,,,224.0
,OIL::oc-0308::oc-0308__obj_003,CONFIRMED_OIL,,,data/external/dartis/processed/verifier_positive/oc/oc-0308__obj_003.png,oc,1.0,224.0,1,oc-0308,,data/metadata/dartis_positive_verifier_crops.csv,1,train,8.908124444409987,81.0,,,224.0
,OIL::oc-0309::oc-0309__obj_001,CONFIRMED_OIL,,,data/external/dartis/processed/verifier_positive/oc/oc-0309__obj_001.png,oc,1.0,224.0,1,oc-0309,,data/metadata/dartis_positive_verifier_crops.csv,1,calibration,12.631828963144336,109.0,,,224.0
,OIL::oc-0309::oc-0309__obj_002,CONFIRMED_OIL,,,data/external/dartis/processed/verifier_positive/oc/oc-0309__obj_002.png,oc,1.0,224.0,1,oc-0309,,data/metadata/dartis_positive_verifier_crops.csv,1,calibration,13.863735619349674,120.0,,,224.0
,OIL::oc-0310::oc-0310__obj_001,CONFIRMED_OIL,,,data/external/dartis/processed/verifier_positive/oc/oc-0310__obj_001.png,oc,1.0,224.0,1,oc-0310,,data/metadata/dartis_positive_verifier_crops.csv,1,train,20.94136632228031,129.0,,,224.0
,OIL::oc-0310::oc-0310__obj_002,CONFIRMED_OIL,,,data/external/dartis/processed/verifier_positive/oc/oc-0310__obj_002.png,oc,1.0,224.0,1,oc-0310,,data/metadata/dartis_positive_verifier_crops.csv,1,train,12.357732026333457,104.0,,,224.0
,OIL::oc-0311::oc-0311__obj_001,CONFIRMED_OIL,,,data/external/dartis/processed/verifier_positive/oc/oc-0311__obj_001.png,oc,1.0,224.0,1,oc-0311,,data/metadata/dartis_positive_verifier_crops.csv,1,calibration,14.44617038709962,118.0,,,224.0
,OIL::oc-0312::oc-0312__obj_001,CONFIRMED_OIL,,,data/external/dartis/processed/verifier_positive/oc/oc-0312__obj_001.png,oc,1.0,224.0,1,oc-0312,,data/metadata/dartis_positive_verifier_crops.csv,1,train,13.37848212436306,171.0,,,224.0
,OIL::oc-0313::oc-0313__obj_001,CONFIRMED_OIL,,,data/external/dartis/processed/verifier_positive/oc/oc-0313__obj_001.png,oc,1.0,224.0,1,oc-0313,,data/metadata/dartis_positive_verifier_crops.csv,1,train,16.610556589324894,128.0,,,224.0
,OIL::oc-0314::oc-0314__obj_001,CONFIRMED_OIL,,,data/external/dartis/processed/verifier_positive/oc/oc-0314__obj_001.png,oc,1.0,224.0,1,oc-0314,,data/metadata/dartis_positive_verifier_crops.csv,1,train,12.134966993884165,104.0,,,224.0
,OIL::oc-0315::oc-0315__obj_001,CONFIRMED_OIL,,,data/external/dartis/processed/verifier_positive/oc/oc-0315__obj_001.png,oc,1.0,224.0,1,oc-0315,,data/metadata/dartis_positive_verifier_crops.csv,1,train,23.811788137178155,225.0,,,224.0
,OIL::oc-0316::oc-0316__obj_001,CONFIRMED_OIL,,,data/external/dartis/processed/verifier_positive/oc/oc-0316__obj_001.png,oc,1.0,224.0,1,oc-0316,,data/metadata/dartis_positive_verifier_crops.csv,1,train,19.794624588910708,182.0,,,224.0
,OIL::oc-0316::oc-0316__obj_002,CONFIRMED_OIL,,,data/external/dartis/processed/verifier_positive/oc/oc-0316__obj_002.png,oc,1.0,224.0,1,oc-0316,,data/metadata/dartis_positive_verifier_crops.csv,1,train,13.366771518382064,101.0,,,224.0
,OIL::oc-0316::oc-0316__obj_003,CONFIRMED_OIL,,,data/external/dartis/processed/verifier_positive/oc/oc-0316__obj_003.png,oc,1.0,224.0,1,oc-0316,,data/metadata/dartis_positive_verifier_crops.csv,1,train,10.498394499255603,92.0,,,224.0
,OIL::oc-0317::oc-0317__obj_001,CONFIRMED_OIL,,,data/external/dartis/processed/verifier_positive/oc/oc-0317__obj_001.png,oc,1.0,224.0,1,oc-0317,,data/metadata/dartis_positive_verifier_crops.csv,1,train,15.369533906951062,100.0,,,224.0
,OIL::oc-0318::oc-0318__obj_001,CONFIRMED_OIL,,,data/external/dartis/processed/verifier_positive/oc/oc-0318__obj_001.png,oc,1.0,224.0,1,oc-0318,,data/metadata/dartis_positive_verifier_crops.csv,1,train,21.82083185179874,236.0,,,224.0
,OIL::oc-0319::oc-0319__obj_001,CONFIRMED_OIL,,,data/external/dartis/processed/verifier_positive/oc/oc-0319__obj_001.png,oc,1.0,224.0,1,oc-0319,,data/metadata/dartis_positive_verifier_crops.csv,1,train,25.443724574952757,170.0,,,224.0
,OIL::oc-0319::oc-0319__obj_002,CONFIRMED_OIL,,,data/external/dartis/processed/verifier_positive/oc/oc-0319__obj_002.png,oc,1.0,224.0,1,oc-0319,,data/metadata/dartis_positive_verifier_crops.csv,1,train,29.06834174593581,195.0,,,224.0
,OIL::oc-0320::oc-0320__obj_001,CONFIRMED_OIL,,,data/external/dartis/processed/verifier_positive/oc/oc-0320__obj_001.png,oc,1.0,224.0,1,oc-0320,,data/metadata/dartis_positive_verifier_crops.csv,1,train,26.899020131761738,178.0,,,224.0
,OIL::oc-0320::oc-0320__obj_002,CONFIRMED_OIL,,,data/external/dartis/processed/verifier_positive/oc/oc-0320__obj_002.png,oc,1.0,224.0,1,oc-0320,,data/metadata/dartis_positive_verifier_crops.csv,1,train,27.15216761370345,185.0,,,224.0
,OIL::oc-0321::oc-0321__obj_001,CONFIRMED_OIL,,,data/external/dartis/processed/verifier_positive/oc/oc-0321__obj_001.png,oc,1.0,224.0,1,oc-0321,,data/metadata/dartis_positive_verifier_crops.csv,1,train,7.241274749535091,75.0,,,224.0
,OIL::oc-0322::oc-0322__obj_001,CONFIRMED_OIL,,,data/external/dartis/processed/verifier_positive/oc/oc-0322__obj_001.png,oc,1.0,224.0,1,oc-0322,,data/metadata/dartis_positive_verifier_crops.csv,1,train,10.275798554442392,82.0,,,224.0
,OIL::oc-0323::oc-0323__obj_001,CONFIRMED_OIL,,,data/external/dartis/processed/verifier_positive/oc/oc-0323__obj_001.png,oc,1.0,224.0,1,oc-0323,,data/metadata/dartis_positive_verifier_crops.csv,1,train,10.921207134415528,133.0,,,224.0
,OIL::oc-0323::oc-0323__obj_002,CONFIRMED_OIL,,,data/external/dartis/processed/verifier_positive/oc/oc-0323__obj_002.png,oc,1.0,224.0,1,oc-0323,,data/metadata/dartis_positive_verifier_crops.csv,1,train,11.102440667404256,101.0,,,224.0
,OIL::oc-0323::oc-0323__obj_003,CONFIRMED_OIL,,,data/external/dartis/processed/verifier_positive/oc/oc-0323__obj_003.png,oc,1.0,224.0,1,oc-0323,,data/metadata/dartis_positive_verifier_crops.csv,1,train,12.783931892425729,93.0,,,224.0
,OIL::oc-0323::oc-0323__obj_004,CONFIRMED_OIL,,,data/external/dartis/processed/verifier_positive/oc/oc-0323__obj_004.png,oc,1.0,224.0,1,oc-0323,,data/metadata/dartis_positive_verifier_crops.csv,1,train,13.955498778438326,94.0,,,224.0
,OIL::oc-0323::oc-0323__obj_005,CONFIRMED_OIL,,,data/external/dartis/processed/verifier_positive/oc/oc-0323__obj_005.png,oc,1.0,224.0,1,oc-0323,,data/metadata/dartis_positive_verifier_crops.csv,1,train,14.782379377534967,93.0,,,224.0
,OIL::oc-0324::oc-0324__obj_001,CONFIRMED_OIL,,,data/external/dartis/processed/verifier_positive/oc/oc-0324__obj_001.png,oc,1.0,224.0,1,oc-0324,,data/metadata/dartis_positive_verifier_crops.csv,1,train,8.997330803898885,103.0,,,224.0
,OIL::oc-0324::oc-0324__obj_002,CONFIRMED_OIL,,,data/external/dartis/processed/verifier_positive/oc/oc-0324__obj_002.png,oc,1.0,224.0,1,oc-0324,,data/metadata/dartis_positive_verifier_crops.csv,1,train,14.088628680183122,189.0,,,224.0
,OIL::oc-0324::oc-0324__obj_003,CONFIRMED_OIL,,,data/external/dartis/processed/verifier_positive/oc/oc-0324__obj_003.png,oc,1.0,224.0,1,oc-0324,,data/metadata/dartis_positive_verifier_crops.csv,1,train,7.670460109237198,58.0,,,224.0
,OIL::oc-0325::oc-0325__obj_001,CONFIRMED_OIL,,,data/external/dartis/processed/verifier_positive/oc/oc-0325__obj_001.png,oc,1.0,224.0,1,oc-0325,,data/metadata/dartis_positive_verifier_crops.csv,1,train,13.939361383733909,123.0,,,224.0
,OIL::oc-0325::oc-0325__obj_002,CONFIRMED_OIL,,,data/external/dartis/processed/verifier_positive/oc/oc-0325__obj_002.png,oc,1.0,224.0,1,oc-0325,,data/metadata/dartis_positive_verifier_crops.csv,1,train,16.511241982271493,134.0,,,224.0
,OIL::oc-0325::oc-0325__obj_003,CONFIRMED_OIL,,,data/external/dartis/processed/verifier_positive/oc/oc-0325__obj_003.png,oc,1.0,224.0,1,oc-0325,,data/metadata/dartis_positive_verifier_crops.csv,1,train,16.88684152109712,150.0,,,224.0
,OIL::oc-0325::oc-0325__obj_004,CONFIRMED_OIL,,,data/external/dartis/processed/verifier_positive/oc/oc-0325__obj_004.png,oc,1.0,224.0,1,oc-0325,,data/metadata/dartis_positive_verifier_crops.csv,1,train,14.149787263030657,122.0,,,224.0
,OIL::oc-0325::oc-0325__obj_005,CONFIRMED_OIL,,,data/external/dartis/processed/verifier_positive/oc/oc-0325__obj_005.png,oc,1.0,224.0,1,oc-0325,,data/metadata/dartis_positive_verifier_crops.csv,1,train,16.1504765137864,130.0,,,224.0
,OIL::oc-0325::oc-0325__obj_006,CONFIRMED_OIL,,,data/external/dartis/processed/verifier_positive/oc/oc-0325__obj_006.png,oc,1.0,224.0,1,oc-0325,,data/metadata/dartis_positive_verifier_crops.csv,1,train,17.393964887836365,149.0,,,224.0
,OIL::oc-0325::oc-0325__obj_007,CONFIRMED_OIL,,,data/external/dartis/processed/verifier_positive/oc/oc-0325__obj_007.png,oc,1.0,224.0,1,oc-0325,,data/metadata/dartis_positive_verifier_crops.csv,1,train,17.51556892582014,148.0,,,224.0
,OIL::oc-0325::oc-0325__obj_008,CONFIRMED_OIL,,,data/external/dartis/processed/verifier_positive/oc/oc-0325__obj_008.png,oc,1.0,224.0,1,oc-0325,,data/metadata/dartis_positive_verifier_crops.csv,1,train,19.137843874557223,158.0,,,224.0
,OIL::oc-0325::oc-0325__obj_009,CONFIRMED_OIL,,,data/external/dartis/processed/verifier_positive/oc/oc-0325__obj_009.png,oc,1.0,224.0,1,oc-0325,,data/metadata/dartis_positive_verifier_crops.csv,1,train,17.65562025527784,138.0,,,224.0
,OIL::oc-0325::oc-0325__obj_010,CONFIRMED_OIL,,,data/external/dartis/processed/verifier_positive/oc/oc-0325__obj_010.png,oc,1.0,224.0,1,oc-0325,,data/metadata/dartis_positive_verifier_crops.csv,1,train,17.17028751287575,137.0,,,224.0
,OIL::oc-0325::oc-0325__obj_011,CONFIRMED_OIL,,,data/external/dartis/processed/verifier_positive/oc/oc-0325__obj_011.png,oc,1.0,224.0,1,oc-0325,,data/metadata/dartis_positive_verifier_crops.csv,1,train,16.899817090886252,133.0,,,224.0
,OIL::oc-0326::oc-0326__obj_001,CONFIRMED_OIL,,,data/external/dartis/processed/verifier_positive/oc/oc-0326__obj_001.png,oc,1.0,224.0,1,oc-0326,,data/metadata/dartis_positive_verifier_crops.csv,1,train,11.898578139211082,111.0,,,224.0
,OIL::oc-0327::oc-0327__obj_001,CONFIRMED_OIL,,,data/external/dartis/processed/verifier_positive/oc/oc-0327__obj_001.png,oc,1.0,224.0,1,oc-0327,,data/metadata/dartis_positive_verifier_crops.csv,1,train,13.83726416899804,96.0,,,224.0
,OIL::oc-0327::oc-0327__obj_002,CONFIRMED_OIL,,,data/external/dartis/processed/verifier_positive/oc/oc-0327__obj_002.png,oc,1.0,224.0,1,oc-0327,,data/metadata/dartis_positive_verifier_crops.csv,1,train,10.316012837663198,93.0,,,224.0
,OIL::oc-0327::oc-0327__obj_003,CONFIRMED_OIL,,,data/external/dartis/processed/verifier_positive/oc/oc-0327__obj_003.png,oc,1.0,224.0,1,oc-0327,,data/metadata/dartis_positive_verifier_crops.csv,1,train,10.388950432514967,105.0,,,224.0
,OIL::oc-0328::oc-0328__obj_001,CONFIRMED_OIL,,,data/external/dartis/processed/verifier_positive/oc/oc-0328__obj_001.png,oc,1.0,224.0,1,oc-0328,,data/metadata/dartis_positive_verifier_crops.csv,1,train,14.398658862617516,125.0,,,224.0
,OIL::oc-0329::oc-0329__obj_001,CONFIRMED_OIL,,,data/external/dartis/processed/verifier_positive/oc/oc-0329__obj_001.png,oc,1.0,224.0,1,oc-0329,,data/metadata/dartis_positive_verifier_crops.csv,1,train,11.618812623800457,159.0,,,224.0
,OIL::oc-0330::oc-0330__obj_001,CONFIRMED_OIL,,,data/external/dartis/processed/verifier_positive/oc/oc-0330__obj_001.png,oc,1.0,224.0,1,oc-0330,,data/metadata/dartis_positive_verifier_crops.csv,1,train,12.79746637701822,83.0,,,224.0
,OIL::oc-0331::oc-0331__obj_001,CONFIRMED_OIL,,,data/external/dartis/processed/verifier_positive/oc/oc-0331__obj_001.png,oc,1.0,224.0,1,oc-0331,,data/metadata/dartis_positive_verifier_crops.csv,1,train,24.369774185272604,167.0,,,224.0
,OIL::oc-0331::oc-0331__obj_002,CONFIRMED_OIL,,,data/external/dartis/processed/verifier_positive/oc/oc-0331__obj_002.png,oc,1.0,224.0,1,oc-0331,,data/metadata/dartis_positive_verifier_crops.csv,1,train,24.718795478298706,174.0,,,224.0
,OIL::oc-0332::oc-0332__obj_001,CONFIRMED_OIL,,,data/external/dartis/processed/verifier_positive/oc/oc-0332__obj_001.png,oc,1.0,224.0,1,oc-0332,,data/metadata/dartis_positive_verifier_crops.csv,1,train,22.347014761468422,173.0,,,224.0
,OIL::oc-0333::oc-0333__obj_001,CONFIRMED_OIL,,,data/external/dartis/processed/verifier_positive/oc/oc-0333__obj_001.png,oc,1.0,224.0,1,oc-0333,,data/metadata/dartis_positive_verifier_crops.csv,1,calibration,18.13233810528173,149.0,,,224.0
,OIL::oc-0334::oc-0334__obj_001,CONFIRMED_OIL,,,data/external/dartis/processed/verifier_positive/oc/oc-0334__obj_001.png,oc,1.0,224.0,1,oc-0334,,data/metadata/dartis_positive_verifier_crops.csv,1,train,10.979182895655942,95.0,,,224.0
,OIL::oc-0334::oc-0334__obj_002,CONFIRMED_OIL,,,data/external/dartis/processed/verifier_positive/oc/oc-0334__obj_002.png,oc,1.0,224.0,1,oc-0334,,data/metadata/dartis_positive_verifier_crops.csv,1,train,15.597878141922257,139.0,,,224.0
,OIL::oc-0334::oc-0334__obj_003,CONFIRMED_OIL,,,data/external/dartis/processed/verifier_positive/oc/oc-0334__obj_003.png,oc,1.0,224.0,1,oc-0334,,data/metadata/dartis_positive_verifier_crops.csv,1,train,11.701289682974044,90.0,,,224.0
,OIL::oc-0335::oc-0335__obj_001,CONFIRMED_OIL,,,data/external/dartis/processed/verifier_positive/oc/oc-0335__obj_001.png,oc,1.0,224.0,1,oc-0335,,data/metadata/dartis_positive_verifier_crops.csv,1,train,10.572538494781146,102.0,,,224.0
,OIL::oc-0336::oc-0336__obj_001,CONFIRMED_OIL,,,data/external/dartis/processed/verifier_positive/oc/oc-0336__obj_001.png,oc,1.0,224.0,1,oc-0336,,data/metadata/dartis_positive_verifier_crops.csv,1,train,23.53903776833168,175.0,,,224.0
,OIL::oc-0336::oc-0336__obj_002,CONFIRMED_OIL,,,data/external/dartis/processed/verifier_positive/oc/oc-0336__obj_002.png,oc,1.0,224.0,1,oc-0336,,data/metadata/dartis_positive_verifier_crops.csv,1,train,22.44023876423552,170.0,,,224.0
,OIL::oc-0337::oc-0337__obj_001,CONFIRMED_OIL,,,data/external/dartis/processed/verifier_positive/oc/oc-0337__obj_001.png,oc,1.0,224.0,1,oc-0337,,data/metadata/dartis_positive_verifier_crops.csv,1,train,16.805844094911013,128.0,,,224.0
,OIL::oc-0338::oc-0338__obj_001,CONFIRMED_OIL,,,data/external/dartis/processed/verifier_positive/oc/oc-0338__obj_001.png,oc,1.0,224.0,1,oc-0338,,data/metadata/dartis_positive_verifier_crops.csv,1,train,15.7721409524638,134.0,,,224.0
,OIL::oc-0339::oc-0339__obj_001,CONFIRMED_OIL,,,data/external/dartis/processed/verifier_positive/oc/oc-0339__obj_001.png,oc,1.0,224.0,1,oc-0339,,data/metadata/dartis_positive_verifier_crops.csv,1,train,17.34861889633344,112.0,,,224.0
,OIL::oc-0339::oc-0339__obj_002,CONFIRMED_OIL,,,data/external/dartis/processed/verifier_positive/oc/oc-0339__obj_002.png,oc,1.0,224.0,1,oc-0339,,data/metadata/dartis_positive_verifier_crops.csv,1,train,34.5419183146774,254.0,,,224.0
,OIL::oc-0340::oc-0340__obj_001,CONFIRMED_OIL,,,data/external/dartis/processed/verifier_positive/oc/oc-0340__obj_001.png,oc,1.0,224.0,1,oc-0340,,data/metadata/dartis_positive_verifier_crops.csv,1,train,10.087975766335148,147.0,,,224.0
,OIL::oc-0341::oc-0341__obj_001,CONFIRMED_OIL,,,data/external/dartis/processed/verifier_positive/oc/oc-0341__obj_001.png,oc,1.0,224.0,1,oc-0341,,data/metadata/dartis_positive_verifier_crops.csv,1,train,20.54905124815154,219.0,,,224.0
,OIL::oc-0342::oc-0342__obj_001,CONFIRMED_OIL,,,data/external/dartis/processed/verifier_positive/oc/oc-0342__obj_001.png,oc,1.0,224.0,1,oc-0342,,data/metadata/dartis_positive_verifier_crops.csv,1,train,15.12003015897454,133.0,,,224.0
,OIL::oc-0343::oc-0343__obj_001,CONFIRMED_OIL,,,data/external/dartis/processed/verifier_positive/oc/oc-0343__obj_001.png,oc,1.0,224.0,1,oc-0343,,data/metadata/dartis_positive_verifier_crops.csv,1,train,21.066629728533616,154.0,,,224.0
,OIL::oc-0344::oc-0344__obj_001,CONFIRMED_OIL,,,data/external/dartis/processed/verifier_positive/oc/oc-0344__obj_001.png,oc,1.0,224.0,1,oc-0344,,data/metadata/dartis_positive_verifier_crops.csv,1,train,11.608391605061144,93.0,,,224.0
,OIL::oc-0344::oc-0344__obj_002,CONFIRMED_OIL,,,data/external/dartis/processed/verifier_positive/oc/oc-0344__obj_002.png,oc,1.0,224.0,1,oc-0344,,data/metadata/dartis_positive_verifier_crops.csv,1,train,11.462239560316169,92.0,,,224.0
,OIL::oc-0344::oc-0344__obj_003,CONFIRMED_OIL,,,data/external/dartis/processed/verifier_positive/oc/oc-0344__obj_003.png,oc,1.0,224.0,1,oc-0344,,data/metadata/dartis_positive_verifier_crops.csv,1,train,11.7980050298141,104.0,,,224.0
,OIL::oc-0345::oc-0345__obj_001,CONFIRMED_OIL,,,data/external/dartis/processed/verifier_positive/oc/oc-0345__obj_001.png,oc,1.0,224.0,1,oc-0345,,data/metadata/dartis_positive_verifier_crops.csv,1,train,26.76626863837463,192.0,,,224.0
,OIL::oc-0345::oc-0345__obj_002,CONFIRMED_OIL,,,data/external/dartis/processed/verifier_positive/oc/oc-0345__obj_002.png,oc,1.0,224.0,1,oc-0345,,data/metadata/dartis_positive_verifier_crops.csv,1,train,19.88863451392616,181.0,,,224.0
,OIL::oc-0346::oc-0346__obj_001,CONFIRMED_OIL,,,data/external/dartis/processed/verifier_positive/oc/oc-0346__obj_001.png,oc,1.0,224.0,1,oc-0346,,data/metadata/dartis_positive_verifier_crops.csv,1,train,26.080258843407265,174.0,,,224.0
,OIL::oc-0346::oc-0346__obj_002,CONFIRMED_OIL,,,data/external/dartis/processed/verifier_positive/oc/oc-0346__obj_002.png,oc,1.0,224.0,1,oc-0346,,data/metadata/dartis_positive_verifier_crops.csv,1,train,28.12789119405076,183.0,,,224.0
,OIL::oc-0347::oc-0347__obj_001,CONFIRMED_OIL,,,data/external/dartis/processed/verifier_positive/oc/oc-0347__obj_001.png,oc,1.0,224.0,1,oc-0347,,data/metadata/dartis_positive_verifier_crops.csv,1,train,22.4334829730494,193.0,,,224.0
,OIL::oc-0347::oc-0347__obj_002,CONFIRMED_OIL,,,data/external/dartis/processed/verifier_positive/oc/oc-0347__obj_002.png,oc,1.0,224.0,1,oc-0347,,data/metadata/dartis_positive_verifier_crops.csv,1,train,28.877917078268396,195.0,,,224.0
,OIL::oc-0348::oc-0348__obj_001,CONFIRMED_OIL,,,data/external/dartis/processed/verifier_positive/oc/oc-0348__obj_001.png,oc,1.0,224.0,1,oc-0348,,data/metadata/dartis_positive_verifier_crops.csv,1,train,12.387114633942788,108.0,,,224.0
,OIL::oc-0348::oc-0348__obj_002,CONFIRMED_OIL,,,data/external/dartis/processed/verifier_positive/oc/oc-0348__obj_002.png,oc,1.0,224.0,1,oc-0348,,data/metadata/dartis_positive_verifier_crops.csv,1,train,13.46101581454327,117.0,,,224.0
,OIL::oc-0348::oc-0348__obj_003,CONFIRMED_OIL,,,data/external/dartis/processed/verifier_positive/oc/oc-0348__obj_003.png,oc,1.0,224.0,1,oc-0348,,data/metadata/dartis_positive_verifier_crops.csv,1,train,14.471085568436688,133.0,,,224.0
,OIL::oc-0349::oc-0349__obj_001,CONFIRMED_OIL,,,data/external/dartis/processed/verifier_positive/oc/oc-0349__obj_001.png,oc,1.0,224.0,1,oc-0349,,data/metadata/dartis_positive_verifier_crops.csv,1,train,9.813503291940371,81.0,,,224.0
,OIL::oc-0349::oc-0349__obj_002,CONFIRMED_OIL,,,data/external/dartis/processed/verifier_positive/oc/oc-0349__obj_002.png,oc,1.0,224.0,1,oc-0349,,data/metadata/dartis_positive_verifier_crops.csv,1,train,9.718566169977713,79.0,,,224.0
,OIL::oc-0349::oc-0349__obj_003,CONFIRMED_OIL,,,data/external/dartis/processed/verifier_positive/oc/oc-0349__obj_003.png,oc,1.0,224.0,1,oc-0349,,data/metadata/dartis_positive_verifier_crops.csv,1,train,9.444210820619125,74.0,,,224.0
,OIL::oc-0350::oc-0350__obj_001,CONFIRMED_OIL,,,data/external/dartis/processed/verifier_positive/oc/oc-0350__obj_001.png,oc,1.0,224.0,1,oc-0350,,data/metadata/dartis_positive_verifier_crops.csv,1,train,11.118393543674625,137.0,,,224.0
,OIL::oc-0350::oc-0350__obj_002,CONFIRMED_OIL,,,data/external/dartis/processed/verifier_positive/oc/oc-0350__obj_002.png,oc,1.0,224.0,1,oc-0350,,data/metadata/dartis_positive_verifier_crops.csv,1,train,13.03113090950975,130.0,,,224.0
,OIL::oc-0350::oc-0350__obj_003,CONFIRMED_OIL,,,data/external/dartis/processed/verifier_positive/oc/oc-0350__obj_003.png,oc,1.0,224.0,1,oc-0350,,data/metadata/dartis_positive_verifier_crops.csv,1,train,12.020101504734509,116.0,,,224.0
,OIL::oc-0350::oc-0350__obj_004,CONFIRMED_OIL,,,data/external/dartis/processed/verifier_positive/oc/oc-0350__obj_004.png,oc,1.0,224.0,1,oc-0350,,data/metadata/dartis_positive_verifier_crops.csv,1,train,10.938123257682264,100.0,,,224.0
,OIL::oc-0351::oc-0351__obj_001,CONFIRMED_OIL,,,data/external/dartis/processed/verifier_positive/oc/oc-0351__obj_001.png,oc,1.0,224.0,1,oc-0351,,data/metadata/dartis_positive_verifier_crops.csv,1,train,8.390711229466428,113.0,,,224.0
,OIL::oc-0351::oc-0351__obj_002,CONFIRMED_OIL,,,data/external/dartis/processed/verifier_positive/oc/oc-0351__obj_002.png,oc,1.0,224.0,1,oc-0351,,data/metadata/dartis_positive_verifier_crops.csv,1,train,8.661695247890279,76.0,,,224.0
,OIL::oc-0352::oc-0352__obj_001,CONFIRMED_OIL,,,data/external/dartis/processed/verifier_positive/oc/oc-0352__obj_001.png,oc,1.0,224.0,1,oc-0352,,data/metadata/dartis_positive_verifier_crops.csv,1,train,19.541858008406155,182.0,,,224.0
,OIL::oc-0352::oc-0352__obj_002,CONFIRMED_OIL,,,data/external/dartis/processed/verifier_positive/oc/oc-0352__obj_002.png,oc,1.0,224.0,1,oc-0352,,data/metadata/dartis_positive_verifier_crops.csv,1,train,12.928643932071331,116.0,,,224.0
,OIL::oc-0352::oc-0352__obj_003,CONFIRMED_OIL,,,data/external/dartis/processed/verifier_positive/oc/oc-0352__obj_003.png,oc,1.0,224.0,1,oc-0352,,data/metadata/dartis_positive_verifier_crops.csv,1,train,13.18416656552489,119.0,,,224.0
,OIL::oc-0353::oc-0353__obj_001,CONFIRMED_OIL,,,data/external/dartis/processed/verifier_positive/oc/oc-0353__obj_001.png,oc,1.0,224.0,1,oc-0353,,data/metadata/dartis_positive_verifier_crops.csv,1,train,13.226398603324125,112.0,,,224.0
,OIL::oc-0353::oc-0353__obj_002,CONFIRMED_OIL,,,data/external/dartis/processed/verifier_positive/oc/oc-0353__obj_002.png,oc,1.0,224.0,1,oc-0353,,data/metadata/dartis_positive_verifier_crops.csv,1,train,12.548706900855384,110.0,,,224.0
,OIL::oc-0353::oc-0353__obj_003,CONFIRMED_OIL,,,data/external/dartis/processed/verifier_positive/oc/oc-0353__obj_003.png,oc,1.0,224.0,1,oc-0353,,data/metadata/dartis_positive_verifier_crops.csv,1,train,19.647540685412825,119.0,,,224.0
,OIL::oc-0353::oc-0353__obj_004,CONFIRMED_OIL,,,data/external/dartis/processed/verifier_positive/oc/oc-0353__obj_004.png,oc,1.0,224.0,1,oc-0353,,data/metadata/dartis_positive_verifier_crops.csv,1,train,12.244319940648856,111.0,,,224.0
,OIL::oc-0353::oc-0353__obj_005,CONFIRMED_OIL,,,data/external/dartis/processed/verifier_positive/oc/oc-0353__obj_005.png,oc,1.0,224.0,1,oc-0353,,data/metadata/dartis_positive_verifier_crops.csv,1,train,11.31210262496672,96.0,,,224.0
,OIL::oc-0353::oc-0353__obj_006,CONFIRMED_OIL,,,data/external/dartis/processed/verifier_positive/oc/oc-0353__obj_006.png,oc,1.0,224.0,1,oc-0353,,data/metadata/dartis_positive_verifier_crops.csv,1,train,16.193583532876186,216.0,,,224.0
,OIL::oc-0353::oc-0353__obj_007,CONFIRMED_OIL,,,data/external/dartis/processed/verifier_positive/oc/oc-0353__obj_007.png,oc,1.0,224.0,1,oc-0353,,data/metadata/dartis_positive_verifier_crops.csv,1,train,12.99066579628654,110.0,,,224.0
,OIL::oc-0353::oc-0353__obj_008,CONFIRMED_OIL,,,data/external/dartis/processed/verifier_positive/oc/oc-0353__obj_008.png,oc,1.0,224.0,1,oc-0353,,data/metadata/dartis_positive_verifier_crops.csv,1,train,16.126017741906796,138.0,,,224.0
,OIL::oc-0353::oc-0353__obj_009,CONFIRMED_OIL,,,data/external/dartis/processed/verifier_positive/oc/oc-0353__obj_009.png,oc,1.0,224.0,1,oc-0353,,data/metadata/dartis_positive_verifier_crops.csv,1,train,19.83002280326001,144.0,,,224.0
,OIL::oc-0353::oc-0353__obj_010,CONFIRMED_OIL,,,data/external/dartis/processed/verifier_positive/oc/oc-0353__obj_010.png,oc,1.0,224.0,1,oc-0353,,data/metadata/dartis_positive_verifier_crops.csv,1,train,13.593639933316435,118.0,,,224.0
,OIL::oc-0353::oc-0353__obj_011,CONFIRMED_OIL,,,data/external/dartis/processed/verifier_positive/oc/oc-0353__obj_011.png,oc,1.0,224.0,1,oc-0353,,data/metadata/dartis_positive_verifier_crops.csv,1,train,11.500563817541533,114.0,,,224.0
,OIL::oc-0354::oc-0354__obj_001,CONFIRMED_OIL,,,data/external/dartis/processed/verifier_positive/oc/oc-0354__obj_001.png,oc,1.0,224.0,1,oc-0354,,data/metadata/dartis_positive_verifier_crops.csv,1,calibration,10.488375542356772,93.0,,,224.0
,OIL::oc-0354::oc-0354__obj_002,CONFIRMED_OIL,,,data/external/dartis/processed/verifier_positive/oc/oc-0354__obj_002.png,oc,1.0,224.0,1,oc-0354,,data/metadata/dartis_positive_verifier_crops.csv,1,calibration,10.0769706995181,87.0,,,224.0
,OIL::oc-0355::oc-0355__obj_001,CONFIRMED_OIL,,,data/external/dartis/processed/verifier_positive/oc/oc-0355__obj_001.png,oc,1.0,224.0,1,oc-0355,,data/metadata/dartis_positive_verifier_crops.csv,1,train,15.25798432967507,124.0,,,224.0
,OIL::oc-0355::oc-0355__obj_002,CONFIRMED_OIL,,,data/external/dartis/processed/verifier_positive/oc/oc-0355__obj_002.png,oc,1.0,224.0,1,oc-0355,,data/metadata/dartis_positive_verifier_crops.csv,1,train,13.352021607903554,122.0,,,224.0
,OIL::oc-0355::oc-0355__obj_003,CONFIRMED_OIL,,,data/external/dartis/processed/verifier_positive/oc/oc-0355__obj_003.png,oc,1.0,224.0,1,oc-0355,,data/metadata/dartis_positive_verifier_crops.csv,1,train,13.713311324671489,118.0,,,224.0
,OIL::oc-0355::oc-0355__obj_004,CONFIRMED_OIL,,,data/external/dartis/processed/verifier_positive/oc/oc-0355__obj_004.png,oc,1.0,224.0,1,oc-0355,,data/metadata/dartis_positive_verifier_crops.csv,1,train,13.255024844902517,121.0,,,224.0
,OIL::oc-0356::oc-0356__obj_001,CONFIRMED_OIL,,,data/external/dartis/processed/verifier_positive/oc/oc-0356__obj_001.png,oc,1.0,224.0,1,oc-0356,,data/metadata/dartis_positive_verifier_crops.csv,1,train,10.584908987818183,90.0,,,224.0
,OIL::oc-0356::oc-0356__obj_002,CONFIRMED_OIL,,,data/external/dartis/processed/verifier_positive/oc/oc-0356__obj_002.png,oc,1.0,224.0,1,oc-0356,,data/metadata/dartis_positive_verifier_crops.csv,1,train,8.632545362462272,84.0,,,224.0
,OIL::oc-0356::oc-0356__obj_003,CONFIRMED_OIL,,,data/external/dartis/processed/verifier_positive/oc/oc-0356__obj_003.png,oc,1.0,224.0,1,oc-0356,,data/metadata/dartis_positive_verifier_crops.csv,1,train,8.27219148012029,79.0,,,224.0
,OIL::oc-0356::oc-0356__obj_004,CONFIRMED_OIL,,,data/external/dartis/processed/verifier_positive/oc/oc-0356__obj_004.png,oc,1.0,224.0,1,oc-0356,,data/metadata/dartis_positive_verifier_crops.csv,1,train,8.611893094348185,79.0,,,224.0
,OIL::oc-0356::oc-0356__obj_005,CONFIRMED_OIL,,,data/external/dartis/processed/verifier_positive/oc/oc-0356__obj_005.png,oc,1.0,224.0,1,oc-0356,,data/metadata/dartis_positive_verifier_crops.csv,1,train,8.68862505784384,82.0,,,224.0
,OIL::oc-0357::oc-0357__obj_001,CONFIRMED_OIL,,,data/external/dartis/processed/verifier_positive/oc/oc-0357__obj_001.png,oc,1.0,224.0,1,oc-0357,,data/metadata/dartis_positive_verifier_crops.csv,1,train,28.225993011567382,244.0,,,224.0
,OIL::oc-0357::oc-0357__obj_002,CONFIRMED_OIL,,,data/external/dartis/processed/verifier_positive/oc/oc-0357__obj_002.png,oc,1.0,224.0,1,oc-0357,,data/metadata/dartis_positive_verifier_crops.csv,1,train,20.921227098737063,199.0,,,224.0
,OIL::oc-0357::oc-0357__obj_003,CONFIRMED_OIL,,,data/external/dartis/processed/verifier_positive/oc/oc-0357__obj_003.png,oc,1.0,224.0,1,oc-0357,,data/metadata/dartis_positive_verifier_crops.csv,1,train,22.26836031863656,171.0,,,224.0
,OIL::oc-0358::oc-0358__obj_001,CONFIRMED_OIL,,,data/external/dartis/processed/verifier_positive/oc/oc-0358__obj_001.png,oc,1.0,224.0,1,oc-0358,,data/metadata/dartis_positive_verifier_crops.csv,1,train,29.97138612691876,229.0,,,224.0
,OIL::oc-0358::oc-0358__obj_002,CONFIRMED_OIL,,,data/external/dartis/processed/verifier_positive/oc/oc-0358__obj_002.png,oc,1.0,224.0,1,oc-0358,,data/metadata/dartis_positive_verifier_crops.csv,1,train,16.472561980357288,232.0,,,224.0
,OIL::oc-0359::oc-0359__obj_001,CONFIRMED_OIL,,,data/external/dartis/processed/verifier_positive/oc/oc-0359__obj_001.png,oc,1.0,224.0,1,oc-0359,,data/metadata/dartis_positive_verifier_crops.csv,1,train,20.81776867785669,156.0,,,224.0
,OIL::oc-0360::oc-0360__obj_001,CONFIRMED_OIL,,,data/external/dartis/processed/verifier_positive/oc/oc-0360__obj_001.png,oc,1.0,224.0,1,oc-0360,,data/metadata/dartis_positive_verifier_crops.csv,1,train,20.17098421074383,168.0,,,224.0
,OIL::oc-0361::oc-0361__obj_001,CONFIRMED_OIL,,,data/external/dartis/processed/verifier_positive/oc/oc-0361__obj_001.png,oc,1.0,224.0,1,oc-0361,,data/metadata/dartis_positive_verifier_crops.csv,1,calibration,26.04579044036812,223.0,,,224.0
,OIL::oc-0362::oc-0362__obj_001,CONFIRMED_OIL,,,data/external/dartis/processed/verifier_positive/oc/oc-0362__obj_001.png,oc,1.0,224.0,1,oc-0362,,data/metadata/dartis_positive_verifier_crops.csv,1,calibration,28.88729571741818,202.0,,,224.0
,OIL::oc-0362::oc-0362__obj_002,CONFIRMED_OIL,,,data/external/dartis/processed/verifier_positive/oc/oc-0362__obj_002.png,oc,1.0,224.0,1,oc-0362,,data/metadata/dartis_positive_verifier_crops.csv,1,calibration,34.37668252300187,218.0,,,224.0
,OIL::oc-0363::oc-0363__obj_001,CONFIRMED_OIL,,,data/external/dartis/processed/verifier_positive/oc/oc-0363__obj_001.png,oc,1.0,224.0,1,oc-0363,,data/metadata/dartis_positive_verifier_crops.csv,1,train,11.125097385435804,95.0,,,224.0
,OIL::oc-0363::oc-0363__obj_002,CONFIRMED_OIL,,,data/external/dartis/processed/verifier_positive/oc/oc-0363__obj_002.png,oc,1.0,224.0,1,oc-0363,,data/metadata/dartis_positive_verifier_crops.csv,1,train,15.024891885622363,98.0,,,224.0
,OIL::oc-0363::oc-0363__obj_003,CONFIRMED_OIL,,,data/external/dartis/processed/verifier_positive/oc/oc-0363__obj_003.png,oc,1.0,224.0,1,oc-0363,,data/metadata/dartis_positive_verifier_crops.csv,1,train,11.01545517520747,101.0,,,224.0
,OIL::oc-0363::oc-0363__obj_004,CONFIRMED_OIL,,,data/external/dartis/processed/verifier_positive/oc/oc-0363__obj_004.png,oc,1.0,224.0,1,oc-0363,,data/metadata/dartis_positive_verifier_crops.csv,1,train,10.104171021593762,91.0,,,224.0
,OIL::oc-0363::oc-0363__obj_005,CONFIRMED_OIL,,,data/external/dartis/processed/verifier_positive/oc/oc-0363__obj_005.png,oc,1.0,224.0,1,oc-0363,,data/metadata/dartis_positive_verifier_crops.csv,1,train,12.18643703080515,104.0,,,224.0
,OIL::oc-0363::oc-0363__obj_006,CONFIRMED_OIL,,,data/external/dartis/processed/verifier_positive/oc/oc-0363__obj_006.png,oc,1.0,224.0,1,oc-0363,,data/metadata/dartis_positive_verifier_crops.csv,1,train,12.172244730611824,104.0,,,224.0
,OIL::oc-0363::oc-0363__obj_007,CONFIRMED_OIL,,,data/external/dartis/processed/verifier_positive/oc/oc-0363__obj_007.png,oc,1.0,224.0,1,oc-0363,,data/metadata/dartis_positive_verifier_crops.csv,1,train,11.607662737458549,97.0,,,224.0
,OIL::oc-0363::oc-0363__obj_008,CONFIRMED_OIL,,,data/external/dartis/processed/verifier_positive/oc/oc-0363__obj_008.png,oc,1.0,224.0,1,oc-0363,,data/metadata/dartis_positive_verifier_crops.csv,1,train,10.716993689669266,88.0,,,224.0
,OIL::oc-0364::oc-0364__obj_001,CONFIRMED_OIL,,,data/external/dartis/processed/verifier_positive/oc/oc-0364__obj_001.png,oc,1.0,224.0,1,oc-0364,,data/metadata/dartis_positive_verifier_crops.csv,1,train,9.84379483325714,117.0,,,224.0
,OIL::oc-0365::oc-0365__obj_001,CONFIRMED_OIL,,,data/external/dartis/processed/verifier_positive/oc/oc-0365__obj_001.png,oc,1.0,224.0,1,oc-0365,,data/metadata/dartis_positive_verifier_crops.csv,1,train,18.184831034228036,124.0,,,224.0
,OIL::oc-0365::oc-0365__obj_002,CONFIRMED_OIL,,,data/external/dartis/processed/verifier_positive/oc/oc-0365__obj_002.png,oc,1.0,224.0,1,oc-0365,,data/metadata/dartis_positive_verifier_crops.csv,1,train,18.330239921833677,125.0,,,224.0
,OIL::oc-0365::oc-0365__obj_003,CONFIRMED_OIL,,,data/external/dartis/processed/verifier_positive/oc/oc-0365__obj_003.png,oc,1.0,224.0,1,oc-0365,,data/metadata/dartis_positive_verifier_crops.csv,1,train,19.00668714699444,122.0,,,224.0
,OIL::oc-0365::oc-0365__obj_004,CONFIRMED_OIL,,,data/external/dartis/processed/verifier_positive/oc/oc-0365__obj_004.png,oc,1.0,224.0,1,oc-0365,,data/metadata/dartis_positive_verifier_crops.csv,1,train,29.91164513464925,244.0,,,224.0
,OIL::oc-0366::oc-0366__obj_001,CONFIRMED_OIL,,,data/external/dartis/processed/verifier_positive/oc/oc-0366__obj_001.png,oc,1.0,224.0,1,oc-0366,,data/metadata/dartis_positive_verifier_crops.csv,1,train,11.6755880907767,125.0,,,224.0
,OIL::oc-0366::oc-0366__obj_002,CONFIRMED_OIL,,,data/external/dartis/processed/verifier_positive/oc/oc-0366__obj_002.png,oc,1.0,224.0,1,oc-0366,,data/metadata/dartis_positive_verifier_crops.csv,1,train,30.793821220122144,200.0,,,224.0
,OIL::oc-0367::oc-0367__obj_001,CONFIRMED_OIL,,,data/external/dartis/processed/verifier_positive/oc/oc-0367__obj_001.png,oc,1.0,224.0,1,oc-0367,,data/metadata/dartis_positive_verifier_crops.csv,1,train,13.388350717917694,111.0,,,224.0
,OIL::oc-0368::oc-0368__obj_001,CONFIRMED_OIL,,,data/external/dartis/processed/verifier_positive/oc/oc-0368__obj_001.png,oc,1.0,224.0,1,oc-0368,,data/metadata/dartis_positive_verifier_crops.csv,1,train,17.9179569452485,158.0,,,224.0
,OIL::oc-0369::oc-0369__obj_001,CONFIRMED_OIL,,,data/external/dartis/processed/verifier_positive/oc/oc-0369__obj_001.png,oc,1.0,224.0,1,oc-0369,,data/metadata/dartis_positive_verifier_crops.csv,1,calibration,21.63552564122491,133.0,,,224.0
,OIL::oc-0369::oc-0369__obj_002,CONFIRMED_OIL,,,data/external/dartis/processed/verifier_positive/oc/oc-0369__obj_002.png,oc,1.0,224.0,1,oc-0369,,data/metadata/dartis_positive_verifier_crops.csv,1,calibration,28.06999008758382,181.0,,,224.0
,OIL::oc-0369::oc-0369__obj_003,CONFIRMED_OIL,,,data/external/dartis/processed/verifier_positive/oc/oc-0369__obj_003.png,oc,1.0,224.0,1,oc-0369,,data/metadata/dartis_positive_verifier_crops.csv,1,calibration,28.13313452474329,212.0,,,224.0
,OIL::oc-0369::oc-0369__obj_004,CONFIRMED_OIL,,,data/external/dartis/processed/verifier_positive/oc/oc-0369__obj_004.png,oc,1.0,224.0,1,oc-0369,,data/metadata/dartis_positive_verifier_crops.csv,1,calibration,22.309445551919996,209.0,,,224.0
,OIL::oc-0369::oc-0369__obj_005,CONFIRMED_OIL,,,data/external/dartis/processed/verifier_positive/oc/oc-0369__obj_005.png,oc,1.0,224.0,1,oc-0369,,data/metadata/dartis_positive_verifier_crops.csv,1,calibration,28.80192823457164,193.0,,,224.0
,OIL::oc-0369::oc-0369__obj_006,CONFIRMED_OIL,,,data/external/dartis/processed/verifier_positive/oc/oc-0369__obj_006.png,oc,1.0,224.0,1,oc-0369,,data/metadata/dartis_positive_verifier_crops.csv,1,calibration,21.24379021562671,180.0,,,224.0
,OIL::oc-0370::oc-0370__obj_001,CONFIRMED_OIL,,,data/external/dartis/processed/verifier_positive/oc/oc-0370__obj_001.png,oc,1.0,224.0,1,oc-0370,,data/metadata/dartis_positive_verifier_crops.csv,1,train,25.501331057096927,167.0,,,224.0
,OIL::oc-0371::oc-0371__obj_001,CONFIRMED_OIL,,,data/external/dartis/processed/verifier_positive/oc/oc-0371__obj_001.png,oc,1.0,224.0,1,oc-0371,,data/metadata/dartis_positive_verifier_crops.csv,1,train,12.563873408098274,123.0,,,224.0
,OIL::oc-0371::oc-0371__obj_002,CONFIRMED_OIL,,,data/external/dartis/processed/verifier_positive/oc/oc-0371__obj_002.png,oc,1.0,224.0,1,oc-0371,,data/metadata/dartis_positive_verifier_crops.csv,1,train,13.837081774142057,122.0,,,224.0
,OIL::oc-0371::oc-0371__obj_003,CONFIRMED_OIL,,,data/external/dartis/processed/verifier_positive/oc/oc-0371__obj_003.png,oc,1.0,224.0,1,oc-0371,,data/metadata/dartis_positive_verifier_crops.csv,1,train,12.88917913355652,118.0,,,224.0
,OIL::oc-0372::oc-0372__obj_001,CONFIRMED_OIL,,,data/external/dartis/processed/verifier_positive/oc/oc-0372__obj_001.png,oc,1.0,224.0,1,oc-0372,,data/metadata/dartis_positive_verifier_crops.csv,1,train,12.412641925156914,106.0,,,224.0
,OIL::oc-0372::oc-0372__obj_002,CONFIRMED_OIL,,,data/external/dartis/processed/verifier_positive/oc/oc-0372__obj_002.png,oc,1.0,224.0,1,oc-0372,,data/metadata/dartis_positive_verifier_crops.csv,1,train,13.662252443170953,115.0,,,224.0
,OIL::oc-0372::oc-0372__obj_003,CONFIRMED_OIL,,,data/external/dartis/processed/verifier_positive/oc/oc-0372__obj_003.png,oc,1.0,224.0,1,oc-0372,,data/metadata/dartis_positive_verifier_crops.csv,1,train,12.368993114981604,109.0,,,224.0
,OIL::oc-0372::oc-0372__obj_004,CONFIRMED_OIL,,,data/external/dartis/processed/verifier_positive/oc/oc-0372__obj_004.png,oc,1.0,224.0,1,oc-0372,,data/metadata/dartis_positive_verifier_crops.csv,1,train,11.487329305850183,108.0,,,224.0
,OIL::oc-0372::oc-0372__obj_005,CONFIRMED_OIL,,,data/external/dartis/processed/verifier_positive/oc/oc-0372__obj_005.png,oc,1.0,224.0,1,oc-0372,,data/metadata/dartis_positive_verifier_crops.csv,1,train,12.70236389888414,107.0,,,224.0
,OIL::oc-0373::oc-0373__obj_001,CONFIRMED_OIL,,,data/external/dartis/processed/verifier_positive/oc/oc-0373__obj_001.png,oc,1.0,224.0,1,oc-0373,,data/metadata/dartis_positive_verifier_crops.csv,1,train,19.6031500239672,161.0,,,224.0
,OIL::oc-0373::oc-0373__obj_002,CONFIRMED_OIL,,,data/external/dartis/processed/verifier_positive/oc/oc-0373__obj_002.png,oc,1.0,224.0,1,oc-0373,,data/metadata/dartis_positive_verifier_crops.csv,1,train,8.364152123880313,78.0,,,224.0
,OIL::oc-0374::oc-0374__obj_001,CONFIRMED_OIL,,,data/external/dartis/processed/verifier_positive/oc/oc-0374__obj_001.png,oc,1.0,224.0,1,oc-0374,,data/metadata/dartis_positive_verifier_crops.csv,1,train,21.58660293577789,178.0,,,224.0
,OIL::oc-0374::oc-0374__obj_002,CONFIRMED_OIL,,,data/external/dartis/processed/verifier_positive/oc/oc-0374__obj_002.png,oc,1.0,224.0,1,oc-0374,,data/metadata/dartis_positive_verifier_crops.csv,1,train,19.203605245264495,165.0,,,224.0
,OIL::oc-0375::oc-0375__obj_001,CONFIRMED_OIL,,,data/external/dartis/processed/verifier_positive/oc/oc-0375__obj_001.png,oc,1.0,224.0,1,oc-0375,,data/metadata/dartis_positive_verifier_crops.csv,1,train,9.832861747216988,75.0,,,224.0
,OIL::ow-0001::ow-0001__obj_001,CONFIRMED_OIL,,,data/external/dartis/processed/verifier_positive/ow/ow-0001__obj_001.png,ow,1.0,224.0,1,ow-0001,,data/metadata/dartis_positive_verifier_crops.csv,1,calibration,32.05239346848576,223.0,,,224.0
,OIL::ow-0002::ow-0002__obj_001,CONFIRMED_OIL,,,data/external/dartis/processed/verifier_positive/ow/ow-0002__obj_001.png,ow,1.0,224.0,1,ow-0002,,data/metadata/dartis_positive_verifier_crops.csv,1,train,9.77028765126154,102.0,,,224.0
,OIL::ow-0003::ow-0003__obj_001,CONFIRMED_OIL,,,data/external/dartis/processed/verifier_positive/ow/ow-0003__obj_001.png,ow,1.0,224.0,1,ow-0003,,data/metadata/dartis_positive_verifier_crops.csv,1,train,28.918732092168806,218.0,,,224.0
,OIL::ow-0004::ow-0004__obj_001,CONFIRMED_OIL,,,data/external/dartis/processed/verifier_positive/ow/ow-0004__obj_001.png,ow,1.0,224.0,1,ow-0004,,data/metadata/dartis_positive_verifier_crops.csv,1,train,30.684430072892003,227.0,,,224.0
,OIL::ow-0004::ow-0004__obj_002,CONFIRMED_OIL,,,data/external/dartis/processed/verifier_positive/ow/ow-0004__obj_002.png,ow,1.0,224.0,1,ow-0004,,data/metadata/dartis_positive_verifier_crops.csv,1,train,30.648611392234518,228.0,,,224.0
,OIL::ow-0004::ow-0004__obj_003,CONFIRMED_OIL,,,data/external/dartis/processed/verifier_positive/ow/ow-0004__obj_003.png,ow,1.0,224.0,1,ow-0004,,data/metadata/dartis_positive_verifier_crops.csv,1,train,29.403053583118755,231.0,,,224.0
,OIL::ow-0005::ow-0005__obj_001,CONFIRMED_OIL,,,data/external/dartis/processed/verifier_positive/ow/ow-0005__obj_001.png,ow,1.0,224.0,1,ow-0005,,data/metadata/dartis_positive_verifier_crops.csv,1,train,16.62990529383252,147.0,,,224.0
,OIL::ow-0005::ow-0005__obj_002,CONFIRMED_OIL,,,data/external/dartis/processed/verifier_positive/ow/ow-0005__obj_002.png,ow,1.0,224.0,1,ow-0005,,data/metadata/dartis_positive_verifier_crops.csv,1,train,17.323226752443897,153.0,,,224.0
,OIL::ow-0005::ow-0005__obj_003,CONFIRMED_OIL,,,data/external/dartis/processed/verifier_positive/ow/ow-0005__obj_003.png,ow,1.0,224.0,1,ow-0005,,data/metadata/dartis_positive_verifier_crops.csv,1,train,18.200303466144945,146.0,,,224.0
,OIL::ow-0006::ow-0006__obj_001,CONFIRMED_OIL,,,data/external/dartis/processed/verifier_positive/ow/ow-0006__obj_001.png,ow,1.0,224.0,1,ow-0006,,data/metadata/dartis_positive_verifier_crops.csv,1,train,28.51594935421342,211.0,,,224.0
,OIL::ow-0006::ow-0006__obj_002,CONFIRMED_OIL,,,data/external/dartis/processed/verifier_positive/ow/ow-0006__obj_002.png,ow,1.0,224.0,1,ow-0006,,data/metadata/dartis_positive_verifier_crops.csv,1,train,24.632889077378607,188.0,,,224.0
,OIL::ow-0006::ow-0006__obj_003,CONFIRMED_OIL,,,data/external/dartis/processed/verifier_positive/ow/ow-0006__obj_003.png,ow,1.0,224.0,1,ow-0006,,data/metadata/dartis_positive_verifier_crops.csv,1,train,30.611693185726267,221.0,,,224.0
,OIL::ow-0006::ow-0006__obj_004,CONFIRMED_OIL,,,data/external/dartis/processed/verifier_positive/ow/ow-0006__obj_004.png,ow,1.0,224.0,1,ow-0006,,data/metadata/dartis_positive_verifier_crops.csv,1,train,28.946245282323076,208.0,,,224.0
,OIL::ow-0007::ow-0007__obj_001,CONFIRMED_OIL,,,data/external/dartis/processed/verifier_positive/ow/ow-0007__obj_001.png,ow,1.0,224.0,1,ow-0007,,data/metadata/dartis_positive_verifier_crops.csv,1,train,16.19480164630019,125.0,,,224.0
,OIL::ow-0008::ow-0008__obj_001,CONFIRMED_OIL,,,data/external/dartis/processed/verifier_positive/ow/ow-0008__obj_001.png,ow,1.0,224.0,1,ow-0008,,data/metadata/dartis_positive_verifier_crops.csv,1,train,27.06721464394752,184.0,,,224.0
,OIL::ow-0009::ow-0009__obj_001,CONFIRMED_OIL,,,data/external/dartis/processed/verifier_positive/ow/ow-0009__obj_001.png,ow,1.0,224.0,1,ow-0009,,data/metadata/dartis_positive_verifier_crops.csv,1,train,17.979185144307255,151.0,,,224.0
,OIL::ow-0010::ow-0010__obj_001,CONFIRMED_OIL,,,data/external/dartis/processed/verifier_positive/ow/ow-0010__obj_001.png,ow,1.0,224.0,1,ow-0010,,data/metadata/dartis_positive_verifier_crops.csv,1,train,15.030852186685024,127.0,,,224.0
,OIL::ow-0010::ow-0010__obj_002,CONFIRMED_OIL,,,data/external/dartis/processed/verifier_positive/ow/ow-0010__obj_002.png,ow,1.0,224.0,1,ow-0010,,data/metadata/dartis_positive_verifier_crops.csv,1,train,24.84744139734729,189.0,,,224.0
,OIL::ow-0011::ow-0011__obj_001,CONFIRMED_OIL,,,data/external/dartis/processed/verifier_positive/ow/ow-0011__obj_001.png,ow,1.0,224.0,1,ow-0011,,data/metadata/dartis_positive_verifier_crops.csv,1,train,11.3255845861687,139.0,,,224.0
,OIL::ow-0011::ow-0011__obj_002,CONFIRMED_OIL,,,data/external/dartis/processed/verifier_positive/ow/ow-0011__obj_002.png,ow,1.0,224.0,1,ow-0011,,data/metadata/dartis_positive_verifier_crops.csv,1,train,11.417502595979204,180.0,,,224.0
,OIL::ow-0011::ow-0011__obj_003,CONFIRMED_OIL,,,data/external/dartis/processed/verifier_positive/ow/ow-0011__obj_003.png,ow,1.0,224.0,1,ow-0011,,data/metadata/dartis_positive_verifier_crops.csv,1,train,18.69858307272384,217.0,,,224.0
,OIL::ow-0012::ow-0012__obj_001,CONFIRMED_OIL,,,data/external/dartis/processed/verifier_positive/ow/ow-0012__obj_001.png,ow,1.0,224.0,1,ow-0012,,data/metadata/dartis_positive_verifier_crops.csv,1,train,28.34220487595544,218.0,,,224.0
,OIL::ow-0012::ow-0012__obj_002,CONFIRMED_OIL,,,data/external/dartis/processed/verifier_positive/ow/ow-0012__obj_002.png,ow,1.0,224.0,1,ow-0012,,data/metadata/dartis_positive_verifier_crops.csv,1,train,21.75345316901727,193.0,,,224.0
,OIL::ow-0012::ow-0012__obj_003,CONFIRMED_OIL,,,data/external/dartis/processed/verifier_positive/ow/ow-0012__obj_003.png,ow,1.0,224.0,1,ow-0012,,data/metadata/dartis_positive_verifier_crops.csv,1,train,27.791899963268005,214.0,,,224.0
,OIL::ow-0012::ow-0012__obj_004,CONFIRMED_OIL,,,data/external/dartis/processed/verifier_positive/ow/ow-0012__obj_004.png,ow,1.0,224.0,1,ow-0012,,data/metadata/dartis_positive_verifier_crops.csv,1,train,20.99838609912936,176.0,,,224.0
,OIL::ow-0013::ow-0013__obj_001,CONFIRMED_OIL,,,data/external/dartis/processed/verifier_positive/ow/ow-0013__obj_001.png,ow,1.0,224.0,1,ow-0013,,data/metadata/dartis_positive_verifier_crops.csv,1,train,31.11594684849909,212.0,,,224.0
,OIL::ow-0014::ow-0014__obj_001,CONFIRMED_OIL,,,data/external/dartis/processed/verifier_positive/ow/ow-0014__obj_001.png,ow,1.0,224.0,1,ow-0014,,data/metadata/dartis_positive_verifier_crops.csv,1,train,22.02648457550854,210.0,,,224.0
,OIL::ow-0014::ow-0014__obj_002,CONFIRMED_OIL,,,data/external/dartis/processed/verifier_positive/ow/ow-0014__obj_002.png,ow,1.0,224.0,1,ow-0014,,data/metadata/dartis_positive_verifier_crops.csv,1,train,30.14583905940484,229.0,,,224.0
,OIL::ow-0014::ow-0014__obj_004,CONFIRMED_OIL,,,data/external/dartis/processed/verifier_positive/ow/ow-0014__obj_004.png,ow,1.0,224.0,1,ow-0014,,data/metadata/dartis_positive_verifier_crops.csv,1,train,28.73326346532345,231.0,,,224.0
,OIL::ow-0014::ow-0014__obj_005,CONFIRMED_OIL,,,data/external/dartis/processed/verifier_positive/ow/ow-0014__obj_005.png,ow,1.0,224.0,1,ow-0014,,data/metadata/dartis_positive_verifier_crops.csv,1,train,32.16559715750589,226.0,,,224.0
,OIL::ow-0015::ow-0015__obj_001,CONFIRMED_OIL,,,data/external/dartis/processed/verifier_positive/ow/ow-0015__obj_001.png,ow,1.0,224.0,1,ow-0015,,data/metadata/dartis_positive_verifier_crops.csv,1,train,17.504417030957402,128.0,,,224.0
,OIL::ow-0015::ow-0015__obj_002,CONFIRMED_OIL,,,data/external/dartis/processed/verifier_positive/ow/ow-0015__obj_002.png,ow,1.0,224.0,1,ow-0015,,data/metadata/dartis_positive_verifier_crops.csv,1,train,14.213197439315795,106.0,,,224.0
,OIL::ow-0016::ow-0016__obj_001,CONFIRMED_OIL,,,data/external/dartis/processed/verifier_positive/ow/ow-0016__obj_001.png,ow,1.0,224.0,1,ow-0016,,data/metadata/dartis_positive_verifier_crops.csv,1,calibration,32.27817058053256,226.0,,,224.0
,OIL::ow-0016::ow-0016__obj_002,CONFIRMED_OIL,,,data/external/dartis/processed/verifier_positive/ow/ow-0016__obj_002.png,ow,1.0,224.0,1,ow-0016,,data/metadata/dartis_positive_verifier_crops.csv,1,calibration,37.55043009959972,223.0,,,224.0
,OIL::ow-0016::ow-0016__obj_003,CONFIRMED_OIL,,,data/external/dartis/processed/verifier_positive/ow/ow-0016__obj_003.png,ow,1.0,224.0,1,ow-0016,,data/metadata/dartis_positive_verifier_crops.csv,1,calibration,36.129674526830485,224.0,,,224.0
,OIL::ow-0016::ow-0016__obj_004,CONFIRMED_OIL,,,data/external/dartis/processed/verifier_positive/ow/ow-0016__obj_004.png,ow,1.0,224.0,1,ow-0016,,data/metadata/dartis_positive_verifier_crops.csv,1,calibration,37.57599519158183,213.0,,,224.0
,OIL::ow-0016::ow-0016__obj_005,CONFIRMED_OIL,,,data/external/dartis/processed/verifier_positive/ow/ow-0016__obj_005.png,ow,1.0,224.0,1,ow-0016,,data/metadata/dartis_positive_verifier_crops.csv,1,calibration,35.05512804977379,223.0,,,224.0
,OIL::ow-0016::ow-0016__obj_006,CONFIRMED_OIL,,,data/external/dartis/processed/verifier_positive/ow/ow-0016__obj_006.png,ow,1.0,224.0,1,ow-0016,,data/metadata/dartis_positive_verifier_crops.csv,1,calibration,19.26837685400404,157.0,,,224.0
,OIL::ow-0016::ow-0016__obj_007,CONFIRMED_OIL,,,data/external/dartis/processed/verifier_positive/ow/ow-0016__obj_007.png,ow,1.0,224.0,1,ow-0016,,data/metadata/dartis_positive_verifier_crops.csv,1,calibration,40.12354933332103,230.0,,,224.0
,OIL::ow-0016::ow-0016__obj_008,CONFIRMED_OIL,,,data/external/dartis/processed/verifier_positive/ow/ow-0016__obj_008.png,ow,1.0,224.0,1,ow-0016,,data/metadata/dartis_positive_verifier_crops.csv,1,calibration,21.39574070575925,157.0,,,224.0
,OIL::ow-0017::ow-0017__obj_001,CONFIRMED_OIL,,,data/external/dartis/processed/verifier_positive/ow/ow-0017__obj_001.png,ow,1.0,224.0,1,ow-0017,,data/metadata/dartis_positive_verifier_crops.csv,1,train,23.7310281715065,194.0,,,224.0
,OIL::ow-0017::ow-0017__obj_002,CONFIRMED_OIL,,,data/external/dartis/processed/verifier_positive/ow/ow-0017__obj_002.png,ow,1.0,224.0,1,ow-0017,,data/metadata/dartis_positive_verifier_crops.csv,1,train,25.7033429880892,207.0,,,224.0
,OIL::ow-0017::ow-0017__obj_003,CONFIRMED_OIL,,,data/external/dartis/processed/verifier_positive/ow/ow-0017__obj_003.png,ow,1.0,224.0,1,ow-0017,,data/metadata/dartis_positive_verifier_crops.csv,1,train,31.42926868091315,179.0,,,224.0
,OIL::ow-0017::ow-0017__obj_004,CONFIRMED_OIL,,,data/external/dartis/processed/verifier_positive/ow/ow-0017__obj_004.png,ow,1.0,224.0,1,ow-0017,,data/metadata/dartis_positive_verifier_crops.csv,1,train,23.41605077069983,199.0,,,224.0
,OIL::ow-0017::ow-0017__obj_005,CONFIRMED_OIL,,,data/external/dartis/processed/verifier_positive/ow/ow-0017__obj_005.png,ow,1.0,224.0,1,ow-0017,,data/metadata/dartis_positive_verifier_crops.csv,1,train,30.284522035990857,229.0,,,224.0
,OIL::ow-0017::ow-0017__obj_006,CONFIRMED_OIL,,,data/external/dartis/processed/verifier_positive/ow/ow-0017__obj_006.png,ow,1.0,224.0,1,ow-0017,,data/metadata/dartis_positive_verifier_crops.csv,1,train,32.98913229865041,218.0,,,224.0
,OIL::ow-0017::ow-0017__obj_007,CONFIRMED_OIL,,,data/external/dartis/processed/verifier_positive/ow/ow-0017__obj_007.png,ow,1.0,224.0,1,ow-0017,,data/metadata/dartis_positive_verifier_crops.csv,1,train,23.87948447583352,192.0,,,224.0
,OIL::ow-0017::ow-0017__obj_008,CONFIRMED_OIL,,,data/external/dartis/processed/verifier_positive/ow/ow-0017__obj_008.png,ow,1.0,224.0,1,ow-0017,,data/metadata/dartis_positive_verifier_crops.csv,1,train,32.66640740918228,219.0,,,224.0
,OIL::ow-0017::ow-0017__obj_009,CONFIRMED_OIL,,,data/external/dartis/processed/verifier_positive/ow/ow-0017__obj_009.png,ow,1.0,224.0,1,ow-0017,,data/metadata/dartis_positive_verifier_crops.csv,1,train,27.54511509794002,207.0,,,224.0
,OIL::ow-0017::ow-0017__obj_010,CONFIRMED_OIL,,,data/external/dartis/processed/verifier_positive/ow/ow-0017__obj_010.png,ow,1.0,224.0,1,ow-0017,,data/metadata/dartis_positive_verifier_crops.csv,1,train,29.86517783561411,210.0,,,224.0
,OIL::ow-0018::ow-0018__obj_001,CONFIRMED_OIL,,,data/external/dartis/processed/verifier_positive/ow/ow-0018__obj_001.png,ow,1.0,224.0,1,ow-0018,,data/metadata/dartis_positive_verifier_crops.csv,1,train,39.17567551152676,221.0,,,224.0
,OIL::ow-0018::ow-0018__obj_002,CONFIRMED_OIL,,,data/external/dartis/processed/verifier_positive/ow/ow-0018__obj_002.png,ow,1.0,224.0,1,ow-0018,,data/metadata/dartis_positive_verifier_crops.csv,1,train,33.17310923683895,214.0,,,224.0
,OIL::ow-0018::ow-0018__obj_003,CONFIRMED_OIL,,,data/external/dartis/processed/verifier_positive/ow/ow-0018__obj_003.png,ow,1.0,224.0,1,ow-0018,,data/metadata/dartis_positive_verifier_crops.csv,1,train,27.05745567591816,203.0,,,224.0
,OIL::ow-0018::ow-0018__obj_004,CONFIRMED_OIL,,,data/external/dartis/processed/verifier_positive/ow/ow-0018__obj_004.png,ow,1.0,224.0,1,ow-0018,,data/metadata/dartis_positive_verifier_crops.csv,1,train,29.893918759552697,214.0,,,224.0
,OIL::ow-0018::ow-0018__obj_005,CONFIRMED_OIL,,,data/external/dartis/processed/verifier_positive/ow/ow-0018__obj_005.png,ow,1.0,224.0,1,ow-0018,,data/metadata/dartis_positive_verifier_crops.csv,1,train,32.51955207449705,214.0,,,224.0
,OIL::ow-0018::ow-0018__obj_006,CONFIRMED_OIL,,,data/external/dartis/processed/verifier_positive/ow/ow-0018__obj_006.png,ow,1.0,224.0,1,ow-0018,,data/metadata/dartis_positive_verifier_crops.csv,1,train,33.58465925676027,213.0,,,224.0
,OIL::ow-0018::ow-0018__obj_007,CONFIRMED_OIL,,,data/external/dartis/processed/verifier_positive/ow/ow-0018__obj_007.png,ow,1.0,224.0,1,ow-0018,,data/metadata/dartis_positive_verifier_crops.csv,1,train,29.694956170289085,211.0,,,224.0
,OIL::ow-0018::ow-0018__obj_008,CONFIRMED_OIL,,,data/external/dartis/processed/verifier_positive/ow/ow-0018__obj_008.png,ow,1.0,224.0,1,ow-0018,,data/metadata/dartis_positive_verifier_crops.csv,1,train,38.50821968054371,225.0,,,224.0
,OIL::ow-0018::ow-0018__obj_009,CONFIRMED_OIL,,,data/external/dartis/processed/verifier_positive/ow/ow-0018__obj_009.png,ow,1.0,224.0,1,ow-0018,,data/metadata/dartis_positive_verifier_crops.csv,1,train,37.72170276699558,224.0,,,224.0
,OIL::ow-0018::ow-0018__obj_010,CONFIRMED_OIL,,,data/external/dartis/processed/verifier_positive/ow/ow-0018__obj_010.png,ow,1.0,224.0,1,ow-0018,,data/metadata/dartis_positive_verifier_crops.csv,1,train,35.58935033640374,221.0,,,224.0
,OIL::ow-0019::ow-0019__obj_001,CONFIRMED_OIL,,,data/external/dartis/processed/verifier_positive/ow/ow-0019__obj_001.png,ow,1.0,224.0,1,ow-0019,,data/metadata/dartis_positive_verifier_crops.csv,1,train,23.26755250205779,187.0,,,224.0
,OIL::ow-0020::ow-0020__obj_001,CONFIRMED_OIL,,,data/external/dartis/processed/verifier_positive/ow/ow-0020__obj_001.png,ow,1.0,224.0,1,ow-0020,,data/metadata/dartis_positive_verifier_crops.csv,1,train,33.37179834156085,237.0,,,224.0
,OIL::ow-0021::ow-0021__obj_001,CONFIRMED_OIL,,,data/external/dartis/processed/verifier_positive/ow/ow-0021__obj_001.png,ow,1.0,224.0,1,ow-0021,,data/metadata/dartis_positive_verifier_crops.csv,1,train,19.70602380666504,152.0,,,224.0
,OIL::ow-0022::ow-0022__obj_001,CONFIRMED_OIL,,,data/external/dartis/processed/verifier_positive/ow/ow-0022__obj_001.png,ow,1.0,224.0,1,ow-0022,,data/metadata/dartis_positive_verifier_crops.csv,1,calibration,21.29057048395665,224.0,,,224.0
,OIL::ow-0022::ow-0022__obj_002,CONFIRMED_OIL,,,data/external/dartis/processed/verifier_positive/ow/ow-0022__obj_002.png,ow,1.0,224.0,1,ow-0022,,data/metadata/dartis_positive_verifier_crops.csv,1,calibration,27.4024353129798,225.0,,,224.0
,OIL::ow-0022::ow-0022__obj_004,CONFIRMED_OIL,,,data/external/dartis/processed/verifier_positive/ow/ow-0022__obj_004.png,ow,1.0,224.0,1,ow-0022,,data/metadata/dartis_positive_verifier_crops.csv,1,calibration,20.49334359853313,197.0,,,224.0
,OIL::ow-0022::ow-0022__obj_005,CONFIRMED_OIL,,,data/external/dartis/processed/verifier_positive/ow/ow-0022__obj_005.png,ow,1.0,224.0,1,ow-0022,,data/metadata/dartis_positive_verifier_crops.csv,1,calibration,22.71752987706719,206.0,,,224.0
,OIL::ow-0023::ow-0023__obj_001,CONFIRMED_OIL,,,data/external/dartis/processed/verifier_positive/ow/ow-0023__obj_001.png,ow,1.0,224.0,1,ow-0023,,data/metadata/dartis_positive_verifier_crops.csv,1,train,34.81625086308304,224.0,,,224.0
,OIL::ow-0024::ow-0024__obj_001,CONFIRMED_OIL,,,data/external/dartis/processed/verifier_positive/ow/ow-0024__obj_001.png,ow,1.0,224.0,1,ow-0024,,data/metadata/dartis_positive_verifier_crops.csv,1,train,20.41183937424345,206.0,,,224.0
,OIL::ow-0024::ow-0024__obj_002,CONFIRMED_OIL,,,data/external/dartis/processed/verifier_positive/ow/ow-0024__obj_002.png,ow,1.0,224.0,1,ow-0024,,data/metadata/dartis_positive_verifier_crops.csv,1,train,28.837790675598296,225.0,,,224.0
,OIL::ow-0024::ow-0024__obj_003,CONFIRMED_OIL,,,data/external/dartis/processed/verifier_positive/ow/ow-0024__obj_003.png,ow,1.0,224.0,1,ow-0024,,data/metadata/dartis_positive_verifier_crops.csv,1,train,18.01899190289416,188.0,,,224.0
,OIL::ow-0025::ow-0025__obj_001,CONFIRMED_OIL,,,data/external/dartis/processed/verifier_positive/ow/ow-0025__obj_001.png,ow,1.0,224.0,1,ow-0025,,data/metadata/dartis_positive_verifier_crops.csv,1,train,23.74844754142135,206.0,,,224.0
,OIL::ow-0025::ow-0025__obj_002,CONFIRMED_OIL,,,data/external/dartis/processed/verifier_positive/ow/ow-0025__obj_002.png,ow,1.0,224.0,1,ow-0025,,data/metadata/dartis_positive_verifier_crops.csv,1,train,25.373194182283736,210.0,,,224.0
,OIL::ow-0026::ow-0026__obj_001,CONFIRMED_OIL,,,data/external/dartis/processed/verifier_positive/ow/ow-0026__obj_001.png,ow,1.0,224.0,1,ow-0026,,data/metadata/dartis_positive_verifier_crops.csv,1,calibration,23.819829868816797,201.0,,,224.0
,OIL::ow-0026::ow-0026__obj_002,CONFIRMED_OIL,,,data/external/dartis/processed/verifier_positive/ow/ow-0026__obj_002.png,ow,1.0,224.0,1,ow-0026,,data/metadata/dartis_positive_verifier_crops.csv,1,calibration,25.97798782335829,220.0,,,224.0
,OIL::ow-0026::ow-0026__obj_003,CONFIRMED_OIL,,,data/external/dartis/processed/verifier_positive/ow/ow-0026__obj_003.png,ow,1.0,224.0,1,ow-0026,,data/metadata/dartis_positive_verifier_crops.csv,1,calibration,37.266129899118845,224.0,,,224.0
,OIL::ow-0027::ow-0027__obj_001,CONFIRMED_OIL,,,data/external/dartis/processed/verifier_positive/ow/ow-0027__obj_001.png,ow,1.0,224.0,1,ow-0027,,data/metadata/dartis_positive_verifier_crops.csv,1,train,33.48330572641146,238.0,,,224.0
,OIL::ow-0028::ow-0028__obj_001,CONFIRMED_OIL,,,data/external/dartis/processed/verifier_positive/ow/ow-0028__obj_001.png,ow,1.0,224.0,1,ow-0028,,data/metadata/dartis_positive_verifier_crops.csv,1,train,18.333923032339133,121.0,,,224.0
,OIL::ow-0029::ow-0029__obj_001,CONFIRMED_OIL,,,data/external/dartis/processed/verifier_positive/ow/ow-0029__obj_001.png,ow,1.0,224.0,1,ow-0029,,data/metadata/dartis_positive_verifier_crops.csv,1,train,30.85984927069054,256.0,,,224.0
,OIL::ow-0030::ow-0030__obj_001,CONFIRMED_OIL,,,data/external/dartis/processed/verifier_positive/ow/ow-0030__obj_001.png,ow,1.0,224.0,1,ow-0030,,data/metadata/dartis_positive_verifier_crops.csv,1,calibration,25.25970683075565,188.0,,,224.0
,OIL::ow-0030::ow-0030__obj_002,CONFIRMED_OIL,,,data/external/dartis/processed/verifier_positive/ow/ow-0030__obj_002.png,ow,1.0,224.0,1,ow-0030,,data/metadata/dartis_positive_verifier_crops.csv,1,calibration,24.279798565863068,190.0,,,224.0
,OIL::ow-0030::ow-0030__obj_003,CONFIRMED_OIL,,,data/external/dartis/processed/verifier_positive/ow/ow-0030__obj_003.png,ow,1.0,224.0,1,ow-0030,,data/metadata/dartis_positive_verifier_crops.csv,1,calibration,31.324474723146068,199.0,,,224.0
,OIL::ow-0030::ow-0030__obj_004,CONFIRMED_OIL,,,data/external/dartis/processed/verifier_positive/ow/ow-0030__obj_004.png,ow,1.0,224.0,1,ow-0030,,data/metadata/dartis_positive_verifier_crops.csv,1,calibration,13.254702592046089,132.0,,,224.0
,OIL::ow-0030::ow-0030__obj_005,CONFIRMED_OIL,,,data/external/dartis/processed/verifier_positive/ow/ow-0030__obj_005.png,ow,1.0,224.0,1,ow-0030,,data/metadata/dartis_positive_verifier_crops.csv,1,calibration,32.009444153333554,211.0,,,224.0
,OIL::ow-0030::ow-0030__obj_006,CONFIRMED_OIL,,,data/external/dartis/processed/verifier_positive/ow/ow-0030__obj_006.png,ow,1.0,224.0,1,ow-0030,,data/metadata/dartis_positive_verifier_crops.csv,1,calibration,31.324474723146068,199.0,,,224.0
,OIL::ow-0030::ow-0030__obj_007,CONFIRMED_OIL,,,data/external/dartis/processed/verifier_positive/ow/ow-0030__obj_007.png,ow,1.0,224.0,1,ow-0030,,data/metadata/dartis_positive_verifier_crops.csv,1,calibration,29.73261803014432,196.0,,,224.0
,OIL::ow-0031::ow-0031__obj_001,CONFIRMED_OIL,,,data/external/dartis/processed/verifier_positive/ow/ow-0031__obj_001.png,ow,1.0,224.0,1,ow-0031,,data/metadata/dartis_positive_verifier_crops.csv,1,calibration,26.17981059226087,214.0,,,224.0
,OIL::ow-0031::ow-0031__obj_002,CONFIRMED_OIL,,,data/external/dartis/processed/verifier_positive/ow/ow-0031__obj_002.png,ow,1.0,224.0,1,ow-0031,,data/metadata/dartis_positive_verifier_crops.csv,1,calibration,21.217413265700326,176.0,,,224.0
,OIL::ow-0031::ow-0031__obj_003,CONFIRMED_OIL,,,data/external/dartis/processed/verifier_positive/ow/ow-0031__obj_003.png,ow,1.0,224.0,1,ow-0031,,data/metadata/dartis_positive_verifier_crops.csv,1,calibration,25.269209300946933,210.0,,,224.0
,OIL::ow-0031::ow-0031__obj_004,CONFIRMED_OIL,,,data/external/dartis/processed/verifier_positive/ow/ow-0031__obj_004.png,ow,1.0,224.0,1,ow-0031,,data/metadata/dartis_positive_verifier_crops.csv,1,calibration,23.965170534113973,189.0,,,224.0
,OIL::ow-0031::ow-0031__obj_005,CONFIRMED_OIL,,,data/external/dartis/processed/verifier_positive/ow/ow-0031__obj_005.png,ow,1.0,224.0,1,ow-0031,,data/metadata/dartis_positive_verifier_crops.csv,1,calibration,26.740687918594126,214.0,,,224.0
,OIL::ow-0031::ow-0031__obj_006,CONFIRMED_OIL,,,data/external/dartis/processed/verifier_positive/ow/ow-0031__obj_006.png,ow,1.0,224.0,1,ow-0031,,data/metadata/dartis_positive_verifier_crops.csv,1,calibration,24.901339456483356,194.0,,,224.0
,OIL::ow-0031::ow-0031__obj_007,CONFIRMED_OIL,,,data/external/dartis/processed/verifier_positive/ow/ow-0031__obj_007.png,ow,1.0,224.0,1,ow-0031,,data/metadata/dartis_positive_verifier_crops.csv,1,calibration,26.033764098393423,194.0,,,224.0
,OIL::ow-0031::ow-0031__obj_008,CONFIRMED_OIL,,,data/external/dartis/processed/verifier_positive/ow/ow-0031__obj_008.png,ow,1.0,224.0,1,ow-0031,,data/metadata/dartis_positive_verifier_crops.csv,1,calibration,23.80078620726996,205.0,,,224.0
,OIL::ow-0031::ow-0031__obj_009,CONFIRMED_OIL,,,data/external/dartis/processed/verifier_positive/ow/ow-0031__obj_009.png,ow,1.0,224.0,1,ow-0031,,data/metadata/dartis_positive_verifier_crops.csv,1,calibration,24.32114599386969,197.0,,,224.0
,OIL::ow-0031::ow-0031__obj_010,CONFIRMED_OIL,,,data/external/dartis/processed/verifier_positive/ow/ow-0031__obj_010.png,ow,1.0,224.0,1,ow-0031,,data/metadata/dartis_positive_verifier_crops.csv,1,calibration,28.042162075922278,216.0,,,224.0
,OIL::ow-0032::ow-0032__obj_001,CONFIRMED_OIL,,,data/external/dartis/processed/verifier_positive/ow/ow-0032__obj_001.png,ow,1.0,224.0,1,ow-0032,,data/metadata/dartis_positive_verifier_crops.csv,1,calibration,15.524045469900637,118.0,,,224.0
,OIL::ow-0032::ow-0032__obj_002,CONFIRMED_OIL,,,data/external/dartis/processed/verifier_positive/ow/ow-0032__obj_002.png,ow,1.0,224.0,1,ow-0032,,data/metadata/dartis_positive_verifier_crops.csv,1,calibration,16.454645090653116,129.0,,,224.0
,OIL::ow-0033::ow-0033__obj_001,CONFIRMED_OIL,,,data/external/dartis/processed/verifier_positive/ow/ow-0033__obj_001.png,ow,1.0,224.0,1,ow-0033,,data/metadata/dartis_positive_verifier_crops.csv,1,train,19.31675242370455,173.0,,,224.0
,OIL::ow-0033::ow-0033__obj_002,CONFIRMED_OIL,,,data/external/dartis/processed/verifier_positive/ow/ow-0033__obj_002.png,ow,1.0,224.0,1,ow-0033,,data/metadata/dartis_positive_verifier_crops.csv,1,train,20.122471309215925,175.0,,,224.0
,OIL::ow-0033::ow-0033__obj_003,CONFIRMED_OIL,,,data/external/dartis/processed/verifier_positive/ow/ow-0033__obj_003.png,ow,1.0,224.0,1,ow-0033,,data/metadata/dartis_positive_verifier_crops.csv,1,train,25.286848136154976,232.0,,,224.0
,OIL::ow-0034::ow-0034__obj_001,CONFIRMED_OIL,,,data/external/dartis/processed/verifier_positive/ow/ow-0034__obj_001.png,ow,1.0,224.0,1,ow-0034,,data/metadata/dartis_positive_verifier_crops.csv,1,train,24.0203497382942,177.0,,,224.0
,OIL::ow-0035::ow-0035__obj_001,CONFIRMED_OIL,,,data/external/dartis/processed/verifier_positive/ow/ow-0035__obj_001.png,ow,1.0,224.0,1,ow-0035,,data/metadata/dartis_positive_verifier_crops.csv,1,train,16.60304191102983,162.0,,,224.0
,OIL::ow-0036::ow-0036__obj_001,CONFIRMED_OIL,,,data/external/dartis/processed/verifier_positive/ow/ow-0036__obj_001.png,ow,1.0,224.0,1,ow-0036,,data/metadata/dartis_positive_verifier_crops.csv,1,train,20.935174500113643,228.0,,,224.0
,OIL::ow-0037::ow-0037__obj_001,CONFIRMED_OIL,,,data/external/dartis/processed/verifier_positive/ow/ow-0037__obj_001.png,ow,1.0,224.0,1,ow-0037,,data/metadata/dartis_positive_verifier_crops.csv,1,train,15.609928349498285,148.0,,,224.0
,OIL::ow-0038::ow-0038__obj_001,CONFIRMED_OIL,,,data/external/dartis/processed/verifier_positive/ow/ow-0038__obj_001.png,ow,1.0,224.0,1,ow-0038,,data/metadata/dartis_positive_verifier_crops.csv,1,train,35.51302836560384,211.0,,,224.0
,OIL::ow-0038::ow-0038__obj_002,CONFIRMED_OIL,,,data/external/dartis/processed/verifier_positive/ow/ow-0038__obj_002.png,ow,1.0,224.0,1,ow-0038,,data/metadata/dartis_positive_verifier_crops.csv,1,train,28.073859606718678,172.0,,,224.0
,OIL::ow-0038::ow-0038__obj_003,CONFIRMED_OIL,,,data/external/dartis/processed/verifier_positive/ow/ow-0038__obj_003.png,ow,1.0,224.0,1,ow-0038,,data/metadata/dartis_positive_verifier_crops.csv,1,train,29.44430830177588,221.0,,,224.0
,OIL::ow-0039::ow-0039__obj_001,CONFIRMED_OIL,,,data/external/dartis/processed/verifier_positive/ow/ow-0039__obj_001.png,ow,1.0,224.0,1,ow-0039,,data/metadata/dartis_positive_verifier_crops.csv,1,train,18.95331354428277,136.0,,,224.0
,OIL::ow-0039::ow-0039__obj_002,CONFIRMED_OIL,,,data/external/dartis/processed/verifier_positive/ow/ow-0039__obj_002.png,ow,1.0,224.0,1,ow-0039,,data/metadata/dartis_positive_verifier_crops.csv,1,train,16.864601262794828,138.0,,,224.0
,OIL::ow-0039::ow-0039__obj_003,CONFIRMED_OIL,,,data/external/dartis/processed/verifier_positive/ow/ow-0039__obj_003.png,ow,1.0,224.0,1,ow-0039,,data/metadata/dartis_positive_verifier_crops.csv,1,train,17.066373875279048,127.0,,,224.0
,OIL::ow-0039::ow-0039__obj_004,CONFIRMED_OIL,,,data/external/dartis/processed/verifier_positive/ow/ow-0039__obj_004.png,ow,1.0,224.0,1,ow-0039,,data/metadata/dartis_positive_verifier_crops.csv,1,train,19.227074779273064,139.0,,,224.0
,OIL::ow-0040::ow-0040__obj_001,CONFIRMED_OIL,,,data/external/dartis/processed/verifier_positive/ow/ow-0040__obj_001.png,ow,1.0,224.0,1,ow-0040,,data/metadata/dartis_positive_verifier_crops.csv,1,train,13.408909318886458,111.0,,,224.0
,OIL::ow-0040::ow-0040__obj_002,CONFIRMED_OIL,,,data/external/dartis/processed/verifier_positive/ow/ow-0040__obj_002.png,ow,1.0,224.0,1,ow-0040,,data/metadata/dartis_positive_verifier_crops.csv,1,train,13.326718440381756,96.0,,,224.0
,OIL::ow-0041::ow-0041__obj_001,CONFIRMED_OIL,,,data/external/dartis/processed/verifier_positive/ow/ow-0041__obj_001.png,ow,1.0,224.0,1,ow-0041,,data/metadata/dartis_positive_verifier_crops.csv,1,train,24.7501246383182,207.0,,,224.0
,OIL::ow-0041::ow-0041__obj_002,CONFIRMED_OIL,,,data/external/dartis/processed/verifier_positive/ow/ow-0041__obj_002.png,ow,1.0,224.0,1,ow-0041,,data/metadata/dartis_positive_verifier_crops.csv,1,train,25.854942531874045,213.0,,,224.0
,OIL::ow-0042::ow-0042__obj_001,CONFIRMED_OIL,,,data/external/dartis/processed/verifier_positive/ow/ow-0042__obj_001.png,ow,1.0,224.0,1,ow-0042,,data/metadata/dartis_positive_verifier_crops.csv,1,train,21.07102786655484,192.0,,,224.0
,OIL::ow-0043::ow-0043__obj_001,CONFIRMED_OIL,,,data/external/dartis/processed/verifier_positive/ow/ow-0043__obj_001.png,ow,1.0,224.0,1,ow-0043,,data/metadata/dartis_positive_verifier_crops.csv,1,train,21.30558884984754,144.0,,,224.0
,OIL::ow-0044::ow-0044__obj_001,CONFIRMED_OIL,,,data/external/dartis/processed/verifier_positive/ow/ow-0044__obj_001.png,ow,1.0,224.0,1,ow-0044,,data/metadata/dartis_positive_verifier_crops.csv,1,train,28.719528058738625,202.0,,,224.0
,OIL::ow-0045::ow-0045__obj_001,CONFIRMED_OIL,,,data/external/dartis/processed/verifier_positive/ow/ow-0045__obj_001.png,ow,1.0,224.0,1,ow-0045,,data/metadata/dartis_positive_verifier_crops.csv,1,train,29.147218975418134,223.0,,,224.0
,OIL::ow-0046::ow-0046__obj_001,CONFIRMED_OIL,,,data/external/dartis/processed/verifier_positive/ow/ow-0046__obj_001.png,ow,1.0,224.0,1,ow-0046,,data/metadata/dartis_positive_verifier_crops.csv,1,train,15.232082929748836,111.0,,,224.0
,OIL::ow-0047::ow-0047__obj_001,CONFIRMED_OIL,,,data/external/dartis/processed/verifier_positive/ow/ow-0047__obj_001.png,ow,1.0,224.0,1,ow-0047,,data/metadata/dartis_positive_verifier_crops.csv,1,train,21.66072685860016,185.0,,,224.0
,OIL::ow-0047::ow-0047__obj_002,CONFIRMED_OIL,,,data/external/dartis/processed/verifier_positive/ow/ow-0047__obj_002.png,ow,1.0,224.0,1,ow-0047,,data/metadata/dartis_positive_verifier_crops.csv,1,train,22.70478904840534,184.0,,,224.0
,OIL::ow-0048::ow-0048__obj_001,CONFIRMED_OIL,,,data/external/dartis/processed/verifier_positive/ow/ow-0048__obj_001.png,ow,1.0,224.0,1,ow-0048,,data/metadata/dartis_positive_verifier_crops.csv,1,train,21.06144429568004,170.0,,,224.0
,OIL::ow-0048::ow-0048__obj_002,CONFIRMED_OIL,,,data/external/dartis/processed/verifier_positive/ow/ow-0048__obj_002.png,ow,1.0,224.0,1,ow-0048,,data/metadata/dartis_positive_verifier_crops.csv,1,train,22.20249115896955,216.0,,,224.0
,OIL::ow-0049::ow-0049__obj_001,CONFIRMED_OIL,,,data/external/dartis/processed/verifier_positive/ow/ow-0049__obj_001.png,ow,1.0,224.0,1,ow-0049,,data/metadata/dartis_positive_verifier_crops.csv,1,train,30.175904471506144,225.0,,,224.0
,OIL::ow-0050::ow-0050__obj_001,CONFIRMED_OIL,,,data/external/dartis/processed/verifier_positive/ow/ow-0050__obj_001.png,ow,1.0,224.0,1,ow-0050,,data/metadata/dartis_positive_verifier_crops.csv,1,train,28.2587863366801,220.0,,,224.0
,OIL::ow-0051::ow-0051__obj_001,CONFIRMED_OIL,,,data/external/dartis/processed/verifier_positive/ow/ow-0051__obj_001.png,ow,1.0,224.0,1,ow-0051,,data/metadata/dartis_positive_verifier_crops.csv,1,train,27.55888578678617,211.0,,,224.0
,OIL::ow-0052::ow-0052__obj_001,CONFIRMED_OIL,,,data/external/dartis/processed/verifier_positive/ow/ow-0052__obj_001.png,ow,1.0,224.0,1,ow-0052,,data/metadata/dartis_positive_verifier_crops.csv,1,train,21.331828087171846,169.0,,,224.0
,OIL::ow-0052::ow-0052__obj_002,CONFIRMED_OIL,,,data/external/dartis/processed/verifier_positive/ow/ow-0052__obj_002.png,ow,1.0,224.0,1,ow-0052,,data/metadata/dartis_positive_verifier_crops.csv,1,train,29.617519564686187,203.0,,,224.0
,OIL::ow-0053::ow-0053__obj_001,CONFIRMED_OIL,,,data/external/dartis/processed/verifier_positive/ow/ow-0053__obj_001.png,ow,1.0,224.0,1,ow-0053,,data/metadata/dartis_positive_verifier_crops.csv,1,calibration,19.06884122674638,208.0,,,224.0
,OIL::ow-0054::ow-0054__obj_001,CONFIRMED_OIL,,,data/external/dartis/processed/verifier_positive/ow/ow-0054__obj_001.png,ow,1.0,224.0,1,ow-0054,,data/metadata/dartis_positive_verifier_crops.csv,1,train,16.973998160436917,139.0,,,224.0
,OIL::ow-0054::ow-0054__obj_002,CONFIRMED_OIL,,,data/external/dartis/processed/verifier_positive/ow/ow-0054__obj_002.png,ow,1.0,224.0,1,ow-0054,,data/metadata/dartis_positive_verifier_crops.csv,1,train,13.604467402617246,129.0,,,224.0
,OIL::ow-0054::ow-0054__obj_003,CONFIRMED_OIL,,,data/external/dartis/processed/verifier_positive/ow/ow-0054__obj_003.png,ow,1.0,224.0,1,ow-0054,,data/metadata/dartis_positive_verifier_crops.csv,1,train,14.571260299358675,133.0,,,224.0
,OIL::ow-0054::ow-0054__obj_004,CONFIRMED_OIL,,,data/external/dartis/processed/verifier_positive/ow/ow-0054__obj_004.png,ow,1.0,224.0,1,ow-0054,,data/metadata/dartis_positive_verifier_crops.csv,1,train,14.379194869836466,137.0,,,224.0
,OIL::ow-0054::ow-0054__obj_005,CONFIRMED_OIL,,,data/external/dartis/processed/verifier_positive/ow/ow-0054__obj_005.png,ow,1.0,224.0,1,ow-0054,,data/metadata/dartis_positive_verifier_crops.csv,1,train,12.856933176278986,119.0,,,224.0
,OIL::ow-0055::ow-0055__obj_001,CONFIRMED_OIL,,,data/external/dartis/processed/verifier_positive/ow/ow-0055__obj_001.png,ow,1.0,224.0,1,ow-0055,,data/metadata/dartis_positive_verifier_crops.csv,1,train,25.72663408539012,189.0,,,224.0
,OIL::ow-0055::ow-0055__obj_002,CONFIRMED_OIL,,,data/external/dartis/processed/verifier_positive/ow/ow-0055__obj_002.png,ow,1.0,224.0,1,ow-0055,,data/metadata/dartis_positive_verifier_crops.csv,1,train,24.21602087045397,185.0,,,224.0
,OIL::ow-0055::ow-0055__obj_003,CONFIRMED_OIL,,,data/external/dartis/processed/verifier_positive/ow/ow-0055__obj_003.png,ow,1.0,224.0,1,ow-0055,,data/metadata/dartis_positive_verifier_crops.csv,1,train,23.796902008902123,175.0,,,224.0
,OIL::ow-0056::ow-0056__obj_002,CONFIRMED_OIL,,,data/external/dartis/processed/verifier_positive/ow/ow-0056__obj_002.png,ow,1.0,224.0,1,ow-0056,,data/metadata/dartis_positive_verifier_crops.csv,1,calibration,25.669577194247868,171.0,,,224.0
,OIL::ow-0056::ow-0056__obj_003,CONFIRMED_OIL,,,data/external/dartis/processed/verifier_positive/ow/ow-0056__obj_003.png,ow,1.0,224.0,1,ow-0056,,data/metadata/dartis_positive_verifier_crops.csv,1,calibration,25.264849864890657,162.0,,,224.0
,OIL::ow-0056::ow-0056__obj_004,CONFIRMED_OIL,,,data/external/dartis/processed/verifier_positive/ow/ow-0056__obj_004.png,ow,1.0,224.0,1,ow-0056,,data/metadata/dartis_positive_verifier_crops.csv,1,calibration,19.484515148529358,149.0,,,224.0
,OIL::ow-0056::ow-0056__obj_005,CONFIRMED_OIL,,,data/external/dartis/processed/verifier_positive/ow/ow-0056__obj_005.png,ow,1.0,224.0,1,ow-0056,,data/metadata/dartis_positive_verifier_crops.csv,1,calibration,21.90484188934869,158.0,,,224.0
,OIL::ow-0056::ow-0056__obj_006,CONFIRMED_OIL,,,data/external/dartis/processed/verifier_positive/ow/ow-0056__obj_006.png,ow,1.0,224.0,1,ow-0056,,data/metadata/dartis_positive_verifier_crops.csv,1,calibration,19.53567103977073,217.0,,,224.0
,OIL::ow-0057::ow-0057__obj_001,CONFIRMED_OIL,,,data/external/dartis/processed/verifier_positive/ow/ow-0057__obj_001.png,ow,1.0,224.0,1,ow-0057,,data/metadata/dartis_positive_verifier_crops.csv,1,train,16.17111888425053,133.0,,,224.0
,OIL::ow-0057::ow-0057__obj_002,CONFIRMED_OIL,,,data/external/dartis/processed/verifier_positive/ow/ow-0057__obj_002.png,ow,1.0,224.0,1,ow-0057,,data/metadata/dartis_positive_verifier_crops.csv,1,train,16.668029310655143,127.0,,,224.0
,OIL::ow-0057::ow-0057__obj_003,CONFIRMED_OIL,,,data/external/dartis/processed/verifier_positive/ow/ow-0057__obj_003.png,ow,1.0,224.0,1,ow-0057,,data/metadata/dartis_positive_verifier_crops.csv,1,train,15.913738211120023,134.0,,,224.0
,OIL::ow-0057::ow-0057__obj_004,CONFIRMED_OIL,,,data/external/dartis/processed/verifier_positive/ow/ow-0057__obj_004.png,ow,1.0,224.0,1,ow-0057,,data/metadata/dartis_positive_verifier_crops.csv,1,train,16.54530859738487,127.0,,,224.0
,OIL::ow-0058::ow-0058__obj_001,CONFIRMED_OIL,,,data/external/dartis/processed/verifier_positive/ow/ow-0058__obj_001.png,ow,1.0,224.0,1,ow-0058,,data/metadata/dartis_positive_verifier_crops.csv,1,train,10.37326556439497,87.0,,,224.0
,OIL::ow-0058::ow-0058__obj_002,CONFIRMED_OIL,,,data/external/dartis/processed/verifier_positive/ow/ow-0058__obj_002.png,ow,1.0,224.0,1,ow-0058,,data/metadata/dartis_positive_verifier_crops.csv,1,train,9.222241972187676,148.0,,,224.0
,OIL::ow-0059::ow-0059__obj_001,CONFIRMED_OIL,,,data/external/dartis/processed/verifier_positive/ow/ow-0059__obj_001.png,ow,1.0,224.0,1,ow-0059,,data/metadata/dartis_positive_verifier_crops.csv,1,train,28.245515818068927,231.0,,,224.0
,OIL::ow-0059::ow-0059__obj_002,CONFIRMED_OIL,,,data/external/dartis/processed/verifier_positive/ow/ow-0059__obj_002.png,ow,1.0,224.0,1,ow-0059,,data/metadata/dartis_positive_verifier_crops.csv,1,train,23.082806851212464,218.0,,,224.0
,OIL::ow-0059::ow-0059__obj_003,CONFIRMED_OIL,,,data/external/dartis/processed/verifier_positive/ow/ow-0059__obj_003.png,ow,1.0,224.0,1,ow-0059,,data/metadata/dartis_positive_verifier_crops.csv,1,train,28.95931063494031,232.0,,,224.0
,OIL::ow-0059::ow-0059__obj_004,CONFIRMED_OIL,,,data/external/dartis/processed/verifier_positive/ow/ow-0059__obj_004.png,ow,1.0,224.0,1,ow-0059,,data/metadata/dartis_positive_verifier_crops.csv,1,train,27.888865680360254,227.0,,,224.0
,OIL::ow-0059::ow-0059__obj_005,CONFIRMED_OIL,,,data/external/dartis/processed/verifier_positive/ow/ow-0059__obj_005.png,ow,1.0,224.0,1,ow-0059,,data/metadata/dartis_positive_verifier_crops.csv,1,train,44.48363105971866,235.0,,,224.0
,OIL::ow-0060::ow-0060__obj_001,CONFIRMED_OIL,,,data/external/dartis/processed/verifier_positive/ow/ow-0060__obj_001.png,ow,1.0,224.0,1,ow-0060,,data/metadata/dartis_positive_verifier_crops.csv,1,train,21.307675020422977,168.0,,,224.0
,OIL::ow-0060::ow-0060__obj_002,CONFIRMED_OIL,,,data/external/dartis/processed/verifier_positive/ow/ow-0060__obj_002.png,ow,1.0,224.0,1,ow-0060,,data/metadata/dartis_positive_verifier_crops.csv,1,train,24.03849522218664,187.0,,,224.0
,OIL::ow-0060::ow-0060__obj_003,CONFIRMED_OIL,,,data/external/dartis/processed/verifier_positive/ow/ow-0060__obj_003.png,ow,1.0,224.0,1,ow-0060,,data/metadata/dartis_positive_verifier_crops.csv,1,train,25.532533369193093,187.0,,,224.0
,OIL::ow-0060::ow-0060__obj_004,CONFIRMED_OIL,,,data/external/dartis/processed/verifier_positive/ow/ow-0060__obj_004.png,ow,1.0,224.0,1,ow-0060,,data/metadata/dartis_positive_verifier_crops.csv,1,train,24.72298247866714,181.0,,,224.0
,OIL::ow-0061::ow-0061__obj_001,CONFIRMED_OIL,,,data/external/dartis/processed/verifier_positive/ow/ow-0061__obj_001.png,ow,1.0,224.0,1,ow-0061,,data/metadata/dartis_positive_verifier_crops.csv,1,calibration,22.25351375063593,193.0,,,224.0
,OIL::ow-0062::ow-0062__obj_001,CONFIRMED_OIL,,,data/external/dartis/processed/verifier_positive/ow/ow-0062__obj_001.png,ow,1.0,224.0,1,ow-0062,,data/metadata/dartis_positive_verifier_crops.csv,1,train,26.01983672998697,216.0,,,224.0
,OIL::ow-0062::ow-0062__obj_002,CONFIRMED_OIL,,,data/external/dartis/processed/verifier_positive/ow/ow-0062__obj_002.png,ow,1.0,224.0,1,ow-0062,,data/metadata/dartis_positive_verifier_crops.csv,1,train,25.514309940980976,212.0,,,224.0
,OIL::ow-0062::ow-0062__obj_003,CONFIRMED_OIL,,,data/external/dartis/processed/verifier_positive/ow/ow-0062__obj_003.png,ow,1.0,224.0,1,ow-0062,,data/metadata/dartis_positive_verifier_crops.csv,1,train,28.309387216996264,213.0,,,224.0
,OIL::ow-0063::ow-0063__obj_001,CONFIRMED_OIL,,,data/external/dartis/processed/verifier_positive/ow/ow-0063__obj_001.png,ow,1.0,224.0,1,ow-0063,,data/metadata/dartis_positive_verifier_crops.csv,1,train,21.33088416239639,184.0,,,224.0
,OIL::ow-0064::ow-0064__obj_001,CONFIRMED_OIL,,,data/external/dartis/processed/verifier_positive/ow/ow-0064__obj_001.png,ow,1.0,224.0,1,ow-0064,,data/metadata/dartis_positive_verifier_crops.csv,1,train,26.399766782785104,189.0,,,224.0
,OIL::ow-0064::ow-0064__obj_002,CONFIRMED_OIL,,,data/external/dartis/processed/verifier_positive/ow/ow-0064__obj_002.png,ow,1.0,224.0,1,ow-0064,,data/metadata/dartis_positive_verifier_crops.csv,1,train,23.641014731445583,170.0,,,224.0
,OIL::ow-0064::ow-0064__obj_003,CONFIRMED_OIL,,,data/external/dartis/processed/verifier_positive/ow/ow-0064__obj_003.png,ow,1.0,224.0,1,ow-0064,,data/metadata/dartis_positive_verifier_crops.csv,1,train,23.08840859291965,163.0,,,224.0
,OIL::ow-0064::ow-0064__obj_004,CONFIRMED_OIL,,,data/external/dartis/processed/verifier_positive/ow/ow-0064__obj_004.png,ow,1.0,224.0,1,ow-0064,,data/metadata/dartis_positive_verifier_crops.csv,1,train,34.72998970395628,204.0,,,224.0
,OIL::ow-0064::ow-0064__obj_005,CONFIRMED_OIL,,,data/external/dartis/processed/verifier_positive/ow/ow-0064__obj_005.png,ow,1.0,224.0,1,ow-0064,,data/metadata/dartis_positive_verifier_crops.csv,1,train,21.555551285673392,137.0,,,224.0
,OIL::ow-0064::ow-0064__obj_006,CONFIRMED_OIL,,,data/external/dartis/processed/verifier_positive/ow/ow-0064__obj_006.png,ow,1.0,224.0,1,ow-0064,,data/metadata/dartis_positive_verifier_crops.csv,1,train,25.564333952713984,181.0,,,224.0
,OIL::ow-0064::ow-0064__obj_007,CONFIRMED_OIL,,,data/external/dartis/processed/verifier_positive/ow/ow-0064__obj_007.png,ow,1.0,224.0,1,ow-0064,,data/metadata/dartis_positive_verifier_crops.csv,1,train,33.62773375683151,192.0,,,224.0
,OIL::ow-0064::ow-0064__obj_008,CONFIRMED_OIL,,,data/external/dartis/processed/verifier_positive/ow/ow-0064__obj_008.png,ow,1.0,224.0,1,ow-0064,,data/metadata/dartis_positive_verifier_crops.csv,1,train,26.477476599075096,181.0,,,224.0
,OIL::ow-0065::ow-0065__obj_001,CONFIRMED_OIL,,,data/external/dartis/processed/verifier_positive/ow/ow-0065__obj_001.png,ow,1.0,224.0,1,ow-0065,,data/metadata/dartis_positive_verifier_crops.csv,1,train,23.700117306949604,191.0,,,224.0
,OIL::ow-0066::ow-0066__obj_001,CONFIRMED_OIL,,,data/external/dartis/processed/verifier_positive/ow/ow-0066__obj_001.png,ow,1.0,224.0,1,ow-0066,,data/metadata/dartis_positive_verifier_crops.csv,1,train,16.567886072924004,130.0,,,224.0
,OIL::ow-0067::ow-0067__obj_001,CONFIRMED_OIL,,,data/external/dartis/processed/verifier_positive/ow/ow-0067__obj_001.png,ow,1.0,224.0,1,ow-0067,,data/metadata/dartis_positive_verifier_crops.csv,1,calibration,24.51106958763337,218.0,,,224.0
,OIL::ow-0067::ow-0067__obj_002,CONFIRMED_OIL,,,data/external/dartis/processed/verifier_positive/ow/ow-0067__obj_002.png,ow,1.0,224.0,1,ow-0067,,data/metadata/dartis_positive_verifier_crops.csv,1,calibration,20.2919943343062,169.0,,,224.0
,OIL::ow-0068::ow-0068__obj_001,CONFIRMED_OIL,,,data/external/dartis/processed/verifier_positive/ow/ow-0068__obj_001.png,ow,1.0,224.0,1,ow-0068,,data/metadata/dartis_positive_verifier_crops.csv,1,train,22.225449797526736,177.0,,,224.0
,OIL::ow-0068::ow-0068__obj_002,CONFIRMED_OIL,,,data/external/dartis/processed/verifier_positive/ow/ow-0068__obj_002.png,ow,1.0,224.0,1,ow-0068,,data/metadata/dartis_positive_verifier_crops.csv,1,train,19.00886190751449,132.0,,,224.0
,OIL::ow-0069::ow-0069__obj_001,CONFIRMED_OIL,,,data/external/dartis/processed/verifier_positive/ow/ow-0069__obj_001.png,ow,1.0,224.0,1,ow-0069,,data/metadata/dartis_positive_verifier_crops.csv,1,train,30.024642129115485,227.0,,,224.0
,OIL::ow-0070::ow-0070__obj_001,CONFIRMED_OIL,,,data/external/dartis/processed/verifier_positive/ow/ow-0070__obj_001.png,ow,1.0,224.0,1,ow-0070,,data/metadata/dartis_positive_verifier_crops.csv,1,train,29.14291391684442,230.0,,,224.0
,OIL::ow-0070::ow-0070__obj_002,CONFIRMED_OIL,,,data/external/dartis/processed/verifier_positive/ow/ow-0070__obj_002.png,ow,1.0,224.0,1,ow-0070,,data/metadata/dartis_positive_verifier_crops.csv,1,train,26.20394502712906,227.0,,,224.0
,OIL::ow-0071::ow-0071__obj_001,CONFIRMED_OIL,,,data/external/dartis/processed/verifier_positive/ow/ow-0071__obj_001.png,ow,1.0,224.0,1,ow-0071,,data/metadata/dartis_positive_verifier_crops.csv,1,calibration,12.83087771757152,92.0,,,224.0
,OIL::ow-0071::ow-0071__obj_002,CONFIRMED_OIL,,,data/external/dartis/processed/verifier_positive/ow/ow-0071__obj_002.png,ow,1.0,224.0,1,ow-0071,,data/metadata/dartis_positive_verifier_crops.csv,1,calibration,15.268853752525697,217.0,,,224.0
,OIL::ow-0071::ow-0071__obj_003,CONFIRMED_OIL,,,data/external/dartis/processed/verifier_positive/ow/ow-0071__obj_003.png,ow,1.0,224.0,1,ow-0071,,data/metadata/dartis_positive_verifier_crops.csv,1,calibration,11.169762593116015,97.0,,,224.0
,OIL::ow-0071::ow-0071__obj_004,CONFIRMED_OIL,,,data/external/dartis/processed/verifier_positive/ow/ow-0071__obj_004.png,ow,1.0,224.0,1,ow-0071,,data/metadata/dartis_positive_verifier_crops.csv,1,calibration,11.62832553894929,96.0,,,224.0
,OIL::ow-0071::ow-0071__obj_005,CONFIRMED_OIL,,,data/external/dartis/processed/verifier_positive/ow/ow-0071__obj_005.png,ow,1.0,224.0,1,ow-0071,,data/metadata/dartis_positive_verifier_crops.csv,1,calibration,11.262222010525411,89.0,,,224.0
,OIL::ow-0072::ow-0072__obj_001,CONFIRMED_OIL,,,data/external/dartis/processed/verifier_positive/ow/ow-0072__obj_001.png,ow,1.0,224.0,1,ow-0072,,data/metadata/dartis_positive_verifier_crops.csv,1,train,18.839058632827665,156.0,,,224.0
,OIL::ow-0072::ow-0072__obj_003,CONFIRMED_OIL,,,data/external/dartis/processed/verifier_positive/ow/ow-0072__obj_003.png,ow,1.0,224.0,1,ow-0072,,data/metadata/dartis_positive_verifier_crops.csv,1,train,20.86339534980181,173.0,,,224.0
,OIL::ow-0072::ow-0072__obj_004,CONFIRMED_OIL,,,data/external/dartis/processed/verifier_positive/ow/ow-0072__obj_004.png,ow,1.0,224.0,1,ow-0072,,data/metadata/dartis_positive_verifier_crops.csv,1,train,20.08067446074321,155.0,,,224.0
,OIL::ow-0072::ow-0072__obj_005,CONFIRMED_OIL,,,data/external/dartis/processed/verifier_positive/ow/ow-0072__obj_005.png,ow,1.0,224.0,1,ow-0072,,data/metadata/dartis_positive_verifier_crops.csv,1,train,18.476148002645598,165.0,,,224.0
,OIL::ow-0072::ow-0072__obj_006,CONFIRMED_OIL,,,data/external/dartis/processed/verifier_positive/ow/ow-0072__obj_006.png,ow,1.0,224.0,1,ow-0072,,data/metadata/dartis_positive_verifier_crops.csv,1,train,17.606051885120927,152.0,,,224.0
,OIL::ow-0072::ow-0072__obj_007,CONFIRMED_OIL,,,data/external/dartis/processed/verifier_positive/ow/ow-0072__obj_007.png,ow,1.0,224.0,1,ow-0072,,data/metadata/dartis_positive_verifier_crops.csv,1,train,18.09640292615868,150.0,,,224.0
,OIL::ow-0072::ow-0072__obj_008,CONFIRMED_OIL,,,data/external/dartis/processed/verifier_positive/ow/ow-0072__obj_008.png,ow,1.0,224.0,1,ow-0072,,data/metadata/dartis_positive_verifier_crops.csv,1,train,18.884829491497207,159.0,,,224.0
,OIL::ow-0072::ow-0072__obj_009,CONFIRMED_OIL,,,data/external/dartis/processed/verifier_positive/ow/ow-0072__obj_009.png,ow,1.0,224.0,1,ow-0072,,data/metadata/dartis_positive_verifier_crops.csv,1,train,21.541008074778844,174.0,,,224.0
,OIL::ow-0073::ow-0073__obj_001,CONFIRMED_OIL,,,data/external/dartis/processed/verifier_positive/ow/ow-0073__obj_001.png,ow,1.0,224.0,1,ow-0073,,data/metadata/dartis_positive_verifier_crops.csv,1,train,27.188821532692717,207.0,,,224.0
,OIL::ow-0073::ow-0073__obj_002,CONFIRMED_OIL,,,data/external/dartis/processed/verifier_positive/ow/ow-0073__obj_002.png,ow,1.0,224.0,1,ow-0073,,data/metadata/dartis_positive_verifier_crops.csv,1,train,28.59546551296297,229.0,,,224.0
,OIL::ow-0073::ow-0073__obj_003,CONFIRMED_OIL,,,data/external/dartis/processed/verifier_positive/ow/ow-0073__obj_003.png,ow,1.0,224.0,1,ow-0073,,data/metadata/dartis_positive_verifier_crops.csv,1,train,26.18766636870061,199.0,,,224.0
,OIL::ow-0073::ow-0073__obj_004,CONFIRMED_OIL,,,data/external/dartis/processed/verifier_positive/ow/ow-0073__obj_004.png,ow,1.0,224.0,1,ow-0073,,data/metadata/dartis_positive_verifier_crops.csv,1,train,28.94426382656776,213.0,,,224.0
,OIL::ow-0073::ow-0073__obj_005,CONFIRMED_OIL,,,data/external/dartis/processed/verifier_positive/ow/ow-0073__obj_005.png,ow,1.0,224.0,1,ow-0073,,data/metadata/dartis_positive_verifier_crops.csv,1,train,28.435478800753724,227.0,,,224.0
,OIL::ow-0073::ow-0073__obj_006,CONFIRMED_OIL,,,data/external/dartis/processed/verifier_positive/ow/ow-0073__obj_006.png,ow,1.0,224.0,1,ow-0073,,data/metadata/dartis_positive_verifier_crops.csv,1,train,28.94426382656776,213.0,,,224.0
,OIL::ow-0074::ow-0074__obj_001,CONFIRMED_OIL,,,data/external/dartis/processed/verifier_positive/ow/ow-0074__obj_001.png,ow,1.0,224.0,1,ow-0074,,data/metadata/dartis_positive_verifier_crops.csv,1,train,26.963700729899895,204.0,,,224.0
,OIL::ow-0074::ow-0074__obj_002,CONFIRMED_OIL,,,data/external/dartis/processed/verifier_positive/ow/ow-0074__obj_002.png,ow,1.0,224.0,1,ow-0074,,data/metadata/dartis_positive_verifier_crops.csv,1,train,25.421076682192798,224.0,,,224.0
,OIL::ow-0074::ow-0074__obj_003,CONFIRMED_OIL,,,data/external/dartis/processed/verifier_positive/ow/ow-0074__obj_003.png,ow,1.0,224.0,1,ow-0074,,data/metadata/dartis_positive_verifier_crops.csv,1,train,25.096259319051576,212.0,,,224.0
,OIL::ow-0074::ow-0074__obj_004,CONFIRMED_OIL,,,data/external/dartis/processed/verifier_positive/ow/ow-0074__obj_004.png,ow,1.0,224.0,1,ow-0074,,data/metadata/dartis_positive_verifier_crops.csv,1,train,24.79214171202496,199.0,,,224.0
,OIL::ow-0074::ow-0074__obj_005,CONFIRMED_OIL,,,data/external/dartis/processed/verifier_positive/ow/ow-0074__obj_005.png,ow,1.0,224.0,1,ow-0074,,data/metadata/dartis_positive_verifier_crops.csv,1,train,25.34556170477976,200.0,,,224.0
,OIL::ow-0075::ow-0075__obj_001,CONFIRMED_OIL,,,data/external/dartis/processed/verifier_positive/ow/ow-0075__obj_001.png,ow,1.0,224.0,1,ow-0075,,data/metadata/dartis_positive_verifier_crops.csv,1,train,27.460023982527836,226.0,,,224.0
,OIL::ow-0075::ow-0075__obj_002,CONFIRMED_OIL,,,data/external/dartis/processed/verifier_positive/ow/ow-0075__obj_002.png,ow,1.0,224.0,1,ow-0075,,data/metadata/dartis_positive_verifier_crops.csv,1,train,27.09569219971228,207.0,,,224.0
,OIL::ow-0075::ow-0075__obj_003,CONFIRMED_OIL,,,data/external/dartis/processed/verifier_positive/ow/ow-0075__obj_003.png,ow,1.0,224.0,1,ow-0075,,data/metadata/dartis_positive_verifier_crops.csv,1,train,29.774038588656285,221.0,,,224.0
,OIL::ow-0075::ow-0075__obj_004,CONFIRMED_OIL,,,data/external/dartis/processed/verifier_positive/ow/ow-0075__obj_004.png,ow,1.0,224.0,1,ow-0075,,data/metadata/dartis_positive_verifier_crops.csv,1,train,27.081229140116168,219.0,,,224.0
,OIL::ow-0075::ow-0075__obj_005,CONFIRMED_OIL,,,data/external/dartis/processed/verifier_positive/ow/ow-0075__obj_005.png,ow,1.0,224.0,1,ow-0075,,data/metadata/dartis_positive_verifier_crops.csv,1,train,29.198991985305017,226.0,,,224.0
,OIL::ow-0075::ow-0075__obj_006,CONFIRMED_OIL,,,data/external/dartis/processed/verifier_positive/ow/ow-0075__obj_006.png,ow,1.0,224.0,1,ow-0075,,data/metadata/dartis_positive_verifier_crops.csv,1,train,25.52664098335004,200.0,,,224.0
,OIL::ow-0075::ow-0075__obj_008,CONFIRMED_OIL,,,data/external/dartis/processed/verifier_positive/ow/ow-0075__obj_008.png,ow,1.0,224.0,1,ow-0075,,data/metadata/dartis_positive_verifier_crops.csv,1,train,26.0521316651668,216.0,,,224.0
,OIL::ow-0076::ow-0076__obj_001,CONFIRMED_OIL,,,data/external/dartis/processed/verifier_positive/ow/ow-0076__obj_001.png,ow,1.0,224.0,1,ow-0076,,data/metadata/dartis_positive_verifier_crops.csv,1,train,30.825739391965723,219.0,,,224.0
,OIL::ow-0077::ow-0077__obj_001,CONFIRMED_OIL,,,data/external/dartis/processed/verifier_positive/ow/ow-0077__obj_001.png,ow,1.0,224.0,1,ow-0077,,data/metadata/dartis_positive_verifier_crops.csv,1,train,28.315258097837123,223.0,,,224.0
,OIL::ow-0077::ow-0077__obj_002,CONFIRMED_OIL,,,data/external/dartis/processed/verifier_positive/ow/ow-0077__obj_002.png,ow,1.0,224.0,1,ow-0077,,data/metadata/dartis_positive_verifier_crops.csv,1,train,29.58216447380543,219.0,,,224.0
,OIL::ow-0077::ow-0077__obj_003,CONFIRMED_OIL,,,data/external/dartis/processed/verifier_positive/ow/ow-0077__obj_003.png,ow,1.0,224.0,1,ow-0077,,data/metadata/dartis_positive_verifier_crops.csv,1,train,26.41685503964469,203.0,,,224.0
,OIL::ow-0078::ow-0078__obj_001,CONFIRMED_OIL,,,data/external/dartis/processed/verifier_positive/ow/ow-0078__obj_001.png,ow,1.0,224.0,1,ow-0078,,data/metadata/dartis_positive_verifier_crops.csv,1,calibration,12.56987849903692,97.0,,,224.0
,OIL::ow-0078::ow-0078__obj_002,CONFIRMED_OIL,,,data/external/dartis/processed/verifier_positive/ow/ow-0078__obj_002.png,ow,1.0,224.0,1,ow-0078,,data/metadata/dartis_positive_verifier_crops.csv,1,calibration,13.107589808183423,99.0,,,224.0
,OIL::ow-0078::ow-0078__obj_003,CONFIRMED_OIL,,,data/external/dartis/processed/verifier_positive/ow/ow-0078__obj_003.png,ow,1.0,224.0,1,ow-0078,,data/metadata/dartis_positive_verifier_crops.csv,1,calibration,14.06251171109631,103.0,,,224.0
,OIL::ow-0078::ow-0078__obj_004,CONFIRMED_OIL,,,data/external/dartis/processed/verifier_positive/ow/ow-0078__obj_004.png,ow,1.0,224.0,1,ow-0078,,data/metadata/dartis_positive_verifier_crops.csv,1,calibration,14.407657417413027,136.0,,,224.0
,OIL::ow-0078::ow-0078__obj_005,CONFIRMED_OIL,,,data/external/dartis/processed/verifier_positive/ow/ow-0078__obj_005.png,ow,1.0,224.0,1,ow-0078,,data/metadata/dartis_positive_verifier_crops.csv,1,calibration,14.364411790074062,104.0,,,224.0
,OIL::ow-0079::ow-0079__obj_001,CONFIRMED_OIL,,,data/external/dartis/processed/verifier_positive/ow/ow-0079__obj_001.png,ow,1.0,224.0,1,ow-0079,,data/metadata/dartis_positive_verifier_crops.csv,1,train,23.09919020000096,178.0,,,224.0
,OIL::ow-0079::ow-0079__obj_002,CONFIRMED_OIL,,,data/external/dartis/processed/verifier_positive/ow/ow-0079__obj_002.png,ow,1.0,224.0,1,ow-0079,,data/metadata/dartis_positive_verifier_crops.csv,1,train,22.69561083487583,174.0,,,224.0
,OIL::ow-0079::ow-0079__obj_003,CONFIRMED_OIL,,,data/external/dartis/processed/verifier_positive/ow/ow-0079__obj_003.png,ow,1.0,224.0,1,ow-0079,,data/metadata/dartis_positive_verifier_crops.csv,1,train,20.049022542332334,178.0,,,224.0
,OIL::ow-0079::ow-0079__obj_005,CONFIRMED_OIL,,,data/external/dartis/processed/verifier_positive/ow/ow-0079__obj_005.png,ow,1.0,224.0,1,ow-0079,,data/metadata/dartis_positive_verifier_crops.csv,1,train,22.480746773444345,177.0,,,224.0
,OIL::ow-0079::ow-0079__obj_006,CONFIRMED_OIL,,,data/external/dartis/processed/verifier_positive/ow/ow-0079__obj_006.png,ow,1.0,224.0,1,ow-0079,,data/metadata/dartis_positive_verifier_crops.csv,1,train,19.996126076661778,186.0,,,224.0
,OIL::ow-0079::ow-0079__obj_007,CONFIRMED_OIL,,,data/external/dartis/processed/verifier_positive/ow/ow-0079__obj_007.png,ow,1.0,224.0,1,ow-0079,,data/metadata/dartis_positive_verifier_crops.csv,1,train,20.049022542332334,178.0,,,224.0
,OIL::ow-0079::ow-0079__obj_009,CONFIRMED_OIL,,,data/external/dartis/processed/verifier_positive/ow/ow-0079__obj_009.png,ow,1.0,224.0,1,ow-0079,,data/metadata/dartis_positive_verifier_crops.csv,1,train,19.996126076661778,186.0,,,224.0
,OIL::ow-0079::ow-0079__obj_010,CONFIRMED_OIL,,,data/external/dartis/processed/verifier_positive/ow/ow-0079__obj_010.png,ow,1.0,224.0,1,ow-0079,,data/metadata/dartis_positive_verifier_crops.csv,1,train,19.960486763740384,172.0,,,224.0
,OIL::ow-0080::ow-0080__obj_001,CONFIRMED_OIL,,,data/external/dartis/processed/verifier_positive/ow/ow-0080__obj_001.png,ow,1.0,224.0,1,ow-0080,,data/metadata/dartis_positive_verifier_crops.csv,1,train,28.50085395266648,225.0,,,224.0
,OIL::ow-0080::ow-0080__obj_002,CONFIRMED_OIL,,,data/external/dartis/processed/verifier_positive/ow/ow-0080__obj_002.png,ow,1.0,224.0,1,ow-0080,,data/metadata/dartis_positive_verifier_crops.csv,1,train,28.28855009532601,227.0,,,224.0
,OIL::ow-0080::ow-0080__obj_003,CONFIRMED_OIL,,,data/external/dartis/processed/verifier_positive/ow/ow-0080__obj_003.png,ow,1.0,224.0,1,ow-0080,,data/metadata/dartis_positive_verifier_crops.csv,1,train,27.11166889560549,223.0,,,224.0
,OIL::ow-0080::ow-0080__obj_004,CONFIRMED_OIL,,,data/external/dartis/processed/verifier_positive/ow/ow-0080__obj_004.png,ow,1.0,224.0,1,ow-0080,,data/metadata/dartis_positive_verifier_crops.csv,1,train,27.62136922614712,225.0,,,224.0
,OIL::ow-0081::ow-0081__obj_001,CONFIRMED_OIL,,,data/external/dartis/processed/verifier_positive/ow/ow-0081__obj_001.png,ow,1.0,224.0,1,ow-0081,,data/metadata/dartis_positive_verifier_crops.csv,1,train,29.143800613238387,218.0,,,224.0
,OIL::ow-0081::ow-0081__obj_002,CONFIRMED_OIL,,,data/external/dartis/processed/verifier_positive/ow/ow-0081__obj_002.png,ow,1.0,224.0,1,ow-0081,,data/metadata/dartis_positive_verifier_crops.csv,1,train,28.65379509167504,219.0,,,224.0
,OIL::ow-0082::ow-0082__obj_001,CONFIRMED_OIL,,,data/external/dartis/processed/verifier_positive/ow/ow-0082__obj_001.png,ow,1.0,224.0,1,ow-0082,,data/metadata/dartis_positive_verifier_crops.csv,1,train,14.72390768901364,119.0,,,224.0
,OIL::ow-0082::ow-0082__obj_002,CONFIRMED_OIL,,,data/external/dartis/processed/verifier_positive/ow/ow-0082__obj_002.png,ow,1.0,224.0,1,ow-0082,,data/metadata/dartis_positive_verifier_crops.csv,1,train,13.25225807311688,113.0,,,224.0
,OIL::ow-0083::ow-0083__obj_001,CONFIRMED_OIL,,,data/external/dartis/processed/verifier_positive/ow/ow-0083__obj_001.png,ow,1.0,224.0,1,ow-0083,,data/metadata/dartis_positive_verifier_crops.csv,1,train,28.19827158697224,200.0,,,224.0
,OIL::ow-0083::ow-0083__obj_002,CONFIRMED_OIL,,,data/external/dartis/processed/verifier_positive/ow/ow-0083__obj_002.png,ow,1.0,224.0,1,ow-0083,,data/metadata/dartis_positive_verifier_crops.csv,1,train,28.84898560680232,203.0,,,224.0
,OIL::ow-0083::ow-0083__obj_003,CONFIRMED_OIL,,,data/external/dartis/processed/verifier_positive/ow/ow-0083__obj_003.png,ow,1.0,224.0,1,ow-0083,,data/metadata/dartis_positive_verifier_crops.csv,1,train,29.508091414667614,214.0,,,224.0
,OIL::ow-0083::ow-0083__obj_004,CONFIRMED_OIL,,,data/external/dartis/processed/verifier_positive/ow/ow-0083__obj_004.png,ow,1.0,224.0,1,ow-0083,,data/metadata/dartis_positive_verifier_crops.csv,1,train,26.98266644578013,204.0,,,224.0
,OIL::ow-0083::ow-0083__obj_005,CONFIRMED_OIL,,,data/external/dartis/processed/verifier_positive/ow/ow-0083__obj_005.png,ow,1.0,224.0,1,ow-0083,,data/metadata/dartis_positive_verifier_crops.csv,1,train,28.25564927099855,207.0,,,224.0
,OIL::ow-0083::ow-0083__obj_006,CONFIRMED_OIL,,,data/external/dartis/processed/verifier_positive/ow/ow-0083__obj_006.png,ow,1.0,224.0,1,ow-0083,,data/metadata/dartis_positive_verifier_crops.csv,1,train,29.359745307054546,211.0,,,224.0
,OIL::ow-0083::ow-0083__obj_007,CONFIRMED_OIL,,,data/external/dartis/processed/verifier_positive/ow/ow-0083__obj_007.png,ow,1.0,224.0,1,ow-0083,,data/metadata/dartis_positive_verifier_crops.csv,1,train,29.78813345998515,204.0,,,224.0
,OIL::ow-0083::ow-0083__obj_008,CONFIRMED_OIL,,,data/external/dartis/processed/verifier_positive/ow/ow-0083__obj_008.png,ow,1.0,224.0,1,ow-0083,,data/metadata/dartis_positive_verifier_crops.csv,1,train,31.68774919220192,207.0,,,224.0
,OIL::ow-0084::ow-0084__obj_001,CONFIRMED_OIL,,,data/external/dartis/processed/verifier_positive/ow/ow-0084__obj_001.png,ow,1.0,224.0,1,ow-0084,,data/metadata/dartis_positive_verifier_crops.csv,1,train,32.32983950670052,241.0,,,224.0
,OIL::ow-0085::ow-0085__obj_001,CONFIRMED_OIL,,,data/external/dartis/processed/verifier_positive/ow/ow-0085__obj_001.png,ow,1.0,224.0,1,ow-0085,,data/metadata/dartis_positive_verifier_crops.csv,1,train,21.383238544019697,177.0,,,224.0
,OIL::ow-0085::ow-0085__obj_002,CONFIRMED_OIL,,,data/external/dartis/processed/verifier_positive/ow/ow-0085__obj_002.png,ow,1.0,224.0,1,ow-0085,,data/metadata/dartis_positive_verifier_crops.csv,1,train,20.093919689677232,174.0,,,224.0
,OIL::ow-0086::ow-0086__obj_001,CONFIRMED_OIL,,,data/external/dartis/processed/verifier_positive/ow/ow-0086__obj_001.png,ow,1.0,224.0,1,ow-0086,,data/metadata/dartis_positive_verifier_crops.csv,1,train,34.35813670843128,238.0,,,224.0
,OIL::ow-0087::ow-0087__obj_001,CONFIRMED_OIL,,,data/external/dartis/processed/verifier_positive/ow/ow-0087__obj_001.png,ow,1.0,224.0,1,ow-0087,,data/metadata/dartis_positive_verifier_crops.csv,1,train,30.319729486759854,196.0,,,224.0
,OIL::ow-0088::ow-0088__obj_001,CONFIRMED_OIL,,,data/external/dartis/processed/verifier_positive/ow/ow-0088__obj_001.png,ow,1.0,224.0,1,ow-0088,,data/metadata/dartis_positive_verifier_crops.csv,1,train,22.365937829355207,186.0,,,224.0
,OIL::ow-0088::ow-0088__obj_002,CONFIRMED_OIL,,,data/external/dartis/processed/verifier_positive/ow/ow-0088__obj_002.png,ow,1.0,224.0,1,ow-0088,,data/metadata/dartis_positive_verifier_crops.csv,1,train,29.795149689427348,210.0,,,224.0
,OIL::ow-0089::ow-0089__obj_001,CONFIRMED_OIL,,,data/external/dartis/processed/verifier_positive/ow/ow-0089__obj_001.png,ow,1.0,224.0,1,ow-0089,,data/metadata/dartis_positive_verifier_crops.csv,1,calibration,24.73157852662371,199.0,,,224.0
,OIL::ow-0089::ow-0089__obj_002,CONFIRMED_OIL,,,data/external/dartis/processed/verifier_positive/ow/ow-0089__obj_002.png,ow,1.0,224.0,1,ow-0089,,data/metadata/dartis_positive_verifier_crops.csv,1,calibration,35.201148698627264,236.0,,,224.0
,OIL::ow-0089::ow-0089__obj_003,CONFIRMED_OIL,,,data/external/dartis/processed/verifier_positive/ow/ow-0089__obj_003.png,ow,1.0,224.0,1,ow-0089,,data/metadata/dartis_positive_verifier_crops.csv,1,calibration,23.64293736784606,185.0,,,224.0
,OIL::ow-0090::ow-0090__obj_001,CONFIRMED_OIL,,,data/external/dartis/processed/verifier_positive/ow/ow-0090__obj_001.png,ow,1.0,224.0,1,ow-0090,,data/metadata/dartis_positive_verifier_crops.csv,1,train,26.918646674484908,192.0,,,224.0
,OIL::ow-0090::ow-0090__obj_002,CONFIRMED_OIL,,,data/external/dartis/processed/verifier_positive/ow/ow-0090__obj_002.png,ow,1.0,224.0,1,ow-0090,,data/metadata/dartis_positive_verifier_crops.csv,1,train,21.12373620508186,168.0,,,224.0
,OIL::ow-0091::ow-0091__obj_001,CONFIRMED_OIL,,,data/external/dartis/processed/verifier_positive/ow/ow-0091__obj_001.png,ow,1.0,224.0,1,ow-0091,,data/metadata/dartis_positive_verifier_crops.csv,1,train,23.735350136948057,179.0,,,224.0
,OIL::ow-0091::ow-0091__obj_002,CONFIRMED_OIL,,,data/external/dartis/processed/verifier_positive/ow/ow-0091__obj_002.png,ow,1.0,224.0,1,ow-0091,,data/metadata/dartis_positive_verifier_crops.csv,1,train,23.45687836638576,177.0,,,224.0
,OIL::ow-0092::ow-0092__obj_001,CONFIRMED_OIL,,,data/external/dartis/processed/verifier_positive/ow/ow-0092__obj_001.png,ow,1.0,224.0,1,ow-0092,,data/metadata/dartis_positive_verifier_crops.csv,1,train,23.818962445224027,172.0,,,224.0
,OIL::ow-0092::ow-0092__obj_002,CONFIRMED_OIL,,,data/external/dartis/processed/verifier_positive/ow/ow-0092__obj_002.png,ow,1.0,224.0,1,ow-0092,,data/metadata/dartis_positive_verifier_crops.csv,1,train,22.93330381263992,157.0,,,224.0
,OIL::ow-0092::ow-0092__obj_003,CONFIRMED_OIL,,,data/external/dartis/processed/verifier_positive/ow/ow-0092__obj_003.png,ow,1.0,224.0,1,ow-0092,,data/metadata/dartis_positive_verifier_crops.csv,1,train,21.391769081533823,169.0,,,224.0
,OIL::ow-0093::ow-0093__obj_001,CONFIRMED_OIL,,,data/external/dartis/processed/verifier_positive/ow/ow-0093__obj_001.png,ow,1.0,224.0,1,ow-0093,,data/metadata/dartis_positive_verifier_crops.csv,1,train,30.222201387759192,211.0,,,224.0
,OIL::ow-0093::ow-0093__obj_002,CONFIRMED_OIL,,,data/external/dartis/processed/verifier_positive/ow/ow-0093__obj_002.png,ow,1.0,224.0,1,ow-0093,,data/metadata/dartis_positive_verifier_crops.csv,1,train,27.09479953066114,216.0,,,224.0
,OIL::ow-0094::ow-0094__obj_001,CONFIRMED_OIL,,,data/external/dartis/processed/verifier_positive/ow/ow-0094__obj_001.png,ow,1.0,224.0,1,ow-0094,,data/metadata/dartis_positive_verifier_crops.csv,1,train,10.161195319229805,89.0,,,224.0
,OIL::ow-0095::ow-0095__obj_001,CONFIRMED_OIL,,,data/external/dartis/processed/verifier_positive/ow/ow-0095__obj_001.png,ow,1.0,224.0,1,ow-0095,,data/metadata/dartis_positive_verifier_crops.csv,1,train,13.112451410102434,117.0,,,224.0
,OIL::ow-0096::ow-0096__obj_001,CONFIRMED_OIL,,,data/external/dartis/processed/verifier_positive/ow/ow-0096__obj_001.png,ow,1.0,224.0,1,ow-0096,,data/metadata/dartis_positive_verifier_crops.csv,1,train,23.16916078448622,159.0,,,224.0
,OIL::ow-0096::ow-0096__obj_002,CONFIRMED_OIL,,,data/external/dartis/processed/verifier_positive/ow/ow-0096__obj_002.png,ow,1.0,224.0,1,ow-0096,,data/metadata/dartis_positive_verifier_crops.csv,1,train,24.473994575931897,162.0,,,224.0
,OIL::ow-0096::ow-0096__obj_003,CONFIRMED_OIL,,,data/external/dartis/processed/verifier_positive/ow/ow-0096__obj_003.png,ow,1.0,224.0,1,ow-0096,,data/metadata/dartis_positive_verifier_crops.csv,1,train,22.042305618429207,155.0,,,224.0
,OIL::ow-0097::ow-0097__obj_001,CONFIRMED_OIL,,,data/external/dartis/processed/verifier_positive/ow/ow-0097__obj_001.png,ow,1.0,224.0,1,ow-0097,,data/metadata/dartis_positive_verifier_crops.csv,1,calibration,10.643861870416238,101.0,,,224.0
,OIL::ow-0097::ow-0097__obj_002,CONFIRMED_OIL,,,data/external/dartis/processed/verifier_positive/ow/ow-0097__obj_002.png,ow,1.0,224.0,1,ow-0097,,data/metadata/dartis_positive_verifier_crops.csv,1,calibration,10.412604148041456,107.0,,,224.0
,OIL::ow-0097::ow-0097__obj_003,CONFIRMED_OIL,,,data/external/dartis/processed/verifier_positive/ow/ow-0097__obj_003.png,ow,1.0,224.0,1,ow-0097,,data/metadata/dartis_positive_verifier_crops.csv,1,calibration,14.914111943357703,114.0,,,224.0
,OIL::ow-0098::ow-0098__obj_001,CONFIRMED_OIL,,,data/external/dartis/processed/verifier_positive/ow/ow-0098__obj_001.png,ow,1.0,224.0,1,ow-0098,,data/metadata/dartis_positive_verifier_crops.csv,1,train,30.1780422334014,224.0,,,224.0
,OIL::ow-0099::ow-0099__obj_001,CONFIRMED_OIL,,,data/external/dartis/processed/verifier_positive/ow/ow-0099__obj_001.png,ow,1.0,224.0,1,ow-0099,,data/metadata/dartis_positive_verifier_crops.csv,1,train,15.86161576835729,158.0,,,224.0
,OIL::ow-0099::ow-0099__obj_002,CONFIRMED_OIL,,,data/external/dartis/processed/verifier_positive/ow/ow-0099__obj_002.png,ow,1.0,224.0,1,ow-0099,,data/metadata/dartis_positive_verifier_crops.csv,1,train,13.03715023205144,148.0,,,224.0
,OIL::ow-0099::ow-0099__obj_003,CONFIRMED_OIL,,,data/external/dartis/processed/verifier_positive/ow/ow-0099__obj_003.png,ow,1.0,224.0,1,ow-0099,,data/metadata/dartis_positive_verifier_crops.csv,1,train,30.575562443665635,213.0,,,224.0
,OIL::ow-0100::ow-0100__obj_001,CONFIRMED_OIL,,,data/external/dartis/processed/verifier_positive/ow/ow-0100__obj_001.png,ow,1.0,224.0,1,ow-0100,,data/metadata/dartis_positive_verifier_crops.csv,1,calibration,22.42548958008664,190.0,,,224.0
,OIL::ow-0100::ow-0100__obj_002,CONFIRMED_OIL,,,data/external/dartis/processed/verifier_positive/ow/ow-0100__obj_002.png,ow,1.0,224.0,1,ow-0100,,data/metadata/dartis_positive_verifier_crops.csv,1,calibration,28.73515377490542,220.0,,,224.0
,OIL::ow-0101::ow-0101__obj_001,CONFIRMED_OIL,,,data/external/dartis/processed/verifier_positive/ow/ow-0101__obj_001.png,ow,1.0,224.0,1,ow-0101,,data/metadata/dartis_positive_verifier_crops.csv,1,train,17.491474562585193,169.0,,,224.0
,OIL::ow-0102::ow-0102__obj_001,CONFIRMED_OIL,,,data/external/dartis/processed/verifier_positive/ow/ow-0102__obj_001.png,ow,1.0,224.0,1,ow-0102,,data/metadata/dartis_positive_verifier_crops.csv,1,train,28.39870154548809,206.0,,,224.0
,OIL::ow-0103::ow-0103__obj_001,CONFIRMED_OIL,,,data/external/dartis/processed/verifier_positive/ow/ow-0103__obj_001.png,ow,1.0,224.0,1,ow-0103,,data/metadata/dartis_positive_verifier_crops.csv,1,train,17.127520528219833,161.0,,,224.0
,OIL::ow-0103::ow-0103__obj_002,CONFIRMED_OIL,,,data/external/dartis/processed/verifier_positive/ow/ow-0103__obj_002.png,ow,1.0,224.0,1,ow-0103,,data/metadata/dartis_positive_verifier_crops.csv,1,train,21.51512492344585,190.0,,,224.0
,OIL::ow-0103::ow-0103__obj_003,CONFIRMED_OIL,,,data/external/dartis/processed/verifier_positive/ow/ow-0103__obj_003.png,ow,1.0,224.0,1,ow-0103,,data/metadata/dartis_positive_verifier_crops.csv,1,train,17.127520528219833,161.0,,,224.0
,OIL::ow-0104::ow-0104__obj_001,CONFIRMED_OIL,,,data/external/dartis/processed/verifier_positive/ow/ow-0104__obj_001.png,ow,1.0,224.0,1,ow-0104,,data/metadata/dartis_positive_verifier_crops.csv,1,train,29.62351329530833,219.0,,,224.0
,OIL::ow-0104::ow-0104__obj_002,CONFIRMED_OIL,,,data/external/dartis/processed/verifier_positive/ow/ow-0104__obj_002.png,ow,1.0,224.0,1,ow-0104,,data/metadata/dartis_positive_verifier_crops.csv,1,train,28.05501473201689,221.0,,,224.0
,OIL::ow-0104::ow-0104__obj_003,CONFIRMED_OIL,,,data/external/dartis/processed/verifier_positive/ow/ow-0104__obj_003.png,ow,1.0,224.0,1,ow-0104,,data/metadata/dartis_positive_verifier_crops.csv,1,train,22.83207676762736,188.0,,,224.0
,OIL::ow-0105::ow-0105__obj_001,CONFIRMED_OIL,,,data/external/dartis/processed/verifier_positive/ow/ow-0105__obj_001.png,ow,1.0,224.0,1,ow-0105,,data/metadata/dartis_positive_verifier_crops.csv,1,train,25.684066833628485,217.0,,,224.0
,OIL::ow-0105::ow-0105__obj_002,CONFIRMED_OIL,,,data/external/dartis/processed/verifier_positive/ow/ow-0105__obj_002.png,ow,1.0,224.0,1,ow-0105,,data/metadata/dartis_positive_verifier_crops.csv,1,train,27.41496086466911,218.0,,,224.0
,OIL::ow-0106::ow-0106__obj_001,CONFIRMED_OIL,,,data/external/dartis/processed/verifier_positive/ow/ow-0106__obj_001.png,ow,1.0,224.0,1,ow-0106,,data/metadata/dartis_positive_verifier_crops.csv,1,train,23.3834328463924,170.0,,,224.0
,OIL::ow-0106::ow-0106__obj_002,CONFIRMED_OIL,,,data/external/dartis/processed/verifier_positive/ow/ow-0106__obj_002.png,ow,1.0,224.0,1,ow-0106,,data/metadata/dartis_positive_verifier_crops.csv,1,train,23.18294021264817,166.0,,,224.0
,OIL::ow-0106::ow-0106__obj_003,CONFIRMED_OIL,,,data/external/dartis/processed/verifier_positive/ow/ow-0106__obj_003.png,ow,1.0,224.0,1,ow-0106,,data/metadata/dartis_positive_verifier_crops.csv,1,train,24.693273669973998,185.0,,,224.0
,OIL::ow-0106::ow-0106__obj_004,CONFIRMED_OIL,,,data/external/dartis/processed/verifier_positive/ow/ow-0106__obj_004.png,ow,1.0,224.0,1,ow-0106,,data/metadata/dartis_positive_verifier_crops.csv,1,train,17.104327463625516,122.0,,,224.0
,OIL::ow-0106::ow-0106__obj_005,CONFIRMED_OIL,,,data/external/dartis/processed/verifier_positive/ow/ow-0106__obj_005.png,ow,1.0,224.0,1,ow-0106,,data/metadata/dartis_positive_verifier_crops.csv,1,train,24.03162184696542,172.0,,,224.0
,OIL::ow-0106::ow-0106__obj_006,CONFIRMED_OIL,,,data/external/dartis/processed/verifier_positive/ow/ow-0106__obj_006.png,ow,1.0,224.0,1,ow-0106,,data/metadata/dartis_positive_verifier_crops.csv,1,train,24.445425181145527,162.0,,,224.0
,OIL::ow-0106::ow-0106__obj_007,CONFIRMED_OIL,,,data/external/dartis/processed/verifier_positive/ow/ow-0106__obj_007.png,ow,1.0,224.0,1,ow-0106,,data/metadata/dartis_positive_verifier_crops.csv,1,train,24.951771095604933,160.0,,,224.0
,OIL::ow-0106::ow-0106__obj_008,CONFIRMED_OIL,,,data/external/dartis/processed/verifier_positive/ow/ow-0106__obj_008.png,ow,1.0,224.0,1,ow-0106,,data/metadata/dartis_positive_verifier_crops.csv,1,train,26.31701064350896,171.0,,,224.0
,OIL::ow-0106::ow-0106__obj_009,CONFIRMED_OIL,,,data/external/dartis/processed/verifier_positive/ow/ow-0106__obj_009.png,ow,1.0,224.0,1,ow-0106,,data/metadata/dartis_positive_verifier_crops.csv,1,train,26.398213156666205,173.0,,,224.0
,OIL::ow-0107::ow-0107__obj_001,CONFIRMED_OIL,,,data/external/dartis/processed/verifier_positive/ow/ow-0107__obj_001.png,ow,1.0,224.0,1,ow-0107,,data/metadata/dartis_positive_verifier_crops.csv,1,calibration,11.948994588525895,109.0,,,224.0
,OIL::ow-0107::ow-0107__obj_002,CONFIRMED_OIL,,,data/external/dartis/processed/verifier_positive/ow/ow-0107__obj_002.png,ow,1.0,224.0,1,ow-0107,,data/metadata/dartis_positive_verifier_crops.csv,1,calibration,12.578560995913245,105.0,,,224.0
,OIL::ow-0107::ow-0107__obj_003,CONFIRMED_OIL,,,data/external/dartis/processed/verifier_positive/ow/ow-0107__obj_003.png,ow,1.0,224.0,1,ow-0107,,data/metadata/dartis_positive_verifier_crops.csv,1,calibration,15.125522260147164,109.0,,,224.0
,OIL::ow-0107::ow-0107__obj_004,CONFIRMED_OIL,,,data/external/dartis/processed/verifier_positive/ow/ow-0107__obj_004.png,ow,1.0,224.0,1,ow-0107,,data/metadata/dartis_positive_verifier_crops.csv,1,calibration,13.578438369587758,98.0,,,224.0
,OIL::ow-0108::ow-0108__obj_001,CONFIRMED_OIL,,,data/external/dartis/processed/verifier_positive/ow/ow-0108__obj_001.png,ow,1.0,224.0,1,ow-0108,,data/metadata/dartis_positive_verifier_crops.csv,1,train,27.56768110858189,223.0,,,224.0
,OIL::ow-0109::ow-0109__obj_001,CONFIRMED_OIL,,,data/external/dartis/processed/verifier_positive/ow/ow-0109__obj_001.png,ow,1.0,224.0,1,ow-0109,,data/metadata/dartis_positive_verifier_crops.csv,1,train,24.418456356544787,153.0,,,224.0
,OIL::ow-0110::ow-0110__obj_001,CONFIRMED_OIL,,,data/external/dartis/processed/verifier_positive/ow/ow-0110__obj_001.png,ow,1.0,224.0,1,ow-0110,,data/metadata/dartis_positive_verifier_crops.csv,1,train,25.431845830260592,203.0,,,224.0
,OIL::ow-0111::ow-0111__obj_001,CONFIRMED_OIL,,,data/external/dartis/processed/verifier_positive/ow/ow-0111__obj_001.png,ow,1.0,224.0,1,ow-0111,,data/metadata/dartis_positive_verifier_crops.csv,1,train,36.464116237946286,212.0,,,224.0
,OIL::ow-0111::ow-0111__obj_002,CONFIRMED_OIL,,,data/external/dartis/processed/verifier_positive/ow/ow-0111__obj_002.png,ow,1.0,224.0,1,ow-0111,,data/metadata/dartis_positive_verifier_crops.csv,1,train,33.15912765517761,207.0,,,224.0
,OIL::ow-0112::ow-0112__obj_001,CONFIRMED_OIL,,,data/external/dartis/processed/verifier_positive/ow/ow-0112__obj_001.png,ow,1.0,224.0,1,ow-0112,,data/metadata/dartis_positive_verifier_crops.csv,1,train,34.69594167656884,215.0,,,224.0
,OIL::ow-0113::ow-0113__obj_001,CONFIRMED_OIL,,,data/external/dartis/processed/verifier_positive/ow/ow-0113__obj_001.png,ow,1.0,224.0,1,ow-0113,,data/metadata/dartis_positive_verifier_crops.csv,1,train,40.38928186663149,224.0,,,224.0
,OIL::ow-0113::ow-0113__obj_002,CONFIRMED_OIL,,,data/external/dartis/processed/verifier_positive/ow/ow-0113__obj_002.png,ow,1.0,224.0,1,ow-0113,,data/metadata/dartis_positive_verifier_crops.csv,1,train,25.55165011682617,205.0,,,224.0
,OIL::ow-0113::ow-0113__obj_003,CONFIRMED_OIL,,,data/external/dartis/processed/verifier_positive/ow/ow-0113__obj_003.png,ow,1.0,224.0,1,ow-0113,,data/metadata/dartis_positive_verifier_crops.csv,1,train,24.903648960206137,203.0,,,224.0
,OIL::ow-0113::ow-0113__obj_004,CONFIRMED_OIL,,,data/external/dartis/processed/verifier_positive/ow/ow-0113__obj_004.png,ow,1.0,224.0,1,ow-0113,,data/metadata/dartis_positive_verifier_crops.csv,1,train,23.87246425946515,200.0,,,224.0
,OIL::ow-0113::ow-0113__obj_005,CONFIRMED_OIL,,,data/external/dartis/processed/verifier_positive/ow/ow-0113__obj_005.png,ow,1.0,224.0,1,ow-0113,,data/metadata/dartis_positive_verifier_crops.csv,1,train,33.24755614372995,218.0,,,224.0
,OIL::ow-0114::ow-0114__obj_001,CONFIRMED_OIL,,,data/external/dartis/processed/verifier_positive/ow/ow-0114__obj_001.png,ow,1.0,224.0,1,ow-0114,,data/metadata/dartis_positive_verifier_crops.csv,1,train,13.37240424928146,113.0,,,224.0
,OIL::ow-0115::ow-0115__obj_001,CONFIRMED_OIL,,,data/external/dartis/processed/verifier_positive/ow/ow-0115__obj_001.png,ow,1.0,224.0,1,ow-0115,,data/metadata/dartis_positive_verifier_crops.csv,1,train,26.078939475383795,213.0,,,224.0
,OIL::ow-0115::ow-0115__obj_002,CONFIRMED_OIL,,,data/external/dartis/processed/verifier_positive/ow/ow-0115__obj_002.png,ow,1.0,224.0,1,ow-0115,,data/metadata/dartis_positive_verifier_crops.csv,1,train,30.394513885096124,232.0,,,224.0
,OIL::ow-0116::ow-0116__obj_001,CONFIRMED_OIL,,,data/external/dartis/processed/verifier_positive/ow/ow-0116__obj_001.png,ow,1.0,224.0,1,ow-0116,,data/metadata/dartis_positive_verifier_crops.csv,1,train,22.42032549686524,184.0,,,224.0
,OIL::ow-0116::ow-0116__obj_002,CONFIRMED_OIL,,,data/external/dartis/processed/verifier_positive/ow/ow-0116__obj_002.png,ow,1.0,224.0,1,ow-0116,,data/metadata/dartis_positive_verifier_crops.csv,1,train,21.038935936135008,195.0,,,224.0
,OIL::ow-0116::ow-0116__obj_003,CONFIRMED_OIL,,,data/external/dartis/processed/verifier_positive/ow/ow-0116__obj_003.png,ow,1.0,224.0,1,ow-0116,,data/metadata/dartis_positive_verifier_crops.csv,1,train,21.682327012982995,203.0,,,224.0
,OIL::ow-0116::ow-0116__obj_004,CONFIRMED_OIL,,,data/external/dartis/processed/verifier_positive/ow/ow-0116__obj_004.png,ow,1.0,224.0,1,ow-0116,,data/metadata/dartis_positive_verifier_crops.csv,1,train,22.40539360803492,198.0,,,224.0
,OIL::ow-0116::ow-0116__obj_005,CONFIRMED_OIL,,,data/external/dartis/processed/verifier_positive/ow/ow-0116__obj_005.png,ow,1.0,224.0,1,ow-0116,,data/metadata/dartis_positive_verifier_crops.csv,1,train,22.35338373834551,187.0,,,224.0
,OIL::ow-0117::ow-0117__obj_001,CONFIRMED_OIL,,,data/external/dartis/processed/verifier_positive/ow/ow-0117__obj_001.png,ow,1.0,224.0,1,ow-0117,,data/metadata/dartis_positive_verifier_crops.csv,1,train,19.60437005562765,174.0,,,224.0
,OIL::ow-0117::ow-0117__obj_002,CONFIRMED_OIL,,,data/external/dartis/processed/verifier_positive/ow/ow-0117__obj_002.png,ow,1.0,224.0,1,ow-0117,,data/metadata/dartis_positive_verifier_crops.csv,1,train,24.78011511534806,192.0,,,224.0
,OIL::ow-0117::ow-0117__obj_003,CONFIRMED_OIL,,,data/external/dartis/processed/verifier_positive/ow/ow-0117__obj_003.png,ow,1.0,224.0,1,ow-0117,,data/metadata/dartis_positive_verifier_crops.csv,1,train,25.88353501907778,198.0,,,224.0
,OIL::ow-0117::ow-0117__obj_004,CONFIRMED_OIL,,,data/external/dartis/processed/verifier_positive/ow/ow-0117__obj_004.png,ow,1.0,224.0,1,ow-0117,,data/metadata/dartis_positive_verifier_crops.csv,1,train,21.873608929696037,175.0,,,224.0
,OIL::ow-0118::ow-0118__obj_001,CONFIRMED_OIL,,,data/external/dartis/processed/verifier_positive/ow/ow-0118__obj_001.png,ow,1.0,224.0,1,ow-0118,,data/metadata/dartis_positive_verifier_crops.csv,1,train,27.44043256679141,216.0,,,224.0
,OIL::ow-0118::ow-0118__obj_002,CONFIRMED_OIL,,,data/external/dartis/processed/verifier_positive/ow/ow-0118__obj_002.png,ow,1.0,224.0,1,ow-0118,,data/metadata/dartis_positive_verifier_crops.csv,1,train,26.04582073426924,199.0,,,224.0
,OIL::ow-0118::ow-0118__obj_003,CONFIRMED_OIL,,,data/external/dartis/processed/verifier_positive/ow/ow-0118__obj_003.png,ow,1.0,224.0,1,ow-0118,,data/metadata/dartis_positive_verifier_crops.csv,1,train,26.47756097222339,226.0,,,224.0
,OIL::ow-0118::ow-0118__obj_004,CONFIRMED_OIL,,,data/external/dartis/processed/verifier_positive/ow/ow-0118__obj_004.png,ow,1.0,224.0,1,ow-0118,,data/metadata/dartis_positive_verifier_crops.csv,1,train,26.06269220384726,212.0,,,224.0
,OIL::ow-0118::ow-0118__obj_005,CONFIRMED_OIL,,,data/external/dartis/processed/verifier_positive/ow/ow-0118__obj_005.png,ow,1.0,224.0,1,ow-0118,,data/metadata/dartis_positive_verifier_crops.csv,1,train,24.778901315853258,216.0,,,224.0
,OIL::ow-0118::ow-0118__obj_006,CONFIRMED_OIL,,,data/external/dartis/processed/verifier_positive/ow/ow-0118__obj_006.png,ow,1.0,224.0,1,ow-0118,,data/metadata/dartis_positive_verifier_crops.csv,1,train,29.908859445072224,211.0,,,224.0
,OIL::ow-0118::ow-0118__obj_007,CONFIRMED_OIL,,,data/external/dartis/processed/verifier_positive/ow/ow-0118__obj_007.png,ow,1.0,224.0,1,ow-0118,,data/metadata/dartis_positive_verifier_crops.csv,1,train,28.32881334358971,212.0,,,224.0
,OIL::ow-0118::ow-0118__obj_008,CONFIRMED_OIL,,,data/external/dartis/processed/verifier_positive/ow/ow-0118__obj_008.png,ow,1.0,224.0,1,ow-0118,,data/metadata/dartis_positive_verifier_crops.csv,1,train,23.781092803398973,200.0,,,224.0
,OIL::ow-0118::ow-0118__obj_009,CONFIRMED_OIL,,,data/external/dartis/processed/verifier_positive/ow/ow-0118__obj_009.png,ow,1.0,224.0,1,ow-0118,,data/metadata/dartis_positive_verifier_crops.csv,1,train,35.720600576946794,226.0,,,224.0
,OIL::ow-0118::ow-0118__obj_010,CONFIRMED_OIL,,,data/external/dartis/processed/verifier_positive/ow/ow-0118__obj_010.png,ow,1.0,224.0,1,ow-0118,,data/metadata/dartis_positive_verifier_crops.csv,1,train,28.2831518832007,213.0,,,224.0
,OIL::ow-0118::ow-0118__obj_011,CONFIRMED_OIL,,,data/external/dartis/processed/verifier_positive/ow/ow-0118__obj_011.png,ow,1.0,224.0,1,ow-0118,,data/metadata/dartis_positive_verifier_crops.csv,1,train,26.92560227151615,194.0,,,224.0
,OIL::ow-0119::ow-0119__obj_001,CONFIRMED_OIL,,,data/external/dartis/processed/verifier_positive/ow/ow-0119__obj_001.png,ow,1.0,224.0,1,ow-0119,,data/metadata/dartis_positive_verifier_crops.csv,1,train,17.412030266510794,151.0,,,224.0
,OIL::ow-0120::ow-0120__obj_001,CONFIRMED_OIL,,,data/external/dartis/processed/verifier_positive/ow/ow-0120__obj_001.png,ow,1.0,224.0,1,ow-0120,,data/metadata/dartis_positive_verifier_crops.csv,1,train,19.81444684336166,122.0,,,224.0
,OIL::ow-0121::ow-0121__obj_001,CONFIRMED_OIL,,,data/external/dartis/processed/verifier_positive/ow/ow-0121__obj_001.png,ow,1.0,224.0,1,ow-0121,,data/metadata/dartis_positive_verifier_crops.csv,1,train,28.92207408111752,182.0,,,224.0
,OIL::ow-0122::ow-0122__obj_001,CONFIRMED_OIL,,,data/external/dartis/processed/verifier_positive/ow/ow-0122__obj_001.png,ow,1.0,224.0,1,ow-0122,,data/metadata/dartis_positive_verifier_crops.csv,1,train,44.5855904462244,236.0,,,224.0
,OIL::ow-0122::ow-0122__obj_002,CONFIRMED_OIL,,,data/external/dartis/processed/verifier_positive/ow/ow-0122__obj_002.png,ow,1.0,224.0,1,ow-0122,,data/metadata/dartis_positive_verifier_crops.csv,1,train,28.430585215946685,219.0,,,224.0
,OIL::ow-0123::ow-0123__obj_001,CONFIRMED_OIL,,,data/external/dartis/processed/verifier_positive/ow/ow-0123__obj_001.png,ow,1.0,224.0,1,ow-0123,,data/metadata/dartis_positive_verifier_crops.csv,1,train,27.806609735609904,213.0,,,224.0
,OIL::ow-0124::ow-0124__obj_001,CONFIRMED_OIL,,,data/external/dartis/processed/verifier_positive/ow/ow-0124__obj_001.png,ow,1.0,224.0,1,ow-0124,,data/metadata/dartis_positive_verifier_crops.csv,1,train,16.206120128602553,144.0,,,224.0
,OIL::ow-0124::ow-0124__obj_002,CONFIRMED_OIL,,,data/external/dartis/processed/verifier_positive/ow/ow-0124__obj_002.png,ow,1.0,224.0,1,ow-0124,,data/metadata/dartis_positive_verifier_crops.csv,1,train,16.21153636932281,131.0,,,224.0
,OIL::ow-0124::ow-0124__obj_003,CONFIRMED_OIL,,,data/external/dartis/processed/verifier_positive/ow/ow-0124__obj_003.png,ow,1.0,224.0,1,ow-0124,,data/metadata/dartis_positive_verifier_crops.csv,1,train,18.11676500638225,140.0,,,224.0
,OIL::ow-0124::ow-0124__obj_004,CONFIRMED_OIL,,,data/external/dartis/processed/verifier_positive/ow/ow-0124__obj_004.png,ow,1.0,224.0,1,ow-0124,,data/metadata/dartis_positive_verifier_crops.csv,1,train,16.934410070409744,130.0,,,224.0
,OIL::ow-0125::ow-0125__obj_001,CONFIRMED_OIL,,,data/external/dartis/processed/verifier_positive/ow/ow-0125__obj_001.png,ow,1.0,224.0,1,ow-0125,,data/metadata/dartis_positive_verifier_crops.csv,1,train,14.85929632437773,188.0,,,224.0
,OIL::ow-0126::ow-0126__obj_001,CONFIRMED_OIL,,,data/external/dartis/processed/verifier_positive/ow/ow-0126__obj_001.png,ow,1.0,224.0,1,ow-0126,,data/metadata/dartis_positive_verifier_crops.csv,1,train,24.194786885602284,217.0,,,224.0
,OIL::ow-0126::ow-0126__obj_002,CONFIRMED_OIL,,,data/external/dartis/processed/verifier_positive/ow/ow-0126__obj_002.png,ow,1.0,224.0,1,ow-0126,,data/metadata/dartis_positive_verifier_crops.csv,1,train,24.81034816782181,215.0,,,224.0
,OIL::ow-0127::ow-0127__obj_001,CONFIRMED_OIL,,,data/external/dartis/processed/verifier_positive/ow/ow-0127__obj_001.png,ow,1.0,224.0,1,ow-0127,,data/metadata/dartis_positive_verifier_crops.csv,1,calibration,24.89462870924787,224.0,,,224.0
,OIL::ow-0128::ow-0128__obj_001,CONFIRMED_OIL,,,data/external/dartis/processed/verifier_positive/ow/ow-0128__obj_001.png,ow,1.0,224.0,1,ow-0128,,data/metadata/dartis_positive_verifier_crops.csv,1,train,16.6187413750356,131.0,,,224.0
,OIL::ow-0129::ow-0129__obj_001,CONFIRMED_OIL,,,data/external/dartis/processed/verifier_positive/ow/ow-0129__obj_001.png,ow,1.0,224.0,1,ow-0129,,data/metadata/dartis_positive_verifier_crops.csv,1,train,15.86651793081024,225.0,,,224.0
,OIL::ow-0130::ow-0130__obj_001,CONFIRMED_OIL,,,data/external/dartis/processed/verifier_positive/ow/ow-0130__obj_001.png,ow,1.0,224.0,1,ow-0130,,data/metadata/dartis_positive_verifier_crops.csv,1,train,26.489992586499916,192.0,,,224.0
,OIL::ow-0130::ow-0130__obj_002,CONFIRMED_OIL,,,data/external/dartis/processed/verifier_positive/ow/ow-0130__obj_002.png,ow,1.0,224.0,1,ow-0130,,data/metadata/dartis_positive_verifier_crops.csv,1,train,27.23368422869405,199.0,,,224.0
,OIL::ow-0130::ow-0130__obj_003,CONFIRMED_OIL,,,data/external/dartis/processed/verifier_positive/ow/ow-0130__obj_003.png,ow,1.0,224.0,1,ow-0130,,data/metadata/dartis_positive_verifier_crops.csv,1,train,24.50688749131655,186.0,,,224.0
,OIL::ow-0131::ow-0131__obj_001,CONFIRMED_OIL,,,data/external/dartis/processed/verifier_positive/ow/ow-0131__obj_001.png,ow,1.0,224.0,1,ow-0131,,data/metadata/dartis_positive_verifier_crops.csv,1,train,25.495057978005217,177.0,,,224.0
,OIL::ow-0132::ow-0132__obj_001,CONFIRMED_OIL,,,data/external/dartis/processed/verifier_positive/ow/ow-0132__obj_001.png,ow,1.0,224.0,1,ow-0132,,data/metadata/dartis_positive_verifier_crops.csv,1,train,13.380470971095091,129.0,,,224.0
,OIL::ow-0133::ow-0133__obj_001,CONFIRMED_OIL,,,data/external/dartis/processed/verifier_positive/ow/ow-0133__obj_001.png,ow,1.0,224.0,1,ow-0133,,data/metadata/dartis_positive_verifier_crops.csv,1,train,19.12383328476857,186.0,,,224.0
,OIL::ow-0134::ow-0134__obj_001,CONFIRMED_OIL,,,data/external/dartis/processed/verifier_positive/ow/ow-0134__obj_001.png,ow,1.0,224.0,1,ow-0134,,data/metadata/dartis_positive_verifier_crops.csv,1,train,24.286831654896385,208.0,,,224.0
,OIL::ow-0135::ow-0135__obj_001,CONFIRMED_OIL,,,data/external/dartis/processed/verifier_positive/ow/ow-0135__obj_001.png,ow,1.0,224.0,1,ow-0135,,data/metadata/dartis_positive_verifier_crops.csv,1,calibration,12.795534070326417,75.0,,,224.0
,OIL::ow-0135::ow-0135__obj_002,CONFIRMED_OIL,,,data/external/dartis/processed/verifier_positive/ow/ow-0135__obj_002.png,ow,1.0,224.0,1,ow-0135,,data/metadata/dartis_positive_verifier_crops.csv,1,calibration,7.554971884321325,67.0,,,224.0
,OIL::ow-0136::ow-0136__obj_001,CONFIRMED_OIL,,,data/external/dartis/processed/verifier_positive/ow/ow-0136__obj_001.png,ow,1.0,224.0,1,ow-0136,,data/metadata/dartis_positive_verifier_crops.csv,1,train,14.936820865369356,124.0,,,224.0
,OIL::ow-0137::ow-0137__obj_001,CONFIRMED_OIL,,,data/external/dartis/processed/verifier_positive/ow/ow-0137__obj_001.png,ow,1.0,224.0,1,ow-0137,,data/metadata/dartis_positive_verifier_crops.csv,1,train,20.4350395018262,160.0,,,224.0
,OIL::ow-0138::ow-0138__obj_001,CONFIRMED_OIL,,,data/external/dartis/processed/verifier_positive/ow/ow-0138__obj_001.png,ow,1.0,224.0,1,ow-0138,,data/metadata/dartis_positive_verifier_crops.csv,1,train,15.822984685111123,129.0,,,224.0
,OIL::ow-0138::ow-0138__obj_002,CONFIRMED_OIL,,,data/external/dartis/processed/verifier_positive/ow/ow-0138__obj_002.png,ow,1.0,224.0,1,ow-0138,,data/metadata/dartis_positive_verifier_crops.csv,1,train,26.619770553011072,91.0,,,224.0
,OIL::ow-0139::ow-0139__obj_001,CONFIRMED_OIL,,,data/external/dartis/processed/verifier_positive/ow/ow-0139__obj_001.png,ow,1.0,224.0,1,ow-0139,,data/metadata/dartis_positive_verifier_crops.csv,1,calibration,20.3427974696866,159.0,,,224.0
,OIL::ow-0140::ow-0140__obj_001,CONFIRMED_OIL,,,data/external/dartis/processed/verifier_positive/ow/ow-0140__obj_001.png,ow,1.0,224.0,1,ow-0140,,data/metadata/dartis_positive_verifier_crops.csv,1,train,23.59565856759185,171.0,,,224.0
,OIL::ow-0140::ow-0140__obj_002,CONFIRMED_OIL,,,data/external/dartis/processed/verifier_positive/ow/ow-0140__obj_002.png,ow,1.0,224.0,1,ow-0140,,data/metadata/dartis_positive_verifier_crops.csv,1,train,23.757800951515645,175.0,,,224.0
,OIL::ow-0140::ow-0140__obj_003,CONFIRMED_OIL,,,data/external/dartis/processed/verifier_positive/ow/ow-0140__obj_003.png,ow,1.0,224.0,1,ow-0140,,data/metadata/dartis_positive_verifier_crops.csv,1,train,23.97916174625072,170.0,,,224.0
,OIL::ow-0140::ow-0140__obj_004,CONFIRMED_OIL,,,data/external/dartis/processed/verifier_positive/ow/ow-0140__obj_004.png,ow,1.0,224.0,1,ow-0140,,data/metadata/dartis_positive_verifier_crops.csv,1,train,26.21156732093687,184.0,,,224.0
,OIL::ow-0141::ow-0141__obj_001,CONFIRMED_OIL,,,data/external/dartis/processed/verifier_positive/ow/ow-0141__obj_001.png,ow,1.0,224.0,1,ow-0141,,data/metadata/dartis_positive_verifier_crops.csv,1,train,25.18525930485696,149.0,,,224.0
,OIL::ow-0141::ow-0141__obj_002,CONFIRMED_OIL,,,data/external/dartis/processed/verifier_positive/ow/ow-0141__obj_002.png,ow,1.0,224.0,1,ow-0141,,data/metadata/dartis_positive_verifier_crops.csv,1,train,22.93889388803044,184.0,,,224.0
,OIL::ow-0142::ow-0142__obj_001,CONFIRMED_OIL,,,data/external/dartis/processed/verifier_positive/ow/ow-0142__obj_001.png,ow,1.0,224.0,1,ow-0142,,data/metadata/dartis_positive_verifier_crops.csv,1,train,27.215840910850623,236.0,,,224.0
,OIL::ow-0143::ow-0143__obj_001,CONFIRMED_OIL,,,data/external/dartis/processed/verifier_positive/ow/ow-0143__obj_001.png,ow,1.0,224.0,1,ow-0143,,data/metadata/dartis_positive_verifier_crops.csv,1,train,24.46057238115796,207.0,,,224.0
,OIL::ow-0144::ow-0144__obj_001,CONFIRMED_OIL,,,data/external/dartis/processed/verifier_positive/ow/ow-0144__obj_001.png,ow,1.0,224.0,1,ow-0144,,data/metadata/dartis_positive_verifier_crops.csv,1,train,4.421612144021013,69.0,,,224.0
,OIL::ow-0145::ow-0145__obj_001,CONFIRMED_OIL,,,data/external/dartis/processed/verifier_positive/ow/ow-0145__obj_001.png,ow,1.0,224.0,1,ow-0145,,data/metadata/dartis_positive_verifier_crops.csv,1,train,26.625600838558903,244.0,,,224.0
,OIL::ow-0146::ow-0146__obj_001,CONFIRMED_OIL,,,data/external/dartis/processed/verifier_positive/ow/ow-0146__obj_001.png,ow,1.0,224.0,1,ow-0146,,data/metadata/dartis_positive_verifier_crops.csv,1,train,19.2873431058861,146.0,,,224.0
,OIL::ow-0146::ow-0146__obj_002,CONFIRMED_OIL,,,data/external/dartis/processed/verifier_positive/ow/ow-0146__obj_002.png,ow,1.0,224.0,1,ow-0146,,data/metadata/dartis_positive_verifier_crops.csv,1,train,20.43844774899065,150.0,,,224.0
,OIL::ow-0146::ow-0146__obj_003,CONFIRMED_OIL,,,data/external/dartis/processed/verifier_positive/ow/ow-0146__obj_003.png,ow,1.0,224.0,1,ow-0146,,data/metadata/dartis_positive_verifier_crops.csv,1,train,20.960101306731257,164.0,,,224.0
,OIL::ow-0147::ow-0147__obj_001,CONFIRMED_OIL,,,data/external/dartis/processed/verifier_positive/ow/ow-0147__obj_001.png,ow,1.0,224.0,1,ow-0147,,data/metadata/dartis_positive_verifier_crops.csv,1,train,25.385492115424235,169.0,,,224.0
,OIL::ow-0148::ow-0148__obj_001,CONFIRMED_OIL,,,data/external/dartis/processed/verifier_positive/ow/ow-0148__obj_001.png,ow,1.0,224.0,1,ow-0148,,data/metadata/dartis_positive_verifier_crops.csv,1,calibration,24.15721527627588,182.0,,,224.0
,OIL::ow-0149::ow-0149__obj_001,CONFIRMED_OIL,,,data/external/dartis/processed/verifier_positive/ow/ow-0149__obj_001.png,ow,1.0,224.0,1,ow-0149,,data/metadata/dartis_positive_verifier_crops.csv,1,train,26.46272285739924,189.0,,,224.0
,OIL::ow-0150::ow-0150__obj_001,CONFIRMED_OIL,,,data/external/dartis/processed/verifier_positive/ow/ow-0150__obj_001.png,ow,1.0,224.0,1,ow-0150,,data/metadata/dartis_positive_verifier_crops.csv,1,calibration,11.575059043324949,184.0,,,224.0
,OIL::ow-0151::ow-0151__obj_001,CONFIRMED_OIL,,,data/external/dartis/processed/verifier_positive/ow/ow-0151__obj_001.png,ow,1.0,224.0,1,ow-0151,,data/metadata/dartis_positive_verifier_crops.csv,1,train,12.67529832770249,140.0,,,224.0
,OIL::ow-0152::ow-0152__obj_001,CONFIRMED_OIL,,,data/external/dartis/processed/verifier_positive/ow/ow-0152__obj_001.png,ow,1.0,224.0,1,ow-0152,,data/metadata/dartis_positive_verifier_crops.csv,1,train,33.98402736413533,232.0,,,224.0
,OIL::ow-0153::ow-0153__obj_001,CONFIRMED_OIL,,,data/external/dartis/processed/verifier_positive/ow/ow-0153__obj_001.png,ow,1.0,224.0,1,ow-0153,,data/metadata/dartis_positive_verifier_crops.csv,1,train,19.359397441940978,134.0,,,224.0
,OIL::ow-0154::ow-0154__obj_001,CONFIRMED_OIL,,,data/external/dartis/processed/verifier_positive/ow/ow-0154__obj_001.png,ow,1.0,224.0,1,ow-0154,,data/metadata/dartis_positive_verifier_crops.csv,1,train,27.43986735621371,190.0,,,224.0
,OIL::ow-0155::ow-0155__obj_001,CONFIRMED_OIL,,,data/external/dartis/processed/verifier_positive/ow/ow-0155__obj_001.png,ow,1.0,224.0,1,ow-0155,,data/metadata/dartis_positive_verifier_crops.csv,1,train,20.88137251130282,168.0,,,224.0
,OIL::ow-0155::ow-0155__obj_002,CONFIRMED_OIL,,,data/external/dartis/processed/verifier_positive/ow/ow-0155__obj_002.png,ow,1.0,224.0,1,ow-0155,,data/metadata/dartis_positive_verifier_crops.csv,1,train,19.372433780092305,173.0,,,224.0
,OIL::ow-0156::ow-0156__obj_001,CONFIRMED_OIL,,,data/external/dartis/processed/verifier_positive/ow/ow-0156__obj_001.png,ow,1.0,224.0,1,ow-0156,,data/metadata/dartis_positive_verifier_crops.csv,1,train,26.353999337851807,216.0,,,224.0
,OIL::ow-0156::ow-0156__obj_003,CONFIRMED_OIL,,,data/external/dartis/processed/verifier_positive/ow/ow-0156__obj_003.png,ow,1.0,224.0,1,ow-0156,,data/metadata/dartis_positive_verifier_crops.csv,1,train,21.40554437143212,200.0,,,224.0
,OIL::ow-0156::ow-0156__obj_004,CONFIRMED_OIL,,,data/external/dartis/processed/verifier_positive/ow/ow-0156__obj_004.png,ow,1.0,224.0,1,ow-0156,,data/metadata/dartis_positive_verifier_crops.csv,1,train,21.719814868543004,211.0,,,224.0
,OIL::ow-0156::ow-0156__obj_005,CONFIRMED_OIL,,,data/external/dartis/processed/verifier_positive/ow/ow-0156__obj_005.png,ow,1.0,224.0,1,ow-0156,,data/metadata/dartis_positive_verifier_crops.csv,1,train,26.432417779115934,225.0,,,224.0
,OIL::ow-0156::ow-0156__obj_006,CONFIRMED_OIL,,,data/external/dartis/processed/verifier_positive/ow/ow-0156__obj_006.png,ow,1.0,224.0,1,ow-0156,,data/metadata/dartis_positive_verifier_crops.csv,1,train,26.353999337851807,216.0,,,224.0
,OIL::ow-0157::ow-0157__obj_001,CONFIRMED_OIL,,,data/external/dartis/processed/verifier_positive/ow/ow-0157__obj_001.png,ow,1.0,224.0,1,ow-0157,,data/metadata/dartis_positive_verifier_crops.csv,1,train,22.541703018458414,209.0,,,224.0
,OIL::ow-0157::ow-0157__obj_002,CONFIRMED_OIL,,,data/external/dartis/processed/verifier_positive/ow/ow-0157__obj_002.png,ow,1.0,224.0,1,ow-0157,,data/metadata/dartis_positive_verifier_crops.csv,1,train,22.523610751525567,212.0,,,224.0
,OIL::ow-0158::ow-0158__obj_001,CONFIRMED_OIL,,,data/external/dartis/processed/verifier_positive/ow/ow-0158__obj_001.png,ow,1.0,224.0,1,ow-0158,,data/metadata/dartis_positive_verifier_crops.csv,1,train,16.64054186919418,123.0,,,224.0
,OIL::ow-0158::ow-0158__obj_002,CONFIRMED_OIL,,,data/external/dartis/processed/verifier_positive/ow/ow-0158__obj_002.png,ow,1.0,224.0,1,ow-0158,,data/metadata/dartis_positive_verifier_crops.csv,1,train,14.626183791676697,119.0,,,224.0
,OIL::ow-0158::ow-0158__obj_003,CONFIRMED_OIL,,,data/external/dartis/processed/verifier_positive/ow/ow-0158__obj_003.png,ow,1.0,224.0,1,ow-0158,,data/metadata/dartis_positive_verifier_crops.csv,1,train,14.50894482716627,112.0,,,224.0
,OIL::ow-0158::ow-0158__obj_004,CONFIRMED_OIL,,,data/external/dartis/processed/verifier_positive/ow/ow-0158__obj_004.png,ow,1.0,224.0,1,ow-0158,,data/metadata/dartis_positive_verifier_crops.csv,1,train,12.519951901839358,105.0,,,224.0
,OIL::ow-0158::ow-0158__obj_005,CONFIRMED_OIL,,,data/external/dartis/processed/verifier_positive/ow/ow-0158__obj_005.png,ow,1.0,224.0,1,ow-0158,,data/metadata/dartis_positive_verifier_crops.csv,1,train,14.72303071420752,119.0,,,224.0
,OIL::ow-0159::ow-0159__obj_001,CONFIRMED_OIL,,,data/external/dartis/processed/verifier_positive/ow/ow-0159__obj_001.png,ow,1.0,224.0,1,ow-0159,,data/metadata/dartis_positive_verifier_crops.csv,1,train,15.026384903019196,136.0,,,224.0
,OIL::ow-0159::ow-0159__obj_002,CONFIRMED_OIL,,,data/external/dartis/processed/verifier_positive/ow/ow-0159__obj_002.png,ow,1.0,224.0,1,ow-0159,,data/metadata/dartis_positive_verifier_crops.csv,1,train,20.452592396833985,231.0,,,224.0
,OIL::ow-0159::ow-0159__obj_003,CONFIRMED_OIL,,,data/external/dartis/processed/verifier_positive/ow/ow-0159__obj_003.png,ow,1.0,224.0,1,ow-0159,,data/metadata/dartis_positive_verifier_crops.csv,1,train,24.996370085160446,250.0,,,224.0
,OIL::ow-0160::ow-0160__obj_001,CONFIRMED_OIL,,,data/external/dartis/processed/verifier_positive/ow/ow-0160__obj_001.png,ow,1.0,224.0,1,ow-0160,,data/metadata/dartis_positive_verifier_crops.csv,1,train,30.75189499786949,221.0,,,224.0
,OIL::ow-0160::ow-0160__obj_002,CONFIRMED_OIL,,,data/external/dartis/processed/verifier_positive/ow/ow-0160__obj_002.png,ow,1.0,224.0,1,ow-0160,,data/metadata/dartis_positive_verifier_crops.csv,1,train,33.27985200181106,216.0,,,224.0
,OIL::ow-0160::ow-0160__obj_003,CONFIRMED_OIL,,,data/external/dartis/processed/verifier_positive/ow/ow-0160__obj_003.png,ow,1.0,224.0,1,ow-0160,,data/metadata/dartis_positive_verifier_crops.csv,1,train,28.235610117268106,217.0,,,224.0
,OIL::ow-0160::ow-0160__obj_004,CONFIRMED_OIL,,,data/external/dartis/processed/verifier_positive/ow/ow-0160__obj_004.png,ow,1.0,224.0,1,ow-0160,,data/metadata/dartis_positive_verifier_crops.csv,1,train,25.120395450430426,204.0,,,224.0
,OIL::ow-0160::ow-0160__obj_005,CONFIRMED_OIL,,,data/external/dartis/processed/verifier_positive/ow/ow-0160__obj_005.png,ow,1.0,224.0,1,ow-0160,,data/metadata/dartis_positive_verifier_crops.csv,1,train,24.7441692790604,192.0,,,224.0
,OIL::ow-0160::ow-0160__obj_006,CONFIRMED_OIL,,,data/external/dartis/processed/verifier_positive/ow/ow-0160__obj_006.png,ow,1.0,224.0,1,ow-0160,,data/metadata/dartis_positive_verifier_crops.csv,1,train,23.312149413798856,201.0,,,224.0
,OIL::ow-0160::ow-0160__obj_007,CONFIRMED_OIL,,,data/external/dartis/processed/verifier_positive/ow/ow-0160__obj_007.png,ow,1.0,224.0,1,ow-0160,,data/metadata/dartis_positive_verifier_crops.csv,1,train,27.699397780996133,219.0,,,224.0
,OIL::ow-0160::ow-0160__obj_008,CONFIRMED_OIL,,,data/external/dartis/processed/verifier_positive/ow/ow-0160__obj_008.png,ow,1.0,224.0,1,ow-0160,,data/metadata/dartis_positive_verifier_crops.csv,1,train,32.152747639275184,223.0,,,224.0
,OIL::ow-0161::ow-0161__obj_001,CONFIRMED_OIL,,,data/external/dartis/processed/verifier_positive/ow/ow-0161__obj_001.png,ow,1.0,224.0,1,ow-0161,,data/metadata/dartis_positive_verifier_crops.csv,1,train,22.475728952294823,182.0,,,224.0
,OIL::ow-0162::ow-0162__obj_001,CONFIRMED_OIL,,,data/external/dartis/processed/verifier_positive/ow/ow-0162__obj_001.png,ow,1.0,224.0,1,ow-0162,,data/metadata/dartis_positive_verifier_crops.csv,1,train,23.10616565308872,204.0,,,224.0
,OIL::ow-0162::ow-0162__obj_002,CONFIRMED_OIL,,,data/external/dartis/processed/verifier_positive/ow/ow-0162__obj_002.png,ow,1.0,224.0,1,ow-0162,,data/metadata/dartis_positive_verifier_crops.csv,1,train,24.931037631256896,181.0,,,224.0
,OIL::ow-0162::ow-0162__obj_003,CONFIRMED_OIL,,,data/external/dartis/processed/verifier_positive/ow/ow-0162__obj_003.png,ow,1.0,224.0,1,ow-0162,,data/metadata/dartis_positive_verifier_crops.csv,1,train,22.62692815212422,180.0,,,224.0
,OIL::ow-0163::ow-0163__obj_001,CONFIRMED_OIL,,,data/external/dartis/processed/verifier_positive/ow/ow-0163__obj_001.png,ow,1.0,224.0,1,ow-0163,,data/metadata/dartis_positive_verifier_crops.csv,1,train,26.971136764788163,211.0,,,224.0
,OIL::ow-0163::ow-0163__obj_002,CONFIRMED_OIL,,,data/external/dartis/processed/verifier_positive/ow/ow-0163__obj_002.png,ow,1.0,224.0,1,ow-0163,,data/metadata/dartis_positive_verifier_crops.csv,1,train,26.66272104050396,204.0,,,224.0
,OIL::ow-0163::ow-0163__obj_003,CONFIRMED_OIL,,,data/external/dartis/processed/verifier_positive/ow/ow-0163__obj_003.png,ow,1.0,224.0,1,ow-0163,,data/metadata/dartis_positive_verifier_crops.csv,1,train,29.505835242752877,221.0,,,224.0
,OIL::ow-0164::ow-0164__obj_001,CONFIRMED_OIL,,,data/external/dartis/processed/verifier_positive/ow/ow-0164__obj_001.png,ow,1.0,224.0,1,ow-0164,,data/metadata/dartis_positive_verifier_crops.csv,1,train,18.06068725402697,202.0,,,224.0
,OIL::ow-0165::ow-0165__obj_001,CONFIRMED_OIL,,,data/external/dartis/processed/verifier_positive/ow/ow-0165__obj_001.png,ow,1.0,224.0,1,ow-0165,,data/metadata/dartis_positive_verifier_crops.csv,1,train,24.261017293481707,182.0,,,224.0
,OIL::ow-0165::ow-0165__obj_002,CONFIRMED_OIL,,,data/external/dartis/processed/verifier_positive/ow/ow-0165__obj_002.png,ow,1.0,224.0,1,ow-0165,,data/metadata/dartis_positive_verifier_crops.csv,1,train,23.030050586136948,188.0,,,224.0
,OIL::ow-0165::ow-0165__obj_003,CONFIRMED_OIL,,,data/external/dartis/processed/verifier_positive/ow/ow-0165__obj_003.png,ow,1.0,224.0,1,ow-0165,,data/metadata/dartis_positive_verifier_crops.csv,1,train,25.37974254982508,192.0,,,224.0
,OIL::ow-0166::ow-0166__obj_001,CONFIRMED_OIL,,,data/external/dartis/processed/verifier_positive/ow/ow-0166__obj_001.png,ow,1.0,224.0,1,ow-0166,,data/metadata/dartis_positive_verifier_crops.csv,1,train,13.330537253254974,101.0,,,224.0
,OIL::ow-0166::ow-0166__obj_002,CONFIRMED_OIL,,,data/external/dartis/processed/verifier_positive/ow/ow-0166__obj_002.png,ow,1.0,224.0,1,ow-0166,,data/metadata/dartis_positive_verifier_crops.csv,1,train,16.37135246561554,144.0,,,224.0
,OIL::ow-0166::ow-0166__obj_003,CONFIRMED_OIL,,,data/external/dartis/processed/verifier_positive/ow/ow-0166__obj_003.png,ow,1.0,224.0,1,ow-0166,,data/metadata/dartis_positive_verifier_crops.csv,1,train,12.05711520668272,105.0,,,224.0
,OIL::ow-0166::ow-0166__obj_004,CONFIRMED_OIL,,,data/external/dartis/processed/verifier_positive/ow/ow-0166__obj_004.png,ow,1.0,224.0,1,ow-0166,,data/metadata/dartis_positive_verifier_crops.csv,1,train,13.811132038417552,98.0,,,224.0
,OIL::ow-0166::ow-0166__obj_005,CONFIRMED_OIL,,,data/external/dartis/processed/verifier_positive/ow/ow-0166__obj_005.png,ow,1.0,224.0,1,ow-0166,,data/metadata/dartis_positive_verifier_crops.csv,1,train,17.631181492196724,230.0,,,224.0
,OIL::ow-0166::ow-0166__obj_006,CONFIRMED_OIL,,,data/external/dartis/processed/verifier_positive/ow/ow-0166__obj_006.png,ow,1.0,224.0,1,ow-0166,,data/metadata/dartis_positive_verifier_crops.csv,1,train,15.733408792413812,96.0,,,224.0
,OIL::ow-0166::ow-0166__obj_007,CONFIRMED_OIL,,,data/external/dartis/processed/verifier_positive/ow/ow-0166__obj_007.png,ow,1.0,224.0,1,ow-0166,,data/metadata/dartis_positive_verifier_crops.csv,1,train,16.19035346509079,169.0,,,224.0
,OIL::ow-0166::ow-0166__obj_008,CONFIRMED_OIL,,,data/external/dartis/processed/verifier_positive/ow/ow-0166__obj_008.png,ow,1.0,224.0,1,ow-0166,,data/metadata/dartis_positive_verifier_crops.csv,1,train,15.409472156428825,100.0,,,224.0
,OIL::ow-0166::ow-0166__obj_009,CONFIRMED_OIL,,,data/external/dartis/processed/verifier_positive/ow/ow-0166__obj_009.png,ow,1.0,224.0,1,ow-0166,,data/metadata/dartis_positive_verifier_crops.csv,1,train,16.37844110329689,111.0,,,224.0
,OIL::ow-0166::ow-0166__obj_010,CONFIRMED_OIL,,,data/external/dartis/processed/verifier_positive/ow/ow-0166__obj_010.png,ow,1.0,224.0,1,ow-0166,,data/metadata/dartis_positive_verifier_crops.csv,1,train,13.330537253254974,101.0,,,224.0
,OIL::ow-0166::ow-0166__obj_011,CONFIRMED_OIL,,,data/external/dartis/processed/verifier_positive/ow/ow-0166__obj_011.png,ow,1.0,224.0,1,ow-0166,,data/metadata/dartis_positive_verifier_crops.csv,1,train,16.974718379681896,165.0,,,224.0
,OIL::ow-0166::ow-0166__obj_012,CONFIRMED_OIL,,,data/external/dartis/processed/verifier_positive/ow/ow-0166__obj_012.png,ow,1.0,224.0,1,ow-0166,,data/metadata/dartis_positive_verifier_crops.csv,1,train,11.797950513671228,90.0,,,224.0
,OIL::ow-0166::ow-0166__obj_013,CONFIRMED_OIL,,,data/external/dartis/processed/verifier_positive/ow/ow-0166__obj_013.png,ow,1.0,224.0,1,ow-0166,,data/metadata/dartis_positive_verifier_crops.csv,1,train,11.943038085728862,104.0,,,224.0
,OIL::ow-0166::ow-0166__obj_014,CONFIRMED_OIL,,,data/external/dartis/processed/verifier_positive/ow/ow-0166__obj_014.png,ow,1.0,224.0,1,ow-0166,,data/metadata/dartis_positive_verifier_crops.csv,1,train,12.450431885531389,97.0,,,224.0
,OIL::ow-0167::ow-0167__obj_001,CONFIRMED_OIL,,,data/external/dartis/processed/verifier_positive/ow/ow-0167__obj_001.png,ow,1.0,224.0,1,ow-0167,,data/metadata/dartis_positive_verifier_crops.csv,1,train,26.688601253838765,213.0,,,224.0
,OIL::ow-0167::ow-0167__obj_002,CONFIRMED_OIL,,,data/external/dartis/processed/verifier_positive/ow/ow-0167__obj_002.png,ow,1.0,224.0,1,ow-0167,,data/metadata/dartis_positive_verifier_crops.csv,1,train,35.63762419517493,227.0,,,224.0
,OIL::ow-0167::ow-0167__obj_003,CONFIRMED_OIL,,,data/external/dartis/processed/verifier_positive/ow/ow-0167__obj_003.png,ow,1.0,224.0,1,ow-0167,,data/metadata/dartis_positive_verifier_crops.csv,1,train,28.4633501299664,213.0,,,224.0
,OIL::ow-0168::ow-0168__obj_001,CONFIRMED_OIL,,,data/external/dartis/processed/verifier_positive/ow/ow-0168__obj_001.png,ow,1.0,224.0,1,ow-0168,,data/metadata/dartis_positive_verifier_crops.csv,1,calibration,27.81495895563357,200.0,,,224.0
,OIL::ow-0169::ow-0169__obj_001,CONFIRMED_OIL,,,data/external/dartis/processed/verifier_positive/ow/ow-0169__obj_001.png,ow,1.0,224.0,1,ow-0169,,data/metadata/dartis_positive_verifier_crops.csv,1,train,11.010550105623064,162.0,,,224.0
,OIL::ow-0169::ow-0169__obj_002,CONFIRMED_OIL,,,data/external/dartis/processed/verifier_positive/ow/ow-0169__obj_002.png,ow,1.0,224.0,1,ow-0169,,data/metadata/dartis_positive_verifier_crops.csv,1,train,10.917849095737688,94.0,,,224.0
,OIL::ow-0169::ow-0169__obj_003,CONFIRMED_OIL,,,data/external/dartis/processed/verifier_positive/ow/ow-0169__obj_003.png,ow,1.0,224.0,1,ow-0169,,data/metadata/dartis_positive_verifier_crops.csv,1,train,10.58302065020839,97.0,,,224.0
,OIL::ow-0170::ow-0170__obj_001,CONFIRMED_OIL,,,data/external/dartis/processed/verifier_positive/ow/ow-0170__obj_001.png,ow,1.0,224.0,1,ow-0170,,data/metadata/dartis_positive_verifier_crops.csv,1,train,25.51345279026928,204.0,,,224.0
,OIL::ow-0170::ow-0170__obj_002,CONFIRMED_OIL,,,data/external/dartis/processed/verifier_positive/ow/ow-0170__obj_002.png,ow,1.0,224.0,1,ow-0170,,data/metadata/dartis_positive_verifier_crops.csv,1,train,30.391165893281844,229.0,,,224.0
,OIL::ow-0170::ow-0170__obj_003,CONFIRMED_OIL,,,data/external/dartis/processed/verifier_positive/ow/ow-0170__obj_003.png,ow,1.0,224.0,1,ow-0170,,data/metadata/dartis_positive_verifier_crops.csv,1,train,24.514630960155728,216.0,,,224.0
,OIL::ow-0170::ow-0170__obj_004,CONFIRMED_OIL,,,data/external/dartis/processed/verifier_positive/ow/ow-0170__obj_004.png,ow,1.0,224.0,1,ow-0170,,data/metadata/dartis_positive_verifier_crops.csv,1,train,22.54274243709467,193.0,,,224.0
,OIL::ow-0170::ow-0170__obj_005,CONFIRMED_OIL,,,data/external/dartis/processed/verifier_positive/ow/ow-0170__obj_005.png,ow,1.0,224.0,1,ow-0170,,data/metadata/dartis_positive_verifier_crops.csv,1,train,25.354815866554823,205.0,,,224.0
,OIL::ow-0170::ow-0170__obj_006,CONFIRMED_OIL,,,data/external/dartis/processed/verifier_positive/ow/ow-0170__obj_006.png,ow,1.0,224.0,1,ow-0170,,data/metadata/dartis_positive_verifier_crops.csv,1,train,25.70158933820877,204.0,,,224.0
,OIL::ow-0170::ow-0170__obj_007,CONFIRMED_OIL,,,data/external/dartis/processed/verifier_positive/ow/ow-0170__obj_007.png,ow,1.0,224.0,1,ow-0170,,data/metadata/dartis_positive_verifier_crops.csv,1,train,22.77460286730232,202.0,,,224.0
,OIL::ow-0170::ow-0170__obj_008,CONFIRMED_OIL,,,data/external/dartis/processed/verifier_positive/ow/ow-0170__obj_008.png,ow,1.0,224.0,1,ow-0170,,data/metadata/dartis_positive_verifier_crops.csv,1,train,22.8698392482788,192.0,,,224.0
,OIL::ow-0170::ow-0170__obj_009,CONFIRMED_OIL,,,data/external/dartis/processed/verifier_positive/ow/ow-0170__obj_009.png,ow,1.0,224.0,1,ow-0170,,data/metadata/dartis_positive_verifier_crops.csv,1,train,23.839021286723707,195.0,,,224.0
,OIL::ow-0171::ow-0171__obj_001,CONFIRMED_OIL,,,data/external/dartis/processed/verifier_positive/ow/ow-0171__obj_001.png,ow,1.0,224.0,1,ow-0171,,data/metadata/dartis_positive_verifier_crops.csv,1,train,28.957537139705696,210.0,,,224.0
,OIL::ow-0172::ow-0172__obj_001,CONFIRMED_OIL,,,data/external/dartis/processed/verifier_positive/ow/ow-0172__obj_001.png,ow,1.0,224.0,1,ow-0172,,data/metadata/dartis_positive_verifier_crops.csv,1,train,26.59069709026453,212.0,,,224.0
,OIL::ow-0173::ow-0173__obj_001,CONFIRMED_OIL,,,data/external/dartis/processed/verifier_positive/ow/ow-0173__obj_001.png,ow,1.0,224.0,1,ow-0173,,data/metadata/dartis_positive_verifier_crops.csv,1,train,20.056977302786684,162.0,,,224.0
,OIL::ow-0173::ow-0173__obj_002,CONFIRMED_OIL,,,data/external/dartis/processed/verifier_positive/ow/ow-0173__obj_002.png,ow,1.0,224.0,1,ow-0173,,data/metadata/dartis_positive_verifier_crops.csv,1,train,18.293574193274488,131.0,,,224.0
,OIL::ow-0174::ow-0174__obj_001,CONFIRMED_OIL,,,data/external/dartis/processed/verifier_positive/ow/ow-0174__obj_001.png,ow,1.0,224.0,1,ow-0174,,data/metadata/dartis_positive_verifier_crops.csv,1,train,28.45842712180084,219.0,,,224.0
,OIL::ow-0175::ow-0175__obj_001,CONFIRMED_OIL,,,data/external/dartis/processed/verifier_positive/ow/ow-0175__obj_001.png,ow,1.0,224.0,1,ow-0175,,data/metadata/dartis_positive_verifier_crops.csv,1,train,37.476507589793485,214.0,,,224.0
,OIL::ow-0175::ow-0175__obj_002,CONFIRMED_OIL,,,data/external/dartis/processed/verifier_positive/ow/ow-0175__obj_002.png,ow,1.0,224.0,1,ow-0175,,data/metadata/dartis_positive_verifier_crops.csv,1,train,27.05144078506271,158.0,,,224.0
,OIL::ow-0175::ow-0175__obj_003,CONFIRMED_OIL,,,data/external/dartis/processed/verifier_positive/ow/ow-0175__obj_003.png,ow,1.0,224.0,1,ow-0175,,data/metadata/dartis_positive_verifier_crops.csv,1,train,24.221929823344546,159.0,,,224.0
,OIL::ow-0175::ow-0175__obj_004,CONFIRMED_OIL,,,data/external/dartis/processed/verifier_positive/ow/ow-0175__obj_004.png,ow,1.0,224.0,1,ow-0175,,data/metadata/dartis_positive_verifier_crops.csv,1,train,22.63104602273182,164.0,,,224.0
,OIL::ow-0175::ow-0175__obj_005,CONFIRMED_OIL,,,data/external/dartis/processed/verifier_positive/ow/ow-0175__obj_005.png,ow,1.0,224.0,1,ow-0175,,data/metadata/dartis_positive_verifier_crops.csv,1,train,23.279919660395123,196.0,,,224.0
,OIL::ow-0175::ow-0175__obj_006,CONFIRMED_OIL,,,data/external/dartis/processed/verifier_positive/ow/ow-0175__obj_006.png,ow,1.0,224.0,1,ow-0175,,data/metadata/dartis_positive_verifier_crops.csv,1,train,22.80838092466678,199.0,,,224.0
,OIL::ow-0175::ow-0175__obj_007,CONFIRMED_OIL,,,data/external/dartis/processed/verifier_positive/ow/ow-0175__obj_007.png,ow,1.0,224.0,1,ow-0175,,data/metadata/dartis_positive_verifier_crops.csv,1,train,17.07473296642776,170.0,,,224.0
,OIL::ow-0175::ow-0175__obj_008,CONFIRMED_OIL,,,data/external/dartis/processed/verifier_positive/ow/ow-0175__obj_008.png,ow,1.0,224.0,1,ow-0175,,data/metadata/dartis_positive_verifier_crops.csv,1,train,18.513867943165287,167.0,,,224.0
,OIL::ow-0175::ow-0175__obj_009,CONFIRMED_OIL,,,data/external/dartis/processed/verifier_positive/ow/ow-0175__obj_009.png,ow,1.0,224.0,1,ow-0175,,data/metadata/dartis_positive_verifier_crops.csv,1,train,18.302864128671008,163.0,,,224.0
,OIL::ow-0176::ow-0176__obj_001,CONFIRMED_OIL,,,data/external/dartis/processed/verifier_positive/ow/ow-0176__obj_001.png,ow,1.0,224.0,1,ow-0176,,data/metadata/dartis_positive_verifier_crops.csv,1,train,36.73759333432481,236.0,,,224.0
,OIL::ow-0177::ow-0177__obj_001,CONFIRMED_OIL,,,data/external/dartis/processed/verifier_positive/ow/ow-0177__obj_001.png,ow,1.0,224.0,1,ow-0177,,data/metadata/dartis_positive_verifier_crops.csv,1,train,26.965422153297943,235.0,,,224.0
,OIL::ow-0178::ow-0178__obj_001,CONFIRMED_OIL,,,data/external/dartis/processed/verifier_positive/ow/ow-0178__obj_001.png,ow,1.0,224.0,1,ow-0178,,data/metadata/dartis_positive_verifier_crops.csv,1,train,39.6967173698054,233.0,,,224.0
,OIL::ow-0178::ow-0178__obj_002,CONFIRMED_OIL,,,data/external/dartis/processed/verifier_positive/ow/ow-0178__obj_002.png,ow,1.0,224.0,1,ow-0178,,data/metadata/dartis_positive_verifier_crops.csv,1,train,40.28246557408932,242.0,,,224.0
,OIL::ow-0179::ow-0179__obj_001,CONFIRMED_OIL,,,data/external/dartis/processed/verifier_positive/ow/ow-0179__obj_001.png,ow,1.0,224.0,1,ow-0179,,data/metadata/dartis_positive_verifier_crops.csv,1,train,36.38072655404893,236.0,,,224.0
,OIL::ow-0180::ow-0180__obj_001,CONFIRMED_OIL,,,data/external/dartis/processed/verifier_positive/ow/ow-0180__obj_001.png,ow,1.0,224.0,1,ow-0180,,data/metadata/dartis_positive_verifier_crops.csv,1,train,36.4834299165383,221.0,,,224.0
,OIL::ow-0180::ow-0180__obj_002,CONFIRMED_OIL,,,data/external/dartis/processed/verifier_positive/ow/ow-0180__obj_002.png,ow,1.0,224.0,1,ow-0180,,data/metadata/dartis_positive_verifier_crops.csv,1,train,36.252430916621016,212.0,,,224.0
,OIL::ow-0181::ow-0181__obj_001,CONFIRMED_OIL,,,data/external/dartis/processed/verifier_positive/ow/ow-0181__obj_001.png,ow,1.0,224.0,1,ow-0181,,data/metadata/dartis_positive_verifier_crops.csv,1,train,32.16145346612007,229.0,,,224.0
,OIL::ow-0181::ow-0181__obj_002,CONFIRMED_OIL,,,data/external/dartis/processed/verifier_positive/ow/ow-0181__obj_002.png,ow,1.0,224.0,1,ow-0181,,data/metadata/dartis_positive_verifier_crops.csv,1,train,24.19730380904229,200.0,,,224.0
,OIL::ow-0181::ow-0181__obj_003,CONFIRMED_OIL,,,data/external/dartis/processed/verifier_positive/ow/ow-0181__obj_003.png,ow,1.0,224.0,1,ow-0181,,data/metadata/dartis_positive_verifier_crops.csv,1,train,20.33578513188242,176.0,,,224.0
,OIL::ow-0182::ow-0182__obj_001,CONFIRMED_OIL,,,data/external/dartis/processed/verifier_positive/ow/ow-0182__obj_001.png,ow,1.0,224.0,1,ow-0182,,data/metadata/dartis_positive_verifier_crops.csv,1,train,26.789575350499927,227.0,,,224.0
,OIL::ow-0182::ow-0182__obj_002,CONFIRMED_OIL,,,data/external/dartis/processed/verifier_positive/ow/ow-0182__obj_002.png,ow,1.0,224.0,1,ow-0182,,data/metadata/dartis_positive_verifier_crops.csv,1,train,30.44933863533573,234.0,,,224.0
,OIL::ow-0182::ow-0182__obj_003,CONFIRMED_OIL,,,data/external/dartis/processed/verifier_positive/ow/ow-0182__obj_003.png,ow,1.0,224.0,1,ow-0182,,data/metadata/dartis_positive_verifier_crops.csv,1,train,35.27951484675256,242.0,,,224.0
,OIL::ow-0182::ow-0182__obj_004,CONFIRMED_OIL,,,data/external/dartis/processed/verifier_positive/ow/ow-0182__obj_004.png,ow,1.0,224.0,1,ow-0182,,data/metadata/dartis_positive_verifier_crops.csv,1,train,21.524930270161104,221.0,,,224.0
,OIL::ow-0182::ow-0182__obj_006,CONFIRMED_OIL,,,data/external/dartis/processed/verifier_positive/ow/ow-0182__obj_006.png,ow,1.0,224.0,1,ow-0182,,data/metadata/dartis_positive_verifier_crops.csv,1,train,23.79670209324635,215.0,,,224.0
,OIL::ow-0182::ow-0182__obj_007,CONFIRMED_OIL,,,data/external/dartis/processed/verifier_positive/ow/ow-0182__obj_007.png,ow,1.0,224.0,1,ow-0182,,data/metadata/dartis_positive_verifier_crops.csv,1,train,32.575099491750336,238.0,,,224.0
,OIL::ow-0183::ow-0183__obj_001,CONFIRMED_OIL,,,data/external/dartis/processed/verifier_positive/ow/ow-0183__obj_001.png,ow,1.0,224.0,1,ow-0183,,data/metadata/dartis_positive_verifier_crops.csv,1,train,35.10299790066129,241.0,,,224.0
,OIL::ow-0184::ow-0184__obj_001,CONFIRMED_OIL,,,data/external/dartis/processed/verifier_positive/ow/ow-0184__obj_001.png,ow,1.0,224.0,1,ow-0184,,data/metadata/dartis_positive_verifier_crops.csv,1,train,32.415472464654414,218.0,,,224.0
,OIL::ow-0185::ow-0185__obj_001,CONFIRMED_OIL,,,data/external/dartis/processed/verifier_positive/ow/ow-0185__obj_001.png,ow,1.0,224.0,1,ow-0185,,data/metadata/dartis_positive_verifier_crops.csv,1,train,27.646641127343937,224.0,,,224.0
,OIL::ow-0186::ow-0186__obj_001,CONFIRMED_OIL,,,data/external/dartis/processed/verifier_positive/ow/ow-0186__obj_001.png,ow,1.0,224.0,1,ow-0186,,data/metadata/dartis_positive_verifier_crops.csv,1,train,30.86638688788286,194.0,,,224.0
,OIL::ow-0187::ow-0187__obj_001,CONFIRMED_OIL,,,data/external/dartis/processed/verifier_positive/ow/ow-0187__obj_001.png,ow,1.0,224.0,1,ow-0187,,data/metadata/dartis_positive_verifier_crops.csv,1,train,32.97420819494233,221.0,,,224.0
,OIL::ow-0187::ow-0187__obj_002,CONFIRMED_OIL,,,data/external/dartis/processed/verifier_positive/ow/ow-0187__obj_002.png,ow,1.0,224.0,1,ow-0187,,data/metadata/dartis_positive_verifier_crops.csv,1,train,25.30012153528079,200.0,,,224.0
,OIL::ow-0187::ow-0187__obj_003,CONFIRMED_OIL,,,data/external/dartis/processed/verifier_positive/ow/ow-0187__obj_003.png,ow,1.0,224.0,1,ow-0187,,data/metadata/dartis_positive_verifier_crops.csv,1,train,25.328022997417985,213.0,,,224.0
,OIL::ow-0188::ow-0188__obj_001,CONFIRMED_OIL,,,data/external/dartis/processed/verifier_positive/ow/ow-0188__obj_001.png,ow,1.0,224.0,1,ow-0188,,data/metadata/dartis_positive_verifier_crops.csv,1,train,22.30410559365232,149.0,,,224.0
,OIL::ow-0189::ow-0189__obj_001,CONFIRMED_OIL,,,data/external/dartis/processed/verifier_positive/ow/ow-0189__obj_001.png,ow,1.0,224.0,1,ow-0189,,data/metadata/dartis_positive_verifier_crops.csv,1,calibration,27.02980725240173,208.0,,,224.0
,OIL::ow-0189::ow-0189__obj_002,CONFIRMED_OIL,,,data/external/dartis/processed/verifier_positive/ow/ow-0189__obj_002.png,ow,1.0,224.0,1,ow-0189,,data/metadata/dartis_positive_verifier_crops.csv,1,calibration,25.918507153653344,205.0,,,224.0
,OIL::ow-0190::ow-0190__obj_002,CONFIRMED_OIL,,,data/external/dartis/processed/verifier_positive/ow/ow-0190__obj_002.png,ow,1.0,224.0,1,ow-0190,,data/metadata/dartis_positive_verifier_crops.csv,1,train,11.014271904983666,99.0,,,224.0
,OIL::ow-0190::ow-0190__obj_003,CONFIRMED_OIL,,,data/external/dartis/processed/verifier_positive/ow/ow-0190__obj_003.png,ow,1.0,224.0,1,ow-0190,,data/metadata/dartis_positive_verifier_crops.csv,1,train,17.785835366375878,225.0,,,224.0
,OIL::ow-0190::ow-0190__obj_004,CONFIRMED_OIL,,,data/external/dartis/processed/verifier_positive/ow/ow-0190__obj_004.png,ow,1.0,224.0,1,ow-0190,,data/metadata/dartis_positive_verifier_crops.csv,1,train,19.503297400237813,227.0,,,224.0
,OIL::ow-0190::ow-0190__obj_005,CONFIRMED_OIL,,,data/external/dartis/processed/verifier_positive/ow/ow-0190__obj_005.png,ow,1.0,224.0,1,ow-0190,,data/metadata/dartis_positive_verifier_crops.csv,1,train,10.423127890086018,95.0,,,224.0
,OIL::ow-0191::ow-0191__obj_001,CONFIRMED_OIL,,,data/external/dartis/processed/verifier_positive/ow/ow-0191__obj_001.png,ow,1.0,224.0,1,ow-0191,,data/metadata/dartis_positive_verifier_crops.csv,1,train,19.86681669197842,125.0,,,224.0
,OIL::ow-0191::ow-0191__obj_002,CONFIRMED_OIL,,,data/external/dartis/processed/verifier_positive/ow/ow-0191__obj_002.png,ow,1.0,224.0,1,ow-0191,,data/metadata/dartis_positive_verifier_crops.csv,1,train,20.269278194248304,123.0,,,224.0
,OIL::ow-0191::ow-0191__obj_003,CONFIRMED_OIL,,,data/external/dartis/processed/verifier_positive/ow/ow-0191__obj_003.png,ow,1.0,224.0,1,ow-0191,,data/metadata/dartis_positive_verifier_crops.csv,1,train,20.50129345099534,121.0,,,224.0
,OIL::ow-0192::ow-0192__obj_001,CONFIRMED_OIL,,,data/external/dartis/processed/verifier_positive/ow/ow-0192__obj_001.png,ow,1.0,224.0,1,ow-0192,,data/metadata/dartis_positive_verifier_crops.csv,1,train,30.45247307178169,200.0,,,224.0
,OIL::ow-0193::ow-0193__obj_001,CONFIRMED_OIL,,,data/external/dartis/processed/verifier_positive/ow/ow-0193__obj_001.png,ow,1.0,224.0,1,ow-0193,,data/metadata/dartis_positive_verifier_crops.csv,1,train,33.01502581348924,211.0,,,224.0
,OIL::ow-0193::ow-0193__obj_002,CONFIRMED_OIL,,,data/external/dartis/processed/verifier_positive/ow/ow-0193__obj_002.png,ow,1.0,224.0,1,ow-0193,,data/metadata/dartis_positive_verifier_crops.csv,1,train,34.60874528997538,213.0,,,224.0
,OIL::ow-0194::ow-0194__obj_001,CONFIRMED_OIL,,,data/external/dartis/processed/verifier_positive/ow/ow-0194__obj_001.png,ow,1.0,224.0,1,ow-0194,,data/metadata/dartis_positive_verifier_crops.csv,1,train,25.247894409572886,196.0,,,224.0
,OIL::ow-0194::ow-0194__obj_002,CONFIRMED_OIL,,,data/external/dartis/processed/verifier_positive/ow/ow-0194__obj_002.png,ow,1.0,224.0,1,ow-0194,,data/metadata/dartis_positive_verifier_crops.csv,1,train,27.01450697327823,216.0,,,224.0
,OIL::ow-0195::ow-0195__obj_001,CONFIRMED_OIL,,,data/external/dartis/processed/verifier_positive/ow/ow-0195__obj_001.png,ow,1.0,224.0,1,ow-0195,,data/metadata/dartis_positive_verifier_crops.csv,1,train,38.05083203074295,221.0,,,224.0
,OIL::ow-0195::ow-0195__obj_002,CONFIRMED_OIL,,,data/external/dartis/processed/verifier_positive/ow/ow-0195__obj_002.png,ow,1.0,224.0,1,ow-0195,,data/metadata/dartis_positive_verifier_crops.csv,1,train,35.11692429308379,227.0,,,224.0
,OIL::ow-0195::ow-0195__obj_003,CONFIRMED_OIL,,,data/external/dartis/processed/verifier_positive/ow/ow-0195__obj_003.png,ow,1.0,224.0,1,ow-0195,,data/metadata/dartis_positive_verifier_crops.csv,1,train,34.055781323862384,219.0,,,224.0
,OIL::ow-0195::ow-0195__obj_004,CONFIRMED_OIL,,,data/external/dartis/processed/verifier_positive/ow/ow-0195__obj_004.png,ow,1.0,224.0,1,ow-0195,,data/metadata/dartis_positive_verifier_crops.csv,1,train,34.26340336273949,231.0,,,224.0
,OIL::ow-0196::ow-0196__obj_001,CONFIRMED_OIL,,,data/external/dartis/processed/verifier_positive/ow/ow-0196__obj_001.png,ow,1.0,224.0,1,ow-0196,,data/metadata/dartis_positive_verifier_crops.csv,1,train,22.93400012471222,135.0,,,224.0
,OIL::ow-0197::ow-0197__obj_001,CONFIRMED_OIL,,,data/external/dartis/processed/verifier_positive/ow/ow-0197__obj_001.png,ow,1.0,224.0,1,ow-0197,,data/metadata/dartis_positive_verifier_crops.csv,1,train,21.731561825520718,130.0,,,224.0
,OIL::ow-0198::ow-0198__obj_001,CONFIRMED_OIL,,,data/external/dartis/processed/verifier_positive/ow/ow-0198__obj_001.png,ow,1.0,224.0,1,ow-0198,,data/metadata/dartis_positive_verifier_crops.csv,1,train,33.347070732729414,219.0,,,224.0
,OIL::ow-0198::ow-0198__obj_002,CONFIRMED_OIL,,,data/external/dartis/processed/verifier_positive/ow/ow-0198__obj_002.png,ow,1.0,224.0,1,ow-0198,,data/metadata/dartis_positive_verifier_crops.csv,1,train,21.2090362300468,175.0,,,224.0
,OIL::ow-0198::ow-0198__obj_003,CONFIRMED_OIL,,,data/external/dartis/processed/verifier_positive/ow/ow-0198__obj_003.png,ow,1.0,224.0,1,ow-0198,,data/metadata/dartis_positive_verifier_crops.csv,1,train,28.40610088393988,197.0,,,224.0
,OIL::ow-0199::ow-0199__obj_001,CONFIRMED_OIL,,,data/external/dartis/processed/verifier_positive/ow/ow-0199__obj_001.png,ow,1.0,224.0,1,ow-0199,,data/metadata/dartis_positive_verifier_crops.csv,1,train,27.44979310742089,202.0,,,224.0
,OIL::ow-0199::ow-0199__obj_002,CONFIRMED_OIL,,,data/external/dartis/processed/verifier_positive/ow/ow-0199__obj_002.png,ow,1.0,224.0,1,ow-0199,,data/metadata/dartis_positive_verifier_crops.csv,1,train,29.406717776486158,178.0,,,224.0
,OIL::ow-0200::ow-0200__obj_001,CONFIRMED_OIL,,,data/external/dartis/processed/verifier_positive/ow/ow-0200__obj_001.png,ow,1.0,224.0,1,ow-0200,,data/metadata/dartis_positive_verifier_crops.csv,1,train,15.526618114509668,107.0,,,224.0
,OIL::ow-0200::ow-0200__obj_002,CONFIRMED_OIL,,,data/external/dartis/processed/verifier_positive/ow/ow-0200__obj_002.png,ow,1.0,224.0,1,ow-0200,,data/metadata/dartis_positive_verifier_crops.csv,1,train,16.205710323178742,109.0,,,224.0
,OIL::ow-0200::ow-0200__obj_003,CONFIRMED_OIL,,,data/external/dartis/processed/verifier_positive/ow/ow-0200__obj_003.png,ow,1.0,224.0,1,ow-0200,,data/metadata/dartis_positive_verifier_crops.csv,1,train,12.932869272850754,104.0,,,224.0
,OIL::ow-0200::ow-0200__obj_004,CONFIRMED_OIL,,,data/external/dartis/processed/verifier_positive/ow/ow-0200__obj_004.png,ow,1.0,224.0,1,ow-0200,,data/metadata/dartis_positive_verifier_crops.csv,1,train,16.62024793604571,103.0,,,224.0
,OIL::ow-0200::ow-0200__obj_005,CONFIRMED_OIL,,,data/external/dartis/processed/verifier_positive/ow/ow-0200__obj_005.png,ow,1.0,224.0,1,ow-0200,,data/metadata/dartis_positive_verifier_crops.csv,1,train,13.449319700311204,99.0,,,224.0
,OIL::ow-0200::ow-0200__obj_006,CONFIRMED_OIL,,,data/external/dartis/processed/verifier_positive/ow/ow-0200__obj_006.png,ow,1.0,224.0,1,ow-0200,,data/metadata/dartis_positive_verifier_crops.csv,1,train,13.202246590136792,113.0,,,224.0
,OIL::ow-0200::ow-0200__obj_007,CONFIRMED_OIL,,,data/external/dartis/processed/verifier_positive/ow/ow-0200__obj_007.png,ow,1.0,224.0,1,ow-0200,,data/metadata/dartis_positive_verifier_crops.csv,1,train,13.54210436486073,110.0,,,224.0
,OIL::ow-0200::ow-0200__obj_008,CONFIRMED_OIL,,,data/external/dartis/processed/verifier_positive/ow/ow-0200__obj_008.png,ow,1.0,224.0,1,ow-0200,,data/metadata/dartis_positive_verifier_crops.csv,1,train,14.242556180997765,102.0,,,224.0
,OIL::ow-0200::ow-0200__obj_009,CONFIRMED_OIL,,,data/external/dartis/processed/verifier_positive/ow/ow-0200__obj_009.png,ow,1.0,224.0,1,ow-0200,,data/metadata/dartis_positive_verifier_crops.csv,1,train,12.386393181662452,96.0,,,224.0
,OIL::ow-0201::ow-0201__obj_001,CONFIRMED_OIL,,,data/external/dartis/processed/verifier_positive/ow/ow-0201__obj_001.png,ow,1.0,224.0,1,ow-0201,,data/metadata/dartis_positive_verifier_crops.csv,1,calibration,18.76850477547661,170.0,,,224.0
,OIL::ow-0202::ow-0202__obj_001,CONFIRMED_OIL,,,data/external/dartis/processed/verifier_positive/ow/ow-0202__obj_001.png,ow,1.0,224.0,1,ow-0202,,data/metadata/dartis_positive_verifier_crops.csv,1,train,38.00349890209418,232.0,,,224.0
,OIL::ow-0202::ow-0202__obj_002,CONFIRMED_OIL,,,data/external/dartis/processed/verifier_positive/ow/ow-0202__obj_002.png,ow,1.0,224.0,1,ow-0202,,data/metadata/dartis_positive_verifier_crops.csv,1,train,30.41928250030194,226.0,,,224.0
,OIL::ow-0202::ow-0202__obj_003,CONFIRMED_OIL,,,data/external/dartis/processed/verifier_positive/ow/ow-0202__obj_003.png,ow,1.0,224.0,1,ow-0202,,data/metadata/dartis_positive_verifier_crops.csv,1,train,30.091472000364497,218.0,,,224.0
,OIL::ow-0202::ow-0202__obj_004,CONFIRMED_OIL,,,data/external/dartis/processed/verifier_positive/ow/ow-0202__obj_004.png,ow,1.0,224.0,1,ow-0202,,data/metadata/dartis_positive_verifier_crops.csv,1,train,36.762067920712056,229.0,,,224.0
,OIL::ow-0203::ow-0203__obj_001,CONFIRMED_OIL,,,data/external/dartis/processed/verifier_positive/ow/ow-0203__obj_001.png,ow,1.0,224.0,1,ow-0203,,data/metadata/dartis_positive_verifier_crops.csv,1,train,25.49506488777541,229.0,,,224.0
,OIL::ow-0203::ow-0203__obj_002,CONFIRMED_OIL,,,data/external/dartis/processed/verifier_positive/ow/ow-0203__obj_002.png,ow,1.0,224.0,1,ow-0203,,data/metadata/dartis_positive_verifier_crops.csv,1,train,16.776970346897357,160.0,,,224.0
,OIL::ow-0204::ow-0204__obj_001,CONFIRMED_OIL,,,data/external/dartis/processed/verifier_positive/ow/ow-0204__obj_001.png,ow,1.0,224.0,1,ow-0204,,data/metadata/dartis_positive_verifier_crops.csv,1,train,28.39275597676833,220.0,,,224.0
,OIL::ow-0204::ow-0204__obj_002,CONFIRMED_OIL,,,data/external/dartis/processed/verifier_positive/ow/ow-0204__obj_002.png,ow,1.0,224.0,1,ow-0204,,data/metadata/dartis_positive_verifier_crops.csv,1,train,30.58270529060239,222.0,,,224.0
,OIL::ow-0204::ow-0204__obj_003,CONFIRMED_OIL,,,data/external/dartis/processed/verifier_positive/ow/ow-0204__obj_003.png,ow,1.0,224.0,1,ow-0204,,data/metadata/dartis_positive_verifier_crops.csv,1,train,29.03411593500956,223.0,,,224.0
,OIL::ow-0204::ow-0204__obj_004,CONFIRMED_OIL,,,data/external/dartis/processed/verifier_positive/ow/ow-0204__obj_004.png,ow,1.0,224.0,1,ow-0204,,data/metadata/dartis_positive_verifier_crops.csv,1,train,22.964259496700105,196.0,,,224.0
,OIL::ow-0205::ow-0205__obj_001,CONFIRMED_OIL,,,data/external/dartis/processed/verifier_positive/ow/ow-0205__obj_001.png,ow,1.0,224.0,1,ow-0205,,data/metadata/dartis_positive_verifier_crops.csv,1,calibration,34.392172875662176,236.0,,,224.0
,OIL::ow-0206::ow-0206__obj_001,CONFIRMED_OIL,,,data/external/dartis/processed/verifier_positive/ow/ow-0206__obj_001.png,ow,1.0,224.0,1,ow-0206,,data/metadata/dartis_positive_verifier_crops.csv,1,train,6.696006335263808,77.0,,,224.0
,OIL::ow-0207::ow-0207__obj_001,CONFIRMED_OIL,,,data/external/dartis/processed/verifier_positive/ow/ow-0207__obj_001.png,ow,1.0,224.0,1,ow-0207,,data/metadata/dartis_positive_verifier_crops.csv,1,train,15.699038715295114,115.0,,,224.0
,OIL::ow-0207::ow-0207__obj_002,CONFIRMED_OIL,,,data/external/dartis/processed/verifier_positive/ow/ow-0207__obj_002.png,ow,1.0,224.0,1,ow-0207,,data/metadata/dartis_positive_verifier_crops.csv,1,train,13.056426178901164,90.0,,,224.0
,OIL::ow-0207::ow-0207__obj_003,CONFIRMED_OIL,,,data/external/dartis/processed/verifier_positive/ow/ow-0207__obj_003.png,ow,1.0,224.0,1,ow-0207,,data/metadata/dartis_positive_verifier_crops.csv,1,train,15.893218117098233,110.0,,,224.0
,OIL::ow-0208::ow-0208__obj_001,CONFIRMED_OIL,,,data/external/dartis/processed/verifier_positive/ow/ow-0208__obj_001.png,ow,1.0,224.0,1,ow-0208,,data/metadata/dartis_positive_verifier_crops.csv,1,train,17.096442491651647,143.0,,,224.0
,OIL::ow-0209::ow-0209__obj_001,CONFIRMED_OIL,,,data/external/dartis/processed/verifier_positive/ow/ow-0209__obj_001.png,ow,1.0,224.0,1,ow-0209,,data/metadata/dartis_positive_verifier_crops.csv,1,train,26.928260578820183,212.0,,,224.0
,OIL::ow-0210::ow-0210__obj_001,CONFIRMED_OIL,,,data/external/dartis/processed/verifier_positive/ow/ow-0210__obj_001.png,ow,1.0,224.0,1,ow-0210,,data/metadata/dartis_positive_verifier_crops.csv,1,train,22.469095545360304,220.0,,,224.0
,OIL::ow-0210::ow-0210__obj_002,CONFIRMED_OIL,,,data/external/dartis/processed/verifier_positive/ow/ow-0210__obj_002.png,ow,1.0,224.0,1,ow-0210,,data/metadata/dartis_positive_verifier_crops.csv,1,train,21.73700906353212,215.0,,,224.0
,OIL::ow-0210::ow-0210__obj_003,CONFIRMED_OIL,,,data/external/dartis/processed/verifier_positive/ow/ow-0210__obj_003.png,ow,1.0,224.0,1,ow-0210,,data/metadata/dartis_positive_verifier_crops.csv,1,train,23.5802980719962,213.0,,,224.0
,OIL::ow-0210::ow-0210__obj_004,CONFIRMED_OIL,,,data/external/dartis/processed/verifier_positive/ow/ow-0210__obj_004.png,ow,1.0,224.0,1,ow-0210,,data/metadata/dartis_positive_verifier_crops.csv,1,train,28.02563528128392,228.0,,,224.0
,OIL::ow-0211::ow-0211__obj_001,CONFIRMED_OIL,,,data/external/dartis/processed/verifier_positive/ow/ow-0211__obj_001.png,ow,1.0,224.0,1,ow-0211,,data/metadata/dartis_positive_verifier_crops.csv,1,train,23.71747431666445,224.0,,,224.0
,OIL::ow-0211::ow-0211__obj_002,CONFIRMED_OIL,,,data/external/dartis/processed/verifier_positive/ow/ow-0211__obj_002.png,ow,1.0,224.0,1,ow-0211,,data/metadata/dartis_positive_verifier_crops.csv,1,train,26.13122563716857,224.0,,,224.0
,OIL::ow-0212::ow-0212__obj_001,CONFIRMED_OIL,,,data/external/dartis/processed/verifier_positive/ow/ow-0212__obj_001.png,ow,1.0,224.0,1,ow-0212,,data/metadata/dartis_positive_verifier_crops.csv,1,train,28.03193959605288,237.0,,,224.0
,OIL::ow-0212::ow-0212__obj_002,CONFIRMED_OIL,,,data/external/dartis/processed/verifier_positive/ow/ow-0212__obj_002.png,ow,1.0,224.0,1,ow-0212,,data/metadata/dartis_positive_verifier_crops.csv,1,train,34.76499814005816,231.0,,,224.0
,OIL::ow-0213::ow-0213__obj_001,CONFIRMED_OIL,,,data/external/dartis/processed/verifier_positive/ow/ow-0213__obj_001.png,ow,1.0,224.0,1,ow-0213,,data/metadata/dartis_positive_verifier_crops.csv,1,train,25.745597110712637,179.0,,,224.0
,OIL::ow-0213::ow-0213__obj_002,CONFIRMED_OIL,,,data/external/dartis/processed/verifier_positive/ow/ow-0213__obj_002.png,ow,1.0,224.0,1,ow-0213,,data/metadata/dartis_positive_verifier_crops.csv,1,train,31.06734134852011,189.0,,,224.0
,OIL::ow-0213::ow-0213__obj_003,CONFIRMED_OIL,,,data/external/dartis/processed/verifier_positive/ow/ow-0213__obj_003.png,ow,1.0,224.0,1,ow-0213,,data/metadata/dartis_positive_verifier_crops.csv,1,train,27.870383646967632,174.0,,,224.0
,OIL::ow-0214::ow-0214__obj_001,CONFIRMED_OIL,,,data/external/dartis/processed/verifier_positive/ow/ow-0214__obj_001.png,ow,1.0,224.0,1,ow-0214,,data/metadata/dartis_positive_verifier_crops.csv,1,train,30.48525394780269,192.0,,,224.0
,OIL::ow-0215::ow-0215__obj_001,CONFIRMED_OIL,,,data/external/dartis/processed/verifier_positive/ow/ow-0215__obj_001.png,ow,1.0,224.0,1,ow-0215,,data/metadata/dartis_positive_verifier_crops.csv,1,train,21.795271814453116,145.0,,,224.0
,OIL::ow-0216::ow-0216__obj_001,CONFIRMED_OIL,,,data/external/dartis/processed/verifier_positive/ow/ow-0216__obj_001.png,ow,1.0,224.0,1,ow-0216,,data/metadata/dartis_positive_verifier_crops.csv,1,train,24.66658471396141,196.0,,,224.0
,OIL::ow-0216::ow-0216__obj_002,CONFIRMED_OIL,,,data/external/dartis/processed/verifier_positive/ow/ow-0216__obj_002.png,ow,1.0,224.0,1,ow-0216,,data/metadata/dartis_positive_verifier_crops.csv,1,train,22.729558530267717,182.0,,,224.0
,OIL::ow-0216::ow-0216__obj_003,CONFIRMED_OIL,,,data/external/dartis/processed/verifier_positive/ow/ow-0216__obj_003.png,ow,1.0,224.0,1,ow-0216,,data/metadata/dartis_positive_verifier_crops.csv,1,train,22.066241820212053,175.0,,,224.0
,OIL::ow-0216::ow-0216__obj_004,CONFIRMED_OIL,,,data/external/dartis/processed/verifier_positive/ow/ow-0216__obj_004.png,ow,1.0,224.0,1,ow-0216,,data/metadata/dartis_positive_verifier_crops.csv,1,train,33.82814934615752,212.0,,,224.0
,OIL::ow-0217::ow-0217__obj_001,CONFIRMED_OIL,,,data/external/dartis/processed/verifier_positive/ow/ow-0217__obj_001.png,ow,1.0,224.0,1,ow-0217,,data/metadata/dartis_positive_verifier_crops.csv,1,train,23.5333356313858,192.0,,,224.0
,OIL::ow-0217::ow-0217__obj_002,CONFIRMED_OIL,,,data/external/dartis/processed/verifier_positive/ow/ow-0217__obj_002.png,ow,1.0,224.0,1,ow-0217,,data/metadata/dartis_positive_verifier_crops.csv,1,train,23.89790695418707,215.0,,,224.0
,OIL::ow-0218::ow-0218__obj_001,CONFIRMED_OIL,,,data/external/dartis/processed/verifier_positive/ow/ow-0218__obj_001.png,ow,1.0,224.0,1,ow-0218,,data/metadata/dartis_positive_verifier_crops.csv,1,train,14.264402583592036,99.0,,,224.0
,OIL::ow-0219::ow-0219__obj_001,CONFIRMED_OIL,,,data/external/dartis/processed/verifier_positive/ow/ow-0219__obj_001.png,ow,1.0,224.0,1,ow-0219,,data/metadata/dartis_positive_verifier_crops.csv,1,train,27.2909123212949,214.0,,,224.0
,OIL::ow-0220::ow-0220__obj_001,CONFIRMED_OIL,,,data/external/dartis/processed/verifier_positive/ow/ow-0220__obj_001.png,ow,1.0,224.0,1,ow-0220,,data/metadata/dartis_positive_verifier_crops.csv,1,train,28.1094464182369,197.0,,,224.0
,OIL::ow-0221::ow-0221__obj_001,CONFIRMED_OIL,,,data/external/dartis/processed/verifier_positive/ow/ow-0221__obj_001.png,ow,1.0,224.0,1,ow-0221,,data/metadata/dartis_positive_verifier_crops.csv,1,train,20.80189313990775,166.0,,,224.0
,OIL::ow-0222::ow-0222__obj_001,CONFIRMED_OIL,,,data/external/dartis/processed/verifier_positive/ow/ow-0222__obj_001.png,ow,1.0,224.0,1,ow-0222,,data/metadata/dartis_positive_verifier_crops.csv,1,train,23.78276026221074,170.0,,,224.0
,OIL::ow-0223::ow-0223__obj_001,CONFIRMED_OIL,,,data/external/dartis/processed/verifier_positive/ow/ow-0223__obj_001.png,ow,1.0,224.0,1,ow-0223,,data/metadata/dartis_positive_verifier_crops.csv,1,train,25.967703741708785,214.0,,,224.0
,OIL::ow-0223::ow-0223__obj_002,CONFIRMED_OIL,,,data/external/dartis/processed/verifier_positive/ow/ow-0223__obj_002.png,ow,1.0,224.0,1,ow-0223,,data/metadata/dartis_positive_verifier_crops.csv,1,train,19.52467136943276,161.0,,,224.0
,OIL::ow-0223::ow-0223__obj_003,CONFIRMED_OIL,,,data/external/dartis/processed/verifier_positive/ow/ow-0223__obj_003.png,ow,1.0,224.0,1,ow-0223,,data/metadata/dartis_positive_verifier_crops.csv,1,train,21.34812289587269,180.0,,,224.0
,OIL::ow-0223::ow-0223__obj_004,CONFIRMED_OIL,,,data/external/dartis/processed/verifier_positive/ow/ow-0223__obj_004.png,ow,1.0,224.0,1,ow-0223,,data/metadata/dartis_positive_verifier_crops.csv,1,train,21.385671639775147,174.0,,,224.0
,OIL::ow-0223::ow-0223__obj_005,CONFIRMED_OIL,,,data/external/dartis/processed/verifier_positive/ow/ow-0223__obj_005.png,ow,1.0,224.0,1,ow-0223,,data/metadata/dartis_positive_verifier_crops.csv,1,train,21.085612555289657,192.0,,,224.0
,OIL::ow-0224::ow-0224__obj_001,CONFIRMED_OIL,,,data/external/dartis/processed/verifier_positive/ow/ow-0224__obj_001.png,ow,1.0,224.0,1,ow-0224,,data/metadata/dartis_positive_verifier_crops.csv,1,train,16.143728117133847,124.0,,,224.0
,OIL::ow-0224::ow-0224__obj_002,CONFIRMED_OIL,,,data/external/dartis/processed/verifier_positive/ow/ow-0224__obj_002.png,ow,1.0,224.0,1,ow-0224,,data/metadata/dartis_positive_verifier_crops.csv,1,train,15.909008177502002,130.0,,,224.0
,OIL::ow-0224::ow-0224__obj_003,CONFIRMED_OIL,,,data/external/dartis/processed/verifier_positive/ow/ow-0224__obj_003.png,ow,1.0,224.0,1,ow-0224,,data/metadata/dartis_positive_verifier_crops.csv,1,train,18.086467792525514,130.0,,,224.0
,OIL::ow-0224::ow-0224__obj_004,CONFIRMED_OIL,,,data/external/dartis/processed/verifier_positive/ow/ow-0224__obj_004.png,ow,1.0,224.0,1,ow-0224,,data/metadata/dartis_positive_verifier_crops.csv,1,train,16.557892300679462,126.0,,,224.0
,OIL::ow-0224::ow-0224__obj_005,CONFIRMED_OIL,,,data/external/dartis/processed/verifier_positive/ow/ow-0224__obj_005.png,ow,1.0,224.0,1,ow-0224,,data/metadata/dartis_positive_verifier_crops.csv,1,train,15.380971945942973,119.0,,,224.0
,OIL::ow-0225::ow-0225__obj_001,CONFIRMED_OIL,,,data/external/dartis/processed/verifier_positive/ow/ow-0225__obj_001.png,ow,1.0,224.0,1,ow-0225,,data/metadata/dartis_positive_verifier_crops.csv,1,train,18.228774102714507,98.0,,,224.0
,OIL::ow-0226::ow-0226__obj_001,CONFIRMED_OIL,,,data/external/dartis/processed/verifier_positive/ow/ow-0226__obj_001.png,ow,1.0,224.0,1,ow-0226,,data/metadata/dartis_positive_verifier_crops.csv,1,train,18.202061856943303,161.0,,,224.0
,OIL::ow-0227::ow-0227__obj_001,CONFIRMED_OIL,,,data/external/dartis/processed/verifier_positive/ow/ow-0227__obj_001.png,ow,1.0,224.0,1,ow-0227,,data/metadata/dartis_positive_verifier_crops.csv,1,train,28.25902815996397,227.0,,,224.0
,OIL::ow-0227::ow-0227__obj_002,CONFIRMED_OIL,,,data/external/dartis/processed/verifier_positive/ow/ow-0227__obj_002.png,ow,1.0,224.0,1,ow-0227,,data/metadata/dartis_positive_verifier_crops.csv,1,train,26.026299731589837,218.0,,,224.0
,OIL::ow-0227::ow-0227__obj_004,CONFIRMED_OIL,,,data/external/dartis/processed/verifier_positive/ow/ow-0227__obj_004.png,ow,1.0,224.0,1,ow-0227,,data/metadata/dartis_positive_verifier_crops.csv,1,train,28.36235211142594,231.0,,,224.0
,OIL::ow-0228::ow-0228__obj_001,CONFIRMED_OIL,,,data/external/dartis/processed/verifier_positive/ow/ow-0228__obj_001.png,ow,1.0,224.0,1,ow-0228,,data/metadata/dartis_positive_verifier_crops.csv,1,train,15.957067062848813,150.0,,,224.0
,OIL::ow-0229::ow-0229__obj_001,CONFIRMED_OIL,,,data/external/dartis/processed/verifier_positive/ow/ow-0229__obj_001.png,ow,1.0,224.0,1,ow-0229,,data/metadata/dartis_positive_verifier_crops.csv,1,train,23.01970338094532,140.0,,,224.0
,OIL::ow-0230::ow-0230__obj_001,CONFIRMED_OIL,,,data/external/dartis/processed/verifier_positive/ow/ow-0230__obj_001.png,ow,1.0,224.0,1,ow-0230,,data/metadata/dartis_positive_verifier_crops.csv,1,train,24.855515096253757,206.0,,,224.0
,OIL::ow-0231::ow-0231__obj_001,CONFIRMED_OIL,,,data/external/dartis/processed/verifier_positive/ow/ow-0231__obj_001.png,ow,1.0,224.0,1,ow-0231,,data/metadata/dartis_positive_verifier_crops.csv,1,train,24.598589096705265,200.0,,,224.0
,OIL::ow-0232::ow-0232__obj_001,CONFIRMED_OIL,,,data/external/dartis/processed/verifier_positive/ow/ow-0232__obj_001.png,ow,1.0,224.0,1,ow-0232,,data/metadata/dartis_positive_verifier_crops.csv,1,train,21.75259380681617,191.0,,,224.0
,OIL::ow-0232::ow-0232__obj_002,CONFIRMED_OIL,,,data/external/dartis/processed/verifier_positive/ow/ow-0232__obj_002.png,ow,1.0,224.0,1,ow-0232,,data/metadata/dartis_positive_verifier_crops.csv,1,train,25.338518500342644,198.0,,,224.0
,OIL::ow-0233::ow-0233__obj_001,CONFIRMED_OIL,,,data/external/dartis/processed/verifier_positive/ow/ow-0233__obj_001.png,ow,1.0,224.0,1,ow-0233,,data/metadata/dartis_positive_verifier_crops.csv,1,train,26.209529383052523,216.0,,,224.0
,OIL::ow-0234::ow-0234__obj_001,CONFIRMED_OIL,,,data/external/dartis/processed/verifier_positive/ow/ow-0234__obj_001.png,ow,1.0,224.0,1,ow-0234,,data/metadata/dartis_positive_verifier_crops.csv,1,train,32.62708518184226,217.0,,,224.0
,OIL::ow-0234::ow-0234__obj_002,CONFIRMED_OIL,,,data/external/dartis/processed/verifier_positive/ow/ow-0234__obj_002.png,ow,1.0,224.0,1,ow-0234,,data/metadata/dartis_positive_verifier_crops.csv,1,train,29.856421694035514,207.0,,,224.0
,OIL::ow-0235::ow-0235__obj_001,CONFIRMED_OIL,,,data/external/dartis/processed/verifier_positive/ow/ow-0235__obj_001.png,ow,1.0,224.0,1,ow-0235,,data/metadata/dartis_positive_verifier_crops.csv,1,train,34.73727658260126,225.0,,,224.0
,OIL::ow-0236::ow-0236__obj_001,CONFIRMED_OIL,,,data/external/dartis/processed/verifier_positive/ow/ow-0236__obj_001.png,ow,1.0,224.0,1,ow-0236,,data/metadata/dartis_positive_verifier_crops.csv,1,calibration,27.824160805137502,171.0,,,224.0
,OIL::ow-0237::ow-0237__obj_001,CONFIRMED_OIL,,,data/external/dartis/processed/verifier_positive/ow/ow-0237__obj_001.png,ow,1.0,224.0,1,ow-0237,,data/metadata/dartis_positive_verifier_crops.csv,1,train,30.298089786348232,206.0,,,224.0
,OIL::ow-0238::ow-0238__obj_001,CONFIRMED_OIL,,,data/external/dartis/processed/verifier_positive/ow/ow-0238__obj_001.png,ow,1.0,224.0,1,ow-0238,,data/metadata/dartis_positive_verifier_crops.csv,1,train,28.86681893742208,201.0,,,224.0
,OIL::ow-0239::ow-0239__obj_001,CONFIRMED_OIL,,,data/external/dartis/processed/verifier_positive/ow/ow-0239__obj_001.png,ow,1.0,224.0,1,ow-0239,,data/metadata/dartis_positive_verifier_crops.csv,1,train,15.928145741389397,106.0,,,224.0
,OIL::ow-0239::ow-0239__obj_002,CONFIRMED_OIL,,,data/external/dartis/processed/verifier_positive/ow/ow-0239__obj_002.png,ow,1.0,224.0,1,ow-0239,,data/metadata/dartis_positive_verifier_crops.csv,1,train,12.370213566837217,104.0,,,224.0
,OIL::ow-0239::ow-0239__obj_003,CONFIRMED_OIL,,,data/external/dartis/processed/verifier_positive/ow/ow-0239__obj_003.png,ow,1.0,224.0,1,ow-0239,,data/metadata/dartis_positive_verifier_crops.csv,1,train,14.418963670571854,105.0,,,224.0
,OIL::ow-0239::ow-0239__obj_004,CONFIRMED_OIL,,,data/external/dartis/processed/verifier_positive/ow/ow-0239__obj_004.png,ow,1.0,224.0,1,ow-0239,,data/metadata/dartis_positive_verifier_crops.csv,1,train,21.025379070382,251.0,,,224.0
,OIL::ow-0240::ow-0240__obj_001,CONFIRMED_OIL,,,data/external/dartis/processed/verifier_positive/ow/ow-0240__obj_001.png,ow,1.0,224.0,1,ow-0240,,data/metadata/dartis_positive_verifier_crops.csv,1,train,10.641648200067824,93.0,,,224.0
,OIL::ow-0241::ow-0241__obj_001,CONFIRMED_OIL,,,data/external/dartis/processed/verifier_positive/ow/ow-0241__obj_001.png,ow,1.0,224.0,1,ow-0241,,data/metadata/dartis_positive_verifier_crops.csv,1,train,29.53921895493912,217.0,,,224.0
,OIL::ow-0241::ow-0241__obj_002,CONFIRMED_OIL,,,data/external/dartis/processed/verifier_positive/ow/ow-0241__obj_002.png,ow,1.0,224.0,1,ow-0241,,data/metadata/dartis_positive_verifier_crops.csv,1,train,29.469683341217586,216.0,,,224.0
,OIL::ow-0242::ow-0242__obj_001,CONFIRMED_OIL,,,data/external/dartis/processed/verifier_positive/ow/ow-0242__obj_001.png,ow,1.0,224.0,1,ow-0242,,data/metadata/dartis_positive_verifier_crops.csv,1,calibration,28.83842678037581,228.0,,,224.0
,OIL::ow-0243::ow-0243__obj_001,CONFIRMED_OIL,,,data/external/dartis/processed/verifier_positive/ow/ow-0243__obj_001.png,ow,1.0,224.0,1,ow-0243,,data/metadata/dartis_positive_verifier_crops.csv,1,train,11.081709846253244,98.0,,,224.0
,OIL::ow-0244::ow-0244__obj_001,CONFIRMED_OIL,,,data/external/dartis/processed/verifier_positive/ow/ow-0244__obj_001.png,ow,1.0,224.0,1,ow-0244,,data/metadata/dartis_positive_verifier_crops.csv,1,train,33.59502553464843,211.0,,,224.0
,OIL::ow-0245::ow-0245__obj_001,CONFIRMED_OIL,,,data/external/dartis/processed/verifier_positive/ow/ow-0245__obj_001.png,ow,1.0,224.0,1,ow-0245,,data/metadata/dartis_positive_verifier_crops.csv,1,calibration,27.651176429857696,150.0,,,224.0
,OIL::ow-0245::ow-0245__obj_002,CONFIRMED_OIL,,,data/external/dartis/processed/verifier_positive/ow/ow-0245__obj_002.png,ow,1.0,224.0,1,ow-0245,,data/metadata/dartis_positive_verifier_crops.csv,1,calibration,33.59408898010343,205.0,,,224.0
,OIL::ow-0246::ow-0246__obj_001,CONFIRMED_OIL,,,data/external/dartis/processed/verifier_positive/ow/ow-0246__obj_001.png,ow,1.0,224.0,1,ow-0246,,data/metadata/dartis_positive_verifier_crops.csv,1,calibration,34.90966921638108,234.0,,,224.0
,OIL::ow-0247::ow-0247__obj_001,CONFIRMED_OIL,,,data/external/dartis/processed/verifier_positive/ow/ow-0247__obj_001.png,ow,1.0,224.0,1,ow-0247,,data/metadata/dartis_positive_verifier_crops.csv,1,calibration,27.185578077713448,177.0,,,224.0
,OIL::ow-0248::ow-0248__obj_001,CONFIRMED_OIL,,,data/external/dartis/processed/verifier_positive/ow/ow-0248__obj_001.png,ow,1.0,224.0,1,ow-0248,,data/metadata/dartis_positive_verifier_crops.csv,1,train,28.65967015514086,227.0,,,224.0
,OIL::ow-0248::ow-0248__obj_003,CONFIRMED_OIL,,,data/external/dartis/processed/verifier_positive/ow/ow-0248__obj_003.png,ow,1.0,224.0,1,ow-0248,,data/metadata/dartis_positive_verifier_crops.csv,1,train,31.66807631162289,234.0,,,224.0
,OIL::ow-0248::ow-0248__obj_004,CONFIRMED_OIL,,,data/external/dartis/processed/verifier_positive/ow/ow-0248__obj_004.png,ow,1.0,224.0,1,ow-0248,,data/metadata/dartis_positive_verifier_crops.csv,1,train,28.645522329227628,234.0,,,224.0
,OIL::ow-0248::ow-0248__obj_005,CONFIRMED_OIL,,,data/external/dartis/processed/verifier_positive/ow/ow-0248__obj_005.png,ow,1.0,224.0,1,ow-0248,,data/metadata/dartis_positive_verifier_crops.csv,1,train,27.04688633934367,225.0,,,224.0
,OIL::ow-0248::ow-0248__obj_007,CONFIRMED_OIL,,,data/external/dartis/processed/verifier_positive/ow/ow-0248__obj_007.png,ow,1.0,224.0,1,ow-0248,,data/metadata/dartis_positive_verifier_crops.csv,1,train,31.05785572957896,238.0,,,224.0
,OIL::ow-0248::ow-0248__obj_009,CONFIRMED_OIL,,,data/external/dartis/processed/verifier_positive/ow/ow-0248__obj_009.png,ow,1.0,224.0,1,ow-0248,,data/metadata/dartis_positive_verifier_crops.csv,1,train,30.96727823720625,246.0,,,224.0
,OIL::ow-0248::ow-0248__obj_010,CONFIRMED_OIL,,,data/external/dartis/processed/verifier_positive/ow/ow-0248__obj_010.png,ow,1.0,224.0,1,ow-0248,,data/metadata/dartis_positive_verifier_crops.csv,1,train,24.071744662057423,211.0,,,224.0
,OIL::ow-0248::ow-0248__obj_011,CONFIRMED_OIL,,,data/external/dartis/processed/verifier_positive/ow/ow-0248__obj_011.png,ow,1.0,224.0,1,ow-0248,,data/metadata/dartis_positive_verifier_crops.csv,1,train,25.833154891363307,222.0,,,224.0
,OIL::ow-0249::ow-0249__obj_001,CONFIRMED_OIL,,,data/external/dartis/processed/verifier_positive/ow/ow-0249__obj_001.png,ow,1.0,224.0,1,ow-0249,,data/metadata/dartis_positive_verifier_crops.csv,1,train,20.57931982877408,193.0,,,224.0
,OIL::ow-0250::ow-0250__obj_001,CONFIRMED_OIL,,,data/external/dartis/processed/verifier_positive/ow/ow-0250__obj_001.png,ow,1.0,224.0,1,ow-0250,,data/metadata/dartis_positive_verifier_crops.csv,1,train,37.341299048721474,236.0,,,224.0
,OIL::ow-0250::ow-0250__obj_002,CONFIRMED_OIL,,,data/external/dartis/processed/verifier_positive/ow/ow-0250__obj_002.png,ow,1.0,224.0,1,ow-0250,,data/metadata/dartis_positive_verifier_crops.csv,1,train,37.763149765940526,235.0,,,224.0
,OIL::ow-0250::ow-0250__obj_003,CONFIRMED_OIL,,,data/external/dartis/processed/verifier_positive/ow/ow-0250__obj_003.png,ow,1.0,224.0,1,ow-0250,,data/metadata/dartis_positive_verifier_crops.csv,1,train,28.622580536311,227.0,,,224.0
,OIL::ow-0251::ow-0251__obj_001,CONFIRMED_OIL,,,data/external/dartis/processed/verifier_positive/ow/ow-0251__obj_001.png,ow,1.0,224.0,1,ow-0251,,data/metadata/dartis_positive_verifier_crops.csv,1,calibration,24.84176406984192,208.0,,,224.0
,OIL::ow-0252::ow-0252__obj_001,CONFIRMED_OIL,,,data/external/dartis/processed/verifier_positive/ow/ow-0252__obj_001.png,ow,1.0,224.0,1,ow-0252,,data/metadata/dartis_positive_verifier_crops.csv,1,calibration,26.262647151425515,217.0,,,224.0
,OIL::ow-0253::ow-0253__obj_001,CONFIRMED_OIL,,,data/external/dartis/processed/verifier_positive/ow/ow-0253__obj_001.png,ow,1.0,224.0,1,ow-0253,,data/metadata/dartis_positive_verifier_crops.csv,1,train,24.50229875480733,216.0,,,224.0
,OIL::ow-0253::ow-0253__obj_002,CONFIRMED_OIL,,,data/external/dartis/processed/verifier_positive/ow/ow-0253__obj_002.png,ow,1.0,224.0,1,ow-0253,,data/metadata/dartis_positive_verifier_crops.csv,1,train,21.600606223933188,194.0,,,224.0
,OIL::ow-0253::ow-0253__obj_003,CONFIRMED_OIL,,,data/external/dartis/processed/verifier_positive/ow/ow-0253__obj_003.png,ow,1.0,224.0,1,ow-0253,,data/metadata/dartis_positive_verifier_crops.csv,1,train,20.723083403286623,178.0,,,224.0
,OIL::ow-0254::ow-0254__obj_001,CONFIRMED_OIL,,,data/external/dartis/processed/verifier_positive/ow/ow-0254__obj_001.png,ow,1.0,224.0,1,ow-0254,,data/metadata/dartis_positive_verifier_crops.csv,1,train,11.78005811371692,100.0,,,224.0
,OIL::ow-0255::ow-0255__obj_001,CONFIRMED_OIL,,,data/external/dartis/processed/verifier_positive/ow/ow-0255__obj_001.png,ow,1.0,224.0,1,ow-0255,,data/metadata/dartis_positive_verifier_crops.csv,1,train,29.47110982494849,214.0,,,224.0
,OIL::ow-0256::ow-0256__obj_001,CONFIRMED_OIL,,,data/external/dartis/processed/verifier_positive/ow/ow-0256__obj_001.png,ow,1.0,224.0,1,ow-0256,,data/metadata/dartis_positive_verifier_crops.csv,1,calibration,25.783164791969117,204.0,,,224.0
,OIL::ow-0256::ow-0256__obj_002,CONFIRMED_OIL,,,data/external/dartis/processed/verifier_positive/ow/ow-0256__obj_002.png,ow,1.0,224.0,1,ow-0256,,data/metadata/dartis_positive_verifier_crops.csv,1,calibration,28.832941101268105,213.0,,,224.0
,OIL::ow-0256::ow-0256__obj_003,CONFIRMED_OIL,,,data/external/dartis/processed/verifier_positive/ow/ow-0256__obj_003.png,ow,1.0,224.0,1,ow-0256,,data/metadata/dartis_positive_verifier_crops.csv,1,calibration,15.966363334853908,132.0,,,224.0
,OIL::ow-0257::ow-0257__obj_001,CONFIRMED_OIL,,,data/external/dartis/processed/verifier_positive/ow/ow-0257__obj_001.png,ow,1.0,224.0,1,ow-0257,,data/metadata/dartis_positive_verifier_crops.csv,1,calibration,28.082461102793246,228.0,,,224.0
,OIL::ow-0257::ow-0257__obj_002,CONFIRMED_OIL,,,data/external/dartis/processed/verifier_positive/ow/ow-0257__obj_002.png,ow,1.0,224.0,1,ow-0257,,data/metadata/dartis_positive_verifier_crops.csv,1,calibration,21.43500818612065,183.0,,,224.0
,OIL::ow-0258::ow-0258__obj_001,CONFIRMED_OIL,,,data/external/dartis/processed/verifier_positive/ow/ow-0258__obj_001.png,ow,1.0,224.0,1,ow-0258,,data/metadata/dartis_positive_verifier_crops.csv,1,train,27.932272024016907,193.0,,,224.0
,OIL::ow-0258::ow-0258__obj_002,CONFIRMED_OIL,,,data/external/dartis/processed/verifier_positive/ow/ow-0258__obj_002.png,ow,1.0,224.0,1,ow-0258,,data/metadata/dartis_positive_verifier_crops.csv,1,train,26.554926679074036,200.0,,,224.0
,OIL::ow-0259::ow-0259__obj_001,CONFIRMED_OIL,,,data/external/dartis/processed/verifier_positive/ow/ow-0259__obj_001.png,ow,1.0,224.0,1,ow-0259,,data/metadata/dartis_positive_verifier_crops.csv,1,train,10.270180685545236,90.0,,,224.0
,OIL::ow-0259::ow-0259__obj_002,CONFIRMED_OIL,,,data/external/dartis/processed/verifier_positive/ow/ow-0259__obj_002.png,ow,1.0,224.0,1,ow-0259,,data/metadata/dartis_positive_verifier_crops.csv,1,train,9.708300380489923,89.0,,,224.0
,OIL::ow-0260::ow-0260__obj_001,CONFIRMED_OIL,,,data/external/dartis/processed/verifier_positive/ow/ow-0260__obj_001.png,ow,1.0,224.0,1,ow-0260,,data/metadata/dartis_positive_verifier_crops.csv,1,train,9.974493138352406,87.0,,,224.0
,OIL::ow-0260::ow-0260__obj_002,CONFIRMED_OIL,,,data/external/dartis/processed/verifier_positive/ow/ow-0260__obj_002.png,ow,1.0,224.0,1,ow-0260,,data/metadata/dartis_positive_verifier_crops.csv,1,train,11.39096508660804,93.0,,,224.0
,OIL::ow-0261::ow-0261__obj_001,CONFIRMED_OIL,,,data/external/dartis/processed/verifier_positive/ow/ow-0261__obj_001.png,ow,1.0,224.0,1,ow-0261,,data/metadata/dartis_positive_verifier_crops.csv,1,train,28.86804261398085,215.0,,,224.0
,OIL::ow-0262::ow-0262__obj_001,CONFIRMED_OIL,,,data/external/dartis/processed/verifier_positive/ow/ow-0262__obj_001.png,ow,1.0,224.0,1,ow-0262,,data/metadata/dartis_positive_verifier_crops.csv,1,train,32.209979744066565,209.0,,,224.0
,OIL::ow-0262::ow-0262__obj_002,CONFIRMED_OIL,,,data/external/dartis/processed/verifier_positive/ow/ow-0262__obj_002.png,ow,1.0,224.0,1,ow-0262,,data/metadata/dartis_positive_verifier_crops.csv,1,train,35.908424438281244,225.0,,,224.0
,OIL::ow-0263::ow-0263__obj_001,CONFIRMED_OIL,,,data/external/dartis/processed/verifier_positive/ow/ow-0263__obj_001.png,ow,1.0,224.0,1,ow-0263,,data/metadata/dartis_positive_verifier_crops.csv,1,train,8.51887385669503,87.0,,,224.0
,OIL::ow-0264::ow-0264__obj_001,CONFIRMED_OIL,,,data/external/dartis/processed/verifier_positive/ow/ow-0264__obj_001.png,ow,1.0,224.0,1,ow-0264,,data/metadata/dartis_positive_verifier_crops.csv,1,train,23.012007262818138,204.0,,,224.0
,OIL::ow-0265::ow-0265__obj_001,CONFIRMED_OIL,,,data/external/dartis/processed/verifier_positive/ow/ow-0265__obj_001.png,ow,1.0,224.0,1,ow-0265,,data/metadata/dartis_positive_verifier_crops.csv,1,train,27.48657039204008,224.0,,,224.0
,OIL::ow-0266::ow-0266__obj_001,CONFIRMED_OIL,,,data/external/dartis/processed/verifier_positive/ow/ow-0266__obj_001.png,ow,1.0,224.0,1,ow-0266,,data/metadata/dartis_positive_verifier_crops.csv,1,train,33.94961632034086,221.0,,,224.0
,OIL::ow-0267::ow-0267__obj_001,CONFIRMED_OIL,,,data/external/dartis/processed/verifier_positive/ow/ow-0267__obj_001.png,ow,1.0,224.0,1,ow-0267,,data/metadata/dartis_positive_verifier_crops.csv,1,train,35.57684487240842,230.0,,,224.0
,OIL::ow-0267::ow-0267__obj_002,CONFIRMED_OIL,,,data/external/dartis/processed/verifier_positive/ow/ow-0267__obj_002.png,ow,1.0,224.0,1,ow-0267,,data/metadata/dartis_positive_verifier_crops.csv,1,train,40.27617780451031,236.0,,,224.0
,OIL::ow-0267::ow-0267__obj_003,CONFIRMED_OIL,,,data/external/dartis/processed/verifier_positive/ow/ow-0267__obj_003.png,ow,1.0,224.0,1,ow-0267,,data/metadata/dartis_positive_verifier_crops.csv,1,train,34.8650216514101,230.0,,,224.0
,OIL::ow-0268::ow-0268__obj_001,CONFIRMED_OIL,,,data/external/dartis/processed/verifier_positive/ow/ow-0268__obj_001.png,ow,1.0,224.0,1,ow-0268,,data/metadata/dartis_positive_verifier_crops.csv,1,train,39.445356911126254,232.0,,,224.0
,OIL::ow-0268::ow-0268__obj_002,CONFIRMED_OIL,,,data/external/dartis/processed/verifier_positive/ow/ow-0268__obj_002.png,ow,1.0,224.0,1,ow-0268,,data/metadata/dartis_positive_verifier_crops.csv,1,train,37.63643389464099,229.0,,,224.0
,OIL::ow-0269::ow-0269__obj_001,CONFIRMED_OIL,,,data/external/dartis/processed/verifier_positive/ow/ow-0269__obj_001.png,ow,1.0,224.0,1,ow-0269,,data/metadata/dartis_positive_verifier_crops.csv,1,train,39.24160358645314,225.0,,,224.0
,OIL::ow-0270::ow-0270__obj_001,CONFIRMED_OIL,,,data/external/dartis/processed/verifier_positive/ow/ow-0270__obj_001.png,ow,1.0,224.0,1,ow-0270,,data/metadata/dartis_positive_verifier_crops.csv,1,calibration,38.72512513480825,235.0,,,224.0
,OIL::ow-0271::ow-0271__obj_001,CONFIRMED_OIL,,,data/external/dartis/processed/verifier_positive/ow/ow-0271__obj_001.png,ow,1.0,224.0,1,ow-0271,,data/metadata/dartis_positive_verifier_crops.csv,1,train,31.17590728697097,218.0,,,224.0
,OIL::ow-0272::ow-0272__obj_001,CONFIRMED_OIL,,,data/external/dartis/processed/verifier_positive/ow/ow-0272__obj_001.png,ow,1.0,224.0,1,ow-0272,,data/metadata/dartis_positive_verifier_crops.csv,1,train,25.725477397007417,206.0,,,224.0
,OIL::ow-0273::ow-0273__obj_001,CONFIRMED_OIL,,,data/external/dartis/processed/verifier_positive/ow/ow-0273__obj_001.png,ow,1.0,224.0,1,ow-0273,,data/metadata/dartis_positive_verifier_crops.csv,1,train,27.110912403023377,213.0,,,224.0
,OIL::ow-0274::ow-0274__obj_001,CONFIRMED_OIL,,,data/external/dartis/processed/verifier_positive/ow/ow-0274__obj_001.png,ow,1.0,224.0,1,ow-0274,,data/metadata/dartis_positive_verifier_crops.csv,1,train,24.099237921976247,189.0,,,224.0
,OIL::ow-0274::ow-0274__obj_002,CONFIRMED_OIL,,,data/external/dartis/processed/verifier_positive/ow/ow-0274__obj_002.png,ow,1.0,224.0,1,ow-0274,,data/metadata/dartis_positive_verifier_crops.csv,1,train,26.72694301351964,212.0,,,224.0
,OIL::ow-0275::ow-0275__obj_001,CONFIRMED_OIL,,,data/external/dartis/processed/verifier_positive/ow/ow-0275__obj_001.png,ow,1.0,224.0,1,ow-0275,,data/metadata/dartis_positive_verifier_crops.csv,1,train,31.669692364034137,223.0,,,224.0
,OIL::ow-0275::ow-0275__obj_002,CONFIRMED_OIL,,,data/external/dartis/processed/verifier_positive/ow/ow-0275__obj_002.png,ow,1.0,224.0,1,ow-0275,,data/metadata/dartis_positive_verifier_crops.csv,1,train,31.12573157855365,226.0,,,224.0
,OIL::ow-0276::ow-0276__obj_001,CONFIRMED_OIL,,,data/external/dartis/processed/verifier_positive/ow/ow-0276__obj_001.png,ow,1.0,224.0,1,ow-0276,,data/metadata/dartis_positive_verifier_crops.csv,1,train,32.102729599225526,217.0,,,224.0
,OIL::ow-0276::ow-0276__obj_002,CONFIRMED_OIL,,,data/external/dartis/processed/verifier_positive/ow/ow-0276__obj_002.png,ow,1.0,224.0,1,ow-0276,,data/metadata/dartis_positive_verifier_crops.csv,1,train,26.923876152564507,246.0,,,224.0
,OIL::ow-0277::ow-0277__obj_001,CONFIRMED_OIL,,,data/external/dartis/processed/verifier_positive/ow/ow-0277__obj_001.png,ow,1.0,224.0,1,ow-0277,,data/metadata/dartis_positive_verifier_crops.csv,1,train,19.98083148327067,123.0,,,224.0
,OIL::ow-0278::ow-0278__obj_001,CONFIRMED_OIL,,,data/external/dartis/processed/verifier_positive/ow/ow-0278__obj_001.png,ow,1.0,224.0,1,ow-0278,,data/metadata/dartis_positive_verifier_crops.csv,1,train,27.07502872300302,235.0,,,224.0
,OIL::ow-0279::ow-0279__obj_001,CONFIRMED_OIL,,,data/external/dartis/processed/verifier_positive/ow/ow-0279__obj_001.png,ow,1.0,224.0,1,ow-0279,,data/metadata/dartis_positive_verifier_crops.csv,1,train,24.53794745078833,197.0,,,224.0
,OIL::ow-0279::ow-0279__obj_002,CONFIRMED_OIL,,,data/external/dartis/processed/verifier_positive/ow/ow-0279__obj_002.png,ow,1.0,224.0,1,ow-0279,,data/metadata/dartis_positive_verifier_crops.csv,1,train,23.23445506549817,183.0,,,224.0
,OIL::ow-0279::ow-0279__obj_003,CONFIRMED_OIL,,,data/external/dartis/processed/verifier_positive/ow/ow-0279__obj_003.png,ow,1.0,224.0,1,ow-0279,,data/metadata/dartis_positive_verifier_crops.csv,1,train,24.60448873642396,197.0,,,224.0
,OIL::ow-0280::ow-0280__obj_001,CONFIRMED_OIL,,,data/external/dartis/processed/verifier_positive/ow/ow-0280__obj_001.png,ow,1.0,224.0,1,ow-0280,,data/metadata/dartis_positive_verifier_crops.csv,1,train,27.765744801351065,206.0,,,224.0
,OIL::ow-0281::ow-0281__obj_001,CONFIRMED_OIL,,,data/external/dartis/processed/verifier_positive/ow/ow-0281__obj_001.png,ow,1.0,224.0,1,ow-0281,,data/metadata/dartis_positive_verifier_crops.csv,1,train,16.629162901265364,165.0,,,224.0
,OIL::ow-0282::ow-0282__obj_001,CONFIRMED_OIL,,,data/external/dartis/processed/verifier_positive/ow/ow-0282__obj_001.png,ow,1.0,224.0,1,ow-0282,,data/metadata/dartis_positive_verifier_crops.csv,1,train,21.47260759398712,195.0,,,224.0
,OIL::ow-0283::ow-0283__obj_001,CONFIRMED_OIL,,,data/external/dartis/processed/verifier_positive/ow/ow-0283__obj_001.png,ow,1.0,224.0,1,ow-0283,,data/metadata/dartis_positive_verifier_crops.csv,1,train,33.522105482757325,232.0,,,224.0
,OIL::ow-0284::ow-0284__obj_001,CONFIRMED_OIL,,,data/external/dartis/processed/verifier_positive/ow/ow-0284__obj_001.png,ow,1.0,224.0,1,ow-0284,,data/metadata/dartis_positive_verifier_crops.csv,1,train,37.65904789433287,211.0,,,224.0
,OIL::ow-0284::ow-0284__obj_002,CONFIRMED_OIL,,,data/external/dartis/processed/verifier_positive/ow/ow-0284__obj_002.png,ow,1.0,224.0,1,ow-0284,,data/metadata/dartis_positive_verifier_crops.csv,1,train,40.18894105838766,216.0,,,224.0
,OIL::ow-0285::ow-0285__obj_001,CONFIRMED_OIL,,,data/external/dartis/processed/verifier_positive/ow/ow-0285__obj_001.png,ow,1.0,224.0,1,ow-0285,,data/metadata/dartis_positive_verifier_crops.csv,1,train,41.76281217553262,238.0,,,224.0
,OIL::ow-0285::ow-0285__obj_002,CONFIRMED_OIL,,,data/external/dartis/processed/verifier_positive/ow/ow-0285__obj_002.png,ow,1.0,224.0,1,ow-0285,,data/metadata/dartis_positive_verifier_crops.csv,1,train,24.32433259478676,213.0,,,224.0
,OIL::ow-0285::ow-0285__obj_003,CONFIRMED_OIL,,,data/external/dartis/processed/verifier_positive/ow/ow-0285__obj_003.png,ow,1.0,224.0,1,ow-0285,,data/metadata/dartis_positive_verifier_crops.csv,1,train,26.946281757441994,221.0,,,224.0
,OIL::ow-0285::ow-0285__obj_004,CONFIRMED_OIL,,,data/external/dartis/processed/verifier_positive/ow/ow-0285__obj_004.png,ow,1.0,224.0,1,ow-0285,,data/metadata/dartis_positive_verifier_crops.csv,1,train,26.56193223084344,220.0,,,224.0
,OIL::ow-0286::ow-0286__obj_001,CONFIRMED_OIL,,,data/external/dartis/processed/verifier_positive/ow/ow-0286__obj_001.png,ow,1.0,224.0,1,ow-0286,,data/metadata/dartis_positive_verifier_crops.csv,1,train,21.919086106570703,181.0,,,224.0
,OIL::ow-0286::ow-0286__obj_002,CONFIRMED_OIL,,,data/external/dartis/processed/verifier_positive/ow/ow-0286__obj_002.png,ow,1.0,224.0,1,ow-0286,,data/metadata/dartis_positive_verifier_crops.csv,1,train,26.388652059171044,184.0,,,224.0
,OIL::ow-0286::ow-0286__obj_003,CONFIRMED_OIL,,,data/external/dartis/processed/verifier_positive/ow/ow-0286__obj_003.png,ow,1.0,224.0,1,ow-0286,,data/metadata/dartis_positive_verifier_crops.csv,1,train,29.307210060763477,244.0,,,224.0
,OIL::ow-0286::ow-0286__obj_004,CONFIRMED_OIL,,,data/external/dartis/processed/verifier_positive/ow/ow-0286__obj_004.png,ow,1.0,224.0,1,ow-0286,,data/metadata/dartis_positive_verifier_crops.csv,1,train,34.50008158830735,242.0,,,224.0
,OIL::ow-0287::ow-0287__obj_001,CONFIRMED_OIL,,,data/external/dartis/processed/verifier_positive/ow/ow-0287__obj_001.png,ow,1.0,224.0,1,ow-0287,,data/metadata/dartis_positive_verifier_crops.csv,1,train,19.073796015182285,204.0,,,224.0
,OIL::ow-0287::ow-0287__obj_002,CONFIRMED_OIL,,,data/external/dartis/processed/verifier_positive/ow/ow-0287__obj_002.png,ow,1.0,224.0,1,ow-0287,,data/metadata/dartis_positive_verifier_crops.csv,1,train,25.410200834235862,232.0,,,224.0
,OIL::ow-0288::ow-0288__obj_001,CONFIRMED_OIL,,,data/external/dartis/processed/verifier_positive/ow/ow-0288__obj_001.png,ow,1.0,224.0,1,ow-0288,,data/metadata/dartis_positive_verifier_crops.csv,1,train,35.16349851988714,222.0,,,224.0
,OIL::ow-0289::ow-0289__obj_001,CONFIRMED_OIL,,,data/external/dartis/processed/verifier_positive/ow/ow-0289__obj_001.png,ow,1.0,224.0,1,ow-0289,,data/metadata/dartis_positive_verifier_crops.csv,1,train,35.92571606557919,204.0,,,224.0
,OIL::ow-0290::ow-0290__obj_001,CONFIRMED_OIL,,,data/external/dartis/processed/verifier_positive/ow/ow-0290__obj_001.png,ow,1.0,224.0,1,ow-0290,,data/metadata/dartis_positive_verifier_crops.csv,1,train,26.063618621164096,183.0,,,224.0
,OIL::ow-0291::ow-0291__obj_001,CONFIRMED_OIL,,,data/external/dartis/processed/verifier_positive/ow/ow-0291__obj_001.png,ow,1.0,224.0,1,ow-0291,,data/metadata/dartis_positive_verifier_crops.csv,1,train,37.01128923124279,216.0,,,224.0
,OIL::ow-0291::ow-0291__obj_002,CONFIRMED_OIL,,,data/external/dartis/processed/verifier_positive/ow/ow-0291__obj_002.png,ow,1.0,224.0,1,ow-0291,,data/metadata/dartis_positive_verifier_crops.csv,1,train,32.10618560027173,194.0,,,224.0
,OIL::ow-0292::ow-0292__obj_001,CONFIRMED_OIL,,,data/external/dartis/processed/verifier_positive/ow/ow-0292__obj_001.png,ow,1.0,224.0,1,ow-0292,,data/metadata/dartis_positive_verifier_crops.csv,1,train,35.344117116259625,221.0,,,224.0
,OIL::ow-0293::ow-0293__obj_001,CONFIRMED_OIL,,,data/external/dartis/processed/verifier_positive/ow/ow-0293__obj_001.png,ow,1.0,224.0,1,ow-0293,,data/metadata/dartis_positive_verifier_crops.csv,1,calibration,13.420835967300922,162.0,,,224.0
,OIL::ow-0294::ow-0294__obj_001,CONFIRMED_OIL,,,data/external/dartis/processed/verifier_positive/ow/ow-0294__obj_001.png,ow,1.0,224.0,1,ow-0294,,data/metadata/dartis_positive_verifier_crops.csv,1,train,11.708718876397068,92.0,,,224.0
,OIL::ow-0295::ow-0295__obj_001,CONFIRMED_OIL,,,data/external/dartis/processed/verifier_positive/ow/ow-0295__obj_001.png,ow,1.0,224.0,1,ow-0295,,data/metadata/dartis_positive_verifier_crops.csv,1,train,27.340186966151343,209.0,,,224.0
,OIL::ow-0295::ow-0295__obj_002,CONFIRMED_OIL,,,data/external/dartis/processed/verifier_positive/ow/ow-0295__obj_002.png,ow,1.0,224.0,1,ow-0295,,data/metadata/dartis_positive_verifier_crops.csv,1,train,27.820898310299405,205.0,,,224.0
,OIL::ow-0295::ow-0295__obj_003,CONFIRMED_OIL,,,data/external/dartis/processed/verifier_positive/ow/ow-0295__obj_003.png,ow,1.0,224.0,1,ow-0295,,data/metadata/dartis_positive_verifier_crops.csv,1,train,22.743619323728787,195.0,,,224.0
,OIL::ow-0296::ow-0296__obj_001,CONFIRMED_OIL,,,data/external/dartis/processed/verifier_positive/ow/ow-0296__obj_001.png,ow,1.0,224.0,1,ow-0296,,data/metadata/dartis_positive_verifier_crops.csv,1,calibration,13.08960863901662,98.0,,,224.0
,OIL::ow-0297::ow-0297__obj_001,CONFIRMED_OIL,,,data/external/dartis/processed/verifier_positive/ow/ow-0297__obj_001.png,ow,1.0,224.0,1,ow-0297,,data/metadata/dartis_positive_verifier_crops.csv,1,train,28.86218172638745,223.0,,,224.0
,OIL::ow-0297::ow-0297__obj_002,CONFIRMED_OIL,,,data/external/dartis/processed/verifier_positive/ow/ow-0297__obj_002.png,ow,1.0,224.0,1,ow-0297,,data/metadata/dartis_positive_verifier_crops.csv,1,train,28.338647109888942,211.0,,,224.0
,OIL::ow-0298::ow-0298__obj_001,CONFIRMED_OIL,,,data/external/dartis/processed/verifier_positive/ow/ow-0298__obj_001.png,ow,1.0,224.0,1,ow-0298,,data/metadata/dartis_positive_verifier_crops.csv,1,train,7.6059693216709405,88.0,,,224.0
,OIL::ow-0299::ow-0299__obj_001,CONFIRMED_OIL,,,data/external/dartis/processed/verifier_positive/ow/ow-0299__obj_001.png,ow,1.0,224.0,1,ow-0299,,data/metadata/dartis_positive_verifier_crops.csv,1,train,41.405197028598245,244.0,,,224.0
,OIL::ow-0300::ow-0300__obj_001,CONFIRMED_OIL,,,data/external/dartis/processed/verifier_positive/ow/ow-0300__obj_001.png,ow,1.0,224.0,1,ow-0300,,data/metadata/dartis_positive_verifier_crops.csv,1,calibration,17.327142610105916,124.0,,,224.0
,OIL::ow-0301::ow-0301__obj_001,CONFIRMED_OIL,,,data/external/dartis/processed/verifier_positive/ow/ow-0301__obj_001.png,ow,1.0,224.0,1,ow-0301,,data/metadata/dartis_positive_verifier_crops.csv,1,calibration,28.860700053518677,241.0,,,224.0
,OIL::ow-0302::ow-0302__obj_001,CONFIRMED_OIL,,,data/external/dartis/processed/verifier_positive/ow/ow-0302__obj_001.png,ow,1.0,224.0,1,ow-0302,,data/metadata/dartis_positive_verifier_crops.csv,1,train,34.24375161139984,218.0,,,224.0
,OIL::ow-0302::ow-0302__obj_002,CONFIRMED_OIL,,,data/external/dartis/processed/verifier_positive/ow/ow-0302__obj_002.png,ow,1.0,224.0,1,ow-0302,,data/metadata/dartis_positive_verifier_crops.csv,1,train,28.176797809854836,218.0,,,224.0
,OIL::ow-0302::ow-0302__obj_003,CONFIRMED_OIL,,,data/external/dartis/processed/verifier_positive/ow/ow-0302__obj_003.png,ow,1.0,224.0,1,ow-0302,,data/metadata/dartis_positive_verifier_crops.csv,1,train,22.812410761804628,210.0,,,224.0
,OIL::ow-0302::ow-0302__obj_004,CONFIRMED_OIL,,,data/external/dartis/processed/verifier_positive/ow/ow-0302__obj_004.png,ow,1.0,224.0,1,ow-0302,,data/metadata/dartis_positive_verifier_crops.csv,1,train,30.19843748393866,214.0,,,224.0
,OIL::ow-0302::ow-0302__obj_005,CONFIRMED_OIL,,,data/external/dartis/processed/verifier_positive/ow/ow-0302__obj_005.png,ow,1.0,224.0,1,ow-0302,,data/metadata/dartis_positive_verifier_crops.csv,1,train,29.74664253825121,218.0,,,224.0
,OIL::ow-0302::ow-0302__obj_006,CONFIRMED_OIL,,,data/external/dartis/processed/verifier_positive/ow/ow-0302__obj_006.png,ow,1.0,224.0,1,ow-0302,,data/metadata/dartis_positive_verifier_crops.csv,1,train,31.738822077330852,212.0,,,224.0
,OIL::ow-0302::ow-0302__obj_007,CONFIRMED_OIL,,,data/external/dartis/processed/verifier_positive/ow/ow-0302__obj_007.png,ow,1.0,224.0,1,ow-0302,,data/metadata/dartis_positive_verifier_crops.csv,1,train,35.49448002673335,221.0,,,224.0
,OIL::ow-0302::ow-0302__obj_008,CONFIRMED_OIL,,,data/external/dartis/processed/verifier_positive/ow/ow-0302__obj_008.png,ow,1.0,224.0,1,ow-0302,,data/metadata/dartis_positive_verifier_crops.csv,1,train,31.749050112791977,217.0,,,224.0
,OIL::ow-0302::ow-0302__obj_009,CONFIRMED_OIL,,,data/external/dartis/processed/verifier_positive/ow/ow-0302__obj_009.png,ow,1.0,224.0,1,ow-0302,,data/metadata/dartis_positive_verifier_crops.csv,1,train,34.24375161139984,218.0,,,224.0
,OIL::ow-0302::ow-0302__obj_010,CONFIRMED_OIL,,,data/external/dartis/processed/verifier_positive/ow/ow-0302__obj_010.png,ow,1.0,224.0,1,ow-0302,,data/metadata/dartis_positive_verifier_crops.csv,1,train,31.60395048637106,219.0,,,224.0
,OIL::ow-0303::ow-0303__obj_001,CONFIRMED_OIL,,,data/external/dartis/processed/verifier_positive/ow/ow-0303__obj_001.png,ow,1.0,224.0,1,ow-0303,,data/metadata/dartis_positive_verifier_crops.csv,1,train,33.22292960061033,211.0,,,224.0
,OIL::ow-0304::ow-0304__obj_001,CONFIRMED_OIL,,,data/external/dartis/processed/verifier_positive/ow/ow-0304__obj_001.png,ow,1.0,224.0,1,ow-0304,,data/metadata/dartis_positive_verifier_crops.csv,1,train,26.88885937225268,222.0,,,224.0
,OIL::ow-0304::ow-0304__obj_002,CONFIRMED_OIL,,,data/external/dartis/processed/verifier_positive/ow/ow-0304__obj_002.png,ow,1.0,224.0,1,ow-0304,,data/metadata/dartis_positive_verifier_crops.csv,1,train,25.881818028275436,220.0,,,224.0
,OIL::ow-0304::ow-0304__obj_003,CONFIRMED_OIL,,,data/external/dartis/processed/verifier_positive/ow/ow-0304__obj_003.png,ow,1.0,224.0,1,ow-0304,,data/metadata/dartis_positive_verifier_crops.csv,1,train,26.48237277169397,218.0,,,224.0
,OIL::ow-0304::ow-0304__obj_004,CONFIRMED_OIL,,,data/external/dartis/processed/verifier_positive/ow/ow-0304__obj_004.png,ow,1.0,224.0,1,ow-0304,,data/metadata/dartis_positive_verifier_crops.csv,1,train,24.32666600977427,224.0,,,224.0
,OIL::ow-0304::ow-0304__obj_005,CONFIRMED_OIL,,,data/external/dartis/processed/verifier_positive/ow/ow-0304__obj_005.png,ow,1.0,224.0,1,ow-0304,,data/metadata/dartis_positive_verifier_crops.csv,1,train,24.011894040932024,199.0,,,224.0
,OIL::ow-0304::ow-0304__obj_006,CONFIRMED_OIL,,,data/external/dartis/processed/verifier_positive/ow/ow-0304__obj_006.png,ow,1.0,224.0,1,ow-0304,,data/metadata/dartis_positive_verifier_crops.csv,1,train,23.797950917682133,205.0,,,224.0
,OIL::ow-0305::ow-0305__obj_001,CONFIRMED_OIL,,,data/external/dartis/processed/verifier_positive/ow/ow-0305__obj_001.png,ow,1.0,224.0,1,ow-0305,,data/metadata/dartis_positive_verifier_crops.csv,1,train,19.6543858839284,192.0,,,224.0
,OIL::ow-0306::ow-0306__obj_001,CONFIRMED_OIL,,,data/external/dartis/processed/verifier_positive/ow/ow-0306__obj_001.png,ow,1.0,224.0,1,ow-0306,,data/metadata/dartis_positive_verifier_crops.csv,1,train,25.76960834810571,224.0,,,224.0
,OIL::ow-0306::ow-0306__obj_002,CONFIRMED_OIL,,,data/external/dartis/processed/verifier_positive/ow/ow-0306__obj_002.png,ow,1.0,224.0,1,ow-0306,,data/metadata/dartis_positive_verifier_crops.csv,1,train,35.56454416480652,235.0,,,224.0
,OIL::ow-0306::ow-0306__obj_003,CONFIRMED_OIL,,,data/external/dartis/processed/verifier_positive/ow/ow-0306__obj_003.png,ow,1.0,224.0,1,ow-0306,,data/metadata/dartis_positive_verifier_crops.csv,1,train,21.31637796859989,165.0,,,224.0
,OIL::ow-0306::ow-0306__obj_004,CONFIRMED_OIL,,,data/external/dartis/processed/verifier_positive/ow/ow-0306__obj_004.png,ow,1.0,224.0,1,ow-0306,,data/metadata/dartis_positive_verifier_crops.csv,1,train,28.74075949731121,228.0,,,224.0
,OIL::ow-0307::ow-0307__obj_001,CONFIRMED_OIL,,,data/external/dartis/processed/verifier_positive/ow/ow-0307__obj_001.png,ow,1.0,224.0,1,ow-0307,,data/metadata/dartis_positive_verifier_crops.csv,1,train,10.78592617841782,92.0,,,224.0
,OIL::ow-0308::ow-0308__obj_001,CONFIRMED_OIL,,,data/external/dartis/processed/verifier_positive/ow/ow-0308__obj_001.png,ow,1.0,224.0,1,ow-0308,,data/metadata/dartis_positive_verifier_crops.csv,1,calibration,21.51808074347308,181.0,,,224.0
,OIL::ow-0308::ow-0308__obj_002,CONFIRMED_OIL,,,data/external/dartis/processed/verifier_positive/ow/ow-0308__obj_002.png,ow,1.0,224.0,1,ow-0308,,data/metadata/dartis_positive_verifier_crops.csv,1,calibration,19.41919448980754,165.0,,,224.0
,OIL::ow-0309::ow-0309__obj_001,CONFIRMED_OIL,,,data/external/dartis/processed/verifier_positive/ow/ow-0309__obj_001.png,ow,1.0,224.0,1,ow-0309,,data/metadata/dartis_positive_verifier_crops.csv,1,train,28.433010709207743,192.0,,,224.0
,OIL::ow-0310::ow-0310__obj_001,CONFIRMED_OIL,,,data/external/dartis/processed/verifier_positive/ow/ow-0310__obj_001.png,ow,1.0,224.0,1,ow-0310,,data/metadata/dartis_positive_verifier_crops.csv,1,train,26.35712405379237,211.0,,,224.0
,OIL::ow-0310::ow-0310__obj_002,CONFIRMED_OIL,,,data/external/dartis/processed/verifier_positive/ow/ow-0310__obj_002.png,ow,1.0,224.0,1,ow-0310,,data/metadata/dartis_positive_verifier_crops.csv,1,train,26.154367490321068,218.0,,,224.0
,OIL::ow-0311::ow-0311__obj_001,CONFIRMED_OIL,,,data/external/dartis/processed/verifier_positive/ow/ow-0311__obj_001.png,ow,1.0,224.0,1,ow-0311,,data/metadata/dartis_positive_verifier_crops.csv,1,train,24.35913355514757,164.0,,,224.0
,OIL::ow-0311::ow-0311__obj_002,CONFIRMED_OIL,,,data/external/dartis/processed/verifier_positive/ow/ow-0311__obj_002.png,ow,1.0,224.0,1,ow-0311,,data/metadata/dartis_positive_verifier_crops.csv,1,train,30.63717871462162,194.0,,,224.0
,OIL::ow-0312::ow-0312__obj_001,CONFIRMED_OIL,,,data/external/dartis/processed/verifier_positive/ow/ow-0312__obj_001.png,ow,1.0,224.0,1,ow-0312,,data/metadata/dartis_positive_verifier_crops.csv,1,train,25.507765155124417,223.0,,,224.0
,OIL::ow-0313::ow-0313__obj_001,CONFIRMED_OIL,,,data/external/dartis/processed/verifier_positive/ow/ow-0313__obj_001.png,ow,1.0,224.0,1,ow-0313,,data/metadata/dartis_positive_verifier_crops.csv,1,train,20.20931891615086,137.0,,,224.0
,OIL::ow-0314::ow-0314__obj_001,CONFIRMED_OIL,,,data/external/dartis/processed/verifier_positive/ow/ow-0314__obj_001.png,ow,1.0,224.0,1,ow-0314,,data/metadata/dartis_positive_verifier_crops.csv,1,train,39.19030010443284,235.0,,,224.0
,OIL::ow-0315::ow-0315__obj_001,CONFIRMED_OIL,,,data/external/dartis/processed/verifier_positive/ow/ow-0315__obj_001.png,ow,1.0,224.0,1,ow-0315,,data/metadata/dartis_positive_verifier_crops.csv,1,train,40.11554868775837,225.0,,,224.0
,OIL::ow-0316::ow-0316__obj_001,CONFIRMED_OIL,,,data/external/dartis/processed/verifier_positive/ow/ow-0316__obj_001.png,ow,1.0,224.0,1,ow-0316,,data/metadata/dartis_positive_verifier_crops.csv,1,train,22.25515517829287,172.0,,,224.0
,OIL::ow-0317::ow-0317__obj_001,CONFIRMED_OIL,,,data/external/dartis/processed/verifier_positive/ow/ow-0317__obj_001.png,ow,1.0,224.0,1,ow-0317,,data/metadata/dartis_positive_verifier_crops.csv,1,train,14.25917256327557,105.0,,,224.0
,OIL::ow-0317::ow-0317__obj_002,CONFIRMED_OIL,,,data/external/dartis/processed/verifier_positive/ow/ow-0317__obj_002.png,ow,1.0,224.0,1,ow-0317,,data/metadata/dartis_positive_verifier_crops.csv,1,train,12.349372990036532,98.0,,,224.0
,OIL::ow-0317::ow-0317__obj_003,CONFIRMED_OIL,,,data/external/dartis/processed/verifier_positive/ow/ow-0317__obj_003.png,ow,1.0,224.0,1,ow-0317,,data/metadata/dartis_positive_verifier_crops.csv,1,train,14.544501860927689,99.0,,,224.0
,OIL::ow-0318::ow-0318__obj_001,CONFIRMED_OIL,,,data/external/dartis/processed/verifier_positive/ow/ow-0318__obj_001.png,ow,1.0,224.0,1,ow-0318,,data/metadata/dartis_positive_verifier_crops.csv,1,calibration,22.19474191169488,156.0,,,224.0
,OIL::ow-0319::ow-0319__obj_001,CONFIRMED_OIL,,,data/external/dartis/processed/verifier_positive/ow/ow-0319__obj_001.png,ow,1.0,224.0,1,ow-0319,,data/metadata/dartis_positive_verifier_crops.csv,1,train,27.80324508498413,194.0,,,224.0
,OIL::ow-0320::ow-0320__obj_001,CONFIRMED_OIL,,,data/external/dartis/processed/verifier_positive/ow/ow-0320__obj_001.png,ow,1.0,224.0,1,ow-0320,,data/metadata/dartis_positive_verifier_crops.csv,1,train,36.08823756018869,215.0,,,224.0
,OIL::ow-0321::ow-0321__obj_001,CONFIRMED_OIL,,,data/external/dartis/processed/verifier_positive/ow/ow-0321__obj_001.png,ow,1.0,224.0,1,ow-0321,,data/metadata/dartis_positive_verifier_crops.csv,1,train,31.784810384299945,215.0,,,224.0
,OIL::ow-0322::ow-0322__obj_001,CONFIRMED_OIL,,,data/external/dartis/processed/verifier_positive/ow/ow-0322__obj_001.png,ow,1.0,224.0,1,ow-0322,,data/metadata/dartis_positive_verifier_crops.csv,1,train,16.69815710989273,120.0,,,224.0
,OIL::ow-0323::ow-0323__obj_001,CONFIRMED_OIL,,,data/external/dartis/processed/verifier_positive/ow/ow-0323__obj_001.png,ow,1.0,224.0,1,ow-0323,,data/metadata/dartis_positive_verifier_crops.csv,1,train,39.97104541632279,190.0,,,224.0
,OIL::ow-0324::ow-0324__obj_001,CONFIRMED_OIL,,,data/external/dartis/processed/verifier_positive/ow/ow-0324__obj_001.png,ow,1.0,224.0,1,ow-0324,,data/metadata/dartis_positive_verifier_crops.csv,1,train,29.40204767780158,225.0,,,224.0
,OIL::ow-0324::ow-0324__obj_003,CONFIRMED_OIL,,,data/external/dartis/processed/verifier_positive/ow/ow-0324__obj_003.png,ow,1.0,224.0,1,ow-0324,,data/metadata/dartis_positive_verifier_crops.csv,1,train,32.79697999655008,224.0,,,224.0
,OIL::ow-0324::ow-0324__obj_004,CONFIRMED_OIL,,,data/external/dartis/processed/verifier_positive/ow/ow-0324__obj_004.png,ow,1.0,224.0,1,ow-0324,,data/metadata/dartis_positive_verifier_crops.csv,1,train,26.86635198330289,225.0,,,224.0
,OIL::ow-0324::ow-0324__obj_005,CONFIRMED_OIL,,,data/external/dartis/processed/verifier_positive/ow/ow-0324__obj_005.png,ow,1.0,224.0,1,ow-0324,,data/metadata/dartis_positive_verifier_crops.csv,1,train,28.1757937662478,231.0,,,224.0
,OIL::ow-0324::ow-0324__obj_006,CONFIRMED_OIL,,,data/external/dartis/processed/verifier_positive/ow/ow-0324__obj_006.png,ow,1.0,224.0,1,ow-0324,,data/metadata/dartis_positive_verifier_crops.csv,1,train,29.08762819772863,237.0,,,224.0
,OIL::ow-0324::ow-0324__obj_007,CONFIRMED_OIL,,,data/external/dartis/processed/verifier_positive/ow/ow-0324__obj_007.png,ow,1.0,224.0,1,ow-0324,,data/metadata/dartis_positive_verifier_crops.csv,1,train,32.68470386194701,225.0,,,224.0
,OIL::ow-0324::ow-0324__obj_008,CONFIRMED_OIL,,,data/external/dartis/processed/verifier_positive/ow/ow-0324__obj_008.png,ow,1.0,224.0,1,ow-0324,,data/metadata/dartis_positive_verifier_crops.csv,1,train,26.142728012006224,210.0,,,224.0
,OIL::ow-0324::ow-0324__obj_009,CONFIRMED_OIL,,,data/external/dartis/processed/verifier_positive/ow/ow-0324__obj_009.png,ow,1.0,224.0,1,ow-0324,,data/metadata/dartis_positive_verifier_crops.csv,1,train,35.09113735852478,225.0,,,224.0
,OIL::ow-0324::ow-0324__obj_010,CONFIRMED_OIL,,,data/external/dartis/processed/verifier_positive/ow/ow-0324__obj_010.png,ow,1.0,224.0,1,ow-0324,,data/metadata/dartis_positive_verifier_crops.csv,1,train,24.533866157106072,224.0,,,224.0
,OIL::ow-0324::ow-0324__obj_011,CONFIRMED_OIL,,,data/external/dartis/processed/verifier_positive/ow/ow-0324__obj_011.png,ow,1.0,224.0,1,ow-0324,,data/metadata/dartis_positive_verifier_crops.csv,1,train,24.56351826558891,191.0,,,224.0
,OIL::ow-0324::ow-0324__obj_012,CONFIRMED_OIL,,,data/external/dartis/processed/verifier_positive/ow/ow-0324__obj_012.png,ow,1.0,224.0,1,ow-0324,,data/metadata/dartis_positive_verifier_crops.csv,1,train,24.241231336219258,192.0,,,224.0
,OIL::ow-0324::ow-0324__obj_013,CONFIRMED_OIL,,,data/external/dartis/processed/verifier_positive/ow/ow-0324__obj_013.png,ow,1.0,224.0,1,ow-0324,,data/metadata/dartis_positive_verifier_crops.csv,1,train,24.33599679002279,198.0,,,224.0
,OIL::ow-0325::ow-0325__obj_001,CONFIRMED_OIL,,,data/external/dartis/processed/verifier_positive/ow/ow-0325__obj_001.png,ow,1.0,224.0,1,ow-0325,,data/metadata/dartis_positive_verifier_crops.csv,1,train,16.607604477803953,130.0,,,224.0
,OIL::ow-0325::ow-0325__obj_002,CONFIRMED_OIL,,,data/external/dartis/processed/verifier_positive/ow/ow-0325__obj_002.png,ow,1.0,224.0,1,ow-0325,,data/metadata/dartis_positive_verifier_crops.csv,1,train,17.682157537585955,133.0,,,224.0
,OIL::ow-0325::ow-0325__obj_003,CONFIRMED_OIL,,,data/external/dartis/processed/verifier_positive/ow/ow-0325__obj_003.png,ow,1.0,224.0,1,ow-0325,,data/metadata/dartis_positive_verifier_crops.csv,1,train,16.76112989185739,121.0,,,224.0
,OIL::ow-0325::ow-0325__obj_004,CONFIRMED_OIL,,,data/external/dartis/processed/verifier_positive/ow/ow-0325__obj_004.png,ow,1.0,224.0,1,ow-0325,,data/metadata/dartis_positive_verifier_crops.csv,1,train,17.72785845495948,138.0,,,224.0
,OIL::ow-0325::ow-0325__obj_005,CONFIRMED_OIL,,,data/external/dartis/processed/verifier_positive/ow/ow-0325__obj_005.png,ow,1.0,224.0,1,ow-0325,,data/metadata/dartis_positive_verifier_crops.csv,1,train,16.490161489040148,125.0,,,224.0
,OIL::ow-0325::ow-0325__obj_006,CONFIRMED_OIL,,,data/external/dartis/processed/verifier_positive/ow/ow-0325__obj_006.png,ow,1.0,224.0,1,ow-0325,,data/metadata/dartis_positive_verifier_crops.csv,1,train,17.174933903913125,133.0,,,224.0
,OIL::ow-0325::ow-0325__obj_007,CONFIRMED_OIL,,,data/external/dartis/processed/verifier_positive/ow/ow-0325__obj_007.png,ow,1.0,224.0,1,ow-0325,,data/metadata/dartis_positive_verifier_crops.csv,1,train,16.607604477803953,130.0,,,224.0
,OIL::ow-0325::ow-0325__obj_008,CONFIRMED_OIL,,,data/external/dartis/processed/verifier_positive/ow/ow-0325__obj_008.png,ow,1.0,224.0,1,ow-0325,,data/metadata/dartis_positive_verifier_crops.csv,1,train,16.490161489040148,125.0,,,224.0
,OIL::ow-0326::ow-0326__obj_001,CONFIRMED_OIL,,,data/external/dartis/processed/verifier_positive/ow/ow-0326__obj_001.png,ow,1.0,224.0,1,ow-0326,,data/metadata/dartis_positive_verifier_crops.csv,1,train,26.3360900613908,187.0,,,224.0
,OIL::ow-0327::ow-0327__obj_001,CONFIRMED_OIL,,,data/external/dartis/processed/verifier_positive/ow/ow-0327__obj_001.png,ow,1.0,224.0,1,ow-0327,,data/metadata/dartis_positive_verifier_crops.csv,1,train,40.345212130293305,248.0,,,224.0
,OIL::ow-0328::ow-0328__obj_001,CONFIRMED_OIL,,,data/external/dartis/processed/verifier_positive/ow/ow-0328__obj_001.png,ow,1.0,224.0,1,ow-0328,,data/metadata/dartis_positive_verifier_crops.csv,1,train,15.115863181541515,146.0,,,224.0
,OIL::ow-0328::ow-0328__obj_002,CONFIRMED_OIL,,,data/external/dartis/processed/verifier_positive/ow/ow-0328__obj_002.png,ow,1.0,224.0,1,ow-0328,,data/metadata/dartis_positive_verifier_crops.csv,1,train,13.664088094298432,106.0,,,224.0
,OIL::ow-0328::ow-0328__obj_003,CONFIRMED_OIL,,,data/external/dartis/processed/verifier_positive/ow/ow-0328__obj_003.png,ow,1.0,224.0,1,ow-0328,,data/metadata/dartis_positive_verifier_crops.csv,1,train,26.115625449662996,183.0,,,224.0
,OIL::ow-0329::ow-0329__obj_001,CONFIRMED_OIL,,,data/external/dartis/processed/verifier_positive/ow/ow-0329__obj_001.png,ow,1.0,224.0,1,ow-0329,,data/metadata/dartis_positive_verifier_crops.csv,1,train,24.57941491377465,216.0,,,224.0
,OIL::ow-0330::ow-0330__obj_001,CONFIRMED_OIL,,,data/external/dartis/processed/verifier_positive/ow/ow-0330__obj_001.png,ow,1.0,224.0,1,ow-0330,,data/metadata/dartis_positive_verifier_crops.csv,1,calibration,32.69322407513154,228.0,,,224.0
,OIL::ow-0331::ow-0331__obj_001,CONFIRMED_OIL,,,data/external/dartis/processed/verifier_positive/ow/ow-0331__obj_001.png,ow,1.0,224.0,1,ow-0331,,data/metadata/dartis_positive_verifier_crops.csv,1,train,18.46977876228241,167.0,,,224.0
,OIL::ow-0332::ow-0332__obj_001,CONFIRMED_OIL,,,data/external/dartis/processed/verifier_positive/ow/ow-0332__obj_001.png,ow,1.0,224.0,1,ow-0332,,data/metadata/dartis_positive_verifier_crops.csv,1,train,19.398434662871,158.0,,,224.0
,OIL::ow-0332::ow-0332__obj_002,CONFIRMED_OIL,,,data/external/dartis/processed/verifier_positive/ow/ow-0332__obj_002.png,ow,1.0,224.0,1,ow-0332,,data/metadata/dartis_positive_verifier_crops.csv,1,train,22.557340269013928,189.0,,,224.0
,OIL::ow-0332::ow-0332__obj_003,CONFIRMED_OIL,,,data/external/dartis/processed/verifier_positive/ow/ow-0332__obj_003.png,ow,1.0,224.0,1,ow-0332,,data/metadata/dartis_positive_verifier_crops.csv,1,train,23.165687590485604,202.0,,,224.0
,OIL::ow-0333::ow-0333__obj_001,CONFIRMED_OIL,,,data/external/dartis/processed/verifier_positive/ow/ow-0333__obj_001.png,ow,1.0,224.0,1,ow-0333,,data/metadata/dartis_positive_verifier_crops.csv,1,train,25.309907947184275,185.0,,,224.0
,OIL::ow-0333::ow-0333__obj_002,CONFIRMED_OIL,,,data/external/dartis/processed/verifier_positive/ow/ow-0333__obj_002.png,ow,1.0,224.0,1,ow-0333,,data/metadata/dartis_positive_verifier_crops.csv,1,train,22.901183369952317,178.0,,,224.0
,OIL::ow-0333::ow-0333__obj_003,CONFIRMED_OIL,,,data/external/dartis/processed/verifier_positive/ow/ow-0333__obj_003.png,ow,1.0,224.0,1,ow-0333,,data/metadata/dartis_positive_verifier_crops.csv,1,train,25.229385562786423,184.0,,,224.0
,OIL::ow-0334::ow-0334__obj_001,CONFIRMED_OIL,,,data/external/dartis/processed/verifier_positive/ow/ow-0334__obj_001.png,ow,1.0,224.0,1,ow-0334,,data/metadata/dartis_positive_verifier_crops.csv,1,train,36.007409449239184,233.0,,,224.0
,OIL::ow-0335::ow-0335__obj_001,CONFIRMED_OIL,,,data/external/dartis/processed/verifier_positive/ow/ow-0335__obj_001.png,ow,1.0,224.0,1,ow-0335,,data/metadata/dartis_positive_verifier_crops.csv,1,train,15.920170747217345,156.0,,,224.0
,OIL::ow-0336::ow-0336__obj_001,CONFIRMED_OIL,,,data/external/dartis/processed/verifier_positive/ow/ow-0336__obj_001.png,ow,1.0,224.0,1,ow-0336,,data/metadata/dartis_positive_verifier_crops.csv,1,train,25.296014487000885,204.0,,,224.0
,OIL::ow-0337::ow-0337__obj_001,CONFIRMED_OIL,,,data/external/dartis/processed/verifier_positive/ow/ow-0337__obj_001.png,ow,1.0,224.0,1,ow-0337,,data/metadata/dartis_positive_verifier_crops.csv,1,train,13.510998213160615,126.0,,,224.0
,OIL::ow-0337::ow-0337__obj_002,CONFIRMED_OIL,,,data/external/dartis/processed/verifier_positive/ow/ow-0337__obj_002.png,ow,1.0,224.0,1,ow-0337,,data/metadata/dartis_positive_verifier_crops.csv,1,train,14.333629696858733,120.0,,,224.0
,OIL::ow-0338::ow-0338__obj_001,CONFIRMED_OIL,,,data/external/dartis/processed/verifier_positive/ow/ow-0338__obj_001.png,ow,1.0,224.0,1,ow-0338,,data/metadata/dartis_positive_verifier_crops.csv,1,calibration,22.009210291733265,192.0,,,224.0
,OIL::ow-0338::ow-0338__obj_002,CONFIRMED_OIL,,,data/external/dartis/processed/verifier_positive/ow/ow-0338__obj_002.png,ow,1.0,224.0,1,ow-0338,,data/metadata/dartis_positive_verifier_crops.csv,1,calibration,22.68394882069488,203.0,,,224.0
,OIL::ow-0338::ow-0338__obj_003,CONFIRMED_OIL,,,data/external/dartis/processed/verifier_positive/ow/ow-0338__obj_003.png,ow,1.0,224.0,1,ow-0338,,data/metadata/dartis_positive_verifier_crops.csv,1,calibration,26.925316532866308,195.0,,,224.0
,OIL::ow-0338::ow-0338__obj_004,CONFIRMED_OIL,,,data/external/dartis/processed/verifier_positive/ow/ow-0338__obj_004.png,ow,1.0,224.0,1,ow-0338,,data/metadata/dartis_positive_verifier_crops.csv,1,calibration,27.287761236754363,206.0,,,224.0
,OIL::ow-0338::ow-0338__obj_005,CONFIRMED_OIL,,,data/external/dartis/processed/verifier_positive/ow/ow-0338__obj_005.png,ow,1.0,224.0,1,ow-0338,,data/metadata/dartis_positive_verifier_crops.csv,1,calibration,31.75339241300385,200.0,,,224.0
,OIL::ow-0338::ow-0338__obj_006,CONFIRMED_OIL,,,data/external/dartis/processed/verifier_positive/ow/ow-0338__obj_006.png,ow,1.0,224.0,1,ow-0338,,data/metadata/dartis_positive_verifier_crops.csv,1,calibration,26.069742373724036,202.0,,,224.0
,OIL::ow-0338::ow-0338__obj_007,CONFIRMED_OIL,,,data/external/dartis/processed/verifier_positive/ow/ow-0338__obj_007.png,ow,1.0,224.0,1,ow-0338,,data/metadata/dartis_positive_verifier_crops.csv,1,calibration,30.19766649400606,196.0,,,224.0
,OIL::ow-0338::ow-0338__obj_008,CONFIRMED_OIL,,,data/external/dartis/processed/verifier_positive/ow/ow-0338__obj_008.png,ow,1.0,224.0,1,ow-0338,,data/metadata/dartis_positive_verifier_crops.csv,1,calibration,25.43012530905968,191.0,,,224.0
,OIL::ow-0338::ow-0338__obj_009,CONFIRMED_OIL,,,data/external/dartis/processed/verifier_positive/ow/ow-0338__obj_009.png,ow,1.0,224.0,1,ow-0338,,data/metadata/dartis_positive_verifier_crops.csv,1,calibration,27.18173023166475,195.0,,,224.0
,OIL::ow-0338::ow-0338__obj_010,CONFIRMED_OIL,,,data/external/dartis/processed/verifier_positive/ow/ow-0338__obj_010.png,ow,1.0,224.0,1,ow-0338,,data/metadata/dartis_positive_verifier_crops.csv,1,calibration,22.49296065555998,181.0,,,224.0
,OIL::ow-0338::ow-0338__obj_011,CONFIRMED_OIL,,,data/external/dartis/processed/verifier_positive/ow/ow-0338__obj_011.png,ow,1.0,224.0,1,ow-0338,,data/metadata/dartis_positive_verifier_crops.csv,1,calibration,27.17802776507661,203.0,,,224.0
,OIL::ow-0338::ow-0338__obj_012,CONFIRMED_OIL,,,data/external/dartis/processed/verifier_positive/ow/ow-0338__obj_012.png,ow,1.0,224.0,1,ow-0338,,data/metadata/dartis_positive_verifier_crops.csv,1,calibration,23.780196203966728,199.0,,,224.0
,OIL::ow-0338::ow-0338__obj_013,CONFIRMED_OIL,,,data/external/dartis/processed/verifier_positive/ow/ow-0338__obj_013.png,ow,1.0,224.0,1,ow-0338,,data/metadata/dartis_positive_verifier_crops.csv,1,calibration,30.57633314796809,207.0,,,224.0
,OIL::ow-0338::ow-0338__obj_014,CONFIRMED_OIL,,,data/external/dartis/processed/verifier_positive/ow/ow-0338__obj_014.png,ow,1.0,224.0,1,ow-0338,,data/metadata/dartis_positive_verifier_crops.csv,1,calibration,27.77656034043077,201.0,,,224.0
,OIL::ow-0338::ow-0338__obj_015,CONFIRMED_OIL,,,data/external/dartis/processed/verifier_positive/ow/ow-0338__obj_015.png,ow,1.0,224.0,1,ow-0338,,data/metadata/dartis_positive_verifier_crops.csv,1,calibration,32.723256441715904,201.0,,,224.0
,OIL::ow-0338::ow-0338__obj_016,CONFIRMED_OIL,,,data/external/dartis/processed/verifier_positive/ow/ow-0338__obj_016.png,ow,1.0,224.0,1,ow-0338,,data/metadata/dartis_positive_verifier_crops.csv,1,calibration,31.50375268210741,203.0,,,224.0
,OIL::ow-0339::ow-0339__obj_001,CONFIRMED_OIL,,,data/external/dartis/processed/verifier_positive/ow/ow-0339__obj_001.png,ow,1.0,224.0,1,ow-0339,,data/metadata/dartis_positive_verifier_crops.csv,1,train,24.918979992674245,160.0,,,224.0
,OIL::ow-0339::ow-0339__obj_002,CONFIRMED_OIL,,,data/external/dartis/processed/verifier_positive/ow/ow-0339__obj_002.png,ow,1.0,224.0,1,ow-0339,,data/metadata/dartis_positive_verifier_crops.csv,1,train,24.805113840566595,163.0,,,224.0
,OIL::ow-0339::ow-0339__obj_003,CONFIRMED_OIL,,,data/external/dartis/processed/verifier_positive/ow/ow-0339__obj_003.png,ow,1.0,224.0,1,ow-0339,,data/metadata/dartis_positive_verifier_crops.csv,1,train,24.78318374172809,163.0,,,224.0
,OIL::ow-0339::ow-0339__obj_004,CONFIRMED_OIL,,,data/external/dartis/processed/verifier_positive/ow/ow-0339__obj_004.png,ow,1.0,224.0,1,ow-0339,,data/metadata/dartis_positive_verifier_crops.csv,1,train,22.488603565247477,159.0,,,224.0
,OIL::ow-0339::ow-0339__obj_005,CONFIRMED_OIL,,,data/external/dartis/processed/verifier_positive/ow/ow-0339__obj_005.png,ow,1.0,224.0,1,ow-0339,,data/metadata/dartis_positive_verifier_crops.csv,1,train,25.790805408450293,162.0,,,224.0
,OIL::ow-0339::ow-0339__obj_006,CONFIRMED_OIL,,,data/external/dartis/processed/verifier_positive/ow/ow-0339__obj_006.png,ow,1.0,224.0,1,ow-0339,,data/metadata/dartis_positive_verifier_crops.csv,1,train,24.207885733119998,156.0,,,224.0
,OIL::ow-0339::ow-0339__obj_007,CONFIRMED_OIL,,,data/external/dartis/processed/verifier_positive/ow/ow-0339__obj_007.png,ow,1.0,224.0,1,ow-0339,,data/metadata/dartis_positive_verifier_crops.csv,1,train,24.918979992674245,160.0,,,224.0
,OIL::ow-0339::ow-0339__obj_008,CONFIRMED_OIL,,,data/external/dartis/processed/verifier_positive/ow/ow-0339__obj_008.png,ow,1.0,224.0,1,ow-0339,,data/metadata/dartis_positive_verifier_crops.csv,1,train,20.405329048929584,149.0,,,224.0
,OIL::ow-0339::ow-0339__obj_009,CONFIRMED_OIL,,,data/external/dartis/processed/verifier_positive/ow/ow-0339__obj_009.png,ow,1.0,224.0,1,ow-0339,,data/metadata/dartis_positive_verifier_crops.csv,1,train,23.404993154291542,154.0,,,224.0
,OIL::ow-0339::ow-0339__obj_010,CONFIRMED_OIL,,,data/external/dartis/processed/verifier_positive/ow/ow-0339__obj_010.png,ow,1.0,224.0,1,ow-0339,,data/metadata/dartis_positive_verifier_crops.csv,1,train,25.144254938166657,158.0,,,224.0
,OIL::ow-0339::ow-0339__obj_011,CONFIRMED_OIL,,,data/external/dartis/processed/verifier_positive/ow/ow-0339__obj_011.png,ow,1.0,224.0,1,ow-0339,,data/metadata/dartis_positive_verifier_crops.csv,1,train,19.63679239585609,147.0,,,224.0
,OIL::ow-0339::ow-0339__obj_012,CONFIRMED_OIL,,,data/external/dartis/processed/verifier_positive/ow/ow-0339__obj_012.png,ow,1.0,224.0,1,ow-0339,,data/metadata/dartis_positive_verifier_crops.csv,1,train,27.331144753325184,169.0,,,224.0
,OIL::ow-0339::ow-0339__obj_013,CONFIRMED_OIL,,,data/external/dartis/processed/verifier_positive/ow/ow-0339__obj_013.png,ow,1.0,224.0,1,ow-0339,,data/metadata/dartis_positive_verifier_crops.csv,1,train,22.2536693207453,157.0,,,224.0
,OIL::ow-0339::ow-0339__obj_014,CONFIRMED_OIL,,,data/external/dartis/processed/verifier_positive/ow/ow-0339__obj_014.png,ow,1.0,224.0,1,ow-0339,,data/metadata/dartis_positive_verifier_crops.csv,1,train,25.23441870628365,161.0,,,224.0
,OIL::ow-0339::ow-0339__obj_015,CONFIRMED_OIL,,,data/external/dartis/processed/verifier_positive/ow/ow-0339__obj_015.png,ow,1.0,224.0,1,ow-0339,,data/metadata/dartis_positive_verifier_crops.csv,1,train,26.49376916550201,163.0,,,224.0
,OIL::ow-0339::ow-0339__obj_016,CONFIRMED_OIL,,,data/external/dartis/processed/verifier_positive/ow/ow-0339__obj_016.png,ow,1.0,224.0,1,ow-0339,,data/metadata/dartis_positive_verifier_crops.csv,1,train,20.18736543207111,154.0,,,224.0
,OIL::ow-0340::ow-0340__obj_001,CONFIRMED_OIL,,,data/external/dartis/processed/verifier_positive/ow/ow-0340__obj_001.png,ow,1.0,224.0,1,ow-0340,,data/metadata/dartis_positive_verifier_crops.csv,1,train,28.735689977747,207.0,,,224.0
,OIL::ow-0341::ow-0341__obj_001,CONFIRMED_OIL,,,data/external/dartis/processed/verifier_positive/ow/ow-0341__obj_001.png,ow,1.0,224.0,1,ow-0341,,data/metadata/dartis_positive_verifier_crops.csv,1,train,24.08414969466997,217.0,,,224.0
,OIL::ow-0341::ow-0341__obj_002,CONFIRMED_OIL,,,data/external/dartis/processed/verifier_positive/ow/ow-0341__obj_002.png,ow,1.0,224.0,1,ow-0341,,data/metadata/dartis_positive_verifier_crops.csv,1,train,21.58932856926281,194.0,,,224.0
,OIL::ow-0341::ow-0341__obj_003,CONFIRMED_OIL,,,data/external/dartis/processed/verifier_positive/ow/ow-0341__obj_003.png,ow,1.0,224.0,1,ow-0341,,data/metadata/dartis_positive_verifier_crops.csv,1,train,26.831220370251952,225.0,,,224.0
,OIL::ow-0341::ow-0341__obj_004,CONFIRMED_OIL,,,data/external/dartis/processed/verifier_positive/ow/ow-0341__obj_004.png,ow,1.0,224.0,1,ow-0341,,data/metadata/dartis_positive_verifier_crops.csv,1,train,28.48393879232709,225.0,,,224.0
,OIL::ow-0341::ow-0341__obj_005,CONFIRMED_OIL,,,data/external/dartis/processed/verifier_positive/ow/ow-0341__obj_005.png,ow,1.0,224.0,1,ow-0341,,data/metadata/dartis_positive_verifier_crops.csv,1,train,29.336866244003385,231.0,,,224.0
,OIL::ow-0341::ow-0341__obj_006,CONFIRMED_OIL,,,data/external/dartis/processed/verifier_positive/ow/ow-0341__obj_006.png,ow,1.0,224.0,1,ow-0341,,data/metadata/dartis_positive_verifier_crops.csv,1,train,29.64718315536336,243.0,,,224.0
,OIL::ow-0342::ow-0342__obj_001,CONFIRMED_OIL,,,data/external/dartis/processed/verifier_positive/ow/ow-0342__obj_001.png,ow,1.0,224.0,1,ow-0342,,data/metadata/dartis_positive_verifier_crops.csv,1,train,23.459891236967213,137.0,,,224.0
,OIL::ow-0343::ow-0343__obj_001,CONFIRMED_OIL,,,data/external/dartis/processed/verifier_positive/ow/ow-0343__obj_001.png,ow,1.0,224.0,1,ow-0343,,data/metadata/dartis_positive_verifier_crops.csv,1,train,29.193205852871262,239.0,,,224.0
,OIL::ow-0343::ow-0343__obj_002,CONFIRMED_OIL,,,data/external/dartis/processed/verifier_positive/ow/ow-0343__obj_002.png,ow,1.0,224.0,1,ow-0343,,data/metadata/dartis_positive_verifier_crops.csv,1,train,30.69775790011549,231.0,,,224.0
,OIL::ow-0343::ow-0343__obj_003,CONFIRMED_OIL,,,data/external/dartis/processed/verifier_positive/ow/ow-0343__obj_003.png,ow,1.0,224.0,1,ow-0343,,data/metadata/dartis_positive_verifier_crops.csv,1,train,28.42088915081734,228.0,,,224.0
,OIL::ow-0343::ow-0343__obj_004,CONFIRMED_OIL,,,data/external/dartis/processed/verifier_positive/ow/ow-0343__obj_004.png,ow,1.0,224.0,1,ow-0343,,data/metadata/dartis_positive_verifier_crops.csv,1,train,26.47066806811712,217.0,,,224.0
,OIL::ow-0343::ow-0343__obj_005,CONFIRMED_OIL,,,data/external/dartis/processed/verifier_positive/ow/ow-0343__obj_005.png,ow,1.0,224.0,1,ow-0343,,data/metadata/dartis_positive_verifier_crops.csv,1,train,26.381028823128027,218.0,,,224.0
,OIL::ow-0343::ow-0343__obj_007,CONFIRMED_OIL,,,data/external/dartis/processed/verifier_positive/ow/ow-0343__obj_007.png,ow,1.0,224.0,1,ow-0343,,data/metadata/dartis_positive_verifier_crops.csv,1,train,34.56246905680053,248.0,,,224.0
,OIL::ow-0343::ow-0343__obj_008,CONFIRMED_OIL,,,data/external/dartis/processed/verifier_positive/ow/ow-0343__obj_008.png,ow,1.0,224.0,1,ow-0343,,data/metadata/dartis_positive_verifier_crops.csv,1,train,29.193205852871262,239.0,,,224.0
,OIL::ow-0343::ow-0343__obj_009,CONFIRMED_OIL,,,data/external/dartis/processed/verifier_positive/ow/ow-0343__obj_009.png,ow,1.0,224.0,1,ow-0343,,data/metadata/dartis_positive_verifier_crops.csv,1,train,31.833850771895808,246.0,,,224.0
,OIL::ow-0343::ow-0343__obj_011,CONFIRMED_OIL,,,data/external/dartis/processed/verifier_positive/ow/ow-0343__obj_011.png,ow,1.0,224.0,1,ow-0343,,data/metadata/dartis_positive_verifier_crops.csv,1,train,27.81729632619102,231.0,,,224.0
,OIL::ow-0344::ow-0344__obj_001,CONFIRMED_OIL,,,data/external/dartis/processed/verifier_positive/ow/ow-0344__obj_001.png,ow,1.0,224.0,1,ow-0344,,data/metadata/dartis_positive_verifier_crops.csv,1,train,20.13632277887894,205.0,,,224.0
,OIL::ow-0345::ow-0345__obj_001,CONFIRMED_OIL,,,data/external/dartis/processed/verifier_positive/ow/ow-0345__obj_001.png,ow,1.0,224.0,1,ow-0345,,data/metadata/dartis_positive_verifier_crops.csv,1,train,19.287219361112065,155.0,,,224.0
,OIL::ow-0345::ow-0345__obj_002,CONFIRMED_OIL,,,data/external/dartis/processed/verifier_positive/ow/ow-0345__obj_002.png,ow,1.0,224.0,1,ow-0345,,data/metadata/dartis_positive_verifier_crops.csv,1,train,19.759635841221407,168.0,,,224.0
,OIL::ow-0345::ow-0345__obj_003,CONFIRMED_OIL,,,data/external/dartis/processed/verifier_positive/ow/ow-0345__obj_003.png,ow,1.0,224.0,1,ow-0345,,data/metadata/dartis_positive_verifier_crops.csv,1,train,17.109830562823404,156.0,,,224.0
,OIL::ow-0345::ow-0345__obj_004,CONFIRMED_OIL,,,data/external/dartis/processed/verifier_positive/ow/ow-0345__obj_004.png,ow,1.0,224.0,1,ow-0345,,data/metadata/dartis_positive_verifier_crops.csv,1,train,17.839293386840072,154.0,,,224.0
,OIL::ow-0345::ow-0345__obj_005,CONFIRMED_OIL,,,data/external/dartis/processed/verifier_positive/ow/ow-0345__obj_005.png,ow,1.0,224.0,1,ow-0345,,data/metadata/dartis_positive_verifier_crops.csv,1,train,17.591790997237872,149.0,,,224.0
,OIL::ow-0345::ow-0345__obj_006,CONFIRMED_OIL,,,data/external/dartis/processed/verifier_positive/ow/ow-0345__obj_006.png,ow,1.0,224.0,1,ow-0345,,data/metadata/dartis_positive_verifier_crops.csv,1,train,18.05366941970076,147.0,,,224.0
,OIL::ow-0345::ow-0345__obj_007,CONFIRMED_OIL,,,data/external/dartis/processed/verifier_positive/ow/ow-0345__obj_007.png,ow,1.0,224.0,1,ow-0345,,data/metadata/dartis_positive_verifier_crops.csv,1,train,17.972721284324432,145.0,,,224.0
,OIL::ow-0346::ow-0346__obj_001,CONFIRMED_OIL,,,data/external/dartis/processed/verifier_positive/ow/ow-0346__obj_001.png,ow,1.0,224.0,1,ow-0346,,data/metadata/dartis_positive_verifier_crops.csv,1,train,11.232385830434266,94.0,,,224.0
,OIL::ow-0346::ow-0346__obj_002,CONFIRMED_OIL,,,data/external/dartis/processed/verifier_positive/ow/ow-0346__obj_002.png,ow,1.0,224.0,1,ow-0346,,data/metadata/dartis_positive_verifier_crops.csv,1,train,13.1324456600198,104.0,,,224.0
,OIL::ow-0346::ow-0346__obj_003,CONFIRMED_OIL,,,data/external/dartis/processed/verifier_positive/ow/ow-0346__obj_003.png,ow,1.0,224.0,1,ow-0346,,data/metadata/dartis_positive_verifier_crops.csv,1,train,10.936339309087534,88.0,,,224.0
,OIL::ow-0346::ow-0346__obj_004,CONFIRMED_OIL,,,data/external/dartis/processed/verifier_positive/ow/ow-0346__obj_004.png,ow,1.0,224.0,1,ow-0346,,data/metadata/dartis_positive_verifier_crops.csv,1,train,11.512250483678974,84.0,,,224.0
,OIL::ow-0346::ow-0346__obj_005,CONFIRMED_OIL,,,data/external/dartis/processed/verifier_positive/ow/ow-0346__obj_005.png,ow,1.0,224.0,1,ow-0346,,data/metadata/dartis_positive_verifier_crops.csv,1,train,13.770924278144175,94.0,,,224.0
,OIL::ow-0346::ow-0346__obj_006,CONFIRMED_OIL,,,data/external/dartis/processed/verifier_positive/ow/ow-0346__obj_006.png,ow,1.0,224.0,1,ow-0346,,data/metadata/dartis_positive_verifier_crops.csv,1,train,12.438402259474216,89.0,,,224.0
,OIL::ow-0346::ow-0346__obj_007,CONFIRMED_OIL,,,data/external/dartis/processed/verifier_positive/ow/ow-0346__obj_007.png,ow,1.0,224.0,1,ow-0346,,data/metadata/dartis_positive_verifier_crops.csv,1,train,13.103881992752104,95.0,,,224.0
,OIL::ow-0346::ow-0346__obj_008,CONFIRMED_OIL,,,data/external/dartis/processed/verifier_positive/ow/ow-0346__obj_008.png,ow,1.0,224.0,1,ow-0346,,data/metadata/dartis_positive_verifier_crops.csv,1,train,12.32507483053381,87.0,,,224.0
,OIL::ow-0346::ow-0346__obj_009,CONFIRMED_OIL,,,data/external/dartis/processed/verifier_positive/ow/ow-0346__obj_009.png,ow,1.0,224.0,1,ow-0346,,data/metadata/dartis_positive_verifier_crops.csv,1,train,23.531003512009544,218.0,,,224.0
,OIL::ow-0346::ow-0346__obj_010,CONFIRMED_OIL,,,data/external/dartis/processed/verifier_positive/ow/ow-0346__obj_010.png,ow,1.0,224.0,1,ow-0346,,data/metadata/dartis_positive_verifier_crops.csv,1,train,10.941954708167437,87.0,,,224.0
,OIL::ow-0346::ow-0346__obj_011,CONFIRMED_OIL,,,data/external/dartis/processed/verifier_positive/ow/ow-0346__obj_011.png,ow,1.0,224.0,1,ow-0346,,data/metadata/dartis_positive_verifier_crops.csv,1,train,12.784175315997054,99.0,,,224.0
,OIL::ow-0346::ow-0346__obj_012,CONFIRMED_OIL,,,data/external/dartis/processed/verifier_positive/ow/ow-0346__obj_012.png,ow,1.0,224.0,1,ow-0346,,data/metadata/dartis_positive_verifier_crops.csv,1,train,11.763900183647063,98.0,,,224.0
,OIL::ow-0346::ow-0346__obj_013,CONFIRMED_OIL,,,data/external/dartis/processed/verifier_positive/ow/ow-0346__obj_013.png,ow,1.0,224.0,1,ow-0346,,data/metadata/dartis_positive_verifier_crops.csv,1,train,10.915352559392392,92.0,,,224.0
,OIL::ow-0347::ow-0347__obj_001,CONFIRMED_OIL,,,data/external/dartis/processed/verifier_positive/ow/ow-0347__obj_001.png,ow,1.0,224.0,1,ow-0347,,data/metadata/dartis_positive_verifier_crops.csv,1,train,32.71268734850673,203.0,,,224.0
,OIL::ow-0347::ow-0347__obj_002,CONFIRMED_OIL,,,data/external/dartis/processed/verifier_positive/ow/ow-0347__obj_002.png,ow,1.0,224.0,1,ow-0347,,data/metadata/dartis_positive_verifier_crops.csv,1,train,32.00695198100834,227.0,,,224.0
,OIL::ow-0347::ow-0347__obj_003,CONFIRMED_OIL,,,data/external/dartis/processed/verifier_positive/ow/ow-0347__obj_003.png,ow,1.0,224.0,1,ow-0347,,data/metadata/dartis_positive_verifier_crops.csv,1,train,36.52306639570258,213.0,,,224.0
,OIL::ow-0347::ow-0347__obj_004,CONFIRMED_OIL,,,data/external/dartis/processed/verifier_positive/ow/ow-0347__obj_004.png,ow,1.0,224.0,1,ow-0347,,data/metadata/dartis_positive_verifier_crops.csv,1,train,32.10733786652424,224.0,,,224.0
,OIL::ow-0347::ow-0347__obj_005,CONFIRMED_OIL,,,data/external/dartis/processed/verifier_positive/ow/ow-0347__obj_005.png,ow,1.0,224.0,1,ow-0347,,data/metadata/dartis_positive_verifier_crops.csv,1,train,37.5424927548734,220.0,,,224.0
,OIL::ow-0348::ow-0348__obj_001,CONFIRMED_OIL,,,data/external/dartis/processed/verifier_positive/ow/ow-0348__obj_001.png,ow,1.0,224.0,1,ow-0348,,data/metadata/dartis_positive_verifier_crops.csv,1,calibration,33.03245830365181,222.0,,,224.0
,OIL::ow-0348::ow-0348__obj_002,CONFIRMED_OIL,,,data/external/dartis/processed/verifier_positive/ow/ow-0348__obj_002.png,ow,1.0,224.0,1,ow-0348,,data/metadata/dartis_positive_verifier_crops.csv,1,calibration,19.968033892470142,175.0,,,224.0
,OIL::ow-0348::ow-0348__obj_003,CONFIRMED_OIL,,,data/external/dartis/processed/verifier_positive/ow/ow-0348__obj_003.png,ow,1.0,224.0,1,ow-0348,,data/metadata/dartis_positive_verifier_crops.csv,1,calibration,28.83403285739409,224.0,,,224.0
,OIL::ow-0348::ow-0348__obj_004,CONFIRMED_OIL,,,data/external/dartis/processed/verifier_positive/ow/ow-0348__obj_004.png,ow,1.0,224.0,1,ow-0348,,data/metadata/dartis_positive_verifier_crops.csv,1,calibration,26.47996069970844,228.0,,,224.0
,OIL::ow-0349::ow-0349__obj_001,CONFIRMED_OIL,,,data/external/dartis/processed/verifier_positive/ow/ow-0349__obj_001.png,ow,1.0,224.0,1,ow-0349,,data/metadata/dartis_positive_verifier_crops.csv,1,train,36.179262875282085,212.0,,,224.0
,OIL::ow-0349::ow-0349__obj_002,CONFIRMED_OIL,,,data/external/dartis/processed/verifier_positive/ow/ow-0349__obj_002.png,ow,1.0,224.0,1,ow-0349,,data/metadata/dartis_positive_verifier_crops.csv,1,train,31.71905862856156,219.0,,,224.0
,OIL::ow-0349::ow-0349__obj_004,CONFIRMED_OIL,,,data/external/dartis/processed/verifier_positive/ow/ow-0349__obj_004.png,ow,1.0,224.0,1,ow-0349,,data/metadata/dartis_positive_verifier_crops.csv,1,train,33.13234989499437,214.0,,,224.0
,OIL::ow-0349::ow-0349__obj_005,CONFIRMED_OIL,,,data/external/dartis/processed/verifier_positive/ow/ow-0349__obj_005.png,ow,1.0,224.0,1,ow-0349,,data/metadata/dartis_positive_verifier_crops.csv,1,train,22.92158885436667,193.0,,,224.0
,OIL::ow-0349::ow-0349__obj_006,CONFIRMED_OIL,,,data/external/dartis/processed/verifier_positive/ow/ow-0349__obj_006.png,ow,1.0,224.0,1,ow-0349,,data/metadata/dartis_positive_verifier_crops.csv,1,train,35.377555670897095,217.0,,,224.0
,OIL::ow-0349::ow-0349__obj_008,CONFIRMED_OIL,,,data/external/dartis/processed/verifier_positive/ow/ow-0349__obj_008.png,ow,1.0,224.0,1,ow-0349,,data/metadata/dartis_positive_verifier_crops.csv,1,train,29.660321012628582,206.0,,,224.0
,OIL::ow-0349::ow-0349__obj_009,CONFIRMED_OIL,,,data/external/dartis/processed/verifier_positive/ow/ow-0349__obj_009.png,ow,1.0,224.0,1,ow-0349,,data/metadata/dartis_positive_verifier_crops.csv,1,train,20.04400010347769,190.0,,,224.0
,OIL::ow-0349::ow-0349__obj_010,CONFIRMED_OIL,,,data/external/dartis/processed/verifier_positive/ow/ow-0349__obj_010.png,ow,1.0,224.0,1,ow-0349,,data/metadata/dartis_positive_verifier_crops.csv,1,train,32.944681504511124,224.0,,,224.0
,OIL::ow-0349::ow-0349__obj_011,CONFIRMED_OIL,,,data/external/dartis/processed/verifier_positive/ow/ow-0349__obj_011.png,ow,1.0,224.0,1,ow-0349,,data/metadata/dartis_positive_verifier_crops.csv,1,train,30.45737609528174,219.0,,,224.0
,OIL::ow-0349::ow-0349__obj_012,CONFIRMED_OIL,,,data/external/dartis/processed/verifier_positive/ow/ow-0349__obj_012.png,ow,1.0,224.0,1,ow-0349,,data/metadata/dartis_positive_verifier_crops.csv,1,train,29.10921197987096,214.0,,,224.0
,OIL::ow-0349::ow-0349__obj_013,CONFIRMED_OIL,,,data/external/dartis/processed/verifier_positive/ow/ow-0349__obj_013.png,ow,1.0,224.0,1,ow-0349,,data/metadata/dartis_positive_verifier_crops.csv,1,train,29.17349605372013,196.0,,,224.0
,OIL::ow-0349::ow-0349__obj_014,CONFIRMED_OIL,,,data/external/dartis/processed/verifier_positive/ow/ow-0349__obj_014.png,ow,1.0,224.0,1,ow-0349,,data/metadata/dartis_positive_verifier_crops.csv,1,train,27.43675661386527,200.0,,,224.0
,OIL::ow-0349::ow-0349__obj_015,CONFIRMED_OIL,,,data/external/dartis/processed/verifier_positive/ow/ow-0349__obj_015.png,ow,1.0,224.0,1,ow-0349,,data/metadata/dartis_positive_verifier_crops.csv,1,train,28.09354843403683,197.0,,,224.0
,OIL::ow-0350::ow-0350__obj_001,CONFIRMED_OIL,,,data/external/dartis/processed/verifier_positive/ow/ow-0350__obj_001.png,ow,1.0,224.0,1,ow-0350,,data/metadata/dartis_positive_verifier_crops.csv,1,train,35.908259331315584,233.0,,,224.0
,OIL::ow-0350::ow-0350__obj_002,CONFIRMED_OIL,,,data/external/dartis/processed/verifier_positive/ow/ow-0350__obj_002.png,ow,1.0,224.0,1,ow-0350,,data/metadata/dartis_positive_verifier_crops.csv,1,train,24.49181791272101,212.0,,,224.0
,OIL::ow-0350::ow-0350__obj_003,CONFIRMED_OIL,,,data/external/dartis/processed/verifier_positive/ow/ow-0350__obj_003.png,ow,1.0,224.0,1,ow-0350,,data/metadata/dartis_positive_verifier_crops.csv,1,train,24.57612455977845,213.0,,,224.0
,OIL::ow-0351::ow-0351__obj_001,CONFIRMED_OIL,,,data/external/dartis/processed/verifier_positive/ow/ow-0351__obj_001.png,ow,1.0,224.0,1,ow-0351,,data/metadata/dartis_positive_verifier_crops.csv,1,train,11.364565453671512,89.0,,,224.0
,OIL::ow-0351::ow-0351__obj_002,CONFIRMED_OIL,,,data/external/dartis/processed/verifier_positive/ow/ow-0351__obj_002.png,ow,1.0,224.0,1,ow-0351,,data/metadata/dartis_positive_verifier_crops.csv,1,train,10.096162009996226,83.0,,,224.0
,OIL::ow-0351::ow-0351__obj_003,CONFIRMED_OIL,,,data/external/dartis/processed/verifier_positive/ow/ow-0351__obj_003.png,ow,1.0,224.0,1,ow-0351,,data/metadata/dartis_positive_verifier_crops.csv,1,train,10.62898901975779,77.0,,,224.0
,OIL::ow-0351::ow-0351__obj_004,CONFIRMED_OIL,,,data/external/dartis/processed/verifier_positive/ow/ow-0351__obj_004.png,ow,1.0,224.0,1,ow-0351,,data/metadata/dartis_positive_verifier_crops.csv,1,train,22.870269846692302,225.0,,,224.0
,OIL::ow-0351::ow-0351__obj_005,CONFIRMED_OIL,,,data/external/dartis/processed/verifier_positive/ow/ow-0351__obj_005.png,ow,1.0,224.0,1,ow-0351,,data/metadata/dartis_positive_verifier_crops.csv,1,train,15.744109724811402,200.0,,,224.0
,OIL::ow-0352::ow-0352__obj_001,CONFIRMED_OIL,,,data/external/dartis/processed/verifier_positive/ow/ow-0352__obj_001.png,ow,1.0,224.0,1,ow-0352,,data/metadata/dartis_positive_verifier_crops.csv,1,train,23.49126010960453,226.0,,,224.0
,OIL::ow-0352::ow-0352__obj_002,CONFIRMED_OIL,,,data/external/dartis/processed/verifier_positive/ow/ow-0352__obj_002.png,ow,1.0,224.0,1,ow-0352,,data/metadata/dartis_positive_verifier_crops.csv,1,train,26.996395299961204,223.0,,,224.0
,OIL::ow-0352::ow-0352__obj_003,CONFIRMED_OIL,,,data/external/dartis/processed/verifier_positive/ow/ow-0352__obj_003.png,ow,1.0,224.0,1,ow-0352,,data/metadata/dartis_positive_verifier_crops.csv,1,train,29.81796470604229,209.0,,,224.0
,OIL::ow-0352::ow-0352__obj_004,CONFIRMED_OIL,,,data/external/dartis/processed/verifier_positive/ow/ow-0352__obj_004.png,ow,1.0,224.0,1,ow-0352,,data/metadata/dartis_positive_verifier_crops.csv,1,train,30.824821074390854,204.0,,,224.0
,OIL::ow-0352::ow-0352__obj_005,CONFIRMED_OIL,,,data/external/dartis/processed/verifier_positive/ow/ow-0352__obj_005.png,ow,1.0,224.0,1,ow-0352,,data/metadata/dartis_positive_verifier_crops.csv,1,train,30.017804626093344,223.0,,,224.0
,OIL::ow-0352::ow-0352__obj_006,CONFIRMED_OIL,,,data/external/dartis/processed/verifier_positive/ow/ow-0352__obj_006.png,ow,1.0,224.0,1,ow-0352,,data/metadata/dartis_positive_verifier_crops.csv,1,train,36.49623949343246,221.0,,,224.0
,OIL::ow-0353::ow-0353__obj_001,CONFIRMED_OIL,,,data/external/dartis/processed/verifier_positive/ow/ow-0353__obj_001.png,ow,1.0,224.0,1,ow-0353,,data/metadata/dartis_positive_verifier_crops.csv,1,calibration,34.205514845381586,220.0,,,224.0
,OIL::ow-0353::ow-0353__obj_002,CONFIRMED_OIL,,,data/external/dartis/processed/verifier_positive/ow/ow-0353__obj_002.png,ow,1.0,224.0,1,ow-0353,,data/metadata/dartis_positive_verifier_crops.csv,1,calibration,33.21483939495718,209.0,,,224.0
,OIL::ow-0353::ow-0353__obj_003,CONFIRMED_OIL,,,data/external/dartis/processed/verifier_positive/ow/ow-0353__obj_003.png,ow,1.0,224.0,1,ow-0353,,data/metadata/dartis_positive_verifier_crops.csv,1,calibration,23.20410209052696,201.0,,,224.0
,OIL::ow-0354::ow-0354__obj_001,CONFIRMED_OIL,,,data/external/dartis/processed/verifier_positive/ow/ow-0354__obj_001.png,ow,1.0,224.0,1,ow-0354,,data/metadata/dartis_positive_verifier_crops.csv,1,calibration,28.15565404933249,130.0,,,224.0
,OIL::ow-0355::ow-0355__obj_001,CONFIRMED_OIL,,,data/external/dartis/processed/verifier_positive/ow/ow-0355__obj_001.png,ow,1.0,224.0,1,ow-0355,,data/metadata/dartis_positive_verifier_crops.csv,1,train,23.61619577662337,158.0,,,224.0
,OIL::ow-0355::ow-0355__obj_002,CONFIRMED_OIL,,,data/external/dartis/processed/verifier_positive/ow/ow-0355__obj_002.png,ow,1.0,224.0,1,ow-0355,,data/metadata/dartis_positive_verifier_crops.csv,1,train,22.441998044348537,155.0,,,224.0
,OIL::ow-0356::ow-0356__obj_001,CONFIRMED_OIL,,,data/external/dartis/processed/verifier_positive/ow/ow-0356__obj_001.png,ow,1.0,224.0,1,ow-0356,,data/metadata/dartis_positive_verifier_crops.csv,1,train,28.75535013529262,195.0,,,224.0
,OIL::ow-0357::ow-0357__obj_001,CONFIRMED_OIL,,,data/external/dartis/processed/verifier_positive/ow/ow-0357__obj_001.png,ow,1.0,224.0,1,ow-0357,,data/metadata/dartis_positive_verifier_crops.csv,1,train,22.16689414322173,165.0,,,224.0
,OIL::ow-0358::ow-0358__obj_001,CONFIRMED_OIL,,,data/external/dartis/processed/verifier_positive/ow/ow-0358__obj_001.png,ow,1.0,224.0,1,ow-0358,,data/metadata/dartis_positive_verifier_crops.csv,1,train,29.53856839972634,218.0,,,224.0
,OIL::ow-0358::ow-0358__obj_002,CONFIRMED_OIL,,,data/external/dartis/processed/verifier_positive/ow/ow-0358__obj_002.png,ow,1.0,224.0,1,ow-0358,,data/metadata/dartis_positive_verifier_crops.csv,1,train,37.5377852965965,225.0,,,224.0
,OIL::ow-0358::ow-0358__obj_003,CONFIRMED_OIL,,,data/external/dartis/processed/verifier_positive/ow/ow-0358__obj_003.png,ow,1.0,224.0,1,ow-0358,,data/metadata/dartis_positive_verifier_crops.csv,1,train,36.584993965428325,223.0,,,224.0
,OIL::ow-0358::ow-0358__obj_004,CONFIRMED_OIL,,,data/external/dartis/processed/verifier_positive/ow/ow-0358__obj_004.png,ow,1.0,224.0,1,ow-0358,,data/metadata/dartis_positive_verifier_crops.csv,1,train,33.72792619028853,211.0,,,224.0
,OIL::ow-0359::ow-0359__obj_001,CONFIRMED_OIL,,,data/external/dartis/processed/verifier_positive/ow/ow-0359__obj_001.png,ow,1.0,224.0,1,ow-0359,,data/metadata/dartis_positive_verifier_crops.csv,1,train,26.34714901494008,180.0,,,224.0
,OIL::ow-0360::ow-0360__obj_001,CONFIRMED_OIL,,,data/external/dartis/processed/verifier_positive/ow/ow-0360__obj_001.png,ow,1.0,224.0,1,ow-0360,,data/metadata/dartis_positive_verifier_crops.csv,1,train,24.353946291854147,180.0,,,224.0
,OIL::ow-0360::ow-0360__obj_002,CONFIRMED_OIL,,,data/external/dartis/processed/verifier_positive/ow/ow-0360__obj_002.png,ow,1.0,224.0,1,ow-0360,,data/metadata/dartis_positive_verifier_crops.csv,1,train,28.61046470308885,186.0,,,224.0
,OIL::ow-0361::ow-0361__obj_001,CONFIRMED_OIL,,,data/external/dartis/processed/verifier_positive/ow/ow-0361__obj_001.png,ow,1.0,224.0,1,ow-0361,,data/metadata/dartis_positive_verifier_crops.csv,1,train,22.80318198861105,160.0,,,224.0
,OIL::ow-0361::ow-0361__obj_002,CONFIRMED_OIL,,,data/external/dartis/processed/verifier_positive/ow/ow-0361__obj_002.png,ow,1.0,224.0,1,ow-0361,,data/metadata/dartis_positive_verifier_crops.csv,1,train,20.63228115625876,149.0,,,224.0
,OIL::ow-0362::ow-0362__obj_001,CONFIRMED_OIL,,,data/external/dartis/processed/verifier_positive/ow/ow-0362__obj_001.png,ow,1.0,224.0,1,ow-0362,,data/metadata/dartis_positive_verifier_crops.csv,1,train,9.454297939881942,71.0,,,224.0
,OIL::ow-0362::ow-0362__obj_002,CONFIRMED_OIL,,,data/external/dartis/processed/verifier_positive/ow/ow-0362__obj_002.png,ow,1.0,224.0,1,ow-0362,,data/metadata/dartis_positive_verifier_crops.csv,1,train,11.248998561523909,81.0,,,224.0
,OIL::ow-0362::ow-0362__obj_003,CONFIRMED_OIL,,,data/external/dartis/processed/verifier_positive/ow/ow-0362__obj_003.png,ow,1.0,224.0,1,ow-0362,,data/metadata/dartis_positive_verifier_crops.csv,1,train,11.135741739553096,79.0,,,224.0
,OIL::ow-0363::ow-0363__obj_001,CONFIRMED_OIL,,,data/external/dartis/processed/verifier_positive/ow/ow-0363__obj_001.png,ow,1.0,224.0,1,ow-0363,,data/metadata/dartis_positive_verifier_crops.csv,1,train,22.01636611479878,169.0,,,224.0
,OIL::ow-0363::ow-0363__obj_002,CONFIRMED_OIL,,,data/external/dartis/processed/verifier_positive/ow/ow-0363__obj_002.png,ow,1.0,224.0,1,ow-0363,,data/metadata/dartis_positive_verifier_crops.csv,1,train,22.735631896064564,163.0,,,224.0
,OIL::ow-0364::ow-0364__obj_001,CONFIRMED_OIL,,,data/external/dartis/processed/verifier_positive/ow/ow-0364__obj_001.png,ow,1.0,224.0,1,ow-0364,,data/metadata/dartis_positive_verifier_crops.csv,1,train,9.317569014982515,92.0,,,224.0
,OIL::ow-0365::ow-0365__obj_001,CONFIRMED_OIL,,,data/external/dartis/processed/verifier_positive/ow/ow-0365__obj_001.png,ow,1.0,224.0,1,ow-0365,,data/metadata/dartis_positive_verifier_crops.csv,1,train,18.22295579971577,137.0,,,224.0
,OIL::ow-0366::ow-0366__obj_001,CONFIRMED_OIL,,,data/external/dartis/processed/verifier_positive/ow/ow-0366__obj_001.png,ow,1.0,224.0,1,ow-0366,,data/metadata/dartis_positive_verifier_crops.csv,1,train,23.55080001955147,211.0,,,224.0
,OIL::ow-0367::ow-0367__obj_001,CONFIRMED_OIL,,,data/external/dartis/processed/verifier_positive/ow/ow-0367__obj_001.png,ow,1.0,224.0,1,ow-0367,,data/metadata/dartis_positive_verifier_crops.csv,1,train,25.90924097301109,227.0,,,224.0
,OIL::ow-0367::ow-0367__obj_002,CONFIRMED_OIL,,,data/external/dartis/processed/verifier_positive/ow/ow-0367__obj_002.png,ow,1.0,224.0,1,ow-0367,,data/metadata/dartis_positive_verifier_crops.csv,1,train,30.00812357396068,235.0,,,224.0
,OIL::ow-0368::ow-0368__obj_001,CONFIRMED_OIL,,,data/external/dartis/processed/verifier_positive/ow/ow-0368__obj_001.png,ow,1.0,224.0,1,ow-0368,,data/metadata/dartis_positive_verifier_crops.csv,1,calibration,22.285342641849432,189.0,,,224.0
,OIL::ow-0369::ow-0369__obj_001,CONFIRMED_OIL,,,data/external/dartis/processed/verifier_positive/ow/ow-0369__obj_001.png,ow,1.0,224.0,1,ow-0369,,data/metadata/dartis_positive_verifier_crops.csv,1,train,26.699759513158817,209.0,,,224.0
,OIL::ow-0370::ow-0370__obj_001,CONFIRMED_OIL,,,data/external/dartis/processed/verifier_positive/ow/ow-0370__obj_001.png,ow,1.0,224.0,1,ow-0370,,data/metadata/dartis_positive_verifier_crops.csv,1,train,23.21415710673668,249.0,,,224.0
,OIL::ow-0370::ow-0370__obj_002,CONFIRMED_OIL,,,data/external/dartis/processed/verifier_positive/ow/ow-0370__obj_002.png,ow,1.0,224.0,1,ow-0370,,data/metadata/dartis_positive_verifier_crops.csv,1,train,17.229773725689423,133.0,,,224.0
,OIL::ow-0371::ow-0371__obj_001,CONFIRMED_OIL,,,data/external/dartis/processed/verifier_positive/ow/ow-0371__obj_001.png,ow,1.0,224.0,1,ow-0371,,data/metadata/dartis_positive_verifier_crops.csv,1,train,17.52668092703869,139.0,,,224.0
,OIL::ow-0372::ow-0372__obj_001,CONFIRMED_OIL,,,data/external/dartis/processed/verifier_positive/ow/ow-0372__obj_001.png,ow,1.0,224.0,1,ow-0372,,data/metadata/dartis_positive_verifier_crops.csv,1,train,33.238782381652534,222.0,,,224.0
,OIL::ow-0373::ow-0373__obj_001,CONFIRMED_OIL,,,data/external/dartis/processed/verifier_positive/ow/ow-0373__obj_001.png,ow,1.0,224.0,1,ow-0373,,data/metadata/dartis_positive_verifier_crops.csv,1,train,18.32504898944773,157.0,,,224.0
,OIL::ow-0374::ow-0374__obj_001,CONFIRMED_OIL,,,data/external/dartis/processed/verifier_positive/ow/ow-0374__obj_001.png,ow,1.0,224.0,1,ow-0374,,data/metadata/dartis_positive_verifier_crops.csv,1,train,27.69857448646863,174.0,,,224.0
,OIL::ow-0374::ow-0374__obj_002,CONFIRMED_OIL,,,data/external/dartis/processed/verifier_positive/ow/ow-0374__obj_002.png,ow,1.0,224.0,1,ow-0374,,data/metadata/dartis_positive_verifier_crops.csv,1,train,24.82100928162652,185.0,,,224.0
,OIL::ow-0374::ow-0374__obj_003,CONFIRMED_OIL,,,data/external/dartis/processed/verifier_positive/ow/ow-0374__obj_003.png,ow,1.0,224.0,1,ow-0374,,data/metadata/dartis_positive_verifier_crops.csv,1,train,16.806162871200886,122.0,,,224.0
,OIL::ow-0375::ow-0375__obj_001,CONFIRMED_OIL,,,data/external/dartis/processed/verifier_positive/ow/ow-0375__obj_001.png,ow,1.0,224.0,1,ow-0375,,data/metadata/dartis_positive_verifier_crops.csv,1,train,12.78762984109887,97.0,,,224.0
,OIL::ow-0376::ow-0376__obj_001,CONFIRMED_OIL,,,data/external/dartis/processed/verifier_positive/ow/ow-0376__obj_001.png,ow,1.0,224.0,1,ow-0376,,data/metadata/dartis_positive_verifier_crops.csv,1,calibration,11.04184105899648,135.0,,,224.0
,OIL::ow-0377::ow-0377__obj_001,CONFIRMED_OIL,,,data/external/dartis/processed/verifier_positive/ow/ow-0377__obj_001.png,ow,1.0,224.0,1,ow-0377,,data/metadata/dartis_positive_verifier_crops.csv,1,calibration,29.735668351334617,224.0,,,224.0
,OIL::ow-0377::ow-0377__obj_002,CONFIRMED_OIL,,,data/external/dartis/processed/verifier_positive/ow/ow-0377__obj_002.png,ow,1.0,224.0,1,ow-0377,,data/metadata/dartis_positive_verifier_crops.csv,1,calibration,32.3625270613215,221.0,,,224.0
,OIL::ow-0378::ow-0378__obj_001,CONFIRMED_OIL,,,data/external/dartis/processed/verifier_positive/ow/ow-0378__obj_001.png,ow,1.0,224.0,1,ow-0378,,data/metadata/dartis_positive_verifier_crops.csv,1,train,29.114346894926957,225.0,,,224.0
,OIL::ow-0378::ow-0378__obj_002,CONFIRMED_OIL,,,data/external/dartis/processed/verifier_positive/ow/ow-0378__obj_002.png,ow,1.0,224.0,1,ow-0378,,data/metadata/dartis_positive_verifier_crops.csv,1,train,23.690887576200343,208.0,,,224.0
,OIL::ow-0378::ow-0378__obj_003,CONFIRMED_OIL,,,data/external/dartis/processed/verifier_positive/ow/ow-0378__obj_003.png,ow,1.0,224.0,1,ow-0378,,data/metadata/dartis_positive_verifier_crops.csv,1,train,31.68787317592354,224.0,,,224.0
,OIL::ow-0379::ow-0379__obj_001,CONFIRMED_OIL,,,data/external/dartis/processed/verifier_positive/ow/ow-0379__obj_001.png,ow,1.0,224.0,1,ow-0379,,data/metadata/dartis_positive_verifier_crops.csv,1,train,27.131674175225715,235.0,,,224.0
,OIL::ow-0379::ow-0379__obj_002,CONFIRMED_OIL,,,data/external/dartis/processed/verifier_positive/ow/ow-0379__obj_002.png,ow,1.0,224.0,1,ow-0379,,data/metadata/dartis_positive_verifier_crops.csv,1,train,23.53178384206015,221.0,,,224.0
,OIL::ow-0380::ow-0380__obj_001,CONFIRMED_OIL,,,data/external/dartis/processed/verifier_positive/ow/ow-0380__obj_001.png,ow,1.0,224.0,1,ow-0380,,data/metadata/dartis_positive_verifier_crops.csv,1,train,26.6351652750944,224.0,,,224.0
,OIL::ow-0381::ow-0381__obj_002,CONFIRMED_OIL,,,data/external/dartis/processed/verifier_positive/ow/ow-0381__obj_002.png,ow,1.0,224.0,1,ow-0381,,data/metadata/dartis_positive_verifier_crops.csv,1,train,28.597795058401992,234.0,,,224.0
,OIL::ow-0381::ow-0381__obj_005,CONFIRMED_OIL,,,data/external/dartis/processed/verifier_positive/ow/ow-0381__obj_005.png,ow,1.0,224.0,1,ow-0381,,data/metadata/dartis_positive_verifier_crops.csv,1,train,24.900118428434432,199.0,,,224.0
,OIL::ow-0381::ow-0381__obj_006,CONFIRMED_OIL,,,data/external/dartis/processed/verifier_positive/ow/ow-0381__obj_006.png,ow,1.0,224.0,1,ow-0381,,data/metadata/dartis_positive_verifier_crops.csv,1,train,26.74488632424161,216.0,,,224.0
,OIL::ow-0381::ow-0381__obj_008,CONFIRMED_OIL,,,data/external/dartis/processed/verifier_positive/ow/ow-0381__obj_008.png,ow,1.0,224.0,1,ow-0381,,data/metadata/dartis_positive_verifier_crops.csv,1,train,26.32757303602897,215.0,,,224.0
,OIL::ow-0382::ow-0382__obj_002,CONFIRMED_OIL,,,data/external/dartis/processed/verifier_positive/ow/ow-0382__obj_002.png,ow,1.0,224.0,1,ow-0382,,data/metadata/dartis_positive_verifier_crops.csv,1,train,25.71031518234445,216.0,,,224.0
,OIL::ow-0382::ow-0382__obj_003,CONFIRMED_OIL,,,data/external/dartis/processed/verifier_positive/ow/ow-0382__obj_003.png,ow,1.0,224.0,1,ow-0382,,data/metadata/dartis_positive_verifier_crops.csv,1,train,24.307520318189027,207.0,,,224.0
,OIL::ow-0383::ow-0383__obj_001,CONFIRMED_OIL,,,data/external/dartis/processed/verifier_positive/ow/ow-0383__obj_001.png,ow,1.0,224.0,1,ow-0383,,data/metadata/dartis_positive_verifier_crops.csv,1,train,26.34657202628217,187.0,,,224.0
,OIL::ow-0383::ow-0383__obj_002,CONFIRMED_OIL,,,data/external/dartis/processed/verifier_positive/ow/ow-0383__obj_002.png,ow,1.0,224.0,1,ow-0383,,data/metadata/dartis_positive_verifier_crops.csv,1,train,23.12769166521888,193.0,,,224.0
,OIL::ow-0383::ow-0383__obj_003,CONFIRMED_OIL,,,data/external/dartis/processed/verifier_positive/ow/ow-0383__obj_003.png,ow,1.0,224.0,1,ow-0383,,data/metadata/dartis_positive_verifier_crops.csv,1,train,25.183836711787823,193.0,,,224.0
,OIL::ow-0383::ow-0383__obj_004,CONFIRMED_OIL,,,data/external/dartis/processed/verifier_positive/ow/ow-0383__obj_004.png,ow,1.0,224.0,1,ow-0383,,data/metadata/dartis_positive_verifier_crops.csv,1,train,22.74324780167674,182.0,,,224.0
,OIL::ow-0383::ow-0383__obj_005,CONFIRMED_OIL,,,data/external/dartis/processed/verifier_positive/ow/ow-0383__obj_005.png,ow,1.0,224.0,1,ow-0383,,data/metadata/dartis_positive_verifier_crops.csv,1,train,27.619140133131204,205.0,,,224.0
,OIL::ow-0383::ow-0383__obj_006,CONFIRMED_OIL,,,data/external/dartis/processed/verifier_positive/ow/ow-0383__obj_006.png,ow,1.0,224.0,1,ow-0383,,data/metadata/dartis_positive_verifier_crops.csv,1,train,22.806911108842,170.0,,,224.0
,OIL::ow-0383::ow-0383__obj_007,CONFIRMED_OIL,,,data/external/dartis/processed/verifier_positive/ow/ow-0383__obj_007.png,ow,1.0,224.0,1,ow-0383,,data/metadata/dartis_positive_verifier_crops.csv,1,train,24.60694495506277,182.0,,,224.0
,OIL::ow-0384::ow-0384__obj_001,CONFIRMED_OIL,,,data/external/dartis/processed/verifier_positive/ow/ow-0384__obj_001.png,ow,1.0,224.0,1,ow-0384,,data/metadata/dartis_positive_verifier_crops.csv,1,train,27.538545296886817,197.0,,,224.0
,OIL::ow-0384::ow-0384__obj_002,CONFIRMED_OIL,,,data/external/dartis/processed/verifier_positive/ow/ow-0384__obj_002.png,ow,1.0,224.0,1,ow-0384,,data/metadata/dartis_positive_verifier_crops.csv,1,train,24.69048936063444,175.0,,,224.0
,OIL::ow-0384::ow-0384__obj_003,CONFIRMED_OIL,,,data/external/dartis/processed/verifier_positive/ow/ow-0384__obj_003.png,ow,1.0,224.0,1,ow-0384,,data/metadata/dartis_positive_verifier_crops.csv,1,train,25.258945459590255,174.0,,,224.0
,OIL::ow-0384::ow-0384__obj_004,CONFIRMED_OIL,,,data/external/dartis/processed/verifier_positive/ow/ow-0384__obj_004.png,ow,1.0,224.0,1,ow-0384,,data/metadata/dartis_positive_verifier_crops.csv,1,train,19.64985410306818,164.0,,,224.0
,OIL::ow-0385::ow-0385__obj_001,CONFIRMED_OIL,,,data/external/dartis/processed/verifier_positive/ow/ow-0385__obj_001.png,ow,1.0,224.0,1,ow-0385,,data/metadata/dartis_positive_verifier_crops.csv,1,train,33.20874668854316,214.0,,,224.0
,OIL::ow-0385::ow-0385__obj_002,CONFIRMED_OIL,,,data/external/dartis/processed/verifier_positive/ow/ow-0385__obj_002.png,ow,1.0,224.0,1,ow-0385,,data/metadata/dartis_positive_verifier_crops.csv,1,train,27.821907407076207,225.0,,,224.0
,OIL::ow-0385::ow-0385__obj_003,CONFIRMED_OIL,,,data/external/dartis/processed/verifier_positive/ow/ow-0385__obj_003.png,ow,1.0,224.0,1,ow-0385,,data/metadata/dartis_positive_verifier_crops.csv,1,train,32.53111752535802,222.0,,,224.0
,OIL::ow-0385::ow-0385__obj_004,CONFIRMED_OIL,,,data/external/dartis/processed/verifier_positive/ow/ow-0385__obj_004.png,ow,1.0,224.0,1,ow-0385,,data/metadata/dartis_positive_verifier_crops.csv,1,train,34.016865038595554,213.0,,,224.0
,OIL::ow-0386::ow-0386__obj_001,CONFIRMED_OIL,,,data/external/dartis/processed/verifier_positive/ow/ow-0386__obj_001.png,ow,1.0,224.0,1,ow-0386,,data/metadata/dartis_positive_verifier_crops.csv,1,train,28.86709413926093,216.0,,,224.0
,OIL::ow-0386::ow-0386__obj_002,CONFIRMED_OIL,,,data/external/dartis/processed/verifier_positive/ow/ow-0386__obj_002.png,ow,1.0,224.0,1,ow-0386,,data/metadata/dartis_positive_verifier_crops.csv,1,train,27.58678019985976,214.0,,,224.0
,OIL::ow-0387::ow-0387__obj_001,CONFIRMED_OIL,,,data/external/dartis/processed/verifier_positive/ow/ow-0387__obj_001.png,ow,1.0,224.0,1,ow-0387,,data/metadata/dartis_positive_verifier_crops.csv,1,train,37.35859276719876,237.0,,,224.0
,OIL::ow-0387::ow-0387__obj_002,CONFIRMED_OIL,,,data/external/dartis/processed/verifier_positive/ow/ow-0387__obj_002.png,ow,1.0,224.0,1,ow-0387,,data/metadata/dartis_positive_verifier_crops.csv,1,train,25.07958527947392,206.0,,,224.0
,OIL::ow-0388::ow-0388__obj_001,CONFIRMED_OIL,,,data/external/dartis/processed/verifier_positive/ow/ow-0388__obj_001.png,ow,1.0,224.0,1,ow-0388,,data/metadata/dartis_positive_verifier_crops.csv,1,train,29.731586643709655,188.0,,,224.0
,OIL::ow-0388::ow-0388__obj_002,CONFIRMED_OIL,,,data/external/dartis/processed/verifier_positive/ow/ow-0388__obj_002.png,ow,1.0,224.0,1,ow-0388,,data/metadata/dartis_positive_verifier_crops.csv,1,train,25.633272889900383,133.0,,,224.0
,OIL::ow-0389::ow-0389__obj_001,CONFIRMED_OIL,,,data/external/dartis/processed/verifier_positive/ow/ow-0389__obj_001.png,ow,1.0,224.0,1,ow-0389,,data/metadata/dartis_positive_verifier_crops.csv,1,train,25.80120843247513,210.0,,,224.0
,OIL::ow-0390::ow-0390__obj_001,CONFIRMED_OIL,,,data/external/dartis/processed/verifier_positive/ow/ow-0390__obj_001.png,ow,1.0,224.0,1,ow-0390,,data/metadata/dartis_positive_verifier_crops.csv,1,train,26.57882171952965,184.0,,,224.0
,OIL::ow-0391::ow-0391__obj_001,CONFIRMED_OIL,,,data/external/dartis/processed/verifier_positive/ow/ow-0391__obj_001.png,ow,1.0,224.0,1,ow-0391,,data/metadata/dartis_positive_verifier_crops.csv,1,train,18.89226195651893,167.0,,,224.0
,OIL::ow-0391::ow-0391__obj_002,CONFIRMED_OIL,,,data/external/dartis/processed/verifier_positive/ow/ow-0391__obj_002.png,ow,1.0,224.0,1,ow-0391,,data/metadata/dartis_positive_verifier_crops.csv,1,train,29.993944388624808,246.0,,,224.0
,OIL::ow-0391::ow-0391__obj_003,CONFIRMED_OIL,,,data/external/dartis/processed/verifier_positive/ow/ow-0391__obj_003.png,ow,1.0,224.0,1,ow-0391,,data/metadata/dartis_positive_verifier_crops.csv,1,train,19.03418115764749,166.0,,,224.0
,OIL::ow-0392::ow-0392__obj_001,CONFIRMED_OIL,,,data/external/dartis/processed/verifier_positive/ow/ow-0392__obj_001.png,ow,1.0,224.0,1,ow-0392,,data/metadata/dartis_positive_verifier_crops.csv,1,train,28.98327032798928,209.0,,,224.0
,OIL::ow-0393::ow-0393__obj_001,CONFIRMED_OIL,,,data/external/dartis/processed/verifier_positive/ow/ow-0393__obj_001.png,ow,1.0,224.0,1,ow-0393,,data/metadata/dartis_positive_verifier_crops.csv,1,calibration,27.000208757400443,196.0,,,224.0
,OIL::ow-0393::ow-0393__obj_002,CONFIRMED_OIL,,,data/external/dartis/processed/verifier_positive/ow/ow-0393__obj_002.png,ow,1.0,224.0,1,ow-0393,,data/metadata/dartis_positive_verifier_crops.csv,1,calibration,27.40738494236655,183.0,,,224.0
,OIL::ow-0393::ow-0393__obj_003,CONFIRMED_OIL,,,data/external/dartis/processed/verifier_positive/ow/ow-0393__obj_003.png,ow,1.0,224.0,1,ow-0393,,data/metadata/dartis_positive_verifier_crops.csv,1,calibration,23.964536921540105,135.0,,,224.0
,OIL::ow-0394::ow-0394__obj_001,CONFIRMED_OIL,,,data/external/dartis/processed/verifier_positive/ow/ow-0394__obj_001.png,ow,1.0,224.0,1,ow-0394,,data/metadata/dartis_positive_verifier_crops.csv,1,calibration,28.475974128299733,220.0,,,224.0
,OIL::ow-0394::ow-0394__obj_002,CONFIRMED_OIL,,,data/external/dartis/processed/verifier_positive/ow/ow-0394__obj_002.png,ow,1.0,224.0,1,ow-0394,,data/metadata/dartis_positive_verifier_crops.csv,1,calibration,22.324513718530905,199.0,,,224.0
,OIL::ow-0394::ow-0394__obj_003,CONFIRMED_OIL,,,data/external/dartis/processed/verifier_positive/ow/ow-0394__obj_003.png,ow,1.0,224.0,1,ow-0394,,data/metadata/dartis_positive_verifier_crops.csv,1,calibration,26.13907624951712,215.0,,,224.0
,OIL::ow-0394::ow-0394__obj_004,CONFIRMED_OIL,,,data/external/dartis/processed/verifier_positive/ow/ow-0394__obj_004.png,ow,1.0,224.0,1,ow-0394,,data/metadata/dartis_positive_verifier_crops.csv,1,calibration,24.270371227348647,212.0,,,224.0
,OIL::ow-0394::ow-0394__obj_005,CONFIRMED_OIL,,,data/external/dartis/processed/verifier_positive/ow/ow-0394__obj_005.png,ow,1.0,224.0,1,ow-0394,,data/metadata/dartis_positive_verifier_crops.csv,1,calibration,24.17006100949118,208.0,,,224.0
,OIL::ow-0395::ow-0395__obj_002,CONFIRMED_OIL,,,data/external/dartis/processed/verifier_positive/ow/ow-0395__obj_002.png,ow,1.0,224.0,1,ow-0395,,data/metadata/dartis_positive_verifier_crops.csv,1,calibration,31.188362675707666,189.0,,,224.0
,OIL::ow-0395::ow-0395__obj_003,CONFIRMED_OIL,,,data/external/dartis/processed/verifier_positive/ow/ow-0395__obj_003.png,ow,1.0,224.0,1,ow-0395,,data/metadata/dartis_positive_verifier_crops.csv,1,calibration,22.449591679730226,191.0,,,224.0
,OIL::ow-0395::ow-0395__obj_004,CONFIRMED_OIL,,,data/external/dartis/processed/verifier_positive/ow/ow-0395__obj_004.png,ow,1.0,224.0,1,ow-0395,,data/metadata/dartis_positive_verifier_crops.csv,1,calibration,19.45017287057184,163.0,,,224.0
,OIL::ow-0396::ow-0396__obj_001,CONFIRMED_OIL,,,data/external/dartis/processed/verifier_positive/ow/ow-0396__obj_001.png,ow,1.0,224.0,1,ow-0396,,data/metadata/dartis_positive_verifier_crops.csv,1,train,26.80336267703209,228.0,,,224.0
,OIL::ow-0396::ow-0396__obj_002,CONFIRMED_OIL,,,data/external/dartis/processed/verifier_positive/ow/ow-0396__obj_002.png,ow,1.0,224.0,1,ow-0396,,data/metadata/dartis_positive_verifier_crops.csv,1,train,29.834845265877917,241.0,,,224.0
,OIL::ow-0396::ow-0396__obj_003,CONFIRMED_OIL,,,data/external/dartis/processed/verifier_positive/ow/ow-0396__obj_003.png,ow,1.0,224.0,1,ow-0396,,data/metadata/dartis_positive_verifier_crops.csv,1,train,27.37792201768909,220.0,,,224.0
,OIL::ow-0396::ow-0396__obj_004,CONFIRMED_OIL,,,data/external/dartis/processed/verifier_positive/ow/ow-0396__obj_004.png,ow,1.0,224.0,1,ow-0396,,data/metadata/dartis_positive_verifier_crops.csv,1,train,26.82526396331592,221.0,,,224.0
,OIL::ow-0396::ow-0396__obj_005,CONFIRMED_OIL,,,data/external/dartis/processed/verifier_positive/ow/ow-0396__obj_005.png,ow,1.0,224.0,1,ow-0396,,data/metadata/dartis_positive_verifier_crops.csv,1,train,28.760516145876505,240.0,,,224.0
,OIL::ow-0396::ow-0396__obj_006,CONFIRMED_OIL,,,data/external/dartis/processed/verifier_positive/ow/ow-0396__obj_006.png,ow,1.0,224.0,1,ow-0396,,data/metadata/dartis_positive_verifier_crops.csv,1,train,26.04423255566604,218.0,,,224.0
,OIL::ow-0396::ow-0396__obj_007,CONFIRMED_OIL,,,data/external/dartis/processed/verifier_positive/ow/ow-0396__obj_007.png,ow,1.0,224.0,1,ow-0396,,data/metadata/dartis_positive_verifier_crops.csv,1,train,24.452944857241803,214.0,,,224.0
,OIL::ow-0397::ow-0397__obj_001,CONFIRMED_OIL,,,data/external/dartis/processed/verifier_positive/ow/ow-0397__obj_001.png,ow,1.0,224.0,1,ow-0397,,data/metadata/dartis_positive_verifier_crops.csv,1,train,28.588330873563766,201.0,,,224.0
,OIL::ow-0398::ow-0398__obj_001,CONFIRMED_OIL,,,data/external/dartis/processed/verifier_positive/ow/ow-0398__obj_001.png,ow,1.0,224.0,1,ow-0398,,data/metadata/dartis_positive_verifier_crops.csv,1,calibration,33.23322626377729,207.0,,,224.0
,OIL::ow-0398::ow-0398__obj_002,CONFIRMED_OIL,,,data/external/dartis/processed/verifier_positive/ow/ow-0398__obj_002.png,ow,1.0,224.0,1,ow-0398,,data/metadata/dartis_positive_verifier_crops.csv,1,calibration,33.53215636279863,209.0,,,224.0
,OIL::ow-0398::ow-0398__obj_003,CONFIRMED_OIL,,,data/external/dartis/processed/verifier_positive/ow/ow-0398__obj_003.png,ow,1.0,224.0,1,ow-0398,,data/metadata/dartis_positive_verifier_crops.csv,1,calibration,28.475638237665382,203.0,,,224.0
,OIL::ow-0398::ow-0398__obj_004,CONFIRMED_OIL,,,data/external/dartis/processed/verifier_positive/ow/ow-0398__obj_004.png,ow,1.0,224.0,1,ow-0398,,data/metadata/dartis_positive_verifier_crops.csv,1,calibration,29.24739930635634,163.0,,,224.0
,OIL::ow-0398::ow-0398__obj_005,CONFIRMED_OIL,,,data/external/dartis/processed/verifier_positive/ow/ow-0398__obj_005.png,ow,1.0,224.0,1,ow-0398,,data/metadata/dartis_positive_verifier_crops.csv,1,calibration,26.320285053685915,207.0,,,224.0
,OIL::ow-0399::ow-0399__obj_001,CONFIRMED_OIL,,,data/external/dartis/processed/verifier_positive/ow/ow-0399__obj_001.png,ow,1.0,224.0,1,ow-0399,,data/metadata/dartis_positive_verifier_crops.csv,1,train,24.58452644707545,171.0,,,224.0
,OIL::ow-0399::ow-0399__obj_002,CONFIRMED_OIL,,,data/external/dartis/processed/verifier_positive/ow/ow-0399__obj_002.png,ow,1.0,224.0,1,ow-0399,,data/metadata/dartis_positive_verifier_crops.csv,1,train,23.275724231807384,182.0,,,224.0
,OIL::ow-0400::ow-0400__obj_001,CONFIRMED_OIL,,,data/external/dartis/processed/verifier_positive/ow/ow-0400__obj_001.png,ow,1.0,224.0,1,ow-0400,,data/metadata/dartis_positive_verifier_crops.csv,1,train,37.45525921667709,235.0,,,224.0
,OIL::ow-0400::ow-0400__obj_002,CONFIRMED_OIL,,,data/external/dartis/processed/verifier_positive/ow/ow-0400__obj_002.png,ow,1.0,224.0,1,ow-0400,,data/metadata/dartis_positive_verifier_crops.csv,1,train,38.26331182154849,219.0,,,224.0
,OIL::ow-0401::ow-0401__obj_001,CONFIRMED_OIL,,,data/external/dartis/processed/verifier_positive/ow/ow-0401__obj_001.png,ow,1.0,224.0,1,ow-0401,,data/metadata/dartis_positive_verifier_crops.csv,1,train,33.10191840332384,205.0,,,224.0
,OIL::ow-0401::ow-0401__obj_002,CONFIRMED_OIL,,,data/external/dartis/processed/verifier_positive/ow/ow-0401__obj_002.png,ow,1.0,224.0,1,ow-0401,,data/metadata/dartis_positive_verifier_crops.csv,1,train,30.55094793584339,206.0,,,224.0
,OIL::ow-0401::ow-0401__obj_003,CONFIRMED_OIL,,,data/external/dartis/processed/verifier_positive/ow/ow-0401__obj_003.png,ow,1.0,224.0,1,ow-0401,,data/metadata/dartis_positive_verifier_crops.csv,1,train,26.38151480961886,188.0,,,224.0
,OIL::ow-0401::ow-0401__obj_004,CONFIRMED_OIL,,,data/external/dartis/processed/verifier_positive/ow/ow-0401__obj_004.png,ow,1.0,224.0,1,ow-0401,,data/metadata/dartis_positive_verifier_crops.csv,1,train,28.45844391655725,203.0,,,224.0
,OIL::ow-0401::ow-0401__obj_005,CONFIRMED_OIL,,,data/external/dartis/processed/verifier_positive/ow/ow-0401__obj_005.png,ow,1.0,224.0,1,ow-0401,,data/metadata/dartis_positive_verifier_crops.csv,1,train,30.28975576783716,213.0,,,224.0
,OIL::ow-0401::ow-0401__obj_006,CONFIRMED_OIL,,,data/external/dartis/processed/verifier_positive/ow/ow-0401__obj_006.png,ow,1.0,224.0,1,ow-0401,,data/metadata/dartis_positive_verifier_crops.csv,1,train,24.017029484151383,191.0,,,224.0
,OIL::ow-0402::ow-0402__obj_001,CONFIRMED_OIL,,,data/external/dartis/processed/verifier_positive/ow/ow-0402__obj_001.png,ow,1.0,224.0,1,ow-0402,,data/metadata/dartis_positive_verifier_crops.csv,1,calibration,27.161852987516216,211.0,,,224.0
,OIL::ow-0402::ow-0402__obj_002,CONFIRMED_OIL,,,data/external/dartis/processed/verifier_positive/ow/ow-0402__obj_002.png,ow,1.0,224.0,1,ow-0402,,data/metadata/dartis_positive_verifier_crops.csv,1,calibration,30.537954203238755,220.0,,,224.0
,OIL::ow-0402::ow-0402__obj_003,CONFIRMED_OIL,,,data/external/dartis/processed/verifier_positive/ow/ow-0402__obj_003.png,ow,1.0,224.0,1,ow-0402,,data/metadata/dartis_positive_verifier_crops.csv,1,calibration,28.252456094054526,217.0,,,224.0
,OIL::ow-0402::ow-0402__obj_004,CONFIRMED_OIL,,,data/external/dartis/processed/verifier_positive/ow/ow-0402__obj_004.png,ow,1.0,224.0,1,ow-0402,,data/metadata/dartis_positive_verifier_crops.csv,1,calibration,22.699195092984144,202.0,,,224.0
,OIL::ow-0403::ow-0403__obj_001,CONFIRMED_OIL,,,data/external/dartis/processed/verifier_positive/ow/ow-0403__obj_001.png,ow,1.0,224.0,1,ow-0403,,data/metadata/dartis_positive_verifier_crops.csv,1,train,65.23829993080257,96.0,,,224.0
,OIL::ow-0404::ow-0404__obj_001,CONFIRMED_OIL,,,data/external/dartis/processed/verifier_positive/ow/ow-0404__obj_001.png,ow,1.0,224.0,1,ow-0404,,data/metadata/dartis_positive_verifier_crops.csv,1,train,25.753994884972624,199.0,,,224.0
,OIL::ow-0404::ow-0404__obj_002,CONFIRMED_OIL,,,data/external/dartis/processed/verifier_positive/ow/ow-0404__obj_002.png,ow,1.0,224.0,1,ow-0404,,data/metadata/dartis_positive_verifier_crops.csv,1,train,30.251779533042047,202.0,,,224.0
,OIL::ow-0404::ow-0404__obj_003,CONFIRMED_OIL,,,data/external/dartis/processed/verifier_positive/ow/ow-0404__obj_003.png,ow,1.0,224.0,1,ow-0404,,data/metadata/dartis_positive_verifier_crops.csv,1,train,25.14596989757232,189.0,,,224.0
,OIL::ow-0404::ow-0404__obj_004,CONFIRMED_OIL,,,data/external/dartis/processed/verifier_positive/ow/ow-0404__obj_004.png,ow,1.0,224.0,1,ow-0404,,data/metadata/dartis_positive_verifier_crops.csv,1,train,25.147554283304054,214.0,,,224.0
,OIL::ow-0404::ow-0404__obj_005,CONFIRMED_OIL,,,data/external/dartis/processed/verifier_positive/ow/ow-0404__obj_005.png,ow,1.0,224.0,1,ow-0404,,data/metadata/dartis_positive_verifier_crops.csv,1,train,27.270610668872223,202.0,,,224.0
,OIL::ow-0404::ow-0404__obj_006,CONFIRMED_OIL,,,data/external/dartis/processed/verifier_positive/ow/ow-0404__obj_006.png,ow,1.0,224.0,1,ow-0404,,data/metadata/dartis_positive_verifier_crops.csv,1,train,24.49245802118725,201.0,,,224.0
,OIL::ow-0404::ow-0404__obj_007,CONFIRMED_OIL,,,data/external/dartis/processed/verifier_positive/ow/ow-0404__obj_007.png,ow,1.0,224.0,1,ow-0404,,data/metadata/dartis_positive_verifier_crops.csv,1,train,25.389599334795832,197.0,,,224.0
,OIL::ow-0404::ow-0404__obj_008,CONFIRMED_OIL,,,data/external/dartis/processed/verifier_positive/ow/ow-0404__obj_008.png,ow,1.0,224.0,1,ow-0404,,data/metadata/dartis_positive_verifier_crops.csv,1,train,27.156800395312068,192.0,,,224.0
,OIL::ow-0404::ow-0404__obj_009,CONFIRMED_OIL,,,data/external/dartis/processed/verifier_positive/ow/ow-0404__obj_009.png,ow,1.0,224.0,1,ow-0404,,data/metadata/dartis_positive_verifier_crops.csv,1,train,30.028613607995226,207.0,,,224.0
,OIL::ow-0404::ow-0404__obj_010,CONFIRMED_OIL,,,data/external/dartis/processed/verifier_positive/ow/ow-0404__obj_010.png,ow,1.0,224.0,1,ow-0404,,data/metadata/dartis_positive_verifier_crops.csv,1,train,29.400754709754963,212.0,,,224.0
,OIL::ow-0404::ow-0404__obj_011,CONFIRMED_OIL,,,data/external/dartis/processed/verifier_positive/ow/ow-0404__obj_011.png,ow,1.0,224.0,1,ow-0404,,data/metadata/dartis_positive_verifier_crops.csv,1,train,26.50068051924895,195.0,,,224.0
,OIL::ow-0404::ow-0404__obj_012,CONFIRMED_OIL,,,data/external/dartis/processed/verifier_positive/ow/ow-0404__obj_012.png,ow,1.0,224.0,1,ow-0404,,data/metadata/dartis_positive_verifier_crops.csv,1,train,29.02211709688508,207.0,,,224.0
,OIL::ow-0404::ow-0404__obj_013,CONFIRMED_OIL,,,data/external/dartis/processed/verifier_positive/ow/ow-0404__obj_013.png,ow,1.0,224.0,1,ow-0404,,data/metadata/dartis_positive_verifier_crops.csv,1,train,28.799989170942027,207.0,,,224.0
,OIL::ow-0404::ow-0404__obj_014,CONFIRMED_OIL,,,data/external/dartis/processed/verifier_positive/ow/ow-0404__obj_014.png,ow,1.0,224.0,1,ow-0404,,data/metadata/dartis_positive_verifier_crops.csv,1,train,28.614676236622238,205.0,,,224.0
,OIL::ow-0405::ow-0405__obj_001,CONFIRMED_OIL,,,data/external/dartis/processed/verifier_positive/ow/ow-0405__obj_001.png,ow,1.0,224.0,1,ow-0405,,data/metadata/dartis_positive_verifier_crops.csv,1,train,29.858816804016435,213.0,,,224.0
,OIL::ow-0405::ow-0405__obj_002,CONFIRMED_OIL,,,data/external/dartis/processed/verifier_positive/ow/ow-0405__obj_002.png,ow,1.0,224.0,1,ow-0405,,data/metadata/dartis_positive_verifier_crops.csv,1,train,28.979587777183525,220.0,,,224.0
,OIL::ow-0405::ow-0405__obj_003,CONFIRMED_OIL,,,data/external/dartis/processed/verifier_positive/ow/ow-0405__obj_003.png,ow,1.0,224.0,1,ow-0405,,data/metadata/dartis_positive_verifier_crops.csv,1,train,26.205404120121926,217.0,,,224.0
,OIL::ow-0405::ow-0405__obj_004,CONFIRMED_OIL,,,data/external/dartis/processed/verifier_positive/ow/ow-0405__obj_004.png,ow,1.0,224.0,1,ow-0405,,data/metadata/dartis_positive_verifier_crops.csv,1,train,26.459792563079017,214.0,,,224.0
,OIL::ow-0406::ow-0406__obj_001,CONFIRMED_OIL,,,data/external/dartis/processed/verifier_positive/ow/ow-0406__obj_001.png,ow,1.0,224.0,1,ow-0406,,data/metadata/dartis_positive_verifier_crops.csv,1,train,21.72704301512029,166.0,,,224.0
,OIL::ow-0407::ow-0407__obj_001,CONFIRMED_OIL,,,data/external/dartis/processed/verifier_positive/ow/ow-0407__obj_001.png,ow,1.0,224.0,1,ow-0407,,data/metadata/dartis_positive_verifier_crops.csv,1,train,20.649509919492896,143.0,,,224.0
,OIL::ow-0407::ow-0407__obj_002,CONFIRMED_OIL,,,data/external/dartis/processed/verifier_positive/ow/ow-0407__obj_002.png,ow,1.0,224.0,1,ow-0407,,data/metadata/dartis_positive_verifier_crops.csv,1,train,22.330109463835814,238.0,,,224.0
,OIL::ow-0407::ow-0407__obj_003,CONFIRMED_OIL,,,data/external/dartis/processed/verifier_positive/ow/ow-0407__obj_003.png,ow,1.0,224.0,1,ow-0407,,data/metadata/dartis_positive_verifier_crops.csv,1,train,20.507367781919573,140.0,,,224.0
,OIL::ow-0407::ow-0407__obj_004,CONFIRMED_OIL,,,data/external/dartis/processed/verifier_positive/ow/ow-0407__obj_004.png,ow,1.0,224.0,1,ow-0407,,data/metadata/dartis_positive_verifier_crops.csv,1,train,19.22258237050044,127.0,,,224.0
,OIL::ow-0407::ow-0407__obj_005,CONFIRMED_OIL,,,data/external/dartis/processed/verifier_positive/ow/ow-0407__obj_005.png,ow,1.0,224.0,1,ow-0407,,data/metadata/dartis_positive_verifier_crops.csv,1,train,20.42415316549512,138.0,,,224.0
,OIL::ow-0407::ow-0407__obj_006,CONFIRMED_OIL,,,data/external/dartis/processed/verifier_positive/ow/ow-0407__obj_006.png,ow,1.0,224.0,1,ow-0407,,data/metadata/dartis_positive_verifier_crops.csv,1,train,17.383947603759825,129.0,,,224.0
,OIL::ow-0408::ow-0408__obj_001,CONFIRMED_OIL,,,data/external/dartis/processed/verifier_positive/ow/ow-0408__obj_001.png,ow,1.0,224.0,1,ow-0408,,data/metadata/dartis_positive_verifier_crops.csv,1,calibration,28.23623982807171,197.0,,,224.0
,OIL::ow-0408::ow-0408__obj_003,CONFIRMED_OIL,,,data/external/dartis/processed/verifier_positive/ow/ow-0408__obj_003.png,ow,1.0,224.0,1,ow-0408,,data/metadata/dartis_positive_verifier_crops.csv,1,calibration,22.06793776272456,195.0,,,224.0
,OIL::ow-0409::ow-0409__obj_001,CONFIRMED_OIL,,,data/external/dartis/processed/verifier_positive/ow/ow-0409__obj_001.png,ow,1.0,224.0,1,ow-0409,,data/metadata/dartis_positive_verifier_crops.csv,1,train,27.29333873001084,205.0,,,224.0
,OIL::ow-0409::ow-0409__obj_002,CONFIRMED_OIL,,,data/external/dartis/processed/verifier_positive/ow/ow-0409__obj_002.png,ow,1.0,224.0,1,ow-0409,,data/metadata/dartis_positive_verifier_crops.csv,1,train,27.103772775147785,205.0,,,224.0
,OIL::ow-0409::ow-0409__obj_003,CONFIRMED_OIL,,,data/external/dartis/processed/verifier_positive/ow/ow-0409__obj_003.png,ow,1.0,224.0,1,ow-0409,,data/metadata/dartis_positive_verifier_crops.csv,1,train,30.08410277730304,210.0,,,224.0
,OIL::ow-0409::ow-0409__obj_004,CONFIRMED_OIL,,,data/external/dartis/processed/verifier_positive/ow/ow-0409__obj_004.png,ow,1.0,224.0,1,ow-0409,,data/metadata/dartis_positive_verifier_crops.csv,1,train,23.946832466921204,197.0,,,224.0
,OIL::ow-0410::ow-0410__obj_001,CONFIRMED_OIL,,,data/external/dartis/processed/verifier_positive/ow/ow-0410__obj_001.png,ow,1.0,224.0,1,ow-0410,,data/metadata/dartis_positive_verifier_crops.csv,1,calibration,28.77435928474,227.0,,,224.0
,OIL::ow-0411::ow-0411__obj_001,CONFIRMED_OIL,,,data/external/dartis/processed/verifier_positive/ow/ow-0411__obj_001.png,ow,1.0,224.0,1,ow-0411,,data/metadata/dartis_positive_verifier_crops.csv,1,train,29.71945299424569,221.0,,,224.0
,OIL::ow-0411::ow-0411__obj_002,CONFIRMED_OIL,,,data/external/dartis/processed/verifier_positive/ow/ow-0411__obj_002.png,ow,1.0,224.0,1,ow-0411,,data/metadata/dartis_positive_verifier_crops.csv,1,train,26.81369842733572,210.0,,,224.0
,OIL::ow-0412::ow-0412__obj_001,CONFIRMED_OIL,,,data/external/dartis/processed/verifier_positive/ow/ow-0412__obj_001.png,ow,1.0,224.0,1,ow-0412,,data/metadata/dartis_positive_verifier_crops.csv,1,train,25.080996112621868,205.0,,,224.0
,OIL::ow-0413::ow-0413__obj_001,CONFIRMED_OIL,,,data/external/dartis/processed/verifier_positive/ow/ow-0413__obj_001.png,ow,1.0,224.0,1,ow-0413,,data/metadata/dartis_positive_verifier_crops.csv,1,calibration,20.764286863538693,169.0,,,224.0
,OIL::ow-0413::ow-0413__obj_002,CONFIRMED_OIL,,,data/external/dartis/processed/verifier_positive/ow/ow-0413__obj_002.png,ow,1.0,224.0,1,ow-0413,,data/metadata/dartis_positive_verifier_crops.csv,1,calibration,29.55078779812889,207.0,,,224.0
,OIL::ow-0413::ow-0413__obj_003,CONFIRMED_OIL,,,data/external/dartis/processed/verifier_positive/ow/ow-0413__obj_003.png,ow,1.0,224.0,1,ow-0413,,data/metadata/dartis_positive_verifier_crops.csv,1,calibration,29.55078779812889,207.0,,,224.0
,OIL::ow-0414::ow-0414__obj_001,CONFIRMED_OIL,,,data/external/dartis/processed/verifier_positive/ow/ow-0414__obj_001.png,ow,1.0,224.0,1,ow-0414,,data/metadata/dartis_positive_verifier_crops.csv,1,train,41.39536688099442,235.0,,,224.0
,OIL::ow-0414::ow-0414__obj_002,CONFIRMED_OIL,,,data/external/dartis/processed/verifier_positive/ow/ow-0414__obj_002.png,ow,1.0,224.0,1,ow-0414,,data/metadata/dartis_positive_verifier_crops.csv,1,train,23.809853726079066,216.0,,,224.0
,OIL::ow-0415::ow-0415__obj_001,CONFIRMED_OIL,,,data/external/dartis/processed/verifier_positive/ow/ow-0415__obj_001.png,ow,1.0,224.0,1,ow-0415,,data/metadata/dartis_positive_verifier_crops.csv,1,train,25.634382487226503,233.0,,,224.0
,OIL::ow-0416::ow-0416__obj_001,CONFIRMED_OIL,,,data/external/dartis/processed/verifier_positive/ow/ow-0416__obj_001.png,ow,1.0,224.0,1,ow-0416,,data/metadata/dartis_positive_verifier_crops.csv,1,train,31.64417374111617,239.0,,,224.0
,OIL::ow-0416::ow-0416__obj_002,CONFIRMED_OIL,,,data/external/dartis/processed/verifier_positive/ow/ow-0416__obj_002.png,ow,1.0,224.0,1,ow-0416,,data/metadata/dartis_positive_verifier_crops.csv,1,train,26.05381651398663,205.0,,,224.0
,OIL::ow-0417::ow-0417__obj_001,CONFIRMED_OIL,,,data/external/dartis/processed/verifier_positive/ow/ow-0417__obj_001.png,ow,1.0,224.0,1,ow-0417,,data/metadata/dartis_positive_verifier_crops.csv,1,calibration,15.277583672735911,160.0,,,224.0
,OIL::ow-0418::ow-0418__obj_001,CONFIRMED_OIL,,,data/external/dartis/processed/verifier_positive/ow/ow-0418__obj_001.png,ow,1.0,224.0,1,ow-0418,,data/metadata/dartis_positive_verifier_crops.csv,1,calibration,29.32294762425003,220.0,,,224.0
,OIL::ow-0419::ow-0419__obj_001,CONFIRMED_OIL,,,data/external/dartis/processed/verifier_positive/ow/ow-0419__obj_001.png,ow,1.0,224.0,1,ow-0419,,data/metadata/dartis_positive_verifier_crops.csv,1,train,12.09072317042891,89.0,,,224.0
,OIL::ow-0420::ow-0420__obj_001,CONFIRMED_OIL,,,data/external/dartis/processed/verifier_positive/ow/ow-0420__obj_001.png,ow,1.0,224.0,1,ow-0420,,data/metadata/dartis_positive_verifier_crops.csv,1,train,21.551330686515147,197.0,,,224.0
,OIL::ow-0420::ow-0420__obj_002,CONFIRMED_OIL,,,data/external/dartis/processed/verifier_positive/ow/ow-0420__obj_002.png,ow,1.0,224.0,1,ow-0420,,data/metadata/dartis_positive_verifier_crops.csv,1,train,23.422322311652863,204.0,,,224.0
,OIL::ow-0421::ow-0421__obj_001,CONFIRMED_OIL,,,data/external/dartis/processed/verifier_positive/ow/ow-0421__obj_001.png,ow,1.0,224.0,1,ow-0421,,data/metadata/dartis_positive_verifier_crops.csv,1,train,14.152152603043858,150.0,,,224.0
,OIL::ow-0422::ow-0422__obj_001,CONFIRMED_OIL,,,data/external/dartis/processed/verifier_positive/ow/ow-0422__obj_001.png,ow,1.0,224.0,1,ow-0422,,data/metadata/dartis_positive_verifier_crops.csv,1,train,17.556772935867148,149.0,,,224.0
,OIL::ow-0423::ow-0423__obj_001,CONFIRMED_OIL,,,data/external/dartis/processed/verifier_positive/ow/ow-0423__obj_001.png,ow,1.0,224.0,1,ow-0423,,data/metadata/dartis_positive_verifier_crops.csv,1,train,21.708564795915542,151.0,,,224.0
,OIL::ow-0424::ow-0424__obj_001,CONFIRMED_OIL,,,data/external/dartis/processed/verifier_positive/ow/ow-0424__obj_001.png,ow,1.0,224.0,1,ow-0424,,data/metadata/dartis_positive_verifier_crops.csv,1,train,28.08027165656133,223.0,,,224.0
,OIL::ow-0425::ow-0425__obj_001,CONFIRMED_OIL,,,data/external/dartis/processed/verifier_positive/ow/ow-0425__obj_001.png,ow,1.0,224.0,1,ow-0425,,data/metadata/dartis_positive_verifier_crops.csv,1,train,21.924507501423555,180.0,,,224.0
,OIL::ow-0426::ow-0426__obj_001,CONFIRMED_OIL,,,data/external/dartis/processed/verifier_positive/ow/ow-0426__obj_001.png,ow,1.0,224.0,1,ow-0426,,data/metadata/dartis_positive_verifier_crops.csv,1,train,34.08732292900671,253.0,,,224.0
,OIL::ow-0427::ow-0427__obj_001,CONFIRMED_OIL,,,data/external/dartis/processed/verifier_positive/ow/ow-0427__obj_001.png,ow,1.0,224.0,1,ow-0427,,data/metadata/dartis_positive_verifier_crops.csv,1,train,27.655178393494296,225.0,,,224.0
,OIL::ow-0428::ow-0428__obj_001,CONFIRMED_OIL,,,data/external/dartis/processed/verifier_positive/ow/ow-0428__obj_001.png,ow,1.0,224.0,1,ow-0428,,data/metadata/dartis_positive_verifier_crops.csv,1,train,32.92570176223121,233.0,,,224.0
,OIL::ow-0428::ow-0428__obj_002,CONFIRMED_OIL,,,data/external/dartis/processed/verifier_positive/ow/ow-0428__obj_002.png,ow,1.0,224.0,1,ow-0428,,data/metadata/dartis_positive_verifier_crops.csv,1,train,29.40276021369384,225.0,,,224.0
,OIL::ow-0428::ow-0428__obj_003,CONFIRMED_OIL,,,data/external/dartis/processed/verifier_positive/ow/ow-0428__obj_003.png,ow,1.0,224.0,1,ow-0428,,data/metadata/dartis_positive_verifier_crops.csv,1,train,31.464619364936077,234.0,,,224.0
,OIL::ow-0428::ow-0428__obj_004,CONFIRMED_OIL,,,data/external/dartis/processed/verifier_positive/ow/ow-0428__obj_004.png,ow,1.0,224.0,1,ow-0428,,data/metadata/dartis_positive_verifier_crops.csv,1,train,28.40421960324503,231.0,,,224.0
,OIL::ow-0428::ow-0428__obj_005,CONFIRMED_OIL,,,data/external/dartis/processed/verifier_positive/ow/ow-0428__obj_005.png,ow,1.0,224.0,1,ow-0428,,data/metadata/dartis_positive_verifier_crops.csv,1,train,28.354288433449657,215.0,,,224.0
,OIL::ow-0428::ow-0428__obj_006,CONFIRMED_OIL,,,data/external/dartis/processed/verifier_positive/ow/ow-0428__obj_006.png,ow,1.0,224.0,1,ow-0428,,data/metadata/dartis_positive_verifier_crops.csv,1,train,33.08301246186642,235.0,,,224.0
,OIL::ow-0428::ow-0428__obj_007,CONFIRMED_OIL,,,data/external/dartis/processed/verifier_positive/ow/ow-0428__obj_007.png,ow,1.0,224.0,1,ow-0428,,data/metadata/dartis_positive_verifier_crops.csv,1,train,22.81704945337474,203.0,,,224.0
,OIL::ow-0429::ow-0429__obj_001,CONFIRMED_OIL,,,data/external/dartis/processed/verifier_positive/ow/ow-0429__obj_001.png,ow,1.0,224.0,1,ow-0429,,data/metadata/dartis_positive_verifier_crops.csv,1,train,10.120370391533202,100.0,,,224.0
,OIL::ow-0429::ow-0429__obj_002,CONFIRMED_OIL,,,data/external/dartis/processed/verifier_positive/ow/ow-0429__obj_002.png,ow,1.0,224.0,1,ow-0429,,data/metadata/dartis_positive_verifier_crops.csv,1,train,10.19622140619322,90.0,,,224.0
,OIL::ow-0429::ow-0429__obj_003,CONFIRMED_OIL,,,data/external/dartis/processed/verifier_positive/ow/ow-0429__obj_003.png,ow,1.0,224.0,1,ow-0429,,data/metadata/dartis_positive_verifier_crops.csv,1,train,18.52450898110622,240.0,,,224.0
,OIL::ow-0429::ow-0429__obj_004,CONFIRMED_OIL,,,data/external/dartis/processed/verifier_positive/ow/ow-0429__obj_004.png,ow,1.0,224.0,1,ow-0429,,data/metadata/dartis_positive_verifier_crops.csv,1,train,18.788794549577787,240.0,,,224.0
,OIL::ow-0429::ow-0429__obj_005,CONFIRMED_OIL,,,data/external/dartis/processed/verifier_positive/ow/ow-0429__obj_005.png,ow,1.0,224.0,1,ow-0429,,data/metadata/dartis_positive_verifier_crops.csv,1,train,11.684703201605249,181.0,,,224.0
,OIL::ow-0429::ow-0429__obj_006,CONFIRMED_OIL,,,data/external/dartis/processed/verifier_positive/ow/ow-0429__obj_006.png,ow,1.0,224.0,1,ow-0429,,data/metadata/dartis_positive_verifier_crops.csv,1,train,13.281157511655367,101.0,,,224.0
,OIL::ow-0429::ow-0429__obj_007,CONFIRMED_OIL,,,data/external/dartis/processed/verifier_positive/ow/ow-0429__obj_007.png,ow,1.0,224.0,1,ow-0429,,data/metadata/dartis_positive_verifier_crops.csv,1,train,13.156466396307472,117.0,,,224.0
,OIL::ow-0430::ow-0430__obj_001,CONFIRMED_OIL,,,data/external/dartis/processed/verifier_positive/ow/ow-0430__obj_001.png,ow,1.0,224.0,1,ow-0430,,data/metadata/dartis_positive_verifier_crops.csv,1,train,25.965191042277315,189.0,,,224.0
,OIL::ow-0431::ow-0431__obj_001,CONFIRMED_OIL,,,data/external/dartis/processed/verifier_positive/ow/ow-0431__obj_001.png,ow,1.0,224.0,1,ow-0431,,data/metadata/dartis_positive_verifier_crops.csv,1,train,29.89513448183254,233.0,,,224.0
,OIL::ow-0431::ow-0431__obj_002,CONFIRMED_OIL,,,data/external/dartis/processed/verifier_positive/ow/ow-0431__obj_002.png,ow,1.0,224.0,1,ow-0431,,data/metadata/dartis_positive_verifier_crops.csv,1,train,26.242792187845325,234.0,,,224.0
,OIL::ow-0432::ow-0432__obj_001,CONFIRMED_OIL,,,data/external/dartis/processed/verifier_positive/ow/ow-0432__obj_001.png,ow,1.0,224.0,1,ow-0432,,data/metadata/dartis_positive_verifier_crops.csv,1,calibration,21.384868823460664,228.0,,,224.0
,OIL::ow-0433::ow-0433__obj_001,CONFIRMED_OIL,,,data/external/dartis/processed/verifier_positive/ow/ow-0433__obj_001.png,ow,1.0,224.0,1,ow-0433,,data/metadata/dartis_positive_verifier_crops.csv,1,train,28.297407471514862,217.0,,,224.0
,OIL::ow-0434::ow-0434__obj_001,CONFIRMED_OIL,,,data/external/dartis/processed/verifier_positive/ow/ow-0434__obj_001.png,ow,1.0,224.0,1,ow-0434,,data/metadata/dartis_positive_verifier_crops.csv,1,train,37.56399885120007,214.0,,,224.0
,OIL::ow-0434::ow-0434__obj_002,CONFIRMED_OIL,,,data/external/dartis/processed/verifier_positive/ow/ow-0434__obj_002.png,ow,1.0,224.0,1,ow-0434,,data/metadata/dartis_positive_verifier_crops.csv,1,train,28.0873742246978,226.0,,,224.0
,OIL::ow-0434::ow-0434__obj_003,CONFIRMED_OIL,,,data/external/dartis/processed/verifier_positive/ow/ow-0434__obj_003.png,ow,1.0,224.0,1,ow-0434,,data/metadata/dartis_positive_verifier_crops.csv,1,train,28.359519899705525,223.0,,,224.0
,OIL::ow-0434::ow-0434__obj_004,CONFIRMED_OIL,,,data/external/dartis/processed/verifier_positive/ow/ow-0434__obj_004.png,ow,1.0,224.0,1,ow-0434,,data/metadata/dartis_positive_verifier_crops.csv,1,train,44.41882622079113,237.0,,,224.0
,OIL::ow-0434::ow-0434__obj_005,CONFIRMED_OIL,,,data/external/dartis/processed/verifier_positive/ow/ow-0434__obj_005.png,ow,1.0,224.0,1,ow-0434,,data/metadata/dartis_positive_verifier_crops.csv,1,train,28.26048921950681,222.0,,,224.0
,OIL::ow-0435::ow-0435__obj_001,CONFIRMED_OIL,,,data/external/dartis/processed/verifier_positive/ow/ow-0435__obj_001.png,ow,1.0,224.0,1,ow-0435,,data/metadata/dartis_positive_verifier_crops.csv,1,train,29.04807234930637,237.0,,,224.0
,OIL::ow-0436::ow-0436__obj_001,CONFIRMED_OIL,,,data/external/dartis/processed/verifier_positive/ow/ow-0436__obj_001.png,ow,1.0,224.0,1,ow-0436,,data/metadata/dartis_positive_verifier_crops.csv,1,train,35.46110587508448,210.0,,,224.0
,OIL::ow-0437::ow-0437__obj_001,CONFIRMED_OIL,,,data/external/dartis/processed/verifier_positive/ow/ow-0437__obj_001.png,ow,1.0,224.0,1,ow-0437,,data/metadata/dartis_positive_verifier_crops.csv,1,train,23.553384497789978,193.0,,,224.0
,OIL::ow-0438::ow-0438__obj_001,CONFIRMED_OIL,,,data/external/dartis/processed/verifier_positive/ow/ow-0438__obj_001.png,ow,1.0,224.0,1,ow-0438,,data/metadata/dartis_positive_verifier_crops.csv,1,train,23.65735290992076,172.0,,,224.0
,OIL::ow-0438::ow-0438__obj_002,CONFIRMED_OIL,,,data/external/dartis/processed/verifier_positive/ow/ow-0438__obj_002.png,ow,1.0,224.0,1,ow-0438,,data/metadata/dartis_positive_verifier_crops.csv,1,train,22.62410297502933,173.0,,,224.0
,OIL::ow-0438::ow-0438__obj_003,CONFIRMED_OIL,,,data/external/dartis/processed/verifier_positive/ow/ow-0438__obj_003.png,ow,1.0,224.0,1,ow-0438,,data/metadata/dartis_positive_verifier_crops.csv,1,train,20.9314309535408,161.0,,,224.0
,OIL::ow-0438::ow-0438__obj_004,CONFIRMED_OIL,,,data/external/dartis/processed/verifier_positive/ow/ow-0438__obj_004.png,ow,1.0,224.0,1,ow-0438,,data/metadata/dartis_positive_verifier_crops.csv,1,train,23.96255874256997,166.0,,,224.0
,OIL::ow-0438::ow-0438__obj_005,CONFIRMED_OIL,,,data/external/dartis/processed/verifier_positive/ow/ow-0438__obj_005.png,ow,1.0,224.0,1,ow-0438,,data/metadata/dartis_positive_verifier_crops.csv,1,train,18.058891028640936,120.0,,,224.0
,OIL::ow-0439::ow-0439__obj_001,CONFIRMED_OIL,,,data/external/dartis/processed/verifier_positive/ow/ow-0439__obj_001.png,ow,1.0,224.0,1,ow-0439,,data/metadata/dartis_positive_verifier_crops.csv,1,train,19.896156370055717,134.0,,,224.0
,OIL::ow-0440::ow-0440__obj_001,CONFIRMED_OIL,,,data/external/dartis/processed/verifier_positive/ow/ow-0440__obj_001.png,ow,1.0,224.0,1,ow-0440,,data/metadata/dartis_positive_verifier_crops.csv,1,train,25.15202687799133,193.0,,,224.0
,OIL::ow-0440::ow-0440__obj_002,CONFIRMED_OIL,,,data/external/dartis/processed/verifier_positive/ow/ow-0440__obj_002.png,ow,1.0,224.0,1,ow-0440,,data/metadata/dartis_positive_verifier_crops.csv,1,train,24.683099464043675,211.0,,,224.0
,OIL::ow-0440::ow-0440__obj_003,CONFIRMED_OIL,,,data/external/dartis/processed/verifier_positive/ow/ow-0440__obj_003.png,ow,1.0,224.0,1,ow-0440,,data/metadata/dartis_positive_verifier_crops.csv,1,train,24.51493998755186,203.0,,,224.0
,OIL::ow-0440::ow-0440__obj_004,CONFIRMED_OIL,,,data/external/dartis/processed/verifier_positive/ow/ow-0440__obj_004.png,ow,1.0,224.0,1,ow-0440,,data/metadata/dartis_positive_verifier_crops.csv,1,train,25.36569842603838,204.0,,,224.0
,OIL::ow-0440::ow-0440__obj_005,CONFIRMED_OIL,,,data/external/dartis/processed/verifier_positive/ow/ow-0440__obj_005.png,ow,1.0,224.0,1,ow-0440,,data/metadata/dartis_positive_verifier_crops.csv,1,train,25.282837047496105,210.0,,,224.0
,OIL::ow-0440::ow-0440__obj_006,CONFIRMED_OIL,,,data/external/dartis/processed/verifier_positive/ow/ow-0440__obj_006.png,ow,1.0,224.0,1,ow-0440,,data/metadata/dartis_positive_verifier_crops.csv,1,train,24.773208562931877,210.0,,,224.0
,OIL::ow-0440::ow-0440__obj_007,CONFIRMED_OIL,,,data/external/dartis/processed/verifier_positive/ow/ow-0440__obj_007.png,ow,1.0,224.0,1,ow-0440,,data/metadata/dartis_positive_verifier_crops.csv,1,train,27.35723734614877,233.0,,,224.0
,OIL::ow-0440::ow-0440__obj_008,CONFIRMED_OIL,,,data/external/dartis/processed/verifier_positive/ow/ow-0440__obj_008.png,ow,1.0,224.0,1,ow-0440,,data/metadata/dartis_positive_verifier_crops.csv,1,train,25.15202687799133,193.0,,,224.0
,OIL::ow-0440::ow-0440__obj_009,CONFIRMED_OIL,,,data/external/dartis/processed/verifier_positive/ow/ow-0440__obj_009.png,ow,1.0,224.0,1,ow-0440,,data/metadata/dartis_positive_verifier_crops.csv,1,train,24.683099464043675,211.0,,,224.0
,OIL::ow-0440::ow-0440__obj_010,CONFIRMED_OIL,,,data/external/dartis/processed/verifier_positive/ow/ow-0440__obj_010.png,ow,1.0,224.0,1,ow-0440,,data/metadata/dartis_positive_verifier_crops.csv,1,train,24.51493998755186,203.0,,,224.0
,OIL::ow-0441::ow-0441__obj_001,CONFIRMED_OIL,,,data/external/dartis/processed/verifier_positive/ow/ow-0441__obj_001.png,ow,1.0,224.0,1,ow-0441,,data/metadata/dartis_positive_verifier_crops.csv,1,train,29.258750462316783,225.0,,,224.0
,OIL::ow-0442::ow-0442__obj_001,CONFIRMED_OIL,,,data/external/dartis/processed/verifier_positive/ow/ow-0442__obj_001.png,ow,1.0,224.0,1,ow-0442,,data/metadata/dartis_positive_verifier_crops.csv,1,train,15.31962123516966,142.0,,,224.0
,OIL::ow-0443::ow-0443__obj_001,CONFIRMED_OIL,,,data/external/dartis/processed/verifier_positive/ow/ow-0443__obj_001.png,ow,1.0,224.0,1,ow-0443,,data/metadata/dartis_positive_verifier_crops.csv,1,train,27.485619462555302,178.0,,,224.0
,OIL::ow-0443::ow-0443__obj_002,CONFIRMED_OIL,,,data/external/dartis/processed/verifier_positive/ow/ow-0443__obj_002.png,ow,1.0,224.0,1,ow-0443,,data/metadata/dartis_positive_verifier_crops.csv,1,train,25.46886211091263,181.0,,,224.0
,OIL::ow-0443::ow-0443__obj_003,CONFIRMED_OIL,,,data/external/dartis/processed/verifier_positive/ow/ow-0443__obj_003.png,ow,1.0,224.0,1,ow-0443,,data/metadata/dartis_positive_verifier_crops.csv,1,train,26.76665708412864,176.0,,,224.0
,OIL::ow-0444::ow-0444__obj_001,CONFIRMED_OIL,,,data/external/dartis/processed/verifier_positive/ow/ow-0444__obj_001.png,ow,1.0,224.0,1,ow-0444,,data/metadata/dartis_positive_verifier_crops.csv,1,train,25.3000887449842,158.0,,,224.0
,OIL::ow-0445::ow-0445__obj_001,CONFIRMED_OIL,,,data/external/dartis/processed/verifier_positive/ow/ow-0445__obj_001.png,ow,1.0,224.0,1,ow-0445,,data/metadata/dartis_positive_verifier_crops.csv,1,train,27.03670050248532,220.0,,,224.0
,OIL::ow-0445::ow-0445__obj_002,CONFIRMED_OIL,,,data/external/dartis/processed/verifier_positive/ow/ow-0445__obj_002.png,ow,1.0,224.0,1,ow-0445,,data/metadata/dartis_positive_verifier_crops.csv,1,train,21.35427296628904,197.0,,,224.0
,OIL::ow-0445::ow-0445__obj_003,CONFIRMED_OIL,,,data/external/dartis/processed/verifier_positive/ow/ow-0445__obj_003.png,ow,1.0,224.0,1,ow-0445,,data/metadata/dartis_positive_verifier_crops.csv,1,train,31.109254561053667,219.0,,,224.0
,OIL::ow-0445::ow-0445__obj_004,CONFIRMED_OIL,,,data/external/dartis/processed/verifier_positive/ow/ow-0445__obj_004.png,ow,1.0,224.0,1,ow-0445,,data/metadata/dartis_positive_verifier_crops.csv,1,train,23.722380701356567,193.0,,,224.0
,OIL::ow-0446::ow-0446__obj_001,CONFIRMED_OIL,,,data/external/dartis/processed/verifier_positive/ow/ow-0446__obj_001.png,ow,1.0,224.0,1,ow-0446,,data/metadata/dartis_positive_verifier_crops.csv,1,train,25.476816647467203,198.0,,,224.0
,OIL::ow-0446::ow-0446__obj_002,CONFIRMED_OIL,,,data/external/dartis/processed/verifier_positive/ow/ow-0446__obj_002.png,ow,1.0,224.0,1,ow-0446,,data/metadata/dartis_positive_verifier_crops.csv,1,train,34.78692336147895,240.0,,,224.0
,OIL::ow-0447::ow-0447__obj_001,CONFIRMED_OIL,,,data/external/dartis/processed/verifier_positive/ow/ow-0447__obj_001.png,ow,1.0,224.0,1,ow-0447,,data/metadata/dartis_positive_verifier_crops.csv,1,train,30.09108464373522,202.0,,,224.0
,OIL::ow-0447::ow-0447__obj_002,CONFIRMED_OIL,,,data/external/dartis/processed/verifier_positive/ow/ow-0447__obj_002.png,ow,1.0,224.0,1,ow-0447,,data/metadata/dartis_positive_verifier_crops.csv,1,train,29.526841482333843,153.0,,,224.0
,OIL::ow-0447::ow-0447__obj_003,CONFIRMED_OIL,,,data/external/dartis/processed/verifier_positive/ow/ow-0447__obj_003.png,ow,1.0,224.0,1,ow-0447,,data/metadata/dartis_positive_verifier_crops.csv,1,train,30.869296778595288,197.0,,,224.0
,OIL::ow-0447::ow-0447__obj_004,CONFIRMED_OIL,,,data/external/dartis/processed/verifier_positive/ow/ow-0447__obj_004.png,ow,1.0,224.0,1,ow-0447,,data/metadata/dartis_positive_verifier_crops.csv,1,train,28.336608564577432,167.0,,,224.0
,OIL::ow-0447::ow-0447__obj_005,CONFIRMED_OIL,,,data/external/dartis/processed/verifier_positive/ow/ow-0447__obj_005.png,ow,1.0,224.0,1,ow-0447,,data/metadata/dartis_positive_verifier_crops.csv,1,train,26.54031037855559,192.0,,,224.0
,OIL::ow-0448::ow-0448__obj_001,CONFIRMED_OIL,,,data/external/dartis/processed/verifier_positive/ow/ow-0448__obj_001.png,ow,1.0,224.0,1,ow-0448,,data/metadata/dartis_positive_verifier_crops.csv,1,train,32.1332566583799,217.0,,,224.0
,OIL::ow-0448::ow-0448__obj_002,CONFIRMED_OIL,,,data/external/dartis/processed/verifier_positive/ow/ow-0448__obj_002.png,ow,1.0,224.0,1,ow-0448,,data/metadata/dartis_positive_verifier_crops.csv,1,train,34.17647123233898,227.0,,,224.0
,OIL::ow-0448::ow-0448__obj_003,CONFIRMED_OIL,,,data/external/dartis/processed/verifier_positive/ow/ow-0448__obj_003.png,ow,1.0,224.0,1,ow-0448,,data/metadata/dartis_positive_verifier_crops.csv,1,train,26.68746414517706,199.0,,,224.0
,OIL::ow-0448::ow-0448__obj_004,CONFIRMED_OIL,,,data/external/dartis/processed/verifier_positive/ow/ow-0448__obj_004.png,ow,1.0,224.0,1,ow-0448,,data/metadata/dartis_positive_verifier_crops.csv,1,train,30.690863584712865,222.0,,,224.0
,OIL::ow-0449::ow-0449__obj_001,CONFIRMED_OIL,,,data/external/dartis/processed/verifier_positive/ow/ow-0449__obj_001.png,ow,1.0,224.0,1,ow-0449,,data/metadata/dartis_positive_verifier_crops.csv,1,train,25.20638708698735,175.0,,,224.0
,OIL::ow-0450::ow-0450__obj_001,CONFIRMED_OIL,,,data/external/dartis/processed/verifier_positive/ow/ow-0450__obj_001.png,ow,1.0,224.0,1,ow-0450,,data/metadata/dartis_positive_verifier_crops.csv,1,train,26.670468657179285,172.0,,,224.0
,OIL::ow-0451::ow-0451__obj_001,CONFIRMED_OIL,,,data/external/dartis/processed/verifier_positive/ow/ow-0451__obj_001.png,ow,1.0,224.0,1,ow-0451,,data/metadata/dartis_positive_verifier_crops.csv,1,train,23.23235366732345,183.0,,,224.0
,OIL::ow-0451::ow-0451__obj_002,CONFIRMED_OIL,,,data/external/dartis/processed/verifier_positive/ow/ow-0451__obj_002.png,ow,1.0,224.0,1,ow-0451,,data/metadata/dartis_positive_verifier_crops.csv,1,train,21.36584764738348,161.0,,,224.0
,OIL::ow-0452::ow-0452__obj_001,CONFIRMED_OIL,,,data/external/dartis/processed/verifier_positive/ow/ow-0452__obj_001.png,ow,1.0,224.0,1,ow-0452,,data/metadata/dartis_positive_verifier_crops.csv,1,train,23.60397765966612,197.0,,,224.0
,OIL::ow-0452::ow-0452__obj_002,CONFIRMED_OIL,,,data/external/dartis/processed/verifier_positive/ow/ow-0452__obj_002.png,ow,1.0,224.0,1,ow-0452,,data/metadata/dartis_positive_verifier_crops.csv,1,train,24.74399412154984,186.0,,,224.0
,OIL::ow-0453::ow-0453__obj_001,CONFIRMED_OIL,,,data/external/dartis/processed/verifier_positive/ow/ow-0453__obj_001.png,ow,1.0,224.0,1,ow-0453,,data/metadata/dartis_positive_verifier_crops.csv,1,train,25.8525749151878,187.0,,,224.0
,OIL::ow-0454::ow-0454__obj_001,CONFIRMED_OIL,,,data/external/dartis/processed/verifier_positive/ow/ow-0454__obj_001.png,ow,1.0,224.0,1,ow-0454,,data/metadata/dartis_positive_verifier_crops.csv,1,calibration,15.73490991389573,142.0,,,224.0
,OIL::ow-0454::ow-0454__obj_002,CONFIRMED_OIL,,,data/external/dartis/processed/verifier_positive/ow/ow-0454__obj_002.png,ow,1.0,224.0,1,ow-0454,,data/metadata/dartis_positive_verifier_crops.csv,1,calibration,19.91157998155044,164.0,,,224.0
,OIL::ow-0455::ow-0455__obj_001,CONFIRMED_OIL,,,data/external/dartis/processed/verifier_positive/ow/ow-0455__obj_001.png,ow,1.0,224.0,1,ow-0455,,data/metadata/dartis_positive_verifier_crops.csv,1,train,17.649480870312583,130.0,,,224.0
,OIL::ow-0455::ow-0455__obj_002,CONFIRMED_OIL,,,data/external/dartis/processed/verifier_positive/ow/ow-0455__obj_002.png,ow,1.0,224.0,1,ow-0455,,data/metadata/dartis_positive_verifier_crops.csv,1,train,15.407786587780544,117.0,,,224.0
,OIL::ow-0456::ow-0456__obj_001,CONFIRMED_OIL,,,data/external/dartis/processed/verifier_positive/ow/ow-0456__obj_001.png,ow,1.0,224.0,1,ow-0456,,data/metadata/dartis_positive_verifier_crops.csv,1,train,23.95701780228861,190.0,,,224.0
,OIL::ow-0456::ow-0456__obj_002,CONFIRMED_OIL,,,data/external/dartis/processed/verifier_positive/ow/ow-0456__obj_002.png,ow,1.0,224.0,1,ow-0456,,data/metadata/dartis_positive_verifier_crops.csv,1,train,26.102427538311016,205.0,,,224.0
,OIL::ow-0456::ow-0456__obj_003,CONFIRMED_OIL,,,data/external/dartis/processed/verifier_positive/ow/ow-0456__obj_003.png,ow,1.0,224.0,1,ow-0456,,data/metadata/dartis_positive_verifier_crops.csv,1,train,28.172479076184853,200.0,,,224.0
,OIL::ow-0456::ow-0456__obj_004,CONFIRMED_OIL,,,data/external/dartis/processed/verifier_positive/ow/ow-0456__obj_004.png,ow,1.0,224.0,1,ow-0456,,data/metadata/dartis_positive_verifier_crops.csv,1,train,25.566037421784586,197.0,,,224.0
,OIL::ow-0456::ow-0456__obj_005,CONFIRMED_OIL,,,data/external/dartis/processed/verifier_positive/ow/ow-0456__obj_005.png,ow,1.0,224.0,1,ow-0456,,data/metadata/dartis_positive_verifier_crops.csv,1,train,23.457280831347017,193.0,,,224.0
,OIL::ow-0456::ow-0456__obj_006,CONFIRMED_OIL,,,data/external/dartis/processed/verifier_positive/ow/ow-0456__obj_006.png,ow,1.0,224.0,1,ow-0456,,data/metadata/dartis_positive_verifier_crops.csv,1,train,25.70116782099803,193.0,,,224.0
,OIL::ow-0456::ow-0456__obj_007,CONFIRMED_OIL,,,data/external/dartis/processed/verifier_positive/ow/ow-0456__obj_007.png,ow,1.0,224.0,1,ow-0456,,data/metadata/dartis_positive_verifier_crops.csv,1,train,25.70116782099803,193.0,,,224.0
,OIL::ow-0457::ow-0457__obj_001,CONFIRMED_OIL,,,data/external/dartis/processed/verifier_positive/ow/ow-0457__obj_001.png,ow,1.0,224.0,1,ow-0457,,data/metadata/dartis_positive_verifier_crops.csv,1,calibration,24.611013984547977,157.0,,,224.0
,OIL::ow-0458::ow-0458__obj_001,CONFIRMED_OIL,,,data/external/dartis/processed/verifier_positive/ow/ow-0458__obj_001.png,ow,1.0,224.0,1,ow-0458,,data/metadata/dartis_positive_verifier_crops.csv,1,train,15.652081714304153,112.0,,,224.0
,OIL::ow-0458::ow-0458__obj_002,CONFIRMED_OIL,,,data/external/dartis/processed/verifier_positive/ow/ow-0458__obj_002.png,ow,1.0,224.0,1,ow-0458,,data/metadata/dartis_positive_verifier_crops.csv,1,train,7.775214898935546,72.0,,,224.0
,OIL::ow-0458::ow-0458__obj_003,CONFIRMED_OIL,,,data/external/dartis/processed/verifier_positive/ow/ow-0458__obj_003.png,ow,1.0,224.0,1,ow-0458,,data/metadata/dartis_positive_verifier_crops.csv,1,train,16.798439663095557,113.0,,,224.0
,OIL::ow-0459::ow-0459__obj_001,CONFIRMED_OIL,,,data/external/dartis/processed/verifier_positive/ow/ow-0459__obj_001.png,ow,1.0,224.0,1,ow-0459,,data/metadata/dartis_positive_verifier_crops.csv,1,train,25.26119991864057,214.0,,,224.0
,OIL::ow-0460::ow-0460__obj_001,CONFIRMED_OIL,,,data/external/dartis/processed/verifier_positive/ow/ow-0460__obj_001.png,ow,1.0,224.0,1,ow-0460,,data/metadata/dartis_positive_verifier_crops.csv,1,calibration,29.612215493827065,205.0,,,224.0
,OIL::ow-0461::ow-0461__obj_001,CONFIRMED_OIL,,,data/external/dartis/processed/verifier_positive/ow/ow-0461__obj_001.png,ow,1.0,224.0,1,ow-0461,,data/metadata/dartis_positive_verifier_crops.csv,1,train,26.53369834661875,219.0,,,224.0
,OIL::ow-0461::ow-0461__obj_002,CONFIRMED_OIL,,,data/external/dartis/processed/verifier_positive/ow/ow-0461__obj_002.png,ow,1.0,224.0,1,ow-0461,,data/metadata/dartis_positive_verifier_crops.csv,1,train,35.88657151011911,235.0,,,224.0
,OIL::ow-0461::ow-0461__obj_003,CONFIRMED_OIL,,,data/external/dartis/processed/verifier_positive/ow/ow-0461__obj_003.png,ow,1.0,224.0,1,ow-0461,,data/metadata/dartis_positive_verifier_crops.csv,1,train,26.83923502273769,226.0,,,224.0
,OIL::ow-0462::ow-0462__obj_001,CONFIRMED_OIL,,,data/external/dartis/processed/verifier_positive/ow/ow-0462__obj_001.png,ow,1.0,224.0,1,ow-0462,,data/metadata/dartis_positive_verifier_crops.csv,1,train,38.41535495188544,234.0,,,224.0
,OIL::ow-0463::ow-0463__obj_001,CONFIRMED_OIL,,,data/external/dartis/processed/verifier_positive/ow/ow-0463__obj_001.png,ow,1.0,224.0,1,ow-0463,,data/metadata/dartis_positive_verifier_crops.csv,1,train,16.977655533914348,103.0,,,224.0
,OIL::ow-0463::ow-0463__obj_002,CONFIRMED_OIL,,,data/external/dartis/processed/verifier_positive/ow/ow-0463__obj_002.png,ow,1.0,224.0,1,ow-0463,,data/metadata/dartis_positive_verifier_crops.csv,1,train,16.977655533914348,103.0,,,224.0
,OIL::ow-0464::ow-0464__obj_001,CONFIRMED_OIL,,,data/external/dartis/processed/verifier_positive/ow/ow-0464__obj_001.png,ow,1.0,224.0,1,ow-0464,,data/metadata/dartis_positive_verifier_crops.csv,1,train,27.274666973000244,195.0,,,224.0
,OIL::ow-0464::ow-0464__obj_002,CONFIRMED_OIL,,,data/external/dartis/processed/verifier_positive/ow/ow-0464__obj_002.png,ow,1.0,224.0,1,ow-0464,,data/metadata/dartis_positive_verifier_crops.csv,1,train,35.07854327916025,202.0,,,224.0
,OIL::ow-0465::ow-0465__obj_001,CONFIRMED_OIL,,,data/external/dartis/processed/verifier_positive/ow/ow-0465__obj_001.png,ow,1.0,224.0,1,ow-0465,,data/metadata/dartis_positive_verifier_crops.csv,1,train,30.20624412394615,209.0,,,224.0
,OIL::ow-0465::ow-0465__obj_002,CONFIRMED_OIL,,,data/external/dartis/processed/verifier_positive/ow/ow-0465__obj_002.png,ow,1.0,224.0,1,ow-0465,,data/metadata/dartis_positive_verifier_crops.csv,1,train,29.040265590885536,196.0,,,224.0
,OIL::ow-0465::ow-0465__obj_003,CONFIRMED_OIL,,,data/external/dartis/processed/verifier_positive/ow/ow-0465__obj_003.png,ow,1.0,224.0,1,ow-0465,,data/metadata/dartis_positive_verifier_crops.csv,1,train,30.4045080149296,199.0,,,224.0
,OIL::ow-0466::ow-0466__obj_001,CONFIRMED_OIL,,,data/external/dartis/processed/verifier_positive/ow/ow-0466__obj_001.png,ow,1.0,224.0,1,ow-0466,,data/metadata/dartis_positive_verifier_crops.csv,1,train,28.59090835959393,208.0,,,224.0
,OIL::ow-0467::ow-0467__obj_001,CONFIRMED_OIL,,,data/external/dartis/processed/verifier_positive/ow/ow-0467__obj_001.png,ow,1.0,224.0,1,ow-0467,,data/metadata/dartis_positive_verifier_crops.csv,1,train,24.63727277240189,172.0,,,224.0
,OIL::ow-0467::ow-0467__obj_002,CONFIRMED_OIL,,,data/external/dartis/processed/verifier_positive/ow/ow-0467__obj_002.png,ow,1.0,224.0,1,ow-0467,,data/metadata/dartis_positive_verifier_crops.csv,1,train,12.704451096828135,98.0,,,224.0
,OIL::ow-0468::ow-0468__obj_001,CONFIRMED_OIL,,,data/external/dartis/processed/verifier_positive/ow/ow-0468__obj_001.png,ow,1.0,224.0,1,ow-0468,,data/metadata/dartis_positive_verifier_crops.csv,1,train,33.54780605029213,215.0,,,224.0
,OIL::ow-0469::ow-0469__obj_002,CONFIRMED_OIL,,,data/external/dartis/processed/verifier_positive/ow/ow-0469__obj_002.png,ow,1.0,224.0,1,ow-0469,,data/metadata/dartis_positive_verifier_crops.csv,1,train,22.797917420530556,181.0,,,224.0
,OIL::ow-0469::ow-0469__obj_003,CONFIRMED_OIL,,,data/external/dartis/processed/verifier_positive/ow/ow-0469__obj_003.png,ow,1.0,224.0,1,ow-0469,,data/metadata/dartis_positive_verifier_crops.csv,1,train,25.149587005675716,185.0,,,224.0
,OIL::ow-0469::ow-0469__obj_004,CONFIRMED_OIL,,,data/external/dartis/processed/verifier_positive/ow/ow-0469__obj_004.png,ow,1.0,224.0,1,ow-0469,,data/metadata/dartis_positive_verifier_crops.csv,1,train,24.662451725418435,189.0,,,224.0
,OIL::ow-0469::ow-0469__obj_006,CONFIRMED_OIL,,,data/external/dartis/processed/verifier_positive/ow/ow-0469__obj_006.png,ow,1.0,224.0,1,ow-0469,,data/metadata/dartis_positive_verifier_crops.csv,1,train,22.522081846360045,186.0,,,224.0
,OIL::ow-0469::ow-0469__obj_009,CONFIRMED_OIL,,,data/external/dartis/processed/verifier_positive/ow/ow-0469__obj_009.png,ow,1.0,224.0,1,ow-0469,,data/metadata/dartis_positive_verifier_crops.csv,1,train,22.907586616395676,187.0,,,224.0
,OIL::ow-0469::ow-0469__obj_010,CONFIRMED_OIL,,,data/external/dartis/processed/verifier_positive/ow/ow-0469__obj_010.png,ow,1.0,224.0,1,ow-0469,,data/metadata/dartis_positive_verifier_crops.csv,1,train,21.21191603215479,172.0,,,224.0
,OIL::ow-0469::ow-0469__obj_011,CONFIRMED_OIL,,,data/external/dartis/processed/verifier_positive/ow/ow-0469__obj_011.png,ow,1.0,224.0,1,ow-0469,,data/metadata/dartis_positive_verifier_crops.csv,1,train,23.19077092161815,178.0,,,224.0
,OIL::ow-0469::ow-0469__obj_012,CONFIRMED_OIL,,,data/external/dartis/processed/verifier_positive/ow/ow-0469__obj_012.png,ow,1.0,224.0,1,ow-0469,,data/metadata/dartis_positive_verifier_crops.csv,1,train,21.797554141549835,171.0,,,224.0
,OIL::ow-0469::ow-0469__obj_013,CONFIRMED_OIL,,,data/external/dartis/processed/verifier_positive/ow/ow-0469__obj_013.png,ow,1.0,224.0,1,ow-0469,,data/metadata/dartis_positive_verifier_crops.csv,1,train,21.709087000240785,197.0,,,224.0
,OIL::ow-0469::ow-0469__obj_014,CONFIRMED_OIL,,,data/external/dartis/processed/verifier_positive/ow/ow-0469__obj_014.png,ow,1.0,224.0,1,ow-0469,,data/metadata/dartis_positive_verifier_crops.csv,1,train,24.67542389788872,195.0,,,224.0
,OIL::ow-0469::ow-0469__obj_015,CONFIRMED_OIL,,,data/external/dartis/processed/verifier_positive/ow/ow-0469__obj_015.png,ow,1.0,224.0,1,ow-0469,,data/metadata/dartis_positive_verifier_crops.csv,1,train,27.2100694206718,195.0,,,224.0
,OIL::ow-0469::ow-0469__obj_016,CONFIRMED_OIL,,,data/external/dartis/processed/verifier_positive/ow/ow-0469__obj_016.png,ow,1.0,224.0,1,ow-0469,,data/metadata/dartis_positive_verifier_crops.csv,1,train,24.880636852468744,188.0,,,224.0
,OIL::ow-0469::ow-0469__obj_019,CONFIRMED_OIL,,,data/external/dartis/processed/verifier_positive/ow/ow-0469__obj_019.png,ow,1.0,224.0,1,ow-0469,,data/metadata/dartis_positive_verifier_crops.csv,1,train,22.927305636556422,198.0,,,224.0
,OIL::ow-0469::ow-0469__obj_020,CONFIRMED_OIL,,,data/external/dartis/processed/verifier_positive/ow/ow-0469__obj_020.png,ow,1.0,224.0,1,ow-0469,,data/metadata/dartis_positive_verifier_crops.csv,1,train,23.794881539232744,185.0,,,224.0
,OIL::ow-0469::ow-0469__obj_021,CONFIRMED_OIL,,,data/external/dartis/processed/verifier_positive/ow/ow-0469__obj_021.png,ow,1.0,224.0,1,ow-0469,,data/metadata/dartis_positive_verifier_crops.csv,1,train,21.771599975590053,174.0,,,224.0
,OIL::ow-0469::ow-0469__obj_022,CONFIRMED_OIL,,,data/external/dartis/processed/verifier_positive/ow/ow-0469__obj_022.png,ow,1.0,224.0,1,ow-0469,,data/metadata/dartis_positive_verifier_crops.csv,1,train,21.90358465394719,194.0,,,224.0
,OIL::ow-0469::ow-0469__obj_023,CONFIRMED_OIL,,,data/external/dartis/processed/verifier_positive/ow/ow-0469__obj_023.png,ow,1.0,224.0,1,ow-0469,,data/metadata/dartis_positive_verifier_crops.csv,1,train,23.19009805996777,173.0,,,224.0
,OIL::ow-0469::ow-0469__obj_024,CONFIRMED_OIL,,,data/external/dartis/processed/verifier_positive/ow/ow-0469__obj_024.png,ow,1.0,224.0,1,ow-0469,,data/metadata/dartis_positive_verifier_crops.csv,1,train,22.7547352674346,177.0,,,224.0
,OIL::ow-0470::ow-0470__obj_001,CONFIRMED_OIL,,,data/external/dartis/processed/verifier_positive/ow/ow-0470__obj_001.png,ow,1.0,224.0,1,ow-0470,,data/metadata/dartis_positive_verifier_crops.csv,1,train,29.873959570922462,238.0,,,224.0
,OIL::ow-0470::ow-0470__obj_002,CONFIRMED_OIL,,,data/external/dartis/processed/verifier_positive/ow/ow-0470__obj_002.png,ow,1.0,224.0,1,ow-0470,,data/metadata/dartis_positive_verifier_crops.csv,1,train,19.27986121876385,139.0,,,224.0
,OIL::ow-0470::ow-0470__obj_003,CONFIRMED_OIL,,,data/external/dartis/processed/verifier_positive/ow/ow-0470__obj_003.png,ow,1.0,224.0,1,ow-0470,,data/metadata/dartis_positive_verifier_crops.csv,1,train,20.20517601079952,148.0,,,224.0
,OIL::ow-0471::ow-0471__obj_001,CONFIRMED_OIL,,,data/external/dartis/processed/verifier_positive/ow/ow-0471__obj_001.png,ow,1.0,224.0,1,ow-0471,,data/metadata/dartis_positive_verifier_crops.csv,1,train,15.605111886461254,126.0,,,224.0
,OIL::ow-0471::ow-0471__obj_002,CONFIRMED_OIL,,,data/external/dartis/processed/verifier_positive/ow/ow-0471__obj_002.png,ow,1.0,224.0,1,ow-0471,,data/metadata/dartis_positive_verifier_crops.csv,1,train,16.588884507439076,144.0,,,224.0
,OIL::ow-0472::ow-0472__obj_001,CONFIRMED_OIL,,,data/external/dartis/processed/verifier_positive/ow/ow-0472__obj_001.png,ow,1.0,224.0,1,ow-0472,,data/metadata/dartis_positive_verifier_crops.csv,1,calibration,25.330495391296168,200.0,,,224.0
,OIL::ow-0472::ow-0472__obj_002,CONFIRMED_OIL,,,data/external/dartis/processed/verifier_positive/ow/ow-0472__obj_002.png,ow,1.0,224.0,1,ow-0472,,data/metadata/dartis_positive_verifier_crops.csv,1,calibration,25.617137843937726,203.0,,,224.0
,OIL::ow-0473::ow-0473__obj_001,CONFIRMED_OIL,,,data/external/dartis/processed/verifier_positive/ow/ow-0473__obj_001.png,ow,1.0,224.0,1,ow-0473,,data/metadata/dartis_positive_verifier_crops.csv,1,train,11.631951443826404,102.0,,,224.0
,OIL::ow-0473::ow-0473__obj_002,CONFIRMED_OIL,,,data/external/dartis/processed/verifier_positive/ow/ow-0473__obj_002.png,ow,1.0,224.0,1,ow-0473,,data/metadata/dartis_positive_verifier_crops.csv,1,train,22.4521590084052,247.0,,,224.0
,OIL::ow-0474::ow-0474__obj_001,CONFIRMED_OIL,,,data/external/dartis/processed/verifier_positive/ow/ow-0474__obj_001.png,ow,1.0,224.0,1,ow-0474,,data/metadata/dartis_positive_verifier_crops.csv,1,train,22.967222054694147,198.0,,,224.0
,OIL::ow-0474::ow-0474__obj_002,CONFIRMED_OIL,,,data/external/dartis/processed/verifier_positive/ow/ow-0474__obj_002.png,ow,1.0,224.0,1,ow-0474,,data/metadata/dartis_positive_verifier_crops.csv,1,train,25.04130836098455,200.0,,,224.0
,OIL::ow-0474::ow-0474__obj_003,CONFIRMED_OIL,,,data/external/dartis/processed/verifier_positive/ow/ow-0474__obj_003.png,ow,1.0,224.0,1,ow-0474,,data/metadata/dartis_positive_verifier_crops.csv,1,train,22.288155575323152,179.0,,,224.0
,OIL::ow-0475::ow-0475__obj_001,CONFIRMED_OIL,,,data/external/dartis/processed/verifier_positive/ow/ow-0475__obj_001.png,ow,1.0,224.0,1,ow-0475,,data/metadata/dartis_positive_verifier_crops.csv,1,train,27.81735439052314,235.0,,,224.0
,OIL::ow-0476::ow-0476__obj_001,CONFIRMED_OIL,,,data/external/dartis/processed/verifier_positive/ow/ow-0476__obj_001.png,ow,1.0,224.0,1,ow-0476,,data/metadata/dartis_positive_verifier_crops.csv,1,train,24.0396866479865,214.0,,,224.0
,OIL::ow-0476::ow-0476__obj_002,CONFIRMED_OIL,,,data/external/dartis/processed/verifier_positive/ow/ow-0476__obj_002.png,ow,1.0,224.0,1,ow-0476,,data/metadata/dartis_positive_verifier_crops.csv,1,train,24.30861357595008,221.0,,,224.0
,OIL::ow-0476::ow-0476__obj_003,CONFIRMED_OIL,,,data/external/dartis/processed/verifier_positive/ow/ow-0476__obj_003.png,ow,1.0,224.0,1,ow-0476,,data/metadata/dartis_positive_verifier_crops.csv,1,train,23.57223331968512,202.0,,,224.0
,OIL::ow-0477::ow-0477__obj_001,CONFIRMED_OIL,,,data/external/dartis/processed/verifier_positive/ow/ow-0477__obj_001.png,ow,1.0,224.0,1,ow-0477,,data/metadata/dartis_positive_verifier_crops.csv,1,train,28.49417688329541,192.0,,,224.0
,OIL::ow-0478::ow-0478__obj_001,CONFIRMED_OIL,,,data/external/dartis/processed/verifier_positive/ow/ow-0478__obj_001.png,ow,1.0,224.0,1,ow-0478,,data/metadata/dartis_positive_verifier_crops.csv,1,train,14.903916682092932,237.0,,,224.0
,OIL::ow-0479::ow-0479__obj_001,CONFIRMED_OIL,,,data/external/dartis/processed/verifier_positive/ow/ow-0479__obj_001.png,ow,1.0,224.0,1,ow-0479,,data/metadata/dartis_positive_verifier_crops.csv,1,train,20.92686938315736,171.0,,,224.0
,OIL::ow-0479::ow-0479__obj_002,CONFIRMED_OIL,,,data/external/dartis/processed/verifier_positive/ow/ow-0479__obj_002.png,ow,1.0,224.0,1,ow-0479,,data/metadata/dartis_positive_verifier_crops.csv,1,train,21.97561180529995,176.0,,,224.0
,OIL::ow-0480::ow-0480__obj_001,CONFIRMED_OIL,,,data/external/dartis/processed/verifier_positive/ow/ow-0480__obj_001.png,ow,1.0,224.0,1,ow-0480,,data/metadata/dartis_positive_verifier_crops.csv,1,calibration,24.883213479049733,250.0,,,224.0
,OIL::ow-0481::ow-0481__obj_001,CONFIRMED_OIL,,,data/external/dartis/processed/verifier_positive/ow/ow-0481__obj_001.png,ow,1.0,224.0,1,ow-0481,,data/metadata/dartis_positive_verifier_crops.csv,1,train,13.368021143084205,95.0,,,224.0
,OIL::ow-0481::ow-0481__obj_002,CONFIRMED_OIL,,,data/external/dartis/processed/verifier_positive/ow/ow-0481__obj_002.png,ow,1.0,224.0,1,ow-0481,,data/metadata/dartis_positive_verifier_crops.csv,1,train,14.024828683577802,104.0,,,224.0
,OIL::ow-0481::ow-0481__obj_003,CONFIRMED_OIL,,,data/external/dartis/processed/verifier_positive/ow/ow-0481__obj_003.png,ow,1.0,224.0,1,ow-0481,,data/metadata/dartis_positive_verifier_crops.csv,1,train,14.850909061569013,108.0,,,224.0
,OIL::ow-0481::ow-0481__obj_004,CONFIRMED_OIL,,,data/external/dartis/processed/verifier_positive/ow/ow-0481__obj_004.png,ow,1.0,224.0,1,ow-0481,,data/metadata/dartis_positive_verifier_crops.csv,1,train,63.6920881929299,160.0,,,224.0
,OIL::ow-0482::ow-0482__obj_001,CONFIRMED_OIL,,,data/external/dartis/processed/verifier_positive/ow/ow-0482__obj_001.png,ow,1.0,224.0,1,ow-0482,,data/metadata/dartis_positive_verifier_crops.csv,1,train,34.69101329321148,233.0,,,224.0
,OIL::ow-0483::ow-0483__obj_001,CONFIRMED_OIL,,,data/external/dartis/processed/verifier_positive/ow/ow-0483__obj_001.png,ow,1.0,224.0,1,ow-0483,,data/metadata/dartis_positive_verifier_crops.csv,1,train,30.495899882053354,228.0,,,224.0
,OIL::ow-0484::ow-0484__obj_001,CONFIRMED_OIL,,,data/external/dartis/processed/verifier_positive/ow/ow-0484__obj_001.png,ow,1.0,224.0,1,ow-0484,,data/metadata/dartis_positive_verifier_crops.csv,1,train,23.879707256766935,204.0,,,224.0
,OIL::ow-0485::ow-0485__obj_001,CONFIRMED_OIL,,,data/external/dartis/processed/verifier_positive/ow/ow-0485__obj_001.png,ow,1.0,224.0,1,ow-0485,,data/metadata/dartis_positive_verifier_crops.csv,1,train,11.091262903935432,136.0,,,224.0
,OIL::ow-0486::ow-0486__obj_001,CONFIRMED_OIL,,,data/external/dartis/processed/verifier_positive/ow/ow-0486__obj_001.png,ow,1.0,224.0,1,ow-0486,,data/metadata/dartis_positive_verifier_crops.csv,1,train,28.34627941724506,215.0,,,224.0
,OIL::ow-0486::ow-0486__obj_002,CONFIRMED_OIL,,,data/external/dartis/processed/verifier_positive/ow/ow-0486__obj_002.png,ow,1.0,224.0,1,ow-0486,,data/metadata/dartis_positive_verifier_crops.csv,1,train,26.050069213925507,220.0,,,224.0
,OIL::ow-0486::ow-0486__obj_003,CONFIRMED_OIL,,,data/external/dartis/processed/verifier_positive/ow/ow-0486__obj_003.png,ow,1.0,224.0,1,ow-0486,,data/metadata/dartis_positive_verifier_crops.csv,1,train,33.26293275981406,222.0,,,224.0
,OIL::ow-0486::ow-0486__obj_004,CONFIRMED_OIL,,,data/external/dartis/processed/verifier_positive/ow/ow-0486__obj_004.png,ow,1.0,224.0,1,ow-0486,,data/metadata/dartis_positive_verifier_crops.csv,1,train,34.077878290575164,236.0,,,224.0
,OIL::ow-0487::ow-0487__obj_001,CONFIRMED_OIL,,,data/external/dartis/processed/verifier_positive/ow/ow-0487__obj_001.png,ow,1.0,224.0,1,ow-0487,,data/metadata/dartis_positive_verifier_crops.csv,1,train,30.501366444364194,231.0,,,224.0
,OIL::ow-0487::ow-0487__obj_002,CONFIRMED_OIL,,,data/external/dartis/processed/verifier_positive/ow/ow-0487__obj_002.png,ow,1.0,224.0,1,ow-0487,,data/metadata/dartis_positive_verifier_crops.csv,1,train,36.58298486922648,251.0,,,224.0
,OIL::ow-0488::ow-0488__obj_001,CONFIRMED_OIL,,,data/external/dartis/processed/verifier_positive/ow/ow-0488__obj_001.png,ow,1.0,224.0,1,ow-0488,,data/metadata/dartis_positive_verifier_crops.csv,1,train,24.42229859879936,207.0,,,224.0
,OIL::ow-0488::ow-0488__obj_002,CONFIRMED_OIL,,,data/external/dartis/processed/verifier_positive/ow/ow-0488__obj_002.png,ow,1.0,224.0,1,ow-0488,,data/metadata/dartis_positive_verifier_crops.csv,1,train,26.60182833399885,227.0,,,224.0
,OIL::ow-0488::ow-0488__obj_003,CONFIRMED_OIL,,,data/external/dartis/processed/verifier_positive/ow/ow-0488__obj_003.png,ow,1.0,224.0,1,ow-0488,,data/metadata/dartis_positive_verifier_crops.csv,1,train,25.32097306322779,212.0,,,224.0
,OIL::ow-0489::ow-0489__obj_001,CONFIRMED_OIL,,,data/external/dartis/processed/verifier_positive/ow/ow-0489__obj_001.png,ow,1.0,224.0,1,ow-0489,,data/metadata/dartis_positive_verifier_crops.csv,1,calibration,31.49995386235617,224.0,,,224.0
,OIL::ow-0489::ow-0489__obj_002,CONFIRMED_OIL,,,data/external/dartis/processed/verifier_positive/ow/ow-0489__obj_002.png,ow,1.0,224.0,1,ow-0489,,data/metadata/dartis_positive_verifier_crops.csv,1,calibration,30.284592419728984,224.0,,,224.0
,OIL::ow-0489::ow-0489__obj_003,CONFIRMED_OIL,,,data/external/dartis/processed/verifier_positive/ow/ow-0489__obj_003.png,ow,1.0,224.0,1,ow-0489,,data/metadata/dartis_positive_verifier_crops.csv,1,calibration,24.726366752484616,201.0,,,224.0
,OIL::ow-0490::ow-0490__obj_001,CONFIRMED_OIL,,,data/external/dartis/processed/verifier_positive/ow/ow-0490__obj_001.png,ow,1.0,224.0,1,ow-0490,,data/metadata/dartis_positive_verifier_crops.csv,1,train,16.602860469041982,134.0,,,224.0
,OIL::ow-0490::ow-0490__obj_002,CONFIRMED_OIL,,,data/external/dartis/processed/verifier_positive/ow/ow-0490__obj_002.png,ow,1.0,224.0,1,ow-0490,,data/metadata/dartis_positive_verifier_crops.csv,1,train,19.21773356415468,148.0,,,224.0
,OIL::ow-0490::ow-0490__obj_003,CONFIRMED_OIL,,,data/external/dartis/processed/verifier_positive/ow/ow-0490__obj_003.png,ow,1.0,224.0,1,ow-0490,,data/metadata/dartis_positive_verifier_crops.csv,1,train,15.316769853736655,135.0,,,224.0
,OIL::ow-0491::ow-0491__obj_001,CONFIRMED_OIL,,,data/external/dartis/processed/verifier_positive/ow/ow-0491__obj_001.png,ow,1.0,224.0,1,ow-0491,,data/metadata/dartis_positive_verifier_crops.csv,1,train,17.506065816215585,185.0,,,224.0
,OIL::ow-0492::ow-0492__obj_001,CONFIRMED_OIL,,,data/external/dartis/processed/verifier_positive/ow/ow-0492__obj_001.png,ow,1.0,224.0,1,ow-0492,,data/metadata/dartis_positive_verifier_crops.csv,1,train,34.6270818123619,237.0,,,224.0
,OIL::ow-0493::ow-0493__obj_001,CONFIRMED_OIL,,,data/external/dartis/processed/verifier_positive/ow/ow-0493__obj_001.png,ow,1.0,224.0,1,ow-0493,,data/metadata/dartis_positive_verifier_crops.csv,1,calibration,25.65756544193771,215.0,,,224.0
,OIL::ow-0494::ow-0494__obj_001,CONFIRMED_OIL,,,data/external/dartis/processed/verifier_positive/ow/ow-0494__obj_001.png,ow,1.0,224.0,1,ow-0494,,data/metadata/dartis_positive_verifier_crops.csv,1,train,20.232950558314545,152.0,,,224.0
,OIL::ow-0495::ow-0495__obj_001,CONFIRMED_OIL,,,data/external/dartis/processed/verifier_positive/ow/ow-0495__obj_001.png,ow,1.0,224.0,1,ow-0495,,data/metadata/dartis_positive_verifier_crops.csv,1,train,31.50981285851805,177.0,,,224.0
,OIL::ow-0496::ow-0496__obj_001,CONFIRMED_OIL,,,data/external/dartis/processed/verifier_positive/ow/ow-0496__obj_001.png,ow,1.0,224.0,1,ow-0496,,data/metadata/dartis_positive_verifier_crops.csv,1,train,25.70679032274493,194.0,,,224.0
,OIL::ow-0497::ow-0497__obj_001,CONFIRMED_OIL,,,data/external/dartis/processed/verifier_positive/ow/ow-0497__obj_001.png,ow,1.0,224.0,1,ow-0497,,data/metadata/dartis_positive_verifier_crops.csv,1,train,25.12914483761907,188.0,,,224.0
,OIL::ow-0498::ow-0498__obj_001,CONFIRMED_OIL,,,data/external/dartis/processed/verifier_positive/ow/ow-0498__obj_001.png,ow,1.0,224.0,1,ow-0498,,data/metadata/dartis_positive_verifier_crops.csv,1,train,25.95883080104694,216.0,,,224.0
,OIL::ow-0499::ow-0499__obj_001,CONFIRMED_OIL,,,data/external/dartis/processed/verifier_positive/ow/ow-0499__obj_001.png,ow,1.0,224.0,1,ow-0499,,data/metadata/dartis_positive_verifier_crops.csv,1,train,15.270330238022508,186.0,,,224.0
,OIL::ow-0500::ow-0500__obj_001,CONFIRMED_OIL,,,data/external/dartis/processed/verifier_positive/ow/ow-0500__obj_001.png,ow,1.0,224.0,1,ow-0500,,data/metadata/dartis_positive_verifier_crops.csv,1,train,12.79372802135305,134.0,,,224.0
,OIL::ow-0500::ow-0500__obj_002,CONFIRMED_OIL,,,data/external/dartis/processed/verifier_positive/ow/ow-0500__obj_002.png,ow,1.0,224.0,1,ow-0500,,data/metadata/dartis_positive_verifier_crops.csv,1,train,13.16825239387746,130.0,,,224.0
,OIL::ow-0501::ow-0501__obj_001,CONFIRMED_OIL,,,data/external/dartis/processed/verifier_positive/ow/ow-0501__obj_001.png,ow,1.0,224.0,1,ow-0501,,data/metadata/dartis_positive_verifier_crops.csv,1,train,15.625343418489368,141.0,,,224.0
,OIL::ow-0502::ow-0502__obj_001,CONFIRMED_OIL,,,data/external/dartis/processed/verifier_positive/ow/ow-0502__obj_001.png,ow,1.0,224.0,1,ow-0502,,data/metadata/dartis_positive_verifier_crops.csv,1,train,22.86756184365993,204.0,,,224.0
,OIL::ow-0502::ow-0502__obj_002,CONFIRMED_OIL,,,data/external/dartis/processed/verifier_positive/ow/ow-0502__obj_002.png,ow,1.0,224.0,1,ow-0502,,data/metadata/dartis_positive_verifier_crops.csv,1,train,25.965459992469302,216.0,,,224.0
,OIL::ow-0503::ow-0503__obj_001,CONFIRMED_OIL,,,data/external/dartis/processed/verifier_positive/ow/ow-0503__obj_001.png,ow,1.0,224.0,1,ow-0503,,data/metadata/dartis_positive_verifier_crops.csv,1,calibration,27.40443801575997,214.0,,,224.0
,OIL::ow-0504::ow-0504__obj_001,CONFIRMED_OIL,,,data/external/dartis/processed/verifier_positive/ow/ow-0504__obj_001.png,ow,1.0,224.0,1,ow-0504,,data/metadata/dartis_positive_verifier_crops.csv,1,train,28.95868380736856,215.0,,,224.0
,OIL::ow-0505::ow-0505__obj_001,CONFIRMED_OIL,,,data/external/dartis/processed/verifier_positive/ow/ow-0505__obj_001.png,ow,1.0,224.0,1,ow-0505,,data/metadata/dartis_positive_verifier_crops.csv,1,train,16.097513904757637,109.0,,,224.0
,OIL::ow-0505::ow-0505__obj_002,CONFIRMED_OIL,,,data/external/dartis/processed/verifier_positive/ow/ow-0505__obj_002.png,ow,1.0,224.0,1,ow-0505,,data/metadata/dartis_positive_verifier_crops.csv,1,train,18.40128728668712,101.0,,,224.0
,OIL::ow-0506::ow-0506__obj_001,CONFIRMED_OIL,,,data/external/dartis/processed/verifier_positive/ow/ow-0506__obj_001.png,ow,1.0,224.0,1,ow-0506,,data/metadata/dartis_positive_verifier_crops.csv,1,train,35.457514996099164,223.0,,,224.0
,OIL::ow-0506::ow-0506__obj_002,CONFIRMED_OIL,,,data/external/dartis/processed/verifier_positive/ow/ow-0506__obj_002.png,ow,1.0,224.0,1,ow-0506,,data/metadata/dartis_positive_verifier_crops.csv,1,train,39.22937258415372,228.0,,,224.0
,OIL::ow-0507::ow-0507__obj_001,CONFIRMED_OIL,,,data/external/dartis/processed/verifier_positive/ow/ow-0507__obj_001.png,ow,1.0,224.0,1,ow-0507,,data/metadata/dartis_positive_verifier_crops.csv,1,train,29.162942411268997,166.0,,,224.0
,OIL::ow-0508::ow-0508__obj_001,CONFIRMED_OIL,,,data/external/dartis/processed/verifier_positive/ow/ow-0508__obj_001.png,ow,1.0,224.0,1,ow-0508,,data/metadata/dartis_positive_verifier_crops.csv,1,train,34.30819147719854,185.0,,,224.0
,OIL::ow-0509::ow-0509__obj_001,CONFIRMED_OIL,,,data/external/dartis/processed/verifier_positive/ow/ow-0509__obj_001.png,ow,1.0,224.0,1,ow-0509,,data/metadata/dartis_positive_verifier_crops.csv,1,train,42.35675183284231,229.0,,,224.0
,OIL::ow-0509::ow-0509__obj_002,CONFIRMED_OIL,,,data/external/dartis/processed/verifier_positive/ow/ow-0509__obj_002.png,ow,1.0,224.0,1,ow-0509,,data/metadata/dartis_positive_verifier_crops.csv,1,train,23.51003449012827,205.0,,,224.0
,OIL::ow-0509::ow-0509__obj_003,CONFIRMED_OIL,,,data/external/dartis/processed/verifier_positive/ow/ow-0509__obj_003.png,ow,1.0,224.0,1,ow-0509,,data/metadata/dartis_positive_verifier_crops.csv,1,train,21.689302224755096,184.0,,,224.0
,OIL::ow-0509::ow-0509__obj_004,CONFIRMED_OIL,,,data/external/dartis/processed/verifier_positive/ow/ow-0509__obj_004.png,ow,1.0,224.0,1,ow-0509,,data/metadata/dartis_positive_verifier_crops.csv,1,train,22.74940066279209,190.0,,,224.0
,OIL::ow-0509::ow-0509__obj_005,CONFIRMED_OIL,,,data/external/dartis/processed/verifier_positive/ow/ow-0509__obj_005.png,ow,1.0,224.0,1,ow-0509,,data/metadata/dartis_positive_verifier_crops.csv,1,train,23.46884574229568,206.0,,,224.0
,OIL::ow-0509::ow-0509__obj_006,CONFIRMED_OIL,,,data/external/dartis/processed/verifier_positive/ow/ow-0509__obj_006.png,ow,1.0,224.0,1,ow-0509,,data/metadata/dartis_positive_verifier_crops.csv,1,train,22.286725405497027,205.0,,,224.0
,OIL::ow-0509::ow-0509__obj_007,CONFIRMED_OIL,,,data/external/dartis/processed/verifier_positive/ow/ow-0509__obj_007.png,ow,1.0,224.0,1,ow-0509,,data/metadata/dartis_positive_verifier_crops.csv,1,train,22.615681436713768,180.0,,,224.0
,OIL::ow-0509::ow-0509__obj_008,CONFIRMED_OIL,,,data/external/dartis/processed/verifier_positive/ow/ow-0509__obj_008.png,ow,1.0,224.0,1,ow-0509,,data/metadata/dartis_positive_verifier_crops.csv,1,train,22.742752548193863,195.0,,,224.0
,OIL::ow-0509::ow-0509__obj_009,CONFIRMED_OIL,,,data/external/dartis/processed/verifier_positive/ow/ow-0509__obj_009.png,ow,1.0,224.0,1,ow-0509,,data/metadata/dartis_positive_verifier_crops.csv,1,train,22.207213429214885,184.0,,,224.0
,OIL::ow-0509::ow-0509__obj_010,CONFIRMED_OIL,,,data/external/dartis/processed/verifier_positive/ow/ow-0509__obj_010.png,ow,1.0,224.0,1,ow-0509,,data/metadata/dartis_positive_verifier_crops.csv,1,train,23.969430955454893,206.0,,,224.0
,OIL::ow-0509::ow-0509__obj_011,CONFIRMED_OIL,,,data/external/dartis/processed/verifier_positive/ow/ow-0509__obj_011.png,ow,1.0,224.0,1,ow-0509,,data/metadata/dartis_positive_verifier_crops.csv,1,train,21.228347722548264,162.0,,,224.0
,OIL::ow-0509::ow-0509__obj_012,CONFIRMED_OIL,,,data/external/dartis/processed/verifier_positive/ow/ow-0509__obj_012.png,ow,1.0,224.0,1,ow-0509,,data/metadata/dartis_positive_verifier_crops.csv,1,train,22.08526087892675,190.0,,,224.0
,OIL::ow-0510::ow-0510__obj_001,CONFIRMED_OIL,,,data/external/dartis/processed/verifier_positive/ow/ow-0510__obj_001.png,ow,1.0,224.0,1,ow-0510,,data/metadata/dartis_positive_verifier_crops.csv,1,train,23.689313579913385,213.0,,,224.0
,OIL::ow-0511::ow-0511__obj_001,CONFIRMED_OIL,,,data/external/dartis/processed/verifier_positive/ow/ow-0511__obj_001.png,ow,1.0,224.0,1,ow-0511,,data/metadata/dartis_positive_verifier_crops.csv,1,calibration,41.04640178343252,238.0,,,224.0
,OIL::ow-0512::ow-0512__obj_001,CONFIRMED_OIL,,,data/external/dartis/processed/verifier_positive/ow/ow-0512__obj_001.png,ow,1.0,224.0,1,ow-0512,,data/metadata/dartis_positive_verifier_crops.csv,1,calibration,16.567982503623682,178.0,,,224.0
,OIL::ow-0513::ow-0513__obj_001,CONFIRMED_OIL,,,data/external/dartis/processed/verifier_positive/ow/ow-0513__obj_001.png,ow,1.0,224.0,1,ow-0513,,data/metadata/dartis_positive_verifier_crops.csv,1,train,9.87172997015961,106.0,,,224.0
,OIL::ow-0514::ow-0514__obj_001,CONFIRMED_OIL,,,data/external/dartis/processed/verifier_positive/ow/ow-0514__obj_001.png,ow,1.0,224.0,1,ow-0514,,data/metadata/dartis_positive_verifier_crops.csv,1,train,25.109090450803517,196.0,,,224.0
,OIL::ow-0514::ow-0514__obj_002,CONFIRMED_OIL,,,data/external/dartis/processed/verifier_positive/ow/ow-0514__obj_002.png,ow,1.0,224.0,1,ow-0514,,data/metadata/dartis_positive_verifier_crops.csv,1,train,22.56908690098173,190.0,,,224.0
,OIL::ow-0514::ow-0514__obj_003,CONFIRMED_OIL,,,data/external/dartis/processed/verifier_positive/ow/ow-0514__obj_003.png,ow,1.0,224.0,1,ow-0514,,data/metadata/dartis_positive_verifier_crops.csv,1,train,23.064832820786517,192.0,,,224.0
,OIL::ow-0515::ow-0515__obj_001,CONFIRMED_OIL,,,data/external/dartis/processed/verifier_positive/ow/ow-0515__obj_001.png,ow,1.0,224.0,1,ow-0515,,data/metadata/dartis_positive_verifier_crops.csv,1,train,14.467533469854754,113.0,,,224.0
,OIL::ow-0516::ow-0516__obj_001,CONFIRMED_OIL,,,data/external/dartis/processed/verifier_positive/ow/ow-0516__obj_001.png,ow,1.0,224.0,1,ow-0516,,data/metadata/dartis_positive_verifier_crops.csv,1,train,25.476340385108664,177.0,,,224.0
,OIL::ow-0517::ow-0517__obj_001,CONFIRMED_OIL,,,data/external/dartis/processed/verifier_positive/ow/ow-0517__obj_001.png,ow,1.0,224.0,1,ow-0517,,data/metadata/dartis_positive_verifier_crops.csv,1,train,27.58183411039591,199.0,,,224.0
,OIL::ow-0517::ow-0517__obj_002,CONFIRMED_OIL,,,data/external/dartis/processed/verifier_positive/ow/ow-0517__obj_002.png,ow,1.0,224.0,1,ow-0517,,data/metadata/dartis_positive_verifier_crops.csv,1,train,27.83982761344674,186.0,,,224.0
,OIL::ow-0518::ow-0518__obj_001,CONFIRMED_OIL,,,data/external/dartis/processed/verifier_positive/ow/ow-0518__obj_001.png,ow,1.0,224.0,1,ow-0518,,data/metadata/dartis_positive_verifier_crops.csv,1,train,37.0023531509209,232.0,,,224.0
,OIL::ow-0518::ow-0518__obj_002,CONFIRMED_OIL,,,data/external/dartis/processed/verifier_positive/ow/ow-0518__obj_002.png,ow,1.0,224.0,1,ow-0518,,data/metadata/dartis_positive_verifier_crops.csv,1,train,36.84542130387536,234.0,,,224.0
,OIL::ow-0519::ow-0519__obj_001,CONFIRMED_OIL,,,data/external/dartis/processed/verifier_positive/ow/ow-0519__obj_001.png,ow,1.0,224.0,1,ow-0519,,data/metadata/dartis_positive_verifier_crops.csv,1,train,42.37700247134581,228.0,,,224.0
,OIL::ow-0519::ow-0519__obj_002,CONFIRMED_OIL,,,data/external/dartis/processed/verifier_positive/ow/ow-0519__obj_002.png,ow,1.0,224.0,1,ow-0519,,data/metadata/dartis_positive_verifier_crops.csv,1,train,22.39061485097356,195.0,,,224.0
,OIL::ow-0520::ow-0520__obj_001,CONFIRMED_OIL,,,data/external/dartis/processed/verifier_positive/ow/ow-0520__obj_001.png,ow,1.0,224.0,1,ow-0520,,data/metadata/dartis_positive_verifier_crops.csv,1,train,46.05113545500807,233.0,,,224.0
,OIL::ow-0520::ow-0520__obj_002,CONFIRMED_OIL,,,data/external/dartis/processed/verifier_positive/ow/ow-0520__obj_002.png,ow,1.0,224.0,1,ow-0520,,data/metadata/dartis_positive_verifier_crops.csv,1,train,27.4492515721169,231.0,,,224.0
,OIL::ow-0521::ow-0521__obj_001,CONFIRMED_OIL,,,data/external/dartis/processed/verifier_positive/ow/ow-0521__obj_001.png,ow,1.0,224.0,1,ow-0521,,data/metadata/dartis_positive_verifier_crops.csv,1,train,17.754136905975127,141.0,,,224.0
,OIL::ow-0521::ow-0521__obj_002,CONFIRMED_OIL,,,data/external/dartis/processed/verifier_positive/ow/ow-0521__obj_002.png,ow,1.0,224.0,1,ow-0521,,data/metadata/dartis_positive_verifier_crops.csv,1,train,16.354988639756915,134.0,,,224.0
,OIL::ow-0521::ow-0521__obj_003,CONFIRMED_OIL,,,data/external/dartis/processed/verifier_positive/ow/ow-0521__obj_003.png,ow,1.0,224.0,1,ow-0521,,data/metadata/dartis_positive_verifier_crops.csv,1,train,15.585831692143598,140.0,,,224.0
,OIL::ow-0522::ow-0522__obj_001,CONFIRMED_OIL,,,data/external/dartis/processed/verifier_positive/ow/ow-0522__obj_001.png,ow,1.0,224.0,1,ow-0522,,data/metadata/dartis_positive_verifier_crops.csv,1,train,25.711734531950015,254.0,,,224.0
,OIL::ow-0522::ow-0522__obj_002,CONFIRMED_OIL,,,data/external/dartis/processed/verifier_positive/ow/ow-0522__obj_002.png,ow,1.0,224.0,1,ow-0522,,data/metadata/dartis_positive_verifier_crops.csv,1,train,17.975137198803225,174.0,,,224.0
,OIL::ow-0523::ow-0523__obj_001,CONFIRMED_OIL,,,data/external/dartis/processed/verifier_positive/ow/ow-0523__obj_001.png,ow,1.0,224.0,1,ow-0523,,data/metadata/dartis_positive_verifier_crops.csv,1,train,24.769472087131025,182.0,,,224.0
,OIL::ow-0523::ow-0523__obj_002,CONFIRMED_OIL,,,data/external/dartis/processed/verifier_positive/ow/ow-0523__obj_002.png,ow,1.0,224.0,1,ow-0523,,data/metadata/dartis_positive_verifier_crops.csv,1,train,20.677637419294257,198.0,,,224.0
,OIL::ow-0523::ow-0523__obj_003,CONFIRMED_OIL,,,data/external/dartis/processed/verifier_positive/ow/ow-0523__obj_003.png,ow,1.0,224.0,1,ow-0523,,data/metadata/dartis_positive_verifier_crops.csv,1,train,21.720989594897357,192.0,,,224.0
,OIL::ow-0524::ow-0524__obj_001,CONFIRMED_OIL,,,data/external/dartis/processed/verifier_positive/ow/ow-0524__obj_001.png,ow,1.0,224.0,1,ow-0524,,data/metadata/dartis_positive_verifier_crops.csv,1,calibration,29.12032073730721,220.0,,,224.0
,OIL::ow-0524::ow-0524__obj_003,CONFIRMED_OIL,,,data/external/dartis/processed/verifier_positive/ow/ow-0524__obj_003.png,ow,1.0,224.0,1,ow-0524,,data/metadata/dartis_positive_verifier_crops.csv,1,calibration,32.498801654300784,228.0,,,224.0
,OIL::ow-0525::ow-0525__obj_001,CONFIRMED_OIL,,,data/external/dartis/processed/verifier_positive/ow/ow-0525__obj_001.png,ow,1.0,224.0,1,ow-0525,,data/metadata/dartis_positive_verifier_crops.csv,1,calibration,22.390500333978636,163.0,,,224.0
,OIL::ow-0526::ow-0526__obj_001,CONFIRMED_OIL,,,data/external/dartis/processed/verifier_positive/ow/ow-0526__obj_001.png,ow,1.0,224.0,1,ow-0526,,data/metadata/dartis_positive_verifier_crops.csv,1,train,30.543481134783853,207.0,,,224.0
,OIL::ow-0527::ow-0527__obj_001,CONFIRMED_OIL,,,data/external/dartis/processed/verifier_positive/ow/ow-0527__obj_001.png,ow,1.0,224.0,1,ow-0527,,data/metadata/dartis_positive_verifier_crops.csv,1,train,24.75258565838261,214.0,,,224.0
,OIL::ow-0527::ow-0527__obj_002,CONFIRMED_OIL,,,data/external/dartis/processed/verifier_positive/ow/ow-0527__obj_002.png,ow,1.0,224.0,1,ow-0527,,data/metadata/dartis_positive_verifier_crops.csv,1,train,25.110981675597763,218.0,,,224.0
,OIL::ow-0528::ow-0528__obj_001,CONFIRMED_OIL,,,data/external/dartis/processed/verifier_positive/ow/ow-0528__obj_001.png,ow,1.0,224.0,1,ow-0528,,data/metadata/dartis_positive_verifier_crops.csv,1,train,24.397998712232667,167.0,,,224.0
,OIL::ow-0528::ow-0528__obj_002,CONFIRMED_OIL,,,data/external/dartis/processed/verifier_positive/ow/ow-0528__obj_002.png,ow,1.0,224.0,1,ow-0528,,data/metadata/dartis_positive_verifier_crops.csv,1,train,26.418438789603407,195.0,,,224.0
,OIL::ow-0528::ow-0528__obj_003,CONFIRMED_OIL,,,data/external/dartis/processed/verifier_positive/ow/ow-0528__obj_003.png,ow,1.0,224.0,1,ow-0528,,data/metadata/dartis_positive_verifier_crops.csv,1,train,22.5501323308353,173.0,,,224.0
,OIL::ow-0528::ow-0528__obj_004,CONFIRMED_OIL,,,data/external/dartis/processed/verifier_positive/ow/ow-0528__obj_004.png,ow,1.0,224.0,1,ow-0528,,data/metadata/dartis_positive_verifier_crops.csv,1,train,22.743421424859037,180.0,,,224.0
,OIL::ow-0528::ow-0528__obj_005,CONFIRMED_OIL,,,data/external/dartis/processed/verifier_positive/ow/ow-0528__obj_005.png,ow,1.0,224.0,1,ow-0528,,data/metadata/dartis_positive_verifier_crops.csv,1,train,24.28586867477521,173.0,,,224.0
,OIL::ow-0529::ow-0529__obj_001,CONFIRMED_OIL,,,data/external/dartis/processed/verifier_positive/ow/ow-0529__obj_001.png,ow,1.0,224.0,1,ow-0529,,data/metadata/dartis_positive_verifier_crops.csv,1,train,8.336866195888327,99.0,,,224.0
,OIL::ow-0530::ow-0530__obj_001,CONFIRMED_OIL,,,data/external/dartis/processed/verifier_positive/ow/ow-0530__obj_001.png,ow,1.0,224.0,1,ow-0530,,data/metadata/dartis_positive_verifier_crops.csv,1,train,37.83136873364871,233.0,,,224.0
,OIL::ow-0531::ow-0531__obj_001,CONFIRMED_OIL,,,data/external/dartis/processed/verifier_positive/ow/ow-0531__obj_001.png,ow,1.0,224.0,1,ow-0531,,data/metadata/dartis_positive_verifier_crops.csv,1,train,32.613037177675245,226.0,,,224.0
,OIL::ow-0532::ow-0532__obj_001,CONFIRMED_OIL,,,data/external/dartis/processed/verifier_positive/ow/ow-0532__obj_001.png,ow,1.0,224.0,1,ow-0532,,data/metadata/dartis_positive_verifier_crops.csv,1,train,19.246369135888163,150.0,,,224.0
,OIL::ow-0533::ow-0533__obj_001,CONFIRMED_OIL,,,data/external/dartis/processed/verifier_positive/ow/ow-0533__obj_001.png,ow,1.0,224.0,1,ow-0533,,data/metadata/dartis_positive_verifier_crops.csv,1,train,9.407694296885486,92.0,,,224.0
,OIL::ow-0534::ow-0534__obj_001,CONFIRMED_OIL,,,data/external/dartis/processed/verifier_positive/ow/ow-0534__obj_001.png,ow,1.0,224.0,1,ow-0534,,data/metadata/dartis_positive_verifier_crops.csv,1,train,27.13502113737504,220.0,,,224.0
,OIL::ow-0534::ow-0534__obj_002,CONFIRMED_OIL,,,data/external/dartis/processed/verifier_positive/ow/ow-0534__obj_002.png,ow,1.0,224.0,1,ow-0534,,data/metadata/dartis_positive_verifier_crops.csv,1,train,24.133491282314125,201.0,,,224.0
,OIL::ow-0535::ow-0535__obj_001,CONFIRMED_OIL,,,data/external/dartis/processed/verifier_positive/ow/ow-0535__obj_001.png,ow,1.0,224.0,1,ow-0535,,data/metadata/dartis_positive_verifier_crops.csv,1,train,28.52117681577816,187.0,,,224.0
,OIL::ow-0536::ow-0536__obj_001,CONFIRMED_OIL,,,data/external/dartis/processed/verifier_positive/ow/ow-0536__obj_001.png,ow,1.0,224.0,1,ow-0536,,data/metadata/dartis_positive_verifier_crops.csv,1,train,28.680050472273003,225.0,,,224.0
,OIL::ow-0537::ow-0537__obj_001,CONFIRMED_OIL,,,data/external/dartis/processed/verifier_positive/ow/ow-0537__obj_001.png,ow,1.0,224.0,1,ow-0537,,data/metadata/dartis_positive_verifier_crops.csv,1,train,28.88468838821757,223.0,,,224.0
,OIL::ow-0537::ow-0537__obj_002,CONFIRMED_OIL,,,data/external/dartis/processed/verifier_positive/ow/ow-0537__obj_002.png,ow,1.0,224.0,1,ow-0537,,data/metadata/dartis_positive_verifier_crops.csv,1,train,31.597828775190703,224.0,,,224.0
,OIL::ow-0538::ow-0538__obj_001,CONFIRMED_OIL,,,data/external/dartis/processed/verifier_positive/ow/ow-0538__obj_001.png,ow,1.0,224.0,1,ow-0538,,data/metadata/dartis_positive_verifier_crops.csv,1,calibration,15.899705513351856,136.0,,,224.0
,OIL::ow-0538::ow-0538__obj_002,CONFIRMED_OIL,,,data/external/dartis/processed/verifier_positive/ow/ow-0538__obj_002.png,ow,1.0,224.0,1,ow-0538,,data/metadata/dartis_positive_verifier_crops.csv,1,calibration,16.523815718904103,128.0,,,224.0
,OIL::ow-0539::ow-0539__obj_001,CONFIRMED_OIL,,,data/external/dartis/processed/verifier_positive/ow/ow-0539__obj_001.png,ow,1.0,224.0,1,ow-0539,,data/metadata/dartis_positive_verifier_crops.csv,1,train,23.395051765736135,153.0,,,224.0
,OIL::ow-0539::ow-0539__obj_002,CONFIRMED_OIL,,,data/external/dartis/processed/verifier_positive/ow/ow-0539__obj_002.png,ow,1.0,224.0,1,ow-0539,,data/metadata/dartis_positive_verifier_crops.csv,1,train,27.9376532992716,205.0,,,224.0
,OIL::ow-0539::ow-0539__obj_003,CONFIRMED_OIL,,,data/external/dartis/processed/verifier_positive/ow/ow-0539__obj_003.png,ow,1.0,224.0,1,ow-0539,,data/metadata/dartis_positive_verifier_crops.csv,1,train,26.13794279065885,188.0,,,224.0
,OIL::ow-0540::ow-0540__obj_001,CONFIRMED_OIL,,,data/external/dartis/processed/verifier_positive/ow/ow-0540__obj_001.png,ow,1.0,224.0,1,ow-0540,,data/metadata/dartis_positive_verifier_crops.csv,1,train,21.977163761587583,141.0,,,224.0
,OIL::ow-0541::ow-0541__obj_001,CONFIRMED_OIL,,,data/external/dartis/processed/verifier_positive/ow/ow-0541__obj_001.png,ow,1.0,224.0,1,ow-0541,,data/metadata/dartis_positive_verifier_crops.csv,1,train,26.972863168127432,214.0,,,224.0
,OIL::ow-0542::ow-0542__obj_001,CONFIRMED_OIL,,,data/external/dartis/processed/verifier_positive/ow/ow-0542__obj_001.png,ow,1.0,224.0,1,ow-0542,,data/metadata/dartis_positive_verifier_crops.csv,1,train,30.710560351250837,237.0,,,224.0
,OIL::ow-0543::ow-0543__obj_001,CONFIRMED_OIL,,,data/external/dartis/processed/verifier_positive/ow/ow-0543__obj_001.png,ow,1.0,224.0,1,ow-0543,,data/metadata/dartis_positive_verifier_crops.csv,1,calibration,20.512824538477584,182.0,,,224.0
,OIL::ow-0543::ow-0543__obj_002,CONFIRMED_OIL,,,data/external/dartis/processed/verifier_positive/ow/ow-0543__obj_002.png,ow,1.0,224.0,1,ow-0543,,data/metadata/dartis_positive_verifier_crops.csv,1,calibration,31.180046732042012,215.0,,,224.0
,OIL::ow-0544::ow-0544__obj_001,CONFIRMED_OIL,,,data/external/dartis/processed/verifier_positive/ow/ow-0544__obj_001.png,ow,1.0,224.0,1,ow-0544,,data/metadata/dartis_positive_verifier_crops.csv,1,train,32.606381145826525,229.0,,,224.0
,OIL::ow-0545::ow-0545__obj_001,CONFIRMED_OIL,,,data/external/dartis/processed/verifier_positive/ow/ow-0545__obj_001.png,ow,1.0,224.0,1,ow-0545,,data/metadata/dartis_positive_verifier_crops.csv,1,train,24.134277521739804,207.0,,,224.0
,OIL::ow-0545::ow-0545__obj_002,CONFIRMED_OIL,,,data/external/dartis/processed/verifier_positive/ow/ow-0545__obj_002.png,ow,1.0,224.0,1,ow-0545,,data/metadata/dartis_positive_verifier_crops.csv,1,train,31.621696092910867,230.0,,,224.0
,OIL::ow-0546::ow-0546__obj_001,CONFIRMED_OIL,,,data/external/dartis/processed/verifier_positive/ow/ow-0546__obj_001.png,ow,1.0,224.0,1,ow-0546,,data/metadata/dartis_positive_verifier_crops.csv,1,train,29.912014291551188,223.0,,,224.0
,OIL::ow-0547::ow-0547__obj_001,CONFIRMED_OIL,,,data/external/dartis/processed/verifier_positive/ow/ow-0547__obj_001.png,ow,1.0,224.0,1,ow-0547,,data/metadata/dartis_positive_verifier_crops.csv,1,train,13.99827698539607,111.0,,,224.0
,OIL::ow-0547::ow-0547__obj_002,CONFIRMED_OIL,,,data/external/dartis/processed/verifier_positive/ow/ow-0547__obj_002.png,ow,1.0,224.0,1,ow-0547,,data/metadata/dartis_positive_verifier_crops.csv,1,train,9.449611533224298,75.0,,,224.0
,OIL::ow-0547::ow-0547__obj_003,CONFIRMED_OIL,,,data/external/dartis/processed/verifier_positive/ow/ow-0547__obj_003.png,ow,1.0,224.0,1,ow-0547,,data/metadata/dartis_positive_verifier_crops.csv,1,train,10.67233592998695,81.0,,,224.0
,OIL::ow-0548::ow-0548__obj_001,CONFIRMED_OIL,,,data/external/dartis/processed/verifier_positive/ow/ow-0548__obj_001.png,ow,1.0,224.0,1,ow-0548,,data/metadata/dartis_positive_verifier_crops.csv,1,calibration,22.57971695059869,211.0,,,224.0
,OIL::ow-0548::ow-0548__obj_002,CONFIRMED_OIL,,,data/external/dartis/processed/verifier_positive/ow/ow-0548__obj_002.png,ow,1.0,224.0,1,ow-0548,,data/metadata/dartis_positive_verifier_crops.csv,1,calibration,30.04732314763473,208.0,,,224.0
,OIL::ow-0548::ow-0548__obj_003,CONFIRMED_OIL,,,data/external/dartis/processed/verifier_positive/ow/ow-0548__obj_003.png,ow,1.0,224.0,1,ow-0548,,data/metadata/dartis_positive_verifier_crops.csv,1,calibration,22.2149812236921,199.0,,,224.0
,OIL::ow-0548::ow-0548__obj_004,CONFIRMED_OIL,,,data/external/dartis/processed/verifier_positive/ow/ow-0548__obj_004.png,ow,1.0,224.0,1,ow-0548,,data/metadata/dartis_positive_verifier_crops.csv,1,calibration,20.97422822046228,186.0,,,224.0
,OIL::ow-0549::ow-0549__obj_001,CONFIRMED_OIL,,,data/external/dartis/processed/verifier_positive/ow/ow-0549__obj_001.png,ow,1.0,224.0,1,ow-0549,,data/metadata/dartis_positive_verifier_crops.csv,1,train,34.97808589368427,232.0,,,224.0
,OIL::ow-0549::ow-0549__obj_002,CONFIRMED_OIL,,,data/external/dartis/processed/verifier_positive/ow/ow-0549__obj_002.png,ow,1.0,224.0,1,ow-0549,,data/metadata/dartis_positive_verifier_crops.csv,1,train,29.75389311441495,241.0,,,224.0
,OIL::ow-0550::ow-0550__obj_001,CONFIRMED_OIL,,,data/external/dartis/processed/verifier_positive/ow/ow-0550__obj_001.png,ow,1.0,224.0,1,ow-0550,,data/metadata/dartis_positive_verifier_crops.csv,1,train,29.502225448388668,215.0,,,224.0
,OIL::ow-0550::ow-0550__obj_002,CONFIRMED_OIL,,,data/external/dartis/processed/verifier_positive/ow/ow-0550__obj_002.png,ow,1.0,224.0,1,ow-0550,,data/metadata/dartis_positive_verifier_crops.csv,1,train,28.570036999593167,206.0,,,224.0
,OIL::ow-0551::ow-0551__obj_001,CONFIRMED_OIL,,,data/external/dartis/processed/verifier_positive/ow/ow-0551__obj_001.png,ow,1.0,224.0,1,ow-0551,,data/metadata/dartis_positive_verifier_crops.csv,1,train,31.55122152947171,217.0,,,224.0
,OIL::ow-0551::ow-0551__obj_002,CONFIRMED_OIL,,,data/external/dartis/processed/verifier_positive/ow/ow-0551__obj_002.png,ow,1.0,224.0,1,ow-0551,,data/metadata/dartis_positive_verifier_crops.csv,1,train,24.298356218449936,193.0,,,224.0
,OIL::ow-0552::ow-0552__obj_001,CONFIRMED_OIL,,,data/external/dartis/processed/verifier_positive/ow/ow-0552__obj_001.png,ow,1.0,224.0,1,ow-0552,,data/metadata/dartis_positive_verifier_crops.csv,1,train,25.01993154781002,177.0,,,224.0
,OIL::ow-0553::ow-0553__obj_001,CONFIRMED_OIL,,,data/external/dartis/processed/verifier_positive/ow/ow-0553__obj_001.png,ow,1.0,224.0,1,ow-0553,,data/metadata/dartis_positive_verifier_crops.csv,1,train,27.64961730275185,208.0,,,224.0
,OIL::ow-0554::ow-0554__obj_001,CONFIRMED_OIL,,,data/external/dartis/processed/verifier_positive/ow/ow-0554__obj_001.png,ow,1.0,224.0,1,ow-0554,,data/metadata/dartis_positive_verifier_crops.csv,1,train,27.50646067176143,203.0,,,224.0
,OIL::ow-0555::ow-0555__obj_001,CONFIRMED_OIL,,,data/external/dartis/processed/verifier_positive/ow/ow-0555__obj_001.png,ow,1.0,224.0,1,ow-0555,,data/metadata/dartis_positive_verifier_crops.csv,1,train,12.781864107637968,108.0,,,224.0
,OIL::ow-0555::ow-0555__obj_002,CONFIRMED_OIL,,,data/external/dartis/processed/verifier_positive/ow/ow-0555__obj_002.png,ow,1.0,224.0,1,ow-0555,,data/metadata/dartis_positive_verifier_crops.csv,1,train,12.402360532181596,106.0,,,224.0
,OIL::ow-0556::ow-0556__obj_001,CONFIRMED_OIL,,,data/external/dartis/processed/verifier_positive/ow/ow-0556__obj_001.png,ow,1.0,224.0,1,ow-0556,,data/metadata/dartis_positive_verifier_crops.csv,1,train,23.748992124533853,205.0,,,224.0
,OIL::ow-0556::ow-0556__obj_002,CONFIRMED_OIL,,,data/external/dartis/processed/verifier_positive/ow/ow-0556__obj_002.png,ow,1.0,224.0,1,ow-0556,,data/metadata/dartis_positive_verifier_crops.csv,1,train,30.80476676107451,217.0,,,224.0
,OIL::ow-0556::ow-0556__obj_003,CONFIRMED_OIL,,,data/external/dartis/processed/verifier_positive/ow/ow-0556__obj_003.png,ow,1.0,224.0,1,ow-0556,,data/metadata/dartis_positive_verifier_crops.csv,1,train,20.18983800432989,173.0,,,224.0
,OIL::ow-0556::ow-0556__obj_004,CONFIRMED_OIL,,,data/external/dartis/processed/verifier_positive/ow/ow-0556__obj_004.png,ow,1.0,224.0,1,ow-0556,,data/metadata/dartis_positive_verifier_crops.csv,1,train,23.91158987307002,188.0,,,224.0
,OIL::ow-0556::ow-0556__obj_005,CONFIRMED_OIL,,,data/external/dartis/processed/verifier_positive/ow/ow-0556__obj_005.png,ow,1.0,224.0,1,ow-0556,,data/metadata/dartis_positive_verifier_crops.csv,1,train,24.276045332918965,188.0,,,224.0
,OIL::ow-0557::ow-0557__obj_001,CONFIRMED_OIL,,,data/external/dartis/processed/verifier_positive/ow/ow-0557__obj_001.png,ow,1.0,224.0,1,ow-0557,,data/metadata/dartis_positive_verifier_crops.csv,1,train,25.21552700081393,208.0,,,224.0
,OIL::ow-0557::ow-0557__obj_002,CONFIRMED_OIL,,,data/external/dartis/processed/verifier_positive/ow/ow-0557__obj_002.png,ow,1.0,224.0,1,ow-0557,,data/metadata/dartis_positive_verifier_crops.csv,1,train,23.702267071498127,202.0,,,224.0
,OIL::ow-0557::ow-0557__obj_003,CONFIRMED_OIL,,,data/external/dartis/processed/verifier_positive/ow/ow-0557__obj_003.png,ow,1.0,224.0,1,ow-0557,,data/metadata/dartis_positive_verifier_crops.csv,1,train,23.452439822810373,203.0,,,224.0
,OIL::ow-0558::ow-0558__obj_001,CONFIRMED_OIL,,,data/external/dartis/processed/verifier_positive/ow/ow-0558__obj_001.png,ow,1.0,224.0,1,ow-0558,,data/metadata/dartis_positive_verifier_crops.csv,1,train,25.89810650868211,191.0,,,224.0
,OIL::ow-0559::ow-0559__obj_001,CONFIRMED_OIL,,,data/external/dartis/processed/verifier_positive/ow/ow-0559__obj_001.png,ow,1.0,224.0,1,ow-0559,,data/metadata/dartis_positive_verifier_crops.csv,1,train,19.90373868977544,167.0,,,224.0
,OIL::ow-0560::ow-0560__obj_001,CONFIRMED_OIL,,,data/external/dartis/processed/verifier_positive/ow/ow-0560__obj_001.png,ow,1.0,224.0,1,ow-0560,,data/metadata/dartis_positive_verifier_crops.csv,1,calibration,28.962441772286034,210.0,,,224.0
,OIL::ow-0560::ow-0560__obj_002,CONFIRMED_OIL,,,data/external/dartis/processed/verifier_positive/ow/ow-0560__obj_002.png,ow,1.0,224.0,1,ow-0560,,data/metadata/dartis_positive_verifier_crops.csv,1,calibration,29.45998976242028,237.0,,,224.0
,OIL::ow-0561::ow-0561__obj_001,CONFIRMED_OIL,,,data/external/dartis/processed/verifier_positive/ow/ow-0561__obj_001.png,ow,1.0,224.0,1,ow-0561,,data/metadata/dartis_positive_verifier_crops.csv,1,calibration,14.14448777329373,102.0,,,224.0
,OIL::ow-0562::ow-0562__obj_001,CONFIRMED_OIL,,,data/external/dartis/processed/verifier_positive/ow/ow-0562__obj_001.png,ow,1.0,224.0,1,ow-0562,,data/metadata/dartis_positive_verifier_crops.csv,1,train,20.428617562477932,164.0,,,224.0
,OIL::ow-0563::ow-0563__obj_001,CONFIRMED_OIL,,,data/external/dartis/processed/verifier_positive/ow/ow-0563__obj_001.png,ow,1.0,224.0,1,ow-0563,,data/metadata/dartis_positive_verifier_crops.csv,1,train,22.76572225120897,172.0,,,224.0
,OIL::ow-0564::ow-0564__obj_001,CONFIRMED_OIL,,,data/external/dartis/processed/verifier_positive/ow/ow-0564__obj_001.png,ow,1.0,224.0,1,ow-0564,,data/metadata/dartis_positive_verifier_crops.csv,1,calibration,23.87421399153663,165.0,,,224.0
,OIL::ow-0565::ow-0565__obj_001,CONFIRMED_OIL,,,data/external/dartis/processed/verifier_positive/ow/ow-0565__obj_001.png,ow,1.0,224.0,1,ow-0565,,data/metadata/dartis_positive_verifier_crops.csv,1,train,31.014673191612243,205.0,,,224.0
,OIL::ow-0565::ow-0565__obj_002,CONFIRMED_OIL,,,data/external/dartis/processed/verifier_positive/ow/ow-0565__obj_002.png,ow,1.0,224.0,1,ow-0565,,data/metadata/dartis_positive_verifier_crops.csv,1,train,27.761894780649268,193.0,,,224.0
,OIL::ow-0566::ow-0566__obj_001,CONFIRMED_OIL,,,data/external/dartis/processed/verifier_positive/ow/ow-0566__obj_001.png,ow,1.0,224.0,1,ow-0566,,data/metadata/dartis_positive_verifier_crops.csv,1,calibration,21.80901620478769,159.0,,,224.0
,OIL::ow-0567::ow-0567__obj_001,CONFIRMED_OIL,,,data/external/dartis/processed/verifier_positive/ow/ow-0567__obj_001.png,ow,1.0,224.0,1,ow-0567,,data/metadata/dartis_positive_verifier_crops.csv,1,train,22.9536437055607,185.0,,,224.0
,OIL::ow-0567::ow-0567__obj_002,CONFIRMED_OIL,,,data/external/dartis/processed/verifier_positive/ow/ow-0567__obj_002.png,ow,1.0,224.0,1,ow-0567,,data/metadata/dartis_positive_verifier_crops.csv,1,train,22.68569134636409,180.0,,,224.0
,OIL::ow-0567::ow-0567__obj_003,CONFIRMED_OIL,,,data/external/dartis/processed/verifier_positive/ow/ow-0567__obj_003.png,ow,1.0,224.0,1,ow-0567,,data/metadata/dartis_positive_verifier_crops.csv,1,train,24.51136411467837,202.0,,,224.0
,OIL::ow-0567::ow-0567__obj_004,CONFIRMED_OIL,,,data/external/dartis/processed/verifier_positive/ow/ow-0567__obj_004.png,ow,1.0,224.0,1,ow-0567,,data/metadata/dartis_positive_verifier_crops.csv,1,train,30.87491574705995,215.0,,,224.0
,OIL::ow-0567::ow-0567__obj_005,CONFIRMED_OIL,,,data/external/dartis/processed/verifier_positive/ow/ow-0567__obj_005.png,ow,1.0,224.0,1,ow-0567,,data/metadata/dartis_positive_verifier_crops.csv,1,train,30.29074682113065,219.0,,,224.0
,OIL::ow-0568::ow-0568__obj_001,CONFIRMED_OIL,,,data/external/dartis/processed/verifier_positive/ow/ow-0568__obj_001.png,ow,1.0,224.0,1,ow-0568,,data/metadata/dartis_positive_verifier_crops.csv,1,train,30.0596850886173,220.0,,,224.0
,OIL::ow-0569::ow-0569__obj_001,CONFIRMED_OIL,,,data/external/dartis/processed/verifier_positive/ow/ow-0569__obj_001.png,ow,1.0,224.0,1,ow-0569,,data/metadata/dartis_positive_verifier_crops.csv,1,train,9.243747388502449,79.0,,,224.0
,OIL::ow-0569::ow-0569__obj_002,CONFIRMED_OIL,,,data/external/dartis/processed/verifier_positive/ow/ow-0569__obj_002.png,ow,1.0,224.0,1,ow-0569,,data/metadata/dartis_positive_verifier_crops.csv,1,train,8.45097572320449,87.0,,,224.0
,OIL::ow-0570::ow-0570__obj_001,CONFIRMED_OIL,,,data/external/dartis/processed/verifier_positive/ow/ow-0570__obj_001.png,ow,1.0,224.0,1,ow-0570,,data/metadata/dartis_positive_verifier_crops.csv,1,train,18.415684150011323,141.0,,,224.0
,OIL::ow-0571::ow-0571__obj_001,CONFIRMED_OIL,,,data/external/dartis/processed/verifier_positive/ow/ow-0571__obj_001.png,ow,1.0,224.0,1,ow-0571,,data/metadata/dartis_positive_verifier_crops.csv,1,train,28.123332231234325,227.0,,,224.0
,OIL::ow-0572::ow-0572__obj_001,CONFIRMED_OIL,,,data/external/dartis/processed/verifier_positive/ow/ow-0572__obj_001.png,ow,1.0,224.0,1,ow-0572,,data/metadata/dartis_positive_verifier_crops.csv,1,train,28.49906356564637,227.0,,,224.0
,OIL::ow-0572::ow-0572__obj_002,CONFIRMED_OIL,,,data/external/dartis/processed/verifier_positive/ow/ow-0572__obj_002.png,ow,1.0,224.0,1,ow-0572,,data/metadata/dartis_positive_verifier_crops.csv,1,train,21.09655527896374,183.0,,,224.0
,OIL::ow-0573::ow-0573__obj_001,CONFIRMED_OIL,,,data/external/dartis/processed/verifier_positive/ow/ow-0573__obj_001.png,ow,1.0,224.0,1,ow-0573,,data/metadata/dartis_positive_verifier_crops.csv,1,train,23.51621973233121,216.0,,,224.0
,OIL::ow-0573::ow-0573__obj_002,CONFIRMED_OIL,,,data/external/dartis/processed/verifier_positive/ow/ow-0573__obj_002.png,ow,1.0,224.0,1,ow-0573,,data/metadata/dartis_positive_verifier_crops.csv,1,train,26.79620224399006,215.0,,,224.0
,OIL::ow-0574::ow-0574__obj_001,CONFIRMED_OIL,,,data/external/dartis/processed/verifier_positive/ow/ow-0574__obj_001.png,ow,1.0,224.0,1,ow-0574,,data/metadata/dartis_positive_verifier_crops.csv,1,train,15.82209444228626,138.0,,,224.0
,OIL::ow-0574::ow-0574__obj_002,CONFIRMED_OIL,,,data/external/dartis/processed/verifier_positive/ow/ow-0574__obj_002.png,ow,1.0,224.0,1,ow-0574,,data/metadata/dartis_positive_verifier_crops.csv,1,train,20.19795517513068,229.0,,,224.0
,OIL::ow-0575::ow-0575__obj_001,CONFIRMED_OIL,,,data/external/dartis/processed/verifier_positive/ow/ow-0575__obj_001.png,ow,1.0,224.0,1,ow-0575,,data/metadata/dartis_positive_verifier_crops.csv,1,train,11.563215833031164,101.0,,,224.0
,OIL::ow-0575::ow-0575__obj_002,CONFIRMED_OIL,,,data/external/dartis/processed/verifier_positive/ow/ow-0575__obj_002.png,ow,1.0,224.0,1,ow-0575,,data/metadata/dartis_positive_verifier_crops.csv,1,train,12.115182411651965,95.0,,,224.0
,OIL::ow-0575::ow-0575__obj_003,CONFIRMED_OIL,,,data/external/dartis/processed/verifier_positive/ow/ow-0575__obj_003.png,ow,1.0,224.0,1,ow-0575,,data/metadata/dartis_positive_verifier_crops.csv,1,train,13.8417332695861,100.0,,,224.0
,OIL::ow-0576::ow-0576__obj_001,CONFIRMED_OIL,,,data/external/dartis/processed/verifier_positive/ow/ow-0576__obj_001.png,ow,1.0,224.0,1,ow-0576,,data/metadata/dartis_positive_verifier_crops.csv,1,train,24.99224041497112,189.0,,,224.0
,OIL::ow-0576::ow-0576__obj_002,CONFIRMED_OIL,,,data/external/dartis/processed/verifier_positive/ow/ow-0576__obj_002.png,ow,1.0,224.0,1,ow-0576,,data/metadata/dartis_positive_verifier_crops.csv,1,train,26.64732844280025,203.0,,,224.0
,OIL::ow-0577::ow-0577__obj_001,CONFIRMED_OIL,,,data/external/dartis/processed/verifier_positive/ow/ow-0577__obj_001.png,ow,1.0,224.0,1,ow-0577,,data/metadata/dartis_positive_verifier_crops.csv,1,train,25.12295120688381,217.0,,,224.0
,OIL::ow-0578::ow-0578__obj_001,CONFIRMED_OIL,,,data/external/dartis/processed/verifier_positive/ow/ow-0578__obj_001.png,ow,1.0,224.0,1,ow-0578,,data/metadata/dartis_positive_verifier_crops.csv,1,train,28.351631218828025,220.0,,,224.0
,OIL::ow-0579::ow-0579__obj_001,CONFIRMED_OIL,,,data/external/dartis/processed/verifier_positive/ow/ow-0579__obj_001.png,ow,1.0,224.0,1,ow-0579,,data/metadata/dartis_positive_verifier_crops.csv,1,calibration,7.782733382377581,86.0,,,224.0
,OIL::ow-0580::ow-0580__obj_001,CONFIRMED_OIL,,,data/external/dartis/processed/verifier_positive/ow/ow-0580__obj_001.png,ow,1.0,224.0,1,ow-0580,,data/metadata/dartis_positive_verifier_crops.csv,1,train,20.537598287797916,143.0,,,224.0
,OIL::ow-0580::ow-0580__obj_002,CONFIRMED_OIL,,,data/external/dartis/processed/verifier_positive/ow/ow-0580__obj_002.png,ow,1.0,224.0,1,ow-0580,,data/metadata/dartis_positive_verifier_crops.csv,1,train,17.54603093309685,132.0,,,224.0
,OIL::ow-0581::ow-0581__obj_001,CONFIRMED_OIL,,,data/external/dartis/processed/verifier_positive/ow/ow-0581__obj_001.png,ow,1.0,224.0,1,ow-0581,,data/metadata/dartis_positive_verifier_crops.csv,1,train,10.260162097229982,90.0,,,224.0
,OIL::ow-0581::ow-0581__obj_002,CONFIRMED_OIL,,,data/external/dartis/processed/verifier_positive/ow/ow-0581__obj_002.png,ow,1.0,224.0,1,ow-0581,,data/metadata/dartis_positive_verifier_crops.csv,1,train,16.79338507613548,116.0,,,224.0
,OIL::ow-0581::ow-0581__obj_003,CONFIRMED_OIL,,,data/external/dartis/processed/verifier_positive/ow/ow-0581__obj_003.png,ow,1.0,224.0,1,ow-0581,,data/metadata/dartis_positive_verifier_crops.csv,1,train,15.735852679393336,114.0,,,224.0
,OIL::ow-0582::ow-0582__obj_001,CONFIRMED_OIL,,,data/external/dartis/processed/verifier_positive/ow/ow-0582__obj_001.png,ow,1.0,224.0,1,ow-0582,,data/metadata/dartis_positive_verifier_crops.csv,1,train,18.397954663006004,123.0,,,224.0
,OIL::ow-0582::ow-0582__obj_002,CONFIRMED_OIL,,,data/external/dartis/processed/verifier_positive/ow/ow-0582__obj_002.png,ow,1.0,224.0,1,ow-0582,,data/metadata/dartis_positive_verifier_crops.csv,1,train,15.37312241883464,108.0,,,224.0
,OIL::ow-0582::ow-0582__obj_003,CONFIRMED_OIL,,,data/external/dartis/processed/verifier_positive/ow/ow-0582__obj_003.png,ow,1.0,224.0,1,ow-0582,,data/metadata/dartis_positive_verifier_crops.csv,1,train,24.572768215226134,168.0,,,224.0
,OIL::ow-0583::ow-0583__obj_001,CONFIRMED_OIL,,,data/external/dartis/processed/verifier_positive/ow/ow-0583__obj_001.png,ow,1.0,224.0,1,ow-0583,,data/metadata/dartis_positive_verifier_crops.csv,1,train,24.70860279254381,200.0,,,224.0
,OIL::ow-0583::ow-0583__obj_002,CONFIRMED_OIL,,,data/external/dartis/processed/verifier_positive/ow/ow-0583__obj_002.png,ow,1.0,224.0,1,ow-0583,,data/metadata/dartis_positive_verifier_crops.csv,1,train,27.359544807457336,187.0,,,224.0
,OIL::ow-0584::ow-0584__obj_001,CONFIRMED_OIL,,,data/external/dartis/processed/verifier_positive/ow/ow-0584__obj_001.png,ow,1.0,224.0,1,ow-0584,,data/metadata/dartis_positive_verifier_crops.csv,1,train,42.8331080016188,239.0,,,224.0
,OIL::ow-0585::ow-0585__obj_001,CONFIRMED_OIL,,,data/external/dartis/processed/verifier_positive/ow/ow-0585__obj_001.png,ow,1.0,224.0,1,ow-0585,,data/metadata/dartis_positive_verifier_crops.csv,1,train,35.90937810504884,230.0,,,224.0
,OIL::ow-0586::ow-0586__obj_001,CONFIRMED_OIL,,,data/external/dartis/processed/verifier_positive/ow/ow-0586__obj_001.png,ow,1.0,224.0,1,ow-0586,,data/metadata/dartis_positive_verifier_crops.csv,1,train,10.62908733711267,73.0,,,224.0
,OIL::ow-0587::ow-0587__obj_001,CONFIRMED_OIL,,,data/external/dartis/processed/verifier_positive/ow/ow-0587__obj_001.png,ow,1.0,224.0,1,ow-0587,,data/metadata/dartis_positive_verifier_crops.csv,1,train,9.65777644870898,89.0,,,224.0
,OIL::ow-0587::ow-0587__obj_002,CONFIRMED_OIL,,,data/external/dartis/processed/verifier_positive/ow/ow-0587__obj_002.png,ow,1.0,224.0,1,ow-0587,,data/metadata/dartis_positive_verifier_crops.csv,1,train,19.44125673806255,230.0,,,224.0
,OIL::ow-0588::ow-0588__obj_001,CONFIRMED_OIL,,,data/external/dartis/processed/verifier_positive/ow/ow-0588__obj_001.png,ow,1.0,224.0,1,ow-0588,,data/metadata/dartis_positive_verifier_crops.csv,1,train,21.556770628024086,165.0,,,224.0
,OIL::ow-0589::ow-0589__obj_001,CONFIRMED_OIL,,,data/external/dartis/processed/verifier_positive/ow/ow-0589__obj_001.png,ow,1.0,224.0,1,ow-0589,,data/metadata/dartis_positive_verifier_crops.csv,1,train,13.463464480553142,94.0,,,224.0
,OIL::ow-0590::ow-0590__obj_001,CONFIRMED_OIL,,,data/external/dartis/processed/verifier_positive/ow/ow-0590__obj_001.png,ow,1.0,224.0,1,ow-0590,,data/metadata/dartis_positive_verifier_crops.csv,1,train,23.23955146457425,182.0,,,224.0
,OIL::ow-0591::ow-0591__obj_001,CONFIRMED_OIL,,,data/external/dartis/processed/verifier_positive/ow/ow-0591__obj_001.png,ow,1.0,224.0,1,ow-0591,,data/metadata/dartis_positive_verifier_crops.csv,1,train,12.660371911523058,106.0,,,224.0
,OIL::ow-0591::ow-0591__obj_002,CONFIRMED_OIL,,,data/external/dartis/processed/verifier_positive/ow/ow-0591__obj_002.png,ow,1.0,224.0,1,ow-0591,,data/metadata/dartis_positive_verifier_crops.csv,1,train,12.322909414987818,117.0,,,224.0
,OIL::ow-0592::ow-0592__obj_001,CONFIRMED_OIL,,,data/external/dartis/processed/verifier_positive/ow/ow-0592__obj_001.png,ow,1.0,224.0,1,ow-0592,,data/metadata/dartis_positive_verifier_crops.csv,1,train,28.0522752774294,222.0,,,224.0
,OIL::ow-0592::ow-0592__obj_002,CONFIRMED_OIL,,,data/external/dartis/processed/verifier_positive/ow/ow-0592__obj_002.png,ow,1.0,224.0,1,ow-0592,,data/metadata/dartis_positive_verifier_crops.csv,1,train,34.72745550961157,236.0,,,224.0
,OIL::ow-0593::ow-0593__obj_001,CONFIRMED_OIL,,,data/external/dartis/processed/verifier_positive/ow/ow-0593__obj_001.png,ow,1.0,224.0,1,ow-0593,,data/metadata/dartis_positive_verifier_crops.csv,1,calibration,12.235077914812267,88.0,,,224.0
,OIL::ow-0593::ow-0593__obj_002,CONFIRMED_OIL,,,data/external/dartis/processed/verifier_positive/ow/ow-0593__obj_002.png,ow,1.0,224.0,1,ow-0593,,data/metadata/dartis_positive_verifier_crops.csv,1,calibration,8.87093688596093,68.0,,,224.0
,OIL::ow-0594::ow-0594__obj_001,CONFIRMED_OIL,,,data/external/dartis/processed/verifier_positive/ow/ow-0594__obj_001.png,ow,1.0,224.0,1,ow-0594,,data/metadata/dartis_positive_verifier_crops.csv,1,train,40.50628980799271,240.0,,,224.0
,OIL::ow-0594::ow-0594__obj_002,CONFIRMED_OIL,,,data/external/dartis/processed/verifier_positive/ow/ow-0594__obj_002.png,ow,1.0,224.0,1,ow-0594,,data/metadata/dartis_positive_verifier_crops.csv,1,train,32.65501854376955,234.0,,,224.0
,OIL::ow-0594::ow-0594__obj_003,CONFIRMED_OIL,,,data/external/dartis/processed/verifier_positive/ow/ow-0594__obj_003.png,ow,1.0,224.0,1,ow-0594,,data/metadata/dartis_positive_verifier_crops.csv,1,train,30.371534199948155,215.0,,,224.0
,OIL::ow-0595::ow-0595__obj_001,CONFIRMED_OIL,,,data/external/dartis/processed/verifier_positive/ow/ow-0595__obj_001.png,ow,1.0,224.0,1,ow-0595,,data/metadata/dartis_positive_verifier_crops.csv,1,train,31.666376570399944,206.0,,,224.0
,OIL::ow-0596::ow-0596__obj_001,CONFIRMED_OIL,,,data/external/dartis/processed/verifier_positive/ow/ow-0596__obj_001.png,ow,1.0,224.0,1,ow-0596,,data/metadata/dartis_positive_verifier_crops.csv,1,train,29.47122430008385,194.0,,,224.0
,OIL::ow-0597::ow-0597__obj_001,CONFIRMED_OIL,,,data/external/dartis/processed/verifier_positive/ow/ow-0597__obj_001.png,ow,1.0,224.0,1,ow-0597,,data/metadata/dartis_positive_verifier_crops.csv,1,train,14.823562788484947,124.0,,,224.0
,OIL::ow-0597::ow-0597__obj_002,CONFIRMED_OIL,,,data/external/dartis/processed/verifier_positive/ow/ow-0597__obj_002.png,ow,1.0,224.0,1,ow-0597,,data/metadata/dartis_positive_verifier_crops.csv,1,train,15.096106458546522,126.0,,,224.0
,OIL::ow-0598::ow-0598__obj_001,CONFIRMED_OIL,,,data/external/dartis/processed/verifier_positive/ow/ow-0598__obj_001.png,ow,1.0,224.0,1,ow-0598,,data/metadata/dartis_positive_verifier_crops.csv,1,train,22.352828804747237,198.0,,,224.0
,OIL::ow-0598::ow-0598__obj_002,CONFIRMED_OIL,,,data/external/dartis/processed/verifier_positive/ow/ow-0598__obj_002.png,ow,1.0,224.0,1,ow-0598,,data/metadata/dartis_positive_verifier_crops.csv,1,train,26.3110279108018,224.0,,,224.0
,OIL::ow-0599::ow-0599__obj_001,CONFIRMED_OIL,,,data/external/dartis/processed/verifier_positive/ow/ow-0599__obj_001.png,ow,1.0,224.0,1,ow-0599,,data/metadata/dartis_positive_verifier_crops.csv,1,train,10.875696248104704,91.0,,,224.0
,OIL::ow-0600::ow-0600__obj_001,CONFIRMED_OIL,,,data/external/dartis/processed/verifier_positive/ow/ow-0600__obj_001.png,ow,1.0,224.0,1,ow-0600,,data/metadata/dartis_positive_verifier_crops.csv,1,train,35.84014332898057,241.0,,,224.0
,OIL::ow-0601::ow-0601__obj_001,CONFIRMED_OIL,,,data/external/dartis/processed/verifier_positive/ow/ow-0601__obj_001.png,ow,1.0,224.0,1,ow-0601,,data/metadata/dartis_positive_verifier_crops.csv,1,train,27.03490053607656,222.0,,,224.0
,OIL::ow-0601::ow-0601__obj_002,CONFIRMED_OIL,,,data/external/dartis/processed/verifier_positive/ow/ow-0601__obj_002.png,ow,1.0,224.0,1,ow-0601,,data/metadata/dartis_positive_verifier_crops.csv,1,train,32.930845412476074,220.0,,,224.0
,OIL::ow-0602::ow-0602__obj_001,CONFIRMED_OIL,,,data/external/dartis/processed/verifier_positive/ow/ow-0602__obj_001.png,ow,1.0,224.0,1,ow-0602,,data/metadata/dartis_positive_verifier_crops.csv,1,train,24.796496435577737,172.0,,,224.0
,OIL::ow-0603::ow-0603__obj_001,CONFIRMED_OIL,,,data/external/dartis/processed/verifier_positive/ow/ow-0603__obj_001.png,ow,1.0,224.0,1,ow-0603,,data/metadata/dartis_positive_verifier_crops.csv,1,train,29.008929834508496,217.0,,,224.0
,OIL::ow-0603::ow-0603__obj_002,CONFIRMED_OIL,,,data/external/dartis/processed/verifier_positive/ow/ow-0603__obj_002.png,ow,1.0,224.0,1,ow-0603,,data/metadata/dartis_positive_verifier_crops.csv,1,train,28.06409273594775,209.0,,,224.0
,OIL::ow-0603::ow-0603__obj_003,CONFIRMED_OIL,,,data/external/dartis/processed/verifier_positive/ow/ow-0603__obj_003.png,ow,1.0,224.0,1,ow-0603,,data/metadata/dartis_positive_verifier_crops.csv,1,train,33.01877400546004,228.0,,,224.0
,OIL::ow-0604::ow-0604__obj_001,CONFIRMED_OIL,,,data/external/dartis/processed/verifier_positive/ow/ow-0604__obj_001.png,ow,1.0,224.0,1,ow-0604,,data/metadata/dartis_positive_verifier_crops.csv,1,train,32.22874552314876,236.0,,,224.0
,OIL::ow-0605::ow-0605__obj_001,CONFIRMED_OIL,,,data/external/dartis/processed/verifier_positive/ow/ow-0605__obj_001.png,ow,1.0,224.0,1,ow-0605,,data/metadata/dartis_positive_verifier_crops.csv,1,calibration,27.004525909616284,222.0,,,224.0
,OIL::ow-0605::ow-0605__obj_002,CONFIRMED_OIL,,,data/external/dartis/processed/verifier_positive/ow/ow-0605__obj_002.png,ow,1.0,224.0,1,ow-0605,,data/metadata/dartis_positive_verifier_crops.csv,1,calibration,24.69396476465608,224.0,,,224.0
,OIL::ow-0605::ow-0605__obj_003,CONFIRMED_OIL,,,data/external/dartis/processed/verifier_positive/ow/ow-0605__obj_003.png,ow,1.0,224.0,1,ow-0605,,data/metadata/dartis_positive_verifier_crops.csv,1,calibration,24.258190642630797,222.0,,,224.0
,OIL::ow-0606::ow-0606__obj_001,CONFIRMED_OIL,,,data/external/dartis/processed/verifier_positive/ow/ow-0606__obj_001.png,ow,1.0,224.0,1,ow-0606,,data/metadata/dartis_positive_verifier_crops.csv,1,train,30.919702095757728,215.0,,,224.0
,OIL::ow-0607::ow-0607__obj_001,CONFIRMED_OIL,,,data/external/dartis/processed/verifier_positive/ow/ow-0607__obj_001.png,ow,1.0,224.0,1,ow-0607,,data/metadata/dartis_positive_verifier_crops.csv,1,train,28.859993690655973,221.0,,,224.0
,OIL::ow-0608::ow-0608__obj_001,CONFIRMED_OIL,,,data/external/dartis/processed/verifier_positive/ow/ow-0608__obj_001.png,ow,1.0,224.0,1,ow-0608,,data/metadata/dartis_positive_verifier_crops.csv,1,train,21.0910781602267,165.0,,,224.0
,OIL::ow-0609::ow-0609__obj_001,CONFIRMED_OIL,,,data/external/dartis/processed/verifier_positive/ow/ow-0609__obj_001.png,ow,1.0,224.0,1,ow-0609,,data/metadata/dartis_positive_verifier_crops.csv,1,train,30.007383390935995,231.0,,,224.0
,OIL::ow-0609::ow-0609__obj_002,CONFIRMED_OIL,,,data/external/dartis/processed/verifier_positive/ow/ow-0609__obj_002.png,ow,1.0,224.0,1,ow-0609,,data/metadata/dartis_positive_verifier_crops.csv,1,train,31.124477875093945,232.0,,,224.0
,OIL::ow-0610::ow-0610__obj_001,CONFIRMED_OIL,,,data/external/dartis/processed/verifier_positive/ow/ow-0610__obj_001.png,ow,1.0,224.0,1,ow-0610,,data/metadata/dartis_positive_verifier_crops.csv,1,calibration,23.525221788844643,182.0,,,224.0
,OIL::ow-0610::ow-0610__obj_002,CONFIRMED_OIL,,,data/external/dartis/processed/verifier_positive/ow/ow-0610__obj_002.png,ow,1.0,224.0,1,ow-0610,,data/metadata/dartis_positive_verifier_crops.csv,1,calibration,22.841026423684465,185.0,,,224.0
,OIL::ow-0611::ow-0611__obj_001,CONFIRMED_OIL,,,data/external/dartis/processed/verifier_positive/ow/ow-0611__obj_001.png,ow,1.0,224.0,1,ow-0611,,data/metadata/dartis_positive_verifier_crops.csv,1,train,23.355774211158213,165.0,,,224.0
,OIL::ow-0611::ow-0611__obj_002,CONFIRMED_OIL,,,data/external/dartis/processed/verifier_positive/ow/ow-0611__obj_002.png,ow,1.0,224.0,1,ow-0611,,data/metadata/dartis_positive_verifier_crops.csv,1,train,24.76510176958401,175.0,,,224.0
,OIL::ow-0612::ow-0612__obj_001,CONFIRMED_OIL,,,data/external/dartis/processed/verifier_positive/ow/ow-0612__obj_001.png,ow,1.0,224.0,1,ow-0612,,data/metadata/dartis_positive_verifier_crops.csv,1,train,13.955012343669942,108.0,,,224.0
,OIL::ow-0613::ow-0613__obj_001,CONFIRMED_OIL,,,data/external/dartis/processed/verifier_positive/ow/ow-0613__obj_001.png,ow,1.0,224.0,1,ow-0613,,data/metadata/dartis_positive_verifier_crops.csv,1,train,30.424345765329036,237.0,,,224.0
,OIL::ow-0614::ow-0614__obj_001,CONFIRMED_OIL,,,data/external/dartis/processed/verifier_positive/ow/ow-0614__obj_001.png,ow,1.0,224.0,1,ow-0614,,data/metadata/dartis_positive_verifier_crops.csv,1,train,28.71157308345263,209.0,,,224.0
,OIL::ow-0615::ow-0615__obj_001,CONFIRMED_OIL,,,data/external/dartis/processed/verifier_positive/ow/ow-0615__obj_001.png,ow,1.0,224.0,1,ow-0615,,data/metadata/dartis_positive_verifier_crops.csv,1,train,26.998314398437127,219.0,,,224.0
,OIL::ow-0615::ow-0615__obj_002,CONFIRMED_OIL,,,data/external/dartis/processed/verifier_positive/ow/ow-0615__obj_002.png,ow,1.0,224.0,1,ow-0615,,data/metadata/dartis_positive_verifier_crops.csv,1,train,23.927527061051823,220.0,,,224.0
,OIL::ow-0616::ow-0616__obj_001,CONFIRMED_OIL,,,data/external/dartis/processed/verifier_positive/ow/ow-0616__obj_001.png,ow,1.0,224.0,1,ow-0616,,data/metadata/dartis_positive_verifier_crops.csv,1,calibration,22.82316161057234,182.0,,,224.0
,OIL::ow-0616::ow-0616__obj_002,CONFIRMED_OIL,,,data/external/dartis/processed/verifier_positive/ow/ow-0616__obj_002.png,ow,1.0,224.0,1,ow-0616,,data/metadata/dartis_positive_verifier_crops.csv,1,calibration,24.86383717113291,209.0,,,224.0
,OIL::ow-0616::ow-0616__obj_003,CONFIRMED_OIL,,,data/external/dartis/processed/verifier_positive/ow/ow-0616__obj_003.png,ow,1.0,224.0,1,ow-0616,,data/metadata/dartis_positive_verifier_crops.csv,1,calibration,27.47744918739676,234.0,,,224.0
,OIL::ow-0617::ow-0617__obj_001,CONFIRMED_OIL,,,data/external/dartis/processed/verifier_positive/ow/ow-0617__obj_001.png,ow,1.0,224.0,1,ow-0617,,data/metadata/dartis_positive_verifier_crops.csv,1,train,18.061816809708304,133.0,,,224.0
,OIL::ow-0618::ow-0618__obj_001,CONFIRMED_OIL,,,data/external/dartis/processed/verifier_positive/ow/ow-0618__obj_001.png,ow,1.0,224.0,1,ow-0618,,data/metadata/dartis_positive_verifier_crops.csv,1,train,10.00411126435386,85.0,,,224.0
,OIL::ow-0618::ow-0618__obj_002,CONFIRMED_OIL,,,data/external/dartis/processed/verifier_positive/ow/ow-0618__obj_002.png,ow,1.0,224.0,1,ow-0618,,data/metadata/dartis_positive_verifier_crops.csv,1,train,8.83049429405058,75.0,,,224.0
,OIL::ow-0619::ow-0619__obj_001,CONFIRMED_OIL,,,data/external/dartis/processed/verifier_positive/ow/ow-0619__obj_001.png,ow,1.0,224.0,1,ow-0619,,data/metadata/dartis_positive_verifier_crops.csv,1,train,14.29868395201519,114.0,,,224.0
,OIL::ow-0620::ow-0620__obj_001,CONFIRMED_OIL,,,data/external/dartis/processed/verifier_positive/ow/ow-0620__obj_001.png,ow,1.0,224.0,1,ow-0620,,data/metadata/dartis_positive_verifier_crops.csv,1,calibration,17.25410263437976,137.0,,,224.0
,OIL::ow-0620::ow-0620__obj_002,CONFIRMED_OIL,,,data/external/dartis/processed/verifier_positive/ow/ow-0620__obj_002.png,ow,1.0,224.0,1,ow-0620,,data/metadata/dartis_positive_verifier_crops.csv,1,calibration,23.356924670309755,223.0,,,224.0
,OIL::ow-0620::ow-0620__obj_003,CONFIRMED_OIL,,,data/external/dartis/processed/verifier_positive/ow/ow-0620__obj_003.png,ow,1.0,224.0,1,ow-0620,,data/metadata/dartis_positive_verifier_crops.csv,1,calibration,18.771110176109744,143.0,,,224.0
,OIL::ow-0621::ow-0621__obj_001,CONFIRMED_OIL,,,data/external/dartis/processed/verifier_positive/ow/ow-0621__obj_001.png,ow,1.0,224.0,1,ow-0621,,data/metadata/dartis_positive_verifier_crops.csv,1,train,10.007838828531783,81.0,,,224.0
,OIL::ow-0621::ow-0621__obj_002,CONFIRMED_OIL,,,data/external/dartis/processed/verifier_positive/ow/ow-0621__obj_002.png,ow,1.0,224.0,1,ow-0621,,data/metadata/dartis_positive_verifier_crops.csv,1,train,11.43697846488814,89.0,,,224.0
,OIL::ow-0621::ow-0621__obj_003,CONFIRMED_OIL,,,data/external/dartis/processed/verifier_positive/ow/ow-0621__obj_003.png,ow,1.0,224.0,1,ow-0621,,data/metadata/dartis_positive_verifier_crops.csv,1,train,11.69226440472413,85.0,,,224.0
,OIL::ow-0622::ow-0622__obj_001,CONFIRMED_OIL,,,data/external/dartis/processed/verifier_positive/ow/ow-0622__obj_001.png,ow,1.0,224.0,1,ow-0622,,data/metadata/dartis_positive_verifier_crops.csv,1,calibration,28.076566084194692,231.0,,,224.0
,OIL::ow-0623::ow-0623__obj_001,CONFIRMED_OIL,,,data/external/dartis/processed/verifier_positive/ow/ow-0623__obj_001.png,ow,1.0,224.0,1,ow-0623,,data/metadata/dartis_positive_verifier_crops.csv,1,train,25.4744156641044,222.0,,,224.0
,OIL::ow-0623::ow-0623__obj_002,CONFIRMED_OIL,,,data/external/dartis/processed/verifier_positive/ow/ow-0623__obj_002.png,ow,1.0,224.0,1,ow-0623,,data/metadata/dartis_positive_verifier_crops.csv,1,train,36.233677322446624,233.0,,,224.0
,OIL::ow-0624::ow-0624__obj_001,CONFIRMED_OIL,,,data/external/dartis/processed/verifier_positive/ow/ow-0624__obj_001.png,ow,1.0,224.0,1,ow-0624,,data/metadata/dartis_positive_verifier_crops.csv,1,train,30.174956370779395,223.0,,,224.0
,OIL::ow-0625::ow-0625__obj_001,CONFIRMED_OIL,,,data/external/dartis/processed/verifier_positive/ow/ow-0625__obj_001.png,ow,1.0,224.0,1,ow-0625,,data/metadata/dartis_positive_verifier_crops.csv,1,train,12.192086754501211,103.0,,,224.0
,OIL::ow-0626::ow-0626__obj_001,CONFIRMED_OIL,,,data/external/dartis/processed/verifier_positive/ow/ow-0626__obj_001.png,ow,1.0,224.0,1,ow-0626,,data/metadata/dartis_positive_verifier_crops.csv,1,train,27.849338522597204,222.0,,,224.0
,OIL::ow-0627::ow-0627__obj_001,CONFIRMED_OIL,,,data/external/dartis/processed/verifier_positive/ow/ow-0627__obj_001.png,ow,1.0,224.0,1,ow-0627,,data/metadata/dartis_positive_verifier_crops.csv,1,train,31.36419160819537,232.0,,,224.0
,OIL::ow-0627::ow-0627__obj_002,CONFIRMED_OIL,,,data/external/dartis/processed/verifier_positive/ow/ow-0627__obj_002.png,ow,1.0,224.0,1,ow-0627,,data/metadata/dartis_positive_verifier_crops.csv,1,train,34.540582662176185,226.0,,,224.0
,OIL::ow-0628::ow-0628__obj_001,CONFIRMED_OIL,,,data/external/dartis/processed/verifier_positive/ow/ow-0628__obj_001.png,ow,1.0,224.0,1,ow-0628,,data/metadata/dartis_positive_verifier_crops.csv,1,train,31.17012735801608,229.0,,,224.0
,OIL::ow-0628::ow-0628__obj_002,CONFIRMED_OIL,,,data/external/dartis/processed/verifier_positive/ow/ow-0628__obj_002.png,ow,1.0,224.0,1,ow-0628,,data/metadata/dartis_positive_verifier_crops.csv,1,train,31.269091806299045,227.0,,,224.0
,OIL::ow-0629::ow-0629__obj_001,CONFIRMED_OIL,,,data/external/dartis/processed/verifier_positive/ow/ow-0629__obj_001.png,ow,1.0,224.0,1,ow-0629,,data/metadata/dartis_positive_verifier_crops.csv,1,train,11.616678048032783,132.0,,,224.0
,OIL::ow-0629::ow-0629__obj_002,CONFIRMED_OIL,,,data/external/dartis/processed/verifier_positive/ow/ow-0629__obj_002.png,ow,1.0,224.0,1,ow-0629,,data/metadata/dartis_positive_verifier_crops.csv,1,train,25.34254738294201,205.0,,,224.0
,OIL::ow-0629::ow-0629__obj_003,CONFIRMED_OIL,,,data/external/dartis/processed/verifier_positive/ow/ow-0629__obj_003.png,ow,1.0,224.0,1,ow-0629,,data/metadata/dartis_positive_verifier_crops.csv,1,train,30.43490294359744,211.0,,,224.0
,OIL::ow-0629::ow-0629__obj_004,CONFIRMED_OIL,,,data/external/dartis/processed/verifier_positive/ow/ow-0629__obj_004.png,ow,1.0,224.0,1,ow-0629,,data/metadata/dartis_positive_verifier_crops.csv,1,train,22.91558617104871,196.0,,,224.0
,OIL::ow-0630::ow-0630__obj_001,CONFIRMED_OIL,,,data/external/dartis/processed/verifier_positive/ow/ow-0630__obj_001.png,ow,1.0,224.0,1,ow-0630,,data/metadata/dartis_positive_verifier_crops.csv,1,train,25.608544867317768,218.0,,,224.0
,OIL::ow-0631::ow-0631__obj_001,CONFIRMED_OIL,,,data/external/dartis/processed/verifier_positive/ow/ow-0631__obj_001.png,ow,1.0,224.0,1,ow-0631,,data/metadata/dartis_positive_verifier_crops.csv,1,calibration,14.427811531117335,128.0,,,224.0
,OIL::ow-0632::ow-0632__obj_001,CONFIRMED_OIL,,,data/external/dartis/processed/verifier_positive/ow/ow-0632__obj_001.png,ow,1.0,224.0,1,ow-0632,,data/metadata/dartis_positive_verifier_crops.csv,1,calibration,30.575722325385364,227.0,,,224.0
,OIL::ow-0633::ow-0633__obj_001,CONFIRMED_OIL,,,data/external/dartis/processed/verifier_positive/ow/ow-0633__obj_001.png,ow,1.0,224.0,1,ow-0633,,data/metadata/dartis_positive_verifier_crops.csv,1,train,31.33493089141566,206.0,,,224.0
,OIL::ow-0634::ow-0634__obj_001,CONFIRMED_OIL,,,data/external/dartis/processed/verifier_positive/ow/ow-0634__obj_001.png,ow,1.0,224.0,1,ow-0634,,data/metadata/dartis_positive_verifier_crops.csv,1,train,30.973852980939604,219.0,,,224.0
,OIL::ow-0635::ow-0635__obj_001,CONFIRMED_OIL,,,data/external/dartis/processed/verifier_positive/ow/ow-0635__obj_001.png,ow,1.0,224.0,1,ow-0635,,data/metadata/dartis_positive_verifier_crops.csv,1,train,20.415208176827093,185.0,,,224.0
,OIL::ow-0636::ow-0636__obj_001,CONFIRMED_OIL,,,data/external/dartis/processed/verifier_positive/ow/ow-0636__obj_001.png,ow,1.0,224.0,1,ow-0636,,data/metadata/dartis_positive_verifier_crops.csv,1,train,13.2121962383898,191.0,,,224.0
,OIL::ow-0636::ow-0636__obj_002,CONFIRMED_OIL,,,data/external/dartis/processed/verifier_positive/ow/ow-0636__obj_002.png,ow,1.0,224.0,1,ow-0636,,data/metadata/dartis_positive_verifier_crops.csv,1,train,20.44260634820332,126.0,,,224.0
,OIL::ow-0636::ow-0636__obj_003,CONFIRMED_OIL,,,data/external/dartis/processed/verifier_positive/ow/ow-0636__obj_003.png,ow,1.0,224.0,1,ow-0636,,data/metadata/dartis_positive_verifier_crops.csv,1,train,22.837255099931262,149.0,,,224.0
,OIL::ow-0636::ow-0636__obj_004,CONFIRMED_OIL,,,data/external/dartis/processed/verifier_positive/ow/ow-0636__obj_004.png,ow,1.0,224.0,1,ow-0636,,data/metadata/dartis_positive_verifier_crops.csv,1,train,14.19551107985786,117.0,,,224.0
,OIL::ow-0637::ow-0637__obj_001,CONFIRMED_OIL,,,data/external/dartis/processed/verifier_positive/ow/ow-0637__obj_001.png,ow,1.0,224.0,1,ow-0637,,data/metadata/dartis_positive_verifier_crops.csv,1,train,20.90062706898973,197.0,,,224.0
,OIL::ow-0637::ow-0637__obj_002,CONFIRMED_OIL,,,data/external/dartis/processed/verifier_positive/ow/ow-0637__obj_002.png,ow,1.0,224.0,1,ow-0637,,data/metadata/dartis_positive_verifier_crops.csv,1,train,19.53368437780672,178.0,,,224.0
,OIL::ow-0637::ow-0637__obj_003,CONFIRMED_OIL,,,data/external/dartis/processed/verifier_positive/ow/ow-0637__obj_003.png,ow,1.0,224.0,1,ow-0637,,data/metadata/dartis_positive_verifier_crops.csv,1,train,22.24507936689562,197.0,,,224.0
,OIL::ow-0637::ow-0637__obj_004,CONFIRMED_OIL,,,data/external/dartis/processed/verifier_positive/ow/ow-0637__obj_004.png,ow,1.0,224.0,1,ow-0637,,data/metadata/dartis_positive_verifier_crops.csv,1,train,19.32554147867188,185.0,,,224.0
,OIL::ow-0637::ow-0637__obj_005,CONFIRMED_OIL,,,data/external/dartis/processed/verifier_positive/ow/ow-0637__obj_005.png,ow,1.0,224.0,1,ow-0637,,data/metadata/dartis_positive_verifier_crops.csv,1,train,21.528415098717545,213.0,,,224.0
,OIL::ow-0638::ow-0638__obj_001,CONFIRMED_OIL,,,data/external/dartis/processed/verifier_positive/ow/ow-0638__obj_001.png,ow,1.0,224.0,1,ow-0638,,data/metadata/dartis_positive_verifier_crops.csv,1,train,12.372606044135916,95.0,,,224.0
,OIL::ow-0638::ow-0638__obj_002,CONFIRMED_OIL,,,data/external/dartis/processed/verifier_positive/ow/ow-0638__obj_002.png,ow,1.0,224.0,1,ow-0638,,data/metadata/dartis_positive_verifier_crops.csv,1,train,15.662449502306876,197.0,,,224.0
,OIL::ow-0638::ow-0638__obj_003,CONFIRMED_OIL,,,data/external/dartis/processed/verifier_positive/ow/ow-0638__obj_003.png,ow,1.0,224.0,1,ow-0638,,data/metadata/dartis_positive_verifier_crops.csv,1,train,16.41087546934849,204.0,,,224.0
,OIL::ow-0639::ow-0639__obj_001,CONFIRMED_OIL,,,data/external/dartis/processed/verifier_positive/ow/ow-0639__obj_001.png,ow,1.0,224.0,1,ow-0639,,data/metadata/dartis_positive_verifier_crops.csv,1,train,23.30159005308124,225.0,,,224.0
,OIL::ow-0639::ow-0639__obj_002,CONFIRMED_OIL,,,data/external/dartis/processed/verifier_positive/ow/ow-0639__obj_002.png,ow,1.0,224.0,1,ow-0639,,data/metadata/dartis_positive_verifier_crops.csv,1,train,20.252183342889985,178.0,,,224.0
,OIL::ow-0639::ow-0639__obj_003,CONFIRMED_OIL,,,data/external/dartis/processed/verifier_positive/ow/ow-0639__obj_003.png,ow,1.0,224.0,1,ow-0639,,data/metadata/dartis_positive_verifier_crops.csv,1,train,25.87994888724153,201.0,,,224.0
,OIL::ow-0639::ow-0639__obj_004,CONFIRMED_OIL,,,data/external/dartis/processed/verifier_positive/ow/ow-0639__obj_004.png,ow,1.0,224.0,1,ow-0639,,data/metadata/dartis_positive_verifier_crops.csv,1,train,31.5865693144808,197.0,,,224.0
,OIL::ow-0639::ow-0639__obj_005,CONFIRMED_OIL,,,data/external/dartis/processed/verifier_positive/ow/ow-0639__obj_005.png,ow,1.0,224.0,1,ow-0639,,data/metadata/dartis_positive_verifier_crops.csv,1,train,22.58215015302852,182.0,,,224.0
,OIL::ow-0640::ow-0640__obj_002,CONFIRMED_OIL,,,data/external/dartis/processed/verifier_positive/ow/ow-0640__obj_002.png,ow,1.0,224.0,1,ow-0640,,data/metadata/dartis_positive_verifier_crops.csv,1,train,27.15194678808641,221.0,,,224.0
,OIL::ow-0641::ow-0641__obj_001,CONFIRMED_OIL,,,data/external/dartis/processed/verifier_positive/ow/ow-0641__obj_001.png,ow,1.0,224.0,1,ow-0641,,data/metadata/dartis_positive_verifier_crops.csv,1,calibration,28.025906558666644,236.0,,,224.0
,OIL::ow-0642::ow-0642__obj_001,CONFIRMED_OIL,,,data/external/dartis/processed/verifier_positive/ow/ow-0642__obj_001.png,ow,1.0,224.0,1,ow-0642,,data/metadata/dartis_positive_verifier_crops.csv,1,calibration,11.940012243728642,112.0,,,224.0
,OIL::ow-0642::ow-0642__obj_002,CONFIRMED_OIL,,,data/external/dartis/processed/verifier_positive/ow/ow-0642__obj_002.png,ow,1.0,224.0,1,ow-0642,,data/metadata/dartis_positive_verifier_crops.csv,1,calibration,8.998039645182315,88.0,,,224.0
,OIL::ow-0642::ow-0642__obj_003,CONFIRMED_OIL,,,data/external/dartis/processed/verifier_positive/ow/ow-0642__obj_003.png,ow,1.0,224.0,1,ow-0642,,data/metadata/dartis_positive_verifier_crops.csv,1,calibration,20.266394008568827,213.0,,,224.0
,OIL::ow-0643::ow-0643__obj_001,CONFIRMED_OIL,,,data/external/dartis/processed/verifier_positive/ow/ow-0643__obj_001.png,ow,1.0,224.0,1,ow-0643,,data/metadata/dartis_positive_verifier_crops.csv,1,train,28.937384463783733,186.0,,,224.0
,OIL::ow-0643::ow-0643__obj_002,CONFIRMED_OIL,,,data/external/dartis/processed/verifier_positive/ow/ow-0643__obj_002.png,ow,1.0,224.0,1,ow-0643,,data/metadata/dartis_positive_verifier_crops.csv,1,train,27.966506031548388,165.0,,,224.0
,OIL::ow-0643::ow-0643__obj_003,CONFIRMED_OIL,,,data/external/dartis/processed/verifier_positive/ow/ow-0643__obj_003.png,ow,1.0,224.0,1,ow-0643,,data/metadata/dartis_positive_verifier_crops.csv,1,train,28.04719062015941,208.0,,,224.0
,OIL::ow-0643::ow-0643__obj_004,CONFIRMED_OIL,,,data/external/dartis/processed/verifier_positive/ow/ow-0643__obj_004.png,ow,1.0,224.0,1,ow-0643,,data/metadata/dartis_positive_verifier_crops.csv,1,train,28.062361606637644,198.0,,,224.0
,OIL::ow-0643::ow-0643__obj_005,CONFIRMED_OIL,,,data/external/dartis/processed/verifier_positive/ow/ow-0643__obj_005.png,ow,1.0,224.0,1,ow-0643,,data/metadata/dartis_positive_verifier_crops.csv,1,train,26.501562891129616,210.0,,,224.0
,OIL::ow-0643::ow-0643__obj_006,CONFIRMED_OIL,,,data/external/dartis/processed/verifier_positive/ow/ow-0643__obj_006.png,ow,1.0,224.0,1,ow-0643,,data/metadata/dartis_positive_verifier_crops.csv,1,train,21.69873226927093,171.0,,,224.0
,OIL::ow-0643::ow-0643__obj_007,CONFIRMED_OIL,,,data/external/dartis/processed/verifier_positive/ow/ow-0643__obj_007.png,ow,1.0,224.0,1,ow-0643,,data/metadata/dartis_positive_verifier_crops.csv,1,train,25.15554529786622,193.0,,,224.0
,OIL::ow-0643::ow-0643__obj_008,CONFIRMED_OIL,,,data/external/dartis/processed/verifier_positive/ow/ow-0643__obj_008.png,ow,1.0,224.0,1,ow-0643,,data/metadata/dartis_positive_verifier_crops.csv,1,train,26.060937979113643,196.0,,,224.0
,OIL::ow-0643::ow-0643__obj_009,CONFIRMED_OIL,,,data/external/dartis/processed/verifier_positive/ow/ow-0643__obj_009.png,ow,1.0,224.0,1,ow-0643,,data/metadata/dartis_positive_verifier_crops.csv,1,train,29.077351776770044,194.0,,,224.0
,OIL::ow-0643::ow-0643__obj_010,CONFIRMED_OIL,,,data/external/dartis/processed/verifier_positive/ow/ow-0643__obj_010.png,ow,1.0,224.0,1,ow-0643,,data/metadata/dartis_positive_verifier_crops.csv,1,train,26.73628456216821,188.0,,,224.0
,OIL::ow-0644::ow-0644__obj_001,CONFIRMED_OIL,,,data/external/dartis/processed/verifier_positive/ow/ow-0644__obj_001.png,ow,1.0,224.0,1,ow-0644,,data/metadata/dartis_positive_verifier_crops.csv,1,train,15.09108283395439,134.0,,,224.0
,OIL::ow-0644::ow-0644__obj_002,CONFIRMED_OIL,,,data/external/dartis/processed/verifier_positive/ow/ow-0644__obj_002.png,ow,1.0,224.0,1,ow-0644,,data/metadata/dartis_positive_verifier_crops.csv,1,train,21.30535421359277,150.0,,,224.0
,OIL::ow-0644::ow-0644__obj_003,CONFIRMED_OIL,,,data/external/dartis/processed/verifier_positive/ow/ow-0644__obj_003.png,ow,1.0,224.0,1,ow-0644,,data/metadata/dartis_positive_verifier_crops.csv,1,train,20.894743243593297,151.0,,,224.0
,OIL::ow-0645::ow-0645__obj_001,CONFIRMED_OIL,,,data/external/dartis/processed/verifier_positive/ow/ow-0645__obj_001.png,ow,1.0,224.0,1,ow-0645,,data/metadata/dartis_positive_verifier_crops.csv,1,train,33.606047456239146,232.0,,,224.0
,OIL::ow-0645::ow-0645__obj_002,CONFIRMED_OIL,,,data/external/dartis/processed/verifier_positive/ow/ow-0645__obj_002.png,ow,1.0,224.0,1,ow-0645,,data/metadata/dartis_positive_verifier_crops.csv,1,train,26.96850943204185,217.0,,,224.0
,OIL::ow-0646::ow-0646__obj_001,CONFIRMED_OIL,,,data/external/dartis/processed/verifier_positive/ow/ow-0646__obj_001.png,ow,1.0,224.0,1,ow-0646,,data/metadata/dartis_positive_verifier_crops.csv,1,train,14.171958237517137,118.0,,,224.0
,OIL::ow-0646::ow-0646__obj_002,CONFIRMED_OIL,,,data/external/dartis/processed/verifier_positive/ow/ow-0646__obj_002.png,ow,1.0,224.0,1,ow-0646,,data/metadata/dartis_positive_verifier_crops.csv,1,train,13.963263276435464,108.0,,,224.0
,OIL::ow-0647::ow-0647__obj_001,CONFIRMED_OIL,,,data/external/dartis/processed/verifier_positive/ow/ow-0647__obj_001.png,ow,1.0,224.0,1,ow-0647,,data/metadata/dartis_positive_verifier_crops.csv,1,train,12.837933102900074,106.0,,,224.0
,OIL::ow-0647::ow-0647__obj_002,CONFIRMED_OIL,,,data/external/dartis/processed/verifier_positive/ow/ow-0647__obj_002.png,ow,1.0,224.0,1,ow-0647,,data/metadata/dartis_positive_verifier_crops.csv,1,train,8.903532589653596,97.0,,,224.0
,OIL::ow-0647::ow-0647__obj_003,CONFIRMED_OIL,,,data/external/dartis/processed/verifier_positive/ow/ow-0647__obj_003.png,ow,1.0,224.0,1,ow-0647,,data/metadata/dartis_positive_verifier_crops.csv,1,train,3.856813667746307,71.0,,,224.0
,OIL::ow-0648::ow-0648__obj_001,CONFIRMED_OIL,,,data/external/dartis/processed/verifier_positive/ow/ow-0648__obj_001.png,ow,1.0,224.0,1,ow-0648,,data/metadata/dartis_positive_verifier_crops.csv,1,train,21.03790497561952,179.0,,,224.0
,OIL::ow-0648::ow-0648__obj_002,CONFIRMED_OIL,,,data/external/dartis/processed/verifier_positive/ow/ow-0648__obj_002.png,ow,1.0,224.0,1,ow-0648,,data/metadata/dartis_positive_verifier_crops.csv,1,train,23.53317098284609,208.0,,,224.0
,OIL::ow-0649::ow-0649__obj_001,CONFIRMED_OIL,,,data/external/dartis/processed/verifier_positive/ow/ow-0649__obj_001.png,ow,1.0,224.0,1,ow-0649,,data/metadata/dartis_positive_verifier_crops.csv,1,train,18.29328225778613,150.0,,,224.0
,OIL::ow-0649::ow-0649__obj_002,CONFIRMED_OIL,,,data/external/dartis/processed/verifier_positive/ow/ow-0649__obj_002.png,ow,1.0,224.0,1,ow-0649,,data/metadata/dartis_positive_verifier_crops.csv,1,train,19.13819753676413,162.0,,,224.0
,OIL::ow-0650::ow-0650__obj_001,CONFIRMED_OIL,,,data/external/dartis/processed/verifier_positive/ow/ow-0650__obj_001.png,ow,1.0,224.0,1,ow-0650,,data/metadata/dartis_positive_verifier_crops.csv,1,train,23.6716358309636,199.0,,,224.0
,OIL::ow-0651::ow-0651__obj_001,CONFIRMED_OIL,,,data/external/dartis/processed/verifier_positive/ow/ow-0651__obj_001.png,ow,1.0,224.0,1,ow-0651,,data/metadata/dartis_positive_verifier_crops.csv,1,train,14.406910714494597,133.0,,,224.0
,OIL::ow-0652::ow-0652__obj_001,CONFIRMED_OIL,,,data/external/dartis/processed/verifier_positive/ow/ow-0652__obj_001.png,ow,1.0,224.0,1,ow-0652,,data/metadata/dartis_positive_verifier_crops.csv,1,train,19.23848668010009,236.0,,,224.0
,OIL::ow-0652::ow-0652__obj_002,CONFIRMED_OIL,,,data/external/dartis/processed/verifier_positive/ow/ow-0652__obj_002.png,ow,1.0,224.0,1,ow-0652,,data/metadata/dartis_positive_verifier_crops.csv,1,train,11.332772127907628,105.0,,,224.0
,OIL::ow-0653::ow-0653__obj_001,CONFIRMED_OIL,,,data/external/dartis/processed/verifier_positive/ow/ow-0653__obj_001.png,ow,1.0,224.0,1,ow-0653,,data/metadata/dartis_positive_verifier_crops.csv,1,train,21.296146544690583,172.0,,,224.0
,OIL::ow-0653::ow-0653__obj_002,CONFIRMED_OIL,,,data/external/dartis/processed/verifier_positive/ow/ow-0653__obj_002.png,ow,1.0,224.0,1,ow-0653,,data/metadata/dartis_positive_verifier_crops.csv,1,train,21.322173615727056,172.0,,,224.0
,OIL::ow-0654::ow-0654__obj_001,CONFIRMED_OIL,,,data/external/dartis/processed/verifier_positive/ow/ow-0654__obj_001.png,ow,1.0,224.0,1,ow-0654,,data/metadata/dartis_positive_verifier_crops.csv,1,train,19.43847435692361,133.0,,,224.0
,OIL::ow-0655::ow-0655__obj_001,CONFIRMED_OIL,,,data/external/dartis/processed/verifier_positive/ow/ow-0655__obj_001.png,ow,1.0,224.0,1,ow-0655,,data/metadata/dartis_positive_verifier_crops.csv,1,train,23.983565048093947,200.0,,,224.0
,OIL::ow-0655::ow-0655__obj_002,CONFIRMED_OIL,,,data/external/dartis/processed/verifier_positive/ow/ow-0655__obj_002.png,ow,1.0,224.0,1,ow-0655,,data/metadata/dartis_positive_verifier_crops.csv,1,train,29.781927554593125,179.0,,,224.0
,OIL::ow-0656::ow-0656__obj_001,CONFIRMED_OIL,,,data/external/dartis/processed/verifier_positive/ow/ow-0656__obj_001.png,ow,1.0,224.0,1,ow-0656,,data/metadata/dartis_positive_verifier_crops.csv,1,train,21.80633410916039,159.0,,,224.0
,OIL::ow-0657::ow-0657__obj_001,CONFIRMED_OIL,,,data/external/dartis/processed/verifier_positive/ow/ow-0657__obj_001.png,ow,1.0,224.0,1,ow-0657,,data/metadata/dartis_positive_verifier_crops.csv,1,train,26.43383098174285,165.0,,,224.0
,OIL::ow-0658::ow-0658__obj_001,CONFIRMED_OIL,,,data/external/dartis/processed/verifier_positive/ow/ow-0658__obj_001.png,ow,1.0,224.0,1,ow-0658,,data/metadata/dartis_positive_verifier_crops.csv,1,train,24.540172869279235,169.0,,,224.0
,OIL::ow-0659::ow-0659__obj_001,CONFIRMED_OIL,,,data/external/dartis/processed/verifier_positive/ow/ow-0659__obj_001.png,ow,1.0,224.0,1,ow-0659,,data/metadata/dartis_positive_verifier_crops.csv,1,calibration,22.77209044190697,175.0,,,224.0
,OIL::ow-0659::ow-0659__obj_002,CONFIRMED_OIL,,,data/external/dartis/processed/verifier_positive/ow/ow-0659__obj_002.png,ow,1.0,224.0,1,ow-0659,,data/metadata/dartis_positive_verifier_crops.csv,1,calibration,24.900922013496288,180.0,,,224.0
,OIL::ow-0659::ow-0659__obj_003,CONFIRMED_OIL,,,data/external/dartis/processed/verifier_positive/ow/ow-0659__obj_003.png,ow,1.0,224.0,1,ow-0659,,data/metadata/dartis_positive_verifier_crops.csv,1,calibration,21.86651886331878,173.0,,,224.0
,OIL::ow-0659::ow-0659__obj_004,CONFIRMED_OIL,,,data/external/dartis/processed/verifier_positive/ow/ow-0659__obj_004.png,ow,1.0,224.0,1,ow-0659,,data/metadata/dartis_positive_verifier_crops.csv,1,calibration,22.885249348031685,197.0,,,224.0
,OIL::ow-0659::ow-0659__obj_005,CONFIRMED_OIL,,,data/external/dartis/processed/verifier_positive/ow/ow-0659__obj_005.png,ow,1.0,224.0,1,ow-0659,,data/metadata/dartis_positive_verifier_crops.csv,1,calibration,27.14765741491242,189.0,,,224.0
,OIL::ow-0659::ow-0659__obj_006,CONFIRMED_OIL,,,data/external/dartis/processed/verifier_positive/ow/ow-0659__obj_006.png,ow,1.0,224.0,1,ow-0659,,data/metadata/dartis_positive_verifier_crops.csv,1,calibration,27.14223195096876,189.0,,,224.0
,OIL::ow-0659::ow-0659__obj_007,CONFIRMED_OIL,,,data/external/dartis/processed/verifier_positive/ow/ow-0659__obj_007.png,ow,1.0,224.0,1,ow-0659,,data/metadata/dartis_positive_verifier_crops.csv,1,calibration,25.90660216550318,208.0,,,224.0
,OIL::ow-0659::ow-0659__obj_008,CONFIRMED_OIL,,,data/external/dartis/processed/verifier_positive/ow/ow-0659__obj_008.png,ow,1.0,224.0,1,ow-0659,,data/metadata/dartis_positive_verifier_crops.csv,1,calibration,25.627673186452903,203.0,,,224.0
,OIL::ow-0659::ow-0659__obj_009,CONFIRMED_OIL,,,data/external/dartis/processed/verifier_positive/ow/ow-0659__obj_009.png,ow,1.0,224.0,1,ow-0659,,data/metadata/dartis_positive_verifier_crops.csv,1,calibration,21.904701758954232,176.0,,,224.0
,OIL::ow-0660::ow-0660__obj_001,CONFIRMED_OIL,,,data/external/dartis/processed/verifier_positive/ow/ow-0660__obj_001.png,ow,1.0,224.0,1,ow-0660,,data/metadata/dartis_positive_verifier_crops.csv,1,train,14.065221799253989,87.0,,,224.0
,OIL::ow-0660::ow-0660__obj_002,CONFIRMED_OIL,,,data/external/dartis/processed/verifier_positive/ow/ow-0660__obj_002.png,ow,1.0,224.0,1,ow-0660,,data/metadata/dartis_positive_verifier_crops.csv,1,train,10.307199050622106,94.0,,,224.0
,OIL::ow-0660::ow-0660__obj_003,CONFIRMED_OIL,,,data/external/dartis/processed/verifier_positive/ow/ow-0660__obj_003.png,ow,1.0,224.0,1,ow-0660,,data/metadata/dartis_positive_verifier_crops.csv,1,train,9.88400254735056,88.0,,,224.0
,OIL::ow-0661::ow-0661__obj_001,CONFIRMED_OIL,,,data/external/dartis/processed/verifier_positive/ow/ow-0661__obj_001.png,ow,1.0,224.0,1,ow-0661,,data/metadata/dartis_positive_verifier_crops.csv,1,train,26.640999353636275,202.0,,,224.0
,OIL::ow-0661::ow-0661__obj_002,CONFIRMED_OIL,,,data/external/dartis/processed/verifier_positive/ow/ow-0661__obj_002.png,ow,1.0,224.0,1,ow-0661,,data/metadata/dartis_positive_verifier_crops.csv,1,train,26.84396678361873,207.0,,,224.0
,OIL::ow-0662::ow-0662__obj_001,CONFIRMED_OIL,,,data/external/dartis/processed/verifier_positive/ow/ow-0662__obj_001.png,ow,1.0,224.0,1,ow-0662,,data/metadata/dartis_positive_verifier_crops.csv,1,calibration,20.72588811404785,185.0,,,224.0
,OIL::ow-0663::ow-0663__obj_001,CONFIRMED_OIL,,,data/external/dartis/processed/verifier_positive/ow/ow-0663__obj_001.png,ow,1.0,224.0,1,ow-0663,,data/metadata/dartis_positive_verifier_crops.csv,1,train,29.73418605837219,206.0,,,224.0
,OIL::ow-0663::ow-0663__obj_002,CONFIRMED_OIL,,,data/external/dartis/processed/verifier_positive/ow/ow-0663__obj_002.png,ow,1.0,224.0,1,ow-0663,,data/metadata/dartis_positive_verifier_crops.csv,1,train,28.15505382708777,180.0,,,224.0
,OIL::ow-0664::ow-0664__obj_001,CONFIRMED_OIL,,,data/external/dartis/processed/verifier_positive/ow/ow-0664__obj_001.png,ow,1.0,224.0,1,ow-0664,,data/metadata/dartis_positive_verifier_crops.csv,1,train,28.75720039705754,193.0,,,224.0
,OIL::ow-0665::ow-0665__obj_001,CONFIRMED_OIL,,,data/external/dartis/processed/verifier_positive/ow/ow-0665__obj_001.png,ow,1.0,224.0,1,ow-0665,,data/metadata/dartis_positive_verifier_crops.csv,1,calibration,30.053601059469223,149.0,,,224.0
,OIL::ow-0666::ow-0666__obj_001,CONFIRMED_OIL,,,data/external/dartis/processed/verifier_positive/ow/ow-0666__obj_001.png,ow,1.0,224.0,1,ow-0666,,data/metadata/dartis_positive_verifier_crops.csv,1,train,28.55072240078791,229.0,,,224.0
,OIL::ow-0667::ow-0667__obj_001,CONFIRMED_OIL,,,data/external/dartis/processed/verifier_positive/ow/ow-0667__obj_001.png,ow,1.0,224.0,1,ow-0667,,data/metadata/dartis_positive_verifier_crops.csv,1,calibration,18.89943682649757,153.0,,,224.0
,OIL::ow-0668::ow-0668__obj_001,CONFIRMED_OIL,,,data/external/dartis/processed/verifier_positive/ow/ow-0668__obj_001.png,ow,1.0,224.0,1,ow-0668,,data/metadata/dartis_positive_verifier_crops.csv,1,calibration,26.527881548369304,201.0,,,224.0
,OIL::ow-0668::ow-0668__obj_002,CONFIRMED_OIL,,,data/external/dartis/processed/verifier_positive/ow/ow-0668__obj_002.png,ow,1.0,224.0,1,ow-0668,,data/metadata/dartis_positive_verifier_crops.csv,1,calibration,34.229198892103554,222.0,,,224.0
,OIL::ow-0669::ow-0669__obj_001,CONFIRMED_OIL,,,data/external/dartis/processed/verifier_positive/ow/ow-0669__obj_001.png,ow,1.0,224.0,1,ow-0669,,data/metadata/dartis_positive_verifier_crops.csv,1,train,33.45212656547446,248.0,,,224.0
,OIL::ow-0670::ow-0670__obj_001,CONFIRMED_OIL,,,data/external/dartis/processed/verifier_positive/ow/ow-0670__obj_001.png,ow,1.0,224.0,1,ow-0670,,data/metadata/dartis_positive_verifier_crops.csv,1,train,27.117181338143443,234.0,,,224.0
,OIL::ow-0670::ow-0670__obj_002,CONFIRMED_OIL,,,data/external/dartis/processed/verifier_positive/ow/ow-0670__obj_002.png,ow,1.0,224.0,1,ow-0670,,data/metadata/dartis_positive_verifier_crops.csv,1,train,27.60724627306414,210.0,,,224.0
,OIL::ow-0671::ow-0671__obj_001,CONFIRMED_OIL,,,data/external/dartis/processed/verifier_positive/ow/ow-0671__obj_001.png,ow,1.0,224.0,1,ow-0671,,data/metadata/dartis_positive_verifier_crops.csv,1,train,19.704420077753937,171.0,,,224.0
,OIL::ow-0672::ow-0672__obj_001,CONFIRMED_OIL,,,data/external/dartis/processed/verifier_positive/ow/ow-0672__obj_001.png,ow,1.0,224.0,1,ow-0672,,data/metadata/dartis_positive_verifier_crops.csv,1,train,25.801080845934624,217.0,,,224.0
,OIL::ow-0673::ow-0673__obj_001,CONFIRMED_OIL,,,data/external/dartis/processed/verifier_positive/ow/ow-0673__obj_001.png,ow,1.0,224.0,1,ow-0673,,data/metadata/dartis_positive_verifier_crops.csv,1,train,28.719877697559816,225.0,,,224.0
,OIL::ow-0673::ow-0673__obj_002,CONFIRMED_OIL,,,data/external/dartis/processed/verifier_positive/ow/ow-0673__obj_002.png,ow,1.0,224.0,1,ow-0673,,data/metadata/dartis_positive_verifier_crops.csv,1,train,29.718966125393635,225.0,,,224.0
,OIL::ow-0673::ow-0673__obj_003,CONFIRMED_OIL,,,data/external/dartis/processed/verifier_positive/ow/ow-0673__obj_003.png,ow,1.0,224.0,1,ow-0673,,data/metadata/dartis_positive_verifier_crops.csv,1,train,27.84508191106946,218.0,,,224.0
,OIL::ow-0673::ow-0673__obj_004,CONFIRMED_OIL,,,data/external/dartis/processed/verifier_positive/ow/ow-0673__obj_004.png,ow,1.0,224.0,1,ow-0673,,data/metadata/dartis_positive_verifier_crops.csv,1,train,25.699416781453778,211.0,,,224.0
,OIL::ow-0674::ow-0674__obj_001,CONFIRMED_OIL,,,data/external/dartis/processed/verifier_positive/ow/ow-0674__obj_001.png,ow,1.0,224.0,1,ow-0674,,data/metadata/dartis_positive_verifier_crops.csv,1,train,9.91645222278236,84.0,,,224.0
,OIL::ow-0675::ow-0675__obj_001,CONFIRMED_OIL,,,data/external/dartis/processed/verifier_positive/ow/ow-0675__obj_001.png,ow,1.0,224.0,1,ow-0675,,data/metadata/dartis_positive_verifier_crops.csv,1,train,28.886928362548,226.0,,,224.0
,OIL::ow-0676::ow-0676__obj_001,CONFIRMED_OIL,,,data/external/dartis/processed/verifier_positive/ow/ow-0676__obj_001.png,ow,1.0,224.0,1,ow-0676,,data/metadata/dartis_positive_verifier_crops.csv,1,train,15.434926145509388,148.0,,,224.0
,OIL::ow-0676::ow-0676__obj_002,CONFIRMED_OIL,,,data/external/dartis/processed/verifier_positive/ow/ow-0676__obj_002.png,ow,1.0,224.0,1,ow-0676,,data/metadata/dartis_positive_verifier_crops.csv,1,train,19.077530742585868,191.0,,,224.0
,OIL::ow-0677::ow-0677__obj_001,CONFIRMED_OIL,,,data/external/dartis/processed/verifier_positive/ow/ow-0677__obj_001.png,ow,1.0,224.0,1,ow-0677,,data/metadata/dartis_positive_verifier_crops.csv,1,train,28.60907198934549,216.0,,,224.0
,OIL::ow-0678::ow-0678__obj_001,CONFIRMED_OIL,,,data/external/dartis/processed/verifier_positive/ow/ow-0678__obj_001.png,ow,1.0,224.0,1,ow-0678,,data/metadata/dartis_positive_verifier_crops.csv,1,train,23.56571034107924,191.0,,,224.0
,OIL::ow-0679::ow-0679__obj_001,CONFIRMED_OIL,,,data/external/dartis/processed/verifier_positive/ow/ow-0679__obj_001.png,ow,1.0,224.0,1,ow-0679,,data/metadata/dartis_positive_verifier_crops.csv,1,calibration,36.37472646358251,231.0,,,224.0
,OIL::ow-0679::ow-0679__obj_002,CONFIRMED_OIL,,,data/external/dartis/processed/verifier_positive/ow/ow-0679__obj_002.png,ow,1.0,224.0,1,ow-0679,,data/metadata/dartis_positive_verifier_crops.csv,1,calibration,22.14240752837,220.0,,,224.0
,OIL::ow-0680::ow-0680__obj_001,CONFIRMED_OIL,,,data/external/dartis/processed/verifier_positive/ow/ow-0680__obj_001.png,ow,1.0,224.0,1,ow-0680,,data/metadata/dartis_positive_verifier_crops.csv,1,train,22.631068464670463,141.0,,,224.0
,OIL::ow-0681::ow-0681__obj_001,CONFIRMED_OIL,,,data/external/dartis/processed/verifier_positive/ow/ow-0681__obj_001.png,ow,1.0,224.0,1,ow-0681,,data/metadata/dartis_positive_verifier_crops.csv,1,train,23.235536310089508,185.0,,,224.0
,OIL::ow-0682::ow-0682__obj_001,CONFIRMED_OIL,,,data/external/dartis/processed/verifier_positive/ow/ow-0682__obj_001.png,ow,1.0,224.0,1,ow-0682,,data/metadata/dartis_positive_verifier_crops.csv,1,train,29.783990389139408,222.0,,,224.0
,OIL::ow-0682::ow-0682__obj_002,CONFIRMED_OIL,,,data/external/dartis/processed/verifier_positive/ow/ow-0682__obj_002.png,ow,1.0,224.0,1,ow-0682,,data/metadata/dartis_positive_verifier_crops.csv,1,train,23.523800542171134,188.0,,,224.0
,OIL::ow-0683::ow-0683__obj_001,CONFIRMED_OIL,,,data/external/dartis/processed/verifier_positive/ow/ow-0683__obj_001.png,ow,1.0,224.0,1,ow-0683,,data/metadata/dartis_positive_verifier_crops.csv,1,train,14.497061859974382,122.0,,,224.0
,OIL::ow-0683::ow-0683__obj_002,CONFIRMED_OIL,,,data/external/dartis/processed/verifier_positive/ow/ow-0683__obj_002.png,ow,1.0,224.0,1,ow-0683,,data/metadata/dartis_positive_verifier_crops.csv,1,train,13.82186871957759,114.0,,,224.0
,OIL::ow-0683::ow-0683__obj_003,CONFIRMED_OIL,,,data/external/dartis/processed/verifier_positive/ow/ow-0683__obj_003.png,ow,1.0,224.0,1,ow-0683,,data/metadata/dartis_positive_verifier_crops.csv,1,train,15.248279373173569,128.0,,,224.0
,OIL::ow-0683::ow-0683__obj_004,CONFIRMED_OIL,,,data/external/dartis/processed/verifier_positive/ow/ow-0683__obj_004.png,ow,1.0,224.0,1,ow-0683,,data/metadata/dartis_positive_verifier_crops.csv,1,train,20.43903176299602,96.0,,,224.0
,OIL::ow-0683::ow-0683__obj_005,CONFIRMED_OIL,,,data/external/dartis/processed/verifier_positive/ow/ow-0683__obj_005.png,ow,1.0,224.0,1,ow-0683,,data/metadata/dartis_positive_verifier_crops.csv,1,train,15.3008448038175,119.0,,,224.0
,OIL::ow-0684::ow-0684__obj_001,CONFIRMED_OIL,,,data/external/dartis/processed/verifier_positive/ow/ow-0684__obj_001.png,ow,1.0,224.0,1,ow-0684,,data/metadata/dartis_positive_verifier_crops.csv,1,calibration,24.825935580304325,194.0,,,224.0
,OIL::ow-0684::ow-0684__obj_002,CONFIRMED_OIL,,,data/external/dartis/processed/verifier_positive/ow/ow-0684__obj_002.png,ow,1.0,224.0,1,ow-0684,,data/metadata/dartis_positive_verifier_crops.csv,1,calibration,31.368406974446074,205.0,,,224.0
,OIL::ow-0684::ow-0684__obj_003,CONFIRMED_OIL,,,data/external/dartis/processed/verifier_positive/ow/ow-0684__obj_003.png,ow,1.0,224.0,1,ow-0684,,data/metadata/dartis_positive_verifier_crops.csv,1,calibration,23.4155542279471,183.0,,,224.0
,OIL::ow-0685::ow-0685__obj_001,CONFIRMED_OIL,,,data/external/dartis/processed/verifier_positive/ow/ow-0685__obj_001.png,ow,1.0,224.0,1,ow-0685,,data/metadata/dartis_positive_verifier_crops.csv,1,calibration,22.392712639045342,170.0,,,224.0
,OIL::ow-0686::ow-0686__obj_001,CONFIRMED_OIL,,,data/external/dartis/processed/verifier_positive/ow/ow-0686__obj_001.png,ow,1.0,224.0,1,ow-0686,,data/metadata/dartis_positive_verifier_crops.csv,1,train,25.33780309139764,188.0,,,224.0
,OIL::ow-0686::ow-0686__obj_002,CONFIRMED_OIL,,,data/external/dartis/processed/verifier_positive/ow/ow-0686__obj_002.png,ow,1.0,224.0,1,ow-0686,,data/metadata/dartis_positive_verifier_crops.csv,1,train,27.09494051937104,172.0,,,224.0
,OIL::ow-0687::ow-0687__obj_001,CONFIRMED_OIL,,,data/external/dartis/processed/verifier_positive/ow/ow-0687__obj_001.png,ow,1.0,224.0,1,ow-0687,,data/metadata/dartis_positive_verifier_crops.csv,1,train,30.95571351276589,220.0,,,224.0
,OIL::ow-0688::ow-0688__obj_001,CONFIRMED_OIL,,,data/external/dartis/processed/verifier_positive/ow/ow-0688__obj_001.png,ow,1.0,224.0,1,ow-0688,,data/metadata/dartis_positive_verifier_crops.csv,1,calibration,26.973010873154983,201.0,,,224.0
,OIL::ow-0689::ow-0689__obj_001,CONFIRMED_OIL,,,data/external/dartis/processed/verifier_positive/ow/ow-0689__obj_001.png,ow,1.0,224.0,1,ow-0689,,data/metadata/dartis_positive_verifier_crops.csv,1,train,18.03872137947081,154.0,,,224.0
,OIL::ow-0690::ow-0690__obj_001,CONFIRMED_OIL,,,data/external/dartis/processed/verifier_positive/ow/ow-0690__obj_001.png,ow,1.0,224.0,1,ow-0690,,data/metadata/dartis_positive_verifier_crops.csv,1,train,12.544550429081712,94.0,,,224.0
,OIL::ow-0690::ow-0690__obj_002,CONFIRMED_OIL,,,data/external/dartis/processed/verifier_positive/ow/ow-0690__obj_002.png,ow,1.0,224.0,1,ow-0690,,data/metadata/dartis_positive_verifier_crops.csv,1,train,13.715337648757156,99.0,,,224.0
,OIL::ow-0690::ow-0690__obj_003,CONFIRMED_OIL,,,data/external/dartis/processed/verifier_positive/ow/ow-0690__obj_003.png,ow,1.0,224.0,1,ow-0690,,data/metadata/dartis_positive_verifier_crops.csv,1,train,14.547401878428214,101.0,,,224.0
,OIL::ow-0690::ow-0690__obj_004,CONFIRMED_OIL,,,data/external/dartis/processed/verifier_positive/ow/ow-0690__obj_004.png,ow,1.0,224.0,1,ow-0690,,data/metadata/dartis_positive_verifier_crops.csv,1,train,13.532417154068789,96.0,,,224.0
,OIL::ow-0690::ow-0690__obj_005,CONFIRMED_OIL,,,data/external/dartis/processed/verifier_positive/ow/ow-0690__obj_005.png,ow,1.0,224.0,1,ow-0690,,data/metadata/dartis_positive_verifier_crops.csv,1,train,19.594357385549987,221.0,,,224.0
,OIL::ow-0690::ow-0690__obj_006,CONFIRMED_OIL,,,data/external/dartis/processed/verifier_positive/ow/ow-0690__obj_006.png,ow,1.0,224.0,1,ow-0690,,data/metadata/dartis_positive_verifier_crops.csv,1,train,14.516734589271714,108.0,,,224.0
,OIL::ow-0690::ow-0690__obj_007,CONFIRMED_OIL,,,data/external/dartis/processed/verifier_positive/ow/ow-0690__obj_007.png,ow,1.0,224.0,1,ow-0690,,data/metadata/dartis_positive_verifier_crops.csv,1,train,14.986261889719994,108.0,,,224.0
,OIL::ow-0691::ow-0691__obj_001,CONFIRMED_OIL,,,data/external/dartis/processed/verifier_positive/ow/ow-0691__obj_001.png,ow,1.0,224.0,1,ow-0691,,data/metadata/dartis_positive_verifier_crops.csv,1,train,26.275086198941526,187.0,,,224.0
,OIL::ow-0692::ow-0692__obj_001,CONFIRMED_OIL,,,data/external/dartis/processed/verifier_positive/ow/ow-0692__obj_001.png,ow,1.0,224.0,1,ow-0692,,data/metadata/dartis_positive_verifier_crops.csv,1,train,24.7027339993642,235.0,,,224.0
,OIL::ow-0693::ow-0693__obj_001,CONFIRMED_OIL,,,data/external/dartis/processed/verifier_positive/ow/ow-0693__obj_001.png,ow,1.0,224.0,1,ow-0693,,data/metadata/dartis_positive_verifier_crops.csv,1,train,30.662199145900765,231.0,,,224.0
,OIL::ow-0694::ow-0694__obj_001,CONFIRMED_OIL,,,data/external/dartis/processed/verifier_positive/ow/ow-0694__obj_001.png,ow,1.0,224.0,1,ow-0694,,data/metadata/dartis_positive_verifier_crops.csv,1,calibration,27.15791227567121,215.0,,,224.0
,OIL::ow-0694::ow-0694__obj_002,CONFIRMED_OIL,,,data/external/dartis/processed/verifier_positive/ow/ow-0694__obj_002.png,ow,1.0,224.0,1,ow-0694,,data/metadata/dartis_positive_verifier_crops.csv,1,calibration,29.93671068765102,216.0,,,224.0
,OIL::ow-0695::ow-0695__obj_001,CONFIRMED_OIL,,,data/external/dartis/processed/verifier_positive/ow/ow-0695__obj_001.png,ow,1.0,224.0,1,ow-0695,,data/metadata/dartis_positive_verifier_crops.csv,1,train,28.02384632585796,211.0,,,224.0
,OIL::ow-0696::ow-0696__obj_001,CONFIRMED_OIL,,,data/external/dartis/processed/verifier_positive/ow/ow-0696__obj_001.png,ow,1.0,224.0,1,ow-0696,,data/metadata/dartis_positive_verifier_crops.csv,1,train,23.91930564102732,218.0,,,224.0
,OIL::ow-0697::ow-0697__obj_001,CONFIRMED_OIL,,,data/external/dartis/processed/verifier_positive/ow/ow-0697__obj_001.png,ow,1.0,224.0,1,ow-0697,,data/metadata/dartis_positive_verifier_crops.csv,1,train,12.45049697725474,96.0,,,224.0
,OIL::ow-0698::ow-0698__obj_001,CONFIRMED_OIL,,,data/external/dartis/processed/verifier_positive/ow/ow-0698__obj_001.png,ow,1.0,224.0,1,ow-0698,,data/metadata/dartis_positive_verifier_crops.csv,1,train,28.54032770965392,209.0,,,224.0
,OIL::ow-0699::ow-0699__obj_001,CONFIRMED_OIL,,,data/external/dartis/processed/verifier_positive/ow/ow-0699__obj_001.png,ow,1.0,224.0,1,ow-0699,,data/metadata/dartis_positive_verifier_crops.csv,1,calibration,26.47606256562316,204.0,,,224.0
,OIL::ow-0700::ow-0700__obj_001,CONFIRMED_OIL,,,data/external/dartis/processed/verifier_positive/ow/ow-0700__obj_001.png,ow,1.0,224.0,1,ow-0700,,data/metadata/dartis_positive_verifier_crops.csv,1,train,7.813168766579211,123.0,,,224.0
,OIL::ow-0701::ow-0701__obj_001,CONFIRMED_OIL,,,data/external/dartis/processed/verifier_positive/ow/ow-0701__obj_001.png,ow,1.0,224.0,1,ow-0701,,data/metadata/dartis_positive_verifier_crops.csv,1,train,23.40510355093424,178.0,,,224.0
,OIL::ow-0701::ow-0701__obj_002,CONFIRMED_OIL,,,data/external/dartis/processed/verifier_positive/ow/ow-0701__obj_002.png,ow,1.0,224.0,1,ow-0701,,data/metadata/dartis_positive_verifier_crops.csv,1,train,23.08032195382432,172.0,,,224.0
,OIL::ow-0702::ow-0702__obj_001,CONFIRMED_OIL,,,data/external/dartis/processed/verifier_positive/ow/ow-0702__obj_001.png,ow,1.0,224.0,1,ow-0702,,data/metadata/dartis_positive_verifier_crops.csv,1,train,25.57972471366192,184.0,,,224.0
,OIL::ow-0703::ow-0703__obj_001,CONFIRMED_OIL,,,data/external/dartis/processed/verifier_positive/ow/ow-0703__obj_001.png,ow,1.0,224.0,1,ow-0703,,data/metadata/dartis_positive_verifier_crops.csv,1,train,28.296079652012263,212.0,,,224.0
,OIL::ow-0703::ow-0703__obj_002,CONFIRMED_OIL,,,data/external/dartis/processed/verifier_positive/ow/ow-0703__obj_002.png,ow,1.0,224.0,1,ow-0703,,data/metadata/dartis_positive_verifier_crops.csv,1,train,25.651058375544256,205.0,,,224.0
,OIL::ow-0704::ow-0704__obj_001,CONFIRMED_OIL,,,data/external/dartis/processed/verifier_positive/ow/ow-0704__obj_001.png,ow,1.0,224.0,1,ow-0704,,data/metadata/dartis_positive_verifier_crops.csv,1,train,11.098599115641909,99.0,,,224.0
,OIL::ow-0704::ow-0704__obj_002,CONFIRMED_OIL,,,data/external/dartis/processed/verifier_positive/ow/ow-0704__obj_002.png,ow,1.0,224.0,1,ow-0704,,data/metadata/dartis_positive_verifier_crops.csv,1,train,13.9266731599263,205.0,,,224.0
,OIL::ow-0705::ow-0705__obj_001,CONFIRMED_OIL,,,data/external/dartis/processed/verifier_positive/ow/ow-0705__obj_001.png,ow,1.0,224.0,1,ow-0705,,data/metadata/dartis_positive_verifier_crops.csv,1,train,23.049110676245068,189.0,,,224.0
,OIL::ow-0706::ow-0706__obj_001,CONFIRMED_OIL,,,data/external/dartis/processed/verifier_positive/ow/ow-0706__obj_001.png,ow,1.0,224.0,1,ow-0706,,data/metadata/dartis_positive_verifier_crops.csv,1,train,11.25087405245616,135.0,,,224.0
,OIL::ow-0707::ow-0707__obj_001,CONFIRMED_OIL,,,data/external/dartis/processed/verifier_positive/ow/ow-0707__obj_001.png,ow,1.0,224.0,1,ow-0707,,data/metadata/dartis_positive_verifier_crops.csv,1,train,23.50983304390494,191.0,,,224.0
,OIL::ow-0707::ow-0707__obj_002,CONFIRMED_OIL,,,data/external/dartis/processed/verifier_positive/ow/ow-0707__obj_002.png,ow,1.0,224.0,1,ow-0707,,data/metadata/dartis_positive_verifier_crops.csv,1,train,28.4291992501562,220.0,,,224.0
,OIL::ow-0708::ow-0708__obj_001,CONFIRMED_OIL,,,data/external/dartis/processed/verifier_positive/ow/ow-0708__obj_001.png,ow,1.0,224.0,1,ow-0708,,data/metadata/dartis_positive_verifier_crops.csv,1,train,19.097125805889853,148.0,,,224.0
,OIL::ow-0708::ow-0708__obj_002,CONFIRMED_OIL,,,data/external/dartis/processed/verifier_positive/ow/ow-0708__obj_002.png,ow,1.0,224.0,1,ow-0708,,data/metadata/dartis_positive_verifier_crops.csv,1,train,21.51195183775936,164.0,,,224.0
,OIL::ow-0709::ow-0709__obj_001,CONFIRMED_OIL,,,data/external/dartis/processed/verifier_positive/ow/ow-0709__obj_001.png,ow,1.0,224.0,1,ow-0709,,data/metadata/dartis_positive_verifier_crops.csv,1,train,20.499892632349585,244.0,,,224.0
,OIL::ow-0710::ow-0710__obj_001,CONFIRMED_OIL,,,data/external/dartis/processed/verifier_positive/ow/ow-0710__obj_001.png,ow,1.0,224.0,1,ow-0710,,data/metadata/dartis_positive_verifier_crops.csv,1,train,33.69712113589901,227.0,,,224.0
,OIL::ow-0710::ow-0710__obj_002,CONFIRMED_OIL,,,data/external/dartis/processed/verifier_positive/ow/ow-0710__obj_002.png,ow,1.0,224.0,1,ow-0710,,data/metadata/dartis_positive_verifier_crops.csv,1,train,24.266394013631945,202.0,,,224.0
,OIL::ow-0711::ow-0711__obj_001,CONFIRMED_OIL,,,data/external/dartis/processed/verifier_positive/ow/ow-0711__obj_001.png,ow,1.0,224.0,1,ow-0711,,data/metadata/dartis_positive_verifier_crops.csv,1,train,34.42695201877761,214.0,,,224.0
,OIL::ow-0711::ow-0711__obj_002,CONFIRMED_OIL,,,data/external/dartis/processed/verifier_positive/ow/ow-0711__obj_002.png,ow,1.0,224.0,1,ow-0711,,data/metadata/dartis_positive_verifier_crops.csv,1,train,24.13858191882651,201.0,,,224.0
,OIL::ow-0712::ow-0712__obj_001,CONFIRMED_OIL,,,data/external/dartis/processed/verifier_positive/ow/ow-0712__obj_001.png,ow,1.0,224.0,1,ow-0712,,data/metadata/dartis_positive_verifier_crops.csv,1,train,27.945207792264537,212.0,,,224.0
,OIL::ow-0713::ow-0713__obj_001,CONFIRMED_OIL,,,data/external/dartis/processed/verifier_positive/ow/ow-0713__obj_001.png,ow,1.0,224.0,1,ow-0713,,data/metadata/dartis_positive_verifier_crops.csv,1,calibration,33.60185092780123,234.0,,,224.0
,OIL::ow-0714::ow-0714__obj_001,CONFIRMED_OIL,,,data/external/dartis/processed/verifier_positive/ow/ow-0714__obj_001.png,ow,1.0,224.0,1,ow-0714,,data/metadata/dartis_positive_verifier_crops.csv,1,train,67.34409074269853,118.0,,,224.0
,OIL::ow-0715::ow-0715__obj_001,CONFIRMED_OIL,,,data/external/dartis/processed/verifier_positive/ow/ow-0715__obj_001.png,ow,1.0,224.0,1,ow-0715,,data/metadata/dartis_positive_verifier_crops.csv,1,calibration,33.16362425772466,205.0,,,224.0
,OIL::ow-0715::ow-0715__obj_002,CONFIRMED_OIL,,,data/external/dartis/processed/verifier_positive/ow/ow-0715__obj_002.png,ow,1.0,224.0,1,ow-0715,,data/metadata/dartis_positive_verifier_crops.csv,1,calibration,23.024993280147815,170.0,,,224.0
,OIL::ow-0715::ow-0715__obj_003,CONFIRMED_OIL,,,data/external/dartis/processed/verifier_positive/ow/ow-0715__obj_003.png,ow,1.0,224.0,1,ow-0715,,data/metadata/dartis_positive_verifier_crops.csv,1,calibration,22.49817658675796,174.0,,,224.0
,OIL::ow-0715::ow-0715__obj_004,CONFIRMED_OIL,,,data/external/dartis/processed/verifier_positive/ow/ow-0715__obj_004.png,ow,1.0,224.0,1,ow-0715,,data/metadata/dartis_positive_verifier_crops.csv,1,calibration,23.667668919738,177.0,,,224.0
,OIL::ow-0715::ow-0715__obj_005,CONFIRMED_OIL,,,data/external/dartis/processed/verifier_positive/ow/ow-0715__obj_005.png,ow,1.0,224.0,1,ow-0715,,data/metadata/dartis_positive_verifier_crops.csv,1,calibration,28.27059598842723,196.0,,,224.0
,OIL::ow-0715::ow-0715__obj_006,CONFIRMED_OIL,,,data/external/dartis/processed/verifier_positive/ow/ow-0715__obj_006.png,ow,1.0,224.0,1,ow-0715,,data/metadata/dartis_positive_verifier_crops.csv,1,calibration,21.020800766538997,167.0,,,224.0
,OIL::ow-0715::ow-0715__obj_007,CONFIRMED_OIL,,,data/external/dartis/processed/verifier_positive/ow/ow-0715__obj_007.png,ow,1.0,224.0,1,ow-0715,,data/metadata/dartis_positive_verifier_crops.csv,1,calibration,31.467111290003835,194.0,,,224.0
,OIL::ow-0715::ow-0715__obj_008,CONFIRMED_OIL,,,data/external/dartis/processed/verifier_positive/ow/ow-0715__obj_008.png,ow,1.0,224.0,1,ow-0715,,data/metadata/dartis_positive_verifier_crops.csv,1,calibration,24.597190654718688,166.0,,,224.0
,OIL::ow-0716::ow-0716__obj_001,CONFIRMED_OIL,,,data/external/dartis/processed/verifier_positive/ow/ow-0716__obj_001.png,ow,1.0,224.0,1,ow-0716,,data/metadata/dartis_positive_verifier_crops.csv,1,train,32.88724877609161,233.0,,,224.0
,OIL::ow-0717::ow-0717__obj_001,CONFIRMED_OIL,,,data/external/dartis/processed/verifier_positive/ow/ow-0717__obj_001.png,ow,1.0,224.0,1,ow-0717,,data/metadata/dartis_positive_verifier_crops.csv,1,train,28.352317585900117,231.0,,,224.0
,OIL::ow-0718::ow-0718__obj_001,CONFIRMED_OIL,,,data/external/dartis/processed/verifier_positive/ow/ow-0718__obj_001.png,ow,1.0,224.0,1,ow-0718,,data/metadata/dartis_positive_verifier_crops.csv,1,train,29.12454645764869,208.0,,,224.0
,OIL::ow-0718::ow-0718__obj_002,CONFIRMED_OIL,,,data/external/dartis/processed/verifier_positive/ow/ow-0718__obj_002.png,ow,1.0,224.0,1,ow-0718,,data/metadata/dartis_positive_verifier_crops.csv,1,train,34.364745245558424,217.0,,,224.0
,OIL::ow-0718::ow-0718__obj_003,CONFIRMED_OIL,,,data/external/dartis/processed/verifier_positive/ow/ow-0718__obj_003.png,ow,1.0,224.0,1,ow-0718,,data/metadata/dartis_positive_verifier_crops.csv,1,train,31.792207214447203,210.0,,,224.0
,OIL::ow-0719::ow-0719__obj_001,CONFIRMED_OIL,,,data/external/dartis/processed/verifier_positive/ow/ow-0719__obj_001.png,ow,1.0,224.0,1,ow-0719,,data/metadata/dartis_positive_verifier_crops.csv,1,calibration,25.45405549581285,143.0,,,224.0
,OIL::ow-0719::ow-0719__obj_002,CONFIRMED_OIL,,,data/external/dartis/processed/verifier_positive/ow/ow-0719__obj_002.png,ow,1.0,224.0,1,ow-0719,,data/metadata/dartis_positive_verifier_crops.csv,1,calibration,28.166871523657555,201.0,,,224.0
,OIL::ow-0720::ow-0720__obj_001,CONFIRMED_OIL,,,data/external/dartis/processed/verifier_positive/ow/ow-0720__obj_001.png,ow,1.0,224.0,1,ow-0720,,data/metadata/dartis_positive_verifier_crops.csv,1,train,9.740936050073511,100.0,,,224.0
,OIL::ow-0720::ow-0720__obj_002,CONFIRMED_OIL,,,data/external/dartis/processed/verifier_positive/ow/ow-0720__obj_002.png,ow,1.0,224.0,1,ow-0720,,data/metadata/dartis_positive_verifier_crops.csv,1,train,10.463159954745272,117.0,,,224.0
,OIL::ow-0721::ow-0721__obj_002,CONFIRMED_OIL,,,data/external/dartis/processed/verifier_positive/ow/ow-0721__obj_002.png,ow,1.0,224.0,1,ow-0721,,data/metadata/dartis_positive_verifier_crops.csv,1,calibration,23.246267682140324,174.0,,,224.0
,OIL::ow-0721::ow-0721__obj_003,CONFIRMED_OIL,,,data/external/dartis/processed/verifier_positive/ow/ow-0721__obj_003.png,ow,1.0,224.0,1,ow-0721,,data/metadata/dartis_positive_verifier_crops.csv,1,calibration,23.071904763442134,182.0,,,224.0
,OIL::ow-0721::ow-0721__obj_004,CONFIRMED_OIL,,,data/external/dartis/processed/verifier_positive/ow/ow-0721__obj_004.png,ow,1.0,224.0,1,ow-0721,,data/metadata/dartis_positive_verifier_crops.csv,1,calibration,23.16169168795573,182.0,,,224.0
,OIL::ow-0721::ow-0721__obj_005,CONFIRMED_OIL,,,data/external/dartis/processed/verifier_positive/ow/ow-0721__obj_005.png,ow,1.0,224.0,1,ow-0721,,data/metadata/dartis_positive_verifier_crops.csv,1,calibration,20.352405673838483,166.0,,,224.0
,OIL::ow-0721::ow-0721__obj_006,CONFIRMED_OIL,,,data/external/dartis/processed/verifier_positive/ow/ow-0721__obj_006.png,ow,1.0,224.0,1,ow-0721,,data/metadata/dartis_positive_verifier_crops.csv,1,calibration,21.12953199567569,173.0,,,224.0
,OIL::ow-0722::ow-0722__obj_002,CONFIRMED_OIL,,,data/external/dartis/processed/verifier_positive/ow/ow-0722__obj_002.png,ow,1.0,224.0,1,ow-0722,,data/metadata/dartis_positive_verifier_crops.csv,1,train,19.144935151475345,147.0,,,224.0
,OIL::ow-0723::ow-0723__obj_001,CONFIRMED_OIL,,,data/external/dartis/processed/verifier_positive/ow/ow-0723__obj_001.png,ow,1.0,224.0,1,ow-0723,,data/metadata/dartis_positive_verifier_crops.csv,1,train,11.736979785713242,100.0,,,224.0
,OIL::ow-0723::ow-0723__obj_002,CONFIRMED_OIL,,,data/external/dartis/processed/verifier_positive/ow/ow-0723__obj_002.png,ow,1.0,224.0,1,ow-0723,,data/metadata/dartis_positive_verifier_crops.csv,1,train,13.892156705174916,114.0,,,224.0
,OIL::ow-0723::ow-0723__obj_003,CONFIRMED_OIL,,,data/external/dartis/processed/verifier_positive/ow/ow-0723__obj_003.png,ow,1.0,224.0,1,ow-0723,,data/metadata/dartis_positive_verifier_crops.csv,1,train,16.78003269990656,102.0,,,224.0
,OIL::ow-0724::ow-0724__obj_001,CONFIRMED_OIL,,,data/external/dartis/processed/verifier_positive/ow/ow-0724__obj_001.png,ow,1.0,224.0,1,ow-0724,,data/metadata/dartis_positive_verifier_crops.csv,1,train,23.90071289006571,151.0,,,224.0
,OIL::ow-0725::ow-0725__obj_001,CONFIRMED_OIL,,,data/external/dartis/processed/verifier_positive/ow/ow-0725__obj_001.png,ow,1.0,224.0,1,ow-0725,,data/metadata/dartis_positive_verifier_crops.csv,1,train,29.129404412770924,192.0,,,224.0
,OIL::ow-0725::ow-0725__obj_002,CONFIRMED_OIL,,,data/external/dartis/processed/verifier_positive/ow/ow-0725__obj_002.png,ow,1.0,224.0,1,ow-0725,,data/metadata/dartis_positive_verifier_crops.csv,1,train,32.330028663885884,177.0,,,224.0
,OIL::ow-0726::ow-0726__obj_001,CONFIRMED_OIL,,,data/external/dartis/processed/verifier_positive/ow/ow-0726__obj_001.png,ow,1.0,224.0,1,ow-0726,,data/metadata/dartis_positive_verifier_crops.csv,1,train,26.738840356415004,191.0,,,224.0
,OIL::ow-0727::ow-0727__obj_001,CONFIRMED_OIL,,,data/external/dartis/processed/verifier_positive/ow/ow-0727__obj_001.png,ow,1.0,224.0,1,ow-0727,,data/metadata/dartis_positive_verifier_crops.csv,1,train,23.26158381157793,143.0,,,224.0
,OIL::ow-0728::ow-0728__obj_001,CONFIRMED_OIL,,,data/external/dartis/processed/verifier_positive/ow/ow-0728__obj_001.png,ow,1.0,224.0,1,ow-0728,,data/metadata/dartis_positive_verifier_crops.csv,1,train,26.78440512349668,178.0,,,224.0
,OIL::ow-0728::ow-0728__obj_002,CONFIRMED_OIL,,,data/external/dartis/processed/verifier_positive/ow/ow-0728__obj_002.png,ow,1.0,224.0,1,ow-0728,,data/metadata/dartis_positive_verifier_crops.csv,1,train,26.36795429801148,190.0,,,224.0
,OIL::ow-0729::ow-0729__obj_001,CONFIRMED_OIL,,,data/external/dartis/processed/verifier_positive/ow/ow-0729__obj_001.png,ow,1.0,224.0,1,ow-0729,,data/metadata/dartis_positive_verifier_crops.csv,1,train,9.544834840601322,70.0,,,224.0
,OIL::ow-0730::ow-0730__obj_001,CONFIRMED_OIL,,,data/external/dartis/processed/verifier_positive/ow/ow-0730__obj_001.png,ow,1.0,224.0,1,ow-0730,,data/metadata/dartis_positive_verifier_crops.csv,1,calibration,24.78478672969084,229.0,,,224.0
,OIL::ow-0730::ow-0730__obj_002,CONFIRMED_OIL,,,data/external/dartis/processed/verifier_positive/ow/ow-0730__obj_002.png,ow,1.0,224.0,1,ow-0730,,data/metadata/dartis_positive_verifier_crops.csv,1,calibration,32.563122525578045,232.0,,,224.0
,OIL::ow-0730::ow-0730__obj_003,CONFIRMED_OIL,,,data/external/dartis/processed/verifier_positive/ow/ow-0730__obj_003.png,ow,1.0,224.0,1,ow-0730,,data/metadata/dartis_positive_verifier_crops.csv,1,calibration,27.197934995748295,232.0,,,224.0
,OIL::ow-0731::ow-0731__obj_001,CONFIRMED_OIL,,,data/external/dartis/processed/verifier_positive/ow/ow-0731__obj_001.png,ow,1.0,224.0,1,ow-0731,,data/metadata/dartis_positive_verifier_crops.csv,1,train,26.837699177645185,212.0,,,224.0
,OIL::ow-0732::ow-0732__obj_001,CONFIRMED_OIL,,,data/external/dartis/processed/verifier_positive/ow/ow-0732__obj_001.png,ow,1.0,224.0,1,ow-0732,,data/metadata/dartis_positive_verifier_crops.csv,1,calibration,23.72698696746216,199.0,,,224.0
,OIL::ow-0733::ow-0733__obj_001,CONFIRMED_OIL,,,data/external/dartis/processed/verifier_positive/ow/ow-0733__obj_001.png,ow,1.0,224.0,1,ow-0733,,data/metadata/dartis_positive_verifier_crops.csv,1,calibration,24.07054597888624,194.0,,,224.0
,OIL::ow-0733::ow-0733__obj_002,CONFIRMED_OIL,,,data/external/dartis/processed/verifier_positive/ow/ow-0733__obj_002.png,ow,1.0,224.0,1,ow-0733,,data/metadata/dartis_positive_verifier_crops.csv,1,calibration,23.553782196732943,185.0,,,224.0
,OIL::ow-0733::ow-0733__obj_003,CONFIRMED_OIL,,,data/external/dartis/processed/verifier_positive/ow/ow-0733__obj_003.png,ow,1.0,224.0,1,ow-0733,,data/metadata/dartis_positive_verifier_crops.csv,1,calibration,23.67349176019904,172.0,,,224.0
,OIL::ow-0733::ow-0733__obj_004,CONFIRMED_OIL,,,data/external/dartis/processed/verifier_positive/ow/ow-0733__obj_004.png,ow,1.0,224.0,1,ow-0733,,data/metadata/dartis_positive_verifier_crops.csv,1,calibration,36.46991566411238,203.0,,,224.0
,OIL::ow-0733::ow-0733__obj_005,CONFIRMED_OIL,,,data/external/dartis/processed/verifier_positive/ow/ow-0733__obj_005.png,ow,1.0,224.0,1,ow-0733,,data/metadata/dartis_positive_verifier_crops.csv,1,calibration,21.891553975217445,191.0,,,224.0
,OIL::ow-0733::ow-0733__obj_006,CONFIRMED_OIL,,,data/external/dartis/processed/verifier_positive/ow/ow-0733__obj_006.png,ow,1.0,224.0,1,ow-0733,,data/metadata/dartis_positive_verifier_crops.csv,1,calibration,24.82509006560717,194.0,,,224.0
,OIL::ow-0733::ow-0733__obj_007,CONFIRMED_OIL,,,data/external/dartis/processed/verifier_positive/ow/ow-0733__obj_007.png,ow,1.0,224.0,1,ow-0733,,data/metadata/dartis_positive_verifier_crops.csv,1,calibration,22.55408545284673,199.0,,,224.0
,OIL::ow-0733::ow-0733__obj_008,CONFIRMED_OIL,,,data/external/dartis/processed/verifier_positive/ow/ow-0733__obj_008.png,ow,1.0,224.0,1,ow-0733,,data/metadata/dartis_positive_verifier_crops.csv,1,calibration,22.438340146676325,194.0,,,224.0
,OIL::ow-0733::ow-0733__obj_009,CONFIRMED_OIL,,,data/external/dartis/processed/verifier_positive/ow/ow-0733__obj_009.png,ow,1.0,224.0,1,ow-0733,,data/metadata/dartis_positive_verifier_crops.csv,1,calibration,23.614889465884197,183.0,,,224.0
,OIL::ow-0733::ow-0733__obj_010,CONFIRMED_OIL,,,data/external/dartis/processed/verifier_positive/ow/ow-0733__obj_010.png,ow,1.0,224.0,1,ow-0733,,data/metadata/dartis_positive_verifier_crops.csv,1,calibration,21.799581922953625,179.0,,,224.0
,OIL::ow-0734::ow-0734__obj_001,CONFIRMED_OIL,,,data/external/dartis/processed/verifier_positive/ow/ow-0734__obj_001.png,ow,1.0,224.0,1,ow-0734,,data/metadata/dartis_positive_verifier_crops.csv,1,train,19.3889163663322,160.0,,,224.0
,OIL::ow-0734::ow-0734__obj_002,CONFIRMED_OIL,,,data/external/dartis/processed/verifier_positive/ow/ow-0734__obj_002.png,ow,1.0,224.0,1,ow-0734,,data/metadata/dartis_positive_verifier_crops.csv,1,train,19.631628860074784,159.0,,,224.0
,OIL::ow-0734::ow-0734__obj_003,CONFIRMED_OIL,,,data/external/dartis/processed/verifier_positive/ow/ow-0734__obj_003.png,ow,1.0,224.0,1,ow-0734,,data/metadata/dartis_positive_verifier_crops.csv,1,train,20.02540758025069,151.0,,,224.0
,OIL::ow-0734::ow-0734__obj_004,CONFIRMED_OIL,,,data/external/dartis/processed/verifier_positive/ow/ow-0734__obj_004.png,ow,1.0,224.0,1,ow-0734,,data/metadata/dartis_positive_verifier_crops.csv,1,train,20.07623421863439,162.0,,,224.0
,OIL::ow-0734::ow-0734__obj_005,CONFIRMED_OIL,,,data/external/dartis/processed/verifier_positive/ow/ow-0734__obj_005.png,ow,1.0,224.0,1,ow-0734,,data/metadata/dartis_positive_verifier_crops.csv,1,train,21.09065719450544,160.0,,,224.0
,OIL::ow-0734::ow-0734__obj_006,CONFIRMED_OIL,,,data/external/dartis/processed/verifier_positive/ow/ow-0734__obj_006.png,ow,1.0,224.0,1,ow-0734,,data/metadata/dartis_positive_verifier_crops.csv,1,train,20.25717661767886,178.0,,,224.0
,OIL::ow-0734::ow-0734__obj_007,CONFIRMED_OIL,,,data/external/dartis/processed/verifier_positive/ow/ow-0734__obj_007.png,ow,1.0,224.0,1,ow-0734,,data/metadata/dartis_positive_verifier_crops.csv,1,train,19.63529024426552,156.0,,,224.0
,OIL::ow-0734::ow-0734__obj_008,CONFIRMED_OIL,,,data/external/dartis/processed/verifier_positive/ow/ow-0734__obj_008.png,ow,1.0,224.0,1,ow-0734,,data/metadata/dartis_positive_verifier_crops.csv,1,train,19.681903913980587,202.0,,,224.0
,OIL::ow-0734::ow-0734__obj_009,CONFIRMED_OIL,,,data/external/dartis/processed/verifier_positive/ow/ow-0734__obj_009.png,ow,1.0,224.0,1,ow-0734,,data/metadata/dartis_positive_verifier_crops.csv,1,train,19.55597976634713,164.0,,,224.0
,OIL::ow-0735::ow-0735__obj_001,CONFIRMED_OIL,,,data/external/dartis/processed/verifier_positive/ow/ow-0735__obj_001.png,ow,1.0,224.0,1,ow-0735,,data/metadata/dartis_positive_verifier_crops.csv,1,train,35.148987065944176,225.0,,,224.0
,OIL::ow-0735::ow-0735__obj_002,CONFIRMED_OIL,,,data/external/dartis/processed/verifier_positive/ow/ow-0735__obj_002.png,ow,1.0,224.0,1,ow-0735,,data/metadata/dartis_positive_verifier_crops.csv,1,train,22.46336847674789,196.0,,,224.0
,OIL::ow-0735::ow-0735__obj_003,CONFIRMED_OIL,,,data/external/dartis/processed/verifier_positive/ow/ow-0735__obj_003.png,ow,1.0,224.0,1,ow-0735,,data/metadata/dartis_positive_verifier_crops.csv,1,train,24.162964296903837,191.0,,,224.0
,OIL::ow-0735::ow-0735__obj_004,CONFIRMED_OIL,,,data/external/dartis/processed/verifier_positive/ow/ow-0735__obj_004.png,ow,1.0,224.0,1,ow-0735,,data/metadata/dartis_positive_verifier_crops.csv,1,train,21.16329441657317,192.0,,,224.0
,OIL::ow-0735::ow-0735__obj_005,CONFIRMED_OIL,,,data/external/dartis/processed/verifier_positive/ow/ow-0735__obj_005.png,ow,1.0,224.0,1,ow-0735,,data/metadata/dartis_positive_verifier_crops.csv,1,train,21.25244670303678,195.0,,,224.0
,OIL::ow-0736::ow-0736__obj_001,CONFIRMED_OIL,,,data/external/dartis/processed/verifier_positive/ow/ow-0736__obj_001.png,ow,1.0,224.0,1,ow-0736,,data/metadata/dartis_positive_verifier_crops.csv,1,train,34.12232811147155,223.0,,,224.0
,OIL::ow-0736::ow-0736__obj_002,CONFIRMED_OIL,,,data/external/dartis/processed/verifier_positive/ow/ow-0736__obj_002.png,ow,1.0,224.0,1,ow-0736,,data/metadata/dartis_positive_verifier_crops.csv,1,train,38.17747611503967,231.0,,,224.0
,OIL::ow-0736::ow-0736__obj_003,CONFIRMED_OIL,,,data/external/dartis/processed/verifier_positive/ow/ow-0736__obj_003.png,ow,1.0,224.0,1,ow-0736,,data/metadata/dartis_positive_verifier_crops.csv,1,train,37.1707387243454,234.0,,,224.0
,OIL::ow-0737::ow-0737__obj_001,CONFIRMED_OIL,,,data/external/dartis/processed/verifier_positive/ow/ow-0737__obj_001.png,ow,1.0,224.0,1,ow-0737,,data/metadata/dartis_positive_verifier_crops.csv,1,train,20.292441772300972,175.0,,,224.0
,OIL::ow-0737::ow-0737__obj_002,CONFIRMED_OIL,,,data/external/dartis/processed/verifier_positive/ow/ow-0737__obj_002.png,ow,1.0,224.0,1,ow-0737,,data/metadata/dartis_positive_verifier_crops.csv,1,train,25.47530777289666,189.0,,,224.0
,OIL::ow-0738::ow-0738__obj_001,CONFIRMED_OIL,,,data/external/dartis/processed/verifier_positive/ow/ow-0738__obj_001.png,ow,1.0,224.0,1,ow-0738,,data/metadata/dartis_positive_verifier_crops.csv,1,train,26.30427805854403,227.0,,,224.0
,OIL::ow-0739::ow-0739__obj_001,CONFIRMED_OIL,,,data/external/dartis/processed/verifier_positive/ow/ow-0739__obj_001.png,ow,1.0,224.0,1,ow-0739,,data/metadata/dartis_positive_verifier_crops.csv,1,train,25.056994668174703,209.0,,,224.0
,OIL::ow-0740::ow-0740__obj_001,CONFIRMED_OIL,,,data/external/dartis/processed/verifier_positive/ow/ow-0740__obj_001.png,ow,1.0,224.0,1,ow-0740,,data/metadata/dartis_positive_verifier_crops.csv,1,train,29.000054977493736,219.0,,,224.0
,OIL::ow-0741::ow-0741__obj_001,CONFIRMED_OIL,,,data/external/dartis/processed/verifier_positive/ow/ow-0741__obj_001.png,ow,1.0,224.0,1,ow-0741,,data/metadata/dartis_positive_verifier_crops.csv,1,train,18.18456455219408,162.0,,,224.0
,OIL::ow-0742::ow-0742__obj_001,CONFIRMED_OIL,,,data/external/dartis/processed/verifier_positive/ow/ow-0742__obj_001.png,ow,1.0,224.0,1,ow-0742,,data/metadata/dartis_positive_verifier_crops.csv,1,train,19.667235451321616,133.0,,,224.0
,OIL::ow-0742::ow-0742__obj_002,CONFIRMED_OIL,,,data/external/dartis/processed/verifier_positive/ow/ow-0742__obj_002.png,ow,1.0,224.0,1,ow-0742,,data/metadata/dartis_positive_verifier_crops.csv,1,train,18.247636270213157,132.0,,,224.0
,OIL::ow-0742::ow-0742__obj_003,CONFIRMED_OIL,,,data/external/dartis/processed/verifier_positive/ow/ow-0742__obj_003.png,ow,1.0,224.0,1,ow-0742,,data/metadata/dartis_positive_verifier_crops.csv,1,train,17.644134582941113,128.0,,,224.0
,OIL::ow-0742::ow-0742__obj_004,CONFIRMED_OIL,,,data/external/dartis/processed/verifier_positive/ow/ow-0742__obj_004.png,ow,1.0,224.0,1,ow-0742,,data/metadata/dartis_positive_verifier_crops.csv,1,train,19.46145555609412,144.0,,,224.0
,OIL::ow-0742::ow-0742__obj_005,CONFIRMED_OIL,,,data/external/dartis/processed/verifier_positive/ow/ow-0742__obj_005.png,ow,1.0,224.0,1,ow-0742,,data/metadata/dartis_positive_verifier_crops.csv,1,train,19.86522965333818,147.0,,,224.0
,OIL::ow-0743::ow-0743__obj_001,CONFIRMED_OIL,,,data/external/dartis/processed/verifier_positive/ow/ow-0743__obj_001.png,ow,1.0,224.0,1,ow-0743,,data/metadata/dartis_positive_verifier_crops.csv,1,calibration,20.814475577347235,137.0,,,224.0
,OIL::ow-0744::ow-0744__obj_001,CONFIRMED_OIL,,,data/external/dartis/processed/verifier_positive/ow/ow-0744__obj_001.png,ow,1.0,224.0,1,ow-0744,,data/metadata/dartis_positive_verifier_crops.csv,1,train,23.53284163216478,166.0,,,224.0
,OIL::ow-0745::ow-0745__obj_001,CONFIRMED_OIL,,,data/external/dartis/processed/verifier_positive/ow/ow-0745__obj_001.png,ow,1.0,224.0,1,ow-0745,,data/metadata/dartis_positive_verifier_crops.csv,1,train,20.115102916065737,145.0,,,224.0
,OIL::ow-0745::ow-0745__obj_002,CONFIRMED_OIL,,,data/external/dartis/processed/verifier_positive/ow/ow-0745__obj_002.png,ow,1.0,224.0,1,ow-0745,,data/metadata/dartis_positive_verifier_crops.csv,1,train,20.950396275703355,157.0,,,224.0
,OIL::ow-0746::ow-0746__obj_001,CONFIRMED_OIL,,,data/external/dartis/processed/verifier_positive/ow/ow-0746__obj_001.png,ow,1.0,224.0,1,ow-0746,,data/metadata/dartis_positive_verifier_crops.csv,1,train,22.419501672740488,151.0,,,224.0
,OIL::ow-0746::ow-0746__obj_002,CONFIRMED_OIL,,,data/external/dartis/processed/verifier_positive/ow/ow-0746__obj_002.png,ow,1.0,224.0,1,ow-0746,,data/metadata/dartis_positive_verifier_crops.csv,1,train,23.97653841413021,160.0,,,224.0
,OIL::ow-0746::ow-0746__obj_003,CONFIRMED_OIL,,,data/external/dartis/processed/verifier_positive/ow/ow-0746__obj_003.png,ow,1.0,224.0,1,ow-0746,,data/metadata/dartis_positive_verifier_crops.csv,1,train,29.389101500218334,198.0,,,224.0
,OIL::ow-0747::ow-0747__obj_001,CONFIRMED_OIL,,,data/external/dartis/processed/verifier_positive/ow/ow-0747__obj_001.png,ow,1.0,224.0,1,ow-0747,,data/metadata/dartis_positive_verifier_crops.csv,1,train,22.724718532148856,177.0,,,224.0
,OIL::ow-0747::ow-0747__obj_002,CONFIRMED_OIL,,,data/external/dartis/processed/verifier_positive/ow/ow-0747__obj_002.png,ow,1.0,224.0,1,ow-0747,,data/metadata/dartis_positive_verifier_crops.csv,1,train,24.131728694659188,174.0,,,224.0
,OIL::ow-0747::ow-0747__obj_003,CONFIRMED_OIL,,,data/external/dartis/processed/verifier_positive/ow/ow-0747__obj_003.png,ow,1.0,224.0,1,ow-0747,,data/metadata/dartis_positive_verifier_crops.csv,1,train,19.342802030326304,153.0,,,224.0
,OIL::ow-0748::ow-0748__obj_001,CONFIRMED_OIL,,,data/external/dartis/processed/verifier_positive/ow/ow-0748__obj_001.png,ow,1.0,224.0,1,ow-0748,,data/metadata/dartis_positive_verifier_crops.csv,1,train,27.411327129358504,203.0,,,224.0
,OIL::ow-0748::ow-0748__obj_002,CONFIRMED_OIL,,,data/external/dartis/processed/verifier_positive/ow/ow-0748__obj_002.png,ow,1.0,224.0,1,ow-0748,,data/metadata/dartis_positive_verifier_crops.csv,1,train,31.66760705574608,214.0,,,224.0
,OIL::ow-0749::ow-0749__obj_001,CONFIRMED_OIL,,,data/external/dartis/processed/verifier_positive/ow/ow-0749__obj_001.png,ow,1.0,224.0,1,ow-0749,,data/metadata/dartis_positive_verifier_crops.csv,1,train,20.812420206830797,154.0,,,224.0
,OIL::ow-0750::ow-0750__obj_001,CONFIRMED_OIL,,,data/external/dartis/processed/verifier_positive/ow/ow-0750__obj_001.png,ow,1.0,224.0,1,ow-0750,,data/metadata/dartis_positive_verifier_crops.csv,1,train,24.08813413972822,180.0,,,224.0
,OIL::ow-0751::ow-0751__obj_001,CONFIRMED_OIL,,,data/external/dartis/processed/verifier_positive/ow/ow-0751__obj_001.png,ow,1.0,224.0,1,ow-0751,,data/metadata/dartis_positive_verifier_crops.csv,1,train,17.900484870414562,126.0,,,224.0
,OIL::ow-0752::ow-0752__obj_001,CONFIRMED_OIL,,,data/external/dartis/processed/verifier_positive/ow/ow-0752__obj_001.png,ow,1.0,224.0,1,ow-0752,,data/metadata/dartis_positive_verifier_crops.csv,1,calibration,30.07597282068607,210.0,,,224.0
,OIL::ow-0752::ow-0752__obj_002,CONFIRMED_OIL,,,data/external/dartis/processed/verifier_positive/ow/ow-0752__obj_002.png,ow,1.0,224.0,1,ow-0752,,data/metadata/dartis_positive_verifier_crops.csv,1,calibration,28.11211679185633,213.0,,,224.0
,OIL::ow-0753::ow-0753__obj_001,CONFIRMED_OIL,,,data/external/dartis/processed/verifier_positive/ow/ow-0753__obj_001.png,ow,1.0,224.0,1,ow-0753,,data/metadata/dartis_positive_verifier_crops.csv,1,train,33.99304412421876,209.0,,,224.0
,OIL::ow-0753::ow-0753__obj_002,CONFIRMED_OIL,,,data/external/dartis/processed/verifier_positive/ow/ow-0753__obj_002.png,ow,1.0,224.0,1,ow-0753,,data/metadata/dartis_positive_verifier_crops.csv,1,train,33.12121928142431,196.0,,,224.0
,OIL::ow-0753::ow-0753__obj_003,CONFIRMED_OIL,,,data/external/dartis/processed/verifier_positive/ow/ow-0753__obj_003.png,ow,1.0,224.0,1,ow-0753,,data/metadata/dartis_positive_verifier_crops.csv,1,train,35.95565124882295,217.0,,,224.0
,OIL::ow-0754::ow-0754__obj_001,CONFIRMED_OIL,,,data/external/dartis/processed/verifier_positive/ow/ow-0754__obj_001.png,ow,1.0,224.0,1,ow-0754,,data/metadata/dartis_positive_verifier_crops.csv,1,calibration,10.578969164425487,111.0,,,224.0
,OIL::ow-0754::ow-0754__obj_002,CONFIRMED_OIL,,,data/external/dartis/processed/verifier_positive/ow/ow-0754__obj_002.png,ow,1.0,224.0,1,ow-0754,,data/metadata/dartis_positive_verifier_crops.csv,1,calibration,15.755070677926522,116.0,,,224.0
,OIL::ow-0754::ow-0754__obj_003,CONFIRMED_OIL,,,data/external/dartis/processed/verifier_positive/ow/ow-0754__obj_003.png,ow,1.0,224.0,1,ow-0754,,data/metadata/dartis_positive_verifier_crops.csv,1,calibration,11.029468590157393,103.0,,,224.0
,OIL::ow-0754::ow-0754__obj_004,CONFIRMED_OIL,,,data/external/dartis/processed/verifier_positive/ow/ow-0754__obj_004.png,ow,1.0,224.0,1,ow-0754,,data/metadata/dartis_positive_verifier_crops.csv,1,calibration,9.540658619572348,105.0,,,224.0
,OIL::ow-0754::ow-0754__obj_005,CONFIRMED_OIL,,,data/external/dartis/processed/verifier_positive/ow/ow-0754__obj_005.png,ow,1.0,224.0,1,ow-0754,,data/metadata/dartis_positive_verifier_crops.csv,1,calibration,14.993493212139098,111.0,,,224.0
,OIL::ow-0754::ow-0754__obj_006,CONFIRMED_OIL,,,data/external/dartis/processed/verifier_positive/ow/ow-0754__obj_006.png,ow,1.0,224.0,1,ow-0754,,data/metadata/dartis_positive_verifier_crops.csv,1,calibration,11.294231555156898,101.0,,,224.0
,OIL::ow-0755::ow-0755__obj_001,CONFIRMED_OIL,,,data/external/dartis/processed/verifier_positive/ow/ow-0755__obj_001.png,ow,1.0,224.0,1,ow-0755,,data/metadata/dartis_positive_verifier_crops.csv,1,calibration,33.92263147883816,233.0,,,224.0
,OIL::ow-0756::ow-0756__obj_001,CONFIRMED_OIL,,,data/external/dartis/processed/verifier_positive/ow/ow-0756__obj_001.png,ow,1.0,224.0,1,ow-0756,,data/metadata/dartis_positive_verifier_crops.csv,1,train,25.84610633704721,221.0,,,224.0
,OIL::ow-0757::ow-0757__obj_001,CONFIRMED_OIL,,,data/external/dartis/processed/verifier_positive/ow/ow-0757__obj_001.png,ow,1.0,224.0,1,ow-0757,,data/metadata/dartis_positive_verifier_crops.csv,1,calibration,29.629935147825204,214.0,,,224.0
,OIL::ow-0757::ow-0757__obj_002,CONFIRMED_OIL,,,data/external/dartis/processed/verifier_positive/ow/ow-0757__obj_002.png,ow,1.0,224.0,1,ow-0757,,data/metadata/dartis_positive_verifier_crops.csv,1,calibration,23.89183697905261,192.0,,,224.0
,OIL::ow-0758::ow-0758__obj_001,CONFIRMED_OIL,,,data/external/dartis/processed/verifier_positive/ow/ow-0758__obj_001.png,ow,1.0,224.0,1,ow-0758,,data/metadata/dartis_positive_verifier_crops.csv,1,train,25.058955391006617,230.0,,,224.0
,OIL::ow-0758::ow-0758__obj_002,CONFIRMED_OIL,,,data/external/dartis/processed/verifier_positive/ow/ow-0758__obj_002.png,ow,1.0,224.0,1,ow-0758,,data/metadata/dartis_positive_verifier_crops.csv,1,train,28.457996879680024,229.0,,,224.0
,OIL::ow-0759::ow-0759__obj_001,CONFIRMED_OIL,,,data/external/dartis/processed/verifier_positive/ow/ow-0759__obj_001.png,ow,1.0,224.0,1,ow-0759,,data/metadata/dartis_positive_verifier_crops.csv,1,train,32.61036317367148,224.0,,,224.0
,OIL::ow-0759::ow-0759__obj_002,CONFIRMED_OIL,,,data/external/dartis/processed/verifier_positive/ow/ow-0759__obj_002.png,ow,1.0,224.0,1,ow-0759,,data/metadata/dartis_positive_verifier_crops.csv,1,train,31.35497954128768,221.0,,,224.0
,OIL::ow-0760::ow-0760__obj_001,CONFIRMED_OIL,,,data/external/dartis/processed/verifier_positive/ow/ow-0760__obj_001.png,ow,1.0,224.0,1,ow-0760,,data/metadata/dartis_positive_verifier_crops.csv,1,train,28.86380425697158,134.0,,,224.0
,OIL::ow-0760::ow-0760__obj_002,CONFIRMED_OIL,,,data/external/dartis/processed/verifier_positive/ow/ow-0760__obj_002.png,ow,1.0,224.0,1,ow-0760,,data/metadata/dartis_positive_verifier_crops.csv,1,train,31.74880729310736,161.0,,,224.0
,OIL::ow-0760::ow-0760__obj_003,CONFIRMED_OIL,,,data/external/dartis/processed/verifier_positive/ow/ow-0760__obj_003.png,ow,1.0,224.0,1,ow-0760,,data/metadata/dartis_positive_verifier_crops.csv,1,train,19.12180918102065,123.0,,,224.0
,OIL::ow-0760::ow-0760__obj_004,CONFIRMED_OIL,,,data/external/dartis/processed/verifier_positive/ow/ow-0760__obj_004.png,ow,1.0,224.0,1,ow-0760,,data/metadata/dartis_positive_verifier_crops.csv,1,train,33.677098198427494,153.0,,,224.0
,OIL::ow-0761::ow-0761__obj_001,CONFIRMED_OIL,,,data/external/dartis/processed/verifier_positive/ow/ow-0761__obj_001.png,ow,1.0,224.0,1,ow-0761,,data/metadata/dartis_positive_verifier_crops.csv,1,train,41.08549544682095,229.0,,,224.0
,OIL::ow-0762::ow-0762__obj_001,CONFIRMED_OIL,,,data/external/dartis/processed/verifier_positive/ow/ow-0762__obj_001.png,ow,1.0,224.0,1,ow-0762,,data/metadata/dartis_positive_verifier_crops.csv,1,train,9.744431097123709,64.0,,,224.0
,OIL::ow-0762::ow-0762__obj_002,CONFIRMED_OIL,,,data/external/dartis/processed/verifier_positive/ow/ow-0762__obj_002.png,ow,1.0,224.0,1,ow-0762,,data/metadata/dartis_positive_verifier_crops.csv,1,train,15.421238070435937,70.0,,,224.0
,OIL::ow-0763::ow-0763__obj_001,CONFIRMED_OIL,,,data/external/dartis/processed/verifier_positive/ow/ow-0763__obj_001.png,ow,1.0,224.0,1,ow-0763,,data/metadata/dartis_positive_verifier_crops.csv,1,calibration,29.316173188117347,186.0,,,224.0
,OIL::ow-0764::ow-0764__obj_001,CONFIRMED_OIL,,,data/external/dartis/processed/verifier_positive/ow/ow-0764__obj_001.png,ow,1.0,224.0,1,ow-0764,,data/metadata/dartis_positive_verifier_crops.csv,1,calibration,42.06213326831728,235.0,,,224.0
,OIL::ow-0765::ow-0765__obj_001,CONFIRMED_OIL,,,data/external/dartis/processed/verifier_positive/ow/ow-0765__obj_001.png,ow,1.0,224.0,1,ow-0765,,data/metadata/dartis_positive_verifier_crops.csv,1,train,25.46530707698708,206.0,,,224.0
,OIL::ow-0766::ow-0766__obj_001,CONFIRMED_OIL,,,data/external/dartis/processed/verifier_positive/ow/ow-0766__obj_001.png,ow,1.0,224.0,1,ow-0766,,data/metadata/dartis_positive_verifier_crops.csv,1,calibration,26.93562651555444,214.0,,,224.0
,OIL::ow-0767::ow-0767__obj_001,CONFIRMED_OIL,,,data/external/dartis/processed/verifier_positive/ow/ow-0767__obj_001.png,ow,1.0,224.0,1,ow-0767,,data/metadata/dartis_positive_verifier_crops.csv,1,train,15.471541747684164,130.0,,,224.0
,OIL::ow-0767::ow-0767__obj_002,CONFIRMED_OIL,,,data/external/dartis/processed/verifier_positive/ow/ow-0767__obj_002.png,ow,1.0,224.0,1,ow-0767,,data/metadata/dartis_positive_verifier_crops.csv,1,train,15.074504311169711,151.0,,,224.0
,OIL::ow-0767::ow-0767__obj_003,CONFIRMED_OIL,,,data/external/dartis/processed/verifier_positive/ow/ow-0767__obj_003.png,ow,1.0,224.0,1,ow-0767,,data/metadata/dartis_positive_verifier_crops.csv,1,train,15.383249899811345,152.0,,,224.0
,OIL::ow-0767::ow-0767__obj_004,CONFIRMED_OIL,,,data/external/dartis/processed/verifier_positive/ow/ow-0767__obj_004.png,ow,1.0,224.0,1,ow-0767,,data/metadata/dartis_positive_verifier_crops.csv,1,train,13.707541187088346,145.0,,,224.0
,OIL::ow-0768::ow-0768__obj_001,CONFIRMED_OIL,,,data/external/dartis/processed/verifier_positive/ow/ow-0768__obj_001.png,ow,1.0,224.0,1,ow-0768,,data/metadata/dartis_positive_verifier_crops.csv,1,train,25.029775829032303,197.0,,,224.0
,OIL::ow-0768::ow-0768__obj_002,CONFIRMED_OIL,,,data/external/dartis/processed/verifier_positive/ow/ow-0768__obj_002.png,ow,1.0,224.0,1,ow-0768,,data/metadata/dartis_positive_verifier_crops.csv,1,train,33.87565652179758,211.0,,,224.0
,OIL::ow-0768::ow-0768__obj_003,CONFIRMED_OIL,,,data/external/dartis/processed/verifier_positive/ow/ow-0768__obj_003.png,ow,1.0,224.0,1,ow-0768,,data/metadata/dartis_positive_verifier_crops.csv,1,train,23.807771994631345,193.0,,,224.0
,OIL::ow-0768::ow-0768__obj_004,CONFIRMED_OIL,,,data/external/dartis/processed/verifier_positive/ow/ow-0768__obj_004.png,ow,1.0,224.0,1,ow-0768,,data/metadata/dartis_positive_verifier_crops.csv,1,train,25.702356357562604,221.0,,,224.0
,OIL::ow-0769::ow-0769__obj_001,CONFIRMED_OIL,,,data/external/dartis/processed/verifier_positive/ow/ow-0769__obj_001.png,ow,1.0,224.0,1,ow-0769,,data/metadata/dartis_positive_verifier_crops.csv,1,train,15.37284848135341,209.0,,,224.0
,OIL::ow-0769::ow-0769__obj_002,CONFIRMED_OIL,,,data/external/dartis/processed/verifier_positive/ow/ow-0769__obj_002.png,ow,1.0,224.0,1,ow-0769,,data/metadata/dartis_positive_verifier_crops.csv,1,train,15.82950991761111,128.0,,,224.0
,OIL::ow-0769::ow-0769__obj_003,CONFIRMED_OIL,,,data/external/dartis/processed/verifier_positive/ow/ow-0769__obj_003.png,ow,1.0,224.0,1,ow-0769,,data/metadata/dartis_positive_verifier_crops.csv,1,train,20.345383763625268,127.0,,,224.0
,OIL::ow-0770::ow-0770__obj_001,CONFIRMED_OIL,,,data/external/dartis/processed/verifier_positive/ow/ow-0770__obj_001.png,ow,1.0,224.0,1,ow-0770,,data/metadata/dartis_positive_verifier_crops.csv,1,train,11.056138570979316,101.0,,,224.0
,OIL::ow-0770::ow-0770__obj_002,CONFIRMED_OIL,,,data/external/dartis/processed/verifier_positive/ow/ow-0770__obj_002.png,ow,1.0,224.0,1,ow-0770,,data/metadata/dartis_positive_verifier_crops.csv,1,train,10.436798415741096,99.0,,,224.0
,OIL::ow-0770::ow-0770__obj_003,CONFIRMED_OIL,,,data/external/dartis/processed/verifier_positive/ow/ow-0770__obj_003.png,ow,1.0,224.0,1,ow-0770,,data/metadata/dartis_positive_verifier_crops.csv,1,train,10.41548450199599,91.0,,,224.0
,OIL::ow-0770::ow-0770__obj_004,CONFIRMED_OIL,,,data/external/dartis/processed/verifier_positive/ow/ow-0770__obj_004.png,ow,1.0,224.0,1,ow-0770,,data/metadata/dartis_positive_verifier_crops.csv,1,train,10.658547857915003,91.0,,,224.0
,OIL::ow-0770::ow-0770__obj_005,CONFIRMED_OIL,,,data/external/dartis/processed/verifier_positive/ow/ow-0770__obj_005.png,ow,1.0,224.0,1,ow-0770,,data/metadata/dartis_positive_verifier_crops.csv,1,train,13.67691837743395,109.0,,,224.0
,OIL::ow-0770::ow-0770__obj_006,CONFIRMED_OIL,,,data/external/dartis/processed/verifier_positive/ow/ow-0770__obj_006.png,ow,1.0,224.0,1,ow-0770,,data/metadata/dartis_positive_verifier_crops.csv,1,train,14.36829187332594,105.0,,,224.0
,OIL::ow-0770::ow-0770__obj_007,CONFIRMED_OIL,,,data/external/dartis/processed/verifier_positive/ow/ow-0770__obj_007.png,ow,1.0,224.0,1,ow-0770,,data/metadata/dartis_positive_verifier_crops.csv,1,train,10.185481687848556,99.0,,,224.0
,OIL::ow-0771::ow-0771__obj_001,CONFIRMED_OIL,,,data/external/dartis/processed/verifier_positive/ow/ow-0771__obj_001.png,ow,1.0,224.0,1,ow-0771,,data/metadata/dartis_positive_verifier_crops.csv,1,train,29.548564055639982,223.0,,,224.0
,OIL::ow-0772::ow-0772__obj_001,CONFIRMED_OIL,,,data/external/dartis/processed/verifier_positive/ow/ow-0772__obj_001.png,ow,1.0,224.0,1,ow-0772,,data/metadata/dartis_positive_verifier_crops.csv,1,train,24.03714641648683,194.0,,,224.0
,OIL::ow-0772::ow-0772__obj_002,CONFIRMED_OIL,,,data/external/dartis/processed/verifier_positive/ow/ow-0772__obj_002.png,ow,1.0,224.0,1,ow-0772,,data/metadata/dartis_positive_verifier_crops.csv,1,train,24.66274662939096,194.0,,,224.0
,OIL::ow-0772::ow-0772__obj_003,CONFIRMED_OIL,,,data/external/dartis/processed/verifier_positive/ow/ow-0772__obj_003.png,ow,1.0,224.0,1,ow-0772,,data/metadata/dartis_positive_verifier_crops.csv,1,train,24.9007789624414,195.0,,,224.0
,OIL::ow-0773::ow-0773__obj_001,CONFIRMED_OIL,,,data/external/dartis/processed/verifier_positive/ow/ow-0773__obj_001.png,ow,1.0,224.0,1,ow-0773,,data/metadata/dartis_positive_verifier_crops.csv,1,calibration,28.930989108593497,214.0,,,224.0
,OIL::ow-0773::ow-0773__obj_002,CONFIRMED_OIL,,,data/external/dartis/processed/verifier_positive/ow/ow-0773__obj_002.png,ow,1.0,224.0,1,ow-0773,,data/metadata/dartis_positive_verifier_crops.csv,1,calibration,22.81655717539363,205.0,,,224.0
,OIL::ow-0773::ow-0773__obj_003,CONFIRMED_OIL,,,data/external/dartis/processed/verifier_positive/ow/ow-0773__obj_003.png,ow,1.0,224.0,1,ow-0773,,data/metadata/dartis_positive_verifier_crops.csv,1,calibration,24.47236603137824,201.0,,,224.0
,OIL::ow-0773::ow-0773__obj_004,CONFIRMED_OIL,,,data/external/dartis/processed/verifier_positive/ow/ow-0773__obj_004.png,ow,1.0,224.0,1,ow-0773,,data/metadata/dartis_positive_verifier_crops.csv,1,calibration,25.62254060265767,225.0,,,224.0
,OIL::ow-0774::ow-0774__obj_001,CONFIRMED_OIL,,,data/external/dartis/processed/verifier_positive/ow/ow-0774__obj_001.png,ow,1.0,224.0,1,ow-0774,,data/metadata/dartis_positive_verifier_crops.csv,1,train,31.334404998049067,210.0,,,224.0
,OIL::ow-0775::ow-0775__obj_001,CONFIRMED_OIL,,,data/external/dartis/processed/verifier_positive/ow/ow-0775__obj_001.png,ow,1.0,224.0,1,ow-0775,,data/metadata/dartis_positive_verifier_crops.csv,1,train,13.289634219581634,96.0,,,224.0
,OIL::ow-0776::ow-0776__obj_001,CONFIRMED_OIL,,,data/external/dartis/processed/verifier_positive/ow/ow-0776__obj_001.png,ow,1.0,224.0,1,ow-0776,,data/metadata/dartis_positive_verifier_crops.csv,1,train,24.414794814927635,204.0,,,224.0
,OIL::ow-0776::ow-0776__obj_002,CONFIRMED_OIL,,,data/external/dartis/processed/verifier_positive/ow/ow-0776__obj_002.png,ow,1.0,224.0,1,ow-0776,,data/metadata/dartis_positive_verifier_crops.csv,1,train,25.45103704111412,203.0,,,224.0
,OIL::ow-0776::ow-0776__obj_003,CONFIRMED_OIL,,,data/external/dartis/processed/verifier_positive/ow/ow-0776__obj_003.png,ow,1.0,224.0,1,ow-0776,,data/metadata/dartis_positive_verifier_crops.csv,1,train,25.50917602083707,202.0,,,224.0
,OIL::ow-0776::ow-0776__obj_004,CONFIRMED_OIL,,,data/external/dartis/processed/verifier_positive/ow/ow-0776__obj_004.png,ow,1.0,224.0,1,ow-0776,,data/metadata/dartis_positive_verifier_crops.csv,1,train,33.84092443847393,232.0,,,224.0
,OIL::ow-0777::ow-0777__obj_001,CONFIRMED_OIL,,,data/external/dartis/processed/verifier_positive/ow/ow-0777__obj_001.png,ow,1.0,224.0,1,ow-0777,,data/metadata/dartis_positive_verifier_crops.csv,1,calibration,23.495980346329397,206.0,,,224.0
,OIL::ow-0777::ow-0777__obj_002,CONFIRMED_OIL,,,data/external/dartis/processed/verifier_positive/ow/ow-0777__obj_002.png,ow,1.0,224.0,1,ow-0777,,data/metadata/dartis_positive_verifier_crops.csv,1,calibration,27.41494478556608,213.0,,,224.0
,OIL::ow-0778::ow-0778__obj_001,CONFIRMED_OIL,,,data/external/dartis/processed/verifier_positive/ow/ow-0778__obj_001.png,ow,1.0,224.0,1,ow-0778,,data/metadata/dartis_positive_verifier_crops.csv,1,train,25.153478162629,211.0,,,224.0
,OIL::ow-0778::ow-0778__obj_002,CONFIRMED_OIL,,,data/external/dartis/processed/verifier_positive/ow/ow-0778__obj_002.png,ow,1.0,224.0,1,ow-0778,,data/metadata/dartis_positive_verifier_crops.csv,1,train,26.42420958525344,211.0,,,224.0
,OIL::ow-0779::ow-0779__obj_001,CONFIRMED_OIL,,,data/external/dartis/processed/verifier_positive/ow/ow-0779__obj_001.png,ow,1.0,224.0,1,ow-0779,,data/metadata/dartis_positive_verifier_crops.csv,1,train,13.741157356227257,103.0,,,224.0
,OIL::ow-0779::ow-0779__obj_002,CONFIRMED_OIL,,,data/external/dartis/processed/verifier_positive/ow/ow-0779__obj_002.png,ow,1.0,224.0,1,ow-0779,,data/metadata/dartis_positive_verifier_crops.csv,1,train,12.27958349033667,103.0,,,224.0
,OIL::ow-0779::ow-0779__obj_003,CONFIRMED_OIL,,,data/external/dartis/processed/verifier_positive/ow/ow-0779__obj_003.png,ow,1.0,224.0,1,ow-0779,,data/metadata/dartis_positive_verifier_crops.csv,1,train,12.54026703912668,107.0,,,224.0
,OIL::ow-0779::ow-0779__obj_004,CONFIRMED_OIL,,,data/external/dartis/processed/verifier_positive/ow/ow-0779__obj_004.png,ow,1.0,224.0,1,ow-0779,,data/metadata/dartis_positive_verifier_crops.csv,1,train,12.019538981928974,109.0,,,224.0
,OIL::ow-0780::ow-0780__obj_001,CONFIRMED_OIL,,,data/external/dartis/processed/verifier_positive/ow/ow-0780__obj_001.png,ow,1.0,224.0,1,ow-0780,,data/metadata/dartis_positive_verifier_crops.csv,1,train,30.07734258987606,210.0,,,224.0
,OIL::ow-0781::ow-0781__obj_001,CONFIRMED_OIL,,,data/external/dartis/processed/verifier_positive/ow/ow-0781__obj_001.png,ow,1.0,224.0,1,ow-0781,,data/metadata/dartis_positive_verifier_crops.csv,1,calibration,26.30415537155187,223.0,,,224.0
,OIL::ow-0782::ow-0782__obj_001,CONFIRMED_OIL,,,data/external/dartis/processed/verifier_positive/ow/ow-0782__obj_001.png,ow,1.0,224.0,1,ow-0782,,data/metadata/dartis_positive_verifier_crops.csv,1,train,31.44960373758379,208.0,,,224.0
,OIL::ow-0783::ow-0783__obj_001,CONFIRMED_OIL,,,data/external/dartis/processed/verifier_positive/ow/ow-0783__obj_001.png,ow,1.0,224.0,1,ow-0783,,data/metadata/dartis_positive_verifier_crops.csv,1,train,27.205708577405304,189.0,,,224.0
,OIL::ow-0784::ow-0784__obj_001,CONFIRMED_OIL,,,data/external/dartis/processed/verifier_positive/ow/ow-0784__obj_001.png,ow,1.0,224.0,1,ow-0784,,data/metadata/dartis_positive_verifier_crops.csv,1,train,15.266206057860494,126.0,,,224.0
,OIL::ow-0785::ow-0785__obj_001,CONFIRMED_OIL,,,data/external/dartis/processed/verifier_positive/ow/ow-0785__obj_001.png,ow,1.0,224.0,1,ow-0785,,data/metadata/dartis_positive_verifier_crops.csv,1,calibration,14.499405844700984,119.0,,,224.0
,OIL::ow-0786::ow-0786__obj_001,CONFIRMED_OIL,,,data/external/dartis/processed/verifier_positive/ow/ow-0786__obj_001.png,ow,1.0,224.0,1,ow-0786,,data/metadata/dartis_positive_verifier_crops.csv,1,train,13.293126957943157,161.0,,,224.0
,OIL::ow-0787::ow-0787__obj_001,CONFIRMED_OIL,,,data/external/dartis/processed/verifier_positive/ow/ow-0787__obj_001.png,ow,1.0,224.0,1,ow-0787,,data/metadata/dartis_positive_verifier_crops.csv,1,train,20.20692803630305,138.0,,,224.0
,OIL::ow-0788::ow-0788__obj_001,CONFIRMED_OIL,,,data/external/dartis/processed/verifier_positive/ow/ow-0788__obj_001.png,ow,1.0,224.0,1,ow-0788,,data/metadata/dartis_positive_verifier_crops.csv,1,train,28.257795705365904,201.0,,,224.0
,OIL::ow-0788::ow-0788__obj_002,CONFIRMED_OIL,,,data/external/dartis/processed/verifier_positive/ow/ow-0788__obj_002.png,ow,1.0,224.0,1,ow-0788,,data/metadata/dartis_positive_verifier_crops.csv,1,train,32.700328327300134,220.0,,,224.0
,OIL::ow-0788::ow-0788__obj_003,CONFIRMED_OIL,,,data/external/dartis/processed/verifier_positive/ow/ow-0788__obj_003.png,ow,1.0,224.0,1,ow-0788,,data/metadata/dartis_positive_verifier_crops.csv,1,train,26.239689238616453,201.0,,,224.0
,OIL::ow-0788::ow-0788__obj_004,CONFIRMED_OIL,,,data/external/dartis/processed/verifier_positive/ow/ow-0788__obj_004.png,ow,1.0,224.0,1,ow-0788,,data/metadata/dartis_positive_verifier_crops.csv,1,train,26.01830249117156,223.0,,,224.0
,OIL::ow-0789::ow-0789__obj_001,CONFIRMED_OIL,,,data/external/dartis/processed/verifier_positive/ow/ow-0789__obj_001.png,ow,1.0,224.0,1,ow-0789,,data/metadata/dartis_positive_verifier_crops.csv,1,calibration,15.04649247284662,124.0,,,224.0
,OIL::ow-0789::ow-0789__obj_002,CONFIRMED_OIL,,,data/external/dartis/processed/verifier_positive/ow/ow-0789__obj_002.png,ow,1.0,224.0,1,ow-0789,,data/metadata/dartis_positive_verifier_crops.csv,1,calibration,17.26554159147276,131.0,,,224.0
,OIL::ow-0790::ow-0790__obj_001,CONFIRMED_OIL,,,data/external/dartis/processed/verifier_positive/ow/ow-0790__obj_001.png,ow,1.0,224.0,1,ow-0790,,data/metadata/dartis_positive_verifier_crops.csv,1,train,31.55276738580036,224.0,,,224.0
,OIL::ow-0790::ow-0790__obj_002,CONFIRMED_OIL,,,data/external/dartis/processed/verifier_positive/ow/ow-0790__obj_002.png,ow,1.0,224.0,1,ow-0790,,data/metadata/dartis_positive_verifier_crops.csv,1,train,33.3498023958993,235.0,,,224.0
,OIL::ow-0791::ow-0791__obj_001,CONFIRMED_OIL,,,data/external/dartis/processed/verifier_positive/ow/ow-0791__obj_001.png,ow,1.0,224.0,1,ow-0791,,data/metadata/dartis_positive_verifier_crops.csv,1,train,13.78970372493464,134.0,,,224.0
,OIL::ow-0791::ow-0791__obj_002,CONFIRMED_OIL,,,data/external/dartis/processed/verifier_positive/ow/ow-0791__obj_002.png,ow,1.0,224.0,1,ow-0791,,data/metadata/dartis_positive_verifier_crops.csv,1,train,16.856660891660486,123.0,,,224.0
,OIL::ow-0791::ow-0791__obj_003,CONFIRMED_OIL,,,data/external/dartis/processed/verifier_positive/ow/ow-0791__obj_003.png,ow,1.0,224.0,1,ow-0791,,data/metadata/dartis_positive_verifier_crops.csv,1,train,14.209545339108212,121.0,,,224.0
,OIL::ow-0792::ow-0792__obj_001,CONFIRMED_OIL,,,data/external/dartis/processed/verifier_positive/ow/ow-0792__obj_001.png,ow,1.0,224.0,1,ow-0792,,data/metadata/dartis_positive_verifier_crops.csv,1,train,18.15677084327144,149.0,,,224.0
,OIL::ow-0792::ow-0792__obj_002,CONFIRMED_OIL,,,data/external/dartis/processed/verifier_positive/ow/ow-0792__obj_002.png,ow,1.0,224.0,1,ow-0792,,data/metadata/dartis_positive_verifier_crops.csv,1,train,19.047499306619137,154.0,,,224.0
,OIL::ow-0792::ow-0792__obj_003,CONFIRMED_OIL,,,data/external/dartis/processed/verifier_positive/ow/ow-0792__obj_003.png,ow,1.0,224.0,1,ow-0792,,data/metadata/dartis_positive_verifier_crops.csv,1,train,15.81340351063608,143.0,,,224.0
,OIL::ow-0792::ow-0792__obj_004,CONFIRMED_OIL,,,data/external/dartis/processed/verifier_positive/ow/ow-0792__obj_004.png,ow,1.0,224.0,1,ow-0792,,data/metadata/dartis_positive_verifier_crops.csv,1,train,28.3669019195614,157.0,,,224.0
,OIL::ow-0793::ow-0793__obj_001,CONFIRMED_OIL,,,data/external/dartis/processed/verifier_positive/ow/ow-0793__obj_001.png,ow,1.0,224.0,1,ow-0793,,data/metadata/dartis_positive_verifier_crops.csv,1,train,27.01259535668259,236.0,,,224.0
,OIL::ow-0794::ow-0794__obj_001,CONFIRMED_OIL,,,data/external/dartis/processed/verifier_positive/ow/ow-0794__obj_001.png,ow,1.0,224.0,1,ow-0794,,data/metadata/dartis_positive_verifier_crops.csv,1,train,27.55540149447094,222.0,,,224.0
,OIL::ow-0795::ow-0795__obj_001,CONFIRMED_OIL,,,data/external/dartis/processed/verifier_positive/ow/ow-0795__obj_001.png,ow,1.0,224.0,1,ow-0795,,data/metadata/dartis_positive_verifier_crops.csv,1,train,7.150264577542109,65.0,,,224.0
,OIL::ow-0795::ow-0795__obj_002,CONFIRMED_OIL,,,data/external/dartis/processed/verifier_positive/ow/ow-0795__obj_002.png,ow,1.0,224.0,1,ow-0795,,data/metadata/dartis_positive_verifier_crops.csv,1,train,12.103211850068782,86.0,,,224.0
,OIL::ow-0795::ow-0795__obj_003,CONFIRMED_OIL,,,data/external/dartis/processed/verifier_positive/ow/ow-0795__obj_003.png,ow,1.0,224.0,1,ow-0795,,data/metadata/dartis_positive_verifier_crops.csv,1,train,9.039213528835116,76.0,,,224.0
,OIL::ow-0795::ow-0795__obj_004,CONFIRMED_OIL,,,data/external/dartis/processed/verifier_positive/ow/ow-0795__obj_004.png,ow,1.0,224.0,1,ow-0795,,data/metadata/dartis_positive_verifier_crops.csv,1,train,14.75795446386877,90.0,,,224.0
,OIL::ow-0796::ow-0796__obj_001,CONFIRMED_OIL,,,data/external/dartis/processed/verifier_positive/ow/ow-0796__obj_001.png,ow,1.0,224.0,1,ow-0796,,data/metadata/dartis_positive_verifier_crops.csv,1,train,23.94792376153434,211.0,,,224.0
,OIL::ow-0797::ow-0797__obj_001,CONFIRMED_OIL,,,data/external/dartis/processed/verifier_positive/ow/ow-0797__obj_001.png,ow,1.0,224.0,1,ow-0797,,data/metadata/dartis_positive_verifier_crops.csv,1,train,29.77110943446024,223.0,,,224.0
,OIL::ow-0797::ow-0797__obj_002,CONFIRMED_OIL,,,data/external/dartis/processed/verifier_positive/ow/ow-0797__obj_002.png,ow,1.0,224.0,1,ow-0797,,data/metadata/dartis_positive_verifier_crops.csv,1,train,25.07882409231792,212.0,,,224.0
,OIL::ow-0798::ow-0798__obj_001,CONFIRMED_OIL,,,data/external/dartis/processed/verifier_positive/ow/ow-0798__obj_001.png,ow,1.0,224.0,1,ow-0798,,data/metadata/dartis_positive_verifier_crops.csv,1,train,35.310835304588075,223.0,,,224.0
,OIL::ow-0799::ow-0799__obj_001,CONFIRMED_OIL,,,data/external/dartis/processed/verifier_positive/ow/ow-0799__obj_001.png,ow,1.0,224.0,1,ow-0799,,data/metadata/dartis_positive_verifier_crops.csv,1,train,16.706014129308887,148.0,,,224.0
,OIL::ow-0799::ow-0799__obj_002,CONFIRMED_OIL,,,data/external/dartis/processed/verifier_positive/ow/ow-0799__obj_002.png,ow,1.0,224.0,1,ow-0799,,data/metadata/dartis_positive_verifier_crops.csv,1,train,23.718280414769456,180.0,,,224.0
,OIL::ow-0799::ow-0799__obj_003,CONFIRMED_OIL,,,data/external/dartis/processed/verifier_positive/ow/ow-0799__obj_003.png,ow,1.0,224.0,1,ow-0799,,data/metadata/dartis_positive_verifier_crops.csv,1,train,23.815935760118283,183.0,,,224.0
,OIL::ow-0799::ow-0799__obj_004,CONFIRMED_OIL,,,data/external/dartis/processed/verifier_positive/ow/ow-0799__obj_004.png,ow,1.0,224.0,1,ow-0799,,data/metadata/dartis_positive_verifier_crops.csv,1,train,21.572442129723697,163.0,,,224.0
,OIL::ow-0800::ow-0800__obj_001,CONFIRMED_OIL,,,data/external/dartis/processed/verifier_positive/ow/ow-0800__obj_001.png,ow,1.0,224.0,1,ow-0800,,data/metadata/dartis_positive_verifier_crops.csv,1,calibration,23.33084902827657,206.0,,,224.0
,OIL::ow-0800::ow-0800__obj_002,CONFIRMED_OIL,,,data/external/dartis/processed/verifier_positive/ow/ow-0800__obj_002.png,ow,1.0,224.0,1,ow-0800,,data/metadata/dartis_positive_verifier_crops.csv,1,calibration,26.54241068073489,215.0,,,224.0
,OIL::ow-0801::ow-0801__obj_001,CONFIRMED_OIL,,,data/external/dartis/processed/verifier_positive/ow/ow-0801__obj_001.png,ow,1.0,224.0,1,ow-0801,,data/metadata/dartis_positive_verifier_crops.csv,1,train,27.686013901483005,216.0,,,224.0
,OIL::ow-0801::ow-0801__obj_002,CONFIRMED_OIL,,,data/external/dartis/processed/verifier_positive/ow/ow-0801__obj_002.png,ow,1.0,224.0,1,ow-0801,,data/metadata/dartis_positive_verifier_crops.csv,1,train,25.74934084180686,205.0,,,224.0
,OIL::ow-0801::ow-0801__obj_003,CONFIRMED_OIL,,,data/external/dartis/processed/verifier_positive/ow/ow-0801__obj_003.png,ow,1.0,224.0,1,ow-0801,,data/metadata/dartis_positive_verifier_crops.csv,1,train,25.770313510675717,204.0,,,224.0
,OIL::ow-0802::ow-0802__obj_001,CONFIRMED_OIL,,,data/external/dartis/processed/verifier_positive/ow/ow-0802__obj_001.png,ow,1.0,224.0,1,ow-0802,,data/metadata/dartis_positive_verifier_crops.csv,1,train,9.795887792285738,163.0,,,224.0
,OIL::ow-0803::ow-0803__obj_001,CONFIRMED_OIL,,,data/external/dartis/processed/verifier_positive/ow/ow-0803__obj_001.png,ow,1.0,224.0,1,ow-0803,,data/metadata/dartis_positive_verifier_crops.csv,1,calibration,37.66844360280408,229.0,,,224.0
,OIL::ow-0803::ow-0803__obj_002,CONFIRMED_OIL,,,data/external/dartis/processed/verifier_positive/ow/ow-0803__obj_002.png,ow,1.0,224.0,1,ow-0803,,data/metadata/dartis_positive_verifier_crops.csv,1,calibration,33.30718575728365,230.0,,,224.0
,OIL::ow-0803::ow-0803__obj_003,CONFIRMED_OIL,,,data/external/dartis/processed/verifier_positive/ow/ow-0803__obj_003.png,ow,1.0,224.0,1,ow-0803,,data/metadata/dartis_positive_verifier_crops.csv,1,calibration,27.35894883418358,222.0,,,224.0
,OIL::ow-0804::ow-0804__obj_001,CONFIRMED_OIL,,,data/external/dartis/processed/verifier_positive/ow/ow-0804__obj_001.png,ow,1.0,224.0,1,ow-0804,,data/metadata/dartis_positive_verifier_crops.csv,1,train,21.795560640094585,160.0,,,224.0
,OIL::ow-0804::ow-0804__obj_002,CONFIRMED_OIL,,,data/external/dartis/processed/verifier_positive/ow/ow-0804__obj_002.png,ow,1.0,224.0,1,ow-0804,,data/metadata/dartis_positive_verifier_crops.csv,1,train,21.63555802177296,150.0,,,224.0
,OIL::ow-0804::ow-0804__obj_003,CONFIRMED_OIL,,,data/external/dartis/processed/verifier_positive/ow/ow-0804__obj_003.png,ow,1.0,224.0,1,ow-0804,,data/metadata/dartis_positive_verifier_crops.csv,1,train,22.530572941188936,163.0,,,224.0
,OIL::ow-0805::ow-0805__obj_001,CONFIRMED_OIL,,,data/external/dartis/processed/verifier_positive/ow/ow-0805__obj_001.png,ow,1.0,224.0,1,ow-0805,,data/metadata/dartis_positive_verifier_crops.csv,1,calibration,28.121425297581617,206.0,,,224.0
,OIL::ow-0806::ow-0806__obj_001,CONFIRMED_OIL,,,data/external/dartis/processed/verifier_positive/ow/ow-0806__obj_001.png,ow,1.0,224.0,1,ow-0806,,data/metadata/dartis_positive_verifier_crops.csv,1,train,28.635364459080957,207.0,,,224.0
,OIL::ow-0807::ow-0807__obj_001,CONFIRMED_OIL,,,data/external/dartis/processed/verifier_positive/ow/ow-0807__obj_001.png,ow,1.0,224.0,1,ow-0807,,data/metadata/dartis_positive_verifier_crops.csv,1,train,22.790833146715908,170.0,,,224.0
,OIL::ow-0807::ow-0807__obj_002,CONFIRMED_OIL,,,data/external/dartis/processed/verifier_positive/ow/ow-0807__obj_002.png,ow,1.0,224.0,1,ow-0807,,data/metadata/dartis_positive_verifier_crops.csv,1,train,27.68962004770562,174.0,,,224.0
,OIL::ow-0808::ow-0808__obj_001,CONFIRMED_OIL,,,data/external/dartis/processed/verifier_positive/ow/ow-0808__obj_001.png,ow,1.0,224.0,1,ow-0808,,data/metadata/dartis_positive_verifier_crops.csv,1,train,17.918388150291605,185.0,,,224.0
,OIL::ow-0809::ow-0809__obj_001,CONFIRMED_OIL,,,data/external/dartis/processed/verifier_positive/ow/ow-0809__obj_001.png,ow,1.0,224.0,1,ow-0809,,data/metadata/dartis_positive_verifier_crops.csv,1,train,16.39957785540148,183.0,,,224.0
,OIL::ow-0810::ow-0810__obj_001,CONFIRMED_OIL,,,data/external/dartis/processed/verifier_positive/ow/ow-0810__obj_001.png,ow,1.0,224.0,1,ow-0810,,data/metadata/dartis_positive_verifier_crops.csv,1,train,23.0599231478789,198.0,,,224.0
,OIL::ow-0810::ow-0810__obj_002,CONFIRMED_OIL,,,data/external/dartis/processed/verifier_positive/ow/ow-0810__obj_002.png,ow,1.0,224.0,1,ow-0810,,data/metadata/dartis_positive_verifier_crops.csv,1,train,23.031153527489675,195.0,,,224.0
,OIL::ow-0811::ow-0811__obj_001,CONFIRMED_OIL,,,data/external/dartis/processed/verifier_positive/ow/ow-0811__obj_001.png,ow,1.0,224.0,1,ow-0811,,data/metadata/dartis_positive_verifier_crops.csv,1,train,40.71874941750841,221.0,,,224.0
,OIL::ow-0811::ow-0811__obj_002,CONFIRMED_OIL,,,data/external/dartis/processed/verifier_positive/ow/ow-0811__obj_002.png,ow,1.0,224.0,1,ow-0811,,data/metadata/dartis_positive_verifier_crops.csv,1,train,41.41284228523696,221.0,,,224.0
,OIL::ow-0812::ow-0812__obj_001,CONFIRMED_OIL,,,data/external/dartis/processed/verifier_positive/ow/ow-0812__obj_001.png,ow,1.0,224.0,1,ow-0812,,data/metadata/dartis_positive_verifier_crops.csv,1,train,28.20637862662783,192.0,,,224.0
,OIL::ow-0813::ow-0813__obj_001,CONFIRMED_OIL,,,data/external/dartis/processed/verifier_positive/ow/ow-0813__obj_001.png,ow,1.0,224.0,1,ow-0813,,data/metadata/dartis_positive_verifier_crops.csv,1,train,9.87393384976879,98.0,,,224.0
,OIL::ow-0814::ow-0814__obj_001,CONFIRMED_OIL,,,data/external/dartis/processed/verifier_positive/ow/ow-0814__obj_001.png,ow,1.0,224.0,1,ow-0814,,data/metadata/dartis_positive_verifier_crops.csv,1,train,13.949246805096214,164.0,,,224.0
,OIL::ow-0815::ow-0815__obj_001,CONFIRMED_OIL,,,data/external/dartis/processed/verifier_positive/ow/ow-0815__obj_001.png,ow,1.0,224.0,1,ow-0815,,data/metadata/dartis_positive_verifier_crops.csv,1,train,25.606711392627453,185.0,,,224.0
,OIL::ow-0815::ow-0815__obj_002,CONFIRMED_OIL,,,data/external/dartis/processed/verifier_positive/ow/ow-0815__obj_002.png,ow,1.0,224.0,1,ow-0815,,data/metadata/dartis_positive_verifier_crops.csv,1,train,23.30994120490545,192.0,,,224.0
,OIL::ow-0816::ow-0816__obj_001,CONFIRMED_OIL,,,data/external/dartis/processed/verifier_positive/ow/ow-0816__obj_001.png,ow,1.0,224.0,1,ow-0816,,data/metadata/dartis_positive_verifier_crops.csv,1,train,19.480080063571435,155.0,,,224.0
,OIL::ow-0817::ow-0817__obj_001,CONFIRMED_OIL,,,data/external/dartis/processed/verifier_positive/ow/ow-0817__obj_001.png,ow,1.0,224.0,1,ow-0817,,data/metadata/dartis_positive_verifier_crops.csv,1,train,23.76937100784069,204.0,,,224.0
,OIL::ow-0817::ow-0817__obj_002,CONFIRMED_OIL,,,data/external/dartis/processed/verifier_positive/ow/ow-0817__obj_002.png,ow,1.0,224.0,1,ow-0817,,data/metadata/dartis_positive_verifier_crops.csv,1,train,22.96060079710387,200.0,,,224.0
,OIL::ow-0817::ow-0817__obj_003,CONFIRMED_OIL,,,data/external/dartis/processed/verifier_positive/ow/ow-0817__obj_003.png,ow,1.0,224.0,1,ow-0817,,data/metadata/dartis_positive_verifier_crops.csv,1,train,21.368269744404277,163.0,,,224.0
,OIL::ow-0817::ow-0817__obj_004,CONFIRMED_OIL,,,data/external/dartis/processed/verifier_positive/ow/ow-0817__obj_004.png,ow,1.0,224.0,1,ow-0817,,data/metadata/dartis_positive_verifier_crops.csv,1,train,20.78811453914356,179.0,,,224.0
,OIL::ow-0818::ow-0818__obj_001,CONFIRMED_OIL,,,data/external/dartis/processed/verifier_positive/ow/ow-0818__obj_001.png,ow,1.0,224.0,1,ow-0818,,data/metadata/dartis_positive_verifier_crops.csv,1,train,23.585389732376665,167.0,,,224.0
,OIL::ow-0818::ow-0818__obj_002,CONFIRMED_OIL,,,data/external/dartis/processed/verifier_positive/ow/ow-0818__obj_002.png,ow,1.0,224.0,1,ow-0818,,data/metadata/dartis_positive_verifier_crops.csv,1,train,26.148482946441217,217.0,,,224.0
,OIL::ow-0818::ow-0818__obj_003,CONFIRMED_OIL,,,data/external/dartis/processed/verifier_positive/ow/ow-0818__obj_003.png,ow,1.0,224.0,1,ow-0818,,data/metadata/dartis_positive_verifier_crops.csv,1,train,25.571182268429872,156.0,,,224.0
,OIL::ow-0819::ow-0819__obj_001,CONFIRMED_OIL,,,data/external/dartis/processed/verifier_positive/ow/ow-0819__obj_001.png,ow,1.0,224.0,1,ow-0819,,data/metadata/dartis_positive_verifier_crops.csv,1,train,14.601170167364948,99.0,,,224.0
,OIL::ow-0819::ow-0819__obj_002,CONFIRMED_OIL,,,data/external/dartis/processed/verifier_positive/ow/ow-0819__obj_002.png,ow,1.0,224.0,1,ow-0819,,data/metadata/dartis_positive_verifier_crops.csv,1,train,13.31632844925062,98.0,,,224.0
,OIL::ow-0819::ow-0819__obj_003,CONFIRMED_OIL,,,data/external/dartis/processed/verifier_positive/ow/ow-0819__obj_003.png,ow,1.0,224.0,1,ow-0819,,data/metadata/dartis_positive_verifier_crops.csv,1,train,13.610088842800751,98.0,,,224.0
,OIL::ow-0819::ow-0819__obj_004,CONFIRMED_OIL,,,data/external/dartis/processed/verifier_positive/ow/ow-0819__obj_004.png,ow,1.0,224.0,1,ow-0819,,data/metadata/dartis_positive_verifier_crops.csv,1,train,13.620125847508488,102.0,,,224.0
,OIL::ow-0820::ow-0820__obj_001,CONFIRMED_OIL,,,data/external/dartis/processed/verifier_positive/ow/ow-0820__obj_001.png,ow,1.0,224.0,1,ow-0820,,data/metadata/dartis_positive_verifier_crops.csv,1,train,20.07625305728404,231.0,,,224.0
,OIL::ow-0821::ow-0821__obj_001,CONFIRMED_OIL,,,data/external/dartis/processed/verifier_positive/ow/ow-0821__obj_001.png,ow,1.0,224.0,1,ow-0821,,data/metadata/dartis_positive_verifier_crops.csv,1,train,10.019631041292012,95.0,,,224.0
,OIL::ow-0821::ow-0821__obj_003,CONFIRMED_OIL,,,data/external/dartis/processed/verifier_positive/ow/ow-0821__obj_003.png,ow,1.0,224.0,1,ow-0821,,data/metadata/dartis_positive_verifier_crops.csv,1,train,21.766622955331037,230.0,,,224.0
,OIL::ow-0821::ow-0821__obj_004,CONFIRMED_OIL,,,data/external/dartis/processed/verifier_positive/ow/ow-0821__obj_004.png,ow,1.0,224.0,1,ow-0821,,data/metadata/dartis_positive_verifier_crops.csv,1,train,13.203870601909143,98.0,,,224.0
,OIL::ow-0822::ow-0822__obj_001,CONFIRMED_OIL,,,data/external/dartis/processed/verifier_positive/ow/ow-0822__obj_001.png,ow,1.0,224.0,1,ow-0822,,data/metadata/dartis_positive_verifier_crops.csv,1,train,24.871469203836572,187.0,,,224.0
,OIL::ow-0823::ow-0823__obj_001,CONFIRMED_OIL,,,data/external/dartis/processed/verifier_positive/ow/ow-0823__obj_001.png,ow,1.0,224.0,1,ow-0823,,data/metadata/dartis_positive_verifier_crops.csv,1,calibration,22.6323851792786,182.0,,,224.0
,OIL::ow-0824::ow-0824__obj_001,CONFIRMED_OIL,,,data/external/dartis/processed/verifier_positive/ow/ow-0824__obj_001.png,ow,1.0,224.0,1,ow-0824,,data/metadata/dartis_positive_verifier_crops.csv,1,train,32.75290463177548,174.0,,,224.0
,OIL::ow-0824::ow-0824__obj_002,CONFIRMED_OIL,,,data/external/dartis/processed/verifier_positive/ow/ow-0824__obj_002.png,ow,1.0,224.0,1,ow-0824,,data/metadata/dartis_positive_verifier_crops.csv,1,train,35.24770917995494,196.0,,,224.0
,OIL::ow-0824::ow-0824__obj_003,CONFIRMED_OIL,,,data/external/dartis/processed/verifier_positive/ow/ow-0824__obj_003.png,ow,1.0,224.0,1,ow-0824,,data/metadata/dartis_positive_verifier_crops.csv,1,train,27.2165959203752,193.0,,,224.0
,OIL::ow-0825::ow-0825__obj_001,CONFIRMED_OIL,,,data/external/dartis/processed/verifier_positive/ow/ow-0825__obj_001.png,ow,1.0,224.0,1,ow-0825,,data/metadata/dartis_positive_verifier_crops.csv,1,train,28.030886325091508,187.0,,,224.0
,OIL::ow-0826::ow-0826__obj_001,CONFIRMED_OIL,,,data/external/dartis/processed/verifier_positive/ow/ow-0826__obj_001.png,ow,1.0,224.0,1,ow-0826,,data/metadata/dartis_positive_verifier_crops.csv,1,train,32.434086786134586,216.0,,,224.0
,OIL::ow-0826::ow-0826__obj_002,CONFIRMED_OIL,,,data/external/dartis/processed/verifier_positive/ow/ow-0826__obj_002.png,ow,1.0,224.0,1,ow-0826,,data/metadata/dartis_positive_verifier_crops.csv,1,train,32.60416147809294,218.0,,,224.0
,OIL::ow-0826::ow-0826__obj_003,CONFIRMED_OIL,,,data/external/dartis/processed/verifier_positive/ow/ow-0826__obj_003.png,ow,1.0,224.0,1,ow-0826,,data/metadata/dartis_positive_verifier_crops.csv,1,train,35.99609199877558,223.0,,,224.0
,OIL::ow-0827::ow-0827__obj_001,CONFIRMED_OIL,,,data/external/dartis/processed/verifier_positive/ow/ow-0827__obj_001.png,ow,1.0,224.0,1,ow-0827,,data/metadata/dartis_positive_verifier_crops.csv,1,train,9.471805327470344,79.0,,,224.0
,OIL::ow-0828::ow-0828__obj_001,CONFIRMED_OIL,,,data/external/dartis/processed/verifier_positive/ow/ow-0828__obj_001.png,ow,1.0,224.0,1,ow-0828,,data/metadata/dartis_positive_verifier_crops.csv,1,train,13.774096926999894,102.0,,,224.0
,OIL::ow-0829::ow-0829__obj_001,CONFIRMED_OIL,,,data/external/dartis/processed/verifier_positive/ow/ow-0829__obj_001.png,ow,1.0,224.0,1,ow-0829,,data/metadata/dartis_positive_verifier_crops.csv,1,train,23.61636257248131,214.0,,,224.0
,OIL::ow-0830::ow-0830__obj_001,CONFIRMED_OIL,,,data/external/dartis/processed/verifier_positive/ow/ow-0830__obj_001.png,ow,1.0,224.0,1,ow-0830,,data/metadata/dartis_positive_verifier_crops.csv,1,train,14.472625116338948,113.0,,,224.0
,OIL::ow-0830::ow-0830__obj_002,CONFIRMED_OIL,,,data/external/dartis/processed/verifier_positive/ow/ow-0830__obj_002.png,ow,1.0,224.0,1,ow-0830,,data/metadata/dartis_positive_verifier_crops.csv,1,train,15.976485351486614,117.0,,,224.0
,OIL::ow-0831::ow-0831__obj_001,CONFIRMED_OIL,,,data/external/dartis/processed/verifier_positive/ow/ow-0831__obj_001.png,ow,1.0,224.0,1,ow-0831,,data/metadata/dartis_positive_verifier_crops.csv,1,train,21.40286250944412,244.0,,,224.0
,OIL::ow-0831::ow-0831__obj_002,CONFIRMED_OIL,,,data/external/dartis/processed/verifier_positive/ow/ow-0831__obj_002.png,ow,1.0,224.0,1,ow-0831,,data/metadata/dartis_positive_verifier_crops.csv,1,train,12.067256044264916,142.0,,,224.0
,OIL::ow-0832::ow-0832__obj_001,CONFIRMED_OIL,,,data/external/dartis/processed/verifier_positive/ow/ow-0832__obj_001.png,ow,1.0,224.0,1,ow-0832,,data/metadata/dartis_positive_verifier_crops.csv,1,calibration,36.4661894456515,225.0,,,224.0
,OIL::ow-0833::ow-0833__obj_001,CONFIRMED_OIL,,,data/external/dartis/processed/verifier_positive/ow/ow-0833__obj_001.png,ow,1.0,224.0,1,ow-0833,,data/metadata/dartis_positive_verifier_crops.csv,1,calibration,22.9167414371031,192.0,,,224.0
,OIL::ow-0833::ow-0833__obj_002,CONFIRMED_OIL,,,data/external/dartis/processed/verifier_positive/ow/ow-0833__obj_002.png,ow,1.0,224.0,1,ow-0833,,data/metadata/dartis_positive_verifier_crops.csv,1,calibration,31.29712008460429,197.0,,,224.0
,OIL::ow-0834::ow-0834__obj_001,CONFIRMED_OIL,,,data/external/dartis/processed/verifier_positive/ow/ow-0834__obj_001.png,ow,1.0,224.0,1,ow-0834,,data/metadata/dartis_positive_verifier_crops.csv,1,train,9.936094696599518,88.0,,,224.0
,OIL::ow-0835::ow-0835__obj_001,CONFIRMED_OIL,,,data/external/dartis/processed/verifier_positive/ow/ow-0835__obj_001.png,ow,1.0,224.0,1,ow-0835,,data/metadata/dartis_positive_verifier_crops.csv,1,calibration,36.52771839304727,219.0,,,224.0
,OIL::ow-0835::ow-0835__obj_002,CONFIRMED_OIL,,,data/external/dartis/processed/verifier_positive/ow/ow-0835__obj_002.png,ow,1.0,224.0,1,ow-0835,,data/metadata/dartis_positive_verifier_crops.csv,1,calibration,31.618959473766854,230.0,,,224.0
,OIL::ow-0836::ow-0836__obj_001,CONFIRMED_OIL,,,data/external/dartis/processed/verifier_positive/ow/ow-0836__obj_001.png,ow,1.0,224.0,1,ow-0836,,data/metadata/dartis_positive_verifier_crops.csv,1,train,12.32705249079894,130.0,,,224.0
,OIL::ow-0837::ow-0837__obj_001,CONFIRMED_OIL,,,data/external/dartis/processed/verifier_positive/ow/ow-0837__obj_001.png,ow,1.0,224.0,1,ow-0837,,data/metadata/dartis_positive_verifier_crops.csv,1,train,24.334479968299025,182.0,,,224.0
,OIL::ow-0838::ow-0838__obj_001,CONFIRMED_OIL,,,data/external/dartis/processed/verifier_positive/ow/ow-0838__obj_001.png,ow,1.0,224.0,1,ow-0838,,data/metadata/dartis_positive_verifier_crops.csv,1,train,30.32135261370743,220.0,,,224.0
,OIL::ow-0839::ow-0839__obj_001,CONFIRMED_OIL,,,data/external/dartis/processed/verifier_positive/ow/ow-0839__obj_001.png,ow,1.0,224.0,1,ow-0839,,data/metadata/dartis_positive_verifier_crops.csv,1,train,12.139862462961364,105.0,,,224.0
,OIL::ow-0840::ow-0840__obj_001,CONFIRMED_OIL,,,data/external/dartis/processed/verifier_positive/ow/ow-0840__obj_001.png,ow,1.0,224.0,1,ow-0840,,data/metadata/dartis_positive_verifier_crops.csv,1,train,35.45862046586013,240.0,,,224.0
,OIL::ow-0840::ow-0840__obj_002,CONFIRMED_OIL,,,data/external/dartis/processed/verifier_positive/ow/ow-0840__obj_002.png,ow,1.0,224.0,1,ow-0840,,data/metadata/dartis_positive_verifier_crops.csv,1,train,28.769390780084034,243.0,,,224.0
,OIL::ow-0840::ow-0840__obj_003,CONFIRMED_OIL,,,data/external/dartis/processed/verifier_positive/ow/ow-0840__obj_003.png,ow,1.0,224.0,1,ow-0840,,data/metadata/dartis_positive_verifier_crops.csv,1,train,25.697100079307805,208.0,,,224.0
,OIL::ow-0841::ow-0841__obj_001,CONFIRMED_OIL,,,data/external/dartis/processed/verifier_positive/ow/ow-0841__obj_001.png,ow,1.0,224.0,1,ow-0841,,data/metadata/dartis_positive_verifier_crops.csv,1,calibration,24.217335023560256,219.0,,,224.0
,OIL::ow-0841::ow-0841__obj_002,CONFIRMED_OIL,,,data/external/dartis/processed/verifier_positive/ow/ow-0841__obj_002.png,ow,1.0,224.0,1,ow-0841,,data/metadata/dartis_positive_verifier_crops.csv,1,calibration,22.04671951095927,219.0,,,224.0
,OIL::ow-0842::ow-0842__obj_001,CONFIRMED_OIL,,,data/external/dartis/processed/verifier_positive/ow/ow-0842__obj_001.png,ow,1.0,224.0,1,ow-0842,,data/metadata/dartis_positive_verifier_crops.csv,1,calibration,30.072244808133167,240.0,,,224.0
,OIL::ow-0842::ow-0842__obj_002,CONFIRMED_OIL,,,data/external/dartis/processed/verifier_positive/ow/ow-0842__obj_002.png,ow,1.0,224.0,1,ow-0842,,data/metadata/dartis_positive_verifier_crops.csv,1,calibration,30.07724449111597,245.0,,,224.0
,OIL::ow-0842::ow-0842__obj_003,CONFIRMED_OIL,,,data/external/dartis/processed/verifier_positive/ow/ow-0842__obj_003.png,ow,1.0,224.0,1,ow-0842,,data/metadata/dartis_positive_verifier_crops.csv,1,calibration,24.587149489615214,230.0,,,224.0
,OIL::ow-0843::ow-0843__obj_001,CONFIRMED_OIL,,,data/external/dartis/processed/verifier_positive/ow/ow-0843__obj_001.png,ow,1.0,224.0,1,ow-0843,,data/metadata/dartis_positive_verifier_crops.csv,1,train,37.63591412988917,223.0,,,224.0
,OIL::ow-0844::ow-0844__obj_001,CONFIRMED_OIL,,,data/external/dartis/processed/verifier_positive/ow/ow-0844__obj_001.png,ow,1.0,224.0,1,ow-0844,,data/metadata/dartis_positive_verifier_crops.csv,1,calibration,33.96704700019026,204.0,,,224.0
,OIL::ow-0845::ow-0845__obj_001,CONFIRMED_OIL,,,data/external/dartis/processed/verifier_positive/ow/ow-0845__obj_001.png,ow,1.0,224.0,1,ow-0845,,data/metadata/dartis_positive_verifier_crops.csv,1,calibration,32.22409667010469,241.0,,,224.0
,OIL::ow-0846::ow-0846__obj_001,CONFIRMED_OIL,,,data/external/dartis/processed/verifier_positive/ow/ow-0846__obj_001.png,ow,1.0,224.0,1,ow-0846,,data/metadata/dartis_positive_verifier_crops.csv,1,train,27.844177569285996,217.0,,,224.0
,OIL::ow-0846::ow-0846__obj_002,CONFIRMED_OIL,,,data/external/dartis/processed/verifier_positive/ow/ow-0846__obj_002.png,ow,1.0,224.0,1,ow-0846,,data/metadata/dartis_positive_verifier_crops.csv,1,train,30.097654550305407,218.0,,,224.0
,OIL::ow-0846::ow-0846__obj_003,CONFIRMED_OIL,,,data/external/dartis/processed/verifier_positive/ow/ow-0846__obj_003.png,ow,1.0,224.0,1,ow-0846,,data/metadata/dartis_positive_verifier_crops.csv,1,train,27.881078378896287,211.0,,,224.0
,OIL::ow-0847::ow-0847__obj_001,CONFIRMED_OIL,,,data/external/dartis/processed/verifier_positive/ow/ow-0847__obj_001.png,ow,1.0,224.0,1,ow-0847,,data/metadata/dartis_positive_verifier_crops.csv,1,train,33.15172340189694,232.0,,,224.0
,OIL::ow-0848::ow-0848__obj_001,CONFIRMED_OIL,,,data/external/dartis/processed/verifier_positive/ow/ow-0848__obj_001.png,ow,1.0,224.0,1,ow-0848,,data/metadata/dartis_positive_verifier_crops.csv,1,train,29.62987824190708,220.0,,,224.0
,OIL::ow-0849::ow-0849__obj_001,CONFIRMED_OIL,,,data/external/dartis/processed/verifier_positive/ow/ow-0849__obj_001.png,ow,1.0,224.0,1,ow-0849,,data/metadata/dartis_positive_verifier_crops.csv,1,train,12.95161031936549,127.0,,,224.0
,OIL::ow-0849::ow-0849__obj_002,CONFIRMED_OIL,,,data/external/dartis/processed/verifier_positive/ow/ow-0849__obj_002.png,ow,1.0,224.0,1,ow-0849,,data/metadata/dartis_positive_verifier_crops.csv,1,train,24.012116152238352,176.0,,,224.0
,OIL::ow-0849::ow-0849__obj_003,CONFIRMED_OIL,,,data/external/dartis/processed/verifier_positive/ow/ow-0849__obj_003.png,ow,1.0,224.0,1,ow-0849,,data/metadata/dartis_positive_verifier_crops.csv,1,train,22.630406728423296,179.0,,,224.0
,OIL::ow-0849::ow-0849__obj_004,CONFIRMED_OIL,,,data/external/dartis/processed/verifier_positive/ow/ow-0849__obj_004.png,ow,1.0,224.0,1,ow-0849,,data/metadata/dartis_positive_verifier_crops.csv,1,train,20.74089923490904,181.0,,,224.0
,OIL::ow-0849::ow-0849__obj_005,CONFIRMED_OIL,,,data/external/dartis/processed/verifier_positive/ow/ow-0849__obj_005.png,ow,1.0,224.0,1,ow-0849,,data/metadata/dartis_positive_verifier_crops.csv,1,train,20.60887048879568,176.0,,,224.0
,OIL::ow-0850::ow-0850__obj_001,CONFIRMED_OIL,,,data/external/dartis/processed/verifier_positive/ow/ow-0850__obj_001.png,ow,1.0,224.0,1,ow-0850,,data/metadata/dartis_positive_verifier_crops.csv,1,train,20.63728462969203,123.0,,,224.0
,OIL::ow-0850::ow-0850__obj_002,CONFIRMED_OIL,,,data/external/dartis/processed/verifier_positive/ow/ow-0850__obj_002.png,ow,1.0,224.0,1,ow-0850,,data/metadata/dartis_positive_verifier_crops.csv,1,train,18.36475289773766,95.0,,,224.0
,OIL::ow-0850::ow-0850__obj_003,CONFIRMED_OIL,,,data/external/dartis/processed/verifier_positive/ow/ow-0850__obj_003.png,ow,1.0,224.0,1,ow-0850,,data/metadata/dartis_positive_verifier_crops.csv,1,train,20.33963905698185,126.0,,,224.0
,OIL::ow-0851::ow-0851__obj_001,CONFIRMED_OIL,,,data/external/dartis/processed/verifier_positive/ow/ow-0851__obj_001.png,ow,1.0,224.0,1,ow-0851,,data/metadata/dartis_positive_verifier_crops.csv,1,train,24.699228473402574,137.0,,,224.0
,OIL::ow-0852::ow-0852__obj_001,CONFIRMED_OIL,,,data/external/dartis/processed/verifier_positive/ow/ow-0852__obj_001.png,ow,1.0,224.0,1,ow-0852,,data/metadata/dartis_positive_verifier_crops.csv,1,calibration,28.40268700240153,210.0,,,224.0
,OIL::ow-0852::ow-0852__obj_002,CONFIRMED_OIL,,,data/external/dartis/processed/verifier_positive/ow/ow-0852__obj_002.png,ow,1.0,224.0,1,ow-0852,,data/metadata/dartis_positive_verifier_crops.csv,1,calibration,19.06171654005,134.0,,,224.0
,OIL::ow-0853::ow-0853__obj_001,CONFIRMED_OIL,,,data/external/dartis/processed/verifier_positive/ow/ow-0853__obj_001.png,ow,1.0,224.0,1,ow-0853,,data/metadata/dartis_positive_verifier_crops.csv,1,train,32.771702203036064,232.0,,,224.0
,OIL::ow-0853::ow-0853__obj_002,CONFIRMED_OIL,,,data/external/dartis/processed/verifier_positive/ow/ow-0853__obj_002.png,ow,1.0,224.0,1,ow-0853,,data/metadata/dartis_positive_verifier_crops.csv,1,train,31.647317959728174,228.0,,,224.0
,OIL::ow-0854::ow-0854__obj_001,CONFIRMED_OIL,,,data/external/dartis/processed/verifier_positive/ow/ow-0854__obj_001.png,ow,1.0,224.0,1,ow-0854,,data/metadata/dartis_positive_verifier_crops.csv,1,train,26.48886072613623,176.0,,,224.0
,OIL::ow-0854::ow-0854__obj_002,CONFIRMED_OIL,,,data/external/dartis/processed/verifier_positive/ow/ow-0854__obj_002.png,ow,1.0,224.0,1,ow-0854,,data/metadata/dartis_positive_verifier_crops.csv,1,train,21.591747083124982,169.0,,,224.0
,OIL::ow-0855::ow-0855__obj_001,CONFIRMED_OIL,,,data/external/dartis/processed/verifier_positive/ow/ow-0855__obj_001.png,ow,1.0,224.0,1,ow-0855,,data/metadata/dartis_positive_verifier_crops.csv,1,train,23.38428894837225,187.0,,,224.0
,OIL::ow-0855::ow-0855__obj_002,CONFIRMED_OIL,,,data/external/dartis/processed/verifier_positive/ow/ow-0855__obj_002.png,ow,1.0,224.0,1,ow-0855,,data/metadata/dartis_positive_verifier_crops.csv,1,train,28.68671577453089,199.0,,,224.0
,OIL::ow-0856::ow-0856__obj_001,CONFIRMED_OIL,,,data/external/dartis/processed/verifier_positive/ow/ow-0856__obj_001.png,ow,1.0,224.0,1,ow-0856,,data/metadata/dartis_positive_verifier_crops.csv,1,train,29.44840031515831,223.0,,,224.0
,OIL::ow-0856::ow-0856__obj_002,CONFIRMED_OIL,,,data/external/dartis/processed/verifier_positive/ow/ow-0856__obj_002.png,ow,1.0,224.0,1,ow-0856,,data/metadata/dartis_positive_verifier_crops.csv,1,train,39.98011833514895,238.0,,,224.0
,OIL::ow-0857::ow-0857__obj_001,CONFIRMED_OIL,,,data/external/dartis/processed/verifier_positive/ow/ow-0857__obj_001.png,ow,1.0,224.0,1,ow-0857,,data/metadata/dartis_positive_verifier_crops.csv,1,calibration,32.994290644900786,235.0,,,224.0
,OIL::ow-0857::ow-0857__obj_002,CONFIRMED_OIL,,,data/external/dartis/processed/verifier_positive/ow/ow-0857__obj_002.png,ow,1.0,224.0,1,ow-0857,,data/metadata/dartis_positive_verifier_crops.csv,1,calibration,31.73107005356705,234.0,,,224.0
,OIL::ow-0858::ow-0858__obj_001,CONFIRMED_OIL,,,data/external/dartis/processed/verifier_positive/ow/ow-0858__obj_001.png,ow,1.0,224.0,1,ow-0858,,data/metadata/dartis_positive_verifier_crops.csv,1,train,24.505544723101647,178.0,,,224.0
,OIL::ow-0858::ow-0858__obj_002,CONFIRMED_OIL,,,data/external/dartis/processed/verifier_positive/ow/ow-0858__obj_002.png,ow,1.0,224.0,1,ow-0858,,data/metadata/dartis_positive_verifier_crops.csv,1,train,25.566537014020767,156.0,,,224.0
,OIL::ow-0858::ow-0858__obj_003,CONFIRMED_OIL,,,data/external/dartis/processed/verifier_positive/ow/ow-0858__obj_003.png,ow,1.0,224.0,1,ow-0858,,data/metadata/dartis_positive_verifier_crops.csv,1,train,26.410818692810384,199.0,,,224.0
,OIL::ow-0858::ow-0858__obj_004,CONFIRMED_OIL,,,data/external/dartis/processed/verifier_positive/ow/ow-0858__obj_004.png,ow,1.0,224.0,1,ow-0858,,data/metadata/dartis_positive_verifier_crops.csv,1,train,30.64240293995055,199.0,,,224.0
,OIL::ow-0858::ow-0858__obj_005,CONFIRMED_OIL,,,data/external/dartis/processed/verifier_positive/ow/ow-0858__obj_005.png,ow,1.0,224.0,1,ow-0858,,data/metadata/dartis_positive_verifier_crops.csv,1,train,27.465672992975723,200.0,,,224.0
,OIL::ow-0858::ow-0858__obj_006,CONFIRMED_OIL,,,data/external/dartis/processed/verifier_positive/ow/ow-0858__obj_006.png,ow,1.0,224.0,1,ow-0858,,data/metadata/dartis_positive_verifier_crops.csv,1,train,25.883137059437868,189.0,,,224.0
,OIL::ow-0858::ow-0858__obj_007,CONFIRMED_OIL,,,data/external/dartis/processed/verifier_positive/ow/ow-0858__obj_007.png,ow,1.0,224.0,1,ow-0858,,data/metadata/dartis_positive_verifier_crops.csv,1,train,22.033139261416885,135.0,,,224.0
,OIL::ow-0858::ow-0858__obj_008,CONFIRMED_OIL,,,data/external/dartis/processed/verifier_positive/ow/ow-0858__obj_008.png,ow,1.0,224.0,1,ow-0858,,data/metadata/dartis_positive_verifier_crops.csv,1,train,27.56917171391318,172.0,,,224.0
,OIL::ow-0858::ow-0858__obj_009,CONFIRMED_OIL,,,data/external/dartis/processed/verifier_positive/ow/ow-0858__obj_009.png,ow,1.0,224.0,1,ow-0858,,data/metadata/dartis_positive_verifier_crops.csv,1,train,31.87251170691983,205.0,,,224.0
,OIL::ow-0858::ow-0858__obj_010,CONFIRMED_OIL,,,data/external/dartis/processed/verifier_positive/ow/ow-0858__obj_010.png,ow,1.0,224.0,1,ow-0858,,data/metadata/dartis_positive_verifier_crops.csv,1,train,32.77853109383922,207.0,,,224.0
,OIL::ow-0859::ow-0859__obj_001,CONFIRMED_OIL,,,data/external/dartis/processed/verifier_positive/ow/ow-0859__obj_001.png,ow,1.0,224.0,1,ow-0859,,data/metadata/dartis_positive_verifier_crops.csv,1,calibration,24.039748015724253,177.0,,,224.0
,OIL::ow-0859::ow-0859__obj_002,CONFIRMED_OIL,,,data/external/dartis/processed/verifier_positive/ow/ow-0859__obj_002.png,ow,1.0,224.0,1,ow-0859,,data/metadata/dartis_positive_verifier_crops.csv,1,calibration,22.05749745937989,163.0,,,224.0
,OIL::ow-0859::ow-0859__obj_003,CONFIRMED_OIL,,,data/external/dartis/processed/verifier_positive/ow/ow-0859__obj_003.png,ow,1.0,224.0,1,ow-0859,,data/metadata/dartis_positive_verifier_crops.csv,1,calibration,23.524200924525285,153.0,,,224.0
,OIL::ow-0859::ow-0859__obj_004,CONFIRMED_OIL,,,data/external/dartis/processed/verifier_positive/ow/ow-0859__obj_004.png,ow,1.0,224.0,1,ow-0859,,data/metadata/dartis_positive_verifier_crops.csv,1,calibration,27.255323915155063,195.0,,,224.0
,OIL::ow-0860::ow-0860__obj_001,CONFIRMED_OIL,,,data/external/dartis/processed/verifier_positive/ow/ow-0860__obj_001.png,ow,1.0,224.0,1,ow-0860,,data/metadata/dartis_positive_verifier_crops.csv,1,train,26.110632207167107,189.0,,,224.0
,OIL::ow-0861::ow-0861__obj_001,CONFIRMED_OIL,,,data/external/dartis/processed/verifier_positive/ow/ow-0861__obj_001.png,ow,1.0,224.0,1,ow-0861,,data/metadata/dartis_positive_verifier_crops.csv,1,train,15.4622537335767,126.0,,,224.0
,OIL::ow-0861::ow-0861__obj_002,CONFIRMED_OIL,,,data/external/dartis/processed/verifier_positive/ow/ow-0861__obj_002.png,ow,1.0,224.0,1,ow-0861,,data/metadata/dartis_positive_verifier_crops.csv,1,train,12.530757166404133,109.0,,,224.0
,OIL::ow-0861::ow-0861__obj_003,CONFIRMED_OIL,,,data/external/dartis/processed/verifier_positive/ow/ow-0861__obj_003.png,ow,1.0,224.0,1,ow-0861,,data/metadata/dartis_positive_verifier_crops.csv,1,train,16.303401323898893,121.0,,,224.0
,OIL::ow-0861::ow-0861__obj_004,CONFIRMED_OIL,,,data/external/dartis/processed/verifier_positive/ow/ow-0861__obj_004.png,ow,1.0,224.0,1,ow-0861,,data/metadata/dartis_positive_verifier_crops.csv,1,train,17.001710665314075,121.0,,,224.0
,OIL::ow-0861::ow-0861__obj_005,CONFIRMED_OIL,,,data/external/dartis/processed/verifier_positive/ow/ow-0861__obj_005.png,ow,1.0,224.0,1,ow-0861,,data/metadata/dartis_positive_verifier_crops.csv,1,train,16.7181763284319,121.0,,,224.0
,OIL::ow-0861::ow-0861__obj_006,CONFIRMED_OIL,,,data/external/dartis/processed/verifier_positive/ow/ow-0861__obj_006.png,ow,1.0,224.0,1,ow-0861,,data/metadata/dartis_positive_verifier_crops.csv,1,train,18.14666214274826,122.0,,,224.0
,OIL::ow-0861::ow-0861__obj_007,CONFIRMED_OIL,,,data/external/dartis/processed/verifier_positive/ow/ow-0861__obj_007.png,ow,1.0,224.0,1,ow-0861,,data/metadata/dartis_positive_verifier_crops.csv,1,train,15.055335759269235,126.0,,,224.0
,OIL::ow-0861::ow-0861__obj_008,CONFIRMED_OIL,,,data/external/dartis/processed/verifier_positive/ow/ow-0861__obj_008.png,ow,1.0,224.0,1,ow-0861,,data/metadata/dartis_positive_verifier_crops.csv,1,train,14.46603421870646,120.0,,,224.0
,OIL::ow-0861::ow-0861__obj_009,CONFIRMED_OIL,,,data/external/dartis/processed/verifier_positive/ow/ow-0861__obj_009.png,ow,1.0,224.0,1,ow-0861,,data/metadata/dartis_positive_verifier_crops.csv,1,train,11.160047597456604,97.0,,,224.0
,OIL::ow-0861::ow-0861__obj_010,CONFIRMED_OIL,,,data/external/dartis/processed/verifier_positive/ow/ow-0861__obj_010.png,ow,1.0,224.0,1,ow-0861,,data/metadata/dartis_positive_verifier_crops.csv,1,train,9.026993246158863,76.0,,,224.0
,OIL::ow-0861::ow-0861__obj_011,CONFIRMED_OIL,,,data/external/dartis/processed/verifier_positive/ow/ow-0861__obj_011.png,ow,1.0,224.0,1,ow-0861,,data/metadata/dartis_positive_verifier_crops.csv,1,train,15.143392445021895,116.0,,,224.0
,OIL::ow-0861::ow-0861__obj_012,CONFIRMED_OIL,,,data/external/dartis/processed/verifier_positive/ow/ow-0861__obj_012.png,ow,1.0,224.0,1,ow-0861,,data/metadata/dartis_positive_verifier_crops.csv,1,train,15.52261464712443,116.0,,,224.0
,OIL::ow-0861::ow-0861__obj_013,CONFIRMED_OIL,,,data/external/dartis/processed/verifier_positive/ow/ow-0861__obj_013.png,ow,1.0,224.0,1,ow-0861,,data/metadata/dartis_positive_verifier_crops.csv,1,train,13.762604579155436,110.0,,,224.0
,OIL::ow-0861::ow-0861__obj_014,CONFIRMED_OIL,,,data/external/dartis/processed/verifier_positive/ow/ow-0861__obj_014.png,ow,1.0,224.0,1,ow-0861,,data/metadata/dartis_positive_verifier_crops.csv,1,train,14.499139894948405,112.0,,,224.0
,OIL::ow-0861::ow-0861__obj_015,CONFIRMED_OIL,,,data/external/dartis/processed/verifier_positive/ow/ow-0861__obj_015.png,ow,1.0,224.0,1,ow-0861,,data/metadata/dartis_positive_verifier_crops.csv,1,train,13.468427649798215,105.0,,,224.0
,OIL::ow-0861::ow-0861__obj_016,CONFIRMED_OIL,,,data/external/dartis/processed/verifier_positive/ow/ow-0861__obj_016.png,ow,1.0,224.0,1,ow-0861,,data/metadata/dartis_positive_verifier_crops.csv,1,train,14.100808655951743,110.0,,,224.0
,OIL::ow-0861::ow-0861__obj_017,CONFIRMED_OIL,,,data/external/dartis/processed/verifier_positive/ow/ow-0861__obj_017.png,ow,1.0,224.0,1,ow-0861,,data/metadata/dartis_positive_verifier_crops.csv,1,train,16.168766400297972,120.0,,,224.0
,OIL::ow-0861::ow-0861__obj_018,CONFIRMED_OIL,,,data/external/dartis/processed/verifier_positive/ow/ow-0861__obj_018.png,ow,1.0,224.0,1,ow-0861,,data/metadata/dartis_positive_verifier_crops.csv,1,train,15.701284776174456,118.0,,,224.0
,OIL::ow-0861::ow-0861__obj_019,CONFIRMED_OIL,,,data/external/dartis/processed/verifier_positive/ow/ow-0861__obj_019.png,ow,1.0,224.0,1,ow-0861,,data/metadata/dartis_positive_verifier_crops.csv,1,train,14.592698378851242,113.0,,,224.0
,OIL::ow-0861::ow-0861__obj_020,CONFIRMED_OIL,,,data/external/dartis/processed/verifier_positive/ow/ow-0861__obj_020.png,ow,1.0,224.0,1,ow-0861,,data/metadata/dartis_positive_verifier_crops.csv,1,train,14.311761178565256,118.0,,,224.0
,OIL::ow-0861::ow-0861__obj_021,CONFIRMED_OIL,,,data/external/dartis/processed/verifier_positive/ow/ow-0861__obj_021.png,ow,1.0,224.0,1,ow-0861,,data/metadata/dartis_positive_verifier_crops.csv,1,train,14.491114649312262,110.0,,,224.0
,OIL::ow-0861::ow-0861__obj_022,CONFIRMED_OIL,,,data/external/dartis/processed/verifier_positive/ow/ow-0861__obj_022.png,ow,1.0,224.0,1,ow-0861,,data/metadata/dartis_positive_verifier_crops.csv,1,train,15.030359686834435,121.0,,,224.0
,OIL::ow-0861::ow-0861__obj_023,CONFIRMED_OIL,,,data/external/dartis/processed/verifier_positive/ow/ow-0861__obj_023.png,ow,1.0,224.0,1,ow-0861,,data/metadata/dartis_positive_verifier_crops.csv,1,train,13.62675619150475,106.0,,,224.0
,OIL::ow-0861::ow-0861__obj_024,CONFIRMED_OIL,,,data/external/dartis/processed/verifier_positive/ow/ow-0861__obj_024.png,ow,1.0,224.0,1,ow-0861,,data/metadata/dartis_positive_verifier_crops.csv,1,train,14.422434337546392,111.0,,,224.0
,OIL::ow-0862::ow-0862__obj_001,CONFIRMED_OIL,,,data/external/dartis/processed/verifier_positive/ow/ow-0862__obj_001.png,ow,1.0,224.0,1,ow-0862,,data/metadata/dartis_positive_verifier_crops.csv,1,train,26.771256339040765,227.0,,,224.0
,OIL::ow-0862::ow-0862__obj_002,CONFIRMED_OIL,,,data/external/dartis/processed/verifier_positive/ow/ow-0862__obj_002.png,ow,1.0,224.0,1,ow-0862,,data/metadata/dartis_positive_verifier_crops.csv,1,train,29.345896062521145,214.0,,,224.0
,OIL::ow-0862::ow-0862__obj_003,CONFIRMED_OIL,,,data/external/dartis/processed/verifier_positive/ow/ow-0862__obj_003.png,ow,1.0,224.0,1,ow-0862,,data/metadata/dartis_positive_verifier_crops.csv,1,train,23.64173435650694,207.0,,,224.0
,OIL::ow-0863::ow-0863__obj_001,CONFIRMED_OIL,,,data/external/dartis/processed/verifier_positive/ow/ow-0863__obj_001.png,ow,1.0,224.0,1,ow-0863,,data/metadata/dartis_positive_verifier_crops.csv,1,train,33.08635302375079,221.0,,,224.0
,OIL::ow-0864::ow-0864__obj_001,CONFIRMED_OIL,,,data/external/dartis/processed/verifier_positive/ow/ow-0864__obj_001.png,ow,1.0,224.0,1,ow-0864,,data/metadata/dartis_positive_verifier_crops.csv,1,calibration,29.02413576255745,204.0,,,224.0
,OIL::ow-0864::ow-0864__obj_002,CONFIRMED_OIL,,,data/external/dartis/processed/verifier_positive/ow/ow-0864__obj_002.png,ow,1.0,224.0,1,ow-0864,,data/metadata/dartis_positive_verifier_crops.csv,1,calibration,24.69437729096125,206.0,,,224.0
,OIL::ow-0865::ow-0865__obj_001,CONFIRMED_OIL,,,data/external/dartis/processed/verifier_positive/ow/ow-0865__obj_001.png,ow,1.0,224.0,1,ow-0865,,data/metadata/dartis_positive_verifier_crops.csv,1,train,13.127961429996946,105.0,,,224.0
,OIL::ow-0865::ow-0865__obj_002,CONFIRMED_OIL,,,data/external/dartis/processed/verifier_positive/ow/ow-0865__obj_002.png,ow,1.0,224.0,1,ow-0865,,data/metadata/dartis_positive_verifier_crops.csv,1,train,7.205683840710225,61.0,,,224.0
,OIL::ow-0866::ow-0866__obj_001,CONFIRMED_OIL,,,data/external/dartis/processed/verifier_positive/ow/ow-0866__obj_001.png,ow,1.0,224.0,1,ow-0866,,data/metadata/dartis_positive_verifier_crops.csv,1,calibration,26.90481052682744,197.0,,,224.0
,OIL::ow-0867::ow-0867__obj_001,CONFIRMED_OIL,,,data/external/dartis/processed/verifier_positive/ow/ow-0867__obj_001.png,ow,1.0,224.0,1,ow-0867,,data/metadata/dartis_positive_verifier_crops.csv,1,train,31.168645885511484,203.0,,,224.0
,OIL::ow-0867::ow-0867__obj_002,CONFIRMED_OIL,,,data/external/dartis/processed/verifier_positive/ow/ow-0867__obj_002.png,ow,1.0,224.0,1,ow-0867,,data/metadata/dartis_positive_verifier_crops.csv,1,train,31.526865188048426,203.0,,,224.0
,OIL::ow-0867::ow-0867__obj_003,CONFIRMED_OIL,,,data/external/dartis/processed/verifier_positive/ow/ow-0867__obj_003.png,ow,1.0,224.0,1,ow-0867,,data/metadata/dartis_positive_verifier_crops.csv,1,train,28.94023224609172,212.0,,,224.0
,OIL::ow-0867::ow-0867__obj_004,CONFIRMED_OIL,,,data/external/dartis/processed/verifier_positive/ow/ow-0867__obj_004.png,ow,1.0,224.0,1,ow-0867,,data/metadata/dartis_positive_verifier_crops.csv,1,train,31.304236407680037,221.0,,,224.0
,OIL::ow-0867::ow-0867__obj_005,CONFIRMED_OIL,,,data/external/dartis/processed/verifier_positive/ow/ow-0867__obj_005.png,ow,1.0,224.0,1,ow-0867,,data/metadata/dartis_positive_verifier_crops.csv,1,train,26.335454292481703,209.0,,,224.0
,OIL::ow-0868::ow-0868__obj_001,CONFIRMED_OIL,,,data/external/dartis/processed/verifier_positive/ow/ow-0868__obj_001.png,ow,1.0,224.0,1,ow-0868,,data/metadata/dartis_positive_verifier_crops.csv,1,train,14.487358815707813,153.0,,,224.0
,OIL::ow-0868::ow-0868__obj_002,CONFIRMED_OIL,,,data/external/dartis/processed/verifier_positive/ow/ow-0868__obj_002.png,ow,1.0,224.0,1,ow-0868,,data/metadata/dartis_positive_verifier_crops.csv,1,train,19.365058735768987,178.0,,,224.0
,OIL::ow-0868::ow-0868__obj_003,CONFIRMED_OIL,,,data/external/dartis/processed/verifier_positive/ow/ow-0868__obj_003.png,ow,1.0,224.0,1,ow-0868,,data/metadata/dartis_positive_verifier_crops.csv,1,train,26.06613903372961,221.0,,,224.0
,OIL::ow-0868::ow-0868__obj_004,CONFIRMED_OIL,,,data/external/dartis/processed/verifier_positive/ow/ow-0868__obj_004.png,ow,1.0,224.0,1,ow-0868,,data/metadata/dartis_positive_verifier_crops.csv,1,train,23.40729546772226,192.0,,,224.0
,OIL::ow-0868::ow-0868__obj_005,CONFIRMED_OIL,,,data/external/dartis/processed/verifier_positive/ow/ow-0868__obj_005.png,ow,1.0,224.0,1,ow-0868,,data/metadata/dartis_positive_verifier_crops.csv,1,train,25.07726665166386,219.0,,,224.0
,OIL::ow-0868::ow-0868__obj_006,CONFIRMED_OIL,,,data/external/dartis/processed/verifier_positive/ow/ow-0868__obj_006.png,ow,1.0,224.0,1,ow-0868,,data/metadata/dartis_positive_verifier_crops.csv,1,train,25.415003153054663,225.0,,,224.0
,OIL::ow-0869::ow-0869__obj_001,CONFIRMED_OIL,,,data/external/dartis/processed/verifier_positive/ow/ow-0869__obj_001.png,ow,1.0,224.0,1,ow-0869,,data/metadata/dartis_positive_verifier_crops.csv,1,calibration,13.054069780966255,108.0,,,224.0
,OIL::ow-0870::ow-0870__obj_001,CONFIRMED_OIL,,,data/external/dartis/processed/verifier_positive/ow/ow-0870__obj_001.png,ow,1.0,224.0,1,ow-0870,,data/metadata/dartis_positive_verifier_crops.csv,1,calibration,26.27217442286118,218.0,,,224.0
,OIL::ow-0871::ow-0871__obj_001,CONFIRMED_OIL,,,data/external/dartis/processed/verifier_positive/ow/ow-0871__obj_001.png,ow,1.0,224.0,1,ow-0871,,data/metadata/dartis_positive_verifier_crops.csv,1,train,15.441942850997473,121.0,,,224.0
,OIL::ow-0871::ow-0871__obj_002,CONFIRMED_OIL,,,data/external/dartis/processed/verifier_positive/ow/ow-0871__obj_002.png,ow,1.0,224.0,1,ow-0871,,data/metadata/dartis_positive_verifier_crops.csv,1,train,14.333315588658444,127.0,,,224.0
,OIL::ow-0871::ow-0871__obj_003,CONFIRMED_OIL,,,data/external/dartis/processed/verifier_positive/ow/ow-0871__obj_003.png,ow,1.0,224.0,1,ow-0871,,data/metadata/dartis_positive_verifier_crops.csv,1,train,13.36696552004927,169.0,,,224.0
,OIL::ow-0871::ow-0871__obj_004,CONFIRMED_OIL,,,data/external/dartis/processed/verifier_positive/ow/ow-0871__obj_004.png,ow,1.0,224.0,1,ow-0871,,data/metadata/dartis_positive_verifier_crops.csv,1,train,24.266291238641653,241.0,,,224.0
,OIL::ow-0872::ow-0872__obj_001,CONFIRMED_OIL,,,data/external/dartis/processed/verifier_positive/ow/ow-0872__obj_001.png,ow,1.0,224.0,1,ow-0872,,data/metadata/dartis_positive_verifier_crops.csv,1,train,26.53695940946271,193.0,,,224.0
,OIL::ow-0872::ow-0872__obj_002,CONFIRMED_OIL,,,data/external/dartis/processed/verifier_positive/ow/ow-0872__obj_002.png,ow,1.0,224.0,1,ow-0872,,data/metadata/dartis_positive_verifier_crops.csv,1,train,28.3594828676894,207.0,,,224.0
,OIL::ow-0873::ow-0873__obj_001,CONFIRMED_OIL,,,data/external/dartis/processed/verifier_positive/ow/ow-0873__obj_001.png,ow,1.0,224.0,1,ow-0873,,data/metadata/dartis_positive_verifier_crops.csv,1,train,21.55896083306083,215.0,,,224.0
,OIL::ow-0873::ow-0873__obj_002,CONFIRMED_OIL,,,data/external/dartis/processed/verifier_positive/ow/ow-0873__obj_002.png,ow,1.0,224.0,1,ow-0873,,data/metadata/dartis_positive_verifier_crops.csv,1,train,23.579506313134598,232.0,,,224.0
,OIL::ow-0874::ow-0874__obj_001,CONFIRMED_OIL,,,data/external/dartis/processed/verifier_positive/ow/ow-0874__obj_001.png,ow,1.0,224.0,1,ow-0874,,data/metadata/dartis_positive_verifier_crops.csv,1,train,12.739281609984944,124.0,,,224.0
,OIL::ow-0874::ow-0874__obj_002,CONFIRMED_OIL,,,data/external/dartis/processed/verifier_positive/ow/ow-0874__obj_002.png,ow,1.0,224.0,1,ow-0874,,data/metadata/dartis_positive_verifier_crops.csv,1,train,13.327731225199848,100.0,,,224.0
,OIL::ow-0874::ow-0874__obj_003,CONFIRMED_OIL,,,data/external/dartis/processed/verifier_positive/ow/ow-0874__obj_003.png,ow,1.0,224.0,1,ow-0874,,data/metadata/dartis_positive_verifier_crops.csv,1,train,15.110769852240296,187.0,,,224.0
,OIL::ow-0874::ow-0874__obj_004,CONFIRMED_OIL,,,data/external/dartis/processed/verifier_positive/ow/ow-0874__obj_004.png,ow,1.0,224.0,1,ow-0874,,data/metadata/dartis_positive_verifier_crops.csv,1,train,11.038776662737968,94.0,,,224.0
,OIL::ow-0875::ow-0875__obj_001,CONFIRMED_OIL,,,data/external/dartis/processed/verifier_positive/ow/ow-0875__obj_001.png,ow,1.0,224.0,1,ow-0875,,data/metadata/dartis_positive_verifier_crops.csv,1,train,23.03171216352863,233.0,,,224.0
,OIL::ow-0875::ow-0875__obj_002,CONFIRMED_OIL,,,data/external/dartis/processed/verifier_positive/ow/ow-0875__obj_002.png,ow,1.0,224.0,1,ow-0875,,data/metadata/dartis_positive_verifier_crops.csv,1,train,17.774852562562316,124.0,,,224.0
,OIL::ow-0875::ow-0875__obj_003,CONFIRMED_OIL,,,data/external/dartis/processed/verifier_positive/ow/ow-0875__obj_003.png,ow,1.0,224.0,1,ow-0875,,data/metadata/dartis_positive_verifier_crops.csv,1,train,19.039088005229697,130.0,,,224.0
,OIL::ow-0876::ow-0876__obj_001,CONFIRMED_OIL,,,data/external/dartis/processed/verifier_positive/ow/ow-0876__obj_001.png,ow,1.0,224.0,1,ow-0876,,data/metadata/dartis_positive_verifier_crops.csv,1,train,34.48101567809317,235.0,,,224.0
,OIL::ow-0876::ow-0876__obj_002,CONFIRMED_OIL,,,data/external/dartis/processed/verifier_positive/ow/ow-0876__obj_002.png,ow,1.0,224.0,1,ow-0876,,data/metadata/dartis_positive_verifier_crops.csv,1,train,27.9198133665667,217.0,,,224.0
,OIL::ow-0876::ow-0876__obj_003,CONFIRMED_OIL,,,data/external/dartis/processed/verifier_positive/ow/ow-0876__obj_003.png,ow,1.0,224.0,1,ow-0876,,data/metadata/dartis_positive_verifier_crops.csv,1,train,27.61550034563748,215.0,,,224.0
,OIL::ow-0876::ow-0876__obj_004,CONFIRMED_OIL,,,data/external/dartis/processed/verifier_positive/ow/ow-0876__obj_004.png,ow,1.0,224.0,1,ow-0876,,data/metadata/dartis_positive_verifier_crops.csv,1,train,27.720120354837636,211.0,,,224.0
,OIL::ow-0877::ow-0877__obj_001,CONFIRMED_OIL,,,data/external/dartis/processed/verifier_positive/ow/ow-0877__obj_001.png,ow,1.0,224.0,1,ow-0877,,data/metadata/dartis_positive_verifier_crops.csv,1,train,13.082097263010963,142.0,,,224.0
,OIL::ow-0878::ow-0878__obj_001,CONFIRMED_OIL,,,data/external/dartis/processed/verifier_positive/ow/ow-0878__obj_001.png,ow,1.0,224.0,1,ow-0878,,data/metadata/dartis_positive_verifier_crops.csv,1,train,28.35667712624075,231.0,,,224.0
,OIL::ow-0878::ow-0878__obj_002,CONFIRMED_OIL,,,data/external/dartis/processed/verifier_positive/ow/ow-0878__obj_002.png,ow,1.0,224.0,1,ow-0878,,data/metadata/dartis_positive_verifier_crops.csv,1,train,26.97450212811501,219.0,,,224.0
,OIL::ow-0879::ow-0879__obj_001,CONFIRMED_OIL,,,data/external/dartis/processed/verifier_positive/ow/ow-0879__obj_001.png,ow,1.0,224.0,1,ow-0879,,data/metadata/dartis_positive_verifier_crops.csv,1,train,4.939876094053111,67.0,,,224.0
,OIL::ow-0880::ow-0880__obj_001,CONFIRMED_OIL,,,data/external/dartis/processed/verifier_positive/ow/ow-0880__obj_001.png,ow,1.0,224.0,1,ow-0880,,data/metadata/dartis_positive_verifier_crops.csv,1,train,26.6617712882778,206.0,,,224.0
,OIL::ow-0880::ow-0880__obj_002,CONFIRMED_OIL,,,data/external/dartis/processed/verifier_positive/ow/ow-0880__obj_002.png,ow,1.0,224.0,1,ow-0880,,data/metadata/dartis_positive_verifier_crops.csv,1,train,30.12597803196922,220.0,,,224.0
,OIL::ow-0880::ow-0880__obj_003,CONFIRMED_OIL,,,data/external/dartis/processed/verifier_positive/ow/ow-0880__obj_003.png,ow,1.0,224.0,1,ow-0880,,data/metadata/dartis_positive_verifier_crops.csv,1,train,20.833917782064702,183.0,,,224.0
,OIL::ow-0881::ow-0881__obj_001,CONFIRMED_OIL,,,data/external/dartis/processed/verifier_positive/ow/ow-0881__obj_001.png,ow,1.0,224.0,1,ow-0881,,data/metadata/dartis_positive_verifier_crops.csv,1,calibration,20.47113480071823,182.0,,,224.0
,OIL::ow-0882::ow-0882__obj_001,CONFIRMED_OIL,,,data/external/dartis/processed/verifier_positive/ow/ow-0882__obj_001.png,ow,1.0,224.0,1,ow-0882,,data/metadata/dartis_positive_verifier_crops.csv,1,train,16.155263449486885,139.0,,,224.0
,OIL::ow-0883::ow-0883__obj_001,CONFIRMED_OIL,,,data/external/dartis/processed/verifier_positive/ow/ow-0883__obj_001.png,ow,1.0,224.0,1,ow-0883,,data/metadata/dartis_positive_verifier_crops.csv,1,train,25.396878214187332,221.0,,,224.0
,OIL::ow-0884::ow-0884__obj_001,CONFIRMED_OIL,,,data/external/dartis/processed/verifier_positive/ow/ow-0884__obj_001.png,ow,1.0,224.0,1,ow-0884,,data/metadata/dartis_positive_verifier_crops.csv,1,train,17.073691528042794,128.0,,,224.0
,OIL::ow-0884::ow-0884__obj_002,CONFIRMED_OIL,,,data/external/dartis/processed/verifier_positive/ow/ow-0884__obj_002.png,ow,1.0,224.0,1,ow-0884,,data/metadata/dartis_positive_verifier_crops.csv,1,train,16.406829426341815,126.0,,,224.0
,OIL::ow-0885::ow-0885__obj_001,CONFIRMED_OIL,,,data/external/dartis/processed/verifier_positive/ow/ow-0885__obj_001.png,ow,1.0,224.0,1,ow-0885,,data/metadata/dartis_positive_verifier_crops.csv,1,calibration,26.36807989322065,185.0,,,224.0
,OIL::ow-0885::ow-0885__obj_002,CONFIRMED_OIL,,,data/external/dartis/processed/verifier_positive/ow/ow-0885__obj_002.png,ow,1.0,224.0,1,ow-0885,,data/metadata/dartis_positive_verifier_crops.csv,1,calibration,27.61269176364865,187.0,,,224.0
,OIL::ow-0885::ow-0885__obj_003,CONFIRMED_OIL,,,data/external/dartis/processed/verifier_positive/ow/ow-0885__obj_003.png,ow,1.0,224.0,1,ow-0885,,data/metadata/dartis_positive_verifier_crops.csv,1,calibration,34.28727896092651,244.0,,,224.0
,OIL::ow-0885::ow-0885__obj_004,CONFIRMED_OIL,,,data/external/dartis/processed/verifier_positive/ow/ow-0885__obj_004.png,ow,1.0,224.0,1,ow-0885,,data/metadata/dartis_positive_verifier_crops.csv,1,calibration,28.331644370743536,207.0,,,224.0
,OIL::ow-0886::ow-0886__obj_001,CONFIRMED_OIL,,,data/external/dartis/processed/verifier_positive/ow/ow-0886__obj_001.png,ow,1.0,224.0,1,ow-0886,,data/metadata/dartis_positive_verifier_crops.csv,1,train,10.560485733052044,81.0,,,224.0
,OIL::ow-0886::ow-0886__obj_002,CONFIRMED_OIL,,,data/external/dartis/processed/verifier_positive/ow/ow-0886__obj_002.png,ow,1.0,224.0,1,ow-0886,,data/metadata/dartis_positive_verifier_crops.csv,1,train,10.491548218104176,82.0,,,224.0
,OIL::ow-0886::ow-0886__obj_003,CONFIRMED_OIL,,,data/external/dartis/processed/verifier_positive/ow/ow-0886__obj_003.png,ow,1.0,224.0,1,ow-0886,,data/metadata/dartis_positive_verifier_crops.csv,1,train,11.472258210882403,162.0,,,224.0
,OIL::ow-0887::ow-0887__obj_001,CONFIRMED_OIL,,,data/external/dartis/processed/verifier_positive/ow/ow-0887__obj_001.png,ow,1.0,224.0,1,ow-0887,,data/metadata/dartis_positive_verifier_crops.csv,1,calibration,21.20445708373865,126.0,,,224.0
,OIL::ow-0888::ow-0888__obj_001,CONFIRMED_OIL,,,data/external/dartis/processed/verifier_positive/ow/ow-0888__obj_001.png,ow,1.0,224.0,1,ow-0888,,data/metadata/dartis_positive_verifier_crops.csv,1,calibration,32.812274116384266,226.0,,,224.0
,OIL::ow-0889::ow-0889__obj_001,CONFIRMED_OIL,,,data/external/dartis/processed/verifier_positive/ow/ow-0889__obj_001.png,ow,1.0,224.0,1,ow-0889,,data/metadata/dartis_positive_verifier_crops.csv,1,train,43.57476188913087,243.0,,,224.0
,OIL::ow-0889::ow-0889__obj_002,CONFIRMED_OIL,,,data/external/dartis/processed/verifier_positive/ow/ow-0889__obj_002.png,ow,1.0,224.0,1,ow-0889,,data/metadata/dartis_positive_verifier_crops.csv,1,train,47.879454173418885,254.0,,,224.0
,OIL::ow-0890::ow-0890__obj_001,CONFIRMED_OIL,,,data/external/dartis/processed/verifier_positive/ow/ow-0890__obj_001.png,ow,1.0,224.0,1,ow-0890,,data/metadata/dartis_positive_verifier_crops.csv,1,train,23.65757389594257,255.0,,,224.0
,OIL::ow-0891::ow-0891__obj_001,CONFIRMED_OIL,,,data/external/dartis/processed/verifier_positive/ow/ow-0891__obj_001.png,ow,1.0,224.0,1,ow-0891,,data/metadata/dartis_positive_verifier_crops.csv,1,calibration,30.77780510290041,236.0,,,224.0
,OIL::ow-0892::ow-0892__obj_001,CONFIRMED_OIL,,,data/external/dartis/processed/verifier_positive/ow/ow-0892__obj_001.png,ow,1.0,224.0,1,ow-0892,,data/metadata/dartis_positive_verifier_crops.csv,1,train,28.374668526952245,198.0,,,224.0
,OIL::ow-0892::ow-0892__obj_002,CONFIRMED_OIL,,,data/external/dartis/processed/verifier_positive/ow/ow-0892__obj_002.png,ow,1.0,224.0,1,ow-0892,,data/metadata/dartis_positive_verifier_crops.csv,1,train,25.760256650516105,201.0,,,224.0
,OIL::ow-0892::ow-0892__obj_003,CONFIRMED_OIL,,,data/external/dartis/processed/verifier_positive/ow/ow-0892__obj_003.png,ow,1.0,224.0,1,ow-0892,,data/metadata/dartis_positive_verifier_crops.csv,1,train,19.53637264149274,144.0,,,224.0
,OIL::ow-0892::ow-0892__obj_004,CONFIRMED_OIL,,,data/external/dartis/processed/verifier_positive/ow/ow-0892__obj_004.png,ow,1.0,224.0,1,ow-0892,,data/metadata/dartis_positive_verifier_crops.csv,1,train,26.741039511736385,195.0,,,224.0
,OIL::ow-0893::ow-0893__obj_001,CONFIRMED_OIL,,,data/external/dartis/processed/verifier_positive/ow/ow-0893__obj_001.png,ow,1.0,224.0,1,ow-0893,,data/metadata/dartis_positive_verifier_crops.csv,1,train,26.7444886574939,182.0,,,224.0
,OIL::ow-0894::ow-0894__obj_001,CONFIRMED_OIL,,,data/external/dartis/processed/verifier_positive/ow/ow-0894__obj_001.png,ow,1.0,224.0,1,ow-0894,,data/metadata/dartis_positive_verifier_crops.csv,1,train,26.143299234745,210.0,,,224.0
,OIL::ow-0894::ow-0894__obj_002,CONFIRMED_OIL,,,data/external/dartis/processed/verifier_positive/ow/ow-0894__obj_002.png,ow,1.0,224.0,1,ow-0894,,data/metadata/dartis_positive_verifier_crops.csv,1,train,27.232762136139637,219.0,,,224.0
,OIL::ow-0894::ow-0894__obj_003,CONFIRMED_OIL,,,data/external/dartis/processed/verifier_positive/ow/ow-0894__obj_003.png,ow,1.0,224.0,1,ow-0894,,data/metadata/dartis_positive_verifier_crops.csv,1,train,25.09787243057017,201.0,,,224.0
,OIL::ow-0895::ow-0895__obj_001,CONFIRMED_OIL,,,data/external/dartis/processed/verifier_positive/ow/ow-0895__obj_001.png,ow,1.0,224.0,1,ow-0895,,data/metadata/dartis_positive_verifier_crops.csv,1,train,10.528200347300048,93.0,,,224.0
,OIL::ow-0895::ow-0895__obj_002,CONFIRMED_OIL,,,data/external/dartis/processed/verifier_positive/ow/ow-0895__obj_002.png,ow,1.0,224.0,1,ow-0895,,data/metadata/dartis_positive_verifier_crops.csv,1,train,12.341840636944704,83.0,,,224.0
,OIL::ow-0896::ow-0896__obj_001,CONFIRMED_OIL,,,data/external/dartis/processed/verifier_positive/ow/ow-0896__obj_001.png,ow,1.0,224.0,1,ow-0896,,data/metadata/dartis_positive_verifier_crops.csv,1,train,22.20071088325719,141.0,,,224.0
,OIL::ow-0897::ow-0897__obj_001,CONFIRMED_OIL,,,data/external/dartis/processed/verifier_positive/ow/ow-0897__obj_001.png,ow,1.0,224.0,1,ow-0897,,data/metadata/dartis_positive_verifier_crops.csv,1,train,32.9277424320127,228.0,,,224.0
,OIL::ow-0897::ow-0897__obj_002,CONFIRMED_OIL,,,data/external/dartis/processed/verifier_positive/ow/ow-0897__obj_002.png,ow,1.0,224.0,1,ow-0897,,data/metadata/dartis_positive_verifier_crops.csv,1,train,19.25374078907709,176.0,,,224.0
,OIL::ow-0898::ow-0898__obj_001,CONFIRMED_OIL,,,data/external/dartis/processed/verifier_positive/ow/ow-0898__obj_001.png,ow,1.0,224.0,1,ow-0898,,data/metadata/dartis_positive_verifier_crops.csv,1,train,21.502442554760744,181.0,,,224.0
,OIL::ow-0899::ow-0899__obj_001,CONFIRMED_OIL,,,data/external/dartis/processed/verifier_positive/ow/ow-0899__obj_001.png,ow,1.0,224.0,1,ow-0899,,data/metadata/dartis_positive_verifier_crops.csv,1,train,25.92175445419091,184.0,,,224.0
,OIL::ow-0900::ow-0900__obj_001,CONFIRMED_OIL,,,data/external/dartis/processed/verifier_positive/ow/ow-0900__obj_001.png,ow,1.0,224.0,1,ow-0900,,data/metadata/dartis_positive_verifier_crops.csv,1,train,26.679016771289973,201.0,,,224.0
,OIL::ow-0901::ow-0901__obj_001,CONFIRMED_OIL,,,data/external/dartis/processed/verifier_positive/ow/ow-0901__obj_001.png,ow,1.0,224.0,1,ow-0901,,data/metadata/dartis_positive_verifier_crops.csv,1,train,15.743927697337844,120.0,,,224.0
,OIL::ow-0902::ow-0902__obj_001,CONFIRMED_OIL,,,data/external/dartis/processed/verifier_positive/ow/ow-0902__obj_001.png,ow,1.0,224.0,1,ow-0902,,data/metadata/dartis_positive_verifier_crops.csv,1,calibration,20.249037316212128,170.0,,,224.0
,OIL::ow-0903::ow-0903__obj_001,CONFIRMED_OIL,,,data/external/dartis/processed/verifier_positive/ow/ow-0903__obj_001.png,ow,1.0,224.0,1,ow-0903,,data/metadata/dartis_positive_verifier_crops.csv,1,train,27.499168621163303,219.0,,,224.0
,OIL::ow-0904::ow-0904__obj_001,CONFIRMED_OIL,,,data/external/dartis/processed/verifier_positive/ow/ow-0904__obj_001.png,ow,1.0,224.0,1,ow-0904,,data/metadata/dartis_positive_verifier_crops.csv,1,train,25.44864750401922,195.0,,,224.0
,OIL::ow-0905::ow-0905__obj_001,CONFIRMED_OIL,,,data/external/dartis/processed/verifier_positive/ow/ow-0905__obj_001.png,ow,1.0,224.0,1,ow-0905,,data/metadata/dartis_positive_verifier_crops.csv,1,train,22.469550942434687,176.0,,,224.0
,OIL::ow-0906::ow-0906__obj_001,CONFIRMED_OIL,,,data/external/dartis/processed/verifier_positive/ow/ow-0906__obj_001.png,ow,1.0,224.0,1,ow-0906,,data/metadata/dartis_positive_verifier_crops.csv,1,train,24.916062689476583,216.0,,,224.0
,OIL::ow-0907::ow-0907__obj_001,CONFIRMED_OIL,,,data/external/dartis/processed/verifier_positive/ow/ow-0907__obj_001.png,ow,1.0,224.0,1,ow-0907,,data/metadata/dartis_positive_verifier_crops.csv,1,calibration,22.551941499984117,112.0,,,224.0
,OIL::ow-0908::ow-0908__obj_001,CONFIRMED_OIL,,,data/external/dartis/processed/verifier_positive/ow/ow-0908__obj_001.png,ow,1.0,224.0,1,ow-0908,,data/metadata/dartis_positive_verifier_crops.csv,1,calibration,9.75703694212264,90.0,,,224.0
,OIL::ow-0908::ow-0908__obj_002,CONFIRMED_OIL,,,data/external/dartis/processed/verifier_positive/ow/ow-0908__obj_002.png,ow,1.0,224.0,1,ow-0908,,data/metadata/dartis_positive_verifier_crops.csv,1,calibration,11.801148412360911,168.0,,,224.0
,OIL::ow-0909::ow-0909__obj_001,CONFIRMED_OIL,,,data/external/dartis/processed/verifier_positive/ow/ow-0909__obj_001.png,ow,1.0,224.0,1,ow-0909,,data/metadata/dartis_positive_verifier_crops.csv,1,train,15.162546353638572,131.0,,,224.0
,OIL::ow-0909::ow-0909__obj_002,CONFIRMED_OIL,,,data/external/dartis/processed/verifier_positive/ow/ow-0909__obj_002.png,ow,1.0,224.0,1,ow-0909,,data/metadata/dartis_positive_verifier_crops.csv,1,train,35.83223645945667,232.0,,,224.0
,OIL::ow-0909::ow-0909__obj_003,CONFIRMED_OIL,,,data/external/dartis/processed/verifier_positive/ow/ow-0909__obj_003.png,ow,1.0,224.0,1,ow-0909,,data/metadata/dartis_positive_verifier_crops.csv,1,train,16.41396913615773,175.0,,,224.0
,OIL::ow-0909::ow-0909__obj_004,CONFIRMED_OIL,,,data/external/dartis/processed/verifier_positive/ow/ow-0909__obj_004.png,ow,1.0,224.0,1,ow-0909,,data/metadata/dartis_positive_verifier_crops.csv,1,train,23.58472221793628,197.0,,,224.0
,OIL::ow-0909::ow-0909__obj_005,CONFIRMED_OIL,,,data/external/dartis/processed/verifier_positive/ow/ow-0909__obj_005.png,ow,1.0,224.0,1,ow-0909,,data/metadata/dartis_positive_verifier_crops.csv,1,train,25.78154923228192,205.0,,,224.0
,OIL::ow-0909::ow-0909__obj_006,CONFIRMED_OIL,,,data/external/dartis/processed/verifier_positive/ow/ow-0909__obj_006.png,ow,1.0,224.0,1,ow-0909,,data/metadata/dartis_positive_verifier_crops.csv,1,train,25.56813570173338,203.0,,,224.0
,OIL::ow-0910::ow-0910__obj_001,CONFIRMED_OIL,,,data/external/dartis/processed/verifier_positive/ow/ow-0910__obj_001.png,ow,1.0,224.0,1,ow-0910,,data/metadata/dartis_positive_verifier_crops.csv,1,train,11.202270934231278,97.0,,,224.0
,OIL::ow-0910::ow-0910__obj_002,CONFIRMED_OIL,,,data/external/dartis/processed/verifier_positive/ow/ow-0910__obj_002.png,ow,1.0,224.0,1,ow-0910,,data/metadata/dartis_positive_verifier_crops.csv,1,train,13.634389660408646,96.0,,,224.0
,OIL::ow-0910::ow-0910__obj_003,CONFIRMED_OIL,,,data/external/dartis/processed/verifier_positive/ow/ow-0910__obj_003.png,ow,1.0,224.0,1,ow-0910,,data/metadata/dartis_positive_verifier_crops.csv,1,train,12.35369714639066,89.0,,,224.0
,OIL::ow-0911::ow-0911__obj_001,CONFIRMED_OIL,,,data/external/dartis/processed/verifier_positive/ow/ow-0911__obj_001.png,ow,1.0,224.0,1,ow-0911,,data/metadata/dartis_positive_verifier_crops.csv,1,train,29.13955148682572,213.0,,,224.0
,OIL::ow-0912::ow-0912__obj_001,CONFIRMED_OIL,,,data/external/dartis/processed/verifier_positive/ow/ow-0912__obj_001.png,ow,1.0,224.0,1,ow-0912,,data/metadata/dartis_positive_verifier_crops.csv,1,train,35.150316605313286,171.0,,,224.0
,OIL::ow-0913::ow-0913__obj_001,CONFIRMED_OIL,,,data/external/dartis/processed/verifier_positive/ow/ow-0913__obj_001.png,ow,1.0,224.0,1,ow-0913,,data/metadata/dartis_positive_verifier_crops.csv,1,train,31.63154849677329,228.0,,,224.0
,OIL::ow-0914::ow-0914__obj_001,CONFIRMED_OIL,,,data/external/dartis/processed/verifier_positive/ow/ow-0914__obj_001.png,ow,1.0,224.0,1,ow-0914,,data/metadata/dartis_positive_verifier_crops.csv,1,train,20.95653634128408,152.0,,,224.0
,OIL::ow-0915::ow-0915__obj_001,CONFIRMED_OIL,,,data/external/dartis/processed/verifier_positive/ow/ow-0915__obj_001.png,ow,1.0,224.0,1,ow-0915,,data/metadata/dartis_positive_verifier_crops.csv,1,train,24.21431651818357,189.0,,,224.0
,OIL::ow-0916::ow-0916__obj_001,CONFIRMED_OIL,,,data/external/dartis/processed/verifier_positive/ow/ow-0916__obj_001.png,ow,1.0,224.0,1,ow-0916,,data/metadata/dartis_positive_verifier_crops.csv,1,train,30.49833915632365,210.0,,,224.0
,OIL::ow-0917::ow-0917__obj_001,CONFIRMED_OIL,,,data/external/dartis/processed/verifier_positive/ow/ow-0917__obj_001.png,ow,1.0,224.0,1,ow-0917,,data/metadata/dartis_positive_verifier_crops.csv,1,train,27.15612760602147,213.0,,,224.0
,OIL::ow-0917::ow-0917__obj_002,CONFIRMED_OIL,,,data/external/dartis/processed/verifier_positive/ow/ow-0917__obj_002.png,ow,1.0,224.0,1,ow-0917,,data/metadata/dartis_positive_verifier_crops.csv,1,train,28.12637582016167,237.0,,,224.0
,OIL::ow-0918::ow-0918__obj_001,CONFIRMED_OIL,,,data/external/dartis/processed/verifier_positive/ow/ow-0918__obj_001.png,ow,1.0,224.0,1,ow-0918,,data/metadata/dartis_positive_verifier_crops.csv,1,train,22.04469623911934,173.0,,,224.0
,OIL::ow-0919::ow-0919__obj_001,CONFIRMED_OIL,,,data/external/dartis/processed/verifier_positive/ow/ow-0919__obj_001.png,ow,1.0,224.0,1,ow-0919,,data/metadata/dartis_positive_verifier_crops.csv,1,train,30.211588964612424,231.0,,,224.0
,OIL::ow-0920::ow-0920__obj_001,CONFIRMED_OIL,,,data/external/dartis/processed/verifier_positive/ow/ow-0920__obj_001.png,ow,1.0,224.0,1,ow-0920,,data/metadata/dartis_positive_verifier_crops.csv,1,train,30.47345479639015,214.0,,,224.0
,OIL::ow-0921::ow-0921__obj_001,CONFIRMED_OIL,,,data/external/dartis/processed/verifier_positive/ow/ow-0921__obj_001.png,ow,1.0,224.0,1,ow-0921,,data/metadata/dartis_positive_verifier_crops.csv,1,calibration,22.7753805892512,169.0,,,224.0
,OIL::ow-0922::ow-0922__obj_001,CONFIRMED_OIL,,,data/external/dartis/processed/verifier_positive/ow/ow-0922__obj_001.png,ow,1.0,224.0,1,ow-0922,,data/metadata/dartis_positive_verifier_crops.csv,1,calibration,9.58958347419376,76.0,,,224.0
,OIL::ow-0922::ow-0922__obj_002,CONFIRMED_OIL,,,data/external/dartis/processed/verifier_positive/ow/ow-0922__obj_002.png,ow,1.0,224.0,1,ow-0922,,data/metadata/dartis_positive_verifier_crops.csv,1,calibration,9.831695283255762,76.0,,,224.0
,OIL::ow-0922::ow-0922__obj_003,CONFIRMED_OIL,,,data/external/dartis/processed/verifier_positive/ow/ow-0922__obj_003.png,ow,1.0,224.0,1,ow-0922,,data/metadata/dartis_positive_verifier_crops.csv,1,calibration,10.09519291513539,82.0,,,224.0
,OIL::ow-0922::ow-0922__obj_004,CONFIRMED_OIL,,,data/external/dartis/processed/verifier_positive/ow/ow-0922__obj_004.png,ow,1.0,224.0,1,ow-0922,,data/metadata/dartis_positive_verifier_crops.csv,1,calibration,10.024543299979468,80.0,,,224.0
,OIL::ow-0922::ow-0922__obj_005,CONFIRMED_OIL,,,data/external/dartis/processed/verifier_positive/ow/ow-0922__obj_005.png,ow,1.0,224.0,1,ow-0922,,data/metadata/dartis_positive_verifier_crops.csv,1,calibration,9.943684221169576,79.0,,,224.0
,OIL::ow-0922::ow-0922__obj_006,CONFIRMED_OIL,,,data/external/dartis/processed/verifier_positive/ow/ow-0922__obj_006.png,ow,1.0,224.0,1,ow-0922,,data/metadata/dartis_positive_verifier_crops.csv,1,calibration,9.346078438200449,74.0,,,224.0
,OIL::ow-0923::ow-0923__obj_001,CONFIRMED_OIL,,,data/external/dartis/processed/verifier_positive/ow/ow-0923__obj_001.png,ow,1.0,224.0,1,ow-0923,,data/metadata/dartis_positive_verifier_crops.csv,1,train,28.18942850265964,216.0,,,224.0
,OIL::ow-0923::ow-0923__obj_002,CONFIRMED_OIL,,,data/external/dartis/processed/verifier_positive/ow/ow-0923__obj_002.png,ow,1.0,224.0,1,ow-0923,,data/metadata/dartis_positive_verifier_crops.csv,1,train,30.22249242528682,217.0,,,224.0
,OIL::ow-0923::ow-0923__obj_003,CONFIRMED_OIL,,,data/external/dartis/processed/verifier_positive/ow/ow-0923__obj_003.png,ow,1.0,224.0,1,ow-0923,,data/metadata/dartis_positive_verifier_crops.csv,1,train,28.272191085803083,212.0,,,224.0
,OIL::ow-0923::ow-0923__obj_004,CONFIRMED_OIL,,,data/external/dartis/processed/verifier_positive/ow/ow-0923__obj_004.png,ow,1.0,224.0,1,ow-0923,,data/metadata/dartis_positive_verifier_crops.csv,1,train,31.37620215891354,204.0,,,224.0
,OIL::ow-0923::ow-0923__obj_005,CONFIRMED_OIL,,,data/external/dartis/processed/verifier_positive/ow/ow-0923__obj_005.png,ow,1.0,224.0,1,ow-0923,,data/metadata/dartis_positive_verifier_crops.csv,1,train,31.132432024066105,209.0,,,224.0
,OIL::ow-0923::ow-0923__obj_006,CONFIRMED_OIL,,,data/external/dartis/processed/verifier_positive/ow/ow-0923__obj_006.png,ow,1.0,224.0,1,ow-0923,,data/metadata/dartis_positive_verifier_crops.csv,1,train,26.512102714646403,203.0,,,224.0
,OIL::ow-0923::ow-0923__obj_007,CONFIRMED_OIL,,,data/external/dartis/processed/verifier_positive/ow/ow-0923__obj_007.png,ow,1.0,224.0,1,ow-0923,,data/metadata/dartis_positive_verifier_crops.csv,1,train,26.070664016326702,192.0,,,224.0
,OIL::ow-0923::ow-0923__obj_008,CONFIRMED_OIL,,,data/external/dartis/processed/verifier_positive/ow/ow-0923__obj_008.png,ow,1.0,224.0,1,ow-0923,,data/metadata/dartis_positive_verifier_crops.csv,1,train,26.551799336142164,203.0,,,224.0
,OIL::ow-0924::ow-0924__obj_001,CONFIRMED_OIL,,,data/external/dartis/processed/verifier_positive/ow/ow-0924__obj_001.png,ow,1.0,224.0,1,ow-0924,,data/metadata/dartis_positive_verifier_crops.csv,1,train,20.924699846485225,177.0,,,224.0
,OIL::ow-0924::ow-0924__obj_002,CONFIRMED_OIL,,,data/external/dartis/processed/verifier_positive/ow/ow-0924__obj_002.png,ow,1.0,224.0,1,ow-0924,,data/metadata/dartis_positive_verifier_crops.csv,1,train,20.13259701136199,164.0,,,224.0
,OIL::ow-0924::ow-0924__obj_003,CONFIRMED_OIL,,,data/external/dartis/processed/verifier_positive/ow/ow-0924__obj_003.png,ow,1.0,224.0,1,ow-0924,,data/metadata/dartis_positive_verifier_crops.csv,1,train,23.78347521042214,194.0,,,224.0
,OIL::ow-0925::ow-0925__obj_001,CONFIRMED_OIL,,,data/external/dartis/processed/verifier_positive/ow/ow-0925__obj_001.png,ow,1.0,224.0,1,ow-0925,,data/metadata/dartis_positive_verifier_crops.csv,1,train,27.01082251660832,217.0,,,224.0
,OIL::ow-0925::ow-0925__obj_002,CONFIRMED_OIL,,,data/external/dartis/processed/verifier_positive/ow/ow-0925__obj_002.png,ow,1.0,224.0,1,ow-0925,,data/metadata/dartis_positive_verifier_crops.csv,1,train,27.35098896534739,221.0,,,224.0
,OIL::ow-0925::ow-0925__obj_003,CONFIRMED_OIL,,,data/external/dartis/processed/verifier_positive/ow/ow-0925__obj_003.png,ow,1.0,224.0,1,ow-0925,,data/metadata/dartis_positive_verifier_crops.csv,1,train,23.95743153339098,211.0,,,224.0
,OIL::ow-0925::ow-0925__obj_004,CONFIRMED_OIL,,,data/external/dartis/processed/verifier_positive/ow/ow-0925__obj_004.png,ow,1.0,224.0,1,ow-0925,,data/metadata/dartis_positive_verifier_crops.csv,1,train,26.87265726581081,217.0,,,224.0
,OIL::ow-0926::ow-0926__obj_002,CONFIRMED_OIL,,,data/external/dartis/processed/verifier_positive/ow/ow-0926__obj_002.png,ow,1.0,224.0,1,ow-0926,,data/metadata/dartis_positive_verifier_crops.csv,1,train,19.428673343711296,162.0,,,224.0
,OIL::ow-0926::ow-0926__obj_003,CONFIRMED_OIL,,,data/external/dartis/processed/verifier_positive/ow/ow-0926__obj_003.png,ow,1.0,224.0,1,ow-0926,,data/metadata/dartis_positive_verifier_crops.csv,1,train,24.17472662766626,184.0,,,224.0
,OIL::ow-0927::ow-0927__obj_001,CONFIRMED_OIL,,,data/external/dartis/processed/verifier_positive/ow/ow-0927__obj_001.png,ow,1.0,224.0,1,ow-0927,,data/metadata/dartis_positive_verifier_crops.csv,1,train,25.382646241189576,201.0,,,224.0
,OIL::ow-0928::ow-0928__obj_001,CONFIRMED_OIL,,,data/external/dartis/processed/verifier_positive/ow/ow-0928__obj_001.png,ow,1.0,224.0,1,ow-0928,,data/metadata/dartis_positive_verifier_crops.csv,1,train,13.444099524225116,91.0,,,224.0
,OIL::ow-0929::ow-0929__obj_001,CONFIRMED_OIL,,,data/external/dartis/processed/verifier_positive/ow/ow-0929__obj_001.png,ow,1.0,224.0,1,ow-0929,,data/metadata/dartis_positive_verifier_crops.csv,1,train,9.697788647931464,107.0,,,224.0
,OIL::ow-0929::ow-0929__obj_002,CONFIRMED_OIL,,,data/external/dartis/processed/verifier_positive/ow/ow-0929__obj_002.png,ow,1.0,224.0,1,ow-0929,,data/metadata/dartis_positive_verifier_crops.csv,1,train,12.860145470264714,141.0,,,224.0
,OIL::ow-0929::ow-0929__obj_003,CONFIRMED_OIL,,,data/external/dartis/processed/verifier_positive/ow/ow-0929__obj_003.png,ow,1.0,224.0,1,ow-0929,,data/metadata/dartis_positive_verifier_crops.csv,1,train,16.876394086980007,143.0,,,224.0
,OIL::ow-0930::ow-0930__obj_001,CONFIRMED_OIL,,,data/external/dartis/processed/verifier_positive/ow/ow-0930__obj_001.png,ow,1.0,224.0,1,ow-0930,,data/metadata/dartis_positive_verifier_crops.csv,1,calibration,21.64752121566046,178.0,,,224.0
,OIL::ow-0931::ow-0931__obj_001,CONFIRMED_OIL,,,data/external/dartis/processed/verifier_positive/ow/ow-0931__obj_001.png,ow,1.0,224.0,1,ow-0931,,data/metadata/dartis_positive_verifier_crops.csv,1,train,37.89498864730284,232.0,,,224.0
,OIL::ow-0931::ow-0931__obj_002,CONFIRMED_OIL,,,data/external/dartis/processed/verifier_positive/ow/ow-0931__obj_002.png,ow,1.0,224.0,1,ow-0931,,data/metadata/dartis_positive_verifier_crops.csv,1,train,29.7710197709184,226.0,,,224.0
,OIL::ow-0932::ow-0932__obj_001,CONFIRMED_OIL,,,data/external/dartis/processed/verifier_positive/ow/ow-0932__obj_001.png,ow,1.0,224.0,1,ow-0932,,data/metadata/dartis_positive_verifier_crops.csv,1,calibration,13.72830488138523,164.0,,,224.0
,OIL::ow-0932::ow-0932__obj_002,CONFIRMED_OIL,,,data/external/dartis/processed/verifier_positive/ow/ow-0932__obj_002.png,ow,1.0,224.0,1,ow-0932,,data/metadata/dartis_positive_verifier_crops.csv,1,calibration,21.232981918119872,243.0,,,224.0
,OIL::ow-0933::ow-0933__obj_001,CONFIRMED_OIL,,,data/external/dartis/processed/verifier_positive/ow/ow-0933__obj_001.png,ow,1.0,224.0,1,ow-0933,,data/metadata/dartis_positive_verifier_crops.csv,1,train,14.431473105157195,162.0,,,224.0
,OIL::ow-0934::ow-0934__obj_001,CONFIRMED_OIL,,,data/external/dartis/processed/verifier_positive/ow/ow-0934__obj_001.png,ow,1.0,224.0,1,ow-0934,,data/metadata/dartis_positive_verifier_crops.csv,1,calibration,11.755863502101612,102.0,,,224.0
,OIL::ow-0935::ow-0935__obj_001,CONFIRMED_OIL,,,data/external/dartis/processed/verifier_positive/ow/ow-0935__obj_001.png,ow,1.0,224.0,1,ow-0935,,data/metadata/dartis_positive_verifier_crops.csv,1,train,21.94032926973157,175.0,,,224.0
,OIL::ow-0936::ow-0936__obj_001,CONFIRMED_OIL,,,data/external/dartis/processed/verifier_positive/ow/ow-0936__obj_001.png,ow,1.0,224.0,1,ow-0936,,data/metadata/dartis_positive_verifier_crops.csv,1,train,32.92294598768705,221.0,,,224.0
,OIL::ow-0937::ow-0937__obj_001,CONFIRMED_OIL,,,data/external/dartis/processed/verifier_positive/ow/ow-0937__obj_001.png,ow,1.0,224.0,1,ow-0937,,data/metadata/dartis_positive_verifier_crops.csv,1,train,28.230001118618237,215.0,,,224.0
,OIL::ow-0938::ow-0938__obj_001,CONFIRMED_OIL,,,data/external/dartis/processed/verifier_positive/ow/ow-0938__obj_001.png,ow,1.0,224.0,1,ow-0938,,data/metadata/dartis_positive_verifier_crops.csv,1,train,21.54558326741258,155.0,,,224.0
,OIL::ow-0938::ow-0938__obj_002,CONFIRMED_OIL,,,data/external/dartis/processed/verifier_positive/ow/ow-0938__obj_002.png,ow,1.0,224.0,1,ow-0938,,data/metadata/dartis_positive_verifier_crops.csv,1,train,16.732121958733305,173.0,,,224.0
,OIL::ow-0939::ow-0939__obj_001,CONFIRMED_OIL,,,data/external/dartis/processed/verifier_positive/ow/ow-0939__obj_001.png,ow,1.0,224.0,1,ow-0939,,data/metadata/dartis_positive_verifier_crops.csv,1,train,34.76152988956233,224.0,,,224.0
,OIL::ow-0940::ow-0940__obj_001,CONFIRMED_OIL,,,data/external/dartis/processed/verifier_positive/ow/ow-0940__obj_001.png,ow,1.0,224.0,1,ow-0940,,data/metadata/dartis_positive_verifier_crops.csv,1,train,30.784111959890307,239.0,,,224.0
,OIL::ow-0941::ow-0941__obj_001,CONFIRMED_OIL,,,data/external/dartis/processed/verifier_positive/ow/ow-0941__obj_001.png,ow,1.0,224.0,1,ow-0941,,data/metadata/dartis_positive_verifier_crops.csv,1,calibration,30.97517258399668,219.0,,,224.0
,OIL::ow-0941::ow-0941__obj_002,CONFIRMED_OIL,,,data/external/dartis/processed/verifier_positive/ow/ow-0941__obj_002.png,ow,1.0,224.0,1,ow-0941,,data/metadata/dartis_positive_verifier_crops.csv,1,calibration,30.66736713207813,189.0,,,224.0
,OIL::ow-0942::ow-0942__obj_001,CONFIRMED_OIL,,,data/external/dartis/processed/verifier_positive/ow/ow-0942__obj_001.png,ow,1.0,224.0,1,ow-0942,,data/metadata/dartis_positive_verifier_crops.csv,1,train,26.4589166061964,240.0,,,224.0
,OIL::ow-0942::ow-0942__obj_002,CONFIRMED_OIL,,,data/external/dartis/processed/verifier_positive/ow/ow-0942__obj_002.png,ow,1.0,224.0,1,ow-0942,,data/metadata/dartis_positive_verifier_crops.csv,1,train,24.41074023626068,178.0,,,224.0
,OIL::ow-0942::ow-0942__obj_003,CONFIRMED_OIL,,,data/external/dartis/processed/verifier_positive/ow/ow-0942__obj_003.png,ow,1.0,224.0,1,ow-0942,,data/metadata/dartis_positive_verifier_crops.csv,1,train,22.549683745963385,206.0,,,224.0
,OIL::ow-0943::ow-0943__obj_001,CONFIRMED_OIL,,,data/external/dartis/processed/verifier_positive/ow/ow-0943__obj_001.png,ow,1.0,224.0,1,ow-0943,,data/metadata/dartis_positive_verifier_crops.csv,1,train,27.71939451932263,201.0,,,224.0
,OIL::ow-0944::ow-0944__obj_001,CONFIRMED_OIL,,,data/external/dartis/processed/verifier_positive/ow/ow-0944__obj_001.png,ow,1.0,224.0,1,ow-0944,,data/metadata/dartis_positive_verifier_crops.csv,1,train,29.869259979872187,156.0,,,224.0
,OIL::ow-0944::ow-0944__obj_002,CONFIRMED_OIL,,,data/external/dartis/processed/verifier_positive/ow/ow-0944__obj_002.png,ow,1.0,224.0,1,ow-0944,,data/metadata/dartis_positive_verifier_crops.csv,1,train,25.87506569325919,186.0,,,224.0
,OIL::ow-0944::ow-0944__obj_003,CONFIRMED_OIL,,,data/external/dartis/processed/verifier_positive/ow/ow-0944__obj_003.png,ow,1.0,224.0,1,ow-0944,,data/metadata/dartis_positive_verifier_crops.csv,1,train,23.36666689410901,193.0,,,224.0
,OIL::ow-0945::ow-0945__obj_001,CONFIRMED_OIL,,,data/external/dartis/processed/verifier_positive/ow/ow-0945__obj_001.png,ow,1.0,224.0,1,ow-0945,,data/metadata/dartis_positive_verifier_crops.csv,1,calibration,30.34312363183888,205.0,,,224.0
,OIL::ow-0945::ow-0945__obj_002,CONFIRMED_OIL,,,data/external/dartis/processed/verifier_positive/ow/ow-0945__obj_002.png,ow,1.0,224.0,1,ow-0945,,data/metadata/dartis_positive_verifier_crops.csv,1,calibration,28.029668949329487,169.0,,,224.0
,OIL::ow-0945::ow-0945__obj_003,CONFIRMED_OIL,,,data/external/dartis/processed/verifier_positive/ow/ow-0945__obj_003.png,ow,1.0,224.0,1,ow-0945,,data/metadata/dartis_positive_verifier_crops.csv,1,calibration,32.91338063989185,210.0,,,224.0
,OIL::ow-0946::ow-0946__obj_001,CONFIRMED_OIL,,,data/external/dartis/processed/verifier_positive/ow/ow-0946__obj_001.png,ow,1.0,224.0,1,ow-0946,,data/metadata/dartis_positive_verifier_crops.csv,1,train,23.60305006575208,203.0,,,224.0
,OIL::ow-0946::ow-0946__obj_002,CONFIRMED_OIL,,,data/external/dartis/processed/verifier_positive/ow/ow-0946__obj_002.png,ow,1.0,224.0,1,ow-0946,,data/metadata/dartis_positive_verifier_crops.csv,1,train,22.66189229852051,201.0,,,224.0
,OIL::ow-0947::ow-0947__obj_001,CONFIRMED_OIL,,,data/external/dartis/processed/verifier_positive/ow/ow-0947__obj_001.png,ow,1.0,224.0,1,ow-0947,,data/metadata/dartis_positive_verifier_crops.csv,1,train,36.45150083320632,227.0,,,224.0
,OIL::ow-0948::ow-0948__obj_001,CONFIRMED_OIL,,,data/external/dartis/processed/verifier_positive/ow/ow-0948__obj_001.png,ow,1.0,224.0,1,ow-0948,,data/metadata/dartis_positive_verifier_crops.csv,1,train,22.585546846916607,195.0,,,224.0
,OIL::ow-0948::ow-0948__obj_002,CONFIRMED_OIL,,,data/external/dartis/processed/verifier_positive/ow/ow-0948__obj_002.png,ow,1.0,224.0,1,ow-0948,,data/metadata/dartis_positive_verifier_crops.csv,1,train,29.079821956002395,206.0,,,224.0
,OIL::ow-0949::ow-0949__obj_001,CONFIRMED_OIL,,,data/external/dartis/processed/verifier_positive/ow/ow-0949__obj_001.png,ow,1.0,224.0,1,ow-0949,,data/metadata/dartis_positive_verifier_crops.csv,1,train,29.171647605884434,218.0,,,224.0
,OIL::ow-0949::ow-0949__obj_002,CONFIRMED_OIL,,,data/external/dartis/processed/verifier_positive/ow/ow-0949__obj_002.png,ow,1.0,224.0,1,ow-0949,,data/metadata/dartis_positive_verifier_crops.csv,1,train,37.74743174813948,230.0,,,224.0
,OIL::ow-0949::ow-0949__obj_003,CONFIRMED_OIL,,,data/external/dartis/processed/verifier_positive/ow/ow-0949__obj_003.png,ow,1.0,224.0,1,ow-0949,,data/metadata/dartis_positive_verifier_crops.csv,1,train,37.51140630358339,236.0,,,224.0
,OIL::ow-0949::ow-0949__obj_004,CONFIRMED_OIL,,,data/external/dartis/processed/verifier_positive/ow/ow-0949__obj_004.png,ow,1.0,224.0,1,ow-0949,,data/metadata/dartis_positive_verifier_crops.csv,1,train,25.061188337220983,198.0,,,224.0
,OIL::ow-0949::ow-0949__obj_005,CONFIRMED_OIL,,,data/external/dartis/processed/verifier_positive/ow/ow-0949__obj_005.png,ow,1.0,224.0,1,ow-0949,,data/metadata/dartis_positive_verifier_crops.csv,1,train,25.337574203945017,192.0,,,224.0
,OIL::ow-0949::ow-0949__obj_006,CONFIRMED_OIL,,,data/external/dartis/processed/verifier_positive/ow/ow-0949__obj_006.png,ow,1.0,224.0,1,ow-0949,,data/metadata/dartis_positive_verifier_crops.csv,1,train,25.795880502648625,199.0,,,224.0
,OIL::ow-0950::ow-0950__obj_001,CONFIRMED_OIL,,,data/external/dartis/processed/verifier_positive/ow/ow-0950__obj_001.png,ow,1.0,224.0,1,ow-0950,,data/metadata/dartis_positive_verifier_crops.csv,1,train,31.31693280844728,195.0,,,224.0
,OIL::ow-0951::ow-0951__obj_001,CONFIRMED_OIL,,,data/external/dartis/processed/verifier_positive/ow/ow-0951__obj_001.png,ow,1.0,224.0,1,ow-0951,,data/metadata/dartis_positive_verifier_crops.csv,1,train,26.325479914629632,209.0,,,224.0
,OIL::ow-0952::ow-0952__obj_001,CONFIRMED_OIL,,,data/external/dartis/processed/verifier_positive/ow/ow-0952__obj_001.png,ow,1.0,224.0,1,ow-0952,,data/metadata/dartis_positive_verifier_crops.csv,1,train,19.047604422391043,130.0,,,224.0
,OIL::ow-0953::ow-0953__obj_001,CONFIRMED_OIL,,,data/external/dartis/processed/verifier_positive/ow/ow-0953__obj_001.png,ow,1.0,224.0,1,ow-0953,,data/metadata/dartis_positive_verifier_crops.csv,1,train,22.556370834627632,202.0,,,224.0
,OIL::ow-0954::ow-0954__obj_001,CONFIRMED_OIL,,,data/external/dartis/processed/verifier_positive/ow/ow-0954__obj_001.png,ow,1.0,224.0,1,ow-0954,,data/metadata/dartis_positive_verifier_crops.csv,1,train,33.958712632935345,238.0,,,224.0
,OIL::ow-0955::ow-0955__obj_001,CONFIRMED_OIL,,,data/external/dartis/processed/verifier_positive/ow/ow-0955__obj_001.png,ow,1.0,224.0,1,ow-0955,,data/metadata/dartis_positive_verifier_crops.csv,1,train,34.79919317362961,235.0,,,224.0
,OIL::ow-0956::ow-0956__obj_001,CONFIRMED_OIL,,,data/external/dartis/processed/verifier_positive/ow/ow-0956__obj_001.png,ow,1.0,224.0,1,ow-0956,,data/metadata/dartis_positive_verifier_crops.csv,1,train,29.30944755259033,211.0,,,224.0
,OIL::ow-0957::ow-0957__obj_001,CONFIRMED_OIL,,,data/external/dartis/processed/verifier_positive/ow/ow-0957__obj_001.png,ow,1.0,224.0,1,ow-0957,,data/metadata/dartis_positive_verifier_crops.csv,1,train,31.28385183678772,180.0,,,224.0
,OIL::ow-0957::ow-0957__obj_002,CONFIRMED_OIL,,,data/external/dartis/processed/verifier_positive/ow/ow-0957__obj_002.png,ow,1.0,224.0,1,ow-0957,,data/metadata/dartis_positive_verifier_crops.csv,1,train,27.61786456306829,190.0,,,224.0
,OIL::ow-0958::ow-0958__obj_001,CONFIRMED_OIL,,,data/external/dartis/processed/verifier_positive/ow/ow-0958__obj_001.png,ow,1.0,224.0,1,ow-0958,,data/metadata/dartis_positive_verifier_crops.csv,1,train,20.24690373951331,183.0,,,224.0
,OIL::ow-0958::ow-0958__obj_002,CONFIRMED_OIL,,,data/external/dartis/processed/verifier_positive/ow/ow-0958__obj_002.png,ow,1.0,224.0,1,ow-0958,,data/metadata/dartis_positive_verifier_crops.csv,1,train,23.823963667053565,195.0,,,224.0
,OIL::ow-0959::ow-0959__obj_001,CONFIRMED_OIL,,,data/external/dartis/processed/verifier_positive/ow/ow-0959__obj_001.png,ow,1.0,224.0,1,ow-0959,,data/metadata/dartis_positive_verifier_crops.csv,1,train,16.559477831576032,228.0,,,224.0
,OIL::ow-0960::ow-0960__obj_001,CONFIRMED_OIL,,,data/external/dartis/processed/verifier_positive/ow/ow-0960__obj_001.png,ow,1.0,224.0,1,ow-0960,,data/metadata/dartis_positive_verifier_crops.csv,1,calibration,28.842267564463853,234.0,,,224.0
,OIL::ow-0961::ow-0961__obj_001,CONFIRMED_OIL,,,data/external/dartis/processed/verifier_positive/ow/ow-0961__obj_001.png,ow,1.0,224.0,1,ow-0961,,data/metadata/dartis_positive_verifier_crops.csv,1,train,20.10333722844423,251.0,,,224.0
,OIL::ow-0962::ow-0962__obj_001,CONFIRMED_OIL,,,data/external/dartis/processed/verifier_positive/ow/ow-0962__obj_001.png,ow,1.0,224.0,1,ow-0962,,data/metadata/dartis_positive_verifier_crops.csv,1,train,11.634721889410716,83.0,,,224.0
,OIL::ow-0963::ow-0963__obj_001,CONFIRMED_OIL,,,data/external/dartis/processed/verifier_positive/ow/ow-0963__obj_001.png,ow,1.0,224.0,1,ow-0963,,data/metadata/dartis_positive_verifier_crops.csv,1,train,24.08662244703656,178.0,,,224.0
,OIL::ow-0963::ow-0963__obj_002,CONFIRMED_OIL,,,data/external/dartis/processed/verifier_positive/ow/ow-0963__obj_002.png,ow,1.0,224.0,1,ow-0963,,data/metadata/dartis_positive_verifier_crops.csv,1,train,25.340433580648405,179.0,,,224.0
,OIL::ow-0963::ow-0963__obj_003,CONFIRMED_OIL,,,data/external/dartis/processed/verifier_positive/ow/ow-0963__obj_003.png,ow,1.0,224.0,1,ow-0963,,data/metadata/dartis_positive_verifier_crops.csv,1,train,22.26879421394375,169.0,,,224.0
,OIL::ow-0964::ow-0964__obj_001,CONFIRMED_OIL,,,data/external/dartis/processed/verifier_positive/ow/ow-0964__obj_001.png,ow,1.0,224.0,1,ow-0964,,data/metadata/dartis_positive_verifier_crops.csv,1,train,13.97054439010898,118.0,,,224.0
,OIL::ow-0964::ow-0964__obj_002,CONFIRMED_OIL,,,data/external/dartis/processed/verifier_positive/ow/ow-0964__obj_002.png,ow,1.0,224.0,1,ow-0964,,data/metadata/dartis_positive_verifier_crops.csv,1,train,14.869082096503032,112.0,,,224.0
,OIL::ow-0964::ow-0964__obj_003,CONFIRMED_OIL,,,data/external/dartis/processed/verifier_positive/ow/ow-0964__obj_003.png,ow,1.0,224.0,1,ow-0964,,data/metadata/dartis_positive_verifier_crops.csv,1,train,15.409279142843122,190.0,,,224.0
,OIL::ow-0965::ow-0965__obj_001,CONFIRMED_OIL,,,data/external/dartis/processed/verifier_positive/ow/ow-0965__obj_001.png,ow,1.0,224.0,1,ow-0965,,data/metadata/dartis_positive_verifier_crops.csv,1,train,31.455415377862863,216.0,,,224.0
,OIL::ow-0965::ow-0965__obj_002,CONFIRMED_OIL,,,data/external/dartis/processed/verifier_positive/ow/ow-0965__obj_002.png,ow,1.0,224.0,1,ow-0965,,data/metadata/dartis_positive_verifier_crops.csv,1,train,23.58072626257463,184.0,,,224.0
,OIL::ow-0965::ow-0965__obj_003,CONFIRMED_OIL,,,data/external/dartis/processed/verifier_positive/ow/ow-0965__obj_003.png,ow,1.0,224.0,1,ow-0965,,data/metadata/dartis_positive_verifier_crops.csv,1,train,27.454403258516518,206.0,,,224.0
,OIL::ow-0966::ow-0966__obj_001,CONFIRMED_OIL,,,data/external/dartis/processed/verifier_positive/ow/ow-0966__obj_001.png,ow,1.0,224.0,1,ow-0966,,data/metadata/dartis_positive_verifier_crops.csv,1,calibration,13.613729747848604,106.0,,,224.0
,OIL::ow-0966::ow-0966__obj_002,CONFIRMED_OIL,,,data/external/dartis/processed/verifier_positive/ow/ow-0966__obj_002.png,ow,1.0,224.0,1,ow-0966,,data/metadata/dartis_positive_verifier_crops.csv,1,calibration,13.676933668886305,112.0,,,224.0
,OIL::ow-0966::ow-0966__obj_003,CONFIRMED_OIL,,,data/external/dartis/processed/verifier_positive/ow/ow-0966__obj_003.png,ow,1.0,224.0,1,ow-0966,,data/metadata/dartis_positive_verifier_crops.csv,1,calibration,19.020165828667302,122.0,,,224.0
,OIL::ow-0966::ow-0966__obj_004,CONFIRMED_OIL,,,data/external/dartis/processed/verifier_positive/ow/ow-0966__obj_004.png,ow,1.0,224.0,1,ow-0966,,data/metadata/dartis_positive_verifier_crops.csv,1,calibration,15.10538044150231,101.0,,,224.0
,OIL::ow-0967::ow-0967__obj_001,CONFIRMED_OIL,,,data/external/dartis/processed/verifier_positive/ow/ow-0967__obj_001.png,ow,1.0,224.0,1,ow-0967,,data/metadata/dartis_positive_verifier_crops.csv,1,train,13.529791478675666,120.0,,,224.0
,OIL::ow-0967::ow-0967__obj_002,CONFIRMED_OIL,,,data/external/dartis/processed/verifier_positive/ow/ow-0967__obj_002.png,ow,1.0,224.0,1,ow-0967,,data/metadata/dartis_positive_verifier_crops.csv,1,train,23.29216257994929,120.0,,,224.0
,OIL::ow-0967::ow-0967__obj_003,CONFIRMED_OIL,,,data/external/dartis/processed/verifier_positive/ow/ow-0967__obj_003.png,ow,1.0,224.0,1,ow-0967,,data/metadata/dartis_positive_verifier_crops.csv,1,train,23.341530543114636,154.0,,,224.0
,OIL::ow-0967::ow-0967__obj_004,CONFIRMED_OIL,,,data/external/dartis/processed/verifier_positive/ow/ow-0967__obj_004.png,ow,1.0,224.0,1,ow-0967,,data/metadata/dartis_positive_verifier_crops.csv,1,train,27.43680103864417,150.0,,,224.0
,OIL::ow-0967::ow-0967__obj_005,CONFIRMED_OIL,,,data/external/dartis/processed/verifier_positive/ow/ow-0967__obj_005.png,ow,1.0,224.0,1,ow-0967,,data/metadata/dartis_positive_verifier_crops.csv,1,train,17.35209875987181,143.0,,,224.0
,OIL::ow-0967::ow-0967__obj_006,CONFIRMED_OIL,,,data/external/dartis/processed/verifier_positive/ow/ow-0967__obj_006.png,ow,1.0,224.0,1,ow-0967,,data/metadata/dartis_positive_verifier_crops.csv,1,train,17.46979494505212,141.0,,,224.0
,OIL::ow-0967::ow-0967__obj_007,CONFIRMED_OIL,,,data/external/dartis/processed/verifier_positive/ow/ow-0967__obj_007.png,ow,1.0,224.0,1,ow-0967,,data/metadata/dartis_positive_verifier_crops.csv,1,train,14.963369523545664,149.0,,,224.0
,OIL::ow-0968::ow-0968__obj_001,CONFIRMED_OIL,,,data/external/dartis/processed/verifier_positive/ow/ow-0968__obj_001.png,ow,1.0,224.0,1,ow-0968,,data/metadata/dartis_positive_verifier_crops.csv,1,train,16.030118472865194,122.0,,,224.0
,OIL::ow-0969::ow-0969__obj_001,CONFIRMED_OIL,,,data/external/dartis/processed/verifier_positive/ow/ow-0969__obj_001.png,ow,1.0,224.0,1,ow-0969,,data/metadata/dartis_positive_verifier_crops.csv,1,train,24.694830806736984,202.0,,,224.0
,OIL::ow-0969::ow-0969__obj_002,CONFIRMED_OIL,,,data/external/dartis/processed/verifier_positive/ow/ow-0969__obj_002.png,ow,1.0,224.0,1,ow-0969,,data/metadata/dartis_positive_verifier_crops.csv,1,train,25.929376823079277,222.0,,,224.0
,OIL::ow-0969::ow-0969__obj_003,CONFIRMED_OIL,,,data/external/dartis/processed/verifier_positive/ow/ow-0969__obj_003.png,ow,1.0,224.0,1,ow-0969,,data/metadata/dartis_positive_verifier_crops.csv,1,train,27.088510688400664,228.0,,,224.0
,OIL::ow-0969::ow-0969__obj_004,CONFIRMED_OIL,,,data/external/dartis/processed/verifier_positive/ow/ow-0969__obj_004.png,ow,1.0,224.0,1,ow-0969,,data/metadata/dartis_positive_verifier_crops.csv,1,train,23.23826063169484,215.0,,,224.0
,OIL::ow-0969::ow-0969__obj_005,CONFIRMED_OIL,,,data/external/dartis/processed/verifier_positive/ow/ow-0969__obj_005.png,ow,1.0,224.0,1,ow-0969,,data/metadata/dartis_positive_verifier_crops.csv,1,train,21.92349589024928,223.0,,,224.0
,OIL::ow-0969::ow-0969__obj_006,CONFIRMED_OIL,,,data/external/dartis/processed/verifier_positive/ow/ow-0969__obj_006.png,ow,1.0,224.0,1,ow-0969,,data/metadata/dartis_positive_verifier_crops.csv,1,train,27.901020529143885,222.0,,,224.0
,OIL::ow-0969::ow-0969__obj_007,CONFIRMED_OIL,,,data/external/dartis/processed/verifier_positive/ow/ow-0969__obj_007.png,ow,1.0,224.0,1,ow-0969,,data/metadata/dartis_positive_verifier_crops.csv,1,train,34.06158847921978,226.0,,,224.0
,OIL::ow-0969::ow-0969__obj_008,CONFIRMED_OIL,,,data/external/dartis/processed/verifier_positive/ow/ow-0969__obj_008.png,ow,1.0,224.0,1,ow-0969,,data/metadata/dartis_positive_verifier_crops.csv,1,train,32.05393805242944,219.0,,,224.0
,OIL::ow-0969::ow-0969__obj_009,CONFIRMED_OIL,,,data/external/dartis/processed/verifier_positive/ow/ow-0969__obj_009.png,ow,1.0,224.0,1,ow-0969,,data/metadata/dartis_positive_verifier_crops.csv,1,train,27.5507325032892,216.0,,,224.0
,OIL::ow-0970::ow-0970__obj_001,CONFIRMED_OIL,,,data/external/dartis/processed/verifier_positive/ow/ow-0970__obj_001.png,ow,1.0,224.0,1,ow-0970,,data/metadata/dartis_positive_verifier_crops.csv,1,calibration,32.569934635392826,225.0,,,224.0
,OIL::ow-0971::ow-0971__obj_001,CONFIRMED_OIL,,,data/external/dartis/processed/verifier_positive/ow/ow-0971__obj_001.png,ow,1.0,224.0,1,ow-0971,,data/metadata/dartis_positive_verifier_crops.csv,1,calibration,26.151695290752297,222.0,,,224.0
,OIL::ow-0971::ow-0971__obj_002,CONFIRMED_OIL,,,data/external/dartis/processed/verifier_positive/ow/ow-0971__obj_002.png,ow,1.0,224.0,1,ow-0971,,data/metadata/dartis_positive_verifier_crops.csv,1,calibration,31.304685201711514,236.0,,,224.0
,OIL::ow-0971::ow-0971__obj_003,CONFIRMED_OIL,,,data/external/dartis/processed/verifier_positive/ow/ow-0971__obj_003.png,ow,1.0,224.0,1,ow-0971,,data/metadata/dartis_positive_verifier_crops.csv,1,calibration,25.94027598760485,207.0,,,224.0
,OIL::ow-0971::ow-0971__obj_004,CONFIRMED_OIL,,,data/external/dartis/processed/verifier_positive/ow/ow-0971__obj_004.png,ow,1.0,224.0,1,ow-0971,,data/metadata/dartis_positive_verifier_crops.csv,1,calibration,24.49011098230848,212.0,,,224.0
,OIL::ow-0972::ow-0972__obj_001,CONFIRMED_OIL,,,data/external/dartis/processed/verifier_positive/ow/ow-0972__obj_001.png,ow,1.0,224.0,1,ow-0972,,data/metadata/dartis_positive_verifier_crops.csv,1,train,25.76185563913956,221.0,,,224.0
,OIL::ow-0972::ow-0972__obj_002,CONFIRMED_OIL,,,data/external/dartis/processed/verifier_positive/ow/ow-0972__obj_002.png,ow,1.0,224.0,1,ow-0972,,data/metadata/dartis_positive_verifier_crops.csv,1,train,30.64196007376828,234.0,,,224.0
,OIL::ow-0973::ow-0973__obj_001,CONFIRMED_OIL,,,data/external/dartis/processed/verifier_positive/ow/ow-0973__obj_001.png,ow,1.0,224.0,1,ow-0973,,data/metadata/dartis_positive_verifier_crops.csv,1,train,29.563299762295472,225.0,,,224.0
,OIL::ow-0973::ow-0973__obj_002,CONFIRMED_OIL,,,data/external/dartis/processed/verifier_positive/ow/ow-0973__obj_002.png,ow,1.0,224.0,1,ow-0973,,data/metadata/dartis_positive_verifier_crops.csv,1,train,25.21721188480971,211.0,,,224.0
,OIL::ow-0974::ow-0974__obj_001,CONFIRMED_OIL,,,data/external/dartis/processed/verifier_positive/ow/ow-0974__obj_001.png,ow,1.0,224.0,1,ow-0974,,data/metadata/dartis_positive_verifier_crops.csv,1,train,31.42260812376283,236.0,,,224.0
,OIL::ow-0975::ow-0975__obj_001,CONFIRMED_OIL,,,data/external/dartis/processed/verifier_positive/ow/ow-0975__obj_001.png,ow,1.0,224.0,1,ow-0975,,data/metadata/dartis_positive_verifier_crops.csv,1,train,31.61788816640446,228.0,,,224.0
,OIL::ow-0976::ow-0976__obj_001,CONFIRMED_OIL,,,data/external/dartis/processed/verifier_positive/ow/ow-0976__obj_001.png,ow,1.0,224.0,1,ow-0976,,data/metadata/dartis_positive_verifier_crops.csv,1,train,29.540064985733466,175.0,,,224.0
,OIL::ow-0976::ow-0976__obj_002,CONFIRMED_OIL,,,data/external/dartis/processed/verifier_positive/ow/ow-0976__obj_002.png,ow,1.0,224.0,1,ow-0976,,data/metadata/dartis_positive_verifier_crops.csv,1,train,32.1545989070831,196.0,,,224.0
,OIL::ow-0977::ow-0977__obj_001,CONFIRMED_OIL,,,data/external/dartis/processed/verifier_positive/ow/ow-0977__obj_001.png,ow,1.0,224.0,1,ow-0977,,data/metadata/dartis_positive_verifier_crops.csv,1,train,25.14326098883082,219.0,,,224.0
,OIL::ow-0977::ow-0977__obj_002,CONFIRMED_OIL,,,data/external/dartis/processed/verifier_positive/ow/ow-0977__obj_002.png,ow,1.0,224.0,1,ow-0977,,data/metadata/dartis_positive_verifier_crops.csv,1,train,24.489097239817195,218.0,,,224.0
,OIL::ow-0978::ow-0978__obj_001,CONFIRMED_OIL,,,data/external/dartis/processed/verifier_positive/ow/ow-0978__obj_001.png,ow,1.0,224.0,1,ow-0978,,data/metadata/dartis_positive_verifier_crops.csv,1,train,25.883312391774847,186.0,,,224.0
,OIL::ow-0978::ow-0978__obj_002,CONFIRMED_OIL,,,data/external/dartis/processed/verifier_positive/ow/ow-0978__obj_002.png,ow,1.0,224.0,1,ow-0978,,data/metadata/dartis_positive_verifier_crops.csv,1,train,27.882747419389844,198.0,,,224.0
,OIL::ow-0979::ow-0979__obj_001,CONFIRMED_OIL,,,data/external/dartis/processed/verifier_positive/ow/ow-0979__obj_001.png,ow,1.0,224.0,1,ow-0979,,data/metadata/dartis_positive_verifier_crops.csv,1,train,25.055345679677004,212.0,,,224.0
,OIL::ow-0980::ow-0980__obj_001,CONFIRMED_OIL,,,data/external/dartis/processed/verifier_positive/ow/ow-0980__obj_001.png,ow,1.0,224.0,1,ow-0980,,data/metadata/dartis_positive_verifier_crops.csv,1,train,29.55828786421184,240.0,,,224.0
,OIL::ow-0980::ow-0980__obj_002,CONFIRMED_OIL,,,data/external/dartis/processed/verifier_positive/ow/ow-0980__obj_002.png,ow,1.0,224.0,1,ow-0980,,data/metadata/dartis_positive_verifier_crops.csv,1,train,39.650299190386406,238.0,,,224.0
,OIL::ow-0981::ow-0981__obj_001,CONFIRMED_OIL,,,data/external/dartis/processed/verifier_positive/ow/ow-0981__obj_001.png,ow,1.0,224.0,1,ow-0981,,data/metadata/dartis_positive_verifier_crops.csv,1,calibration,17.731036463886735,144.0,,,224.0
,OIL::ow-0981::ow-0981__obj_002,CONFIRMED_OIL,,,data/external/dartis/processed/verifier_positive/ow/ow-0981__obj_002.png,ow,1.0,224.0,1,ow-0981,,data/metadata/dartis_positive_verifier_crops.csv,1,calibration,16.993627097481497,150.0,,,224.0
,OIL::ow-0982::ow-0982__obj_001,CONFIRMED_OIL,,,data/external/dartis/processed/verifier_positive/ow/ow-0982__obj_001.png,ow,1.0,224.0,1,ow-0982,,data/metadata/dartis_positive_verifier_crops.csv,1,train,37.78638220383328,226.0,,,224.0
,OIL::ow-0982::ow-0982__obj_002,CONFIRMED_OIL,,,data/external/dartis/processed/verifier_positive/ow/ow-0982__obj_002.png,ow,1.0,224.0,1,ow-0982,,data/metadata/dartis_positive_verifier_crops.csv,1,train,35.3783214820143,225.0,,,224.0
,OIL::ow-0983::ow-0983__obj_001,CONFIRMED_OIL,,,data/external/dartis/processed/verifier_positive/ow/ow-0983__obj_001.png,ow,1.0,224.0,1,ow-0983,,data/metadata/dartis_positive_verifier_crops.csv,1,train,26.184815981091663,188.0,,,224.0
,OIL::ow-0983::ow-0983__obj_002,CONFIRMED_OIL,,,data/external/dartis/processed/verifier_positive/ow/ow-0983__obj_002.png,ow,1.0,224.0,1,ow-0983,,data/metadata/dartis_positive_verifier_crops.csv,1,train,26.05589510980984,195.0,,,224.0
,OIL::ow-0984::ow-0984__obj_001,CONFIRMED_OIL,,,data/external/dartis/processed/verifier_positive/ow/ow-0984__obj_001.png,ow,1.0,224.0,1,ow-0984,,data/metadata/dartis_positive_verifier_crops.csv,1,calibration,19.272892792328637,148.0,,,224.0
,OIL::ow-0985::ow-0985__obj_001,CONFIRMED_OIL,,,data/external/dartis/processed/verifier_positive/ow/ow-0985__obj_001.png,ow,1.0,224.0,1,ow-0985,,data/metadata/dartis_positive_verifier_crops.csv,1,train,32.19077597908393,217.0,,,224.0
,OIL::ow-0986::ow-0986__obj_001,CONFIRMED_OIL,,,data/external/dartis/processed/verifier_positive/ow/ow-0986__obj_001.png,ow,1.0,224.0,1,ow-0986,,data/metadata/dartis_positive_verifier_crops.csv,1,train,22.489485696912045,175.0,,,224.0
,OIL::ow-0987::ow-0987__obj_001,CONFIRMED_OIL,,,data/external/dartis/processed/verifier_positive/ow/ow-0987__obj_001.png,ow,1.0,224.0,1,ow-0987,,data/metadata/dartis_positive_verifier_crops.csv,1,train,12.797920112305906,108.0,,,224.0
,OIL::ow-0988::ow-0988__obj_001,CONFIRMED_OIL,,,data/external/dartis/processed/verifier_positive/ow/ow-0988__obj_001.png,ow,1.0,224.0,1,ow-0988,,data/metadata/dartis_positive_verifier_crops.csv,1,train,23.82022098468732,215.0,,,224.0
,OIL::ow-0988::ow-0988__obj_002,CONFIRMED_OIL,,,data/external/dartis/processed/verifier_positive/ow/ow-0988__obj_002.png,ow,1.0,224.0,1,ow-0988,,data/metadata/dartis_positive_verifier_crops.csv,1,train,24.60590553059779,196.0,,,224.0
,OIL::ow-0988::ow-0988__obj_003,CONFIRMED_OIL,,,data/external/dartis/processed/verifier_positive/ow/ow-0988__obj_003.png,ow,1.0,224.0,1,ow-0988,,data/metadata/dartis_positive_verifier_crops.csv,1,train,25.742158442932094,199.0,,,224.0
,OIL::ow-0988::ow-0988__obj_004,CONFIRMED_OIL,,,data/external/dartis/processed/verifier_positive/ow/ow-0988__obj_004.png,ow,1.0,224.0,1,ow-0988,,data/metadata/dartis_positive_verifier_crops.csv,1,train,23.82022098468732,215.0,,,224.0
,OIL::ow-0988::ow-0988__obj_005,CONFIRMED_OIL,,,data/external/dartis/processed/verifier_positive/ow/ow-0988__obj_005.png,ow,1.0,224.0,1,ow-0988,,data/metadata/dartis_positive_verifier_crops.csv,1,train,29.30698158205984,209.0,,,224.0
,OIL::ow-0988::ow-0988__obj_006,CONFIRMED_OIL,,,data/external/dartis/processed/verifier_positive/ow/ow-0988__obj_006.png,ow,1.0,224.0,1,ow-0988,,data/metadata/dartis_positive_verifier_crops.csv,1,train,21.08610629454601,183.0,,,224.0
,OIL::ow-0988::ow-0988__obj_007,CONFIRMED_OIL,,,data/external/dartis/processed/verifier_positive/ow/ow-0988__obj_007.png,ow,1.0,224.0,1,ow-0988,,data/metadata/dartis_positive_verifier_crops.csv,1,train,23.248008615026823,194.0,,,224.0
,OIL::ow-0988::ow-0988__obj_008,CONFIRMED_OIL,,,data/external/dartis/processed/verifier_positive/ow/ow-0988__obj_008.png,ow,1.0,224.0,1,ow-0988,,data/metadata/dartis_positive_verifier_crops.csv,1,train,35.75611164270131,211.0,,,224.0
,OIL::ow-0988::ow-0988__obj_009,CONFIRMED_OIL,,,data/external/dartis/processed/verifier_positive/ow/ow-0988__obj_009.png,ow,1.0,224.0,1,ow-0988,,data/metadata/dartis_positive_verifier_crops.csv,1,train,27.360902580738017,205.0,,,224.0
,OIL::ow-0989::ow-0989__obj_001,CONFIRMED_OIL,,,data/external/dartis/processed/verifier_positive/ow/ow-0989__obj_001.png,ow,1.0,224.0,1,ow-0989,,data/metadata/dartis_positive_verifier_crops.csv,1,train,26.186829753581208,177.0,,,224.0
,OIL::ow-0990::ow-0990__obj_001,CONFIRMED_OIL,,,data/external/dartis/processed/verifier_positive/ow/ow-0990__obj_001.png,ow,1.0,224.0,1,ow-0990,,data/metadata/dartis_positive_verifier_crops.csv,1,train,28.08155821792828,225.0,,,224.0
,LOOK::nc-0012-00-000012:01,LOOK_ALIKE,,,data/mined/v07_canonical_lookalike_candidates/crops/nc-0012-00-000012__candidate_01.png,nc,1.0,,0,nc-0012-00-000012,,data/metadata/v07_canonical_hard_negative_candidates.csv,DARTIS_NO_OIL,train,,,,,
,LOOK::nc-0012-00-000012:03,LOOK_ALIKE,,,data/mined/v07_canonical_lookalike_candidates/crops/nc-0012-00-000012__candidate_03.png,nc,1.0,,0,nc-0012-00-000012,,data/metadata/v07_canonical_hard_negative_candidates.csv,DARTIS_NO_OIL,train,,,,,
,LOOK::nc-0012-00-000012:04,LOOK_ALIKE,,,data/mined/v07_canonical_lookalike_candidates/crops/nc-0012-00-000012__candidate_04.png,nc,1.0,,0,nc-0012-00-000012,,data/metadata/v07_canonical_hard_negative_candidates.csv,DARTIS_NO_OIL,train,,,,,
,LOOK::nc-0012-00-000012:05,LOOK_ALIKE,,,data/mined/v07_canonical_lookalike_candidates/crops/nc-0012-00-000012__candidate_05.png,nc,1.0,,0,nc-0012-00-000012,,data/metadata/v07_canonical_hard_negative_candidates.csv,DARTIS_NO_OIL,train,,,,,
,LOOK::nc-0012-00-000012:06,LOOK_ALIKE,,,data/mined/v07_canonical_lookalike_candidates/crops/nc-0012-00-000012__candidate_06.png,nc,1.0,,0,nc-0012-00-000012,,data/metadata/v07_canonical_hard_negative_candidates.csv,DARTIS_NO_OIL,train,,,,,
,LOOK::nc-0016-00-000016:01,LOOK_ALIKE,,,data/mined/v07_canonical_lookalike_candidates/crops/nc-0016-00-000016__candidate_01.png,nc,1.0,,0,nc-0016-00-000016,,data/metadata/v07_canonical_hard_negative_candidates.csv,DARTIS_NO_OIL,excluded_seen_audit,,,,,
,LOOK::nc-0017-00-000017:01,LOOK_ALIKE,,,data/mined/v07_canonical_lookalike_candidates/crops/nc-0017-00-000017__candidate_01.png,nc,1.0,,0,nc-0017-00-000017,,data/metadata/v07_canonical_hard_negative_candidates.csv,DARTIS_NO_OIL,excluded_seen_audit,,,,,
,LOOK::nc-0027-00-000027:01,LOOK_ALIKE,,,data/mined/v07_canonical_lookalike_candidates/crops/nc-0027-00-000027__candidate_01.png,nc,1.0,,0,nc-0027-00-000027,,data/metadata/v07_canonical_hard_negative_candidates.csv,DARTIS_NO_OIL,train,,,,,
,LOOK::nc-0027-00-000027:02,LOOK_ALIKE,,,data/mined/v07_canonical_lookalike_candidates/crops/nc-0027-00-000027__candidate_02.png,nc,1.0,,0,nc-0027-00-000027,,data/metadata/v07_canonical_hard_negative_candidates.csv,DARTIS_NO_OIL,train,,,,,
,LOOK::nc-0034-00-000034:02,LOOK_ALIKE,,,data/mined/v07_canonical_lookalike_candidates/crops/nc-0034-00-000034__candidate_02.png,nc,1.0,,0,nc-0034-00-000034,,data/metadata/v07_canonical_hard_negative_candidates.csv,DARTIS_NO_OIL,calibration,,,,,
,LOOK::nc-0034-00-000034:03,LOOK_ALIKE,,,data/mined/v07_canonical_lookalike_candidates/crops/nc-0034-00-000034__candidate_03.png,nc,1.0,,0,nc-0034-00-000034,,data/metadata/v07_canonical_hard_negative_candidates.csv,DARTIS_NO_OIL,calibration,,,,,
,LOOK::nc-0034-00-000034:04,LOOK_ALIKE,,,data/mined/v07_canonical_lookalike_candidates/crops/nc-0034-00-000034__candidate_04.png,nc,1.0,,0,nc-0034-00-000034,,data/metadata/v07_canonical_hard_negative_candidates.csv,DARTIS_NO_OIL,calibration,,,,,
,LOOK::nc-0034-00-000034:05,LOOK_ALIKE,,,data/mined/v07_canonical_lookalike_candidates/crops/nc-0034-00-000034__candidate_05.png,nc,1.0,,0,nc-0034-00-000034,,data/metadata/v07_canonical_hard_negative_candidates.csv,DARTIS_NO_OIL,calibration,,,,,
,LOOK::nc-0034-00-000034:06,LOOK_ALIKE,,,data/mined/v07_canonical_lookalike_candidates/crops/nc-0034-00-000034__candidate_06.png,nc,1.0,,0,nc-0034-00-000034,,data/metadata/v07_canonical_hard_negative_candidates.csv,DARTIS_NO_OIL,calibration,,,,,
,LOOK::nc-0036-00-000036:04,LOOK_ALIKE,,,data/mined/v07_canonical_lookalike_candidates/crops/nc-0036-00-000036__candidate_04.png,nc,1.0,,0,nc-0036-00-000036,,data/metadata/v07_canonical_hard_negative_candidates.csv,DARTIS_NO_OIL,train,,,,,
,LOOK::nc-0036-00-000036:05,LOOK_ALIKE,,,data/mined/v07_canonical_lookalike_candidates/crops/nc-0036-00-000036__candidate_05.png,nc,1.0,,0,nc-0036-00-000036,,data/metadata/v07_canonical_hard_negative_candidates.csv,DARTIS_NO_OIL,train,,,,,
,LOOK::nc-0036-00-000036:06,LOOK_ALIKE,,,data/mined/v07_canonical_lookalike_candidates/crops/nc-0036-00-000036__candidate_06.png,nc,1.0,,0,nc-0036-00-000036,,data/metadata/v07_canonical_hard_negative_candidates.csv,DARTIS_NO_OIL,train,,,,,
,LOOK::nc-0036-00-000036:07,LOOK_ALIKE,,,data/mined/v07_canonical_lookalike_candidates/crops/nc-0036-00-000036__candidate_07.png,nc,1.0,,0,nc-0036-00-000036,,data/metadata/v07_canonical_hard_negative_candidates.csv,DARTIS_NO_OIL,train,,,,,
,LOOK::nc-0036-00-000036:08,LOOK_ALIKE,,,data/mined/v07_canonical_lookalike_candidates/crops/nc-0036-00-000036__candidate_08.png,nc,1.0,,0,nc-0036-00-000036,,data/metadata/v07_canonical_hard_negative_candidates.csv,DARTIS_NO_OIL,train,,,,,
,LOOK::nc-0053-00-000053:01,LOOK_ALIKE,,,data/mined/v07_canonical_lookalike_candidates/crops/nc-0053-00-000053__candidate_01.png,nc,1.0,,0,nc-0053-00-000053,,data/metadata/v07_canonical_hard_negative_candidates.csv,DARTIS_NO_OIL,train,,,,,
,LOOK::nc-0053-00-000053:02,LOOK_ALIKE,,,data/mined/v07_canonical_lookalike_candidates/crops/nc-0053-00-000053__candidate_02.png,nc,1.0,,0,nc-0053-00-000053,,data/metadata/v07_canonical_hard_negative_candidates.csv,DARTIS_NO_OIL,train,,,,,
,LOOK::nc-0053-00-000053:03,LOOK_ALIKE,,,data/mined/v07_canonical_lookalike_candidates/crops/nc-0053-00-000053__candidate_03.png,nc,1.0,,0,nc-0053-00-000053,,data/metadata/v07_canonical_hard_negative_candidates.csv,DARTIS_NO_OIL,train,,,,,
,LOOK::nc-0053-00-000053:04,LOOK_ALIKE,,,data/mined/v07_canonical_lookalike_candidates/crops/nc-0053-00-000053__candidate_04.png,nc,1.0,,0,nc-0053-00-000053,,data/metadata/v07_canonical_hard_negative_candidates.csv,DARTIS_NO_OIL,train,,,,,
,LOOK::nc-0058-00-000058:04,LOOK_ALIKE,,,data/mined/v07_canonical_lookalike_candidates/crops/nc-0058-00-000058__candidate_04.png,nc,1.0,,0,nc-0058-00-000058,,data/metadata/v07_canonical_hard_negative_candidates.csv,DARTIS_NO_OIL,train,,,,,
,LOOK::nc-0058-00-000058:06,LOOK_ALIKE,,,data/mined/v07_canonical_lookalike_candidates/crops/nc-0058-00-000058__candidate_06.png,nc,1.0,,0,nc-0058-00-000058,,data/metadata/v07_canonical_hard_negative_candidates.csv,DARTIS_NO_OIL,train,,,,,
,LOOK::nc-0058-00-000058:08,LOOK_ALIKE,,,data/mined/v07_canonical_lookalike_candidates/crops/nc-0058-00-000058__candidate_08.png,nc,1.0,,0,nc-0058-00-000058,,data/metadata/v07_canonical_hard_negative_candidates.csv,DARTIS_NO_OIL,train,,,,,
,LOOK::nc-0058-00-000058:09,LOOK_ALIKE,,,data/mined/v07_canonical_lookalike_candidates/crops/nc-0058-00-000058__candidate_09.png,nc,1.0,,0,nc-0058-00-000058,,data/metadata/v07_canonical_hard_negative_candidates.csv,DARTIS_NO_OIL,train,,,,,
,LOOK::nc-0058-00-000058:10,LOOK_ALIKE,,,data/mined/v07_canonical_lookalike_candidates/crops/nc-0058-00-000058__candidate_10.png,nc,1.0,,0,nc-0058-00-000058,,data/metadata/v07_canonical_hard_negative_candidates.csv,DARTIS_NO_OIL,train,,,,,
,LOOK::nc-0059-00-000059:01,LOOK_ALIKE,,,data/mined/v07_canonical_lookalike_candidates/crops/nc-0059-00-000059__candidate_01.png,nc,1.0,,0,nc-0059-00-000059,,data/metadata/v07_canonical_hard_negative_candidates.csv,DARTIS_NO_OIL,train,,,,,
,LOOK::nc-0059-00-000059:02,LOOK_ALIKE,,,data/mined/v07_canonical_lookalike_candidates/crops/nc-0059-00-000059__candidate_02.png,nc,1.0,,0,nc-0059-00-000059,,data/metadata/v07_canonical_hard_negative_candidates.csv,DARTIS_NO_OIL,train,,,,,
,LOOK::nc-0060-00-000060:01,LOOK_ALIKE,,,data/mined/v07_canonical_lookalike_candidates/crops/nc-0060-00-000060__candidate_01.png,nc,1.0,,0,nc-0060-00-000060,,data/metadata/v07_canonical_hard_negative_candidates.csv,DARTIS_NO_OIL,train,,,,,
,LOOK::nc-0060-00-000060:02,LOOK_ALIKE,,,data/mined/v07_canonical_lookalike_candidates/crops/nc-0060-00-000060__candidate_02.png,nc,1.0,,0,nc-0060-00-000060,,data/metadata/v07_canonical_hard_negative_candidates.csv,DARTIS_NO_OIL,train,,,,,
,LOOK::nc-0060-00-000060:03,LOOK_ALIKE,,,data/mined/v07_canonical_lookalike_candidates/crops/nc-0060-00-000060__candidate_03.png,nc,1.0,,0,nc-0060-00-000060,,data/metadata/v07_canonical_hard_negative_candidates.csv,DARTIS_NO_OIL,train,,,,,
,LOOK::nc-0062-00-000062:04,LOOK_ALIKE,,,data/mined/v07_canonical_lookalike_candidates/crops/nc-0062-00-000062__candidate_04.png,nc,1.0,,0,nc-0062-00-000062,,data/metadata/v07_canonical_hard_negative_candidates.csv,DARTIS_NO_OIL,train,,,,,
,LOOK::nc-0062-00-000062:06,LOOK_ALIKE,,,data/mined/v07_canonical_lookalike_candidates/crops/nc-0062-00-000062__candidate_06.png,nc,1.0,,0,nc-0062-00-000062,,data/metadata/v07_canonical_hard_negative_candidates.csv,DARTIS_NO_OIL,train,,,,,
,LOOK::nc-0062-00-000062:08,LOOK_ALIKE,,,data/mined/v07_canonical_lookalike_candidates/crops/nc-0062-00-000062__candidate_08.png,nc,1.0,,0,nc-0062-00-000062,,data/metadata/v07_canonical_hard_negative_candidates.csv,DARTIS_NO_OIL,train,,,,,
,LOOK::nc-0062-00-000062:10,LOOK_ALIKE,,,data/mined/v07_canonical_lookalike_candidates/crops/nc-0062-00-000062__candidate_10.png,nc,1.0,,0,nc-0062-00-000062,,data/metadata/v07_canonical_hard_negative_candidates.csv,DARTIS_NO_OIL,train,,,,,
,LOOK::nc-0062-00-000062:12,LOOK_ALIKE,,,data/mined/v07_canonical_lookalike_candidates/crops/nc-0062-00-000062__candidate_12.png,nc,1.0,,0,nc-0062-00-000062,,data/metadata/v07_canonical_hard_negative_candidates.csv,DARTIS_NO_OIL,train,,,,,
,LOOK::nc-0063-00-000063:01,LOOK_ALIKE,,,data/mined/v07_canonical_lookalike_candidates/crops/nc-0063-00-000063__candidate_01.png,nc,1.0,,0,nc-0063-00-000063,,data/metadata/v07_canonical_hard_negative_candidates.csv,DARTIS_NO_OIL,calibration,,,,,
,LOOK::nc-0066-00-000066:01,LOOK_ALIKE,,,data/mined/v07_canonical_lookalike_candidates/crops/nc-0066-00-000066__candidate_01.png,nc,1.0,,0,nc-0066-00-000066,,data/metadata/v07_canonical_hard_negative_candidates.csv,DARTIS_NO_OIL,excluded_seen_audit,,,,,
,LOOK::nc-0066-00-000066:02,LOOK_ALIKE,,,data/mined/v07_canonical_lookalike_candidates/crops/nc-0066-00-000066__candidate_02.png,nc,1.0,,0,nc-0066-00-000066,,data/metadata/v07_canonical_hard_negative_candidates.csv,DARTIS_NO_OIL,excluded_seen_audit,,,,,
,LOOK::nc-0066-00-000066:03,LOOK_ALIKE,,,data/mined/v07_canonical_lookalike_candidates/crops/nc-0066-00-000066__candidate_03.png,nc,1.0,,0,nc-0066-00-000066,,data/metadata/v07_canonical_hard_negative_candidates.csv,DARTIS_NO_OIL,excluded_seen_audit,,,,,
,LOOK::nc-0067-00-000067:01,LOOK_ALIKE,,,data/mined/v07_canonical_lookalike_candidates/crops/nc-0067-00-000067__candidate_01.png,nc,1.0,,0,nc-0067-00-000067,,data/metadata/v07_canonical_hard_negative_candidates.csv,DARTIS_NO_OIL,train,,,,,
,LOOK::nc-0067-00-000067:02,LOOK_ALIKE,,,data/mined/v07_canonical_lookalike_candidates/crops/nc-0067-00-000067__candidate_02.png,nc,1.0,,0,nc-0067-00-000067,,data/metadata/v07_canonical_hard_negative_candidates.csv,DARTIS_NO_OIL,train,,,,,
,LOOK::nc-0067-00-000067:03,LOOK_ALIKE,,,data/mined/v07_canonical_lookalike_candidates/crops/nc-0067-00-000067__candidate_03.png,nc,1.0,,0,nc-0067-00-000067,,data/metadata/v07_canonical_hard_negative_candidates.csv,DARTIS_NO_OIL,train,,,,,
,LOOK::nc-0075-00-000075:01,LOOK_ALIKE,,,data/mined/v07_canonical_lookalike_candidates/crops/nc-0075-00-000075__candidate_01.png,nc,1.0,,0,nc-0075-00-000075,,data/metadata/v07_canonical_hard_negative_candidates.csv,DARTIS_NO_OIL,train,,,,,
,LOOK::nc-0082-01-000006:02,LOOK_ALIKE,,,data/mined/v07_canonical_lookalike_candidates/crops/nc-0082-01-000006__candidate_02.png,nc,1.0,,0,nc-0082-01-000006,,data/metadata/v07_canonical_hard_negative_candidates.csv,DARTIS_NO_OIL,train,,,,,
,LOOK::nc-0082-01-000006:03,LOOK_ALIKE,,,data/mined/v07_canonical_lookalike_candidates/crops/nc-0082-01-000006__candidate_03.png,nc,1.0,,0,nc-0082-01-000006,,data/metadata/v07_canonical_hard_negative_candidates.csv,DARTIS_NO_OIL,train,,,,,
,LOOK::nc-0082-01-000006:04,LOOK_ALIKE,,,data/mined/v07_canonical_lookalike_candidates/crops/nc-0082-01-000006__candidate_04.png,nc,1.0,,0,nc-0082-01-000006,,data/metadata/v07_canonical_hard_negative_candidates.csv,DARTIS_NO_OIL,train,,,,,
,LOOK::nc-0082-01-000006:05,LOOK_ALIKE,,,data/mined/v07_canonical_lookalike_candidates/crops/nc-0082-01-000006__candidate_05.png,nc,1.0,,0,nc-0082-01-000006,,data/metadata/v07_canonical_hard_negative_candidates.csv,DARTIS_NO_OIL,train,,,,,
,LOOK::nc-0082-01-000006:06,LOOK_ALIKE,,,data/mined/v07_canonical_lookalike_candidates/crops/nc-0082-01-000006__candidate_06.png,nc,1.0,,0,nc-0082-01-000006,,data/metadata/v07_canonical_hard_negative_candidates.csv,DARTIS_NO_OIL,train,,,,,
,LOOK::nc-0083-01-000007:01,LOOK_ALIKE,,,data/mined/v07_canonical_lookalike_candidates/crops/nc-0083-01-000007__candidate_01.png,nc,1.0,,0,nc-0083-01-000007,,data/metadata/v07_canonical_hard_negative_candidates.csv,DARTIS_NO_OIL,train,,,,,
,LOOK::nc-0083-01-000007:02,LOOK_ALIKE,,,data/mined/v07_canonical_lookalike_candidates/crops/nc-0083-01-000007__candidate_02.png,nc,1.0,,0,nc-0083-01-000007,,data/metadata/v07_canonical_hard_negative_candidates.csv,DARTIS_NO_OIL,train,,,,,
,LOOK::nc-0083-01-000007:03,LOOK_ALIKE,,,data/mined/v07_canonical_lookalike_candidates/crops/nc-0083-01-000007__candidate_03.png,nc,1.0,,0,nc-0083-01-000007,,data/metadata/v07_canonical_hard_negative_candidates.csv,DARTIS_NO_OIL,train,,,,,
,LOOK::nc-0083-01-000007:04,LOOK_ALIKE,,,data/mined/v07_canonical_lookalike_candidates/crops/nc-0083-01-000007__candidate_04.png,nc,1.0,,0,nc-0083-01-000007,,data/metadata/v07_canonical_hard_negative_candidates.csv,DARTIS_NO_OIL,train,,,,,
,LOOK::nc-0083-01-000007:05,LOOK_ALIKE,,,data/mined/v07_canonical_lookalike_candidates/crops/nc-0083-01-000007__candidate_05.png,nc,1.0,,0,nc-0083-01-000007,,data/metadata/v07_canonical_hard_negative_candidates.csv,DARTIS_NO_OIL,train,,,,,
,LOOK::nc-0092-01-000016:01,LOOK_ALIKE,,,data/mined/v07_canonical_lookalike_candidates/crops/nc-0092-01-000016__candidate_01.png,nc,1.0,,0,nc-0092-01-000016,,data/metadata/v07_canonical_hard_negative_candidates.csv,DARTIS_NO_OIL,train,,,,,
,LOOK::nc-0092-01-000016:02,LOOK_ALIKE,,,data/mined/v07_canonical_lookalike_candidates/crops/nc-0092-01-000016__candidate_02.png,nc,1.0,,0,nc-0092-01-000016,,data/metadata/v07_canonical_hard_negative_candidates.csv,DARTIS_NO_OIL,train,,,,,
,LOOK::nc-0092-01-000016:03,LOOK_ALIKE,,,data/mined/v07_canonical_lookalike_candidates/crops/nc-0092-01-000016__candidate_03.png,nc,1.0,,0,nc-0092-01-000016,,data/metadata/v07_canonical_hard_negative_candidates.csv,DARTIS_NO_OIL,train,,,,,
,LOOK::nc-0092-01-000016:04,LOOK_ALIKE,,,data/mined/v07_canonical_lookalike_candidates/crops/nc-0092-01-000016__candidate_04.png,nc,1.0,,0,nc-0092-01-000016,,data/metadata/v07_canonical_hard_negative_candidates.csv,DARTIS_NO_OIL,train,,,,,
,LOOK::nc-0098-01-000022:01,LOOK_ALIKE,,,data/mined/v07_canonical_lookalike_candidates/crops/nc-0098-01-000022__candidate_01.png,nc,1.0,,0,nc-0098-01-000022,,data/metadata/v07_canonical_hard_negative_candidates.csv,DARTIS_NO_OIL,train,,,,,
,LOOK::nc-0098-01-000022:03,LOOK_ALIKE,,,data/mined/v07_canonical_lookalike_candidates/crops/nc-0098-01-000022__candidate_03.png,nc,1.0,,0,nc-0098-01-000022,,data/metadata/v07_canonical_hard_negative_candidates.csv,DARTIS_NO_OIL,train,,,,,
,LOOK::nc-0098-01-000022:04,LOOK_ALIKE,,,data/mined/v07_canonical_lookalike_candidates/crops/nc-0098-01-000022__candidate_04.png,nc,1.0,,0,nc-0098-01-000022,,data/metadata/v07_canonical_hard_negative_candidates.csv,DARTIS_NO_OIL,train,,,,,
,LOOK::nc-0098-01-000022:05,LOOK_ALIKE,,,data/mined/v07_canonical_lookalike_candidates/crops/nc-0098-01-000022__candidate_05.png,nc,1.0,,0,nc-0098-01-000022,,data/metadata/v07_canonical_hard_negative_candidates.csv,DARTIS_NO_OIL,train,,,,,
,LOOK::nc-0098-01-000022:06,LOOK_ALIKE,,,data/mined/v07_canonical_lookalike_candidates/crops/nc-0098-01-000022__candidate_06.png,nc,1.0,,0,nc-0098-01-000022,,data/metadata/v07_canonical_hard_negative_candidates.csv,DARTIS_NO_OIL,train,,,,,
,LOOK::nc-0103-01-000027:03,LOOK_ALIKE,,,data/mined/v07_canonical_lookalike_candidates/crops/nc-0103-01-000027__candidate_03.png,nc,1.0,,0,nc-0103-01-000027,,data/metadata/v07_canonical_hard_negative_candidates.csv,DARTIS_NO_OIL,train,,,,,
,LOOK::nc-0103-01-000027:04,LOOK_ALIKE,,,data/mined/v07_canonical_lookalike_candidates/crops/nc-0103-01-000027__candidate_04.png,nc,1.0,,0,nc-0103-01-000027,,data/metadata/v07_canonical_hard_negative_candidates.csv,DARTIS_NO_OIL,train,,,,,
,LOOK::nc-0103-01-000027:05,LOOK_ALIKE,,,data/mined/v07_canonical_lookalike_candidates/crops/nc-0103-01-000027__candidate_05.png,nc,1.0,,0,nc-0103-01-000027,,data/metadata/v07_canonical_hard_negative_candidates.csv,DARTIS_NO_OIL,train,,,,,
,LOOK::nc-0103-01-000027:08,LOOK_ALIKE,,,data/mined/v07_canonical_lookalike_candidates/crops/nc-0103-01-000027__candidate_08.png,nc,1.0,,0,nc-0103-01-000027,,data/metadata/v07_canonical_hard_negative_candidates.csv,DARTIS_NO_OIL,train,,,,,
,LOOK::nc-0103-01-000027:10,LOOK_ALIKE,,,data/mined/v07_canonical_lookalike_candidates/crops/nc-0103-01-000027__candidate_10.png,nc,1.0,,0,nc-0103-01-000027,,data/metadata/v07_canonical_hard_negative_candidates.csv,DARTIS_NO_OIL,train,,,,,
,LOOK::nc-0116-01-000040:02,LOOK_ALIKE,,,data/mined/v07_canonical_lookalike_candidates/crops/nc-0116-01-000040__candidate_02.png,nc,1.0,,0,nc-0116-01-000040,,data/metadata/v07_canonical_hard_negative_candidates.csv,DARTIS_NO_OIL,excluded_seen_audit,,,,,
,LOOK::nc-0116-01-000040:03,LOOK_ALIKE,,,data/mined/v07_canonical_lookalike_candidates/crops/nc-0116-01-000040__candidate_03.png,nc,1.0,,0,nc-0116-01-000040,,data/metadata/v07_canonical_hard_negative_candidates.csv,DARTIS_NO_OIL,excluded_seen_audit,,,,,
,LOOK::nc-0116-01-000040:04,LOOK_ALIKE,,,data/mined/v07_canonical_lookalike_candidates/crops/nc-0116-01-000040__candidate_04.png,nc,1.0,,0,nc-0116-01-000040,,data/metadata/v07_canonical_hard_negative_candidates.csv,DARTIS_NO_OIL,excluded_seen_audit,,,,,
,LOOK::nc-0116-01-000040:05,LOOK_ALIKE,,,data/mined/v07_canonical_lookalike_candidates/crops/nc-0116-01-000040__candidate_05.png,nc,1.0,,0,nc-0116-01-000040,,data/metadata/v07_canonical_hard_negative_candidates.csv,DARTIS_NO_OIL,excluded_seen_audit,,,,,
,LOOK::nc-0116-01-000040:06,LOOK_ALIKE,,,data/mined/v07_canonical_lookalike_candidates/crops/nc-0116-01-000040__candidate_06.png,nc,1.0,,0,nc-0116-01-000040,,data/metadata/v07_canonical_hard_negative_candidates.csv,DARTIS_NO_OIL,excluded_seen_audit,,,,,
,LOOK::nc-0119-01-000043:01,LOOK_ALIKE,,,data/mined/v07_canonical_lookalike_candidates/crops/nc-0119-01-000043__candidate_01.png,nc,1.0,,0,nc-0119-01-000043,,data/metadata/v07_canonical_hard_negative_candidates.csv,DARTIS_NO_OIL,calibration,,,,,
,LOOK::nc-0129-01-000053:03,LOOK_ALIKE,,,data/mined/v07_canonical_lookalike_candidates/crops/nc-0129-01-000053__candidate_03.png,nc,1.0,,0,nc-0129-01-000053,,data/metadata/v07_canonical_hard_negative_candidates.csv,DARTIS_NO_OIL,train,,,,,
,LOOK::nc-0129-01-000053:14,LOOK_ALIKE,,,data/mined/v07_canonical_lookalike_candidates/crops/nc-0129-01-000053__candidate_14.png,nc,1.0,,0,nc-0129-01-000053,,data/metadata/v07_canonical_hard_negative_candidates.csv,DARTIS_NO_OIL,train,,,,,
,LOOK::nc-0129-01-000053:16,LOOK_ALIKE,,,data/mined/v07_canonical_lookalike_candidates/crops/nc-0129-01-000053__candidate_16.png,nc,1.0,,0,nc-0129-01-000053,,data/metadata/v07_canonical_hard_negative_candidates.csv,DARTIS_NO_OIL,train,,,,,
,LOOK::nc-0129-01-000053:17,LOOK_ALIKE,,,data/mined/v07_canonical_lookalike_candidates/crops/nc-0129-01-000053__candidate_17.png,nc,1.0,,0,nc-0129-01-000053,,data/metadata/v07_canonical_hard_negative_candidates.csv,DARTIS_NO_OIL,train,,,,,
,LOOK::nc-0129-01-000053:18,LOOK_ALIKE,,,data/mined/v07_canonical_lookalike_candidates/crops/nc-0129-01-000053__candidate_18.png,nc,1.0,,0,nc-0129-01-000053,,data/metadata/v07_canonical_hard_negative_candidates.csv,DARTIS_NO_OIL,train,,,,,
,LOOK::nc-0137-01-000061:02,LOOK_ALIKE,,,data/mined/v07_canonical_lookalike_candidates/crops/nc-0137-01-000061__candidate_02.png,nc,1.0,,0,nc-0137-01-000061,,data/metadata/v07_canonical_hard_negative_candidates.csv,DARTIS_NO_OIL,train,,,,,
,LOOK::nc-0150-01-000074:01,LOOK_ALIKE,,,data/mined/v07_canonical_lookalike_candidates/crops/nc-0150-01-000074__candidate_01.png,nc,1.0,,0,nc-0150-01-000074,,data/metadata/v07_canonical_hard_negative_candidates.csv,DARTIS_NO_OIL,train,,,,,
,LOOK::nc-0150-01-000074:04,LOOK_ALIKE,,,data/mined/v07_canonical_lookalike_candidates/crops/nc-0150-01-000074__candidate_04.png,nc,1.0,,0,nc-0150-01-000074,,data/metadata/v07_canonical_hard_negative_candidates.csv,DARTIS_NO_OIL,train,,,,,
,LOOK::nc-0150-01-000074:05,LOOK_ALIKE,,,data/mined/v07_canonical_lookalike_candidates/crops/nc-0150-01-000074__candidate_05.png,nc,1.0,,0,nc-0150-01-000074,,data/metadata/v07_canonical_hard_negative_candidates.csv,DARTIS_NO_OIL,train,,,,,
,LOOK::nc-0150-01-000074:06,LOOK_ALIKE,,,data/mined/v07_canonical_lookalike_candidates/crops/nc-0150-01-000074__candidate_06.png,nc,1.0,,0,nc-0150-01-000074,,data/metadata/v07_canonical_hard_negative_candidates.csv,DARTIS_NO_OIL,train,,,,,
,LOOK::nc-0150-01-000074:07,LOOK_ALIKE,,,data/mined/v07_canonical_lookalike_candidates/crops/nc-0150-01-000074__candidate_07.png,nc,1.0,,0,nc-0150-01-000074,,data/metadata/v07_canonical_hard_negative_candidates.csv,DARTIS_NO_OIL,train,,,,,
,LOOK::nc-0152-01-000076:04,LOOK_ALIKE,,,data/mined/v07_canonical_lookalike_candidates/crops/nc-0152-01-000076__candidate_04.png,nc,1.0,,0,nc-0152-01-000076,,data/metadata/v07_canonical_hard_negative_candidates.csv,DARTIS_NO_OIL,train,,,,,
,LOOK::nc-0152-01-000076:06,LOOK_ALIKE,,,data/mined/v07_canonical_lookalike_candidates/crops/nc-0152-01-000076__candidate_06.png,nc,1.0,,0,nc-0152-01-000076,,data/metadata/v07_canonical_hard_negative_candidates.csv,DARTIS_NO_OIL,train,,,,,
,LOOK::nc-0152-01-000076:07,LOOK_ALIKE,,,data/mined/v07_canonical_lookalike_candidates/crops/nc-0152-01-000076__candidate_07.png,nc,1.0,,0,nc-0152-01-000076,,data/metadata/v07_canonical_hard_negative_candidates.csv,DARTIS_NO_OIL,train,,,,,
,LOOK::nc-0152-01-000076:09,LOOK_ALIKE,,,data/mined/v07_canonical_lookalike_candidates/crops/nc-0152-01-000076__candidate_09.png,nc,1.0,,0,nc-0152-01-000076,,data/metadata/v07_canonical_hard_negative_candidates.csv,DARTIS_NO_OIL,train,,,,,
,LOOK::nc-0152-01-000076:10,LOOK_ALIKE,,,data/mined/v07_canonical_lookalike_candidates/crops/nc-0152-01-000076__candidate_10.png,nc,1.0,,0,nc-0152-01-000076,,data/metadata/v07_canonical_hard_negative_candidates.csv,DARTIS_NO_OIL,train,,,,,
,LOOK::nc-0156-01-000080:01,LOOK_ALIKE,,,data/mined/v07_canonical_lookalike_candidates/crops/nc-0156-01-000080__candidate_01.png,nc,1.0,,0,nc-0156-01-000080,,data/metadata/v07_canonical_hard_negative_candidates.csv,DARTIS_NO_OIL,train,,,,,
,LOOK::nc-0156-01-000080:02,LOOK_ALIKE,,,data/mined/v07_canonical_lookalike_candidates/crops/nc-0156-01-000080__candidate_02.png,nc,1.0,,0,nc-0156-01-000080,,data/metadata/v07_canonical_hard_negative_candidates.csv,DARTIS_NO_OIL,train,,,,,
,LOOK::nc-0156-01-000080:03,LOOK_ALIKE,,,data/mined/v07_canonical_lookalike_candidates/crops/nc-0156-01-000080__candidate_03.png,nc,1.0,,0,nc-0156-01-000080,,data/metadata/v07_canonical_hard_negative_candidates.csv,DARTIS_NO_OIL,train,,,,,
,LOOK::nc-0159-01-000083:03,LOOK_ALIKE,,,data/mined/v07_canonical_lookalike_candidates/crops/nc-0159-01-000083__candidate_03.png,nc,1.0,,0,nc-0159-01-000083,,data/metadata/v07_canonical_hard_negative_candidates.csv,DARTIS_NO_OIL,train,,,,,
,LOOK::nc-0159-01-000083:04,LOOK_ALIKE,,,data/mined/v07_canonical_lookalike_candidates/crops/nc-0159-01-000083__candidate_04.png,nc,1.0,,0,nc-0159-01-000083,,data/metadata/v07_canonical_hard_negative_candidates.csv,DARTIS_NO_OIL,train,,,,,
,LOOK::nc-0165-02-000005:02,LOOK_ALIKE,,,data/mined/v07_canonical_lookalike_candidates/crops/nc-0165-02-000005__candidate_02.png,nc,1.0,,0,nc-0165-02-000005,,data/metadata/v07_canonical_hard_negative_candidates.csv,DARTIS_NO_OIL,train,,,,,
,LOOK::nc-0165-02-000005:04,LOOK_ALIKE,,,data/mined/v07_canonical_lookalike_candidates/crops/nc-0165-02-000005__candidate_04.png,nc,1.0,,0,nc-0165-02-000005,,data/metadata/v07_canonical_hard_negative_candidates.csv,DARTIS_NO_OIL,train,,,,,
,LOOK::nc-0165-02-000005:05,LOOK_ALIKE,,,data/mined/v07_canonical_lookalike_candidates/crops/nc-0165-02-000005__candidate_05.png,nc,1.0,,0,nc-0165-02-000005,,data/metadata/v07_canonical_hard_negative_candidates.csv,DARTIS_NO_OIL,train,,,,,
,LOOK::nc-0165-02-000005:06,LOOK_ALIKE,,,data/mined/v07_canonical_lookalike_candidates/crops/nc-0165-02-000005__candidate_06.png,nc,1.0,,0,nc-0165-02-000005,,data/metadata/v07_canonical_hard_negative_candidates.csv,DARTIS_NO_OIL,train,,,,,
,LOOK::nc-0165-02-000005:08,LOOK_ALIKE,,,data/mined/v07_canonical_lookalike_candidates/crops/nc-0165-02-000005__candidate_08.png,nc,1.0,,0,nc-0165-02-000005,,data/metadata/v07_canonical_hard_negative_candidates.csv,DARTIS_NO_OIL,train,,,,,
,LOOK::nc-0170-02-000010:05,LOOK_ALIKE,,,data/mined/v07_canonical_lookalike_candidates/crops/nc-0170-02-000010__candidate_05.png,nc,1.0,,0,nc-0170-02-000010,,data/metadata/v07_canonical_hard_negative_candidates.csv,DARTIS_NO_OIL,train,,,,,
,LOOK::nc-0170-02-000010:06,LOOK_ALIKE,,,data/mined/v07_canonical_lookalike_candidates/crops/nc-0170-02-000010__candidate_06.png,nc,1.0,,0,nc-0170-02-000010,,data/metadata/v07_canonical_hard_negative_candidates.csv,DARTIS_NO_OIL,train,,,,,
,LOOK::nc-0170-02-000010:07,LOOK_ALIKE,,,data/mined/v07_canonical_lookalike_candidates/crops/nc-0170-02-000010__candidate_07.png,nc,1.0,,0,nc-0170-02-000010,,data/metadata/v07_canonical_hard_negative_candidates.csv,DARTIS_NO_OIL,train,,,,,
,LOOK::nc-0170-02-000010:08,LOOK_ALIKE,,,data/mined/v07_canonical_lookalike_candidates/crops/nc-0170-02-000010__candidate_08.png,nc,1.0,,0,nc-0170-02-000010,,data/metadata/v07_canonical_hard_negative_candidates.csv,DARTIS_NO_OIL,train,,,,,
,LOOK::nc-0170-02-000010:09,LOOK_ALIKE,,,data/mined/v07_canonical_lookalike_candidates/crops/nc-0170-02-000010__candidate_09.png,nc,1.0,,0,nc-0170-02-000010,,data/metadata/v07_canonical_hard_negative_candidates.csv,DARTIS_NO_OIL,train,,,,,
,LOOK::nc-0173-02-000013:03,LOOK_ALIKE,,,data/mined/v07_canonical_lookalike_candidates/crops/nc-0173-02-000013__candidate_03.png,nc,1.0,,0,nc-0173-02-000013,,data/metadata/v07_canonical_hard_negative_candidates.csv,DARTIS_NO_OIL,train,,,,,
,LOOK::nc-0173-02-000013:05,LOOK_ALIKE,,,data/mined/v07_canonical_lookalike_candidates/crops/nc-0173-02-000013__candidate_05.png,nc,1.0,,0,nc-0173-02-000013,,data/metadata/v07_canonical_hard_negative_candidates.csv,DARTIS_NO_OIL,train,,,,,
,LOOK::nc-0173-02-000013:06,LOOK_ALIKE,,,data/mined/v07_canonical_lookalike_candidates/crops/nc-0173-02-000013__candidate_06.png,nc,1.0,,0,nc-0173-02-000013,,data/metadata/v07_canonical_hard_negative_candidates.csv,DARTIS_NO_OIL,train,,,,,
,LOOK::nc-0173-02-000013:07,LOOK_ALIKE,,,data/mined/v07_canonical_lookalike_candidates/crops/nc-0173-02-000013__candidate_07.png,nc,1.0,,0,nc-0173-02-000013,,data/metadata/v07_canonical_hard_negative_candidates.csv,DARTIS_NO_OIL,train,,,,,
,LOOK::nc-0173-02-000013:08,LOOK_ALIKE,,,data/mined/v07_canonical_lookalike_candidates/crops/nc-0173-02-000013__candidate_08.png,nc,1.0,,0,nc-0173-02-000013,,data/metadata/v07_canonical_hard_negative_candidates.csv,DARTIS_NO_OIL,train,,,,,
,LOOK::nc-0174-02-000014:03,LOOK_ALIKE,,,data/mined/v07_canonical_lookalike_candidates/crops/nc-0174-02-000014__candidate_03.png,nc,1.0,,0,nc-0174-02-000014,,data/metadata/v07_canonical_hard_negative_candidates.csv,DARTIS_NO_OIL,calibration,,,,,
,LOOK::nc-0174-02-000014:04,LOOK_ALIKE,,,data/mined/v07_canonical_lookalike_candidates/crops/nc-0174-02-000014__candidate_04.png,nc,1.0,,0,nc-0174-02-000014,,data/metadata/v07_canonical_hard_negative_candidates.csv,DARTIS_NO_OIL,calibration,,,,,
,LOOK::nc-0174-02-000014:06,LOOK_ALIKE,,,data/mined/v07_canonical_lookalike_candidates/crops/nc-0174-02-000014__candidate_06.png,nc,1.0,,0,nc-0174-02-000014,,data/metadata/v07_canonical_hard_negative_candidates.csv,DARTIS_NO_OIL,calibration,,,,,
,LOOK::nc-0174-02-000014:09,LOOK_ALIKE,,,data/mined/v07_canonical_lookalike_candidates/crops/nc-0174-02-000014__candidate_09.png,nc,1.0,,0,nc-0174-02-000014,,data/metadata/v07_canonical_hard_negative_candidates.csv,DARTIS_NO_OIL,calibration,,,,,
,LOOK::nc-0174-02-000014:10,LOOK_ALIKE,,,data/mined/v07_canonical_lookalike_candidates/crops/nc-0174-02-000014__candidate_10.png,nc,1.0,,0,nc-0174-02-000014,,data/metadata/v07_canonical_hard_negative_candidates.csv,DARTIS_NO_OIL,calibration,,,,,
,LOOK::nc-0184-02-000024:01,LOOK_ALIKE,,,data/mined/v07_canonical_lookalike_candidates/crops/nc-0184-02-000024__candidate_01.png,nc,1.0,,0,nc-0184-02-000024,,data/metadata/v07_canonical_hard_negative_candidates.csv,DARTIS_NO_OIL,excluded_seen_audit,,,,,
,LOOK::nc-0184-02-000024:02,LOOK_ALIKE,,,data/mined/v07_canonical_lookalike_candidates/crops/nc-0184-02-000024__candidate_02.png,nc,1.0,,0,nc-0184-02-000024,,data/metadata/v07_canonical_hard_negative_candidates.csv,DARTIS_NO_OIL,excluded_seen_audit,,,,,
,LOOK::nc-0184-02-000024:03,LOOK_ALIKE,,,data/mined/v07_canonical_lookalike_candidates/crops/nc-0184-02-000024__candidate_03.png,nc,1.0,,0,nc-0184-02-000024,,data/metadata/v07_canonical_hard_negative_candidates.csv,DARTIS_NO_OIL,excluded_seen_audit,,,,,
,LOOK::nc-0191-02-000031:03,LOOK_ALIKE,,,data/mined/v07_canonical_lookalike_candidates/crops/nc-0191-02-000031__candidate_03.png,nc,1.0,,0,nc-0191-02-000031,,data/metadata/v07_canonical_hard_negative_candidates.csv,DARTIS_NO_OIL,train,,,,,
,LOOK::nc-0191-02-000031:04,LOOK_ALIKE,,,data/mined/v07_canonical_lookalike_candidates/crops/nc-0191-02-000031__candidate_04.png,nc,1.0,,0,nc-0191-02-000031,,data/metadata/v07_canonical_hard_negative_candidates.csv,DARTIS_NO_OIL,train,,,,,
,LOOK::nc-0191-02-000031:05,LOOK_ALIKE,,,data/mined/v07_canonical_lookalike_candidates/crops/nc-0191-02-000031__candidate_05.png,nc,1.0,,0,nc-0191-02-000031,,data/metadata/v07_canonical_hard_negative_candidates.csv,DARTIS_NO_OIL,train,,,,,
,LOOK::nc-0191-02-000031:06,LOOK_ALIKE,,,data/mined/v07_canonical_lookalike_candidates/crops/nc-0191-02-000031__candidate_06.png,nc,1.0,,0,nc-0191-02-000031,,data/metadata/v07_canonical_hard_negative_candidates.csv,DARTIS_NO_OIL,train,,,,,
,LOOK::nc-0191-02-000031:07,LOOK_ALIKE,,,data/mined/v07_canonical_lookalike_candidates/crops/nc-0191-02-000031__candidate_07.png,nc,1.0,,0,nc-0191-02-000031,,data/metadata/v07_canonical_hard_negative_candidates.csv,DARTIS_NO_OIL,train,,,,,
,LOOK::nc-0218-02-000058:06,LOOK_ALIKE,,,data/mined/v07_canonical_lookalike_candidates/crops/nc-0218-02-000058__candidate_06.png,nc,1.0,,0,nc-0218-02-000058,,data/metadata/v07_canonical_hard_negative_candidates.csv,DARTIS_NO_OIL,train,,,,,
,LOOK::nc-0218-02-000058:09,LOOK_ALIKE,,,data/mined/v07_canonical_lookalike_candidates/crops/nc-0218-02-000058__candidate_09.png,nc,1.0,,0,nc-0218-02-000058,,data/metadata/v07_canonical_hard_negative_candidates.csv,DARTIS_NO_OIL,train,,,,,
,LOOK::nc-0218-02-000058:10,LOOK_ALIKE,,,data/mined/v07_canonical_lookalike_candidates/crops/nc-0218-02-000058__candidate_10.png,nc,1.0,,0,nc-0218-02-000058,,data/metadata/v07_canonical_hard_negative_candidates.csv,DARTIS_NO_OIL,train,,,,,
,LOOK::nc-0218-02-000058:12,LOOK_ALIKE,,,data/mined/v07_canonical_lookalike_candidates/crops/nc-0218-02-000058__candidate_12.png,nc,1.0,,0,nc-0218-02-000058,,data/metadata/v07_canonical_hard_negative_candidates.csv,DARTIS_NO_OIL,train,,,,,
,LOOK::nc-0218-02-000058:13,LOOK_ALIKE,,,data/mined/v07_canonical_lookalike_candidates/crops/nc-0218-02-000058__candidate_13.png,nc,1.0,,0,nc-0218-02-000058,,data/metadata/v07_canonical_hard_negative_candidates.csv,DARTIS_NO_OIL,train,,,,,
,LOOK::nc-0223-02-000063:01,LOOK_ALIKE,,,data/mined/v07_canonical_lookalike_candidates/crops/nc-0223-02-000063__candidate_01.png,nc,1.0,,0,nc-0223-02-000063,,data/metadata/v07_canonical_hard_negative_candidates.csv,DARTIS_NO_OIL,train,,,,,
,LOOK::nc-0223-02-000063:04,LOOK_ALIKE,,,data/mined/v07_canonical_lookalike_candidates/crops/nc-0223-02-000063__candidate_04.png,nc,1.0,,0,nc-0223-02-000063,,data/metadata/v07_canonical_hard_negative_candidates.csv,DARTIS_NO_OIL,train,,,,,
,LOOK::nc-0223-02-000063:05,LOOK_ALIKE,,,data/mined/v07_canonical_lookalike_candidates/crops/nc-0223-02-000063__candidate_05.png,nc,1.0,,0,nc-0223-02-000063,,data/metadata/v07_canonical_hard_negative_candidates.csv,DARTIS_NO_OIL,train,,,,,
,LOOK::nc-0223-02-000063:06,LOOK_ALIKE,,,data/mined/v07_canonical_lookalike_candidates/crops/nc-0223-02-000063__candidate_06.png,nc,1.0,,0,nc-0223-02-000063,,data/metadata/v07_canonical_hard_negative_candidates.csv,DARTIS_NO_OIL,train,,,,,
,LOOK::nc-0250-03-000015:01,LOOK_ALIKE,,,data/mined/v07_canonical_lookalike_candidates/crops/nc-0250-03-000015__candidate_01.png,nc,1.0,,0,nc-0250-03-000015,,data/metadata/v07_canonical_hard_negative_candidates.csv,DARTIS_NO_OIL,calibration,,,,,
,LOOK::nc-0251-03-000016:03,LOOK_ALIKE,,,data/mined/v07_canonical_lookalike_candidates/crops/nc-0251-03-000016__candidate_03.png,nc,1.0,,0,nc-0251-03-000016,,data/metadata/v07_canonical_hard_negative_candidates.csv,DARTIS_NO_OIL,train,,,,,
,LOOK::nc-0251-03-000016:05,LOOK_ALIKE,,,data/mined/v07_canonical_lookalike_candidates/crops/nc-0251-03-000016__candidate_05.png,nc,1.0,,0,nc-0251-03-000016,,data/metadata/v07_canonical_hard_negative_candidates.csv,DARTIS_NO_OIL,train,,,,,
,LOOK::nc-0251-03-000016:06,LOOK_ALIKE,,,data/mined/v07_canonical_lookalike_candidates/crops/nc-0251-03-000016__candidate_06.png,nc,1.0,,0,nc-0251-03-000016,,data/metadata/v07_canonical_hard_negative_candidates.csv,DARTIS_NO_OIL,train,,,,,
,LOOK::nc-0251-03-000016:08,LOOK_ALIKE,,,data/mined/v07_canonical_lookalike_candidates/crops/nc-0251-03-000016__candidate_08.png,nc,1.0,,0,nc-0251-03-000016,,data/metadata/v07_canonical_hard_negative_candidates.csv,DARTIS_NO_OIL,train,,,,,
,LOOK::nc-0251-03-000016:09,LOOK_ALIKE,,,data/mined/v07_canonical_lookalike_candidates/crops/nc-0251-03-000016__candidate_09.png,nc,1.0,,0,nc-0251-03-000016,,data/metadata/v07_canonical_hard_negative_candidates.csv,DARTIS_NO_OIL,train,,,,,
,LOOK::nc-0258-03-000023:06,LOOK_ALIKE,,,data/mined/v07_canonical_lookalike_candidates/crops/nc-0258-03-000023__candidate_06.png,nc,1.0,,0,nc-0258-03-000023,,data/metadata/v07_canonical_hard_negative_candidates.csv,DARTIS_NO_OIL,train,,,,,
,LOOK::nc-0258-03-000023:08,LOOK_ALIKE,,,data/mined/v07_canonical_lookalike_candidates/crops/nc-0258-03-000023__candidate_08.png,nc,1.0,,0,nc-0258-03-000023,,data/metadata/v07_canonical_hard_negative_candidates.csv,DARTIS_NO_OIL,train,,,,,
,LOOK::nc-0258-03-000023:09,LOOK_ALIKE,,,data/mined/v07_canonical_lookalike_candidates/crops/nc-0258-03-000023__candidate_09.png,nc,1.0,,0,nc-0258-03-000023,,data/metadata/v07_canonical_hard_negative_candidates.csv,DARTIS_NO_OIL,train,,,,,
,LOOK::nc-0258-03-000023:10,LOOK_ALIKE,,,data/mined/v07_canonical_lookalike_candidates/crops/nc-0258-03-000023__candidate_10.png,nc,1.0,,0,nc-0258-03-000023,,data/metadata/v07_canonical_hard_negative_candidates.csv,DARTIS_NO_OIL,train,,,,,
,LOOK::nc-0258-03-000023:11,LOOK_ALIKE,,,data/mined/v07_canonical_lookalike_candidates/crops/nc-0258-03-000023__candidate_11.png,nc,1.0,,0,nc-0258-03-000023,,data/metadata/v07_canonical_hard_negative_candidates.csv,DARTIS_NO_OIL,train,,,,,
,LOOK::nc-0268-03-000033:01,LOOK_ALIKE,,,data/mined/v07_canonical_lookalike_candidates/crops/nc-0268-03-000033__candidate_01.png,nc,1.0,,0,nc-0268-03-000033,,data/metadata/v07_canonical_hard_negative_candidates.csv,DARTIS_NO_OIL,train,,,,,
,LOOK::nc-0268-03-000033:02,LOOK_ALIKE,,,data/mined/v07_canonical_lookalike_candidates/crops/nc-0268-03-000033__candidate_02.png,nc,1.0,,0,nc-0268-03-000033,,data/metadata/v07_canonical_hard_negative_candidates.csv,DARTIS_NO_OIL,train,,,,,
,LOOK::nc-0268-03-000033:03,LOOK_ALIKE,,,data/mined/v07_canonical_lookalike_candidates/crops/nc-0268-03-000033__candidate_03.png,nc,1.0,,0,nc-0268-03-000033,,data/metadata/v07_canonical_hard_negative_candidates.csv,DARTIS_NO_OIL,train,,,,,
,LOOK::nc-0270-03-000035:01,LOOK_ALIKE,,,data/mined/v07_canonical_lookalike_candidates/crops/nc-0270-03-000035__candidate_01.png,nc,1.0,,0,nc-0270-03-000035,,data/metadata/v07_canonical_hard_negative_candidates.csv,DARTIS_NO_OIL,train,,,,,
,LOOK::nc-0279-03-000044:01,LOOK_ALIKE,,,data/mined/v07_canonical_lookalike_candidates/crops/nc-0279-03-000044__candidate_01.png,nc,1.0,,0,nc-0279-03-000044,,data/metadata/v07_canonical_hard_negative_candidates.csv,DARTIS_NO_OIL,train,,,,,
,LOOK::nc-0279-03-000044:02,LOOK_ALIKE,,,data/mined/v07_canonical_lookalike_candidates/crops/nc-0279-03-000044__candidate_02.png,nc,1.0,,0,nc-0279-03-000044,,data/metadata/v07_canonical_hard_negative_candidates.csv,DARTIS_NO_OIL,train,,,,,
,LOOK::nc-0279-03-000044:04,LOOK_ALIKE,,,data/mined/v07_canonical_lookalike_candidates/crops/nc-0279-03-000044__candidate_04.png,nc,1.0,,0,nc-0279-03-000044,,data/metadata/v07_canonical_hard_negative_candidates.csv,DARTIS_NO_OIL,train,,,,,
,LOOK::nc-0286-04-000007:01,LOOK_ALIKE,,,data/mined/v07_canonical_lookalike_candidates/crops/nc-0286-04-000007__candidate_01.png,nc,1.0,,0,nc-0286-04-000007,,data/metadata/v07_canonical_hard_negative_candidates.csv,DARTIS_NO_OIL,excluded_seen_audit,,,,,
,LOOK::nc-0286-04-000007:02,LOOK_ALIKE,,,data/mined/v07_canonical_lookalike_candidates/crops/nc-0286-04-000007__candidate_02.png,nc,1.0,,0,nc-0286-04-000007,,data/metadata/v07_canonical_hard_negative_candidates.csv,DARTIS_NO_OIL,excluded_seen_audit,,,,,
,LOOK::nc-0286-04-000007:03,LOOK_ALIKE,,,data/mined/v07_canonical_lookalike_candidates/crops/nc-0286-04-000007__candidate_03.png,nc,1.0,,0,nc-0286-04-000007,,data/metadata/v07_canonical_hard_negative_candidates.csv,DARTIS_NO_OIL,excluded_seen_audit,,,,,
,LOOK::nc-0286-04-000007:04,LOOK_ALIKE,,,data/mined/v07_canonical_lookalike_candidates/crops/nc-0286-04-000007__candidate_04.png,nc,1.0,,0,nc-0286-04-000007,,data/metadata/v07_canonical_hard_negative_candidates.csv,DARTIS_NO_OIL,excluded_seen_audit,,,,,
,LOOK::nc-0287-04-000008:01,LOOK_ALIKE,,,data/mined/v07_canonical_lookalike_candidates/crops/nc-0287-04-000008__candidate_01.png,nc,1.0,,0,nc-0287-04-000008,,data/metadata/v07_canonical_hard_negative_candidates.csv,DARTIS_NO_OIL,excluded_seen_audit,,,,,
,LOOK::nc-0287-04-000008:02,LOOK_ALIKE,,,data/mined/v07_canonical_lookalike_candidates/crops/nc-0287-04-000008__candidate_02.png,nc,1.0,,0,nc-0287-04-000008,,data/metadata/v07_canonical_hard_negative_candidates.csv,DARTIS_NO_OIL,excluded_seen_audit,,,,,
,LOOK::nc-0287-04-000008:03,LOOK_ALIKE,,,data/mined/v07_canonical_lookalike_candidates/crops/nc-0287-04-000008__candidate_03.png,nc,1.0,,0,nc-0287-04-000008,,data/metadata/v07_canonical_hard_negative_candidates.csv,DARTIS_NO_OIL,excluded_seen_audit,,,,,
,LOOK::nc-0288-04-000009:05,LOOK_ALIKE,,,data/mined/v07_canonical_lookalike_candidates/crops/nc-0288-04-000009__candidate_05.png,nc,1.0,,0,nc-0288-04-000009,,data/metadata/v07_canonical_hard_negative_candidates.csv,DARTIS_NO_OIL,train,,,,,
,LOOK::nc-0288-04-000009:07,LOOK_ALIKE,,,data/mined/v07_canonical_lookalike_candidates/crops/nc-0288-04-000009__candidate_07.png,nc,1.0,,0,nc-0288-04-000009,,data/metadata/v07_canonical_hard_negative_candidates.csv,DARTIS_NO_OIL,train,,,,,
,LOOK::nc-0288-04-000009:08,LOOK_ALIKE,,,data/mined/v07_canonical_lookalike_candidates/crops/nc-0288-04-000009__candidate_08.png,nc,1.0,,0,nc-0288-04-000009,,data/metadata/v07_canonical_hard_negative_candidates.csv,DARTIS_NO_OIL,train,,,,,
,LOOK::nc-0288-04-000009:09,LOOK_ALIKE,,,data/mined/v07_canonical_lookalike_candidates/crops/nc-0288-04-000009__candidate_09.png,nc,1.0,,0,nc-0288-04-000009,,data/metadata/v07_canonical_hard_negative_candidates.csv,DARTIS_NO_OIL,train,,,,,
,LOOK::nc-0288-04-000009:11,LOOK_ALIKE,,,data/mined/v07_canonical_lookalike_candidates/crops/nc-0288-04-000009__candidate_11.png,nc,1.0,,0,nc-0288-04-000009,,data/metadata/v07_canonical_hard_negative_candidates.csv,DARTIS_NO_OIL,train,,,,,
,LOOK::nc-0289-04-000010:02,LOOK_ALIKE,,,data/mined/v07_canonical_lookalike_candidates/crops/nc-0289-04-000010__candidate_02.png,nc,1.0,,0,nc-0289-04-000010,,data/metadata/v07_canonical_hard_negative_candidates.csv,DARTIS_NO_OIL,train,,,,,
,LOOK::nc-0289-04-000010:03,LOOK_ALIKE,,,data/mined/v07_canonical_lookalike_candidates/crops/nc-0289-04-000010__candidate_03.png,nc,1.0,,0,nc-0289-04-000010,,data/metadata/v07_canonical_hard_negative_candidates.csv,DARTIS_NO_OIL,train,,,,,
,LOOK::nc-0289-04-000010:04,LOOK_ALIKE,,,data/mined/v07_canonical_lookalike_candidates/crops/nc-0289-04-000010__candidate_04.png,nc,1.0,,0,nc-0289-04-000010,,data/metadata/v07_canonical_hard_negative_candidates.csv,DARTIS_NO_OIL,train,,,,,
,LOOK::nc-0292-04-000013:01,LOOK_ALIKE,,,data/mined/v07_canonical_lookalike_candidates/crops/nc-0292-04-000013__candidate_01.png,nc,1.0,,0,nc-0292-04-000013,,data/metadata/v07_canonical_hard_negative_candidates.csv,DARTIS_NO_OIL,train,,,,,
,LOOK::nc-0293-04-000014:06,LOOK_ALIKE,,,data/mined/v07_canonical_lookalike_candidates/crops/nc-0293-04-000014__candidate_06.png,nc,1.0,,0,nc-0293-04-000014,,data/metadata/v07_canonical_hard_negative_candidates.csv,DARTIS_NO_OIL,train,,,,,
,LOOK::nc-0293-04-000014:10,LOOK_ALIKE,,,data/mined/v07_canonical_lookalike_candidates/crops/nc-0293-04-000014__candidate_10.png,nc,1.0,,0,nc-0293-04-000014,,data/metadata/v07_canonical_hard_negative_candidates.csv,DARTIS_NO_OIL,train,,,,,
,LOOK::nc-0293-04-000014:11,LOOK_ALIKE,,,data/mined/v07_canonical_lookalike_candidates/crops/nc-0293-04-000014__candidate_11.png,nc,1.0,,0,nc-0293-04-000014,,data/metadata/v07_canonical_hard_negative_candidates.csv,DARTIS_NO_OIL,train,,,,,
,LOOK::nc-0293-04-000014:12,LOOK_ALIKE,,,data/mined/v07_canonical_lookalike_candidates/crops/nc-0293-04-000014__candidate_12.png,nc,1.0,,0,nc-0293-04-000014,,data/metadata/v07_canonical_hard_negative_candidates.csv,DARTIS_NO_OIL,train,,,,,
,LOOK::nc-0293-04-000014:13,LOOK_ALIKE,,,data/mined/v07_canonical_lookalike_candidates/crops/nc-0293-04-000014__candidate_13.png,nc,1.0,,0,nc-0293-04-000014,,data/metadata/v07_canonical_hard_negative_candidates.csv,DARTIS_NO_OIL,train,,,,,
,LOOK::nc-0295-04-000016:01,LOOK_ALIKE,,,data/mined/v07_canonical_lookalike_candidates/crops/nc-0295-04-000016__candidate_01.png,nc,1.0,,0,nc-0295-04-000016,,data/metadata/v07_canonical_hard_negative_candidates.csv,DARTIS_NO_OIL,calibration,,,,,
,LOOK::nc-0295-04-000016:02,LOOK_ALIKE,,,data/mined/v07_canonical_lookalike_candidates/crops/nc-0295-04-000016__candidate_02.png,nc,1.0,,0,nc-0295-04-000016,,data/metadata/v07_canonical_hard_negative_candidates.csv,DARTIS_NO_OIL,calibration,,,,,
,LOOK::nc-0295-04-000016:03,LOOK_ALIKE,,,data/mined/v07_canonical_lookalike_candidates/crops/nc-0295-04-000016__candidate_03.png,nc,1.0,,0,nc-0295-04-000016,,data/metadata/v07_canonical_hard_negative_candidates.csv,DARTIS_NO_OIL,calibration,,,,,
,LOOK::nc-0297-04-000018:04,LOOK_ALIKE,,,data/mined/v07_canonical_lookalike_candidates/crops/nc-0297-04-000018__candidate_04.png,nc,1.0,,0,nc-0297-04-000018,,data/metadata/v07_canonical_hard_negative_candidates.csv,DARTIS_NO_OIL,excluded_seen_audit,,,,,
,LOOK::nc-0297-04-000018:06,LOOK_ALIKE,,,data/mined/v07_canonical_lookalike_candidates/crops/nc-0297-04-000018__candidate_06.png,nc,1.0,,0,nc-0297-04-000018,,data/metadata/v07_canonical_hard_negative_candidates.csv,DARTIS_NO_OIL,excluded_seen_audit,,,,,
,LOOK::nc-0297-04-000018:07,LOOK_ALIKE,,,data/mined/v07_canonical_lookalike_candidates/crops/nc-0297-04-000018__candidate_07.png,nc,1.0,,0,nc-0297-04-000018,,data/metadata/v07_canonical_hard_negative_candidates.csv,DARTIS_NO_OIL,excluded_seen_audit,,,,,
,LOOK::nc-0297-04-000018:08,LOOK_ALIKE,,,data/mined/v07_canonical_lookalike_candidates/crops/nc-0297-04-000018__candidate_08.png,nc,1.0,,0,nc-0297-04-000018,,data/metadata/v07_canonical_hard_negative_candidates.csv,DARTIS_NO_OIL,excluded_seen_audit,,,,,
,LOOK::nc-0297-04-000018:10,LOOK_ALIKE,,,data/mined/v07_canonical_lookalike_candidates/crops/nc-0297-04-000018__candidate_10.png,nc,1.0,,0,nc-0297-04-000018,,data/metadata/v07_canonical_hard_negative_candidates.csv,DARTIS_NO_OIL,excluded_seen_audit,,,,,
,LOOK::nc-0314-04-000035:04,LOOK_ALIKE,,,data/mined/v07_canonical_lookalike_candidates/crops/nc-0314-04-000035__candidate_04.png,nc,1.0,,0,nc-0314-04-000035,,data/metadata/v07_canonical_hard_negative_candidates.csv,DARTIS_NO_OIL,calibration,,,,,
,LOOK::nc-0314-04-000035:05,LOOK_ALIKE,,,data/mined/v07_canonical_lookalike_candidates/crops/nc-0314-04-000035__candidate_05.png,nc,1.0,,0,nc-0314-04-000035,,data/metadata/v07_canonical_hard_negative_candidates.csv,DARTIS_NO_OIL,calibration,,,,,
,LOOK::nc-0314-04-000035:07,LOOK_ALIKE,,,data/mined/v07_canonical_lookalike_candidates/crops/nc-0314-04-000035__candidate_07.png,nc,1.0,,0,nc-0314-04-000035,,data/metadata/v07_canonical_hard_negative_candidates.csv,DARTIS_NO_OIL,calibration,,,,,
,LOOK::nc-0314-04-000035:09,LOOK_ALIKE,,,data/mined/v07_canonical_lookalike_candidates/crops/nc-0314-04-000035__candidate_09.png,nc,1.0,,0,nc-0314-04-000035,,data/metadata/v07_canonical_hard_negative_candidates.csv,DARTIS_NO_OIL,calibration,,,,,
,LOOK::nc-0314-04-000035:11,LOOK_ALIKE,,,data/mined/v07_canonical_lookalike_candidates/crops/nc-0314-04-000035__candidate_11.png,nc,1.0,,0,nc-0314-04-000035,,data/metadata/v07_canonical_hard_negative_candidates.csv,DARTIS_NO_OIL,calibration,,,,,
,LOOK::nc-0317-04-000038:01,LOOK_ALIKE,,,data/mined/v07_canonical_lookalike_candidates/crops/nc-0317-04-000038__candidate_01.png,nc,1.0,,0,nc-0317-04-000038,,data/metadata/v07_canonical_hard_negative_candidates.csv,DARTIS_NO_OIL,train,,,,,
,LOOK::nc-0317-04-000038:03,LOOK_ALIKE,,,data/mined/v07_canonical_lookalike_candidates/crops/nc-0317-04-000038__candidate_03.png,nc,1.0,,0,nc-0317-04-000038,,data/metadata/v07_canonical_hard_negative_candidates.csv,DARTIS_NO_OIL,train,,,,,
,LOOK::nc-0317-04-000038:04,LOOK_ALIKE,,,data/mined/v07_canonical_lookalike_candidates/crops/nc-0317-04-000038__candidate_04.png,nc,1.0,,0,nc-0317-04-000038,,data/metadata/v07_canonical_hard_negative_candidates.csv,DARTIS_NO_OIL,train,,,,,
,LOOK::nc-0317-04-000038:05,LOOK_ALIKE,,,data/mined/v07_canonical_lookalike_candidates/crops/nc-0317-04-000038__candidate_05.png,nc,1.0,,0,nc-0317-04-000038,,data/metadata/v07_canonical_hard_negative_candidates.csv,DARTIS_NO_OIL,train,,,,,
,LOOK::nc-0317-04-000038:06,LOOK_ALIKE,,,data/mined/v07_canonical_lookalike_candidates/crops/nc-0317-04-000038__candidate_06.png,nc,1.0,,0,nc-0317-04-000038,,data/metadata/v07_canonical_hard_negative_candidates.csv,DARTIS_NO_OIL,train,,,,,
,LOOK::nc-0323-04-000044:06,LOOK_ALIKE,,,data/mined/v07_canonical_lookalike_candidates/crops/nc-0323-04-000044__candidate_06.png,nc,1.0,,0,nc-0323-04-000044,,data/metadata/v07_canonical_hard_negative_candidates.csv,DARTIS_NO_OIL,train,,,,,
,LOOK::nc-0323-04-000044:11,LOOK_ALIKE,,,data/mined/v07_canonical_lookalike_candidates/crops/nc-0323-04-000044__candidate_11.png,nc,1.0,,0,nc-0323-04-000044,,data/metadata/v07_canonical_hard_negative_candidates.csv,DARTIS_NO_OIL,train,,,,,
,LOOK::nc-0323-04-000044:12,LOOK_ALIKE,,,data/mined/v07_canonical_lookalike_candidates/crops/nc-0323-04-000044__candidate_12.png,nc,1.0,,0,nc-0323-04-000044,,data/metadata/v07_canonical_hard_negative_candidates.csv,DARTIS_NO_OIL,train,,,,,
,LOOK::nc-0323-04-000044:13,LOOK_ALIKE,,,data/mined/v07_canonical_lookalike_candidates/crops/nc-0323-04-000044__candidate_13.png,nc,1.0,,0,nc-0323-04-000044,,data/metadata/v07_canonical_hard_negative_candidates.csv,DARTIS_NO_OIL,train,,,,,
,LOOK::nc-0323-04-000044:14,LOOK_ALIKE,,,data/mined/v07_canonical_lookalike_candidates/crops/nc-0323-04-000044__candidate_14.png,nc,1.0,,0,nc-0323-04-000044,,data/metadata/v07_canonical_hard_negative_candidates.csv,DARTIS_NO_OIL,train,,,,,
,LOOK::nc-0328-04-000049:02,LOOK_ALIKE,,,data/mined/v07_canonical_lookalike_candidates/crops/nc-0328-04-000049__candidate_02.png,nc,1.0,,0,nc-0328-04-000049,,data/metadata/v07_canonical_hard_negative_candidates.csv,DARTIS_NO_OIL,train,,,,,
,LOOK::nc-0328-04-000049:03,LOOK_ALIKE,,,data/mined/v07_canonical_lookalike_candidates/crops/nc-0328-04-000049__candidate_03.png,nc,1.0,,0,nc-0328-04-000049,,data/metadata/v07_canonical_hard_negative_candidates.csv,DARTIS_NO_OIL,train,,,,,
,LOOK::nc-0328-04-000049:04,LOOK_ALIKE,,,data/mined/v07_canonical_lookalike_candidates/crops/nc-0328-04-000049__candidate_04.png,nc,1.0,,0,nc-0328-04-000049,,data/metadata/v07_canonical_hard_negative_candidates.csv,DARTIS_NO_OIL,train,,,,,
,LOOK::nc-0328-04-000049:05,LOOK_ALIKE,,,data/mined/v07_canonical_lookalike_candidates/crops/nc-0328-04-000049__candidate_05.png,nc,1.0,,0,nc-0328-04-000049,,data/metadata/v07_canonical_hard_negative_candidates.csv,DARTIS_NO_OIL,train,,,,,
,LOOK::nc-0328-04-000049:06,LOOK_ALIKE,,,data/mined/v07_canonical_lookalike_candidates/crops/nc-0328-04-000049__candidate_06.png,nc,1.0,,0,nc-0328-04-000049,,data/metadata/v07_canonical_hard_negative_candidates.csv,DARTIS_NO_OIL,train,,,,,
,LOOK::nc-0331-04-000052:03,LOOK_ALIKE,,,data/mined/v07_canonical_lookalike_candidates/crops/nc-0331-04-000052__candidate_03.png,nc,1.0,,0,nc-0331-04-000052,,data/metadata/v07_canonical_hard_negative_candidates.csv,DARTIS_NO_OIL,train,,,,,
,LOOK::nc-0331-04-000052:04,LOOK_ALIKE,,,data/mined/v07_canonical_lookalike_candidates/crops/nc-0331-04-000052__candidate_04.png,nc,1.0,,0,nc-0331-04-000052,,data/metadata/v07_canonical_hard_negative_candidates.csv,DARTIS_NO_OIL,train,,,,,
,LOOK::nc-0331-04-000052:05,LOOK_ALIKE,,,data/mined/v07_canonical_lookalike_candidates/crops/nc-0331-04-000052__candidate_05.png,nc,1.0,,0,nc-0331-04-000052,,data/metadata/v07_canonical_hard_negative_candidates.csv,DARTIS_NO_OIL,train,,,,,
,LOOK::nc-0331-04-000052:06,LOOK_ALIKE,,,data/mined/v07_canonical_lookalike_candidates/crops/nc-0331-04-000052__candidate_06.png,nc,1.0,,0,nc-0331-04-000052,,data/metadata/v07_canonical_hard_negative_candidates.csv,DARTIS_NO_OIL,train,,,,,
,LOOK::nc-0341-04-000062:01,LOOK_ALIKE,,,data/mined/v07_canonical_lookalike_candidates/crops/nc-0341-04-000062__candidate_01.png,nc,1.0,,0,nc-0341-04-000062,,data/metadata/v07_canonical_hard_negative_candidates.csv,DARTIS_NO_OIL,train,,,,,
,LOOK::nc-0341-04-000062:02,LOOK_ALIKE,,,data/mined/v07_canonical_lookalike_candidates/crops/nc-0341-04-000062__candidate_02.png,nc,1.0,,0,nc-0341-04-000062,,data/metadata/v07_canonical_hard_negative_candidates.csv,DARTIS_NO_OIL,train,,,,,
,LOOK::nw-0006-00-000006:01,LOOK_ALIKE,,,data/mined/v07_canonical_lookalike_candidates/crops/nw-0006-00-000006__candidate_01.png,nw,1.0,,0,nw-0006-00-000006,,data/metadata/v07_canonical_hard_negative_candidates.csv,DARTIS_NO_OIL,train,,,,,
,LOOK::nw-0492-02-000149:01,LOOK_ALIKE,,,data/mined/v07_canonical_lookalike_candidates/crops/nw-0492-02-000149__candidate_01.png,nw,1.0,,0,nw-0492-02-000149,,data/metadata/v07_canonical_hard_negative_candidates.csv,DARTIS_NO_OIL,train,,,,,
,LOOK::nw-0523-03-000020:01,LOOK_ALIKE,,,data/mined/v07_canonical_lookalike_candidates/crops/nw-0523-03-000020__candidate_01.png,nw,1.0,,0,nw-0523-03-000020,,data/metadata/v07_canonical_hard_negative_candidates.csv,DARTIS_NO_OIL,train,,,,,
,LOOK::nw-0523-03-000020:02,LOOK_ALIKE,,,data/mined/v07_canonical_lookalike_candidates/crops/nw-0523-03-000020__candidate_02.png,nw,1.0,,0,nw-0523-03-000020,,data/metadata/v07_canonical_hard_negative_candidates.csv,DARTIS_NO_OIL,train,,,,,
,LOOK::nw-0539-03-000036:01,LOOK_ALIKE,,,data/mined/v07_canonical_lookalike_candidates/crops/nw-0539-03-000036__candidate_01.png,nw,1.0,,0,nw-0539-03-000036,,data/metadata/v07_canonical_hard_negative_candidates.csv,DARTIS_NO_OIL,train,,,,,
,LOOK::nw-0539-03-000036:02,LOOK_ALIKE,,,data/mined/v07_canonical_lookalike_candidates/crops/nw-0539-03-000036__candidate_02.png,nw,1.0,,0,nw-0539-03-000036,,data/metadata/v07_canonical_hard_negative_candidates.csv,DARTIS_NO_OIL,train,,,,,
,LOOK::nw-0539-03-000036:03,LOOK_ALIKE,,,data/mined/v07_canonical_lookalike_candidates/crops/nw-0539-03-000036__candidate_03.png,nw,1.0,,0,nw-0539-03-000036,,data/metadata/v07_canonical_hard_negative_candidates.csv,DARTIS_NO_OIL,train,,,,,
,LOOK::nw-0674-04-000009:03,LOOK_ALIKE,,,data/mined/v07_canonical_lookalike_candidates/crops/nw-0674-04-000009__candidate_03.png,nw,1.0,,0,nw-0674-04-000009,,data/metadata/v07_canonical_hard_negative_candidates.csv,DARTIS_NO_OIL,train,,,,,
,LOOK::nw-0674-04-000009:04,LOOK_ALIKE,,,data/mined/v07_canonical_lookalike_candidates/crops/nw-0674-04-000009__candidate_04.png,nw,1.0,,0,nw-0674-04-000009,,data/metadata/v07_canonical_hard_negative_candidates.csv,DARTIS_NO_OIL,train,,,,,
,LOOK::nw-0674-04-000009:07,LOOK_ALIKE,,,data/mined/v07_canonical_lookalike_candidates/crops/nw-0674-04-000009__candidate_07.png,nw,1.0,,0,nw-0674-04-000009,,data/metadata/v07_canonical_hard_negative_candidates.csv,DARTIS_NO_OIL,train,,,,,
,LOOK::nw-0674-04-000009:08,LOOK_ALIKE,,,data/mined/v07_canonical_lookalike_candidates/crops/nw-0674-04-000009__candidate_08.png,nw,1.0,,0,nw-0674-04-000009,,data/metadata/v07_canonical_hard_negative_candidates.csv,DARTIS_NO_OIL,train,,,,,
,LOOK::nw-0674-04-000009:09,LOOK_ALIKE,,,data/mined/v07_canonical_lookalike_candidates/crops/nw-0674-04-000009__candidate_09.png,nw,1.0,,0,nw-0674-04-000009,,data/metadata/v07_canonical_hard_negative_candidates.csv,DARTIS_NO_OIL,train,,,,,
,LOOK::nw-0722-04-000057:01,LOOK_ALIKE,,,data/mined/v07_canonical_lookalike_candidates/crops/nw-0722-04-000057__candidate_01.png,nw,1.0,,0,nw-0722-04-000057,,data/metadata/v07_canonical_hard_negative_candidates.csv,DARTIS_NO_OIL,train,,,,,
,LOOK::nw-0722-04-000057:02,LOOK_ALIKE,,,data/mined/v07_canonical_lookalike_candidates/crops/nw-0722-04-000057__candidate_02.png,nw,1.0,,0,nw-0722-04-000057,,data/metadata/v07_canonical_hard_negative_candidates.csv,DARTIS_NO_OIL,train,,,,,
,LOOK::nw-0722-04-000057:03,LOOK_ALIKE,,,data/mined/v07_canonical_lookalike_candidates/crops/nw-0722-04-000057__candidate_03.png,nw,1.0,,0,nw-0722-04-000057,,data/metadata/v07_canonical_hard_negative_candidates.csv,DARTIS_NO_OIL,train,,,,,
,LOOK::nw-0722-04-000057:04,LOOK_ALIKE,,,data/mined/v07_canonical_lookalike_candidates/crops/nw-0722-04-000057__candidate_04.png,nw,1.0,,0,nw-0722-04-000057,,data/metadata/v07_canonical_hard_negative_candidates.csv,DARTIS_NO_OIL,train,,,,,
,LOOK::nw-0722-04-000057:05,LOOK_ALIKE,,,data/mined/v07_canonical_lookalike_candidates/crops/nw-0722-04-000057__candidate_05.png,nw,1.0,,0,nw-0722-04-000057,,data/metadata/v07_canonical_hard_negative_candidates.csv,DARTIS_NO_OIL,train,,,,,
,LOOK::nw-1249-07-000171:01,LOOK_ALIKE,,,data/mined/v07_canonical_lookalike_candidates/crops/nw-1249-07-000171__candidate_01.png,nw,1.0,,0,nw-1249-07-000171,,data/metadata/v07_canonical_hard_negative_candidates.csv,DARTIS_NO_OIL,calibration,,,,,
,LOOK::nw-1280-08-000031:01,LOOK_ALIKE,,,data/mined/v07_canonical_lookalike_candidates/crops/nw-1280-08-000031__candidate_01.png,nw,1.0,,0,nw-1280-08-000031,,data/metadata/v07_canonical_hard_negative_candidates.csv,DARTIS_NO_OIL,calibration,,,,,
,LOOK::nw-1282-08-000033:02,LOOK_ALIKE,,,data/mined/v07_canonical_lookalike_candidates/crops/nw-1282-08-000033__candidate_02.png,nw,1.0,,0,nw-1282-08-000033,,data/metadata/v07_canonical_hard_negative_candidates.csv,DARTIS_NO_OIL,train,,,,,
,LOOK::nw-1282-08-000033:04,LOOK_ALIKE,,,data/mined/v07_canonical_lookalike_candidates/crops/nw-1282-08-000033__candidate_04.png,nw,1.0,,0,nw-1282-08-000033,,data/metadata/v07_canonical_hard_negative_candidates.csv,DARTIS_NO_OIL,train,,,,,
,LOOK::nw-1282-08-000033:05,LOOK_ALIKE,,,data/mined/v07_canonical_lookalike_candidates/crops/nw-1282-08-000033__candidate_05.png,nw,1.0,,0,nw-1282-08-000033,,data/metadata/v07_canonical_hard_negative_candidates.csv,DARTIS_NO_OIL,train,,,,,
,LOOK::nw-1282-08-000033:06,LOOK_ALIKE,,,data/mined/v07_canonical_lookalike_candidates/crops/nw-1282-08-000033__candidate_06.png,nw,1.0,,0,nw-1282-08-000033,,data/metadata/v07_canonical_hard_negative_candidates.csv,DARTIS_NO_OIL,train,,,,,
,LOOK::nw-1282-08-000033:07,LOOK_ALIKE,,,data/mined/v07_canonical_lookalike_candidates/crops/nw-1282-08-000033__candidate_07.png,nw,1.0,,0,nw-1282-08-000033,,data/metadata/v07_canonical_hard_negative_candidates.csv,DARTIS_NO_OIL,train,,,,,
,LOOK::nw-1301-08-000052:01,LOOK_ALIKE,,,data/mined/v07_canonical_lookalike_candidates/crops/nw-1301-08-000052__candidate_01.png,nw,1.0,,0,nw-1301-08-000052,,data/metadata/v07_canonical_hard_negative_candidates.csv,DARTIS_NO_OIL,train,,,,,
,LOOK::nw-1472-09-000048:01,LOOK_ALIKE,,,data/mined/v07_canonical_lookalike_candidates/crops/nw-1472-09-000048__candidate_01.png,nw,1.0,,0,nw-1472-09-000048,,data/metadata/v07_canonical_hard_negative_candidates.csv,DARTIS_NO_OIL,train,,,,,
,LOOK::nw-1776-11-000010:01,LOOK_ALIKE,,,data/mined/v07_canonical_lookalike_candidates/crops/nw-1776-11-000010__candidate_01.png,nw,1.0,,0,nw-1776-11-000010,,data/metadata/v07_canonical_hard_negative_candidates.csv,DARTIS_NO_OIL,train,,,,,
,LOOK::nw-1776-11-000010:02,LOOK_ALIKE,,,data/mined/v07_canonical_lookalike_candidates/crops/nw-1776-11-000010__candidate_02.png,nw,1.0,,0,nw-1776-11-000010,,data/metadata/v07_canonical_hard_negative_candidates.csv,DARTIS_NO_OIL,train,,,,,
,LOOK::nw-1776-11-000010:03,LOOK_ALIKE,,,data/mined/v07_canonical_lookalike_candidates/crops/nw-1776-11-000010__candidate_03.png,nw,1.0,,0,nw-1776-11-000010,,data/metadata/v07_canonical_hard_negative_candidates.csv,DARTIS_NO_OIL,train,,,,,
,LOOK::nw-1776-11-000010:04,LOOK_ALIKE,,,data/mined/v07_canonical_lookalike_candidates/crops/nw-1776-11-000010__candidate_04.png,nw,1.0,,0,nw-1776-11-000010,,data/metadata/v07_canonical_hard_negative_candidates.csv,DARTIS_NO_OIL,train,,,,,
,LOOK::nw-1924-11-000158:01,LOOK_ALIKE,,,data/mined/v07_canonical_lookalike_candidates/crops/nw-1924-11-000158__candidate_01.png,nw,1.0,,0,nw-1924-11-000158,,data/metadata/v07_canonical_hard_negative_candidates.csv,DARTIS_NO_OIL,train,,,,,
,LOOK::nw-1924-11-000158:02,LOOK_ALIKE,,,data/mined/v07_canonical_lookalike_candidates/crops/nw-1924-11-000158__candidate_02.png,nw,1.0,,0,nw-1924-11-000158,,data/metadata/v07_canonical_hard_negative_candidates.csv,DARTIS_NO_OIL,train,,,,,
,LOOK::nw-1924-11-000158:03,LOOK_ALIKE,,,data/mined/v07_canonical_lookalike_candidates/crops/nw-1924-11-000158__candidate_03.png,nw,1.0,,0,nw-1924-11-000158,,data/metadata/v07_canonical_hard_negative_candidates.csv,DARTIS_NO_OIL,train,,,,,
"[576, 578, 613, 612]",V08_FAIL::nc-0255-03-000020::08,LOOK_ALIKE,8.0,"[562, 563, 627, 627]",data/mined/v08_holdout_failure_lookalikes/crops/nc-0255-03-000020__confirmed_08.png,nc,4.0,,0,nc-0255-03-000020,data/external/dartis/raw/nc/nc-0255-03-000020.jpg,outputs/v07_fresh_negative_holdout/per_scene_results.csv,V07_FRESH_NEGATIVE_FALSE_ALARM,train,,,CONFIRMED_OIL,0.9875277375739119,
"[581, 548, 627, 564]",V08_FAIL::nc-0255-03-000020::09,LOOK_ALIKE,9.0,"[569, 524, 639, 588]",data/mined/v08_holdout_failure_lookalikes/crops/nc-0255-03-000020__confirmed_09.png,nc,4.0,,0,nc-0255-03-000020,data/external/dartis/raw/nc/nc-0255-03-000020.jpg,outputs/v07_fresh_negative_holdout/per_scene_results.csv,V07_FRESH_NEGATIVE_FALSE_ALARM,train,,,CONFIRMED_OIL,0.977473709752629,
"[215, 401, 559, 639]",V08_FAIL::nc-0061-00-000061::01,LOOK_ALIKE,1.0,"[124, 282, 640, 640]",data/mined/v08_holdout_failure_lookalikes/crops/nc-0061-00-000061__confirmed_01.png,nc,4.0,,0,nc-0061-00-000061,data/external/dartis/raw/nc/nc-0061-00-000061.jpg,outputs/v07_fresh_negative_holdout/per_scene_results.csv,V07_FRESH_NEGATIVE_FALSE_ALARM,train,,,CONFIRMED_OIL,0.9678625780983973,
"[524, 222, 639, 271]",V08_FAIL::nc-0061-00-000061::02,LOOK_ALIKE,2.0,"[467, 209, 640, 284]",data/mined/v08_holdout_failure_lookalikes/crops/nc-0061-00-000061__confirmed_02.png,nc,4.0,,0,nc-0061-00-000061,data/external/dartis/raw/nc/nc-0061-00-000061.jpg,outputs/v07_fresh_negative_holdout/per_scene_results.csv,V07_FRESH_NEGATIVE_FALSE_ALARM,train,,,CONFIRMED_OIL,0.9913481330752714,
"[106, 62, 141, 99]",V08_FAIL::nc-0061-00-000061::07,LOOK_ALIKE,7.0,"[91, 48, 156, 113]",data/mined/v08_holdout_failure_lookalikes/crops/nc-0061-00-000061__confirmed_07.png,nc,4.0,,0,nc-0061-00-000061,data/external/dartis/raw/nc/nc-0061-00-000061.jpg,outputs/v07_fresh_negative_holdout/per_scene_results.csv,V07_FRESH_NEGATIVE_FALSE_ALARM,train,,,CONFIRMED_OIL,0.9801464253878056,
"[105, 164, 162, 208]",V08_FAIL::nc-0061-00-000061::08,LOOK_ALIKE,8.0,"[90, 153, 177, 219]",data/mined/v08_holdout_failure_lookalikes/crops/nc-0061-00-000061__confirmed_08.png,nc,4.0,,0,nc-0061-00-000061,data/external/dartis/raw/nc/nc-0061-00-000061.jpg,outputs/v07_fresh_negative_holdout/per_scene_results.csv,V07_FRESH_NEGATIVE_FALSE_ALARM,train,,,CONFIRMED_OIL,0.9587907375040238,
"[129, 228, 167, 250]",V08_FAIL::nc-0061-00-000061::09,LOOK_ALIKE,9.0,"[116, 207, 180, 271]",data/mined/v08_holdout_failure_lookalikes/crops/nc-0061-00-000061__confirmed_09.png,nc,4.0,,0,nc-0061-00-000061,data/external/dartis/raw/nc/nc-0061-00-000061.jpg,outputs/v07_fresh_negative_holdout/per_scene_results.csv,V07_FRESH_NEGATIVE_FALSE_ALARM,train,,,CONFIRMED_OIL,0.9855256694839196,
"[248, 211, 276, 236]",V08_FAIL::nc-0061-00-000061::10,LOOK_ALIKE,10.0,"[230, 191, 294, 256]",data/mined/v08_holdout_failure_lookalikes/crops/nc-0061-00-000061__confirmed_10.png,nc,4.0,,0,nc-0061-00-000061,data/external/dartis/raw/nc/nc-0061-00-000061.jpg,outputs/v07_fresh_negative_holdout/per_scene_results.csv,V07_FRESH_NEGATIVE_FALSE_ALARM,train,,,CONFIRMED_OIL,0.9923709472491405,
"[42, 230, 70, 255]",V08_FAIL::nc-0121-01-000045::01,LOOK_ALIKE,1.0,"[24, 210, 88, 275]",data/mined/v08_holdout_failure_lookalikes/crops/nc-0121-01-000045__confirmed_01.png,nc,4.0,,0,nc-0121-01-000045,data/external/dartis/raw/nc/nc-0121-01-000045.jpg,outputs/v07_fresh_negative_holdout/per_scene_results.csv,V07_FRESH_NEGATIVE_FALSE_ALARM,train,,,CONFIRMED_OIL,0.9729385649353817,
"[112, 41, 133, 80]",V08_FAIL::nc-0121-01-000045::02,LOOK_ALIKE,2.0,"[90, 28, 155, 93]",data/mined/v08_holdout_failure_lookalikes/crops/nc-0121-01-000045__confirmed_02.png,nc,4.0,,0,nc-0121-01-000045,data/external/dartis/raw/nc/nc-0121-01-000045.jpg,outputs/v07_fresh_negative_holdout/per_scene_results.csv,V07_FRESH_NEGATIVE_FALSE_ALARM,train,,,CONFIRMED_OIL,0.9816613360600955,
"[99, 42, 115, 66]",V08_FAIL::nc-0121-01-000045::03,LOOK_ALIKE,3.0,"[75, 22, 139, 86]",data/mined/v08_holdout_failure_lookalikes/crops/nc-0121-01-000045__confirmed_03.png,nc,4.0,,0,nc-0121-01-000045,data/external/dartis/raw/nc/nc-0121-01-000045.jpg,outputs/v07_fresh_negative_holdout/per_scene_results.csv,V07_FRESH_NEGATIVE_FALSE_ALARM,train,,,CONFIRMED_OIL,0.982694640858502,
"[556, 1, 578, 33]",V08_FAIL::nc-0169-02-000009::01,LOOK_ALIKE,1.0,"[535, 0, 599, 64]",data/mined/v08_holdout_failure_lookalikes/crops/nc-0169-02-000009__confirmed_01.png,nc,4.0,,0,nc-0169-02-000009,data/external/dartis/raw/nc/nc-0169-02-000009.jpg,outputs/v07_fresh_negative_holdout/per_scene_results.csv,V07_FRESH_NEGATIVE_FALSE_ALARM,train,,,CONFIRMED_OIL,0.9757252739742528,
"[563, 559, 628, 607]",V08_FAIL::nc-0348-04-000069::01,LOOK_ALIKE,1.0,"[541, 547, 640, 619]",data/mined/v08_holdout_failure_lookalikes/crops/nc-0348-04-000069__confirmed_01.png,nc,4.0,,0,nc-0348-04-000069,data/external/dartis/raw/nc/nc-0348-04-000069.jpg,outputs/v07_fresh_negative_holdout/per_scene_results.csv,V07_FRESH_NEGATIVE_FALSE_ALARM,train,,,CONFIRMED_OIL,0.9572069878208049,
"[248, 310, 291, 334]",V08_FAIL::nc-0348-04-000069::07,LOOK_ALIKE,7.0,"[237, 290, 302, 354]",data/mined/v08_holdout_failure_lookalikes/crops/nc-0348-04-000069__confirmed_07.png,nc,4.0,,0,nc-0348-04-000069,data/external/dartis/raw/nc/nc-0348-04-000069.jpg,outputs/v07_fresh_negative_holdout/per_scene_results.csv,V07_FRESH_NEGATIVE_FALSE_ALARM,train,,,CONFIRMED_OIL,0.9588770592605768,
"[130, 553, 158, 577]",V08_FAIL::nc-0348-04-000069::09,LOOK_ALIKE,9.0,"[112, 533, 176, 597]",data/mined/v08_holdout_failure_lookalikes/crops/nc-0348-04-000069__confirmed_09.png,nc,4.0,,0,nc-0348-04-000069,data/external/dartis/raw/nc/nc-0348-04-000069.jpg,outputs/v07_fresh_negative_holdout/per_scene_results.csv,V07_FRESH_NEGATIVE_FALSE_ALARM,train,,,CONFIRMED_OIL,0.9682682258288431,
"[147, 603, 171, 630]",V08_FAIL::nc-0348-04-000069::10,LOOK_ALIKE,10.0,"[127, 575, 191, 640]",data/mined/v08_holdout_failure_lookalikes/crops/nc-0348-04-000069__confirmed_10.png,nc,4.0,,0,nc-0348-04-000069,data/external/dartis/raw/nc/nc-0348-04-000069.jpg,outputs/v07_fresh_negative_holdout/per_scene_results.csv,V07_FRESH_NEGATIVE_FALSE_ALARM,train,,,CONFIRMED_OIL,0.9748289457120152,
"[264, 484, 301, 507]",V08_FAIL::nc-0348-04-000069::11,LOOK_ALIKE,11.0,"[250, 463, 315, 528]",data/mined/v08_holdout_failure_lookalikes/crops/nc-0348-04-000069__confirmed_11.png,nc,4.0,,0,nc-0348-04-000069,data/external/dartis/raw/nc/nc-0348-04-000069.jpg,outputs/v07_fresh_negative_holdout/per_scene_results.csv,V07_FRESH_NEGATIVE_FALSE_ALARM,train,,,CONFIRMED_OIL,0.9768391368022196,
"[162, 213, 189, 233]",V08_FAIL::nc-0348-04-000069::12,LOOK_ALIKE,12.0,"[143, 191, 208, 255]",data/mined/v08_holdout_failure_lookalikes/crops/nc-0348-04-000069__confirmed_12.png,nc,4.0,,0,nc-0348-04-000069,data/external/dartis/raw/nc/nc-0348-04-000069.jpg,outputs/v07_fresh_negative_holdout/per_scene_results.csv,V07_FRESH_NEGATIVE_FALSE_ALARM,train,,,CONFIRMED_OIL,0.9822044656412564,
"[41, 574, 67, 593]",V08_FAIL::nc-0348-04-000069::14,LOOK_ALIKE,14.0,"[22, 551, 86, 616]",data/mined/v08_holdout_failure_lookalikes/crops/nc-0348-04-000069__confirmed_14.png,nc,4.0,,0,nc-0348-04-000069,data/external/dartis/raw/nc/nc-0348-04-000069.jpg,outputs/v07_fresh_negative_holdout/per_scene_results.csv,V07_FRESH_NEGATIVE_FALSE_ALARM,train,,,CONFIRMED_OIL,0.9752018619463554,
"[225, 187, 316, 222]",V08_FAIL::nc-0004-00-000004::05,LOOK_ALIKE,5.0,"[202, 172, 339, 237]",data/mined/v08_holdout_failure_lookalikes/crops/nc-0004-00-000004__confirmed_05.png,nc,4.0,,0,nc-0004-00-000004,data/external/dartis/raw/nc/nc-0004-00-000004.jpg,outputs/v07_fresh_negative_holdout/per_scene_results.csv,V07_FRESH_NEGATIVE_FALSE_ALARM,train,,,CONFIRMED_OIL,0.9868076356132202,
"[308, 339, 379, 350]",V08_FAIL::nc-0004-00-000004::07,LOOK_ALIKE,7.0,"[290, 312, 397, 377]",data/mined/v08_holdout_failure_lookalikes/crops/nc-0004-00-000004__confirmed_07.png,nc,4.0,,0,nc-0004-00-000004,data/external/dartis/raw/nc/nc-0004-00-000004.jpg,outputs/v07_fresh_negative_holdout/per_scene_results.csv,V07_FRESH_NEGATIVE_FALSE_ALARM,train,,,CONFIRMED_OIL,0.986892774364554,
