scene_id,group,source_image_path,mask_path,discovery_method,source_reference,source_column,readable,size_match,binary_like,positive_pixels,positive_fraction,unique_value_count,valid_mask,pair_valid,candidate_score,error
oc-0001,oc,data/external/dartis/raw/oc/oc-0001.jpg,data/derived/v06_water_masks/land/oc/oc-0001.png,metadata,data/metadata/v06_dartis_water_masks.csv,land_mask_path,True,True,True,83112,0.20291015625,2,True,True,1175.0,
oc-0002,oc,data/external/dartis/raw/oc/oc-0002.jpg,data/derived/v06_water_masks/land/oc/oc-0002.png,metadata,data/metadata/v06_dartis_water_masks.csv,land_mask_path,True,True,True,132103,0.32251708984375,2,True,True,1175.0,
oc-0003,oc,data/external/dartis/raw/oc/oc-0003.jpg,data/derived/v06_water_masks/land/oc/oc-0003.png,metadata,data/metadata/v06_dartis_water_masks.csv,land_mask_path,True,True,True,174361,0.42568603515625,2,True,True,1175.0,
oc-0004,oc,data/external/dartis/raw/oc/oc-0004.jpg,data/derived/v06_water_masks/land/oc/oc-0004.png,metadata,data/metadata/v06_dartis_water_masks.csv,land_mask_path,True,True,True,1668,0.004072265625,2,True,True,1195.0,
oc-0005,oc,data/external/dartis/raw/oc/oc-0005.jpg,data/derived/v06_water_masks/land/oc/oc-0005.png,metadata,data/metadata/v06_dartis_water_masks.csv,land_mask_path,True,True,True,210378,0.5136181640625,2,True,True,1175.0,
oc-0006,oc,data/external/dartis/raw/oc/oc-0006.jpg,data/derived/v06_water_masks/land/oc/oc-0006.png,metadata,data/metadata/v06_dartis_water_masks.csv,land_mask_path,True,True,True,3051,0.00744873046875,2,True,True,1195.0,
oc-0007,oc,data/external/dartis/raw/oc/oc-0007.jpg,data/derived/v06_water_masks/land/oc/oc-0007.png,metadata,data/metadata/v06_dartis_water_masks.csv,land_mask_path,True,True,True,241905,0.59058837890625,2,True,True,1175.0,
oc-0008,oc,data/external/dartis/raw/oc/oc-0008.jpg,data/derived/v06_water_masks/land/oc/oc-0008.png,metadata,data/metadata/v06_dartis_water_masks.csv,land_mask_path,True,True,True,3109,0.00759033203125,2,True,True,1195.0,
oc-0009,oc,data/external/dartis/raw/oc/oc-0009.jpg,data/derived/v06_water_masks/land/oc/oc-0009.png,metadata,data/metadata/v06_dartis_water_masks.csv,land_mask_path,True,True,True,194532,0.474931640625,2,True,True,1175.0,
oc-0010,oc,data/external/dartis/raw/oc/oc-0010.jpg,data/derived/v06_water_masks/land/oc/oc-0010.png,metadata,data/metadata/v06_dartis_water_masks.csv,land_mask_path,True,True,True,75074,0.1832861328125,2,True,True,1195.0,
oc-0011,oc,data/external/dartis/raw/oc/oc-0011.jpg,data/derived/v06_water_masks/land/oc/oc-0011.png,metadata,data/metadata/v06_dartis_water_masks.csv,land_mask_path,True,True,True,46424,0.11333984375,2,True,True,1195.0,
oc-0012,oc,data/external/dartis/raw/oc/oc-0012.jpg,data/derived/v06_water_masks/land/oc/oc-0012.png,metadata,data/metadata/v06_dartis_water_masks.csv,land_mask_path,True,True,True,174400,0.42578125,2,True,True,1175.0,
oc-0013,oc,data/external/dartis/raw/oc/oc-0013.jpg,data/derived/v06_water_masks/land/oc/oc-0013.png,metadata,data/metadata/v06_dartis_water_masks.csv,land_mask_path,True,True,True,179955,0.43934326171875,2,True,True,1175.0,
oc-0014,oc,data/external/dartis/raw/oc/oc-0014.jpg,data/derived/v06_water_masks/land/oc/oc-0014.png,metadata,data/metadata/v06_dartis_water_masks.csv,land_mask_path,True,True,True,144586,0.3529931640625,2,True,True,1175.0,
oc-0015,oc,data/external/dartis/raw/oc/oc-0015.jpg,data/derived/v06_water_masks/land/oc/oc-0015.png,metadata,data/metadata/v06_dartis_water_masks.csv,land_mask_path,True,True,True,197523,0.48223388671875,2,True,True,1175.0,
oc-0016,oc,data/external/dartis/raw/oc/oc-0016.jpg,data/derived/v06_water_masks/land/oc/oc-0016.png,metadata,data/metadata/v06_dartis_water_masks.csv,land_mask_path,True,True,True,111914,0.2732275390625,2,True,True,1175.0,
oc-0017,oc,data/external/dartis/raw/oc/oc-0017.jpg,data/derived/v06_water_masks/land/oc/oc-0017.png,metadata,data/metadata/v06_dartis_water_masks.csv,land_mask_path,True,True,True,165581,0.40425048828125,2,True,True,1175.0,
oc-0018,oc,data/external/dartis/raw/oc/oc-0018.jpg,data/derived/v06_water_masks/land/oc/oc-0018.png,metadata,data/metadata/v06_dartis_water_masks.csv,land_mask_path,True,True,True,163347,0.39879638671875,2,True,True,1175.0,
oc-0019,oc,data/external/dartis/raw/oc/oc-0019.jpg,data/derived/v06_water_masks/land/oc/oc-0019.png,metadata,data/metadata/v06_dartis_water_masks.csv,land_mask_path,True,True,True,163708,0.399677734375,2,True,True,1175.0,
oc-0020,oc,data/external/dartis/raw/oc/oc-0020.jpg,data/derived/v06_water_masks/land/oc/oc-0020.png,metadata,data/metadata/v06_dartis_water_masks.csv,land_mask_path,True,True,True,201601,0.49218994140625,2,True,True,1175.0,
oc-0021,oc,data/external/dartis/raw/oc/oc-0021.jpg,data/derived/v06_water_masks/land/oc/oc-0021.png,metadata,data/metadata/v06_dartis_water_masks.csv,land_mask_path,True,True,True,101715,0.24832763671875,2,True,True,1175.0,
oc-0022,oc,data/external/dartis/raw/oc/oc-0022.jpg,data/derived/v06_water_masks/land/oc/oc-0022.png,metadata,data/metadata/v06_dartis_water_masks.csv,land_mask_path,True,True,True,6911,0.01687255859375,2,True,True,1195.0,
oc-0023,oc,data/external/dartis/raw/oc/oc-0023.jpg,data/derived/v06_water_masks/land/oc/oc-0023.png,metadata,data/metadata/v06_dartis_water_masks.csv,land_mask_path,True,True,True,127019,0.31010498046875,2,True,True,1175.0,
oc-0024,oc,data/external/dartis/raw/oc/oc-0024.jpg,data/derived/v06_water_masks/land/oc/oc-0024.png,metadata,data/metadata/v06_dartis_water_masks.csv,land_mask_path,True,True,True,123266,0.3009423828125,2,True,True,1175.0,
oc-0025,oc,data/external/dartis/raw/oc/oc-0025.jpg,data/derived/v06_water_masks/land/oc/oc-0025.png,metadata,data/metadata/v06_dartis_water_masks.csv,land_mask_path,True,True,True,1123,0.00274169921875,2,True,True,1195.0,
oc-0026,oc,data/external/dartis/raw/oc/oc-0026.jpg,data/derived/v06_water_masks/land/oc/oc-0026.png,metadata,data/metadata/v06_dartis_water_masks.csv,land_mask_path,True,True,True,117370,0.2865478515625,2,True,True,1175.0,
oc-0027,oc,data/external/dartis/raw/oc/oc-0027.jpg,data/derived/v06_water_masks/land/oc/oc-0027.png,metadata,data/metadata/v06_dartis_water_masks.csv,land_mask_path,True,True,True,26139,0.06381591796875,2,True,True,1195.0,
oc-0028,oc,data/external/dartis/raw/oc/oc-0028.jpg,data/derived/v06_water_masks/land/oc/oc-0028.png,metadata,data/metadata/v06_dartis_water_masks.csv,land_mask_path,True,True,True,275968,0.67375,2,True,True,1175.0,
oc-0029,oc,data/external/dartis/raw/oc/oc-0029.jpg,data/derived/v06_water_masks/land/oc/oc-0029.png,metadata,data/metadata/v06_dartis_water_masks.csv,land_mask_path,True,True,True,182066,0.4444970703125,2,True,True,1175.0,
oc-0030,oc,data/external/dartis/raw/oc/oc-0030.jpg,data/derived/v06_water_masks/land/oc/oc-0030.png,metadata,data/metadata/v06_dartis_water_masks.csv,land_mask_path,True,True,True,176269,0.43034423828125,2,True,True,1175.0,
oc-0031,oc,data/external/dartis/raw/oc/oc-0031.jpg,data/derived/v06_water_masks/land/oc/oc-0031.png,metadata,data/metadata/v06_dartis_water_masks.csv,land_mask_path,True,True,True,176651,0.43127685546875,2,True,True,1175.0,
oc-0032,oc,data/external/dartis/raw/oc/oc-0032.jpg,data/derived/v06_water_masks/land/oc/oc-0032.png,metadata,data/metadata/v06_dartis_water_masks.csv,land_mask_path,True,True,True,100555,0.24549560546875,2,True,True,1175.0,
oc-0033,oc,data/external/dartis/raw/oc/oc-0033.jpg,data/derived/v06_water_masks/land/oc/oc-0033.png,metadata,data/metadata/v06_dartis_water_masks.csv,land_mask_path,True,True,True,49,0.00011962890625,2,True,True,1195.0,
oc-0034,oc,data/external/dartis/raw/oc/oc-0034.jpg,data/derived/v06_water_masks/land/oc/oc-0034.png,metadata,data/metadata/v06_dartis_water_masks.csv,land_mask_path,True,True,True,112898,0.2756298828125,2,True,True,1175.0,
oc-0035,oc,data/external/dartis/raw/oc/oc-0035.jpg,data/derived/v06_water_masks/land/oc/oc-0035.png,metadata,data/metadata/v06_dartis_water_masks.csv,land_mask_path,True,True,True,128443,0.31358154296875,2,True,True,1175.0,
oc-0036,oc,data/external/dartis/raw/oc/oc-0036.jpg,data/derived/v06_water_masks/land/oc/oc-0036.png,metadata,data/metadata/v06_dartis_water_masks.csv,land_mask_path,True,True,True,159650,0.3897705078125,2,True,True,1175.0,
oc-0037,oc,data/external/dartis/raw/oc/oc-0037.jpg,data/derived/v06_water_masks/land/oc/oc-0037.png,metadata,data/metadata/v06_dartis_water_masks.csv,land_mask_path,True,True,True,59096,0.14427734375,2,True,True,1195.0,
oc-0038,oc,data/external/dartis/raw/oc/oc-0038.jpg,data/derived/v06_water_masks/land/oc/oc-0038.png,metadata,data/metadata/v06_dartis_water_masks.csv,land_mask_path,True,True,True,187803,0.45850341796875,2,True,True,1175.0,
oc-0039,oc,data/external/dartis/raw/oc/oc-0039.jpg,data/derived/v06_water_masks/land/oc/oc-0039.png,metadata,data/metadata/v06_dartis_water_masks.csv,land_mask_path,True,True,True,216446,0.5284326171875,2,True,True,1175.0,
oc-0040,oc,data/external/dartis/raw/oc/oc-0040.jpg,data/derived/v06_water_masks/land/oc/oc-0040.png,metadata,data/metadata/v06_dartis_water_masks.csv,land_mask_path,True,True,True,291782,0.7123583984375,2,True,True,1175.0,
oc-0041,oc,data/external/dartis/raw/oc/oc-0041.jpg,data/derived/v06_water_masks/land/oc/oc-0041.png,metadata,data/metadata/v06_dartis_water_masks.csv,land_mask_path,True,True,True,175605,0.42872314453125,2,True,True,1175.0,
oc-0042,oc,data/external/dartis/raw/oc/oc-0042.jpg,data/derived/v06_water_masks/land/oc/oc-0042.png,metadata,data/metadata/v06_dartis_water_masks.csv,land_mask_path,True,True,True,219469,0.53581298828125,2,True,True,1175.0,
oc-0043,oc,data/external/dartis/raw/oc/oc-0043.jpg,data/derived/v06_water_masks/land/oc/oc-0043.png,metadata,data/metadata/v06_dartis_water_masks.csv,land_mask_path,True,True,True,108836,0.265712890625,2,True,True,1175.0,
oc-0044,oc,data/external/dartis/raw/oc/oc-0044.jpg,data/derived/v06_water_masks/land/oc/oc-0044.png,metadata,data/metadata/v06_dartis_water_masks.csv,land_mask_path,True,True,True,115727,0.28253662109375,2,True,True,1175.0,
oc-0045,oc,data/external/dartis/raw/oc/oc-0045.jpg,data/derived/v06_water_masks/land/oc/oc-0045.png,metadata,data/metadata/v06_dartis_water_masks.csv,land_mask_path,True,True,True,149052,0.363896484375,2,True,True,1175.0,
oc-0046,oc,data/external/dartis/raw/oc/oc-0046.jpg,data/derived/v06_water_masks/land/oc/oc-0046.png,metadata,data/metadata/v06_dartis_water_masks.csv,land_mask_path,True,True,True,12369,0.03019775390625,2,True,True,1195.0,
oc-0047,oc,data/external/dartis/raw/oc/oc-0047.jpg,data/derived/v06_water_masks/land/oc/oc-0047.png,metadata,data/metadata/v06_dartis_water_masks.csv,land_mask_path,True,True,True,192384,0.4696875,2,True,True,1175.0,
oc-0048,oc,data/external/dartis/raw/oc/oc-0048.jpg,data/derived/v06_water_masks/land/oc/oc-0048.png,metadata,data/metadata/v06_dartis_water_masks.csv,land_mask_path,True,True,True,76201,0.18603759765625,2,True,True,1195.0,
oc-0049,oc,data/external/dartis/raw/oc/oc-0049.jpg,data/derived/v06_water_masks/land/oc/oc-0049.png,metadata,data/metadata/v06_dartis_water_masks.csv,land_mask_path,True,True,True,9569,0.02336181640625,2,True,True,1195.0,
oc-0050,oc,data/external/dartis/raw/oc/oc-0050.jpg,data/derived/v06_water_masks/land/oc/oc-0050.png,metadata,data/metadata/v06_dartis_water_masks.csv,land_mask_path,True,True,True,96675,0.23602294921875,2,True,True,1175.0,
oc-0051,oc,data/external/dartis/raw/oc/oc-0051.jpg,data/derived/v06_water_masks/land/oc/oc-0051.png,metadata,data/metadata/v06_dartis_water_masks.csv,land_mask_path,True,True,True,125689,0.2444887947417665,2,True,True,1175.0,
oc-0052,oc,data/external/dartis/raw/oc/oc-0052.jpg,data/derived/v06_water_masks/land/oc/oc-0052.png,metadata,data/metadata/v06_dartis_water_masks.csv,land_mask_path,True,True,True,138547,0.31709851437674086,2,True,True,1175.0,
oc-0053,oc,data/external/dartis/raw/oc/oc-0053.jpg,data/derived/v06_water_masks/land/oc/oc-0053.png,metadata,data/metadata/v06_dartis_water_masks.csv,land_mask_path,True,True,True,179509,0.43825439453125,2,True,True,1175.0,
oc-0054,oc,data/external/dartis/raw/oc/oc-0054.jpg,data/derived/v06_water_masks/land/oc/oc-0054.png,metadata,data/metadata/v06_dartis_water_masks.csv,land_mask_path,True,True,True,159854,0.3902685546875,2,True,True,1175.0,
oc-0055,oc,data/external/dartis/raw/oc/oc-0055.jpg,data/derived/v06_water_masks/land/oc/oc-0055.png,metadata,data/metadata/v06_dartis_water_masks.csv,land_mask_path,True,True,True,170069,0.41520751953125,2,True,True,1175.0,
oc-0056,oc,data/external/dartis/raw/oc/oc-0056.jpg,data/derived/v06_water_masks/land/oc/oc-0056.png,metadata,data/metadata/v06_dartis_water_masks.csv,land_mask_path,True,True,True,15354,0.0374853515625,2,True,True,1195.0,
oc-0057,oc,data/external/dartis/raw/oc/oc-0057.jpg,data/derived/v06_water_masks/land/oc/oc-0057.png,metadata,data/metadata/v06_dartis_water_masks.csv,land_mask_path,True,True,True,160937,0.39291259765625,2,True,True,1175.0,
oc-0058,oc,data/external/dartis/raw/oc/oc-0058.jpg,data/derived/v06_water_masks/land/oc/oc-0058.png,metadata,data/metadata/v06_dartis_water_masks.csv,land_mask_path,True,True,True,196936,0.48080078125,2,True,True,1175.0,
oc-0059,oc,data/external/dartis/raw/oc/oc-0059.jpg,data/derived/v06_water_masks/land/oc/oc-0059.png,metadata,data/metadata/v06_dartis_water_masks.csv,land_mask_path,True,True,True,109415,0.26712646484375,2,True,True,1175.0,
oc-0060,oc,data/external/dartis/raw/oc/oc-0060.jpg,data/derived/v06_water_masks/land/oc/oc-0060.png,metadata,data/metadata/v06_dartis_water_masks.csv,land_mask_path,True,True,True,175710,0.4289794921875,2,True,True,1175.0,
oc-0061,oc,data/external/dartis/raw/oc/oc-0061.jpg,data/derived/v06_water_masks/land/oc/oc-0061.png,metadata,data/metadata/v06_dartis_water_masks.csv,land_mask_path,True,True,True,179391,0.43796630859375,2,True,True,1175.0,
oc-0062,oc,data/external/dartis/raw/oc/oc-0062.jpg,data/derived/v06_water_masks/safe_water/oc/oc-0062.png,metadata,data/metadata/v06_dartis_water_masks.csv,safe_water_mask_path,True,True,True,71320,0.17412109375,2,True,True,1195.0,
oc-0063,oc,data/external/dartis/raw/oc/oc-0063.jpg,data/derived/v06_water_masks/land/oc/oc-0063.png,metadata,data/metadata/v06_dartis_water_masks.csv,land_mask_path,True,True,True,181056,0.44203125,2,True,True,1175.0,
oc-0064,oc,data/external/dartis/raw/oc/oc-0064.jpg,data/derived/v06_water_masks/land/oc/oc-0064.png,metadata,data/metadata/v06_dartis_water_masks.csv,land_mask_path,True,True,True,18698,0.027471808999081727,2,True,True,1195.0,
oc-0065,oc,data/external/dartis/raw/oc/oc-0065.jpg,data/derived/v06_water_masks/land/oc/oc-0065.png,metadata,data/metadata/v06_dartis_water_masks.csv,land_mask_path,True,True,True,67594,0.1650244140625,2,True,True,1195.0,
oc-0066,oc,data/external/dartis/raw/oc/oc-0066.jpg,data/derived/v06_water_masks/land/oc/oc-0066.png,metadata,data/metadata/v06_dartis_water_masks.csv,land_mask_path,True,True,True,108785,0.26558837890625,2,True,True,1175.0,
oc-0067,oc,data/external/dartis/raw/oc/oc-0067.jpg,data/derived/v06_water_masks/land/oc/oc-0067.png,metadata,data/metadata/v06_dartis_water_masks.csv,land_mask_path,True,True,True,135498,0.3308056640625,2,True,True,1175.0,
oc-0068,oc,data/external/dartis/raw/oc/oc-0068.jpg,data/derived/v06_water_masks/land/oc/oc-0068.png,metadata,data/metadata/v06_dartis_water_masks.csv,land_mask_path,True,True,True,124489,0.30392822265625,2,True,True,1175.0,
oc-0069,oc,data/external/dartis/raw/oc/oc-0069.jpg,data/derived/v06_water_masks/land/oc/oc-0069.png,metadata,data/metadata/v06_dartis_water_masks.csv,land_mask_path,True,True,True,179172,0.437431640625,2,True,True,1175.0,
oc-0070,oc,data/external/dartis/raw/oc/oc-0070.jpg,data/derived/v06_water_masks/land/oc/oc-0070.png,metadata,data/metadata/v06_dartis_water_masks.csv,land_mask_path,True,True,True,25943,0.06333740234375,2,True,True,1195.0,
oc-0071,oc,data/external/dartis/raw/oc/oc-0071.jpg,data/derived/v06_water_masks/land/oc/oc-0071.png,metadata,data/metadata/v06_dartis_water_masks.csv,land_mask_path,True,True,True,117198,0.2861279296875,2,True,True,1175.0,
oc-0072,oc,data/external/dartis/raw/oc/oc-0072.jpg,data/derived/v06_water_masks/land/oc/oc-0072.png,metadata,data/metadata/v06_dartis_water_masks.csv,land_mask_path,True,True,True,72614,0.1772802734375,2,True,True,1195.0,
oc-0073,oc,data/external/dartis/raw/oc/oc-0073.jpg,data/derived/v06_water_masks/land/oc/oc-0073.png,metadata,data/metadata/v06_dartis_water_masks.csv,land_mask_path,True,True,True,5592,0.01365234375,2,True,True,1195.0,
oc-0074,oc,data/external/dartis/raw/oc/oc-0074.jpg,data/derived/v06_water_masks/land/oc/oc-0074.png,metadata,data/metadata/v06_dartis_water_masks.csv,land_mask_path,True,True,True,199946,0.4881494140625,2,True,True,1175.0,
oc-0075,oc,data/external/dartis/raw/oc/oc-0075.jpg,data/derived/v06_water_masks/land/oc/oc-0075.png,metadata,data/metadata/v06_dartis_water_masks.csv,land_mask_path,True,True,True,73654,0.1798193359375,2,True,True,1195.0,
oc-0076,oc,data/external/dartis/raw/oc/oc-0076.jpg,data/derived/v06_water_masks/land/oc/oc-0076.png,metadata,data/metadata/v06_dartis_water_masks.csv,land_mask_path,True,True,True,8141,0.01987548828125,2,True,True,1195.0,
oc-0077,oc,data/external/dartis/raw/oc/oc-0077.jpg,data/derived/v06_water_masks/land/oc/oc-0077.png,metadata,data/metadata/v06_dartis_water_masks.csv,land_mask_path,True,True,True,135806,0.3315576171875,2,True,True,1175.0,
oc-0078,oc,data/external/dartis/raw/oc/oc-0078.jpg,data/derived/v06_water_masks/land/oc/oc-0078.png,metadata,data/metadata/v06_dartis_water_masks.csv,land_mask_path,True,True,True,186516,0.455361328125,2,True,True,1175.0,
oc-0079,oc,data/external/dartis/raw/oc/oc-0079.jpg,data/derived/v06_water_masks/land/oc/oc-0079.png,metadata,data/metadata/v06_dartis_water_masks.csv,land_mask_path,True,True,True,106193,0.25926025390625,2,True,True,1175.0,
oc-0080,oc,data/external/dartis/raw/oc/oc-0080.jpg,data/derived/v06_water_masks/land/oc/oc-0080.png,metadata,data/metadata/v06_dartis_water_masks.csv,land_mask_path,True,True,True,9256,0.02259765625,2,True,True,1195.0,
oc-0081,oc,data/external/dartis/raw/oc/oc-0081.jpg,data/derived/v06_water_masks/land/oc/oc-0081.png,metadata,data/metadata/v06_dartis_water_masks.csv,land_mask_path,True,True,True,114100,0.278564453125,2,True,True,1175.0,
oc-0082,oc,data/external/dartis/raw/oc/oc-0082.jpg,data/derived/v06_water_masks/land/oc/oc-0082.png,metadata,data/metadata/v06_dartis_water_masks.csv,land_mask_path,True,True,True,28415,0.06937255859375,2,True,True,1195.0,
oc-0083,oc,data/external/dartis/raw/oc/oc-0083.jpg,data/derived/v06_water_masks/land/oc/oc-0083.png,metadata,data/metadata/v06_dartis_water_masks.csv,land_mask_path,True,True,True,119388,0.291474609375,2,True,True,1175.0,
oc-0084,oc,data/external/dartis/raw/oc/oc-0084.jpg,data/derived/v06_water_masks/land/oc/oc-0084.png,metadata,data/metadata/v06_dartis_water_masks.csv,land_mask_path,True,True,True,179293,0.43772705078125,2,True,True,1175.0,
oc-0085,oc,data/external/dartis/raw/oc/oc-0085.jpg,data/derived/v06_water_masks/land/oc/oc-0085.png,metadata,data/metadata/v06_dartis_water_masks.csv,land_mask_path,True,True,True,33327,0.08136474609375,2,True,True,1195.0,
oc-0086,oc,data/external/dartis/raw/oc/oc-0086.jpg,data/derived/v06_water_masks/land/oc/oc-0086.png,metadata,data/metadata/v06_dartis_water_masks.csv,land_mask_path,True,True,True,7972,0.019462890625,2,True,True,1195.0,
oc-0087,oc,data/external/dartis/raw/oc/oc-0087.jpg,data/derived/v06_water_masks/land/oc/oc-0087.png,metadata,data/metadata/v06_dartis_water_masks.csv,land_mask_path,True,True,True,6828,0.016669921875,2,True,True,1195.0,
oc-0088,oc,data/external/dartis/raw/oc/oc-0088.jpg,data/derived/v06_water_masks/land/oc/oc-0088.png,metadata,data/metadata/v06_dartis_water_masks.csv,land_mask_path,True,True,True,20246,0.0494287109375,2,True,True,1195.0,
oc-0089,oc,data/external/dartis/raw/oc/oc-0089.jpg,data/derived/v06_water_masks/land/oc/oc-0089.png,metadata,data/metadata/v06_dartis_water_masks.csv,land_mask_path,True,True,True,179202,0.4375048828125,2,True,True,1175.0,
oc-0090,oc,data/external/dartis/raw/oc/oc-0090.jpg,data/derived/v06_water_masks/land/oc/oc-0090.png,metadata,data/metadata/v06_dartis_water_masks.csv,land_mask_path,True,True,True,139499,0.34057373046875,2,True,True,1175.0,
oc-0091,oc,data/external/dartis/raw/oc/oc-0091.jpg,data/derived/v06_water_masks/land/oc/oc-0091.png,metadata,data/metadata/v06_dartis_water_masks.csv,land_mask_path,True,True,True,193211,0.47170654296875,2,True,True,1175.0,
oc-0092,oc,data/external/dartis/raw/oc/oc-0092.jpg,data/derived/v06_water_masks/land/oc/oc-0092.png,metadata,data/metadata/v06_dartis_water_masks.csv,land_mask_path,True,True,True,21,5.126953125e-05,2,True,True,1195.0,
oc-0093,oc,data/external/dartis/raw/oc/oc-0093.jpg,data/derived/v06_water_masks/land/oc/oc-0093.png,metadata,data/metadata/v06_dartis_water_masks.csv,land_mask_path,True,True,True,60849,0.14855712890625,2,True,True,1195.0,
oc-0094,oc,data/external/dartis/raw/oc/oc-0094.jpg,data/derived/v06_water_masks/land/oc/oc-0094.png,metadata,data/metadata/v06_dartis_water_masks.csv,land_mask_path,True,True,True,152634,0.3726416015625,2,True,True,1175.0,
oc-0095,oc,data/external/dartis/raw/oc/oc-0095.jpg,data/derived/v06_water_masks/land/oc/oc-0095.png,metadata,data/metadata/v06_dartis_water_masks.csv,land_mask_path,True,True,True,156739,0.38266357421875,2,True,True,1175.0,
oc-0096,oc,data/external/dartis/raw/oc/oc-0096.jpg,data/derived/v06_water_masks/land/oc/oc-0096.png,metadata,data/metadata/v06_dartis_water_masks.csv,land_mask_path,True,True,True,148425,0.36236572265625,2,True,True,1175.0,
oc-0097,oc,data/external/dartis/raw/oc/oc-0097.jpg,data/derived/v06_water_masks/land/oc/oc-0097.png,metadata,data/metadata/v06_dartis_water_masks.csv,land_mask_path,True,True,True,139148,0.339716796875,2,True,True,1175.0,
oc-0098,oc,data/external/dartis/raw/oc/oc-0098.jpg,data/derived/v06_water_masks/land/oc/oc-0098.png,metadata,data/metadata/v06_dartis_water_masks.csv,land_mask_path,True,True,True,21727,0.05304443359375,2,True,True,1195.0,
oc-0099,oc,data/external/dartis/raw/oc/oc-0099.jpg,data/derived/v06_water_masks/land/oc/oc-0099.png,metadata,data/metadata/v06_dartis_water_masks.csv,land_mask_path,True,True,True,41755,0.10194091796875,2,True,True,1195.0,
oc-0100,oc,data/external/dartis/raw/oc/oc-0100.jpg,data/derived/v06_water_masks/land/oc/oc-0100.png,metadata,data/metadata/v06_dartis_water_masks.csv,land_mask_path,True,True,True,102311,0.24978271484375,2,True,True,1175.0,
oc-0101,oc,data/external/dartis/raw/oc/oc-0101.jpg,data/derived/v06_water_masks/land/oc/oc-0101.png,metadata,data/metadata/v06_dartis_water_masks.csv,land_mask_path,True,True,True,91655,0.22376708984375,2,True,True,1175.0,
oc-0102,oc,data/external/dartis/raw/oc/oc-0102.jpg,data/derived/v06_water_masks/land/oc/oc-0102.png,metadata,data/metadata/v06_dartis_water_masks.csv,land_mask_path,True,True,True,180236,0.440029296875,2,True,True,1175.0,
oc-0103,oc,data/external/dartis/raw/oc/oc-0103.jpg,data/derived/v06_water_masks/land/oc/oc-0103.png,metadata,data/metadata/v06_dartis_water_masks.csv,land_mask_path,True,True,True,31660,0.077294921875,2,True,True,1195.0,
oc-0104,oc,data/external/dartis/raw/oc/oc-0104.jpg,data/derived/v06_water_masks/land/oc/oc-0104.png,metadata,data/metadata/v06_dartis_water_masks.csv,land_mask_path,True,True,True,184547,0.45055419921875,2,True,True,1175.0,
oc-0105,oc,data/external/dartis/raw/oc/oc-0105.jpg,data/derived/v06_water_masks/land/oc/oc-0105.png,metadata,data/metadata/v06_dartis_water_masks.csv,land_mask_path,True,True,True,152414,0.3721044921875,2,True,True,1175.0,
oc-0106,oc,data/external/dartis/raw/oc/oc-0106.jpg,data/derived/v06_water_masks/land/oc/oc-0106.png,metadata,data/metadata/v06_dartis_water_masks.csv,land_mask_path,True,True,True,171589,0.41891845703125,2,True,True,1175.0,
oc-0107,oc,data/external/dartis/raw/oc/oc-0107.jpg,data/derived/v06_water_masks/land/oc/oc-0107.png,metadata,data/metadata/v06_dartis_water_masks.csv,land_mask_path,True,True,True,1417063,0.2614708066154155,2,True,True,1175.0,
oc-0108,oc,data/external/dartis/raw/oc/oc-0108.jpg,data/derived/v06_water_masks/land/oc/oc-0108.png,metadata,data/metadata/v06_dartis_water_masks.csv,land_mask_path,True,True,True,3640,0.00888671875,2,True,True,1195.0,
oc-0109,oc,data/external/dartis/raw/oc/oc-0109.jpg,data/derived/v06_water_masks/land/oc/oc-0109.png,metadata,data/metadata/v06_dartis_water_masks.csv,land_mask_path,True,True,True,150133,0.36653564453125,2,True,True,1175.0,
oc-0110,oc,data/external/dartis/raw/oc/oc-0110.jpg,data/derived/v06_water_masks/land/oc/oc-0110.png,metadata,data/metadata/v06_dartis_water_masks.csv,land_mask_path,True,True,True,4195,0.01024169921875,2,True,True,1195.0,
oc-0111,oc,data/external/dartis/raw/oc/oc-0111.jpg,data/derived/v06_water_masks/land/oc/oc-0111.png,metadata,data/metadata/v06_dartis_water_masks.csv,land_mask_path,True,True,True,169726,0.4143701171875,2,True,True,1175.0,
oc-0112,oc,data/external/dartis/raw/oc/oc-0112.jpg,data/derived/v06_water_masks/land/oc/oc-0112.png,metadata,data/metadata/v06_dartis_water_masks.csv,land_mask_path,True,True,True,11,2.685546875e-05,2,True,True,1195.0,
oc-0113,oc,data/external/dartis/raw/oc/oc-0113.jpg,data/derived/v06_water_masks/land/oc/oc-0113.png,metadata,data/metadata/v06_dartis_water_masks.csv,land_mask_path,True,True,True,18477,0.04510986328125,2,True,True,1195.0,
oc-0114,oc,data/external/dartis/raw/oc/oc-0114.jpg,data/derived/v06_water_masks/land/oc/oc-0114.png,metadata,data/metadata/v06_dartis_water_masks.csv,land_mask_path,True,True,True,124139,0.30307373046875,2,True,True,1175.0,
oc-0115,oc,data/external/dartis/raw/oc/oc-0115.jpg,data/derived/v06_water_masks/land/oc/oc-0115.png,metadata,data/metadata/v06_dartis_water_masks.csv,land_mask_path,True,True,True,519,0.00126708984375,2,True,True,1195.0,
oc-0116,oc,data/external/dartis/raw/oc/oc-0116.jpg,data/derived/v06_water_masks/land/oc/oc-0116.png,metadata,data/metadata/v06_dartis_water_masks.csv,land_mask_path,True,True,True,179930,0.4392822265625,2,True,True,1175.0,
oc-0117,oc,data/external/dartis/raw/oc/oc-0117.jpg,data/derived/v06_water_masks/land/oc/oc-0117.png,metadata,data/metadata/v06_dartis_water_masks.csv,land_mask_path,True,True,True,190037,0.46395751953125,2,True,True,1175.0,
oc-0118,oc,data/external/dartis/raw/oc/oc-0118.jpg,data/derived/v06_water_masks/land/oc/oc-0118.png,metadata,data/metadata/v06_dartis_water_masks.csv,land_mask_path,True,True,True,164100,0.400634765625,2,True,True,1175.0,
oc-0119,oc,data/external/dartis/raw/oc/oc-0119.jpg,data/derived/v06_water_masks/land/oc/oc-0119.png,metadata,data/metadata/v06_dartis_water_masks.csv,land_mask_path,True,True,True,172150,0.4202880859375,2,True,True,1175.0,
oc-0120,oc,data/external/dartis/raw/oc/oc-0120.jpg,data/derived/v06_water_masks/land/oc/oc-0120.png,metadata,data/metadata/v06_dartis_water_masks.csv,land_mask_path,True,True,True,182505,0.44556884765625,2,True,True,1175.0,
oc-0121,oc,data/external/dartis/raw/oc/oc-0121.jpg,data/derived/v06_water_masks/land/oc/oc-0121.png,metadata,data/metadata/v06_dartis_water_masks.csv,land_mask_path,True,True,True,150984,0.36861328125,2,True,True,1175.0,
oc-0122,oc,data/external/dartis/raw/oc/oc-0122.jpg,data/derived/v06_water_masks/land/oc/oc-0122.png,metadata,data/metadata/v06_dartis_water_masks.csv,land_mask_path,True,True,True,29,7.080078125e-05,2,True,True,1195.0,
oc-0123,oc,data/external/dartis/raw/oc/oc-0123.jpg,data/derived/v06_water_masks/land/oc/oc-0123.png,metadata,data/metadata/v06_dartis_water_masks.csv,land_mask_path,True,True,True,39164,0.095615234375,2,True,True,1195.0,
oc-0124,oc,data/external/dartis/raw/oc/oc-0124.jpg,data/derived/v06_water_masks/land/oc/oc-0124.png,metadata,data/metadata/v06_dartis_water_masks.csv,land_mask_path,True,True,True,210022,0.5127490234375,2,True,True,1175.0,
oc-0125,oc,data/external/dartis/raw/oc/oc-0125.jpg,data/derived/v06_water_masks/land/oc/oc-0125.png,metadata,data/metadata/v06_dartis_water_masks.csv,land_mask_path,True,True,True,174073,0.42498291015625,2,True,True,1175.0,
oc-0126,oc,data/external/dartis/raw/oc/oc-0126.jpg,data/derived/v06_water_masks/land/oc/oc-0126.png,metadata,data/metadata/v06_dartis_water_masks.csv,land_mask_path,True,True,True,85998,0.2099560546875,2,True,True,1175.0,
oc-0127,oc,data/external/dartis/raw/oc/oc-0127.jpg,data/derived/v06_water_masks/land/oc/oc-0127.png,metadata,data/metadata/v06_dartis_water_masks.csv,land_mask_path,True,True,True,25917,0.06327392578125,2,True,True,1195.0,
oc-0128,oc,data/external/dartis/raw/oc/oc-0128.jpg,data/derived/v06_water_masks/land/oc/oc-0128.png,metadata,data/metadata/v06_dartis_water_masks.csv,land_mask_path,True,True,True,3936,0.009609375,2,True,True,1195.0,
oc-0129,oc,data/external/dartis/raw/oc/oc-0129.jpg,data/derived/v06_water_masks/land/oc/oc-0129.png,metadata,data/metadata/v06_dartis_water_masks.csv,land_mask_path,True,True,True,142411,0.34768310546875,2,True,True,1175.0,
oc-0130,oc,data/external/dartis/raw/oc/oc-0130.jpg,data/derived/v06_water_masks/land/oc/oc-0130.png,metadata,data/metadata/v06_dartis_water_masks.csv,land_mask_path,True,True,True,181664,0.443515625,2,True,True,1175.0,
oc-0131,oc,data/external/dartis/raw/oc/oc-0131.jpg,data/derived/v06_water_masks/land/oc/oc-0131.png,metadata,data/metadata/v06_dartis_water_masks.csv,land_mask_path,True,True,True,985,0.00240478515625,2,True,True,1195.0,
oc-0132,oc,data/external/dartis/raw/oc/oc-0132.jpg,data/derived/v06_water_masks/land/oc/oc-0132.png,metadata,data/metadata/v06_dartis_water_masks.csv,land_mask_path,True,True,True,162682,0.3971728515625,2,True,True,1175.0,
oc-0133,oc,data/external/dartis/raw/oc/oc-0133.jpg,data/derived/v06_water_masks/land/oc/oc-0133.png,metadata,data/metadata/v06_dartis_water_masks.csv,land_mask_path,True,True,True,43338,0.1058056640625,2,True,True,1195.0,
oc-0134,oc,data/external/dartis/raw/oc/oc-0134.jpg,data/derived/v06_water_masks/land/oc/oc-0134.png,metadata,data/metadata/v06_dartis_water_masks.csv,land_mask_path,True,True,True,66623,0.16265380859375,2,True,True,1195.0,
oc-0135,oc,data/external/dartis/raw/oc/oc-0135.jpg,data/derived/v06_water_masks/land/oc/oc-0135.png,metadata,data/metadata/v06_dartis_water_masks.csv,land_mask_path,True,True,True,18197,0.04442626953125,2,True,True,1195.0,
oc-0136,oc,data/external/dartis/raw/oc/oc-0136.jpg,data/derived/v06_water_masks/land/oc/oc-0136.png,metadata,data/metadata/v06_dartis_water_masks.csv,land_mask_path,True,True,True,193390,0.4721435546875,2,True,True,1175.0,
oc-0137,oc,data/external/dartis/raw/oc/oc-0137.jpg,data/derived/v06_water_masks/land/oc/oc-0137.png,metadata,data/metadata/v06_dartis_water_masks.csv,land_mask_path,True,True,True,44199,0.10790771484375,2,True,True,1195.0,
oc-0138,oc,data/external/dartis/raw/oc/oc-0138.jpg,data/derived/v06_water_masks/land/oc/oc-0138.png,metadata,data/metadata/v06_dartis_water_masks.csv,land_mask_path,True,True,True,33601,0.08203369140625,2,True,True,1195.0,
oc-0139,oc,data/external/dartis/raw/oc/oc-0139.jpg,data/derived/v06_water_masks/land/oc/oc-0139.png,metadata,data/metadata/v06_dartis_water_masks.csv,land_mask_path,True,True,True,81817,0.19974853515625,2,True,True,1195.0,
oc-0140,oc,data/external/dartis/raw/oc/oc-0140.jpg,data/derived/v06_water_masks/land/oc/oc-0140.png,metadata,data/metadata/v06_dartis_water_masks.csv,land_mask_path,True,True,True,41281,0.10078369140625,2,True,True,1195.0,
oc-0141,oc,data/external/dartis/raw/oc/oc-0141.jpg,data/derived/v06_water_masks/land/oc/oc-0141.png,metadata,data/metadata/v06_dartis_water_masks.csv,land_mask_path,True,True,True,184919,0.45146240234375,2,True,True,1175.0,
oc-0142,oc,data/external/dartis/raw/oc/oc-0142.jpg,data/derived/v06_water_masks/land/oc/oc-0142.png,metadata,data/metadata/v06_dartis_water_masks.csv,land_mask_path,True,True,True,172392,0.42087890625,2,True,True,1175.0,
oc-0143,oc,data/external/dartis/raw/oc/oc-0143.jpg,data/derived/v06_water_masks/land/oc/oc-0143.png,metadata,data/metadata/v06_dartis_water_masks.csv,land_mask_path,True,True,True,110899,0.27074951171875,2,True,True,1175.0,
oc-0144,oc,data/external/dartis/raw/oc/oc-0144.jpg,data/derived/v06_water_masks/land/oc/oc-0144.png,metadata,data/metadata/v06_dartis_water_masks.csv,land_mask_path,True,True,True,37957,0.09266845703125,2,True,True,1195.0,
oc-0145,oc,data/external/dartis/raw/oc/oc-0145.jpg,data/derived/v06_water_masks/land/oc/oc-0145.png,metadata,data/metadata/v06_dartis_water_masks.csv,land_mask_path,True,True,True,138933,0.33919189453125,2,True,True,1175.0,
oc-0146,oc,data/external/dartis/raw/oc/oc-0146.jpg,data/derived/v06_water_masks/land/oc/oc-0146.png,metadata,data/metadata/v06_dartis_water_masks.csv,land_mask_path,True,True,True,142801,0.34863525390625,2,True,True,1175.0,
oc-0147,oc,data/external/dartis/raw/oc/oc-0147.jpg,data/derived/v06_water_masks/land/oc/oc-0147.png,metadata,data/metadata/v06_dartis_water_masks.csv,land_mask_path,True,True,True,199022,0.4858935546875,2,True,True,1175.0,
oc-0148,oc,data/external/dartis/raw/oc/oc-0148.jpg,data/derived/v06_water_masks/land/oc/oc-0148.png,metadata,data/metadata/v06_dartis_water_masks.csv,land_mask_path,True,True,True,21424,0.0523046875,2,True,True,1195.0,
oc-0149,oc,data/external/dartis/raw/oc/oc-0149.jpg,data/derived/v06_water_masks/land/oc/oc-0149.png,metadata,data/metadata/v06_dartis_water_masks.csv,land_mask_path,True,True,True,172924,0.422177734375,2,True,True,1175.0,
oc-0150,oc,data/external/dartis/raw/oc/oc-0150.jpg,data/derived/v06_water_masks/land/oc/oc-0150.png,metadata,data/metadata/v06_dartis_water_masks.csv,land_mask_path,True,True,True,4480,0.0109375,2,True,True,1195.0,
oc-0151,oc,data/external/dartis/raw/oc/oc-0151.jpg,data/derived/v06_water_masks/land/oc/oc-0151.png,metadata,data/metadata/v06_dartis_water_masks.csv,land_mask_path,True,True,True,95534,0.2332373046875,2,True,True,1175.0,
oc-0152,oc,data/external/dartis/raw/oc/oc-0152.jpg,data/derived/v06_water_masks/land/oc/oc-0152.png,metadata,data/metadata/v06_dartis_water_masks.csv,land_mask_path,True,True,True,176978,0.4320751953125,2,True,True,1175.0,
oc-0153,oc,data/external/dartis/raw/oc/oc-0153.jpg,data/derived/v06_water_masks/land/oc/oc-0153.png,metadata,data/metadata/v06_dartis_water_masks.csv,land_mask_path,True,True,True,260145,0.63511962890625,2,True,True,1175.0,
oc-0154,oc,data/external/dartis/raw/oc/oc-0154.jpg,data/derived/v06_water_masks/land/oc/oc-0154.png,metadata,data/metadata/v06_dartis_water_masks.csv,land_mask_path,True,True,True,103827,0.25348388671875,2,True,True,1175.0,
oc-0155,oc,data/external/dartis/raw/oc/oc-0155.jpg,data/derived/v06_water_masks/land/oc/oc-0155.png,metadata,data/metadata/v06_dartis_water_masks.csv,land_mask_path,True,True,True,190790,0.4657958984375,2,True,True,1175.0,
oc-0156,oc,data/external/dartis/raw/oc/oc-0156.jpg,data/derived/v06_water_masks/land/oc/oc-0156.png,metadata,data/metadata/v06_dartis_water_masks.csv,land_mask_path,True,True,True,2728,0.00666015625,2,True,True,1195.0,
oc-0157,oc,data/external/dartis/raw/oc/oc-0157.jpg,data/derived/v06_water_masks/land/oc/oc-0157.png,metadata,data/metadata/v06_dartis_water_masks.csv,land_mask_path,True,True,True,9366,0.0228662109375,2,True,True,1195.0,
oc-0158,oc,data/external/dartis/raw/oc/oc-0158.jpg,data/derived/v06_water_masks/land/oc/oc-0158.png,metadata,data/metadata/v06_dartis_water_masks.csv,land_mask_path,True,True,True,21941,0.05356689453125,2,True,True,1195.0,
oc-0159,oc,data/external/dartis/raw/oc/oc-0159.jpg,data/derived/v06_water_masks/land/oc/oc-0159.png,metadata,data/metadata/v06_dartis_water_masks.csv,land_mask_path,True,True,True,40039,0.09775146484375,2,True,True,1195.0,
oc-0160,oc,data/external/dartis/raw/oc/oc-0160.jpg,data/derived/v06_water_masks/land/oc/oc-0160.png,metadata,data/metadata/v06_dartis_water_masks.csv,land_mask_path,True,True,True,6864,0.0167578125,2,True,True,1195.0,
oc-0161,oc,data/external/dartis/raw/oc/oc-0161.jpg,data/derived/v06_water_masks/land/oc/oc-0161.png,metadata,data/metadata/v06_dartis_water_masks.csv,land_mask_path,True,True,True,120215,0.29349365234375,2,True,True,1175.0,
oc-0162,oc,data/external/dartis/raw/oc/oc-0162.jpg,data/derived/v06_water_masks/land/oc/oc-0162.png,metadata,data/metadata/v06_dartis_water_masks.csv,land_mask_path,True,True,True,431,0.00105224609375,2,True,True,1195.0,
oc-0163,oc,data/external/dartis/raw/oc/oc-0163.jpg,data/derived/v06_water_masks/land/oc/oc-0163.png,metadata,data/metadata/v06_dartis_water_masks.csv,land_mask_path,True,True,True,149494,0.3649755859375,2,True,True,1175.0,
oc-0164,oc,data/external/dartis/raw/oc/oc-0164.jpg,data/derived/v06_water_masks/land/oc/oc-0164.png,metadata,data/metadata/v06_dartis_water_masks.csv,land_mask_path,True,True,True,125335,0.30599365234375,2,True,True,1175.0,
oc-0165,oc,data/external/dartis/raw/oc/oc-0165.jpg,data/derived/v06_water_masks/land/oc/oc-0165.png,metadata,data/metadata/v06_dartis_water_masks.csv,land_mask_path,True,True,True,7461,0.01821533203125,2,True,True,1195.0,
oc-0166,oc,data/external/dartis/raw/oc/oc-0166.jpg,data/derived/v06_water_masks/land/oc/oc-0166.png,metadata,data/metadata/v06_dartis_water_masks.csv,land_mask_path,True,True,True,188478,0.4601513671875,2,True,True,1175.0,
oc-0167,oc,data/external/dartis/raw/oc/oc-0167.jpg,data/derived/v06_water_masks/land/oc/oc-0167.png,metadata,data/metadata/v06_dartis_water_masks.csv,land_mask_path,True,True,True,172828,0.421943359375,2,True,True,1175.0,
oc-0168,oc,data/external/dartis/raw/oc/oc-0168.jpg,data/derived/v06_water_masks/land/oc/oc-0168.png,metadata,data/metadata/v06_dartis_water_masks.csv,land_mask_path,True,True,True,170101,0.41528564453125,2,True,True,1175.0,
oc-0169,oc,data/external/dartis/raw/oc/oc-0169.jpg,data/derived/v06_water_masks/land/oc/oc-0169.png,metadata,data/metadata/v06_dartis_water_masks.csv,land_mask_path,True,True,True,48280,0.11787109375,2,True,True,1195.0,
oc-0170,oc,data/external/dartis/raw/oc/oc-0170.jpg,data/derived/v06_water_masks/land/oc/oc-0170.png,metadata,data/metadata/v06_dartis_water_masks.csv,land_mask_path,True,True,True,145772,0.355888671875,2,True,True,1175.0,
oc-0171,oc,data/external/dartis/raw/oc/oc-0171.jpg,data/derived/v06_water_masks/land/oc/oc-0171.png,metadata,data/metadata/v06_dartis_water_masks.csv,land_mask_path,True,True,True,18286,0.0446435546875,2,True,True,1195.0,
oc-0172,oc,data/external/dartis/raw/oc/oc-0172.jpg,data/derived/v06_water_masks/land/oc/oc-0172.png,metadata,data/metadata/v06_dartis_water_masks.csv,land_mask_path,True,True,True,139155,0.33973388671875,2,True,True,1175.0,
oc-0173,oc,data/external/dartis/raw/oc/oc-0173.jpg,data/derived/v06_water_masks/land/oc/oc-0173.png,metadata,data/metadata/v06_dartis_water_masks.csv,land_mask_path,True,True,True,67608,0.16505859375,2,True,True,1195.0,
oc-0174,oc,data/external/dartis/raw/oc/oc-0174.jpg,data/derived/v06_water_masks/land/oc/oc-0174.png,metadata,data/metadata/v06_dartis_water_masks.csv,land_mask_path,True,True,True,125705,0.30689697265625,2,True,True,1175.0,
oc-0175,oc,data/external/dartis/raw/oc/oc-0175.jpg,data/derived/v06_water_masks/land/oc/oc-0175.png,metadata,data/metadata/v06_dartis_water_masks.csv,land_mask_path,True,True,True,28286,0.0690576171875,2,True,True,1195.0,
oc-0176,oc,data/external/dartis/raw/oc/oc-0176.jpg,data/derived/v06_water_masks/land/oc/oc-0176.png,metadata,data/metadata/v06_dartis_water_masks.csv,land_mask_path,True,True,True,36739,0.08969482421875,2,True,True,1195.0,
oc-0177,oc,data/external/dartis/raw/oc/oc-0177.jpg,data/derived/v06_water_masks/land/oc/oc-0177.png,metadata,data/metadata/v06_dartis_water_masks.csv,land_mask_path,True,True,True,153213,0.37405517578125,2,True,True,1175.0,
oc-0178,oc,data/external/dartis/raw/oc/oc-0178.jpg,data/derived/v06_water_masks/land/oc/oc-0178.png,metadata,data/metadata/v06_dartis_water_masks.csv,land_mask_path,True,True,True,157059,0.38344482421875,2,True,True,1175.0,
oc-0179,oc,data/external/dartis/raw/oc/oc-0179.jpg,data/derived/v06_water_masks/land/oc/oc-0179.png,metadata,data/metadata/v06_dartis_water_masks.csv,land_mask_path,True,True,True,147,0.00035888671875,2,True,True,1195.0,
oc-0180,oc,data/external/dartis/raw/oc/oc-0180.jpg,data/derived/v06_water_masks/land/oc/oc-0180.png,metadata,data/metadata/v06_dartis_water_masks.csv,land_mask_path,True,True,True,122,0.0002978515625,2,True,True,1195.0,
oc-0181,oc,data/external/dartis/raw/oc/oc-0181.jpg,data/derived/v06_water_masks/land/oc/oc-0181.png,metadata,data/metadata/v06_dartis_water_masks.csv,land_mask_path,True,True,True,120844,0.295029296875,2,True,True,1175.0,
oc-0182,oc,data/external/dartis/raw/oc/oc-0182.jpg,data/derived/v06_water_masks/land/oc/oc-0182.png,metadata,data/metadata/v06_dartis_water_masks.csv,land_mask_path,True,True,True,144322,0.3523486328125,2,True,True,1175.0,
oc-0183,oc,data/external/dartis/raw/oc/oc-0183.jpg,data/derived/v06_water_masks/land/oc/oc-0183.png,metadata,data/metadata/v06_dartis_water_masks.csv,land_mask_path,True,True,True,158872,0.38787109375,2,True,True,1175.0,
oc-0184,oc,data/external/dartis/raw/oc/oc-0184.jpg,data/derived/v06_water_masks/land/oc/oc-0184.png,metadata,data/metadata/v06_dartis_water_masks.csv,land_mask_path,True,True,True,160066,0.3907861328125,2,True,True,1175.0,
oc-0185,oc,data/external/dartis/raw/oc/oc-0185.jpg,data/derived/v06_water_masks/land/oc/oc-0185.png,metadata,data/metadata/v06_dartis_water_masks.csv,land_mask_path,True,True,True,196325,0.47930908203125,2,True,True,1175.0,
oc-0186,oc,data/external/dartis/raw/oc/oc-0186.jpg,data/derived/v06_water_masks/land/oc/oc-0186.png,metadata,data/metadata/v06_dartis_water_masks.csv,land_mask_path,True,True,True,210676,0.514345703125,2,True,True,1175.0,
oc-0187,oc,data/external/dartis/raw/oc/oc-0187.jpg,data/derived/v06_water_masks/land/oc/oc-0187.png,metadata,data/metadata/v06_dartis_water_masks.csv,land_mask_path,True,True,True,114227,0.27887451171875,2,True,True,1175.0,
oc-0188,oc,data/external/dartis/raw/oc/oc-0188.jpg,data/derived/v06_water_masks/land/oc/oc-0188.png,metadata,data/metadata/v06_dartis_water_masks.csv,land_mask_path,True,True,True,133137,0.32504150390625,2,True,True,1175.0,
oc-0189,oc,data/external/dartis/raw/oc/oc-0189.jpg,data/derived/v06_water_masks/land/oc/oc-0189.png,metadata,data/metadata/v06_dartis_water_masks.csv,land_mask_path,True,True,True,44033,0.10750244140625,2,True,True,1195.0,
oc-0190,oc,data/external/dartis/raw/oc/oc-0190.jpg,data/derived/v06_water_masks/land/oc/oc-0190.png,metadata,data/metadata/v06_dartis_water_masks.csv,land_mask_path,True,True,True,145117,0.35428955078125,2,True,True,1175.0,
oc-0191,oc,data/external/dartis/raw/oc/oc-0191.jpg,data/derived/v06_water_masks/land/oc/oc-0191.png,metadata,data/metadata/v06_dartis_water_masks.csv,land_mask_path,True,True,True,72419,0.17680419921875,2,True,True,1195.0,
oc-0192,oc,data/external/dartis/raw/oc/oc-0192.jpg,data/derived/v06_water_masks/land/oc/oc-0192.png,metadata,data/metadata/v06_dartis_water_masks.csv,land_mask_path,True,True,True,174856,0.42689453125,2,True,True,1175.0,
oc-0193,oc,data/external/dartis/raw/oc/oc-0193.jpg,data/derived/v06_water_masks/land/oc/oc-0193.png,metadata,data/metadata/v06_dartis_water_masks.csv,land_mask_path,True,True,True,176655,0.43128662109375,2,True,True,1175.0,
oc-0194,oc,data/external/dartis/raw/oc/oc-0194.jpg,data/derived/v06_water_masks/safe_water/oc/oc-0194.png,metadata,data/metadata/v06_dartis_water_masks.csv,safe_water_mask_path,True,True,True,70582,0.1723193359375,2,True,True,1195.0,
oc-0195,oc,data/external/dartis/raw/oc/oc-0195.jpg,data/derived/v06_water_masks/land/oc/oc-0195.png,metadata,data/metadata/v06_dartis_water_masks.csv,land_mask_path,True,True,True,80995,0.19774169921875,2,True,True,1195.0,
oc-0196,oc,data/external/dartis/raw/oc/oc-0196.jpg,data/derived/v06_water_masks/land/oc/oc-0196.png,metadata,data/metadata/v06_dartis_water_masks.csv,land_mask_path,True,True,True,85713,0.20926025390625,2,True,True,1175.0,
oc-0197,oc,data/external/dartis/raw/oc/oc-0197.jpg,data/derived/v06_water_masks/land/oc/oc-0197.png,metadata,data/metadata/v06_dartis_water_masks.csv,land_mask_path,True,True,True,15969,0.03898681640625,2,True,True,1195.0,
oc-0198,oc,data/external/dartis/raw/oc/oc-0198.jpg,data/derived/v06_water_masks/land/oc/oc-0198.png,metadata,data/metadata/v06_dartis_water_masks.csv,land_mask_path,True,True,True,1003,0.00244873046875,2,True,True,1195.0,
oc-0199,oc,data/external/dartis/raw/oc/oc-0199.jpg,data/derived/v06_water_masks/land/oc/oc-0199.png,metadata,data/metadata/v06_dartis_water_masks.csv,land_mask_path,True,True,True,183817,0.44877197265625,2,True,True,1175.0,
oc-0200,oc,data/external/dartis/raw/oc/oc-0200.jpg,data/derived/v06_water_masks/land/oc/oc-0200.png,metadata,data/metadata/v06_dartis_water_masks.csv,land_mask_path,True,True,True,10728,0.02619140625,2,True,True,1195.0,
oc-0201,oc,data/external/dartis/raw/oc/oc-0201.jpg,data/derived/v06_water_masks/land/oc/oc-0201.png,metadata,data/metadata/v06_dartis_water_masks.csv,land_mask_path,True,True,True,38164,0.093173828125,2,True,True,1195.0,
oc-0202,oc,data/external/dartis/raw/oc/oc-0202.jpg,data/derived/v06_water_masks/land/oc/oc-0202.png,metadata,data/metadata/v06_dartis_water_masks.csv,land_mask_path,True,True,True,187953,0.45886962890625,2,True,True,1175.0,
oc-0203,oc,data/external/dartis/raw/oc/oc-0203.jpg,data/derived/v06_water_masks/land/oc/oc-0203.png,metadata,data/metadata/v06_dartis_water_masks.csv,land_mask_path,True,True,True,16494,0.0402685546875,2,True,True,1195.0,
oc-0204,oc,data/external/dartis/raw/oc/oc-0204.jpg,data/derived/v06_water_masks/land/oc/oc-0204.png,metadata,data/metadata/v06_dartis_water_masks.csv,land_mask_path,True,True,True,65537,0.16000244140625,2,True,True,1195.0,
oc-0205,oc,data/external/dartis/raw/oc/oc-0205.jpg,data/derived/v06_water_masks/land/oc/oc-0205.png,metadata,data/metadata/v06_dartis_water_masks.csv,land_mask_path,True,True,True,4002,0.0097705078125,2,True,True,1195.0,
oc-0206,oc,data/external/dartis/raw/oc/oc-0206.jpg,data/derived/v06_water_masks/land/oc/oc-0206.png,metadata,data/metadata/v06_dartis_water_masks.csv,land_mask_path,True,True,True,177234,0.4327001953125,2,True,True,1175.0,
oc-0207,oc,data/external/dartis/raw/oc/oc-0207.jpg,data/derived/v06_water_masks/land/oc/oc-0207.png,metadata,data/metadata/v06_dartis_water_masks.csv,land_mask_path,True,True,True,180000,0.439453125,2,True,True,1175.0,
oc-0208,oc,data/external/dartis/raw/oc/oc-0208.jpg,data/derived/v06_water_masks/land/oc/oc-0208.png,metadata,data/metadata/v06_dartis_water_masks.csv,land_mask_path,True,True,True,190407,0.46486083984375,2,True,True,1175.0,
oc-0209,oc,data/external/dartis/raw/oc/oc-0209.jpg,data/derived/v06_water_masks/land/oc/oc-0209.png,metadata,data/metadata/v06_dartis_water_masks.csv,land_mask_path,True,True,True,173806,0.4243310546875,2,True,True,1175.0,
oc-0210,oc,data/external/dartis/raw/oc/oc-0210.jpg,data/derived/v06_water_masks/land/oc/oc-0210.png,metadata,data/metadata/v06_dartis_water_masks.csv,land_mask_path,True,True,True,173107,0.42262451171875,2,True,True,1175.0,
oc-0211,oc,data/external/dartis/raw/oc/oc-0211.jpg,data/derived/v06_water_masks/land/oc/oc-0211.png,metadata,data/metadata/v06_dartis_water_masks.csv,land_mask_path,True,True,True,210109,0.51296142578125,2,True,True,1175.0,
oc-0212,oc,data/external/dartis/raw/oc/oc-0212.jpg,data/derived/v06_water_masks/land/oc/oc-0212.png,metadata,data/metadata/v06_dartis_water_masks.csv,land_mask_path,True,True,True,153915,0.37576904296875,2,True,True,1175.0,
oc-0213,oc,data/external/dartis/raw/oc/oc-0213.jpg,data/derived/v06_water_masks/land/oc/oc-0213.png,metadata,data/metadata/v06_dartis_water_masks.csv,land_mask_path,True,True,True,552,0.00134765625,2,True,True,1195.0,
oc-0214,oc,data/external/dartis/raw/oc/oc-0214.jpg,data/derived/v06_water_masks/land/oc/oc-0214.png,metadata,data/metadata/v06_dartis_water_masks.csv,land_mask_path,True,True,True,43297,0.10570556640625,2,True,True,1195.0,
oc-0215,oc,data/external/dartis/raw/oc/oc-0215.jpg,data/derived/v06_water_masks/land/oc/oc-0215.png,metadata,data/metadata/v06_dartis_water_masks.csv,land_mask_path,True,True,True,193433,0.47224853515625,2,True,True,1175.0,
oc-0216,oc,data/external/dartis/raw/oc/oc-0216.jpg,data/derived/v06_water_masks/land/oc/oc-0216.png,metadata,data/metadata/v06_dartis_water_masks.csv,land_mask_path,True,True,True,20054,0.0489599609375,2,True,True,1195.0,
oc-0217,oc,data/external/dartis/raw/oc/oc-0217.jpg,data/derived/v06_water_masks/land/oc/oc-0217.png,metadata,data/metadata/v06_dartis_water_masks.csv,land_mask_path,True,True,True,6680,0.01630859375,2,True,True,1195.0,
oc-0218,oc,data/external/dartis/raw/oc/oc-0218.jpg,data/derived/v06_water_masks/land/oc/oc-0218.png,metadata,data/metadata/v06_dartis_water_masks.csv,land_mask_path,True,True,True,41360,0.1009765625,2,True,True,1195.0,
oc-0219,oc,data/external/dartis/raw/oc/oc-0219.jpg,data/derived/v06_water_masks/land/oc/oc-0219.png,metadata,data/metadata/v06_dartis_water_masks.csv,land_mask_path,True,True,True,13700,0.033447265625,2,True,True,1195.0,
oc-0220,oc,data/external/dartis/raw/oc/oc-0220.jpg,data/derived/v06_water_masks/land/oc/oc-0220.png,metadata,data/metadata/v06_dartis_water_masks.csv,land_mask_path,True,True,True,165414,0.4038427734375,2,True,True,1175.0,
oc-0221,oc,data/external/dartis/raw/oc/oc-0221.jpg,data/derived/v06_water_masks/land/oc/oc-0221.png,metadata,data/metadata/v06_dartis_water_masks.csv,land_mask_path,True,True,True,58059,0.14174560546875,2,True,True,1195.0,
oc-0222,oc,data/external/dartis/raw/oc/oc-0222.jpg,data/derived/v06_water_masks/land/oc/oc-0222.png,metadata,data/metadata/v06_dartis_water_masks.csv,land_mask_path,True,True,True,230271,0.56218505859375,2,True,True,1175.0,
oc-0223,oc,data/external/dartis/raw/oc/oc-0223.jpg,data/derived/v06_water_masks/land/oc/oc-0223.png,metadata,data/metadata/v06_dartis_water_masks.csv,land_mask_path,True,True,True,67425,0.16461181640625,2,True,True,1195.0,
oc-0224,oc,data/external/dartis/raw/oc/oc-0224.jpg,data/derived/v06_water_masks/land/oc/oc-0224.png,metadata,data/metadata/v06_dartis_water_masks.csv,land_mask_path,True,True,True,88428,0.215888671875,2,True,True,1175.0,
oc-0225,oc,data/external/dartis/raw/oc/oc-0225.jpg,data/derived/v06_water_masks/land/oc/oc-0225.png,metadata,data/metadata/v06_dartis_water_masks.csv,land_mask_path,True,True,True,186204,0.454599609375,2,True,True,1175.0,
oc-0226,oc,data/external/dartis/raw/oc/oc-0226.jpg,data/derived/v06_water_masks/land/oc/oc-0226.png,metadata,data/metadata/v06_dartis_water_masks.csv,land_mask_path,True,True,True,38732,0.094560546875,2,True,True,1195.0,
oc-0227,oc,data/external/dartis/raw/oc/oc-0227.jpg,data/derived/v06_water_masks/land/oc/oc-0227.png,metadata,data/metadata/v06_dartis_water_masks.csv,land_mask_path,True,True,True,79067,0.19303466796875,2,True,True,1195.0,
oc-0228,oc,data/external/dartis/raw/oc/oc-0228.jpg,data/derived/v06_water_masks/land/oc/oc-0228.png,metadata,data/metadata/v06_dartis_water_masks.csv,land_mask_path,True,True,True,3353,0.00818603515625,2,True,True,1195.0,
oc-0229,oc,data/external/dartis/raw/oc/oc-0229.jpg,data/derived/v06_water_masks/land/oc/oc-0229.png,metadata,data/metadata/v06_dartis_water_masks.csv,land_mask_path,True,True,True,167590,0.4091552734375,2,True,True,1175.0,
oc-0230,oc,data/external/dartis/raw/oc/oc-0230.jpg,data/derived/v06_water_masks/land/oc/oc-0230.png,metadata,data/metadata/v06_dartis_water_masks.csv,land_mask_path,True,True,True,128643,0.31406982421875,2,True,True,1175.0,
oc-0231,oc,data/external/dartis/raw/oc/oc-0231.jpg,data/derived/v06_water_masks/land/oc/oc-0231.png,metadata,data/metadata/v06_dartis_water_masks.csv,land_mask_path,True,True,True,3894,0.0095068359375,2,True,True,1195.0,
oc-0232,oc,data/external/dartis/raw/oc/oc-0232.jpg,data/derived/v06_water_masks/land/oc/oc-0232.png,metadata,data/metadata/v06_dartis_water_masks.csv,land_mask_path,True,True,True,175866,0.4293603515625,2,True,True,1175.0,
oc-0233,oc,data/external/dartis/raw/oc/oc-0233.jpg,data/derived/v06_water_masks/land/oc/oc-0233.png,metadata,data/metadata/v06_dartis_water_masks.csv,land_mask_path,True,True,True,49690,0.1213134765625,2,True,True,1195.0,
oc-0234,oc,data/external/dartis/raw/oc/oc-0234.jpg,data/derived/v06_water_masks/land/oc/oc-0234.png,metadata,data/metadata/v06_dartis_water_masks.csv,land_mask_path,True,True,True,102221,0.24956298828125,2,True,True,1175.0,
oc-0235,oc,data/external/dartis/raw/oc/oc-0235.jpg,data/derived/v06_water_masks/land/oc/oc-0235.png,metadata,data/metadata/v06_dartis_water_masks.csv,land_mask_path,True,True,True,138180,0.337353515625,2,True,True,1175.0,
oc-0236,oc,data/external/dartis/raw/oc/oc-0236.jpg,data/derived/v06_water_masks/land/oc/oc-0236.png,metadata,data/metadata/v06_dartis_water_masks.csv,land_mask_path,True,True,True,194035,0.47371826171875,2,True,True,1175.0,
oc-0237,oc,data/external/dartis/raw/oc/oc-0237.jpg,data/derived/v06_water_masks/land/oc/oc-0237.png,metadata,data/metadata/v06_dartis_water_masks.csv,land_mask_path,True,True,True,710770,0.23129447391790914,2,True,True,1175.0,
oc-0238,oc,data/external/dartis/raw/oc/oc-0238.jpg,data/derived/v06_water_masks/land/oc/oc-0238.png,metadata,data/metadata/v06_dartis_water_masks.csv,land_mask_path,True,True,True,5766,0.0140771484375,2,True,True,1195.0,
oc-0239,oc,data/external/dartis/raw/oc/oc-0239.jpg,data/derived/v06_water_masks/land/oc/oc-0239.png,metadata,data/metadata/v06_dartis_water_masks.csv,land_mask_path,True,True,True,69708,0.170185546875,2,True,True,1195.0,
oc-0240,oc,data/external/dartis/raw/oc/oc-0240.jpg,data/derived/v06_water_masks/land/oc/oc-0240.png,metadata,data/metadata/v06_dartis_water_masks.csv,land_mask_path,True,True,True,121630,0.2969482421875,2,True,True,1175.0,
oc-0241,oc,data/external/dartis/raw/oc/oc-0241.jpg,data/derived/v06_water_masks/land/oc/oc-0241.png,metadata,data/metadata/v06_dartis_water_masks.csv,land_mask_path,True,True,True,65749,0.16052001953125,2,True,True,1195.0,
oc-0242,oc,data/external/dartis/raw/oc/oc-0242.jpg,data/derived/v06_water_masks/land/oc/oc-0242.png,metadata,data/metadata/v06_dartis_water_masks.csv,land_mask_path,True,True,True,104093,0.25413330078125,2,True,True,1175.0,
oc-0243,oc,data/external/dartis/raw/oc/oc-0243.jpg,data/derived/v06_water_masks/land/oc/oc-0243.png,metadata,data/metadata/v06_dartis_water_masks.csv,land_mask_path,True,True,True,70607,0.17238037109375,2,True,True,1195.0,
oc-0244,oc,data/external/dartis/raw/oc/oc-0244.jpg,data/derived/v06_water_masks/land/oc/oc-0244.png,metadata,data/metadata/v06_dartis_water_masks.csv,land_mask_path,True,True,True,142926,0.3489404296875,2,True,True,1175.0,
oc-0245,oc,data/external/dartis/raw/oc/oc-0245.jpg,data/derived/v06_water_masks/land/oc/oc-0245.png,metadata,data/metadata/v06_dartis_water_masks.csv,land_mask_path,True,True,True,140501,0.34302001953125,2,True,True,1175.0,
oc-0246,oc,data/external/dartis/raw/oc/oc-0246.jpg,data/derived/v06_water_masks/land/oc/oc-0246.png,metadata,data/metadata/v06_dartis_water_masks.csv,land_mask_path,True,True,True,49632,0.121171875,2,True,True,1195.0,
oc-0247,oc,data/external/dartis/raw/oc/oc-0247.jpg,data/derived/v06_water_masks/land/oc/oc-0247.png,metadata,data/metadata/v06_dartis_water_masks.csv,land_mask_path,True,True,True,192199,0.46923583984375,2,True,True,1175.0,
oc-0248,oc,data/external/dartis/raw/oc/oc-0248.jpg,data/derived/v06_water_masks/land/oc/oc-0248.png,metadata,data/metadata/v06_dartis_water_masks.csv,land_mask_path,True,True,True,174844,0.426865234375,2,True,True,1175.0,
oc-0249,oc,data/external/dartis/raw/oc/oc-0249.jpg,data/derived/v06_water_masks/land/oc/oc-0249.png,metadata,data/metadata/v06_dartis_water_masks.csv,land_mask_path,True,True,True,45535,0.11116943359375,2,True,True,1195.0,
oc-0250,oc,data/external/dartis/raw/oc/oc-0250.jpg,data/derived/v06_water_masks/land/oc/oc-0250.png,metadata,data/metadata/v06_dartis_water_masks.csv,land_mask_path,True,True,True,105631,0.25788818359375,2,True,True,1175.0,
oc-0251,oc,data/external/dartis/raw/oc/oc-0251.jpg,data/derived/v06_water_masks/land/oc/oc-0251.png,metadata,data/metadata/v06_dartis_water_masks.csv,land_mask_path,True,True,True,168923,0.41240966796875,2,True,True,1175.0,
oc-0252,oc,data/external/dartis/raw/oc/oc-0252.jpg,data/derived/v06_water_masks/land/oc/oc-0252.png,metadata,data/metadata/v06_dartis_water_masks.csv,land_mask_path,True,True,True,8905,0.02174072265625,2,True,True,1195.0,
oc-0253,oc,data/external/dartis/raw/oc/oc-0253.jpg,data/derived/v06_water_masks/land/oc/oc-0253.png,metadata,data/metadata/v06_dartis_water_masks.csv,land_mask_path,True,True,True,33136,0.0808984375,2,True,True,1195.0,
oc-0254,oc,data/external/dartis/raw/oc/oc-0254.jpg,data/derived/v06_water_masks/land/oc/oc-0254.png,metadata,data/metadata/v06_dartis_water_masks.csv,land_mask_path,True,True,True,73,0.00017822265625,2,True,True,1195.0,
oc-0255,oc,data/external/dartis/raw/oc/oc-0255.jpg,data/derived/v06_water_masks/land/oc/oc-0255.png,metadata,data/metadata/v06_dartis_water_masks.csv,land_mask_path,True,True,True,200240,0.4888671875,2,True,True,1175.0,
oc-0256,oc,data/external/dartis/raw/oc/oc-0256.jpg,data/derived/v06_water_masks/land/oc/oc-0256.png,metadata,data/metadata/v06_dartis_water_masks.csv,land_mask_path,True,True,True,10114,0.0246923828125,2,True,True,1195.0,
oc-0257,oc,data/external/dartis/raw/oc/oc-0257.jpg,data/derived/v06_water_masks/land/oc/oc-0257.png,metadata,data/metadata/v06_dartis_water_masks.csv,land_mask_path,True,True,True,89792,0.21921875,2,True,True,1175.0,
oc-0258,oc,data/external/dartis/raw/oc/oc-0258.jpg,data/derived/v06_water_masks/land/oc/oc-0258.png,metadata,data/metadata/v06_dartis_water_masks.csv,land_mask_path,True,True,True,21406,0.0522607421875,2,True,True,1195.0,
oc-0259,oc,data/external/dartis/raw/oc/oc-0259.jpg,data/derived/v06_water_masks/land/oc/oc-0259.png,metadata,data/metadata/v06_dartis_water_masks.csv,land_mask_path,True,True,True,74375,0.18157958984375,2,True,True,1195.0,
oc-0260,oc,data/external/dartis/raw/oc/oc-0260.jpg,data/derived/v06_water_masks/land/oc/oc-0260.png,metadata,data/metadata/v06_dartis_water_masks.csv,land_mask_path,True,True,True,169003,0.41260498046875,2,True,True,1175.0,
oc-0261,oc,data/external/dartis/raw/oc/oc-0261.jpg,data/derived/v06_water_masks/land/oc/oc-0261.png,metadata,data/metadata/v06_dartis_water_masks.csv,land_mask_path,True,True,True,19744,0.048203125,2,True,True,1195.0,
oc-0262,oc,data/external/dartis/raw/oc/oc-0262.jpg,data/derived/v06_water_masks/land/oc/oc-0262.png,metadata,data/metadata/v06_dartis_water_masks.csv,land_mask_path,True,True,True,87661,0.21401611328125,2,True,True,1175.0,
oc-0263,oc,data/external/dartis/raw/oc/oc-0263.jpg,data/derived/v06_water_masks/land/oc/oc-0263.png,metadata,data/metadata/v06_dartis_water_masks.csv,land_mask_path,True,True,True,199624,0.48736328125,2,True,True,1175.0,
oc-0264,oc,data/external/dartis/raw/oc/oc-0264.jpg,data/derived/v06_water_masks/land/oc/oc-0264.png,metadata,data/metadata/v06_dartis_water_masks.csv,land_mask_path,True,True,True,28714,0.0701025390625,2,True,True,1195.0,
oc-0265,oc,data/external/dartis/raw/oc/oc-0265.jpg,data/derived/v06_water_masks/land/oc/oc-0265.png,metadata,data/metadata/v06_dartis_water_masks.csv,land_mask_path,True,True,True,83649,0.20422119140625,2,True,True,1175.0,
oc-0266,oc,data/external/dartis/raw/oc/oc-0266.jpg,data/derived/v06_water_masks/land/oc/oc-0266.png,metadata,data/metadata/v06_dartis_water_masks.csv,land_mask_path,True,True,True,145339,0.35483154296875,2,True,True,1175.0,
oc-0267,oc,data/external/dartis/raw/oc/oc-0267.jpg,data/derived/v06_water_masks/land/oc/oc-0267.png,metadata,data/metadata/v06_dartis_water_masks.csv,land_mask_path,True,True,True,166803,0.40723388671875,2,True,True,1175.0,
oc-0268,oc,data/external/dartis/raw/oc/oc-0268.jpg,data/derived/v06_water_masks/land/oc/oc-0268.png,metadata,data/metadata/v06_dartis_water_masks.csv,land_mask_path,True,True,True,164933,0.40266845703125,2,True,True,1175.0,
oc-0269,oc,data/external/dartis/raw/oc/oc-0269.jpg,data/derived/v06_water_masks/land/oc/oc-0269.png,metadata,data/metadata/v06_dartis_water_masks.csv,land_mask_path,True,True,True,147440,0.3599609375,2,True,True,1175.0,
oc-0270,oc,data/external/dartis/raw/oc/oc-0270.jpg,data/derived/v06_water_masks/land/oc/oc-0270.png,metadata,data/metadata/v06_dartis_water_masks.csv,land_mask_path,True,True,True,186942,0.4564013671875,2,True,True,1175.0,
oc-0271,oc,data/external/dartis/raw/oc/oc-0271.jpg,data/derived/v06_water_masks/land/oc/oc-0271.png,metadata,data/metadata/v06_dartis_water_masks.csv,land_mask_path,True,True,True,77,0.00018798828125,2,True,True,1195.0,
oc-0272,oc,data/external/dartis/raw/oc/oc-0272.jpg,data/derived/v06_water_masks/land/oc/oc-0272.png,metadata,data/metadata/v06_dartis_water_masks.csv,land_mask_path,True,True,True,46665,0.11392822265625,2,True,True,1195.0,
oc-0273,oc,data/external/dartis/raw/oc/oc-0273.jpg,data/derived/v06_water_masks/land/oc/oc-0273.png,metadata,data/metadata/v06_dartis_water_masks.csv,land_mask_path,True,True,True,78639,0.19198974609375,2,True,True,1195.0,
oc-0274,oc,data/external/dartis/raw/oc/oc-0274.jpg,data/derived/v06_water_masks/land/oc/oc-0274.png,metadata,data/metadata/v06_dartis_water_masks.csv,land_mask_path,True,True,True,24403,0.05957763671875,2,True,True,1195.0,
oc-0275,oc,data/external/dartis/raw/oc/oc-0275.jpg,data/derived/v06_water_masks/land/oc/oc-0275.png,metadata,data/metadata/v06_dartis_water_masks.csv,land_mask_path,True,True,True,180377,0.44037353515625,2,True,True,1175.0,
oc-0276,oc,data/external/dartis/raw/oc/oc-0276.jpg,data/derived/v06_water_masks/land/oc/oc-0276.png,metadata,data/metadata/v06_dartis_water_masks.csv,land_mask_path,True,True,True,229834,0.5611181640625,2,True,True,1175.0,
oc-0277,oc,data/external/dartis/raw/oc/oc-0277.jpg,data/derived/v06_water_masks/land/oc/oc-0277.png,metadata,data/metadata/v06_dartis_water_masks.csv,land_mask_path,True,True,True,169184,0.413046875,2,True,True,1175.0,
oc-0278,oc,data/external/dartis/raw/oc/oc-0278.jpg,data/derived/v06_water_masks/land/oc/oc-0278.png,metadata,data/metadata/v06_dartis_water_masks.csv,land_mask_path,True,True,True,180816,0.4414453125,2,True,True,1175.0,
oc-0279,oc,data/external/dartis/raw/oc/oc-0279.jpg,data/derived/v06_water_masks/land/oc/oc-0279.png,metadata,data/metadata/v06_dartis_water_masks.csv,land_mask_path,True,True,True,83816,0.20462890625,2,True,True,1175.0,
oc-0280,oc,data/external/dartis/raw/oc/oc-0280.jpg,data/derived/v06_water_masks/land/oc/oc-0280.png,metadata,data/metadata/v06_dartis_water_masks.csv,land_mask_path,True,True,True,104599,0.25536865234375,2,True,True,1175.0,
oc-0281,oc,data/external/dartis/raw/oc/oc-0281.jpg,data/derived/v06_water_masks/land/oc/oc-0281.png,metadata,data/metadata/v06_dartis_water_masks.csv,land_mask_path,True,True,True,55858,0.1363720703125,2,True,True,1195.0,
oc-0282,oc,data/external/dartis/raw/oc/oc-0282.jpg,data/derived/v06_water_masks/land/oc/oc-0282.png,metadata,data/metadata/v06_dartis_water_masks.csv,land_mask_path,True,True,True,134010,0.3271728515625,2,True,True,1175.0,
oc-0283,oc,data/external/dartis/raw/oc/oc-0283.jpg,data/derived/v06_water_masks/land/oc/oc-0283.png,metadata,data/metadata/v06_dartis_water_masks.csv,land_mask_path,True,True,True,22980,0.056103515625,2,True,True,1195.0,
oc-0284,oc,data/external/dartis/raw/oc/oc-0284.jpg,data/derived/v06_water_masks/land/oc/oc-0284.png,metadata,data/metadata/v06_dartis_water_masks.csv,land_mask_path,True,True,True,75655,0.18470458984375,2,True,True,1195.0,
oc-0285,oc,data/external/dartis/raw/oc/oc-0285.jpg,data/derived/v06_water_masks/land/oc/oc-0285.png,metadata,data/metadata/v06_dartis_water_masks.csv,land_mask_path,True,True,True,835,0.00203857421875,2,True,True,1195.0,
oc-0286,oc,data/external/dartis/raw/oc/oc-0286.jpg,data/derived/v06_water_masks/land/oc/oc-0286.png,metadata,data/metadata/v06_dartis_water_masks.csv,land_mask_path,True,True,True,134625,0.32867431640625,2,True,True,1175.0,
oc-0287,oc,data/external/dartis/raw/oc/oc-0287.jpg,data/derived/v06_water_masks/land/oc/oc-0287.png,metadata,data/metadata/v06_dartis_water_masks.csv,land_mask_path,True,True,True,83843,0.20469482421875,2,True,True,1175.0,
oc-0288,oc,data/external/dartis/raw/oc/oc-0288.jpg,data/derived/v06_water_masks/land/oc/oc-0288.png,metadata,data/metadata/v06_dartis_water_masks.csv,land_mask_path,True,True,True,174152,0.42517578125,2,True,True,1175.0,
oc-0289,oc,data/external/dartis/raw/oc/oc-0289.jpg,data/derived/v06_water_masks/land/oc/oc-0289.png,metadata,data/metadata/v06_dartis_water_masks.csv,land_mask_path,True,True,True,170196,0.415517578125,2,True,True,1175.0,
oc-0290,oc,data/external/dartis/raw/oc/oc-0290.jpg,data/derived/v06_water_masks/land/oc/oc-0290.png,metadata,data/metadata/v06_dartis_water_masks.csv,land_mask_path,True,True,True,19119,0.04667724609375,2,True,True,1195.0,
oc-0291,oc,data/external/dartis/raw/oc/oc-0291.jpg,data/derived/v06_water_masks/land/oc/oc-0291.png,metadata,data/metadata/v06_dartis_water_masks.csv,land_mask_path,True,True,True,28281,0.01504595824415407,2,True,True,1195.0,
oc-0292,oc,data/external/dartis/raw/oc/oc-0292.jpg,data/derived/v06_water_masks/land/oc/oc-0292.png,metadata,data/metadata/v06_dartis_water_masks.csv,land_mask_path,True,True,True,146789,0.35837158203125,2,True,True,1175.0,
oc-0293,oc,data/external/dartis/raw/oc/oc-0293.jpg,data/derived/v06_water_masks/land/oc/oc-0293.png,metadata,data/metadata/v06_dartis_water_masks.csv,land_mask_path,True,True,True,9958,0.0243115234375,2,True,True,1195.0,
oc-0294,oc,data/external/dartis/raw/oc/oc-0294.jpg,data/derived/v06_water_masks/land/oc/oc-0294.png,metadata,data/metadata/v06_dartis_water_masks.csv,land_mask_path,True,True,True,231056,0.5641015625,2,True,True,1175.0,
oc-0295,oc,data/external/dartis/raw/oc/oc-0295.jpg,data/derived/v06_water_masks/land/oc/oc-0295.png,metadata,data/metadata/v06_dartis_water_masks.csv,land_mask_path,True,True,True,59431,0.14509521484375,2,True,True,1195.0,
oc-0296,oc,data/external/dartis/raw/oc/oc-0296.jpg,data/derived/v06_water_masks/land/oc/oc-0296.png,metadata,data/metadata/v06_dartis_water_masks.csv,land_mask_path,True,True,True,73640,0.17978515625,2,True,True,1195.0,
oc-0297,oc,data/external/dartis/raw/oc/oc-0297.jpg,data/derived/v06_water_masks/land/oc/oc-0297.png,metadata,data/metadata/v06_dartis_water_masks.csv,land_mask_path,True,True,True,126885,0.30977783203125,2,True,True,1175.0,
oc-0298,oc,data/external/dartis/raw/oc/oc-0298.jpg,data/derived/v06_water_masks/land/oc/oc-0298.png,metadata,data/metadata/v06_dartis_water_masks.csv,land_mask_path,True,True,True,34321,0.08379150390625,2,True,True,1195.0,
oc-0299,oc,data/external/dartis/raw/oc/oc-0299.jpg,data/derived/v06_water_masks/land/oc/oc-0299.png,metadata,data/metadata/v06_dartis_water_masks.csv,land_mask_path,True,True,True,162644,0.397080078125,2,True,True,1175.0,
oc-0300,oc,data/external/dartis/raw/oc/oc-0300.jpg,data/derived/v06_water_masks/land/oc/oc-0300.png,metadata,data/metadata/v06_dartis_water_masks.csv,land_mask_path,True,True,True,201430,0.4917724609375,2,True,True,1175.0,
oc-0301,oc,data/external/dartis/raw/oc/oc-0301.jpg,data/derived/v06_water_masks/land/oc/oc-0301.png,metadata,data/metadata/v06_dartis_water_masks.csv,land_mask_path,True,True,True,152738,0.3728955078125,2,True,True,1175.0,
oc-0302,oc,data/external/dartis/raw/oc/oc-0302.jpg,data/derived/v06_water_masks/land/oc/oc-0302.png,metadata,data/metadata/v06_dartis_water_masks.csv,land_mask_path,True,True,True,120288,0.293671875,2,True,True,1175.0,
oc-0303,oc,data/external/dartis/raw/oc/oc-0303.jpg,data/derived/v06_water_masks/land/oc/oc-0303.png,metadata,data/metadata/v06_dartis_water_masks.csv,land_mask_path,True,True,True,194854,0.4757177734375,2,True,True,1175.0,
oc-0304,oc,data/external/dartis/raw/oc/oc-0304.jpg,data/derived/v06_water_masks/land/oc/oc-0304.png,metadata,data/metadata/v06_dartis_water_masks.csv,land_mask_path,True,True,True,112130,0.2737548828125,2,True,True,1175.0,
oc-0305,oc,data/external/dartis/raw/oc/oc-0305.jpg,data/derived/v06_water_masks/land/oc/oc-0305.png,metadata,data/metadata/v06_dartis_water_masks.csv,land_mask_path,True,True,True,172939,0.42221435546875,2,True,True,1175.0,
oc-0306,oc,data/external/dartis/raw/oc/oc-0306.jpg,data/derived/v06_water_masks/land/oc/oc-0306.png,metadata,data/metadata/v06_dartis_water_masks.csv,land_mask_path,True,True,True,1291,0.00315185546875,2,True,True,1195.0,
oc-0307,oc,data/external/dartis/raw/oc/oc-0307.jpg,data/derived/v06_water_masks/land/oc/oc-0307.png,metadata,data/metadata/v06_dartis_water_masks.csv,land_mask_path,True,True,True,14917,0.03641845703125,2,True,True,1195.0,
oc-0308,oc,data/external/dartis/raw/oc/oc-0308.jpg,data/derived/v06_water_masks/land/oc/oc-0308.png,metadata,data/metadata/v06_dartis_water_masks.csv,land_mask_path,True,True,True,63810,0.1557861328125,2,True,True,1195.0,
oc-0309,oc,data/external/dartis/raw/oc/oc-0309.jpg,data/derived/v06_water_masks/land/oc/oc-0309.png,metadata,data/metadata/v06_dartis_water_masks.csv,land_mask_path,True,True,True,20620,0.050341796875,2,True,True,1195.0,
oc-0310,oc,data/external/dartis/raw/oc/oc-0310.jpg,data/derived/v06_water_masks/land/oc/oc-0310.png,metadata,data/metadata/v06_dartis_water_masks.csv,land_mask_path,True,True,True,2988,0.007294921875,2,True,True,1195.0,
oc-0311,oc,data/external/dartis/raw/oc/oc-0311.jpg,data/derived/v06_water_masks/land/oc/oc-0311.png,metadata,data/metadata/v06_dartis_water_masks.csv,land_mask_path,True,True,True,146278,0.3571240234375,2,True,True,1175.0,
oc-0312,oc,data/external/dartis/raw/oc/oc-0312.jpg,data/derived/v06_water_masks/land/oc/oc-0312.png,metadata,data/metadata/v06_dartis_water_masks.csv,land_mask_path,True,True,True,146871,0.35857177734375,2,True,True,1175.0,
oc-0313,oc,data/external/dartis/raw/oc/oc-0313.jpg,data/derived/v06_water_masks/land/oc/oc-0313.png,metadata,data/metadata/v06_dartis_water_masks.csv,land_mask_path,True,True,True,164247,0.40099365234375,2,True,True,1175.0,
oc-0314,oc,data/external/dartis/raw/oc/oc-0314.jpg,data/derived/v06_water_masks/land/oc/oc-0314.png,metadata,data/metadata/v06_dartis_water_masks.csv,land_mask_path,True,True,True,12989,0.03171142578125,2,True,True,1195.0,
oc-0315,oc,data/external/dartis/raw/oc/oc-0315.jpg,data/derived/v06_water_masks/land/oc/oc-0315.png,metadata,data/metadata/v06_dartis_water_masks.csv,land_mask_path,True,True,True,88936,0.21712890625,2,True,True,1175.0,
oc-0316,oc,data/external/dartis/raw/oc/oc-0316.jpg,data/derived/v06_water_masks/land/oc/oc-0316.png,metadata,data/metadata/v06_dartis_water_masks.csv,land_mask_path,True,True,True,87383,0.21333740234375,2,True,True,1175.0,
oc-0317,oc,data/external/dartis/raw/oc/oc-0317.jpg,data/derived/v06_water_masks/land/oc/oc-0317.png,metadata,data/metadata/v06_dartis_water_masks.csv,land_mask_path,True,True,True,46724,0.114072265625,2,True,True,1195.0,
oc-0318,oc,data/external/dartis/raw/oc/oc-0318.jpg,data/derived/v06_water_masks/land/oc/oc-0318.png,metadata,data/metadata/v06_dartis_water_masks.csv,land_mask_path,True,True,True,170016,0.415078125,2,True,True,1175.0,
oc-0319,oc,data/external/dartis/raw/oc/oc-0319.jpg,data/derived/v06_water_masks/land/oc/oc-0319.png,metadata,data/metadata/v06_dartis_water_masks.csv,land_mask_path,True,True,True,150830,0.3682373046875,2,True,True,1175.0,
oc-0320,oc,data/external/dartis/raw/oc/oc-0320.jpg,data/derived/v06_water_masks/land/oc/oc-0320.png,metadata,data/metadata/v06_dartis_water_masks.csv,land_mask_path,True,True,True,186209,0.45461181640625,2,True,True,1175.0,
oc-0321,oc,data/external/dartis/raw/oc/oc-0321.jpg,data/derived/v06_water_masks/land/oc/oc-0321.png,metadata,data/metadata/v06_dartis_water_masks.csv,land_mask_path,True,True,True,54967,0.017193607395062285,2,True,True,1195.0,
oc-0322,oc,data/external/dartis/raw/oc/oc-0322.jpg,data/derived/v06_water_masks/land/oc/oc-0322.png,metadata,data/metadata/v06_dartis_water_masks.csv,land_mask_path,True,True,True,105684,0.258017578125,2,True,True,1175.0,
oc-0323,oc,data/external/dartis/raw/oc/oc-0323.jpg,data/derived/v06_water_masks/land/oc/oc-0323.png,metadata,data/metadata/v06_dartis_water_masks.csv,land_mask_path,True,True,True,2304,0.005625,2,True,True,1195.0,
oc-0324,oc,data/external/dartis/raw/oc/oc-0324.jpg,data/derived/v06_water_masks/land/oc/oc-0324.png,metadata,data/metadata/v06_dartis_water_masks.csv,land_mask_path,True,True,True,82231,0.20075927734375,2,True,True,1175.0,
oc-0325,oc,data/external/dartis/raw/oc/oc-0325.jpg,data/derived/v06_water_masks/land/oc/oc-0325.png,metadata,data/metadata/v06_dartis_water_masks.csv,land_mask_path,True,True,True,95819,0.23393310546875,2,True,True,1175.0,
oc-0326,oc,data/external/dartis/raw/oc/oc-0326.jpg,data/derived/v06_water_masks/land/oc/oc-0326.png,metadata,data/metadata/v06_dartis_water_masks.csv,land_mask_path,True,True,True,180006,0.4394677734375,2,True,True,1175.0,
oc-0327,oc,data/external/dartis/raw/oc/oc-0327.jpg,data/derived/v06_water_masks/land/oc/oc-0327.png,metadata,data/metadata/v06_dartis_water_masks.csv,land_mask_path,True,True,True,70774,0.1727880859375,2,True,True,1195.0,
oc-0328,oc,data/external/dartis/raw/oc/oc-0328.jpg,data/derived/v06_water_masks/land/oc/oc-0328.png,metadata,data/metadata/v06_dartis_water_masks.csv,land_mask_path,True,True,True,11130,0.0271728515625,2,True,True,1195.0,
oc-0329,oc,data/external/dartis/raw/oc/oc-0329.jpg,data/derived/v06_water_masks/land/oc/oc-0329.png,metadata,data/metadata/v06_dartis_water_masks.csv,land_mask_path,True,True,True,152263,0.37173583984375,2,True,True,1175.0,
oc-0330,oc,data/external/dartis/raw/oc/oc-0330.jpg,data/derived/v06_water_masks/land/oc/oc-0330.png,metadata,data/metadata/v06_dartis_water_masks.csv,land_mask_path,True,True,True,83305,0.20338134765625,2,True,True,1175.0,
oc-0331,oc,data/external/dartis/raw/oc/oc-0331.jpg,data/derived/v06_water_masks/land/oc/oc-0331.png,metadata,data/metadata/v06_dartis_water_masks.csv,land_mask_path,True,True,True,153397,0.37450439453125,2,True,True,1175.0,
oc-0332,oc,data/external/dartis/raw/oc/oc-0332.jpg,data/derived/v06_water_masks/land/oc/oc-0332.png,metadata,data/metadata/v06_dartis_water_masks.csv,land_mask_path,True,True,True,168363,0.41104248046875,2,True,True,1175.0,
oc-0333,oc,data/external/dartis/raw/oc/oc-0333.jpg,data/derived/v06_water_masks/land/oc/oc-0333.png,metadata,data/metadata/v06_dartis_water_masks.csv,land_mask_path,True,True,True,24,5.859375e-05,2,True,True,1195.0,
oc-0334,oc,data/external/dartis/raw/oc/oc-0334.jpg,data/derived/v06_water_masks/land/oc/oc-0334.png,metadata,data/metadata/v06_dartis_water_masks.csv,land_mask_path,True,True,True,141846,0.3463037109375,2,True,True,1175.0,
oc-0335,oc,data/external/dartis/raw/oc/oc-0335.jpg,data/derived/v06_water_masks/land/oc/oc-0335.png,metadata,data/metadata/v06_dartis_water_masks.csv,land_mask_path,True,True,True,101496,0.24779296875,2,True,True,1175.0,
oc-0336,oc,data/external/dartis/raw/oc/oc-0336.jpg,data/derived/v06_water_masks/land/oc/oc-0336.png,metadata,data/metadata/v06_dartis_water_masks.csv,land_mask_path,True,True,True,156316,0.381630859375,2,True,True,1175.0,
oc-0337,oc,data/external/dartis/raw/oc/oc-0337.jpg,data/derived/v06_water_masks/land/oc/oc-0337.png,metadata,data/metadata/v06_dartis_water_masks.csv,land_mask_path,True,True,True,11816,0.02884765625,2,True,True,1195.0,
oc-0338,oc,data/external/dartis/raw/oc/oc-0338.jpg,data/derived/v06_water_masks/land/oc/oc-0338.png,metadata,data/metadata/v06_dartis_water_masks.csv,land_mask_path,True,True,True,33394,0.0815283203125,2,True,True,1195.0,
oc-0339,oc,data/external/dartis/raw/oc/oc-0339.jpg,data/derived/v06_water_masks/land/oc/oc-0339.png,metadata,data/metadata/v06_dartis_water_masks.csv,land_mask_path,True,True,True,160583,0.39204833984375,2,True,True,1175.0,
oc-0340,oc,data/external/dartis/raw/oc/oc-0340.jpg,data/derived/v06_water_masks/land/oc/oc-0340.png,metadata,data/metadata/v06_dartis_water_masks.csv,land_mask_path,True,True,True,169612,0.414091796875,2,True,True,1175.0,
oc-0341,oc,data/external/dartis/raw/oc/oc-0341.jpg,data/derived/v06_water_masks/land/oc/oc-0341.png,metadata,data/metadata/v06_dartis_water_masks.csv,land_mask_path,True,True,True,168204,0.410654296875,2,True,True,1175.0,
oc-0342,oc,data/external/dartis/raw/oc/oc-0342.jpg,data/derived/v06_water_masks/land/oc/oc-0342.png,metadata,data/metadata/v06_dartis_water_masks.csv,land_mask_path,True,True,True,128582,0.3139208984375,2,True,True,1175.0,
oc-0343,oc,data/external/dartis/raw/oc/oc-0343.jpg,data/derived/v06_water_masks/land/oc/oc-0343.png,metadata,data/metadata/v06_dartis_water_masks.csv,land_mask_path,True,True,True,175780,0.429150390625,2,True,True,1175.0,
oc-0344,oc,data/external/dartis/raw/oc/oc-0344.jpg,data/derived/v06_water_masks/land/oc/oc-0344.png,metadata,data/metadata/v06_dartis_water_masks.csv,land_mask_path,True,True,True,79404,0.193857421875,2,True,True,1195.0,
oc-0345,oc,data/external/dartis/raw/oc/oc-0345.jpg,data/derived/v06_water_masks/land/oc/oc-0345.png,metadata,data/metadata/v06_dartis_water_masks.csv,land_mask_path,True,True,True,236231,0.57673583984375,2,True,True,1175.0,
oc-0346,oc,data/external/dartis/raw/oc/oc-0346.jpg,data/derived/v06_water_masks/land/oc/oc-0346.png,metadata,data/metadata/v06_dartis_water_masks.csv,land_mask_path,True,True,True,182698,0.4460400390625,2,True,True,1175.0,
oc-0347,oc,data/external/dartis/raw/oc/oc-0347.jpg,data/derived/v06_water_masks/land/oc/oc-0347.png,metadata,data/metadata/v06_dartis_water_masks.csv,land_mask_path,True,True,True,182061,0.44448486328125,2,True,True,1175.0,
oc-0348,oc,data/external/dartis/raw/oc/oc-0348.jpg,data/derived/v06_water_masks/land/oc/oc-0348.png,metadata,data/metadata/v06_dartis_water_masks.csv,land_mask_path,True,True,True,12856,0.03138671875,2,True,True,1195.0,
oc-0349,oc,data/external/dartis/raw/oc/oc-0349.jpg,data/derived/v06_water_masks/land/oc/oc-0349.png,metadata,data/metadata/v06_dartis_water_masks.csv,land_mask_path,True,True,True,224526,0.5481591796875,2,True,True,1175.0,
oc-0350,oc,data/external/dartis/raw/oc/oc-0350.jpg,data/derived/v06_water_masks/land/oc/oc-0350.png,metadata,data/metadata/v06_dartis_water_masks.csv,land_mask_path,True,True,True,1312,0.003203125,2,True,True,1195.0,
oc-0351,oc,data/external/dartis/raw/oc/oc-0351.jpg,data/derived/v06_water_masks/land/oc/oc-0351.png,metadata,data/metadata/v06_dartis_water_masks.csv,land_mask_path,True,True,True,130136,0.31771484375,2,True,True,1175.0,
oc-0352,oc,data/external/dartis/raw/oc/oc-0352.jpg,data/derived/v06_water_masks/land/oc/oc-0352.png,metadata,data/metadata/v06_dartis_water_masks.csv,land_mask_path,True,True,True,63024,0.1538671875,2,True,True,1195.0,
oc-0353,oc,data/external/dartis/raw/oc/oc-0353.jpg,data/derived/v06_water_masks/land/oc/oc-0353.png,metadata,data/metadata/v06_dartis_water_masks.csv,land_mask_path,True,True,True,24522,0.0598681640625,2,True,True,1195.0,
oc-0354,oc,data/external/dartis/raw/oc/oc-0354.jpg,data/derived/v06_water_masks/land/oc/oc-0354.png,metadata,data/metadata/v06_dartis_water_masks.csv,land_mask_path,True,True,True,281660,0.687646484375,2,True,True,1175.0,
oc-0355,oc,data/external/dartis/raw/oc/oc-0355.jpg,data/derived/v06_water_masks/land/oc/oc-0355.png,metadata,data/metadata/v06_dartis_water_masks.csv,land_mask_path,True,True,True,121523,0.29668701171875,2,True,True,1175.0,
oc-0356,oc,data/external/dartis/raw/oc/oc-0356.jpg,data/derived/v06_water_masks/land/oc/oc-0356.png,metadata,data/metadata/v06_dartis_water_masks.csv,land_mask_path,True,True,True,45153,0.11023681640625,2,True,True,1195.0,
oc-0357,oc,data/external/dartis/raw/oc/oc-0357.jpg,data/derived/v06_water_masks/land/oc/oc-0357.png,metadata,data/metadata/v06_dartis_water_masks.csv,land_mask_path,True,True,True,67010,0.1635986328125,2,True,True,1195.0,
oc-0358,oc,data/external/dartis/raw/oc/oc-0358.jpg,data/derived/v06_water_masks/land/oc/oc-0358.png,metadata,data/metadata/v06_dartis_water_masks.csv,land_mask_path,True,True,True,216457,0.52845947265625,2,True,True,1175.0,
oc-0359,oc,data/external/dartis/raw/oc/oc-0359.jpg,data/derived/v06_water_masks/land/oc/oc-0359.png,metadata,data/metadata/v06_dartis_water_masks.csv,land_mask_path,True,True,True,178142,0.4349169921875,2,True,True,1175.0,
oc-0360,oc,data/external/dartis/raw/oc/oc-0360.jpg,data/derived/v06_water_masks/land/oc/oc-0360.png,metadata,data/metadata/v06_dartis_water_masks.csv,land_mask_path,True,True,True,168078,0.4103466796875,2,True,True,1175.0,
oc-0361,oc,data/external/dartis/raw/oc/oc-0361.jpg,data/derived/v06_water_masks/land/oc/oc-0361.png,metadata,data/metadata/v06_dartis_water_masks.csv,land_mask_path,True,True,True,191791,0.46823974609375,2,True,True,1175.0,
oc-0362,oc,data/external/dartis/raw/oc/oc-0362.jpg,data/derived/v06_water_masks/land/oc/oc-0362.png,metadata,data/metadata/v06_dartis_water_masks.csv,land_mask_path,True,True,True,179563,0.43838623046875,2,True,True,1175.0,
oc-0363,oc,data/external/dartis/raw/oc/oc-0363.jpg,data/derived/v06_water_masks/land/oc/oc-0363.png,metadata,data/metadata/v06_dartis_water_masks.csv,land_mask_path,True,True,True,105,0.00025634765625,2,True,True,1195.0,
oc-0364,oc,data/external/dartis/raw/oc/oc-0364.jpg,data/derived/v06_water_masks/land/oc/oc-0364.png,metadata,data/metadata/v06_dartis_water_masks.csv,land_mask_path,True,True,True,151688,0.37033203125,2,True,True,1175.0,
oc-0365,oc,data/external/dartis/raw/oc/oc-0365.jpg,data/derived/v06_water_masks/land/oc/oc-0365.png,metadata,data/metadata/v06_dartis_water_masks.csv,land_mask_path,True,True,True,118993,0.29051025390625,2,True,True,1175.0,
oc-0366,oc,data/external/dartis/raw/oc/oc-0366.jpg,data/derived/v06_water_masks/land/oc/oc-0366.png,metadata,data/metadata/v06_dartis_water_masks.csv,land_mask_path,True,True,True,141565,0.34561767578125,2,True,True,1175.0,
oc-0367,oc,data/external/dartis/raw/oc/oc-0367.jpg,data/derived/v06_water_masks/land/oc/oc-0367.png,metadata,data/metadata/v06_dartis_water_masks.csv,land_mask_path,True,True,True,72462,0.1769091796875,2,True,True,1195.0,
oc-0368,oc,data/external/dartis/raw/oc/oc-0368.jpg,data/derived/v06_water_masks/land/oc/oc-0368.png,metadata,data/metadata/v06_dartis_water_masks.csv,land_mask_path,True,True,True,186464,0.455234375,2,True,True,1175.0,
oc-0369,oc,data/external/dartis/raw/oc/oc-0369.jpg,data/derived/v06_water_masks/land/oc/oc-0369.png,metadata,data/metadata/v06_dartis_water_masks.csv,land_mask_path,True,True,True,247400,0.60400390625,2,True,True,1175.0,
oc-0370,oc,data/external/dartis/raw/oc/oc-0370.jpg,data/derived/v06_water_masks/land/oc/oc-0370.png,metadata,data/metadata/v06_dartis_water_masks.csv,land_mask_path,True,True,True,187831,0.45857177734375,2,True,True,1175.0,
oc-0371,oc,data/external/dartis/raw/oc/oc-0371.jpg,data/derived/v06_water_masks/land/oc/oc-0371.png,metadata,data/metadata/v06_dartis_water_masks.csv,land_mask_path,True,True,True,6164,0.015048828125,2,True,True,1195.0,
oc-0372,oc,data/external/dartis/raw/oc/oc-0372.jpg,data/derived/v06_water_masks/land/oc/oc-0372.png,metadata,data/metadata/v06_dartis_water_masks.csv,land_mask_path,True,True,True,17563,0.04287841796875,2,True,True,1195.0,
oc-0373,oc,data/external/dartis/raw/oc/oc-0373.jpg,data/derived/v06_water_masks/land/oc/oc-0373.png,metadata,data/metadata/v06_dartis_water_masks.csv,land_mask_path,True,True,True,85441,0.06241580831324421,2,True,True,1195.0,
oc-0374,oc,data/external/dartis/raw/oc/oc-0374.jpg,data/derived/v06_water_masks/land/oc/oc-0374.png,metadata,data/metadata/v06_dartis_water_masks.csv,land_mask_path,True,True,True,96997,0.23680908203125,2,True,True,1175.0,
oc-0375,oc,data/external/dartis/raw/oc/oc-0375.jpg,data/derived/v06_water_masks/land/oc/oc-0375.png,metadata,data/metadata/v06_dartis_water_masks.csv,land_mask_path,True,True,True,120021,0.29302001953125,2,True,True,1175.0,
ow-0001,ow,data/external/dartis/raw/ow/ow-0001.jpg,data/derived/v06_water_masks/land/ow/ow-0001.png,metadata,data/metadata/v06_dartis_water_masks.csv,land_mask_path,True,True,True,0,0.0,1,False,False,175.0,
ow-0002,ow,data/external/dartis/raw/ow/ow-0002.jpg,data/external/dartis/cache/positive/ow-0002.jpg,filesystem,data/external/dartis,,True,True,False,325,0.00079345703125,203,True,True,1070.0,
ow-0003,ow,data/external/dartis/raw/ow/ow-0003.jpg,data/derived/v06_water_masks/land/ow/ow-0003.png,metadata,data/metadata/v06_dartis_water_masks.csv,land_mask_path,True,True,True,0,0.0,1,False,False,175.0,
ow-0004,ow,data/external/dartis/raw/ow/ow-0004.jpg,data/derived/v06_water_masks/land/ow/ow-0004.png,metadata,data/metadata/v06_dartis_water_masks.csv,land_mask_path,True,True,True,0,0.0,1,False,False,175.0,
ow-0005,ow,data/external/dartis/raw/ow/ow-0005.jpg,data/external/dartis/cache/positive/ow-0005.jpg,filesystem,data/external/dartis,,True,True,False,94231,0.23005615234375,220,True,True,1050.0,
ow-0006,ow,data/external/dartis/raw/ow/ow-0006.jpg,data/derived/v06_water_masks/land/ow/ow-0006.png,metadata,data/metadata/v06_dartis_water_masks.csv,land_mask_path,True,True,True,0,0.0,1,False,False,175.0,
ow-0007,ow,data/external/dartis/raw/ow/ow-0007.jpg,data/external/dartis/cache/positive/ow-0007.jpg,filesystem,data/external/dartis,,True,True,False,13286,0.0324365234375,225,True,True,1070.0,
ow-0008,ow,data/external/dartis/raw/ow/ow-0008.jpg,data/external/dartis/cache/positive/ow-0008.jpg,filesystem,data/external/dartis,,True,True,False,300167,0.73282958984375,253,True,True,1050.0,
ow-0009,ow,data/external/dartis/raw/ow/ow-0009.jpg,data/external/dartis/cache/positive/ow-0009.jpg,filesystem,data/external/dartis,,True,True,False,250412,0.611357421875,226,True,True,1050.0,
ow-0010,ow,data/external/dartis/raw/ow/ow-0010.jpg,data/derived/v06_water_masks/land/ow/ow-0010.png,metadata,data/metadata/v06_dartis_water_masks.csv,land_mask_path,True,True,True,0,0.0,1,False,False,175.0,
ow-0011,ow,data/external/dartis/raw/ow/ow-0011.jpg,data/external/dartis/cache/positive/ow-0011.jpg,filesystem,data/external/dartis,,True,True,False,2251,0.00549560546875,249,True,True,1070.0,
ow-0012,ow,data/external/dartis/raw/ow/ow-0012.jpg,data/derived/v06_water_masks/land/ow/ow-0012.png,metadata,data/metadata/v06_dartis_water_masks.csv,land_mask_path,True,True,True,0,0.0,1,False,False,175.0,
ow-0013,ow,data/external/dartis/raw/ow/ow-0013.jpg,data/external/dartis/cache/positive/ow-0013.jpg,filesystem,data/external/dartis,,True,True,False,321207,0.78419677734375,250,True,True,1050.0,
ow-0014,ow,data/external/dartis/raw/ow/ow-0014.jpg,data/derived/v06_water_masks/land/ow/ow-0014.png,metadata,data/metadata/v06_dartis_water_masks.csv,land_mask_path,True,True,True,0,0.0,1,False,False,175.0,
ow-0015,ow,data/external/dartis/raw/ow/ow-0015.jpg,data/derived/v06_water_masks/land/ow/ow-0015.png,metadata,data/metadata/v06_dartis_water_masks.csv,land_mask_path,True,True,True,0,0.0,1,False,False,175.0,
ow-0016,ow,data/external/dartis/raw/ow/ow-0016.jpg,data/external/dartis/cache/positive/ow-0016.jpg,filesystem,data/external/dartis,,True,True,False,336338,0.7791932797249617,256,True,True,1050.0,
ow-0017,ow,data/external/dartis/raw/ow/ow-0017.jpg,data/derived/v06_water_masks/land/ow/ow-0017.png,metadata,data/metadata/v06_dartis_water_masks.csv,land_mask_path,True,True,True,0,0.0,1,False,False,175.0,
ow-0018,ow,data/external/dartis/raw/ow/ow-0018.jpg,data/derived/v06_water_masks/land/ow/ow-0018.png,metadata,data/metadata/v06_dartis_water_masks.csv,land_mask_path,True,True,True,0,0.0,1,False,False,175.0,
ow-0019,ow,data/external/dartis/raw/ow/ow-0019.jpg,data/derived/v06_water_masks/land/ow/ow-0019.png,metadata,data/metadata/v06_dartis_water_masks.csv,land_mask_path,True,True,True,0,0.0,1,False,False,175.0,
ow-0020,ow,data/external/dartis/raw/ow/ow-0020.jpg,data/derived/v06_water_masks/land/ow/ow-0020.png,metadata,data/metadata/v06_dartis_water_masks.csv,land_mask_path,True,True,True,0,0.0,1,False,False,175.0,
ow-0021,ow,data/external/dartis/raw/ow/ow-0021.jpg,data/derived/v06_water_masks/land/ow/ow-0021.png,metadata,data/metadata/v06_dartis_water_masks.csv,land_mask_path,True,True,True,0,0.0,1,False,False,175.0,
ow-0022,ow,data/external/dartis/raw/ow/ow-0022.jpg,data/derived/v06_water_masks/land/ow/ow-0022.png,metadata,data/metadata/v06_dartis_water_masks.csv,land_mask_path,True,True,True,0,0.0,1,False,False,175.0,
ow-0023,ow,data/external/dartis/raw/ow/ow-0023.jpg,data/derived/v06_water_masks/land/ow/ow-0023.png,metadata,data/metadata/v06_dartis_water_masks.csv,land_mask_path,True,True,True,0,0.0,1,False,False,175.0,
ow-0024,ow,data/external/dartis/raw/ow/ow-0024.jpg,data/derived/v06_water_masks/land/ow/ow-0024.png,metadata,data/metadata/v06_dartis_water_masks.csv,land_mask_path,True,True,True,0,0.0,1,False,False,175.0,
ow-0025,ow,data/external/dartis/raw/ow/ow-0025.jpg,data/external/dartis/cache/positive/ow-0025.jpg,filesystem,data/external/dartis,,True,True,False,296759,0.72450927734375,255,True,True,1050.0,
ow-0026,ow,data/external/dartis/raw/ow/ow-0026.jpg,data/derived/v06_water_masks/land/ow/ow-0026.png,metadata,data/metadata/v06_dartis_water_masks.csv,land_mask_path,True,True,True,0,0.0,1,False,False,175.0,
ow-0027,ow,data/external/dartis/raw/ow/ow-0027.jpg,data/derived/v06_water_masks/land/ow/ow-0027.png,metadata,data/metadata/v06_dartis_water_masks.csv,land_mask_path,True,True,True,0,0.0,1,False,False,175.0,
ow-0028,ow,data/external/dartis/raw/ow/ow-0028.jpg,data/external/dartis/cache/positive/ow-0028.jpg,filesystem,data/external/dartis,,True,True,False,263,0.00064208984375,211,True,True,1070.0,
ow-0029,ow,data/external/dartis/raw/ow/ow-0029.jpg,data/derived/v06_water_masks/land/ow/ow-0029.png,metadata,data/metadata/v06_dartis_water_masks.csv,land_mask_path,True,True,True,0,0.0,1,False,False,175.0,
ow-0030,ow,data/external/dartis/raw/ow/ow-0030.jpg,data/derived/v06_water_masks/land/ow/ow-0030.png,metadata,data/metadata/v06_dartis_water_masks.csv,land_mask_path,True,True,True,0,0.0,1,False,False,175.0,
ow-0031,ow,data/external/dartis/raw/ow/ow-0031.jpg,data/derived/v06_water_masks/land/ow/ow-0031.png,metadata,data/metadata/v06_dartis_water_masks.csv,land_mask_path,True,True,True,0,0.0,1,False,False,175.0,
ow-0032,ow,data/external/dartis/raw/ow/ow-0032.jpg,data/external/dartis/cache/positive/ow-0032.jpg,filesystem,data/external/dartis,,True,True,False,50191,0.12253662109375,173,True,True,1070.0,
ow-0033,ow,data/external/dartis/raw/ow/ow-0033.jpg,data/external/dartis/cache/positive/ow-0033.jpg,filesystem,data/external/dartis,,True,True,False,183076,0.446962890625,222,True,True,1050.0,
ow-0034,ow,data/external/dartis/raw/ow/ow-0034.jpg,data/derived/v06_water_masks/land/ow/ow-0034.png,metadata,data/metadata/v06_dartis_water_masks.csv,land_mask_path,True,True,True,0,0.0,1,False,False,175.0,
ow-0035,ow,data/external/dartis/raw/ow/ow-0035.jpg,data/derived/v06_water_masks/land/ow/ow-0035.png,metadata,data/metadata/v06_dartis_water_masks.csv,land_mask_path,True,True,True,0,0.0,1,False,False,175.0,
ow-0036,ow,data/external/dartis/raw/ow/ow-0036.jpg,data/derived/v06_water_masks/land/ow/ow-0036.png,metadata,data/metadata/v06_dartis_water_masks.csv,land_mask_path,True,True,True,0,0.0,1,False,False,175.0,
ow-0037,ow,data/external/dartis/raw/ow/ow-0037.jpg,data/derived/v06_water_masks/land/ow/ow-0037.png,metadata,data/metadata/v06_dartis_water_masks.csv,land_mask_path,True,True,True,0,0.0,1,False,False,175.0,
ow-0038,ow,data/external/dartis/raw/ow/ow-0038.jpg,data/derived/v06_water_masks/land/ow/ow-0038.png,metadata,data/metadata/v06_dartis_water_masks.csv,land_mask_path,True,True,True,0,0.0,1,False,False,175.0,
ow-0039,ow,data/external/dartis/raw/ow/ow-0039.jpg,data/external/dartis/cache/positive/ow-0039.jpg,filesystem,data/external/dartis,,True,True,False,90039,0.21982177734375,201,True,True,1050.0,
ow-0040,ow,data/external/dartis/raw/ow/ow-0040.jpg,data/external/dartis/cache/positive/ow-0040.jpg,filesystem,data/external/dartis,,True,True,False,2524,0.006162109375,251,True,True,1070.0,
ow-0041,ow,data/external/dartis/raw/ow/ow-0041.jpg,data/derived/v06_water_masks/land/ow/ow-0041.png,metadata,data/metadata/v06_dartis_water_masks.csv,land_mask_path,True,True,True,0,0.0,1,False,False,175.0,
ow-0042,ow,data/external/dartis/raw/ow/ow-0042.jpg,data/derived/v06_water_masks/land/ow/ow-0042.png,metadata,data/metadata/v06_dartis_water_masks.csv,land_mask_path,True,True,True,0,0.0,1,False,False,175.0,
ow-0043,ow,data/external/dartis/raw/ow/ow-0043.jpg,data/derived/v06_water_masks/land/ow/ow-0043.png,metadata,data/metadata/v06_dartis_water_masks.csv,land_mask_path,True,True,True,0,0.0,1,False,False,175.0,
ow-0044,ow,data/external/dartis/raw/ow/ow-0044.jpg,data/derived/v06_water_masks/land/ow/ow-0044.png,metadata,data/metadata/v06_dartis_water_masks.csv,land_mask_path,True,True,True,0,0.0,1,False,False,175.0,
ow-0045,ow,data/external/dartis/raw/ow/ow-0045.jpg,data/derived/v06_water_masks/land/ow/ow-0045.png,metadata,data/metadata/v06_dartis_water_masks.csv,land_mask_path,True,True,True,0,0.0,1,False,False,175.0,
ow-0046,ow,data/external/dartis/raw/ow/ow-0046.jpg,data/external/dartis/cache/positive/ow-0046.jpg,filesystem,data/external/dartis,,True,True,False,2257,0.00551025390625,247,True,True,1070.0,
ow-0047,ow,data/external/dartis/raw/ow/ow-0047.jpg,data/derived/v06_water_masks/land/ow/ow-0047.png,metadata,data/metadata/v06_dartis_water_masks.csv,land_mask_path,True,True,True,0,0.0,1,False,False,175.0,
ow-0048,ow,data/external/dartis/raw/ow/ow-0048.jpg,data/external/dartis/cache/positive/ow-0048.jpg,filesystem,data/external/dartis,,True,True,False,262416,0.6406640625,252,True,True,1050.0,
ow-0049,ow,data/external/dartis/raw/ow/ow-0049.jpg,data/derived/v06_water_masks/land/ow/ow-0049.png,metadata,data/metadata/v06_dartis_water_masks.csv,land_mask_path,True,True,True,0,0.0,1,False,False,175.0,
ow-0050,ow,data/external/dartis/raw/ow/ow-0050.jpg,data/derived/v06_water_masks/land/ow/ow-0050.png,metadata,data/metadata/v06_dartis_water_masks.csv,land_mask_path,True,True,True,0,0.0,1,False,False,175.0,
ow-0051,ow,data/external/dartis/raw/ow/ow-0051.jpg,data/external/dartis/cache/positive/ow-0051.jpg,filesystem,data/external/dartis,,True,True,False,318280,0.77705078125,256,True,True,1050.0,
ow-0052,ow,data/external/dartis/raw/ow/ow-0052.jpg,data/derived/v06_water_masks/land/ow/ow-0052.png,metadata,data/metadata/v06_dartis_water_masks.csv,land_mask_path,True,True,True,0,0.0,1,False,False,175.0,
ow-0053,ow,data/external/dartis/raw/ow/ow-0053.jpg,data/external/dartis/cache/positive/ow-0053.jpg,filesystem,data/external/dartis,,True,True,False,263516,0.643349609375,249,True,True,1050.0,
ow-0054,ow,data/external/dartis/raw/ow/ow-0054.jpg,data/external/dartis/cache/positive/ow-0054.jpg,filesystem,data/external/dartis,,True,True,False,4146,0.0101220703125,216,True,True,1070.0,
ow-0055,ow,data/external/dartis/raw/ow/ow-0055.jpg,data/external/dartis/cache/positive/ow-0055.jpg,filesystem,data/external/dartis,,True,True,False,276110,0.6740966796875,245,True,True,1050.0,
ow-0056,ow,data/external/dartis/raw/ow/ow-0056.jpg,data/external/dartis/cache/positive/ow-0056.jpg,filesystem,data/external/dartis,,True,True,False,142592,0.348125,235,True,True,1050.0,
ow-0057,ow,data/external/dartis/raw/ow/ow-0057.jpg,data/external/dartis/cache/positive/ow-0057.jpg,filesystem,data/external/dartis,,True,True,False,17869,0.04362548828125,181,True,True,1070.0,
ow-0058,ow,data/external/dartis/raw/ow/ow-0058.jpg,data/external/dartis/cache/positive/ow-0058.jpg,filesystem,data/external/dartis,,True,True,False,1482,0.0019050704181899517,255,True,True,1070.0,
ow-0059,ow,data/external/dartis/raw/ow/ow-0059.jpg,data/derived/v06_water_masks/land/ow/ow-0059.png,metadata,data/metadata/v06_dartis_water_masks.csv,land_mask_path,True,True,True,0,0.0,1,False,False,175.0,
ow-0060,ow,data/external/dartis/raw/ow/ow-0060.jpg,data/external/dartis/cache/positive/ow-0060.jpg,filesystem,data/external/dartis,,True,True,False,240315,0.58670654296875,255,True,True,1050.0,
ow-0061,ow,data/external/dartis/raw/ow/ow-0061.jpg,data/derived/v06_water_masks/land/ow/ow-0061.png,metadata,data/metadata/v06_dartis_water_masks.csv,land_mask_path,True,True,True,0,0.0,1,False,False,175.0,
ow-0062,ow,data/external/dartis/raw/ow/ow-0062.jpg,data/external/dartis/cache/positive/ow-0062.jpg,filesystem,data/external/dartis,,True,True,False,322011,0.78615966796875,254,True,True,1050.0,
ow-0063,ow,data/external/dartis/raw/ow/ow-0063.jpg,data/external/dartis/cache/positive/ow-0063.jpg,filesystem,data/external/dartis,,True,True,False,266261,0.65005126953125,242,True,True,1050.0,
ow-0064,ow,data/external/dartis/raw/ow/ow-0064.jpg,data/derived/v06_water_masks/land/ow/ow-0064.png,metadata,data/metadata/v06_dartis_water_masks.csv,land_mask_path,True,True,True,0,0.0,1,False,False,175.0,
ow-0065,ow,data/external/dartis/raw/ow/ow-0065.jpg,data/derived/v06_water_masks/land/ow/ow-0065.png,metadata,data/metadata/v06_dartis_water_masks.csv,land_mask_path,True,True,True,0,0.0,1,False,False,175.0,
ow-0066,ow,data/external/dartis/raw/ow/ow-0066.jpg,data/external/dartis/cache/positive/ow-0066.jpg,filesystem,data/external/dartis,,True,True,False,2038,0.0049755859375,236,True,True,1070.0,
ow-0067,ow,data/external/dartis/raw/ow/ow-0067.jpg,data/external/dartis/cache/positive/ow-0067.jpg,filesystem,data/external/dartis,,True,True,False,126747,0.30944091796875,249,True,True,1050.0,
ow-0068,ow,data/external/dartis/raw/ow/ow-0068.jpg,data/derived/v06_water_masks/land/ow/ow-0068.png,metadata,data/metadata/v06_dartis_water_masks.csv,land_mask_path,True,True,True,0,0.0,1,False,False,175.0,
ow-0069,ow,data/external/dartis/raw/ow/ow-0069.jpg,data/derived/v06_water_masks/land/ow/ow-0069.png,metadata,data/metadata/v06_dartis_water_masks.csv,land_mask_path,True,True,True,0,0.0,1,False,False,175.0,
ow-0070,ow,data/external/dartis/raw/ow/ow-0070.jpg,data/derived/v06_water_masks/land/ow/ow-0070.png,metadata,data/metadata/v06_dartis_water_masks.csv,land_mask_path,True,True,True,0,0.0,1,False,False,175.0,
ow-0071,ow,data/external/dartis/raw/ow/ow-0071.jpg,data/external/dartis/cache/positive/ow-0071.jpg,filesystem,data/external/dartis,,True,True,False,203,0.00049560546875,220,True,True,1070.0,
ow-0072,ow,data/external/dartis/raw/ow/ow-0072.jpg,data/external/dartis/cache/positive/ow-0072.jpg,filesystem,data/external/dartis,,True,True,False,142242,0.3472705078125,223,True,True,1050.0,
ow-0073,ow,data/external/dartis/raw/ow/ow-0073.jpg,data/derived/v06_water_masks/land/ow/ow-0073.png,metadata,data/metadata/v06_dartis_water_masks.csv,land_mask_path,True,True,True,0,0.0,1,False,False,175.0,
ow-0074,ow,data/external/dartis/raw/ow/ow-0074.jpg,data/external/dartis/cache/positive/ow-0074.jpg,filesystem,data/external/dartis,,True,True,False,281264,0.6866796875,256,True,True,1050.0,
ow-0075,ow,data/external/dartis/raw/ow/ow-0075.jpg,data/derived/v06_water_masks/land/ow/ow-0075.png,metadata,data/metadata/v06_dartis_water_masks.csv,land_mask_path,True,True,True,0,0.0,1,False,False,175.0,
ow-0076,ow,data/external/dartis/raw/ow/ow-0076.jpg,data/derived/v06_water_masks/land/ow/ow-0076.png,metadata,data/metadata/v06_dartis_water_masks.csv,land_mask_path,True,True,True,0,0.0,1,False,False,175.0,
ow-0077,ow,data/external/dartis/raw/ow/ow-0077.jpg,data/derived/v06_water_masks/land/ow/ow-0077.png,metadata,data/metadata/v06_dartis_water_masks.csv,land_mask_path,True,True,True,0,0.0,1,False,False,175.0,
ow-0078,ow,data/external/dartis/raw/ow/ow-0078.jpg,data/external/dartis/cache/positive/ow-0078.jpg,filesystem,data/external/dartis,,True,True,False,155,0.00037841796875,197,True,True,1070.0,
ow-0079,ow,data/external/dartis/raw/ow/ow-0079.jpg,data/external/dartis/cache/positive/ow-0079.jpg,filesystem,data/external/dartis,,True,True,False,242642,0.5923876953125,255,True,True,1050.0,
ow-0080,ow,data/external/dartis/raw/ow/ow-0080.jpg,data/external/dartis/cache/positive/ow-0080.jpg,filesystem,data/external/dartis,,True,True,False,327291,0.79905029296875,256,True,True,1050.0,
ow-0081,ow,data/external/dartis/raw/ow/ow-0081.jpg,data/derived/v06_water_masks/land/ow/ow-0081.png,metadata,data/metadata/v06_dartis_water_masks.csv,land_mask_path,True,True,True,0,0.0,1,False,False,175.0,
ow-0082,ow,data/external/dartis/raw/ow/ow-0082.jpg,data/external/dartis/cache/positive/ow-0082.jpg,filesystem,data/external/dartis,,True,True,False,9347,0.02281982421875,176,True,True,1070.0,
ow-0083,ow,data/external/dartis/raw/ow/ow-0083.jpg,data/derived/v06_water_masks/land/ow/ow-0083.png,metadata,data/metadata/v06_dartis_water_masks.csv,land_mask_path,True,True,True,0,0.0,1,False,False,175.0,
ow-0084,ow,data/external/dartis/raw/ow/ow-0084.jpg,data/derived/v06_water_masks/land/ow/ow-0084.png,metadata,data/metadata/v06_dartis_water_masks.csv,land_mask_path,True,True,True,0,0.0,1,False,False,175.0,
ow-0085,ow,data/external/dartis/raw/ow/ow-0085.jpg,data/external/dartis/cache/positive/ow-0085.jpg,filesystem,data/external/dartis,,True,True,False,320756,0.783095703125,244,True,True,1050.0,
ow-0086,ow,data/external/dartis/raw/ow/ow-0086.jpg,data/external/dartis/cache/positive/ow-0086.jpg,filesystem,data/external/dartis,,True,True,False,326241,0.79648681640625,255,True,True,1050.0,
ow-0087,ow,data/external/dartis/raw/ow/ow-0087.jpg,data/derived/v06_water_masks/land/ow/ow-0087.png,metadata,data/metadata/v06_dartis_water_masks.csv,land_mask_path,True,True,True,0,0.0,1,False,False,175.0,
ow-0088,ow,data/external/dartis/raw/ow/ow-0088.jpg,data/derived/v06_water_masks/land/ow/ow-0088.png,metadata,data/metadata/v06_dartis_water_masks.csv,land_mask_path,True,True,True,0,0.0,1,False,False,175.0,
ow-0089,ow,data/external/dartis/raw/ow/ow-0089.jpg,data/derived/v06_water_masks/land/ow/ow-0089.png,metadata,data/metadata/v06_dartis_water_masks.csv,land_mask_path,True,True,True,0,0.0,1,False,False,175.0,
ow-0090,ow,data/external/dartis/raw/ow/ow-0090.jpg,data/derived/v06_water_masks/land/ow/ow-0090.png,metadata,data/metadata/v06_dartis_water_masks.csv,land_mask_path,True,True,True,0,0.0,1,False,False,175.0,
ow-0091,ow,data/external/dartis/raw/ow/ow-0091.jpg,data/external/dartis/cache/positive/ow-0091.jpg,filesystem,data/external/dartis,,True,True,False,198298,0.4841259765625,242,True,True,1050.0,
ow-0092,ow,data/external/dartis/raw/ow/ow-0092.jpg,data/external/dartis/cache/positive/ow-0092.jpg,filesystem,data/external/dartis,,True,True,False,326455,0.79700927734375,239,True,True,1050.0,
ow-0093,ow,data/external/dartis/raw/ow/ow-0093.jpg,data/derived/v06_water_masks/land/ow/ow-0093.png,metadata,data/metadata/v06_dartis_water_masks.csv,land_mask_path,True,True,True,0,0.0,1,False,False,175.0,
ow-0094,ow,data/external/dartis/raw/ow/ow-0094.jpg,data/external/dartis/cache/positive/ow-0094.jpg,filesystem,data/external/dartis,,True,True,False,387,0.00094482421875,176,True,True,1070.0,
ow-0095,ow,data/external/dartis/raw/ow/ow-0095.jpg,data/external/dartis/cache/positive/ow-0095.jpg,filesystem,data/external/dartis,,True,True,False,53,0.00012939453125,164,True,True,1070.0,
ow-0096,ow,data/external/dartis/raw/ow/ow-0096.jpg,data/external/dartis/cache/positive/ow-0096.jpg,filesystem,data/external/dartis,,True,True,False,75804,0.185068359375,213,True,True,1070.0,
ow-0097,ow,data/external/dartis/raw/ow/ow-0097.jpg,data/external/dartis/cache/positive/ow-0097.jpg,filesystem,data/external/dartis,,True,True,False,103,0.00025146484375,178,True,True,1070.0,
ow-0098,ow,data/external/dartis/raw/ow/ow-0098.jpg,data/derived/v06_water_masks/land/ow/ow-0098.png,metadata,data/metadata/v06_dartis_water_masks.csv,land_mask_path,True,True,True,0,0.0,1,False,False,175.0,
ow-0099,ow,data/external/dartis/raw/ow/ow-0099.jpg,data/derived/v06_water_masks/land/ow/ow-0099.png,metadata,data/metadata/v06_dartis_water_masks.csv,land_mask_path,True,True,True,0,0.0,1,False,False,175.0,
ow-0100,ow,data/external/dartis/raw/ow/ow-0100.jpg,data/derived/v06_water_masks/land/ow/ow-0100.png,metadata,data/metadata/v06_dartis_water_masks.csv,land_mask_path,True,True,True,0,0.0,1,False,False,175.0,
ow-0101,ow,data/external/dartis/raw/ow/ow-0101.jpg,data/derived/v06_water_masks/land/ow/ow-0101.png,metadata,data/metadata/v06_dartis_water_masks.csv,land_mask_path,True,True,True,0,0.0,1,False,False,175.0,
ow-0102,ow,data/external/dartis/raw/ow/ow-0102.jpg,data/external/dartis/cache/positive/ow-0102.jpg,filesystem,data/external/dartis,,True,True,False,323960,0.79091796875,256,True,True,1050.0,
ow-0103,ow,data/external/dartis/raw/ow/ow-0103.jpg,data/derived/v06_water_masks/land/ow/ow-0103.png,metadata,data/metadata/v06_dartis_water_masks.csv,land_mask_path,True,True,True,0,0.0,1,False,False,175.0,
ow-0104,ow,data/external/dartis/raw/ow/ow-0104.jpg,data/derived/v06_water_masks/land/ow/ow-0104.png,metadata,data/metadata/v06_dartis_water_masks.csv,land_mask_path,True,True,True,0,0.0,1,False,False,175.0,
ow-0105,ow,data/external/dartis/raw/ow/ow-0105.jpg,data/external/dartis/cache/positive/ow-0105.jpg,filesystem,data/external/dartis,,True,True,False,300039,0.73251708984375,256,True,True,1050.0,
ow-0106,ow,data/external/dartis/raw/ow/ow-0106.jpg,data/derived/v06_water_masks/land/ow/ow-0106.png,metadata,data/metadata/v06_dartis_water_masks.csv,land_mask_path,True,True,True,0,0.0,1,False,False,175.0,
ow-0107,ow,data/external/dartis/raw/ow/ow-0107.jpg,data/external/dartis/cache/positive/ow-0107.jpg,filesystem,data/external/dartis,,True,True,False,465,0.00113525390625,233,True,True,1070.0,
ow-0108,ow,data/external/dartis/raw/ow/ow-0108.jpg,data/external/dartis/cache/positive/ow-0108.jpg,filesystem,data/external/dartis,,True,True,False,311179,0.75971435546875,256,True,True,1050.0,
ow-0109,ow,data/external/dartis/raw/ow/ow-0109.jpg,data/external/dartis/cache/positive/ow-0109.jpg,filesystem,data/external/dartis,,True,True,False,83347,0.20348388671875,242,True,True,1050.0,
ow-0110,ow,data/external/dartis/raw/ow/ow-0110.jpg,data/derived/v06_water_masks/land/ow/ow-0110.png,metadata,data/metadata/v06_dartis_water_masks.csv,land_mask_path,True,True,True,0,0.0,1,False,False,175.0,
ow-0111,ow,data/external/dartis/raw/ow/ow-0111.jpg,data/derived/v06_water_masks/land/ow/ow-0111.png,metadata,data/metadata/v06_dartis_water_masks.csv,land_mask_path,True,True,True,0,0.0,1,False,False,175.0,
ow-0112,ow,data/external/dartis/raw/ow/ow-0112.jpg,data/derived/v06_water_masks/land/ow/ow-0112.png,metadata,data/metadata/v06_dartis_water_masks.csv,land_mask_path,True,True,True,0,0.0,1,False,False,175.0,
ow-0113,ow,data/external/dartis/raw/ow/ow-0113.jpg,data/derived/v06_water_masks/land/ow/ow-0113.png,metadata,data/metadata/v06_dartis_water_masks.csv,land_mask_path,True,True,True,0,0.0,1,False,False,175.0,
ow-0114,ow,data/external/dartis/raw/ow/ow-0114.jpg,data/external/dartis/cache/positive/ow-0114.jpg,filesystem,data/external/dartis,,True,True,False,181,0.00044189453125,204,True,True,1070.0,
ow-0115,ow,data/external/dartis/raw/ow/ow-0115.jpg,data/derived/v06_water_masks/land/ow/ow-0115.png,metadata,data/metadata/v06_dartis_water_masks.csv,land_mask_path,True,True,True,0,0.0,1,False,False,175.0,
ow-0116,ow,data/external/dartis/raw/ow/ow-0116.jpg,data/external/dartis/cache/positive/ow-0116.jpg,filesystem,data/external/dartis,,True,True,False,292686,0.7145654296875,245,True,True,1050.0,
ow-0117,ow,data/external/dartis/raw/ow/ow-0117.jpg,data/derived/v06_water_masks/land/ow/ow-0117.png,metadata,data/metadata/v06_dartis_water_masks.csv,land_mask_path,True,True,True,0,0.0,1,False,False,175.0,
ow-0118,ow,data/external/dartis/raw/ow/ow-0118.jpg,data/derived/v06_water_masks/land/ow/ow-0118.png,metadata,data/metadata/v06_dartis_water_masks.csv,land_mask_path,True,True,True,0,0.0,1,False,False,175.0,
ow-0119,ow,data/external/dartis/raw/ow/ow-0119.jpg,data/external/dartis/cache/positive/ow-0119.jpg,filesystem,data/external/dartis,,True,True,False,3091,0.00754638671875,221,True,True,1070.0,
ow-0120,ow,data/external/dartis/raw/ow/ow-0120.jpg,data/external/dartis/cache/positive/ow-0120.jpg,filesystem,data/external/dartis,,True,True,False,3352,0.00818359375,206,True,True,1070.0,
ow-0121,ow,data/external/dartis/raw/ow/ow-0121.jpg,data/derived/v06_water_masks/land/ow/ow-0121.png,metadata,data/metadata/v06_dartis_water_masks.csv,land_mask_path,True,True,True,0,0.0,1,False,False,175.0,
ow-0122,ow,data/external/dartis/raw/ow/ow-0122.jpg,data/derived/v06_water_masks/land/ow/ow-0122.png,metadata,data/metadata/v06_dartis_water_masks.csv,land_mask_path,True,True,True,0,0.0,1,False,False,175.0,
ow-0123,ow,data/external/dartis/raw/ow/ow-0123.jpg,data/external/dartis/cache/positive/ow-0123.jpg,filesystem,data/external/dartis,,True,True,False,311184,0.7597265625,254,True,True,1050.0,
ow-0124,ow,data/external/dartis/raw/ow/ow-0124.jpg,data/external/dartis/cache/positive/ow-0124.jpg,filesystem,data/external/dartis,,True,True,False,20817,0.05082275390625,202,True,True,1070.0,
ow-0125,ow,data/external/dartis/raw/ow/ow-0125.jpg,data/external/dartis/cache/positive/ow-0125.jpg,filesystem,data/external/dartis,,True,True,False,1004,0.002451171875,208,True,True,1070.0,
ow-0126,ow,data/external/dartis/raw/ow/ow-0126.jpg,data/derived/v06_water_masks/land/ow/ow-0126.png,metadata,data/metadata/v06_dartis_water_masks.csv,land_mask_path,True,True,True,0,0.0,1,False,False,175.0,
ow-0127,ow,data/external/dartis/raw/ow/ow-0127.jpg,data/derived/v06_water_masks/land/ow/ow-0127.png,metadata,data/metadata/v06_dartis_water_masks.csv,land_mask_path,True,True,True,0,0.0,1,False,False,175.0,
ow-0128,ow,data/external/dartis/raw/ow/ow-0128.jpg,data/external/dartis/cache/positive/ow-0128.jpg,filesystem,data/external/dartis,,True,True,False,289290,0.7062744140625,253,True,True,1050.0,
ow-0129,ow,data/external/dartis/raw/ow/ow-0129.jpg,data/external/dartis/cache/positive/ow-0129.jpg,filesystem,data/external/dartis,,True,True,False,1125,0.00274658203125,249,True,True,1070.0,
ow-0130,ow,data/external/dartis/raw/ow/ow-0130.jpg,data/derived/v06_water_masks/land/ow/ow-0130.png,metadata,data/metadata/v06_dartis_water_masks.csv,land_mask_path,True,True,True,0,0.0,1,False,False,175.0,
ow-0131,ow,data/external/dartis/raw/ow/ow-0131.jpg,data/external/dartis/cache/positive/ow-0131.jpg,filesystem,data/external/dartis,,True,True,False,298173,0.72796142578125,256,True,True,1050.0,
ow-0132,ow,data/external/dartis/raw/ow/ow-0132.jpg,data/external/dartis/cache/positive/ow-0132.jpg,filesystem,data/external/dartis,,True,True,False,2290997,0.7927325259515571,256,True,True,1050.0,
ow-0133,ow,data/external/dartis/raw/ow/ow-0133.jpg,data/derived/v06_water_masks/land/ow/ow-0133.png,metadata,data/metadata/v06_dartis_water_masks.csv,land_mask_path,True,True,True,0,0.0,1,False,False,175.0,
ow-0134,ow,data/external/dartis/raw/ow/ow-0134.jpg,data/derived/v06_water_masks/land/ow/ow-0134.png,metadata,data/metadata/v06_dartis_water_masks.csv,land_mask_path,True,True,True,0,0.0,1,False,False,175.0,
ow-0135,ow,data/external/dartis/raw/ow/ow-0135.jpg,data/external/dartis/cache/positive/ow-0135.jpg,filesystem,data/external/dartis,,True,True,False,59,0.00014404296875,170,True,True,1070.0,
ow-0136,ow,data/external/dartis/raw/ow/ow-0136.jpg,data/external/dartis/cache/positive/ow-0136.jpg,filesystem,data/external/dartis,,True,True,False,773,0.00188720703125,232,True,True,1070.0,
ow-0137,ow,data/external/dartis/raw/ow/ow-0137.jpg,data/external/dartis/cache/positive/ow-0137.jpg,filesystem,data/external/dartis,,True,True,False,133768,0.32658203125,238,True,True,1050.0,
ow-0138,ow,data/external/dartis/raw/ow/ow-0138.jpg,data/external/dartis/cache/positive/ow-0138.jpg,filesystem,data/external/dartis,,True,True,False,63301,0.04012650107509432,187,True,True,1070.0,
ow-0139,ow,data/external/dartis/raw/ow/ow-0139.jpg,data/derived/v06_water_masks/land/ow/ow-0139.png,metadata,data/metadata/v06_dartis_water_masks.csv,land_mask_path,True,True,True,0,0.0,1,False,False,175.0,
ow-0140,ow,data/external/dartis/raw/ow/ow-0140.jpg,data/derived/v06_water_masks/land/ow/ow-0140.png,metadata,data/metadata/v06_dartis_water_masks.csv,land_mask_path,True,True,True,0,0.0,1,False,False,175.0,
ow-0141,ow,data/external/dartis/raw/ow/ow-0141.jpg,data/derived/v06_water_masks/land/ow/ow-0141.png,metadata,data/metadata/v06_dartis_water_masks.csv,land_mask_path,True,True,True,0,0.0,1,False,False,175.0,
ow-0142,ow,data/external/dartis/raw/ow/ow-0142.jpg,data/derived/v06_water_masks/land/ow/ow-0142.png,metadata,data/metadata/v06_dartis_water_masks.csv,land_mask_path,True,True,True,0,0.0,1,False,False,175.0,
ow-0143,ow,data/external/dartis/raw/ow/ow-0143.jpg,data/external/dartis/cache/positive/ow-0143.jpg,filesystem,data/external/dartis,,True,True,False,324589,0.79245361328125,252,True,True,1050.0,
ow-0144,ow,data/external/dartis/raw/ow/ow-0144.jpg,data/external/dartis/cache/positive/ow-0144.jpg,filesystem,data/external/dartis,,True,True,False,333,0.00018768768768768769,232,True,True,1070.0,
ow-0145,ow,data/external/dartis/raw/ow/ow-0145.jpg,data/external/dartis/cache/positive/ow-0145.jpg,filesystem,data/external/dartis,,True,True,False,175653,0.42884033203125,237,True,True,1050.0,
ow-0146,ow,data/external/dartis/raw/ow/ow-0146.jpg,data/derived/v06_water_masks/land/ow/ow-0146.png,metadata,data/metadata/v06_dartis_water_masks.csv,land_mask_path,True,True,True,0,0.0,1,False,False,175.0,
ow-0147,ow,data/external/dartis/raw/ow/ow-0147.jpg,data/derived/v06_water_masks/land/ow/ow-0147.png,metadata,data/metadata/v06_dartis_water_masks.csv,land_mask_path,True,True,True,0,0.0,1,False,False,175.0,
ow-0148,ow,data/external/dartis/raw/ow/ow-0148.jpg,data/external/dartis/cache/positive/ow-0148.jpg,filesystem,data/external/dartis,,True,True,False,245711,0.59988037109375,249,True,True,1050.0,
ow-0149,ow,data/external/dartis/raw/ow/ow-0149.jpg,data/external/dartis/cache/positive/ow-0149.jpg,filesystem,data/external/dartis,,True,True,False,303837,0.74178955078125,252,True,True,1050.0,
ow-0150,ow,data/external/dartis/raw/ow/ow-0150.jpg,data/external/dartis/cache/positive/ow-0150.jpg,filesystem,data/external/dartis,,True,True,False,917,0.00223876953125,238,True,True,1070.0,
ow-0151,ow,data/external/dartis/raw/ow/ow-0151.jpg,data/external/dartis/cache/positive/ow-0151.jpg,filesystem,data/external/dartis,,True,True,False,283271,0.69157958984375,248,True,True,1050.0,
ow-0152,ow,data/external/dartis/raw/ow/ow-0152.jpg,data/derived/v06_water_masks/land/ow/ow-0152.png,metadata,data/metadata/v06_dartis_water_masks.csv,land_mask_path,True,True,True,0,0.0,1,False,False,175.0,
ow-0153,ow,data/external/dartis/raw/ow/ow-0153.jpg,data/external/dartis/cache/positive/ow-0153.jpg,filesystem,data/external/dartis,,True,True,False,132042,0.3223681640625,205,True,True,1050.0,
ow-0154,ow,data/external/dartis/raw/ow/ow-0154.jpg,data/derived/v06_water_masks/land/ow/ow-0154.png,metadata,data/metadata/v06_dartis_water_masks.csv,land_mask_path,True,True,True,0,0.0,1,False,False,175.0,
ow-0155,ow,data/external/dartis/raw/ow/ow-0155.jpg,data/external/dartis/cache/positive/ow-0155.jpg,filesystem,data/external/dartis,,True,True,False,307534,0.7508154296875,238,True,True,1050.0,
ow-0156,ow,data/external/dartis/raw/ow/ow-0156.jpg,data/derived/v06_water_masks/land/ow/ow-0156.png,metadata,data/metadata/v06_dartis_water_masks.csv,land_mask_path,True,True,True,0,0.0,1,False,False,175.0,
ow-0157,ow,data/external/dartis/raw/ow/ow-0157.jpg,data/derived/v06_water_masks/land/ow/ow-0157.png,metadata,data/metadata/v06_dartis_water_masks.csv,land_mask_path,True,True,True,0,0.0,1,False,False,175.0,
ow-0158,ow,data/external/dartis/raw/ow/ow-0158.jpg,data/external/dartis/cache/positive/ow-0158.jpg,filesystem,data/external/dartis,,True,True,False,736,0.001796875,179,True,True,1070.0,
ow-0159,ow,data/external/dartis/raw/ow/ow-0159.jpg,data/external/dartis/cache/positive/ow-0159.jpg,filesystem,data/external/dartis,,True,True,False,109555,0.26746826171875,223,True,True,1050.0,
ow-0160,ow,data/external/dartis/raw/ow/ow-0160.jpg,data/external/dartis/cache/positive/ow-0160.jpg,filesystem,data/external/dartis,,True,True,False,322661,0.78774658203125,255,True,True,1050.0,
ow-0161,ow,data/external/dartis/raw/ow/ow-0161.jpg,data/derived/v06_water_masks/land/ow/ow-0161.png,metadata,data/metadata/v06_dartis_water_masks.csv,land_mask_path,True,True,True,0,0.0,1,False,False,175.0,
ow-0162,ow,data/external/dartis/raw/ow/ow-0162.jpg,data/external/dartis/cache/positive/ow-0162.jpg,filesystem,data/external/dartis,,True,True,False,196456,0.47962890625,245,True,True,1050.0,
ow-0163,ow,data/external/dartis/raw/ow/ow-0163.jpg,data/derived/v06_water_masks/land/ow/ow-0163.png,metadata,data/metadata/v06_dartis_water_masks.csv,land_mask_path,True,True,True,0,0.0,1,False,False,175.0,
ow-0164,ow,data/external/dartis/raw/ow/ow-0164.jpg,data/external/dartis/cache/positive/ow-0164.jpg,filesystem,data/external/dartis,,True,True,False,1192,0.00291015625,174,True,True,1070.0,
ow-0165,ow,data/external/dartis/raw/ow/ow-0165.jpg,data/derived/v06_water_masks/land/ow/ow-0165.png,metadata,data/metadata/v06_dartis_water_masks.csv,land_mask_path,True,True,True,0,0.0,1,False,False,175.0,
ow-0166,ow,data/external/dartis/raw/ow/ow-0166.jpg,data/external/dartis/cache/positive/ow-0166.jpg,filesystem,data/external/dartis,,True,True,False,304,0.0007421875,234,True,True,1070.0,
ow-0167,ow,data/external/dartis/raw/ow/ow-0167.jpg,data/derived/v06_water_masks/land/ow/ow-0167.png,metadata,data/metadata/v06_dartis_water_masks.csv,land_mask_path,True,True,True,0,0.0,1,False,False,175.0,
ow-0168,ow,data/external/dartis/raw/ow/ow-0168.jpg,data/derived/v06_water_masks/land/ow/ow-0168.png,metadata,data/metadata/v06_dartis_water_masks.csv,land_mask_path,True,True,True,0,0.0,1,False,False,175.0,
ow-0169,ow,data/external/dartis/raw/ow/ow-0169.jpg,data/external/dartis/cache/positive/ow-0169.jpg,filesystem,data/external/dartis,,True,True,False,626,0.0015283203125,235,True,True,1070.0,
ow-0170,ow,data/external/dartis/raw/ow/ow-0170.jpg,data/derived/v06_water_masks/land/ow/ow-0170.png,metadata,data/metadata/v06_dartis_water_masks.csv,land_mask_path,True,True,True,0,0.0,1,False,False,175.0,
ow-0171,ow,data/external/dartis/raw/ow/ow-0171.jpg,data/derived/v06_water_masks/land/ow/ow-0171.png,metadata,data/metadata/v06_dartis_water_masks.csv,land_mask_path,True,True,True,0,0.0,1,False,False,175.0,
ow-0172,ow,data/external/dartis/raw/ow/ow-0172.jpg,data/derived/v06_water_masks/land/ow/ow-0172.png,metadata,data/metadata/v06_dartis_water_masks.csv,land_mask_path,True,True,True,0,0.0,1,False,False,175.0,
ow-0173,ow,data/external/dartis/raw/ow/ow-0173.jpg,data/derived/v06_water_masks/land/ow/ow-0173.png,metadata,data/metadata/v06_dartis_water_masks.csv,land_mask_path,True,True,True,0,0.0,1,False,False,175.0,
ow-0174,ow,data/external/dartis/raw/ow/ow-0174.jpg,data/derived/v06_water_masks/land/ow/ow-0174.png,metadata,data/metadata/v06_dartis_water_masks.csv,land_mask_path,True,True,True,0,0.0,1,False,False,175.0,
ow-0175,ow,data/external/dartis/raw/ow/ow-0175.jpg,data/derived/v06_water_masks/land/ow/ow-0175.png,metadata,data/metadata/v06_dartis_water_masks.csv,land_mask_path,True,True,True,0,0.0,1,False,False,175.0,
ow-0176,ow,data/external/dartis/raw/ow/ow-0176.jpg,data/derived/v06_water_masks/land/ow/ow-0176.png,metadata,data/metadata/v06_dartis_water_masks.csv,land_mask_path,True,True,True,0,0.0,1,False,False,175.0,
ow-0177,ow,data/external/dartis/raw/ow/ow-0177.jpg,data/derived/v06_water_masks/land/ow/ow-0177.png,metadata,data/metadata/v06_dartis_water_masks.csv,land_mask_path,True,True,True,0,0.0,1,False,False,175.0,
ow-0178,ow,data/external/dartis/raw/ow/ow-0178.jpg,data/derived/v06_water_masks/land/ow/ow-0178.png,metadata,data/metadata/v06_dartis_water_masks.csv,land_mask_path,True,True,True,0,0.0,1,False,False,175.0,
ow-0179,ow,data/external/dartis/raw/ow/ow-0179.jpg,data/derived/v06_water_masks/land/ow/ow-0179.png,metadata,data/metadata/v06_dartis_water_masks.csv,land_mask_path,True,True,True,0,0.0,1,False,False,175.0,
ow-0180,ow,data/external/dartis/raw/ow/ow-0180.jpg,data/derived/v06_water_masks/land/ow/ow-0180.png,metadata,data/metadata/v06_dartis_water_masks.csv,land_mask_path,True,True,True,0,0.0,1,False,False,175.0,
ow-0181,ow,data/external/dartis/raw/ow/ow-0181.jpg,data/derived/v06_water_masks/land/ow/ow-0181.png,metadata,data/metadata/v06_dartis_water_masks.csv,land_mask_path,True,True,True,0,0.0,1,False,False,175.0,
ow-0182,ow,data/external/dartis/raw/ow/ow-0182.jpg,data/derived/v06_water_masks/land/ow/ow-0182.png,metadata,data/metadata/v06_dartis_water_masks.csv,land_mask_path,True,True,True,0,0.0,1,False,False,175.0,
ow-0183,ow,data/external/dartis/raw/ow/ow-0183.jpg,data/derived/v06_water_masks/land/ow/ow-0183.png,metadata,data/metadata/v06_dartis_water_masks.csv,land_mask_path,True,True,True,0,0.0,1,False,False,175.0,
ow-0184,ow,data/external/dartis/raw/ow/ow-0184.jpg,data/derived/v06_water_masks/land/ow/ow-0184.png,metadata,data/metadata/v06_dartis_water_masks.csv,land_mask_path,True,True,True,0,0.0,1,False,False,175.0,
ow-0185,ow,data/external/dartis/raw/ow/ow-0185.jpg,data/external/dartis/cache/positive/ow-0185.jpg,filesystem,data/external/dartis,,True,True,False,300553,0.73377197265625,256,True,True,1050.0,
ow-0186,ow,data/external/dartis/raw/ow/ow-0186.jpg,data/derived/v06_water_masks/land/ow/ow-0186.png,metadata,data/metadata/v06_dartis_water_masks.csv,land_mask_path,True,True,True,0,0.0,1,False,False,175.0,
ow-0187,ow,data/external/dartis/raw/ow/ow-0187.jpg,data/external/dartis/cache/positive/ow-0187.jpg,filesystem,data/external/dartis,,True,True,False,282937,0.69076416015625,256,True,True,1050.0,
ow-0188,ow,data/external/dartis/raw/ow/ow-0188.jpg,data/external/dartis/cache/positive/ow-0188.jpg,filesystem,data/external/dartis,,True,True,False,25482,0.0622119140625,175,True,True,1070.0,
ow-0189,ow,data/external/dartis/raw/ow/ow-0189.jpg,data/external/dartis/cache/positive/ow-0189.jpg,filesystem,data/external/dartis,,True,True,False,308404,0.752939453125,256,True,True,1050.0,
ow-0190,ow,data/external/dartis/raw/ow/ow-0190.jpg,data/external/dartis/cache/positive/ow-0190.jpg,filesystem,data/external/dartis,,True,True,False,365,0.00089111328125,241,True,True,1070.0,
ow-0191,ow,data/external/dartis/raw/ow/ow-0191.jpg,data/external/dartis/cache/positive/ow-0191.jpg,filesystem,data/external/dartis,,True,True,False,234,0.0005712890625,214,True,True,1070.0,
ow-0192,ow,data/external/dartis/raw/ow/ow-0192.jpg,data/derived/v06_water_masks/land/ow/ow-0192.png,metadata,data/metadata/v06_dartis_water_masks.csv,land_mask_path,True,True,True,0,0.0,1,False,False,175.0,
ow-0193,ow,data/external/dartis/raw/ow/ow-0193.jpg,data/derived/v06_water_masks/land/ow/ow-0193.png,metadata,data/metadata/v06_dartis_water_masks.csv,land_mask_path,True,True,True,0,0.0,1,False,False,175.0,
ow-0194,ow,data/external/dartis/raw/ow/ow-0194.jpg,data/derived/v06_water_masks/land/ow/ow-0194.png,metadata,data/metadata/v06_dartis_water_masks.csv,land_mask_path,True,True,True,0,0.0,1,False,False,175.0,
ow-0195,ow,data/external/dartis/raw/ow/ow-0195.jpg,data/derived/v06_water_masks/land/ow/ow-0195.png,metadata,data/metadata/v06_dartis_water_masks.csv,land_mask_path,True,True,True,0,0.0,1,False,False,175.0,
ow-0196,ow,data/external/dartis/raw/ow/ow-0196.jpg,data/derived/v06_water_masks/land/ow/ow-0196.png,metadata,data/metadata/v06_dartis_water_masks.csv,land_mask_path,True,True,True,0,0.0,1,False,False,175.0,
ow-0197,ow,data/external/dartis/raw/ow/ow-0197.jpg,data/derived/v06_water_masks/land/ow/ow-0197.png,metadata,data/metadata/v06_dartis_water_masks.csv,land_mask_path,True,True,True,0,0.0,1,False,False,175.0,
ow-0198,ow,data/external/dartis/raw/ow/ow-0198.jpg,data/derived/v06_water_masks/land/ow/ow-0198.png,metadata,data/metadata/v06_dartis_water_masks.csv,land_mask_path,True,True,True,0,0.0,1,False,False,175.0,
ow-0199,ow,data/external/dartis/raw/ow/ow-0199.jpg,data/external/dartis/cache/positive/ow-0199.jpg,filesystem,data/external/dartis,,True,True,False,309199,0.75488037109375,253,True,True,1050.0,
ow-0200,ow,data/external/dartis/raw/ow/ow-0200.jpg,data/external/dartis/cache/positive/ow-0200.jpg,filesystem,data/external/dartis,,True,True,False,161,0.00039306640625,180,True,True,1070.0,
ow-0201,ow,data/external/dartis/raw/ow/ow-0201.jpg,data/derived/v06_water_masks/land/ow/ow-0201.png,metadata,data/metadata/v06_dartis_water_masks.csv,land_mask_path,True,True,True,0,0.0,1,False,False,175.0,
ow-0202,ow,data/external/dartis/raw/ow/ow-0202.jpg,data/external/dartis/cache/positive/ow-0202.jpg,filesystem,data/external/dartis,,True,True,False,324278,0.7916943359375,256,True,True,1050.0,
ow-0203,ow,data/external/dartis/raw/ow/ow-0203.jpg,data/derived/v06_water_masks/land/ow/ow-0203.png,metadata,data/metadata/v06_dartis_water_masks.csv,land_mask_path,True,True,True,0,0.0,1,False,False,175.0,
ow-0204,ow,data/external/dartis/raw/ow/ow-0204.jpg,data/derived/v06_water_masks/land/ow/ow-0204.png,metadata,data/metadata/v06_dartis_water_masks.csv,land_mask_path,True,True,True,0,0.0,1,False,False,175.0,
ow-0205,ow,data/external/dartis/raw/ow/ow-0205.jpg,data/derived/v06_water_masks/land/ow/ow-0205.png,metadata,data/metadata/v06_dartis_water_masks.csv,land_mask_path,True,True,True,0,0.0,1,False,False,175.0,
ow-0206,ow,data/external/dartis/raw/ow/ow-0206.jpg,data/external/dartis/cache/positive/ow-0206.jpg,filesystem,data/external/dartis,,True,True,False,361456,0.05820487518325093,225,True,True,1070.0,
ow-0207,ow,data/external/dartis/raw/ow/ow-0207.jpg,data/external/dartis/cache/positive/ow-0207.jpg,filesystem,data/external/dartis,,True,True,False,60657,0.14808837890625,216,True,True,1070.0,
ow-0208,ow,data/external/dartis/raw/ow/ow-0208.jpg,data/external/dartis/cache/positive/ow-0208.jpg,filesystem,data/external/dartis,,True,True,False,27831,0.06794677734375,237,True,True,1070.0,
ow-0209,ow,data/external/dartis/raw/ow/ow-0209.jpg,data/external/dartis/cache/positive/ow-0209.jpg,filesystem,data/external/dartis,,True,True,False,251319,0.61357177734375,253,True,True,1050.0,
ow-0210,ow,data/external/dartis/raw/ow/ow-0210.jpg,data/derived/v06_water_masks/land/ow/ow-0210.png,metadata,data/metadata/v06_dartis_water_masks.csv,land_mask_path,True,True,True,0,0.0,1,False,False,175.0,
ow-0211,ow,data/external/dartis/raw/ow/ow-0211.jpg,data/derived/v06_water_masks/land/ow/ow-0211.png,metadata,data/metadata/v06_dartis_water_masks.csv,land_mask_path,True,True,True,0,0.0,1,False,False,175.0,
ow-0212,ow,data/external/dartis/raw/ow/ow-0212.jpg,data/external/dartis/cache/positive/ow-0212.jpg,filesystem,data/external/dartis,,True,True,False,319989,0.78122314453125,256,True,True,1050.0,
ow-0213,ow,data/external/dartis/raw/ow/ow-0213.jpg,data/derived/v06_water_masks/land/ow/ow-0213.png,metadata,data/metadata/v06_dartis_water_masks.csv,land_mask_path,True,True,True,0,0.0,1,False,False,175.0,
ow-0214,ow,data/external/dartis/raw/ow/ow-0214.jpg,data/derived/v06_water_masks/land/ow/ow-0214.png,metadata,data/metadata/v06_dartis_water_masks.csv,land_mask_path,True,True,True,0,0.0,1,False,False,175.0,
ow-0215,ow,data/external/dartis/raw/ow/ow-0215.jpg,data/derived/v06_water_masks/land/ow/ow-0215.png,metadata,data/metadata/v06_dartis_water_masks.csv,land_mask_path,True,True,True,0,0.0,1,False,False,175.0,
ow-0216,ow,data/external/dartis/raw/ow/ow-0216.jpg,data/derived/v06_water_masks/land/ow/ow-0216.png,metadata,data/metadata/v06_dartis_water_masks.csv,land_mask_path,True,True,True,0,0.0,1,False,False,175.0,
ow-0217,ow,data/external/dartis/raw/ow/ow-0217.jpg,data/derived/v06_water_masks/land/ow/ow-0217.png,metadata,data/metadata/v06_dartis_water_masks.csv,land_mask_path,True,True,True,0,0.0,1,False,False,175.0,
ow-0218,ow,data/external/dartis/raw/ow/ow-0218.jpg,data/external/dartis/cache/positive/ow-0218.jpg,filesystem,data/external/dartis,,True,True,False,1430358,0.5184483354180855,251,True,True,1050.0,
ow-0219,ow,data/external/dartis/raw/ow/ow-0219.jpg,data/derived/v06_water_masks/land/ow/ow-0219.png,metadata,data/metadata/v06_dartis_water_masks.csv,land_mask_path,True,True,True,0,0.0,1,False,False,175.0,
ow-0220,ow,data/external/dartis/raw/ow/ow-0220.jpg,data/derived/v06_water_masks/land/ow/ow-0220.png,metadata,data/metadata/v06_dartis_water_masks.csv,land_mask_path,True,True,True,0,0.0,1,False,False,175.0,
ow-0221,ow,data/external/dartis/raw/ow/ow-0221.jpg,data/derived/v06_water_masks/land/ow/ow-0221.png,metadata,data/metadata/v06_dartis_water_masks.csv,land_mask_path,True,True,True,0,0.0,1,False,False,175.0,
ow-0222,ow,data/external/dartis/raw/ow/ow-0222.jpg,data/external/dartis/cache/positive/ow-0222.jpg,filesystem,data/external/dartis,,True,True,False,322110,0.7864013671875,256,True,True,1050.0,
ow-0223,ow,data/external/dartis/raw/ow/ow-0223.jpg,data/derived/v06_water_masks/land/ow/ow-0223.png,metadata,data/metadata/v06_dartis_water_masks.csv,land_mask_path,True,True,True,0,0.0,1,False,False,175.0,
ow-0224,ow,data/external/dartis/raw/ow/ow-0224.jpg,data/external/dartis/cache/positive/ow-0224.jpg,filesystem,data/external/dartis,,True,True,False,6735,0.01644287109375,246,True,True,1070.0,
ow-0225,ow,data/external/dartis/raw/ow/ow-0225.jpg,data/external/dartis/cache/positive/ow-0225.jpg,filesystem,data/external/dartis,,True,True,False,110,0.0002685546875,202,True,True,1070.0,
ow-0226,ow,data/external/dartis/raw/ow/ow-0226.jpg,data/derived/v06_water_masks/land/ow/ow-0226.png,metadata,data/metadata/v06_dartis_water_masks.csv,land_mask_path,True,True,True,0,0.0,1,False,False,175.0,
ow-0227,ow,data/external/dartis/raw/ow/ow-0227.jpg,data/derived/v06_water_masks/land/ow/ow-0227.png,metadata,data/metadata/v06_dartis_water_masks.csv,land_mask_path,True,True,True,0,0.0,1,False,False,175.0,
ow-0228,ow,data/external/dartis/raw/ow/ow-0228.jpg,data/derived/v06_water_masks/land/ow/ow-0228.png,metadata,data/metadata/v06_dartis_water_masks.csv,land_mask_path,True,True,True,0,0.0,1,False,False,175.0,
ow-0229,ow,data/external/dartis/raw/ow/ow-0229.jpg,data/external/dartis/cache/positive/ow-0229.jpg,filesystem,data/external/dartis,,True,True,False,1231938,0.7735174966910371,256,True,True,1050.0,
ow-0230,ow,data/external/dartis/raw/ow/ow-0230.jpg,data/derived/v06_water_masks/land/ow/ow-0230.png,metadata,data/metadata/v06_dartis_water_masks.csv,land_mask_path,True,True,True,0,0.0,1,False,False,175.0,
ow-0231,ow,data/external/dartis/raw/ow/ow-0231.jpg,data/external/dartis/cache/positive/ow-0231.jpg,filesystem,data/external/dartis,,True,True,False,258826,0.6318994140625,251,True,True,1050.0,
ow-0232,ow,data/external/dartis/raw/ow/ow-0232.jpg,data/external/dartis/cache/positive/ow-0232.jpg,filesystem,data/external/dartis,,True,True,False,275247,0.67198974609375,255,True,True,1050.0,
ow-0233,ow,data/external/dartis/raw/ow/ow-0233.jpg,data/derived/v06_water_masks/land/ow/ow-0233.png,metadata,data/metadata/v06_dartis_water_masks.csv,land_mask_path,True,True,True,0,0.0,1,False,False,175.0,
ow-0234,ow,data/external/dartis/raw/ow/ow-0234.jpg,data/external/dartis/cache/positive/ow-0234.jpg,filesystem,data/external/dartis,,True,True,False,313910,0.7663818359375,256,True,True,1050.0,
ow-0235,ow,data/external/dartis/raw/ow/ow-0235.jpg,data/derived/v06_water_masks/land/ow/ow-0235.png,metadata,data/metadata/v06_dartis_water_masks.csv,land_mask_path,True,True,True,0,0.0,1,False,False,175.0,
ow-0236,ow,data/external/dartis/raw/ow/ow-0236.jpg,data/derived/v06_water_masks/land/ow/ow-0236.png,metadata,data/metadata/v06_dartis_water_masks.csv,land_mask_path,True,True,True,0,0.0,1,False,False,175.0,
ow-0237,ow,data/external/dartis/raw/ow/ow-0237.jpg,data/derived/v06_water_masks/land/ow/ow-0237.png,metadata,data/metadata/v06_dartis_water_masks.csv,land_mask_path,True,True,True,0,0.0,1,False,False,175.0,
ow-0238,ow,data/external/dartis/raw/ow/ow-0238.jpg,data/derived/v06_water_masks/land/ow/ow-0238.png,metadata,data/metadata/v06_dartis_water_masks.csv,land_mask_path,True,True,True,0,0.0,1,False,False,175.0,
ow-0239,ow,data/external/dartis/raw/ow/ow-0239.jpg,data/external/dartis/cache/positive/ow-0239.jpg,filesystem,data/external/dartis,,True,True,False,99,0.00024169921875,192,True,True,1070.0,
ow-0240,ow,data/external/dartis/raw/ow/ow-0240.jpg,data/external/dartis/cache/positive/ow-0240.jpg,filesystem,data/external/dartis,,True,True,False,488,0.00119140625,254,True,True,1070.0,
ow-0241,ow,data/external/dartis/raw/ow/ow-0241.jpg,data/derived/v06_water_masks/land/ow/ow-0241.png,metadata,data/metadata/v06_dartis_water_masks.csv,land_mask_path,True,True,True,0,0.0,1,False,False,175.0,
ow-0242,ow,data/external/dartis/raw/ow/ow-0242.jpg,data/derived/v06_water_masks/land/ow/ow-0242.png,metadata,data/metadata/v06_dartis_water_masks.csv,land_mask_path,True,True,True,0,0.0,1,False,False,175.0,
ow-0243,ow,data/external/dartis/raw/ow/ow-0243.jpg,data/external/dartis/cache/positive/ow-0243.jpg,filesystem,data/external/dartis,,True,True,False,50,0.0001220703125,164,True,True,1070.0,
ow-0244,ow,data/external/dartis/raw/ow/ow-0244.jpg,data/derived/v06_water_masks/land/ow/ow-0244.png,metadata,data/metadata/v06_dartis_water_masks.csv,land_mask_path,True,True,True,0,0.0,1,False,False,175.0,
ow-0245,ow,data/external/dartis/raw/ow/ow-0245.jpg,data/derived/v06_water_masks/land/ow/ow-0245.png,metadata,data/metadata/v06_dartis_water_masks.csv,land_mask_path,True,True,True,0,0.0,1,False,False,175.0,
ow-0246,ow,data/external/dartis/raw/ow/ow-0246.jpg,data/derived/v06_water_masks/land/ow/ow-0246.png,metadata,data/metadata/v06_dartis_water_masks.csv,land_mask_path,True,True,True,0,0.0,1,False,False,175.0,
ow-0247,ow,data/external/dartis/raw/ow/ow-0247.jpg,data/derived/v06_water_masks/land/ow/ow-0247.png,metadata,data/metadata/v06_dartis_water_masks.csv,land_mask_path,True,True,True,0,0.0,1,False,False,175.0,
ow-0248,ow,data/external/dartis/raw/ow/ow-0248.jpg,data/derived/v06_water_masks/land/ow/ow-0248.png,metadata,data/metadata/v06_dartis_water_masks.csv,land_mask_path,True,True,True,0,0.0,1,False,False,175.0,
ow-0249,ow,data/external/dartis/raw/ow/ow-0249.jpg,data/external/dartis/cache/positive/ow-0249.jpg,filesystem,data/external/dartis,,True,True,False,299379,0.73090576171875,256,True,True,1050.0,
ow-0250,ow,data/external/dartis/raw/ow/ow-0250.jpg,data/external/dartis/cache/positive/ow-0250.jpg,filesystem,data/external/dartis,,True,True,False,308372,0.752861328125,256,True,True,1050.0,
ow-0251,ow,data/external/dartis/raw/ow/ow-0251.jpg,data/derived/v06_water_masks/land/ow/ow-0251.png,metadata,data/metadata/v06_dartis_water_masks.csv,land_mask_path,True,True,True,0,0.0,1,False,False,175.0,
ow-0252,ow,data/external/dartis/raw/ow/ow-0252.jpg,data/derived/v06_water_masks/land/ow/ow-0252.png,metadata,data/metadata/v06_dartis_water_masks.csv,land_mask_path,True,True,True,0,0.0,1,False,False,175.0,
ow-0253,ow,data/external/dartis/raw/ow/ow-0253.jpg,data/derived/v06_water_masks/land/ow/ow-0253.png,metadata,data/metadata/v06_dartis_water_masks.csv,land_mask_path,True,True,True,0,0.0,1,False,False,175.0,
ow-0254,ow,data/external/dartis/raw/ow/ow-0254.jpg,data/external/dartis/cache/positive/ow-0254.jpg,filesystem,data/external/dartis,,True,True,False,296,0.00072265625,240,True,True,1070.0,
ow-0255,ow,data/external/dartis/raw/ow/ow-0255.jpg,data/derived/v06_water_masks/land/ow/ow-0255.png,metadata,data/metadata/v06_dartis_water_masks.csv,land_mask_path,True,True,True,0,0.0,1,False,False,175.0,
ow-0256,ow,data/external/dartis/raw/ow/ow-0256.jpg,data/external/dartis/cache/positive/ow-0256.jpg,filesystem,data/external/dartis,,True,True,False,312060,0.761865234375,256,True,True,1050.0,
ow-0257,ow,data/external/dartis/raw/ow/ow-0257.jpg,data/derived/v06_water_masks/land/ow/ow-0257.png,metadata,data/metadata/v06_dartis_water_masks.csv,land_mask_path,True,True,True,0,0.0,1,False,False,175.0,
ow-0258,ow,data/external/dartis/raw/ow/ow-0258.jpg,data/external/dartis/cache/positive/ow-0258.jpg,filesystem,data/external/dartis,,True,True,False,302765,0.73917236328125,255,True,True,1050.0,
ow-0259,ow,data/external/dartis/raw/ow/ow-0259.jpg,data/external/dartis/cache/positive/ow-0259.jpg,filesystem,data/external/dartis,,True,True,False,505,0.00123291015625,246,True,True,1070.0,
ow-0260,ow,data/external/dartis/raw/ow/ow-0260.jpg,data/external/dartis/cache/positive/ow-0260.jpg,filesystem,data/external/dartis,,True,True,False,75,0.00018310546875,176,True,True,1070.0,
ow-0261,ow,data/external/dartis/raw/ow/ow-0261.jpg,data/derived/v06_water_masks/land/ow/ow-0261.png,metadata,data/metadata/v06_dartis_water_masks.csv,land_mask_path,True,True,True,0,0.0,1,False,False,175.0,
ow-0262,ow,data/external/dartis/raw/ow/ow-0262.jpg,data/derived/v06_water_masks/land/ow/ow-0262.png,metadata,data/metadata/v06_dartis_water_masks.csv,land_mask_path,True,True,True,0,0.0,1,False,False,175.0,
ow-0263,ow,data/external/dartis/raw/ow/ow-0263.jpg,data/external/dartis/cache/positive/ow-0263.jpg,filesystem,data/external/dartis,,True,True,False,71,0.00017333984375,166,True,True,1070.0,
ow-0264,ow,data/external/dartis/raw/ow/ow-0264.jpg,data/derived/v06_water_masks/land/ow/ow-0264.png,metadata,data/metadata/v06_dartis_water_masks.csv,land_mask_path,True,True,True,0,0.0,1,False,False,175.0,
ow-0265,ow,data/external/dartis/raw/ow/ow-0265.jpg,data/derived/v06_water_masks/land/ow/ow-0265.png,metadata,data/metadata/v06_dartis_water_masks.csv,land_mask_path,True,True,True,0,0.0,1,False,False,175.0,
ow-0266,ow,data/external/dartis/raw/ow/ow-0266.jpg,data/derived/v06_water_masks/land/ow/ow-0266.png,metadata,data/metadata/v06_dartis_water_masks.csv,land_mask_path,True,True,True,0,0.0,1,False,False,175.0,
ow-0267,ow,data/external/dartis/raw/ow/ow-0267.jpg,data/derived/v06_water_masks/land/ow/ow-0267.png,metadata,data/metadata/v06_dartis_water_masks.csv,land_mask_path,True,True,True,0,0.0,1,False,False,175.0,
ow-0268,ow,data/external/dartis/raw/ow/ow-0268.jpg,data/derived/v06_water_masks/land/ow/ow-0268.png,metadata,data/metadata/v06_dartis_water_masks.csv,land_mask_path,True,True,True,0,0.0,1,False,False,175.0,
ow-0269,ow,data/external/dartis/raw/ow/ow-0269.jpg,data/derived/v06_water_masks/land/ow/ow-0269.png,metadata,data/metadata/v06_dartis_water_masks.csv,land_mask_path,True,True,True,0,0.0,1,False,False,175.0,
ow-0270,ow,data/external/dartis/raw/ow/ow-0270.jpg,data/derived/v06_water_masks/land/ow/ow-0270.png,metadata,data/metadata/v06_dartis_water_masks.csv,land_mask_path,True,True,True,0,0.0,1,False,False,175.0,
ow-0271,ow,data/external/dartis/raw/ow/ow-0271.jpg,data/derived/v06_water_masks/land/ow/ow-0271.png,metadata,data/metadata/v06_dartis_water_masks.csv,land_mask_path,True,True,True,0,0.0,1,False,False,175.0,
ow-0272,ow,data/external/dartis/raw/ow/ow-0272.jpg,data/derived/v06_water_masks/land/ow/ow-0272.png,metadata,data/metadata/v06_dartis_water_masks.csv,land_mask_path,True,True,True,0,0.0,1,False,False,175.0,
ow-0273,ow,data/external/dartis/raw/ow/ow-0273.jpg,data/derived/v06_water_masks/land/ow/ow-0273.png,metadata,data/metadata/v06_dartis_water_masks.csv,land_mask_path,True,True,True,0,0.0,1,False,False,175.0,
ow-0274,ow,data/external/dartis/raw/ow/ow-0274.jpg,data/external/dartis/cache/positive/ow-0274.jpg,filesystem,data/external/dartis,,True,True,False,323689,0.79025634765625,251,True,True,1050.0,
ow-0275,ow,data/external/dartis/raw/ow/ow-0275.jpg,data/external/dartis/cache/positive/ow-0275.jpg,filesystem,data/external/dartis,,True,True,False,324189,0.79147705078125,256,True,True,1050.0,
ow-0276,ow,data/external/dartis/raw/ow/ow-0276.jpg,data/external/dartis/cache/positive/ow-0276.jpg,filesystem,data/external/dartis,,True,True,False,323987,0.79098388671875,256,True,True,1050.0,
ow-0277,ow,data/external/dartis/raw/ow/ow-0277.jpg,data/external/dartis/cache/positive/ow-0277.jpg,filesystem,data/external/dartis,,True,True,False,203,0.00049560546875,189,True,True,1070.0,
ow-0278,ow,data/external/dartis/raw/ow/ow-0278.jpg,data/derived/v06_water_masks/land/ow/ow-0278.png,metadata,data/metadata/v06_dartis_water_masks.csv,land_mask_path,True,True,True,0,0.0,1,False,False,175.0,
ow-0279,ow,data/external/dartis/raw/ow/ow-0279.jpg,data/derived/v06_water_masks/land/ow/ow-0279.png,metadata,data/metadata/v06_dartis_water_masks.csv,land_mask_path,True,True,True,0,0.0,1,False,False,175.0,
ow-0280,ow,data/external/dartis/raw/ow/ow-0280.jpg,data/derived/v06_water_masks/land/ow/ow-0280.png,metadata,data/metadata/v06_dartis_water_masks.csv,land_mask_path,True,True,True,0,0.0,1,False,False,175.0,
ow-0281,ow,data/external/dartis/raw/ow/ow-0281.jpg,data/external/dartis/cache/positive/ow-0281.jpg,filesystem,data/external/dartis,,True,True,False,324143,0.79136474609375,256,True,True,1050.0,
ow-0282,ow,data/external/dartis/raw/ow/ow-0282.jpg,data/derived/v06_water_masks/land/ow/ow-0282.png,metadata,data/metadata/v06_dartis_water_masks.csv,land_mask_path,True,True,True,0,0.0,1,False,False,175.0,
ow-0283,ow,data/external/dartis/raw/ow/ow-0283.jpg,data/external/dartis/cache/positive/ow-0283.jpg,filesystem,data/external/dartis,,True,True,False,306232,0.74763671875,256,True,True,1050.0,
ow-0284,ow,data/external/dartis/raw/ow/ow-0284.jpg,data/derived/v06_water_masks/land/ow/ow-0284.png,metadata,data/metadata/v06_dartis_water_masks.csv,land_mask_path,True,True,True,0,0.0,1,False,False,175.0,
ow-0285,ow,data/external/dartis/raw/ow/ow-0285.jpg,data/derived/v06_water_masks/land/ow/ow-0285.png,metadata,data/metadata/v06_dartis_water_masks.csv,land_mask_path,True,True,True,0,0.0,1,False,False,175.0,
ow-0286,ow,data/external/dartis/raw/ow/ow-0286.jpg,data/external/dartis/cache/positive/ow-0286.jpg,filesystem,data/external/dartis,,True,True,False,292252,0.713505859375,246,True,True,1050.0,
ow-0287,ow,data/external/dartis/raw/ow/ow-0287.jpg,data/external/dartis/cache/positive/ow-0287.jpg,filesystem,data/external/dartis,,True,True,False,20784,0.0507421875,251,True,True,1070.0,
ow-0288,ow,data/external/dartis/raw/ow/ow-0288.jpg,data/derived/v06_water_masks/land/ow/ow-0288.png,metadata,data/metadata/v06_dartis_water_masks.csv,land_mask_path,True,True,True,0,0.0,1,False,False,175.0,
ow-0289,ow,data/external/dartis/raw/ow/ow-0289.jpg,data/derived/v06_water_masks/land/ow/ow-0289.png,metadata,data/metadata/v06_dartis_water_masks.csv,land_mask_path,True,True,True,0,0.0,1,False,False,175.0,
ow-0290,ow,data/external/dartis/raw/ow/ow-0290.jpg,data/external/dartis/cache/positive/ow-0290.jpg,filesystem,data/external/dartis,,True,True,False,326143,0.79624755859375,252,True,True,1050.0,
ow-0291,ow,data/external/dartis/raw/ow/ow-0291.jpg,data/derived/v06_water_masks/land/ow/ow-0291.png,metadata,data/metadata/v06_dartis_water_masks.csv,land_mask_path,True,True,True,0,0.0,1,False,False,175.0,
ow-0292,ow,data/external/dartis/raw/ow/ow-0292.jpg,data/derived/v06_water_masks/land/ow/ow-0292.png,metadata,data/metadata/v06_dartis_water_masks.csv,land_mask_path,True,True,True,0,0.0,1,False,False,175.0,
ow-0293,ow,data/external/dartis/raw/ow/ow-0293.jpg,data/external/dartis/cache/positive/ow-0293.jpg,filesystem,data/external/dartis,,True,True,False,156305,0.38160400390625,213,True,True,1050.0,
ow-0294,ow,data/external/dartis/raw/ow/ow-0294.jpg,data/external/dartis/cache/positive/ow-0294.jpg,filesystem,data/external/dartis,,True,True,False,185,0.00045166015625,211,True,True,1070.0,
ow-0295,ow,data/external/dartis/raw/ow/ow-0295.jpg,data/derived/v06_water_masks/land/ow/ow-0295.png,metadata,data/metadata/v06_dartis_water_masks.csv,land_mask_path,True,True,True,0,0.0,1,False,False,175.0,
ow-0296,ow,data/external/dartis/raw/ow/ow-0296.jpg,data/external/dartis/cache/positive/ow-0296.jpg,filesystem,data/external/dartis,,True,True,False,85,0.00020751953125,181,True,True,1070.0,
ow-0297,ow,data/external/dartis/raw/ow/ow-0297.jpg,data/derived/v06_water_masks/land/ow/ow-0297.png,metadata,data/metadata/v06_dartis_water_masks.csv,land_mask_path,True,True,True,0,0.0,1,False,False,175.0,
ow-0298,ow,data/external/dartis/raw/ow/ow-0298.jpg,data/external/dartis/cache/positive/ow-0298.jpg,filesystem,data/external/dartis,,True,True,False,1038168,0.10370380433479681,195,True,True,1070.0,
ow-0299,ow,data/external/dartis/raw/ow/ow-0299.jpg,data/derived/v06_water_masks/land/ow/ow-0299.png,metadata,data/metadata/v06_dartis_water_masks.csv,land_mask_path,True,True,True,0,0.0,1,False,False,175.0,
ow-0300,ow,data/external/dartis/raw/ow/ow-0300.jpg,data/external/dartis/cache/positive/ow-0300.jpg,filesystem,data/external/dartis,,True,True,False,318948,0.778681640625,255,True,True,1050.0,
ow-0301,ow,data/external/dartis/raw/ow/ow-0301.jpg,data/derived/v06_water_masks/land/ow/ow-0301.png,metadata,data/metadata/v06_dartis_water_masks.csv,land_mask_path,True,True,True,0,0.0,1,False,False,175.0,
ow-0302,ow,data/external/dartis/raw/ow/ow-0302.jpg,data/derived/v06_water_masks/land/ow/ow-0302.png,metadata,data/metadata/v06_dartis_water_masks.csv,land_mask_path,True,True,True,0,0.0,1,False,False,175.0,
ow-0303,ow,data/external/dartis/raw/ow/ow-0303.jpg,data/derived/v06_water_masks/land/ow/ow-0303.png,metadata,data/metadata/v06_dartis_water_masks.csv,land_mask_path,True,True,True,0,0.0,1,False,False,175.0,
ow-0304,ow,data/external/dartis/raw/ow/ow-0304.jpg,data/derived/v06_water_masks/land/ow/ow-0304.png,metadata,data/metadata/v06_dartis_water_masks.csv,land_mask_path,True,True,True,0,0.0,1,False,False,175.0,
ow-0305,ow,data/external/dartis/raw/ow/ow-0305.jpg,data/derived/v06_water_masks/land/ow/ow-0305.png,metadata,data/metadata/v06_dartis_water_masks.csv,land_mask_path,True,True,True,0,0.0,1,False,False,175.0,
ow-0306,ow,data/external/dartis/raw/ow/ow-0306.jpg,data/derived/v06_water_masks/land/ow/ow-0306.png,metadata,data/metadata/v06_dartis_water_masks.csv,land_mask_path,True,True,True,0,0.0,1,False,False,175.0,
ow-0307,ow,data/external/dartis/raw/ow/ow-0307.jpg,data/external/dartis/cache/positive/ow-0307.jpg,filesystem,data/external/dartis,,True,True,False,194,0.0004736328125,215,True,True,1070.0,
ow-0308,ow,data/external/dartis/raw/ow/ow-0308.jpg,data/derived/v06_water_masks/land/ow/ow-0308.png,metadata,data/metadata/v06_dartis_water_masks.csv,land_mask_path,True,True,True,0,0.0,1,False,False,175.0,
ow-0309,ow,data/external/dartis/raw/ow/ow-0309.jpg,data/derived/v06_water_masks/land/ow/ow-0309.png,metadata,data/metadata/v06_dartis_water_masks.csv,land_mask_path,True,True,True,0,0.0,1,False,False,175.0,
ow-0310,ow,data/external/dartis/raw/ow/ow-0310.jpg,data/derived/v06_water_masks/land/ow/ow-0310.png,metadata,data/metadata/v06_dartis_water_masks.csv,land_mask_path,True,True,True,0,0.0,1,False,False,175.0,
ow-0311,ow,data/external/dartis/raw/ow/ow-0311.jpg,data/external/dartis/cache/positive/ow-0311.jpg,filesystem,data/external/dartis,,True,True,False,326319,0.79667724609375,256,True,True,1050.0,
ow-0312,ow,data/external/dartis/raw/ow/ow-0312.jpg,data/derived/v06_water_masks/land/ow/ow-0312.png,metadata,data/metadata/v06_dartis_water_masks.csv,land_mask_path,True,True,True,0,0.0,1,False,False,175.0,
ow-0313,ow,data/external/dartis/raw/ow/ow-0313.jpg,data/external/dartis/cache/positive/ow-0313.jpg,filesystem,data/external/dartis,,True,True,False,270487,0.66036865234375,250,True,True,1050.0,
ow-0314,ow,data/external/dartis/raw/ow/ow-0314.jpg,data/derived/v06_water_masks/land/ow/ow-0314.png,metadata,data/metadata/v06_dartis_water_masks.csv,land_mask_path,True,True,True,0,0.0,1,False,False,175.0,
ow-0315,ow,data/external/dartis/raw/ow/ow-0315.jpg,data/derived/v06_water_masks/land/ow/ow-0315.png,metadata,data/metadata/v06_dartis_water_masks.csv,land_mask_path,True,True,True,0,0.0,1,False,False,175.0,
ow-0316,ow,data/external/dartis/raw/ow/ow-0316.jpg,data/derived/v06_water_masks/land/ow/ow-0316.png,metadata,data/metadata/v06_dartis_water_masks.csv,land_mask_path,True,True,True,0,0.0,1,False,False,175.0,
ow-0317,ow,data/external/dartis/raw/ow/ow-0317.jpg,data/external/dartis/cache/positive/ow-0317.jpg,filesystem,data/external/dartis,,True,True,False,422,0.0010302734375,246,True,True,1070.0,
ow-0318,ow,data/external/dartis/raw/ow/ow-0318.jpg,data/derived/v06_water_masks/land/ow/ow-0318.png,metadata,data/metadata/v06_dartis_water_masks.csv,land_mask_path,True,True,True,0,0.0,1,False,False,175.0,
ow-0319,ow,data/external/dartis/raw/ow/ow-0319.jpg,data/derived/v06_water_masks/land/ow/ow-0319.png,metadata,data/metadata/v06_dartis_water_masks.csv,land_mask_path,True,True,True,0,0.0,1,False,False,175.0,
ow-0320,ow,data/external/dartis/raw/ow/ow-0320.jpg,data/derived/v06_water_masks/land/ow/ow-0320.png,metadata,data/metadata/v06_dartis_water_masks.csv,land_mask_path,True,True,True,0,0.0,1,False,False,175.0,
ow-0321,ow,data/external/dartis/raw/ow/ow-0321.jpg,data/derived/v06_water_masks/land/ow/ow-0321.png,metadata,data/metadata/v06_dartis_water_masks.csv,land_mask_path,True,True,True,0,0.0,1,False,False,175.0,
ow-0322,ow,data/external/dartis/raw/ow/ow-0322.jpg,data/external/dartis/cache/positive/ow-0322.jpg,filesystem,data/external/dartis,,True,True,False,10247,0.02501708984375,164,True,True,1070.0,
ow-0323,ow,data/external/dartis/raw/ow/ow-0323.jpg,data/derived/v06_water_masks/land/ow/ow-0323.png,metadata,data/metadata/v06_dartis_water_masks.csv,land_mask_path,True,True,True,0,0.0,1,False,False,175.0,
ow-0324,ow,data/external/dartis/raw/ow/ow-0324.jpg,data/derived/v06_water_masks/land/ow/ow-0324.png,metadata,data/metadata/v06_dartis_water_masks.csv,land_mask_path,True,True,True,0,0.0,1,False,False,175.0,
ow-0325,ow,data/external/dartis/raw/ow/ow-0325.jpg,data/external/dartis/cache/positive/ow-0325.jpg,filesystem,data/external/dartis,,True,True,False,6747,0.01647216796875,243,True,True,1070.0,
ow-0326,ow,data/external/dartis/raw/ow/ow-0326.jpg,data/derived/v06_water_masks/land/ow/ow-0326.png,metadata,data/metadata/v06_dartis_water_masks.csv,land_mask_path,True,True,True,0,0.0,1,False,False,175.0,
ow-0327,ow,data/external/dartis/raw/ow/ow-0327.jpg,data/derived/v06_water_masks/land/ow/ow-0327.png,metadata,data/metadata/v06_dartis_water_masks.csv,land_mask_path,True,True,True,0,0.0,1,False,False,175.0,
ow-0328,ow,data/external/dartis/raw/ow/ow-0328.jpg,data/derived/v06_water_masks/land/ow/ow-0328.png,metadata,data/metadata/v06_dartis_water_masks.csv,land_mask_path,True,True,True,0,0.0,1,False,False,175.0,
ow-0329,ow,data/external/dartis/raw/ow/ow-0329.jpg,data/derived/v06_water_masks/land/ow/ow-0329.png,metadata,data/metadata/v06_dartis_water_masks.csv,land_mask_path,True,True,True,0,0.0,1,False,False,175.0,
ow-0330,ow,data/external/dartis/raw/ow/ow-0330.jpg,data/derived/v06_water_masks/land/ow/ow-0330.png,metadata,data/metadata/v06_dartis_water_masks.csv,land_mask_path,True,True,True,0,0.0,1,False,False,175.0,
ow-0331,ow,data/external/dartis/raw/ow/ow-0331.jpg,data/derived/v06_water_masks/land/ow/ow-0331.png,metadata,data/metadata/v06_dartis_water_masks.csv,land_mask_path,True,True,True,0,0.0,1,False,False,175.0,
ow-0332,ow,data/external/dartis/raw/ow/ow-0332.jpg,data/derived/v06_water_masks/land/ow/ow-0332.png,metadata,data/metadata/v06_dartis_water_masks.csv,land_mask_path,True,True,True,0,0.0,1,False,False,175.0,
ow-0333,ow,data/external/dartis/raw/ow/ow-0333.jpg,data/derived/v06_water_masks/land/ow/ow-0333.png,metadata,data/metadata/v06_dartis_water_masks.csv,land_mask_path,True,True,True,0,0.0,1,False,False,175.0,
ow-0334,ow,data/external/dartis/raw/ow/ow-0334.jpg,data/derived/v06_water_masks/land/ow/ow-0334.png,metadata,data/metadata/v06_dartis_water_masks.csv,land_mask_path,True,True,True,0,0.0,1,False,False,175.0,
ow-0335,ow,data/external/dartis/raw/ow/ow-0335.jpg,data/derived/v06_water_masks/land/ow/ow-0335.png,metadata,data/metadata/v06_dartis_water_masks.csv,land_mask_path,True,True,True,0,0.0,1,False,False,175.0,
ow-0336,ow,data/external/dartis/raw/ow/ow-0336.jpg,data/derived/v06_water_masks/land/ow/ow-0336.png,metadata,data/metadata/v06_dartis_water_masks.csv,land_mask_path,True,True,True,0,0.0,1,False,False,175.0,
ow-0337,ow,data/external/dartis/raw/ow/ow-0337.jpg,data/external/dartis/cache/positive/ow-0337.jpg,filesystem,data/external/dartis,,True,True,False,1525,0.00372314453125,171,True,True,1070.0,
ow-0338,ow,data/external/dartis/raw/ow/ow-0338.jpg,data/derived/v06_water_masks/land/ow/ow-0338.png,metadata,data/metadata/v06_dartis_water_masks.csv,land_mask_path,True,True,True,0,0.0,1,False,False,175.0,
ow-0339,ow,data/external/dartis/raw/ow/ow-0339.jpg,data/derived/v06_water_masks/land/ow/ow-0339.png,metadata,data/metadata/v06_dartis_water_masks.csv,land_mask_path,True,True,True,0,0.0,1,False,False,175.0,
ow-0340,ow,data/external/dartis/raw/ow/ow-0340.jpg,data/derived/v06_water_masks/land/ow/ow-0340.png,metadata,data/metadata/v06_dartis_water_masks.csv,land_mask_path,True,True,True,0,0.0,1,False,False,175.0,
ow-0341,ow,data/external/dartis/raw/ow/ow-0341.jpg,data/derived/v06_water_masks/land/ow/ow-0341.png,metadata,data/metadata/v06_dartis_water_masks.csv,land_mask_path,True,True,True,0,0.0,1,False,False,175.0,
ow-0342,ow,data/external/dartis/raw/ow/ow-0342.jpg,data/external/dartis/cache/positive/ow-0342.jpg,filesystem,data/external/dartis,,True,True,False,284609,0.69484619140625,254,True,True,1050.0,
ow-0343,ow,data/external/dartis/raw/ow/ow-0343.jpg,data/derived/v06_water_masks/land/ow/ow-0343.png,metadata,data/metadata/v06_dartis_water_masks.csv,land_mask_path,True,True,True,0,0.0,1,False,False,175.0,
ow-0344,ow,data/external/dartis/raw/ow/ow-0344.jpg,data/derived/v06_water_masks/land/ow/ow-0344.png,metadata,data/metadata/v06_dartis_water_masks.csv,land_mask_path,True,True,True,0,0.0,1,False,False,175.0,
ow-0345,ow,data/external/dartis/raw/ow/ow-0345.jpg,data/external/dartis/cache/positive/ow-0345.jpg,filesystem,data/external/dartis,,True,True,False,77337,0.18881103515625,221,True,True,1070.0,
ow-0346,ow,data/external/dartis/raw/ow/ow-0346.jpg,data/external/dartis/cache/positive/ow-0346.jpg,filesystem,data/external/dartis,,True,True,False,715,0.00174560546875,253,True,True,1070.0,
ow-0347,ow,data/external/dartis/raw/ow/ow-0347.jpg,data/derived/v06_water_masks/land/ow/ow-0347.png,metadata,data/metadata/v06_dartis_water_masks.csv,land_mask_path,True,True,True,0,0.0,1,False,False,175.0,
ow-0348,ow,data/external/dartis/raw/ow/ow-0348.jpg,data/derived/v06_water_masks/land/ow/ow-0348.png,metadata,data/metadata/v06_dartis_water_masks.csv,land_mask_path,True,True,True,0,0.0,1,False,False,175.0,
ow-0349,ow,data/external/dartis/raw/ow/ow-0349.jpg,data/derived/v06_water_masks/land/ow/ow-0349.png,metadata,data/metadata/v06_dartis_water_masks.csv,land_mask_path,True,True,True,0,0.0,1,False,False,175.0,
ow-0350,ow,data/external/dartis/raw/ow/ow-0350.jpg,data/derived/v06_water_masks/land/ow/ow-0350.png,metadata,data/metadata/v06_dartis_water_masks.csv,land_mask_path,True,True,True,0,0.0,1,False,False,175.0,
ow-0351,ow,data/external/dartis/raw/ow/ow-0351.jpg,data/external/dartis/cache/positive/ow-0351.jpg,filesystem,data/external/dartis,,True,True,False,426,0.0010400390625,236,True,True,1070.0,
ow-0352,ow,data/external/dartis/raw/ow/ow-0352.jpg,data/derived/v06_water_masks/land/ow/ow-0352.png,metadata,data/metadata/v06_dartis_water_masks.csv,land_mask_path,True,True,True,0,0.0,1,False,False,175.0,
ow-0353,ow,data/external/dartis/raw/ow/ow-0353.jpg,data/derived/v06_water_masks/land/ow/ow-0353.png,metadata,data/metadata/v06_dartis_water_masks.csv,land_mask_path,True,True,True,0,0.0,1,False,False,175.0,
ow-0354,ow,data/external/dartis/raw/ow/ow-0354.jpg,data/derived/v06_water_masks/land/ow/ow-0354.png,metadata,data/metadata/v06_dartis_water_masks.csv,land_mask_path,True,True,True,0,0.0,1,False,False,175.0,
ow-0355,ow,data/external/dartis/raw/ow/ow-0355.jpg,data/external/dartis/cache/positive/ow-0355.jpg,filesystem,data/external/dartis,,True,True,False,297793,0.72703369140625,250,True,True,1050.0,
ow-0356,ow,data/external/dartis/raw/ow/ow-0356.jpg,data/derived/v06_water_masks/land/ow/ow-0356.png,metadata,data/metadata/v06_dartis_water_masks.csv,land_mask_path,True,True,True,0,0.0,1,False,False,175.0,
ow-0357,ow,data/external/dartis/raw/ow/ow-0357.jpg,data/derived/v06_water_masks/land/ow/ow-0357.png,metadata,data/metadata/v06_dartis_water_masks.csv,land_mask_path,True,True,True,0,0.0,1,False,False,175.0,
ow-0358,ow,data/external/dartis/raw/ow/ow-0358.jpg,data/derived/v06_water_masks/land/ow/ow-0358.png,metadata,data/metadata/v06_dartis_water_masks.csv,land_mask_path,True,True,True,0,0.0,1,False,False,175.0,
ow-0359,ow,data/external/dartis/raw/ow/ow-0359.jpg,data/derived/v06_water_masks/land/ow/ow-0359.png,metadata,data/metadata/v06_dartis_water_masks.csv,land_mask_path,True,True,True,0,0.0,1,False,False,175.0,
ow-0360,ow,data/external/dartis/raw/ow/ow-0360.jpg,data/external/dartis/cache/positive/ow-0360.jpg,filesystem,data/external/dartis,,True,True,False,292830,0.7149169921875,254,True,True,1050.0,
ow-0361,ow,data/external/dartis/raw/ow/ow-0361.jpg,data/derived/v06_water_masks/land/ow/ow-0361.png,metadata,data/metadata/v06_dartis_water_masks.csv,land_mask_path,True,True,True,0,0.0,1,False,False,175.0,
ow-0362,ow,data/external/dartis/raw/ow/ow-0362.jpg,data/external/dartis/cache/positive/ow-0362.jpg,filesystem,data/external/dartis,,True,True,False,61,0.00014892578125,171,True,True,1070.0,
ow-0363,ow,data/external/dartis/raw/ow/ow-0363.jpg,data/derived/v06_water_masks/land/ow/ow-0363.png,metadata,data/metadata/v06_dartis_water_masks.csv,land_mask_path,True,True,True,0,0.0,1,False,False,175.0,
ow-0364,ow,data/external/dartis/raw/ow/ow-0364.jpg,data/external/dartis/cache/positive/ow-0364.jpg,filesystem,data/external/dartis,,True,True,False,969,0.00236572265625,254,True,True,1070.0,
ow-0365,ow,data/external/dartis/raw/ow/ow-0365.jpg,data/external/dartis/cache/positive/ow-0365.jpg,filesystem,data/external/dartis,,True,True,False,47546,0.1160791015625,229,True,True,1070.0,
ow-0366,ow,data/external/dartis/raw/ow/ow-0366.jpg,data/derived/v06_water_masks/land/ow/ow-0366.png,metadata,data/metadata/v06_dartis_water_masks.csv,land_mask_path,True,True,True,0,0.0,1,False,False,175.0,
ow-0367,ow,data/external/dartis/raw/ow/ow-0367.jpg,data/derived/v06_water_masks/land/ow/ow-0367.png,metadata,data/metadata/v06_dartis_water_masks.csv,land_mask_path,True,True,True,0,0.0,1,False,False,175.0,
ow-0368,ow,data/external/dartis/raw/ow/ow-0368.jpg,data/derived/v06_water_masks/land/ow/ow-0368.png,metadata,data/metadata/v06_dartis_water_masks.csv,land_mask_path,True,True,True,0,0.0,1,False,False,175.0,
ow-0369,ow,data/external/dartis/raw/ow/ow-0369.jpg,data/derived/v06_water_masks/land/ow/ow-0369.png,metadata,data/metadata/v06_dartis_water_masks.csv,land_mask_path,True,True,True,0,0.0,1,False,False,175.0,
ow-0370,ow,data/external/dartis/raw/ow/ow-0370.jpg,data/external/dartis/cache/positive/ow-0370.jpg,filesystem,data/external/dartis,,True,True,False,3123,0.00762451171875,210,True,True,1070.0,
ow-0371,ow,data/external/dartis/raw/ow/ow-0371.jpg,data/derived/v06_water_masks/land/ow/ow-0371.png,metadata,data/metadata/v06_dartis_water_masks.csv,land_mask_path,True,True,True,0,0.0,1,False,False,175.0,
ow-0372,ow,data/external/dartis/raw/ow/ow-0372.jpg,data/derived/v06_water_masks/land/ow/ow-0372.png,metadata,data/metadata/v06_dartis_water_masks.csv,land_mask_path,True,True,True,0,0.0,1,False,False,175.0,
ow-0373,ow,data/external/dartis/raw/ow/ow-0373.jpg,data/derived/v06_water_masks/land/ow/ow-0373.png,metadata,data/metadata/v06_dartis_water_masks.csv,land_mask_path,True,True,True,0,0.0,1,False,False,175.0,
ow-0374,ow,data/external/dartis/raw/ow/ow-0374.jpg,data/derived/v06_water_masks/land/ow/ow-0374.png,metadata,data/metadata/v06_dartis_water_masks.csv,land_mask_path,True,True,True,0,0.0,1,False,False,175.0,
ow-0375,ow,data/external/dartis/raw/ow/ow-0375.jpg,data/derived/v06_water_masks/land/ow/ow-0375.png,metadata,data/metadata/v06_dartis_water_masks.csv,land_mask_path,True,True,True,0,0.0,1,False,False,175.0,
ow-0376,ow,data/external/dartis/raw/ow/ow-0376.jpg,data/derived/v06_water_masks/land/ow/ow-0376.png,metadata,data/metadata/v06_dartis_water_masks.csv,land_mask_path,True,True,True,0,0.0,1,False,False,175.0,
ow-0377,ow,data/external/dartis/raw/ow/ow-0377.jpg,data/derived/v06_water_masks/land/ow/ow-0377.png,metadata,data/metadata/v06_dartis_water_masks.csv,land_mask_path,True,True,True,0,0.0,1,False,False,175.0,
ow-0378,ow,data/external/dartis/raw/ow/ow-0378.jpg,data/derived/v06_water_masks/land/ow/ow-0378.png,metadata,data/metadata/v06_dartis_water_masks.csv,land_mask_path,True,True,True,0,0.0,1,False,False,175.0,
ow-0379,ow,data/external/dartis/raw/ow/ow-0379.jpg,data/derived/v06_water_masks/land/ow/ow-0379.png,metadata,data/metadata/v06_dartis_water_masks.csv,land_mask_path,True,True,True,0,0.0,1,False,False,175.0,
ow-0380,ow,data/external/dartis/raw/ow/ow-0380.jpg,data/derived/v06_water_masks/land/ow/ow-0380.png,metadata,data/metadata/v06_dartis_water_masks.csv,land_mask_path,True,True,True,0,0.0,1,False,False,175.0,
ow-0381,ow,data/external/dartis/raw/ow/ow-0381.jpg,data/derived/v06_water_masks/land/ow/ow-0381.png,metadata,data/metadata/v06_dartis_water_masks.csv,land_mask_path,True,True,True,0,0.0,1,False,False,175.0,
ow-0382,ow,data/external/dartis/raw/ow/ow-0382.jpg,data/derived/v06_water_masks/land/ow/ow-0382.png,metadata,data/metadata/v06_dartis_water_masks.csv,land_mask_path,True,True,True,0,0.0,1,False,False,175.0,
ow-0383,ow,data/external/dartis/raw/ow/ow-0383.jpg,data/external/dartis/cache/positive/ow-0383.jpg,filesystem,data/external/dartis,,True,True,False,300896,0.734609375,255,True,True,1050.0,
ow-0384,ow,data/external/dartis/raw/ow/ow-0384.jpg,data/derived/v06_water_masks/land/ow/ow-0384.png,metadata,data/metadata/v06_dartis_water_masks.csv,land_mask_path,True,True,True,0,0.0,1,False,False,175.0,
ow-0385,ow,data/external/dartis/raw/ow/ow-0385.jpg,data/derived/v06_water_masks/land/ow/ow-0385.png,metadata,data/metadata/v06_dartis_water_masks.csv,land_mask_path,True,True,True,0,0.0,1,False,False,175.0,
ow-0386,ow,data/external/dartis/raw/ow/ow-0386.jpg,data/derived/v06_water_masks/land/ow/ow-0386.png,metadata,data/metadata/v06_dartis_water_masks.csv,land_mask_path,True,True,True,0,0.0,1,False,False,175.0,
ow-0387,ow,data/external/dartis/raw/ow/ow-0387.jpg,data/derived/v06_water_masks/land/ow/ow-0387.png,metadata,data/metadata/v06_dartis_water_masks.csv,land_mask_path,True,True,True,0,0.0,1,False,False,175.0,
ow-0388,ow,data/external/dartis/raw/ow/ow-0388.jpg,data/external/dartis/cache/positive/ow-0388.jpg,filesystem,data/external/dartis,,True,True,False,658765,0.7817090767558537,256,True,True,1050.0,
ow-0389,ow,data/external/dartis/raw/ow/ow-0389.jpg,data/derived/v06_water_masks/land/ow/ow-0389.png,metadata,data/metadata/v06_dartis_water_masks.csv,land_mask_path,True,True,True,0,0.0,1,False,False,175.0,
ow-0390,ow,data/external/dartis/raw/ow/ow-0390.jpg,data/derived/v06_water_masks/land/ow/ow-0390.png,metadata,data/metadata/v06_dartis_water_masks.csv,land_mask_path,True,True,True,0,0.0,1,False,False,175.0,
ow-0391,ow,data/external/dartis/raw/ow/ow-0391.jpg,data/external/dartis/cache/positive/ow-0391.jpg,filesystem,data/external/dartis,,True,True,False,102444,0.250107421875,252,True,True,1050.0,
ow-0392,ow,data/external/dartis/raw/ow/ow-0392.jpg,data/derived/v06_water_masks/land/ow/ow-0392.png,metadata,data/metadata/v06_dartis_water_masks.csv,land_mask_path,True,True,True,0,0.0,1,False,False,175.0,
ow-0393,ow,data/external/dartis/raw/ow/ow-0393.jpg,data/derived/v06_water_masks/land/ow/ow-0393.png,metadata,data/metadata/v06_dartis_water_masks.csv,land_mask_path,True,True,True,0,0.0,1,False,False,175.0,
ow-0394,ow,data/external/dartis/raw/ow/ow-0394.jpg,data/derived/v06_water_masks/land/ow/ow-0394.png,metadata,data/metadata/v06_dartis_water_masks.csv,land_mask_path,True,True,True,0,0.0,1,False,False,175.0,
ow-0395,ow,data/external/dartis/raw/ow/ow-0395.jpg,data/derived/v06_water_masks/land/ow/ow-0395.png,metadata,data/metadata/v06_dartis_water_masks.csv,land_mask_path,True,True,True,0,0.0,1,False,False,175.0,
ow-0396,ow,data/external/dartis/raw/ow/ow-0396.jpg,data/derived/v06_water_masks/land/ow/ow-0396.png,metadata,data/metadata/v06_dartis_water_masks.csv,land_mask_path,True,True,True,0,0.0,1,False,False,175.0,
ow-0397,ow,data/external/dartis/raw/ow/ow-0397.jpg,data/derived/v06_water_masks/land/ow/ow-0397.png,metadata,data/metadata/v06_dartis_water_masks.csv,land_mask_path,True,True,True,0,0.0,1,False,False,175.0,
ow-0398,ow,data/external/dartis/raw/ow/ow-0398.jpg,data/external/dartis/cache/positive/ow-0398.jpg,filesystem,data/external/dartis,,True,True,False,306108,0.747333984375,256,True,True,1050.0,
ow-0399,ow,data/external/dartis/raw/ow/ow-0399.jpg,data/derived/v06_water_masks/land/ow/ow-0399.png,metadata,data/metadata/v06_dartis_water_masks.csv,land_mask_path,True,True,True,0,0.0,1,False,False,175.0,
ow-0400,ow,data/external/dartis/raw/ow/ow-0400.jpg,data/derived/v06_water_masks/land/ow/ow-0400.png,metadata,data/metadata/v06_dartis_water_masks.csv,land_mask_path,True,True,True,0,0.0,1,False,False,175.0,
ow-0401,ow,data/external/dartis/raw/ow/ow-0401.jpg,data/derived/v06_water_masks/land/ow/ow-0401.png,metadata,data/metadata/v06_dartis_water_masks.csv,land_mask_path,True,True,True,0,0.0,1,False,False,175.0,
ow-0402,ow,data/external/dartis/raw/ow/ow-0402.jpg,data/derived/v06_water_masks/land/ow/ow-0402.png,metadata,data/metadata/v06_dartis_water_masks.csv,land_mask_path,True,True,True,0,0.0,1,False,False,175.0,
ow-0403,ow,data/external/dartis/raw/ow/ow-0403.jpg,data/external/dartis/cache/positive/ow-0403.jpg,filesystem,data/external/dartis,,True,True,False,67942,0.1658740234375,172,True,True,1070.0,
ow-0404,ow,data/external/dartis/raw/ow/ow-0404.jpg,data/derived/v06_water_masks/land/ow/ow-0404.png,metadata,data/metadata/v06_dartis_water_masks.csv,land_mask_path,True,True,True,0,0.0,1,False,False,175.0,
ow-0405,ow,data/external/dartis/raw/ow/ow-0405.jpg,data/derived/v06_water_masks/land/ow/ow-0405.png,metadata,data/metadata/v06_dartis_water_masks.csv,land_mask_path,True,True,True,0,0.0,1,False,False,175.0,
ow-0406,ow,data/external/dartis/raw/ow/ow-0406.jpg,data/derived/v06_water_masks/land/ow/ow-0406.png,metadata,data/metadata/v06_dartis_water_masks.csv,land_mask_path,True,True,True,0,0.0,1,False,False,175.0,
ow-0407,ow,data/external/dartis/raw/ow/ow-0407.jpg,data/external/dartis/cache/positive/ow-0407.jpg,filesystem,data/external/dartis,,True,True,False,41018,0.1001416015625,227,True,True,1070.0,
ow-0408,ow,data/external/dartis/raw/ow/ow-0408.jpg,data/external/dartis/cache/positive/ow-0408.jpg,filesystem,data/external/dartis,,True,True,False,316944,0.7737890625,237,True,True,1050.0,
ow-0409,ow,data/external/dartis/raw/ow/ow-0409.jpg,data/derived/v06_water_masks/land/ow/ow-0409.png,metadata,data/metadata/v06_dartis_water_masks.csv,land_mask_path,True,True,True,0,0.0,1,False,False,175.0,
ow-0410,ow,data/external/dartis/raw/ow/ow-0410.jpg,data/derived/v06_water_masks/land/ow/ow-0410.png,metadata,data/metadata/v06_dartis_water_masks.csv,land_mask_path,True,True,True,0,0.0,1,False,False,175.0,
ow-0411,ow,data/external/dartis/raw/ow/ow-0411.jpg,data/derived/v06_water_masks/land/ow/ow-0411.png,metadata,data/metadata/v06_dartis_water_masks.csv,land_mask_path,True,True,True,0,0.0,1,False,False,175.0,
ow-0412,ow,data/external/dartis/raw/ow/ow-0412.jpg,data/derived/v06_water_masks/land/ow/ow-0412.png,metadata,data/metadata/v06_dartis_water_masks.csv,land_mask_path,True,True,True,0,0.0,1,False,False,175.0,
ow-0413,ow,data/external/dartis/raw/ow/ow-0413.jpg,data/derived/v06_water_masks/land/ow/ow-0413.png,metadata,data/metadata/v06_dartis_water_masks.csv,land_mask_path,True,True,True,0,0.0,1,False,False,175.0,
ow-0414,ow,data/external/dartis/raw/ow/ow-0414.jpg,data/derived/v06_water_masks/land/ow/ow-0414.png,metadata,data/metadata/v06_dartis_water_masks.csv,land_mask_path,True,True,True,0,0.0,1,False,False,175.0,
ow-0415,ow,data/external/dartis/raw/ow/ow-0415.jpg,data/derived/v06_water_masks/land/ow/ow-0415.png,metadata,data/metadata/v06_dartis_water_masks.csv,land_mask_path,True,True,True,0,0.0,1,False,False,175.0,
ow-0416,ow,data/external/dartis/raw/ow/ow-0416.jpg,data/derived/v06_water_masks/land/ow/ow-0416.png,metadata,data/metadata/v06_dartis_water_masks.csv,land_mask_path,True,True,True,0,0.0,1,False,False,175.0,
ow-0417,ow,data/external/dartis/raw/ow/ow-0417.jpg,data/derived/v06_water_masks/land/ow/ow-0417.png,metadata,data/metadata/v06_dartis_water_masks.csv,land_mask_path,True,True,True,0,0.0,1,False,False,175.0,
ow-0418,ow,data/external/dartis/raw/ow/ow-0418.jpg,data/derived/v06_water_masks/land/ow/ow-0418.png,metadata,data/metadata/v06_dartis_water_masks.csv,land_mask_path,True,True,True,0,0.0,1,False,False,175.0,
ow-0419,ow,data/external/dartis/raw/ow/ow-0419.jpg,data/external/dartis/cache/positive/ow-0419.jpg,filesystem,data/external/dartis,,True,True,False,135,0.00032958984375,203,True,True,1070.0,
ow-0420,ow,data/external/dartis/raw/ow/ow-0420.jpg,data/derived/v06_water_masks/land/ow/ow-0420.png,metadata,data/metadata/v06_dartis_water_masks.csv,land_mask_path,True,True,True,0,0.0,1,False,False,175.0,
ow-0421,ow,data/external/dartis/raw/ow/ow-0421.jpg,data/derived/v06_water_masks/land/ow/ow-0421.png,metadata,data/metadata/v06_dartis_water_masks.csv,land_mask_path,True,True,True,0,0.0,1,False,False,175.0,
ow-0422,ow,data/external/dartis/raw/ow/ow-0422.jpg,data/external/dartis/cache/positive/ow-0422.jpg,filesystem,data/external/dartis,,True,True,False,43350,0.1058349609375,197,True,True,1070.0,
ow-0423,ow,data/external/dartis/raw/ow/ow-0423.jpg,data/external/dartis/cache/positive/ow-0423.jpg,filesystem,data/external/dartis,,True,True,False,288029,0.70319580078125,256,True,True,1050.0,
ow-0424,ow,data/external/dartis/raw/ow/ow-0424.jpg,data/derived/v06_water_masks/land/ow/ow-0424.png,metadata,data/metadata/v06_dartis_water_masks.csv,land_mask_path,True,True,True,0,0.0,1,False,False,175.0,
ow-0425,ow,data/external/dartis/raw/ow/ow-0425.jpg,data/derived/v06_water_masks/land/ow/ow-0425.png,metadata,data/metadata/v06_dartis_water_masks.csv,land_mask_path,True,True,True,0,0.0,1,False,False,175.0,
ow-0426,ow,data/external/dartis/raw/ow/ow-0426.jpg,data/derived/v06_water_masks/land/ow/ow-0426.png,metadata,data/metadata/v06_dartis_water_masks.csv,land_mask_path,True,True,True,0,0.0,1,False,False,175.0,
ow-0427,ow,data/external/dartis/raw/ow/ow-0427.jpg,data/external/dartis/cache/positive/ow-0427.jpg,filesystem,data/external/dartis,,True,True,False,296164,0.723056640625,256,True,True,1050.0,
ow-0428,ow,data/external/dartis/raw/ow/ow-0428.jpg,data/derived/v06_water_masks/land/ow/ow-0428.png,metadata,data/metadata/v06_dartis_water_masks.csv,land_mask_path,True,True,True,0,0.0,1,False,False,175.0,
ow-0429,ow,data/external/dartis/raw/ow/ow-0429.jpg,data/external/dartis/cache/positive/ow-0429.jpg,filesystem,data/external/dartis,,True,True,False,247,0.00060302734375,233,True,True,1070.0,
ow-0430,ow,data/external/dartis/raw/ow/ow-0430.jpg,data/external/dartis/cache/positive/ow-0430.jpg,filesystem,data/external/dartis,,True,True,False,311180,0.759716796875,256,True,True,1050.0,
ow-0431,ow,data/external/dartis/raw/ow/ow-0431.jpg,data/derived/v06_water_masks/land/ow/ow-0431.png,metadata,data/metadata/v06_dartis_water_masks.csv,land_mask_path,True,True,True,0,0.0,1,False,False,175.0,
ow-0432,ow,data/external/dartis/raw/ow/ow-0432.jpg,data/external/dartis/cache/positive/ow-0432.jpg,filesystem,data/external/dartis,,True,True,False,114094,0.2785498046875,240,True,True,1050.0,
ow-0433,ow,data/external/dartis/raw/ow/ow-0433.jpg,data/derived/v06_water_masks/land/ow/ow-0433.png,metadata,data/metadata/v06_dartis_water_masks.csv,land_mask_path,True,True,True,0,0.0,1,False,False,175.0,
ow-0434,ow,data/external/dartis/raw/ow/ow-0434.jpg,data/derived/v06_water_masks/land/ow/ow-0434.png,metadata,data/metadata/v06_dartis_water_masks.csv,land_mask_path,True,True,True,0,0.0,1,False,False,175.0,
ow-0435,ow,data/external/dartis/raw/ow/ow-0435.jpg,data/derived/v06_water_masks/land/ow/ow-0435.png,metadata,data/metadata/v06_dartis_water_masks.csv,land_mask_path,True,True,True,0,0.0,1,False,False,175.0,
ow-0436,ow,data/external/dartis/raw/ow/ow-0436.jpg,data/derived/v06_water_masks/land/ow/ow-0436.png,metadata,data/metadata/v06_dartis_water_masks.csv,land_mask_path,True,True,True,0,0.0,1,False,False,175.0,
ow-0437,ow,data/external/dartis/raw/ow/ow-0437.jpg,data/derived/v06_water_masks/land/ow/ow-0437.png,metadata,data/metadata/v06_dartis_water_masks.csv,land_mask_path,True,True,True,0,0.0,1,False,False,175.0,
ow-0438,ow,data/external/dartis/raw/ow/ow-0438.jpg,data/derived/v06_water_masks/land/ow/ow-0438.png,metadata,data/metadata/v06_dartis_water_masks.csv,land_mask_path,True,True,True,0,0.0,1,False,False,175.0,
ow-0439,ow,data/external/dartis/raw/ow/ow-0439.jpg,data/derived/v06_water_masks/land/ow/ow-0439.png,metadata,data/metadata/v06_dartis_water_masks.csv,land_mask_path,True,True,True,0,0.0,1,False,False,175.0,
ow-0440,ow,data/external/dartis/raw/ow/ow-0440.jpg,data/external/dartis/cache/positive/ow-0440.jpg,filesystem,data/external/dartis,,True,True,False,294661,0.71938720703125,256,True,True,1050.0,
ow-0441,ow,data/external/dartis/raw/ow/ow-0441.jpg,data/external/dartis/cache/positive/ow-0441.jpg,filesystem,data/external/dartis,,True,True,False,311710,0.7610107421875,253,True,True,1050.0,
ow-0442,ow,data/external/dartis/raw/ow/ow-0442.jpg,data/external/dartis/cache/positive/ow-0442.jpg,filesystem,data/external/dartis,,True,True,False,17636,0.043056640625,244,True,True,1070.0,
ow-0443,ow,data/external/dartis/raw/ow/ow-0443.jpg,data/derived/v06_water_masks/land/ow/ow-0443.png,metadata,data/metadata/v06_dartis_water_masks.csv,land_mask_path,True,True,True,0,0.0,1,False,False,175.0,
ow-0444,ow,data/external/dartis/raw/ow/ow-0444.jpg,data/derived/v06_water_masks/land/ow/ow-0444.png,metadata,data/metadata/v06_dartis_water_masks.csv,land_mask_path,True,True,True,0,0.0,1,False,False,175.0,
ow-0445,ow,data/external/dartis/raw/ow/ow-0445.jpg,data/derived/v06_water_masks/land/ow/ow-0445.png,metadata,data/metadata/v06_dartis_water_masks.csv,land_mask_path,True,True,True,0,0.0,1,False,False,175.0,
ow-0446,ow,data/external/dartis/raw/ow/ow-0446.jpg,data/derived/v06_water_masks/land/ow/ow-0446.png,metadata,data/metadata/v06_dartis_water_masks.csv,land_mask_path,True,True,True,0,0.0,1,False,False,175.0,
ow-0447,ow,data/external/dartis/raw/ow/ow-0447.jpg,data/external/dartis/cache/positive/ow-0447.jpg,filesystem,data/external/dartis,,True,True,False,751533,0.7873338578503115,256,True,True,1050.0,
ow-0448,ow,data/external/dartis/raw/ow/ow-0448.jpg,data/external/dartis/cache/positive/ow-0448.jpg,filesystem,data/external/dartis,,True,True,False,323592,0.79001953125,256,True,True,1050.0,
ow-0449,ow,data/external/dartis/raw/ow/ow-0449.jpg,data/derived/v06_water_masks/land/ow/ow-0449.png,metadata,data/metadata/v06_dartis_water_masks.csv,land_mask_path,True,True,True,0,0.0,1,False,False,175.0,
ow-0450,ow,data/external/dartis/raw/ow/ow-0450.jpg,data/derived/v06_water_masks/land/ow/ow-0450.png,metadata,data/metadata/v06_dartis_water_masks.csv,land_mask_path,True,True,True,0,0.0,1,False,False,175.0,
ow-0451,ow,data/external/dartis/raw/ow/ow-0451.jpg,data/derived/v06_water_masks/land/ow/ow-0451.png,metadata,data/metadata/v06_dartis_water_masks.csv,land_mask_path,True,True,True,0,0.0,1,False,False,175.0,
ow-0452,ow,data/external/dartis/raw/ow/ow-0452.jpg,data/derived/v06_water_masks/land/ow/ow-0452.png,metadata,data/metadata/v06_dartis_water_masks.csv,land_mask_path,True,True,True,0,0.0,1,False,False,175.0,
ow-0453,ow,data/external/dartis/raw/ow/ow-0453.jpg,data/derived/v06_water_masks/land/ow/ow-0453.png,metadata,data/metadata/v06_dartis_water_masks.csv,land_mask_path,True,True,True,0,0.0,1,False,False,175.0,
ow-0454,ow,data/external/dartis/raw/ow/ow-0454.jpg,data/derived/v06_water_masks/land/ow/ow-0454.png,metadata,data/metadata/v06_dartis_water_masks.csv,land_mask_path,True,True,True,0,0.0,1,False,False,175.0,
ow-0455,ow,data/external/dartis/raw/ow/ow-0455.jpg,data/external/dartis/cache/positive/ow-0455.jpg,filesystem,data/external/dartis,,True,True,False,17334,0.0423193359375,188,True,True,1070.0,
ow-0456,ow,data/external/dartis/raw/ow/ow-0456.jpg,data/derived/v06_water_masks/land/ow/ow-0456.png,metadata,data/metadata/v06_dartis_water_masks.csv,land_mask_path,True,True,True,0,0.0,1,False,False,175.0,
ow-0457,ow,data/external/dartis/raw/ow/ow-0457.jpg,data/external/dartis/cache/positive/ow-0457.jpg,filesystem,data/external/dartis,,True,True,False,204456,0.49916015625,218,True,True,1050.0,
ow-0458,ow,data/external/dartis/raw/ow/ow-0458.jpg,data/external/dartis/cache/positive/ow-0458.jpg,filesystem,data/external/dartis,,True,True,False,15872,0.0020187179106269625,209,True,True,1070.0,
ow-0459,ow,data/external/dartis/raw/ow/ow-0459.jpg,data/derived/v06_water_masks/land/ow/ow-0459.png,metadata,data/metadata/v06_dartis_water_masks.csv,land_mask_path,True,True,True,0,0.0,1,False,False,175.0,
ow-0460,ow,data/external/dartis/raw/ow/ow-0460.jpg,data/external/dartis/cache/positive/ow-0460.jpg,filesystem,data/external/dartis,,True,True,False,321407,0.78468505859375,256,True,True,1050.0,
ow-0461,ow,data/external/dartis/raw/ow/ow-0461.jpg,data/derived/v06_water_masks/land/ow/ow-0461.png,metadata,data/metadata/v06_dartis_water_masks.csv,land_mask_path,True,True,True,0,0.0,1,False,False,175.0,
ow-0462,ow,data/external/dartis/raw/ow/ow-0462.jpg,data/derived/v06_water_masks/land/ow/ow-0462.png,metadata,data/metadata/v06_dartis_water_masks.csv,land_mask_path,True,True,True,0,0.0,1,False,False,175.0,
ow-0463,ow,data/external/dartis/raw/ow/ow-0463.jpg,data/derived/v06_water_masks/land/ow/ow-0463.png,metadata,data/metadata/v06_dartis_water_masks.csv,land_mask_path,True,True,True,0,0.0,1,False,False,175.0,
ow-0464,ow,data/external/dartis/raw/ow/ow-0464.jpg,data/derived/v06_water_masks/land/ow/ow-0464.png,metadata,data/metadata/v06_dartis_water_masks.csv,land_mask_path,True,True,True,0,0.0,1,False,False,175.0,
ow-0465,ow,data/external/dartis/raw/ow/ow-0465.jpg,data/derived/v06_water_masks/land/ow/ow-0465.png,metadata,data/metadata/v06_dartis_water_masks.csv,land_mask_path,True,True,True,0,0.0,1,False,False,175.0,
ow-0466,ow,data/external/dartis/raw/ow/ow-0466.jpg,data/derived/v06_water_masks/land/ow/ow-0466.png,metadata,data/metadata/v06_dartis_water_masks.csv,land_mask_path,True,True,True,0,0.0,1,False,False,175.0,
ow-0467,ow,data/external/dartis/raw/ow/ow-0467.jpg,data/derived/v06_water_masks/land/ow/ow-0467.png,metadata,data/metadata/v06_dartis_water_masks.csv,land_mask_path,True,True,True,0,0.0,1,False,False,175.0,
ow-0468,ow,data/external/dartis/raw/ow/ow-0468.jpg,data/derived/v06_water_masks/land/ow/ow-0468.png,metadata,data/metadata/v06_dartis_water_masks.csv,land_mask_path,True,True,True,0,0.0,1,False,False,175.0,
ow-0469,ow,data/external/dartis/raw/ow/ow-0469.jpg,data/derived/v06_water_masks/land/ow/ow-0469.png,metadata,data/metadata/v06_dartis_water_masks.csv,land_mask_path,True,True,True,0,0.0,1,False,False,175.0,
ow-0470,ow,data/external/dartis/raw/ow/ow-0470.jpg,data/external/dartis/cache/positive/ow-0470.jpg,filesystem,data/external/dartis,,True,True,False,112597,0.27489501953125,246,True,True,1050.0,
ow-0471,ow,data/external/dartis/raw/ow/ow-0471.jpg,data/external/dartis/cache/positive/ow-0471.jpg,filesystem,data/external/dartis,,True,True,False,47588,0.116181640625,248,True,True,1070.0,
ow-0472,ow,data/external/dartis/raw/ow/ow-0472.jpg,data/derived/v06_water_masks/land/ow/ow-0472.png,metadata,data/metadata/v06_dartis_water_masks.csv,land_mask_path,True,True,True,0,0.0,1,False,False,175.0,
ow-0473,ow,data/external/dartis/raw/ow/ow-0473.jpg,data/external/dartis/cache/positive/ow-0473.jpg,filesystem,data/external/dartis,,True,True,False,177,0.00043212890625,218,True,True,1070.0,
ow-0474,ow,data/external/dartis/raw/ow/ow-0474.jpg,data/derived/v06_water_masks/land/ow/ow-0474.png,metadata,data/metadata/v06_dartis_water_masks.csv,land_mask_path,True,True,True,0,0.0,1,False,False,175.0,
ow-0475,ow,data/external/dartis/raw/ow/ow-0475.jpg,data/derived/v06_water_masks/land/ow/ow-0475.png,metadata,data/metadata/v06_dartis_water_masks.csv,land_mask_path,True,True,True,0,0.0,1,False,False,175.0,
ow-0476,ow,data/external/dartis/raw/ow/ow-0476.jpg,data/derived/v06_water_masks/land/ow/ow-0476.png,metadata,data/metadata/v06_dartis_water_masks.csv,land_mask_path,True,True,True,0,0.0,1,False,False,175.0,
ow-0477,ow,data/external/dartis/raw/ow/ow-0477.jpg,data/derived/v06_water_masks/land/ow/ow-0477.png,metadata,data/metadata/v06_dartis_water_masks.csv,land_mask_path,True,True,True,0,0.0,1,False,False,175.0,
ow-0478,ow,data/external/dartis/raw/ow/ow-0478.jpg,data/external/dartis/cache/positive/ow-0478.jpg,filesystem,data/external/dartis,,True,True,False,771,0.00188232421875,253,True,True,1070.0,
ow-0479,ow,data/external/dartis/raw/ow/ow-0479.jpg,data/external/dartis/cache/positive/ow-0479.jpg,filesystem,data/external/dartis,,True,True,False,160684,0.392294921875,255,True,True,1050.0,
ow-0480,ow,data/external/dartis/raw/ow/ow-0480.jpg,data/external/dartis/cache/positive/ow-0480.jpg,filesystem,data/external/dartis,,True,True,False,24094,0.0588232421875,251,True,True,1070.0,
ow-0481,ow,data/external/dartis/raw/ow/ow-0481.jpg,data/external/dartis/cache/positive/ow-0481.jpg,filesystem,data/external/dartis,,True,True,False,27633,0.06746337890625,170,True,True,1070.0,
ow-0482,ow,data/external/dartis/raw/ow/ow-0482.jpg,data/external/dartis/cache/positive/ow-0482.jpg,filesystem,data/external/dartis,,True,True,False,286619,0.69975341796875,256,True,True,1050.0,
ow-0483,ow,data/external/dartis/raw/ow/ow-0483.jpg,data/derived/v06_water_masks/land/ow/ow-0483.png,metadata,data/metadata/v06_dartis_water_masks.csv,land_mask_path,True,True,True,0,0.0,1,False,False,175.0,
ow-0484,ow,data/external/dartis/raw/ow/ow-0484.jpg,data/derived/v06_water_masks/land/ow/ow-0484.png,metadata,data/metadata/v06_dartis_water_masks.csv,land_mask_path,True,True,True,0,0.0,1,False,False,175.0,
ow-0485,ow,data/external/dartis/raw/ow/ow-0485.jpg,data/external/dartis/cache/positive/ow-0485.jpg,filesystem,data/external/dartis,,True,True,False,2376800,0.6199651308739923,253,True,True,1050.0,
ow-0486,ow,data/external/dartis/raw/ow/ow-0486.jpg,data/derived/v06_water_masks/land/ow/ow-0486.png,metadata,data/metadata/v06_dartis_water_masks.csv,land_mask_path,True,True,True,0,0.0,1,False,False,175.0,
ow-0487,ow,data/external/dartis/raw/ow/ow-0487.jpg,data/derived/v06_water_masks/land/ow/ow-0487.png,metadata,data/metadata/v06_dartis_water_masks.csv,land_mask_path,True,True,True,0,0.0,1,False,False,175.0,
ow-0488,ow,data/external/dartis/raw/ow/ow-0488.jpg,data/derived/v06_water_masks/land/ow/ow-0488.png,metadata,data/metadata/v06_dartis_water_masks.csv,land_mask_path,True,True,True,0,0.0,1,False,False,175.0,
ow-0489,ow,data/external/dartis/raw/ow/ow-0489.jpg,data/derived/v06_water_masks/land/ow/ow-0489.png,metadata,data/metadata/v06_dartis_water_masks.csv,land_mask_path,True,True,True,0,0.0,1,False,False,175.0,
ow-0490,ow,data/external/dartis/raw/ow/ow-0490.jpg,data/external/dartis/cache/positive/ow-0490.jpg,filesystem,data/external/dartis,,True,True,False,57257,0.13978759765625,192,True,True,1070.0,
ow-0491,ow,data/external/dartis/raw/ow/ow-0491.jpg,data/derived/v06_water_masks/land/ow/ow-0491.png,metadata,data/metadata/v06_dartis_water_masks.csv,land_mask_path,True,True,True,0,0.0,1,False,False,175.0,
ow-0492,ow,data/external/dartis/raw/ow/ow-0492.jpg,data/derived/v06_water_masks/land/ow/ow-0492.png,metadata,data/metadata/v06_dartis_water_masks.csv,land_mask_path,True,True,True,0,0.0,1,False,False,175.0,
ow-0493,ow,data/external/dartis/raw/ow/ow-0493.jpg,data/derived/v06_water_masks/land/ow/ow-0493.png,metadata,data/metadata/v06_dartis_water_masks.csv,land_mask_path,True,True,True,0,0.0,1,False,False,175.0,
ow-0494,ow,data/external/dartis/raw/ow/ow-0494.jpg,data/derived/v06_water_masks/land/ow/ow-0494.png,metadata,data/metadata/v06_dartis_water_masks.csv,land_mask_path,True,True,True,0,0.0,1,False,False,175.0,
ow-0495,ow,data/external/dartis/raw/ow/ow-0495.jpg,data/derived/v06_water_masks/land/ow/ow-0495.png,metadata,data/metadata/v06_dartis_water_masks.csv,land_mask_path,True,True,True,0,0.0,1,False,False,175.0,
ow-0496,ow,data/external/dartis/raw/ow/ow-0496.jpg,data/derived/v06_water_masks/land/ow/ow-0496.png,metadata,data/metadata/v06_dartis_water_masks.csv,land_mask_path,True,True,True,0,0.0,1,False,False,175.0,
ow-0497,ow,data/external/dartis/raw/ow/ow-0497.jpg,data/derived/v06_water_masks/land/ow/ow-0497.png,metadata,data/metadata/v06_dartis_water_masks.csv,land_mask_path,True,True,True,0,0.0,1,False,False,175.0,
ow-0498,ow,data/external/dartis/raw/ow/ow-0498.jpg,data/derived/v06_water_masks/land/ow/ow-0498.png,metadata,data/metadata/v06_dartis_water_masks.csv,land_mask_path,True,True,True,0,0.0,1,False,False,175.0,
ow-0499,ow,data/external/dartis/raw/ow/ow-0499.jpg,data/external/dartis/cache/positive/ow-0499.jpg,filesystem,data/external/dartis,,True,True,False,175,0.00042724609375,212,True,True,1070.0,
ow-0500,ow,data/external/dartis/raw/ow/ow-0500.jpg,data/external/dartis/cache/positive/ow-0500.jpg,filesystem,data/external/dartis,,True,True,False,3111,0.00759521484375,228,True,True,1070.0,
ow-0501,ow,data/external/dartis/raw/ow/ow-0501.jpg,data/external/dartis/cache/positive/ow-0501.jpg,filesystem,data/external/dartis,,True,True,False,81763,0.19961669921875,194,True,True,1070.0,
ow-0502,ow,data/external/dartis/raw/ow/ow-0502.jpg,data/derived/v06_water_masks/land/ow/ow-0502.png,metadata,data/metadata/v06_dartis_water_masks.csv,land_mask_path,True,True,True,0,0.0,1,False,False,175.0,
ow-0503,ow,data/external/dartis/raw/ow/ow-0503.jpg,data/derived/v06_water_masks/land/ow/ow-0503.png,metadata,data/metadata/v06_dartis_water_masks.csv,land_mask_path,True,True,True,0,0.0,1,False,False,175.0,
ow-0504,ow,data/external/dartis/raw/ow/ow-0504.jpg,data/derived/v06_water_masks/land/ow/ow-0504.png,metadata,data/metadata/v06_dartis_water_masks.csv,land_mask_path,True,True,True,0,0.0,1,False,False,175.0,
ow-0505,ow,data/external/dartis/raw/ow/ow-0505.jpg,data/derived/v06_water_masks/land/ow/ow-0505.png,metadata,data/metadata/v06_dartis_water_masks.csv,land_mask_path,True,True,True,0,0.0,1,False,False,175.0,
ow-0506,ow,data/external/dartis/raw/ow/ow-0506.jpg,data/derived/v06_water_masks/land/ow/ow-0506.png,metadata,data/metadata/v06_dartis_water_masks.csv,land_mask_path,True,True,True,0,0.0,1,False,False,175.0,
ow-0507,ow,data/external/dartis/raw/ow/ow-0507.jpg,data/derived/v06_water_masks/land/ow/ow-0507.png,metadata,data/metadata/v06_dartis_water_masks.csv,land_mask_path,True,True,True,0,0.0,1,False,False,175.0,
ow-0508,ow,data/external/dartis/raw/ow/ow-0508.jpg,data/derived/v06_water_masks/land/ow/ow-0508.png,metadata,data/metadata/v06_dartis_water_masks.csv,land_mask_path,True,True,True,0,0.0,1,False,False,175.0,
ow-0509,ow,data/external/dartis/raw/ow/ow-0509.jpg,data/derived/v06_water_masks/land/ow/ow-0509.png,metadata,data/metadata/v06_dartis_water_masks.csv,land_mask_path,True,True,True,0,0.0,1,False,False,175.0,
ow-0510,ow,data/external/dartis/raw/ow/ow-0510.jpg,data/derived/v06_water_masks/land/ow/ow-0510.png,metadata,data/metadata/v06_dartis_water_masks.csv,land_mask_path,True,True,True,0,0.0,1,False,False,175.0,
ow-0511,ow,data/external/dartis/raw/ow/ow-0511.jpg,data/derived/v06_water_masks/land/ow/ow-0511.png,metadata,data/metadata/v06_dartis_water_masks.csv,land_mask_path,True,True,True,0,0.0,1,False,False,175.0,
ow-0512,ow,data/external/dartis/raw/ow/ow-0512.jpg,data/external/dartis/cache/positive/ow-0512.jpg,filesystem,data/external/dartis,,True,True,False,289846,0.7076318359375,245,True,True,1050.0,
ow-0513,ow,data/external/dartis/raw/ow/ow-0513.jpg,data/external/dartis/cache/positive/ow-0513.jpg,filesystem,data/external/dartis,,True,True,False,489,0.00119384765625,248,True,True,1070.0,
ow-0514,ow,data/external/dartis/raw/ow/ow-0514.jpg,data/external/dartis/cache/positive/ow-0514.jpg,filesystem,data/external/dartis,,True,True,False,254712,0.62185546875,253,True,True,1050.0,
ow-0515,ow,data/external/dartis/raw/ow/ow-0515.jpg,data/derived/v06_water_masks/land/ow/ow-0515.png,metadata,data/metadata/v06_dartis_water_masks.csv,land_mask_path,True,True,True,0,0.0,1,False,False,175.0,
ow-0516,ow,data/external/dartis/raw/ow/ow-0516.jpg,data/external/dartis/cache/positive/ow-0516.jpg,filesystem,data/external/dartis,,True,True,False,282925,0.69073486328125,252,True,True,1050.0,
ow-0517,ow,data/external/dartis/raw/ow/ow-0517.jpg,data/derived/v06_water_masks/land/ow/ow-0517.png,metadata,data/metadata/v06_dartis_water_masks.csv,land_mask_path,True,True,True,0,0.0,1,False,False,175.0,
ow-0518,ow,data/external/dartis/raw/ow/ow-0518.jpg,data/derived/v06_water_masks/land/ow/ow-0518.png,metadata,data/metadata/v06_dartis_water_masks.csv,land_mask_path,True,True,True,0,0.0,1,False,False,175.0,
ow-0519,ow,data/external/dartis/raw/ow/ow-0519.jpg,data/derived/v06_water_masks/land/ow/ow-0519.png,metadata,data/metadata/v06_dartis_water_masks.csv,land_mask_path,True,True,True,0,0.0,1,False,False,175.0,
ow-0520,ow,data/external/dartis/raw/ow/ow-0520.jpg,data/external/dartis/cache/positive/ow-0520.jpg,filesystem,data/external/dartis,,True,True,False,302732,0.739091796875,256,True,True,1050.0,
ow-0521,ow,data/external/dartis/raw/ow/ow-0521.jpg,data/external/dartis/cache/positive/ow-0521.jpg,filesystem,data/external/dartis,,True,True,False,14811,0.03615966796875,215,True,True,1070.0,
ow-0522,ow,data/external/dartis/raw/ow/ow-0522.jpg,data/external/dartis/cache/positive/ow-0522.jpg,filesystem,data/external/dartis,,True,True,False,172997,0.42235595703125,230,True,True,1050.0,
ow-0523,ow,data/external/dartis/raw/ow/ow-0523.jpg,data/derived/v06_water_masks/land/ow/ow-0523.png,metadata,data/metadata/v06_dartis_water_masks.csv,land_mask_path,True,True,True,0,0.0,1,False,False,175.0,
ow-0524,ow,data/external/dartis/raw/ow/ow-0524.jpg,data/derived/v06_water_masks/land/ow/ow-0524.png,metadata,data/metadata/v06_dartis_water_masks.csv,land_mask_path,True,True,True,0,0.0,1,False,False,175.0,
ow-0525,ow,data/external/dartis/raw/ow/ow-0525.jpg,data/external/dartis/cache/positive/ow-0525.jpg,filesystem,data/external/dartis,,True,True,False,311532,0.760576171875,256,True,True,1050.0,
ow-0526,ow,data/external/dartis/raw/ow/ow-0526.jpg,data/derived/v06_water_masks/land/ow/ow-0526.png,metadata,data/metadata/v06_dartis_water_masks.csv,land_mask_path,True,True,True,0,0.0,1,False,False,175.0,
ow-0527,ow,data/external/dartis/raw/ow/ow-0527.jpg,data/derived/v06_water_masks/land/ow/ow-0527.png,metadata,data/metadata/v06_dartis_water_masks.csv,land_mask_path,True,True,True,0,0.0,1,False,False,175.0,
ow-0528,ow,data/external/dartis/raw/ow/ow-0528.jpg,data/derived/v06_water_masks/land/ow/ow-0528.png,metadata,data/metadata/v06_dartis_water_masks.csv,land_mask_path,True,True,True,0,0.0,1,False,False,175.0,
ow-0529,ow,data/external/dartis/raw/ow/ow-0529.jpg,data/external/dartis/cache/positive/ow-0529.jpg,filesystem,data/external/dartis,,True,True,False,395,0.00096435546875,174,True,True,1070.0,
ow-0530,ow,data/external/dartis/raw/ow/ow-0530.jpg,data/derived/v06_water_masks/land/ow/ow-0530.png,metadata,data/metadata/v06_dartis_water_masks.csv,land_mask_path,True,True,True,0,0.0,1,False,False,175.0,
ow-0531,ow,data/external/dartis/raw/ow/ow-0531.jpg,data/external/dartis/cache/positive/ow-0531.jpg,filesystem,data/external/dartis,,True,True,False,301357,0.73573486328125,256,True,True,1050.0,
ow-0532,ow,data/external/dartis/raw/ow/ow-0532.jpg,data/external/dartis/cache/positive/ow-0532.jpg,filesystem,data/external/dartis,,True,True,False,304110,0.7424560546875,236,True,True,1050.0,
ow-0533,ow,data/external/dartis/raw/ow/ow-0533.jpg,data/external/dartis/cache/positive/ow-0533.jpg,filesystem,data/external/dartis,,True,True,False,1130,0.0027587890625,191,True,True,1070.0,
ow-0534,ow,data/external/dartis/raw/ow/ow-0534.jpg,data/derived/v06_water_masks/land/ow/ow-0534.png,metadata,data/metadata/v06_dartis_water_masks.csv,land_mask_path,True,True,True,0,0.0,1,False,False,175.0,
ow-0535,ow,data/external/dartis/raw/ow/ow-0535.jpg,data/derived/v06_water_masks/land/ow/ow-0535.png,metadata,data/metadata/v06_dartis_water_masks.csv,land_mask_path,True,True,True,0,0.0,1,False,False,175.0,
ow-0536,ow,data/external/dartis/raw/ow/ow-0536.jpg,data/external/dartis/cache/positive/ow-0536.jpg,filesystem,data/external/dartis,,True,True,False,273409,0.66750244140625,256,True,True,1050.0,
ow-0537,ow,data/external/dartis/raw/ow/ow-0537.jpg,data/derived/v06_water_masks/land/ow/ow-0537.png,metadata,data/metadata/v06_dartis_water_masks.csv,land_mask_path,True,True,True,0,0.0,1,False,False,175.0,
ow-0538,ow,data/external/dartis/raw/ow/ow-0538.jpg,data/external/dartis/cache/positive/ow-0538.jpg,filesystem,data/external/dartis,,True,True,False,3399,0.00829833984375,250,True,True,1070.0,
ow-0539,ow,data/external/dartis/raw/ow/ow-0539.jpg,data/external/dartis/cache/positive/ow-0539.jpg,filesystem,data/external/dartis,,True,True,False,294819,0.71977294921875,256,True,True,1050.0,
ow-0540,ow,data/external/dartis/raw/ow/ow-0540.jpg,data/external/dartis/cache/positive/ow-0540.jpg,filesystem,data/external/dartis,,True,True,False,327015,0.79837646484375,253,True,True,1050.0,
ow-0541,ow,data/external/dartis/raw/ow/ow-0541.jpg,data/derived/v06_water_masks/land/ow/ow-0541.png,metadata,data/metadata/v06_dartis_water_masks.csv,land_mask_path,True,True,True,0,0.0,1,False,False,175.0,
ow-0542,ow,data/external/dartis/raw/ow/ow-0542.jpg,data/derived/v06_water_masks/land/ow/ow-0542.png,metadata,data/metadata/v06_dartis_water_masks.csv,land_mask_path,True,True,True,0,0.0,1,False,False,175.0,
ow-0543,ow,data/external/dartis/raw/ow/ow-0543.jpg,data/derived/v06_water_masks/land/ow/ow-0543.png,metadata,data/metadata/v06_dartis_water_masks.csv,land_mask_path,True,True,True,0,0.0,1,False,False,175.0,
ow-0544,ow,data/external/dartis/raw/ow/ow-0544.jpg,data/derived/v06_water_masks/land/ow/ow-0544.png,metadata,data/metadata/v06_dartis_water_masks.csv,land_mask_path,True,True,True,0,0.0,1,False,False,175.0,
ow-0545,ow,data/external/dartis/raw/ow/ow-0545.jpg,data/derived/v06_water_masks/land/ow/ow-0545.png,metadata,data/metadata/v06_dartis_water_masks.csv,land_mask_path,True,True,True,0,0.0,1,False,False,175.0,
ow-0546,ow,data/external/dartis/raw/ow/ow-0546.jpg,data/external/dartis/cache/positive/ow-0546.jpg,filesystem,data/external/dartis,,True,True,False,318278,0.7770458984375,256,True,True,1050.0,
ow-0547,ow,data/external/dartis/raw/ow/ow-0547.jpg,data/external/dartis/cache/positive/ow-0547.jpg,filesystem,data/external/dartis,,True,True,False,448,0.00109375,233,True,True,1070.0,
ow-0548,ow,data/external/dartis/raw/ow/ow-0548.jpg,data/derived/v06_water_masks/land/ow/ow-0548.png,metadata,data/metadata/v06_dartis_water_masks.csv,land_mask_path,True,True,True,0,0.0,1,False,False,175.0,
ow-0549,ow,data/external/dartis/raw/ow/ow-0549.jpg,data/derived/v06_water_masks/land/ow/ow-0549.png,metadata,data/metadata/v06_dartis_water_masks.csv,land_mask_path,True,True,True,0,0.0,1,False,False,175.0,
ow-0550,ow,data/external/dartis/raw/ow/ow-0550.jpg,data/derived/v06_water_masks/land/ow/ow-0550.png,metadata,data/metadata/v06_dartis_water_masks.csv,land_mask_path,True,True,True,0,0.0,1,False,False,175.0,
ow-0551,ow,data/external/dartis/raw/ow/ow-0551.jpg,data/derived/v06_water_masks/land/ow/ow-0551.png,metadata,data/metadata/v06_dartis_water_masks.csv,land_mask_path,True,True,True,0,0.0,1,False,False,175.0,
ow-0552,ow,data/external/dartis/raw/ow/ow-0552.jpg,data/derived/v06_water_masks/land/ow/ow-0552.png,metadata,data/metadata/v06_dartis_water_masks.csv,land_mask_path,True,True,True,0,0.0,1,False,False,175.0,
ow-0553,ow,data/external/dartis/raw/ow/ow-0553.jpg,data/derived/v06_water_masks/land/ow/ow-0553.png,metadata,data/metadata/v06_dartis_water_masks.csv,land_mask_path,True,True,True,0,0.0,1,False,False,175.0,
ow-0554,ow,data/external/dartis/raw/ow/ow-0554.jpg,data/derived/v06_water_masks/land/ow/ow-0554.png,metadata,data/metadata/v06_dartis_water_masks.csv,land_mask_path,True,True,True,0,0.0,1,False,False,175.0,
ow-0555,ow,data/external/dartis/raw/ow/ow-0555.jpg,data/external/dartis/cache/positive/ow-0555.jpg,filesystem,data/external/dartis,,True,True,False,1413,0.00344970703125,247,True,True,1070.0,
ow-0556,ow,data/external/dartis/raw/ow/ow-0556.jpg,data/derived/v06_water_masks/land/ow/ow-0556.png,metadata,data/metadata/v06_dartis_water_masks.csv,land_mask_path,True,True,True,0,0.0,1,False,False,175.0,
ow-0557,ow,data/external/dartis/raw/ow/ow-0557.jpg,data/derived/v06_water_masks/land/ow/ow-0557.png,metadata,data/metadata/v06_dartis_water_masks.csv,land_mask_path,True,True,True,0,0.0,1,False,False,175.0,
ow-0558,ow,data/external/dartis/raw/ow/ow-0558.jpg,data/derived/v06_water_masks/land/ow/ow-0558.png,metadata,data/metadata/v06_dartis_water_masks.csv,land_mask_path,True,True,True,0,0.0,1,False,False,175.0,
ow-0559,ow,data/external/dartis/raw/ow/ow-0559.jpg,data/external/dartis/cache/positive/ow-0559.jpg,filesystem,data/external/dartis,,True,True,False,65515,0.15994873046875,238,True,True,1070.0,
ow-0560,ow,data/external/dartis/raw/ow/ow-0560.jpg,data/derived/v06_water_masks/land/ow/ow-0560.png,metadata,data/metadata/v06_dartis_water_masks.csv,land_mask_path,True,True,True,0,0.0,1,False,False,175.0,
ow-0561,ow,data/external/dartis/raw/ow/ow-0561.jpg,data/derived/v06_water_masks/land/ow/ow-0561.png,metadata,data/metadata/v06_dartis_water_masks.csv,land_mask_path,True,True,True,0,0.0,1,False,False,175.0,
ow-0562,ow,data/external/dartis/raw/ow/ow-0562.jpg,data/external/dartis/cache/positive/ow-0562.jpg,filesystem,data/external/dartis,,True,True,False,310197,0.75731689453125,256,True,True,1050.0,
ow-0563,ow,data/external/dartis/raw/ow/ow-0563.jpg,data/derived/v06_water_masks/land/ow/ow-0563.png,metadata,data/metadata/v06_dartis_water_masks.csv,land_mask_path,True,True,True,0,0.0,1,False,False,175.0,
ow-0564,ow,data/external/dartis/raw/ow/ow-0564.jpg,data/external/dartis/cache/positive/ow-0564.jpg,filesystem,data/external/dartis,,True,True,False,327676,0.799990234375,253,True,True,1050.0,
ow-0565,ow,data/external/dartis/raw/ow/ow-0565.jpg,data/derived/v06_water_masks/land/ow/ow-0565.png,metadata,data/metadata/v06_dartis_water_masks.csv,land_mask_path,True,True,True,0,0.0,1,False,False,175.0,
ow-0566,ow,data/external/dartis/raw/ow/ow-0566.jpg,data/external/dartis/cache/positive/ow-0566.jpg,filesystem,data/external/dartis,,True,True,False,105804,0.258310546875,254,True,True,1050.0,
ow-0567,ow,data/external/dartis/raw/ow/ow-0567.jpg,data/external/dartis/cache/positive/ow-0567.jpg,filesystem,data/external/dartis,,True,True,False,325828,0.795478515625,254,True,True,1050.0,
ow-0568,ow,data/external/dartis/raw/ow/ow-0568.jpg,data/derived/v06_water_masks/land/ow/ow-0568.png,metadata,data/metadata/v06_dartis_water_masks.csv,land_mask_path,True,True,True,0,0.0,1,False,False,175.0,
ow-0569,ow,data/external/dartis/raw/ow/ow-0569.jpg,data/external/dartis/cache/positive/ow-0569.jpg,filesystem,data/external/dartis,,True,True,False,150,0.0003662109375,187,True,True,1070.0,
ow-0570,ow,data/external/dartis/raw/ow/ow-0570.jpg,data/derived/v06_water_masks/land/ow/ow-0570.png,metadata,data/metadata/v06_dartis_water_masks.csv,land_mask_path,True,True,True,0,0.0,1,False,False,175.0,
ow-0571,ow,data/external/dartis/raw/ow/ow-0571.jpg,data/derived/v06_water_masks/land/ow/ow-0571.png,metadata,data/metadata/v06_dartis_water_masks.csv,land_mask_path,True,True,True,0,0.0,1,False,False,175.0,
ow-0572,ow,data/external/dartis/raw/ow/ow-0572.jpg,data/derived/v06_water_masks/land/ow/ow-0572.png,metadata,data/metadata/v06_dartis_water_masks.csv,land_mask_path,True,True,True,0,0.0,1,False,False,175.0,
ow-0573,ow,data/external/dartis/raw/ow/ow-0573.jpg,data/derived/v06_water_masks/land/ow/ow-0573.png,metadata,data/metadata/v06_dartis_water_masks.csv,land_mask_path,True,True,True,0,0.0,1,False,False,175.0,
ow-0574,ow,data/external/dartis/raw/ow/ow-0574.jpg,data/external/dartis/cache/positive/ow-0574.jpg,filesystem,data/external/dartis,,True,True,False,107004,0.261240234375,236,True,True,1050.0,
ow-0575,ow,data/external/dartis/raw/ow/ow-0575.jpg,data/external/dartis/cache/positive/ow-0575.jpg,filesystem,data/external/dartis,,True,True,False,278,0.0006787109375,231,True,True,1070.0,
ow-0576,ow,data/external/dartis/raw/ow/ow-0576.jpg,data/derived/v06_water_masks/land/ow/ow-0576.png,metadata,data/metadata/v06_dartis_water_masks.csv,land_mask_path,True,True,True,0,0.0,1,False,False,175.0,
ow-0577,ow,data/external/dartis/raw/ow/ow-0577.jpg,data/derived/v06_water_masks/land/ow/ow-0577.png,metadata,data/metadata/v06_dartis_water_masks.csv,land_mask_path,True,True,True,0,0.0,1,False,False,175.0,
ow-0578,ow,data/external/dartis/raw/ow/ow-0578.jpg,data/derived/v06_water_masks/land/ow/ow-0578.png,metadata,data/metadata/v06_dartis_water_masks.csv,land_mask_path,True,True,True,0,0.0,1,False,False,175.0,
ow-0579,ow,data/external/dartis/raw/ow/ow-0579.jpg,data/derived/v06_water_masks/land/ow/ow-0579.png,metadata,data/metadata/v06_dartis_water_masks.csv,land_mask_path,True,True,True,0,0.0,1,False,False,175.0,
ow-0580,ow,data/external/dartis/raw/ow/ow-0580.jpg,data/derived/v06_water_masks/land/ow/ow-0580.png,metadata,data/metadata/v06_dartis_water_masks.csv,land_mask_path,True,True,True,0,0.0,1,False,False,175.0,
ow-0581,ow,data/external/dartis/raw/ow/ow-0581.jpg,data/external/dartis/cache/positive/ow-0581.jpg,filesystem,data/external/dartis,,True,True,False,1140,0.002783203125,250,True,True,1070.0,
ow-0582,ow,data/external/dartis/raw/ow/ow-0582.jpg,data/derived/v06_water_masks/land/ow/ow-0582.png,metadata,data/metadata/v06_dartis_water_masks.csv,land_mask_path,True,True,True,0,0.0,1,False,False,175.0,
ow-0583,ow,data/external/dartis/raw/ow/ow-0583.jpg,data/derived/v06_water_masks/land/ow/ow-0583.png,metadata,data/metadata/v06_dartis_water_masks.csv,land_mask_path,True,True,True,0,0.0,1,False,False,175.0,
ow-0584,ow,data/external/dartis/raw/ow/ow-0584.jpg,data/derived/v06_water_masks/land/ow/ow-0584.png,metadata,data/metadata/v06_dartis_water_masks.csv,land_mask_path,True,True,True,0,0.0,1,False,False,175.0,
ow-0585,ow,data/external/dartis/raw/ow/ow-0585.jpg,data/derived/v06_water_masks/land/ow/ow-0585.png,metadata,data/metadata/v06_dartis_water_masks.csv,land_mask_path,True,True,True,0,0.0,1,False,False,175.0,
ow-0586,ow,data/external/dartis/raw/ow/ow-0586.jpg,data/external/dartis/cache/positive/ow-0586.jpg,filesystem,data/external/dartis,,True,True,False,93806,0.08706345759037129,189,True,True,1070.0,
ow-0587,ow,data/external/dartis/raw/ow/ow-0587.jpg,data/external/dartis/cache/positive/ow-0587.jpg,filesystem,data/external/dartis,,True,True,False,112,0.0002734375,193,True,True,1070.0,
ow-0588,ow,data/external/dartis/raw/ow/ow-0588.jpg,data/external/dartis/cache/positive/ow-0588.jpg,filesystem,data/external/dartis,,True,True,False,199357,0.48671142578125,231,True,True,1050.0,
ow-0589,ow,data/external/dartis/raw/ow/ow-0589.jpg,data/external/dartis/cache/positive/ow-0589.jpg,filesystem,data/external/dartis,,True,True,False,305,0.00074462890625,228,True,True,1070.0,
ow-0590,ow,data/external/dartis/raw/ow/ow-0590.jpg,data/derived/v06_water_masks/land/ow/ow-0590.png,metadata,data/metadata/v06_dartis_water_masks.csv,land_mask_path,True,True,True,0,0.0,1,False,False,175.0,
ow-0591,ow,data/external/dartis/raw/ow/ow-0591.jpg,data/external/dartis/cache/positive/ow-0591.jpg,filesystem,data/external/dartis,,True,True,False,648197,0.3823710892612335,253,True,True,1050.0,
ow-0592,ow,data/external/dartis/raw/ow/ow-0592.jpg,data/derived/v06_water_masks/land/ow/ow-0592.png,metadata,data/metadata/v06_dartis_water_masks.csv,land_mask_path,True,True,True,0,0.0,1,False,False,175.0,
ow-0593,ow,data/external/dartis/raw/ow/ow-0593.jpg,data/external/dartis/cache/positive/ow-0593.jpg,filesystem,data/external/dartis,,True,True,False,67,0.00016357421875,169,True,True,1070.0,
ow-0594,ow,data/external/dartis/raw/ow/ow-0594.jpg,data/derived/v06_water_masks/land/ow/ow-0594.png,metadata,data/metadata/v06_dartis_water_masks.csv,land_mask_path,True,True,True,0,0.0,1,False,False,175.0,
ow-0595,ow,data/external/dartis/raw/ow/ow-0595.jpg,data/external/dartis/cache/positive/ow-0595.jpg,filesystem,data/external/dartis,,True,True,False,309708,0.756123046875,256,True,True,1050.0,
ow-0596,ow,data/external/dartis/raw/ow/ow-0596.jpg,data/derived/v06_water_masks/land/ow/ow-0596.png,metadata,data/metadata/v06_dartis_water_masks.csv,land_mask_path,True,True,True,0,0.0,1,False,False,175.0,
ow-0597,ow,data/external/dartis/raw/ow/ow-0597.jpg,data/external/dartis/cache/positive/ow-0597.jpg,filesystem,data/external/dartis,,True,True,False,2575,0.00628662109375,186,True,True,1070.0,
ow-0598,ow,data/external/dartis/raw/ow/ow-0598.jpg,data/derived/v06_water_masks/land/ow/ow-0598.png,metadata,data/metadata/v06_dartis_water_masks.csv,land_mask_path,True,True,True,0,0.0,1,False,False,175.0,
ow-0599,ow,data/external/dartis/raw/ow/ow-0599.jpg,data/external/dartis/cache/positive/ow-0599.jpg,filesystem,data/external/dartis,,True,True,False,4907,0.01197998046875,159,True,True,1070.0,
ow-0600,ow,data/external/dartis/raw/ow/ow-0600.jpg,data/derived/v06_water_masks/land/ow/ow-0600.png,metadata,data/metadata/v06_dartis_water_masks.csv,land_mask_path,True,True,True,0,0.0,1,False,False,175.0,
ow-0601,ow,data/external/dartis/raw/ow/ow-0601.jpg,data/external/dartis/cache/positive/ow-0601.jpg,filesystem,data/external/dartis,,True,True,False,322785,0.78804931640625,256,True,True,1050.0,
ow-0602,ow,data/external/dartis/raw/ow/ow-0602.jpg,data/derived/v06_water_masks/land/ow/ow-0602.png,metadata,data/metadata/v06_dartis_water_masks.csv,land_mask_path,True,True,True,0,0.0,1,False,False,175.0,
ow-0603,ow,data/external/dartis/raw/ow/ow-0603.jpg,data/derived/v06_water_masks/land/ow/ow-0603.png,metadata,data/metadata/v06_dartis_water_masks.csv,land_mask_path,True,True,True,0,0.0,1,False,False,175.0,
ow-0604,ow,data/external/dartis/raw/ow/ow-0604.jpg,data/derived/v06_water_masks/land/ow/ow-0604.png,metadata,data/metadata/v06_dartis_water_masks.csv,land_mask_path,True,True,True,0,0.0,1,False,False,175.0,
ow-0605,ow,data/external/dartis/raw/ow/ow-0605.jpg,data/derived/v06_water_masks/land/ow/ow-0605.png,metadata,data/metadata/v06_dartis_water_masks.csv,land_mask_path,True,True,True,0,0.0,1,False,False,175.0,
ow-0606,ow,data/external/dartis/raw/ow/ow-0606.jpg,data/derived/v06_water_masks/land/ow/ow-0606.png,metadata,data/metadata/v06_dartis_water_masks.csv,land_mask_path,True,True,True,0,0.0,1,False,False,175.0,
ow-0607,ow,data/external/dartis/raw/ow/ow-0607.jpg,data/derived/v06_water_masks/land/ow/ow-0607.png,metadata,data/metadata/v06_dartis_water_masks.csv,land_mask_path,True,True,True,0,0.0,1,False,False,175.0,
ow-0608,ow,data/external/dartis/raw/ow/ow-0608.jpg,data/external/dartis/cache/positive/ow-0608.jpg,filesystem,data/external/dartis,,True,True,False,319264,0.779453125,228,True,True,1050.0,
ow-0609,ow,data/external/dartis/raw/ow/ow-0609.jpg,data/derived/v06_water_masks/land/ow/ow-0609.png,metadata,data/metadata/v06_dartis_water_masks.csv,land_mask_path,True,True,True,0,0.0,1,False,False,175.0,
ow-0610,ow,data/external/dartis/raw/ow/ow-0610.jpg,data/derived/v06_water_masks/land/ow/ow-0610.png,metadata,data/metadata/v06_dartis_water_masks.csv,land_mask_path,True,True,True,0,0.0,1,False,False,175.0,
ow-0611,ow,data/external/dartis/raw/ow/ow-0611.jpg,data/external/dartis/cache/positive/ow-0611.jpg,filesystem,data/external/dartis,,True,True,False,311311,0.76003662109375,253,True,True,1050.0,
ow-0612,ow,data/external/dartis/raw/ow/ow-0612.jpg,data/external/dartis/cache/positive/ow-0612.jpg,filesystem,data/external/dartis,,True,True,False,208,0.0005078125,221,True,True,1070.0,
ow-0613,ow,data/external/dartis/raw/ow/ow-0613.jpg,data/external/dartis/cache/positive/ow-0613.jpg,filesystem,data/external/dartis,,True,True,False,319847,0.78087646484375,256,True,True,1050.0,
ow-0614,ow,data/external/dartis/raw/ow/ow-0614.jpg,data/derived/v06_water_masks/land/ow/ow-0614.png,metadata,data/metadata/v06_dartis_water_masks.csv,land_mask_path,True,True,True,0,0.0,1,False,False,175.0,
ow-0615,ow,data/external/dartis/raw/ow/ow-0615.jpg,data/derived/v06_water_masks/land/ow/ow-0615.png,metadata,data/metadata/v06_dartis_water_masks.csv,land_mask_path,True,True,True,0,0.0,1,False,False,175.0,
ow-0616,ow,data/external/dartis/raw/ow/ow-0616.jpg,data/derived/v06_water_masks/land/ow/ow-0616.png,metadata,data/metadata/v06_dartis_water_masks.csv,land_mask_path,True,True,True,0,0.0,1,False,False,175.0,
ow-0617,ow,data/external/dartis/raw/ow/ow-0617.jpg,data/derived/v06_water_masks/land/ow/ow-0617.png,metadata,data/metadata/v06_dartis_water_masks.csv,land_mask_path,True,True,True,0,0.0,1,False,False,175.0,
ow-0618,ow,data/external/dartis/raw/ow/ow-0618.jpg,data/external/dartis/cache/positive/ow-0618.jpg,filesystem,data/external/dartis,,True,True,False,112,0.0002734375,197,True,True,1070.0,
ow-0619,ow,data/external/dartis/raw/ow/ow-0619.jpg,data/external/dartis/cache/positive/ow-0619.jpg,filesystem,data/external/dartis,,True,True,False,61707,0.15065185546875,205,True,True,1070.0,
ow-0620,ow,data/external/dartis/raw/ow/ow-0620.jpg,data/external/dartis/cache/positive/ow-0620.jpg,filesystem,data/external/dartis,,True,True,False,157072,0.3834765625,240,True,True,1050.0,
ow-0621,ow,data/external/dartis/raw/ow/ow-0621.jpg,data/external/dartis/cache/positive/ow-0621.jpg,filesystem,data/external/dartis,,True,True,False,201,0.00049072265625,218,True,True,1070.0,
ow-0622,ow,data/external/dartis/raw/ow/ow-0622.jpg,data/external/dartis/cache/positive/ow-0622.jpg,filesystem,data/external/dartis,,True,True,False,326817,0.79789306640625,256,True,True,1050.0,
ow-0623,ow,data/external/dartis/raw/ow/ow-0623.jpg,data/derived/v06_water_masks/land/ow/ow-0623.png,metadata,data/metadata/v06_dartis_water_masks.csv,land_mask_path,True,True,True,0,0.0,1,False,False,175.0,
ow-0624,ow,data/external/dartis/raw/ow/ow-0624.jpg,data/derived/v06_water_masks/land/ow/ow-0624.png,metadata,data/metadata/v06_dartis_water_masks.csv,land_mask_path,True,True,True,0,0.0,1,False,False,175.0,
ow-0625,ow,data/external/dartis/raw/ow/ow-0625.jpg,data/external/dartis/cache/positive/ow-0625.jpg,filesystem,data/external/dartis,,True,True,False,370,0.0009033203125,238,True,True,1070.0,
ow-0626,ow,data/external/dartis/raw/ow/ow-0626.jpg,data/derived/v06_water_masks/land/ow/ow-0626.png,metadata,data/metadata/v06_dartis_water_masks.csv,land_mask_path,True,True,True,0,0.0,1,False,False,175.0,
ow-0627,ow,data/external/dartis/raw/ow/ow-0627.jpg,data/derived/v06_water_masks/land/ow/ow-0627.png,metadata,data/metadata/v06_dartis_water_masks.csv,land_mask_path,True,True,True,0,0.0,1,False,False,175.0,
ow-0628,ow,data/external/dartis/raw/ow/ow-0628.jpg,data/derived/v06_water_masks/land/ow/ow-0628.png,metadata,data/metadata/v06_dartis_water_masks.csv,land_mask_path,True,True,True,0,0.0,1,False,False,175.0,
ow-0629,ow,data/external/dartis/raw/ow/ow-0629.jpg,data/derived/v06_water_masks/land/ow/ow-0629.png,metadata,data/metadata/v06_dartis_water_masks.csv,land_mask_path,True,True,True,0,0.0,1,False,False,175.0,
ow-0630,ow,data/external/dartis/raw/ow/ow-0630.jpg,data/derived/v06_water_masks/land/ow/ow-0630.png,metadata,data/metadata/v06_dartis_water_masks.csv,land_mask_path,True,True,True,0,0.0,1,False,False,175.0,
ow-0631,ow,data/external/dartis/raw/ow/ow-0631.jpg,data/derived/v06_water_masks/land/ow/ow-0631.png,metadata,data/metadata/v06_dartis_water_masks.csv,land_mask_path,True,True,True,0,0.0,1,False,False,175.0,
ow-0632,ow,data/external/dartis/raw/ow/ow-0632.jpg,data/external/dartis/cache/positive/ow-0632.jpg,filesystem,data/external/dartis,,True,True,False,323590,0.7900146484375,256,True,True,1050.0,
ow-0633,ow,data/external/dartis/raw/ow/ow-0633.jpg,data/derived/v06_water_masks/land/ow/ow-0633.png,metadata,data/metadata/v06_dartis_water_masks.csv,land_mask_path,True,True,True,0,0.0,1,False,False,175.0,
ow-0634,ow,data/external/dartis/raw/ow/ow-0634.jpg,data/external/dartis/cache/positive/ow-0634.jpg,filesystem,data/external/dartis,,True,True,False,323220,0.789111328125,256,True,True,1050.0,
ow-0635,ow,data/external/dartis/raw/ow/ow-0635.jpg,data/external/dartis/cache/positive/ow-0635.jpg,filesystem,data/external/dartis,,True,True,False,198553,0.48474853515625,241,True,True,1050.0,
ow-0636,ow,data/external/dartis/raw/ow/ow-0636.jpg,data/external/dartis/cache/positive/ow-0636.jpg,filesystem,data/external/dartis,,True,True,False,88978,0.2172314453125,243,True,True,1050.0,
ow-0637,ow,data/external/dartis/raw/ow/ow-0637.jpg,data/derived/v06_water_masks/land/ow/ow-0637.png,metadata,data/metadata/v06_dartis_water_masks.csv,land_mask_path,True,True,True,0,0.0,1,False,False,175.0,
ow-0638,ow,data/external/dartis/raw/ow/ow-0638.jpg,data/external/dartis/cache/positive/ow-0638.jpg,filesystem,data/external/dartis,,True,True,False,266,0.0006494140625,216,True,True,1070.0,
ow-0639,ow,data/external/dartis/raw/ow/ow-0639.jpg,data/external/dartis/cache/positive/ow-0639.jpg,filesystem,data/external/dartis,,True,True,False,302787,0.73922607421875,249,True,True,1050.0,
ow-0640,ow,data/external/dartis/raw/ow/ow-0640.jpg,data/derived/v06_water_masks/land/ow/ow-0640.png,metadata,data/metadata/v06_dartis_water_masks.csv,land_mask_path,True,True,True,0,0.0,1,False,False,175.0,
ow-0641,ow,data/external/dartis/raw/ow/ow-0641.jpg,data/derived/v06_water_masks/land/ow/ow-0641.png,metadata,data/metadata/v06_dartis_water_masks.csv,land_mask_path,True,True,True,0,0.0,1,False,False,175.0,
ow-0642,ow,data/external/dartis/raw/ow/ow-0642.jpg,data/external/dartis/cache/positive/ow-0642.jpg,filesystem,data/external/dartis,,True,True,False,450,0.0010986328125,229,True,True,1070.0,
ow-0643,ow,data/external/dartis/raw/ow/ow-0643.jpg,data/derived/v06_water_masks/land/ow/ow-0643.png,metadata,data/metadata/v06_dartis_water_masks.csv,land_mask_path,True,True,True,0,0.0,1,False,False,175.0,
ow-0644,ow,data/external/dartis/raw/ow/ow-0644.jpg,data/external/dartis/cache/positive/ow-0644.jpg,filesystem,data/external/dartis,,True,True,False,39855,0.09730224609375,209,True,True,1070.0,
ow-0645,ow,data/external/dartis/raw/ow/ow-0645.jpg,data/derived/v06_water_masks/land/ow/ow-0645.png,metadata,data/metadata/v06_dartis_water_masks.csv,land_mask_path,True,True,True,0,0.0,1,False,False,175.0,
ow-0646,ow,data/external/dartis/raw/ow/ow-0646.jpg,data/external/dartis/cache/positive/ow-0646.jpg,filesystem,data/external/dartis,,True,True,False,72375,0.17669677734375,202,True,True,1070.0,
ow-0647,ow,data/external/dartis/raw/ow/ow-0647.jpg,data/external/dartis/cache/positive/ow-0647.jpg,filesystem,data/external/dartis,,True,True,False,215,7.158818215629598e-05,219,True,True,1070.0,
ow-0648,ow,data/external/dartis/raw/ow/ow-0648.jpg,data/derived/v06_water_masks/land/ow/ow-0648.png,metadata,data/metadata/v06_dartis_water_masks.csv,land_mask_path,True,True,True,0,0.0,1,False,False,175.0,
ow-0649,ow,data/external/dartis/raw/ow/ow-0649.jpg,data/external/dartis/cache/positive/ow-0649.jpg,filesystem,data/external/dartis,,True,True,False,307383,0.75044677734375,232,True,True,1050.0,
ow-0650,ow,data/external/dartis/raw/ow/ow-0650.jpg,data/derived/v06_water_masks/land/ow/ow-0650.png,metadata,data/metadata/v06_dartis_water_masks.csv,land_mask_path,True,True,True,0,0.0,1,False,False,175.0,
ow-0651,ow,data/external/dartis/raw/ow/ow-0651.jpg,data/external/dartis/cache/positive/ow-0651.jpg,filesystem,data/external/dartis,,True,True,False,947,0.00231201171875,195,True,True,1070.0,
ow-0652,ow,data/external/dartis/raw/ow/ow-0652.jpg,data/external/dartis/cache/positive/ow-0652.jpg,filesystem,data/external/dartis,,True,True,False,91,0.00022216796875,185,True,True,1070.0,
ow-0653,ow,data/external/dartis/raw/ow/ow-0653.jpg,data/external/dartis/cache/positive/ow-0653.jpg,filesystem,data/external/dartis,,True,True,False,203736,0.49740234375,245,True,True,1050.0,
ow-0654,ow,data/external/dartis/raw/ow/ow-0654.jpg,data/external/dartis/cache/positive/ow-0654.jpg,filesystem,data/external/dartis,,True,True,False,688507,0.7726171987216317,256,True,True,1050.0,
ow-0655,ow,data/external/dartis/raw/ow/ow-0655.jpg,data/derived/v06_water_masks/land/ow/ow-0655.png,metadata,data/metadata/v06_dartis_water_masks.csv,land_mask_path,True,True,True,0,0.0,1,False,False,175.0,
ow-0656,ow,data/external/dartis/raw/ow/ow-0656.jpg,data/derived/v06_water_masks/land/ow/ow-0656.png,metadata,data/metadata/v06_dartis_water_masks.csv,land_mask_path,True,True,True,0,0.0,1,False,False,175.0,
ow-0657,ow,data/external/dartis/raw/ow/ow-0657.jpg,data/derived/v06_water_masks/land/ow/ow-0657.png,metadata,data/metadata/v06_dartis_water_masks.csv,land_mask_path,True,True,True,0,0.0,1,False,False,175.0,
ow-0658,ow,data/external/dartis/raw/ow/ow-0658.jpg,data/derived/v06_water_masks/land/ow/ow-0658.png,metadata,data/metadata/v06_dartis_water_masks.csv,land_mask_path,True,True,True,0,0.0,1,False,False,175.0,
ow-0659,ow,data/external/dartis/raw/ow/ow-0659.jpg,data/external/dartis/cache/positive/ow-0659.jpg,filesystem,data/external/dartis,,True,True,False,300286,0.7331201171875,253,True,True,1050.0,
ow-0660,ow,data/external/dartis/raw/ow/ow-0660.jpg,data/external/dartis/cache/positive/ow-0660.jpg,filesystem,data/external/dartis,,True,True,False,147,0.00035888671875,210,True,True,1070.0,
ow-0661,ow,data/external/dartis/raw/ow/ow-0661.jpg,data/derived/v06_water_masks/land/ow/ow-0661.png,metadata,data/metadata/v06_dartis_water_masks.csv,land_mask_path,True,True,True,0,0.0,1,False,False,175.0,
ow-0662,ow,data/external/dartis/raw/ow/ow-0662.jpg,data/external/dartis/cache/positive/ow-0662.jpg,filesystem,data/external/dartis,,True,True,False,296017,0.72269775390625,241,True,True,1050.0,
ow-0663,ow,data/external/dartis/raw/ow/ow-0663.jpg,data/external/dartis/cache/positive/ow-0663.jpg,filesystem,data/external/dartis,,True,True,False,319112,0.77908203125,256,True,True,1050.0,
ow-0664,ow,data/external/dartis/raw/ow/ow-0664.jpg,data/external/dartis/cache/positive/ow-0664.jpg,filesystem,data/external/dartis,,True,True,False,306314,0.7478369140625,256,True,True,1050.0,
ow-0665,ow,data/external/dartis/raw/ow/ow-0665.jpg,data/derived/v06_water_masks/land/ow/ow-0665.png,metadata,data/metadata/v06_dartis_water_masks.csv,land_mask_path,True,True,True,0,0.0,1,False,False,175.0,
ow-0666,ow,data/external/dartis/raw/ow/ow-0666.jpg,data/derived/v06_water_masks/land/ow/ow-0666.png,metadata,data/metadata/v06_dartis_water_masks.csv,land_mask_path,True,True,True,0,0.0,1,False,False,175.0,
ow-0667,ow,data/external/dartis/raw/ow/ow-0667.jpg,data/derived/v06_water_masks/land/ow/ow-0667.png,metadata,data/metadata/v06_dartis_water_masks.csv,land_mask_path,True,True,True,0,0.0,1,False,False,175.0,
ow-0668,ow,data/external/dartis/raw/ow/ow-0668.jpg,data/derived/v06_water_masks/land/ow/ow-0668.png,metadata,data/metadata/v06_dartis_water_masks.csv,land_mask_path,True,True,True,0,0.0,1,False,False,175.0,
ow-0669,ow,data/external/dartis/raw/ow/ow-0669.jpg,data/derived/v06_water_masks/land/ow/ow-0669.png,metadata,data/metadata/v06_dartis_water_masks.csv,land_mask_path,True,True,True,0,0.0,1,False,False,175.0,
ow-0670,ow,data/external/dartis/raw/ow/ow-0670.jpg,data/external/dartis/cache/positive/ow-0670.jpg,filesystem,data/external/dartis,,True,True,False,263278,0.6427685546875,256,True,True,1050.0,
ow-0671,ow,data/external/dartis/raw/ow/ow-0671.jpg,data/external/dartis/cache/positive/ow-0671.jpg,filesystem,data/external/dartis,,True,True,False,231203,0.56446044921875,250,True,True,1050.0,
ow-0672,ow,data/external/dartis/raw/ow/ow-0672.jpg,data/derived/v06_water_masks/land/ow/ow-0672.png,metadata,data/metadata/v06_dartis_water_masks.csv,land_mask_path,True,True,True,0,0.0,1,False,False,175.0,
ow-0673,ow,data/external/dartis/raw/ow/ow-0673.jpg,data/derived/v06_water_masks/land/ow/ow-0673.png,metadata,data/metadata/v06_dartis_water_masks.csv,land_mask_path,True,True,True,0,0.0,1,False,False,175.0,
ow-0674,ow,data/external/dartis/raw/ow/ow-0674.jpg,data/external/dartis/cache/positive/ow-0674.jpg,filesystem,data/external/dartis,,True,True,False,32,7.8125e-05,147,True,True,1070.0,
ow-0675,ow,data/external/dartis/raw/ow/ow-0675.jpg,data/derived/v06_water_masks/land/ow/ow-0675.png,metadata,data/metadata/v06_dartis_water_masks.csv,land_mask_path,True,True,True,0,0.0,1,False,False,175.0,
ow-0676,ow,data/external/dartis/raw/ow/ow-0676.jpg,data/derived/v06_water_masks/land/ow/ow-0676.png,metadata,data/metadata/v06_dartis_water_masks.csv,land_mask_path,True,True,True,0,0.0,1,False,False,175.0,
ow-0677,ow,data/external/dartis/raw/ow/ow-0677.jpg,data/external/dartis/cache/positive/ow-0677.jpg,filesystem,data/external/dartis,,True,True,False,303497,0.74095947265625,255,True,True,1050.0,
ow-0678,ow,data/external/dartis/raw/ow/ow-0678.jpg,data/derived/v06_water_masks/land/ow/ow-0678.png,metadata,data/metadata/v06_dartis_water_masks.csv,land_mask_path,True,True,True,0,0.0,1,False,False,175.0,
ow-0679,ow,data/external/dartis/raw/ow/ow-0679.jpg,data/derived/v06_water_masks/land/ow/ow-0679.png,metadata,data/metadata/v06_dartis_water_masks.csv,land_mask_path,True,True,True,0,0.0,1,False,False,175.0,
ow-0680,ow,data/external/dartis/raw/ow/ow-0680.jpg,data/derived/v06_water_masks/land/ow/ow-0680.png,metadata,data/metadata/v06_dartis_water_masks.csv,land_mask_path,True,True,True,0,0.0,1,False,False,175.0,
ow-0681,ow,data/external/dartis/raw/ow/ow-0681.jpg,data/derived/v06_water_masks/land/ow/ow-0681.png,metadata,data/metadata/v06_dartis_water_masks.csv,land_mask_path,True,True,True,0,0.0,1,False,False,175.0,
ow-0682,ow,data/external/dartis/raw/ow/ow-0682.jpg,data/derived/v06_water_masks/land/ow/ow-0682.png,metadata,data/metadata/v06_dartis_water_masks.csv,land_mask_path,True,True,True,0,0.0,1,False,False,175.0,
ow-0683,ow,data/external/dartis/raw/ow/ow-0683.jpg,data/derived/v06_water_masks/land/ow/ow-0683.png,metadata,data/metadata/v06_dartis_water_masks.csv,land_mask_path,True,True,True,0,0.0,1,False,False,175.0,
ow-0684,ow,data/external/dartis/raw/ow/ow-0684.jpg,data/external/dartis/cache/positive/ow-0684.jpg,filesystem,data/external/dartis,,True,True,False,290439,0.70907958984375,256,True,True,1050.0,
ow-0685,ow,data/external/dartis/raw/ow/ow-0685.jpg,data/external/dartis/cache/positive/ow-0685.jpg,filesystem,data/external/dartis,,True,True,False,141091,0.34446044921875,238,True,True,1050.0,
ow-0686,ow,data/external/dartis/raw/ow/ow-0686.jpg,data/derived/v06_water_masks/land/ow/ow-0686.png,metadata,data/metadata/v06_dartis_water_masks.csv,land_mask_path,True,True,True,0,0.0,1,False,False,175.0,
ow-0687,ow,data/external/dartis/raw/ow/ow-0687.jpg,data/derived/v06_water_masks/land/ow/ow-0687.png,metadata,data/metadata/v06_dartis_water_masks.csv,land_mask_path,True,True,True,0,0.0,1,False,False,175.0,
ow-0688,ow,data/external/dartis/raw/ow/ow-0688.jpg,data/derived/v06_water_masks/land/ow/ow-0688.png,metadata,data/metadata/v06_dartis_water_masks.csv,land_mask_path,True,True,True,0,0.0,1,False,False,175.0,
ow-0689,ow,data/external/dartis/raw/ow/ow-0689.jpg,data/derived/v06_water_masks/land/ow/ow-0689.png,metadata,data/metadata/v06_dartis_water_masks.csv,land_mask_path,True,True,True,0,0.0,1,False,False,175.0,
ow-0690,ow,data/external/dartis/raw/ow/ow-0690.jpg,data/external/dartis/cache/positive/ow-0690.jpg,filesystem,data/external/dartis,,True,True,False,886,0.0021630859375,189,True,True,1070.0,
ow-0691,ow,data/external/dartis/raw/ow/ow-0691.jpg,data/derived/v06_water_masks/land/ow/ow-0691.png,metadata,data/metadata/v06_dartis_water_masks.csv,land_mask_path,True,True,True,0,0.0,1,False,False,175.0,
ow-0692,ow,data/external/dartis/raw/ow/ow-0692.jpg,data/external/dartis/cache/positive/ow-0692.jpg,filesystem,data/external/dartis,,True,True,False,272169,0.66447509765625,256,True,True,1050.0,
ow-0693,ow,data/external/dartis/raw/ow/ow-0693.jpg,data/external/dartis/cache/positive/ow-0693.jpg,filesystem,data/external/dartis,,True,True,False,297894,0.7272802734375,256,True,True,1050.0,
ow-0694,ow,data/external/dartis/raw/ow/ow-0694.jpg,data/derived/v06_water_masks/land/ow/ow-0694.png,metadata,data/metadata/v06_dartis_water_masks.csv,land_mask_path,True,True,True,0,0.0,1,False,False,175.0,
ow-0695,ow,data/external/dartis/raw/ow/ow-0695.jpg,data/derived/v06_water_masks/land/ow/ow-0695.png,metadata,data/metadata/v06_dartis_water_masks.csv,land_mask_path,True,True,True,0,0.0,1,False,False,175.0,
ow-0696,ow,data/external/dartis/raw/ow/ow-0696.jpg,data/derived/v06_water_masks/land/ow/ow-0696.png,metadata,data/metadata/v06_dartis_water_masks.csv,land_mask_path,True,True,True,0,0.0,1,False,False,175.0,
ow-0697,ow,data/external/dartis/raw/ow/ow-0697.jpg,data/external/dartis/cache/positive/ow-0697.jpg,filesystem,data/external/dartis,,True,True,False,676,0.001650390625,151,True,True,1070.0,
ow-0698,ow,data/external/dartis/raw/ow/ow-0698.jpg,data/external/dartis/cache/positive/ow-0698.jpg,filesystem,data/external/dartis,,True,True,False,304039,0.74228271484375,256,True,True,1050.0,
ow-0699,ow,data/external/dartis/raw/ow/ow-0699.jpg,data/derived/v06_water_masks/land/ow/ow-0699.png,metadata,data/metadata/v06_dartis_water_masks.csv,land_mask_path,True,True,True,0,0.0,1,False,False,175.0,
ow-0700,ow,data/external/dartis/raw/ow/ow-0700.jpg,data/external/dartis/cache/positive/ow-0700.jpg,filesystem,data/external/dartis,,True,True,False,40,9.765625e-05,153,True,True,1070.0,
ow-0701,ow,data/external/dartis/raw/ow/ow-0701.jpg,data/derived/v06_water_masks/land/ow/ow-0701.png,metadata,data/metadata/v06_dartis_water_masks.csv,land_mask_path,True,True,True,0,0.0,1,False,False,175.0,
ow-0702,ow,data/external/dartis/raw/ow/ow-0702.jpg,data/derived/v06_water_masks/land/ow/ow-0702.png,metadata,data/metadata/v06_dartis_water_masks.csv,land_mask_path,True,True,True,0,0.0,1,False,False,175.0,
ow-0703,ow,data/external/dartis/raw/ow/ow-0703.jpg,data/derived/v06_water_masks/land/ow/ow-0703.png,metadata,data/metadata/v06_dartis_water_masks.csv,land_mask_path,True,True,True,0,0.0,1,False,False,175.0,
ow-0704,ow,data/external/dartis/raw/ow/ow-0704.jpg,data/external/dartis/cache/positive/ow-0704.jpg,filesystem,data/external/dartis,,True,True,False,204,0.000498046875,215,True,True,1070.0,
ow-0705,ow,data/external/dartis/raw/ow/ow-0705.jpg,data/derived/v06_water_masks/land/ow/ow-0705.png,metadata,data/metadata/v06_dartis_water_masks.csv,land_mask_path,True,True,True,0,0.0,1,False,False,175.0,
ow-0706,ow,data/external/dartis/raw/ow/ow-0706.jpg,data/external/dartis/cache/positive/ow-0706.jpg,filesystem,data/external/dartis,,True,True,False,3939,0.00961669921875,235,True,True,1070.0,
ow-0707,ow,data/external/dartis/raw/ow/ow-0707.jpg,data/derived/v06_water_masks/land/ow/ow-0707.png,metadata,data/metadata/v06_dartis_water_masks.csv,land_mask_path,True,True,True,0,0.0,1,False,False,175.0,
ow-0708,ow,data/external/dartis/raw/ow/ow-0708.jpg,data/derived/v06_water_masks/land/ow/ow-0708.png,metadata,data/metadata/v06_dartis_water_masks.csv,land_mask_path,True,True,True,0,0.0,1,False,False,175.0,
ow-0709,ow,data/external/dartis/raw/ow/ow-0709.jpg,data/external/dartis/cache/positive/ow-0709.jpg,filesystem,data/external/dartis,,True,True,False,165,0.00040283203125,218,True,True,1070.0,
ow-0710,ow,data/external/dartis/raw/ow/ow-0710.jpg,data/derived/v06_water_masks/land/ow/ow-0710.png,metadata,data/metadata/v06_dartis_water_masks.csv,land_mask_path,True,True,True,0,0.0,1,False,False,175.0,
ow-0711,ow,data/external/dartis/raw/ow/ow-0711.jpg,data/external/dartis/cache/positive/ow-0711.jpg,filesystem,data/external/dartis,,True,True,False,287399,0.70165771484375,251,True,True,1050.0,
ow-0712,ow,data/external/dartis/raw/ow/ow-0712.jpg,data/derived/v06_water_masks/land/ow/ow-0712.png,metadata,data/metadata/v06_dartis_water_masks.csv,land_mask_path,True,True,True,0,0.0,1,False,False,175.0,
ow-0713,ow,data/external/dartis/raw/ow/ow-0713.jpg,data/external/dartis/cache/positive/ow-0713.jpg,filesystem,data/external/dartis,,True,True,False,320006,0.7812646484375,256,True,True,1050.0,
ow-0714,ow,data/external/dartis/raw/ow/ow-0714.jpg,data/external/dartis/cache/positive/ow-0714.jpg,filesystem,data/external/dartis,,True,True,False,68090,0.1662353515625,175,True,True,1070.0,
ow-0715,ow,data/external/dartis/raw/ow/ow-0715.jpg,data/derived/v06_water_masks/land/ow/ow-0715.png,metadata,data/metadata/v06_dartis_water_masks.csv,land_mask_path,True,True,True,0,0.0,1,False,False,175.0,
ow-0716,ow,data/external/dartis/raw/ow/ow-0716.jpg,data/external/dartis/cache/positive/ow-0716.jpg,filesystem,data/external/dartis,,True,True,False,324395,0.79197998046875,256,True,True,1050.0,
ow-0717,ow,data/external/dartis/raw/ow/ow-0717.jpg,data/derived/v06_water_masks/land/ow/ow-0717.png,metadata,data/metadata/v06_dartis_water_masks.csv,land_mask_path,True,True,True,0,0.0,1,False,False,175.0,
ow-0718,ow,data/external/dartis/raw/ow/ow-0718.jpg,data/derived/v06_water_masks/land/ow/ow-0718.png,metadata,data/metadata/v06_dartis_water_masks.csv,land_mask_path,True,True,True,0,0.0,1,False,False,175.0,
ow-0719,ow,data/external/dartis/raw/ow/ow-0719.jpg,data/external/dartis/cache/positive/ow-0719.jpg,filesystem,data/external/dartis,,True,True,False,320396,0.782216796875,256,True,True,1050.0,
ow-0720,ow,data/external/dartis/raw/ow/ow-0720.jpg,data/external/dartis/cache/positive/ow-0720.jpg,filesystem,data/external/dartis,,True,True,False,986,0.0024072265625,254,True,True,1070.0,
ow-0721,ow,data/external/dartis/raw/ow/ow-0721.jpg,data/external/dartis/cache/positive/ow-0721.jpg,filesystem,data/external/dartis,,True,True,False,198393,0.48435791015625,251,True,True,1050.0,
ow-0722,ow,data/external/dartis/raw/ow/ow-0722.jpg,data/external/dartis/cache/positive/ow-0722.jpg,filesystem,data/external/dartis,,True,True,False,172856,0.42201171875,221,True,True,1050.0,
ow-0723,ow,data/external/dartis/raw/ow/ow-0723.jpg,data/external/dartis/cache/positive/ow-0723.jpg,filesystem,data/external/dartis,,True,True,False,72,0.00017578125,157,True,True,1070.0,
ow-0724,ow,data/external/dartis/raw/ow/ow-0724.jpg,data/derived/v06_water_masks/land/ow/ow-0724.png,metadata,data/metadata/v06_dartis_water_masks.csv,land_mask_path,True,True,True,0,0.0,1,False,False,175.0,
ow-0725,ow,data/external/dartis/raw/ow/ow-0725.jpg,data/external/dartis/cache/positive/ow-0725.jpg,filesystem,data/external/dartis,,True,True,False,324527,0.79230224609375,253,True,True,1050.0,
ow-0726,ow,data/external/dartis/raw/ow/ow-0726.jpg,data/derived/v06_water_masks/land/ow/ow-0726.png,metadata,data/metadata/v06_dartis_water_masks.csv,land_mask_path,True,True,True,0,0.0,1,False,False,175.0,
ow-0727,ow,data/external/dartis/raw/ow/ow-0727.jpg,data/external/dartis/cache/positive/ow-0727.jpg,filesystem,data/external/dartis,,True,True,False,320368,0.7821484375,253,True,True,1050.0,
ow-0728,ow,data/external/dartis/raw/ow/ow-0728.jpg,data/derived/v06_water_masks/land/ow/ow-0728.png,metadata,data/metadata/v06_dartis_water_masks.csv,land_mask_path,True,True,True,0,0.0,1,False,False,175.0,
ow-0729,ow,data/external/dartis/raw/ow/ow-0729.jpg,data/external/dartis/cache/positive/ow-0729.jpg,filesystem,data/external/dartis,,True,True,False,56344,0.13755859375,166,True,True,1070.0,
ow-0730,ow,data/external/dartis/raw/ow/ow-0730.jpg,data/derived/v06_water_masks/land/ow/ow-0730.png,metadata,data/metadata/v06_dartis_water_masks.csv,land_mask_path,True,True,True,0,0.0,1,False,False,175.0,
ow-0731,ow,data/external/dartis/raw/ow/ow-0731.jpg,data/derived/v06_water_masks/land/ow/ow-0731.png,metadata,data/metadata/v06_dartis_water_masks.csv,land_mask_path,True,True,True,0,0.0,1,False,False,175.0,
ow-0732,ow,data/external/dartis/raw/ow/ow-0732.jpg,data/external/dartis/cache/positive/ow-0732.jpg,filesystem,data/external/dartis,,True,True,False,232125,0.56671142578125,236,True,True,1050.0,
ow-0733,ow,data/external/dartis/raw/ow/ow-0733.jpg,data/derived/v06_water_masks/land/ow/ow-0733.png,metadata,data/metadata/v06_dartis_water_masks.csv,land_mask_path,True,True,True,0,0.0,1,False,False,175.0,
ow-0734,ow,data/external/dartis/raw/ow/ow-0734.jpg,data/external/dartis/cache/positive/ow-0734.jpg,filesystem,data/external/dartis,,True,True,False,233620,0.570361328125,237,True,True,1050.0,
ow-0735,ow,data/external/dartis/raw/ow/ow-0735.jpg,data/external/dartis/cache/positive/ow-0735.jpg,filesystem,data/external/dartis,,True,True,False,312181,0.76216064453125,252,True,True,1050.0,
ow-0736,ow,data/external/dartis/raw/ow/ow-0736.jpg,data/derived/v06_water_masks/land/ow/ow-0736.png,metadata,data/metadata/v06_dartis_water_masks.csv,land_mask_path,True,True,True,0,0.0,1,False,False,175.0,
ow-0737,ow,data/external/dartis/raw/ow/ow-0737.jpg,data/derived/v06_water_masks/land/ow/ow-0737.png,metadata,data/metadata/v06_dartis_water_masks.csv,land_mask_path,True,True,True,0,0.0,1,False,False,175.0,
ow-0738,ow,data/external/dartis/raw/ow/ow-0738.jpg,data/derived/v06_water_masks/land/ow/ow-0738.png,metadata,data/metadata/v06_dartis_water_masks.csv,land_mask_path,True,True,True,0,0.0,1,False,False,175.0,
ow-0739,ow,data/external/dartis/raw/ow/ow-0739.jpg,data/external/dartis/cache/positive/ow-0739.jpg,filesystem,data/external/dartis,,True,True,False,296511,0.72390380859375,256,True,True,1050.0,
ow-0740,ow,data/external/dartis/raw/ow/ow-0740.jpg,data/external/dartis/cache/positive/ow-0740.jpg,filesystem,data/external/dartis,,True,True,False,291323,0.71123779296875,249,True,True,1050.0,
ow-0741,ow,data/external/dartis/raw/ow/ow-0741.jpg,data/external/dartis/cache/positive/ow-0741.jpg,filesystem,data/external/dartis,,True,True,False,320265,0.78189697265625,254,True,True,1050.0,
ow-0742,ow,data/external/dartis/raw/ow/ow-0742.jpg,data/external/dartis/cache/positive/ow-0742.jpg,filesystem,data/external/dartis,,True,True,False,72698,0.1774853515625,240,True,True,1070.0,
ow-0743,ow,data/external/dartis/raw/ow/ow-0743.jpg,data/derived/v06_water_masks/land/ow/ow-0743.png,metadata,data/metadata/v06_dartis_water_masks.csv,land_mask_path,True,True,True,0,0.0,1,False,False,175.0,
ow-0744,ow,data/external/dartis/raw/ow/ow-0744.jpg,data/derived/v06_water_masks/land/ow/ow-0744.png,metadata,data/metadata/v06_dartis_water_masks.csv,land_mask_path,True,True,True,0,0.0,1,False,False,175.0,
ow-0745,ow,data/external/dartis/raw/ow/ow-0745.jpg,data/derived/v06_water_masks/land/ow/ow-0745.png,metadata,data/metadata/v06_dartis_water_masks.csv,land_mask_path,True,True,True,0,0.0,1,False,False,175.0,
ow-0746,ow,data/external/dartis/raw/ow/ow-0746.jpg,data/derived/v06_water_masks/land/ow/ow-0746.png,metadata,data/metadata/v06_dartis_water_masks.csv,land_mask_path,True,True,True,0,0.0,1,False,False,175.0,
ow-0747,ow,data/external/dartis/raw/ow/ow-0747.jpg,data/derived/v06_water_masks/land/ow/ow-0747.png,metadata,data/metadata/v06_dartis_water_masks.csv,land_mask_path,True,True,True,0,0.0,1,False,False,175.0,
ow-0748,ow,data/external/dartis/raw/ow/ow-0748.jpg,data/external/dartis/cache/positive/ow-0748.jpg,filesystem,data/external/dartis,,True,True,False,314812,0.768583984375,256,True,True,1050.0,
ow-0749,ow,data/external/dartis/raw/ow/ow-0749.jpg,data/derived/v06_water_masks/land/ow/ow-0749.png,metadata,data/metadata/v06_dartis_water_masks.csv,land_mask_path,True,True,True,0,0.0,1,False,False,175.0,
ow-0750,ow,data/external/dartis/raw/ow/ow-0750.jpg,data/derived/v06_water_masks/land/ow/ow-0750.png,metadata,data/metadata/v06_dartis_water_masks.csv,land_mask_path,True,True,True,0,0.0,1,False,False,175.0,
ow-0751,ow,data/external/dartis/raw/ow/ow-0751.jpg,data/derived/v06_water_masks/land/ow/ow-0751.png,metadata,data/metadata/v06_dartis_water_masks.csv,land_mask_path,True,True,True,0,0.0,1,False,False,175.0,
ow-0752,ow,data/external/dartis/raw/ow/ow-0752.jpg,data/derived/v06_water_masks/land/ow/ow-0752.png,metadata,data/metadata/v06_dartis_water_masks.csv,land_mask_path,True,True,True,0,0.0,1,False,False,175.0,
ow-0753,ow,data/external/dartis/raw/ow/ow-0753.jpg,data/derived/v06_water_masks/land/ow/ow-0753.png,metadata,data/metadata/v06_dartis_water_masks.csv,land_mask_path,True,True,True,0,0.0,1,False,False,175.0,
ow-0754,ow,data/external/dartis/raw/ow/ow-0754.jpg,data/external/dartis/cache/positive/ow-0754.jpg,filesystem,data/external/dartis,,True,True,False,310,0.0007568359375,198,True,True,1070.0,
ow-0755,ow,data/external/dartis/raw/ow/ow-0755.jpg,data/derived/v06_water_masks/land/ow/ow-0755.png,metadata,data/metadata/v06_dartis_water_masks.csv,land_mask_path,True,True,True,0,0.0,1,False,False,175.0,
ow-0756,ow,data/external/dartis/raw/ow/ow-0756.jpg,data/derived/v06_water_masks/land/ow/ow-0756.png,metadata,data/metadata/v06_dartis_water_masks.csv,land_mask_path,True,True,True,0,0.0,1,False,False,175.0,
ow-0757,ow,data/external/dartis/raw/ow/ow-0757.jpg,data/derived/v06_water_masks/land/ow/ow-0757.png,metadata,data/metadata/v06_dartis_water_masks.csv,land_mask_path,True,True,True,0,0.0,1,False,False,175.0,
ow-0758,ow,data/external/dartis/raw/ow/ow-0758.jpg,data/derived/v06_water_masks/land/ow/ow-0758.png,metadata,data/metadata/v06_dartis_water_masks.csv,land_mask_path,True,True,True,0,0.0,1,False,False,175.0,
ow-0759,ow,data/external/dartis/raw/ow/ow-0759.jpg,data/derived/v06_water_masks/land/ow/ow-0759.png,metadata,data/metadata/v06_dartis_water_masks.csv,land_mask_path,True,True,True,0,0.0,1,False,False,175.0,
ow-0760,ow,data/external/dartis/raw/ow/ow-0760.jpg,data/derived/v06_water_masks/land/ow/ow-0760.png,metadata,data/metadata/v06_dartis_water_masks.csv,land_mask_path,True,True,True,0,0.0,1,False,False,175.0,
ow-0761,ow,data/external/dartis/raw/ow/ow-0761.jpg,data/derived/v06_water_masks/land/ow/ow-0761.png,metadata,data/metadata/v06_dartis_water_masks.csv,land_mask_path,True,True,True,0,0.0,1,False,False,175.0,
ow-0762,ow,data/external/dartis/raw/ow/ow-0762.jpg,data/external/dartis/cache/positive/ow-0762.jpg,filesystem,data/external/dartis,,True,True,False,4738,0.00027777614924165585,253,True,True,1070.0,
ow-0763,ow,data/external/dartis/raw/ow/ow-0763.jpg,data/external/dartis/cache/positive/ow-0763.jpg,filesystem,data/external/dartis,,True,True,False,296844,0.724716796875,251,True,True,1050.0,
ow-0764,ow,data/external/dartis/raw/ow/ow-0764.jpg,data/derived/v06_water_masks/land/ow/ow-0764.png,metadata,data/metadata/v06_dartis_water_masks.csv,land_mask_path,True,True,True,0,0.0,1,False,False,175.0,
ow-0765,ow,data/external/dartis/raw/ow/ow-0765.jpg,data/external/dartis/cache/positive/ow-0765.jpg,filesystem,data/external/dartis,,True,True,False,291423,0.71148193359375,242,True,True,1050.0,
ow-0766,ow,data/external/dartis/raw/ow/ow-0766.jpg,data/derived/v06_water_masks/land/ow/ow-0766.png,metadata,data/metadata/v06_dartis_water_masks.csv,land_mask_path,True,True,True,0,0.0,1,False,False,175.0,
ow-0767,ow,data/external/dartis/raw/ow/ow-0767.jpg,data/external/dartis/cache/positive/ow-0767.jpg,filesystem,data/external/dartis,,True,True,False,28710,0.0700927734375,249,True,True,1070.0,
ow-0768,ow,data/external/dartis/raw/ow/ow-0768.jpg,data/external/dartis/cache/positive/ow-0768.jpg,filesystem,data/external/dartis,,True,True,False,291934,0.7127294921875,256,True,True,1050.0,
ow-0769,ow,data/external/dartis/raw/ow/ow-0769.jpg,data/external/dartis/cache/positive/ow-0769.jpg,filesystem,data/external/dartis,,True,True,False,1016,0.00248046875,217,True,True,1070.0,
ow-0770,ow,data/external/dartis/raw/ow/ow-0770.jpg,data/external/dartis/cache/positive/ow-0770.jpg,filesystem,data/external/dartis,,True,True,False,88,0.00021484375,186,True,True,1070.0,
ow-0771,ow,data/external/dartis/raw/ow/ow-0771.jpg,data/derived/v06_water_masks/land/ow/ow-0771.png,metadata,data/metadata/v06_dartis_water_masks.csv,land_mask_path,True,True,True,0,0.0,1,False,False,175.0,
ow-0772,ow,data/external/dartis/raw/ow/ow-0772.jpg,data/derived/v06_water_masks/land/ow/ow-0772.png,metadata,data/metadata/v06_dartis_water_masks.csv,land_mask_path,True,True,True,0,0.0,1,False,False,175.0,
ow-0773,ow,data/external/dartis/raw/ow/ow-0773.jpg,data/derived/v06_water_masks/land/ow/ow-0773.png,metadata,data/metadata/v06_dartis_water_masks.csv,land_mask_path,True,True,True,0,0.0,1,False,False,175.0,
ow-0774,ow,data/external/dartis/raw/ow/ow-0774.jpg,data/derived/v06_water_masks/land/ow/ow-0774.png,metadata,data/metadata/v06_dartis_water_masks.csv,land_mask_path,True,True,True,0,0.0,1,False,False,175.0,
ow-0775,ow,data/external/dartis/raw/ow/ow-0775.jpg,data/external/dartis/cache/positive/ow-0775.jpg,filesystem,data/external/dartis,,True,True,False,32199,0.07861083984375,158,True,True,1070.0,
ow-0776,ow,data/external/dartis/raw/ow/ow-0776.jpg,data/derived/v06_water_masks/land/ow/ow-0776.png,metadata,data/metadata/v06_dartis_water_masks.csv,land_mask_path,True,True,True,0,0.0,1,False,False,175.0,
ow-0777,ow,data/external/dartis/raw/ow/ow-0777.jpg,data/derived/v06_water_masks/land/ow/ow-0777.png,metadata,data/metadata/v06_dartis_water_masks.csv,land_mask_path,True,True,True,0,0.0,1,False,False,175.0,
ow-0778,ow,data/external/dartis/raw/ow/ow-0778.jpg,data/derived/v06_water_masks/land/ow/ow-0778.png,metadata,data/metadata/v06_dartis_water_masks.csv,land_mask_path,True,True,True,0,0.0,1,False,False,175.0,
ow-0779,ow,data/external/dartis/raw/ow/ow-0779.jpg,data/external/dartis/cache/positive/ow-0779.jpg,filesystem,data/external/dartis,,True,True,False,47,0.00011474609375,162,True,True,1070.0,
ow-0780,ow,data/external/dartis/raw/ow/ow-0780.jpg,data/derived/v06_water_masks/land/ow/ow-0780.png,metadata,data/metadata/v06_dartis_water_masks.csv,land_mask_path,True,True,True,0,0.0,1,False,False,175.0,
ow-0781,ow,data/external/dartis/raw/ow/ow-0781.jpg,data/derived/v06_water_masks/land/ow/ow-0781.png,metadata,data/metadata/v06_dartis_water_masks.csv,land_mask_path,True,True,True,0,0.0,1,False,False,175.0,
ow-0782,ow,data/external/dartis/raw/ow/ow-0782.jpg,data/derived/v06_water_masks/land/ow/ow-0782.png,metadata,data/metadata/v06_dartis_water_masks.csv,land_mask_path,True,True,True,0,0.0,1,False,False,175.0,
ow-0783,ow,data/external/dartis/raw/ow/ow-0783.jpg,data/derived/v06_water_masks/land/ow/ow-0783.png,metadata,data/metadata/v06_dartis_water_masks.csv,land_mask_path,True,True,True,0,0.0,1,False,False,175.0,
ow-0784,ow,data/external/dartis/raw/ow/ow-0784.jpg,data/external/dartis/cache/positive/ow-0784.jpg,filesystem,data/external/dartis,,True,True,False,951,0.00232177734375,234,True,True,1070.0,
ow-0785,ow,data/external/dartis/raw/ow/ow-0785.jpg,data/external/dartis/cache/positive/ow-0785.jpg,filesystem,data/external/dartis,,True,True,False,822,0.0020068359375,197,True,True,1070.0,
ow-0786,ow,data/external/dartis/raw/ow/ow-0786.jpg,data/derived/v06_water_masks/land/ow/ow-0786.png,metadata,data/metadata/v06_dartis_water_masks.csv,land_mask_path,True,True,True,0,0.0,1,False,False,175.0,
ow-0787,ow,data/external/dartis/raw/ow/ow-0787.jpg,data/external/dartis/cache/positive/ow-0787.jpg,filesystem,data/external/dartis,,True,True,False,898783,0.7307885884894555,256,True,True,1050.0,
ow-0788,ow,data/external/dartis/raw/ow/ow-0788.jpg,data/derived/v06_water_masks/land/ow/ow-0788.png,metadata,data/metadata/v06_dartis_water_masks.csv,land_mask_path,True,True,True,0,0.0,1,False,False,175.0,
ow-0789,ow,data/external/dartis/raw/ow/ow-0789.jpg,data/external/dartis/cache/positive/ow-0789.jpg,filesystem,data/external/dartis,,True,True,False,6630,0.0161865234375,181,True,True,1070.0,
ow-0790,ow,data/external/dartis/raw/ow/ow-0790.jpg,data/derived/v06_water_masks/land/ow/ow-0790.png,metadata,data/metadata/v06_dartis_water_masks.csv,land_mask_path,True,True,True,0,0.0,1,False,False,175.0,
ow-0791,ow,data/external/dartis/raw/ow/ow-0791.jpg,data/external/dartis/cache/positive/ow-0791.jpg,filesystem,data/external/dartis,,True,True,False,36288,0.08859375,211,True,True,1070.0,
ow-0792,ow,data/external/dartis/raw/ow/ow-0792.jpg,data/external/dartis/cache/positive/ow-0792.jpg,filesystem,data/external/dartis,,True,True,False,116933,0.28548095703125,230,True,True,1050.0,
ow-0793,ow,data/external/dartis/raw/ow/ow-0793.jpg,data/derived/v06_water_masks/land/ow/ow-0793.png,metadata,data/metadata/v06_dartis_water_masks.csv,land_mask_path,True,True,True,0,0.0,1,False,False,175.0,
ow-0794,ow,data/external/dartis/raw/ow/ow-0794.jpg,data/derived/v06_water_masks/land/ow/ow-0794.png,metadata,data/metadata/v06_dartis_water_masks.csv,land_mask_path,True,True,True,0,0.0,1,False,False,175.0,
ow-0795,ow,data/external/dartis/raw/ow/ow-0795.jpg,data/external/dartis/cache/positive/ow-0795.jpg,filesystem,data/external/dartis,,True,True,False,311,0.00075927734375,213,True,True,1070.0,
ow-0796,ow,data/external/dartis/raw/ow/ow-0796.jpg,data/derived/v06_water_masks/land/ow/ow-0796.png,metadata,data/metadata/v06_dartis_water_masks.csv,land_mask_path,True,True,True,0,0.0,1,False,False,175.0,
ow-0797,ow,data/external/dartis/raw/ow/ow-0797.jpg,data/derived/v06_water_masks/land/ow/ow-0797.png,metadata,data/metadata/v06_dartis_water_masks.csv,land_mask_path,True,True,True,0,0.0,1,False,False,175.0,
ow-0798,ow,data/external/dartis/raw/ow/ow-0798.jpg,data/derived/v06_water_masks/land/ow/ow-0798.png,metadata,data/metadata/v06_dartis_water_masks.csv,land_mask_path,True,True,True,0,0.0,1,False,False,175.0,
ow-0799,ow,data/external/dartis/raw/ow/ow-0799.jpg,data/derived/v06_water_masks/land/ow/ow-0799.png,metadata,data/metadata/v06_dartis_water_masks.csv,land_mask_path,True,True,True,0,0.0,1,False,False,175.0,
ow-0800,ow,data/external/dartis/raw/ow/ow-0800.jpg,data/derived/v06_water_masks/land/ow/ow-0800.png,metadata,data/metadata/v06_dartis_water_masks.csv,land_mask_path,True,True,True,0,0.0,1,False,False,175.0,
ow-0801,ow,data/external/dartis/raw/ow/ow-0801.jpg,data/derived/v06_water_masks/land/ow/ow-0801.png,metadata,data/metadata/v06_dartis_water_masks.csv,land_mask_path,True,True,True,0,0.0,1,False,False,175.0,
ow-0802,ow,data/external/dartis/raw/ow/ow-0802.jpg,data/external/dartis/cache/positive/ow-0802.jpg,filesystem,data/external/dartis,,True,True,False,718,0.0017529296875,248,True,True,1070.0,
ow-0803,ow,data/external/dartis/raw/ow/ow-0803.jpg,data/derived/v06_water_masks/land/ow/ow-0803.png,metadata,data/metadata/v06_dartis_water_masks.csv,land_mask_path,True,True,True,0,0.0,1,False,False,175.0,
ow-0804,ow,data/external/dartis/raw/ow/ow-0804.jpg,data/derived/v06_water_masks/land/ow/ow-0804.png,metadata,data/metadata/v06_dartis_water_masks.csv,land_mask_path,True,True,True,0,0.0,1,False,False,175.0,
ow-0805,ow,data/external/dartis/raw/ow/ow-0805.jpg,data/derived/v06_water_masks/land/ow/ow-0805.png,metadata,data/metadata/v06_dartis_water_masks.csv,land_mask_path,True,True,True,0,0.0,1,False,False,175.0,
ow-0806,ow,data/external/dartis/raw/ow/ow-0806.jpg,data/external/dartis/cache/positive/ow-0806.jpg,filesystem,data/external/dartis,,True,True,False,311570,0.7606689453125,256,True,True,1050.0,
ow-0807,ow,data/external/dartis/raw/ow/ow-0807.jpg,data/derived/v06_water_masks/land/ow/ow-0807.png,metadata,data/metadata/v06_dartis_water_masks.csv,land_mask_path,True,True,True,0,0.0,1,False,False,175.0,
ow-0808,ow,data/external/dartis/raw/ow/ow-0808.jpg,data/external/dartis/cache/positive/ow-0808.jpg,filesystem,data/external/dartis,,True,True,False,244815,0.59769287109375,251,True,True,1050.0,
ow-0809,ow,data/external/dartis/raw/ow/ow-0809.jpg,data/external/dartis/cache/positive/ow-0809.jpg,filesystem,data/external/dartis,,True,True,False,11227,0.02740966796875,246,True,True,1070.0,
ow-0810,ow,data/external/dartis/raw/ow/ow-0810.jpg,data/external/dartis/cache/positive/ow-0810.jpg,filesystem,data/external/dartis,,True,True,False,263620,0.643603515625,252,True,True,1050.0,
ow-0811,ow,data/external/dartis/raw/ow/ow-0811.jpg,data/derived/v06_water_masks/land/ow/ow-0811.png,metadata,data/metadata/v06_dartis_water_masks.csv,land_mask_path,True,True,True,0,0.0,1,False,False,175.0,
ow-0812,ow,data/external/dartis/raw/ow/ow-0812.jpg,data/derived/v06_water_masks/land/ow/ow-0812.png,metadata,data/metadata/v06_dartis_water_masks.csv,land_mask_path,True,True,True,0,0.0,1,False,False,175.0,
ow-0813,ow,data/external/dartis/raw/ow/ow-0813.jpg,data/external/dartis/cache/positive/ow-0813.jpg,filesystem,data/external/dartis,,True,True,False,4151,0.01013427734375,172,True,True,1070.0,
ow-0814,ow,data/external/dartis/raw/ow/ow-0814.jpg,data/derived/v06_water_masks/land/ow/ow-0814.png,metadata,data/metadata/v06_dartis_water_masks.csv,land_mask_path,True,True,True,0,0.0,1,False,False,175.0,
ow-0815,ow,data/external/dartis/raw/ow/ow-0815.jpg,data/external/dartis/cache/positive/ow-0815.jpg,filesystem,data/external/dartis,,True,True,False,248368,0.6063671875,240,True,True,1050.0,
ow-0816,ow,data/external/dartis/raw/ow/ow-0816.jpg,data/external/dartis/cache/positive/ow-0816.jpg,filesystem,data/external/dartis,,True,True,False,148458,0.3624462890625,217,True,True,1050.0,
ow-0817,ow,data/external/dartis/raw/ow/ow-0817.jpg,data/external/dartis/cache/positive/ow-0817.jpg,filesystem,data/external/dartis,,True,True,False,256380,0.625927734375,235,True,True,1050.0,
ow-0818,ow,data/external/dartis/raw/ow/ow-0818.jpg,data/external/dartis/cache/positive/ow-0818.jpg,filesystem,data/external/dartis,,True,True,False,249196,0.608388671875,250,True,True,1050.0,
ow-0819,ow,data/external/dartis/raw/ow/ow-0819.jpg,data/external/dartis/cache/positive/ow-0819.jpg,filesystem,data/external/dartis,,True,True,False,353,0.00086181640625,246,True,True,1070.0,
ow-0820,ow,data/external/dartis/raw/ow/ow-0820.jpg,data/external/dartis/cache/positive/ow-0820.jpg,filesystem,data/external/dartis,,True,True,False,7423,0.01812255859375,204,True,True,1070.0,
ow-0821,ow,data/external/dartis/raw/ow/ow-0821.jpg,data/external/dartis/cache/positive/ow-0821.jpg,filesystem,data/external/dartis,,True,True,False,313,0.00076416015625,241,True,True,1070.0,
ow-0822,ow,data/external/dartis/raw/ow/ow-0822.jpg,data/derived/v06_water_masks/land/ow/ow-0822.png,metadata,data/metadata/v06_dartis_water_masks.csv,land_mask_path,True,True,True,0,0.0,1,False,False,175.0,
ow-0823,ow,data/external/dartis/raw/ow/ow-0823.jpg,data/derived/v06_water_masks/land/ow/ow-0823.png,metadata,data/metadata/v06_dartis_water_masks.csv,land_mask_path,True,True,True,0,0.0,1,False,False,175.0,
ow-0824,ow,data/external/dartis/raw/ow/ow-0824.jpg,data/derived/v06_water_masks/land/ow/ow-0824.png,metadata,data/metadata/v06_dartis_water_masks.csv,land_mask_path,True,True,True,0,0.0,1,False,False,175.0,
ow-0825,ow,data/external/dartis/raw/ow/ow-0825.jpg,data/derived/v06_water_masks/land/ow/ow-0825.png,metadata,data/metadata/v06_dartis_water_masks.csv,land_mask_path,True,True,True,0,0.0,1,False,False,175.0,
ow-0826,ow,data/external/dartis/raw/ow/ow-0826.jpg,data/external/dartis/cache/positive/ow-0826.jpg,filesystem,data/external/dartis,,True,True,False,326259,0.79653076171875,256,True,True,1050.0,
ow-0827,ow,data/external/dartis/raw/ow/ow-0827.jpg,data/external/dartis/cache/positive/ow-0827.jpg,filesystem,data/external/dartis,,True,True,False,5731369,0.6568064188007585,224,True,True,1050.0,
ow-0828,ow,data/external/dartis/raw/ow/ow-0828.jpg,data/external/dartis/cache/positive/ow-0828.jpg,filesystem,data/external/dartis,,True,True,False,494,0.0012060546875,247,True,True,1070.0,
ow-0829,ow,data/external/dartis/raw/ow/ow-0829.jpg,data/derived/v06_water_masks/land/ow/ow-0829.png,metadata,data/metadata/v06_dartis_water_masks.csv,land_mask_path,True,True,True,0,0.0,1,False,False,175.0,
ow-0830,ow,data/external/dartis/raw/ow/ow-0830.jpg,data/external/dartis/cache/positive/ow-0830.jpg,filesystem,data/external/dartis,,True,True,False,326,0.0007958984375,203,True,True,1070.0,
ow-0831,ow,data/external/dartis/raw/ow/ow-0831.jpg,data/external/dartis/cache/positive/ow-0831.jpg,filesystem,data/external/dartis,,True,True,False,432,0.0010546875,219,True,True,1070.0,
ow-0832,ow,data/external/dartis/raw/ow/ow-0832.jpg,data/external/dartis/cache/positive/ow-0832.jpg,filesystem,data/external/dartis,,True,True,False,79171,0.19328857421875,255,True,True,1070.0,
ow-0833,ow,data/external/dartis/raw/ow/ow-0833.jpg,data/derived/v06_water_masks/land/ow/ow-0833.png,metadata,data/metadata/v06_dartis_water_masks.csv,land_mask_path,True,True,True,0,0.0,1,False,False,175.0,
ow-0834,ow,data/external/dartis/raw/ow/ow-0834.jpg,data/external/dartis/cache/positive/ow-0834.jpg,filesystem,data/external/dartis,,True,True,False,373971,0.08561411139854856,255,True,True,1070.0,
ow-0835,ow,data/external/dartis/raw/ow/ow-0835.jpg,data/derived/v06_water_masks/land/ow/ow-0835.png,metadata,data/metadata/v06_dartis_water_masks.csv,land_mask_path,True,True,True,0,0.0,1,False,False,175.0,
ow-0836,ow,data/external/dartis/raw/ow/ow-0836.jpg,data/derived/v06_water_masks/land/ow/ow-0836.png,metadata,data/metadata/v06_dartis_water_masks.csv,land_mask_path,True,True,True,0,0.0,1,False,False,175.0,
ow-0837,ow,data/external/dartis/raw/ow/ow-0837.jpg,data/derived/v06_water_masks/land/ow/ow-0837.png,metadata,data/metadata/v06_dartis_water_masks.csv,land_mask_path,True,True,True,0,0.0,1,False,False,175.0,
ow-0838,ow,data/external/dartis/raw/ow/ow-0838.jpg,data/derived/v06_water_masks/land/ow/ow-0838.png,metadata,data/metadata/v06_dartis_water_masks.csv,land_mask_path,True,True,True,0,0.0,1,False,False,175.0,
ow-0839,ow,data/external/dartis/raw/ow/ow-0839.jpg,data/external/dartis/cache/positive/ow-0839.jpg,filesystem,data/external/dartis,,True,True,False,81,0.00019775390625,183,True,True,1070.0,
ow-0840,ow,data/external/dartis/raw/ow/ow-0840.jpg,data/derived/v06_water_masks/land/ow/ow-0840.png,metadata,data/metadata/v06_dartis_water_masks.csv,land_mask_path,True,True,True,0,0.0,1,False,False,175.0,
ow-0841,ow,data/external/dartis/raw/ow/ow-0841.jpg,data/derived/v06_water_masks/land/ow/ow-0841.png,metadata,data/metadata/v06_dartis_water_masks.csv,land_mask_path,True,True,True,0,0.0,1,False,False,175.0,
ow-0842,ow,data/external/dartis/raw/ow/ow-0842.jpg,data/derived/v06_water_masks/land/ow/ow-0842.png,metadata,data/metadata/v06_dartis_water_masks.csv,land_mask_path,True,True,True,0,0.0,1,False,False,175.0,
ow-0843,ow,data/external/dartis/raw/ow/ow-0843.jpg,data/derived/v06_water_masks/land/ow/ow-0843.png,metadata,data/metadata/v06_dartis_water_masks.csv,land_mask_path,True,True,True,0,0.0,1,False,False,175.0,
ow-0844,ow,data/external/dartis/raw/ow/ow-0844.jpg,data/derived/v06_water_masks/land/ow/ow-0844.png,metadata,data/metadata/v06_dartis_water_masks.csv,land_mask_path,True,True,True,0,0.0,1,False,False,175.0,
ow-0845,ow,data/external/dartis/raw/ow/ow-0845.jpg,data/derived/v06_water_masks/land/ow/ow-0845.png,metadata,data/metadata/v06_dartis_water_masks.csv,land_mask_path,True,True,True,0,0.0,1,False,False,175.0,
ow-0846,ow,data/external/dartis/raw/ow/ow-0846.jpg,data/derived/v06_water_masks/land/ow/ow-0846.png,metadata,data/metadata/v06_dartis_water_masks.csv,land_mask_path,True,True,True,0,0.0,1,False,False,175.0,
ow-0847,ow,data/external/dartis/raw/ow/ow-0847.jpg,data/derived/v06_water_masks/land/ow/ow-0847.png,metadata,data/metadata/v06_dartis_water_masks.csv,land_mask_path,True,True,True,0,0.0,1,False,False,175.0,
ow-0848,ow,data/external/dartis/raw/ow/ow-0848.jpg,data/external/dartis/cache/positive/ow-0848.jpg,filesystem,data/external/dartis,,True,True,False,295027,0.72028076171875,256,True,True,1050.0,
ow-0849,ow,data/external/dartis/raw/ow/ow-0849.jpg,data/derived/v06_water_masks/land/ow/ow-0849.png,metadata,data/metadata/v06_dartis_water_masks.csv,land_mask_path,True,True,True,0,0.0,1,False,False,175.0,
ow-0850,ow,data/external/dartis/raw/ow/ow-0850.jpg,data/external/dartis/cache/positive/ow-0850.jpg,filesystem,data/external/dartis,,True,True,False,8676549,0.7457333831488843,256,True,True,1050.0,
ow-0851,ow,data/external/dartis/raw/ow/ow-0851.jpg,data/external/dartis/cache/positive/ow-0851.jpg,filesystem,data/external/dartis,,True,True,False,322966,0.7884912109375,256,True,True,1050.0,
ow-0852,ow,data/external/dartis/raw/ow/ow-0852.jpg,data/derived/v06_water_masks/land/ow/ow-0852.png,metadata,data/metadata/v06_dartis_water_masks.csv,land_mask_path,True,True,True,0,0.0,1,False,False,175.0,
ow-0853,ow,data/external/dartis/raw/ow/ow-0853.jpg,data/derived/v06_water_masks/land/ow/ow-0853.png,metadata,data/metadata/v06_dartis_water_masks.csv,land_mask_path,True,True,True,0,0.0,1,False,False,175.0,
ow-0854,ow,data/external/dartis/raw/ow/ow-0854.jpg,data/external/dartis/cache/positive/ow-0854.jpg,filesystem,data/external/dartis,,True,True,False,253048,0.61779296875,249,True,True,1050.0,
ow-0855,ow,data/external/dartis/raw/ow/ow-0855.jpg,data/derived/v06_water_masks/land/ow/ow-0855.png,metadata,data/metadata/v06_dartis_water_masks.csv,land_mask_path,True,True,True,0,0.0,1,False,False,175.0,
ow-0856,ow,data/external/dartis/raw/ow/ow-0856.jpg,data/derived/v06_water_masks/land/ow/ow-0856.png,metadata,data/metadata/v06_dartis_water_masks.csv,land_mask_path,True,True,True,0,0.0,1,False,False,175.0,
ow-0857,ow,data/external/dartis/raw/ow/ow-0857.jpg,data/derived/v06_water_masks/land/ow/ow-0857.png,metadata,data/metadata/v06_dartis_water_masks.csv,land_mask_path,True,True,True,0,0.0,1,False,False,175.0,
ow-0858,ow,data/external/dartis/raw/ow/ow-0858.jpg,data/derived/v06_water_masks/land/ow/ow-0858.png,metadata,data/metadata/v06_dartis_water_masks.csv,land_mask_path,True,True,True,0,0.0,1,False,False,175.0,
ow-0859,ow,data/external/dartis/raw/ow/ow-0859.jpg,data/external/dartis/cache/positive/ow-0859.jpg,filesystem,data/external/dartis,,True,True,False,320520,0.78251953125,249,True,True,1050.0,
ow-0860,ow,data/external/dartis/raw/ow/ow-0860.jpg,data/external/dartis/cache/positive/ow-0860.jpg,filesystem,data/external/dartis,,True,True,False,230173,0.56194580078125,250,True,True,1050.0,
ow-0861,ow,data/external/dartis/raw/ow/ow-0861.jpg,data/external/dartis/cache/positive/ow-0861.jpg,filesystem,data/external/dartis,,True,True,False,87282,0.017028321617200862,234,True,True,1070.0,
ow-0862,ow,data/external/dartis/raw/ow/ow-0862.jpg,data/derived/v06_water_masks/land/ow/ow-0862.png,metadata,data/metadata/v06_dartis_water_masks.csv,land_mask_path,True,True,True,0,0.0,1,False,False,175.0,
ow-0863,ow,data/external/dartis/raw/ow/ow-0863.jpg,data/derived/v06_water_masks/land/ow/ow-0863.png,metadata,data/metadata/v06_dartis_water_masks.csv,land_mask_path,True,True,True,0,0.0,1,False,False,175.0,
ow-0864,ow,data/external/dartis/raw/ow/ow-0864.jpg,data/derived/v06_water_masks/land/ow/ow-0864.png,metadata,data/metadata/v06_dartis_water_masks.csv,land_mask_path,True,True,True,0,0.0,1,False,False,175.0,
ow-0865,ow,data/external/dartis/raw/ow/ow-0865.jpg,data/external/dartis/cache/positive/ow-0865.jpg,filesystem,data/external/dartis,,True,True,False,264,8.59092830512374e-05,189,True,True,1070.0,
ow-0866,ow,data/external/dartis/raw/ow/ow-0866.jpg,data/derived/v06_water_masks/land/ow/ow-0866.png,metadata,data/metadata/v06_dartis_water_masks.csv,land_mask_path,True,True,True,0,0.0,1,False,False,175.0,
ow-0867,ow,data/external/dartis/raw/ow/ow-0867.jpg,data/derived/v06_water_masks/land/ow/ow-0867.png,metadata,data/metadata/v06_dartis_water_masks.csv,land_mask_path,True,True,True,0,0.0,1,False,False,175.0,
ow-0868,ow,data/external/dartis/raw/ow/ow-0868.jpg,data/derived/v06_water_masks/land/ow/ow-0868.png,metadata,data/metadata/v06_dartis_water_masks.csv,land_mask_path,True,True,True,0,0.0,1,False,False,175.0,
ow-0869,ow,data/external/dartis/raw/ow/ow-0869.jpg,data/external/dartis/cache/positive/ow-0869.jpg,filesystem,data/external/dartis,,True,True,False,143,0.00034912109375,205,True,True,1070.0,
ow-0870,ow,data/external/dartis/raw/ow/ow-0870.jpg,data/external/dartis/cache/positive/ow-0870.jpg,filesystem,data/external/dartis,,True,True,False,325935,0.79573974609375,256,True,True,1050.0,
ow-0871,ow,data/external/dartis/raw/ow/ow-0871.jpg,data/external/dartis/cache/positive/ow-0871.jpg,filesystem,data/external/dartis,,True,True,False,1408,0.0034375,254,True,True,1070.0,
ow-0872,ow,data/external/dartis/raw/ow/ow-0872.jpg,data/derived/v06_water_masks/land/ow/ow-0872.png,metadata,data/metadata/v06_dartis_water_masks.csv,land_mask_path,True,True,True,0,0.0,1,False,False,175.0,
ow-0873,ow,data/external/dartis/raw/ow/ow-0873.jpg,data/external/dartis/cache/positive/ow-0873.jpg,filesystem,data/external/dartis,,True,True,False,190235,0.46444091796875,238,True,True,1050.0,
ow-0874,ow,data/external/dartis/raw/ow/ow-0874.jpg,data/external/dartis/cache/positive/ow-0874.jpg,filesystem,data/external/dartis,,True,True,False,1334,0.0032568359375,210,True,True,1070.0,
ow-0875,ow,data/external/dartis/raw/ow/ow-0875.jpg,data/external/dartis/cache/positive/ow-0875.jpg,filesystem,data/external/dartis,,True,True,False,26635,0.06502685546875,244,True,True,1070.0,
ow-0876,ow,data/external/dartis/raw/ow/ow-0876.jpg,data/derived/v06_water_masks/land/ow/ow-0876.png,metadata,data/metadata/v06_dartis_water_masks.csv,land_mask_path,True,True,True,0,0.0,1,False,False,175.0,
ow-0877,ow,data/external/dartis/raw/ow/ow-0877.jpg,data/derived/v06_water_masks/land/ow/ow-0877.png,metadata,data/metadata/v06_dartis_water_masks.csv,land_mask_path,True,True,True,0,0.0,1,False,False,175.0,
ow-0878,ow,data/external/dartis/raw/ow/ow-0878.jpg,data/derived/v06_water_masks/land/ow/ow-0878.png,metadata,data/metadata/v06_dartis_water_masks.csv,land_mask_path,True,True,True,0,0.0,1,False,False,175.0,
ow-0879,ow,data/external/dartis/raw/ow/ow-0879.jpg,data/external/dartis/cache/positive/ow-0879.jpg,filesystem,data/external/dartis,,True,True,False,380,0.00010638000055989474,236,True,True,1070.0,
ow-0880,ow,data/external/dartis/raw/ow/ow-0880.jpg,data/derived/v06_water_masks/land/ow/ow-0880.png,metadata,data/metadata/v06_dartis_water_masks.csv,land_mask_path,True,True,True,0,0.0,1,False,False,175.0,
ow-0881,ow,data/external/dartis/raw/ow/ow-0881.jpg,data/derived/v06_water_masks/land/ow/ow-0881.png,metadata,data/metadata/v06_dartis_water_masks.csv,land_mask_path,True,True,True,0,0.0,1,False,False,175.0,
ow-0882,ow,data/external/dartis/raw/ow/ow-0882.jpg,data/external/dartis/cache/positive/ow-0882.jpg,filesystem,data/external/dartis,,True,True,False,9968,0.0243359375,228,True,True,1070.0,
ow-0883,ow,data/external/dartis/raw/ow/ow-0883.jpg,data/derived/v06_water_masks/land/ow/ow-0883.png,metadata,data/metadata/v06_dartis_water_masks.csv,land_mask_path,True,True,True,0,0.0,1,False,False,175.0,
ow-0884,ow,data/external/dartis/raw/ow/ow-0884.jpg,data/external/dartis/cache/positive/ow-0884.jpg,filesystem,data/external/dartis,,True,True,False,10118,0.0247021484375,241,True,True,1070.0,
ow-0885,ow,data/external/dartis/raw/ow/ow-0885.jpg,data/external/dartis/cache/positive/ow-0885.jpg,filesystem,data/external/dartis,,True,True,False,292912,0.7151171875,256,True,True,1050.0,
ow-0886,ow,data/external/dartis/raw/ow/ow-0886.jpg,data/external/dartis/cache/positive/ow-0886.jpg,filesystem,data/external/dartis,,True,True,False,84,0.000205078125,176,True,True,1070.0,
ow-0887,ow,data/external/dartis/raw/ow/ow-0887.jpg,data/external/dartis/cache/positive/ow-0887.jpg,filesystem,data/external/dartis,,True,True,False,118,0.0002880859375,162,True,True,1070.0,
ow-0888,ow,data/external/dartis/raw/ow/ow-0888.jpg,data/derived/v06_water_masks/land/ow/ow-0888.png,metadata,data/metadata/v06_dartis_water_masks.csv,land_mask_path,True,True,True,0,0.0,1,False,False,175.0,
ow-0889,ow,data/external/dartis/raw/ow/ow-0889.jpg,data/derived/v06_water_masks/land/ow/ow-0889.png,metadata,data/metadata/v06_dartis_water_masks.csv,land_mask_path,True,True,True,0,0.0,1,False,False,175.0,
ow-0890,ow,data/external/dartis/raw/ow/ow-0890.jpg,data/external/dartis/cache/positive/ow-0890.jpg,filesystem,data/external/dartis,,True,True,False,3844,0.009384765625,238,True,True,1070.0,
ow-0891,ow,data/external/dartis/raw/ow/ow-0891.jpg,data/derived/v06_water_masks/land/ow/ow-0891.png,metadata,data/metadata/v06_dartis_water_masks.csv,land_mask_path,True,True,True,0,0.0,1,False,False,175.0,
ow-0892,ow,data/external/dartis/raw/ow/ow-0892.jpg,data/external/dartis/cache/positive/ow-0892.jpg,filesystem,data/external/dartis,,True,True,False,1024285,0.7598998754378038,256,True,True,1050.0,
ow-0893,ow,data/external/dartis/raw/ow/ow-0893.jpg,data/derived/v06_water_masks/land/ow/ow-0893.png,metadata,data/metadata/v06_dartis_water_masks.csv,land_mask_path,True,True,True,0,0.0,1,False,False,175.0,
ow-0894,ow,data/external/dartis/raw/ow/ow-0894.jpg,data/derived/v06_water_masks/land/ow/ow-0894.png,metadata,data/metadata/v06_dartis_water_masks.csv,land_mask_path,True,True,True,0,0.0,1,False,False,175.0,
ow-0895,ow,data/external/dartis/raw/ow/ow-0895.jpg,data/external/dartis/cache/positive/ow-0895.jpg,filesystem,data/external/dartis,,True,True,False,129,0.00031494140625,189,True,True,1070.0,
ow-0896,ow,data/external/dartis/raw/ow/ow-0896.jpg,data/derived/v06_water_masks/land/ow/ow-0896.png,metadata,data/metadata/v06_dartis_water_masks.csv,land_mask_path,True,True,True,0,0.0,1,False,False,175.0,
ow-0897,ow,data/external/dartis/raw/ow/ow-0897.jpg,data/derived/v06_water_masks/land/ow/ow-0897.png,metadata,data/metadata/v06_dartis_water_masks.csv,land_mask_path,True,True,True,0,0.0,1,False,False,175.0,
ow-0898,ow,data/external/dartis/raw/ow/ow-0898.jpg,data/derived/v06_water_masks/land/ow/ow-0898.png,metadata,data/metadata/v06_dartis_water_masks.csv,land_mask_path,True,True,True,0,0.0,1,False,False,175.0,
ow-0899,ow,data/external/dartis/raw/ow/ow-0899.jpg,data/derived/v06_water_masks/land/ow/ow-0899.png,metadata,data/metadata/v06_dartis_water_masks.csv,land_mask_path,True,True,True,0,0.0,1,False,False,175.0,
ow-0900,ow,data/external/dartis/raw/ow/ow-0900.jpg,data/derived/v06_water_masks/land/ow/ow-0900.png,metadata,data/metadata/v06_dartis_water_masks.csv,land_mask_path,True,True,True,0,0.0,1,False,False,175.0,
ow-0901,ow,data/external/dartis/raw/ow/ow-0901.jpg,data/external/dartis/cache/positive/ow-0901.jpg,filesystem,data/external/dartis,,True,True,False,15648,0.038203125,194,True,True,1070.0,
ow-0902,ow,data/external/dartis/raw/ow/ow-0902.jpg,data/derived/v06_water_masks/land/ow/ow-0902.png,metadata,data/metadata/v06_dartis_water_masks.csv,land_mask_path,True,True,True,0,0.0,1,False,False,175.0,
ow-0903,ow,data/external/dartis/raw/ow/ow-0903.jpg,data/derived/v06_water_masks/land/ow/ow-0903.png,metadata,data/metadata/v06_dartis_water_masks.csv,land_mask_path,True,True,True,0,0.0,1,False,False,175.0,
ow-0904,ow,data/external/dartis/raw/ow/ow-0904.jpg,data/derived/v06_water_masks/land/ow/ow-0904.png,metadata,data/metadata/v06_dartis_water_masks.csv,land_mask_path,True,True,True,0,0.0,1,False,False,175.0,
ow-0905,ow,data/external/dartis/raw/ow/ow-0905.jpg,data/external/dartis/cache/positive/ow-0905.jpg,filesystem,data/external/dartis,,True,True,False,684,0.001669921875,247,True,True,1070.0,
ow-0906,ow,data/external/dartis/raw/ow/ow-0906.jpg,data/derived/v06_water_masks/land/ow/ow-0906.png,metadata,data/metadata/v06_dartis_water_masks.csv,land_mask_path,True,True,True,0,0.0,1,False,False,175.0,
ow-0907,ow,data/external/dartis/raw/ow/ow-0907.jpg,data/external/dartis/cache/positive/ow-0907.jpg,filesystem,data/external/dartis,,True,True,False,19452886,0.7894424871159375,256,True,True,1050.0,
ow-0908,ow,data/external/dartis/raw/ow/ow-0908.jpg,data/external/dartis/cache/positive/ow-0908.jpg,filesystem,data/external/dartis,,True,True,False,70,0.0001708984375,174,True,True,1070.0,
ow-0909,ow,data/external/dartis/raw/ow/ow-0909.jpg,data/derived/v06_water_masks/land/ow/ow-0909.png,metadata,data/metadata/v06_dartis_water_masks.csv,land_mask_path,True,True,True,0,0.0,1,False,False,175.0,
ow-0910,ow,data/external/dartis/raw/ow/ow-0910.jpg,data/external/dartis/cache/positive/ow-0910.jpg,filesystem,data/external/dartis,,True,True,False,391,0.00095458984375,239,True,True,1070.0,
ow-0911,ow,data/external/dartis/raw/ow/ow-0911.jpg,data/derived/v06_water_masks/land/ow/ow-0911.png,metadata,data/metadata/v06_dartis_water_masks.csv,land_mask_path,True,True,True,0,0.0,1,False,False,175.0,
ow-0912,ow,data/external/dartis/raw/ow/ow-0912.jpg,data/derived/v06_water_masks/land/ow/ow-0912.png,metadata,data/metadata/v06_dartis_water_masks.csv,land_mask_path,True,True,True,0,0.0,1,False,False,175.0,
ow-0913,ow,data/external/dartis/raw/ow/ow-0913.jpg,data/derived/v06_water_masks/land/ow/ow-0913.png,metadata,data/metadata/v06_dartis_water_masks.csv,land_mask_path,True,True,True,0,0.0,1,False,False,175.0,
ow-0914,ow,data/external/dartis/raw/ow/ow-0914.jpg,data/derived/v06_water_masks/land/ow/ow-0914.png,metadata,data/metadata/v06_dartis_water_masks.csv,land_mask_path,True,True,True,0,0.0,1,False,False,175.0,
ow-0915,ow,data/external/dartis/raw/ow/ow-0915.jpg,data/external/dartis/cache/positive/ow-0915.jpg,filesystem,data/external/dartis,,True,True,False,326601,0.79736572265625,250,True,True,1050.0,
ow-0916,ow,data/external/dartis/raw/ow/ow-0916.jpg,data/external/dartis/cache/positive/ow-0916.jpg,filesystem,data/external/dartis,,True,True,False,316033,0.77156494140625,255,True,True,1050.0,
ow-0917,ow,data/external/dartis/raw/ow/ow-0917.jpg,data/derived/v06_water_masks/land/ow/ow-0917.png,metadata,data/metadata/v06_dartis_water_masks.csv,land_mask_path,True,True,True,0,0.0,1,False,False,175.0,
ow-0918,ow,data/external/dartis/raw/ow/ow-0918.jpg,data/external/dartis/cache/positive/ow-0918.jpg,filesystem,data/external/dartis,,True,True,False,239383,0.58443115234375,226,True,True,1050.0,
ow-0919,ow,data/external/dartis/raw/ow/ow-0919.jpg,data/external/dartis/cache/positive/ow-0919.jpg,filesystem,data/external/dartis,,True,True,False,319033,0.77888916015625,256,True,True,1050.0,
ow-0920,ow,data/external/dartis/raw/ow/ow-0920.jpg,data/derived/v06_water_masks/land/ow/ow-0920.png,metadata,data/metadata/v06_dartis_water_masks.csv,land_mask_path,True,True,True,0,0.0,1,False,False,175.0,
ow-0921,ow,data/external/dartis/raw/ow/ow-0921.jpg,data/derived/v06_water_masks/land/ow/ow-0921.png,metadata,data/metadata/v06_dartis_water_masks.csv,land_mask_path,True,True,True,0,0.0,1,False,False,175.0,
ow-0922,ow,data/external/dartis/raw/ow/ow-0922.jpg,data/external/dartis/cache/positive/ow-0922.jpg,filesystem,data/external/dartis,,True,True,False,80,0.0001953125,183,True,True,1070.0,
ow-0923,ow,data/external/dartis/raw/ow/ow-0923.jpg,data/derived/v06_water_masks/land/ow/ow-0923.png,metadata,data/metadata/v06_dartis_water_masks.csv,land_mask_path,True,True,True,0,0.0,1,False,False,175.0,
ow-0924,ow,data/external/dartis/raw/ow/ow-0924.jpg,data/external/dartis/cache/positive/ow-0924.jpg,filesystem,data/external/dartis,,True,True,False,303630,0.7412841796875,232,True,True,1050.0,
ow-0925,ow,data/external/dartis/raw/ow/ow-0925.jpg,data/external/dartis/cache/positive/ow-0925.jpg,filesystem,data/external/dartis,,True,True,False,327246,0.7989404296875,256,True,True,1050.0,
ow-0926,ow,data/external/dartis/raw/ow/ow-0926.jpg,data/external/dartis/cache/positive/ow-0926.jpg,filesystem,data/external/dartis,,True,True,False,220637,0.53866455078125,249,True,True,1050.0,
ow-0927,ow,data/external/dartis/raw/ow/ow-0927.jpg,data/external/dartis/cache/positive/ow-0927.jpg,filesystem,data/external/dartis,,True,True,False,324920,0.79326171875,251,True,True,1050.0,
ow-0928,ow,data/external/dartis/raw/ow/ow-0928.jpg,data/external/dartis/cache/positive/ow-0928.jpg,filesystem,data/external/dartis,,True,True,False,14128,0.0344921875,179,True,True,1070.0,
ow-0929,ow,data/external/dartis/raw/ow/ow-0929.jpg,data/external/dartis/cache/positive/ow-0929.jpg,filesystem,data/external/dartis,,True,True,False,1997062,0.28395172316519135,255,True,True,1050.0,
ow-0930,ow,data/external/dartis/raw/ow/ow-0930.jpg,data/derived/v06_water_masks/land/ow/ow-0930.png,metadata,data/metadata/v06_dartis_water_masks.csv,land_mask_path,True,True,True,0,0.0,1,False,False,175.0,
ow-0931,ow,data/external/dartis/raw/ow/ow-0931.jpg,data/derived/v06_water_masks/land/ow/ow-0931.png,metadata,data/metadata/v06_dartis_water_masks.csv,land_mask_path,True,True,True,0,0.0,1,False,False,175.0,
ow-0932,ow,data/external/dartis/raw/ow/ow-0932.jpg,data/external/dartis/cache/positive/ow-0932.jpg,filesystem,data/external/dartis,,True,True,False,362,0.0008837890625,240,True,True,1070.0,
ow-0933,ow,data/external/dartis/raw/ow/ow-0933.jpg,data/external/dartis/cache/positive/ow-0933.jpg,filesystem,data/external/dartis,,True,True,False,156,0.000380859375,210,True,True,1070.0,
ow-0934,ow,data/external/dartis/raw/ow/ow-0934.jpg,data/derived/v06_water_masks/land/ow/ow-0934.png,metadata,data/metadata/v06_dartis_water_masks.csv,land_mask_path,True,True,True,0,0.0,1,False,False,175.0,
ow-0935,ow,data/external/dartis/raw/ow/ow-0935.jpg,data/external/dartis/cache/positive/ow-0935.jpg,filesystem,data/external/dartis,,True,True,False,96369,0.23527587890625,209,True,True,1050.0,
ow-0936,ow,data/external/dartis/raw/ow/ow-0936.jpg,data/derived/v06_water_masks/land/ow/ow-0936.png,metadata,data/metadata/v06_dartis_water_masks.csv,land_mask_path,True,True,True,0,0.0,1,False,False,175.0,
ow-0937,ow,data/external/dartis/raw/ow/ow-0937.jpg,data/derived/v06_water_masks/land/ow/ow-0937.png,metadata,data/metadata/v06_dartis_water_masks.csv,land_mask_path,True,True,True,0,0.0,1,False,False,175.0,
ow-0938,ow,data/external/dartis/raw/ow/ow-0938.jpg,data/external/dartis/cache/positive/ow-0938.jpg,filesystem,data/external/dartis,,True,True,False,173133,0.42268798828125,253,True,True,1050.0,
ow-0939,ow,data/external/dartis/raw/ow/ow-0939.jpg,data/external/dartis/cache/positive/ow-0939.jpg,filesystem,data/external/dartis,,True,True,False,315356,0.769912109375,256,True,True,1050.0,
ow-0940,ow,data/external/dartis/raw/ow/ow-0940.jpg,data/derived/v06_water_masks/land/ow/ow-0940.png,metadata,data/metadata/v06_dartis_water_masks.csv,land_mask_path,True,True,True,0,0.0,1,False,False,175.0,
ow-0941,ow,data/external/dartis/raw/ow/ow-0941.jpg,data/external/dartis/cache/positive/ow-0941.jpg,filesystem,data/external/dartis,,True,True,False,326312,0.79666015625,256,True,True,1050.0,
ow-0942,ow,data/external/dartis/raw/ow/ow-0942.jpg,data/external/dartis/cache/positive/ow-0942.jpg,filesystem,data/external/dartis,,True,True,False,191193,0.46677978515625,252,True,True,1050.0,
ow-0943,ow,data/external/dartis/raw/ow/ow-0943.jpg,data/derived/v06_water_masks/land/ow/ow-0943.png,metadata,data/metadata/v06_dartis_water_masks.csv,land_mask_path,True,True,True,0,0.0,1,False,False,175.0,
ow-0944,ow,data/external/dartis/raw/ow/ow-0944.jpg,data/external/dartis/cache/positive/ow-0944.jpg,filesystem,data/external/dartis,,True,True,False,324928,0.79328125,256,True,True,1050.0,
ow-0945,ow,data/external/dartis/raw/ow/ow-0945.jpg,data/external/dartis/cache/positive/ow-0945.jpg,filesystem,data/external/dartis,,True,True,False,297441,0.72617431640625,256,True,True,1050.0,
ow-0946,ow,data/external/dartis/raw/ow/ow-0946.jpg,data/derived/v06_water_masks/land/ow/ow-0946.png,metadata,data/metadata/v06_dartis_water_masks.csv,land_mask_path,True,True,True,0,0.0,1,False,False,175.0,
ow-0947,ow,data/external/dartis/raw/ow/ow-0947.jpg,data/derived/v06_water_masks/land/ow/ow-0947.png,metadata,data/metadata/v06_dartis_water_masks.csv,land_mask_path,True,True,True,0,0.0,1,False,False,175.0,
ow-0948,ow,data/external/dartis/raw/ow/ow-0948.jpg,data/derived/v06_water_masks/land/ow/ow-0948.png,metadata,data/metadata/v06_dartis_water_masks.csv,land_mask_path,True,True,True,0,0.0,1,False,False,175.0,
ow-0949,ow,data/external/dartis/raw/ow/ow-0949.jpg,data/derived/v06_water_masks/land/ow/ow-0949.png,metadata,data/metadata/v06_dartis_water_masks.csv,land_mask_path,True,True,True,0,0.0,1,False,False,175.0,
ow-0950,ow,data/external/dartis/raw/ow/ow-0950.jpg,data/external/dartis/cache/positive/ow-0950.jpg,filesystem,data/external/dartis,,True,True,False,316517,0.77274658203125,256,True,True,1050.0,
ow-0951,ow,data/external/dartis/raw/ow/ow-0951.jpg,data/derived/v06_water_masks/land/ow/ow-0951.png,metadata,data/metadata/v06_dartis_water_masks.csv,land_mask_path,True,True,True,0,0.0,1,False,False,175.0,
ow-0952,ow,data/external/dartis/raw/ow/ow-0952.jpg,data/external/dartis/cache/positive/ow-0952.jpg,filesystem,data/external/dartis,,True,True,False,61257,0.14955322265625,241,True,True,1070.0,
ow-0953,ow,data/external/dartis/raw/ow/ow-0953.jpg,data/derived/v06_water_masks/land/ow/ow-0953.png,metadata,data/metadata/v06_dartis_water_masks.csv,land_mask_path,True,True,True,0,0.0,1,False,False,175.0,
ow-0954,ow,data/external/dartis/raw/ow/ow-0954.jpg,data/derived/v06_water_masks/land/ow/ow-0954.png,metadata,data/metadata/v06_dartis_water_masks.csv,land_mask_path,True,True,True,0,0.0,1,False,False,175.0,
ow-0955,ow,data/external/dartis/raw/ow/ow-0955.jpg,data/derived/v06_water_masks/land/ow/ow-0955.png,metadata,data/metadata/v06_dartis_water_masks.csv,land_mask_path,True,True,True,0,0.0,1,False,False,175.0,
ow-0956,ow,data/external/dartis/raw/ow/ow-0956.jpg,data/derived/v06_water_masks/land/ow/ow-0956.png,metadata,data/metadata/v06_dartis_water_masks.csv,land_mask_path,True,True,True,0,0.0,1,False,False,175.0,
ow-0957,ow,data/external/dartis/raw/ow/ow-0957.jpg,data/derived/v06_water_masks/land/ow/ow-0957.png,metadata,data/metadata/v06_dartis_water_masks.csv,land_mask_path,True,True,True,0,0.0,1,False,False,175.0,
ow-0958,ow,data/external/dartis/raw/ow/ow-0958.jpg,data/derived/v06_water_masks/land/ow/ow-0958.png,metadata,data/metadata/v06_dartis_water_masks.csv,land_mask_path,True,True,True,0,0.0,1,False,False,175.0,
ow-0959,ow,data/external/dartis/raw/ow/ow-0959.jpg,data/external/dartis/cache/positive/ow-0959.jpg,filesystem,data/external/dartis,,True,True,False,68,0.000166015625,175,True,True,1070.0,
ow-0960,ow,data/external/dartis/raw/ow/ow-0960.jpg,data/external/dartis/cache/positive/ow-0960.jpg,filesystem,data/external/dartis,,True,True,False,229474,0.5602392578125,256,True,True,1050.0,
ow-0961,ow,data/external/dartis/raw/ow/ow-0961.jpg,data/external/dartis/cache/positive/ow-0961.jpg,filesystem,data/external/dartis,,True,True,False,95,0.00023193359375,188,True,True,1070.0,
ow-0962,ow,data/external/dartis/raw/ow/ow-0962.jpg,data/derived/v06_water_masks/land/ow/ow-0962.png,metadata,data/metadata/v06_dartis_water_masks.csv,land_mask_path,True,True,True,0,0.0,1,False,False,175.0,
ow-0963,ow,data/external/dartis/raw/ow/ow-0963.jpg,data/external/dartis/cache/positive/ow-0963.jpg,filesystem,data/external/dartis,,True,True,False,262000,0.6396484375,252,True,True,1050.0,
ow-0964,ow,data/external/dartis/raw/ow/ow-0964.jpg,data/external/dartis/cache/positive/ow-0964.jpg,filesystem,data/external/dartis,,True,True,False,3630,0.0088623046875,239,True,True,1070.0,
ow-0965,ow,data/external/dartis/raw/ow/ow-0965.jpg,data/derived/v06_water_masks/land/ow/ow-0965.png,metadata,data/metadata/v06_dartis_water_masks.csv,land_mask_path,True,True,True,0,0.0,1,False,False,175.0,
ow-0966,ow,data/external/dartis/raw/ow/ow-0966.jpg,data/external/dartis/cache/positive/ow-0966.jpg,filesystem,data/external/dartis,,True,True,False,121392,0.2963671875,186,True,True,1050.0,
ow-0967,ow,data/external/dartis/raw/ow/ow-0967.jpg,data/external/dartis/cache/positive/ow-0967.jpg,filesystem,data/external/dartis,,True,True,False,141835,0.34627685546875,250,True,True,1050.0,
ow-0968,ow,data/external/dartis/raw/ow/ow-0968.jpg,data/external/dartis/cache/positive/ow-0968.jpg,filesystem,data/external/dartis,,True,True,False,106023,0.25884521484375,189,True,True,1050.0,
ow-0969,ow,data/external/dartis/raw/ow/ow-0969.jpg,data/derived/v06_water_masks/land/ow/ow-0969.png,metadata,data/metadata/v06_dartis_water_masks.csv,land_mask_path,True,True,True,0,0.0,1,False,False,175.0,
ow-0970,ow,data/external/dartis/raw/ow/ow-0970.jpg,data/derived/v06_water_masks/land/ow/ow-0970.png,metadata,data/metadata/v06_dartis_water_masks.csv,land_mask_path,True,True,True,0,0.0,1,False,False,175.0,
ow-0971,ow,data/external/dartis/raw/ow/ow-0971.jpg,data/external/dartis/cache/positive/ow-0971.jpg,filesystem,data/external/dartis,,True,True,False,316658,0.7730908203125,256,True,True,1050.0,
ow-0972,ow,data/external/dartis/raw/ow/ow-0972.jpg,data/derived/v06_water_masks/land/ow/ow-0972.png,metadata,data/metadata/v06_dartis_water_masks.csv,land_mask_path,True,True,True,0,0.0,1,False,False,175.0,
ow-0973,ow,data/external/dartis/raw/ow/ow-0973.jpg,data/derived/v06_water_masks/land/ow/ow-0973.png,metadata,data/metadata/v06_dartis_water_masks.csv,land_mask_path,True,True,True,0,0.0,1,False,False,175.0,
ow-0974,ow,data/external/dartis/raw/ow/ow-0974.jpg,data/derived/v06_water_masks/land/ow/ow-0974.png,metadata,data/metadata/v06_dartis_water_masks.csv,land_mask_path,True,True,True,0,0.0,1,False,False,175.0,
ow-0975,ow,data/external/dartis/raw/ow/ow-0975.jpg,data/derived/v06_water_masks/land/ow/ow-0975.png,metadata,data/metadata/v06_dartis_water_masks.csv,land_mask_path,True,True,True,0,0.0,1,False,False,175.0,
ow-0976,ow,data/external/dartis/raw/ow/ow-0976.jpg,data/derived/v06_water_masks/land/ow/ow-0976.png,metadata,data/metadata/v06_dartis_water_masks.csv,land_mask_path,True,True,True,0,0.0,1,False,False,175.0,
ow-0977,ow,data/external/dartis/raw/ow/ow-0977.jpg,data/derived/v06_water_masks/land/ow/ow-0977.png,metadata,data/metadata/v06_dartis_water_masks.csv,land_mask_path,True,True,True,0,0.0,1,False,False,175.0,
ow-0978,ow,data/external/dartis/raw/ow/ow-0978.jpg,data/derived/v06_water_masks/land/ow/ow-0978.png,metadata,data/metadata/v06_dartis_water_masks.csv,land_mask_path,True,True,True,0,0.0,1,False,False,175.0,
ow-0979,ow,data/external/dartis/raw/ow/ow-0979.jpg,data/derived/v06_water_masks/land/ow/ow-0979.png,metadata,data/metadata/v06_dartis_water_masks.csv,land_mask_path,True,True,True,0,0.0,1,False,False,175.0,
ow-0980,ow,data/external/dartis/raw/ow/ow-0980.jpg,data/derived/v06_water_masks/land/ow/ow-0980.png,metadata,data/metadata/v06_dartis_water_masks.csv,land_mask_path,True,True,True,0,0.0,1,False,False,175.0,
ow-0981,ow,data/external/dartis/raw/ow/ow-0981.jpg,data/derived/v06_water_masks/land/ow/ow-0981.png,metadata,data/metadata/v06_dartis_water_masks.csv,land_mask_path,True,True,True,0,0.0,1,False,False,175.0,
ow-0982,ow,data/external/dartis/raw/ow/ow-0982.jpg,data/derived/v06_water_masks/land/ow/ow-0982.png,metadata,data/metadata/v06_dartis_water_masks.csv,land_mask_path,True,True,True,0,0.0,1,False,False,175.0,
ow-0983,ow,data/external/dartis/raw/ow/ow-0983.jpg,data/derived/v06_water_masks/land/ow/ow-0983.png,metadata,data/metadata/v06_dartis_water_masks.csv,land_mask_path,True,True,True,0,0.0,1,False,False,175.0,
ow-0984,ow,data/external/dartis/raw/ow/ow-0984.jpg,data/derived/v06_water_masks/land/ow/ow-0984.png,metadata,data/metadata/v06_dartis_water_masks.csv,land_mask_path,True,True,True,0,0.0,1,False,False,175.0,
ow-0985,ow,data/external/dartis/raw/ow/ow-0985.jpg,data/derived/v06_water_masks/land/ow/ow-0985.png,metadata,data/metadata/v06_dartis_water_masks.csv,land_mask_path,True,True,True,0,0.0,1,False,False,175.0,
ow-0986,ow,data/external/dartis/raw/ow/ow-0986.jpg,data/derived/v06_water_masks/land/ow/ow-0986.png,metadata,data/metadata/v06_dartis_water_masks.csv,land_mask_path,True,True,True,0,0.0,1,False,False,175.0,
ow-0987,ow,data/external/dartis/raw/ow/ow-0987.jpg,data/external/dartis/cache/positive/ow-0987.jpg,filesystem,data/external/dartis,,True,True,False,196,0.000478515625,221,True,True,1070.0,
ow-0988,ow,data/external/dartis/raw/ow/ow-0988.jpg,data/derived/v06_water_masks/land/ow/ow-0988.png,metadata,data/metadata/v06_dartis_water_masks.csv,land_mask_path,True,True,True,0,0.0,1,False,False,175.0,
ow-0989,ow,data/external/dartis/raw/ow/ow-0989.jpg,data/external/dartis/cache/positive/ow-0989.jpg,filesystem,data/external/dartis,,True,True,False,257034,0.6275244140625,244,True,True,1050.0,
ow-0990,ow,data/external/dartis/raw/ow/ow-0990.jpg,data/derived/v06_water_masks/land/ow/ow-0990.png,metadata,data/metadata/v06_dartis_water_masks.csv,land_mask_path,True,True,True,0,0.0,1,False,False,175.0,
